[2022-05-31 17:41:43.010] [info] Loaded model subject1_withMTJ_locked_scaled_custom from file C:\Users\u0150099\Documents\master_thesis\3dpredictsim\OpenSimModel\subject1\Fal_s1_mtj_sc.osim
[2022-05-31 17:41:43.011] [warning] Couldn't find file 'sacrum.vtp'.
[2022-05-31 17:41:43.011] [warning] Couldn't find file 'pelvis.vtp'.
[2022-05-31 17:41:43.011] [warning] Couldn't find file 'l_pelvis.vtp'.
[2022-05-31 17:41:43.012] [warning] Couldn't find file 'femur_r.vtp'.
[2022-05-31 17:41:43.012] [warning] Couldn't find file 'tibia_r.vtp'.
[2022-05-31 17:41:43.012] [warning] Couldn't find file 'fibula_r.vtp'.
[2022-05-31 17:41:43.012] [warning] Couldn't find file 'talus_rv.vtp'.
[2022-05-31 17:41:43.012] [warning] Couldn't find file 'calcaneous_rv.vtp'.
[2022-05-31 17:41:43.012] [warning] Couldn't find file 'model_r_midfoot.stl'.
[2022-05-31 17:41:43.012] [warning] Couldn't find file 'model_r_forefoot.stl'.
[2022-05-31 17:41:43.012] [warning] Couldn't find file 'model_r_toes.stl'.
[2022-05-31 17:41:43.013] [warning] Couldn't find file 'femur_l.vtp'.
[2022-05-31 17:41:43.013] [warning] Couldn't find file 'tibia_l.vtp'.
[2022-05-31 17:41:43.013] [warning] Couldn't find file 'fibula_l.vtp'.
[2022-05-31 17:41:43.013] [warning] Couldn't find file 'talus_lv.vtp'.
[2022-05-31 17:41:43.013] [warning] Couldn't find file 'calcaneous_lv.vtp'.
[2022-05-31 17:41:43.013] [warning] Couldn't find file 'model_l_midfoot.stl'.
[2022-05-31 17:41:43.013] [warning] Couldn't find file 'model_l_forefoot.stl'.
[2022-05-31 17:41:43.013] [warning] Couldn't find file 'model_l_toes.stl'.
[2022-05-31 17:41:43.013] [warning] Couldn't find file 'hat_spine.vtp'.
[2022-05-31 17:41:43.013] [warning] Couldn't find file 'hat_jaw.vtp'.
[2022-05-31 17:41:43.013] [warning] Couldn't find file 'hat_skull.vtp'.
[2022-05-31 17:41:43.013] [warning] Couldn't find file 'hat_ribs_scap.vtp'.
[2022-05-31 17:41:43.013] [warning] Couldn't find file 'humerus_rv.vtp'.
[2022-05-31 17:41:43.014] [warning] Couldn't find file 'ulna_rv.vtp'.
[2022-05-31 17:41:43.014] [warning] Couldn't find file 'radius_rv.vtp'.
[2022-05-31 17:41:43.014] [warning] Couldn't find file 'pisiform_rvs.vtp'.
[2022-05-31 17:41:43.014] [warning] Couldn't find file 'lunate_rvs.vtp'.
[2022-05-31 17:41:43.014] [warning] Couldn't find file 'scaphoid_rvs.vtp'.
[2022-05-31 17:41:43.014] [warning] Couldn't find file 'triquetrum_rvs.vtp'.
[2022-05-31 17:41:43.014] [warning] Couldn't find file 'hamate_rvs.vtp'.
[2022-05-31 17:41:43.014] [warning] Couldn't find file 'capitate_rvs.vtp'.
[2022-05-31 17:41:43.014] [warning] Couldn't find file 'trapezoid_rvs.vtp'.
[2022-05-31 17:41:43.014] [warning] Couldn't find file 'trapezium_rvs.vtp'.
[2022-05-31 17:41:43.014] [warning] Couldn't find file 'metacarpal2_rvs.vtp'.
[2022-05-31 17:41:43.014] [warning] Couldn't find file 'index_proximal_rvs.vtp'.
[2022-05-31 17:41:43.014] [warning] Couldn't find file 'index_medial_rvs.vtp'.
[2022-05-31 17:41:43.014] [warning] Couldn't find file 'index_distal_rvs.vtp'.
[2022-05-31 17:41:43.015] [warning] Couldn't find file 'metacarpal3_rvs.vtp'.
[2022-05-31 17:41:43.015] [warning] Couldn't find file 'middle_proximal_rvs.vtp'.
[2022-05-31 17:41:43.015] [warning] Couldn't find file 'middle_medial_rvs.vtp'.
[2022-05-31 17:41:43.015] [warning] Couldn't find file 'middle_distal_rvs.vtp'.
[2022-05-31 17:41:43.015] [warning] Couldn't find file 'metacarpal4_rvs.vtp'.
[2022-05-31 17:41:43.015] [warning] Couldn't find file 'ring_proximal_rvs.vtp'.
[2022-05-31 17:41:43.015] [warning] Couldn't find file 'ring_medial_rvs.vtp'.
[2022-05-31 17:41:43.015] [warning] Couldn't find file 'ring_distal_rvs.vtp'.
[2022-05-31 17:41:43.015] [warning] Couldn't find file 'metacarpal5_rvs.vtp'.
[2022-05-31 17:41:43.015] [warning] Couldn't find file 'little_proximal_rvs.vtp'.
[2022-05-31 17:41:43.015] [warning] Couldn't find file 'little_medial_rvs.vtp'.
[2022-05-31 17:41:43.015] [warning] Couldn't find file 'little_distal_rvs.vtp'.
[2022-05-31 17:41:43.015] [warning] Couldn't find file 'metacarpal1_rvs.vtp'.
[2022-05-31 17:41:43.015] [warning] Couldn't find file 'thumb_proximal_rvs.vtp'.
[2022-05-31 17:41:43.016] [warning] Couldn't find file 'thumb_distal_rvs.vtp'.
[2022-05-31 17:41:43.016] [warning] Couldn't find file 'humerus_lv.vtp'.
[2022-05-31 17:41:43.016] [warning] Couldn't find file 'ulna_lv.vtp'.
[2022-05-31 17:41:43.016] [warning] Couldn't find file 'radius_lv.vtp'.
[2022-05-31 17:41:43.016] [warning] Couldn't find file 'pisiform_lvs.vtp'.
[2022-05-31 17:41:43.016] [warning] Couldn't find file 'lunate_lvs.vtp'.
[2022-05-31 17:41:43.016] [warning] Couldn't find file 'scaphoid_lvs.vtp'.
[2022-05-31 17:41:43.016] [warning] Couldn't find file 'triquetrum_lvs.vtp'.
[2022-05-31 17:41:43.016] [warning] Couldn't find file 'hamate_lvs.vtp'.
[2022-05-31 17:41:43.016] [warning] Couldn't find file 'capitate_lvs.vtp'.
[2022-05-31 17:41:43.016] [warning] Couldn't find file 'trapezoid_lvs.vtp'.
[2022-05-31 17:41:43.016] [warning] Couldn't find file 'trapezium_lvs.vtp'.
[2022-05-31 17:41:43.017] [warning] Couldn't find file 'metacarpal2_lvs.vtp'.
[2022-05-31 17:41:43.017] [warning] Couldn't find file 'index_proximal_lvs.vtp'.
[2022-05-31 17:41:43.017] [warning] Couldn't find file 'index_medial_lvs.vtp'.
[2022-05-31 17:41:43.017] [warning] Couldn't find file 'index_distal_lvs.vtp'.
[2022-05-31 17:41:43.017] [warning] Couldn't find file 'metacarpal3_lvs.vtp'.
[2022-05-31 17:41:43.017] [warning] Couldn't find file 'middle_proximal_lvs.vtp'.
[2022-05-31 17:41:43.017] [warning] Couldn't find file 'middle_medial_lvs.vtp'.
[2022-05-31 17:41:43.017] [warning] Couldn't find file 'middle_distal_lvs.vtp'.
[2022-05-31 17:41:43.017] [warning] Couldn't find file 'metacarpal4_lvs.vtp'.
[2022-05-31 17:41:43.017] [warning] Couldn't find file 'ring_proximal_lvs.vtp'.
[2022-05-31 17:41:43.017] [warning] Couldn't find file 'ring_medial_lvs.vtp'.
[2022-05-31 17:41:43.017] [warning] Couldn't find file 'ring_distal_lvs.vtp'.
[2022-05-31 17:41:43.017] [warning] Couldn't find file 'metacarpal5_lvs.vtp'.
[2022-05-31 17:41:43.018] [warning] Couldn't find file 'little_proximal_lvs.vtp'.
[2022-05-31 17:41:43.018] [warning] Couldn't find file 'little_medial_lvs.vtp'.
[2022-05-31 17:41:43.018] [warning] Couldn't find file 'little_distal_lvs.vtp'.
[2022-05-31 17:41:43.018] [warning] Couldn't find file 'metacarpal1_lvs.vtp'.
[2022-05-31 17:41:43.018] [warning] Couldn't find file 'thumb_proximal_lvs.vtp'.
[2022-05-31 17:41:43.018] [warning] Couldn't find file 'thumb_distal_lvs.vtp'.
[2022-09-12 09:17:27.684] [info] Loaded model Fal_s1_mtp_sc_MTc5_cspx10_oy1 from file C:\Users\u0150099\Documents\master_thesis\3dpredictsim\OpenSimModel\subject1\Fal_s1_mtp_FK_sc_MTc5_cg0.osim
[2022-09-12 09:17:27.686] [warning] Couldn't find file 'sacrum.vtp'.
[2022-09-12 09:17:27.686] [warning] Couldn't find file 'pelvis.vtp'.
[2022-09-12 09:17:27.686] [warning] Couldn't find file 'l_pelvis.vtp'.
[2022-09-12 09:17:27.686] [warning] Couldn't find file 'femur_r.vtp'.
[2022-09-12 09:17:27.686] [warning] Couldn't find file 'tibia_r.vtp'.
[2022-09-12 09:17:27.686] [warning] Couldn't find file 'fibula_r.vtp'.
[2022-09-12 09:17:27.686] [warning] Couldn't find file 'talus_rv.vtp'.
[2022-09-12 09:17:27.686] [warning] Couldn't find file 'calcaneous_rv.vtp'.
[2022-09-12 09:17:27.686] [warning] Couldn't find file 'model_r_midfoot.stl'.
[2022-09-12 09:17:27.686] [warning] Couldn't find file 'model_r_forefoot.stl'.
[2022-09-12 09:17:27.686] [warning] Couldn't find file 'model_r_toes.stl'.
[2022-09-12 09:17:27.686] [warning] Couldn't find file 'femur_l.vtp'.
[2022-09-12 09:17:27.686] [warning] Couldn't find file 'tibia_l.vtp'.
[2022-09-12 09:17:27.687] [warning] Couldn't find file 'fibula_l.vtp'.
[2022-09-12 09:17:27.687] [warning] Couldn't find file 'talus_lv.vtp'.
[2022-09-12 09:17:27.687] [warning] Couldn't find file 'calcaneous_lv.vtp'.
[2022-09-12 09:17:27.687] [warning] Couldn't find file 'model_l_midfoot.stl'.
[2022-09-12 09:17:27.687] [warning] Couldn't find file 'model_l_forefoot.stl'.
[2022-09-12 09:17:27.687] [warning] Couldn't find file 'model_l_toes.stl'.
[2022-09-12 09:17:27.687] [warning] Couldn't find file 'hat_spine.vtp'.
[2022-09-12 09:17:27.687] [warning] Couldn't find file 'hat_jaw.vtp'.
[2022-09-12 09:17:27.687] [warning] Couldn't find file 'hat_skull.vtp'.
[2022-09-12 09:17:27.687] [warning] Couldn't find file 'hat_ribs_scap.vtp'.
[2022-09-12 09:17:27.687] [warning] Couldn't find file 'humerus_rv.vtp'.
[2022-09-12 09:17:27.687] [warning] Couldn't find file 'ulna_rv.vtp'.
[2022-09-12 09:17:27.687] [warning] Couldn't find file 'radius_rv.vtp'.
[2022-09-12 09:17:27.687] [warning] Couldn't find file 'pisiform_rvs.vtp'.
[2022-09-12 09:17:27.688] [warning] Couldn't find file 'lunate_rvs.vtp'.
[2022-09-12 09:17:27.688] [warning] Couldn't find file 'scaphoid_rvs.vtp'.
[2022-09-12 09:17:27.688] [warning] Couldn't find file 'triquetrum_rvs.vtp'.
[2022-09-12 09:17:27.688] [warning] Couldn't find file 'hamate_rvs.vtp'.
[2022-09-12 09:17:27.688] [warning] Couldn't find file 'capitate_rvs.vtp'.
[2022-09-12 09:17:27.688] [warning] Couldn't find file 'trapezoid_rvs.vtp'.
[2022-09-12 09:17:27.688] [warning] Couldn't find file 'trapezium_rvs.vtp'.
[2022-09-12 09:17:27.688] [warning] Couldn't find file 'metacarpal2_rvs.vtp'.
[2022-09-12 09:17:27.688] [warning] Couldn't find file 'index_proximal_rvs.vtp'.
[2022-09-12 09:17:27.688] [warning] Couldn't find file 'index_medial_rvs.vtp'.
[2022-09-12 09:17:27.688] [warning] Couldn't find file 'index_distal_rvs.vtp'.
[2022-09-12 09:17:27.688] [warning] Couldn't find file 'metacarpal3_rvs.vtp'.
[2022-09-12 09:17:27.688] [warning] Couldn't find file 'middle_proximal_rvs.vtp'.
[2022-09-12 09:17:27.688] [warning] Couldn't find file 'middle_medial_rvs.vtp'.
[2022-09-12 09:17:27.688] [warning] Couldn't find file 'middle_distal_rvs.vtp'.
[2022-09-12 09:17:27.688] [warning] Couldn't find file 'metacarpal4_rvs.vtp'.
[2022-09-12 09:17:27.689] [warning] Couldn't find file 'ring_proximal_rvs.vtp'.
[2022-09-12 09:17:27.689] [warning] Couldn't find file 'ring_medial_rvs.vtp'.
[2022-09-12 09:17:27.689] [warning] Couldn't find file 'ring_distal_rvs.vtp'.
[2022-09-12 09:17:27.689] [warning] Couldn't find file 'metacarpal5_rvs.vtp'.
[2022-09-12 09:17:27.689] [warning] Couldn't find file 'little_proximal_rvs.vtp'.
[2022-09-12 09:17:27.689] [warning] Couldn't find file 'little_medial_rvs.vtp'.
[2022-09-12 09:17:27.689] [warning] Couldn't find file 'little_distal_rvs.vtp'.
[2022-09-12 09:17:27.689] [warning] Couldn't find file 'metacarpal1_rvs.vtp'.
[2022-09-12 09:17:27.689] [warning] Couldn't find file 'thumb_proximal_rvs.vtp'.
[2022-09-12 09:17:27.689] [warning] Couldn't find file 'thumb_distal_rvs.vtp'.
[2022-09-12 09:17:27.689] [warning] Couldn't find file 'humerus_lv.vtp'.
[2022-09-12 09:17:27.689] [warning] Couldn't find file 'ulna_lv.vtp'.
[2022-09-12 09:17:27.689] [warning] Couldn't find file 'radius_lv.vtp'.
[2022-09-12 09:17:27.689] [warning] Couldn't find file 'pisiform_lvs.vtp'.
[2022-09-12 09:17:27.689] [warning] Couldn't find file 'lunate_lvs.vtp'.
[2022-09-12 09:17:27.690] [warning] Couldn't find file 'scaphoid_lvs.vtp'.
[2022-09-12 09:17:27.690] [warning] Couldn't find file 'triquetrum_lvs.vtp'.
[2022-09-12 09:17:27.690] [warning] Couldn't find file 'hamate_lvs.vtp'.
[2022-09-12 09:17:27.690] [warning] Couldn't find file 'capitate_lvs.vtp'.
[2022-09-12 09:17:27.690] [warning] Couldn't find file 'trapezoid_lvs.vtp'.
[2022-09-12 09:17:27.690] [warning] Couldn't find file 'trapezium_lvs.vtp'.
[2022-09-12 09:17:27.690] [warning] Couldn't find file 'metacarpal2_lvs.vtp'.
[2022-09-12 09:17:27.690] [warning] Couldn't find file 'index_proximal_lvs.vtp'.
[2022-09-12 09:17:27.690] [warning] Couldn't find file 'index_medial_lvs.vtp'.
[2022-09-12 09:17:27.690] [warning] Couldn't find file 'index_distal_lvs.vtp'.
[2022-09-12 09:17:27.690] [warning] Couldn't find file 'metacarpal3_lvs.vtp'.
[2022-09-12 09:17:27.690] [warning] Couldn't find file 'middle_proximal_lvs.vtp'.
[2022-09-12 09:17:27.690] [warning] Couldn't find file 'middle_medial_lvs.vtp'.
[2022-09-12 09:17:27.690] [warning] Couldn't find file 'middle_distal_lvs.vtp'.
[2022-09-12 09:17:27.690] [warning] Couldn't find file 'metacarpal4_lvs.vtp'.
[2022-09-12 09:17:27.690] [warning] Couldn't find file 'ring_proximal_lvs.vtp'.
[2022-09-12 09:17:27.690] [warning] Couldn't find file 'ring_medial_lvs.vtp'.
[2022-09-12 09:17:27.691] [warning] Couldn't find file 'ring_distal_lvs.vtp'.
[2022-09-12 09:17:27.691] [warning] Couldn't find file 'metacarpal5_lvs.vtp'.
[2022-09-12 09:17:27.691] [warning] Couldn't find file 'little_proximal_lvs.vtp'.
[2022-09-12 09:17:27.691] [warning] Couldn't find file 'little_medial_lvs.vtp'.
[2022-09-12 09:17:27.691] [warning] Couldn't find file 'little_distal_lvs.vtp'.
[2022-09-12 09:17:27.691] [warning] Couldn't find file 'metacarpal1_lvs.vtp'.
[2022-09-12 09:17:27.691] [warning] Couldn't find file 'thumb_proximal_lvs.vtp'.
[2022-09-12 09:17:27.691] [warning] Couldn't find file 'thumb_distal_lvs.vtp'.
[2022-09-12 09:18:28.363] [info] Loaded model Fal_s1_mtp_sc_MTc5_cspx10_oy1 from file C:\Users\u0150099\Documents\master_thesis\3dpredictsim\OpenSimModel\subject1\Fal_s1_mtp_FK_sc_MTc5_cg0.osim
[2022-09-12 09:18:28.363] [warning] Couldn't find file 'sacrum.vtp'.
[2022-09-12 09:18:28.363] [warning] Couldn't find file 'pelvis.vtp'.
[2022-09-12 09:18:28.364] [warning] Couldn't find file 'l_pelvis.vtp'.
[2022-09-12 09:18:28.364] [warning] Couldn't find file 'femur_r.vtp'.
[2022-09-12 09:18:28.364] [warning] Couldn't find file 'tibia_r.vtp'.
[2022-09-12 09:18:28.364] [warning] Couldn't find file 'fibula_r.vtp'.
[2022-09-12 09:18:28.364] [warning] Couldn't find file 'talus_rv.vtp'.
[2022-09-12 09:18:28.364] [warning] Couldn't find file 'calcaneous_rv.vtp'.
[2022-09-12 09:18:28.364] [warning] Couldn't find file 'model_r_midfoot.stl'.
[2022-09-12 09:18:28.364] [warning] Couldn't find file 'model_r_forefoot.stl'.
[2022-09-12 09:18:28.364] [warning] Couldn't find file 'model_r_toes.stl'.
[2022-09-12 09:18:28.364] [warning] Couldn't find file 'femur_l.vtp'.
[2022-09-12 09:18:28.364] [warning] Couldn't find file 'tibia_l.vtp'.
[2022-09-12 09:18:28.364] [warning] Couldn't find file 'fibula_l.vtp'.
[2022-09-12 09:18:28.364] [warning] Couldn't find file 'talus_lv.vtp'.
[2022-09-12 09:18:28.364] [warning] Couldn't find file 'calcaneous_lv.vtp'.
[2022-09-12 09:18:28.364] [warning] Couldn't find file 'model_l_midfoot.stl'.
[2022-09-12 09:18:28.364] [warning] Couldn't find file 'model_l_forefoot.stl'.
[2022-09-12 09:18:28.364] [warning] Couldn't find file 'model_l_toes.stl'.
[2022-09-12 09:18:28.365] [warning] Couldn't find file 'hat_spine.vtp'.
[2022-09-12 09:18:28.365] [warning] Couldn't find file 'hat_jaw.vtp'.
[2022-09-12 09:18:28.365] [warning] Couldn't find file 'hat_skull.vtp'.
[2022-09-12 09:18:28.365] [warning] Couldn't find file 'hat_ribs_scap.vtp'.
[2022-09-12 09:18:28.365] [warning] Couldn't find file 'humerus_rv.vtp'.
[2022-09-12 09:18:28.365] [warning] Couldn't find file 'ulna_rv.vtp'.
[2022-09-12 09:18:28.365] [warning] Couldn't find file 'radius_rv.vtp'.
[2022-09-12 09:18:28.365] [warning] Couldn't find file 'pisiform_rvs.vtp'.
[2022-09-12 09:18:28.365] [warning] Couldn't find file 'lunate_rvs.vtp'.
[2022-09-12 09:18:28.365] [warning] Couldn't find file 'scaphoid_rvs.vtp'.
[2022-09-12 09:18:28.365] [warning] Couldn't find file 'triquetrum_rvs.vtp'.
[2022-09-12 09:18:28.365] [warning] Couldn't find file 'hamate_rvs.vtp'.
[2022-09-12 09:18:28.365] [warning] Couldn't find file 'capitate_rvs.vtp'.
[2022-09-12 09:18:28.365] [warning] Couldn't find file 'trapezoid_rvs.vtp'.
[2022-09-12 09:18:28.365] [warning] Couldn't find file 'trapezium_rvs.vtp'.
[2022-09-12 09:18:28.365] [warning] Couldn't find file 'metacarpal2_rvs.vtp'.
[2022-09-12 09:18:28.365] [warning] Couldn't find file 'index_proximal_rvs.vtp'.
[2022-09-12 09:18:28.365] [warning] Couldn't find file 'index_medial_rvs.vtp'.
[2022-09-12 09:18:28.366] [warning] Couldn't find file 'index_distal_rvs.vtp'.
[2022-09-12 09:18:28.366] [warning] Couldn't find file 'metacarpal3_rvs.vtp'.
[2022-09-12 09:18:28.366] [warning] Couldn't find file 'middle_proximal_rvs.vtp'.
[2022-09-12 09:18:28.366] [warning] Couldn't find file 'middle_medial_rvs.vtp'.
[2022-09-12 09:18:28.366] [warning] Couldn't find file 'middle_distal_rvs.vtp'.
[2022-09-12 09:18:28.366] [warning] Couldn't find file 'metacarpal4_rvs.vtp'.
[2022-09-12 09:18:28.366] [warning] Couldn't find file 'ring_proximal_rvs.vtp'.
[2022-09-12 09:18:28.366] [warning] Couldn't find file 'ring_medial_rvs.vtp'.
[2022-09-12 09:18:28.366] [warning] Couldn't find file 'ring_distal_rvs.vtp'.
[2022-09-12 09:18:28.366] [warning] Couldn't find file 'metacarpal5_rvs.vtp'.
[2022-09-12 09:18:28.366] [warning] Couldn't find file 'little_proximal_rvs.vtp'.
[2022-09-12 09:18:28.366] [warning] Couldn't find file 'little_medial_rvs.vtp'.
[2022-09-12 09:18:28.366] [warning] Couldn't find file 'little_distal_rvs.vtp'.
[2022-09-12 09:18:28.366] [warning] Couldn't find file 'metacarpal1_rvs.vtp'.
[2022-09-12 09:18:28.366] [warning] Couldn't find file 'thumb_proximal_rvs.vtp'.
[2022-09-12 09:18:28.366] [warning] Couldn't find file 'thumb_distal_rvs.vtp'.
[2022-09-12 09:18:28.366] [warning] Couldn't find file 'humerus_lv.vtp'.
[2022-09-12 09:18:28.366] [warning] Couldn't find file 'ulna_lv.vtp'.
[2022-09-12 09:18:28.367] [warning] Couldn't find file 'radius_lv.vtp'.
[2022-09-12 09:18:28.367] [warning] Couldn't find file 'pisiform_lvs.vtp'.
[2022-09-12 09:18:28.367] [warning] Couldn't find file 'lunate_lvs.vtp'.
[2022-09-12 09:18:28.367] [warning] Couldn't find file 'scaphoid_lvs.vtp'.
[2022-09-12 09:18:28.367] [warning] Couldn't find file 'triquetrum_lvs.vtp'.
[2022-09-12 09:18:28.367] [warning] Couldn't find file 'hamate_lvs.vtp'.
[2022-09-12 09:18:28.367] [warning] Couldn't find file 'capitate_lvs.vtp'.
[2022-09-12 09:18:28.367] [warning] Couldn't find file 'trapezoid_lvs.vtp'.
[2022-09-12 09:18:28.367] [warning] Couldn't find file 'trapezium_lvs.vtp'.
[2022-09-12 09:18:28.367] [warning] Couldn't find file 'metacarpal2_lvs.vtp'.
[2022-09-12 09:18:28.367] [warning] Couldn't find file 'index_proximal_lvs.vtp'.
[2022-09-12 09:18:28.367] [warning] Couldn't find file 'index_medial_lvs.vtp'.
[2022-09-12 09:18:28.367] [warning] Couldn't find file 'index_distal_lvs.vtp'.
[2022-09-12 09:18:28.367] [warning] Couldn't find file 'metacarpal3_lvs.vtp'.
[2022-09-12 09:18:28.367] [warning] Couldn't find file 'middle_proximal_lvs.vtp'.
[2022-09-12 09:18:28.367] [warning] Couldn't find file 'middle_medial_lvs.vtp'.
[2022-09-12 09:18:28.367] [warning] Couldn't find file 'middle_distal_lvs.vtp'.
[2022-09-12 09:18:28.367] [warning] Couldn't find file 'metacarpal4_lvs.vtp'.
[2022-09-12 09:18:28.367] [warning] Couldn't find file 'ring_proximal_lvs.vtp'.
[2022-09-12 09:18:28.368] [warning] Couldn't find file 'ring_medial_lvs.vtp'.
[2022-09-12 09:18:28.368] [warning] Couldn't find file 'ring_distal_lvs.vtp'.
[2022-09-12 09:18:28.368] [warning] Couldn't find file 'metacarpal5_lvs.vtp'.
[2022-09-12 09:18:28.368] [warning] Couldn't find file 'little_proximal_lvs.vtp'.
[2022-09-12 09:18:28.368] [warning] Couldn't find file 'little_medial_lvs.vtp'.
[2022-09-12 09:18:28.368] [warning] Couldn't find file 'little_distal_lvs.vtp'.
[2022-09-12 09:18:28.368] [warning] Couldn't find file 'metacarpal1_lvs.vtp'.
[2022-09-12 09:18:28.368] [warning] Couldn't find file 'thumb_proximal_lvs.vtp'.
[2022-09-12 09:18:28.368] [warning] Couldn't find file 'thumb_distal_lvs.vtp'.
[2022-09-12 09:18:29.000] [info] Loaded model subject1_withMTJ_locked_scaled_custom from file C:\Users\u0150099\Documents\master_thesis\3dpredictsim\OpenSimModel\subject1\Fal_s1_mtjc4_FK_sc_MTc5_cspx10_oy3.osim
[2022-09-12 09:18:29.001] [warning] Couldn't find file 'sacrum.vtp'.
[2022-09-12 09:18:29.001] [warning] Couldn't find file 'pelvis.vtp'.
[2022-09-12 09:18:29.001] [warning] Couldn't find file 'l_pelvis.vtp'.
[2022-09-12 09:18:29.001] [warning] Couldn't find file 'femur_r.vtp'.
[2022-09-12 09:18:29.001] [warning] Couldn't find file 'tibia_r.vtp'.
[2022-09-12 09:18:29.002] [warning] Couldn't find file 'fibula_r.vtp'.
[2022-09-12 09:18:29.002] [warning] Couldn't find file 'talus_rv.vtp'.
[2022-09-12 09:18:29.002] [warning] Couldn't find file 'calcaneous_rv.vtp'.
[2022-09-12 09:18:29.002] [warning] Couldn't find file 'model_r_midfoot.stl'.
[2022-09-12 09:18:29.002] [warning] Couldn't find file 'model_r_forefoot.stl'.
[2022-09-12 09:18:29.002] [warning] Couldn't find file 'model_r_toes.stl'.
[2022-09-12 09:18:29.002] [warning] Couldn't find file 'femur_l.vtp'.
[2022-09-12 09:18:29.002] [warning] Couldn't find file 'tibia_l.vtp'.
[2022-09-12 09:18:29.002] [warning] Couldn't find file 'fibula_l.vtp'.
[2022-09-12 09:18:29.002] [warning] Couldn't find file 'talus_lv.vtp'.
[2022-09-12 09:18:29.002] [warning] Couldn't find file 'calcaneous_lv.vtp'.
[2022-09-12 09:18:29.002] [warning] Couldn't find file 'model_l_midfoot.stl'.
[2022-09-12 09:18:29.002] [warning] Couldn't find file 'model_l_forefoot.stl'.
[2022-09-12 09:18:29.002] [warning] Couldn't find file 'model_l_toes.stl'.
[2022-09-12 09:18:29.003] [warning] Couldn't find file 'hat_spine.vtp'.
[2022-09-12 09:18:29.003] [warning] Couldn't find file 'hat_jaw.vtp'.
[2022-09-12 09:18:29.003] [warning] Couldn't find file 'hat_skull.vtp'.
[2022-09-12 09:18:29.003] [warning] Couldn't find file 'hat_ribs_scap.vtp'.
[2022-09-12 09:18:29.003] [warning] Couldn't find file 'humerus_rv.vtp'.
[2022-09-12 09:18:29.003] [warning] Couldn't find file 'ulna_rv.vtp'.
[2022-09-12 09:18:29.003] [warning] Couldn't find file 'radius_rv.vtp'.
[2022-09-12 09:18:29.003] [warning] Couldn't find file 'pisiform_rvs.vtp'.
[2022-09-12 09:18:29.003] [warning] Couldn't find file 'lunate_rvs.vtp'.
[2022-09-12 09:18:29.003] [warning] Couldn't find file 'scaphoid_rvs.vtp'.
[2022-09-12 09:18:29.003] [warning] Couldn't find file 'triquetrum_rvs.vtp'.
[2022-09-12 09:18:29.003] [warning] Couldn't find file 'hamate_rvs.vtp'.
[2022-09-12 09:18:29.003] [warning] Couldn't find file 'capitate_rvs.vtp'.
[2022-09-12 09:18:29.003] [warning] Couldn't find file 'trapezoid_rvs.vtp'.
[2022-09-12 09:18:29.003] [warning] Couldn't find file 'trapezium_rvs.vtp'.
[2022-09-12 09:18:29.003] [warning] Couldn't find file 'metacarpal2_rvs.vtp'.
[2022-09-12 09:18:29.004] [warning] Couldn't find file 'index_proximal_rvs.vtp'.
[2022-09-12 09:18:29.004] [warning] Couldn't find file 'index_medial_rvs.vtp'.
[2022-09-12 09:18:29.004] [warning] Couldn't find file 'index_distal_rvs.vtp'.
[2022-09-12 09:18:29.004] [warning] Couldn't find file 'metacarpal3_rvs.vtp'.
[2022-09-12 09:18:29.004] [warning] Couldn't find file 'middle_proximal_rvs.vtp'.
[2022-09-12 09:18:29.004] [warning] Couldn't find file 'middle_medial_rvs.vtp'.
[2022-09-12 09:18:29.004] [warning] Couldn't find file 'middle_distal_rvs.vtp'.
[2022-09-12 09:18:29.004] [warning] Couldn't find file 'metacarpal4_rvs.vtp'.
[2022-09-12 09:18:29.004] [warning] Couldn't find file 'ring_proximal_rvs.vtp'.
[2022-09-12 09:18:29.004] [warning] Couldn't find file 'ring_medial_rvs.vtp'.
[2022-09-12 09:18:29.004] [warning] Couldn't find file 'ring_distal_rvs.vtp'.
[2022-09-12 09:18:29.004] [warning] Couldn't find file 'metacarpal5_rvs.vtp'.
[2022-09-12 09:18:29.005] [warning] Couldn't find file 'little_proximal_rvs.vtp'.
[2022-09-12 09:18:29.005] [warning] Couldn't find file 'little_medial_rvs.vtp'.
[2022-09-12 09:18:29.005] [warning] Couldn't find file 'little_distal_rvs.vtp'.
[2022-09-12 09:18:29.005] [warning] Couldn't find file 'metacarpal1_rvs.vtp'.
[2022-09-12 09:18:29.005] [warning] Couldn't find file 'thumb_proximal_rvs.vtp'.
[2022-09-12 09:18:29.005] [warning] Couldn't find file 'thumb_distal_rvs.vtp'.
[2022-09-12 09:18:29.005] [warning] Couldn't find file 'humerus_lv.vtp'.
[2022-09-12 09:18:29.005] [warning] Couldn't find file 'ulna_lv.vtp'.
[2022-09-12 09:18:29.005] [warning] Couldn't find file 'radius_lv.vtp'.
[2022-09-12 09:18:29.005] [warning] Couldn't find file 'pisiform_lvs.vtp'.
[2022-09-12 09:18:29.005] [warning] Couldn't find file 'lunate_lvs.vtp'.
[2022-09-12 09:18:29.005] [warning] Couldn't find file 'scaphoid_lvs.vtp'.
[2022-09-12 09:18:29.005] [warning] Couldn't find file 'triquetrum_lvs.vtp'.
[2022-09-12 09:18:29.005] [warning] Couldn't find file 'hamate_lvs.vtp'.
[2022-09-12 09:18:29.005] [warning] Couldn't find file 'capitate_lvs.vtp'.
[2022-09-12 09:18:29.005] [warning] Couldn't find file 'trapezoid_lvs.vtp'.
[2022-09-12 09:18:29.005] [warning] Couldn't find file 'trapezium_lvs.vtp'.
[2022-09-12 09:18:29.006] [warning] Couldn't find file 'metacarpal2_lvs.vtp'.
[2022-09-12 09:18:29.006] [warning] Couldn't find file 'index_proximal_lvs.vtp'.
[2022-09-12 09:18:29.006] [warning] Couldn't find file 'index_medial_lvs.vtp'.
[2022-09-12 09:18:29.006] [warning] Couldn't find file 'index_distal_lvs.vtp'.
[2022-09-12 09:18:29.006] [warning] Couldn't find file 'metacarpal3_lvs.vtp'.
[2022-09-12 09:18:29.006] [warning] Couldn't find file 'middle_proximal_lvs.vtp'.
[2022-09-12 09:18:29.006] [warning] Couldn't find file 'middle_medial_lvs.vtp'.
[2022-09-12 09:18:29.006] [warning] Couldn't find file 'middle_distal_lvs.vtp'.
[2022-09-12 09:18:29.006] [warning] Couldn't find file 'metacarpal4_lvs.vtp'.
[2022-09-12 09:18:29.006] [warning] Couldn't find file 'ring_proximal_lvs.vtp'.
[2022-09-12 09:18:29.006] [warning] Couldn't find file 'ring_medial_lvs.vtp'.
[2022-09-12 09:18:29.006] [warning] Couldn't find file 'ring_distal_lvs.vtp'.
[2022-09-12 09:18:29.006] [warning] Couldn't find file 'metacarpal5_lvs.vtp'.
[2022-09-12 09:18:29.006] [warning] Couldn't find file 'little_proximal_lvs.vtp'.
[2022-09-12 09:18:29.006] [warning] Couldn't find file 'little_medial_lvs.vtp'.
[2022-09-12 09:18:29.006] [warning] Couldn't find file 'little_distal_lvs.vtp'.
[2022-09-12 09:18:29.006] [warning] Couldn't find file 'metacarpal1_lvs.vtp'.
[2022-09-12 09:18:29.006] [warning] Couldn't find file 'thumb_proximal_lvs.vtp'.
[2022-09-12 09:18:29.007] [warning] Couldn't find file 'thumb_distal_lvs.vtp'.
[2022-09-12 09:18:29.467] [info] Loaded model subject1_withMTJ_locked_scaled_custom from file C:\Users\u0150099\Documents\master_thesis\3dpredictsim\OpenSimModel\subject1\Fal_s1_mtjc4_FK_sc_FDB2_MTc5_cg0.osim
[2022-09-12 09:18:29.467] [warning] Couldn't find file 'sacrum.vtp'.
[2022-09-12 09:18:29.468] [warning] Couldn't find file 'pelvis.vtp'.
[2022-09-12 09:18:29.468] [warning] Couldn't find file 'l_pelvis.vtp'.
[2022-09-12 09:18:29.468] [warning] Couldn't find file 'femur_r.vtp'.
[2022-09-12 09:18:29.468] [warning] Couldn't find file 'tibia_r.vtp'.
[2022-09-12 09:18:29.468] [warning] Couldn't find file 'fibula_r.vtp'.
[2022-09-12 09:18:29.468] [warning] Couldn't find file 'talus_rv.vtp'.
[2022-09-12 09:18:29.468] [warning] Couldn't find file 'calcaneous_rv.vtp'.
[2022-09-12 09:18:29.468] [warning] Couldn't find file 'model_r_midfoot.stl'.
[2022-09-12 09:18:29.468] [warning] Couldn't find file 'model_r_forefoot.stl'.
[2022-09-12 09:18:29.468] [warning] Couldn't find file 'model_r_toes.stl'.
[2022-09-12 09:18:29.468] [warning] Couldn't find file 'femur_l.vtp'.
[2022-09-12 09:18:29.468] [warning] Couldn't find file 'tibia_l.vtp'.
[2022-09-12 09:18:29.468] [warning] Couldn't find file 'fibula_l.vtp'.
[2022-09-12 09:18:29.468] [warning] Couldn't find file 'talus_lv.vtp'.
[2022-09-12 09:18:29.468] [warning] Couldn't find file 'calcaneous_lv.vtp'.
[2022-09-12 09:18:29.468] [warning] Couldn't find file 'model_l_midfoot.stl'.
[2022-09-12 09:18:29.468] [warning] Couldn't find file 'model_l_forefoot.stl'.
[2022-09-12 09:18:29.469] [warning] Couldn't find file 'model_l_toes.stl'.
[2022-09-12 09:18:29.469] [warning] Couldn't find file 'hat_spine.vtp'.
[2022-09-12 09:18:29.469] [warning] Couldn't find file 'hat_jaw.vtp'.
[2022-09-12 09:18:29.469] [warning] Couldn't find file 'hat_skull.vtp'.
[2022-09-12 09:18:29.469] [warning] Couldn't find file 'hat_ribs_scap.vtp'.
[2022-09-12 09:18:29.469] [warning] Couldn't find file 'humerus_rv.vtp'.
[2022-09-12 09:18:29.469] [warning] Couldn't find file 'ulna_rv.vtp'.
[2022-09-12 09:18:29.469] [warning] Couldn't find file 'radius_rv.vtp'.
[2022-09-12 09:18:29.469] [warning] Couldn't find file 'pisiform_rvs.vtp'.
[2022-09-12 09:18:29.469] [warning] Couldn't find file 'lunate_rvs.vtp'.
[2022-09-12 09:18:29.469] [warning] Couldn't find file 'scaphoid_rvs.vtp'.
[2022-09-12 09:18:29.469] [warning] Couldn't find file 'triquetrum_rvs.vtp'.
[2022-09-12 09:18:29.469] [warning] Couldn't find file 'hamate_rvs.vtp'.
[2022-09-12 09:18:29.469] [warning] Couldn't find file 'capitate_rvs.vtp'.
[2022-09-12 09:18:29.469] [warning] Couldn't find file 'trapezoid_rvs.vtp'.
[2022-09-12 09:18:29.469] [warning] Couldn't find file 'trapezium_rvs.vtp'.
[2022-09-12 09:18:29.470] [warning] Couldn't find file 'metacarpal2_rvs.vtp'.
[2022-09-12 09:18:29.470] [warning] Couldn't find file 'index_proximal_rvs.vtp'.
[2022-09-12 09:18:29.470] [warning] Couldn't find file 'index_medial_rvs.vtp'.
[2022-09-12 09:18:29.470] [warning] Couldn't find file 'index_distal_rvs.vtp'.
[2022-09-12 09:18:29.470] [warning] Couldn't find file 'metacarpal3_rvs.vtp'.
[2022-09-12 09:18:29.470] [warning] Couldn't find file 'middle_proximal_rvs.vtp'.
[2022-09-12 09:18:29.470] [warning] Couldn't find file 'middle_medial_rvs.vtp'.
[2022-09-12 09:18:29.470] [warning] Couldn't find file 'middle_distal_rvs.vtp'.
[2022-09-12 09:18:29.470] [warning] Couldn't find file 'metacarpal4_rvs.vtp'.
[2022-09-12 09:18:29.470] [warning] Couldn't find file 'ring_proximal_rvs.vtp'.
[2022-09-12 09:18:29.470] [warning] Couldn't find file 'ring_medial_rvs.vtp'.
[2022-09-12 09:18:29.470] [warning] Couldn't find file 'ring_distal_rvs.vtp'.
[2022-09-12 09:18:29.470] [warning] Couldn't find file 'metacarpal5_rvs.vtp'.
[2022-09-12 09:18:29.470] [warning] Couldn't find file 'little_proximal_rvs.vtp'.
[2022-09-12 09:18:29.470] [warning] Couldn't find file 'little_medial_rvs.vtp'.
[2022-09-12 09:18:29.470] [warning] Couldn't find file 'little_distal_rvs.vtp'.
[2022-09-12 09:18:29.470] [warning] Couldn't find file 'metacarpal1_rvs.vtp'.
[2022-09-12 09:18:29.470] [warning] Couldn't find file 'thumb_proximal_rvs.vtp'.
[2022-09-12 09:18:29.471] [warning] Couldn't find file 'thumb_distal_rvs.vtp'.
[2022-09-12 09:18:29.471] [warning] Couldn't find file 'humerus_lv.vtp'.
[2022-09-12 09:18:29.471] [warning] Couldn't find file 'ulna_lv.vtp'.
[2022-09-12 09:18:29.471] [warning] Couldn't find file 'radius_lv.vtp'.
[2022-09-12 09:18:29.471] [warning] Couldn't find file 'pisiform_lvs.vtp'.
[2022-09-12 09:18:29.471] [warning] Couldn't find file 'lunate_lvs.vtp'.
[2022-09-12 09:18:29.471] [warning] Couldn't find file 'scaphoid_lvs.vtp'.
[2022-09-12 09:18:29.471] [warning] Couldn't find file 'triquetrum_lvs.vtp'.
[2022-09-12 09:18:29.471] [warning] Couldn't find file 'hamate_lvs.vtp'.
[2022-09-12 09:18:29.471] [warning] Couldn't find file 'capitate_lvs.vtp'.
[2022-09-12 09:18:29.471] [warning] Couldn't find file 'trapezoid_lvs.vtp'.
[2022-09-12 09:18:29.471] [warning] Couldn't find file 'trapezium_lvs.vtp'.
[2022-09-12 09:18:29.471] [warning] Couldn't find file 'metacarpal2_lvs.vtp'.
[2022-09-12 09:18:29.471] [warning] Couldn't find file 'index_proximal_lvs.vtp'.
[2022-09-12 09:18:29.471] [warning] Couldn't find file 'index_medial_lvs.vtp'.
[2022-09-12 09:18:29.471] [warning] Couldn't find file 'index_distal_lvs.vtp'.
[2022-09-12 09:18:29.471] [warning] Couldn't find file 'metacarpal3_lvs.vtp'.
[2022-09-12 09:18:29.471] [warning] Couldn't find file 'middle_proximal_lvs.vtp'.
[2022-09-12 09:18:29.471] [warning] Couldn't find file 'middle_medial_lvs.vtp'.
[2022-09-12 09:18:29.472] [warning] Couldn't find file 'middle_distal_lvs.vtp'.
[2022-09-12 09:18:29.472] [warning] Couldn't find file 'metacarpal4_lvs.vtp'.
[2022-09-12 09:18:29.472] [warning] Couldn't find file 'ring_proximal_lvs.vtp'.
[2022-09-12 09:18:29.472] [warning] Couldn't find file 'ring_medial_lvs.vtp'.
[2022-09-12 09:18:29.472] [warning] Couldn't find file 'ring_distal_lvs.vtp'.
[2022-09-12 09:18:29.472] [warning] Couldn't find file 'metacarpal5_lvs.vtp'.
[2022-09-12 09:18:29.472] [warning] Couldn't find file 'little_proximal_lvs.vtp'.
[2022-09-12 09:18:29.472] [warning] Couldn't find file 'little_medial_lvs.vtp'.
[2022-09-12 09:18:29.472] [warning] Couldn't find file 'little_distal_lvs.vtp'.
[2022-09-12 09:18:29.472] [warning] Couldn't find file 'metacarpal1_lvs.vtp'.
[2022-09-12 09:18:29.472] [warning] Couldn't find file 'thumb_proximal_lvs.vtp'.
[2022-09-12 09:18:29.472] [warning] Couldn't find file 'thumb_distal_lvs.vtp'.
[2022-09-12 09:18:40.657] [info] Loaded model Fal_s1_mtp_sc_MTc5_cspx10_oy1 from file C:\Users\u0150099\Documents\master_thesis\3dpredictsim\OpenSimModel\subject1\Fal_s1_mtp_FK_sc_MTc5_cg0.osim
[2022-09-12 09:18:40.657] [warning] Couldn't find file 'sacrum.vtp'.
[2022-09-12 09:18:40.657] [warning] Couldn't find file 'pelvis.vtp'.
[2022-09-12 09:18:40.657] [warning] Couldn't find file 'l_pelvis.vtp'.
[2022-09-12 09:18:40.657] [warning] Couldn't find file 'femur_r.vtp'.
[2022-09-12 09:18:40.657] [warning] Couldn't find file 'tibia_r.vtp'.
[2022-09-12 09:18:40.658] [warning] Couldn't find file 'fibula_r.vtp'.
[2022-09-12 09:18:40.658] [warning] Couldn't find file 'talus_rv.vtp'.
[2022-09-12 09:18:40.658] [warning] Couldn't find file 'calcaneous_rv.vtp'.
[2022-09-12 09:18:40.658] [warning] Couldn't find file 'model_r_midfoot.stl'.
[2022-09-12 09:18:40.658] [warning] Couldn't find file 'model_r_forefoot.stl'.
[2022-09-12 09:18:40.658] [warning] Couldn't find file 'model_r_toes.stl'.
[2022-09-12 09:18:40.658] [warning] Couldn't find file 'femur_l.vtp'.
[2022-09-12 09:18:40.658] [warning] Couldn't find file 'tibia_l.vtp'.
[2022-09-12 09:18:40.658] [warning] Couldn't find file 'fibula_l.vtp'.
[2022-09-12 09:18:40.658] [warning] Couldn't find file 'talus_lv.vtp'.
[2022-09-12 09:18:40.658] [warning] Couldn't find file 'calcaneous_lv.vtp'.
[2022-09-12 09:18:40.658] [warning] Couldn't find file 'model_l_midfoot.stl'.
[2022-09-12 09:18:40.658] [warning] Couldn't find file 'model_l_forefoot.stl'.
[2022-09-12 09:18:40.659] [warning] Couldn't find file 'model_l_toes.stl'.
[2022-09-12 09:18:40.659] [warning] Couldn't find file 'hat_spine.vtp'.
[2022-09-12 09:18:40.659] [warning] Couldn't find file 'hat_jaw.vtp'.
[2022-09-12 09:18:40.659] [warning] Couldn't find file 'hat_skull.vtp'.
[2022-09-12 09:18:40.659] [warning] Couldn't find file 'hat_ribs_scap.vtp'.
[2022-09-12 09:18:40.659] [warning] Couldn't find file 'humerus_rv.vtp'.
[2022-09-12 09:18:40.659] [warning] Couldn't find file 'ulna_rv.vtp'.
[2022-09-12 09:18:40.659] [warning] Couldn't find file 'radius_rv.vtp'.
[2022-09-12 09:18:40.659] [warning] Couldn't find file 'pisiform_rvs.vtp'.
[2022-09-12 09:18:40.659] [warning] Couldn't find file 'lunate_rvs.vtp'.
[2022-09-12 09:18:40.659] [warning] Couldn't find file 'scaphoid_rvs.vtp'.
[2022-09-12 09:18:40.659] [warning] Couldn't find file 'triquetrum_rvs.vtp'.
[2022-09-12 09:18:40.659] [warning] Couldn't find file 'hamate_rvs.vtp'.
[2022-09-12 09:18:40.659] [warning] Couldn't find file 'capitate_rvs.vtp'.
[2022-09-12 09:18:40.659] [warning] Couldn't find file 'trapezoid_rvs.vtp'.
[2022-09-12 09:18:40.659] [warning] Couldn't find file 'trapezium_rvs.vtp'.
[2022-09-12 09:18:40.660] [warning] Couldn't find file 'metacarpal2_rvs.vtp'.
[2022-09-12 09:18:40.660] [warning] Couldn't find file 'index_proximal_rvs.vtp'.
[2022-09-12 09:18:40.660] [warning] Couldn't find file 'index_medial_rvs.vtp'.
[2022-09-12 09:18:40.660] [warning] Couldn't find file 'index_distal_rvs.vtp'.
[2022-09-12 09:18:40.660] [warning] Couldn't find file 'metacarpal3_rvs.vtp'.
[2022-09-12 09:18:40.660] [warning] Couldn't find file 'middle_proximal_rvs.vtp'.
[2022-09-12 09:18:40.660] [warning] Couldn't find file 'middle_medial_rvs.vtp'.
[2022-09-12 09:18:40.660] [warning] Couldn't find file 'middle_distal_rvs.vtp'.
[2022-09-12 09:18:40.660] [warning] Couldn't find file 'metacarpal4_rvs.vtp'.
[2022-09-12 09:18:40.660] [warning] Couldn't find file 'ring_proximal_rvs.vtp'.
[2022-09-12 09:18:40.660] [warning] Couldn't find file 'ring_medial_rvs.vtp'.
[2022-09-12 09:18:40.660] [warning] Couldn't find file 'ring_distal_rvs.vtp'.
[2022-09-12 09:18:40.660] [warning] Couldn't find file 'metacarpal5_rvs.vtp'.
[2022-09-12 09:18:40.660] [warning] Couldn't find file 'little_proximal_rvs.vtp'.
[2022-09-12 09:18:40.660] [warning] Couldn't find file 'little_medial_rvs.vtp'.
[2022-09-12 09:18:40.660] [warning] Couldn't find file 'little_distal_rvs.vtp'.
[2022-09-12 09:18:40.660] [warning] Couldn't find file 'metacarpal1_rvs.vtp'.
[2022-09-12 09:18:40.660] [warning] Couldn't find file 'thumb_proximal_rvs.vtp'.
[2022-09-12 09:18:40.661] [warning] Couldn't find file 'thumb_distal_rvs.vtp'.
[2022-09-12 09:18:40.661] [warning] Couldn't find file 'humerus_lv.vtp'.
[2022-09-12 09:18:40.661] [warning] Couldn't find file 'ulna_lv.vtp'.
[2022-09-12 09:18:40.661] [warning] Couldn't find file 'radius_lv.vtp'.
[2022-09-12 09:18:40.661] [warning] Couldn't find file 'pisiform_lvs.vtp'.
[2022-09-12 09:18:40.661] [warning] Couldn't find file 'lunate_lvs.vtp'.
[2022-09-12 09:18:40.661] [warning] Couldn't find file 'scaphoid_lvs.vtp'.
[2022-09-12 09:18:40.661] [warning] Couldn't find file 'triquetrum_lvs.vtp'.
[2022-09-12 09:18:40.661] [warning] Couldn't find file 'hamate_lvs.vtp'.
[2022-09-12 09:18:40.661] [warning] Couldn't find file 'capitate_lvs.vtp'.
[2022-09-12 09:18:40.661] [warning] Couldn't find file 'trapezoid_lvs.vtp'.
[2022-09-12 09:18:40.661] [warning] Couldn't find file 'trapezium_lvs.vtp'.
[2022-09-12 09:18:40.661] [warning] Couldn't find file 'metacarpal2_lvs.vtp'.
[2022-09-12 09:18:40.661] [warning] Couldn't find file 'index_proximal_lvs.vtp'.
[2022-09-12 09:18:40.661] [warning] Couldn't find file 'index_medial_lvs.vtp'.
[2022-09-12 09:18:40.661] [warning] Couldn't find file 'index_distal_lvs.vtp'.
[2022-09-12 09:18:40.661] [warning] Couldn't find file 'metacarpal3_lvs.vtp'.
[2022-09-12 09:18:40.661] [warning] Couldn't find file 'middle_proximal_lvs.vtp'.
[2022-09-12 09:18:40.662] [warning] Couldn't find file 'middle_medial_lvs.vtp'.
[2022-09-12 09:18:40.662] [warning] Couldn't find file 'middle_distal_lvs.vtp'.
[2022-09-12 09:18:40.662] [warning] Couldn't find file 'metacarpal4_lvs.vtp'.
[2022-09-12 09:18:40.662] [warning] Couldn't find file 'ring_proximal_lvs.vtp'.
[2022-09-12 09:18:40.662] [warning] Couldn't find file 'ring_medial_lvs.vtp'.
[2022-09-12 09:18:40.662] [warning] Couldn't find file 'ring_distal_lvs.vtp'.
[2022-09-12 09:18:40.662] [warning] Couldn't find file 'metacarpal5_lvs.vtp'.
[2022-09-12 09:18:40.662] [warning] Couldn't find file 'little_proximal_lvs.vtp'.
[2022-09-12 09:18:40.662] [warning] Couldn't find file 'little_medial_lvs.vtp'.
[2022-09-12 09:18:40.662] [warning] Couldn't find file 'little_distal_lvs.vtp'.
[2022-09-12 09:18:40.662] [warning] Couldn't find file 'metacarpal1_lvs.vtp'.
[2022-09-12 09:18:40.662] [warning] Couldn't find file 'thumb_proximal_lvs.vtp'.
[2022-09-12 09:18:40.662] [warning] Couldn't find file 'thumb_distal_lvs.vtp'.
[2022-09-12 09:26:27.983] [info] Loaded model Fal_s1_mtp_sc_MTc5_cspx10_oy1 from file C:\Users\u0150099\Documents\master_thesis\3dpredictsim\OpenSimModel\subject1\Fal_s1_mtp_FK_sc_MTc5_cg0.osim
[2022-09-12 09:26:27.984] [warning] Couldn't find file 'sacrum.vtp'.
[2022-09-12 09:26:27.984] [warning] Couldn't find file 'pelvis.vtp'.
[2022-09-12 09:26:27.984] [warning] Couldn't find file 'l_pelvis.vtp'.
[2022-09-12 09:26:27.984] [warning] Couldn't find file 'femur_r.vtp'.
[2022-09-12 09:26:27.984] [warning] Couldn't find file 'tibia_r.vtp'.
[2022-09-12 09:26:27.984] [warning] Couldn't find file 'fibula_r.vtp'.
[2022-09-12 09:26:27.984] [warning] Couldn't find file 'talus_rv.vtp'.
[2022-09-12 09:26:27.984] [warning] Couldn't find file 'calcaneous_rv.vtp'.
[2022-09-12 09:26:27.984] [warning] Couldn't find file 'model_r_midfoot.stl'.
[2022-09-12 09:26:27.984] [warning] Couldn't find file 'model_r_forefoot.stl'.
[2022-09-12 09:26:27.985] [warning] Couldn't find file 'model_r_toes.stl'.
[2022-09-12 09:26:27.985] [warning] Couldn't find file 'femur_l.vtp'.
[2022-09-12 09:26:27.985] [warning] Couldn't find file 'tibia_l.vtp'.
[2022-09-12 09:26:27.985] [warning] Couldn't find file 'fibula_l.vtp'.
[2022-09-12 09:26:27.985] [warning] Couldn't find file 'talus_lv.vtp'.
[2022-09-12 09:26:27.985] [warning] Couldn't find file 'calcaneous_lv.vtp'.
[2022-09-12 09:26:27.985] [warning] Couldn't find file 'model_l_midfoot.stl'.
[2022-09-12 09:26:27.985] [warning] Couldn't find file 'model_l_forefoot.stl'.
[2022-09-12 09:26:27.985] [warning] Couldn't find file 'model_l_toes.stl'.
[2022-09-12 09:26:27.985] [warning] Couldn't find file 'hat_spine.vtp'.
[2022-09-12 09:26:27.985] [warning] Couldn't find file 'hat_jaw.vtp'.
[2022-09-12 09:26:27.985] [warning] Couldn't find file 'hat_skull.vtp'.
[2022-09-12 09:26:27.985] [warning] Couldn't find file 'hat_ribs_scap.vtp'.
[2022-09-12 09:26:27.985] [warning] Couldn't find file 'humerus_rv.vtp'.
[2022-09-12 09:26:27.985] [warning] Couldn't find file 'ulna_rv.vtp'.
[2022-09-12 09:26:27.986] [warning] Couldn't find file 'radius_rv.vtp'.
[2022-09-12 09:26:27.986] [warning] Couldn't find file 'pisiform_rvs.vtp'.
[2022-09-12 09:26:27.986] [warning] Couldn't find file 'lunate_rvs.vtp'.
[2022-09-12 09:26:27.986] [warning] Couldn't find file 'scaphoid_rvs.vtp'.
[2022-09-12 09:26:27.986] [warning] Couldn't find file 'triquetrum_rvs.vtp'.
[2022-09-12 09:26:27.986] [warning] Couldn't find file 'hamate_rvs.vtp'.
[2022-09-12 09:26:27.986] [warning] Couldn't find file 'capitate_rvs.vtp'.
[2022-09-12 09:26:27.986] [warning] Couldn't find file 'trapezoid_rvs.vtp'.
[2022-09-12 09:26:27.986] [warning] Couldn't find file 'trapezium_rvs.vtp'.
[2022-09-12 09:26:27.986] [warning] Couldn't find file 'metacarpal2_rvs.vtp'.
[2022-09-12 09:26:27.986] [warning] Couldn't find file 'index_proximal_rvs.vtp'.
[2022-09-12 09:26:27.986] [warning] Couldn't find file 'index_medial_rvs.vtp'.
[2022-09-12 09:26:27.986] [warning] Couldn't find file 'index_distal_rvs.vtp'.
[2022-09-12 09:26:27.986] [warning] Couldn't find file 'metacarpal3_rvs.vtp'.
[2022-09-12 09:26:27.986] [warning] Couldn't find file 'middle_proximal_rvs.vtp'.
[2022-09-12 09:26:27.987] [warning] Couldn't find file 'middle_medial_rvs.vtp'.
[2022-09-12 09:26:27.987] [warning] Couldn't find file 'middle_distal_rvs.vtp'.
[2022-09-12 09:26:27.987] [warning] Couldn't find file 'metacarpal4_rvs.vtp'.
[2022-09-12 09:26:27.987] [warning] Couldn't find file 'ring_proximal_rvs.vtp'.
[2022-09-12 09:26:27.987] [warning] Couldn't find file 'ring_medial_rvs.vtp'.
[2022-09-12 09:26:27.987] [warning] Couldn't find file 'ring_distal_rvs.vtp'.
[2022-09-12 09:26:27.987] [warning] Couldn't find file 'metacarpal5_rvs.vtp'.
[2022-09-12 09:26:27.987] [warning] Couldn't find file 'little_proximal_rvs.vtp'.
[2022-09-12 09:26:27.987] [warning] Couldn't find file 'little_medial_rvs.vtp'.
[2022-09-12 09:26:27.987] [warning] Couldn't find file 'little_distal_rvs.vtp'.
[2022-09-12 09:26:27.987] [warning] Couldn't find file 'metacarpal1_rvs.vtp'.
[2022-09-12 09:26:27.987] [warning] Couldn't find file 'thumb_proximal_rvs.vtp'.
[2022-09-12 09:26:27.987] [warning] Couldn't find file 'thumb_distal_rvs.vtp'.
[2022-09-12 09:26:27.987] [warning] Couldn't find file 'humerus_lv.vtp'.
[2022-09-12 09:26:27.987] [warning] Couldn't find file 'ulna_lv.vtp'.
[2022-09-12 09:26:27.987] [warning] Couldn't find file 'radius_lv.vtp'.
[2022-09-12 09:26:27.988] [warning] Couldn't find file 'pisiform_lvs.vtp'.
[2022-09-12 09:26:27.988] [warning] Couldn't find file 'lunate_lvs.vtp'.
[2022-09-12 09:26:27.988] [warning] Couldn't find file 'scaphoid_lvs.vtp'.
[2022-09-12 09:26:27.988] [warning] Couldn't find file 'triquetrum_lvs.vtp'.
[2022-09-12 09:26:27.988] [warning] Couldn't find file 'hamate_lvs.vtp'.
[2022-09-12 09:26:27.988] [warning] Couldn't find file 'capitate_lvs.vtp'.
[2022-09-12 09:26:27.988] [warning] Couldn't find file 'trapezoid_lvs.vtp'.
[2022-09-12 09:26:27.988] [warning] Couldn't find file 'trapezium_lvs.vtp'.
[2022-09-12 09:26:27.988] [warning] Couldn't find file 'metacarpal2_lvs.vtp'.
[2022-09-12 09:26:27.988] [warning] Couldn't find file 'index_proximal_lvs.vtp'.
[2022-09-12 09:26:27.988] [warning] Couldn't find file 'index_medial_lvs.vtp'.
[2022-09-12 09:26:27.988] [warning] Couldn't find file 'index_distal_lvs.vtp'.
[2022-09-12 09:26:27.988] [warning] Couldn't find file 'metacarpal3_lvs.vtp'.
[2022-09-12 09:26:27.988] [warning] Couldn't find file 'middle_proximal_lvs.vtp'.
[2022-09-12 09:26:27.988] [warning] Couldn't find file 'middle_medial_lvs.vtp'.
[2022-09-12 09:26:27.988] [warning] Couldn't find file 'middle_distal_lvs.vtp'.
[2022-09-12 09:26:27.989] [warning] Couldn't find file 'metacarpal4_lvs.vtp'.
[2022-09-12 09:26:27.989] [warning] Couldn't find file 'ring_proximal_lvs.vtp'.
[2022-09-12 09:26:27.989] [warning] Couldn't find file 'ring_medial_lvs.vtp'.
[2022-09-12 09:26:27.989] [warning] Couldn't find file 'ring_distal_lvs.vtp'.
[2022-09-12 09:26:27.989] [warning] Couldn't find file 'metacarpal5_lvs.vtp'.
[2022-09-12 09:26:27.989] [warning] Couldn't find file 'little_proximal_lvs.vtp'.
[2022-09-12 09:26:27.989] [warning] Couldn't find file 'little_medial_lvs.vtp'.
[2022-09-12 09:26:27.989] [warning] Couldn't find file 'little_distal_lvs.vtp'.
[2022-09-12 09:26:27.989] [warning] Couldn't find file 'metacarpal1_lvs.vtp'.
[2022-09-12 09:26:27.989] [warning] Couldn't find file 'thumb_proximal_lvs.vtp'.
[2022-09-12 09:26:27.989] [warning] Couldn't find file 'thumb_distal_lvs.vtp'.
[2022-09-12 09:27:39.705] [info] Loaded model subject1_withMTJ_locked_scaled_custom from file C:\Users\u0150099\Documents\master_thesis\3dpredictsim\OpenSimModel\subject1\Fal_s1_mtjc4_FK_sc_MTc5_cspx10_oy3.osim
[2022-09-12 09:27:39.706] [warning] Couldn't find file 'sacrum.vtp'.
[2022-09-12 09:27:39.706] [warning] Couldn't find file 'pelvis.vtp'.
[2022-09-12 09:27:39.706] [warning] Couldn't find file 'l_pelvis.vtp'.
[2022-09-12 09:27:39.706] [warning] Couldn't find file 'femur_r.vtp'.
[2022-09-12 09:27:39.706] [warning] Couldn't find file 'tibia_r.vtp'.
[2022-09-12 09:27:39.706] [warning] Couldn't find file 'fibula_r.vtp'.
[2022-09-12 09:27:39.706] [warning] Couldn't find file 'talus_rv.vtp'.
[2022-09-12 09:27:39.706] [warning] Couldn't find file 'calcaneous_rv.vtp'.
[2022-09-12 09:27:39.706] [warning] Couldn't find file 'model_r_midfoot.stl'.
[2022-09-12 09:27:39.706] [warning] Couldn't find file 'model_r_forefoot.stl'.
[2022-09-12 09:27:39.706] [warning] Couldn't find file 'model_r_toes.stl'.
[2022-09-12 09:27:39.706] [warning] Couldn't find file 'femur_l.vtp'.
[2022-09-12 09:27:39.706] [warning] Couldn't find file 'tibia_l.vtp'.
[2022-09-12 09:27:39.706] [warning] Couldn't find file 'fibula_l.vtp'.
[2022-09-12 09:27:39.706] [warning] Couldn't find file 'talus_lv.vtp'.
[2022-09-12 09:27:39.707] [warning] Couldn't find file 'calcaneous_lv.vtp'.
[2022-09-12 09:27:39.707] [warning] Couldn't find file 'model_l_midfoot.stl'.
[2022-09-12 09:27:39.707] [warning] Couldn't find file 'model_l_forefoot.stl'.
[2022-09-12 09:27:39.707] [warning] Couldn't find file 'model_l_toes.stl'.
[2022-09-12 09:27:39.707] [warning] Couldn't find file 'hat_spine.vtp'.
[2022-09-12 09:27:39.707] [warning] Couldn't find file 'hat_jaw.vtp'.
[2022-09-12 09:27:39.707] [warning] Couldn't find file 'hat_skull.vtp'.
[2022-09-12 09:27:39.707] [warning] Couldn't find file 'hat_ribs_scap.vtp'.
[2022-09-12 09:27:39.707] [warning] Couldn't find file 'humerus_rv.vtp'.
[2022-09-12 09:27:39.707] [warning] Couldn't find file 'ulna_rv.vtp'.
[2022-09-12 09:27:39.707] [warning] Couldn't find file 'radius_rv.vtp'.
[2022-09-12 09:27:39.707] [warning] Couldn't find file 'pisiform_rvs.vtp'.
[2022-09-12 09:27:39.707] [warning] Couldn't find file 'lunate_rvs.vtp'.
[2022-09-12 09:27:39.707] [warning] Couldn't find file 'scaphoid_rvs.vtp'.
[2022-09-12 09:27:39.707] [warning] Couldn't find file 'triquetrum_rvs.vtp'.
[2022-09-12 09:27:39.707] [warning] Couldn't find file 'hamate_rvs.vtp'.
[2022-09-12 09:27:39.707] [warning] Couldn't find file 'capitate_rvs.vtp'.
[2022-09-12 09:27:39.708] [warning] Couldn't find file 'trapezoid_rvs.vtp'.
[2022-09-12 09:27:39.708] [warning] Couldn't find file 'trapezium_rvs.vtp'.
[2022-09-12 09:27:39.708] [warning] Couldn't find file 'metacarpal2_rvs.vtp'.
[2022-09-12 09:27:39.708] [warning] Couldn't find file 'index_proximal_rvs.vtp'.
[2022-09-12 09:27:39.708] [warning] Couldn't find file 'index_medial_rvs.vtp'.
[2022-09-12 09:27:39.708] [warning] Couldn't find file 'index_distal_rvs.vtp'.
[2022-09-12 09:27:39.708] [warning] Couldn't find file 'metacarpal3_rvs.vtp'.
[2022-09-12 09:27:39.708] [warning] Couldn't find file 'middle_proximal_rvs.vtp'.
[2022-09-12 09:27:39.708] [warning] Couldn't find file 'middle_medial_rvs.vtp'.
[2022-09-12 09:27:39.708] [warning] Couldn't find file 'middle_distal_rvs.vtp'.
[2022-09-12 09:27:39.708] [warning] Couldn't find file 'metacarpal4_rvs.vtp'.
[2022-09-12 09:27:39.708] [warning] Couldn't find file 'ring_proximal_rvs.vtp'.
[2022-09-12 09:27:39.708] [warning] Couldn't find file 'ring_medial_rvs.vtp'.
[2022-09-12 09:27:39.708] [warning] Couldn't find file 'ring_distal_rvs.vtp'.
[2022-09-12 09:27:39.708] [warning] Couldn't find file 'metacarpal5_rvs.vtp'.
[2022-09-12 09:27:39.708] [warning] Couldn't find file 'little_proximal_rvs.vtp'.
[2022-09-12 09:27:39.709] [warning] Couldn't find file 'little_medial_rvs.vtp'.
[2022-09-12 09:27:39.709] [warning] Couldn't find file 'little_distal_rvs.vtp'.
[2022-09-12 09:27:39.709] [warning] Couldn't find file 'metacarpal1_rvs.vtp'.
[2022-09-12 09:27:39.709] [warning] Couldn't find file 'thumb_proximal_rvs.vtp'.
[2022-09-12 09:27:39.709] [warning] Couldn't find file 'thumb_distal_rvs.vtp'.
[2022-09-12 09:27:39.709] [warning] Couldn't find file 'humerus_lv.vtp'.
[2022-09-12 09:27:39.709] [warning] Couldn't find file 'ulna_lv.vtp'.
[2022-09-12 09:27:39.709] [warning] Couldn't find file 'radius_lv.vtp'.
[2022-09-12 09:27:39.709] [warning] Couldn't find file 'pisiform_lvs.vtp'.
[2022-09-12 09:27:39.709] [warning] Couldn't find file 'lunate_lvs.vtp'.
[2022-09-12 09:27:39.709] [warning] Couldn't find file 'scaphoid_lvs.vtp'.
[2022-09-12 09:27:39.709] [warning] Couldn't find file 'triquetrum_lvs.vtp'.
[2022-09-12 09:27:39.709] [warning] Couldn't find file 'hamate_lvs.vtp'.
[2022-09-12 09:27:39.709] [warning] Couldn't find file 'capitate_lvs.vtp'.
[2022-09-12 09:27:39.709] [warning] Couldn't find file 'trapezoid_lvs.vtp'.
[2022-09-12 09:27:39.709] [warning] Couldn't find file 'trapezium_lvs.vtp'.
[2022-09-12 09:27:39.710] [warning] Couldn't find file 'metacarpal2_lvs.vtp'.
[2022-09-12 09:27:39.710] [warning] Couldn't find file 'index_proximal_lvs.vtp'.
[2022-09-12 09:27:39.710] [warning] Couldn't find file 'index_medial_lvs.vtp'.
[2022-09-12 09:27:39.710] [warning] Couldn't find file 'index_distal_lvs.vtp'.
[2022-09-12 09:27:39.710] [warning] Couldn't find file 'metacarpal3_lvs.vtp'.
[2022-09-12 09:27:39.710] [warning] Couldn't find file 'middle_proximal_lvs.vtp'.
[2022-09-12 09:27:39.710] [warning] Couldn't find file 'middle_medial_lvs.vtp'.
[2022-09-12 09:27:39.710] [warning] Couldn't find file 'middle_distal_lvs.vtp'.
[2022-09-12 09:27:39.710] [warning] Couldn't find file 'metacarpal4_lvs.vtp'.
[2022-09-12 09:27:39.710] [warning] Couldn't find file 'ring_proximal_lvs.vtp'.
[2022-09-12 09:27:39.710] [warning] Couldn't find file 'ring_medial_lvs.vtp'.
[2022-09-12 09:27:39.710] [warning] Couldn't find file 'ring_distal_lvs.vtp'.
[2022-09-12 09:27:39.710] [warning] Couldn't find file 'metacarpal5_lvs.vtp'.
[2022-09-12 09:27:39.710] [warning] Couldn't find file 'little_proximal_lvs.vtp'.
[2022-09-12 09:27:39.710] [warning] Couldn't find file 'little_medial_lvs.vtp'.
[2022-09-12 09:27:39.710] [warning] Couldn't find file 'little_distal_lvs.vtp'.
[2022-09-12 09:27:39.710] [warning] Couldn't find file 'metacarpal1_lvs.vtp'.
[2022-09-12 09:27:39.710] [warning] Couldn't find file 'thumb_proximal_lvs.vtp'.
[2022-09-12 09:27:39.711] [warning] Couldn't find file 'thumb_distal_lvs.vtp'.
[2022-09-12 09:27:40.146] [info] Loaded model subject1_withMTJ_locked_scaled_custom from file C:\Users\u0150099\Documents\master_thesis\3dpredictsim\OpenSimModel\subject1\Fal_s1_mtjc4_FK_sc_FDB2_MTc5_cg0.osim
[2022-09-12 09:27:40.146] [warning] Couldn't find file 'sacrum.vtp'.
[2022-09-12 09:27:40.146] [warning] Couldn't find file 'pelvis.vtp'.
[2022-09-12 09:27:40.146] [warning] Couldn't find file 'l_pelvis.vtp'.
[2022-09-12 09:27:40.146] [warning] Couldn't find file 'femur_r.vtp'.
[2022-09-12 09:27:40.146] [warning] Couldn't find file 'tibia_r.vtp'.
[2022-09-12 09:27:40.147] [warning] Couldn't find file 'fibula_r.vtp'.
[2022-09-12 09:27:40.147] [warning] Couldn't find file 'talus_rv.vtp'.
[2022-09-12 09:27:40.147] [warning] Couldn't find file 'calcaneous_rv.vtp'.
[2022-09-12 09:27:40.147] [warning] Couldn't find file 'model_r_midfoot.stl'.
[2022-09-12 09:27:40.147] [warning] Couldn't find file 'model_r_forefoot.stl'.
[2022-09-12 09:27:40.147] [warning] Couldn't find file 'model_r_toes.stl'.
[2022-09-12 09:27:40.147] [warning] Couldn't find file 'femur_l.vtp'.
[2022-09-12 09:27:40.147] [warning] Couldn't find file 'tibia_l.vtp'.
[2022-09-12 09:27:40.147] [warning] Couldn't find file 'fibula_l.vtp'.
[2022-09-12 09:27:40.147] [warning] Couldn't find file 'talus_lv.vtp'.
[2022-09-12 09:27:40.147] [warning] Couldn't find file 'calcaneous_lv.vtp'.
[2022-09-12 09:27:40.147] [warning] Couldn't find file 'model_l_midfoot.stl'.
[2022-09-12 09:27:40.147] [warning] Couldn't find file 'model_l_forefoot.stl'.
[2022-09-12 09:27:40.147] [warning] Couldn't find file 'model_l_toes.stl'.
[2022-09-12 09:27:40.147] [warning] Couldn't find file 'hat_spine.vtp'.
[2022-09-12 09:27:40.147] [warning] Couldn't find file 'hat_jaw.vtp'.
[2022-09-12 09:27:40.147] [warning] Couldn't find file 'hat_skull.vtp'.
[2022-09-12 09:27:40.148] [warning] Couldn't find file 'hat_ribs_scap.vtp'.
[2022-09-12 09:27:40.148] [warning] Couldn't find file 'humerus_rv.vtp'.
[2022-09-12 09:27:40.148] [warning] Couldn't find file 'ulna_rv.vtp'.
[2022-09-12 09:27:40.148] [warning] Couldn't find file 'radius_rv.vtp'.
[2022-09-12 09:27:40.148] [warning] Couldn't find file 'pisiform_rvs.vtp'.
[2022-09-12 09:27:40.148] [warning] Couldn't find file 'lunate_rvs.vtp'.
[2022-09-12 09:27:40.148] [warning] Couldn't find file 'scaphoid_rvs.vtp'.
[2022-09-12 09:27:40.148] [warning] Couldn't find file 'triquetrum_rvs.vtp'.
[2022-09-12 09:27:40.148] [warning] Couldn't find file 'hamate_rvs.vtp'.
[2022-09-12 09:27:40.148] [warning] Couldn't find file 'capitate_rvs.vtp'.
[2022-09-12 09:27:40.148] [warning] Couldn't find file 'trapezoid_rvs.vtp'.
[2022-09-12 09:27:40.148] [warning] Couldn't find file 'trapezium_rvs.vtp'.
[2022-09-12 09:27:40.148] [warning] Couldn't find file 'metacarpal2_rvs.vtp'.
[2022-09-12 09:27:40.148] [warning] Couldn't find file 'index_proximal_rvs.vtp'.
[2022-09-12 09:27:40.148] [warning] Couldn't find file 'index_medial_rvs.vtp'.
[2022-09-12 09:27:40.148] [warning] Couldn't find file 'index_distal_rvs.vtp'.
[2022-09-12 09:27:40.148] [warning] Couldn't find file 'metacarpal3_rvs.vtp'.
[2022-09-12 09:27:40.149] [warning] Couldn't find file 'middle_proximal_rvs.vtp'.
[2022-09-12 09:27:40.149] [warning] Couldn't find file 'middle_medial_rvs.vtp'.
[2022-09-12 09:27:40.149] [warning] Couldn't find file 'middle_distal_rvs.vtp'.
[2022-09-12 09:27:40.149] [warning] Couldn't find file 'metacarpal4_rvs.vtp'.
[2022-09-12 09:27:40.149] [warning] Couldn't find file 'ring_proximal_rvs.vtp'.
[2022-09-12 09:27:40.149] [warning] Couldn't find file 'ring_medial_rvs.vtp'.
[2022-09-12 09:27:40.149] [warning] Couldn't find file 'ring_distal_rvs.vtp'.
[2022-09-12 09:27:40.149] [warning] Couldn't find file 'metacarpal5_rvs.vtp'.
[2022-09-12 09:27:40.149] [warning] Couldn't find file 'little_proximal_rvs.vtp'.
[2022-09-12 09:27:40.149] [warning] Couldn't find file 'little_medial_rvs.vtp'.
[2022-09-12 09:27:40.149] [warning] Couldn't find file 'little_distal_rvs.vtp'.
[2022-09-12 09:27:40.149] [warning] Couldn't find file 'metacarpal1_rvs.vtp'.
[2022-09-12 09:27:40.149] [warning] Couldn't find file 'thumb_proximal_rvs.vtp'.
[2022-09-12 09:27:40.149] [warning] Couldn't find file 'thumb_distal_rvs.vtp'.
[2022-09-12 09:27:40.149] [warning] Couldn't find file 'humerus_lv.vtp'.
[2022-09-12 09:27:40.149] [warning] Couldn't find file 'ulna_lv.vtp'.
[2022-09-12 09:27:40.149] [warning] Couldn't find file 'radius_lv.vtp'.
[2022-09-12 09:27:40.149] [warning] Couldn't find file 'pisiform_lvs.vtp'.
[2022-09-12 09:27:40.150] [warning] Couldn't find file 'lunate_lvs.vtp'.
[2022-09-12 09:27:40.150] [warning] Couldn't find file 'scaphoid_lvs.vtp'.
[2022-09-12 09:27:40.150] [warning] Couldn't find file 'triquetrum_lvs.vtp'.
[2022-09-12 09:27:40.150] [warning] Couldn't find file 'hamate_lvs.vtp'.
[2022-09-12 09:27:40.150] [warning] Couldn't find file 'capitate_lvs.vtp'.
[2022-09-12 09:27:40.150] [warning] Couldn't find file 'trapezoid_lvs.vtp'.
[2022-09-12 09:27:40.150] [warning] Couldn't find file 'trapezium_lvs.vtp'.
[2022-09-12 09:27:40.150] [warning] Couldn't find file 'metacarpal2_lvs.vtp'.
[2022-09-12 09:27:40.150] [warning] Couldn't find file 'index_proximal_lvs.vtp'.
[2022-09-12 09:27:40.150] [warning] Couldn't find file 'index_medial_lvs.vtp'.
[2022-09-12 09:27:40.150] [warning] Couldn't find file 'index_distal_lvs.vtp'.
[2022-09-12 09:27:40.150] [warning] Couldn't find file 'metacarpal3_lvs.vtp'.
[2022-09-12 09:27:40.150] [warning] Couldn't find file 'middle_proximal_lvs.vtp'.
[2022-09-12 09:27:40.150] [warning] Couldn't find file 'middle_medial_lvs.vtp'.
[2022-09-12 09:27:40.150] [warning] Couldn't find file 'middle_distal_lvs.vtp'.
[2022-09-12 09:27:40.150] [warning] Couldn't find file 'metacarpal4_lvs.vtp'.
[2022-09-12 09:27:40.150] [warning] Couldn't find file 'ring_proximal_lvs.vtp'.
[2022-09-12 09:27:40.150] [warning] Couldn't find file 'ring_medial_lvs.vtp'.
[2022-09-12 09:27:40.151] [warning] Couldn't find file 'ring_distal_lvs.vtp'.
[2022-09-12 09:27:40.151] [warning] Couldn't find file 'metacarpal5_lvs.vtp'.
[2022-09-12 09:27:40.151] [warning] Couldn't find file 'little_proximal_lvs.vtp'.
[2022-09-12 09:27:40.151] [warning] Couldn't find file 'little_medial_lvs.vtp'.
[2022-09-12 09:27:40.151] [warning] Couldn't find file 'little_distal_lvs.vtp'.
[2022-09-12 09:27:40.151] [warning] Couldn't find file 'metacarpal1_lvs.vtp'.
[2022-09-12 09:27:40.151] [warning] Couldn't find file 'thumb_proximal_lvs.vtp'.
[2022-09-12 09:27:40.151] [warning] Couldn't find file 'thumb_distal_lvs.vtp'.
[2022-09-12 09:38:39.843] [info] Loaded model Fal_s1_mtp_sc_MTc5_cspx10_oy1 from file C:\Users\u0150099\Documents\master_thesis\3dpredictsim\OpenSimModel\subject1\Fal_s1_mtp_FK_sc_MTc5_cg0.osim
[2022-09-12 09:38:39.844] [warning] Couldn't find file 'sacrum.vtp'.
[2022-09-12 09:38:39.844] [warning] Couldn't find file 'pelvis.vtp'.
[2022-09-12 09:38:39.844] [warning] Couldn't find file 'l_pelvis.vtp'.
[2022-09-12 09:38:39.844] [warning] Couldn't find file 'femur_r.vtp'.
[2022-09-12 09:38:39.844] [warning] Couldn't find file 'tibia_r.vtp'.
[2022-09-12 09:38:39.844] [warning] Couldn't find file 'fibula_r.vtp'.
[2022-09-12 09:38:39.844] [warning] Couldn't find file 'talus_rv.vtp'.
[2022-09-12 09:38:39.844] [warning] Couldn't find file 'calcaneous_rv.vtp'.
[2022-09-12 09:38:39.844] [warning] Couldn't find file 'model_r_midfoot.stl'.
[2022-09-12 09:38:39.844] [warning] Couldn't find file 'model_r_forefoot.stl'.
[2022-09-12 09:38:39.845] [warning] Couldn't find file 'model_r_toes.stl'.
[2022-09-12 09:38:39.845] [warning] Couldn't find file 'femur_l.vtp'.
[2022-09-12 09:38:39.845] [warning] Couldn't find file 'tibia_l.vtp'.
[2022-09-12 09:38:39.845] [warning] Couldn't find file 'fibula_l.vtp'.
[2022-09-12 09:38:39.845] [warning] Couldn't find file 'talus_lv.vtp'.
[2022-09-12 09:38:39.845] [warning] Couldn't find file 'calcaneous_lv.vtp'.
[2022-09-12 09:38:39.845] [warning] Couldn't find file 'model_l_midfoot.stl'.
[2022-09-12 09:38:39.845] [warning] Couldn't find file 'model_l_forefoot.stl'.
[2022-09-12 09:38:39.845] [warning] Couldn't find file 'model_l_toes.stl'.
[2022-09-12 09:38:39.845] [warning] Couldn't find file 'hat_spine.vtp'.
[2022-09-12 09:38:39.845] [warning] Couldn't find file 'hat_jaw.vtp'.
[2022-09-12 09:38:39.845] [warning] Couldn't find file 'hat_skull.vtp'.
[2022-09-12 09:38:39.845] [warning] Couldn't find file 'hat_ribs_scap.vtp'.
[2022-09-12 09:38:39.845] [warning] Couldn't find file 'humerus_rv.vtp'.
[2022-09-12 09:38:39.845] [warning] Couldn't find file 'ulna_rv.vtp'.
[2022-09-12 09:38:39.845] [warning] Couldn't find file 'radius_rv.vtp'.
[2022-09-12 09:38:39.846] [warning] Couldn't find file 'pisiform_rvs.vtp'.
[2022-09-12 09:38:39.846] [warning] Couldn't find file 'lunate_rvs.vtp'.
[2022-09-12 09:38:39.846] [warning] Couldn't find file 'scaphoid_rvs.vtp'.
[2022-09-12 09:38:39.846] [warning] Couldn't find file 'triquetrum_rvs.vtp'.
[2022-09-12 09:38:39.846] [warning] Couldn't find file 'hamate_rvs.vtp'.
[2022-09-12 09:38:39.846] [warning] Couldn't find file 'capitate_rvs.vtp'.
[2022-09-12 09:38:39.846] [warning] Couldn't find file 'trapezoid_rvs.vtp'.
[2022-09-12 09:38:39.846] [warning] Couldn't find file 'trapezium_rvs.vtp'.
[2022-09-12 09:38:39.846] [warning] Couldn't find file 'metacarpal2_rvs.vtp'.
[2022-09-12 09:38:39.846] [warning] Couldn't find file 'index_proximal_rvs.vtp'.
[2022-09-12 09:38:39.846] [warning] Couldn't find file 'index_medial_rvs.vtp'.
[2022-09-12 09:38:39.846] [warning] Couldn't find file 'index_distal_rvs.vtp'.
[2022-09-12 09:38:39.846] [warning] Couldn't find file 'metacarpal3_rvs.vtp'.
[2022-09-12 09:38:39.846] [warning] Couldn't find file 'middle_proximal_rvs.vtp'.
[2022-09-12 09:38:39.846] [warning] Couldn't find file 'middle_medial_rvs.vtp'.
[2022-09-12 09:38:39.846] [warning] Couldn't find file 'middle_distal_rvs.vtp'.
[2022-09-12 09:38:39.847] [warning] Couldn't find file 'metacarpal4_rvs.vtp'.
[2022-09-12 09:38:39.847] [warning] Couldn't find file 'ring_proximal_rvs.vtp'.
[2022-09-12 09:38:39.847] [warning] Couldn't find file 'ring_medial_rvs.vtp'.
[2022-09-12 09:38:39.847] [warning] Couldn't find file 'ring_distal_rvs.vtp'.
[2022-09-12 09:38:39.847] [warning] Couldn't find file 'metacarpal5_rvs.vtp'.
[2022-09-12 09:38:39.847] [warning] Couldn't find file 'little_proximal_rvs.vtp'.
[2022-09-12 09:38:39.847] [warning] Couldn't find file 'little_medial_rvs.vtp'.
[2022-09-12 09:38:39.847] [warning] Couldn't find file 'little_distal_rvs.vtp'.
[2022-09-12 09:38:39.847] [warning] Couldn't find file 'metacarpal1_rvs.vtp'.
[2022-09-12 09:38:39.847] [warning] Couldn't find file 'thumb_proximal_rvs.vtp'.
[2022-09-12 09:38:39.847] [warning] Couldn't find file 'thumb_distal_rvs.vtp'.
[2022-09-12 09:38:39.847] [warning] Couldn't find file 'humerus_lv.vtp'.
[2022-09-12 09:38:39.847] [warning] Couldn't find file 'ulna_lv.vtp'.
[2022-09-12 09:38:39.847] [warning] Couldn't find file 'radius_lv.vtp'.
[2022-09-12 09:38:39.847] [warning] Couldn't find file 'pisiform_lvs.vtp'.
[2022-09-12 09:38:39.847] [warning] Couldn't find file 'lunate_lvs.vtp'.
[2022-09-12 09:38:39.847] [warning] Couldn't find file 'scaphoid_lvs.vtp'.
[2022-09-12 09:38:39.848] [warning] Couldn't find file 'triquetrum_lvs.vtp'.
[2022-09-12 09:38:39.848] [warning] Couldn't find file 'hamate_lvs.vtp'.
[2022-09-12 09:38:39.848] [warning] Couldn't find file 'capitate_lvs.vtp'.
[2022-09-12 09:38:39.848] [warning] Couldn't find file 'trapezoid_lvs.vtp'.
[2022-09-12 09:38:39.848] [warning] Couldn't find file 'trapezium_lvs.vtp'.
[2022-09-12 09:38:39.848] [warning] Couldn't find file 'metacarpal2_lvs.vtp'.
[2022-09-12 09:38:39.848] [warning] Couldn't find file 'index_proximal_lvs.vtp'.
[2022-09-12 09:38:39.848] [warning] Couldn't find file 'index_medial_lvs.vtp'.
[2022-09-12 09:38:39.848] [warning] Couldn't find file 'index_distal_lvs.vtp'.
[2022-09-12 09:38:39.848] [warning] Couldn't find file 'metacarpal3_lvs.vtp'.
[2022-09-12 09:38:39.848] [warning] Couldn't find file 'middle_proximal_lvs.vtp'.
[2022-09-12 09:38:39.848] [warning] Couldn't find file 'middle_medial_lvs.vtp'.
[2022-09-12 09:38:39.848] [warning] Couldn't find file 'middle_distal_lvs.vtp'.
[2022-09-12 09:38:39.848] [warning] Couldn't find file 'metacarpal4_lvs.vtp'.
[2022-09-12 09:38:39.848] [warning] Couldn't find file 'ring_proximal_lvs.vtp'.
[2022-09-12 09:38:39.848] [warning] Couldn't find file 'ring_medial_lvs.vtp'.
[2022-09-12 09:38:39.848] [warning] Couldn't find file 'ring_distal_lvs.vtp'.
[2022-09-12 09:38:39.849] [warning] Couldn't find file 'metacarpal5_lvs.vtp'.
[2022-09-12 09:38:39.849] [warning] Couldn't find file 'little_proximal_lvs.vtp'.
[2022-09-12 09:38:39.849] [warning] Couldn't find file 'little_medial_lvs.vtp'.
[2022-09-12 09:38:39.849] [warning] Couldn't find file 'little_distal_lvs.vtp'.
[2022-09-12 09:38:39.849] [warning] Couldn't find file 'metacarpal1_lvs.vtp'.
[2022-09-12 09:38:39.849] [warning] Couldn't find file 'thumb_proximal_lvs.vtp'.
[2022-09-12 09:38:39.849] [warning] Couldn't find file 'thumb_distal_lvs.vtp'.
[2022-09-12 09:39:35.104] [info] Loaded model Fal_s1_mtp_sc_MTc5_cspx10_oy1 from file C:\Users\u0150099\Documents\master_thesis\3dpredictsim\OpenSimModel\subject1\Fal_s1_mtp_FK_sc_MTc5_cg0.osim
[2022-09-12 09:39:35.104] [warning] Couldn't find file 'sacrum.vtp'.
[2022-09-12 09:39:35.104] [warning] Couldn't find file 'pelvis.vtp'.
[2022-09-12 09:39:35.104] [warning] Couldn't find file 'l_pelvis.vtp'.
[2022-09-12 09:39:35.104] [warning] Couldn't find file 'femur_r.vtp'.
[2022-09-12 09:39:35.104] [warning] Couldn't find file 'tibia_r.vtp'.
[2022-09-12 09:39:35.104] [warning] Couldn't find file 'fibula_r.vtp'.
[2022-09-12 09:39:35.104] [warning] Couldn't find file 'talus_rv.vtp'.
[2022-09-12 09:39:35.104] [warning] Couldn't find file 'calcaneous_rv.vtp'.
[2022-09-12 09:39:35.104] [warning] Couldn't find file 'model_r_midfoot.stl'.
[2022-09-12 09:39:35.105] [warning] Couldn't find file 'model_r_forefoot.stl'.
[2022-09-12 09:39:35.105] [warning] Couldn't find file 'model_r_toes.stl'.
[2022-09-12 09:39:35.105] [warning] Couldn't find file 'femur_l.vtp'.
[2022-09-12 09:39:35.105] [warning] Couldn't find file 'tibia_l.vtp'.
[2022-09-12 09:39:35.105] [warning] Couldn't find file 'fibula_l.vtp'.
[2022-09-12 09:39:35.105] [warning] Couldn't find file 'talus_lv.vtp'.
[2022-09-12 09:39:35.105] [warning] Couldn't find file 'calcaneous_lv.vtp'.
[2022-09-12 09:39:35.105] [warning] Couldn't find file 'model_l_midfoot.stl'.
[2022-09-12 09:39:35.105] [warning] Couldn't find file 'model_l_forefoot.stl'.
[2022-09-12 09:39:35.105] [warning] Couldn't find file 'model_l_toes.stl'.
[2022-09-12 09:39:35.105] [warning] Couldn't find file 'hat_spine.vtp'.
[2022-09-12 09:39:35.105] [warning] Couldn't find file 'hat_jaw.vtp'.
[2022-09-12 09:39:35.105] [warning] Couldn't find file 'hat_skull.vtp'.
[2022-09-12 09:39:35.105] [warning] Couldn't find file 'hat_ribs_scap.vtp'.
[2022-09-12 09:39:35.105] [warning] Couldn't find file 'humerus_rv.vtp'.
[2022-09-12 09:39:35.105] [warning] Couldn't find file 'ulna_rv.vtp'.
[2022-09-12 09:39:35.106] [warning] Couldn't find file 'radius_rv.vtp'.
[2022-09-12 09:39:35.106] [warning] Couldn't find file 'pisiform_rvs.vtp'.
[2022-09-12 09:39:35.106] [warning] Couldn't find file 'lunate_rvs.vtp'.
[2022-09-12 09:39:35.106] [warning] Couldn't find file 'scaphoid_rvs.vtp'.
[2022-09-12 09:39:35.106] [warning] Couldn't find file 'triquetrum_rvs.vtp'.
[2022-09-12 09:39:35.106] [warning] Couldn't find file 'hamate_rvs.vtp'.
[2022-09-12 09:39:35.106] [warning] Couldn't find file 'capitate_rvs.vtp'.
[2022-09-12 09:39:35.106] [warning] Couldn't find file 'trapezoid_rvs.vtp'.
[2022-09-12 09:39:35.106] [warning] Couldn't find file 'trapezium_rvs.vtp'.
[2022-09-12 09:39:35.106] [warning] Couldn't find file 'metacarpal2_rvs.vtp'.
[2022-09-12 09:39:35.106] [warning] Couldn't find file 'index_proximal_rvs.vtp'.
[2022-09-12 09:39:35.106] [warning] Couldn't find file 'index_medial_rvs.vtp'.
[2022-09-12 09:39:35.106] [warning] Couldn't find file 'index_distal_rvs.vtp'.
[2022-09-12 09:39:35.106] [warning] Couldn't find file 'metacarpal3_rvs.vtp'.
[2022-09-12 09:39:35.106] [warning] Couldn't find file 'middle_proximal_rvs.vtp'.
[2022-09-12 09:39:35.106] [warning] Couldn't find file 'middle_medial_rvs.vtp'.
[2022-09-12 09:39:35.106] [warning] Couldn't find file 'middle_distal_rvs.vtp'.
[2022-09-12 09:39:35.106] [warning] Couldn't find file 'metacarpal4_rvs.vtp'.
[2022-09-12 09:39:35.107] [warning] Couldn't find file 'ring_proximal_rvs.vtp'.
[2022-09-12 09:39:35.107] [warning] Couldn't find file 'ring_medial_rvs.vtp'.
[2022-09-12 09:39:35.107] [warning] Couldn't find file 'ring_distal_rvs.vtp'.
[2022-09-12 09:39:35.107] [warning] Couldn't find file 'metacarpal5_rvs.vtp'.
[2022-09-12 09:39:35.107] [warning] Couldn't find file 'little_proximal_rvs.vtp'.
[2022-09-12 09:39:35.107] [warning] Couldn't find file 'little_medial_rvs.vtp'.
[2022-09-12 09:39:35.107] [warning] Couldn't find file 'little_distal_rvs.vtp'.
[2022-09-12 09:39:35.107] [warning] Couldn't find file 'metacarpal1_rvs.vtp'.
[2022-09-12 09:39:35.107] [warning] Couldn't find file 'thumb_proximal_rvs.vtp'.
[2022-09-12 09:39:35.107] [warning] Couldn't find file 'thumb_distal_rvs.vtp'.
[2022-09-12 09:39:35.107] [warning] Couldn't find file 'humerus_lv.vtp'.
[2022-09-12 09:39:35.107] [warning] Couldn't find file 'ulna_lv.vtp'.
[2022-09-12 09:39:35.107] [warning] Couldn't find file 'radius_lv.vtp'.
[2022-09-12 09:39:35.107] [warning] Couldn't find file 'pisiform_lvs.vtp'.
[2022-09-12 09:39:35.107] [warning] Couldn't find file 'lunate_lvs.vtp'.
[2022-09-12 09:39:35.107] [warning] Couldn't find file 'scaphoid_lvs.vtp'.
[2022-09-12 09:39:35.107] [warning] Couldn't find file 'triquetrum_lvs.vtp'.
[2022-09-12 09:39:35.108] [warning] Couldn't find file 'hamate_lvs.vtp'.
[2022-09-12 09:39:35.108] [warning] Couldn't find file 'capitate_lvs.vtp'.
[2022-09-12 09:39:35.108] [warning] Couldn't find file 'trapezoid_lvs.vtp'.
[2022-09-12 09:39:35.108] [warning] Couldn't find file 'trapezium_lvs.vtp'.
[2022-09-12 09:39:35.108] [warning] Couldn't find file 'metacarpal2_lvs.vtp'.
[2022-09-12 09:39:35.108] [warning] Couldn't find file 'index_proximal_lvs.vtp'.
[2022-09-12 09:39:35.108] [warning] Couldn't find file 'index_medial_lvs.vtp'.
[2022-09-12 09:39:35.108] [warning] Couldn't find file 'index_distal_lvs.vtp'.
[2022-09-12 09:39:35.108] [warning] Couldn't find file 'metacarpal3_lvs.vtp'.
[2022-09-12 09:39:35.108] [warning] Couldn't find file 'middle_proximal_lvs.vtp'.
[2022-09-12 09:39:35.108] [warning] Couldn't find file 'middle_medial_lvs.vtp'.
[2022-09-12 09:39:35.108] [warning] Couldn't find file 'middle_distal_lvs.vtp'.
[2022-09-12 09:39:35.108] [warning] Couldn't find file 'metacarpal4_lvs.vtp'.
[2022-09-12 09:39:35.108] [warning] Couldn't find file 'ring_proximal_lvs.vtp'.
[2022-09-12 09:39:35.108] [warning] Couldn't find file 'ring_medial_lvs.vtp'.
[2022-09-12 09:39:35.108] [warning] Couldn't find file 'ring_distal_lvs.vtp'.
[2022-09-12 09:39:35.108] [warning] Couldn't find file 'metacarpal5_lvs.vtp'.
[2022-09-12 09:39:35.108] [warning] Couldn't find file 'little_proximal_lvs.vtp'.
[2022-09-12 09:39:35.108] [warning] Couldn't find file 'little_medial_lvs.vtp'.
[2022-09-12 09:39:35.109] [warning] Couldn't find file 'little_distal_lvs.vtp'.
[2022-09-12 09:39:35.109] [warning] Couldn't find file 'metacarpal1_lvs.vtp'.
[2022-09-12 09:39:35.109] [warning] Couldn't find file 'thumb_proximal_lvs.vtp'.
[2022-09-12 09:39:35.109] [warning] Couldn't find file 'thumb_distal_lvs.vtp'.
[2022-09-12 09:39:35.988] [info] Loaded model subject1_withMTJ_locked_scaled_custom from file C:\Users\u0150099\Documents\master_thesis\3dpredictsim\OpenSimModel\subject1\Fal_s1_mtjc4_FK_sc_MTc5_cspx10_oy3.osim
[2022-09-12 09:39:35.989] [warning] Couldn't find file 'sacrum.vtp'.
[2022-09-12 09:39:35.989] [warning] Couldn't find file 'pelvis.vtp'.
[2022-09-12 09:39:35.989] [warning] Couldn't find file 'l_pelvis.vtp'.
[2022-09-12 09:39:35.989] [warning] Couldn't find file 'femur_r.vtp'.
[2022-09-12 09:39:35.989] [warning] Couldn't find file 'tibia_r.vtp'.
[2022-09-12 09:39:35.989] [warning] Couldn't find file 'fibula_r.vtp'.
[2022-09-12 09:39:35.989] [warning] Couldn't find file 'talus_rv.vtp'.
[2022-09-12 09:39:35.989] [warning] Couldn't find file 'calcaneous_rv.vtp'.
[2022-09-12 09:39:35.989] [warning] Couldn't find file 'model_r_midfoot.stl'.
[2022-09-12 09:39:35.989] [warning] Couldn't find file 'model_r_forefoot.stl'.
[2022-09-12 09:39:35.990] [warning] Couldn't find file 'model_r_toes.stl'.
[2022-09-12 09:39:35.990] [warning] Couldn't find file 'femur_l.vtp'.
[2022-09-12 09:39:35.990] [warning] Couldn't find file 'tibia_l.vtp'.
[2022-09-12 09:39:35.990] [warning] Couldn't find file 'fibula_l.vtp'.
[2022-09-12 09:39:35.990] [warning] Couldn't find file 'talus_lv.vtp'.
[2022-09-12 09:39:35.990] [warning] Couldn't find file 'calcaneous_lv.vtp'.
[2022-09-12 09:39:35.990] [warning] Couldn't find file 'model_l_midfoot.stl'.
[2022-09-12 09:39:35.990] [warning] Couldn't find file 'model_l_forefoot.stl'.
[2022-09-12 09:39:35.990] [warning] Couldn't find file 'model_l_toes.stl'.
[2022-09-12 09:39:35.990] [warning] Couldn't find file 'hat_spine.vtp'.
[2022-09-12 09:39:35.990] [warning] Couldn't find file 'hat_jaw.vtp'.
[2022-09-12 09:39:35.990] [warning] Couldn't find file 'hat_skull.vtp'.
[2022-09-12 09:39:35.990] [warning] Couldn't find file 'hat_ribs_scap.vtp'.
[2022-09-12 09:39:35.990] [warning] Couldn't find file 'humerus_rv.vtp'.
[2022-09-12 09:39:35.990] [warning] Couldn't find file 'ulna_rv.vtp'.
[2022-09-12 09:39:35.990] [warning] Couldn't find file 'radius_rv.vtp'.
[2022-09-12 09:39:35.991] [warning] Couldn't find file 'pisiform_rvs.vtp'.
[2022-09-12 09:39:35.991] [warning] Couldn't find file 'lunate_rvs.vtp'.
[2022-09-12 09:39:35.991] [warning] Couldn't find file 'scaphoid_rvs.vtp'.
[2022-09-12 09:39:35.991] [warning] Couldn't find file 'triquetrum_rvs.vtp'.
[2022-09-12 09:39:35.991] [warning] Couldn't find file 'hamate_rvs.vtp'.
[2022-09-12 09:39:35.991] [warning] Couldn't find file 'capitate_rvs.vtp'.
[2022-09-12 09:39:35.991] [warning] Couldn't find file 'trapezoid_rvs.vtp'.
[2022-09-12 09:39:35.991] [warning] Couldn't find file 'trapezium_rvs.vtp'.
[2022-09-12 09:39:35.991] [warning] Couldn't find file 'metacarpal2_rvs.vtp'.
[2022-09-12 09:39:35.991] [warning] Couldn't find file 'index_proximal_rvs.vtp'.
[2022-09-12 09:39:35.991] [warning] Couldn't find file 'index_medial_rvs.vtp'.
[2022-09-12 09:39:35.991] [warning] Couldn't find file 'index_distal_rvs.vtp'.
[2022-09-12 09:39:35.991] [warning] Couldn't find file 'metacarpal3_rvs.vtp'.
[2022-09-12 09:39:35.991] [warning] Couldn't find file 'middle_proximal_rvs.vtp'.
[2022-09-12 09:39:35.991] [warning] Couldn't find file 'middle_medial_rvs.vtp'.
[2022-09-12 09:39:35.991] [warning] Couldn't find file 'middle_distal_rvs.vtp'.
[2022-09-12 09:39:35.991] [warning] Couldn't find file 'metacarpal4_rvs.vtp'.
[2022-09-12 09:39:35.991] [warning] Couldn't find file 'ring_proximal_rvs.vtp'.
[2022-09-12 09:39:35.992] [warning] Couldn't find file 'ring_medial_rvs.vtp'.
[2022-09-12 09:39:35.992] [warning] Couldn't find file 'ring_distal_rvs.vtp'.
[2022-09-12 09:39:35.992] [warning] Couldn't find file 'metacarpal5_rvs.vtp'.
[2022-09-12 09:39:35.992] [warning] Couldn't find file 'little_proximal_rvs.vtp'.
[2022-09-12 09:39:35.992] [warning] Couldn't find file 'little_medial_rvs.vtp'.
[2022-09-12 09:39:35.992] [warning] Couldn't find file 'little_distal_rvs.vtp'.
[2022-09-12 09:39:35.992] [warning] Couldn't find file 'metacarpal1_rvs.vtp'.
[2022-09-12 09:39:35.992] [warning] Couldn't find file 'thumb_proximal_rvs.vtp'.
[2022-09-12 09:39:35.992] [warning] Couldn't find file 'thumb_distal_rvs.vtp'.
[2022-09-12 09:39:35.992] [warning] Couldn't find file 'humerus_lv.vtp'.
[2022-09-12 09:39:35.992] [warning] Couldn't find file 'ulna_lv.vtp'.
[2022-09-12 09:39:35.992] [warning] Couldn't find file 'radius_lv.vtp'.
[2022-09-12 09:39:35.992] [warning] Couldn't find file 'pisiform_lvs.vtp'.
[2022-09-12 09:39:35.992] [warning] Couldn't find file 'lunate_lvs.vtp'.
[2022-09-12 09:39:35.992] [warning] Couldn't find file 'scaphoid_lvs.vtp'.
[2022-09-12 09:39:35.992] [warning] Couldn't find file 'triquetrum_lvs.vtp'.
[2022-09-12 09:39:35.992] [warning] Couldn't find file 'hamate_lvs.vtp'.
[2022-09-12 09:39:35.992] [warning] Couldn't find file 'capitate_lvs.vtp'.
[2022-09-12 09:39:35.992] [warning] Couldn't find file 'trapezoid_lvs.vtp'.
[2022-09-12 09:39:35.993] [warning] Couldn't find file 'trapezium_lvs.vtp'.
[2022-09-12 09:39:35.993] [warning] Couldn't find file 'metacarpal2_lvs.vtp'.
[2022-09-12 09:39:35.993] [warning] Couldn't find file 'index_proximal_lvs.vtp'.
[2022-09-12 09:39:35.993] [warning] Couldn't find file 'index_medial_lvs.vtp'.
[2022-09-12 09:39:35.993] [warning] Couldn't find file 'index_distal_lvs.vtp'.
[2022-09-12 09:39:35.993] [warning] Couldn't find file 'metacarpal3_lvs.vtp'.
[2022-09-12 09:39:35.993] [warning] Couldn't find file 'middle_proximal_lvs.vtp'.
[2022-09-12 09:39:35.993] [warning] Couldn't find file 'middle_medial_lvs.vtp'.
[2022-09-12 09:39:35.993] [warning] Couldn't find file 'middle_distal_lvs.vtp'.
[2022-09-12 09:39:35.993] [warning] Couldn't find file 'metacarpal4_lvs.vtp'.
[2022-09-12 09:39:35.993] [warning] Couldn't find file 'ring_proximal_lvs.vtp'.
[2022-09-12 09:39:35.993] [warning] Couldn't find file 'ring_medial_lvs.vtp'.
[2022-09-12 09:39:35.993] [warning] Couldn't find file 'ring_distal_lvs.vtp'.
[2022-09-12 09:39:35.993] [warning] Couldn't find file 'metacarpal5_lvs.vtp'.
[2022-09-12 09:39:35.993] [warning] Couldn't find file 'little_proximal_lvs.vtp'.
[2022-09-12 09:39:35.993] [warning] Couldn't find file 'little_medial_lvs.vtp'.
[2022-09-12 09:39:35.993] [warning] Couldn't find file 'little_distal_lvs.vtp'.
[2022-09-12 09:39:35.993] [warning] Couldn't find file 'metacarpal1_lvs.vtp'.
[2022-09-12 09:39:35.994] [warning] Couldn't find file 'thumb_proximal_lvs.vtp'.
[2022-09-12 09:39:35.994] [warning] Couldn't find file 'thumb_distal_lvs.vtp'.
[2022-09-12 09:39:36.563] [info] Loaded model subject1_withMTJ_locked_scaled_custom from file C:\Users\u0150099\Documents\master_thesis\3dpredictsim\OpenSimModel\subject1\Fal_s1_mtjc4_FK_sc_FDB2_MTc5_cg0.osim
[2022-09-12 09:39:36.563] [warning] Couldn't find file 'sacrum.vtp'.
[2022-09-12 09:39:36.563] [warning] Couldn't find file 'pelvis.vtp'.
[2022-09-12 09:39:36.563] [warning] Couldn't find file 'l_pelvis.vtp'.
[2022-09-12 09:39:36.563] [warning] Couldn't find file 'femur_r.vtp'.
[2022-09-12 09:39:36.563] [warning] Couldn't find file 'tibia_r.vtp'.
[2022-09-12 09:39:36.563] [warning] Couldn't find file 'fibula_r.vtp'.
[2022-09-12 09:39:36.564] [warning] Couldn't find file 'talus_rv.vtp'.
[2022-09-12 09:39:36.564] [warning] Couldn't find file 'calcaneous_rv.vtp'.
[2022-09-12 09:39:36.564] [warning] Couldn't find file 'model_r_midfoot.stl'.
[2022-09-12 09:39:36.564] [warning] Couldn't find file 'model_r_forefoot.stl'.
[2022-09-12 09:39:36.564] [warning] Couldn't find file 'model_r_toes.stl'.
[2022-09-12 09:39:36.564] [warning] Couldn't find file 'femur_l.vtp'.
[2022-09-12 09:39:36.564] [warning] Couldn't find file 'tibia_l.vtp'.
[2022-09-12 09:39:36.564] [warning] Couldn't find file 'fibula_l.vtp'.
[2022-09-12 09:39:36.564] [warning] Couldn't find file 'talus_lv.vtp'.
[2022-09-12 09:39:36.564] [warning] Couldn't find file 'calcaneous_lv.vtp'.
[2022-09-12 09:39:36.564] [warning] Couldn't find file 'model_l_midfoot.stl'.
[2022-09-12 09:39:36.564] [warning] Couldn't find file 'model_l_forefoot.stl'.
[2022-09-12 09:39:36.564] [warning] Couldn't find file 'model_l_toes.stl'.
[2022-09-12 09:39:36.564] [warning] Couldn't find file 'hat_spine.vtp'.
[2022-09-12 09:39:36.564] [warning] Couldn't find file 'hat_jaw.vtp'.
[2022-09-12 09:39:36.564] [warning] Couldn't find file 'hat_skull.vtp'.
[2022-09-12 09:39:36.564] [warning] Couldn't find file 'hat_ribs_scap.vtp'.
[2022-09-12 09:39:36.565] [warning] Couldn't find file 'humerus_rv.vtp'.
[2022-09-12 09:39:36.565] [warning] Couldn't find file 'ulna_rv.vtp'.
[2022-09-12 09:39:36.565] [warning] Couldn't find file 'radius_rv.vtp'.
[2022-09-12 09:39:36.565] [warning] Couldn't find file 'pisiform_rvs.vtp'.
[2022-09-12 09:39:36.565] [warning] Couldn't find file 'lunate_rvs.vtp'.
[2022-09-12 09:39:36.565] [warning] Couldn't find file 'scaphoid_rvs.vtp'.
[2022-09-12 09:39:36.565] [warning] Couldn't find file 'triquetrum_rvs.vtp'.
[2022-09-12 09:39:36.565] [warning] Couldn't find file 'hamate_rvs.vtp'.
[2022-09-12 09:39:36.565] [warning] Couldn't find file 'capitate_rvs.vtp'.
[2022-09-12 09:39:36.565] [warning] Couldn't find file 'trapezoid_rvs.vtp'.
[2022-09-12 09:39:36.565] [warning] Couldn't find file 'trapezium_rvs.vtp'.
[2022-09-12 09:39:36.565] [warning] Couldn't find file 'metacarpal2_rvs.vtp'.
[2022-09-12 09:39:36.565] [warning] Couldn't find file 'index_proximal_rvs.vtp'.
[2022-09-12 09:39:36.565] [warning] Couldn't find file 'index_medial_rvs.vtp'.
[2022-09-12 09:39:36.565] [warning] Couldn't find file 'index_distal_rvs.vtp'.
[2022-09-12 09:39:36.565] [warning] Couldn't find file 'metacarpal3_rvs.vtp'.
[2022-09-12 09:39:36.565] [warning] Couldn't find file 'middle_proximal_rvs.vtp'.
[2022-09-12 09:39:36.566] [warning] Couldn't find file 'middle_medial_rvs.vtp'.
[2022-09-12 09:39:36.566] [warning] Couldn't find file 'middle_distal_rvs.vtp'.
[2022-09-12 09:39:36.566] [warning] Couldn't find file 'metacarpal4_rvs.vtp'.
[2022-09-12 09:39:36.566] [warning] Couldn't find file 'ring_proximal_rvs.vtp'.
[2022-09-12 09:39:36.566] [warning] Couldn't find file 'ring_medial_rvs.vtp'.
[2022-09-12 09:39:36.566] [warning] Couldn't find file 'ring_distal_rvs.vtp'.
[2022-09-12 09:39:36.566] [warning] Couldn't find file 'metacarpal5_rvs.vtp'.
[2022-09-12 09:39:36.566] [warning] Couldn't find file 'little_proximal_rvs.vtp'.
[2022-09-12 09:39:36.566] [warning] Couldn't find file 'little_medial_rvs.vtp'.
[2022-09-12 09:39:36.566] [warning] Couldn't find file 'little_distal_rvs.vtp'.
[2022-09-12 09:39:36.566] [warning] Couldn't find file 'metacarpal1_rvs.vtp'.
[2022-09-12 09:39:36.566] [warning] Couldn't find file 'thumb_proximal_rvs.vtp'.
[2022-09-12 09:39:36.566] [warning] Couldn't find file 'thumb_distal_rvs.vtp'.
[2022-09-12 09:39:36.566] [warning] Couldn't find file 'humerus_lv.vtp'.
[2022-09-12 09:39:36.566] [warning] Couldn't find file 'ulna_lv.vtp'.
[2022-09-12 09:39:36.566] [warning] Couldn't find file 'radius_lv.vtp'.
[2022-09-12 09:39:36.566] [warning] Couldn't find file 'pisiform_lvs.vtp'.
[2022-09-12 09:39:36.566] [warning] Couldn't find file 'lunate_lvs.vtp'.
[2022-09-12 09:39:36.567] [warning] Couldn't find file 'scaphoid_lvs.vtp'.
[2022-09-12 09:39:36.567] [warning] Couldn't find file 'triquetrum_lvs.vtp'.
[2022-09-12 09:39:36.567] [warning] Couldn't find file 'hamate_lvs.vtp'.
[2022-09-12 09:39:36.567] [warning] Couldn't find file 'capitate_lvs.vtp'.
[2022-09-12 09:39:36.567] [warning] Couldn't find file 'trapezoid_lvs.vtp'.
[2022-09-12 09:39:36.567] [warning] Couldn't find file 'trapezium_lvs.vtp'.
[2022-09-12 09:39:36.567] [warning] Couldn't find file 'metacarpal2_lvs.vtp'.
[2022-09-12 09:39:36.567] [warning] Couldn't find file 'index_proximal_lvs.vtp'.
[2022-09-12 09:39:36.567] [warning] Couldn't find file 'index_medial_lvs.vtp'.
[2022-09-12 09:39:36.567] [warning] Couldn't find file 'index_distal_lvs.vtp'.
[2022-09-12 09:39:36.567] [warning] Couldn't find file 'metacarpal3_lvs.vtp'.
[2022-09-12 09:39:36.567] [warning] Couldn't find file 'middle_proximal_lvs.vtp'.
[2022-09-12 09:39:36.567] [warning] Couldn't find file 'middle_medial_lvs.vtp'.
[2022-09-12 09:39:36.567] [warning] Couldn't find file 'middle_distal_lvs.vtp'.
[2022-09-12 09:39:36.567] [warning] Couldn't find file 'metacarpal4_lvs.vtp'.
[2022-09-12 09:39:36.567] [warning] Couldn't find file 'ring_proximal_lvs.vtp'.
[2022-09-12 09:39:36.567] [warning] Couldn't find file 'ring_medial_lvs.vtp'.
[2022-09-12 09:39:36.567] [warning] Couldn't find file 'ring_distal_lvs.vtp'.
[2022-09-12 09:39:36.567] [warning] Couldn't find file 'metacarpal5_lvs.vtp'.
[2022-09-12 09:39:36.568] [warning] Couldn't find file 'little_proximal_lvs.vtp'.
[2022-09-12 09:39:36.568] [warning] Couldn't find file 'little_medial_lvs.vtp'.
[2022-09-12 09:39:36.568] [warning] Couldn't find file 'little_distal_lvs.vtp'.
[2022-09-12 09:39:36.568] [warning] Couldn't find file 'metacarpal1_lvs.vtp'.
[2022-09-12 09:39:36.568] [warning] Couldn't find file 'thumb_proximal_lvs.vtp'.
[2022-09-12 09:39:36.568] [warning] Couldn't find file 'thumb_distal_lvs.vtp'.
[2022-09-12 09:43:13.213] [info] Loaded model Fal_s1_mtp_sc_MTc5_cspx10_oy1 from file C:\Users\u0150099\Documents\master_thesis\3dpredictsim\OpenSimModel\subject1\Fal_s1_mtp_FK_sc_MTc5_cg0.osim
[2022-09-12 09:43:13.213] [warning] Couldn't find file 'sacrum.vtp'.
[2022-09-12 09:43:13.213] [warning] Couldn't find file 'pelvis.vtp'.
[2022-09-12 09:43:13.213] [warning] Couldn't find file 'l_pelvis.vtp'.
[2022-09-12 09:43:13.214] [warning] Couldn't find file 'femur_r.vtp'.
[2022-09-12 09:43:13.214] [warning] Couldn't find file 'tibia_r.vtp'.
[2022-09-12 09:43:13.214] [warning] Couldn't find file 'fibula_r.vtp'.
[2022-09-12 09:43:13.214] [warning] Couldn't find file 'talus_rv.vtp'.
[2022-09-12 09:43:13.214] [warning] Couldn't find file 'calcaneous_rv.vtp'.
[2022-09-12 09:43:13.214] [warning] Couldn't find file 'model_r_midfoot.stl'.
[2022-09-12 09:43:13.214] [warning] Couldn't find file 'model_r_forefoot.stl'.
[2022-09-12 09:43:13.214] [warning] Couldn't find file 'model_r_toes.stl'.
[2022-09-12 09:43:13.214] [warning] Couldn't find file 'femur_l.vtp'.
[2022-09-12 09:43:13.214] [warning] Couldn't find file 'tibia_l.vtp'.
[2022-09-12 09:43:13.214] [warning] Couldn't find file 'fibula_l.vtp'.
[2022-09-12 09:43:13.214] [warning] Couldn't find file 'talus_lv.vtp'.
[2022-09-12 09:43:13.214] [warning] Couldn't find file 'calcaneous_lv.vtp'.
[2022-09-12 09:43:13.214] [warning] Couldn't find file 'model_l_midfoot.stl'.
[2022-09-12 09:43:13.214] [warning] Couldn't find file 'model_l_forefoot.stl'.
[2022-09-12 09:43:13.214] [warning] Couldn't find file 'model_l_toes.stl'.
[2022-09-12 09:43:13.215] [warning] Couldn't find file 'hat_spine.vtp'.
[2022-09-12 09:43:13.215] [warning] Couldn't find file 'hat_jaw.vtp'.
[2022-09-12 09:43:13.215] [warning] Couldn't find file 'hat_skull.vtp'.
[2022-09-12 09:43:13.215] [warning] Couldn't find file 'hat_ribs_scap.vtp'.
[2022-09-12 09:43:13.215] [warning] Couldn't find file 'humerus_rv.vtp'.
[2022-09-12 09:43:13.215] [warning] Couldn't find file 'ulna_rv.vtp'.
[2022-09-12 09:43:13.215] [warning] Couldn't find file 'radius_rv.vtp'.
[2022-09-12 09:43:13.215] [warning] Couldn't find file 'pisiform_rvs.vtp'.
[2022-09-12 09:43:13.215] [warning] Couldn't find file 'lunate_rvs.vtp'.
[2022-09-12 09:43:13.215] [warning] Couldn't find file 'scaphoid_rvs.vtp'.
[2022-09-12 09:43:13.215] [warning] Couldn't find file 'triquetrum_rvs.vtp'.
[2022-09-12 09:43:13.215] [warning] Couldn't find file 'hamate_rvs.vtp'.
[2022-09-12 09:43:13.215] [warning] Couldn't find file 'capitate_rvs.vtp'.
[2022-09-12 09:43:13.215] [warning] Couldn't find file 'trapezoid_rvs.vtp'.
[2022-09-12 09:43:13.215] [warning] Couldn't find file 'trapezium_rvs.vtp'.
[2022-09-12 09:43:13.215] [warning] Couldn't find file 'metacarpal2_rvs.vtp'.
[2022-09-12 09:43:13.215] [warning] Couldn't find file 'index_proximal_rvs.vtp'.
[2022-09-12 09:43:13.216] [warning] Couldn't find file 'index_medial_rvs.vtp'.
[2022-09-12 09:43:13.216] [warning] Couldn't find file 'index_distal_rvs.vtp'.
[2022-09-12 09:43:13.216] [warning] Couldn't find file 'metacarpal3_rvs.vtp'.
[2022-09-12 09:43:13.216] [warning] Couldn't find file 'middle_proximal_rvs.vtp'.
[2022-09-12 09:43:13.216] [warning] Couldn't find file 'middle_medial_rvs.vtp'.
[2022-09-12 09:43:13.216] [warning] Couldn't find file 'middle_distal_rvs.vtp'.
[2022-09-12 09:43:13.216] [warning] Couldn't find file 'metacarpal4_rvs.vtp'.
[2022-09-12 09:43:13.216] [warning] Couldn't find file 'ring_proximal_rvs.vtp'.
[2022-09-12 09:43:13.216] [warning] Couldn't find file 'ring_medial_rvs.vtp'.
[2022-09-12 09:43:13.216] [warning] Couldn't find file 'ring_distal_rvs.vtp'.
[2022-09-12 09:43:13.216] [warning] Couldn't find file 'metacarpal5_rvs.vtp'.
[2022-09-12 09:43:13.216] [warning] Couldn't find file 'little_proximal_rvs.vtp'.
[2022-09-12 09:43:13.216] [warning] Couldn't find file 'little_medial_rvs.vtp'.
[2022-09-12 09:43:13.216] [warning] Couldn't find file 'little_distal_rvs.vtp'.
[2022-09-12 09:43:13.216] [warning] Couldn't find file 'metacarpal1_rvs.vtp'.
[2022-09-12 09:43:13.216] [warning] Couldn't find file 'thumb_proximal_rvs.vtp'.
[2022-09-12 09:43:13.216] [warning] Couldn't find file 'thumb_distal_rvs.vtp'.
[2022-09-12 09:43:13.216] [warning] Couldn't find file 'humerus_lv.vtp'.
[2022-09-12 09:43:13.217] [warning] Couldn't find file 'ulna_lv.vtp'.
[2022-09-12 09:43:13.217] [warning] Couldn't find file 'radius_lv.vtp'.
[2022-09-12 09:43:13.217] [warning] Couldn't find file 'pisiform_lvs.vtp'.
[2022-09-12 09:43:13.217] [warning] Couldn't find file 'lunate_lvs.vtp'.
[2022-09-12 09:43:13.217] [warning] Couldn't find file 'scaphoid_lvs.vtp'.
[2022-09-12 09:43:13.217] [warning] Couldn't find file 'triquetrum_lvs.vtp'.
[2022-09-12 09:43:13.217] [warning] Couldn't find file 'hamate_lvs.vtp'.
[2022-09-12 09:43:13.217] [warning] Couldn't find file 'capitate_lvs.vtp'.
[2022-09-12 09:43:13.217] [warning] Couldn't find file 'trapezoid_lvs.vtp'.
[2022-09-12 09:43:13.217] [warning] Couldn't find file 'trapezium_lvs.vtp'.
[2022-09-12 09:43:13.217] [warning] Couldn't find file 'metacarpal2_lvs.vtp'.
[2022-09-12 09:43:13.217] [warning] Couldn't find file 'index_proximal_lvs.vtp'.
[2022-09-12 09:43:13.217] [warning] Couldn't find file 'index_medial_lvs.vtp'.
[2022-09-12 09:43:13.217] [warning] Couldn't find file 'index_distal_lvs.vtp'.
[2022-09-12 09:43:13.217] [warning] Couldn't find file 'metacarpal3_lvs.vtp'.
[2022-09-12 09:43:13.217] [warning] Couldn't find file 'middle_proximal_lvs.vtp'.
[2022-09-12 09:43:13.217] [warning] Couldn't find file 'middle_medial_lvs.vtp'.
[2022-09-12 09:43:13.218] [warning] Couldn't find file 'middle_distal_lvs.vtp'.
[2022-09-12 09:43:13.218] [warning] Couldn't find file 'metacarpal4_lvs.vtp'.
[2022-09-12 09:43:13.218] [warning] Couldn't find file 'ring_proximal_lvs.vtp'.
[2022-09-12 09:43:13.218] [warning] Couldn't find file 'ring_medial_lvs.vtp'.
[2022-09-12 09:43:13.218] [warning] Couldn't find file 'ring_distal_lvs.vtp'.
[2022-09-12 09:43:13.218] [warning] Couldn't find file 'metacarpal5_lvs.vtp'.
[2022-09-12 09:43:13.218] [warning] Couldn't find file 'little_proximal_lvs.vtp'.
[2022-09-12 09:43:13.218] [warning] Couldn't find file 'little_medial_lvs.vtp'.
[2022-09-12 09:43:13.218] [warning] Couldn't find file 'little_distal_lvs.vtp'.
[2022-09-12 09:43:13.218] [warning] Couldn't find file 'metacarpal1_lvs.vtp'.
[2022-09-12 09:43:13.218] [warning] Couldn't find file 'thumb_proximal_lvs.vtp'.
[2022-09-12 09:43:13.218] [warning] Couldn't find file 'thumb_distal_lvs.vtp'.
[2022-09-12 09:43:14.079] [info] Loaded model subject1_withMTJ_locked_scaled_custom from file C:\Users\u0150099\Documents\master_thesis\3dpredictsim\OpenSimModel\subject1\Fal_s1_mtjc4_FK_sc_MTc5_cspx10_oy3.osim
[2022-09-12 09:43:14.079] [warning] Couldn't find file 'sacrum.vtp'.
[2022-09-12 09:43:14.080] [warning] Couldn't find file 'pelvis.vtp'.
[2022-09-12 09:43:14.080] [warning] Couldn't find file 'l_pelvis.vtp'.
[2022-09-12 09:43:14.080] [warning] Couldn't find file 'femur_r.vtp'.
[2022-09-12 09:43:14.080] [warning] Couldn't find file 'tibia_r.vtp'.
[2022-09-12 09:43:14.080] [warning] Couldn't find file 'fibula_r.vtp'.
[2022-09-12 09:43:14.080] [warning] Couldn't find file 'talus_rv.vtp'.
[2022-09-12 09:43:14.080] [warning] Couldn't find file 'calcaneous_rv.vtp'.
[2022-09-12 09:43:14.080] [warning] Couldn't find file 'model_r_midfoot.stl'.
[2022-09-12 09:43:14.080] [warning] Couldn't find file 'model_r_forefoot.stl'.
[2022-09-12 09:43:14.080] [warning] Couldn't find file 'model_r_toes.stl'.
[2022-09-12 09:43:14.080] [warning] Couldn't find file 'femur_l.vtp'.
[2022-09-12 09:43:14.080] [warning] Couldn't find file 'tibia_l.vtp'.
[2022-09-12 09:43:14.080] [warning] Couldn't find file 'fibula_l.vtp'.
[2022-09-12 09:43:14.080] [warning] Couldn't find file 'talus_lv.vtp'.
[2022-09-12 09:43:14.080] [warning] Couldn't find file 'calcaneous_lv.vtp'.
[2022-09-12 09:43:14.080] [warning] Couldn't find file 'model_l_midfoot.stl'.
[2022-09-12 09:43:14.081] [warning] Couldn't find file 'model_l_forefoot.stl'.
[2022-09-12 09:43:14.081] [warning] Couldn't find file 'model_l_toes.stl'.
[2022-09-12 09:43:14.081] [warning] Couldn't find file 'hat_spine.vtp'.
[2022-09-12 09:43:14.081] [warning] Couldn't find file 'hat_jaw.vtp'.
[2022-09-12 09:43:14.081] [warning] Couldn't find file 'hat_skull.vtp'.
[2022-09-12 09:43:14.081] [warning] Couldn't find file 'hat_ribs_scap.vtp'.
[2022-09-12 09:43:14.081] [warning] Couldn't find file 'humerus_rv.vtp'.
[2022-09-12 09:43:14.081] [warning] Couldn't find file 'ulna_rv.vtp'.
[2022-09-12 09:43:14.081] [warning] Couldn't find file 'radius_rv.vtp'.
[2022-09-12 09:43:14.081] [warning] Couldn't find file 'pisiform_rvs.vtp'.
[2022-09-12 09:43:14.081] [warning] Couldn't find file 'lunate_rvs.vtp'.
[2022-09-12 09:43:14.081] [warning] Couldn't find file 'scaphoid_rvs.vtp'.
[2022-09-12 09:43:14.081] [warning] Couldn't find file 'triquetrum_rvs.vtp'.
[2022-09-12 09:43:14.081] [warning] Couldn't find file 'hamate_rvs.vtp'.
[2022-09-12 09:43:14.081] [warning] Couldn't find file 'capitate_rvs.vtp'.
[2022-09-12 09:43:14.082] [warning] Couldn't find file 'trapezoid_rvs.vtp'.
[2022-09-12 09:43:14.082] [warning] Couldn't find file 'trapezium_rvs.vtp'.
[2022-09-12 09:43:14.082] [warning] Couldn't find file 'metacarpal2_rvs.vtp'.
[2022-09-12 09:43:14.082] [warning] Couldn't find file 'index_proximal_rvs.vtp'.
[2022-09-12 09:43:14.082] [warning] Couldn't find file 'index_medial_rvs.vtp'.
[2022-09-12 09:43:14.082] [warning] Couldn't find file 'index_distal_rvs.vtp'.
[2022-09-12 09:43:14.082] [warning] Couldn't find file 'metacarpal3_rvs.vtp'.
[2022-09-12 09:43:14.082] [warning] Couldn't find file 'middle_proximal_rvs.vtp'.
[2022-09-12 09:43:14.082] [warning] Couldn't find file 'middle_medial_rvs.vtp'.
[2022-09-12 09:43:14.082] [warning] Couldn't find file 'middle_distal_rvs.vtp'.
[2022-09-12 09:43:14.082] [warning] Couldn't find file 'metacarpal4_rvs.vtp'.
[2022-09-12 09:43:14.082] [warning] Couldn't find file 'ring_proximal_rvs.vtp'.
[2022-09-12 09:43:14.082] [warning] Couldn't find file 'ring_medial_rvs.vtp'.
[2022-09-12 09:43:14.082] [warning] Couldn't find file 'ring_distal_rvs.vtp'.
[2022-09-12 09:43:14.082] [warning] Couldn't find file 'metacarpal5_rvs.vtp'.
[2022-09-12 09:43:14.082] [warning] Couldn't find file 'little_proximal_rvs.vtp'.
[2022-09-12 09:43:14.082] [warning] Couldn't find file 'little_medial_rvs.vtp'.
[2022-09-12 09:43:14.083] [warning] Couldn't find file 'little_distal_rvs.vtp'.
[2022-09-12 09:43:14.083] [warning] Couldn't find file 'metacarpal1_rvs.vtp'.
[2022-09-12 09:43:14.083] [warning] Couldn't find file 'thumb_proximal_rvs.vtp'.
[2022-09-12 09:43:14.083] [warning] Couldn't find file 'thumb_distal_rvs.vtp'.
[2022-09-12 09:43:14.083] [warning] Couldn't find file 'humerus_lv.vtp'.
[2022-09-12 09:43:14.083] [warning] Couldn't find file 'ulna_lv.vtp'.
[2022-09-12 09:43:14.083] [warning] Couldn't find file 'radius_lv.vtp'.
[2022-09-12 09:43:14.083] [warning] Couldn't find file 'pisiform_lvs.vtp'.
[2022-09-12 09:43:14.083] [warning] Couldn't find file 'lunate_lvs.vtp'.
[2022-09-12 09:43:14.083] [warning] Couldn't find file 'scaphoid_lvs.vtp'.
[2022-09-12 09:43:14.083] [warning] Couldn't find file 'triquetrum_lvs.vtp'.
[2022-09-12 09:43:14.083] [warning] Couldn't find file 'hamate_lvs.vtp'.
[2022-09-12 09:43:14.083] [warning] Couldn't find file 'capitate_lvs.vtp'.
[2022-09-12 09:43:14.083] [warning] Couldn't find file 'trapezoid_lvs.vtp'.
[2022-09-12 09:43:14.083] [warning] Couldn't find file 'trapezium_lvs.vtp'.
[2022-09-12 09:43:14.083] [warning] Couldn't find file 'metacarpal2_lvs.vtp'.
[2022-09-12 09:43:14.083] [warning] Couldn't find file 'index_proximal_lvs.vtp'.
[2022-09-12 09:43:14.084] [warning] Couldn't find file 'index_medial_lvs.vtp'.
[2022-09-12 09:43:14.084] [warning] Couldn't find file 'index_distal_lvs.vtp'.
[2022-09-12 09:43:14.084] [warning] Couldn't find file 'metacarpal3_lvs.vtp'.
[2022-09-12 09:43:14.084] [warning] Couldn't find file 'middle_proximal_lvs.vtp'.
[2022-09-12 09:43:14.084] [warning] Couldn't find file 'middle_medial_lvs.vtp'.
[2022-09-12 09:43:14.084] [warning] Couldn't find file 'middle_distal_lvs.vtp'.
[2022-09-12 09:43:14.084] [warning] Couldn't find file 'metacarpal4_lvs.vtp'.
[2022-09-12 09:43:14.084] [warning] Couldn't find file 'ring_proximal_lvs.vtp'.
[2022-09-12 09:43:14.084] [warning] Couldn't find file 'ring_medial_lvs.vtp'.
[2022-09-12 09:43:14.084] [warning] Couldn't find file 'ring_distal_lvs.vtp'.
[2022-09-12 09:43:14.084] [warning] Couldn't find file 'metacarpal5_lvs.vtp'.
[2022-09-12 09:43:14.084] [warning] Couldn't find file 'little_proximal_lvs.vtp'.
[2022-09-12 09:43:14.084] [warning] Couldn't find file 'little_medial_lvs.vtp'.
[2022-09-12 09:43:14.084] [warning] Couldn't find file 'little_distal_lvs.vtp'.
[2022-09-12 09:43:14.084] [warning] Couldn't find file 'metacarpal1_lvs.vtp'.
[2022-09-12 09:43:14.084] [warning] Couldn't find file 'thumb_proximal_lvs.vtp'.
[2022-09-12 09:43:14.085] [warning] Couldn't find file 'thumb_distal_lvs.vtp'.
[2022-09-12 09:43:14.557] [info] Loaded model subject1_withMTJ_locked_scaled_custom from file C:\Users\u0150099\Documents\master_thesis\3dpredictsim\OpenSimModel\subject1\Fal_s1_mtjc4_FK_sc_FDB2_MTc5_cg0.osim
[2022-09-12 09:43:14.557] [warning] Couldn't find file 'sacrum.vtp'.
[2022-09-12 09:43:14.557] [warning] Couldn't find file 'pelvis.vtp'.
[2022-09-12 09:43:14.557] [warning] Couldn't find file 'l_pelvis.vtp'.
[2022-09-12 09:43:14.557] [warning] Couldn't find file 'femur_r.vtp'.
[2022-09-12 09:43:14.558] [warning] Couldn't find file 'tibia_r.vtp'.
[2022-09-12 09:43:14.558] [warning] Couldn't find file 'fibula_r.vtp'.
[2022-09-12 09:43:14.558] [warning] Couldn't find file 'talus_rv.vtp'.
[2022-09-12 09:43:14.558] [warning] Couldn't find file 'calcaneous_rv.vtp'.
[2022-09-12 09:43:14.558] [warning] Couldn't find file 'model_r_midfoot.stl'.
[2022-09-12 09:43:14.558] [warning] Couldn't find file 'model_r_forefoot.stl'.
[2022-09-12 09:43:14.558] [warning] Couldn't find file 'model_r_toes.stl'.
[2022-09-12 09:43:14.558] [warning] Couldn't find file 'femur_l.vtp'.
[2022-09-12 09:43:14.558] [warning] Couldn't find file 'tibia_l.vtp'.
[2022-09-12 09:43:14.558] [warning] Couldn't find file 'fibula_l.vtp'.
[2022-09-12 09:43:14.558] [warning] Couldn't find file 'talus_lv.vtp'.
[2022-09-12 09:43:14.558] [warning] Couldn't find file 'calcaneous_lv.vtp'.
[2022-09-12 09:43:14.558] [warning] Couldn't find file 'model_l_midfoot.stl'.
[2022-09-12 09:43:14.558] [warning] Couldn't find file 'model_l_forefoot.stl'.
[2022-09-12 09:43:14.558] [warning] Couldn't find file 'model_l_toes.stl'.
[2022-09-12 09:43:14.558] [warning] Couldn't find file 'hat_spine.vtp'.
[2022-09-12 09:43:14.558] [warning] Couldn't find file 'hat_jaw.vtp'.
[2022-09-12 09:43:14.559] [warning] Couldn't find file 'hat_skull.vtp'.
[2022-09-12 09:43:14.559] [warning] Couldn't find file 'hat_ribs_scap.vtp'.
[2022-09-12 09:43:14.559] [warning] Couldn't find file 'humerus_rv.vtp'.
[2022-09-12 09:43:14.559] [warning] Couldn't find file 'ulna_rv.vtp'.
[2022-09-12 09:43:14.559] [warning] Couldn't find file 'radius_rv.vtp'.
[2022-09-12 09:43:14.559] [warning] Couldn't find file 'pisiform_rvs.vtp'.
[2022-09-12 09:43:14.559] [warning] Couldn't find file 'lunate_rvs.vtp'.
[2022-09-12 09:43:14.559] [warning] Couldn't find file 'scaphoid_rvs.vtp'.
[2022-09-12 09:43:14.559] [warning] Couldn't find file 'triquetrum_rvs.vtp'.
[2022-09-12 09:43:14.559] [warning] Couldn't find file 'hamate_rvs.vtp'.
[2022-09-12 09:43:14.559] [warning] Couldn't find file 'capitate_rvs.vtp'.
[2022-09-12 09:43:14.559] [warning] Couldn't find file 'trapezoid_rvs.vtp'.
[2022-09-12 09:43:14.559] [warning] Couldn't find file 'trapezium_rvs.vtp'.
[2022-09-12 09:43:14.559] [warning] Couldn't find file 'metacarpal2_rvs.vtp'.
[2022-09-12 09:43:14.559] [warning] Couldn't find file 'index_proximal_rvs.vtp'.
[2022-09-12 09:43:14.559] [warning] Couldn't find file 'index_medial_rvs.vtp'.
[2022-09-12 09:43:14.559] [warning] Couldn't find file 'index_distal_rvs.vtp'.
[2022-09-12 09:43:14.559] [warning] Couldn't find file 'metacarpal3_rvs.vtp'.
[2022-09-12 09:43:14.560] [warning] Couldn't find file 'middle_proximal_rvs.vtp'.
[2022-09-12 09:43:14.560] [warning] Couldn't find file 'middle_medial_rvs.vtp'.
[2022-09-12 09:43:14.560] [warning] Couldn't find file 'middle_distal_rvs.vtp'.
[2022-09-12 09:43:14.560] [warning] Couldn't find file 'metacarpal4_rvs.vtp'.
[2022-09-12 09:43:14.560] [warning] Couldn't find file 'ring_proximal_rvs.vtp'.
[2022-09-12 09:43:14.560] [warning] Couldn't find file 'ring_medial_rvs.vtp'.
[2022-09-12 09:43:14.560] [warning] Couldn't find file 'ring_distal_rvs.vtp'.
[2022-09-12 09:43:14.560] [warning] Couldn't find file 'metacarpal5_rvs.vtp'.
[2022-09-12 09:43:14.560] [warning] Couldn't find file 'little_proximal_rvs.vtp'.
[2022-09-12 09:43:14.560] [warning] Couldn't find file 'little_medial_rvs.vtp'.
[2022-09-12 09:43:14.560] [warning] Couldn't find file 'little_distal_rvs.vtp'.
[2022-09-12 09:43:14.560] [warning] Couldn't find file 'metacarpal1_rvs.vtp'.
[2022-09-12 09:43:14.560] [warning] Couldn't find file 'thumb_proximal_rvs.vtp'.
[2022-09-12 09:43:14.560] [warning] Couldn't find file 'thumb_distal_rvs.vtp'.
[2022-09-12 09:43:14.560] [warning] Couldn't find file 'humerus_lv.vtp'.
[2022-09-12 09:43:14.560] [warning] Couldn't find file 'ulna_lv.vtp'.
[2022-09-12 09:43:14.560] [warning] Couldn't find file 'radius_lv.vtp'.
[2022-09-12 09:43:14.561] [warning] Couldn't find file 'pisiform_lvs.vtp'.
[2022-09-12 09:43:14.561] [warning] Couldn't find file 'lunate_lvs.vtp'.
[2022-09-12 09:43:14.561] [warning] Couldn't find file 'scaphoid_lvs.vtp'.
[2022-09-12 09:43:14.561] [warning] Couldn't find file 'triquetrum_lvs.vtp'.
[2022-09-12 09:43:14.561] [warning] Couldn't find file 'hamate_lvs.vtp'.
[2022-09-12 09:43:14.561] [warning] Couldn't find file 'capitate_lvs.vtp'.
[2022-09-12 09:43:14.561] [warning] Couldn't find file 'trapezoid_lvs.vtp'.
[2022-09-12 09:43:14.561] [warning] Couldn't find file 'trapezium_lvs.vtp'.
[2022-09-12 09:43:14.561] [warning] Couldn't find file 'metacarpal2_lvs.vtp'.
[2022-09-12 09:43:14.561] [warning] Couldn't find file 'index_proximal_lvs.vtp'.
[2022-09-12 09:43:14.561] [warning] Couldn't find file 'index_medial_lvs.vtp'.
[2022-09-12 09:43:14.561] [warning] Couldn't find file 'index_distal_lvs.vtp'.
[2022-09-12 09:43:14.561] [warning] Couldn't find file 'metacarpal3_lvs.vtp'.
[2022-09-12 09:43:14.561] [warning] Couldn't find file 'middle_proximal_lvs.vtp'.
[2022-09-12 09:43:14.561] [warning] Couldn't find file 'middle_medial_lvs.vtp'.
[2022-09-12 09:43:14.561] [warning] Couldn't find file 'middle_distal_lvs.vtp'.
[2022-09-12 09:43:14.561] [warning] Couldn't find file 'metacarpal4_lvs.vtp'.
[2022-09-12 09:43:14.561] [warning] Couldn't find file 'ring_proximal_lvs.vtp'.
[2022-09-12 09:43:14.561] [warning] Couldn't find file 'ring_medial_lvs.vtp'.
[2022-09-12 09:43:14.562] [warning] Couldn't find file 'ring_distal_lvs.vtp'.
[2022-09-12 09:43:14.562] [warning] Couldn't find file 'metacarpal5_lvs.vtp'.
[2022-09-12 09:43:14.562] [warning] Couldn't find file 'little_proximal_lvs.vtp'.
[2022-09-12 09:43:14.562] [warning] Couldn't find file 'little_medial_lvs.vtp'.
[2022-09-12 09:43:14.562] [warning] Couldn't find file 'little_distal_lvs.vtp'.
[2022-09-12 09:43:14.562] [warning] Couldn't find file 'metacarpal1_lvs.vtp'.
[2022-09-12 09:43:14.562] [warning] Couldn't find file 'thumb_proximal_lvs.vtp'.
[2022-09-12 09:43:14.562] [warning] Couldn't find file 'thumb_distal_lvs.vtp'.
[2022-09-12 09:43:15.553] [info] Loaded model Fal_s1_mtp_sc_MTc5_cspx10_oy1 from file C:\Users\u0150099\Documents\master_thesis\3dpredictsim\OpenSimModel\subject1\Fal_s1_mtp_FK_sc_MTc5_cg0.osim
[2022-09-12 09:43:15.554] [warning] Couldn't find file 'sacrum.vtp'.
[2022-09-12 09:43:15.554] [warning] Couldn't find file 'pelvis.vtp'.
[2022-09-12 09:43:15.554] [warning] Couldn't find file 'l_pelvis.vtp'.
[2022-09-12 09:43:15.554] [warning] Couldn't find file 'femur_r.vtp'.
[2022-09-12 09:43:15.554] [warning] Couldn't find file 'tibia_r.vtp'.
[2022-09-12 09:43:15.554] [warning] Couldn't find file 'fibula_r.vtp'.
[2022-09-12 09:43:15.554] [warning] Couldn't find file 'talus_rv.vtp'.
[2022-09-12 09:43:15.554] [warning] Couldn't find file 'calcaneous_rv.vtp'.
[2022-09-12 09:43:15.554] [warning] Couldn't find file 'model_r_midfoot.stl'.
[2022-09-12 09:43:15.554] [warning] Couldn't find file 'model_r_forefoot.stl'.
[2022-09-12 09:43:15.554] [warning] Couldn't find file 'model_r_toes.stl'.
[2022-09-12 09:43:15.554] [warning] Couldn't find file 'femur_l.vtp'.
[2022-09-12 09:43:15.555] [warning] Couldn't find file 'tibia_l.vtp'.
[2022-09-12 09:43:15.555] [warning] Couldn't find file 'fibula_l.vtp'.
[2022-09-12 09:43:15.555] [warning] Couldn't find file 'talus_lv.vtp'.
[2022-09-12 09:43:15.555] [warning] Couldn't find file 'calcaneous_lv.vtp'.
[2022-09-12 09:43:15.555] [warning] Couldn't find file 'model_l_midfoot.stl'.
[2022-09-12 09:43:15.555] [warning] Couldn't find file 'model_l_forefoot.stl'.
[2022-09-12 09:43:15.555] [warning] Couldn't find file 'model_l_toes.stl'.
[2022-09-12 09:43:15.555] [warning] Couldn't find file 'hat_spine.vtp'.
[2022-09-12 09:43:15.555] [warning] Couldn't find file 'hat_jaw.vtp'.
[2022-09-12 09:43:15.555] [warning] Couldn't find file 'hat_skull.vtp'.
[2022-09-12 09:43:15.555] [warning] Couldn't find file 'hat_ribs_scap.vtp'.
[2022-09-12 09:43:15.555] [warning] Couldn't find file 'humerus_rv.vtp'.
[2022-09-12 09:43:15.555] [warning] Couldn't find file 'ulna_rv.vtp'.
[2022-09-12 09:43:15.555] [warning] Couldn't find file 'radius_rv.vtp'.
[2022-09-12 09:43:15.555] [warning] Couldn't find file 'pisiform_rvs.vtp'.
[2022-09-12 09:43:15.555] [warning] Couldn't find file 'lunate_rvs.vtp'.
[2022-09-12 09:43:15.556] [warning] Couldn't find file 'scaphoid_rvs.vtp'.
[2022-09-12 09:43:15.556] [warning] Couldn't find file 'triquetrum_rvs.vtp'.
[2022-09-12 09:43:15.556] [warning] Couldn't find file 'hamate_rvs.vtp'.
[2022-09-12 09:43:15.556] [warning] Couldn't find file 'capitate_rvs.vtp'.
[2022-09-12 09:43:15.556] [warning] Couldn't find file 'trapezoid_rvs.vtp'.
[2022-09-12 09:43:15.556] [warning] Couldn't find file 'trapezium_rvs.vtp'.
[2022-09-12 09:43:15.556] [warning] Couldn't find file 'metacarpal2_rvs.vtp'.
[2022-09-12 09:43:15.556] [warning] Couldn't find file 'index_proximal_rvs.vtp'.
[2022-09-12 09:43:15.556] [warning] Couldn't find file 'index_medial_rvs.vtp'.
[2022-09-12 09:43:15.556] [warning] Couldn't find file 'index_distal_rvs.vtp'.
[2022-09-12 09:43:15.556] [warning] Couldn't find file 'metacarpal3_rvs.vtp'.
[2022-09-12 09:43:15.556] [warning] Couldn't find file 'middle_proximal_rvs.vtp'.
[2022-09-12 09:43:15.556] [warning] Couldn't find file 'middle_medial_rvs.vtp'.
[2022-09-12 09:43:15.556] [warning] Couldn't find file 'middle_distal_rvs.vtp'.
[2022-09-12 09:43:15.556] [warning] Couldn't find file 'metacarpal4_rvs.vtp'.
[2022-09-12 09:43:15.556] [warning] Couldn't find file 'ring_proximal_rvs.vtp'.
[2022-09-12 09:43:15.557] [warning] Couldn't find file 'ring_medial_rvs.vtp'.
[2022-09-12 09:43:15.557] [warning] Couldn't find file 'ring_distal_rvs.vtp'.
[2022-09-12 09:43:15.557] [warning] Couldn't find file 'metacarpal5_rvs.vtp'.
[2022-09-12 09:43:15.557] [warning] Couldn't find file 'little_proximal_rvs.vtp'.
[2022-09-12 09:43:15.557] [warning] Couldn't find file 'little_medial_rvs.vtp'.
[2022-09-12 09:43:15.557] [warning] Couldn't find file 'little_distal_rvs.vtp'.
[2022-09-12 09:43:15.557] [warning] Couldn't find file 'metacarpal1_rvs.vtp'.
[2022-09-12 09:43:15.557] [warning] Couldn't find file 'thumb_proximal_rvs.vtp'.
[2022-09-12 09:43:15.557] [warning] Couldn't find file 'thumb_distal_rvs.vtp'.
[2022-09-12 09:43:15.557] [warning] Couldn't find file 'humerus_lv.vtp'.
[2022-09-12 09:43:15.557] [warning] Couldn't find file 'ulna_lv.vtp'.
[2022-09-12 09:43:15.557] [warning] Couldn't find file 'radius_lv.vtp'.
[2022-09-12 09:43:15.557] [warning] Couldn't find file 'pisiform_lvs.vtp'.
[2022-09-12 09:43:15.557] [warning] Couldn't find file 'lunate_lvs.vtp'.
[2022-09-12 09:43:15.557] [warning] Couldn't find file 'scaphoid_lvs.vtp'.
[2022-09-12 09:43:15.557] [warning] Couldn't find file 'triquetrum_lvs.vtp'.
[2022-09-12 09:43:15.557] [warning] Couldn't find file 'hamate_lvs.vtp'.
[2022-09-12 09:43:15.558] [warning] Couldn't find file 'capitate_lvs.vtp'.
[2022-09-12 09:43:15.558] [warning] Couldn't find file 'trapezoid_lvs.vtp'.
[2022-09-12 09:43:15.558] [warning] Couldn't find file 'trapezium_lvs.vtp'.
[2022-09-12 09:43:15.558] [warning] Couldn't find file 'metacarpal2_lvs.vtp'.
[2022-09-12 09:43:15.558] [warning] Couldn't find file 'index_proximal_lvs.vtp'.
[2022-09-12 09:43:15.558] [warning] Couldn't find file 'index_medial_lvs.vtp'.
[2022-09-12 09:43:15.558] [warning] Couldn't find file 'index_distal_lvs.vtp'.
[2022-09-12 09:43:15.558] [warning] Couldn't find file 'metacarpal3_lvs.vtp'.
[2022-09-12 09:43:15.558] [warning] Couldn't find file 'middle_proximal_lvs.vtp'.
[2022-09-12 09:43:15.558] [warning] Couldn't find file 'middle_medial_lvs.vtp'.
[2022-09-12 09:43:15.558] [warning] Couldn't find file 'middle_distal_lvs.vtp'.
[2022-09-12 09:43:15.558] [warning] Couldn't find file 'metacarpal4_lvs.vtp'.
[2022-09-12 09:43:15.558] [warning] Couldn't find file 'ring_proximal_lvs.vtp'.
[2022-09-12 09:43:15.558] [warning] Couldn't find file 'ring_medial_lvs.vtp'.
[2022-09-12 09:43:15.558] [warning] Couldn't find file 'ring_distal_lvs.vtp'.
[2022-09-12 09:43:15.558] [warning] Couldn't find file 'metacarpal5_lvs.vtp'.
[2022-09-12 09:43:15.559] [warning] Couldn't find file 'little_proximal_lvs.vtp'.
[2022-09-12 09:43:15.559] [warning] Couldn't find file 'little_medial_lvs.vtp'.
[2022-09-12 09:43:15.559] [warning] Couldn't find file 'little_distal_lvs.vtp'.
[2022-09-12 09:43:15.559] [warning] Couldn't find file 'metacarpal1_lvs.vtp'.
[2022-09-12 09:43:15.559] [warning] Couldn't find file 'thumb_proximal_lvs.vtp'.
[2022-09-12 09:43:15.559] [warning] Couldn't find file 'thumb_distal_lvs.vtp'.
[2022-09-12 09:43:16.371] [info] Loaded model subject1_withMTJ_locked_scaled_custom from file C:\Users\u0150099\Documents\master_thesis\3dpredictsim\OpenSimModel\subject1\Fal_s1_mtjc4_FK_sc_MTc5_cspx10_oy3.osim
[2022-09-12 09:43:16.371] [warning] Couldn't find file 'sacrum.vtp'.
[2022-09-12 09:43:16.371] [warning] Couldn't find file 'pelvis.vtp'.
[2022-09-12 09:43:16.371] [warning] Couldn't find file 'l_pelvis.vtp'.
[2022-09-12 09:43:16.372] [warning] Couldn't find file 'femur_r.vtp'.
[2022-09-12 09:43:16.372] [warning] Couldn't find file 'tibia_r.vtp'.
[2022-09-12 09:43:16.372] [warning] Couldn't find file 'fibula_r.vtp'.
[2022-09-12 09:43:16.372] [warning] Couldn't find file 'talus_rv.vtp'.
[2022-09-12 09:43:16.372] [warning] Couldn't find file 'calcaneous_rv.vtp'.
[2022-09-12 09:43:16.372] [warning] Couldn't find file 'model_r_midfoot.stl'.
[2022-09-12 09:43:16.372] [warning] Couldn't find file 'model_r_forefoot.stl'.
[2022-09-12 09:43:16.372] [warning] Couldn't find file 'model_r_toes.stl'.
[2022-09-12 09:43:16.372] [warning] Couldn't find file 'femur_l.vtp'.
[2022-09-12 09:43:16.372] [warning] Couldn't find file 'tibia_l.vtp'.
[2022-09-12 09:43:16.372] [warning] Couldn't find file 'fibula_l.vtp'.
[2022-09-12 09:43:16.372] [warning] Couldn't find file 'talus_lv.vtp'.
[2022-09-12 09:43:16.372] [warning] Couldn't find file 'calcaneous_lv.vtp'.
[2022-09-12 09:43:16.372] [warning] Couldn't find file 'model_l_midfoot.stl'.
[2022-09-12 09:43:16.372] [warning] Couldn't find file 'model_l_forefoot.stl'.
[2022-09-12 09:43:16.372] [warning] Couldn't find file 'model_l_toes.stl'.
[2022-09-12 09:43:16.373] [warning] Couldn't find file 'hat_spine.vtp'.
[2022-09-12 09:43:16.373] [warning] Couldn't find file 'hat_jaw.vtp'.
[2022-09-12 09:43:16.373] [warning] Couldn't find file 'hat_skull.vtp'.
[2022-09-12 09:43:16.373] [warning] Couldn't find file 'hat_ribs_scap.vtp'.
[2022-09-12 09:43:16.373] [warning] Couldn't find file 'humerus_rv.vtp'.
[2022-09-12 09:43:16.373] [warning] Couldn't find file 'ulna_rv.vtp'.
[2022-09-12 09:43:16.373] [warning] Couldn't find file 'radius_rv.vtp'.
[2022-09-12 09:43:16.373] [warning] Couldn't find file 'pisiform_rvs.vtp'.
[2022-09-12 09:43:16.373] [warning] Couldn't find file 'lunate_rvs.vtp'.
[2022-09-12 09:43:16.373] [warning] Couldn't find file 'scaphoid_rvs.vtp'.
[2022-09-12 09:43:16.373] [warning] Couldn't find file 'triquetrum_rvs.vtp'.
[2022-09-12 09:43:16.373] [warning] Couldn't find file 'hamate_rvs.vtp'.
[2022-09-12 09:43:16.373] [warning] Couldn't find file 'capitate_rvs.vtp'.
[2022-09-12 09:43:16.373] [warning] Couldn't find file 'trapezoid_rvs.vtp'.
[2022-09-12 09:43:16.373] [warning] Couldn't find file 'trapezium_rvs.vtp'.
[2022-09-12 09:43:16.373] [warning] Couldn't find file 'metacarpal2_rvs.vtp'.
[2022-09-12 09:43:16.373] [warning] Couldn't find file 'index_proximal_rvs.vtp'.
[2022-09-12 09:43:16.373] [warning] Couldn't find file 'index_medial_rvs.vtp'.
[2022-09-12 09:43:16.374] [warning] Couldn't find file 'index_distal_rvs.vtp'.
[2022-09-12 09:43:16.374] [warning] Couldn't find file 'metacarpal3_rvs.vtp'.
[2022-09-12 09:43:16.374] [warning] Couldn't find file 'middle_proximal_rvs.vtp'.
[2022-09-12 09:43:16.374] [warning] Couldn't find file 'middle_medial_rvs.vtp'.
[2022-09-12 09:43:16.374] [warning] Couldn't find file 'middle_distal_rvs.vtp'.
[2022-09-12 09:43:16.374] [warning] Couldn't find file 'metacarpal4_rvs.vtp'.
[2022-09-12 09:43:16.374] [warning] Couldn't find file 'ring_proximal_rvs.vtp'.
[2022-09-12 09:43:16.374] [warning] Couldn't find file 'ring_medial_rvs.vtp'.
[2022-09-12 09:43:16.374] [warning] Couldn't find file 'ring_distal_rvs.vtp'.
[2022-09-12 09:43:16.374] [warning] Couldn't find file 'metacarpal5_rvs.vtp'.
[2022-09-12 09:43:16.374] [warning] Couldn't find file 'little_proximal_rvs.vtp'.
[2022-09-12 09:43:16.374] [warning] Couldn't find file 'little_medial_rvs.vtp'.
[2022-09-12 09:43:16.374] [warning] Couldn't find file 'little_distal_rvs.vtp'.
[2022-09-12 09:43:16.374] [warning] Couldn't find file 'metacarpal1_rvs.vtp'.
[2022-09-12 09:43:16.374] [warning] Couldn't find file 'thumb_proximal_rvs.vtp'.
[2022-09-12 09:43:16.374] [warning] Couldn't find file 'thumb_distal_rvs.vtp'.
[2022-09-12 09:43:16.374] [warning] Couldn't find file 'humerus_lv.vtp'.
[2022-09-12 09:43:16.375] [warning] Couldn't find file 'ulna_lv.vtp'.
[2022-09-12 09:43:16.375] [warning] Couldn't find file 'radius_lv.vtp'.
[2022-09-12 09:43:16.375] [warning] Couldn't find file 'pisiform_lvs.vtp'.
[2022-09-12 09:43:16.375] [warning] Couldn't find file 'lunate_lvs.vtp'.
[2022-09-12 09:43:16.375] [warning] Couldn't find file 'scaphoid_lvs.vtp'.
[2022-09-12 09:43:16.375] [warning] Couldn't find file 'triquetrum_lvs.vtp'.
[2022-09-12 09:43:16.375] [warning] Couldn't find file 'hamate_lvs.vtp'.
[2022-09-12 09:43:16.375] [warning] Couldn't find file 'capitate_lvs.vtp'.
[2022-09-12 09:43:16.375] [warning] Couldn't find file 'trapezoid_lvs.vtp'.
[2022-09-12 09:43:16.375] [warning] Couldn't find file 'trapezium_lvs.vtp'.
[2022-09-12 09:43:16.375] [warning] Couldn't find file 'metacarpal2_lvs.vtp'.
[2022-09-12 09:43:16.375] [warning] Couldn't find file 'index_proximal_lvs.vtp'.
[2022-09-12 09:43:16.375] [warning] Couldn't find file 'index_medial_lvs.vtp'.
[2022-09-12 09:43:16.375] [warning] Couldn't find file 'index_distal_lvs.vtp'.
[2022-09-12 09:43:16.375] [warning] Couldn't find file 'metacarpal3_lvs.vtp'.
[2022-09-12 09:43:16.375] [warning] Couldn't find file 'middle_proximal_lvs.vtp'.
[2022-09-12 09:43:16.375] [warning] Couldn't find file 'middle_medial_lvs.vtp'.
[2022-09-12 09:43:16.375] [warning] Couldn't find file 'middle_distal_lvs.vtp'.
[2022-09-12 09:43:16.376] [warning] Couldn't find file 'metacarpal4_lvs.vtp'.
[2022-09-12 09:43:16.376] [warning] Couldn't find file 'ring_proximal_lvs.vtp'.
[2022-09-12 09:43:16.376] [warning] Couldn't find file 'ring_medial_lvs.vtp'.
[2022-09-12 09:43:16.376] [warning] Couldn't find file 'ring_distal_lvs.vtp'.
[2022-09-12 09:43:16.376] [warning] Couldn't find file 'metacarpal5_lvs.vtp'.
[2022-09-12 09:43:16.376] [warning] Couldn't find file 'little_proximal_lvs.vtp'.
[2022-09-12 09:43:16.376] [warning] Couldn't find file 'little_medial_lvs.vtp'.
[2022-09-12 09:43:16.376] [warning] Couldn't find file 'little_distal_lvs.vtp'.
[2022-09-12 09:43:16.376] [warning] Couldn't find file 'metacarpal1_lvs.vtp'.
[2022-09-12 09:43:16.376] [warning] Couldn't find file 'thumb_proximal_lvs.vtp'.
[2022-09-12 09:43:16.376] [warning] Couldn't find file 'thumb_distal_lvs.vtp'.
[2022-09-12 09:43:16.830] [info] Loaded model subject1_withMTJ_locked_scaled_custom from file C:\Users\u0150099\Documents\master_thesis\3dpredictsim\OpenSimModel\subject1\Fal_s1_mtjc4_FK_sc_FDB2_MTc5_cg0.osim
[2022-09-12 09:43:16.831] [warning] Couldn't find file 'sacrum.vtp'.
[2022-09-12 09:43:16.831] [warning] Couldn't find file 'pelvis.vtp'.
[2022-09-12 09:43:16.831] [warning] Couldn't find file 'l_pelvis.vtp'.
[2022-09-12 09:43:16.831] [warning] Couldn't find file 'femur_r.vtp'.
[2022-09-12 09:43:16.831] [warning] Couldn't find file 'tibia_r.vtp'.
[2022-09-12 09:43:16.831] [warning] Couldn't find file 'fibula_r.vtp'.
[2022-09-12 09:43:16.831] [warning] Couldn't find file 'talus_rv.vtp'.
[2022-09-12 09:43:16.831] [warning] Couldn't find file 'calcaneous_rv.vtp'.
[2022-09-12 09:43:16.831] [warning] Couldn't find file 'model_r_midfoot.stl'.
[2022-09-12 09:43:16.831] [warning] Couldn't find file 'model_r_forefoot.stl'.
[2022-09-12 09:43:16.831] [warning] Couldn't find file 'model_r_toes.stl'.
[2022-09-12 09:43:16.831] [warning] Couldn't find file 'femur_l.vtp'.
[2022-09-12 09:43:16.831] [warning] Couldn't find file 'tibia_l.vtp'.
[2022-09-12 09:43:16.831] [warning] Couldn't find file 'fibula_l.vtp'.
[2022-09-12 09:43:16.832] [warning] Couldn't find file 'talus_lv.vtp'.
[2022-09-12 09:43:16.832] [warning] Couldn't find file 'calcaneous_lv.vtp'.
[2022-09-12 09:43:16.832] [warning] Couldn't find file 'model_l_midfoot.stl'.
[2022-09-12 09:43:16.832] [warning] Couldn't find file 'model_l_forefoot.stl'.
[2022-09-12 09:43:16.832] [warning] Couldn't find file 'model_l_toes.stl'.
[2022-09-12 09:43:16.832] [warning] Couldn't find file 'hat_spine.vtp'.
[2022-09-12 09:43:16.832] [warning] Couldn't find file 'hat_jaw.vtp'.
[2022-09-12 09:43:16.832] [warning] Couldn't find file 'hat_skull.vtp'.
[2022-09-12 09:43:16.832] [warning] Couldn't find file 'hat_ribs_scap.vtp'.
[2022-09-12 09:43:16.832] [warning] Couldn't find file 'humerus_rv.vtp'.
[2022-09-12 09:43:16.832] [warning] Couldn't find file 'ulna_rv.vtp'.
[2022-09-12 09:43:16.832] [warning] Couldn't find file 'radius_rv.vtp'.
[2022-09-12 09:43:16.832] [warning] Couldn't find file 'pisiform_rvs.vtp'.
[2022-09-12 09:43:16.832] [warning] Couldn't find file 'lunate_rvs.vtp'.
[2022-09-12 09:43:16.832] [warning] Couldn't find file 'scaphoid_rvs.vtp'.
[2022-09-12 09:43:16.832] [warning] Couldn't find file 'triquetrum_rvs.vtp'.
[2022-09-12 09:43:16.833] [warning] Couldn't find file 'hamate_rvs.vtp'.
[2022-09-12 09:43:16.833] [warning] Couldn't find file 'capitate_rvs.vtp'.
[2022-09-12 09:43:16.833] [warning] Couldn't find file 'trapezoid_rvs.vtp'.
[2022-09-12 09:43:16.833] [warning] Couldn't find file 'trapezium_rvs.vtp'.
[2022-09-12 09:43:16.833] [warning] Couldn't find file 'metacarpal2_rvs.vtp'.
[2022-09-12 09:43:16.833] [warning] Couldn't find file 'index_proximal_rvs.vtp'.
[2022-09-12 09:43:16.833] [warning] Couldn't find file 'index_medial_rvs.vtp'.
[2022-09-12 09:43:16.833] [warning] Couldn't find file 'index_distal_rvs.vtp'.
[2022-09-12 09:43:16.833] [warning] Couldn't find file 'metacarpal3_rvs.vtp'.
[2022-09-12 09:43:16.833] [warning] Couldn't find file 'middle_proximal_rvs.vtp'.
[2022-09-12 09:43:16.833] [warning] Couldn't find file 'middle_medial_rvs.vtp'.
[2022-09-12 09:43:16.833] [warning] Couldn't find file 'middle_distal_rvs.vtp'.
[2022-09-12 09:43:16.833] [warning] Couldn't find file 'metacarpal4_rvs.vtp'.
[2022-09-12 09:43:16.833] [warning] Couldn't find file 'ring_proximal_rvs.vtp'.
[2022-09-12 09:43:16.833] [warning] Couldn't find file 'ring_medial_rvs.vtp'.
[2022-09-12 09:43:16.833] [warning] Couldn't find file 'ring_distal_rvs.vtp'.
[2022-09-12 09:43:16.833] [warning] Couldn't find file 'metacarpal5_rvs.vtp'.
[2022-09-12 09:43:16.833] [warning] Couldn't find file 'little_proximal_rvs.vtp'.
[2022-09-12 09:43:16.834] [warning] Couldn't find file 'little_medial_rvs.vtp'.
[2022-09-12 09:43:16.834] [warning] Couldn't find file 'little_distal_rvs.vtp'.
[2022-09-12 09:43:16.834] [warning] Couldn't find file 'metacarpal1_rvs.vtp'.
[2022-09-12 09:43:16.834] [warning] Couldn't find file 'thumb_proximal_rvs.vtp'.
[2022-09-12 09:43:16.834] [warning] Couldn't find file 'thumb_distal_rvs.vtp'.
[2022-09-12 09:43:16.834] [warning] Couldn't find file 'humerus_lv.vtp'.
[2022-09-12 09:43:16.834] [warning] Couldn't find file 'ulna_lv.vtp'.
[2022-09-12 09:43:16.834] [warning] Couldn't find file 'radius_lv.vtp'.
[2022-09-12 09:43:16.834] [warning] Couldn't find file 'pisiform_lvs.vtp'.
[2022-09-12 09:43:16.834] [warning] Couldn't find file 'lunate_lvs.vtp'.
[2022-09-12 09:43:16.834] [warning] Couldn't find file 'scaphoid_lvs.vtp'.
[2022-09-12 09:43:16.834] [warning] Couldn't find file 'triquetrum_lvs.vtp'.
[2022-09-12 09:43:16.834] [warning] Couldn't find file 'hamate_lvs.vtp'.
[2022-09-12 09:43:16.834] [warning] Couldn't find file 'capitate_lvs.vtp'.
[2022-09-12 09:43:16.834] [warning] Couldn't find file 'trapezoid_lvs.vtp'.
[2022-09-12 09:43:16.834] [warning] Couldn't find file 'trapezium_lvs.vtp'.
[2022-09-12 09:43:16.834] [warning] Couldn't find file 'metacarpal2_lvs.vtp'.
[2022-09-12 09:43:16.834] [warning] Couldn't find file 'index_proximal_lvs.vtp'.
[2022-09-12 09:43:16.835] [warning] Couldn't find file 'index_medial_lvs.vtp'.
[2022-09-12 09:43:16.835] [warning] Couldn't find file 'index_distal_lvs.vtp'.
[2022-09-12 09:43:16.835] [warning] Couldn't find file 'metacarpal3_lvs.vtp'.
[2022-09-12 09:43:16.835] [warning] Couldn't find file 'middle_proximal_lvs.vtp'.
[2022-09-12 09:43:16.835] [warning] Couldn't find file 'middle_medial_lvs.vtp'.
[2022-09-12 09:43:16.835] [warning] Couldn't find file 'middle_distal_lvs.vtp'.
[2022-09-12 09:43:16.835] [warning] Couldn't find file 'metacarpal4_lvs.vtp'.
[2022-09-12 09:43:16.835] [warning] Couldn't find file 'ring_proximal_lvs.vtp'.
[2022-09-12 09:43:16.835] [warning] Couldn't find file 'ring_medial_lvs.vtp'.
[2022-09-12 09:43:16.835] [warning] Couldn't find file 'ring_distal_lvs.vtp'.
[2022-09-12 09:43:16.835] [warning] Couldn't find file 'metacarpal5_lvs.vtp'.
[2022-09-12 09:43:16.835] [warning] Couldn't find file 'little_proximal_lvs.vtp'.
[2022-09-12 09:43:16.835] [warning] Couldn't find file 'little_medial_lvs.vtp'.
[2022-09-12 09:43:16.835] [warning] Couldn't find file 'little_distal_lvs.vtp'.
[2022-09-12 09:43:16.835] [warning] Couldn't find file 'metacarpal1_lvs.vtp'.
[2022-09-12 09:43:16.835] [warning] Couldn't find file 'thumb_proximal_lvs.vtp'.
[2022-09-12 09:43:16.835] [warning] Couldn't find file 'thumb_distal_lvs.vtp'.
[2022-09-12 09:44:56.428] [info] Loaded model Fal_s1_mtp_sc_MTc5_cspx10_oy1 from file C:\Users\u0150099\Documents\master_thesis\3dpredictsim\OpenSimModel\subject1\Fal_s1_mtp_FK_sc_MTc5_cg0.osim
[2022-09-12 09:44:56.428] [warning] Couldn't find file 'sacrum.vtp'.
[2022-09-12 09:44:56.428] [warning] Couldn't find file 'pelvis.vtp'.
[2022-09-12 09:44:56.428] [warning] Couldn't find file 'l_pelvis.vtp'.
[2022-09-12 09:44:56.428] [warning] Couldn't find file 'femur_r.vtp'.
[2022-09-12 09:44:56.429] [warning] Couldn't find file 'tibia_r.vtp'.
[2022-09-12 09:44:56.429] [warning] Couldn't find file 'fibula_r.vtp'.
[2022-09-12 09:44:56.429] [warning] Couldn't find file 'talus_rv.vtp'.
[2022-09-12 09:44:56.429] [warning] Couldn't find file 'calcaneous_rv.vtp'.
[2022-09-12 09:44:56.429] [warning] Couldn't find file 'model_r_midfoot.stl'.
[2022-09-12 09:44:56.429] [warning] Couldn't find file 'model_r_forefoot.stl'.
[2022-09-12 09:44:56.429] [warning] Couldn't find file 'model_r_toes.stl'.
[2022-09-12 09:44:56.429] [warning] Couldn't find file 'femur_l.vtp'.
[2022-09-12 09:44:56.429] [warning] Couldn't find file 'tibia_l.vtp'.
[2022-09-12 09:44:56.429] [warning] Couldn't find file 'fibula_l.vtp'.
[2022-09-12 09:44:56.429] [warning] Couldn't find file 'talus_lv.vtp'.
[2022-09-12 09:44:56.429] [warning] Couldn't find file 'calcaneous_lv.vtp'.
[2022-09-12 09:44:56.429] [warning] Couldn't find file 'model_l_midfoot.stl'.
[2022-09-12 09:44:56.429] [warning] Couldn't find file 'model_l_forefoot.stl'.
[2022-09-12 09:44:56.429] [warning] Couldn't find file 'model_l_toes.stl'.
[2022-09-12 09:44:56.429] [warning] Couldn't find file 'hat_spine.vtp'.
[2022-09-12 09:44:56.430] [warning] Couldn't find file 'hat_jaw.vtp'.
[2022-09-12 09:44:56.430] [warning] Couldn't find file 'hat_skull.vtp'.
[2022-09-12 09:44:56.430] [warning] Couldn't find file 'hat_ribs_scap.vtp'.
[2022-09-12 09:44:56.430] [warning] Couldn't find file 'humerus_rv.vtp'.
[2022-09-12 09:44:56.430] [warning] Couldn't find file 'ulna_rv.vtp'.
[2022-09-12 09:44:56.430] [warning] Couldn't find file 'radius_rv.vtp'.
[2022-09-12 09:44:56.430] [warning] Couldn't find file 'pisiform_rvs.vtp'.
[2022-09-12 09:44:56.430] [warning] Couldn't find file 'lunate_rvs.vtp'.
[2022-09-12 09:44:56.430] [warning] Couldn't find file 'scaphoid_rvs.vtp'.
[2022-09-12 09:44:56.430] [warning] Couldn't find file 'triquetrum_rvs.vtp'.
[2022-09-12 09:44:56.430] [warning] Couldn't find file 'hamate_rvs.vtp'.
[2022-09-12 09:44:56.430] [warning] Couldn't find file 'capitate_rvs.vtp'.
[2022-09-12 09:44:56.430] [warning] Couldn't find file 'trapezoid_rvs.vtp'.
[2022-09-12 09:44:56.430] [warning] Couldn't find file 'trapezium_rvs.vtp'.
[2022-09-12 09:44:56.430] [warning] Couldn't find file 'metacarpal2_rvs.vtp'.
[2022-09-12 09:44:56.430] [warning] Couldn't find file 'index_proximal_rvs.vtp'.
[2022-09-12 09:44:56.430] [warning] Couldn't find file 'index_medial_rvs.vtp'.
[2022-09-12 09:44:56.431] [warning] Couldn't find file 'index_distal_rvs.vtp'.
[2022-09-12 09:44:56.431] [warning] Couldn't find file 'metacarpal3_rvs.vtp'.
[2022-09-12 09:44:56.431] [warning] Couldn't find file 'middle_proximal_rvs.vtp'.
[2022-09-12 09:44:56.431] [warning] Couldn't find file 'middle_medial_rvs.vtp'.
[2022-09-12 09:44:56.431] [warning] Couldn't find file 'middle_distal_rvs.vtp'.
[2022-09-12 09:44:56.431] [warning] Couldn't find file 'metacarpal4_rvs.vtp'.
[2022-09-12 09:44:56.431] [warning] Couldn't find file 'ring_proximal_rvs.vtp'.
[2022-09-12 09:44:56.431] [warning] Couldn't find file 'ring_medial_rvs.vtp'.
[2022-09-12 09:44:56.431] [warning] Couldn't find file 'ring_distal_rvs.vtp'.
[2022-09-12 09:44:56.431] [warning] Couldn't find file 'metacarpal5_rvs.vtp'.
[2022-09-12 09:44:56.431] [warning] Couldn't find file 'little_proximal_rvs.vtp'.
[2022-09-12 09:44:56.431] [warning] Couldn't find file 'little_medial_rvs.vtp'.
[2022-09-12 09:44:56.431] [warning] Couldn't find file 'little_distal_rvs.vtp'.
[2022-09-12 09:44:56.431] [warning] Couldn't find file 'metacarpal1_rvs.vtp'.
[2022-09-12 09:44:56.431] [warning] Couldn't find file 'thumb_proximal_rvs.vtp'.
[2022-09-12 09:44:56.431] [warning] Couldn't find file 'thumb_distal_rvs.vtp'.
[2022-09-12 09:44:56.432] [warning] Couldn't find file 'humerus_lv.vtp'.
[2022-09-12 09:44:56.432] [warning] Couldn't find file 'ulna_lv.vtp'.
[2022-09-12 09:44:56.432] [warning] Couldn't find file 'radius_lv.vtp'.
[2022-09-12 09:44:56.432] [warning] Couldn't find file 'pisiform_lvs.vtp'.
[2022-09-12 09:44:56.432] [warning] Couldn't find file 'lunate_lvs.vtp'.
[2022-09-12 09:44:56.432] [warning] Couldn't find file 'scaphoid_lvs.vtp'.
[2022-09-12 09:44:56.432] [warning] Couldn't find file 'triquetrum_lvs.vtp'.
[2022-09-12 09:44:56.432] [warning] Couldn't find file 'hamate_lvs.vtp'.
[2022-09-12 09:44:56.432] [warning] Couldn't find file 'capitate_lvs.vtp'.
[2022-09-12 09:44:56.432] [warning] Couldn't find file 'trapezoid_lvs.vtp'.
[2022-09-12 09:44:56.432] [warning] Couldn't find file 'trapezium_lvs.vtp'.
[2022-09-12 09:44:56.432] [warning] Couldn't find file 'metacarpal2_lvs.vtp'.
[2022-09-12 09:44:56.432] [warning] Couldn't find file 'index_proximal_lvs.vtp'.
[2022-09-12 09:44:56.432] [warning] Couldn't find file 'index_medial_lvs.vtp'.
[2022-09-12 09:44:56.432] [warning] Couldn't find file 'index_distal_lvs.vtp'.
[2022-09-12 09:44:56.433] [warning] Couldn't find file 'metacarpal3_lvs.vtp'.
[2022-09-12 09:44:56.433] [warning] Couldn't find file 'middle_proximal_lvs.vtp'.
[2022-09-12 09:44:56.433] [warning] Couldn't find file 'middle_medial_lvs.vtp'.
[2022-09-12 09:44:56.433] [warning] Couldn't find file 'middle_distal_lvs.vtp'.
[2022-09-12 09:44:56.433] [warning] Couldn't find file 'metacarpal4_lvs.vtp'.
[2022-09-12 09:44:56.433] [warning] Couldn't find file 'ring_proximal_lvs.vtp'.
[2022-09-12 09:44:56.433] [warning] Couldn't find file 'ring_medial_lvs.vtp'.
[2022-09-12 09:44:56.433] [warning] Couldn't find file 'ring_distal_lvs.vtp'.
[2022-09-12 09:44:56.433] [warning] Couldn't find file 'metacarpal5_lvs.vtp'.
[2022-09-12 09:44:56.433] [warning] Couldn't find file 'little_proximal_lvs.vtp'.
[2022-09-12 09:44:56.433] [warning] Couldn't find file 'little_medial_lvs.vtp'.
[2022-09-12 09:44:56.434] [warning] Couldn't find file 'little_distal_lvs.vtp'.
[2022-09-12 09:44:56.434] [warning] Couldn't find file 'metacarpal1_lvs.vtp'.
[2022-09-12 09:44:56.434] [warning] Couldn't find file 'thumb_proximal_lvs.vtp'.
[2022-09-12 09:44:56.434] [warning] Couldn't find file 'thumb_distal_lvs.vtp'.
[2022-09-12 09:44:57.333] [info] Loaded model subject1_withMTJ_locked_scaled_custom from file C:\Users\u0150099\Documents\master_thesis\3dpredictsim\OpenSimModel\subject1\Fal_s1_mtjc4_FK_sc_MTc5_cspx10_oy3.osim
[2022-09-12 09:44:57.334] [warning] Couldn't find file 'sacrum.vtp'.
[2022-09-12 09:44:57.334] [warning] Couldn't find file 'pelvis.vtp'.
[2022-09-12 09:44:57.334] [warning] Couldn't find file 'l_pelvis.vtp'.
[2022-09-12 09:44:57.334] [warning] Couldn't find file 'femur_r.vtp'.
[2022-09-12 09:44:57.334] [warning] Couldn't find file 'tibia_r.vtp'.
[2022-09-12 09:44:57.334] [warning] Couldn't find file 'fibula_r.vtp'.
[2022-09-12 09:44:57.334] [warning] Couldn't find file 'talus_rv.vtp'.
[2022-09-12 09:44:57.335] [warning] Couldn't find file 'calcaneous_rv.vtp'.
[2022-09-12 09:44:57.335] [warning] Couldn't find file 'model_r_midfoot.stl'.
[2022-09-12 09:44:57.335] [warning] Couldn't find file 'model_r_forefoot.stl'.
[2022-09-12 09:44:57.335] [warning] Couldn't find file 'model_r_toes.stl'.
[2022-09-12 09:44:57.335] [warning] Couldn't find file 'femur_l.vtp'.
[2022-09-12 09:44:57.335] [warning] Couldn't find file 'tibia_l.vtp'.
[2022-09-12 09:44:57.335] [warning] Couldn't find file 'fibula_l.vtp'.
[2022-09-12 09:44:57.335] [warning] Couldn't find file 'talus_lv.vtp'.
[2022-09-12 09:44:57.335] [warning] Couldn't find file 'calcaneous_lv.vtp'.
[2022-09-12 09:44:57.335] [warning] Couldn't find file 'model_l_midfoot.stl'.
[2022-09-12 09:44:57.335] [warning] Couldn't find file 'model_l_forefoot.stl'.
[2022-09-12 09:44:57.335] [warning] Couldn't find file 'model_l_toes.stl'.
[2022-09-12 09:44:57.335] [warning] Couldn't find file 'hat_spine.vtp'.
[2022-09-12 09:44:57.335] [warning] Couldn't find file 'hat_jaw.vtp'.
[2022-09-12 09:44:57.335] [warning] Couldn't find file 'hat_skull.vtp'.
[2022-09-12 09:44:57.335] [warning] Couldn't find file 'hat_ribs_scap.vtp'.
[2022-09-12 09:44:57.336] [warning] Couldn't find file 'humerus_rv.vtp'.
[2022-09-12 09:44:57.336] [warning] Couldn't find file 'ulna_rv.vtp'.
[2022-09-12 09:44:57.336] [warning] Couldn't find file 'radius_rv.vtp'.
[2022-09-12 09:44:57.336] [warning] Couldn't find file 'pisiform_rvs.vtp'.
[2022-09-12 09:44:57.336] [warning] Couldn't find file 'lunate_rvs.vtp'.
[2022-09-12 09:44:57.336] [warning] Couldn't find file 'scaphoid_rvs.vtp'.
[2022-09-12 09:44:57.336] [warning] Couldn't find file 'triquetrum_rvs.vtp'.
[2022-09-12 09:44:57.336] [warning] Couldn't find file 'hamate_rvs.vtp'.
[2022-09-12 09:44:57.336] [warning] Couldn't find file 'capitate_rvs.vtp'.
[2022-09-12 09:44:57.336] [warning] Couldn't find file 'trapezoid_rvs.vtp'.
[2022-09-12 09:44:57.336] [warning] Couldn't find file 'trapezium_rvs.vtp'.
[2022-09-12 09:44:57.336] [warning] Couldn't find file 'metacarpal2_rvs.vtp'.
[2022-09-12 09:44:57.336] [warning] Couldn't find file 'index_proximal_rvs.vtp'.
[2022-09-12 09:44:57.336] [warning] Couldn't find file 'index_medial_rvs.vtp'.
[2022-09-12 09:44:57.336] [warning] Couldn't find file 'index_distal_rvs.vtp'.
[2022-09-12 09:44:57.336] [warning] Couldn't find file 'metacarpal3_rvs.vtp'.
[2022-09-12 09:44:57.336] [warning] Couldn't find file 'middle_proximal_rvs.vtp'.
[2022-09-12 09:44:57.336] [warning] Couldn't find file 'middle_medial_rvs.vtp'.
[2022-09-12 09:44:57.337] [warning] Couldn't find file 'middle_distal_rvs.vtp'.
[2022-09-12 09:44:57.337] [warning] Couldn't find file 'metacarpal4_rvs.vtp'.
[2022-09-12 09:44:57.337] [warning] Couldn't find file 'ring_proximal_rvs.vtp'.
[2022-09-12 09:44:57.337] [warning] Couldn't find file 'ring_medial_rvs.vtp'.
[2022-09-12 09:44:57.337] [warning] Couldn't find file 'ring_distal_rvs.vtp'.
[2022-09-12 09:44:57.337] [warning] Couldn't find file 'metacarpal5_rvs.vtp'.
[2022-09-12 09:44:57.337] [warning] Couldn't find file 'little_proximal_rvs.vtp'.
[2022-09-12 09:44:57.337] [warning] Couldn't find file 'little_medial_rvs.vtp'.
[2022-09-12 09:44:57.337] [warning] Couldn't find file 'little_distal_rvs.vtp'.
[2022-09-12 09:44:57.337] [warning] Couldn't find file 'metacarpal1_rvs.vtp'.
[2022-09-12 09:44:57.337] [warning] Couldn't find file 'thumb_proximal_rvs.vtp'.
[2022-09-12 09:44:57.337] [warning] Couldn't find file 'thumb_distal_rvs.vtp'.
[2022-09-12 09:44:57.337] [warning] Couldn't find file 'humerus_lv.vtp'.
[2022-09-12 09:44:57.337] [warning] Couldn't find file 'ulna_lv.vtp'.
[2022-09-12 09:44:57.337] [warning] Couldn't find file 'radius_lv.vtp'.
[2022-09-12 09:44:57.337] [warning] Couldn't find file 'pisiform_lvs.vtp'.
[2022-09-12 09:44:57.337] [warning] Couldn't find file 'lunate_lvs.vtp'.
[2022-09-12 09:44:57.338] [warning] Couldn't find file 'scaphoid_lvs.vtp'.
[2022-09-12 09:44:57.338] [warning] Couldn't find file 'triquetrum_lvs.vtp'.
[2022-09-12 09:44:57.338] [warning] Couldn't find file 'hamate_lvs.vtp'.
[2022-09-12 09:44:57.338] [warning] Couldn't find file 'capitate_lvs.vtp'.
[2022-09-12 09:44:57.338] [warning] Couldn't find file 'trapezoid_lvs.vtp'.
[2022-09-12 09:44:57.338] [warning] Couldn't find file 'trapezium_lvs.vtp'.
[2022-09-12 09:44:57.338] [warning] Couldn't find file 'metacarpal2_lvs.vtp'.
[2022-09-12 09:44:57.338] [warning] Couldn't find file 'index_proximal_lvs.vtp'.
[2022-09-12 09:44:57.338] [warning] Couldn't find file 'index_medial_lvs.vtp'.
[2022-09-12 09:44:57.338] [warning] Couldn't find file 'index_distal_lvs.vtp'.
[2022-09-12 09:44:57.338] [warning] Couldn't find file 'metacarpal3_lvs.vtp'.
[2022-09-12 09:44:57.338] [warning] Couldn't find file 'middle_proximal_lvs.vtp'.
[2022-09-12 09:44:57.338] [warning] Couldn't find file 'middle_medial_lvs.vtp'.
[2022-09-12 09:44:57.338] [warning] Couldn't find file 'middle_distal_lvs.vtp'.
[2022-09-12 09:44:57.338] [warning] Couldn't find file 'metacarpal4_lvs.vtp'.
[2022-09-12 09:44:57.338] [warning] Couldn't find file 'ring_proximal_lvs.vtp'.
[2022-09-12 09:44:57.338] [warning] Couldn't find file 'ring_medial_lvs.vtp'.
[2022-09-12 09:44:57.339] [warning] Couldn't find file 'ring_distal_lvs.vtp'.
[2022-09-12 09:44:57.339] [warning] Couldn't find file 'metacarpal5_lvs.vtp'.
[2022-09-12 09:44:57.339] [warning] Couldn't find file 'little_proximal_lvs.vtp'.
[2022-09-12 09:44:57.339] [warning] Couldn't find file 'little_medial_lvs.vtp'.
[2022-09-12 09:44:57.339] [warning] Couldn't find file 'little_distal_lvs.vtp'.
[2022-09-12 09:44:57.339] [warning] Couldn't find file 'metacarpal1_lvs.vtp'.
[2022-09-12 09:44:57.339] [warning] Couldn't find file 'thumb_proximal_lvs.vtp'.
[2022-09-12 09:44:57.339] [warning] Couldn't find file 'thumb_distal_lvs.vtp'.
[2022-09-12 09:44:57.876] [info] Loaded model subject1_withMTJ_locked_scaled_custom from file C:\Users\u0150099\Documents\master_thesis\3dpredictsim\OpenSimModel\subject1\Fal_s1_mtjc4_FK_sc_FDB2_MTc5_cg0.osim
[2022-09-12 09:44:57.876] [warning] Couldn't find file 'sacrum.vtp'.
[2022-09-12 09:44:57.876] [warning] Couldn't find file 'pelvis.vtp'.
[2022-09-12 09:44:57.877] [warning] Couldn't find file 'l_pelvis.vtp'.
[2022-09-12 09:44:57.877] [warning] Couldn't find file 'femur_r.vtp'.
[2022-09-12 09:44:57.877] [warning] Couldn't find file 'tibia_r.vtp'.
[2022-09-12 09:44:57.877] [warning] Couldn't find file 'fibula_r.vtp'.
[2022-09-12 09:44:57.877] [warning] Couldn't find file 'talus_rv.vtp'.
[2022-09-12 09:44:57.877] [warning] Couldn't find file 'calcaneous_rv.vtp'.
[2022-09-12 09:44:57.877] [warning] Couldn't find file 'model_r_midfoot.stl'.
[2022-09-12 09:44:57.877] [warning] Couldn't find file 'model_r_forefoot.stl'.
[2022-09-12 09:44:57.877] [warning] Couldn't find file 'model_r_toes.stl'.
[2022-09-12 09:44:57.877] [warning] Couldn't find file 'femur_l.vtp'.
[2022-09-12 09:44:57.877] [warning] Couldn't find file 'tibia_l.vtp'.
[2022-09-12 09:44:57.877] [warning] Couldn't find file 'fibula_l.vtp'.
[2022-09-12 09:44:57.877] [warning] Couldn't find file 'talus_lv.vtp'.
[2022-09-12 09:44:57.877] [warning] Couldn't find file 'calcaneous_lv.vtp'.
[2022-09-12 09:44:57.877] [warning] Couldn't find file 'model_l_midfoot.stl'.
[2022-09-12 09:44:57.877] [warning] Couldn't find file 'model_l_forefoot.stl'.
[2022-09-12 09:44:57.878] [warning] Couldn't find file 'model_l_toes.stl'.
[2022-09-12 09:44:57.878] [warning] Couldn't find file 'hat_spine.vtp'.
[2022-09-12 09:44:57.878] [warning] Couldn't find file 'hat_jaw.vtp'.
[2022-09-12 09:44:57.878] [warning] Couldn't find file 'hat_skull.vtp'.
[2022-09-12 09:44:57.878] [warning] Couldn't find file 'hat_ribs_scap.vtp'.
[2022-09-12 09:44:57.878] [warning] Couldn't find file 'humerus_rv.vtp'.
[2022-09-12 09:44:57.878] [warning] Couldn't find file 'ulna_rv.vtp'.
[2022-09-12 09:44:57.878] [warning] Couldn't find file 'radius_rv.vtp'.
[2022-09-12 09:44:57.878] [warning] Couldn't find file 'pisiform_rvs.vtp'.
[2022-09-12 09:44:57.878] [warning] Couldn't find file 'lunate_rvs.vtp'.
[2022-09-12 09:44:57.878] [warning] Couldn't find file 'scaphoid_rvs.vtp'.
[2022-09-12 09:44:57.878] [warning] Couldn't find file 'triquetrum_rvs.vtp'.
[2022-09-12 09:44:57.878] [warning] Couldn't find file 'hamate_rvs.vtp'.
[2022-09-12 09:44:57.878] [warning] Couldn't find file 'capitate_rvs.vtp'.
[2022-09-12 09:44:57.878] [warning] Couldn't find file 'trapezoid_rvs.vtp'.
[2022-09-12 09:44:57.878] [warning] Couldn't find file 'trapezium_rvs.vtp'.
[2022-09-12 09:44:57.878] [warning] Couldn't find file 'metacarpal2_rvs.vtp'.
[2022-09-12 09:44:57.879] [warning] Couldn't find file 'index_proximal_rvs.vtp'.
[2022-09-12 09:44:57.879] [warning] Couldn't find file 'index_medial_rvs.vtp'.
[2022-09-12 09:44:57.879] [warning] Couldn't find file 'index_distal_rvs.vtp'.
[2022-09-12 09:44:57.879] [warning] Couldn't find file 'metacarpal3_rvs.vtp'.
[2022-09-12 09:44:57.879] [warning] Couldn't find file 'middle_proximal_rvs.vtp'.
[2022-09-12 09:44:57.879] [warning] Couldn't find file 'middle_medial_rvs.vtp'.
[2022-09-12 09:44:57.879] [warning] Couldn't find file 'middle_distal_rvs.vtp'.
[2022-09-12 09:44:57.879] [warning] Couldn't find file 'metacarpal4_rvs.vtp'.
[2022-09-12 09:44:57.879] [warning] Couldn't find file 'ring_proximal_rvs.vtp'.
[2022-09-12 09:44:57.879] [warning] Couldn't find file 'ring_medial_rvs.vtp'.
[2022-09-12 09:44:57.879] [warning] Couldn't find file 'ring_distal_rvs.vtp'.
[2022-09-12 09:44:57.879] [warning] Couldn't find file 'metacarpal5_rvs.vtp'.
[2022-09-12 09:44:57.879] [warning] Couldn't find file 'little_proximal_rvs.vtp'.
[2022-09-12 09:44:57.879] [warning] Couldn't find file 'little_medial_rvs.vtp'.
[2022-09-12 09:44:57.879] [warning] Couldn't find file 'little_distal_rvs.vtp'.
[2022-09-12 09:44:57.879] [warning] Couldn't find file 'metacarpal1_rvs.vtp'.
[2022-09-12 09:44:57.879] [warning] Couldn't find file 'thumb_proximal_rvs.vtp'.
[2022-09-12 09:44:57.879] [warning] Couldn't find file 'thumb_distal_rvs.vtp'.
[2022-09-12 09:44:57.880] [warning] Couldn't find file 'humerus_lv.vtp'.
[2022-09-12 09:44:57.880] [warning] Couldn't find file 'ulna_lv.vtp'.
[2022-09-12 09:44:57.880] [warning] Couldn't find file 'radius_lv.vtp'.
[2022-09-12 09:44:57.880] [warning] Couldn't find file 'pisiform_lvs.vtp'.
[2022-09-12 09:44:57.880] [warning] Couldn't find file 'lunate_lvs.vtp'.
[2022-09-12 09:44:57.880] [warning] Couldn't find file 'scaphoid_lvs.vtp'.
[2022-09-12 09:44:57.880] [warning] Couldn't find file 'triquetrum_lvs.vtp'.
[2022-09-12 09:44:57.880] [warning] Couldn't find file 'hamate_lvs.vtp'.
[2022-09-12 09:44:57.880] [warning] Couldn't find file 'capitate_lvs.vtp'.
[2022-09-12 09:44:57.880] [warning] Couldn't find file 'trapezoid_lvs.vtp'.
[2022-09-12 09:44:57.880] [warning] Couldn't find file 'trapezium_lvs.vtp'.
[2022-09-12 09:44:57.880] [warning] Couldn't find file 'metacarpal2_lvs.vtp'.
[2022-09-12 09:44:57.880] [warning] Couldn't find file 'index_proximal_lvs.vtp'.
[2022-09-12 09:44:57.880] [warning] Couldn't find file 'index_medial_lvs.vtp'.
[2022-09-12 09:44:57.880] [warning] Couldn't find file 'index_distal_lvs.vtp'.
[2022-09-12 09:44:57.880] [warning] Couldn't find file 'metacarpal3_lvs.vtp'.
[2022-09-12 09:44:57.880] [warning] Couldn't find file 'middle_proximal_lvs.vtp'.
[2022-09-12 09:44:57.881] [warning] Couldn't find file 'middle_medial_lvs.vtp'.
[2022-09-12 09:44:57.881] [warning] Couldn't find file 'middle_distal_lvs.vtp'.
[2022-09-12 09:44:57.881] [warning] Couldn't find file 'metacarpal4_lvs.vtp'.
[2022-09-12 09:44:57.881] [warning] Couldn't find file 'ring_proximal_lvs.vtp'.
[2022-09-12 09:44:57.881] [warning] Couldn't find file 'ring_medial_lvs.vtp'.
[2022-09-12 09:44:57.881] [warning] Couldn't find file 'ring_distal_lvs.vtp'.
[2022-09-12 09:44:57.881] [warning] Couldn't find file 'metacarpal5_lvs.vtp'.
[2022-09-12 09:44:57.881] [warning] Couldn't find file 'little_proximal_lvs.vtp'.
[2022-09-12 09:44:57.881] [warning] Couldn't find file 'little_medial_lvs.vtp'.
[2022-09-12 09:44:57.881] [warning] Couldn't find file 'little_distal_lvs.vtp'.
[2022-09-12 09:44:57.881] [warning] Couldn't find file 'metacarpal1_lvs.vtp'.
[2022-09-12 09:44:57.881] [warning] Couldn't find file 'thumb_proximal_lvs.vtp'.
[2022-09-12 09:44:57.881] [warning] Couldn't find file 'thumb_distal_lvs.vtp'.
[2022-09-12 09:47:01.522] [info] Loaded model Fal_s1_mtp_sc_MTc5_cspx10_oy1 from file C:\Users\u0150099\Documents\master_thesis\3dpredictsim\OpenSimModel\subject1\Fal_s1_mtp_FK_sc_MTc5_cg0.osim
[2022-09-12 09:47:01.523] [warning] Couldn't find file 'sacrum.vtp'.
[2022-09-12 09:47:01.523] [warning] Couldn't find file 'pelvis.vtp'.
[2022-09-12 09:47:01.523] [warning] Couldn't find file 'l_pelvis.vtp'.
[2022-09-12 09:47:01.523] [warning] Couldn't find file 'femur_r.vtp'.
[2022-09-12 09:47:01.523] [warning] Couldn't find file 'tibia_r.vtp'.
[2022-09-12 09:47:01.523] [warning] Couldn't find file 'fibula_r.vtp'.
[2022-09-12 09:47:01.523] [warning] Couldn't find file 'talus_rv.vtp'.
[2022-09-12 09:47:01.523] [warning] Couldn't find file 'calcaneous_rv.vtp'.
[2022-09-12 09:47:01.523] [warning] Couldn't find file 'model_r_midfoot.stl'.
[2022-09-12 09:47:01.523] [warning] Couldn't find file 'model_r_forefoot.stl'.
[2022-09-12 09:47:01.523] [warning] Couldn't find file 'model_r_toes.stl'.
[2022-09-12 09:47:01.523] [warning] Couldn't find file 'femur_l.vtp'.
[2022-09-12 09:47:01.523] [warning] Couldn't find file 'tibia_l.vtp'.
[2022-09-12 09:47:01.523] [warning] Couldn't find file 'fibula_l.vtp'.
[2022-09-12 09:47:01.523] [warning] Couldn't find file 'talus_lv.vtp'.
[2022-09-12 09:47:01.524] [warning] Couldn't find file 'calcaneous_lv.vtp'.
[2022-09-12 09:47:01.524] [warning] Couldn't find file 'model_l_midfoot.stl'.
[2022-09-12 09:47:01.524] [warning] Couldn't find file 'model_l_forefoot.stl'.
[2022-09-12 09:47:01.524] [warning] Couldn't find file 'model_l_toes.stl'.
[2022-09-12 09:47:01.524] [warning] Couldn't find file 'hat_spine.vtp'.
[2022-09-12 09:47:01.524] [warning] Couldn't find file 'hat_jaw.vtp'.
[2022-09-12 09:47:01.524] [warning] Couldn't find file 'hat_skull.vtp'.
[2022-09-12 09:47:01.524] [warning] Couldn't find file 'hat_ribs_scap.vtp'.
[2022-09-12 09:47:01.524] [warning] Couldn't find file 'humerus_rv.vtp'.
[2022-09-12 09:47:01.524] [warning] Couldn't find file 'ulna_rv.vtp'.
[2022-09-12 09:47:01.524] [warning] Couldn't find file 'radius_rv.vtp'.
[2022-09-12 09:47:01.524] [warning] Couldn't find file 'pisiform_rvs.vtp'.
[2022-09-12 09:47:01.524] [warning] Couldn't find file 'lunate_rvs.vtp'.
[2022-09-12 09:47:01.524] [warning] Couldn't find file 'scaphoid_rvs.vtp'.
[2022-09-12 09:47:01.524] [warning] Couldn't find file 'triquetrum_rvs.vtp'.
[2022-09-12 09:47:01.524] [warning] Couldn't find file 'hamate_rvs.vtp'.
[2022-09-12 09:47:01.524] [warning] Couldn't find file 'capitate_rvs.vtp'.
[2022-09-12 09:47:01.525] [warning] Couldn't find file 'trapezoid_rvs.vtp'.
[2022-09-12 09:47:01.525] [warning] Couldn't find file 'trapezium_rvs.vtp'.
[2022-09-12 09:47:01.525] [warning] Couldn't find file 'metacarpal2_rvs.vtp'.
[2022-09-12 09:47:01.525] [warning] Couldn't find file 'index_proximal_rvs.vtp'.
[2022-09-12 09:47:01.525] [warning] Couldn't find file 'index_medial_rvs.vtp'.
[2022-09-12 09:47:01.525] [warning] Couldn't find file 'index_distal_rvs.vtp'.
[2022-09-12 09:47:01.525] [warning] Couldn't find file 'metacarpal3_rvs.vtp'.
[2022-09-12 09:47:01.525] [warning] Couldn't find file 'middle_proximal_rvs.vtp'.
[2022-09-12 09:47:01.525] [warning] Couldn't find file 'middle_medial_rvs.vtp'.
[2022-09-12 09:47:01.525] [warning] Couldn't find file 'middle_distal_rvs.vtp'.
[2022-09-12 09:47:01.525] [warning] Couldn't find file 'metacarpal4_rvs.vtp'.
[2022-09-12 09:47:01.525] [warning] Couldn't find file 'ring_proximal_rvs.vtp'.
[2022-09-12 09:47:01.525] [warning] Couldn't find file 'ring_medial_rvs.vtp'.
[2022-09-12 09:47:01.525] [warning] Couldn't find file 'ring_distal_rvs.vtp'.
[2022-09-12 09:47:01.525] [warning] Couldn't find file 'metacarpal5_rvs.vtp'.
[2022-09-12 09:47:01.525] [warning] Couldn't find file 'little_proximal_rvs.vtp'.
[2022-09-12 09:47:01.525] [warning] Couldn't find file 'little_medial_rvs.vtp'.
[2022-09-12 09:47:01.526] [warning] Couldn't find file 'little_distal_rvs.vtp'.
[2022-09-12 09:47:01.526] [warning] Couldn't find file 'metacarpal1_rvs.vtp'.
[2022-09-12 09:47:01.526] [warning] Couldn't find file 'thumb_proximal_rvs.vtp'.
[2022-09-12 09:47:01.526] [warning] Couldn't find file 'thumb_distal_rvs.vtp'.
[2022-09-12 09:47:01.526] [warning] Couldn't find file 'humerus_lv.vtp'.
[2022-09-12 09:47:01.526] [warning] Couldn't find file 'ulna_lv.vtp'.
[2022-09-12 09:47:01.526] [warning] Couldn't find file 'radius_lv.vtp'.
[2022-09-12 09:47:01.526] [warning] Couldn't find file 'pisiform_lvs.vtp'.
[2022-09-12 09:47:01.526] [warning] Couldn't find file 'lunate_lvs.vtp'.
[2022-09-12 09:47:01.526] [warning] Couldn't find file 'scaphoid_lvs.vtp'.
[2022-09-12 09:47:01.526] [warning] Couldn't find file 'triquetrum_lvs.vtp'.
[2022-09-12 09:47:01.526] [warning] Couldn't find file 'hamate_lvs.vtp'.
[2022-09-12 09:47:01.526] [warning] Couldn't find file 'capitate_lvs.vtp'.
[2022-09-12 09:47:01.526] [warning] Couldn't find file 'trapezoid_lvs.vtp'.
[2022-09-12 09:47:01.526] [warning] Couldn't find file 'trapezium_lvs.vtp'.
[2022-09-12 09:47:01.526] [warning] Couldn't find file 'metacarpal2_lvs.vtp'.
[2022-09-12 09:47:01.526] [warning] Couldn't find file 'index_proximal_lvs.vtp'.
[2022-09-12 09:47:01.526] [warning] Couldn't find file 'index_medial_lvs.vtp'.
[2022-09-12 09:47:01.527] [warning] Couldn't find file 'index_distal_lvs.vtp'.
[2022-09-12 09:47:01.527] [warning] Couldn't find file 'metacarpal3_lvs.vtp'.
[2022-09-12 09:47:01.527] [warning] Couldn't find file 'middle_proximal_lvs.vtp'.
[2022-09-12 09:47:01.527] [warning] Couldn't find file 'middle_medial_lvs.vtp'.
[2022-09-12 09:47:01.527] [warning] Couldn't find file 'middle_distal_lvs.vtp'.
[2022-09-12 09:47:01.527] [warning] Couldn't find file 'metacarpal4_lvs.vtp'.
[2022-09-12 09:47:01.527] [warning] Couldn't find file 'ring_proximal_lvs.vtp'.
[2022-09-12 09:47:01.527] [warning] Couldn't find file 'ring_medial_lvs.vtp'.
[2022-09-12 09:47:01.527] [warning] Couldn't find file 'ring_distal_lvs.vtp'.
[2022-09-12 09:47:01.527] [warning] Couldn't find file 'metacarpal5_lvs.vtp'.
[2022-09-12 09:47:01.527] [warning] Couldn't find file 'little_proximal_lvs.vtp'.
[2022-09-12 09:47:01.527] [warning] Couldn't find file 'little_medial_lvs.vtp'.
[2022-09-12 09:47:01.527] [warning] Couldn't find file 'little_distal_lvs.vtp'.
[2022-09-12 09:47:01.527] [warning] Couldn't find file 'metacarpal1_lvs.vtp'.
[2022-09-12 09:47:01.527] [warning] Couldn't find file 'thumb_proximal_lvs.vtp'.
[2022-09-12 09:47:01.527] [warning] Couldn't find file 'thumb_distal_lvs.vtp'.
[2022-09-12 09:47:02.341] [info] Loaded model subject1_withMTJ_locked_scaled_custom from file C:\Users\u0150099\Documents\master_thesis\3dpredictsim\OpenSimModel\subject1\Fal_s1_mtjc4_FK_sc_MTc5_cspx10_oy3.osim
[2022-09-12 09:47:02.342] [warning] Couldn't find file 'sacrum.vtp'.
[2022-09-12 09:47:02.342] [warning] Couldn't find file 'pelvis.vtp'.
[2022-09-12 09:47:02.342] [warning] Couldn't find file 'l_pelvis.vtp'.
[2022-09-12 09:47:02.342] [warning] Couldn't find file 'femur_r.vtp'.
[2022-09-12 09:47:02.342] [warning] Couldn't find file 'tibia_r.vtp'.
[2022-09-12 09:47:02.342] [warning] Couldn't find file 'fibula_r.vtp'.
[2022-09-12 09:47:02.342] [warning] Couldn't find file 'talus_rv.vtp'.
[2022-09-12 09:47:02.342] [warning] Couldn't find file 'calcaneous_rv.vtp'.
[2022-09-12 09:47:02.343] [warning] Couldn't find file 'model_r_midfoot.stl'.
[2022-09-12 09:47:02.343] [warning] Couldn't find file 'model_r_forefoot.stl'.
[2022-09-12 09:47:02.343] [warning] Couldn't find file 'model_r_toes.stl'.
[2022-09-12 09:47:02.343] [warning] Couldn't find file 'femur_l.vtp'.
[2022-09-12 09:47:02.343] [warning] Couldn't find file 'tibia_l.vtp'.
[2022-09-12 09:47:02.343] [warning] Couldn't find file 'fibula_l.vtp'.
[2022-09-12 09:47:02.343] [warning] Couldn't find file 'talus_lv.vtp'.
[2022-09-12 09:47:02.343] [warning] Couldn't find file 'calcaneous_lv.vtp'.
[2022-09-12 09:47:02.343] [warning] Couldn't find file 'model_l_midfoot.stl'.
[2022-09-12 09:47:02.343] [warning] Couldn't find file 'model_l_forefoot.stl'.
[2022-09-12 09:47:02.343] [warning] Couldn't find file 'model_l_toes.stl'.
[2022-09-12 09:47:02.343] [warning] Couldn't find file 'hat_spine.vtp'.
[2022-09-12 09:47:02.343] [warning] Couldn't find file 'hat_jaw.vtp'.
[2022-09-12 09:47:02.343] [warning] Couldn't find file 'hat_skull.vtp'.
[2022-09-12 09:47:02.343] [warning] Couldn't find file 'hat_ribs_scap.vtp'.
[2022-09-12 09:47:02.343] [warning] Couldn't find file 'humerus_rv.vtp'.
[2022-09-12 09:47:02.343] [warning] Couldn't find file 'ulna_rv.vtp'.
[2022-09-12 09:47:02.344] [warning] Couldn't find file 'radius_rv.vtp'.
[2022-09-12 09:47:02.344] [warning] Couldn't find file 'pisiform_rvs.vtp'.
[2022-09-12 09:47:02.344] [warning] Couldn't find file 'lunate_rvs.vtp'.
[2022-09-12 09:47:02.344] [warning] Couldn't find file 'scaphoid_rvs.vtp'.
[2022-09-12 09:47:02.344] [warning] Couldn't find file 'triquetrum_rvs.vtp'.
[2022-09-12 09:47:02.344] [warning] Couldn't find file 'hamate_rvs.vtp'.
[2022-09-12 09:47:02.344] [warning] Couldn't find file 'capitate_rvs.vtp'.
[2022-09-12 09:47:02.344] [warning] Couldn't find file 'trapezoid_rvs.vtp'.
[2022-09-12 09:47:02.344] [warning] Couldn't find file 'trapezium_rvs.vtp'.
[2022-09-12 09:47:02.344] [warning] Couldn't find file 'metacarpal2_rvs.vtp'.
[2022-09-12 09:47:02.344] [warning] Couldn't find file 'index_proximal_rvs.vtp'.
[2022-09-12 09:47:02.344] [warning] Couldn't find file 'index_medial_rvs.vtp'.
[2022-09-12 09:47:02.344] [warning] Couldn't find file 'index_distal_rvs.vtp'.
[2022-09-12 09:47:02.344] [warning] Couldn't find file 'metacarpal3_rvs.vtp'.
[2022-09-12 09:47:02.344] [warning] Couldn't find file 'middle_proximal_rvs.vtp'.
[2022-09-12 09:47:02.344] [warning] Couldn't find file 'middle_medial_rvs.vtp'.
[2022-09-12 09:47:02.344] [warning] Couldn't find file 'middle_distal_rvs.vtp'.
[2022-09-12 09:47:02.344] [warning] Couldn't find file 'metacarpal4_rvs.vtp'.
[2022-09-12 09:47:02.345] [warning] Couldn't find file 'ring_proximal_rvs.vtp'.
[2022-09-12 09:47:02.345] [warning] Couldn't find file 'ring_medial_rvs.vtp'.
[2022-09-12 09:47:02.345] [warning] Couldn't find file 'ring_distal_rvs.vtp'.
[2022-09-12 09:47:02.345] [warning] Couldn't find file 'metacarpal5_rvs.vtp'.
[2022-09-12 09:47:02.345] [warning] Couldn't find file 'little_proximal_rvs.vtp'.
[2022-09-12 09:47:02.345] [warning] Couldn't find file 'little_medial_rvs.vtp'.
[2022-09-12 09:47:02.345] [warning] Couldn't find file 'little_distal_rvs.vtp'.
[2022-09-12 09:47:02.345] [warning] Couldn't find file 'metacarpal1_rvs.vtp'.
[2022-09-12 09:47:02.345] [warning] Couldn't find file 'thumb_proximal_rvs.vtp'.
[2022-09-12 09:47:02.345] [warning] Couldn't find file 'thumb_distal_rvs.vtp'.
[2022-09-12 09:47:02.345] [warning] Couldn't find file 'humerus_lv.vtp'.
[2022-09-12 09:47:02.345] [warning] Couldn't find file 'ulna_lv.vtp'.
[2022-09-12 09:47:02.345] [warning] Couldn't find file 'radius_lv.vtp'.
[2022-09-12 09:47:02.345] [warning] Couldn't find file 'pisiform_lvs.vtp'.
[2022-09-12 09:47:02.345] [warning] Couldn't find file 'lunate_lvs.vtp'.
[2022-09-12 09:47:02.345] [warning] Couldn't find file 'scaphoid_lvs.vtp'.
[2022-09-12 09:47:02.345] [warning] Couldn't find file 'triquetrum_lvs.vtp'.
[2022-09-12 09:47:02.345] [warning] Couldn't find file 'hamate_lvs.vtp'.
[2022-09-12 09:47:02.346] [warning] Couldn't find file 'capitate_lvs.vtp'.
[2022-09-12 09:47:02.346] [warning] Couldn't find file 'trapezoid_lvs.vtp'.
[2022-09-12 09:47:02.346] [warning] Couldn't find file 'trapezium_lvs.vtp'.
[2022-09-12 09:47:02.346] [warning] Couldn't find file 'metacarpal2_lvs.vtp'.
[2022-09-12 09:47:02.346] [warning] Couldn't find file 'index_proximal_lvs.vtp'.
[2022-09-12 09:47:02.346] [warning] Couldn't find file 'index_medial_lvs.vtp'.
[2022-09-12 09:47:02.346] [warning] Couldn't find file 'index_distal_lvs.vtp'.
[2022-09-12 09:47:02.346] [warning] Couldn't find file 'metacarpal3_lvs.vtp'.
[2022-09-12 09:47:02.346] [warning] Couldn't find file 'middle_proximal_lvs.vtp'.
[2022-09-12 09:47:02.346] [warning] Couldn't find file 'middle_medial_lvs.vtp'.
[2022-09-12 09:47:02.346] [warning] Couldn't find file 'middle_distal_lvs.vtp'.
[2022-09-12 09:47:02.346] [warning] Couldn't find file 'metacarpal4_lvs.vtp'.
[2022-09-12 09:47:02.346] [warning] Couldn't find file 'ring_proximal_lvs.vtp'.
[2022-09-12 09:47:02.346] [warning] Couldn't find file 'ring_medial_lvs.vtp'.
[2022-09-12 09:47:02.346] [warning] Couldn't find file 'ring_distal_lvs.vtp'.
[2022-09-12 09:47:02.347] [warning] Couldn't find file 'metacarpal5_lvs.vtp'.
[2022-09-12 09:47:02.347] [warning] Couldn't find file 'little_proximal_lvs.vtp'.
[2022-09-12 09:47:02.347] [warning] Couldn't find file 'little_medial_lvs.vtp'.
[2022-09-12 09:47:02.347] [warning] Couldn't find file 'little_distal_lvs.vtp'.
[2022-09-12 09:47:02.347] [warning] Couldn't find file 'metacarpal1_lvs.vtp'.
[2022-09-12 09:47:02.347] [warning] Couldn't find file 'thumb_proximal_lvs.vtp'.
[2022-09-12 09:47:02.347] [warning] Couldn't find file 'thumb_distal_lvs.vtp'.
[2022-09-12 09:47:02.782] [info] Loaded model subject1_withMTJ_locked_scaled_custom from file C:\Users\u0150099\Documents\master_thesis\3dpredictsim\OpenSimModel\subject1\Fal_s1_mtjc4_FK_sc_FDB2_MTc5_cg0.osim
[2022-09-12 09:47:02.783] [warning] Couldn't find file 'sacrum.vtp'.
[2022-09-12 09:47:02.783] [warning] Couldn't find file 'pelvis.vtp'.
[2022-09-12 09:47:02.783] [warning] Couldn't find file 'l_pelvis.vtp'.
[2022-09-12 09:47:02.783] [warning] Couldn't find file 'femur_r.vtp'.
[2022-09-12 09:47:02.783] [warning] Couldn't find file 'tibia_r.vtp'.
[2022-09-12 09:47:02.783] [warning] Couldn't find file 'fibula_r.vtp'.
[2022-09-12 09:47:02.784] [warning] Couldn't find file 'talus_rv.vtp'.
[2022-09-12 09:47:02.784] [warning] Couldn't find file 'calcaneous_rv.vtp'.
[2022-09-12 09:47:02.784] [warning] Couldn't find file 'model_r_midfoot.stl'.
[2022-09-12 09:47:02.784] [warning] Couldn't find file 'model_r_forefoot.stl'.
[2022-09-12 09:47:02.784] [warning] Couldn't find file 'model_r_toes.stl'.
[2022-09-12 09:47:02.784] [warning] Couldn't find file 'femur_l.vtp'.
[2022-09-12 09:47:02.784] [warning] Couldn't find file 'tibia_l.vtp'.
[2022-09-12 09:47:02.784] [warning] Couldn't find file 'fibula_l.vtp'.
[2022-09-12 09:47:02.784] [warning] Couldn't find file 'talus_lv.vtp'.
[2022-09-12 09:47:02.784] [warning] Couldn't find file 'calcaneous_lv.vtp'.
[2022-09-12 09:47:02.784] [warning] Couldn't find file 'model_l_midfoot.stl'.
[2022-09-12 09:47:02.784] [warning] Couldn't find file 'model_l_forefoot.stl'.
[2022-09-12 09:47:02.784] [warning] Couldn't find file 'model_l_toes.stl'.
[2022-09-12 09:47:02.784] [warning] Couldn't find file 'hat_spine.vtp'.
[2022-09-12 09:47:02.784] [warning] Couldn't find file 'hat_jaw.vtp'.
[2022-09-12 09:47:02.784] [warning] Couldn't find file 'hat_skull.vtp'.
[2022-09-12 09:47:02.784] [warning] Couldn't find file 'hat_ribs_scap.vtp'.
[2022-09-12 09:47:02.785] [warning] Couldn't find file 'humerus_rv.vtp'.
[2022-09-12 09:47:02.785] [warning] Couldn't find file 'ulna_rv.vtp'.
[2022-09-12 09:47:02.785] [warning] Couldn't find file 'radius_rv.vtp'.
[2022-09-12 09:47:02.785] [warning] Couldn't find file 'pisiform_rvs.vtp'.
[2022-09-12 09:47:02.785] [warning] Couldn't find file 'lunate_rvs.vtp'.
[2022-09-12 09:47:02.785] [warning] Couldn't find file 'scaphoid_rvs.vtp'.
[2022-09-12 09:47:02.785] [warning] Couldn't find file 'triquetrum_rvs.vtp'.
[2022-09-12 09:47:02.785] [warning] Couldn't find file 'hamate_rvs.vtp'.
[2022-09-12 09:47:02.785] [warning] Couldn't find file 'capitate_rvs.vtp'.
[2022-09-12 09:47:02.785] [warning] Couldn't find file 'trapezoid_rvs.vtp'.
[2022-09-12 09:47:02.785] [warning] Couldn't find file 'trapezium_rvs.vtp'.
[2022-09-12 09:47:02.785] [warning] Couldn't find file 'metacarpal2_rvs.vtp'.
[2022-09-12 09:47:02.785] [warning] Couldn't find file 'index_proximal_rvs.vtp'.
[2022-09-12 09:47:02.785] [warning] Couldn't find file 'index_medial_rvs.vtp'.
[2022-09-12 09:47:02.785] [warning] Couldn't find file 'index_distal_rvs.vtp'.
[2022-09-12 09:47:02.785] [warning] Couldn't find file 'metacarpal3_rvs.vtp'.
[2022-09-12 09:47:02.785] [warning] Couldn't find file 'middle_proximal_rvs.vtp'.
[2022-09-12 09:47:02.785] [warning] Couldn't find file 'middle_medial_rvs.vtp'.
[2022-09-12 09:47:02.786] [warning] Couldn't find file 'middle_distal_rvs.vtp'.
[2022-09-12 09:47:02.786] [warning] Couldn't find file 'metacarpal4_rvs.vtp'.
[2022-09-12 09:47:02.786] [warning] Couldn't find file 'ring_proximal_rvs.vtp'.
[2022-09-12 09:47:02.786] [warning] Couldn't find file 'ring_medial_rvs.vtp'.
[2022-09-12 09:47:02.786] [warning] Couldn't find file 'ring_distal_rvs.vtp'.
[2022-09-12 09:47:02.786] [warning] Couldn't find file 'metacarpal5_rvs.vtp'.
[2022-09-12 09:47:02.786] [warning] Couldn't find file 'little_proximal_rvs.vtp'.
[2022-09-12 09:47:02.786] [warning] Couldn't find file 'little_medial_rvs.vtp'.
[2022-09-12 09:47:02.786] [warning] Couldn't find file 'little_distal_rvs.vtp'.
[2022-09-12 09:47:02.786] [warning] Couldn't find file 'metacarpal1_rvs.vtp'.
[2022-09-12 09:47:02.786] [warning] Couldn't find file 'thumb_proximal_rvs.vtp'.
[2022-09-12 09:47:02.786] [warning] Couldn't find file 'thumb_distal_rvs.vtp'.
[2022-09-12 09:47:02.786] [warning] Couldn't find file 'humerus_lv.vtp'.
[2022-09-12 09:47:02.786] [warning] Couldn't find file 'ulna_lv.vtp'.
[2022-09-12 09:47:02.786] [warning] Couldn't find file 'radius_lv.vtp'.
[2022-09-12 09:47:02.786] [warning] Couldn't find file 'pisiform_lvs.vtp'.
[2022-09-12 09:47:02.786] [warning] Couldn't find file 'lunate_lvs.vtp'.
[2022-09-12 09:47:02.787] [warning] Couldn't find file 'scaphoid_lvs.vtp'.
[2022-09-12 09:47:02.787] [warning] Couldn't find file 'triquetrum_lvs.vtp'.
[2022-09-12 09:47:02.787] [warning] Couldn't find file 'hamate_lvs.vtp'.
[2022-09-12 09:47:02.787] [warning] Couldn't find file 'capitate_lvs.vtp'.
[2022-09-12 09:47:02.787] [warning] Couldn't find file 'trapezoid_lvs.vtp'.
[2022-09-12 09:47:02.787] [warning] Couldn't find file 'trapezium_lvs.vtp'.
[2022-09-12 09:47:02.787] [warning] Couldn't find file 'metacarpal2_lvs.vtp'.
[2022-09-12 09:47:02.787] [warning] Couldn't find file 'index_proximal_lvs.vtp'.
[2022-09-12 09:47:02.787] [warning] Couldn't find file 'index_medial_lvs.vtp'.
[2022-09-12 09:47:02.787] [warning] Couldn't find file 'index_distal_lvs.vtp'.
[2022-09-12 09:47:02.787] [warning] Couldn't find file 'metacarpal3_lvs.vtp'.
[2022-09-12 09:47:02.787] [warning] Couldn't find file 'middle_proximal_lvs.vtp'.
[2022-09-12 09:47:02.787] [warning] Couldn't find file 'middle_medial_lvs.vtp'.
[2022-09-12 09:47:02.787] [warning] Couldn't find file 'middle_distal_lvs.vtp'.
[2022-09-12 09:47:02.787] [warning] Couldn't find file 'metacarpal4_lvs.vtp'.
[2022-09-12 09:47:02.787] [warning] Couldn't find file 'ring_proximal_lvs.vtp'.
[2022-09-12 09:47:02.787] [warning] Couldn't find file 'ring_medial_lvs.vtp'.
[2022-09-12 09:47:02.787] [warning] Couldn't find file 'ring_distal_lvs.vtp'.
[2022-09-12 09:47:02.787] [warning] Couldn't find file 'metacarpal5_lvs.vtp'.
[2022-09-12 09:47:02.788] [warning] Couldn't find file 'little_proximal_lvs.vtp'.
[2022-09-12 09:47:02.788] [warning] Couldn't find file 'little_medial_lvs.vtp'.
[2022-09-12 09:47:02.788] [warning] Couldn't find file 'little_distal_lvs.vtp'.
[2022-09-12 09:47:02.788] [warning] Couldn't find file 'metacarpal1_lvs.vtp'.
[2022-09-12 09:47:02.788] [warning] Couldn't find file 'thumb_proximal_lvs.vtp'.
[2022-09-12 09:47:02.788] [warning] Couldn't find file 'thumb_distal_lvs.vtp'.
[2022-09-12 09:52:43.769] [info] Loaded model Fal_s1_mtp_sc_MTc5_cspx10_oy1 from file C:\Users\u0150099\Documents\master_thesis\3dpredictsim\OpenSimModel\subject1\Fal_s1_mtp_FK_sc_MTc5_cg0.osim
[2022-09-12 09:52:43.769] [warning] Couldn't find file 'sacrum.vtp'.
[2022-09-12 09:52:43.769] [warning] Couldn't find file 'pelvis.vtp'.
[2022-09-12 09:52:43.770] [warning] Couldn't find file 'l_pelvis.vtp'.
[2022-09-12 09:52:43.770] [warning] Couldn't find file 'femur_r.vtp'.
[2022-09-12 09:52:43.770] [warning] Couldn't find file 'tibia_r.vtp'.
[2022-09-12 09:52:43.770] [warning] Couldn't find file 'fibula_r.vtp'.
[2022-09-12 09:52:43.770] [warning] Couldn't find file 'talus_rv.vtp'.
[2022-09-12 09:52:43.770] [warning] Couldn't find file 'calcaneous_rv.vtp'.
[2022-09-12 09:52:43.770] [warning] Couldn't find file 'model_r_midfoot.stl'.
[2022-09-12 09:52:43.770] [warning] Couldn't find file 'model_r_forefoot.stl'.
[2022-09-12 09:52:43.770] [warning] Couldn't find file 'model_r_toes.stl'.
[2022-09-12 09:52:43.770] [warning] Couldn't find file 'femur_l.vtp'.
[2022-09-12 09:52:43.770] [warning] Couldn't find file 'tibia_l.vtp'.
[2022-09-12 09:52:43.770] [warning] Couldn't find file 'fibula_l.vtp'.
[2022-09-12 09:52:43.770] [warning] Couldn't find file 'talus_lv.vtp'.
[2022-09-12 09:52:43.770] [warning] Couldn't find file 'calcaneous_lv.vtp'.
[2022-09-12 09:52:43.770] [warning] Couldn't find file 'model_l_midfoot.stl'.
[2022-09-12 09:52:43.770] [warning] Couldn't find file 'model_l_forefoot.stl'.
[2022-09-12 09:52:43.771] [warning] Couldn't find file 'model_l_toes.stl'.
[2022-09-12 09:52:43.771] [warning] Couldn't find file 'hat_spine.vtp'.
[2022-09-12 09:52:43.771] [warning] Couldn't find file 'hat_jaw.vtp'.
[2022-09-12 09:52:43.771] [warning] Couldn't find file 'hat_skull.vtp'.
[2022-09-12 09:52:43.771] [warning] Couldn't find file 'hat_ribs_scap.vtp'.
[2022-09-12 09:52:43.771] [warning] Couldn't find file 'humerus_rv.vtp'.
[2022-09-12 09:52:43.771] [warning] Couldn't find file 'ulna_rv.vtp'.
[2022-09-12 09:52:43.771] [warning] Couldn't find file 'radius_rv.vtp'.
[2022-09-12 09:52:43.771] [warning] Couldn't find file 'pisiform_rvs.vtp'.
[2022-09-12 09:52:43.771] [warning] Couldn't find file 'lunate_rvs.vtp'.
[2022-09-12 09:52:43.771] [warning] Couldn't find file 'scaphoid_rvs.vtp'.
[2022-09-12 09:52:43.771] [warning] Couldn't find file 'triquetrum_rvs.vtp'.
[2022-09-12 09:52:43.771] [warning] Couldn't find file 'hamate_rvs.vtp'.
[2022-09-12 09:52:43.771] [warning] Couldn't find file 'capitate_rvs.vtp'.
[2022-09-12 09:52:43.771] [warning] Couldn't find file 'trapezoid_rvs.vtp'.
[2022-09-12 09:52:43.771] [warning] Couldn't find file 'trapezium_rvs.vtp'.
[2022-09-12 09:52:43.771] [warning] Couldn't find file 'metacarpal2_rvs.vtp'.
[2022-09-12 09:52:43.772] [warning] Couldn't find file 'index_proximal_rvs.vtp'.
[2022-09-12 09:52:43.772] [warning] Couldn't find file 'index_medial_rvs.vtp'.
[2022-09-12 09:52:43.772] [warning] Couldn't find file 'index_distal_rvs.vtp'.
[2022-09-12 09:52:43.772] [warning] Couldn't find file 'metacarpal3_rvs.vtp'.
[2022-09-12 09:52:43.772] [warning] Couldn't find file 'middle_proximal_rvs.vtp'.
[2022-09-12 09:52:43.772] [warning] Couldn't find file 'middle_medial_rvs.vtp'.
[2022-09-12 09:52:43.772] [warning] Couldn't find file 'middle_distal_rvs.vtp'.
[2022-09-12 09:52:43.772] [warning] Couldn't find file 'metacarpal4_rvs.vtp'.
[2022-09-12 09:52:43.772] [warning] Couldn't find file 'ring_proximal_rvs.vtp'.
[2022-09-12 09:52:43.772] [warning] Couldn't find file 'ring_medial_rvs.vtp'.
[2022-09-12 09:52:43.772] [warning] Couldn't find file 'ring_distal_rvs.vtp'.
[2022-09-12 09:52:43.772] [warning] Couldn't find file 'metacarpal5_rvs.vtp'.
[2022-09-12 09:52:43.772] [warning] Couldn't find file 'little_proximal_rvs.vtp'.
[2022-09-12 09:52:43.772] [warning] Couldn't find file 'little_medial_rvs.vtp'.
[2022-09-12 09:52:43.772] [warning] Couldn't find file 'little_distal_rvs.vtp'.
[2022-09-12 09:52:43.772] [warning] Couldn't find file 'metacarpal1_rvs.vtp'.
[2022-09-12 09:52:43.772] [warning] Couldn't find file 'thumb_proximal_rvs.vtp'.
[2022-09-12 09:52:43.773] [warning] Couldn't find file 'thumb_distal_rvs.vtp'.
[2022-09-12 09:52:43.773] [warning] Couldn't find file 'humerus_lv.vtp'.
[2022-09-12 09:52:43.773] [warning] Couldn't find file 'ulna_lv.vtp'.
[2022-09-12 09:52:43.773] [warning] Couldn't find file 'radius_lv.vtp'.
[2022-09-12 09:52:43.773] [warning] Couldn't find file 'pisiform_lvs.vtp'.
[2022-09-12 09:52:43.773] [warning] Couldn't find file 'lunate_lvs.vtp'.
[2022-09-12 09:52:43.773] [warning] Couldn't find file 'scaphoid_lvs.vtp'.
[2022-09-12 09:52:43.773] [warning] Couldn't find file 'triquetrum_lvs.vtp'.
[2022-09-12 09:52:43.773] [warning] Couldn't find file 'hamate_lvs.vtp'.
[2022-09-12 09:52:43.773] [warning] Couldn't find file 'capitate_lvs.vtp'.
[2022-09-12 09:52:43.773] [warning] Couldn't find file 'trapezoid_lvs.vtp'.
[2022-09-12 09:52:43.773] [warning] Couldn't find file 'trapezium_lvs.vtp'.
[2022-09-12 09:52:43.773] [warning] Couldn't find file 'metacarpal2_lvs.vtp'.
[2022-09-12 09:52:43.773] [warning] Couldn't find file 'index_proximal_lvs.vtp'.
[2022-09-12 09:52:43.773] [warning] Couldn't find file 'index_medial_lvs.vtp'.
[2022-09-12 09:52:43.773] [warning] Couldn't find file 'index_distal_lvs.vtp'.
[2022-09-12 09:52:43.773] [warning] Couldn't find file 'metacarpal3_lvs.vtp'.
[2022-09-12 09:52:43.773] [warning] Couldn't find file 'middle_proximal_lvs.vtp'.
[2022-09-12 09:52:43.774] [warning] Couldn't find file 'middle_medial_lvs.vtp'.
[2022-09-12 09:52:43.774] [warning] Couldn't find file 'middle_distal_lvs.vtp'.
[2022-09-12 09:52:43.774] [warning] Couldn't find file 'metacarpal4_lvs.vtp'.
[2022-09-12 09:52:43.774] [warning] Couldn't find file 'ring_proximal_lvs.vtp'.
[2022-09-12 09:52:43.774] [warning] Couldn't find file 'ring_medial_lvs.vtp'.
[2022-09-12 09:52:43.774] [warning] Couldn't find file 'ring_distal_lvs.vtp'.
[2022-09-12 09:52:43.774] [warning] Couldn't find file 'metacarpal5_lvs.vtp'.
[2022-09-12 09:52:43.774] [warning] Couldn't find file 'little_proximal_lvs.vtp'.
[2022-09-12 09:52:43.774] [warning] Couldn't find file 'little_medial_lvs.vtp'.
[2022-09-12 09:52:43.774] [warning] Couldn't find file 'little_distal_lvs.vtp'.
[2022-09-12 09:52:43.774] [warning] Couldn't find file 'metacarpal1_lvs.vtp'.
[2022-09-12 09:52:43.774] [warning] Couldn't find file 'thumb_proximal_lvs.vtp'.
[2022-09-12 09:52:43.774] [warning] Couldn't find file 'thumb_distal_lvs.vtp'.
[2022-09-12 09:52:44.614] [info] Loaded model subject1_withMTJ_locked_scaled_custom from file C:\Users\u0150099\Documents\master_thesis\3dpredictsim\OpenSimModel\subject1\Fal_s1_mtjc4_FK_sc_MTc5_cspx10_oy3.osim
[2022-09-12 09:52:44.615] [warning] Couldn't find file 'sacrum.vtp'.
[2022-09-12 09:52:44.615] [warning] Couldn't find file 'pelvis.vtp'.
[2022-09-12 09:52:44.615] [warning] Couldn't find file 'l_pelvis.vtp'.
[2022-09-12 09:52:44.615] [warning] Couldn't find file 'femur_r.vtp'.
[2022-09-12 09:52:44.615] [warning] Couldn't find file 'tibia_r.vtp'.
[2022-09-12 09:52:44.615] [warning] Couldn't find file 'fibula_r.vtp'.
[2022-09-12 09:52:44.615] [warning] Couldn't find file 'talus_rv.vtp'.
[2022-09-12 09:52:44.615] [warning] Couldn't find file 'calcaneous_rv.vtp'.
[2022-09-12 09:52:44.615] [warning] Couldn't find file 'model_r_midfoot.stl'.
[2022-09-12 09:52:44.615] [warning] Couldn't find file 'model_r_forefoot.stl'.
[2022-09-12 09:52:44.616] [warning] Couldn't find file 'model_r_toes.stl'.
[2022-09-12 09:52:44.616] [warning] Couldn't find file 'femur_l.vtp'.
[2022-09-12 09:52:44.616] [warning] Couldn't find file 'tibia_l.vtp'.
[2022-09-12 09:52:44.616] [warning] Couldn't find file 'fibula_l.vtp'.
[2022-09-12 09:52:44.616] [warning] Couldn't find file 'talus_lv.vtp'.
[2022-09-12 09:52:44.616] [warning] Couldn't find file 'calcaneous_lv.vtp'.
[2022-09-12 09:52:44.616] [warning] Couldn't find file 'model_l_midfoot.stl'.
[2022-09-12 09:52:44.616] [warning] Couldn't find file 'model_l_forefoot.stl'.
[2022-09-12 09:52:44.616] [warning] Couldn't find file 'model_l_toes.stl'.
[2022-09-12 09:52:44.616] [warning] Couldn't find file 'hat_spine.vtp'.
[2022-09-12 09:52:44.616] [warning] Couldn't find file 'hat_jaw.vtp'.
[2022-09-12 09:52:44.616] [warning] Couldn't find file 'hat_skull.vtp'.
[2022-09-12 09:52:44.616] [warning] Couldn't find file 'hat_ribs_scap.vtp'.
[2022-09-12 09:52:44.616] [warning] Couldn't find file 'humerus_rv.vtp'.
[2022-09-12 09:52:44.616] [warning] Couldn't find file 'ulna_rv.vtp'.
[2022-09-12 09:52:44.616] [warning] Couldn't find file 'radius_rv.vtp'.
[2022-09-12 09:52:44.616] [warning] Couldn't find file 'pisiform_rvs.vtp'.
[2022-09-12 09:52:44.617] [warning] Couldn't find file 'lunate_rvs.vtp'.
[2022-09-12 09:52:44.617] [warning] Couldn't find file 'scaphoid_rvs.vtp'.
[2022-09-12 09:52:44.617] [warning] Couldn't find file 'triquetrum_rvs.vtp'.
[2022-09-12 09:52:44.617] [warning] Couldn't find file 'hamate_rvs.vtp'.
[2022-09-12 09:52:44.617] [warning] Couldn't find file 'capitate_rvs.vtp'.
[2022-09-12 09:52:44.617] [warning] Couldn't find file 'trapezoid_rvs.vtp'.
[2022-09-12 09:52:44.617] [warning] Couldn't find file 'trapezium_rvs.vtp'.
[2022-09-12 09:52:44.617] [warning] Couldn't find file 'metacarpal2_rvs.vtp'.
[2022-09-12 09:52:44.617] [warning] Couldn't find file 'index_proximal_rvs.vtp'.
[2022-09-12 09:52:44.617] [warning] Couldn't find file 'index_medial_rvs.vtp'.
[2022-09-12 09:52:44.617] [warning] Couldn't find file 'index_distal_rvs.vtp'.
[2022-09-12 09:52:44.617] [warning] Couldn't find file 'metacarpal3_rvs.vtp'.
[2022-09-12 09:52:44.617] [warning] Couldn't find file 'middle_proximal_rvs.vtp'.
[2022-09-12 09:52:44.617] [warning] Couldn't find file 'middle_medial_rvs.vtp'.
[2022-09-12 09:52:44.617] [warning] Couldn't find file 'middle_distal_rvs.vtp'.
[2022-09-12 09:52:44.617] [warning] Couldn't find file 'metacarpal4_rvs.vtp'.
[2022-09-12 09:52:44.617] [warning] Couldn't find file 'ring_proximal_rvs.vtp'.
[2022-09-12 09:52:44.617] [warning] Couldn't find file 'ring_medial_rvs.vtp'.
[2022-09-12 09:52:44.618] [warning] Couldn't find file 'ring_distal_rvs.vtp'.
[2022-09-12 09:52:44.618] [warning] Couldn't find file 'metacarpal5_rvs.vtp'.
[2022-09-12 09:52:44.618] [warning] Couldn't find file 'little_proximal_rvs.vtp'.
[2022-09-12 09:52:44.618] [warning] Couldn't find file 'little_medial_rvs.vtp'.
[2022-09-12 09:52:44.618] [warning] Couldn't find file 'little_distal_rvs.vtp'.
[2022-09-12 09:52:44.618] [warning] Couldn't find file 'metacarpal1_rvs.vtp'.
[2022-09-12 09:52:44.618] [warning] Couldn't find file 'thumb_proximal_rvs.vtp'.
[2022-09-12 09:52:44.618] [warning] Couldn't find file 'thumb_distal_rvs.vtp'.
[2022-09-12 09:52:44.618] [warning] Couldn't find file 'humerus_lv.vtp'.
[2022-09-12 09:52:44.618] [warning] Couldn't find file 'ulna_lv.vtp'.
[2022-09-12 09:52:44.618] [warning] Couldn't find file 'radius_lv.vtp'.
[2022-09-12 09:52:44.618] [warning] Couldn't find file 'pisiform_lvs.vtp'.
[2022-09-12 09:52:44.618] [warning] Couldn't find file 'lunate_lvs.vtp'.
[2022-09-12 09:52:44.618] [warning] Couldn't find file 'scaphoid_lvs.vtp'.
[2022-09-12 09:52:44.618] [warning] Couldn't find file 'triquetrum_lvs.vtp'.
[2022-09-12 09:52:44.618] [warning] Couldn't find file 'hamate_lvs.vtp'.
[2022-09-12 09:52:44.618] [warning] Couldn't find file 'capitate_lvs.vtp'.
[2022-09-12 09:52:44.619] [warning] Couldn't find file 'trapezoid_lvs.vtp'.
[2022-09-12 09:52:44.619] [warning] Couldn't find file 'trapezium_lvs.vtp'.
[2022-09-12 09:52:44.619] [warning] Couldn't find file 'metacarpal2_lvs.vtp'.
[2022-09-12 09:52:44.619] [warning] Couldn't find file 'index_proximal_lvs.vtp'.
[2022-09-12 09:52:44.619] [warning] Couldn't find file 'index_medial_lvs.vtp'.
[2022-09-12 09:52:44.619] [warning] Couldn't find file 'index_distal_lvs.vtp'.
[2022-09-12 09:52:44.619] [warning] Couldn't find file 'metacarpal3_lvs.vtp'.
[2022-09-12 09:52:44.619] [warning] Couldn't find file 'middle_proximal_lvs.vtp'.
[2022-09-12 09:52:44.619] [warning] Couldn't find file 'middle_medial_lvs.vtp'.
[2022-09-12 09:52:44.619] [warning] Couldn't find file 'middle_distal_lvs.vtp'.
[2022-09-12 09:52:44.619] [warning] Couldn't find file 'metacarpal4_lvs.vtp'.
[2022-09-12 09:52:44.619] [warning] Couldn't find file 'ring_proximal_lvs.vtp'.
[2022-09-12 09:52:44.619] [warning] Couldn't find file 'ring_medial_lvs.vtp'.
[2022-09-12 09:52:44.619] [warning] Couldn't find file 'ring_distal_lvs.vtp'.
[2022-09-12 09:52:44.619] [warning] Couldn't find file 'metacarpal5_lvs.vtp'.
[2022-09-12 09:52:44.619] [warning] Couldn't find file 'little_proximal_lvs.vtp'.
[2022-09-12 09:52:44.619] [warning] Couldn't find file 'little_medial_lvs.vtp'.
[2022-09-12 09:52:44.619] [warning] Couldn't find file 'little_distal_lvs.vtp'.
[2022-09-12 09:52:44.619] [warning] Couldn't find file 'metacarpal1_lvs.vtp'.
[2022-09-12 09:52:44.620] [warning] Couldn't find file 'thumb_proximal_lvs.vtp'.
[2022-09-12 09:52:44.620] [warning] Couldn't find file 'thumb_distal_lvs.vtp'.
[2022-09-12 09:52:45.065] [info] Loaded model subject1_withMTJ_locked_scaled_custom from file C:\Users\u0150099\Documents\master_thesis\3dpredictsim\OpenSimModel\subject1\Fal_s1_mtjc4_FK_sc_FDB2_MTc5_cg0.osim
[2022-09-12 09:52:45.066] [warning] Couldn't find file 'sacrum.vtp'.
[2022-09-12 09:52:45.066] [warning] Couldn't find file 'pelvis.vtp'.
[2022-09-12 09:52:45.066] [warning] Couldn't find file 'l_pelvis.vtp'.
[2022-09-12 09:52:45.066] [warning] Couldn't find file 'femur_r.vtp'.
[2022-09-12 09:52:45.066] [warning] Couldn't find file 'tibia_r.vtp'.
[2022-09-12 09:52:45.066] [warning] Couldn't find file 'fibula_r.vtp'.
[2022-09-12 09:52:45.066] [warning] Couldn't find file 'talus_rv.vtp'.
[2022-09-12 09:52:45.066] [warning] Couldn't find file 'calcaneous_rv.vtp'.
[2022-09-12 09:52:45.066] [warning] Couldn't find file 'model_r_midfoot.stl'.
[2022-09-12 09:52:45.066] [warning] Couldn't find file 'model_r_forefoot.stl'.
[2022-09-12 09:52:45.067] [warning] Couldn't find file 'model_r_toes.stl'.
[2022-09-12 09:52:45.067] [warning] Couldn't find file 'femur_l.vtp'.
[2022-09-12 09:52:45.067] [warning] Couldn't find file 'tibia_l.vtp'.
[2022-09-12 09:52:45.067] [warning] Couldn't find file 'fibula_l.vtp'.
[2022-09-12 09:52:45.067] [warning] Couldn't find file 'talus_lv.vtp'.
[2022-09-12 09:52:45.067] [warning] Couldn't find file 'calcaneous_lv.vtp'.
[2022-09-12 09:52:45.067] [warning] Couldn't find file 'model_l_midfoot.stl'.
[2022-09-12 09:52:45.067] [warning] Couldn't find file 'model_l_forefoot.stl'.
[2022-09-12 09:52:45.067] [warning] Couldn't find file 'model_l_toes.stl'.
[2022-09-12 09:52:45.067] [warning] Couldn't find file 'hat_spine.vtp'.
[2022-09-12 09:52:45.067] [warning] Couldn't find file 'hat_jaw.vtp'.
[2022-09-12 09:52:45.067] [warning] Couldn't find file 'hat_skull.vtp'.
[2022-09-12 09:52:45.067] [warning] Couldn't find file 'hat_ribs_scap.vtp'.
[2022-09-12 09:52:45.067] [warning] Couldn't find file 'humerus_rv.vtp'.
[2022-09-12 09:52:45.067] [warning] Couldn't find file 'ulna_rv.vtp'.
[2022-09-12 09:52:45.067] [warning] Couldn't find file 'radius_rv.vtp'.
[2022-09-12 09:52:45.068] [warning] Couldn't find file 'pisiform_rvs.vtp'.
[2022-09-12 09:52:45.068] [warning] Couldn't find file 'lunate_rvs.vtp'.
[2022-09-12 09:52:45.068] [warning] Couldn't find file 'scaphoid_rvs.vtp'.
[2022-09-12 09:52:45.068] [warning] Couldn't find file 'triquetrum_rvs.vtp'.
[2022-09-12 09:52:45.068] [warning] Couldn't find file 'hamate_rvs.vtp'.
[2022-09-12 09:52:45.068] [warning] Couldn't find file 'capitate_rvs.vtp'.
[2022-09-12 09:52:45.068] [warning] Couldn't find file 'trapezoid_rvs.vtp'.
[2022-09-12 09:52:45.068] [warning] Couldn't find file 'trapezium_rvs.vtp'.
[2022-09-12 09:52:45.068] [warning] Couldn't find file 'metacarpal2_rvs.vtp'.
[2022-09-12 09:52:45.068] [warning] Couldn't find file 'index_proximal_rvs.vtp'.
[2022-09-12 09:52:45.068] [warning] Couldn't find file 'index_medial_rvs.vtp'.
[2022-09-12 09:52:45.068] [warning] Couldn't find file 'index_distal_rvs.vtp'.
[2022-09-12 09:52:45.068] [warning] Couldn't find file 'metacarpal3_rvs.vtp'.
[2022-09-12 09:52:45.068] [warning] Couldn't find file 'middle_proximal_rvs.vtp'.
[2022-09-12 09:52:45.068] [warning] Couldn't find file 'middle_medial_rvs.vtp'.
[2022-09-12 09:52:45.068] [warning] Couldn't find file 'middle_distal_rvs.vtp'.
[2022-09-12 09:52:45.068] [warning] Couldn't find file 'metacarpal4_rvs.vtp'.
[2022-09-12 09:52:45.068] [warning] Couldn't find file 'ring_proximal_rvs.vtp'.
[2022-09-12 09:52:45.069] [warning] Couldn't find file 'ring_medial_rvs.vtp'.
[2022-09-12 09:52:45.069] [warning] Couldn't find file 'ring_distal_rvs.vtp'.
[2022-09-12 09:52:45.069] [warning] Couldn't find file 'metacarpal5_rvs.vtp'.
[2022-09-12 09:52:45.069] [warning] Couldn't find file 'little_proximal_rvs.vtp'.
[2022-09-12 09:52:45.069] [warning] Couldn't find file 'little_medial_rvs.vtp'.
[2022-09-12 09:52:45.069] [warning] Couldn't find file 'little_distal_rvs.vtp'.
[2022-09-12 09:52:45.069] [warning] Couldn't find file 'metacarpal1_rvs.vtp'.
[2022-09-12 09:52:45.069] [warning] Couldn't find file 'thumb_proximal_rvs.vtp'.
[2022-09-12 09:52:45.069] [warning] Couldn't find file 'thumb_distal_rvs.vtp'.
[2022-09-12 09:52:45.069] [warning] Couldn't find file 'humerus_lv.vtp'.
[2022-09-12 09:52:45.069] [warning] Couldn't find file 'ulna_lv.vtp'.
[2022-09-12 09:52:45.069] [warning] Couldn't find file 'radius_lv.vtp'.
[2022-09-12 09:52:45.069] [warning] Couldn't find file 'pisiform_lvs.vtp'.
[2022-09-12 09:52:45.069] [warning] Couldn't find file 'lunate_lvs.vtp'.
[2022-09-12 09:52:45.069] [warning] Couldn't find file 'scaphoid_lvs.vtp'.
[2022-09-12 09:52:45.069] [warning] Couldn't find file 'triquetrum_lvs.vtp'.
[2022-09-12 09:52:45.069] [warning] Couldn't find file 'hamate_lvs.vtp'.
[2022-09-12 09:52:45.069] [warning] Couldn't find file 'capitate_lvs.vtp'.
[2022-09-12 09:52:45.070] [warning] Couldn't find file 'trapezoid_lvs.vtp'.
[2022-09-12 09:52:45.070] [warning] Couldn't find file 'trapezium_lvs.vtp'.
[2022-09-12 09:52:45.070] [warning] Couldn't find file 'metacarpal2_lvs.vtp'.
[2022-09-12 09:52:45.070] [warning] Couldn't find file 'index_proximal_lvs.vtp'.
[2022-09-12 09:52:45.070] [warning] Couldn't find file 'index_medial_lvs.vtp'.
[2022-09-12 09:52:45.070] [warning] Couldn't find file 'index_distal_lvs.vtp'.
[2022-09-12 09:52:45.070] [warning] Couldn't find file 'metacarpal3_lvs.vtp'.
[2022-09-12 09:52:45.070] [warning] Couldn't find file 'middle_proximal_lvs.vtp'.
[2022-09-12 09:52:45.070] [warning] Couldn't find file 'middle_medial_lvs.vtp'.
[2022-09-12 09:52:45.070] [warning] Couldn't find file 'middle_distal_lvs.vtp'.
[2022-09-12 09:52:45.070] [warning] Couldn't find file 'metacarpal4_lvs.vtp'.
[2022-09-12 09:52:45.070] [warning] Couldn't find file 'ring_proximal_lvs.vtp'.
[2022-09-12 09:52:45.070] [warning] Couldn't find file 'ring_medial_lvs.vtp'.
[2022-09-12 09:52:45.070] [warning] Couldn't find file 'ring_distal_lvs.vtp'.
[2022-09-12 09:52:45.070] [warning] Couldn't find file 'metacarpal5_lvs.vtp'.
[2022-09-12 09:52:45.070] [warning] Couldn't find file 'little_proximal_lvs.vtp'.
[2022-09-12 09:52:45.070] [warning] Couldn't find file 'little_medial_lvs.vtp'.
[2022-09-12 09:52:45.071] [warning] Couldn't find file 'little_distal_lvs.vtp'.
[2022-09-12 09:52:45.071] [warning] Couldn't find file 'metacarpal1_lvs.vtp'.
[2022-09-12 09:52:45.071] [warning] Couldn't find file 'thumb_proximal_lvs.vtp'.
[2022-09-12 09:52:45.071] [warning] Couldn't find file 'thumb_distal_lvs.vtp'.
[2022-09-12 10:00:21.259] [info] Loaded model Fal_s1_mtp_sc_MTc5_cspx10_oy1 from file C:\Users\u0150099\Documents\master_thesis\3dpredictsim\OpenSimModel\subject1\Fal_s1_mtp_FK_sc_MTc5_cg0.osim
[2022-09-12 10:00:21.259] [warning] Couldn't find file 'sacrum.vtp'.
[2022-09-12 10:00:21.259] [warning] Couldn't find file 'pelvis.vtp'.
[2022-09-12 10:00:21.259] [warning] Couldn't find file 'l_pelvis.vtp'.
[2022-09-12 10:00:21.259] [warning] Couldn't find file 'femur_r.vtp'.
[2022-09-12 10:00:21.259] [warning] Couldn't find file 'tibia_r.vtp'.
[2022-09-12 10:00:21.259] [warning] Couldn't find file 'fibula_r.vtp'.
[2022-09-12 10:00:21.259] [warning] Couldn't find file 'talus_rv.vtp'.
[2022-09-12 10:00:21.260] [warning] Couldn't find file 'calcaneous_rv.vtp'.
[2022-09-12 10:00:21.260] [warning] Couldn't find file 'model_r_midfoot.stl'.
[2022-09-12 10:00:21.260] [warning] Couldn't find file 'model_r_forefoot.stl'.
[2022-09-12 10:00:21.260] [warning] Couldn't find file 'model_r_toes.stl'.
[2022-09-12 10:00:21.260] [warning] Couldn't find file 'femur_l.vtp'.
[2022-09-12 10:00:21.260] [warning] Couldn't find file 'tibia_l.vtp'.
[2022-09-12 10:00:21.260] [warning] Couldn't find file 'fibula_l.vtp'.
[2022-09-12 10:00:21.260] [warning] Couldn't find file 'talus_lv.vtp'.
[2022-09-12 10:00:21.260] [warning] Couldn't find file 'calcaneous_lv.vtp'.
[2022-09-12 10:00:21.260] [warning] Couldn't find file 'model_l_midfoot.stl'.
[2022-09-12 10:00:21.260] [warning] Couldn't find file 'model_l_forefoot.stl'.
[2022-09-12 10:00:21.260] [warning] Couldn't find file 'model_l_toes.stl'.
[2022-09-12 10:00:21.260] [warning] Couldn't find file 'hat_spine.vtp'.
[2022-09-12 10:00:21.260] [warning] Couldn't find file 'hat_jaw.vtp'.
[2022-09-12 10:00:21.260] [warning] Couldn't find file 'hat_skull.vtp'.
[2022-09-12 10:00:21.260] [warning] Couldn't find file 'hat_ribs_scap.vtp'.
[2022-09-12 10:00:21.261] [warning] Couldn't find file 'humerus_rv.vtp'.
[2022-09-12 10:00:21.261] [warning] Couldn't find file 'ulna_rv.vtp'.
[2022-09-12 10:00:21.261] [warning] Couldn't find file 'radius_rv.vtp'.
[2022-09-12 10:00:21.261] [warning] Couldn't find file 'pisiform_rvs.vtp'.
[2022-09-12 10:00:21.261] [warning] Couldn't find file 'lunate_rvs.vtp'.
[2022-09-12 10:00:21.261] [warning] Couldn't find file 'scaphoid_rvs.vtp'.
[2022-09-12 10:00:21.261] [warning] Couldn't find file 'triquetrum_rvs.vtp'.
[2022-09-12 10:00:21.261] [warning] Couldn't find file 'hamate_rvs.vtp'.
[2022-09-12 10:00:21.261] [warning] Couldn't find file 'capitate_rvs.vtp'.
[2022-09-12 10:00:21.261] [warning] Couldn't find file 'trapezoid_rvs.vtp'.
[2022-09-12 10:00:21.261] [warning] Couldn't find file 'trapezium_rvs.vtp'.
[2022-09-12 10:00:21.261] [warning] Couldn't find file 'metacarpal2_rvs.vtp'.
[2022-09-12 10:00:21.261] [warning] Couldn't find file 'index_proximal_rvs.vtp'.
[2022-09-12 10:00:21.261] [warning] Couldn't find file 'index_medial_rvs.vtp'.
[2022-09-12 10:00:21.261] [warning] Couldn't find file 'index_distal_rvs.vtp'.
[2022-09-12 10:00:21.261] [warning] Couldn't find file 'metacarpal3_rvs.vtp'.
[2022-09-12 10:00:21.261] [warning] Couldn't find file 'middle_proximal_rvs.vtp'.
[2022-09-12 10:00:21.261] [warning] Couldn't find file 'middle_medial_rvs.vtp'.
[2022-09-12 10:00:21.262] [warning] Couldn't find file 'middle_distal_rvs.vtp'.
[2022-09-12 10:00:21.262] [warning] Couldn't find file 'metacarpal4_rvs.vtp'.
[2022-09-12 10:00:21.262] [warning] Couldn't find file 'ring_proximal_rvs.vtp'.
[2022-09-12 10:00:21.262] [warning] Couldn't find file 'ring_medial_rvs.vtp'.
[2022-09-12 10:00:21.262] [warning] Couldn't find file 'ring_distal_rvs.vtp'.
[2022-09-12 10:00:21.262] [warning] Couldn't find file 'metacarpal5_rvs.vtp'.
[2022-09-12 10:00:21.262] [warning] Couldn't find file 'little_proximal_rvs.vtp'.
[2022-09-12 10:00:21.262] [warning] Couldn't find file 'little_medial_rvs.vtp'.
[2022-09-12 10:00:21.262] [warning] Couldn't find file 'little_distal_rvs.vtp'.
[2022-09-12 10:00:21.262] [warning] Couldn't find file 'metacarpal1_rvs.vtp'.
[2022-09-12 10:00:21.262] [warning] Couldn't find file 'thumb_proximal_rvs.vtp'.
[2022-09-12 10:00:21.262] [warning] Couldn't find file 'thumb_distal_rvs.vtp'.
[2022-09-12 10:00:21.262] [warning] Couldn't find file 'humerus_lv.vtp'.
[2022-09-12 10:00:21.262] [warning] Couldn't find file 'ulna_lv.vtp'.
[2022-09-12 10:00:21.262] [warning] Couldn't find file 'radius_lv.vtp'.
[2022-09-12 10:00:21.262] [warning] Couldn't find file 'pisiform_lvs.vtp'.
[2022-09-12 10:00:21.263] [warning] Couldn't find file 'lunate_lvs.vtp'.
[2022-09-12 10:00:21.263] [warning] Couldn't find file 'scaphoid_lvs.vtp'.
[2022-09-12 10:00:21.263] [warning] Couldn't find file 'triquetrum_lvs.vtp'.
[2022-09-12 10:00:21.263] [warning] Couldn't find file 'hamate_lvs.vtp'.
[2022-09-12 10:00:21.263] [warning] Couldn't find file 'capitate_lvs.vtp'.
[2022-09-12 10:00:21.263] [warning] Couldn't find file 'trapezoid_lvs.vtp'.
[2022-09-12 10:00:21.263] [warning] Couldn't find file 'trapezium_lvs.vtp'.
[2022-09-12 10:00:21.263] [warning] Couldn't find file 'metacarpal2_lvs.vtp'.
[2022-09-12 10:00:21.263] [warning] Couldn't find file 'index_proximal_lvs.vtp'.
[2022-09-12 10:00:21.263] [warning] Couldn't find file 'index_medial_lvs.vtp'.
[2022-09-12 10:00:21.263] [warning] Couldn't find file 'index_distal_lvs.vtp'.
[2022-09-12 10:00:21.263] [warning] Couldn't find file 'metacarpal3_lvs.vtp'.
[2022-09-12 10:00:21.263] [warning] Couldn't find file 'middle_proximal_lvs.vtp'.
[2022-09-12 10:00:21.263] [warning] Couldn't find file 'middle_medial_lvs.vtp'.
[2022-09-12 10:00:21.263] [warning] Couldn't find file 'middle_distal_lvs.vtp'.
[2022-09-12 10:00:21.263] [warning] Couldn't find file 'metacarpal4_lvs.vtp'.
[2022-09-12 10:00:21.263] [warning] Couldn't find file 'ring_proximal_lvs.vtp'.
[2022-09-12 10:00:21.263] [warning] Couldn't find file 'ring_medial_lvs.vtp'.
[2022-09-12 10:00:21.264] [warning] Couldn't find file 'ring_distal_lvs.vtp'.
[2022-09-12 10:00:21.264] [warning] Couldn't find file 'metacarpal5_lvs.vtp'.
[2022-09-12 10:00:21.264] [warning] Couldn't find file 'little_proximal_lvs.vtp'.
[2022-09-12 10:00:21.264] [warning] Couldn't find file 'little_medial_lvs.vtp'.
[2022-09-12 10:00:21.264] [warning] Couldn't find file 'little_distal_lvs.vtp'.
[2022-09-12 10:00:21.264] [warning] Couldn't find file 'metacarpal1_lvs.vtp'.
[2022-09-12 10:00:21.264] [warning] Couldn't find file 'thumb_proximal_lvs.vtp'.
[2022-09-12 10:00:21.264] [warning] Couldn't find file 'thumb_distal_lvs.vtp'.
[2022-09-12 10:00:22.457] [info] Loaded model subject1_withMTJ_locked_scaled_custom from file C:\Users\u0150099\Documents\master_thesis\3dpredictsim\OpenSimModel\subject1\Fal_s1_mtjc4_FK_sc_MTc5_cspx10_oy3.osim
[2022-09-12 10:00:22.458] [warning] Couldn't find file 'sacrum.vtp'.
[2022-09-12 10:00:22.458] [warning] Couldn't find file 'pelvis.vtp'.
[2022-09-12 10:00:22.458] [warning] Couldn't find file 'l_pelvis.vtp'.
[2022-09-12 10:00:22.458] [warning] Couldn't find file 'femur_r.vtp'.
[2022-09-12 10:00:22.458] [warning] Couldn't find file 'tibia_r.vtp'.
[2022-09-12 10:00:22.458] [warning] Couldn't find file 'fibula_r.vtp'.
[2022-09-12 10:00:22.458] [warning] Couldn't find file 'talus_rv.vtp'.
[2022-09-12 10:00:22.459] [warning] Couldn't find file 'calcaneous_rv.vtp'.
[2022-09-12 10:00:22.459] [warning] Couldn't find file 'model_r_midfoot.stl'.
[2022-09-12 10:00:22.459] [warning] Couldn't find file 'model_r_forefoot.stl'.
[2022-09-12 10:00:22.459] [warning] Couldn't find file 'model_r_toes.stl'.
[2022-09-12 10:00:22.459] [warning] Couldn't find file 'femur_l.vtp'.
[2022-09-12 10:00:22.459] [warning] Couldn't find file 'tibia_l.vtp'.
[2022-09-12 10:00:22.459] [warning] Couldn't find file 'fibula_l.vtp'.
[2022-09-12 10:00:22.459] [warning] Couldn't find file 'talus_lv.vtp'.
[2022-09-12 10:00:22.459] [warning] Couldn't find file 'calcaneous_lv.vtp'.
[2022-09-12 10:00:22.459] [warning] Couldn't find file 'model_l_midfoot.stl'.
[2022-09-12 10:00:22.459] [warning] Couldn't find file 'model_l_forefoot.stl'.
[2022-09-12 10:00:22.459] [warning] Couldn't find file 'model_l_toes.stl'.
[2022-09-12 10:00:22.459] [warning] Couldn't find file 'hat_spine.vtp'.
[2022-09-12 10:00:22.459] [warning] Couldn't find file 'hat_jaw.vtp'.
[2022-09-12 10:00:22.459] [warning] Couldn't find file 'hat_skull.vtp'.
[2022-09-12 10:00:22.460] [warning] Couldn't find file 'hat_ribs_scap.vtp'.
[2022-09-12 10:00:22.460] [warning] Couldn't find file 'humerus_rv.vtp'.
[2022-09-12 10:00:22.460] [warning] Couldn't find file 'ulna_rv.vtp'.
[2022-09-12 10:00:22.460] [warning] Couldn't find file 'radius_rv.vtp'.
[2022-09-12 10:00:22.460] [warning] Couldn't find file 'pisiform_rvs.vtp'.
[2022-09-12 10:00:22.460] [warning] Couldn't find file 'lunate_rvs.vtp'.
[2022-09-12 10:00:22.460] [warning] Couldn't find file 'scaphoid_rvs.vtp'.
[2022-09-12 10:00:22.460] [warning] Couldn't find file 'triquetrum_rvs.vtp'.
[2022-09-12 10:00:22.460] [warning] Couldn't find file 'hamate_rvs.vtp'.
[2022-09-12 10:00:22.460] [warning] Couldn't find file 'capitate_rvs.vtp'.
[2022-09-12 10:00:22.460] [warning] Couldn't find file 'trapezoid_rvs.vtp'.
[2022-09-12 10:00:22.460] [warning] Couldn't find file 'trapezium_rvs.vtp'.
[2022-09-12 10:00:22.460] [warning] Couldn't find file 'metacarpal2_rvs.vtp'.
[2022-09-12 10:00:22.460] [warning] Couldn't find file 'index_proximal_rvs.vtp'.
[2022-09-12 10:00:22.460] [warning] Couldn't find file 'index_medial_rvs.vtp'.
[2022-09-12 10:00:22.460] [warning] Couldn't find file 'index_distal_rvs.vtp'.
[2022-09-12 10:00:22.460] [warning] Couldn't find file 'metacarpal3_rvs.vtp'.
[2022-09-12 10:00:22.461] [warning] Couldn't find file 'middle_proximal_rvs.vtp'.
[2022-09-12 10:00:22.461] [warning] Couldn't find file 'middle_medial_rvs.vtp'.
[2022-09-12 10:00:22.461] [warning] Couldn't find file 'middle_distal_rvs.vtp'.
[2022-09-12 10:00:22.461] [warning] Couldn't find file 'metacarpal4_rvs.vtp'.
[2022-09-12 10:00:22.461] [warning] Couldn't find file 'ring_proximal_rvs.vtp'.
[2022-09-12 10:00:22.461] [warning] Couldn't find file 'ring_medial_rvs.vtp'.
[2022-09-12 10:00:22.461] [warning] Couldn't find file 'ring_distal_rvs.vtp'.
[2022-09-12 10:00:22.461] [warning] Couldn't find file 'metacarpal5_rvs.vtp'.
[2022-09-12 10:00:22.461] [warning] Couldn't find file 'little_proximal_rvs.vtp'.
[2022-09-12 10:00:22.461] [warning] Couldn't find file 'little_medial_rvs.vtp'.
[2022-09-12 10:00:22.461] [warning] Couldn't find file 'little_distal_rvs.vtp'.
[2022-09-12 10:00:22.461] [warning] Couldn't find file 'metacarpal1_rvs.vtp'.
[2022-09-12 10:00:22.461] [warning] Couldn't find file 'thumb_proximal_rvs.vtp'.
[2022-09-12 10:00:22.461] [warning] Couldn't find file 'thumb_distal_rvs.vtp'.
[2022-09-12 10:00:22.461] [warning] Couldn't find file 'humerus_lv.vtp'.
[2022-09-12 10:00:22.461] [warning] Couldn't find file 'ulna_lv.vtp'.
[2022-09-12 10:00:22.461] [warning] Couldn't find file 'radius_lv.vtp'.
[2022-09-12 10:00:22.462] [warning] Couldn't find file 'pisiform_lvs.vtp'.
[2022-09-12 10:00:22.462] [warning] Couldn't find file 'lunate_lvs.vtp'.
[2022-09-12 10:00:22.462] [warning] Couldn't find file 'scaphoid_lvs.vtp'.
[2022-09-12 10:00:22.462] [warning] Couldn't find file 'triquetrum_lvs.vtp'.
[2022-09-12 10:00:22.462] [warning] Couldn't find file 'hamate_lvs.vtp'.
[2022-09-12 10:00:22.462] [warning] Couldn't find file 'capitate_lvs.vtp'.
[2022-09-12 10:00:22.462] [warning] Couldn't find file 'trapezoid_lvs.vtp'.
[2022-09-12 10:00:22.462] [warning] Couldn't find file 'trapezium_lvs.vtp'.
[2022-09-12 10:00:22.462] [warning] Couldn't find file 'metacarpal2_lvs.vtp'.
[2022-09-12 10:00:22.462] [warning] Couldn't find file 'index_proximal_lvs.vtp'.
[2022-09-12 10:00:22.462] [warning] Couldn't find file 'index_medial_lvs.vtp'.
[2022-09-12 10:00:22.462] [warning] Couldn't find file 'index_distal_lvs.vtp'.
[2022-09-12 10:00:22.462] [warning] Couldn't find file 'metacarpal3_lvs.vtp'.
[2022-09-12 10:00:22.462] [warning] Couldn't find file 'middle_proximal_lvs.vtp'.
[2022-09-12 10:00:22.462] [warning] Couldn't find file 'middle_medial_lvs.vtp'.
[2022-09-12 10:00:22.462] [warning] Couldn't find file 'middle_distal_lvs.vtp'.
[2022-09-12 10:00:22.462] [warning] Couldn't find file 'metacarpal4_lvs.vtp'.
[2022-09-12 10:00:22.462] [warning] Couldn't find file 'ring_proximal_lvs.vtp'.
[2022-09-12 10:00:22.462] [warning] Couldn't find file 'ring_medial_lvs.vtp'.
[2022-09-12 10:00:22.463] [warning] Couldn't find file 'ring_distal_lvs.vtp'.
[2022-09-12 10:00:22.463] [warning] Couldn't find file 'metacarpal5_lvs.vtp'.
[2022-09-12 10:00:22.463] [warning] Couldn't find file 'little_proximal_lvs.vtp'.
[2022-09-12 10:00:22.463] [warning] Couldn't find file 'little_medial_lvs.vtp'.
[2022-09-12 10:00:22.463] [warning] Couldn't find file 'little_distal_lvs.vtp'.
[2022-09-12 10:00:22.463] [warning] Couldn't find file 'metacarpal1_lvs.vtp'.
[2022-09-12 10:00:22.463] [warning] Couldn't find file 'thumb_proximal_lvs.vtp'.
[2022-09-12 10:00:22.463] [warning] Couldn't find file 'thumb_distal_lvs.vtp'.
[2022-09-12 10:00:23.095] [info] Loaded model subject1_withMTJ_locked_scaled_custom from file C:\Users\u0150099\Documents\master_thesis\3dpredictsim\OpenSimModel\subject1\Fal_s1_mtjc4_FK_sc_FDB2_MTc5_cg0.osim
[2022-09-12 10:00:23.095] [warning] Couldn't find file 'sacrum.vtp'.
[2022-09-12 10:00:23.095] [warning] Couldn't find file 'pelvis.vtp'.
[2022-09-12 10:00:23.095] [warning] Couldn't find file 'l_pelvis.vtp'.
[2022-09-12 10:00:23.096] [warning] Couldn't find file 'femur_r.vtp'.
[2022-09-12 10:00:23.096] [warning] Couldn't find file 'tibia_r.vtp'.
[2022-09-12 10:00:23.096] [warning] Couldn't find file 'fibula_r.vtp'.
[2022-09-12 10:00:23.096] [warning] Couldn't find file 'talus_rv.vtp'.
[2022-09-12 10:00:23.096] [warning] Couldn't find file 'calcaneous_rv.vtp'.
[2022-09-12 10:00:23.096] [warning] Couldn't find file 'model_r_midfoot.stl'.
[2022-09-12 10:00:23.096] [warning] Couldn't find file 'model_r_forefoot.stl'.
[2022-09-12 10:00:23.096] [warning] Couldn't find file 'model_r_toes.stl'.
[2022-09-12 10:00:23.096] [warning] Couldn't find file 'femur_l.vtp'.
[2022-09-12 10:00:23.096] [warning] Couldn't find file 'tibia_l.vtp'.
[2022-09-12 10:00:23.096] [warning] Couldn't find file 'fibula_l.vtp'.
[2022-09-12 10:00:23.096] [warning] Couldn't find file 'talus_lv.vtp'.
[2022-09-12 10:00:23.096] [warning] Couldn't find file 'calcaneous_lv.vtp'.
[2022-09-12 10:00:23.096] [warning] Couldn't find file 'model_l_midfoot.stl'.
[2022-09-12 10:00:23.096] [warning] Couldn't find file 'model_l_forefoot.stl'.
[2022-09-12 10:00:23.097] [warning] Couldn't find file 'model_l_toes.stl'.
[2022-09-12 10:00:23.097] [warning] Couldn't find file 'hat_spine.vtp'.
[2022-09-12 10:00:23.097] [warning] Couldn't find file 'hat_jaw.vtp'.
[2022-09-12 10:00:23.097] [warning] Couldn't find file 'hat_skull.vtp'.
[2022-09-12 10:00:23.097] [warning] Couldn't find file 'hat_ribs_scap.vtp'.
[2022-09-12 10:00:23.097] [warning] Couldn't find file 'humerus_rv.vtp'.
[2022-09-12 10:00:23.097] [warning] Couldn't find file 'ulna_rv.vtp'.
[2022-09-12 10:00:23.097] [warning] Couldn't find file 'radius_rv.vtp'.
[2022-09-12 10:00:23.097] [warning] Couldn't find file 'pisiform_rvs.vtp'.
[2022-09-12 10:00:23.097] [warning] Couldn't find file 'lunate_rvs.vtp'.
[2022-09-12 10:00:23.097] [warning] Couldn't find file 'scaphoid_rvs.vtp'.
[2022-09-12 10:00:23.097] [warning] Couldn't find file 'triquetrum_rvs.vtp'.
[2022-09-12 10:00:23.097] [warning] Couldn't find file 'hamate_rvs.vtp'.
[2022-09-12 10:00:23.097] [warning] Couldn't find file 'capitate_rvs.vtp'.
[2022-09-12 10:00:23.097] [warning] Couldn't find file 'trapezoid_rvs.vtp'.
[2022-09-12 10:00:23.097] [warning] Couldn't find file 'trapezium_rvs.vtp'.
[2022-09-12 10:00:23.098] [warning] Couldn't find file 'metacarpal2_rvs.vtp'.
[2022-09-12 10:00:23.098] [warning] Couldn't find file 'index_proximal_rvs.vtp'.
[2022-09-12 10:00:23.098] [warning] Couldn't find file 'index_medial_rvs.vtp'.
[2022-09-12 10:00:23.098] [warning] Couldn't find file 'index_distal_rvs.vtp'.
[2022-09-12 10:00:23.098] [warning] Couldn't find file 'metacarpal3_rvs.vtp'.
[2022-09-12 10:00:23.098] [warning] Couldn't find file 'middle_proximal_rvs.vtp'.
[2022-09-12 10:00:23.098] [warning] Couldn't find file 'middle_medial_rvs.vtp'.
[2022-09-12 10:00:23.098] [warning] Couldn't find file 'middle_distal_rvs.vtp'.
[2022-09-12 10:00:23.098] [warning] Couldn't find file 'metacarpal4_rvs.vtp'.
[2022-09-12 10:00:23.098] [warning] Couldn't find file 'ring_proximal_rvs.vtp'.
[2022-09-12 10:00:23.098] [warning] Couldn't find file 'ring_medial_rvs.vtp'.
[2022-09-12 10:00:23.098] [warning] Couldn't find file 'ring_distal_rvs.vtp'.
[2022-09-12 10:00:23.098] [warning] Couldn't find file 'metacarpal5_rvs.vtp'.
[2022-09-12 10:00:23.098] [warning] Couldn't find file 'little_proximal_rvs.vtp'.
[2022-09-12 10:00:23.098] [warning] Couldn't find file 'little_medial_rvs.vtp'.
[2022-09-12 10:00:23.099] [warning] Couldn't find file 'little_distal_rvs.vtp'.
[2022-09-12 10:00:23.099] [warning] Couldn't find file 'metacarpal1_rvs.vtp'.
[2022-09-12 10:00:23.099] [warning] Couldn't find file 'thumb_proximal_rvs.vtp'.
[2022-09-12 10:00:23.099] [warning] Couldn't find file 'thumb_distal_rvs.vtp'.
[2022-09-12 10:00:23.099] [warning] Couldn't find file 'humerus_lv.vtp'.
[2022-09-12 10:00:23.099] [warning] Couldn't find file 'ulna_lv.vtp'.
[2022-09-12 10:00:23.099] [warning] Couldn't find file 'radius_lv.vtp'.
[2022-09-12 10:00:23.099] [warning] Couldn't find file 'pisiform_lvs.vtp'.
[2022-09-12 10:00:23.099] [warning] Couldn't find file 'lunate_lvs.vtp'.
[2022-09-12 10:00:23.099] [warning] Couldn't find file 'scaphoid_lvs.vtp'.
[2022-09-12 10:00:23.099] [warning] Couldn't find file 'triquetrum_lvs.vtp'.
[2022-09-12 10:00:23.099] [warning] Couldn't find file 'hamate_lvs.vtp'.
[2022-09-12 10:00:23.099] [warning] Couldn't find file 'capitate_lvs.vtp'.
[2022-09-12 10:00:23.099] [warning] Couldn't find file 'trapezoid_lvs.vtp'.
[2022-09-12 10:00:23.099] [warning] Couldn't find file 'trapezium_lvs.vtp'.
[2022-09-12 10:00:23.099] [warning] Couldn't find file 'metacarpal2_lvs.vtp'.
[2022-09-12 10:00:23.099] [warning] Couldn't find file 'index_proximal_lvs.vtp'.
[2022-09-12 10:00:23.100] [warning] Couldn't find file 'index_medial_lvs.vtp'.
[2022-09-12 10:00:23.100] [warning] Couldn't find file 'index_distal_lvs.vtp'.
[2022-09-12 10:00:23.100] [warning] Couldn't find file 'metacarpal3_lvs.vtp'.
[2022-09-12 10:00:23.100] [warning] Couldn't find file 'middle_proximal_lvs.vtp'.
[2022-09-12 10:00:23.100] [warning] Couldn't find file 'middle_medial_lvs.vtp'.
[2022-09-12 10:00:23.100] [warning] Couldn't find file 'middle_distal_lvs.vtp'.
[2022-09-12 10:00:23.100] [warning] Couldn't find file 'metacarpal4_lvs.vtp'.
[2022-09-12 10:00:23.100] [warning] Couldn't find file 'ring_proximal_lvs.vtp'.
[2022-09-12 10:00:23.100] [warning] Couldn't find file 'ring_medial_lvs.vtp'.
[2022-09-12 10:00:23.100] [warning] Couldn't find file 'ring_distal_lvs.vtp'.
[2022-09-12 10:00:23.100] [warning] Couldn't find file 'metacarpal5_lvs.vtp'.
[2022-09-12 10:00:23.100] [warning] Couldn't find file 'little_proximal_lvs.vtp'.
[2022-09-12 10:00:23.100] [warning] Couldn't find file 'little_medial_lvs.vtp'.
[2022-09-12 10:00:23.100] [warning] Couldn't find file 'little_distal_lvs.vtp'.
[2022-09-12 10:00:23.100] [warning] Couldn't find file 'metacarpal1_lvs.vtp'.
[2022-09-12 10:00:23.101] [warning] Couldn't find file 'thumb_proximal_lvs.vtp'.
[2022-09-12 10:00:23.101] [warning] Couldn't find file 'thumb_distal_lvs.vtp'.
[2022-09-12 10:14:43.483] [info] Loaded model Fal_s1_mtp_sc_MTc5_cspx10_oy1 from file C:\Users\u0150099\Documents\master_thesis\3dpredictsim\OpenSimModel\subject1\Fal_s1_mtp_FK_sc_MTc5_cg0.osim
[2022-09-12 10:14:43.483] [warning] Couldn't find file 'sacrum.vtp'.
[2022-09-12 10:14:43.483] [warning] Couldn't find file 'pelvis.vtp'.
[2022-09-12 10:14:43.483] [warning] Couldn't find file 'l_pelvis.vtp'.
[2022-09-12 10:14:43.483] [warning] Couldn't find file 'femur_r.vtp'.
[2022-09-12 10:14:43.483] [warning] Couldn't find file 'tibia_r.vtp'.
[2022-09-12 10:14:43.483] [warning] Couldn't find file 'fibula_r.vtp'.
[2022-09-12 10:14:43.483] [warning] Couldn't find file 'talus_rv.vtp'.
[2022-09-12 10:14:43.483] [warning] Couldn't find file 'calcaneous_rv.vtp'.
[2022-09-12 10:14:43.484] [warning] Couldn't find file 'model_r_midfoot.stl'.
[2022-09-12 10:14:43.484] [warning] Couldn't find file 'model_r_forefoot.stl'.
[2022-09-12 10:14:43.484] [warning] Couldn't find file 'model_r_toes.stl'.
[2022-09-12 10:14:43.484] [warning] Couldn't find file 'femur_l.vtp'.
[2022-09-12 10:14:43.484] [warning] Couldn't find file 'tibia_l.vtp'.
[2022-09-12 10:14:43.484] [warning] Couldn't find file 'fibula_l.vtp'.
[2022-09-12 10:14:43.484] [warning] Couldn't find file 'talus_lv.vtp'.
[2022-09-12 10:14:43.484] [warning] Couldn't find file 'calcaneous_lv.vtp'.
[2022-09-12 10:14:43.484] [warning] Couldn't find file 'model_l_midfoot.stl'.
[2022-09-12 10:14:43.484] [warning] Couldn't find file 'model_l_forefoot.stl'.
[2022-09-12 10:14:43.484] [warning] Couldn't find file 'model_l_toes.stl'.
[2022-09-12 10:14:43.484] [warning] Couldn't find file 'hat_spine.vtp'.
[2022-09-12 10:14:43.484] [warning] Couldn't find file 'hat_jaw.vtp'.
[2022-09-12 10:14:43.484] [warning] Couldn't find file 'hat_skull.vtp'.
[2022-09-12 10:14:43.484] [warning] Couldn't find file 'hat_ribs_scap.vtp'.
[2022-09-12 10:14:43.484] [warning] Couldn't find file 'humerus_rv.vtp'.
[2022-09-12 10:14:43.484] [warning] Couldn't find file 'ulna_rv.vtp'.
[2022-09-12 10:14:43.485] [warning] Couldn't find file 'radius_rv.vtp'.
[2022-09-12 10:14:43.485] [warning] Couldn't find file 'pisiform_rvs.vtp'.
[2022-09-12 10:14:43.485] [warning] Couldn't find file 'lunate_rvs.vtp'.
[2022-09-12 10:14:43.485] [warning] Couldn't find file 'scaphoid_rvs.vtp'.
[2022-09-12 10:14:43.485] [warning] Couldn't find file 'triquetrum_rvs.vtp'.
[2022-09-12 10:14:43.485] [warning] Couldn't find file 'hamate_rvs.vtp'.
[2022-09-12 10:14:43.485] [warning] Couldn't find file 'capitate_rvs.vtp'.
[2022-09-12 10:14:43.485] [warning] Couldn't find file 'trapezoid_rvs.vtp'.
[2022-09-12 10:14:43.485] [warning] Couldn't find file 'trapezium_rvs.vtp'.
[2022-09-12 10:14:43.485] [warning] Couldn't find file 'metacarpal2_rvs.vtp'.
[2022-09-12 10:14:43.485] [warning] Couldn't find file 'index_proximal_rvs.vtp'.
[2022-09-12 10:14:43.485] [warning] Couldn't find file 'index_medial_rvs.vtp'.
[2022-09-12 10:14:43.485] [warning] Couldn't find file 'index_distal_rvs.vtp'.
[2022-09-12 10:14:43.485] [warning] Couldn't find file 'metacarpal3_rvs.vtp'.
[2022-09-12 10:14:43.485] [warning] Couldn't find file 'middle_proximal_rvs.vtp'.
[2022-09-12 10:14:43.485] [warning] Couldn't find file 'middle_medial_rvs.vtp'.
[2022-09-12 10:14:43.485] [warning] Couldn't find file 'middle_distal_rvs.vtp'.
[2022-09-12 10:14:43.485] [warning] Couldn't find file 'metacarpal4_rvs.vtp'.
[2022-09-12 10:14:43.486] [warning] Couldn't find file 'ring_proximal_rvs.vtp'.
[2022-09-12 10:14:43.486] [warning] Couldn't find file 'ring_medial_rvs.vtp'.
[2022-09-12 10:14:43.486] [warning] Couldn't find file 'ring_distal_rvs.vtp'.
[2022-09-12 10:14:43.486] [warning] Couldn't find file 'metacarpal5_rvs.vtp'.
[2022-09-12 10:14:43.486] [warning] Couldn't find file 'little_proximal_rvs.vtp'.
[2022-09-12 10:14:43.486] [warning] Couldn't find file 'little_medial_rvs.vtp'.
[2022-09-12 10:14:43.486] [warning] Couldn't find file 'little_distal_rvs.vtp'.
[2022-09-12 10:14:43.486] [warning] Couldn't find file 'metacarpal1_rvs.vtp'.
[2022-09-12 10:14:43.486] [warning] Couldn't find file 'thumb_proximal_rvs.vtp'.
[2022-09-12 10:14:43.486] [warning] Couldn't find file 'thumb_distal_rvs.vtp'.
[2022-09-12 10:14:43.486] [warning] Couldn't find file 'humerus_lv.vtp'.
[2022-09-12 10:14:43.486] [warning] Couldn't find file 'ulna_lv.vtp'.
[2022-09-12 10:14:43.486] [warning] Couldn't find file 'radius_lv.vtp'.
[2022-09-12 10:14:43.486] [warning] Couldn't find file 'pisiform_lvs.vtp'.
[2022-09-12 10:14:43.486] [warning] Couldn't find file 'lunate_lvs.vtp'.
[2022-09-12 10:14:43.486] [warning] Couldn't find file 'scaphoid_lvs.vtp'.
[2022-09-12 10:14:43.486] [warning] Couldn't find file 'triquetrum_lvs.vtp'.
[2022-09-12 10:14:43.487] [warning] Couldn't find file 'hamate_lvs.vtp'.
[2022-09-12 10:14:43.487] [warning] Couldn't find file 'capitate_lvs.vtp'.
[2022-09-12 10:14:43.487] [warning] Couldn't find file 'trapezoid_lvs.vtp'.
[2022-09-12 10:14:43.487] [warning] Couldn't find file 'trapezium_lvs.vtp'.
[2022-09-12 10:14:43.487] [warning] Couldn't find file 'metacarpal2_lvs.vtp'.
[2022-09-12 10:14:43.487] [warning] Couldn't find file 'index_proximal_lvs.vtp'.
[2022-09-12 10:14:43.487] [warning] Couldn't find file 'index_medial_lvs.vtp'.
[2022-09-12 10:14:43.487] [warning] Couldn't find file 'index_distal_lvs.vtp'.
[2022-09-12 10:14:43.487] [warning] Couldn't find file 'metacarpal3_lvs.vtp'.
[2022-09-12 10:14:43.487] [warning] Couldn't find file 'middle_proximal_lvs.vtp'.
[2022-09-12 10:14:43.487] [warning] Couldn't find file 'middle_medial_lvs.vtp'.
[2022-09-12 10:14:43.487] [warning] Couldn't find file 'middle_distal_lvs.vtp'.
[2022-09-12 10:14:43.487] [warning] Couldn't find file 'metacarpal4_lvs.vtp'.
[2022-09-12 10:14:43.487] [warning] Couldn't find file 'ring_proximal_lvs.vtp'.
[2022-09-12 10:14:43.487] [warning] Couldn't find file 'ring_medial_lvs.vtp'.
[2022-09-12 10:14:43.487] [warning] Couldn't find file 'ring_distal_lvs.vtp'.
[2022-09-12 10:14:43.487] [warning] Couldn't find file 'metacarpal5_lvs.vtp'.
[2022-09-12 10:14:43.487] [warning] Couldn't find file 'little_proximal_lvs.vtp'.
[2022-09-12 10:14:43.488] [warning] Couldn't find file 'little_medial_lvs.vtp'.
[2022-09-12 10:14:43.488] [warning] Couldn't find file 'little_distal_lvs.vtp'.
[2022-09-12 10:14:43.488] [warning] Couldn't find file 'metacarpal1_lvs.vtp'.
[2022-09-12 10:14:43.488] [warning] Couldn't find file 'thumb_proximal_lvs.vtp'.
[2022-09-12 10:14:43.488] [warning] Couldn't find file 'thumb_distal_lvs.vtp'.
[2022-09-12 10:23:38.368] [info] Loaded model Fal_s1_mtp_sc_MTc5_cspx10_oy1 from file C:\Users\u0150099\Documents\master_thesis\3dpredictsim\OpenSimModel\subject1\Fal_s1_mtp_FK_sc_MTc5_cg0.osim
[2022-09-12 10:23:38.368] [warning] Couldn't find file 'sacrum.vtp'.
[2022-09-12 10:23:38.368] [warning] Couldn't find file 'pelvis.vtp'.
[2022-09-12 10:23:38.369] [warning] Couldn't find file 'l_pelvis.vtp'.
[2022-09-12 10:23:38.369] [warning] Couldn't find file 'femur_r.vtp'.
[2022-09-12 10:23:38.369] [warning] Couldn't find file 'tibia_r.vtp'.
[2022-09-12 10:23:38.369] [warning] Couldn't find file 'fibula_r.vtp'.
[2022-09-12 10:23:38.369] [warning] Couldn't find file 'talus_rv.vtp'.
[2022-09-12 10:23:38.369] [warning] Couldn't find file 'calcaneous_rv.vtp'.
[2022-09-12 10:23:38.369] [warning] Couldn't find file 'model_r_midfoot.stl'.
[2022-09-12 10:23:38.369] [warning] Couldn't find file 'model_r_forefoot.stl'.
[2022-09-12 10:23:38.369] [warning] Couldn't find file 'model_r_toes.stl'.
[2022-09-12 10:23:38.369] [warning] Couldn't find file 'femur_l.vtp'.
[2022-09-12 10:23:38.369] [warning] Couldn't find file 'tibia_l.vtp'.
[2022-09-12 10:23:38.369] [warning] Couldn't find file 'fibula_l.vtp'.
[2022-09-12 10:23:38.369] [warning] Couldn't find file 'talus_lv.vtp'.
[2022-09-12 10:23:38.369] [warning] Couldn't find file 'calcaneous_lv.vtp'.
[2022-09-12 10:23:38.369] [warning] Couldn't find file 'model_l_midfoot.stl'.
[2022-09-12 10:23:38.369] [warning] Couldn't find file 'model_l_forefoot.stl'.
[2022-09-12 10:23:38.370] [warning] Couldn't find file 'model_l_toes.stl'.
[2022-09-12 10:23:38.370] [warning] Couldn't find file 'hat_spine.vtp'.
[2022-09-12 10:23:38.370] [warning] Couldn't find file 'hat_jaw.vtp'.
[2022-09-12 10:23:38.370] [warning] Couldn't find file 'hat_skull.vtp'.
[2022-09-12 10:23:38.370] [warning] Couldn't find file 'hat_ribs_scap.vtp'.
[2022-09-12 10:23:38.370] [warning] Couldn't find file 'humerus_rv.vtp'.
[2022-09-12 10:23:38.370] [warning] Couldn't find file 'ulna_rv.vtp'.
[2022-09-12 10:23:38.370] [warning] Couldn't find file 'radius_rv.vtp'.
[2022-09-12 10:23:38.370] [warning] Couldn't find file 'pisiform_rvs.vtp'.
[2022-09-12 10:23:38.370] [warning] Couldn't find file 'lunate_rvs.vtp'.
[2022-09-12 10:23:38.370] [warning] Couldn't find file 'scaphoid_rvs.vtp'.
[2022-09-12 10:23:38.370] [warning] Couldn't find file 'triquetrum_rvs.vtp'.
[2022-09-12 10:23:38.370] [warning] Couldn't find file 'hamate_rvs.vtp'.
[2022-09-12 10:23:38.370] [warning] Couldn't find file 'capitate_rvs.vtp'.
[2022-09-12 10:23:38.370] [warning] Couldn't find file 'trapezoid_rvs.vtp'.
[2022-09-12 10:23:38.370] [warning] Couldn't find file 'trapezium_rvs.vtp'.
[2022-09-12 10:23:38.370] [warning] Couldn't find file 'metacarpal2_rvs.vtp'.
[2022-09-12 10:23:38.371] [warning] Couldn't find file 'index_proximal_rvs.vtp'.
[2022-09-12 10:23:38.371] [warning] Couldn't find file 'index_medial_rvs.vtp'.
[2022-09-12 10:23:38.371] [warning] Couldn't find file 'index_distal_rvs.vtp'.
[2022-09-12 10:23:38.371] [warning] Couldn't find file 'metacarpal3_rvs.vtp'.
[2022-09-12 10:23:38.371] [warning] Couldn't find file 'middle_proximal_rvs.vtp'.
[2022-09-12 10:23:38.371] [warning] Couldn't find file 'middle_medial_rvs.vtp'.
[2022-09-12 10:23:38.371] [warning] Couldn't find file 'middle_distal_rvs.vtp'.
[2022-09-12 10:23:38.371] [warning] Couldn't find file 'metacarpal4_rvs.vtp'.
[2022-09-12 10:23:38.371] [warning] Couldn't find file 'ring_proximal_rvs.vtp'.
[2022-09-12 10:23:38.371] [warning] Couldn't find file 'ring_medial_rvs.vtp'.
[2022-09-12 10:23:38.371] [warning] Couldn't find file 'ring_distal_rvs.vtp'.
[2022-09-12 10:23:38.371] [warning] Couldn't find file 'metacarpal5_rvs.vtp'.
[2022-09-12 10:23:38.371] [warning] Couldn't find file 'little_proximal_rvs.vtp'.
[2022-09-12 10:23:38.371] [warning] Couldn't find file 'little_medial_rvs.vtp'.
[2022-09-12 10:23:38.371] [warning] Couldn't find file 'little_distal_rvs.vtp'.
[2022-09-12 10:23:38.371] [warning] Couldn't find file 'metacarpal1_rvs.vtp'.
[2022-09-12 10:23:38.371] [warning] Couldn't find file 'thumb_proximal_rvs.vtp'.
[2022-09-12 10:23:38.371] [warning] Couldn't find file 'thumb_distal_rvs.vtp'.
[2022-09-12 10:23:38.372] [warning] Couldn't find file 'humerus_lv.vtp'.
[2022-09-12 10:23:38.372] [warning] Couldn't find file 'ulna_lv.vtp'.
[2022-09-12 10:23:38.372] [warning] Couldn't find file 'radius_lv.vtp'.
[2022-09-12 10:23:38.372] [warning] Couldn't find file 'pisiform_lvs.vtp'.
[2022-09-12 10:23:38.372] [warning] Couldn't find file 'lunate_lvs.vtp'.
[2022-09-12 10:23:38.372] [warning] Couldn't find file 'scaphoid_lvs.vtp'.
[2022-09-12 10:23:38.372] [warning] Couldn't find file 'triquetrum_lvs.vtp'.
[2022-09-12 10:23:38.372] [warning] Couldn't find file 'hamate_lvs.vtp'.
[2022-09-12 10:23:38.372] [warning] Couldn't find file 'capitate_lvs.vtp'.
[2022-09-12 10:23:38.372] [warning] Couldn't find file 'trapezoid_lvs.vtp'.
[2022-09-12 10:23:38.372] [warning] Couldn't find file 'trapezium_lvs.vtp'.
[2022-09-12 10:23:38.372] [warning] Couldn't find file 'metacarpal2_lvs.vtp'.
[2022-09-12 10:23:38.372] [warning] Couldn't find file 'index_proximal_lvs.vtp'.
[2022-09-12 10:23:38.372] [warning] Couldn't find file 'index_medial_lvs.vtp'.
[2022-09-12 10:23:38.372] [warning] Couldn't find file 'index_distal_lvs.vtp'.
[2022-09-12 10:23:38.372] [warning] Couldn't find file 'metacarpal3_lvs.vtp'.
[2022-09-12 10:23:38.372] [warning] Couldn't find file 'middle_proximal_lvs.vtp'.
[2022-09-12 10:23:38.373] [warning] Couldn't find file 'middle_medial_lvs.vtp'.
[2022-09-12 10:23:38.373] [warning] Couldn't find file 'middle_distal_lvs.vtp'.
[2022-09-12 10:23:38.373] [warning] Couldn't find file 'metacarpal4_lvs.vtp'.
[2022-09-12 10:23:38.373] [warning] Couldn't find file 'ring_proximal_lvs.vtp'.
[2022-09-12 10:23:38.373] [warning] Couldn't find file 'ring_medial_lvs.vtp'.
[2022-09-12 10:23:38.373] [warning] Couldn't find file 'ring_distal_lvs.vtp'.
[2022-09-12 10:23:38.373] [warning] Couldn't find file 'metacarpal5_lvs.vtp'.
[2022-09-12 10:23:38.373] [warning] Couldn't find file 'little_proximal_lvs.vtp'.
[2022-09-12 10:23:38.373] [warning] Couldn't find file 'little_medial_lvs.vtp'.
[2022-09-12 10:23:38.373] [warning] Couldn't find file 'little_distal_lvs.vtp'.
[2022-09-12 10:23:38.373] [warning] Couldn't find file 'metacarpal1_lvs.vtp'.
[2022-09-12 10:23:38.373] [warning] Couldn't find file 'thumb_proximal_lvs.vtp'.
[2022-09-12 10:23:38.373] [warning] Couldn't find file 'thumb_distal_lvs.vtp'.
[2022-09-12 10:23:39.437] [info] Loaded model subject1_withMTJ_locked_scaled_custom from file C:\Users\u0150099\Documents\master_thesis\3dpredictsim\OpenSimModel\subject1\Fal_s1_mtjc4_FK_sc_MTc5_cspx10_oy3.osim
[2022-09-12 10:23:39.438] [warning] Couldn't find file 'sacrum.vtp'.
[2022-09-12 10:23:39.438] [warning] Couldn't find file 'pelvis.vtp'.
[2022-09-12 10:23:39.438] [warning] Couldn't find file 'l_pelvis.vtp'.
[2022-09-12 10:23:39.438] [warning] Couldn't find file 'femur_r.vtp'.
[2022-09-12 10:23:39.438] [warning] Couldn't find file 'tibia_r.vtp'.
[2022-09-12 10:23:39.438] [warning] Couldn't find file 'fibula_r.vtp'.
[2022-09-12 10:23:39.438] [warning] Couldn't find file 'talus_rv.vtp'.
[2022-09-12 10:23:39.438] [warning] Couldn't find file 'calcaneous_rv.vtp'.
[2022-09-12 10:23:39.438] [warning] Couldn't find file 'model_r_midfoot.stl'.
[2022-09-12 10:23:39.438] [warning] Couldn't find file 'model_r_forefoot.stl'.
[2022-09-12 10:23:39.438] [warning] Couldn't find file 'model_r_toes.stl'.
[2022-09-12 10:23:39.438] [warning] Couldn't find file 'femur_l.vtp'.
[2022-09-12 10:23:39.438] [warning] Couldn't find file 'tibia_l.vtp'.
[2022-09-12 10:23:39.438] [warning] Couldn't find file 'fibula_l.vtp'.
[2022-09-12 10:23:39.438] [warning] Couldn't find file 'talus_lv.vtp'.
[2022-09-12 10:23:39.439] [warning] Couldn't find file 'calcaneous_lv.vtp'.
[2022-09-12 10:23:39.439] [warning] Couldn't find file 'model_l_midfoot.stl'.
[2022-09-12 10:23:39.439] [warning] Couldn't find file 'model_l_forefoot.stl'.
[2022-09-12 10:23:39.439] [warning] Couldn't find file 'model_l_toes.stl'.
[2022-09-12 10:23:39.439] [warning] Couldn't find file 'hat_spine.vtp'.
[2022-09-12 10:23:39.439] [warning] Couldn't find file 'hat_jaw.vtp'.
[2022-09-12 10:23:39.439] [warning] Couldn't find file 'hat_skull.vtp'.
[2022-09-12 10:23:39.439] [warning] Couldn't find file 'hat_ribs_scap.vtp'.
[2022-09-12 10:23:39.439] [warning] Couldn't find file 'humerus_rv.vtp'.
[2022-09-12 10:23:39.439] [warning] Couldn't find file 'ulna_rv.vtp'.
[2022-09-12 10:23:39.439] [warning] Couldn't find file 'radius_rv.vtp'.
[2022-09-12 10:23:39.439] [warning] Couldn't find file 'pisiform_rvs.vtp'.
[2022-09-12 10:23:39.439] [warning] Couldn't find file 'lunate_rvs.vtp'.
[2022-09-12 10:23:39.439] [warning] Couldn't find file 'scaphoid_rvs.vtp'.
[2022-09-12 10:23:39.439] [warning] Couldn't find file 'triquetrum_rvs.vtp'.
[2022-09-12 10:23:39.439] [warning] Couldn't find file 'hamate_rvs.vtp'.
[2022-09-12 10:23:39.439] [warning] Couldn't find file 'capitate_rvs.vtp'.
[2022-09-12 10:23:39.440] [warning] Couldn't find file 'trapezoid_rvs.vtp'.
[2022-09-12 10:23:39.440] [warning] Couldn't find file 'trapezium_rvs.vtp'.
[2022-09-12 10:23:39.440] [warning] Couldn't find file 'metacarpal2_rvs.vtp'.
[2022-09-12 10:23:39.440] [warning] Couldn't find file 'index_proximal_rvs.vtp'.
[2022-09-12 10:23:39.440] [warning] Couldn't find file 'index_medial_rvs.vtp'.
[2022-09-12 10:23:39.440] [warning] Couldn't find file 'index_distal_rvs.vtp'.
[2022-09-12 10:23:39.440] [warning] Couldn't find file 'metacarpal3_rvs.vtp'.
[2022-09-12 10:23:39.440] [warning] Couldn't find file 'middle_proximal_rvs.vtp'.
[2022-09-12 10:23:39.440] [warning] Couldn't find file 'middle_medial_rvs.vtp'.
[2022-09-12 10:23:39.440] [warning] Couldn't find file 'middle_distal_rvs.vtp'.
[2022-09-12 10:23:39.440] [warning] Couldn't find file 'metacarpal4_rvs.vtp'.
[2022-09-12 10:23:39.440] [warning] Couldn't find file 'ring_proximal_rvs.vtp'.
[2022-09-12 10:23:39.440] [warning] Couldn't find file 'ring_medial_rvs.vtp'.
[2022-09-12 10:23:39.440] [warning] Couldn't find file 'ring_distal_rvs.vtp'.
[2022-09-12 10:23:39.440] [warning] Couldn't find file 'metacarpal5_rvs.vtp'.
[2022-09-12 10:23:39.440] [warning] Couldn't find file 'little_proximal_rvs.vtp'.
[2022-09-12 10:23:39.440] [warning] Couldn't find file 'little_medial_rvs.vtp'.
[2022-09-12 10:23:39.440] [warning] Couldn't find file 'little_distal_rvs.vtp'.
[2022-09-12 10:23:39.440] [warning] Couldn't find file 'metacarpal1_rvs.vtp'.
[2022-09-12 10:23:39.441] [warning] Couldn't find file 'thumb_proximal_rvs.vtp'.
[2022-09-12 10:23:39.441] [warning] Couldn't find file 'thumb_distal_rvs.vtp'.
[2022-09-12 10:23:39.441] [warning] Couldn't find file 'humerus_lv.vtp'.
[2022-09-12 10:23:39.441] [warning] Couldn't find file 'ulna_lv.vtp'.
[2022-09-12 10:23:39.441] [warning] Couldn't find file 'radius_lv.vtp'.
[2022-09-12 10:23:39.441] [warning] Couldn't find file 'pisiform_lvs.vtp'.
[2022-09-12 10:23:39.441] [warning] Couldn't find file 'lunate_lvs.vtp'.
[2022-09-12 10:23:39.441] [warning] Couldn't find file 'scaphoid_lvs.vtp'.
[2022-09-12 10:23:39.441] [warning] Couldn't find file 'triquetrum_lvs.vtp'.
[2022-09-12 10:23:39.441] [warning] Couldn't find file 'hamate_lvs.vtp'.
[2022-09-12 10:23:39.441] [warning] Couldn't find file 'capitate_lvs.vtp'.
[2022-09-12 10:23:39.441] [warning] Couldn't find file 'trapezoid_lvs.vtp'.
[2022-09-12 10:23:39.441] [warning] Couldn't find file 'trapezium_lvs.vtp'.
[2022-09-12 10:23:39.441] [warning] Couldn't find file 'metacarpal2_lvs.vtp'.
[2022-09-12 10:23:39.441] [warning] Couldn't find file 'index_proximal_lvs.vtp'.
[2022-09-12 10:23:39.441] [warning] Couldn't find file 'index_medial_lvs.vtp'.
[2022-09-12 10:23:39.441] [warning] Couldn't find file 'index_distal_lvs.vtp'.
[2022-09-12 10:23:39.441] [warning] Couldn't find file 'metacarpal3_lvs.vtp'.
[2022-09-12 10:23:39.442] [warning] Couldn't find file 'middle_proximal_lvs.vtp'.
[2022-09-12 10:23:39.442] [warning] Couldn't find file 'middle_medial_lvs.vtp'.
[2022-09-12 10:23:39.442] [warning] Couldn't find file 'middle_distal_lvs.vtp'.
[2022-09-12 10:23:39.442] [warning] Couldn't find file 'metacarpal4_lvs.vtp'.
[2022-09-12 10:23:39.442] [warning] Couldn't find file 'ring_proximal_lvs.vtp'.
[2022-09-12 10:23:39.442] [warning] Couldn't find file 'ring_medial_lvs.vtp'.
[2022-09-12 10:23:39.442] [warning] Couldn't find file 'ring_distal_lvs.vtp'.
[2022-09-12 10:23:39.442] [warning] Couldn't find file 'metacarpal5_lvs.vtp'.
[2022-09-12 10:23:39.442] [warning] Couldn't find file 'little_proximal_lvs.vtp'.
[2022-09-12 10:23:39.442] [warning] Couldn't find file 'little_medial_lvs.vtp'.
[2022-09-12 10:23:39.442] [warning] Couldn't find file 'little_distal_lvs.vtp'.
[2022-09-12 10:23:39.442] [warning] Couldn't find file 'metacarpal1_lvs.vtp'.
[2022-09-12 10:23:39.442] [warning] Couldn't find file 'thumb_proximal_lvs.vtp'.
[2022-09-12 10:23:39.442] [warning] Couldn't find file 'thumb_distal_lvs.vtp'.
[2022-09-12 10:23:40.010] [info] Loaded model subject1_withMTJ_locked_scaled_custom from file C:\Users\u0150099\Documents\master_thesis\3dpredictsim\OpenSimModel\subject1\Fal_s1_mtjc4_FK_sc_FDB2_MTc5_cg0.osim
[2022-09-12 10:23:40.010] [warning] Couldn't find file 'sacrum.vtp'.
[2022-09-12 10:23:40.010] [warning] Couldn't find file 'pelvis.vtp'.
[2022-09-12 10:23:40.010] [warning] Couldn't find file 'l_pelvis.vtp'.
[2022-09-12 10:23:40.010] [warning] Couldn't find file 'femur_r.vtp'.
[2022-09-12 10:23:40.010] [warning] Couldn't find file 'tibia_r.vtp'.
[2022-09-12 10:23:40.011] [warning] Couldn't find file 'fibula_r.vtp'.
[2022-09-12 10:23:40.011] [warning] Couldn't find file 'talus_rv.vtp'.
[2022-09-12 10:23:40.011] [warning] Couldn't find file 'calcaneous_rv.vtp'.
[2022-09-12 10:23:40.011] [warning] Couldn't find file 'model_r_midfoot.stl'.
[2022-09-12 10:23:40.011] [warning] Couldn't find file 'model_r_forefoot.stl'.
[2022-09-12 10:23:40.011] [warning] Couldn't find file 'model_r_toes.stl'.
[2022-09-12 10:23:40.011] [warning] Couldn't find file 'femur_l.vtp'.
[2022-09-12 10:23:40.011] [warning] Couldn't find file 'tibia_l.vtp'.
[2022-09-12 10:23:40.011] [warning] Couldn't find file 'fibula_l.vtp'.
[2022-09-12 10:23:40.011] [warning] Couldn't find file 'talus_lv.vtp'.
[2022-09-12 10:23:40.011] [warning] Couldn't find file 'calcaneous_lv.vtp'.
[2022-09-12 10:23:40.011] [warning] Couldn't find file 'model_l_midfoot.stl'.
[2022-09-12 10:23:40.011] [warning] Couldn't find file 'model_l_forefoot.stl'.
[2022-09-12 10:23:40.011] [warning] Couldn't find file 'model_l_toes.stl'.
[2022-09-12 10:23:40.011] [warning] Couldn't find file 'hat_spine.vtp'.
[2022-09-12 10:23:40.011] [warning] Couldn't find file 'hat_jaw.vtp'.
[2022-09-12 10:23:40.011] [warning] Couldn't find file 'hat_skull.vtp'.
[2022-09-12 10:23:40.012] [warning] Couldn't find file 'hat_ribs_scap.vtp'.
[2022-09-12 10:23:40.012] [warning] Couldn't find file 'humerus_rv.vtp'.
[2022-09-12 10:23:40.012] [warning] Couldn't find file 'ulna_rv.vtp'.
[2022-09-12 10:23:40.012] [warning] Couldn't find file 'radius_rv.vtp'.
[2022-09-12 10:23:40.012] [warning] Couldn't find file 'pisiform_rvs.vtp'.
[2022-09-12 10:23:40.012] [warning] Couldn't find file 'lunate_rvs.vtp'.
[2022-09-12 10:23:40.012] [warning] Couldn't find file 'scaphoid_rvs.vtp'.
[2022-09-12 10:23:40.012] [warning] Couldn't find file 'triquetrum_rvs.vtp'.
[2022-09-12 10:23:40.012] [warning] Couldn't find file 'hamate_rvs.vtp'.
[2022-09-12 10:23:40.012] [warning] Couldn't find file 'capitate_rvs.vtp'.
[2022-09-12 10:23:40.012] [warning] Couldn't find file 'trapezoid_rvs.vtp'.
[2022-09-12 10:23:40.012] [warning] Couldn't find file 'trapezium_rvs.vtp'.
[2022-09-12 10:23:40.012] [warning] Couldn't find file 'metacarpal2_rvs.vtp'.
[2022-09-12 10:23:40.012] [warning] Couldn't find file 'index_proximal_rvs.vtp'.
[2022-09-12 10:23:40.012] [warning] Couldn't find file 'index_medial_rvs.vtp'.
[2022-09-12 10:23:40.012] [warning] Couldn't find file 'index_distal_rvs.vtp'.
[2022-09-12 10:23:40.012] [warning] Couldn't find file 'metacarpal3_rvs.vtp'.
[2022-09-12 10:23:40.013] [warning] Couldn't find file 'middle_proximal_rvs.vtp'.
[2022-09-12 10:23:40.013] [warning] Couldn't find file 'middle_medial_rvs.vtp'.
[2022-09-12 10:23:40.013] [warning] Couldn't find file 'middle_distal_rvs.vtp'.
[2022-09-12 10:23:40.013] [warning] Couldn't find file 'metacarpal4_rvs.vtp'.
[2022-09-12 10:23:40.013] [warning] Couldn't find file 'ring_proximal_rvs.vtp'.
[2022-09-12 10:23:40.013] [warning] Couldn't find file 'ring_medial_rvs.vtp'.
[2022-09-12 10:23:40.013] [warning] Couldn't find file 'ring_distal_rvs.vtp'.
[2022-09-12 10:23:40.013] [warning] Couldn't find file 'metacarpal5_rvs.vtp'.
[2022-09-12 10:23:40.013] [warning] Couldn't find file 'little_proximal_rvs.vtp'.
[2022-09-12 10:23:40.013] [warning] Couldn't find file 'little_medial_rvs.vtp'.
[2022-09-12 10:23:40.013] [warning] Couldn't find file 'little_distal_rvs.vtp'.
[2022-09-12 10:23:40.013] [warning] Couldn't find file 'metacarpal1_rvs.vtp'.
[2022-09-12 10:23:40.013] [warning] Couldn't find file 'thumb_proximal_rvs.vtp'.
[2022-09-12 10:23:40.013] [warning] Couldn't find file 'thumb_distal_rvs.vtp'.
[2022-09-12 10:23:40.013] [warning] Couldn't find file 'humerus_lv.vtp'.
[2022-09-12 10:23:40.013] [warning] Couldn't find file 'ulna_lv.vtp'.
[2022-09-12 10:23:40.013] [warning] Couldn't find file 'radius_lv.vtp'.
[2022-09-12 10:23:40.013] [warning] Couldn't find file 'pisiform_lvs.vtp'.
[2022-09-12 10:23:40.014] [warning] Couldn't find file 'lunate_lvs.vtp'.
[2022-09-12 10:23:40.014] [warning] Couldn't find file 'scaphoid_lvs.vtp'.
[2022-09-12 10:23:40.014] [warning] Couldn't find file 'triquetrum_lvs.vtp'.
[2022-09-12 10:23:40.014] [warning] Couldn't find file 'hamate_lvs.vtp'.
[2022-09-12 10:23:40.014] [warning] Couldn't find file 'capitate_lvs.vtp'.
[2022-09-12 10:23:40.014] [warning] Couldn't find file 'trapezoid_lvs.vtp'.
[2022-09-12 10:23:40.014] [warning] Couldn't find file 'trapezium_lvs.vtp'.
[2022-09-12 10:23:40.014] [warning] Couldn't find file 'metacarpal2_lvs.vtp'.
[2022-09-12 10:23:40.014] [warning] Couldn't find file 'index_proximal_lvs.vtp'.
[2022-09-12 10:23:40.014] [warning] Couldn't find file 'index_medial_lvs.vtp'.
[2022-09-12 10:23:40.014] [warning] Couldn't find file 'index_distal_lvs.vtp'.
[2022-09-12 10:23:40.014] [warning] Couldn't find file 'metacarpal3_lvs.vtp'.
[2022-09-12 10:23:40.014] [warning] Couldn't find file 'middle_proximal_lvs.vtp'.
[2022-09-12 10:23:40.014] [warning] Couldn't find file 'middle_medial_lvs.vtp'.
[2022-09-12 10:23:40.014] [warning] Couldn't find file 'middle_distal_lvs.vtp'.
[2022-09-12 10:23:40.014] [warning] Couldn't find file 'metacarpal4_lvs.vtp'.
[2022-09-12 10:23:40.014] [warning] Couldn't find file 'ring_proximal_lvs.vtp'.
[2022-09-12 10:23:40.015] [warning] Couldn't find file 'ring_medial_lvs.vtp'.
[2022-09-12 10:23:40.015] [warning] Couldn't find file 'ring_distal_lvs.vtp'.
[2022-09-12 10:23:40.015] [warning] Couldn't find file 'metacarpal5_lvs.vtp'.
[2022-09-12 10:23:40.015] [warning] Couldn't find file 'little_proximal_lvs.vtp'.
[2022-09-12 10:23:40.015] [warning] Couldn't find file 'little_medial_lvs.vtp'.
[2022-09-12 10:23:40.015] [warning] Couldn't find file 'little_distal_lvs.vtp'.
[2022-09-12 10:23:40.015] [warning] Couldn't find file 'metacarpal1_lvs.vtp'.
[2022-09-12 10:23:40.015] [warning] Couldn't find file 'thumb_proximal_lvs.vtp'.
[2022-09-12 10:23:40.015] [warning] Couldn't find file 'thumb_distal_lvs.vtp'.
[2022-09-12 10:30:20.530] [info] Loaded model Fal_s1_mtp_sc_MTc5_cspx10_oy1 from file C:\Users\u0150099\Documents\master_thesis\3dpredictsim\OpenSimModel\subject1\Fal_s1_mtp_FK_sc_MTc5_cg0.osim
[2022-09-12 10:30:20.530] [warning] Couldn't find file 'sacrum.vtp'.
[2022-09-12 10:30:20.530] [warning] Couldn't find file 'pelvis.vtp'.
[2022-09-12 10:30:20.530] [warning] Couldn't find file 'l_pelvis.vtp'.
[2022-09-12 10:30:20.530] [warning] Couldn't find file 'femur_r.vtp'.
[2022-09-12 10:30:20.530] [warning] Couldn't find file 'tibia_r.vtp'.
[2022-09-12 10:30:20.530] [warning] Couldn't find file 'fibula_r.vtp'.
[2022-09-12 10:30:20.530] [warning] Couldn't find file 'talus_rv.vtp'.
[2022-09-12 10:30:20.530] [warning] Couldn't find file 'calcaneous_rv.vtp'.
[2022-09-12 10:30:20.531] [warning] Couldn't find file 'model_r_midfoot.stl'.
[2022-09-12 10:30:20.531] [warning] Couldn't find file 'model_r_forefoot.stl'.
[2022-09-12 10:30:20.531] [warning] Couldn't find file 'model_r_toes.stl'.
[2022-09-12 10:30:20.531] [warning] Couldn't find file 'femur_l.vtp'.
[2022-09-12 10:30:20.531] [warning] Couldn't find file 'tibia_l.vtp'.
[2022-09-12 10:30:20.531] [warning] Couldn't find file 'fibula_l.vtp'.
[2022-09-12 10:30:20.531] [warning] Couldn't find file 'talus_lv.vtp'.
[2022-09-12 10:30:20.531] [warning] Couldn't find file 'calcaneous_lv.vtp'.
[2022-09-12 10:30:20.531] [warning] Couldn't find file 'model_l_midfoot.stl'.
[2022-09-12 10:30:20.531] [warning] Couldn't find file 'model_l_forefoot.stl'.
[2022-09-12 10:30:20.531] [warning] Couldn't find file 'model_l_toes.stl'.
[2022-09-12 10:30:20.531] [warning] Couldn't find file 'hat_spine.vtp'.
[2022-09-12 10:30:20.531] [warning] Couldn't find file 'hat_jaw.vtp'.
[2022-09-12 10:30:20.531] [warning] Couldn't find file 'hat_skull.vtp'.
[2022-09-12 10:30:20.531] [warning] Couldn't find file 'hat_ribs_scap.vtp'.
[2022-09-12 10:30:20.531] [warning] Couldn't find file 'humerus_rv.vtp'.
[2022-09-12 10:30:20.531] [warning] Couldn't find file 'ulna_rv.vtp'.
[2022-09-12 10:30:20.532] [warning] Couldn't find file 'radius_rv.vtp'.
[2022-09-12 10:30:20.532] [warning] Couldn't find file 'pisiform_rvs.vtp'.
[2022-09-12 10:30:20.532] [warning] Couldn't find file 'lunate_rvs.vtp'.
[2022-09-12 10:30:20.532] [warning] Couldn't find file 'scaphoid_rvs.vtp'.
[2022-09-12 10:30:20.532] [warning] Couldn't find file 'triquetrum_rvs.vtp'.
[2022-09-12 10:30:20.532] [warning] Couldn't find file 'hamate_rvs.vtp'.
[2022-09-12 10:30:20.532] [warning] Couldn't find file 'capitate_rvs.vtp'.
[2022-09-12 10:30:20.532] [warning] Couldn't find file 'trapezoid_rvs.vtp'.
[2022-09-12 10:30:20.532] [warning] Couldn't find file 'trapezium_rvs.vtp'.
[2022-09-12 10:30:20.532] [warning] Couldn't find file 'metacarpal2_rvs.vtp'.
[2022-09-12 10:30:20.532] [warning] Couldn't find file 'index_proximal_rvs.vtp'.
[2022-09-12 10:30:20.532] [warning] Couldn't find file 'index_medial_rvs.vtp'.
[2022-09-12 10:30:20.532] [warning] Couldn't find file 'index_distal_rvs.vtp'.
[2022-09-12 10:30:20.532] [warning] Couldn't find file 'metacarpal3_rvs.vtp'.
[2022-09-12 10:30:20.532] [warning] Couldn't find file 'middle_proximal_rvs.vtp'.
[2022-09-12 10:30:20.532] [warning] Couldn't find file 'middle_medial_rvs.vtp'.
[2022-09-12 10:30:20.532] [warning] Couldn't find file 'middle_distal_rvs.vtp'.
[2022-09-12 10:30:20.532] [warning] Couldn't find file 'metacarpal4_rvs.vtp'.
[2022-09-12 10:30:20.533] [warning] Couldn't find file 'ring_proximal_rvs.vtp'.
[2022-09-12 10:30:20.533] [warning] Couldn't find file 'ring_medial_rvs.vtp'.
[2022-09-12 10:30:20.533] [warning] Couldn't find file 'ring_distal_rvs.vtp'.
[2022-09-12 10:30:20.533] [warning] Couldn't find file 'metacarpal5_rvs.vtp'.
[2022-09-12 10:30:20.533] [warning] Couldn't find file 'little_proximal_rvs.vtp'.
[2022-09-12 10:30:20.533] [warning] Couldn't find file 'little_medial_rvs.vtp'.
[2022-09-12 10:30:20.533] [warning] Couldn't find file 'little_distal_rvs.vtp'.
[2022-09-12 10:30:20.533] [warning] Couldn't find file 'metacarpal1_rvs.vtp'.
[2022-09-12 10:30:20.533] [warning] Couldn't find file 'thumb_proximal_rvs.vtp'.
[2022-09-12 10:30:20.533] [warning] Couldn't find file 'thumb_distal_rvs.vtp'.
[2022-09-12 10:30:20.533] [warning] Couldn't find file 'humerus_lv.vtp'.
[2022-09-12 10:30:20.533] [warning] Couldn't find file 'ulna_lv.vtp'.
[2022-09-12 10:30:20.533] [warning] Couldn't find file 'radius_lv.vtp'.
[2022-09-12 10:30:20.533] [warning] Couldn't find file 'pisiform_lvs.vtp'.
[2022-09-12 10:30:20.533] [warning] Couldn't find file 'lunate_lvs.vtp'.
[2022-09-12 10:30:20.533] [warning] Couldn't find file 'scaphoid_lvs.vtp'.
[2022-09-12 10:30:20.533] [warning] Couldn't find file 'triquetrum_lvs.vtp'.
[2022-09-12 10:30:20.533] [warning] Couldn't find file 'hamate_lvs.vtp'.
[2022-09-12 10:30:20.534] [warning] Couldn't find file 'capitate_lvs.vtp'.
[2022-09-12 10:30:20.534] [warning] Couldn't find file 'trapezoid_lvs.vtp'.
[2022-09-12 10:30:20.534] [warning] Couldn't find file 'trapezium_lvs.vtp'.
[2022-09-12 10:30:20.534] [warning] Couldn't find file 'metacarpal2_lvs.vtp'.
[2022-09-12 10:30:20.534] [warning] Couldn't find file 'index_proximal_lvs.vtp'.
[2022-09-12 10:30:20.534] [warning] Couldn't find file 'index_medial_lvs.vtp'.
[2022-09-12 10:30:20.534] [warning] Couldn't find file 'index_distal_lvs.vtp'.
[2022-09-12 10:30:20.534] [warning] Couldn't find file 'metacarpal3_lvs.vtp'.
[2022-09-12 10:30:20.534] [warning] Couldn't find file 'middle_proximal_lvs.vtp'.
[2022-09-12 10:30:20.534] [warning] Couldn't find file 'middle_medial_lvs.vtp'.
[2022-09-12 10:30:20.534] [warning] Couldn't find file 'middle_distal_lvs.vtp'.
[2022-09-12 10:30:20.534] [warning] Couldn't find file 'metacarpal4_lvs.vtp'.
[2022-09-12 10:30:20.534] [warning] Couldn't find file 'ring_proximal_lvs.vtp'.
[2022-09-12 10:30:20.534] [warning] Couldn't find file 'ring_medial_lvs.vtp'.
[2022-09-12 10:30:20.534] [warning] Couldn't find file 'ring_distal_lvs.vtp'.
[2022-09-12 10:30:20.534] [warning] Couldn't find file 'metacarpal5_lvs.vtp'.
[2022-09-12 10:30:20.534] [warning] Couldn't find file 'little_proximal_lvs.vtp'.
[2022-09-12 10:30:20.534] [warning] Couldn't find file 'little_medial_lvs.vtp'.
[2022-09-12 10:30:20.535] [warning] Couldn't find file 'little_distal_lvs.vtp'.
[2022-09-12 10:30:20.535] [warning] Couldn't find file 'metacarpal1_lvs.vtp'.
[2022-09-12 10:30:20.535] [warning] Couldn't find file 'thumb_proximal_lvs.vtp'.
[2022-09-12 10:30:20.535] [warning] Couldn't find file 'thumb_distal_lvs.vtp'.
[2022-09-12 10:30:21.341] [info] Loaded model subject1_withMTJ_locked_scaled_custom from file C:\Users\u0150099\Documents\master_thesis\3dpredictsim\OpenSimModel\subject1\Fal_s1_mtjc4_FK_sc_MTc5_cspx10_oy3.osim
[2022-09-12 10:30:21.342] [warning] Couldn't find file 'sacrum.vtp'.
[2022-09-12 10:30:21.342] [warning] Couldn't find file 'pelvis.vtp'.
[2022-09-12 10:30:21.342] [warning] Couldn't find file 'l_pelvis.vtp'.
[2022-09-12 10:30:21.342] [warning] Couldn't find file 'femur_r.vtp'.
[2022-09-12 10:30:21.342] [warning] Couldn't find file 'tibia_r.vtp'.
[2022-09-12 10:30:21.342] [warning] Couldn't find file 'fibula_r.vtp'.
[2022-09-12 10:30:21.342] [warning] Couldn't find file 'talus_rv.vtp'.
[2022-09-12 10:30:21.342] [warning] Couldn't find file 'calcaneous_rv.vtp'.
[2022-09-12 10:30:21.342] [warning] Couldn't find file 'model_r_midfoot.stl'.
[2022-09-12 10:30:21.343] [warning] Couldn't find file 'model_r_forefoot.stl'.
[2022-09-12 10:30:21.343] [warning] Couldn't find file 'model_r_toes.stl'.
[2022-09-12 10:30:21.343] [warning] Couldn't find file 'femur_l.vtp'.
[2022-09-12 10:30:21.343] [warning] Couldn't find file 'tibia_l.vtp'.
[2022-09-12 10:30:21.343] [warning] Couldn't find file 'fibula_l.vtp'.
[2022-09-12 10:30:21.343] [warning] Couldn't find file 'talus_lv.vtp'.
[2022-09-12 10:30:21.343] [warning] Couldn't find file 'calcaneous_lv.vtp'.
[2022-09-12 10:30:21.343] [warning] Couldn't find file 'model_l_midfoot.stl'.
[2022-09-12 10:30:21.343] [warning] Couldn't find file 'model_l_forefoot.stl'.
[2022-09-12 10:30:21.343] [warning] Couldn't find file 'model_l_toes.stl'.
[2022-09-12 10:30:21.343] [warning] Couldn't find file 'hat_spine.vtp'.
[2022-09-12 10:30:21.343] [warning] Couldn't find file 'hat_jaw.vtp'.
[2022-09-12 10:30:21.343] [warning] Couldn't find file 'hat_skull.vtp'.
[2022-09-12 10:30:21.343] [warning] Couldn't find file 'hat_ribs_scap.vtp'.
[2022-09-12 10:30:21.343] [warning] Couldn't find file 'humerus_rv.vtp'.
[2022-09-12 10:30:21.343] [warning] Couldn't find file 'ulna_rv.vtp'.
[2022-09-12 10:30:21.343] [warning] Couldn't find file 'radius_rv.vtp'.
[2022-09-12 10:30:21.344] [warning] Couldn't find file 'pisiform_rvs.vtp'.
[2022-09-12 10:30:21.344] [warning] Couldn't find file 'lunate_rvs.vtp'.
[2022-09-12 10:30:21.344] [warning] Couldn't find file 'scaphoid_rvs.vtp'.
[2022-09-12 10:30:21.344] [warning] Couldn't find file 'triquetrum_rvs.vtp'.
[2022-09-12 10:30:21.344] [warning] Couldn't find file 'hamate_rvs.vtp'.
[2022-09-12 10:30:21.344] [warning] Couldn't find file 'capitate_rvs.vtp'.
[2022-09-12 10:30:21.344] [warning] Couldn't find file 'trapezoid_rvs.vtp'.
[2022-09-12 10:30:21.344] [warning] Couldn't find file 'trapezium_rvs.vtp'.
[2022-09-12 10:30:21.344] [warning] Couldn't find file 'metacarpal2_rvs.vtp'.
[2022-09-12 10:30:21.344] [warning] Couldn't find file 'index_proximal_rvs.vtp'.
[2022-09-12 10:30:21.344] [warning] Couldn't find file 'index_medial_rvs.vtp'.
[2022-09-12 10:30:21.344] [warning] Couldn't find file 'index_distal_rvs.vtp'.
[2022-09-12 10:30:21.344] [warning] Couldn't find file 'metacarpal3_rvs.vtp'.
[2022-09-12 10:30:21.344] [warning] Couldn't find file 'middle_proximal_rvs.vtp'.
[2022-09-12 10:30:21.344] [warning] Couldn't find file 'middle_medial_rvs.vtp'.
[2022-09-12 10:30:21.344] [warning] Couldn't find file 'middle_distal_rvs.vtp'.
[2022-09-12 10:30:21.344] [warning] Couldn't find file 'metacarpal4_rvs.vtp'.
[2022-09-12 10:30:21.344] [warning] Couldn't find file 'ring_proximal_rvs.vtp'.
[2022-09-12 10:30:21.344] [warning] Couldn't find file 'ring_medial_rvs.vtp'.
[2022-09-12 10:30:21.345] [warning] Couldn't find file 'ring_distal_rvs.vtp'.
[2022-09-12 10:30:21.345] [warning] Couldn't find file 'metacarpal5_rvs.vtp'.
[2022-09-12 10:30:21.345] [warning] Couldn't find file 'little_proximal_rvs.vtp'.
[2022-09-12 10:30:21.345] [warning] Couldn't find file 'little_medial_rvs.vtp'.
[2022-09-12 10:30:21.345] [warning] Couldn't find file 'little_distal_rvs.vtp'.
[2022-09-12 10:30:21.345] [warning] Couldn't find file 'metacarpal1_rvs.vtp'.
[2022-09-12 10:30:21.345] [warning] Couldn't find file 'thumb_proximal_rvs.vtp'.
[2022-09-12 10:30:21.345] [warning] Couldn't find file 'thumb_distal_rvs.vtp'.
[2022-09-12 10:30:21.345] [warning] Couldn't find file 'humerus_lv.vtp'.
[2022-09-12 10:30:21.345] [warning] Couldn't find file 'ulna_lv.vtp'.
[2022-09-12 10:30:21.345] [warning] Couldn't find file 'radius_lv.vtp'.
[2022-09-12 10:30:21.345] [warning] Couldn't find file 'pisiform_lvs.vtp'.
[2022-09-12 10:30:21.345] [warning] Couldn't find file 'lunate_lvs.vtp'.
[2022-09-12 10:30:21.345] [warning] Couldn't find file 'scaphoid_lvs.vtp'.
[2022-09-12 10:30:21.345] [warning] Couldn't find file 'triquetrum_lvs.vtp'.
[2022-09-12 10:30:21.345] [warning] Couldn't find file 'hamate_lvs.vtp'.
[2022-09-12 10:30:21.345] [warning] Couldn't find file 'capitate_lvs.vtp'.
[2022-09-12 10:30:21.346] [warning] Couldn't find file 'trapezoid_lvs.vtp'.
[2022-09-12 10:30:21.346] [warning] Couldn't find file 'trapezium_lvs.vtp'.
[2022-09-12 10:30:21.346] [warning] Couldn't find file 'metacarpal2_lvs.vtp'.
[2022-09-12 10:30:21.346] [warning] Couldn't find file 'index_proximal_lvs.vtp'.
[2022-09-12 10:30:21.346] [warning] Couldn't find file 'index_medial_lvs.vtp'.
[2022-09-12 10:30:21.346] [warning] Couldn't find file 'index_distal_lvs.vtp'.
[2022-09-12 10:30:21.346] [warning] Couldn't find file 'metacarpal3_lvs.vtp'.
[2022-09-12 10:30:21.346] [warning] Couldn't find file 'middle_proximal_lvs.vtp'.
[2022-09-12 10:30:21.346] [warning] Couldn't find file 'middle_medial_lvs.vtp'.
[2022-09-12 10:30:21.346] [warning] Couldn't find file 'middle_distal_lvs.vtp'.
[2022-09-12 10:30:21.346] [warning] Couldn't find file 'metacarpal4_lvs.vtp'.
[2022-09-12 10:30:21.346] [warning] Couldn't find file 'ring_proximal_lvs.vtp'.
[2022-09-12 10:30:21.346] [warning] Couldn't find file 'ring_medial_lvs.vtp'.
[2022-09-12 10:30:21.346] [warning] Couldn't find file 'ring_distal_lvs.vtp'.
[2022-09-12 10:30:21.346] [warning] Couldn't find file 'metacarpal5_lvs.vtp'.
[2022-09-12 10:30:21.346] [warning] Couldn't find file 'little_proximal_lvs.vtp'.
[2022-09-12 10:30:21.346] [warning] Couldn't find file 'little_medial_lvs.vtp'.
[2022-09-12 10:30:21.346] [warning] Couldn't find file 'little_distal_lvs.vtp'.
[2022-09-12 10:30:21.346] [warning] Couldn't find file 'metacarpal1_lvs.vtp'.
[2022-09-12 10:30:21.347] [warning] Couldn't find file 'thumb_proximal_lvs.vtp'.
[2022-09-12 10:30:21.347] [warning] Couldn't find file 'thumb_distal_lvs.vtp'.
[2022-09-12 10:30:21.822] [info] Loaded model subject1_withMTJ_locked_scaled_custom from file C:\Users\u0150099\Documents\master_thesis\3dpredictsim\OpenSimModel\subject1\Fal_s1_mtjc4_FK_sc_FDB2_MTc5_cg0.osim
[2022-09-12 10:30:21.822] [warning] Couldn't find file 'sacrum.vtp'.
[2022-09-12 10:30:21.822] [warning] Couldn't find file 'pelvis.vtp'.
[2022-09-12 10:30:21.823] [warning] Couldn't find file 'l_pelvis.vtp'.
[2022-09-12 10:30:21.823] [warning] Couldn't find file 'femur_r.vtp'.
[2022-09-12 10:30:21.823] [warning] Couldn't find file 'tibia_r.vtp'.
[2022-09-12 10:30:21.823] [warning] Couldn't find file 'fibula_r.vtp'.
[2022-09-12 10:30:21.823] [warning] Couldn't find file 'talus_rv.vtp'.
[2022-09-12 10:30:21.823] [warning] Couldn't find file 'calcaneous_rv.vtp'.
[2022-09-12 10:30:21.823] [warning] Couldn't find file 'model_r_midfoot.stl'.
[2022-09-12 10:30:21.823] [warning] Couldn't find file 'model_r_forefoot.stl'.
[2022-09-12 10:30:21.823] [warning] Couldn't find file 'model_r_toes.stl'.
[2022-09-12 10:30:21.823] [warning] Couldn't find file 'femur_l.vtp'.
[2022-09-12 10:30:21.823] [warning] Couldn't find file 'tibia_l.vtp'.
[2022-09-12 10:30:21.823] [warning] Couldn't find file 'fibula_l.vtp'.
[2022-09-12 10:30:21.823] [warning] Couldn't find file 'talus_lv.vtp'.
[2022-09-12 10:30:21.823] [warning] Couldn't find file 'calcaneous_lv.vtp'.
[2022-09-12 10:30:21.823] [warning] Couldn't find file 'model_l_midfoot.stl'.
[2022-09-12 10:30:21.823] [warning] Couldn't find file 'model_l_forefoot.stl'.
[2022-09-12 10:30:21.824] [warning] Couldn't find file 'model_l_toes.stl'.
[2022-09-12 10:30:21.824] [warning] Couldn't find file 'hat_spine.vtp'.
[2022-09-12 10:30:21.824] [warning] Couldn't find file 'hat_jaw.vtp'.
[2022-09-12 10:30:21.824] [warning] Couldn't find file 'hat_skull.vtp'.
[2022-09-12 10:30:21.824] [warning] Couldn't find file 'hat_ribs_scap.vtp'.
[2022-09-12 10:30:21.824] [warning] Couldn't find file 'humerus_rv.vtp'.
[2022-09-12 10:30:21.824] [warning] Couldn't find file 'ulna_rv.vtp'.
[2022-09-12 10:30:21.824] [warning] Couldn't find file 'radius_rv.vtp'.
[2022-09-12 10:30:21.824] [warning] Couldn't find file 'pisiform_rvs.vtp'.
[2022-09-12 10:30:21.824] [warning] Couldn't find file 'lunate_rvs.vtp'.
[2022-09-12 10:30:21.824] [warning] Couldn't find file 'scaphoid_rvs.vtp'.
[2022-09-12 10:30:21.824] [warning] Couldn't find file 'triquetrum_rvs.vtp'.
[2022-09-12 10:30:21.824] [warning] Couldn't find file 'hamate_rvs.vtp'.
[2022-09-12 10:30:21.824] [warning] Couldn't find file 'capitate_rvs.vtp'.
[2022-09-12 10:30:21.824] [warning] Couldn't find file 'trapezoid_rvs.vtp'.
[2022-09-12 10:30:21.824] [warning] Couldn't find file 'trapezium_rvs.vtp'.
[2022-09-12 10:30:21.824] [warning] Couldn't find file 'metacarpal2_rvs.vtp'.
[2022-09-12 10:30:21.825] [warning] Couldn't find file 'index_proximal_rvs.vtp'.
[2022-09-12 10:30:21.825] [warning] Couldn't find file 'index_medial_rvs.vtp'.
[2022-09-12 10:30:21.825] [warning] Couldn't find file 'index_distal_rvs.vtp'.
[2022-09-12 10:30:21.825] [warning] Couldn't find file 'metacarpal3_rvs.vtp'.
[2022-09-12 10:30:21.825] [warning] Couldn't find file 'middle_proximal_rvs.vtp'.
[2022-09-12 10:30:21.825] [warning] Couldn't find file 'middle_medial_rvs.vtp'.
[2022-09-12 10:30:21.825] [warning] Couldn't find file 'middle_distal_rvs.vtp'.
[2022-09-12 10:30:21.825] [warning] Couldn't find file 'metacarpal4_rvs.vtp'.
[2022-09-12 10:30:21.825] [warning] Couldn't find file 'ring_proximal_rvs.vtp'.
[2022-09-12 10:30:21.825] [warning] Couldn't find file 'ring_medial_rvs.vtp'.
[2022-09-12 10:30:21.825] [warning] Couldn't find file 'ring_distal_rvs.vtp'.
[2022-09-12 10:30:21.825] [warning] Couldn't find file 'metacarpal5_rvs.vtp'.
[2022-09-12 10:30:21.825] [warning] Couldn't find file 'little_proximal_rvs.vtp'.
[2022-09-12 10:30:21.825] [warning] Couldn't find file 'little_medial_rvs.vtp'.
[2022-09-12 10:30:21.825] [warning] Couldn't find file 'little_distal_rvs.vtp'.
[2022-09-12 10:30:21.825] [warning] Couldn't find file 'metacarpal1_rvs.vtp'.
[2022-09-12 10:30:21.825] [warning] Couldn't find file 'thumb_proximal_rvs.vtp'.
[2022-09-12 10:30:21.825] [warning] Couldn't find file 'thumb_distal_rvs.vtp'.
[2022-09-12 10:30:21.826] [warning] Couldn't find file 'humerus_lv.vtp'.
[2022-09-12 10:30:21.826] [warning] Couldn't find file 'ulna_lv.vtp'.
[2022-09-12 10:30:21.826] [warning] Couldn't find file 'radius_lv.vtp'.
[2022-09-12 10:30:21.826] [warning] Couldn't find file 'pisiform_lvs.vtp'.
[2022-09-12 10:30:21.826] [warning] Couldn't find file 'lunate_lvs.vtp'.
[2022-09-12 10:30:21.826] [warning] Couldn't find file 'scaphoid_lvs.vtp'.
[2022-09-12 10:30:21.826] [warning] Couldn't find file 'triquetrum_lvs.vtp'.
[2022-09-12 10:30:21.826] [warning] Couldn't find file 'hamate_lvs.vtp'.
[2022-09-12 10:30:21.826] [warning] Couldn't find file 'capitate_lvs.vtp'.
[2022-09-12 10:30:21.826] [warning] Couldn't find file 'trapezoid_lvs.vtp'.
[2022-09-12 10:30:21.826] [warning] Couldn't find file 'trapezium_lvs.vtp'.
[2022-09-12 10:30:21.826] [warning] Couldn't find file 'metacarpal2_lvs.vtp'.
[2022-09-12 10:30:21.826] [warning] Couldn't find file 'index_proximal_lvs.vtp'.
[2022-09-12 10:30:21.826] [warning] Couldn't find file 'index_medial_lvs.vtp'.
[2022-09-12 10:30:21.826] [warning] Couldn't find file 'index_distal_lvs.vtp'.
[2022-09-12 10:30:21.826] [warning] Couldn't find file 'metacarpal3_lvs.vtp'.
[2022-09-12 10:30:21.826] [warning] Couldn't find file 'middle_proximal_lvs.vtp'.
[2022-09-12 10:30:21.826] [warning] Couldn't find file 'middle_medial_lvs.vtp'.
[2022-09-12 10:30:21.827] [warning] Couldn't find file 'middle_distal_lvs.vtp'.
[2022-09-12 10:30:21.827] [warning] Couldn't find file 'metacarpal4_lvs.vtp'.
[2022-09-12 10:30:21.827] [warning] Couldn't find file 'ring_proximal_lvs.vtp'.
[2022-09-12 10:30:21.827] [warning] Couldn't find file 'ring_medial_lvs.vtp'.
[2022-09-12 10:30:21.827] [warning] Couldn't find file 'ring_distal_lvs.vtp'.
[2022-09-12 10:30:21.827] [warning] Couldn't find file 'metacarpal5_lvs.vtp'.
[2022-09-12 10:30:21.827] [warning] Couldn't find file 'little_proximal_lvs.vtp'.
[2022-09-12 10:30:21.827] [warning] Couldn't find file 'little_medial_lvs.vtp'.
[2022-09-12 10:30:21.827] [warning] Couldn't find file 'little_distal_lvs.vtp'.
[2022-09-12 10:30:21.827] [warning] Couldn't find file 'metacarpal1_lvs.vtp'.
[2022-09-12 10:30:21.827] [warning] Couldn't find file 'thumb_proximal_lvs.vtp'.
[2022-09-12 10:30:21.827] [warning] Couldn't find file 'thumb_distal_lvs.vtp'.
[2022-09-12 10:34:46.869] [info] Loaded model Fal_s1_mtp_sc_MTc5_cspx10_oy1 from file C:\Users\u0150099\Documents\master_thesis\3dpredictsim\OpenSimModel\subject1\Fal_s1_mtp_FK_sc_MTc5_cg0.osim
[2022-09-12 10:34:46.869] [warning] Couldn't find file 'sacrum.vtp'.
[2022-09-12 10:34:46.870] [warning] Couldn't find file 'pelvis.vtp'.
[2022-09-12 10:34:46.870] [warning] Couldn't find file 'l_pelvis.vtp'.
[2022-09-12 10:34:46.870] [warning] Couldn't find file 'femur_r.vtp'.
[2022-09-12 10:34:46.870] [warning] Couldn't find file 'tibia_r.vtp'.
[2022-09-12 10:34:46.870] [warning] Couldn't find file 'fibula_r.vtp'.
[2022-09-12 10:34:46.870] [warning] Couldn't find file 'talus_rv.vtp'.
[2022-09-12 10:34:46.870] [warning] Couldn't find file 'calcaneous_rv.vtp'.
[2022-09-12 10:34:46.870] [warning] Couldn't find file 'model_r_midfoot.stl'.
[2022-09-12 10:34:46.870] [warning] Couldn't find file 'model_r_forefoot.stl'.
[2022-09-12 10:34:46.870] [warning] Couldn't find file 'model_r_toes.stl'.
[2022-09-12 10:34:46.870] [warning] Couldn't find file 'femur_l.vtp'.
[2022-09-12 10:34:46.870] [warning] Couldn't find file 'tibia_l.vtp'.
[2022-09-12 10:34:46.870] [warning] Couldn't find file 'fibula_l.vtp'.
[2022-09-12 10:34:46.870] [warning] Couldn't find file 'talus_lv.vtp'.
[2022-09-12 10:34:46.870] [warning] Couldn't find file 'calcaneous_lv.vtp'.
[2022-09-12 10:34:46.871] [warning] Couldn't find file 'model_l_midfoot.stl'.
[2022-09-12 10:34:46.871] [warning] Couldn't find file 'model_l_forefoot.stl'.
[2022-09-12 10:34:46.871] [warning] Couldn't find file 'model_l_toes.stl'.
[2022-09-12 10:34:46.871] [warning] Couldn't find file 'hat_spine.vtp'.
[2022-09-12 10:34:46.871] [warning] Couldn't find file 'hat_jaw.vtp'.
[2022-09-12 10:34:46.871] [warning] Couldn't find file 'hat_skull.vtp'.
[2022-09-12 10:34:46.871] [warning] Couldn't find file 'hat_ribs_scap.vtp'.
[2022-09-12 10:34:46.871] [warning] Couldn't find file 'humerus_rv.vtp'.
[2022-09-12 10:34:46.871] [warning] Couldn't find file 'ulna_rv.vtp'.
[2022-09-12 10:34:46.871] [warning] Couldn't find file 'radius_rv.vtp'.
[2022-09-12 10:34:46.871] [warning] Couldn't find file 'pisiform_rvs.vtp'.
[2022-09-12 10:34:46.871] [warning] Couldn't find file 'lunate_rvs.vtp'.
[2022-09-12 10:34:46.871] [warning] Couldn't find file 'scaphoid_rvs.vtp'.
[2022-09-12 10:34:46.871] [warning] Couldn't find file 'triquetrum_rvs.vtp'.
[2022-09-12 10:34:46.871] [warning] Couldn't find file 'hamate_rvs.vtp'.
[2022-09-12 10:34:46.871] [warning] Couldn't find file 'capitate_rvs.vtp'.
[2022-09-12 10:34:46.871] [warning] Couldn't find file 'trapezoid_rvs.vtp'.
[2022-09-12 10:34:46.872] [warning] Couldn't find file 'trapezium_rvs.vtp'.
[2022-09-12 10:34:46.872] [warning] Couldn't find file 'metacarpal2_rvs.vtp'.
[2022-09-12 10:34:46.872] [warning] Couldn't find file 'index_proximal_rvs.vtp'.
[2022-09-12 10:34:46.872] [warning] Couldn't find file 'index_medial_rvs.vtp'.
[2022-09-12 10:34:46.872] [warning] Couldn't find file 'index_distal_rvs.vtp'.
[2022-09-12 10:34:46.872] [warning] Couldn't find file 'metacarpal3_rvs.vtp'.
[2022-09-12 10:34:46.872] [warning] Couldn't find file 'middle_proximal_rvs.vtp'.
[2022-09-12 10:34:46.872] [warning] Couldn't find file 'middle_medial_rvs.vtp'.
[2022-09-12 10:34:46.872] [warning] Couldn't find file 'middle_distal_rvs.vtp'.
[2022-09-12 10:34:46.872] [warning] Couldn't find file 'metacarpal4_rvs.vtp'.
[2022-09-12 10:34:46.872] [warning] Couldn't find file 'ring_proximal_rvs.vtp'.
[2022-09-12 10:34:46.872] [warning] Couldn't find file 'ring_medial_rvs.vtp'.
[2022-09-12 10:34:46.872] [warning] Couldn't find file 'ring_distal_rvs.vtp'.
[2022-09-12 10:34:46.872] [warning] Couldn't find file 'metacarpal5_rvs.vtp'.
[2022-09-12 10:34:46.872] [warning] Couldn't find file 'little_proximal_rvs.vtp'.
[2022-09-12 10:34:46.872] [warning] Couldn't find file 'little_medial_rvs.vtp'.
[2022-09-12 10:34:46.872] [warning] Couldn't find file 'little_distal_rvs.vtp'.
[2022-09-12 10:34:46.873] [warning] Couldn't find file 'metacarpal1_rvs.vtp'.
[2022-09-12 10:34:46.873] [warning] Couldn't find file 'thumb_proximal_rvs.vtp'.
[2022-09-12 10:34:46.873] [warning] Couldn't find file 'thumb_distal_rvs.vtp'.
[2022-09-12 10:34:46.873] [warning] Couldn't find file 'humerus_lv.vtp'.
[2022-09-12 10:34:46.873] [warning] Couldn't find file 'ulna_lv.vtp'.
[2022-09-12 10:34:46.873] [warning] Couldn't find file 'radius_lv.vtp'.
[2022-09-12 10:34:46.873] [warning] Couldn't find file 'pisiform_lvs.vtp'.
[2022-09-12 10:34:46.873] [warning] Couldn't find file 'lunate_lvs.vtp'.
[2022-09-12 10:34:46.873] [warning] Couldn't find file 'scaphoid_lvs.vtp'.
[2022-09-12 10:34:46.873] [warning] Couldn't find file 'triquetrum_lvs.vtp'.
[2022-09-12 10:34:46.873] [warning] Couldn't find file 'hamate_lvs.vtp'.
[2022-09-12 10:34:46.873] [warning] Couldn't find file 'capitate_lvs.vtp'.
[2022-09-12 10:34:46.873] [warning] Couldn't find file 'trapezoid_lvs.vtp'.
[2022-09-12 10:34:46.873] [warning] Couldn't find file 'trapezium_lvs.vtp'.
[2022-09-12 10:34:46.873] [warning] Couldn't find file 'metacarpal2_lvs.vtp'.
[2022-09-12 10:34:46.873] [warning] Couldn't find file 'index_proximal_lvs.vtp'.
[2022-09-12 10:34:46.873] [warning] Couldn't find file 'index_medial_lvs.vtp'.
[2022-09-12 10:34:46.873] [warning] Couldn't find file 'index_distal_lvs.vtp'.
[2022-09-12 10:34:46.874] [warning] Couldn't find file 'metacarpal3_lvs.vtp'.
[2022-09-12 10:34:46.874] [warning] Couldn't find file 'middle_proximal_lvs.vtp'.
[2022-09-12 10:34:46.874] [warning] Couldn't find file 'middle_medial_lvs.vtp'.
[2022-09-12 10:34:46.874] [warning] Couldn't find file 'middle_distal_lvs.vtp'.
[2022-09-12 10:34:46.874] [warning] Couldn't find file 'metacarpal4_lvs.vtp'.
[2022-09-12 10:34:46.874] [warning] Couldn't find file 'ring_proximal_lvs.vtp'.
[2022-09-12 10:34:46.874] [warning] Couldn't find file 'ring_medial_lvs.vtp'.
[2022-09-12 10:34:46.874] [warning] Couldn't find file 'ring_distal_lvs.vtp'.
[2022-09-12 10:34:46.874] [warning] Couldn't find file 'metacarpal5_lvs.vtp'.
[2022-09-12 10:34:46.874] [warning] Couldn't find file 'little_proximal_lvs.vtp'.
[2022-09-12 10:34:46.874] [warning] Couldn't find file 'little_medial_lvs.vtp'.
[2022-09-12 10:34:46.874] [warning] Couldn't find file 'little_distal_lvs.vtp'.
[2022-09-12 10:34:46.874] [warning] Couldn't find file 'metacarpal1_lvs.vtp'.
[2022-09-12 10:34:46.874] [warning] Couldn't find file 'thumb_proximal_lvs.vtp'.
[2022-09-12 10:34:46.874] [warning] Couldn't find file 'thumb_distal_lvs.vtp'.
[2022-09-12 10:34:47.669] [info] Loaded model subject1_withMTJ_locked_scaled_custom from file C:\Users\u0150099\Documents\master_thesis\3dpredictsim\OpenSimModel\subject1\Fal_s1_mtjc4_FK_sc_MTc5_cspx10_oy3.osim
[2022-09-12 10:34:47.669] [warning] Couldn't find file 'sacrum.vtp'.
[2022-09-12 10:34:47.669] [warning] Couldn't find file 'pelvis.vtp'.
[2022-09-12 10:34:47.669] [warning] Couldn't find file 'l_pelvis.vtp'.
[2022-09-12 10:34:47.670] [warning] Couldn't find file 'femur_r.vtp'.
[2022-09-12 10:34:47.670] [warning] Couldn't find file 'tibia_r.vtp'.
[2022-09-12 10:34:47.670] [warning] Couldn't find file 'fibula_r.vtp'.
[2022-09-12 10:34:47.670] [warning] Couldn't find file 'talus_rv.vtp'.
[2022-09-12 10:34:47.670] [warning] Couldn't find file 'calcaneous_rv.vtp'.
[2022-09-12 10:34:47.670] [warning] Couldn't find file 'model_r_midfoot.stl'.
[2022-09-12 10:34:47.670] [warning] Couldn't find file 'model_r_forefoot.stl'.
[2022-09-12 10:34:47.670] [warning] Couldn't find file 'model_r_toes.stl'.
[2022-09-12 10:34:47.670] [warning] Couldn't find file 'femur_l.vtp'.
[2022-09-12 10:34:47.670] [warning] Couldn't find file 'tibia_l.vtp'.
[2022-09-12 10:34:47.670] [warning] Couldn't find file 'fibula_l.vtp'.
[2022-09-12 10:34:47.670] [warning] Couldn't find file 'talus_lv.vtp'.
[2022-09-12 10:34:47.670] [warning] Couldn't find file 'calcaneous_lv.vtp'.
[2022-09-12 10:34:47.670] [warning] Couldn't find file 'model_l_midfoot.stl'.
[2022-09-12 10:34:47.670] [warning] Couldn't find file 'model_l_forefoot.stl'.
[2022-09-12 10:34:47.671] [warning] Couldn't find file 'model_l_toes.stl'.
[2022-09-12 10:34:47.671] [warning] Couldn't find file 'hat_spine.vtp'.
[2022-09-12 10:34:47.671] [warning] Couldn't find file 'hat_jaw.vtp'.
[2022-09-12 10:34:47.671] [warning] Couldn't find file 'hat_skull.vtp'.
[2022-09-12 10:34:47.671] [warning] Couldn't find file 'hat_ribs_scap.vtp'.
[2022-09-12 10:34:47.671] [warning] Couldn't find file 'humerus_rv.vtp'.
[2022-09-12 10:34:47.671] [warning] Couldn't find file 'ulna_rv.vtp'.
[2022-09-12 10:34:47.671] [warning] Couldn't find file 'radius_rv.vtp'.
[2022-09-12 10:34:47.671] [warning] Couldn't find file 'pisiform_rvs.vtp'.
[2022-09-12 10:34:47.671] [warning] Couldn't find file 'lunate_rvs.vtp'.
[2022-09-12 10:34:47.671] [warning] Couldn't find file 'scaphoid_rvs.vtp'.
[2022-09-12 10:34:47.671] [warning] Couldn't find file 'triquetrum_rvs.vtp'.
[2022-09-12 10:34:47.671] [warning] Couldn't find file 'hamate_rvs.vtp'.
[2022-09-12 10:34:47.671] [warning] Couldn't find file 'capitate_rvs.vtp'.
[2022-09-12 10:34:47.671] [warning] Couldn't find file 'trapezoid_rvs.vtp'.
[2022-09-12 10:34:47.671] [warning] Couldn't find file 'trapezium_rvs.vtp'.
[2022-09-12 10:34:47.671] [warning] Couldn't find file 'metacarpal2_rvs.vtp'.
[2022-09-12 10:34:47.672] [warning] Couldn't find file 'index_proximal_rvs.vtp'.
[2022-09-12 10:34:47.672] [warning] Couldn't find file 'index_medial_rvs.vtp'.
[2022-09-12 10:34:47.672] [warning] Couldn't find file 'index_distal_rvs.vtp'.
[2022-09-12 10:34:47.672] [warning] Couldn't find file 'metacarpal3_rvs.vtp'.
[2022-09-12 10:34:47.672] [warning] Couldn't find file 'middle_proximal_rvs.vtp'.
[2022-09-12 10:34:47.672] [warning] Couldn't find file 'middle_medial_rvs.vtp'.
[2022-09-12 10:34:47.672] [warning] Couldn't find file 'middle_distal_rvs.vtp'.
[2022-09-12 10:34:47.672] [warning] Couldn't find file 'metacarpal4_rvs.vtp'.
[2022-09-12 10:34:47.672] [warning] Couldn't find file 'ring_proximal_rvs.vtp'.
[2022-09-12 10:34:47.672] [warning] Couldn't find file 'ring_medial_rvs.vtp'.
[2022-09-12 10:34:47.672] [warning] Couldn't find file 'ring_distal_rvs.vtp'.
[2022-09-12 10:34:47.672] [warning] Couldn't find file 'metacarpal5_rvs.vtp'.
[2022-09-12 10:34:47.672] [warning] Couldn't find file 'little_proximal_rvs.vtp'.
[2022-09-12 10:34:47.672] [warning] Couldn't find file 'little_medial_rvs.vtp'.
[2022-09-12 10:34:47.672] [warning] Couldn't find file 'little_distal_rvs.vtp'.
[2022-09-12 10:34:47.672] [warning] Couldn't find file 'metacarpal1_rvs.vtp'.
[2022-09-12 10:34:47.672] [warning] Couldn't find file 'thumb_proximal_rvs.vtp'.
[2022-09-12 10:34:47.673] [warning] Couldn't find file 'thumb_distal_rvs.vtp'.
[2022-09-12 10:34:47.673] [warning] Couldn't find file 'humerus_lv.vtp'.
[2022-09-12 10:34:47.673] [warning] Couldn't find file 'ulna_lv.vtp'.
[2022-09-12 10:34:47.673] [warning] Couldn't find file 'radius_lv.vtp'.
[2022-09-12 10:34:47.673] [warning] Couldn't find file 'pisiform_lvs.vtp'.
[2022-09-12 10:34:47.673] [warning] Couldn't find file 'lunate_lvs.vtp'.
[2022-09-12 10:34:47.673] [warning] Couldn't find file 'scaphoid_lvs.vtp'.
[2022-09-12 10:34:47.673] [warning] Couldn't find file 'triquetrum_lvs.vtp'.
[2022-09-12 10:34:47.673] [warning] Couldn't find file 'hamate_lvs.vtp'.
[2022-09-12 10:34:47.673] [warning] Couldn't find file 'capitate_lvs.vtp'.
[2022-09-12 10:34:47.673] [warning] Couldn't find file 'trapezoid_lvs.vtp'.
[2022-09-12 10:34:47.673] [warning] Couldn't find file 'trapezium_lvs.vtp'.
[2022-09-12 10:34:47.673] [warning] Couldn't find file 'metacarpal2_lvs.vtp'.
[2022-09-12 10:34:47.673] [warning] Couldn't find file 'index_proximal_lvs.vtp'.
[2022-09-12 10:34:47.673] [warning] Couldn't find file 'index_medial_lvs.vtp'.
[2022-09-12 10:34:47.673] [warning] Couldn't find file 'index_distal_lvs.vtp'.
[2022-09-12 10:34:47.674] [warning] Couldn't find file 'metacarpal3_lvs.vtp'.
[2022-09-12 10:34:47.674] [warning] Couldn't find file 'middle_proximal_lvs.vtp'.
[2022-09-12 10:34:47.674] [warning] Couldn't find file 'middle_medial_lvs.vtp'.
[2022-09-12 10:34:47.674] [warning] Couldn't find file 'middle_distal_lvs.vtp'.
[2022-09-12 10:34:47.674] [warning] Couldn't find file 'metacarpal4_lvs.vtp'.
[2022-09-12 10:34:47.674] [warning] Couldn't find file 'ring_proximal_lvs.vtp'.
[2022-09-12 10:34:47.674] [warning] Couldn't find file 'ring_medial_lvs.vtp'.
[2022-09-12 10:34:47.674] [warning] Couldn't find file 'ring_distal_lvs.vtp'.
[2022-09-12 10:34:47.674] [warning] Couldn't find file 'metacarpal5_lvs.vtp'.
[2022-09-12 10:34:47.674] [warning] Couldn't find file 'little_proximal_lvs.vtp'.
[2022-09-12 10:34:47.674] [warning] Couldn't find file 'little_medial_lvs.vtp'.
[2022-09-12 10:34:47.674] [warning] Couldn't find file 'little_distal_lvs.vtp'.
[2022-09-12 10:34:47.674] [warning] Couldn't find file 'metacarpal1_lvs.vtp'.
[2022-09-12 10:34:47.674] [warning] Couldn't find file 'thumb_proximal_lvs.vtp'.
[2022-09-12 10:34:47.674] [warning] Couldn't find file 'thumb_distal_lvs.vtp'.
[2022-09-12 10:34:48.125] [info] Loaded model subject1_withMTJ_locked_scaled_custom from file C:\Users\u0150099\Documents\master_thesis\3dpredictsim\OpenSimModel\subject1\Fal_s1_mtjc4_FK_sc_FDB2_MTc5_cg0.osim
[2022-09-12 10:34:48.126] [warning] Couldn't find file 'sacrum.vtp'.
[2022-09-12 10:34:48.126] [warning] Couldn't find file 'pelvis.vtp'.
[2022-09-12 10:34:48.126] [warning] Couldn't find file 'l_pelvis.vtp'.
[2022-09-12 10:34:48.126] [warning] Couldn't find file 'femur_r.vtp'.
[2022-09-12 10:34:48.126] [warning] Couldn't find file 'tibia_r.vtp'.
[2022-09-12 10:34:48.126] [warning] Couldn't find file 'fibula_r.vtp'.
[2022-09-12 10:34:48.126] [warning] Couldn't find file 'talus_rv.vtp'.
[2022-09-12 10:34:48.126] [warning] Couldn't find file 'calcaneous_rv.vtp'.
[2022-09-12 10:34:48.126] [warning] Couldn't find file 'model_r_midfoot.stl'.
[2022-09-12 10:34:48.126] [warning] Couldn't find file 'model_r_forefoot.stl'.
[2022-09-12 10:34:48.126] [warning] Couldn't find file 'model_r_toes.stl'.
[2022-09-12 10:34:48.127] [warning] Couldn't find file 'femur_l.vtp'.
[2022-09-12 10:34:48.127] [warning] Couldn't find file 'tibia_l.vtp'.
[2022-09-12 10:34:48.127] [warning] Couldn't find file 'fibula_l.vtp'.
[2022-09-12 10:34:48.127] [warning] Couldn't find file 'talus_lv.vtp'.
[2022-09-12 10:34:48.127] [warning] Couldn't find file 'calcaneous_lv.vtp'.
[2022-09-12 10:34:48.127] [warning] Couldn't find file 'model_l_midfoot.stl'.
[2022-09-12 10:34:48.127] [warning] Couldn't find file 'model_l_forefoot.stl'.
[2022-09-12 10:34:48.127] [warning] Couldn't find file 'model_l_toes.stl'.
[2022-09-12 10:34:48.127] [warning] Couldn't find file 'hat_spine.vtp'.
[2022-09-12 10:34:48.127] [warning] Couldn't find file 'hat_jaw.vtp'.
[2022-09-12 10:34:48.127] [warning] Couldn't find file 'hat_skull.vtp'.
[2022-09-12 10:34:48.127] [warning] Couldn't find file 'hat_ribs_scap.vtp'.
[2022-09-12 10:34:48.127] [warning] Couldn't find file 'humerus_rv.vtp'.
[2022-09-12 10:34:48.127] [warning] Couldn't find file 'ulna_rv.vtp'.
[2022-09-12 10:34:48.127] [warning] Couldn't find file 'radius_rv.vtp'.
[2022-09-12 10:34:48.127] [warning] Couldn't find file 'pisiform_rvs.vtp'.
[2022-09-12 10:34:48.127] [warning] Couldn't find file 'lunate_rvs.vtp'.
[2022-09-12 10:34:48.127] [warning] Couldn't find file 'scaphoid_rvs.vtp'.
[2022-09-12 10:34:48.128] [warning] Couldn't find file 'triquetrum_rvs.vtp'.
[2022-09-12 10:34:48.128] [warning] Couldn't find file 'hamate_rvs.vtp'.
[2022-09-12 10:34:48.128] [warning] Couldn't find file 'capitate_rvs.vtp'.
[2022-09-12 10:34:48.128] [warning] Couldn't find file 'trapezoid_rvs.vtp'.
[2022-09-12 10:34:48.128] [warning] Couldn't find file 'trapezium_rvs.vtp'.
[2022-09-12 10:34:48.128] [warning] Couldn't find file 'metacarpal2_rvs.vtp'.
[2022-09-12 10:34:48.128] [warning] Couldn't find file 'index_proximal_rvs.vtp'.
[2022-09-12 10:34:48.128] [warning] Couldn't find file 'index_medial_rvs.vtp'.
[2022-09-12 10:34:48.128] [warning] Couldn't find file 'index_distal_rvs.vtp'.
[2022-09-12 10:34:48.128] [warning] Couldn't find file 'metacarpal3_rvs.vtp'.
[2022-09-12 10:34:48.128] [warning] Couldn't find file 'middle_proximal_rvs.vtp'.
[2022-09-12 10:34:48.128] [warning] Couldn't find file 'middle_medial_rvs.vtp'.
[2022-09-12 10:34:48.128] [warning] Couldn't find file 'middle_distal_rvs.vtp'.
[2022-09-12 10:34:48.128] [warning] Couldn't find file 'metacarpal4_rvs.vtp'.
[2022-09-12 10:34:48.128] [warning] Couldn't find file 'ring_proximal_rvs.vtp'.
[2022-09-12 10:34:48.128] [warning] Couldn't find file 'ring_medial_rvs.vtp'.
[2022-09-12 10:34:48.128] [warning] Couldn't find file 'ring_distal_rvs.vtp'.
[2022-09-12 10:34:48.128] [warning] Couldn't find file 'metacarpal5_rvs.vtp'.
[2022-09-12 10:34:48.129] [warning] Couldn't find file 'little_proximal_rvs.vtp'.
[2022-09-12 10:34:48.129] [warning] Couldn't find file 'little_medial_rvs.vtp'.
[2022-09-12 10:34:48.129] [warning] Couldn't find file 'little_distal_rvs.vtp'.
[2022-09-12 10:34:48.129] [warning] Couldn't find file 'metacarpal1_rvs.vtp'.
[2022-09-12 10:34:48.129] [warning] Couldn't find file 'thumb_proximal_rvs.vtp'.
[2022-09-12 10:34:48.129] [warning] Couldn't find file 'thumb_distal_rvs.vtp'.
[2022-09-12 10:34:48.129] [warning] Couldn't find file 'humerus_lv.vtp'.
[2022-09-12 10:34:48.129] [warning] Couldn't find file 'ulna_lv.vtp'.
[2022-09-12 10:34:48.129] [warning] Couldn't find file 'radius_lv.vtp'.
[2022-09-12 10:34:48.129] [warning] Couldn't find file 'pisiform_lvs.vtp'.
[2022-09-12 10:34:48.129] [warning] Couldn't find file 'lunate_lvs.vtp'.
[2022-09-12 10:34:48.129] [warning] Couldn't find file 'scaphoid_lvs.vtp'.
[2022-09-12 10:34:48.129] [warning] Couldn't find file 'triquetrum_lvs.vtp'.
[2022-09-12 10:34:48.129] [warning] Couldn't find file 'hamate_lvs.vtp'.
[2022-09-12 10:34:48.129] [warning] Couldn't find file 'capitate_lvs.vtp'.
[2022-09-12 10:34:48.129] [warning] Couldn't find file 'trapezoid_lvs.vtp'.
[2022-09-12 10:34:48.129] [warning] Couldn't find file 'trapezium_lvs.vtp'.
[2022-09-12 10:34:48.129] [warning] Couldn't find file 'metacarpal2_lvs.vtp'.
[2022-09-12 10:34:48.130] [warning] Couldn't find file 'index_proximal_lvs.vtp'.
[2022-09-12 10:34:48.130] [warning] Couldn't find file 'index_medial_lvs.vtp'.
[2022-09-12 10:34:48.130] [warning] Couldn't find file 'index_distal_lvs.vtp'.
[2022-09-12 10:34:48.130] [warning] Couldn't find file 'metacarpal3_lvs.vtp'.
[2022-09-12 10:34:48.130] [warning] Couldn't find file 'middle_proximal_lvs.vtp'.
[2022-09-12 10:34:48.130] [warning] Couldn't find file 'middle_medial_lvs.vtp'.
[2022-09-12 10:34:48.130] [warning] Couldn't find file 'middle_distal_lvs.vtp'.
[2022-09-12 10:34:48.130] [warning] Couldn't find file 'metacarpal4_lvs.vtp'.
[2022-09-12 10:34:48.130] [warning] Couldn't find file 'ring_proximal_lvs.vtp'.
[2022-09-12 10:34:48.130] [warning] Couldn't find file 'ring_medial_lvs.vtp'.
[2022-09-12 10:34:48.130] [warning] Couldn't find file 'ring_distal_lvs.vtp'.
[2022-09-12 10:34:48.130] [warning] Couldn't find file 'metacarpal5_lvs.vtp'.
[2022-09-12 10:34:48.130] [warning] Couldn't find file 'little_proximal_lvs.vtp'.
[2022-09-12 10:34:48.130] [warning] Couldn't find file 'little_medial_lvs.vtp'.
[2022-09-12 10:34:48.130] [warning] Couldn't find file 'little_distal_lvs.vtp'.
[2022-09-12 10:34:48.130] [warning] Couldn't find file 'metacarpal1_lvs.vtp'.
[2022-09-12 10:34:48.130] [warning] Couldn't find file 'thumb_proximal_lvs.vtp'.
[2022-09-12 10:34:48.130] [warning] Couldn't find file 'thumb_distal_lvs.vtp'.
[2022-09-12 10:40:14.117] [info] Loaded model Fal_s1_mtp_sc_MTc5_cspx10_oy1 from file C:\Users\u0150099\Documents\master_thesis\3dpredictsim\OpenSimModel\subject1\Fal_s1_mtp_FK_sc_MTc5_cg0.osim
[2022-09-12 10:40:14.118] [warning] Couldn't find file 'sacrum.vtp'.
[2022-09-12 10:40:14.118] [warning] Couldn't find file 'pelvis.vtp'.
[2022-09-12 10:40:14.118] [warning] Couldn't find file 'l_pelvis.vtp'.
[2022-09-12 10:40:14.118] [warning] Couldn't find file 'femur_r.vtp'.
[2022-09-12 10:40:14.118] [warning] Couldn't find file 'tibia_r.vtp'.
[2022-09-12 10:40:14.118] [warning] Couldn't find file 'fibula_r.vtp'.
[2022-09-12 10:40:14.118] [warning] Couldn't find file 'talus_rv.vtp'.
[2022-09-12 10:40:14.118] [warning] Couldn't find file 'calcaneous_rv.vtp'.
[2022-09-12 10:40:14.118] [warning] Couldn't find file 'model_r_midfoot.stl'.
[2022-09-12 10:40:14.118] [warning] Couldn't find file 'model_r_forefoot.stl'.
[2022-09-12 10:40:14.118] [warning] Couldn't find file 'model_r_toes.stl'.
[2022-09-12 10:40:14.118] [warning] Couldn't find file 'femur_l.vtp'.
[2022-09-12 10:40:14.118] [warning] Couldn't find file 'tibia_l.vtp'.
[2022-09-12 10:40:14.118] [warning] Couldn't find file 'fibula_l.vtp'.
[2022-09-12 10:40:14.119] [warning] Couldn't find file 'talus_lv.vtp'.
[2022-09-12 10:40:14.119] [warning] Couldn't find file 'calcaneous_lv.vtp'.
[2022-09-12 10:40:14.119] [warning] Couldn't find file 'model_l_midfoot.stl'.
[2022-09-12 10:40:14.119] [warning] Couldn't find file 'model_l_forefoot.stl'.
[2022-09-12 10:40:14.119] [warning] Couldn't find file 'model_l_toes.stl'.
[2022-09-12 10:40:14.119] [warning] Couldn't find file 'hat_spine.vtp'.
[2022-09-12 10:40:14.119] [warning] Couldn't find file 'hat_jaw.vtp'.
[2022-09-12 10:40:14.119] [warning] Couldn't find file 'hat_skull.vtp'.
[2022-09-12 10:40:14.119] [warning] Couldn't find file 'hat_ribs_scap.vtp'.
[2022-09-12 10:40:14.119] [warning] Couldn't find file 'humerus_rv.vtp'.
[2022-09-12 10:40:14.119] [warning] Couldn't find file 'ulna_rv.vtp'.
[2022-09-12 10:40:14.119] [warning] Couldn't find file 'radius_rv.vtp'.
[2022-09-12 10:40:14.119] [warning] Couldn't find file 'pisiform_rvs.vtp'.
[2022-09-12 10:40:14.119] [warning] Couldn't find file 'lunate_rvs.vtp'.
[2022-09-12 10:40:14.119] [warning] Couldn't find file 'scaphoid_rvs.vtp'.
[2022-09-12 10:40:14.119] [warning] Couldn't find file 'triquetrum_rvs.vtp'.
[2022-09-12 10:40:14.119] [warning] Couldn't find file 'hamate_rvs.vtp'.
[2022-09-12 10:40:14.120] [warning] Couldn't find file 'capitate_rvs.vtp'.
[2022-09-12 10:40:14.120] [warning] Couldn't find file 'trapezoid_rvs.vtp'.
[2022-09-12 10:40:14.120] [warning] Couldn't find file 'trapezium_rvs.vtp'.
[2022-09-12 10:40:14.120] [warning] Couldn't find file 'metacarpal2_rvs.vtp'.
[2022-09-12 10:40:14.120] [warning] Couldn't find file 'index_proximal_rvs.vtp'.
[2022-09-12 10:40:14.120] [warning] Couldn't find file 'index_medial_rvs.vtp'.
[2022-09-12 10:40:14.120] [warning] Couldn't find file 'index_distal_rvs.vtp'.
[2022-09-12 10:40:14.120] [warning] Couldn't find file 'metacarpal3_rvs.vtp'.
[2022-09-12 10:40:14.120] [warning] Couldn't find file 'middle_proximal_rvs.vtp'.
[2022-09-12 10:40:14.120] [warning] Couldn't find file 'middle_medial_rvs.vtp'.
[2022-09-12 10:40:14.120] [warning] Couldn't find file 'middle_distal_rvs.vtp'.
[2022-09-12 10:40:14.120] [warning] Couldn't find file 'metacarpal4_rvs.vtp'.
[2022-09-12 10:40:14.120] [warning] Couldn't find file 'ring_proximal_rvs.vtp'.
[2022-09-12 10:40:14.120] [warning] Couldn't find file 'ring_medial_rvs.vtp'.
[2022-09-12 10:40:14.120] [warning] Couldn't find file 'ring_distal_rvs.vtp'.
[2022-09-12 10:40:14.120] [warning] Couldn't find file 'metacarpal5_rvs.vtp'.
[2022-09-12 10:40:14.120] [warning] Couldn't find file 'little_proximal_rvs.vtp'.
[2022-09-12 10:40:14.120] [warning] Couldn't find file 'little_medial_rvs.vtp'.
[2022-09-12 10:40:14.120] [warning] Couldn't find file 'little_distal_rvs.vtp'.
[2022-09-12 10:40:14.121] [warning] Couldn't find file 'metacarpal1_rvs.vtp'.
[2022-09-12 10:40:14.121] [warning] Couldn't find file 'thumb_proximal_rvs.vtp'.
[2022-09-12 10:40:14.121] [warning] Couldn't find file 'thumb_distal_rvs.vtp'.
[2022-09-12 10:40:14.121] [warning] Couldn't find file 'humerus_lv.vtp'.
[2022-09-12 10:40:14.121] [warning] Couldn't find file 'ulna_lv.vtp'.
[2022-09-12 10:40:14.121] [warning] Couldn't find file 'radius_lv.vtp'.
[2022-09-12 10:40:14.121] [warning] Couldn't find file 'pisiform_lvs.vtp'.
[2022-09-12 10:40:14.121] [warning] Couldn't find file 'lunate_lvs.vtp'.
[2022-09-12 10:40:14.121] [warning] Couldn't find file 'scaphoid_lvs.vtp'.
[2022-09-12 10:40:14.121] [warning] Couldn't find file 'triquetrum_lvs.vtp'.
[2022-09-12 10:40:14.121] [warning] Couldn't find file 'hamate_lvs.vtp'.
[2022-09-12 10:40:14.121] [warning] Couldn't find file 'capitate_lvs.vtp'.
[2022-09-12 10:40:14.121] [warning] Couldn't find file 'trapezoid_lvs.vtp'.
[2022-09-12 10:40:14.121] [warning] Couldn't find file 'trapezium_lvs.vtp'.
[2022-09-12 10:40:14.121] [warning] Couldn't find file 'metacarpal2_lvs.vtp'.
[2022-09-12 10:40:14.121] [warning] Couldn't find file 'index_proximal_lvs.vtp'.
[2022-09-12 10:40:14.121] [warning] Couldn't find file 'index_medial_lvs.vtp'.
[2022-09-12 10:40:14.121] [warning] Couldn't find file 'index_distal_lvs.vtp'.
[2022-09-12 10:40:14.122] [warning] Couldn't find file 'metacarpal3_lvs.vtp'.
[2022-09-12 10:40:14.122] [warning] Couldn't find file 'middle_proximal_lvs.vtp'.
[2022-09-12 10:40:14.122] [warning] Couldn't find file 'middle_medial_lvs.vtp'.
[2022-09-12 10:40:14.122] [warning] Couldn't find file 'middle_distal_lvs.vtp'.
[2022-09-12 10:40:14.122] [warning] Couldn't find file 'metacarpal4_lvs.vtp'.
[2022-09-12 10:40:14.122] [warning] Couldn't find file 'ring_proximal_lvs.vtp'.
[2022-09-12 10:40:14.122] [warning] Couldn't find file 'ring_medial_lvs.vtp'.
[2022-09-12 10:40:14.122] [warning] Couldn't find file 'ring_distal_lvs.vtp'.
[2022-09-12 10:40:14.122] [warning] Couldn't find file 'metacarpal5_lvs.vtp'.
[2022-09-12 10:40:14.122] [warning] Couldn't find file 'little_proximal_lvs.vtp'.
[2022-09-12 10:40:14.122] [warning] Couldn't find file 'little_medial_lvs.vtp'.
[2022-09-12 10:40:14.122] [warning] Couldn't find file 'little_distal_lvs.vtp'.
[2022-09-12 10:40:14.122] [warning] Couldn't find file 'metacarpal1_lvs.vtp'.
[2022-09-12 10:40:14.122] [warning] Couldn't find file 'thumb_proximal_lvs.vtp'.
[2022-09-12 10:40:14.122] [warning] Couldn't find file 'thumb_distal_lvs.vtp'.
[2022-09-12 10:40:14.911] [info] Loaded model subject1_withMTJ_locked_scaled_custom from file C:\Users\u0150099\Documents\master_thesis\3dpredictsim\OpenSimModel\subject1\Fal_s1_mtjc4_FK_sc_MTc5_cspx10_oy3.osim
[2022-09-12 10:40:14.912] [warning] Couldn't find file 'sacrum.vtp'.
[2022-09-12 10:40:14.912] [warning] Couldn't find file 'pelvis.vtp'.
[2022-09-12 10:40:14.912] [warning] Couldn't find file 'l_pelvis.vtp'.
[2022-09-12 10:40:14.912] [warning] Couldn't find file 'femur_r.vtp'.
[2022-09-12 10:40:14.912] [warning] Couldn't find file 'tibia_r.vtp'.
[2022-09-12 10:40:14.912] [warning] Couldn't find file 'fibula_r.vtp'.
[2022-09-12 10:40:14.912] [warning] Couldn't find file 'talus_rv.vtp'.
[2022-09-12 10:40:14.912] [warning] Couldn't find file 'calcaneous_rv.vtp'.
[2022-09-12 10:40:14.912] [warning] Couldn't find file 'model_r_midfoot.stl'.
[2022-09-12 10:40:14.912] [warning] Couldn't find file 'model_r_forefoot.stl'.
[2022-09-12 10:40:14.912] [warning] Couldn't find file 'model_r_toes.stl'.
[2022-09-12 10:40:14.913] [warning] Couldn't find file 'femur_l.vtp'.
[2022-09-12 10:40:14.913] [warning] Couldn't find file 'tibia_l.vtp'.
[2022-09-12 10:40:14.913] [warning] Couldn't find file 'fibula_l.vtp'.
[2022-09-12 10:40:14.913] [warning] Couldn't find file 'talus_lv.vtp'.
[2022-09-12 10:40:14.913] [warning] Couldn't find file 'calcaneous_lv.vtp'.
[2022-09-12 10:40:14.913] [warning] Couldn't find file 'model_l_midfoot.stl'.
[2022-09-12 10:40:14.913] [warning] Couldn't find file 'model_l_forefoot.stl'.
[2022-09-12 10:40:14.913] [warning] Couldn't find file 'model_l_toes.stl'.
[2022-09-12 10:40:14.913] [warning] Couldn't find file 'hat_spine.vtp'.
[2022-09-12 10:40:14.913] [warning] Couldn't find file 'hat_jaw.vtp'.
[2022-09-12 10:40:14.913] [warning] Couldn't find file 'hat_skull.vtp'.
[2022-09-12 10:40:14.913] [warning] Couldn't find file 'hat_ribs_scap.vtp'.
[2022-09-12 10:40:14.913] [warning] Couldn't find file 'humerus_rv.vtp'.
[2022-09-12 10:40:14.913] [warning] Couldn't find file 'ulna_rv.vtp'.
[2022-09-12 10:40:14.913] [warning] Couldn't find file 'radius_rv.vtp'.
[2022-09-12 10:40:14.913] [warning] Couldn't find file 'pisiform_rvs.vtp'.
[2022-09-12 10:40:14.914] [warning] Couldn't find file 'lunate_rvs.vtp'.
[2022-09-12 10:40:14.914] [warning] Couldn't find file 'scaphoid_rvs.vtp'.
[2022-09-12 10:40:14.914] [warning] Couldn't find file 'triquetrum_rvs.vtp'.
[2022-09-12 10:40:14.914] [warning] Couldn't find file 'hamate_rvs.vtp'.
[2022-09-12 10:40:14.914] [warning] Couldn't find file 'capitate_rvs.vtp'.
[2022-09-12 10:40:14.914] [warning] Couldn't find file 'trapezoid_rvs.vtp'.
[2022-09-12 10:40:14.914] [warning] Couldn't find file 'trapezium_rvs.vtp'.
[2022-09-12 10:40:14.914] [warning] Couldn't find file 'metacarpal2_rvs.vtp'.
[2022-09-12 10:40:14.914] [warning] Couldn't find file 'index_proximal_rvs.vtp'.
[2022-09-12 10:40:14.914] [warning] Couldn't find file 'index_medial_rvs.vtp'.
[2022-09-12 10:40:14.914] [warning] Couldn't find file 'index_distal_rvs.vtp'.
[2022-09-12 10:40:14.914] [warning] Couldn't find file 'metacarpal3_rvs.vtp'.
[2022-09-12 10:40:14.914] [warning] Couldn't find file 'middle_proximal_rvs.vtp'.
[2022-09-12 10:40:14.914] [warning] Couldn't find file 'middle_medial_rvs.vtp'.
[2022-09-12 10:40:14.914] [warning] Couldn't find file 'middle_distal_rvs.vtp'.
[2022-09-12 10:40:14.914] [warning] Couldn't find file 'metacarpal4_rvs.vtp'.
[2022-09-12 10:40:14.914] [warning] Couldn't find file 'ring_proximal_rvs.vtp'.
[2022-09-12 10:40:14.914] [warning] Couldn't find file 'ring_medial_rvs.vtp'.
[2022-09-12 10:40:14.915] [warning] Couldn't find file 'ring_distal_rvs.vtp'.
[2022-09-12 10:40:14.915] [warning] Couldn't find file 'metacarpal5_rvs.vtp'.
[2022-09-12 10:40:14.915] [warning] Couldn't find file 'little_proximal_rvs.vtp'.
[2022-09-12 10:40:14.915] [warning] Couldn't find file 'little_medial_rvs.vtp'.
[2022-09-12 10:40:14.915] [warning] Couldn't find file 'little_distal_rvs.vtp'.
[2022-09-12 10:40:14.915] [warning] Couldn't find file 'metacarpal1_rvs.vtp'.
[2022-09-12 10:40:14.915] [warning] Couldn't find file 'thumb_proximal_rvs.vtp'.
[2022-09-12 10:40:14.915] [warning] Couldn't find file 'thumb_distal_rvs.vtp'.
[2022-09-12 10:40:14.915] [warning] Couldn't find file 'humerus_lv.vtp'.
[2022-09-12 10:40:14.915] [warning] Couldn't find file 'ulna_lv.vtp'.
[2022-09-12 10:40:14.915] [warning] Couldn't find file 'radius_lv.vtp'.
[2022-09-12 10:40:14.915] [warning] Couldn't find file 'pisiform_lvs.vtp'.
[2022-09-12 10:40:14.915] [warning] Couldn't find file 'lunate_lvs.vtp'.
[2022-09-12 10:40:14.915] [warning] Couldn't find file 'scaphoid_lvs.vtp'.
[2022-09-12 10:40:14.915] [warning] Couldn't find file 'triquetrum_lvs.vtp'.
[2022-09-12 10:40:14.915] [warning] Couldn't find file 'hamate_lvs.vtp'.
[2022-09-12 10:40:14.915] [warning] Couldn't find file 'capitate_lvs.vtp'.
[2022-09-12 10:40:14.916] [warning] Couldn't find file 'trapezoid_lvs.vtp'.
[2022-09-12 10:40:14.916] [warning] Couldn't find file 'trapezium_lvs.vtp'.
[2022-09-12 10:40:14.916] [warning] Couldn't find file 'metacarpal2_lvs.vtp'.
[2022-09-12 10:40:14.916] [warning] Couldn't find file 'index_proximal_lvs.vtp'.
[2022-09-12 10:40:14.916] [warning] Couldn't find file 'index_medial_lvs.vtp'.
[2022-09-12 10:40:14.916] [warning] Couldn't find file 'index_distal_lvs.vtp'.
[2022-09-12 10:40:14.916] [warning] Couldn't find file 'metacarpal3_lvs.vtp'.
[2022-09-12 10:40:14.916] [warning] Couldn't find file 'middle_proximal_lvs.vtp'.
[2022-09-12 10:40:14.916] [warning] Couldn't find file 'middle_medial_lvs.vtp'.
[2022-09-12 10:40:14.916] [warning] Couldn't find file 'middle_distal_lvs.vtp'.
[2022-09-12 10:40:14.916] [warning] Couldn't find file 'metacarpal4_lvs.vtp'.
[2022-09-12 10:40:14.916] [warning] Couldn't find file 'ring_proximal_lvs.vtp'.
[2022-09-12 10:40:14.916] [warning] Couldn't find file 'ring_medial_lvs.vtp'.
[2022-09-12 10:40:14.916] [warning] Couldn't find file 'ring_distal_lvs.vtp'.
[2022-09-12 10:40:14.916] [warning] Couldn't find file 'metacarpal5_lvs.vtp'.
[2022-09-12 10:40:14.916] [warning] Couldn't find file 'little_proximal_lvs.vtp'.
[2022-09-12 10:40:14.916] [warning] Couldn't find file 'little_medial_lvs.vtp'.
[2022-09-12 10:40:14.916] [warning] Couldn't find file 'little_distal_lvs.vtp'.
[2022-09-12 10:40:14.917] [warning] Couldn't find file 'metacarpal1_lvs.vtp'.
[2022-09-12 10:40:14.917] [warning] Couldn't find file 'thumb_proximal_lvs.vtp'.
[2022-09-12 10:40:14.917] [warning] Couldn't find file 'thumb_distal_lvs.vtp'.
[2022-09-12 10:40:15.361] [info] Loaded model subject1_withMTJ_locked_scaled_custom from file C:\Users\u0150099\Documents\master_thesis\3dpredictsim\OpenSimModel\subject1\Fal_s1_mtjc4_FK_sc_FDB2_MTc5_cg0.osim
[2022-09-12 10:40:15.361] [warning] Couldn't find file 'sacrum.vtp'.
[2022-09-12 10:40:15.361] [warning] Couldn't find file 'pelvis.vtp'.
[2022-09-12 10:40:15.361] [warning] Couldn't find file 'l_pelvis.vtp'.
[2022-09-12 10:40:15.361] [warning] Couldn't find file 'femur_r.vtp'.
[2022-09-12 10:40:15.361] [warning] Couldn't find file 'tibia_r.vtp'.
[2022-09-12 10:40:15.361] [warning] Couldn't find file 'fibula_r.vtp'.
[2022-09-12 10:40:15.362] [warning] Couldn't find file 'talus_rv.vtp'.
[2022-09-12 10:40:15.362] [warning] Couldn't find file 'calcaneous_rv.vtp'.
[2022-09-12 10:40:15.362] [warning] Couldn't find file 'model_r_midfoot.stl'.
[2022-09-12 10:40:15.362] [warning] Couldn't find file 'model_r_forefoot.stl'.
[2022-09-12 10:40:15.362] [warning] Couldn't find file 'model_r_toes.stl'.
[2022-09-12 10:40:15.362] [warning] Couldn't find file 'femur_l.vtp'.
[2022-09-12 10:40:15.362] [warning] Couldn't find file 'tibia_l.vtp'.
[2022-09-12 10:40:15.362] [warning] Couldn't find file 'fibula_l.vtp'.
[2022-09-12 10:40:15.362] [warning] Couldn't find file 'talus_lv.vtp'.
[2022-09-12 10:40:15.362] [warning] Couldn't find file 'calcaneous_lv.vtp'.
[2022-09-12 10:40:15.362] [warning] Couldn't find file 'model_l_midfoot.stl'.
[2022-09-12 10:40:15.362] [warning] Couldn't find file 'model_l_forefoot.stl'.
[2022-09-12 10:40:15.362] [warning] Couldn't find file 'model_l_toes.stl'.
[2022-09-12 10:40:15.362] [warning] Couldn't find file 'hat_spine.vtp'.
[2022-09-12 10:40:15.362] [warning] Couldn't find file 'hat_jaw.vtp'.
[2022-09-12 10:40:15.362] [warning] Couldn't find file 'hat_skull.vtp'.
[2022-09-12 10:40:15.363] [warning] Couldn't find file 'hat_ribs_scap.vtp'.
[2022-09-12 10:40:15.363] [warning] Couldn't find file 'humerus_rv.vtp'.
[2022-09-12 10:40:15.363] [warning] Couldn't find file 'ulna_rv.vtp'.
[2022-09-12 10:40:15.363] [warning] Couldn't find file 'radius_rv.vtp'.
[2022-09-12 10:40:15.363] [warning] Couldn't find file 'pisiform_rvs.vtp'.
[2022-09-12 10:40:15.363] [warning] Couldn't find file 'lunate_rvs.vtp'.
[2022-09-12 10:40:15.363] [warning] Couldn't find file 'scaphoid_rvs.vtp'.
[2022-09-12 10:40:15.363] [warning] Couldn't find file 'triquetrum_rvs.vtp'.
[2022-09-12 10:40:15.363] [warning] Couldn't find file 'hamate_rvs.vtp'.
[2022-09-12 10:40:15.363] [warning] Couldn't find file 'capitate_rvs.vtp'.
[2022-09-12 10:40:15.363] [warning] Couldn't find file 'trapezoid_rvs.vtp'.
[2022-09-12 10:40:15.363] [warning] Couldn't find file 'trapezium_rvs.vtp'.
[2022-09-12 10:40:15.363] [warning] Couldn't find file 'metacarpal2_rvs.vtp'.
[2022-09-12 10:40:15.363] [warning] Couldn't find file 'index_proximal_rvs.vtp'.
[2022-09-12 10:40:15.363] [warning] Couldn't find file 'index_medial_rvs.vtp'.
[2022-09-12 10:40:15.363] [warning] Couldn't find file 'index_distal_rvs.vtp'.
[2022-09-12 10:40:15.363] [warning] Couldn't find file 'metacarpal3_rvs.vtp'.
[2022-09-12 10:40:15.364] [warning] Couldn't find file 'middle_proximal_rvs.vtp'.
[2022-09-12 10:40:15.364] [warning] Couldn't find file 'middle_medial_rvs.vtp'.
[2022-09-12 10:40:15.364] [warning] Couldn't find file 'middle_distal_rvs.vtp'.
[2022-09-12 10:40:15.364] [warning] Couldn't find file 'metacarpal4_rvs.vtp'.
[2022-09-12 10:40:15.364] [warning] Couldn't find file 'ring_proximal_rvs.vtp'.
[2022-09-12 10:40:15.364] [warning] Couldn't find file 'ring_medial_rvs.vtp'.
[2022-09-12 10:40:15.364] [warning] Couldn't find file 'ring_distal_rvs.vtp'.
[2022-09-12 10:40:15.364] [warning] Couldn't find file 'metacarpal5_rvs.vtp'.
[2022-09-12 10:40:15.364] [warning] Couldn't find file 'little_proximal_rvs.vtp'.
[2022-09-12 10:40:15.364] [warning] Couldn't find file 'little_medial_rvs.vtp'.
[2022-09-12 10:40:15.364] [warning] Couldn't find file 'little_distal_rvs.vtp'.
[2022-09-12 10:40:15.364] [warning] Couldn't find file 'metacarpal1_rvs.vtp'.
[2022-09-12 10:40:15.364] [warning] Couldn't find file 'thumb_proximal_rvs.vtp'.
[2022-09-12 10:40:15.364] [warning] Couldn't find file 'thumb_distal_rvs.vtp'.
[2022-09-12 10:40:15.364] [warning] Couldn't find file 'humerus_lv.vtp'.
[2022-09-12 10:40:15.364] [warning] Couldn't find file 'ulna_lv.vtp'.
[2022-09-12 10:40:15.364] [warning] Couldn't find file 'radius_lv.vtp'.
[2022-09-12 10:40:15.365] [warning] Couldn't find file 'pisiform_lvs.vtp'.
[2022-09-12 10:40:15.365] [warning] Couldn't find file 'lunate_lvs.vtp'.
[2022-09-12 10:40:15.365] [warning] Couldn't find file 'scaphoid_lvs.vtp'.
[2022-09-12 10:40:15.365] [warning] Couldn't find file 'triquetrum_lvs.vtp'.
[2022-09-12 10:40:15.365] [warning] Couldn't find file 'hamate_lvs.vtp'.
[2022-09-12 10:40:15.365] [warning] Couldn't find file 'capitate_lvs.vtp'.
[2022-09-12 10:40:15.365] [warning] Couldn't find file 'trapezoid_lvs.vtp'.
[2022-09-12 10:40:15.365] [warning] Couldn't find file 'trapezium_lvs.vtp'.
[2022-09-12 10:40:15.365] [warning] Couldn't find file 'metacarpal2_lvs.vtp'.
[2022-09-12 10:40:15.365] [warning] Couldn't find file 'index_proximal_lvs.vtp'.
[2022-09-12 10:40:15.365] [warning] Couldn't find file 'index_medial_lvs.vtp'.
[2022-09-12 10:40:15.365] [warning] Couldn't find file 'index_distal_lvs.vtp'.
[2022-09-12 10:40:15.365] [warning] Couldn't find file 'metacarpal3_lvs.vtp'.
[2022-09-12 10:40:15.365] [warning] Couldn't find file 'middle_proximal_lvs.vtp'.
[2022-09-12 10:40:15.365] [warning] Couldn't find file 'middle_medial_lvs.vtp'.
[2022-09-12 10:40:15.365] [warning] Couldn't find file 'middle_distal_lvs.vtp'.
[2022-09-12 10:40:15.365] [warning] Couldn't find file 'metacarpal4_lvs.vtp'.
[2022-09-12 10:40:15.366] [warning] Couldn't find file 'ring_proximal_lvs.vtp'.
[2022-09-12 10:40:15.366] [warning] Couldn't find file 'ring_medial_lvs.vtp'.
[2022-09-12 10:40:15.366] [warning] Couldn't find file 'ring_distal_lvs.vtp'.
[2022-09-12 10:40:15.366] [warning] Couldn't find file 'metacarpal5_lvs.vtp'.
[2022-09-12 10:40:15.366] [warning] Couldn't find file 'little_proximal_lvs.vtp'.
[2022-09-12 10:40:15.366] [warning] Couldn't find file 'little_medial_lvs.vtp'.
[2022-09-12 10:40:15.366] [warning] Couldn't find file 'little_distal_lvs.vtp'.
[2022-09-12 10:40:15.366] [warning] Couldn't find file 'metacarpal1_lvs.vtp'.
[2022-09-12 10:40:15.366] [warning] Couldn't find file 'thumb_proximal_lvs.vtp'.
[2022-09-12 10:40:15.366] [warning] Couldn't find file 'thumb_distal_lvs.vtp'.
[2022-09-12 10:48:48.113] [info] Loaded model Fal_s1_mtp_sc_MTc5_cspx10_oy1 from file C:\Users\u0150099\Documents\master_thesis\3dpredictsim\OpenSimModel\subject1\Fal_s1_mtp_FK_sc_MTc5_cg0.osim
[2022-09-12 10:48:48.114] [warning] Couldn't find file 'sacrum.vtp'.
[2022-09-12 10:48:48.114] [warning] Couldn't find file 'pelvis.vtp'.
[2022-09-12 10:48:48.114] [warning] Couldn't find file 'l_pelvis.vtp'.
[2022-09-12 10:48:48.114] [warning] Couldn't find file 'femur_r.vtp'.
[2022-09-12 10:48:48.114] [warning] Couldn't find file 'tibia_r.vtp'.
[2022-09-12 10:48:48.114] [warning] Couldn't find file 'fibula_r.vtp'.
[2022-09-12 10:48:48.114] [warning] Couldn't find file 'talus_rv.vtp'.
[2022-09-12 10:48:48.114] [warning] Couldn't find file 'calcaneous_rv.vtp'.
[2022-09-12 10:48:48.114] [warning] Couldn't find file 'model_r_midfoot.stl'.
[2022-09-12 10:48:48.114] [warning] Couldn't find file 'model_r_forefoot.stl'.
[2022-09-12 10:48:48.115] [warning] Couldn't find file 'model_r_toes.stl'.
[2022-09-12 10:48:48.115] [warning] Couldn't find file 'femur_l.vtp'.
[2022-09-12 10:48:48.115] [warning] Couldn't find file 'tibia_l.vtp'.
[2022-09-12 10:48:48.115] [warning] Couldn't find file 'fibula_l.vtp'.
[2022-09-12 10:48:48.115] [warning] Couldn't find file 'talus_lv.vtp'.
[2022-09-12 10:48:48.115] [warning] Couldn't find file 'calcaneous_lv.vtp'.
[2022-09-12 10:48:48.115] [warning] Couldn't find file 'model_l_midfoot.stl'.
[2022-09-12 10:48:48.115] [warning] Couldn't find file 'model_l_forefoot.stl'.
[2022-09-12 10:48:48.115] [warning] Couldn't find file 'model_l_toes.stl'.
[2022-09-12 10:48:48.115] [warning] Couldn't find file 'hat_spine.vtp'.
[2022-09-12 10:48:48.115] [warning] Couldn't find file 'hat_jaw.vtp'.
[2022-09-12 10:48:48.115] [warning] Couldn't find file 'hat_skull.vtp'.
[2022-09-12 10:48:48.115] [warning] Couldn't find file 'hat_ribs_scap.vtp'.
[2022-09-12 10:48:48.115] [warning] Couldn't find file 'humerus_rv.vtp'.
[2022-09-12 10:48:48.115] [warning] Couldn't find file 'ulna_rv.vtp'.
[2022-09-12 10:48:48.115] [warning] Couldn't find file 'radius_rv.vtp'.
[2022-09-12 10:48:48.115] [warning] Couldn't find file 'pisiform_rvs.vtp'.
[2022-09-12 10:48:48.116] [warning] Couldn't find file 'lunate_rvs.vtp'.
[2022-09-12 10:48:48.116] [warning] Couldn't find file 'scaphoid_rvs.vtp'.
[2022-09-12 10:48:48.116] [warning] Couldn't find file 'triquetrum_rvs.vtp'.
[2022-09-12 10:48:48.116] [warning] Couldn't find file 'hamate_rvs.vtp'.
[2022-09-12 10:48:48.116] [warning] Couldn't find file 'capitate_rvs.vtp'.
[2022-09-12 10:48:48.116] [warning] Couldn't find file 'trapezoid_rvs.vtp'.
[2022-09-12 10:48:48.116] [warning] Couldn't find file 'trapezium_rvs.vtp'.
[2022-09-12 10:48:48.116] [warning] Couldn't find file 'metacarpal2_rvs.vtp'.
[2022-09-12 10:48:48.116] [warning] Couldn't find file 'index_proximal_rvs.vtp'.
[2022-09-12 10:48:48.116] [warning] Couldn't find file 'index_medial_rvs.vtp'.
[2022-09-12 10:48:48.116] [warning] Couldn't find file 'index_distal_rvs.vtp'.
[2022-09-12 10:48:48.116] [warning] Couldn't find file 'metacarpal3_rvs.vtp'.
[2022-09-12 10:48:48.116] [warning] Couldn't find file 'middle_proximal_rvs.vtp'.
[2022-09-12 10:48:48.116] [warning] Couldn't find file 'middle_medial_rvs.vtp'.
[2022-09-12 10:48:48.116] [warning] Couldn't find file 'middle_distal_rvs.vtp'.
[2022-09-12 10:48:48.116] [warning] Couldn't find file 'metacarpal4_rvs.vtp'.
[2022-09-12 10:48:48.116] [warning] Couldn't find file 'ring_proximal_rvs.vtp'.
[2022-09-12 10:48:48.116] [warning] Couldn't find file 'ring_medial_rvs.vtp'.
[2022-09-12 10:48:48.117] [warning] Couldn't find file 'ring_distal_rvs.vtp'.
[2022-09-12 10:48:48.117] [warning] Couldn't find file 'metacarpal5_rvs.vtp'.
[2022-09-12 10:48:48.117] [warning] Couldn't find file 'little_proximal_rvs.vtp'.
[2022-09-12 10:48:48.117] [warning] Couldn't find file 'little_medial_rvs.vtp'.
[2022-09-12 10:48:48.117] [warning] Couldn't find file 'little_distal_rvs.vtp'.
[2022-09-12 10:48:48.117] [warning] Couldn't find file 'metacarpal1_rvs.vtp'.
[2022-09-12 10:48:48.117] [warning] Couldn't find file 'thumb_proximal_rvs.vtp'.
[2022-09-12 10:48:48.117] [warning] Couldn't find file 'thumb_distal_rvs.vtp'.
[2022-09-12 10:48:48.117] [warning] Couldn't find file 'humerus_lv.vtp'.
[2022-09-12 10:48:48.117] [warning] Couldn't find file 'ulna_lv.vtp'.
[2022-09-12 10:48:48.117] [warning] Couldn't find file 'radius_lv.vtp'.
[2022-09-12 10:48:48.117] [warning] Couldn't find file 'pisiform_lvs.vtp'.
[2022-09-12 10:48:48.117] [warning] Couldn't find file 'lunate_lvs.vtp'.
[2022-09-12 10:48:48.117] [warning] Couldn't find file 'scaphoid_lvs.vtp'.
[2022-09-12 10:48:48.117] [warning] Couldn't find file 'triquetrum_lvs.vtp'.
[2022-09-12 10:48:48.117] [warning] Couldn't find file 'hamate_lvs.vtp'.
[2022-09-12 10:48:48.117] [warning] Couldn't find file 'capitate_lvs.vtp'.
[2022-09-12 10:48:48.118] [warning] Couldn't find file 'trapezoid_lvs.vtp'.
[2022-09-12 10:48:48.118] [warning] Couldn't find file 'trapezium_lvs.vtp'.
[2022-09-12 10:48:48.118] [warning] Couldn't find file 'metacarpal2_lvs.vtp'.
[2022-09-12 10:48:48.118] [warning] Couldn't find file 'index_proximal_lvs.vtp'.
[2022-09-12 10:48:48.118] [warning] Couldn't find file 'index_medial_lvs.vtp'.
[2022-09-12 10:48:48.118] [warning] Couldn't find file 'index_distal_lvs.vtp'.
[2022-09-12 10:48:48.118] [warning] Couldn't find file 'metacarpal3_lvs.vtp'.
[2022-09-12 10:48:48.118] [warning] Couldn't find file 'middle_proximal_lvs.vtp'.
[2022-09-12 10:48:48.118] [warning] Couldn't find file 'middle_medial_lvs.vtp'.
[2022-09-12 10:48:48.118] [warning] Couldn't find file 'middle_distal_lvs.vtp'.
[2022-09-12 10:48:48.118] [warning] Couldn't find file 'metacarpal4_lvs.vtp'.
[2022-09-12 10:48:48.118] [warning] Couldn't find file 'ring_proximal_lvs.vtp'.
[2022-09-12 10:48:48.118] [warning] Couldn't find file 'ring_medial_lvs.vtp'.
[2022-09-12 10:48:48.118] [warning] Couldn't find file 'ring_distal_lvs.vtp'.
[2022-09-12 10:48:48.118] [warning] Couldn't find file 'metacarpal5_lvs.vtp'.
[2022-09-12 10:48:48.118] [warning] Couldn't find file 'little_proximal_lvs.vtp'.
[2022-09-12 10:48:48.118] [warning] Couldn't find file 'little_medial_lvs.vtp'.
[2022-09-12 10:48:48.118] [warning] Couldn't find file 'little_distal_lvs.vtp'.
[2022-09-12 10:48:48.119] [warning] Couldn't find file 'metacarpal1_lvs.vtp'.
[2022-09-12 10:48:48.119] [warning] Couldn't find file 'thumb_proximal_lvs.vtp'.
[2022-09-12 10:48:48.119] [warning] Couldn't find file 'thumb_distal_lvs.vtp'.
[2022-09-12 10:49:12.154] [info] Loaded model Fal_s1_mtp_sc_MTc5_cspx10_oy1 from file C:\Users\u0150099\Documents\master_thesis\3dpredictsim\OpenSimModel\subject1\Fal_s1_mtp_FK_sc_MTc5_cg0.osim
[2022-09-12 10:49:12.154] [warning] Couldn't find file 'sacrum.vtp'.
[2022-09-12 10:49:12.155] [warning] Couldn't find file 'pelvis.vtp'.
[2022-09-12 10:49:12.155] [warning] Couldn't find file 'l_pelvis.vtp'.
[2022-09-12 10:49:12.155] [warning] Couldn't find file 'femur_r.vtp'.
[2022-09-12 10:49:12.155] [warning] Couldn't find file 'tibia_r.vtp'.
[2022-09-12 10:49:12.155] [warning] Couldn't find file 'fibula_r.vtp'.
[2022-09-12 10:49:12.155] [warning] Couldn't find file 'talus_rv.vtp'.
[2022-09-12 10:49:12.155] [warning] Couldn't find file 'calcaneous_rv.vtp'.
[2022-09-12 10:49:12.155] [warning] Couldn't find file 'model_r_midfoot.stl'.
[2022-09-12 10:49:12.155] [warning] Couldn't find file 'model_r_forefoot.stl'.
[2022-09-12 10:49:12.155] [warning] Couldn't find file 'model_r_toes.stl'.
[2022-09-12 10:49:12.155] [warning] Couldn't find file 'femur_l.vtp'.
[2022-09-12 10:49:12.155] [warning] Couldn't find file 'tibia_l.vtp'.
[2022-09-12 10:49:12.155] [warning] Couldn't find file 'fibula_l.vtp'.
[2022-09-12 10:49:12.155] [warning] Couldn't find file 'talus_lv.vtp'.
[2022-09-12 10:49:12.155] [warning] Couldn't find file 'calcaneous_lv.vtp'.
[2022-09-12 10:49:12.156] [warning] Couldn't find file 'model_l_midfoot.stl'.
[2022-09-12 10:49:12.156] [warning] Couldn't find file 'model_l_forefoot.stl'.
[2022-09-12 10:49:12.156] [warning] Couldn't find file 'model_l_toes.stl'.
[2022-09-12 10:49:12.156] [warning] Couldn't find file 'hat_spine.vtp'.
[2022-09-12 10:49:12.156] [warning] Couldn't find file 'hat_jaw.vtp'.
[2022-09-12 10:49:12.156] [warning] Couldn't find file 'hat_skull.vtp'.
[2022-09-12 10:49:12.156] [warning] Couldn't find file 'hat_ribs_scap.vtp'.
[2022-09-12 10:49:12.156] [warning] Couldn't find file 'humerus_rv.vtp'.
[2022-09-12 10:49:12.156] [warning] Couldn't find file 'ulna_rv.vtp'.
[2022-09-12 10:49:12.156] [warning] Couldn't find file 'radius_rv.vtp'.
[2022-09-12 10:49:12.156] [warning] Couldn't find file 'pisiform_rvs.vtp'.
[2022-09-12 10:49:12.156] [warning] Couldn't find file 'lunate_rvs.vtp'.
[2022-09-12 10:49:12.156] [warning] Couldn't find file 'scaphoid_rvs.vtp'.
[2022-09-12 10:49:12.156] [warning] Couldn't find file 'triquetrum_rvs.vtp'.
[2022-09-12 10:49:12.156] [warning] Couldn't find file 'hamate_rvs.vtp'.
[2022-09-12 10:49:12.156] [warning] Couldn't find file 'capitate_rvs.vtp'.
[2022-09-12 10:49:12.156] [warning] Couldn't find file 'trapezoid_rvs.vtp'.
[2022-09-12 10:49:12.156] [warning] Couldn't find file 'trapezium_rvs.vtp'.
[2022-09-12 10:49:12.157] [warning] Couldn't find file 'metacarpal2_rvs.vtp'.
[2022-09-12 10:49:12.157] [warning] Couldn't find file 'index_proximal_rvs.vtp'.
[2022-09-12 10:49:12.157] [warning] Couldn't find file 'index_medial_rvs.vtp'.
[2022-09-12 10:49:12.157] [warning] Couldn't find file 'index_distal_rvs.vtp'.
[2022-09-12 10:49:12.157] [warning] Couldn't find file 'metacarpal3_rvs.vtp'.
[2022-09-12 10:49:12.157] [warning] Couldn't find file 'middle_proximal_rvs.vtp'.
[2022-09-12 10:49:12.157] [warning] Couldn't find file 'middle_medial_rvs.vtp'.
[2022-09-12 10:49:12.157] [warning] Couldn't find file 'middle_distal_rvs.vtp'.
[2022-09-12 10:49:12.157] [warning] Couldn't find file 'metacarpal4_rvs.vtp'.
[2022-09-12 10:49:12.157] [warning] Couldn't find file 'ring_proximal_rvs.vtp'.
[2022-09-12 10:49:12.157] [warning] Couldn't find file 'ring_medial_rvs.vtp'.
[2022-09-12 10:49:12.157] [warning] Couldn't find file 'ring_distal_rvs.vtp'.
[2022-09-12 10:49:12.157] [warning] Couldn't find file 'metacarpal5_rvs.vtp'.
[2022-09-12 10:49:12.157] [warning] Couldn't find file 'little_proximal_rvs.vtp'.
[2022-09-12 10:49:12.157] [warning] Couldn't find file 'little_medial_rvs.vtp'.
[2022-09-12 10:49:12.157] [warning] Couldn't find file 'little_distal_rvs.vtp'.
[2022-09-12 10:49:12.157] [warning] Couldn't find file 'metacarpal1_rvs.vtp'.
[2022-09-12 10:49:12.157] [warning] Couldn't find file 'thumb_proximal_rvs.vtp'.
[2022-09-12 10:49:12.158] [warning] Couldn't find file 'thumb_distal_rvs.vtp'.
[2022-09-12 10:49:12.158] [warning] Couldn't find file 'humerus_lv.vtp'.
[2022-09-12 10:49:12.158] [warning] Couldn't find file 'ulna_lv.vtp'.
[2022-09-12 10:49:12.158] [warning] Couldn't find file 'radius_lv.vtp'.
[2022-09-12 10:49:12.158] [warning] Couldn't find file 'pisiform_lvs.vtp'.
[2022-09-12 10:49:12.158] [warning] Couldn't find file 'lunate_lvs.vtp'.
[2022-09-12 10:49:12.158] [warning] Couldn't find file 'scaphoid_lvs.vtp'.
[2022-09-12 10:49:12.158] [warning] Couldn't find file 'triquetrum_lvs.vtp'.
[2022-09-12 10:49:12.158] [warning] Couldn't find file 'hamate_lvs.vtp'.
[2022-09-12 10:49:12.158] [warning] Couldn't find file 'capitate_lvs.vtp'.
[2022-09-12 10:49:12.158] [warning] Couldn't find file 'trapezoid_lvs.vtp'.
[2022-09-12 10:49:12.158] [warning] Couldn't find file 'trapezium_lvs.vtp'.
[2022-09-12 10:49:12.158] [warning] Couldn't find file 'metacarpal2_lvs.vtp'.
[2022-09-12 10:49:12.158] [warning] Couldn't find file 'index_proximal_lvs.vtp'.
[2022-09-12 10:49:12.158] [warning] Couldn't find file 'index_medial_lvs.vtp'.
[2022-09-12 10:49:12.158] [warning] Couldn't find file 'index_distal_lvs.vtp'.
[2022-09-12 10:49:12.158] [warning] Couldn't find file 'metacarpal3_lvs.vtp'.
[2022-09-12 10:49:12.158] [warning] Couldn't find file 'middle_proximal_lvs.vtp'.
[2022-09-12 10:49:12.158] [warning] Couldn't find file 'middle_medial_lvs.vtp'.
[2022-09-12 10:49:12.159] [warning] Couldn't find file 'middle_distal_lvs.vtp'.
[2022-09-12 10:49:12.159] [warning] Couldn't find file 'metacarpal4_lvs.vtp'.
[2022-09-12 10:49:12.159] [warning] Couldn't find file 'ring_proximal_lvs.vtp'.
[2022-09-12 10:49:12.159] [warning] Couldn't find file 'ring_medial_lvs.vtp'.
[2022-09-12 10:49:12.159] [warning] Couldn't find file 'ring_distal_lvs.vtp'.
[2022-09-12 10:49:12.159] [warning] Couldn't find file 'metacarpal5_lvs.vtp'.
[2022-09-12 10:49:12.159] [warning] Couldn't find file 'little_proximal_lvs.vtp'.
[2022-09-12 10:49:12.159] [warning] Couldn't find file 'little_medial_lvs.vtp'.
[2022-09-12 10:49:12.159] [warning] Couldn't find file 'little_distal_lvs.vtp'.
[2022-09-12 10:49:12.159] [warning] Couldn't find file 'metacarpal1_lvs.vtp'.
[2022-09-12 10:49:12.159] [warning] Couldn't find file 'thumb_proximal_lvs.vtp'.
[2022-09-12 10:49:12.159] [warning] Couldn't find file 'thumb_distal_lvs.vtp'.
[2022-09-12 10:49:30.475] [info] Loaded model Fal_s1_mtp_sc_MTc5_cspx10_oy1 from file C:\Users\u0150099\Documents\master_thesis\3dpredictsim\OpenSimModel\subject1\Fal_s1_mtp_FK_sc_MTc5_cg0.osim
[2022-09-12 10:49:30.476] [warning] Couldn't find file 'sacrum.vtp'.
[2022-09-12 10:49:30.476] [warning] Couldn't find file 'pelvis.vtp'.
[2022-09-12 10:49:30.476] [warning] Couldn't find file 'l_pelvis.vtp'.
[2022-09-12 10:49:30.476] [warning] Couldn't find file 'femur_r.vtp'.
[2022-09-12 10:49:30.476] [warning] Couldn't find file 'tibia_r.vtp'.
[2022-09-12 10:49:30.476] [warning] Couldn't find file 'fibula_r.vtp'.
[2022-09-12 10:49:30.476] [warning] Couldn't find file 'talus_rv.vtp'.
[2022-09-12 10:49:30.476] [warning] Couldn't find file 'calcaneous_rv.vtp'.
[2022-09-12 10:49:30.476] [warning] Couldn't find file 'model_r_midfoot.stl'.
[2022-09-12 10:49:30.476] [warning] Couldn't find file 'model_r_forefoot.stl'.
[2022-09-12 10:49:30.476] [warning] Couldn't find file 'model_r_toes.stl'.
[2022-09-12 10:49:30.476] [warning] Couldn't find file 'femur_l.vtp'.
[2022-09-12 10:49:30.476] [warning] Couldn't find file 'tibia_l.vtp'.
[2022-09-12 10:49:30.476] [warning] Couldn't find file 'fibula_l.vtp'.
[2022-09-12 10:49:30.477] [warning] Couldn't find file 'talus_lv.vtp'.
[2022-09-12 10:49:30.477] [warning] Couldn't find file 'calcaneous_lv.vtp'.
[2022-09-12 10:49:30.477] [warning] Couldn't find file 'model_l_midfoot.stl'.
[2022-09-12 10:49:30.477] [warning] Couldn't find file 'model_l_forefoot.stl'.
[2022-09-12 10:49:30.477] [warning] Couldn't find file 'model_l_toes.stl'.
[2022-09-12 10:49:30.477] [warning] Couldn't find file 'hat_spine.vtp'.
[2022-09-12 10:49:30.477] [warning] Couldn't find file 'hat_jaw.vtp'.
[2022-09-12 10:49:30.477] [warning] Couldn't find file 'hat_skull.vtp'.
[2022-09-12 10:49:30.477] [warning] Couldn't find file 'hat_ribs_scap.vtp'.
[2022-09-12 10:49:30.477] [warning] Couldn't find file 'humerus_rv.vtp'.
[2022-09-12 10:49:30.477] [warning] Couldn't find file 'ulna_rv.vtp'.
[2022-09-12 10:49:30.477] [warning] Couldn't find file 'radius_rv.vtp'.
[2022-09-12 10:49:30.477] [warning] Couldn't find file 'pisiform_rvs.vtp'.
[2022-09-12 10:49:30.477] [warning] Couldn't find file 'lunate_rvs.vtp'.
[2022-09-12 10:49:30.477] [warning] Couldn't find file 'scaphoid_rvs.vtp'.
[2022-09-12 10:49:30.477] [warning] Couldn't find file 'triquetrum_rvs.vtp'.
[2022-09-12 10:49:30.477] [warning] Couldn't find file 'hamate_rvs.vtp'.
[2022-09-12 10:49:30.478] [warning] Couldn't find file 'capitate_rvs.vtp'.
[2022-09-12 10:49:30.478] [warning] Couldn't find file 'trapezoid_rvs.vtp'.
[2022-09-12 10:49:30.478] [warning] Couldn't find file 'trapezium_rvs.vtp'.
[2022-09-12 10:49:30.478] [warning] Couldn't find file 'metacarpal2_rvs.vtp'.
[2022-09-12 10:49:30.478] [warning] Couldn't find file 'index_proximal_rvs.vtp'.
[2022-09-12 10:49:30.478] [warning] Couldn't find file 'index_medial_rvs.vtp'.
[2022-09-12 10:49:30.478] [warning] Couldn't find file 'index_distal_rvs.vtp'.
[2022-09-12 10:49:30.478] [warning] Couldn't find file 'metacarpal3_rvs.vtp'.
[2022-09-12 10:49:30.478] [warning] Couldn't find file 'middle_proximal_rvs.vtp'.
[2022-09-12 10:49:30.478] [warning] Couldn't find file 'middle_medial_rvs.vtp'.
[2022-09-12 10:49:30.478] [warning] Couldn't find file 'middle_distal_rvs.vtp'.
[2022-09-12 10:49:30.478] [warning] Couldn't find file 'metacarpal4_rvs.vtp'.
[2022-09-12 10:49:30.478] [warning] Couldn't find file 'ring_proximal_rvs.vtp'.
[2022-09-12 10:49:30.478] [warning] Couldn't find file 'ring_medial_rvs.vtp'.
[2022-09-12 10:49:30.478] [warning] Couldn't find file 'ring_distal_rvs.vtp'.
[2022-09-12 10:49:30.478] [warning] Couldn't find file 'metacarpal5_rvs.vtp'.
[2022-09-12 10:49:30.478] [warning] Couldn't find file 'little_proximal_rvs.vtp'.
[2022-09-12 10:49:30.478] [warning] Couldn't find file 'little_medial_rvs.vtp'.
[2022-09-12 10:49:30.479] [warning] Couldn't find file 'little_distal_rvs.vtp'.
[2022-09-12 10:49:30.479] [warning] Couldn't find file 'metacarpal1_rvs.vtp'.
[2022-09-12 10:49:30.479] [warning] Couldn't find file 'thumb_proximal_rvs.vtp'.
[2022-09-12 10:49:30.479] [warning] Couldn't find file 'thumb_distal_rvs.vtp'.
[2022-09-12 10:49:30.479] [warning] Couldn't find file 'humerus_lv.vtp'.
[2022-09-12 10:49:30.479] [warning] Couldn't find file 'ulna_lv.vtp'.
[2022-09-12 10:49:30.479] [warning] Couldn't find file 'radius_lv.vtp'.
[2022-09-12 10:49:30.479] [warning] Couldn't find file 'pisiform_lvs.vtp'.
[2022-09-12 10:49:30.479] [warning] Couldn't find file 'lunate_lvs.vtp'.
[2022-09-12 10:49:30.479] [warning] Couldn't find file 'scaphoid_lvs.vtp'.
[2022-09-12 10:49:30.479] [warning] Couldn't find file 'triquetrum_lvs.vtp'.
[2022-09-12 10:49:30.479] [warning] Couldn't find file 'hamate_lvs.vtp'.
[2022-09-12 10:49:30.479] [warning] Couldn't find file 'capitate_lvs.vtp'.
[2022-09-12 10:49:30.479] [warning] Couldn't find file 'trapezoid_lvs.vtp'.
[2022-09-12 10:49:30.479] [warning] Couldn't find file 'trapezium_lvs.vtp'.
[2022-09-12 10:49:30.479] [warning] Couldn't find file 'metacarpal2_lvs.vtp'.
[2022-09-12 10:49:30.479] [warning] Couldn't find file 'index_proximal_lvs.vtp'.
[2022-09-12 10:49:30.480] [warning] Couldn't find file 'index_medial_lvs.vtp'.
[2022-09-12 10:49:30.480] [warning] Couldn't find file 'index_distal_lvs.vtp'.
[2022-09-12 10:49:30.480] [warning] Couldn't find file 'metacarpal3_lvs.vtp'.
[2022-09-12 10:49:30.480] [warning] Couldn't find file 'middle_proximal_lvs.vtp'.
[2022-09-12 10:49:30.480] [warning] Couldn't find file 'middle_medial_lvs.vtp'.
[2022-09-12 10:49:30.480] [warning] Couldn't find file 'middle_distal_lvs.vtp'.
[2022-09-12 10:49:30.480] [warning] Couldn't find file 'metacarpal4_lvs.vtp'.
[2022-09-12 10:49:30.480] [warning] Couldn't find file 'ring_proximal_lvs.vtp'.
[2022-09-12 10:49:30.480] [warning] Couldn't find file 'ring_medial_lvs.vtp'.
[2022-09-12 10:49:30.480] [warning] Couldn't find file 'ring_distal_lvs.vtp'.
[2022-09-12 10:49:30.480] [warning] Couldn't find file 'metacarpal5_lvs.vtp'.
[2022-09-12 10:49:30.480] [warning] Couldn't find file 'little_proximal_lvs.vtp'.
[2022-09-12 10:49:30.480] [warning] Couldn't find file 'little_medial_lvs.vtp'.
[2022-09-12 10:49:30.480] [warning] Couldn't find file 'little_distal_lvs.vtp'.
[2022-09-12 10:49:30.480] [warning] Couldn't find file 'metacarpal1_lvs.vtp'.
[2022-09-12 10:49:30.480] [warning] Couldn't find file 'thumb_proximal_lvs.vtp'.
[2022-09-12 10:49:30.480] [warning] Couldn't find file 'thumb_distal_lvs.vtp'.
[2022-09-12 10:50:42.757] [info] Loaded model Fal_s1_mtp_sc_MTc5_cspx10_oy1 from file C:\Users\u0150099\Documents\master_thesis\3dpredictsim\OpenSimModel\subject1\Fal_s1_mtp_FK_sc_MTc5_cg0.osim
[2022-09-12 10:50:42.757] [warning] Couldn't find file 'sacrum.vtp'.
[2022-09-12 10:50:42.757] [warning] Couldn't find file 'pelvis.vtp'.
[2022-09-12 10:50:42.757] [warning] Couldn't find file 'l_pelvis.vtp'.
[2022-09-12 10:50:42.757] [warning] Couldn't find file 'femur_r.vtp'.
[2022-09-12 10:50:42.757] [warning] Couldn't find file 'tibia_r.vtp'.
[2022-09-12 10:50:42.757] [warning] Couldn't find file 'fibula_r.vtp'.
[2022-09-12 10:50:42.757] [warning] Couldn't find file 'talus_rv.vtp'.
[2022-09-12 10:50:42.757] [warning] Couldn't find file 'calcaneous_rv.vtp'.
[2022-09-12 10:50:42.758] [warning] Couldn't find file 'model_r_midfoot.stl'.
[2022-09-12 10:50:42.758] [warning] Couldn't find file 'model_r_forefoot.stl'.
[2022-09-12 10:50:42.758] [warning] Couldn't find file 'model_r_toes.stl'.
[2022-09-12 10:50:42.758] [warning] Couldn't find file 'femur_l.vtp'.
[2022-09-12 10:50:42.758] [warning] Couldn't find file 'tibia_l.vtp'.
[2022-09-12 10:50:42.758] [warning] Couldn't find file 'fibula_l.vtp'.
[2022-09-12 10:50:42.758] [warning] Couldn't find file 'talus_lv.vtp'.
[2022-09-12 10:50:42.758] [warning] Couldn't find file 'calcaneous_lv.vtp'.
[2022-09-12 10:50:42.758] [warning] Couldn't find file 'model_l_midfoot.stl'.
[2022-09-12 10:50:42.758] [warning] Couldn't find file 'model_l_forefoot.stl'.
[2022-09-12 10:50:42.758] [warning] Couldn't find file 'model_l_toes.stl'.
[2022-09-12 10:50:42.758] [warning] Couldn't find file 'hat_spine.vtp'.
[2022-09-12 10:50:42.758] [warning] Couldn't find file 'hat_jaw.vtp'.
[2022-09-12 10:50:42.758] [warning] Couldn't find file 'hat_skull.vtp'.
[2022-09-12 10:50:42.758] [warning] Couldn't find file 'hat_ribs_scap.vtp'.
[2022-09-12 10:50:42.758] [warning] Couldn't find file 'humerus_rv.vtp'.
[2022-09-12 10:50:42.758] [warning] Couldn't find file 'ulna_rv.vtp'.
[2022-09-12 10:50:42.759] [warning] Couldn't find file 'radius_rv.vtp'.
[2022-09-12 10:50:42.759] [warning] Couldn't find file 'pisiform_rvs.vtp'.
[2022-09-12 10:50:42.759] [warning] Couldn't find file 'lunate_rvs.vtp'.
[2022-09-12 10:50:42.759] [warning] Couldn't find file 'scaphoid_rvs.vtp'.
[2022-09-12 10:50:42.759] [warning] Couldn't find file 'triquetrum_rvs.vtp'.
[2022-09-12 10:50:42.759] [warning] Couldn't find file 'hamate_rvs.vtp'.
[2022-09-12 10:50:42.759] [warning] Couldn't find file 'capitate_rvs.vtp'.
[2022-09-12 10:50:42.759] [warning] Couldn't find file 'trapezoid_rvs.vtp'.
[2022-09-12 10:50:42.759] [warning] Couldn't find file 'trapezium_rvs.vtp'.
[2022-09-12 10:50:42.759] [warning] Couldn't find file 'metacarpal2_rvs.vtp'.
[2022-09-12 10:50:42.759] [warning] Couldn't find file 'index_proximal_rvs.vtp'.
[2022-09-12 10:50:42.759] [warning] Couldn't find file 'index_medial_rvs.vtp'.
[2022-09-12 10:50:42.759] [warning] Couldn't find file 'index_distal_rvs.vtp'.
[2022-09-12 10:50:42.759] [warning] Couldn't find file 'metacarpal3_rvs.vtp'.
[2022-09-12 10:50:42.759] [warning] Couldn't find file 'middle_proximal_rvs.vtp'.
[2022-09-12 10:50:42.759] [warning] Couldn't find file 'middle_medial_rvs.vtp'.
[2022-09-12 10:50:42.759] [warning] Couldn't find file 'middle_distal_rvs.vtp'.
[2022-09-12 10:50:42.759] [warning] Couldn't find file 'metacarpal4_rvs.vtp'.
[2022-09-12 10:50:42.760] [warning] Couldn't find file 'ring_proximal_rvs.vtp'.
[2022-09-12 10:50:42.760] [warning] Couldn't find file 'ring_medial_rvs.vtp'.
[2022-09-12 10:50:42.760] [warning] Couldn't find file 'ring_distal_rvs.vtp'.
[2022-09-12 10:50:42.760] [warning] Couldn't find file 'metacarpal5_rvs.vtp'.
[2022-09-12 10:50:42.760] [warning] Couldn't find file 'little_proximal_rvs.vtp'.
[2022-09-12 10:50:42.760] [warning] Couldn't find file 'little_medial_rvs.vtp'.
[2022-09-12 10:50:42.760] [warning] Couldn't find file 'little_distal_rvs.vtp'.
[2022-09-12 10:50:42.760] [warning] Couldn't find file 'metacarpal1_rvs.vtp'.
[2022-09-12 10:50:42.760] [warning] Couldn't find file 'thumb_proximal_rvs.vtp'.
[2022-09-12 10:50:42.760] [warning] Couldn't find file 'thumb_distal_rvs.vtp'.
[2022-09-12 10:50:42.760] [warning] Couldn't find file 'humerus_lv.vtp'.
[2022-09-12 10:50:42.760] [warning] Couldn't find file 'ulna_lv.vtp'.
[2022-09-12 10:50:42.760] [warning] Couldn't find file 'radius_lv.vtp'.
[2022-09-12 10:50:42.760] [warning] Couldn't find file 'pisiform_lvs.vtp'.
[2022-09-12 10:50:42.760] [warning] Couldn't find file 'lunate_lvs.vtp'.
[2022-09-12 10:50:42.760] [warning] Couldn't find file 'scaphoid_lvs.vtp'.
[2022-09-12 10:50:42.760] [warning] Couldn't find file 'triquetrum_lvs.vtp'.
[2022-09-12 10:50:42.760] [warning] Couldn't find file 'hamate_lvs.vtp'.
[2022-09-12 10:50:42.761] [warning] Couldn't find file 'capitate_lvs.vtp'.
[2022-09-12 10:50:42.761] [warning] Couldn't find file 'trapezoid_lvs.vtp'.
[2022-09-12 10:50:42.761] [warning] Couldn't find file 'trapezium_lvs.vtp'.
[2022-09-12 10:50:42.761] [warning] Couldn't find file 'metacarpal2_lvs.vtp'.
[2022-09-12 10:50:42.761] [warning] Couldn't find file 'index_proximal_lvs.vtp'.
[2022-09-12 10:50:42.761] [warning] Couldn't find file 'index_medial_lvs.vtp'.
[2022-09-12 10:50:42.761] [warning] Couldn't find file 'index_distal_lvs.vtp'.
[2022-09-12 10:50:42.761] [warning] Couldn't find file 'metacarpal3_lvs.vtp'.
[2022-09-12 10:50:42.761] [warning] Couldn't find file 'middle_proximal_lvs.vtp'.
[2022-09-12 10:50:42.761] [warning] Couldn't find file 'middle_medial_lvs.vtp'.
[2022-09-12 10:50:42.761] [warning] Couldn't find file 'middle_distal_lvs.vtp'.
[2022-09-12 10:50:42.761] [warning] Couldn't find file 'metacarpal4_lvs.vtp'.
[2022-09-12 10:50:42.761] [warning] Couldn't find file 'ring_proximal_lvs.vtp'.
[2022-09-12 10:50:42.761] [warning] Couldn't find file 'ring_medial_lvs.vtp'.
[2022-09-12 10:50:42.761] [warning] Couldn't find file 'ring_distal_lvs.vtp'.
[2022-09-12 10:50:42.761] [warning] Couldn't find file 'metacarpal5_lvs.vtp'.
[2022-09-12 10:50:42.761] [warning] Couldn't find file 'little_proximal_lvs.vtp'.
[2022-09-12 10:50:42.761] [warning] Couldn't find file 'little_medial_lvs.vtp'.
[2022-09-12 10:50:42.761] [warning] Couldn't find file 'little_distal_lvs.vtp'.
[2022-09-12 10:50:42.762] [warning] Couldn't find file 'metacarpal1_lvs.vtp'.
[2022-09-12 10:50:42.762] [warning] Couldn't find file 'thumb_proximal_lvs.vtp'.
[2022-09-12 10:50:42.762] [warning] Couldn't find file 'thumb_distal_lvs.vtp'.
[2022-09-12 10:50:43.627] [info] Loaded model subject1_withMTJ_locked_scaled_custom from file C:\Users\u0150099\Documents\master_thesis\3dpredictsim\OpenSimModel\subject1\Fal_s1_mtjc4_FK_sc_MTc5_cspx10_oy3.osim
[2022-09-12 10:50:43.628] [warning] Couldn't find file 'sacrum.vtp'.
[2022-09-12 10:50:43.628] [warning] Couldn't find file 'pelvis.vtp'.
[2022-09-12 10:50:43.628] [warning] Couldn't find file 'l_pelvis.vtp'.
[2022-09-12 10:50:43.628] [warning] Couldn't find file 'femur_r.vtp'.
[2022-09-12 10:50:43.628] [warning] Couldn't find file 'tibia_r.vtp'.
[2022-09-12 10:50:43.628] [warning] Couldn't find file 'fibula_r.vtp'.
[2022-09-12 10:50:43.628] [warning] Couldn't find file 'talus_rv.vtp'.
[2022-09-12 10:50:43.628] [warning] Couldn't find file 'calcaneous_rv.vtp'.
[2022-09-12 10:50:43.628] [warning] Couldn't find file 'model_r_midfoot.stl'.
[2022-09-12 10:50:43.628] [warning] Couldn't find file 'model_r_forefoot.stl'.
[2022-09-12 10:50:43.628] [warning] Couldn't find file 'model_r_toes.stl'.
[2022-09-12 10:50:43.628] [warning] Couldn't find file 'femur_l.vtp'.
[2022-09-12 10:50:43.629] [warning] Couldn't find file 'tibia_l.vtp'.
[2022-09-12 10:50:43.629] [warning] Couldn't find file 'fibula_l.vtp'.
[2022-09-12 10:50:43.629] [warning] Couldn't find file 'talus_lv.vtp'.
[2022-09-12 10:50:43.629] [warning] Couldn't find file 'calcaneous_lv.vtp'.
[2022-09-12 10:50:43.629] [warning] Couldn't find file 'model_l_midfoot.stl'.
[2022-09-12 10:50:43.629] [warning] Couldn't find file 'model_l_forefoot.stl'.
[2022-09-12 10:50:43.629] [warning] Couldn't find file 'model_l_toes.stl'.
[2022-09-12 10:50:43.629] [warning] Couldn't find file 'hat_spine.vtp'.
[2022-09-12 10:50:43.629] [warning] Couldn't find file 'hat_jaw.vtp'.
[2022-09-12 10:50:43.629] [warning] Couldn't find file 'hat_skull.vtp'.
[2022-09-12 10:50:43.629] [warning] Couldn't find file 'hat_ribs_scap.vtp'.
[2022-09-12 10:50:43.629] [warning] Couldn't find file 'humerus_rv.vtp'.
[2022-09-12 10:50:43.629] [warning] Couldn't find file 'ulna_rv.vtp'.
[2022-09-12 10:50:43.629] [warning] Couldn't find file 'radius_rv.vtp'.
[2022-09-12 10:50:43.629] [warning] Couldn't find file 'pisiform_rvs.vtp'.
[2022-09-12 10:50:43.629] [warning] Couldn't find file 'lunate_rvs.vtp'.
[2022-09-12 10:50:43.629] [warning] Couldn't find file 'scaphoid_rvs.vtp'.
[2022-09-12 10:50:43.630] [warning] Couldn't find file 'triquetrum_rvs.vtp'.
[2022-09-12 10:50:43.630] [warning] Couldn't find file 'hamate_rvs.vtp'.
[2022-09-12 10:50:43.630] [warning] Couldn't find file 'capitate_rvs.vtp'.
[2022-09-12 10:50:43.630] [warning] Couldn't find file 'trapezoid_rvs.vtp'.
[2022-09-12 10:50:43.630] [warning] Couldn't find file 'trapezium_rvs.vtp'.
[2022-09-12 10:50:43.630] [warning] Couldn't find file 'metacarpal2_rvs.vtp'.
[2022-09-12 10:50:43.630] [warning] Couldn't find file 'index_proximal_rvs.vtp'.
[2022-09-12 10:50:43.630] [warning] Couldn't find file 'index_medial_rvs.vtp'.
[2022-09-12 10:50:43.630] [warning] Couldn't find file 'index_distal_rvs.vtp'.
[2022-09-12 10:50:43.630] [warning] Couldn't find file 'metacarpal3_rvs.vtp'.
[2022-09-12 10:50:43.630] [warning] Couldn't find file 'middle_proximal_rvs.vtp'.
[2022-09-12 10:50:43.630] [warning] Couldn't find file 'middle_medial_rvs.vtp'.
[2022-09-12 10:50:43.630] [warning] Couldn't find file 'middle_distal_rvs.vtp'.
[2022-09-12 10:50:43.630] [warning] Couldn't find file 'metacarpal4_rvs.vtp'.
[2022-09-12 10:50:43.630] [warning] Couldn't find file 'ring_proximal_rvs.vtp'.
[2022-09-12 10:50:43.630] [warning] Couldn't find file 'ring_medial_rvs.vtp'.
[2022-09-12 10:50:43.630] [warning] Couldn't find file 'ring_distal_rvs.vtp'.
[2022-09-12 10:50:43.630] [warning] Couldn't find file 'metacarpal5_rvs.vtp'.
[2022-09-12 10:50:43.631] [warning] Couldn't find file 'little_proximal_rvs.vtp'.
[2022-09-12 10:50:43.631] [warning] Couldn't find file 'little_medial_rvs.vtp'.
[2022-09-12 10:50:43.631] [warning] Couldn't find file 'little_distal_rvs.vtp'.
[2022-09-12 10:50:43.631] [warning] Couldn't find file 'metacarpal1_rvs.vtp'.
[2022-09-12 10:50:43.631] [warning] Couldn't find file 'thumb_proximal_rvs.vtp'.
[2022-09-12 10:50:43.631] [warning] Couldn't find file 'thumb_distal_rvs.vtp'.
[2022-09-12 10:50:43.631] [warning] Couldn't find file 'humerus_lv.vtp'.
[2022-09-12 10:50:43.631] [warning] Couldn't find file 'ulna_lv.vtp'.
[2022-09-12 10:50:43.631] [warning] Couldn't find file 'radius_lv.vtp'.
[2022-09-12 10:50:43.631] [warning] Couldn't find file 'pisiform_lvs.vtp'.
[2022-09-12 10:50:43.631] [warning] Couldn't find file 'lunate_lvs.vtp'.
[2022-09-12 10:50:43.631] [warning] Couldn't find file 'scaphoid_lvs.vtp'.
[2022-09-12 10:50:43.631] [warning] Couldn't find file 'triquetrum_lvs.vtp'.
[2022-09-12 10:50:43.631] [warning] Couldn't find file 'hamate_lvs.vtp'.
[2022-09-12 10:50:43.631] [warning] Couldn't find file 'capitate_lvs.vtp'.
[2022-09-12 10:50:43.631] [warning] Couldn't find file 'trapezoid_lvs.vtp'.
[2022-09-12 10:50:43.631] [warning] Couldn't find file 'trapezium_lvs.vtp'.
[2022-09-12 10:50:43.631] [warning] Couldn't find file 'metacarpal2_lvs.vtp'.
[2022-09-12 10:50:43.631] [warning] Couldn't find file 'index_proximal_lvs.vtp'.
[2022-09-12 10:50:43.632] [warning] Couldn't find file 'index_medial_lvs.vtp'.
[2022-09-12 10:50:43.632] [warning] Couldn't find file 'index_distal_lvs.vtp'.
[2022-09-12 10:50:43.632] [warning] Couldn't find file 'metacarpal3_lvs.vtp'.
[2022-09-12 10:50:43.632] [warning] Couldn't find file 'middle_proximal_lvs.vtp'.
[2022-09-12 10:50:43.632] [warning] Couldn't find file 'middle_medial_lvs.vtp'.
[2022-09-12 10:50:43.632] [warning] Couldn't find file 'middle_distal_lvs.vtp'.
[2022-09-12 10:50:43.632] [warning] Couldn't find file 'metacarpal4_lvs.vtp'.
[2022-09-12 10:50:43.632] [warning] Couldn't find file 'ring_proximal_lvs.vtp'.
[2022-09-12 10:50:43.632] [warning] Couldn't find file 'ring_medial_lvs.vtp'.
[2022-09-12 10:50:43.632] [warning] Couldn't find file 'ring_distal_lvs.vtp'.
[2022-09-12 10:50:43.632] [warning] Couldn't find file 'metacarpal5_lvs.vtp'.
[2022-09-12 10:50:43.632] [warning] Couldn't find file 'little_proximal_lvs.vtp'.
[2022-09-12 10:50:43.632] [warning] Couldn't find file 'little_medial_lvs.vtp'.
[2022-09-12 10:50:43.632] [warning] Couldn't find file 'little_distal_lvs.vtp'.
[2022-09-12 10:50:43.632] [warning] Couldn't find file 'metacarpal1_lvs.vtp'.
[2022-09-12 10:50:43.632] [warning] Couldn't find file 'thumb_proximal_lvs.vtp'.
[2022-09-12 10:50:43.632] [warning] Couldn't find file 'thumb_distal_lvs.vtp'.
[2022-09-12 10:50:44.108] [info] Loaded model subject1_withMTJ_locked_scaled_custom from file C:\Users\u0150099\Documents\master_thesis\3dpredictsim\OpenSimModel\subject1\Fal_s1_mtjc4_FK_sc_FDB2_MTc5_cg0.osim
[2022-09-12 10:50:44.109] [warning] Couldn't find file 'sacrum.vtp'.
[2022-09-12 10:50:44.109] [warning] Couldn't find file 'pelvis.vtp'.
[2022-09-12 10:50:44.109] [warning] Couldn't find file 'l_pelvis.vtp'.
[2022-09-12 10:50:44.109] [warning] Couldn't find file 'femur_r.vtp'.
[2022-09-12 10:50:44.109] [warning] Couldn't find file 'tibia_r.vtp'.
[2022-09-12 10:50:44.109] [warning] Couldn't find file 'fibula_r.vtp'.
[2022-09-12 10:50:44.109] [warning] Couldn't find file 'talus_rv.vtp'.
[2022-09-12 10:50:44.109] [warning] Couldn't find file 'calcaneous_rv.vtp'.
[2022-09-12 10:50:44.109] [warning] Couldn't find file 'model_r_midfoot.stl'.
[2022-09-12 10:50:44.109] [warning] Couldn't find file 'model_r_forefoot.stl'.
[2022-09-12 10:50:44.109] [warning] Couldn't find file 'model_r_toes.stl'.
[2022-09-12 10:50:44.109] [warning] Couldn't find file 'femur_l.vtp'.
[2022-09-12 10:50:44.109] [warning] Couldn't find file 'tibia_l.vtp'.
[2022-09-12 10:50:44.109] [warning] Couldn't find file 'fibula_l.vtp'.
[2022-09-12 10:50:44.109] [warning] Couldn't find file 'talus_lv.vtp'.
[2022-09-12 10:50:44.109] [warning] Couldn't find file 'calcaneous_lv.vtp'.
[2022-09-12 10:50:44.110] [warning] Couldn't find file 'model_l_midfoot.stl'.
[2022-09-12 10:50:44.110] [warning] Couldn't find file 'model_l_forefoot.stl'.
[2022-09-12 10:50:44.110] [warning] Couldn't find file 'model_l_toes.stl'.
[2022-09-12 10:50:44.110] [warning] Couldn't find file 'hat_spine.vtp'.
[2022-09-12 10:50:44.110] [warning] Couldn't find file 'hat_jaw.vtp'.
[2022-09-12 10:50:44.110] [warning] Couldn't find file 'hat_skull.vtp'.
[2022-09-12 10:50:44.110] [warning] Couldn't find file 'hat_ribs_scap.vtp'.
[2022-09-12 10:50:44.110] [warning] Couldn't find file 'humerus_rv.vtp'.
[2022-09-12 10:50:44.110] [warning] Couldn't find file 'ulna_rv.vtp'.
[2022-09-12 10:50:44.110] [warning] Couldn't find file 'radius_rv.vtp'.
[2022-09-12 10:50:44.110] [warning] Couldn't find file 'pisiform_rvs.vtp'.
[2022-09-12 10:50:44.110] [warning] Couldn't find file 'lunate_rvs.vtp'.
[2022-09-12 10:50:44.110] [warning] Couldn't find file 'scaphoid_rvs.vtp'.
[2022-09-12 10:50:44.110] [warning] Couldn't find file 'triquetrum_rvs.vtp'.
[2022-09-12 10:50:44.110] [warning] Couldn't find file 'hamate_rvs.vtp'.
[2022-09-12 10:50:44.110] [warning] Couldn't find file 'capitate_rvs.vtp'.
[2022-09-12 10:50:44.110] [warning] Couldn't find file 'trapezoid_rvs.vtp'.
[2022-09-12 10:50:44.111] [warning] Couldn't find file 'trapezium_rvs.vtp'.
[2022-09-12 10:50:44.111] [warning] Couldn't find file 'metacarpal2_rvs.vtp'.
[2022-09-12 10:50:44.111] [warning] Couldn't find file 'index_proximal_rvs.vtp'.
[2022-09-12 10:50:44.111] [warning] Couldn't find file 'index_medial_rvs.vtp'.
[2022-09-12 10:50:44.111] [warning] Couldn't find file 'index_distal_rvs.vtp'.
[2022-09-12 10:50:44.111] [warning] Couldn't find file 'metacarpal3_rvs.vtp'.
[2022-09-12 10:50:44.111] [warning] Couldn't find file 'middle_proximal_rvs.vtp'.
[2022-09-12 10:50:44.111] [warning] Couldn't find file 'middle_medial_rvs.vtp'.
[2022-09-12 10:50:44.111] [warning] Couldn't find file 'middle_distal_rvs.vtp'.
[2022-09-12 10:50:44.111] [warning] Couldn't find file 'metacarpal4_rvs.vtp'.
[2022-09-12 10:50:44.111] [warning] Couldn't find file 'ring_proximal_rvs.vtp'.
[2022-09-12 10:50:44.111] [warning] Couldn't find file 'ring_medial_rvs.vtp'.
[2022-09-12 10:50:44.111] [warning] Couldn't find file 'ring_distal_rvs.vtp'.
[2022-09-12 10:50:44.111] [warning] Couldn't find file 'metacarpal5_rvs.vtp'.
[2022-09-12 10:50:44.111] [warning] Couldn't find file 'little_proximal_rvs.vtp'.
[2022-09-12 10:50:44.111] [warning] Couldn't find file 'little_medial_rvs.vtp'.
[2022-09-12 10:50:44.111] [warning] Couldn't find file 'little_distal_rvs.vtp'.
[2022-09-12 10:50:44.112] [warning] Couldn't find file 'metacarpal1_rvs.vtp'.
[2022-09-12 10:50:44.112] [warning] Couldn't find file 'thumb_proximal_rvs.vtp'.
[2022-09-12 10:50:44.112] [warning] Couldn't find file 'thumb_distal_rvs.vtp'.
[2022-09-12 10:50:44.112] [warning] Couldn't find file 'humerus_lv.vtp'.
[2022-09-12 10:50:44.112] [warning] Couldn't find file 'ulna_lv.vtp'.
[2022-09-12 10:50:44.112] [warning] Couldn't find file 'radius_lv.vtp'.
[2022-09-12 10:50:44.112] [warning] Couldn't find file 'pisiform_lvs.vtp'.
[2022-09-12 10:50:44.112] [warning] Couldn't find file 'lunate_lvs.vtp'.
[2022-09-12 10:50:44.112] [warning] Couldn't find file 'scaphoid_lvs.vtp'.
[2022-09-12 10:50:44.112] [warning] Couldn't find file 'triquetrum_lvs.vtp'.
[2022-09-12 10:50:44.112] [warning] Couldn't find file 'hamate_lvs.vtp'.
[2022-09-12 10:50:44.112] [warning] Couldn't find file 'capitate_lvs.vtp'.
[2022-09-12 10:50:44.112] [warning] Couldn't find file 'trapezoid_lvs.vtp'.
[2022-09-12 10:50:44.112] [warning] Couldn't find file 'trapezium_lvs.vtp'.
[2022-09-12 10:50:44.112] [warning] Couldn't find file 'metacarpal2_lvs.vtp'.
[2022-09-12 10:50:44.112] [warning] Couldn't find file 'index_proximal_lvs.vtp'.
[2022-09-12 10:50:44.112] [warning] Couldn't find file 'index_medial_lvs.vtp'.
[2022-09-12 10:50:44.113] [warning] Couldn't find file 'index_distal_lvs.vtp'.
[2022-09-12 10:50:44.113] [warning] Couldn't find file 'metacarpal3_lvs.vtp'.
[2022-09-12 10:50:44.113] [warning] Couldn't find file 'middle_proximal_lvs.vtp'.
[2022-09-12 10:50:44.113] [warning] Couldn't find file 'middle_medial_lvs.vtp'.
[2022-09-12 10:50:44.113] [warning] Couldn't find file 'middle_distal_lvs.vtp'.
[2022-09-12 10:50:44.113] [warning] Couldn't find file 'metacarpal4_lvs.vtp'.
[2022-09-12 10:50:44.113] [warning] Couldn't find file 'ring_proximal_lvs.vtp'.
[2022-09-12 10:50:44.113] [warning] Couldn't find file 'ring_medial_lvs.vtp'.
[2022-09-12 10:50:44.113] [warning] Couldn't find file 'ring_distal_lvs.vtp'.
[2022-09-12 10:50:44.113] [warning] Couldn't find file 'metacarpal5_lvs.vtp'.
[2022-09-12 10:50:44.113] [warning] Couldn't find file 'little_proximal_lvs.vtp'.
[2022-09-12 10:50:44.113] [warning] Couldn't find file 'little_medial_lvs.vtp'.
[2022-09-12 10:50:44.113] [warning] Couldn't find file 'little_distal_lvs.vtp'.
[2022-09-12 10:50:44.113] [warning] Couldn't find file 'metacarpal1_lvs.vtp'.
[2022-09-12 10:50:44.113] [warning] Couldn't find file 'thumb_proximal_lvs.vtp'.
[2022-09-12 10:50:44.113] [warning] Couldn't find file 'thumb_distal_lvs.vtp'.
[2022-09-12 11:05:46.619] [info] Loaded model Fal_s1_mtp_sc_MTc5_cspx10_oy1 from file C:\Users\u0150099\Documents\master_thesis\3dpredictsim\OpenSimModel\subject1\Fal_s1_mtp_FK_sc_MTc5_cg0.osim
[2022-09-12 11:05:46.620] [warning] Couldn't find file 'sacrum.vtp'.
[2022-09-12 11:05:46.620] [warning] Couldn't find file 'pelvis.vtp'.
[2022-09-12 11:05:46.620] [warning] Couldn't find file 'l_pelvis.vtp'.
[2022-09-12 11:05:46.620] [warning] Couldn't find file 'femur_r.vtp'.
[2022-09-12 11:05:46.620] [warning] Couldn't find file 'tibia_r.vtp'.
[2022-09-12 11:05:46.620] [warning] Couldn't find file 'fibula_r.vtp'.
[2022-09-12 11:05:46.620] [warning] Couldn't find file 'talus_rv.vtp'.
[2022-09-12 11:05:46.621] [warning] Couldn't find file 'calcaneous_rv.vtp'.
[2022-09-12 11:05:46.621] [warning] Couldn't find file 'model_r_midfoot.stl'.
[2022-09-12 11:05:46.621] [warning] Couldn't find file 'model_r_forefoot.stl'.
[2022-09-12 11:05:46.621] [warning] Couldn't find file 'model_r_toes.stl'.
[2022-09-12 11:05:46.621] [warning] Couldn't find file 'femur_l.vtp'.
[2022-09-12 11:05:46.621] [warning] Couldn't find file 'tibia_l.vtp'.
[2022-09-12 11:05:46.621] [warning] Couldn't find file 'fibula_l.vtp'.
[2022-09-12 11:05:46.621] [warning] Couldn't find file 'talus_lv.vtp'.
[2022-09-12 11:05:46.621] [warning] Couldn't find file 'calcaneous_lv.vtp'.
[2022-09-12 11:05:46.621] [warning] Couldn't find file 'model_l_midfoot.stl'.
[2022-09-12 11:05:46.621] [warning] Couldn't find file 'model_l_forefoot.stl'.
[2022-09-12 11:05:46.621] [warning] Couldn't find file 'model_l_toes.stl'.
[2022-09-12 11:05:46.621] [warning] Couldn't find file 'hat_spine.vtp'.
[2022-09-12 11:05:46.621] [warning] Couldn't find file 'hat_jaw.vtp'.
[2022-09-12 11:05:46.621] [warning] Couldn't find file 'hat_skull.vtp'.
[2022-09-12 11:05:46.621] [warning] Couldn't find file 'hat_ribs_scap.vtp'.
[2022-09-12 11:05:46.622] [warning] Couldn't find file 'humerus_rv.vtp'.
[2022-09-12 11:05:46.622] [warning] Couldn't find file 'ulna_rv.vtp'.
[2022-09-12 11:05:46.622] [warning] Couldn't find file 'radius_rv.vtp'.
[2022-09-12 11:05:46.622] [warning] Couldn't find file 'pisiform_rvs.vtp'.
[2022-09-12 11:05:46.622] [warning] Couldn't find file 'lunate_rvs.vtp'.
[2022-09-12 11:05:46.622] [warning] Couldn't find file 'scaphoid_rvs.vtp'.
[2022-09-12 11:05:46.622] [warning] Couldn't find file 'triquetrum_rvs.vtp'.
[2022-09-12 11:05:46.622] [warning] Couldn't find file 'hamate_rvs.vtp'.
[2022-09-12 11:05:46.622] [warning] Couldn't find file 'capitate_rvs.vtp'.
[2022-09-12 11:05:46.622] [warning] Couldn't find file 'trapezoid_rvs.vtp'.
[2022-09-12 11:05:46.622] [warning] Couldn't find file 'trapezium_rvs.vtp'.
[2022-09-12 11:05:46.622] [warning] Couldn't find file 'metacarpal2_rvs.vtp'.
[2022-09-12 11:05:46.622] [warning] Couldn't find file 'index_proximal_rvs.vtp'.
[2022-09-12 11:05:46.622] [warning] Couldn't find file 'index_medial_rvs.vtp'.
[2022-09-12 11:05:46.622] [warning] Couldn't find file 'index_distal_rvs.vtp'.
[2022-09-12 11:05:46.622] [warning] Couldn't find file 'metacarpal3_rvs.vtp'.
[2022-09-12 11:05:46.622] [warning] Couldn't find file 'middle_proximal_rvs.vtp'.
[2022-09-12 11:05:46.623] [warning] Couldn't find file 'middle_medial_rvs.vtp'.
[2022-09-12 11:05:46.623] [warning] Couldn't find file 'middle_distal_rvs.vtp'.
[2022-09-12 11:05:46.623] [warning] Couldn't find file 'metacarpal4_rvs.vtp'.
[2022-09-12 11:05:46.623] [warning] Couldn't find file 'ring_proximal_rvs.vtp'.
[2022-09-12 11:05:46.623] [warning] Couldn't find file 'ring_medial_rvs.vtp'.
[2022-09-12 11:05:46.623] [warning] Couldn't find file 'ring_distal_rvs.vtp'.
[2022-09-12 11:05:46.623] [warning] Couldn't find file 'metacarpal5_rvs.vtp'.
[2022-09-12 11:05:46.623] [warning] Couldn't find file 'little_proximal_rvs.vtp'.
[2022-09-12 11:05:46.623] [warning] Couldn't find file 'little_medial_rvs.vtp'.
[2022-09-12 11:05:46.623] [warning] Couldn't find file 'little_distal_rvs.vtp'.
[2022-09-12 11:05:46.623] [warning] Couldn't find file 'metacarpal1_rvs.vtp'.
[2022-09-12 11:05:46.623] [warning] Couldn't find file 'thumb_proximal_rvs.vtp'.
[2022-09-12 11:05:46.623] [warning] Couldn't find file 'thumb_distal_rvs.vtp'.
[2022-09-12 11:05:46.623] [warning] Couldn't find file 'humerus_lv.vtp'.
[2022-09-12 11:05:46.623] [warning] Couldn't find file 'ulna_lv.vtp'.
[2022-09-12 11:05:46.623] [warning] Couldn't find file 'radius_lv.vtp'.
[2022-09-12 11:05:46.623] [warning] Couldn't find file 'pisiform_lvs.vtp'.
[2022-09-12 11:05:46.624] [warning] Couldn't find file 'lunate_lvs.vtp'.
[2022-09-12 11:05:46.624] [warning] Couldn't find file 'scaphoid_lvs.vtp'.
[2022-09-12 11:05:46.624] [warning] Couldn't find file 'triquetrum_lvs.vtp'.
[2022-09-12 11:05:46.624] [warning] Couldn't find file 'hamate_lvs.vtp'.
[2022-09-12 11:05:46.624] [warning] Couldn't find file 'capitate_lvs.vtp'.
[2022-09-12 11:05:46.624] [warning] Couldn't find file 'trapezoid_lvs.vtp'.
[2022-09-12 11:05:46.624] [warning] Couldn't find file 'trapezium_lvs.vtp'.
[2022-09-12 11:05:46.624] [warning] Couldn't find file 'metacarpal2_lvs.vtp'.
[2022-09-12 11:05:46.624] [warning] Couldn't find file 'index_proximal_lvs.vtp'.
[2022-09-12 11:05:46.624] [warning] Couldn't find file 'index_medial_lvs.vtp'.
[2022-09-12 11:05:46.624] [warning] Couldn't find file 'index_distal_lvs.vtp'.
[2022-09-12 11:05:46.624] [warning] Couldn't find file 'metacarpal3_lvs.vtp'.
[2022-09-12 11:05:46.624] [warning] Couldn't find file 'middle_proximal_lvs.vtp'.
[2022-09-12 11:05:46.624] [warning] Couldn't find file 'middle_medial_lvs.vtp'.
[2022-09-12 11:05:46.624] [warning] Couldn't find file 'middle_distal_lvs.vtp'.
[2022-09-12 11:05:46.624] [warning] Couldn't find file 'metacarpal4_lvs.vtp'.
[2022-09-12 11:05:46.624] [warning] Couldn't find file 'ring_proximal_lvs.vtp'.
[2022-09-12 11:05:46.625] [warning] Couldn't find file 'ring_medial_lvs.vtp'.
[2022-09-12 11:05:46.625] [warning] Couldn't find file 'ring_distal_lvs.vtp'.
[2022-09-12 11:05:46.625] [warning] Couldn't find file 'metacarpal5_lvs.vtp'.
[2022-09-12 11:05:46.625] [warning] Couldn't find file 'little_proximal_lvs.vtp'.
[2022-09-12 11:05:46.625] [warning] Couldn't find file 'little_medial_lvs.vtp'.
[2022-09-12 11:05:46.625] [warning] Couldn't find file 'little_distal_lvs.vtp'.
[2022-09-12 11:05:46.625] [warning] Couldn't find file 'metacarpal1_lvs.vtp'.
[2022-09-12 11:05:46.625] [warning] Couldn't find file 'thumb_proximal_lvs.vtp'.
[2022-09-12 11:05:46.625] [warning] Couldn't find file 'thumb_distal_lvs.vtp'.
[2022-09-12 11:05:47.448] [info] Loaded model subject1_withMTJ_locked_scaled_custom from file C:\Users\u0150099\Documents\master_thesis\3dpredictsim\OpenSimModel\subject1\Fal_s1_mtjc4_FK_sc_MTc5_cspx10_oy3.osim
[2022-09-12 11:05:47.449] [warning] Couldn't find file 'sacrum.vtp'.
[2022-09-12 11:05:47.449] [warning] Couldn't find file 'pelvis.vtp'.
[2022-09-12 11:05:47.449] [warning] Couldn't find file 'l_pelvis.vtp'.
[2022-09-12 11:05:47.449] [warning] Couldn't find file 'femur_r.vtp'.
[2022-09-12 11:05:47.449] [warning] Couldn't find file 'tibia_r.vtp'.
[2022-09-12 11:05:47.449] [warning] Couldn't find file 'fibula_r.vtp'.
[2022-09-12 11:05:47.449] [warning] Couldn't find file 'talus_rv.vtp'.
[2022-09-12 11:05:47.449] [warning] Couldn't find file 'calcaneous_rv.vtp'.
[2022-09-12 11:05:47.449] [warning] Couldn't find file 'model_r_midfoot.stl'.
[2022-09-12 11:05:47.450] [warning] Couldn't find file 'model_r_forefoot.stl'.
[2022-09-12 11:05:47.450] [warning] Couldn't find file 'model_r_toes.stl'.
[2022-09-12 11:05:47.450] [warning] Couldn't find file 'femur_l.vtp'.
[2022-09-12 11:05:47.450] [warning] Couldn't find file 'tibia_l.vtp'.
[2022-09-12 11:05:47.450] [warning] Couldn't find file 'fibula_l.vtp'.
[2022-09-12 11:05:47.450] [warning] Couldn't find file 'talus_lv.vtp'.
[2022-09-12 11:05:47.450] [warning] Couldn't find file 'calcaneous_lv.vtp'.
[2022-09-12 11:05:47.450] [warning] Couldn't find file 'model_l_midfoot.stl'.
[2022-09-12 11:05:47.450] [warning] Couldn't find file 'model_l_forefoot.stl'.
[2022-09-12 11:05:47.450] [warning] Couldn't find file 'model_l_toes.stl'.
[2022-09-12 11:05:47.450] [warning] Couldn't find file 'hat_spine.vtp'.
[2022-09-12 11:05:47.450] [warning] Couldn't find file 'hat_jaw.vtp'.
[2022-09-12 11:05:47.450] [warning] Couldn't find file 'hat_skull.vtp'.
[2022-09-12 11:05:47.450] [warning] Couldn't find file 'hat_ribs_scap.vtp'.
[2022-09-12 11:05:47.450] [warning] Couldn't find file 'humerus_rv.vtp'.
[2022-09-12 11:05:47.450] [warning] Couldn't find file 'ulna_rv.vtp'.
[2022-09-12 11:05:47.451] [warning] Couldn't find file 'radius_rv.vtp'.
[2022-09-12 11:05:47.451] [warning] Couldn't find file 'pisiform_rvs.vtp'.
[2022-09-12 11:05:47.451] [warning] Couldn't find file 'lunate_rvs.vtp'.
[2022-09-12 11:05:47.451] [warning] Couldn't find file 'scaphoid_rvs.vtp'.
[2022-09-12 11:05:47.451] [warning] Couldn't find file 'triquetrum_rvs.vtp'.
[2022-09-12 11:05:47.451] [warning] Couldn't find file 'hamate_rvs.vtp'.
[2022-09-12 11:05:47.451] [warning] Couldn't find file 'capitate_rvs.vtp'.
[2022-09-12 11:05:47.451] [warning] Couldn't find file 'trapezoid_rvs.vtp'.
[2022-09-12 11:05:47.451] [warning] Couldn't find file 'trapezium_rvs.vtp'.
[2022-09-12 11:05:47.451] [warning] Couldn't find file 'metacarpal2_rvs.vtp'.
[2022-09-12 11:05:47.451] [warning] Couldn't find file 'index_proximal_rvs.vtp'.
[2022-09-12 11:05:47.451] [warning] Couldn't find file 'index_medial_rvs.vtp'.
[2022-09-12 11:05:47.451] [warning] Couldn't find file 'index_distal_rvs.vtp'.
[2022-09-12 11:05:47.451] [warning] Couldn't find file 'metacarpal3_rvs.vtp'.
[2022-09-12 11:05:47.451] [warning] Couldn't find file 'middle_proximal_rvs.vtp'.
[2022-09-12 11:05:47.451] [warning] Couldn't find file 'middle_medial_rvs.vtp'.
[2022-09-12 11:05:47.451] [warning] Couldn't find file 'middle_distal_rvs.vtp'.
[2022-09-12 11:05:47.452] [warning] Couldn't find file 'metacarpal4_rvs.vtp'.
[2022-09-12 11:05:47.452] [warning] Couldn't find file 'ring_proximal_rvs.vtp'.
[2022-09-12 11:05:47.452] [warning] Couldn't find file 'ring_medial_rvs.vtp'.
[2022-09-12 11:05:47.452] [warning] Couldn't find file 'ring_distal_rvs.vtp'.
[2022-09-12 11:05:47.452] [warning] Couldn't find file 'metacarpal5_rvs.vtp'.
[2022-09-12 11:05:47.452] [warning] Couldn't find file 'little_proximal_rvs.vtp'.
[2022-09-12 11:05:47.452] [warning] Couldn't find file 'little_medial_rvs.vtp'.
[2022-09-12 11:05:47.452] [warning] Couldn't find file 'little_distal_rvs.vtp'.
[2022-09-12 11:05:47.452] [warning] Couldn't find file 'metacarpal1_rvs.vtp'.
[2022-09-12 11:05:47.452] [warning] Couldn't find file 'thumb_proximal_rvs.vtp'.
[2022-09-12 11:05:47.452] [warning] Couldn't find file 'thumb_distal_rvs.vtp'.
[2022-09-12 11:05:47.452] [warning] Couldn't find file 'humerus_lv.vtp'.
[2022-09-12 11:05:47.452] [warning] Couldn't find file 'ulna_lv.vtp'.
[2022-09-12 11:05:47.452] [warning] Couldn't find file 'radius_lv.vtp'.
[2022-09-12 11:05:47.452] [warning] Couldn't find file 'pisiform_lvs.vtp'.
[2022-09-12 11:05:47.452] [warning] Couldn't find file 'lunate_lvs.vtp'.
[2022-09-12 11:05:47.452] [warning] Couldn't find file 'scaphoid_lvs.vtp'.
[2022-09-12 11:05:47.453] [warning] Couldn't find file 'triquetrum_lvs.vtp'.
[2022-09-12 11:05:47.453] [warning] Couldn't find file 'hamate_lvs.vtp'.
[2022-09-12 11:05:47.453] [warning] Couldn't find file 'capitate_lvs.vtp'.
[2022-09-12 11:05:47.453] [warning] Couldn't find file 'trapezoid_lvs.vtp'.
[2022-09-12 11:05:47.453] [warning] Couldn't find file 'trapezium_lvs.vtp'.
[2022-09-12 11:05:47.453] [warning] Couldn't find file 'metacarpal2_lvs.vtp'.
[2022-09-12 11:05:47.453] [warning] Couldn't find file 'index_proximal_lvs.vtp'.
[2022-09-12 11:05:47.453] [warning] Couldn't find file 'index_medial_lvs.vtp'.
[2022-09-12 11:05:47.453] [warning] Couldn't find file 'index_distal_lvs.vtp'.
[2022-09-12 11:05:47.453] [warning] Couldn't find file 'metacarpal3_lvs.vtp'.
[2022-09-12 11:05:47.453] [warning] Couldn't find file 'middle_proximal_lvs.vtp'.
[2022-09-12 11:05:47.453] [warning] Couldn't find file 'middle_medial_lvs.vtp'.
[2022-09-12 11:05:47.453] [warning] Couldn't find file 'middle_distal_lvs.vtp'.
[2022-09-12 11:05:47.453] [warning] Couldn't find file 'metacarpal4_lvs.vtp'.
[2022-09-12 11:05:47.453] [warning] Couldn't find file 'ring_proximal_lvs.vtp'.
[2022-09-12 11:05:47.453] [warning] Couldn't find file 'ring_medial_lvs.vtp'.
[2022-09-12 11:05:47.453] [warning] Couldn't find file 'ring_distal_lvs.vtp'.
[2022-09-12 11:05:47.454] [warning] Couldn't find file 'metacarpal5_lvs.vtp'.
[2022-09-12 11:05:47.454] [warning] Couldn't find file 'little_proximal_lvs.vtp'.
[2022-09-12 11:05:47.454] [warning] Couldn't find file 'little_medial_lvs.vtp'.
[2022-09-12 11:05:47.454] [warning] Couldn't find file 'little_distal_lvs.vtp'.
[2022-09-12 11:05:47.454] [warning] Couldn't find file 'metacarpal1_lvs.vtp'.
[2022-09-12 11:05:47.454] [warning] Couldn't find file 'thumb_proximal_lvs.vtp'.
[2022-09-12 11:05:47.454] [warning] Couldn't find file 'thumb_distal_lvs.vtp'.
[2022-09-12 11:05:47.933] [info] Loaded model subject1_withMTJ_locked_scaled_custom from file C:\Users\u0150099\Documents\master_thesis\3dpredictsim\OpenSimModel\subject1\Fal_s1_mtjc4_FK_sc_FDB2_MTc5_cg0.osim
[2022-09-12 11:05:47.933] [warning] Couldn't find file 'sacrum.vtp'.
[2022-09-12 11:05:47.934] [warning] Couldn't find file 'pelvis.vtp'.
[2022-09-12 11:05:47.934] [warning] Couldn't find file 'l_pelvis.vtp'.
[2022-09-12 11:05:47.934] [warning] Couldn't find file 'femur_r.vtp'.
[2022-09-12 11:05:47.934] [warning] Couldn't find file 'tibia_r.vtp'.
[2022-09-12 11:05:47.934] [warning] Couldn't find file 'fibula_r.vtp'.
[2022-09-12 11:05:47.934] [warning] Couldn't find file 'talus_rv.vtp'.
[2022-09-12 11:05:47.934] [warning] Couldn't find file 'calcaneous_rv.vtp'.
[2022-09-12 11:05:47.934] [warning] Couldn't find file 'model_r_midfoot.stl'.
[2022-09-12 11:05:47.934] [warning] Couldn't find file 'model_r_forefoot.stl'.
[2022-09-12 11:05:47.934] [warning] Couldn't find file 'model_r_toes.stl'.
[2022-09-12 11:05:47.934] [warning] Couldn't find file 'femur_l.vtp'.
[2022-09-12 11:05:47.934] [warning] Couldn't find file 'tibia_l.vtp'.
[2022-09-12 11:05:47.934] [warning] Couldn't find file 'fibula_l.vtp'.
[2022-09-12 11:05:47.934] [warning] Couldn't find file 'talus_lv.vtp'.
[2022-09-12 11:05:47.934] [warning] Couldn't find file 'calcaneous_lv.vtp'.
[2022-09-12 11:05:47.934] [warning] Couldn't find file 'model_l_midfoot.stl'.
[2022-09-12 11:05:47.935] [warning] Couldn't find file 'model_l_forefoot.stl'.
[2022-09-12 11:05:47.935] [warning] Couldn't find file 'model_l_toes.stl'.
[2022-09-12 11:05:47.935] [warning] Couldn't find file 'hat_spine.vtp'.
[2022-09-12 11:05:47.935] [warning] Couldn't find file 'hat_jaw.vtp'.
[2022-09-12 11:05:47.935] [warning] Couldn't find file 'hat_skull.vtp'.
[2022-09-12 11:05:47.935] [warning] Couldn't find file 'hat_ribs_scap.vtp'.
[2022-09-12 11:05:47.935] [warning] Couldn't find file 'humerus_rv.vtp'.
[2022-09-12 11:05:47.935] [warning] Couldn't find file 'ulna_rv.vtp'.
[2022-09-12 11:05:47.935] [warning] Couldn't find file 'radius_rv.vtp'.
[2022-09-12 11:05:47.935] [warning] Couldn't find file 'pisiform_rvs.vtp'.
[2022-09-12 11:05:47.935] [warning] Couldn't find file 'lunate_rvs.vtp'.
[2022-09-12 11:05:47.935] [warning] Couldn't find file 'scaphoid_rvs.vtp'.
[2022-09-12 11:05:47.935] [warning] Couldn't find file 'triquetrum_rvs.vtp'.
[2022-09-12 11:05:47.935] [warning] Couldn't find file 'hamate_rvs.vtp'.
[2022-09-12 11:05:47.935] [warning] Couldn't find file 'capitate_rvs.vtp'.
[2022-09-12 11:05:47.935] [warning] Couldn't find file 'trapezoid_rvs.vtp'.
[2022-09-12 11:05:47.936] [warning] Couldn't find file 'trapezium_rvs.vtp'.
[2022-09-12 11:05:47.936] [warning] Couldn't find file 'metacarpal2_rvs.vtp'.
[2022-09-12 11:05:47.936] [warning] Couldn't find file 'index_proximal_rvs.vtp'.
[2022-09-12 11:05:47.936] [warning] Couldn't find file 'index_medial_rvs.vtp'.
[2022-09-12 11:05:47.936] [warning] Couldn't find file 'index_distal_rvs.vtp'.
[2022-09-12 11:05:47.936] [warning] Couldn't find file 'metacarpal3_rvs.vtp'.
[2022-09-12 11:05:47.936] [warning] Couldn't find file 'middle_proximal_rvs.vtp'.
[2022-09-12 11:05:47.936] [warning] Couldn't find file 'middle_medial_rvs.vtp'.
[2022-09-12 11:05:47.936] [warning] Couldn't find file 'middle_distal_rvs.vtp'.
[2022-09-12 11:05:47.936] [warning] Couldn't find file 'metacarpal4_rvs.vtp'.
[2022-09-12 11:05:47.936] [warning] Couldn't find file 'ring_proximal_rvs.vtp'.
[2022-09-12 11:05:47.936] [warning] Couldn't find file 'ring_medial_rvs.vtp'.
[2022-09-12 11:05:47.936] [warning] Couldn't find file 'ring_distal_rvs.vtp'.
[2022-09-12 11:05:47.936] [warning] Couldn't find file 'metacarpal5_rvs.vtp'.
[2022-09-12 11:05:47.936] [warning] Couldn't find file 'little_proximal_rvs.vtp'.
[2022-09-12 11:05:47.936] [warning] Couldn't find file 'little_medial_rvs.vtp'.
[2022-09-12 11:05:47.936] [warning] Couldn't find file 'little_distal_rvs.vtp'.
[2022-09-12 11:05:47.937] [warning] Couldn't find file 'metacarpal1_rvs.vtp'.
[2022-09-12 11:05:47.937] [warning] Couldn't find file 'thumb_proximal_rvs.vtp'.
[2022-09-12 11:05:47.937] [warning] Couldn't find file 'thumb_distal_rvs.vtp'.
[2022-09-12 11:05:47.937] [warning] Couldn't find file 'humerus_lv.vtp'.
[2022-09-12 11:05:47.937] [warning] Couldn't find file 'ulna_lv.vtp'.
[2022-09-12 11:05:47.937] [warning] Couldn't find file 'radius_lv.vtp'.
[2022-09-12 11:05:47.937] [warning] Couldn't find file 'pisiform_lvs.vtp'.
[2022-09-12 11:05:47.937] [warning] Couldn't find file 'lunate_lvs.vtp'.
[2022-09-12 11:05:47.937] [warning] Couldn't find file 'scaphoid_lvs.vtp'.
[2022-09-12 11:05:47.937] [warning] Couldn't find file 'triquetrum_lvs.vtp'.
[2022-09-12 11:05:47.937] [warning] Couldn't find file 'hamate_lvs.vtp'.
[2022-09-12 11:05:47.937] [warning] Couldn't find file 'capitate_lvs.vtp'.
[2022-09-12 11:05:47.937] [warning] Couldn't find file 'trapezoid_lvs.vtp'.
[2022-09-12 11:05:47.937] [warning] Couldn't find file 'trapezium_lvs.vtp'.
[2022-09-12 11:05:47.937] [warning] Couldn't find file 'metacarpal2_lvs.vtp'.
[2022-09-12 11:05:47.937] [warning] Couldn't find file 'index_proximal_lvs.vtp'.
[2022-09-12 11:05:47.937] [warning] Couldn't find file 'index_medial_lvs.vtp'.
[2022-09-12 11:05:47.938] [warning] Couldn't find file 'index_distal_lvs.vtp'.
[2022-09-12 11:05:47.938] [warning] Couldn't find file 'metacarpal3_lvs.vtp'.
[2022-09-12 11:05:47.938] [warning] Couldn't find file 'middle_proximal_lvs.vtp'.
[2022-09-12 11:05:47.938] [warning] Couldn't find file 'middle_medial_lvs.vtp'.
[2022-09-12 11:05:47.938] [warning] Couldn't find file 'middle_distal_lvs.vtp'.
[2022-09-12 11:05:47.938] [warning] Couldn't find file 'metacarpal4_lvs.vtp'.
[2022-09-12 11:05:47.938] [warning] Couldn't find file 'ring_proximal_lvs.vtp'.
[2022-09-12 11:05:47.938] [warning] Couldn't find file 'ring_medial_lvs.vtp'.
[2022-09-12 11:05:47.938] [warning] Couldn't find file 'ring_distal_lvs.vtp'.
[2022-09-12 11:05:47.938] [warning] Couldn't find file 'metacarpal5_lvs.vtp'.
[2022-09-12 11:05:47.938] [warning] Couldn't find file 'little_proximal_lvs.vtp'.
[2022-09-12 11:05:47.938] [warning] Couldn't find file 'little_medial_lvs.vtp'.
[2022-09-12 11:05:47.938] [warning] Couldn't find file 'little_distal_lvs.vtp'.
[2022-09-12 11:05:47.938] [warning] Couldn't find file 'metacarpal1_lvs.vtp'.
[2022-09-12 11:05:47.938] [warning] Couldn't find file 'thumb_proximal_lvs.vtp'.
[2022-09-12 11:05:47.938] [warning] Couldn't find file 'thumb_distal_lvs.vtp'.
[2022-09-12 11:16:58.106] [info] Loaded model Fal_s1_mtp_sc_MTc5_cspx10_oy1 from file C:\Users\u0150099\Documents\master_thesis\3dpredictsim\OpenSimModel\subject1\Fal_s1_mtp_FK_sc_MTc5_cg0.osim
[2022-09-12 11:16:58.106] [warning] Couldn't find file 'sacrum.vtp'.
[2022-09-12 11:16:58.107] [warning] Couldn't find file 'pelvis.vtp'.
[2022-09-12 11:16:58.107] [warning] Couldn't find file 'l_pelvis.vtp'.
[2022-09-12 11:16:58.107] [warning] Couldn't find file 'femur_r.vtp'.
[2022-09-12 11:16:58.107] [warning] Couldn't find file 'tibia_r.vtp'.
[2022-09-12 11:16:58.107] [warning] Couldn't find file 'fibula_r.vtp'.
[2022-09-12 11:16:58.107] [warning] Couldn't find file 'talus_rv.vtp'.
[2022-09-12 11:16:58.107] [warning] Couldn't find file 'calcaneous_rv.vtp'.
[2022-09-12 11:16:58.107] [warning] Couldn't find file 'model_r_midfoot.stl'.
[2022-09-12 11:16:58.107] [warning] Couldn't find file 'model_r_forefoot.stl'.
[2022-09-12 11:16:58.107] [warning] Couldn't find file 'model_r_toes.stl'.
[2022-09-12 11:16:58.107] [warning] Couldn't find file 'femur_l.vtp'.
[2022-09-12 11:16:58.107] [warning] Couldn't find file 'tibia_l.vtp'.
[2022-09-12 11:16:58.107] [warning] Couldn't find file 'fibula_l.vtp'.
[2022-09-12 11:16:58.107] [warning] Couldn't find file 'talus_lv.vtp'.
[2022-09-12 11:16:58.107] [warning] Couldn't find file 'calcaneous_lv.vtp'.
[2022-09-12 11:16:58.107] [warning] Couldn't find file 'model_l_midfoot.stl'.
[2022-09-12 11:16:58.107] [warning] Couldn't find file 'model_l_forefoot.stl'.
[2022-09-12 11:16:58.108] [warning] Couldn't find file 'model_l_toes.stl'.
[2022-09-12 11:16:58.108] [warning] Couldn't find file 'hat_spine.vtp'.
[2022-09-12 11:16:58.108] [warning] Couldn't find file 'hat_jaw.vtp'.
[2022-09-12 11:16:58.108] [warning] Couldn't find file 'hat_skull.vtp'.
[2022-09-12 11:16:58.108] [warning] Couldn't find file 'hat_ribs_scap.vtp'.
[2022-09-12 11:16:58.108] [warning] Couldn't find file 'humerus_rv.vtp'.
[2022-09-12 11:16:58.108] [warning] Couldn't find file 'ulna_rv.vtp'.
[2022-09-12 11:16:58.108] [warning] Couldn't find file 'radius_rv.vtp'.
[2022-09-12 11:16:58.108] [warning] Couldn't find file 'pisiform_rvs.vtp'.
[2022-09-12 11:16:58.108] [warning] Couldn't find file 'lunate_rvs.vtp'.
[2022-09-12 11:16:58.108] [warning] Couldn't find file 'scaphoid_rvs.vtp'.
[2022-09-12 11:16:58.108] [warning] Couldn't find file 'triquetrum_rvs.vtp'.
[2022-09-12 11:16:58.108] [warning] Couldn't find file 'hamate_rvs.vtp'.
[2022-09-12 11:16:58.108] [warning] Couldn't find file 'capitate_rvs.vtp'.
[2022-09-12 11:16:58.108] [warning] Couldn't find file 'trapezoid_rvs.vtp'.
[2022-09-12 11:16:58.108] [warning] Couldn't find file 'trapezium_rvs.vtp'.
[2022-09-12 11:16:58.108] [warning] Couldn't find file 'metacarpal2_rvs.vtp'.
[2022-09-12 11:16:58.108] [warning] Couldn't find file 'index_proximal_rvs.vtp'.
[2022-09-12 11:16:58.109] [warning] Couldn't find file 'index_medial_rvs.vtp'.
[2022-09-12 11:16:58.109] [warning] Couldn't find file 'index_distal_rvs.vtp'.
[2022-09-12 11:16:58.109] [warning] Couldn't find file 'metacarpal3_rvs.vtp'.
[2022-09-12 11:16:58.109] [warning] Couldn't find file 'middle_proximal_rvs.vtp'.
[2022-09-12 11:16:58.109] [warning] Couldn't find file 'middle_medial_rvs.vtp'.
[2022-09-12 11:16:58.109] [warning] Couldn't find file 'middle_distal_rvs.vtp'.
[2022-09-12 11:16:58.109] [warning] Couldn't find file 'metacarpal4_rvs.vtp'.
[2022-09-12 11:16:58.109] [warning] Couldn't find file 'ring_proximal_rvs.vtp'.
[2022-09-12 11:16:58.109] [warning] Couldn't find file 'ring_medial_rvs.vtp'.
[2022-09-12 11:16:58.109] [warning] Couldn't find file 'ring_distal_rvs.vtp'.
[2022-09-12 11:16:58.109] [warning] Couldn't find file 'metacarpal5_rvs.vtp'.
[2022-09-12 11:16:58.109] [warning] Couldn't find file 'little_proximal_rvs.vtp'.
[2022-09-12 11:16:58.109] [warning] Couldn't find file 'little_medial_rvs.vtp'.
[2022-09-12 11:16:58.109] [warning] Couldn't find file 'little_distal_rvs.vtp'.
[2022-09-12 11:16:58.109] [warning] Couldn't find file 'metacarpal1_rvs.vtp'.
[2022-09-12 11:16:58.109] [warning] Couldn't find file 'thumb_proximal_rvs.vtp'.
[2022-09-12 11:16:58.109] [warning] Couldn't find file 'thumb_distal_rvs.vtp'.
[2022-09-12 11:16:58.110] [warning] Couldn't find file 'humerus_lv.vtp'.
[2022-09-12 11:16:58.110] [warning] Couldn't find file 'ulna_lv.vtp'.
[2022-09-12 11:16:58.110] [warning] Couldn't find file 'radius_lv.vtp'.
[2022-09-12 11:16:58.110] [warning] Couldn't find file 'pisiform_lvs.vtp'.
[2022-09-12 11:16:58.110] [warning] Couldn't find file 'lunate_lvs.vtp'.
[2022-09-12 11:16:58.110] [warning] Couldn't find file 'scaphoid_lvs.vtp'.
[2022-09-12 11:16:58.110] [warning] Couldn't find file 'triquetrum_lvs.vtp'.
[2022-09-12 11:16:58.110] [warning] Couldn't find file 'hamate_lvs.vtp'.
[2022-09-12 11:16:58.110] [warning] Couldn't find file 'capitate_lvs.vtp'.
[2022-09-12 11:16:58.110] [warning] Couldn't find file 'trapezoid_lvs.vtp'.
[2022-09-12 11:16:58.110] [warning] Couldn't find file 'trapezium_lvs.vtp'.
[2022-09-12 11:16:58.110] [warning] Couldn't find file 'metacarpal2_lvs.vtp'.
[2022-09-12 11:16:58.110] [warning] Couldn't find file 'index_proximal_lvs.vtp'.
[2022-09-12 11:16:58.110] [warning] Couldn't find file 'index_medial_lvs.vtp'.
[2022-09-12 11:16:58.110] [warning] Couldn't find file 'index_distal_lvs.vtp'.
[2022-09-12 11:16:58.111] [warning] Couldn't find file 'metacarpal3_lvs.vtp'.
[2022-09-12 11:16:58.111] [warning] Couldn't find file 'middle_proximal_lvs.vtp'.
[2022-09-12 11:16:58.111] [warning] Couldn't find file 'middle_medial_lvs.vtp'.
[2022-09-12 11:16:58.111] [warning] Couldn't find file 'middle_distal_lvs.vtp'.
[2022-09-12 11:16:58.111] [warning] Couldn't find file 'metacarpal4_lvs.vtp'.
[2022-09-12 11:16:58.111] [warning] Couldn't find file 'ring_proximal_lvs.vtp'.
[2022-09-12 11:16:58.111] [warning] Couldn't find file 'ring_medial_lvs.vtp'.
[2022-09-12 11:16:58.111] [warning] Couldn't find file 'ring_distal_lvs.vtp'.
[2022-09-12 11:16:58.111] [warning] Couldn't find file 'metacarpal5_lvs.vtp'.
[2022-09-12 11:16:58.111] [warning] Couldn't find file 'little_proximal_lvs.vtp'.
[2022-09-12 11:16:58.111] [warning] Couldn't find file 'little_medial_lvs.vtp'.
[2022-09-12 11:16:58.112] [warning] Couldn't find file 'little_distal_lvs.vtp'.
[2022-09-12 11:16:58.112] [warning] Couldn't find file 'metacarpal1_lvs.vtp'.
[2022-09-12 11:16:58.112] [warning] Couldn't find file 'thumb_proximal_lvs.vtp'.
[2022-09-12 11:16:58.112] [warning] Couldn't find file 'thumb_distal_lvs.vtp'.
[2022-09-12 11:16:58.916] [info] Loaded model subject1_withMTJ_locked_scaled_custom from file C:\Users\u0150099\Documents\master_thesis\3dpredictsim\OpenSimModel\subject1\Fal_s1_mtjc4_FK_sc_MTc5_cspx10_oy3.osim
[2022-09-12 11:16:58.917] [warning] Couldn't find file 'sacrum.vtp'.
[2022-09-12 11:16:58.917] [warning] Couldn't find file 'pelvis.vtp'.
[2022-09-12 11:16:58.917] [warning] Couldn't find file 'l_pelvis.vtp'.
[2022-09-12 11:16:58.917] [warning] Couldn't find file 'femur_r.vtp'.
[2022-09-12 11:16:58.917] [warning] Couldn't find file 'tibia_r.vtp'.
[2022-09-12 11:16:58.917] [warning] Couldn't find file 'fibula_r.vtp'.
[2022-09-12 11:16:58.917] [warning] Couldn't find file 'talus_rv.vtp'.
[2022-09-12 11:16:58.917] [warning] Couldn't find file 'calcaneous_rv.vtp'.
[2022-09-12 11:16:58.918] [warning] Couldn't find file 'model_r_midfoot.stl'.
[2022-09-12 11:16:58.918] [warning] Couldn't find file 'model_r_forefoot.stl'.
[2022-09-12 11:16:58.918] [warning] Couldn't find file 'model_r_toes.stl'.
[2022-09-12 11:16:58.918] [warning] Couldn't find file 'femur_l.vtp'.
[2022-09-12 11:16:58.918] [warning] Couldn't find file 'tibia_l.vtp'.
[2022-09-12 11:16:58.918] [warning] Couldn't find file 'fibula_l.vtp'.
[2022-09-12 11:16:58.918] [warning] Couldn't find file 'talus_lv.vtp'.
[2022-09-12 11:16:58.918] [warning] Couldn't find file 'calcaneous_lv.vtp'.
[2022-09-12 11:16:58.918] [warning] Couldn't find file 'model_l_midfoot.stl'.
[2022-09-12 11:16:58.918] [warning] Couldn't find file 'model_l_forefoot.stl'.
[2022-09-12 11:16:58.918] [warning] Couldn't find file 'model_l_toes.stl'.
[2022-09-12 11:16:58.918] [warning] Couldn't find file 'hat_spine.vtp'.
[2022-09-12 11:16:58.918] [warning] Couldn't find file 'hat_jaw.vtp'.
[2022-09-12 11:16:58.918] [warning] Couldn't find file 'hat_skull.vtp'.
[2022-09-12 11:16:58.918] [warning] Couldn't find file 'hat_ribs_scap.vtp'.
[2022-09-12 11:16:58.918] [warning] Couldn't find file 'humerus_rv.vtp'.
[2022-09-12 11:16:58.918] [warning] Couldn't find file 'ulna_rv.vtp'.
[2022-09-12 11:16:58.919] [warning] Couldn't find file 'radius_rv.vtp'.
[2022-09-12 11:16:58.919] [warning] Couldn't find file 'pisiform_rvs.vtp'.
[2022-09-12 11:16:58.919] [warning] Couldn't find file 'lunate_rvs.vtp'.
[2022-09-12 11:16:58.919] [warning] Couldn't find file 'scaphoid_rvs.vtp'.
[2022-09-12 11:16:58.919] [warning] Couldn't find file 'triquetrum_rvs.vtp'.
[2022-09-12 11:16:58.919] [warning] Couldn't find file 'hamate_rvs.vtp'.
[2022-09-12 11:16:58.919] [warning] Couldn't find file 'capitate_rvs.vtp'.
[2022-09-12 11:16:58.919] [warning] Couldn't find file 'trapezoid_rvs.vtp'.
[2022-09-12 11:16:58.919] [warning] Couldn't find file 'trapezium_rvs.vtp'.
[2022-09-12 11:16:58.919] [warning] Couldn't find file 'metacarpal2_rvs.vtp'.
[2022-09-12 11:16:58.919] [warning] Couldn't find file 'index_proximal_rvs.vtp'.
[2022-09-12 11:16:58.919] [warning] Couldn't find file 'index_medial_rvs.vtp'.
[2022-09-12 11:16:58.919] [warning] Couldn't find file 'index_distal_rvs.vtp'.
[2022-09-12 11:16:58.919] [warning] Couldn't find file 'metacarpal3_rvs.vtp'.
[2022-09-12 11:16:58.919] [warning] Couldn't find file 'middle_proximal_rvs.vtp'.
[2022-09-12 11:16:58.919] [warning] Couldn't find file 'middle_medial_rvs.vtp'.
[2022-09-12 11:16:58.919] [warning] Couldn't find file 'middle_distal_rvs.vtp'.
[2022-09-12 11:16:58.920] [warning] Couldn't find file 'metacarpal4_rvs.vtp'.
[2022-09-12 11:16:58.920] [warning] Couldn't find file 'ring_proximal_rvs.vtp'.
[2022-09-12 11:16:58.920] [warning] Couldn't find file 'ring_medial_rvs.vtp'.
[2022-09-12 11:16:58.920] [warning] Couldn't find file 'ring_distal_rvs.vtp'.
[2022-09-12 11:16:58.920] [warning] Couldn't find file 'metacarpal5_rvs.vtp'.
[2022-09-12 11:16:58.920] [warning] Couldn't find file 'little_proximal_rvs.vtp'.
[2022-09-12 11:16:58.920] [warning] Couldn't find file 'little_medial_rvs.vtp'.
[2022-09-12 11:16:58.920] [warning] Couldn't find file 'little_distal_rvs.vtp'.
[2022-09-12 11:16:58.920] [warning] Couldn't find file 'metacarpal1_rvs.vtp'.
[2022-09-12 11:16:58.920] [warning] Couldn't find file 'thumb_proximal_rvs.vtp'.
[2022-09-12 11:16:58.920] [warning] Couldn't find file 'thumb_distal_rvs.vtp'.
[2022-09-12 11:16:58.920] [warning] Couldn't find file 'humerus_lv.vtp'.
[2022-09-12 11:16:58.920] [warning] Couldn't find file 'ulna_lv.vtp'.
[2022-09-12 11:16:58.920] [warning] Couldn't find file 'radius_lv.vtp'.
[2022-09-12 11:16:58.920] [warning] Couldn't find file 'pisiform_lvs.vtp'.
[2022-09-12 11:16:58.920] [warning] Couldn't find file 'lunate_lvs.vtp'.
[2022-09-12 11:16:58.920] [warning] Couldn't find file 'scaphoid_lvs.vtp'.
[2022-09-12 11:16:58.921] [warning] Couldn't find file 'triquetrum_lvs.vtp'.
[2022-09-12 11:16:58.921] [warning] Couldn't find file 'hamate_lvs.vtp'.
[2022-09-12 11:16:58.921] [warning] Couldn't find file 'capitate_lvs.vtp'.
[2022-09-12 11:16:58.921] [warning] Couldn't find file 'trapezoid_lvs.vtp'.
[2022-09-12 11:16:58.921] [warning] Couldn't find file 'trapezium_lvs.vtp'.
[2022-09-12 11:16:58.921] [warning] Couldn't find file 'metacarpal2_lvs.vtp'.
[2022-09-12 11:16:58.921] [warning] Couldn't find file 'index_proximal_lvs.vtp'.
[2022-09-12 11:16:58.921] [warning] Couldn't find file 'index_medial_lvs.vtp'.
[2022-09-12 11:16:58.921] [warning] Couldn't find file 'index_distal_lvs.vtp'.
[2022-09-12 11:16:58.921] [warning] Couldn't find file 'metacarpal3_lvs.vtp'.
[2022-09-12 11:16:58.921] [warning] Couldn't find file 'middle_proximal_lvs.vtp'.
[2022-09-12 11:16:58.921] [warning] Couldn't find file 'middle_medial_lvs.vtp'.
[2022-09-12 11:16:58.921] [warning] Couldn't find file 'middle_distal_lvs.vtp'.
[2022-09-12 11:16:58.921] [warning] Couldn't find file 'metacarpal4_lvs.vtp'.
[2022-09-12 11:16:58.921] [warning] Couldn't find file 'ring_proximal_lvs.vtp'.
[2022-09-12 11:16:58.921] [warning] Couldn't find file 'ring_medial_lvs.vtp'.
[2022-09-12 11:16:58.921] [warning] Couldn't find file 'ring_distal_lvs.vtp'.
[2022-09-12 11:16:58.921] [warning] Couldn't find file 'metacarpal5_lvs.vtp'.
[2022-09-12 11:16:58.922] [warning] Couldn't find file 'little_proximal_lvs.vtp'.
[2022-09-12 11:16:58.922] [warning] Couldn't find file 'little_medial_lvs.vtp'.
[2022-09-12 11:16:58.922] [warning] Couldn't find file 'little_distal_lvs.vtp'.
[2022-09-12 11:16:58.922] [warning] Couldn't find file 'metacarpal1_lvs.vtp'.
[2022-09-12 11:16:58.922] [warning] Couldn't find file 'thumb_proximal_lvs.vtp'.
[2022-09-12 11:16:58.922] [warning] Couldn't find file 'thumb_distal_lvs.vtp'.
[2022-09-12 11:16:59.370] [info] Loaded model subject1_withMTJ_locked_scaled_custom from file C:\Users\u0150099\Documents\master_thesis\3dpredictsim\OpenSimModel\subject1\Fal_s1_mtjc4_FK_sc_FDB2_MTc5_cg0.osim
[2022-09-12 11:16:59.371] [warning] Couldn't find file 'sacrum.vtp'.
[2022-09-12 11:16:59.371] [warning] Couldn't find file 'pelvis.vtp'.
[2022-09-12 11:16:59.371] [warning] Couldn't find file 'l_pelvis.vtp'.
[2022-09-12 11:16:59.371] [warning] Couldn't find file 'femur_r.vtp'.
[2022-09-12 11:16:59.371] [warning] Couldn't find file 'tibia_r.vtp'.
[2022-09-12 11:16:59.371] [warning] Couldn't find file 'fibula_r.vtp'.
[2022-09-12 11:16:59.371] [warning] Couldn't find file 'talus_rv.vtp'.
[2022-09-12 11:16:59.372] [warning] Couldn't find file 'calcaneous_rv.vtp'.
[2022-09-12 11:16:59.372] [warning] Couldn't find file 'model_r_midfoot.stl'.
[2022-09-12 11:16:59.372] [warning] Couldn't find file 'model_r_forefoot.stl'.
[2022-09-12 11:16:59.372] [warning] Couldn't find file 'model_r_toes.stl'.
[2022-09-12 11:16:59.372] [warning] Couldn't find file 'femur_l.vtp'.
[2022-09-12 11:16:59.372] [warning] Couldn't find file 'tibia_l.vtp'.
[2022-09-12 11:16:59.372] [warning] Couldn't find file 'fibula_l.vtp'.
[2022-09-12 11:16:59.372] [warning] Couldn't find file 'talus_lv.vtp'.
[2022-09-12 11:16:59.372] [warning] Couldn't find file 'calcaneous_lv.vtp'.
[2022-09-12 11:16:59.372] [warning] Couldn't find file 'model_l_midfoot.stl'.
[2022-09-12 11:16:59.372] [warning] Couldn't find file 'model_l_forefoot.stl'.
[2022-09-12 11:16:59.372] [warning] Couldn't find file 'model_l_toes.stl'.
[2022-09-12 11:16:59.372] [warning] Couldn't find file 'hat_spine.vtp'.
[2022-09-12 11:16:59.372] [warning] Couldn't find file 'hat_jaw.vtp'.
[2022-09-12 11:16:59.372] [warning] Couldn't find file 'hat_skull.vtp'.
[2022-09-12 11:16:59.372] [warning] Couldn't find file 'hat_ribs_scap.vtp'.
[2022-09-12 11:16:59.373] [warning] Couldn't find file 'humerus_rv.vtp'.
[2022-09-12 11:16:59.373] [warning] Couldn't find file 'ulna_rv.vtp'.
[2022-09-12 11:16:59.373] [warning] Couldn't find file 'radius_rv.vtp'.
[2022-09-12 11:16:59.373] [warning] Couldn't find file 'pisiform_rvs.vtp'.
[2022-09-12 11:16:59.373] [warning] Couldn't find file 'lunate_rvs.vtp'.
[2022-09-12 11:16:59.373] [warning] Couldn't find file 'scaphoid_rvs.vtp'.
[2022-09-12 11:16:59.373] [warning] Couldn't find file 'triquetrum_rvs.vtp'.
[2022-09-12 11:16:59.373] [warning] Couldn't find file 'hamate_rvs.vtp'.
[2022-09-12 11:16:59.373] [warning] Couldn't find file 'capitate_rvs.vtp'.
[2022-09-12 11:16:59.373] [warning] Couldn't find file 'trapezoid_rvs.vtp'.
[2022-09-12 11:16:59.373] [warning] Couldn't find file 'trapezium_rvs.vtp'.
[2022-09-12 11:16:59.373] [warning] Couldn't find file 'metacarpal2_rvs.vtp'.
[2022-09-12 11:16:59.373] [warning] Couldn't find file 'index_proximal_rvs.vtp'.
[2022-09-12 11:16:59.373] [warning] Couldn't find file 'index_medial_rvs.vtp'.
[2022-09-12 11:16:59.373] [warning] Couldn't find file 'index_distal_rvs.vtp'.
[2022-09-12 11:16:59.373] [warning] Couldn't find file 'metacarpal3_rvs.vtp'.
[2022-09-12 11:16:59.373] [warning] Couldn't find file 'middle_proximal_rvs.vtp'.
[2022-09-12 11:16:59.374] [warning] Couldn't find file 'middle_medial_rvs.vtp'.
[2022-09-12 11:16:59.374] [warning] Couldn't find file 'middle_distal_rvs.vtp'.
[2022-09-12 11:16:59.374] [warning] Couldn't find file 'metacarpal4_rvs.vtp'.
[2022-09-12 11:16:59.374] [warning] Couldn't find file 'ring_proximal_rvs.vtp'.
[2022-09-12 11:16:59.374] [warning] Couldn't find file 'ring_medial_rvs.vtp'.
[2022-09-12 11:16:59.374] [warning] Couldn't find file 'ring_distal_rvs.vtp'.
[2022-09-12 11:16:59.374] [warning] Couldn't find file 'metacarpal5_rvs.vtp'.
[2022-09-12 11:16:59.374] [warning] Couldn't find file 'little_proximal_rvs.vtp'.
[2022-09-12 11:16:59.374] [warning] Couldn't find file 'little_medial_rvs.vtp'.
[2022-09-12 11:16:59.374] [warning] Couldn't find file 'little_distal_rvs.vtp'.
[2022-09-12 11:16:59.374] [warning] Couldn't find file 'metacarpal1_rvs.vtp'.
[2022-09-12 11:16:59.374] [warning] Couldn't find file 'thumb_proximal_rvs.vtp'.
[2022-09-12 11:16:59.374] [warning] Couldn't find file 'thumb_distal_rvs.vtp'.
[2022-09-12 11:16:59.374] [warning] Couldn't find file 'humerus_lv.vtp'.
[2022-09-12 11:16:59.374] [warning] Couldn't find file 'ulna_lv.vtp'.
[2022-09-12 11:16:59.374] [warning] Couldn't find file 'radius_lv.vtp'.
[2022-09-12 11:16:59.374] [warning] Couldn't find file 'pisiform_lvs.vtp'.
[2022-09-12 11:16:59.374] [warning] Couldn't find file 'lunate_lvs.vtp'.
[2022-09-12 11:16:59.375] [warning] Couldn't find file 'scaphoid_lvs.vtp'.
[2022-09-12 11:16:59.375] [warning] Couldn't find file 'triquetrum_lvs.vtp'.
[2022-09-12 11:16:59.375] [warning] Couldn't find file 'hamate_lvs.vtp'.
[2022-09-12 11:16:59.375] [warning] Couldn't find file 'capitate_lvs.vtp'.
[2022-09-12 11:16:59.375] [warning] Couldn't find file 'trapezoid_lvs.vtp'.
[2022-09-12 11:16:59.375] [warning] Couldn't find file 'trapezium_lvs.vtp'.
[2022-09-12 11:16:59.375] [warning] Couldn't find file 'metacarpal2_lvs.vtp'.
[2022-09-12 11:16:59.375] [warning] Couldn't find file 'index_proximal_lvs.vtp'.
[2022-09-12 11:16:59.375] [warning] Couldn't find file 'index_medial_lvs.vtp'.
[2022-09-12 11:16:59.375] [warning] Couldn't find file 'index_distal_lvs.vtp'.
[2022-09-12 11:16:59.375] [warning] Couldn't find file 'metacarpal3_lvs.vtp'.
[2022-09-12 11:16:59.375] [warning] Couldn't find file 'middle_proximal_lvs.vtp'.
[2022-09-12 11:16:59.375] [warning] Couldn't find file 'middle_medial_lvs.vtp'.
[2022-09-12 11:16:59.375] [warning] Couldn't find file 'middle_distal_lvs.vtp'.
[2022-09-12 11:16:59.375] [warning] Couldn't find file 'metacarpal4_lvs.vtp'.
[2022-09-12 11:16:59.375] [warning] Couldn't find file 'ring_proximal_lvs.vtp'.
[2022-09-12 11:16:59.375] [warning] Couldn't find file 'ring_medial_lvs.vtp'.
[2022-09-12 11:16:59.376] [warning] Couldn't find file 'ring_distal_lvs.vtp'.
[2022-09-12 11:16:59.376] [warning] Couldn't find file 'metacarpal5_lvs.vtp'.
[2022-09-12 11:16:59.376] [warning] Couldn't find file 'little_proximal_lvs.vtp'.
[2022-09-12 11:16:59.376] [warning] Couldn't find file 'little_medial_lvs.vtp'.
[2022-09-12 11:16:59.376] [warning] Couldn't find file 'little_distal_lvs.vtp'.
[2022-09-12 11:16:59.376] [warning] Couldn't find file 'metacarpal1_lvs.vtp'.
[2022-09-12 11:16:59.376] [warning] Couldn't find file 'thumb_proximal_lvs.vtp'.
[2022-09-12 11:16:59.376] [warning] Couldn't find file 'thumb_distal_lvs.vtp'.
[2022-09-12 11:26:03.730] [info] Loaded model Fal_s1_mtp_sc_MTc5_cspx10_oy1 from file C:\Users\u0150099\Documents\master_thesis\3dpredictsim\OpenSimModel\subject1\Fal_s1_mtp_FK_sc_MTc5_cg0.osim
[2022-09-12 11:26:03.731] [warning] Couldn't find file 'sacrum.vtp'.
[2022-09-12 11:26:03.731] [warning] Couldn't find file 'pelvis.vtp'.
[2022-09-12 11:26:03.731] [warning] Couldn't find file 'l_pelvis.vtp'.
[2022-09-12 11:26:03.731] [warning] Couldn't find file 'femur_r.vtp'.
[2022-09-12 11:26:03.731] [warning] Couldn't find file 'tibia_r.vtp'.
[2022-09-12 11:26:03.731] [warning] Couldn't find file 'fibula_r.vtp'.
[2022-09-12 11:26:03.731] [warning] Couldn't find file 'talus_rv.vtp'.
[2022-09-12 11:26:03.731] [warning] Couldn't find file 'calcaneous_rv.vtp'.
[2022-09-12 11:26:03.731] [warning] Couldn't find file 'model_r_midfoot.stl'.
[2022-09-12 11:26:03.731] [warning] Couldn't find file 'model_r_forefoot.stl'.
[2022-09-12 11:26:03.731] [warning] Couldn't find file 'model_r_toes.stl'.
[2022-09-12 11:26:03.731] [warning] Couldn't find file 'femur_l.vtp'.
[2022-09-12 11:26:03.732] [warning] Couldn't find file 'tibia_l.vtp'.
[2022-09-12 11:26:03.732] [warning] Couldn't find file 'fibula_l.vtp'.
[2022-09-12 11:26:03.732] [warning] Couldn't find file 'talus_lv.vtp'.
[2022-09-12 11:26:03.732] [warning] Couldn't find file 'calcaneous_lv.vtp'.
[2022-09-12 11:26:03.732] [warning] Couldn't find file 'model_l_midfoot.stl'.
[2022-09-12 11:26:03.732] [warning] Couldn't find file 'model_l_forefoot.stl'.
[2022-09-12 11:26:03.732] [warning] Couldn't find file 'model_l_toes.stl'.
[2022-09-12 11:26:03.732] [warning] Couldn't find file 'hat_spine.vtp'.
[2022-09-12 11:26:03.732] [warning] Couldn't find file 'hat_jaw.vtp'.
[2022-09-12 11:26:03.732] [warning] Couldn't find file 'hat_skull.vtp'.
[2022-09-12 11:26:03.732] [warning] Couldn't find file 'hat_ribs_scap.vtp'.
[2022-09-12 11:26:03.732] [warning] Couldn't find file 'humerus_rv.vtp'.
[2022-09-12 11:26:03.732] [warning] Couldn't find file 'ulna_rv.vtp'.
[2022-09-12 11:26:03.732] [warning] Couldn't find file 'radius_rv.vtp'.
[2022-09-12 11:26:03.732] [warning] Couldn't find file 'pisiform_rvs.vtp'.
[2022-09-12 11:26:03.732] [warning] Couldn't find file 'lunate_rvs.vtp'.
[2022-09-12 11:26:03.733] [warning] Couldn't find file 'scaphoid_rvs.vtp'.
[2022-09-12 11:26:03.733] [warning] Couldn't find file 'triquetrum_rvs.vtp'.
[2022-09-12 11:26:03.733] [warning] Couldn't find file 'hamate_rvs.vtp'.
[2022-09-12 11:26:03.733] [warning] Couldn't find file 'capitate_rvs.vtp'.
[2022-09-12 11:26:03.733] [warning] Couldn't find file 'trapezoid_rvs.vtp'.
[2022-09-12 11:26:03.733] [warning] Couldn't find file 'trapezium_rvs.vtp'.
[2022-09-12 11:26:03.733] [warning] Couldn't find file 'metacarpal2_rvs.vtp'.
[2022-09-12 11:26:03.733] [warning] Couldn't find file 'index_proximal_rvs.vtp'.
[2022-09-12 11:26:03.733] [warning] Couldn't find file 'index_medial_rvs.vtp'.
[2022-09-12 11:26:03.733] [warning] Couldn't find file 'index_distal_rvs.vtp'.
[2022-09-12 11:26:03.733] [warning] Couldn't find file 'metacarpal3_rvs.vtp'.
[2022-09-12 11:26:03.733] [warning] Couldn't find file 'middle_proximal_rvs.vtp'.
[2022-09-12 11:26:03.733] [warning] Couldn't find file 'middle_medial_rvs.vtp'.
[2022-09-12 11:26:03.733] [warning] Couldn't find file 'middle_distal_rvs.vtp'.
[2022-09-12 11:26:03.733] [warning] Couldn't find file 'metacarpal4_rvs.vtp'.
[2022-09-12 11:26:03.733] [warning] Couldn't find file 'ring_proximal_rvs.vtp'.
[2022-09-12 11:26:03.733] [warning] Couldn't find file 'ring_medial_rvs.vtp'.
[2022-09-12 11:26:03.734] [warning] Couldn't find file 'ring_distal_rvs.vtp'.
[2022-09-12 11:26:03.734] [warning] Couldn't find file 'metacarpal5_rvs.vtp'.
[2022-09-12 11:26:03.734] [warning] Couldn't find file 'little_proximal_rvs.vtp'.
[2022-09-12 11:26:03.734] [warning] Couldn't find file 'little_medial_rvs.vtp'.
[2022-09-12 11:26:03.734] [warning] Couldn't find file 'little_distal_rvs.vtp'.
[2022-09-12 11:26:03.734] [warning] Couldn't find file 'metacarpal1_rvs.vtp'.
[2022-09-12 11:26:03.734] [warning] Couldn't find file 'thumb_proximal_rvs.vtp'.
[2022-09-12 11:26:03.734] [warning] Couldn't find file 'thumb_distal_rvs.vtp'.
[2022-09-12 11:26:03.734] [warning] Couldn't find file 'humerus_lv.vtp'.
[2022-09-12 11:26:03.734] [warning] Couldn't find file 'ulna_lv.vtp'.
[2022-09-12 11:26:03.734] [warning] Couldn't find file 'radius_lv.vtp'.
[2022-09-12 11:26:03.734] [warning] Couldn't find file 'pisiform_lvs.vtp'.
[2022-09-12 11:26:03.734] [warning] Couldn't find file 'lunate_lvs.vtp'.
[2022-09-12 11:26:03.734] [warning] Couldn't find file 'scaphoid_lvs.vtp'.
[2022-09-12 11:26:03.734] [warning] Couldn't find file 'triquetrum_lvs.vtp'.
[2022-09-12 11:26:03.734] [warning] Couldn't find file 'hamate_lvs.vtp'.
[2022-09-12 11:26:03.734] [warning] Couldn't find file 'capitate_lvs.vtp'.
[2022-09-12 11:26:03.735] [warning] Couldn't find file 'trapezoid_lvs.vtp'.
[2022-09-12 11:26:03.735] [warning] Couldn't find file 'trapezium_lvs.vtp'.
[2022-09-12 11:26:03.735] [warning] Couldn't find file 'metacarpal2_lvs.vtp'.
[2022-09-12 11:26:03.735] [warning] Couldn't find file 'index_proximal_lvs.vtp'.
[2022-09-12 11:26:03.735] [warning] Couldn't find file 'index_medial_lvs.vtp'.
[2022-09-12 11:26:03.735] [warning] Couldn't find file 'index_distal_lvs.vtp'.
[2022-09-12 11:26:03.735] [warning] Couldn't find file 'metacarpal3_lvs.vtp'.
[2022-09-12 11:26:03.735] [warning] Couldn't find file 'middle_proximal_lvs.vtp'.
[2022-09-12 11:26:03.735] [warning] Couldn't find file 'middle_medial_lvs.vtp'.
[2022-09-12 11:26:03.735] [warning] Couldn't find file 'middle_distal_lvs.vtp'.
[2022-09-12 11:26:03.735] [warning] Couldn't find file 'metacarpal4_lvs.vtp'.
[2022-09-12 11:26:03.735] [warning] Couldn't find file 'ring_proximal_lvs.vtp'.
[2022-09-12 11:26:03.735] [warning] Couldn't find file 'ring_medial_lvs.vtp'.
[2022-09-12 11:26:03.735] [warning] Couldn't find file 'ring_distal_lvs.vtp'.
[2022-09-12 11:26:03.735] [warning] Couldn't find file 'metacarpal5_lvs.vtp'.
[2022-09-12 11:26:03.735] [warning] Couldn't find file 'little_proximal_lvs.vtp'.
[2022-09-12 11:26:03.735] [warning] Couldn't find file 'little_medial_lvs.vtp'.
[2022-09-12 11:26:03.735] [warning] Couldn't find file 'little_distal_lvs.vtp'.
[2022-09-12 11:26:03.736] [warning] Couldn't find file 'metacarpal1_lvs.vtp'.
[2022-09-12 11:26:03.736] [warning] Couldn't find file 'thumb_proximal_lvs.vtp'.
[2022-09-12 11:26:03.736] [warning] Couldn't find file 'thumb_distal_lvs.vtp'.
[2022-09-12 11:43:08.276] [info] Loaded model subject1_withMTJ_locked_scaled_custom from file C:\Users\u0150099\Documents\master_thesis\3dpredictsim\OpenSimModel\subject1\Fal_s1_mtjc4_FK_sc_MTc5_cspx10_oy3.osim
[2022-09-12 11:43:08.277] [warning] Couldn't find file 'sacrum.vtp'.
[2022-09-12 11:43:08.277] [warning] Couldn't find file 'pelvis.vtp'.
[2022-09-12 11:43:08.277] [warning] Couldn't find file 'l_pelvis.vtp'.
[2022-09-12 11:43:08.277] [warning] Couldn't find file 'femur_r.vtp'.
[2022-09-12 11:43:08.277] [warning] Couldn't find file 'tibia_r.vtp'.
[2022-09-12 11:43:08.277] [warning] Couldn't find file 'fibula_r.vtp'.
[2022-09-12 11:43:08.277] [warning] Couldn't find file 'talus_rv.vtp'.
[2022-09-12 11:43:08.277] [warning] Couldn't find file 'calcaneous_rv.vtp'.
[2022-09-12 11:43:08.277] [warning] Couldn't find file 'model_r_midfoot.stl'.
[2022-09-12 11:43:08.277] [warning] Couldn't find file 'model_r_forefoot.stl'.
[2022-09-12 11:43:08.277] [warning] Couldn't find file 'model_r_toes.stl'.
[2022-09-12 11:43:08.278] [warning] Couldn't find file 'femur_l.vtp'.
[2022-09-12 11:43:08.278] [warning] Couldn't find file 'tibia_l.vtp'.
[2022-09-12 11:43:08.278] [warning] Couldn't find file 'fibula_l.vtp'.
[2022-09-12 11:43:08.278] [warning] Couldn't find file 'talus_lv.vtp'.
[2022-09-12 11:43:08.278] [warning] Couldn't find file 'calcaneous_lv.vtp'.
[2022-09-12 11:43:08.278] [warning] Couldn't find file 'model_l_midfoot.stl'.
[2022-09-12 11:43:08.278] [warning] Couldn't find file 'model_l_forefoot.stl'.
[2022-09-12 11:43:08.278] [warning] Couldn't find file 'model_l_toes.stl'.
[2022-09-12 11:43:08.278] [warning] Couldn't find file 'hat_spine.vtp'.
[2022-09-12 11:43:08.278] [warning] Couldn't find file 'hat_jaw.vtp'.
[2022-09-12 11:43:08.278] [warning] Couldn't find file 'hat_skull.vtp'.
[2022-09-12 11:43:08.278] [warning] Couldn't find file 'hat_ribs_scap.vtp'.
[2022-09-12 11:43:08.278] [warning] Couldn't find file 'humerus_rv.vtp'.
[2022-09-12 11:43:08.278] [warning] Couldn't find file 'ulna_rv.vtp'.
[2022-09-12 11:43:08.278] [warning] Couldn't find file 'radius_rv.vtp'.
[2022-09-12 11:43:08.278] [warning] Couldn't find file 'pisiform_rvs.vtp'.
[2022-09-12 11:43:08.279] [warning] Couldn't find file 'lunate_rvs.vtp'.
[2022-09-12 11:43:08.279] [warning] Couldn't find file 'scaphoid_rvs.vtp'.
[2022-09-12 11:43:08.279] [warning] Couldn't find file 'triquetrum_rvs.vtp'.
[2022-09-12 11:43:08.279] [warning] Couldn't find file 'hamate_rvs.vtp'.
[2022-09-12 11:43:08.279] [warning] Couldn't find file 'capitate_rvs.vtp'.
[2022-09-12 11:43:08.279] [warning] Couldn't find file 'trapezoid_rvs.vtp'.
[2022-09-12 11:43:08.279] [warning] Couldn't find file 'trapezium_rvs.vtp'.
[2022-09-12 11:43:08.279] [warning] Couldn't find file 'metacarpal2_rvs.vtp'.
[2022-09-12 11:43:08.279] [warning] Couldn't find file 'index_proximal_rvs.vtp'.
[2022-09-12 11:43:08.279] [warning] Couldn't find file 'index_medial_rvs.vtp'.
[2022-09-12 11:43:08.279] [warning] Couldn't find file 'index_distal_rvs.vtp'.
[2022-09-12 11:43:08.279] [warning] Couldn't find file 'metacarpal3_rvs.vtp'.
[2022-09-12 11:43:08.279] [warning] Couldn't find file 'middle_proximal_rvs.vtp'.
[2022-09-12 11:43:08.279] [warning] Couldn't find file 'middle_medial_rvs.vtp'.
[2022-09-12 11:43:08.279] [warning] Couldn't find file 'middle_distal_rvs.vtp'.
[2022-09-12 11:43:08.279] [warning] Couldn't find file 'metacarpal4_rvs.vtp'.
[2022-09-12 11:43:08.280] [warning] Couldn't find file 'ring_proximal_rvs.vtp'.
[2022-09-12 11:43:08.280] [warning] Couldn't find file 'ring_medial_rvs.vtp'.
[2022-09-12 11:43:08.280] [warning] Couldn't find file 'ring_distal_rvs.vtp'.
[2022-09-12 11:43:08.280] [warning] Couldn't find file 'metacarpal5_rvs.vtp'.
[2022-09-12 11:43:08.280] [warning] Couldn't find file 'little_proximal_rvs.vtp'.
[2022-09-12 11:43:08.280] [warning] Couldn't find file 'little_medial_rvs.vtp'.
[2022-09-12 11:43:08.280] [warning] Couldn't find file 'little_distal_rvs.vtp'.
[2022-09-12 11:43:08.280] [warning] Couldn't find file 'metacarpal1_rvs.vtp'.
[2022-09-12 11:43:08.280] [warning] Couldn't find file 'thumb_proximal_rvs.vtp'.
[2022-09-12 11:43:08.280] [warning] Couldn't find file 'thumb_distal_rvs.vtp'.
[2022-09-12 11:43:08.280] [warning] Couldn't find file 'humerus_lv.vtp'.
[2022-09-12 11:43:08.280] [warning] Couldn't find file 'ulna_lv.vtp'.
[2022-09-12 11:43:08.280] [warning] Couldn't find file 'radius_lv.vtp'.
[2022-09-12 11:43:08.280] [warning] Couldn't find file 'pisiform_lvs.vtp'.
[2022-09-12 11:43:08.280] [warning] Couldn't find file 'lunate_lvs.vtp'.
[2022-09-12 11:43:08.280] [warning] Couldn't find file 'scaphoid_lvs.vtp'.
[2022-09-12 11:43:08.281] [warning] Couldn't find file 'triquetrum_lvs.vtp'.
[2022-09-12 11:43:08.281] [warning] Couldn't find file 'hamate_lvs.vtp'.
[2022-09-12 11:43:08.281] [warning] Couldn't find file 'capitate_lvs.vtp'.
[2022-09-12 11:43:08.281] [warning] Couldn't find file 'trapezoid_lvs.vtp'.
[2022-09-12 11:43:08.281] [warning] Couldn't find file 'trapezium_lvs.vtp'.
[2022-09-12 11:43:08.281] [warning] Couldn't find file 'metacarpal2_lvs.vtp'.
[2022-09-12 11:43:08.281] [warning] Couldn't find file 'index_proximal_lvs.vtp'.
[2022-09-12 11:43:08.281] [warning] Couldn't find file 'index_medial_lvs.vtp'.
[2022-09-12 11:43:08.281] [warning] Couldn't find file 'index_distal_lvs.vtp'.
[2022-09-12 11:43:08.281] [warning] Couldn't find file 'metacarpal3_lvs.vtp'.
[2022-09-12 11:43:08.281] [warning] Couldn't find file 'middle_proximal_lvs.vtp'.
[2022-09-12 11:43:08.281] [warning] Couldn't find file 'middle_medial_lvs.vtp'.
[2022-09-12 11:43:08.281] [warning] Couldn't find file 'middle_distal_lvs.vtp'.
[2022-09-12 11:43:08.281] [warning] Couldn't find file 'metacarpal4_lvs.vtp'.
[2022-09-12 11:43:08.281] [warning] Couldn't find file 'ring_proximal_lvs.vtp'.
[2022-09-12 11:43:08.281] [warning] Couldn't find file 'ring_medial_lvs.vtp'.
[2022-09-12 11:43:08.281] [warning] Couldn't find file 'ring_distal_lvs.vtp'.
[2022-09-12 11:43:08.282] [warning] Couldn't find file 'metacarpal5_lvs.vtp'.
[2022-09-12 11:43:08.282] [warning] Couldn't find file 'little_proximal_lvs.vtp'.
[2022-09-12 11:43:08.282] [warning] Couldn't find file 'little_medial_lvs.vtp'.
[2022-09-12 11:43:08.282] [warning] Couldn't find file 'little_distal_lvs.vtp'.
[2022-09-12 11:43:08.282] [warning] Couldn't find file 'metacarpal1_lvs.vtp'.
[2022-09-12 11:43:08.282] [warning] Couldn't find file 'thumb_proximal_lvs.vtp'.
[2022-09-12 11:43:08.282] [warning] Couldn't find file 'thumb_distal_lvs.vtp'.
[2022-09-12 11:43:08.998] [info] Loaded model subject1_withMTJ_locked_scaled_custom from file C:\Users\u0150099\Documents\master_thesis\3dpredictsim\OpenSimModel\subject1\Fal_s1_mtjc4_FK_sc_FDB2_MTc5_cg0.osim
[2022-09-12 11:43:08.998] [warning] Couldn't find file 'sacrum.vtp'.
[2022-09-12 11:43:08.998] [warning] Couldn't find file 'pelvis.vtp'.
[2022-09-12 11:43:08.998] [warning] Couldn't find file 'l_pelvis.vtp'.
[2022-09-12 11:43:08.998] [warning] Couldn't find file 'femur_r.vtp'.
[2022-09-12 11:43:08.998] [warning] Couldn't find file 'tibia_r.vtp'.
[2022-09-12 11:43:08.999] [warning] Couldn't find file 'fibula_r.vtp'.
[2022-09-12 11:43:08.999] [warning] Couldn't find file 'talus_rv.vtp'.
[2022-09-12 11:43:08.999] [warning] Couldn't find file 'calcaneous_rv.vtp'.
[2022-09-12 11:43:08.999] [warning] Couldn't find file 'model_r_midfoot.stl'.
[2022-09-12 11:43:08.999] [warning] Couldn't find file 'model_r_forefoot.stl'.
[2022-09-12 11:43:08.999] [warning] Couldn't find file 'model_r_toes.stl'.
[2022-09-12 11:43:08.999] [warning] Couldn't find file 'femur_l.vtp'.
[2022-09-12 11:43:08.999] [warning] Couldn't find file 'tibia_l.vtp'.
[2022-09-12 11:43:08.999] [warning] Couldn't find file 'fibula_l.vtp'.
[2022-09-12 11:43:08.999] [warning] Couldn't find file 'talus_lv.vtp'.
[2022-09-12 11:43:08.999] [warning] Couldn't find file 'calcaneous_lv.vtp'.
[2022-09-12 11:43:08.999] [warning] Couldn't find file 'model_l_midfoot.stl'.
[2022-09-12 11:43:08.999] [warning] Couldn't find file 'model_l_forefoot.stl'.
[2022-09-12 11:43:08.999] [warning] Couldn't find file 'model_l_toes.stl'.
[2022-09-12 11:43:08.999] [warning] Couldn't find file 'hat_spine.vtp'.
[2022-09-12 11:43:09.000] [warning] Couldn't find file 'hat_jaw.vtp'.
[2022-09-12 11:43:09.000] [warning] Couldn't find file 'hat_skull.vtp'.
[2022-09-12 11:43:09.000] [warning] Couldn't find file 'hat_ribs_scap.vtp'.
[2022-09-12 11:43:09.000] [warning] Couldn't find file 'humerus_rv.vtp'.
[2022-09-12 11:43:09.000] [warning] Couldn't find file 'ulna_rv.vtp'.
[2022-09-12 11:43:09.000] [warning] Couldn't find file 'radius_rv.vtp'.
[2022-09-12 11:43:09.000] [warning] Couldn't find file 'pisiform_rvs.vtp'.
[2022-09-12 11:43:09.000] [warning] Couldn't find file 'lunate_rvs.vtp'.
[2022-09-12 11:43:09.000] [warning] Couldn't find file 'scaphoid_rvs.vtp'.
[2022-09-12 11:43:09.000] [warning] Couldn't find file 'triquetrum_rvs.vtp'.
[2022-09-12 11:43:09.000] [warning] Couldn't find file 'hamate_rvs.vtp'.
[2022-09-12 11:43:09.000] [warning] Couldn't find file 'capitate_rvs.vtp'.
[2022-09-12 11:43:09.000] [warning] Couldn't find file 'trapezoid_rvs.vtp'.
[2022-09-12 11:43:09.000] [warning] Couldn't find file 'trapezium_rvs.vtp'.
[2022-09-12 11:43:09.000] [warning] Couldn't find file 'metacarpal2_rvs.vtp'.
[2022-09-12 11:43:09.000] [warning] Couldn't find file 'index_proximal_rvs.vtp'.
[2022-09-12 11:43:09.000] [warning] Couldn't find file 'index_medial_rvs.vtp'.
[2022-09-12 11:43:09.001] [warning] Couldn't find file 'index_distal_rvs.vtp'.
[2022-09-12 11:43:09.001] [warning] Couldn't find file 'metacarpal3_rvs.vtp'.
[2022-09-12 11:43:09.001] [warning] Couldn't find file 'middle_proximal_rvs.vtp'.
[2022-09-12 11:43:09.001] [warning] Couldn't find file 'middle_medial_rvs.vtp'.
[2022-09-12 11:43:09.001] [warning] Couldn't find file 'middle_distal_rvs.vtp'.
[2022-09-12 11:43:09.001] [warning] Couldn't find file 'metacarpal4_rvs.vtp'.
[2022-09-12 11:43:09.001] [warning] Couldn't find file 'ring_proximal_rvs.vtp'.
[2022-09-12 11:43:09.001] [warning] Couldn't find file 'ring_medial_rvs.vtp'.
[2022-09-12 11:43:09.001] [warning] Couldn't find file 'ring_distal_rvs.vtp'.
[2022-09-12 11:43:09.001] [warning] Couldn't find file 'metacarpal5_rvs.vtp'.
[2022-09-12 11:43:09.001] [warning] Couldn't find file 'little_proximal_rvs.vtp'.
[2022-09-12 11:43:09.001] [warning] Couldn't find file 'little_medial_rvs.vtp'.
[2022-09-12 11:43:09.001] [warning] Couldn't find file 'little_distal_rvs.vtp'.
[2022-09-12 11:43:09.001] [warning] Couldn't find file 'metacarpal1_rvs.vtp'.
[2022-09-12 11:43:09.001] [warning] Couldn't find file 'thumb_proximal_rvs.vtp'.
[2022-09-12 11:43:09.001] [warning] Couldn't find file 'thumb_distal_rvs.vtp'.
[2022-09-12 11:43:09.001] [warning] Couldn't find file 'humerus_lv.vtp'.
[2022-09-12 11:43:09.001] [warning] Couldn't find file 'ulna_lv.vtp'.
[2022-09-12 11:43:09.002] [warning] Couldn't find file 'radius_lv.vtp'.
[2022-09-12 11:43:09.002] [warning] Couldn't find file 'pisiform_lvs.vtp'.
[2022-09-12 11:43:09.002] [warning] Couldn't find file 'lunate_lvs.vtp'.
[2022-09-12 11:43:09.002] [warning] Couldn't find file 'scaphoid_lvs.vtp'.
[2022-09-12 11:43:09.002] [warning] Couldn't find file 'triquetrum_lvs.vtp'.
[2022-09-12 11:43:09.002] [warning] Couldn't find file 'hamate_lvs.vtp'.
[2022-09-12 11:43:09.002] [warning] Couldn't find file 'capitate_lvs.vtp'.
[2022-09-12 11:43:09.002] [warning] Couldn't find file 'trapezoid_lvs.vtp'.
[2022-09-12 11:43:09.002] [warning] Couldn't find file 'trapezium_lvs.vtp'.
[2022-09-12 11:43:09.002] [warning] Couldn't find file 'metacarpal2_lvs.vtp'.
[2022-09-12 11:43:09.002] [warning] Couldn't find file 'index_proximal_lvs.vtp'.
[2022-09-12 11:43:09.002] [warning] Couldn't find file 'index_medial_lvs.vtp'.
[2022-09-12 11:43:09.002] [warning] Couldn't find file 'index_distal_lvs.vtp'.
[2022-09-12 11:43:09.002] [warning] Couldn't find file 'metacarpal3_lvs.vtp'.
[2022-09-12 11:43:09.002] [warning] Couldn't find file 'middle_proximal_lvs.vtp'.
[2022-09-12 11:43:09.002] [warning] Couldn't find file 'middle_medial_lvs.vtp'.
[2022-09-12 11:43:09.002] [warning] Couldn't find file 'middle_distal_lvs.vtp'.
[2022-09-12 11:43:09.003] [warning] Couldn't find file 'metacarpal4_lvs.vtp'.
[2022-09-12 11:43:09.003] [warning] Couldn't find file 'ring_proximal_lvs.vtp'.
[2022-09-12 11:43:09.003] [warning] Couldn't find file 'ring_medial_lvs.vtp'.
[2022-09-12 11:43:09.003] [warning] Couldn't find file 'ring_distal_lvs.vtp'.
[2022-09-12 11:43:09.003] [warning] Couldn't find file 'metacarpal5_lvs.vtp'.
[2022-09-12 11:43:09.003] [warning] Couldn't find file 'little_proximal_lvs.vtp'.
[2022-09-12 11:43:09.003] [warning] Couldn't find file 'little_medial_lvs.vtp'.
[2022-09-12 11:43:09.003] [warning] Couldn't find file 'little_distal_lvs.vtp'.
[2022-09-12 11:43:09.003] [warning] Couldn't find file 'metacarpal1_lvs.vtp'.
[2022-09-12 11:43:09.003] [warning] Couldn't find file 'thumb_proximal_lvs.vtp'.
[2022-09-12 11:43:09.003] [warning] Couldn't find file 'thumb_distal_lvs.vtp'.
[2022-09-12 13:55:25.022] [info] Loaded model Fal_s1_mtp_sc_MTc5_cspx10_oy1 from file C:\Users\u0150099\Documents\master_thesis\3dpredictsim\OpenSimModel\subject1\Fal_s1_mtp_FK_sc_MTc5_cg0.osim
[2022-09-12 13:55:25.022] [warning] Couldn't find file 'sacrum.vtp'.
[2022-09-12 13:55:25.022] [warning] Couldn't find file 'pelvis.vtp'.
[2022-09-12 13:55:25.022] [warning] Couldn't find file 'l_pelvis.vtp'.
[2022-09-12 13:55:25.022] [warning] Couldn't find file 'femur_r.vtp'.
[2022-09-12 13:55:25.022] [warning] Couldn't find file 'tibia_r.vtp'.
[2022-09-12 13:55:25.022] [warning] Couldn't find file 'fibula_r.vtp'.
[2022-09-12 13:55:25.022] [warning] Couldn't find file 'talus_rv.vtp'.
[2022-09-12 13:55:25.022] [warning] Couldn't find file 'calcaneous_rv.vtp'.
[2022-09-12 13:55:25.023] [warning] Couldn't find file 'model_r_midfoot.stl'.
[2022-09-12 13:55:25.023] [warning] Couldn't find file 'model_r_forefoot.stl'.
[2022-09-12 13:55:25.023] [warning] Couldn't find file 'model_r_toes.stl'.
[2022-09-12 13:55:25.023] [warning] Couldn't find file 'femur_l.vtp'.
[2022-09-12 13:55:25.023] [warning] Couldn't find file 'tibia_l.vtp'.
[2022-09-12 13:55:25.023] [warning] Couldn't find file 'fibula_l.vtp'.
[2022-09-12 13:55:25.023] [warning] Couldn't find file 'talus_lv.vtp'.
[2022-09-12 13:55:25.023] [warning] Couldn't find file 'calcaneous_lv.vtp'.
[2022-09-12 13:55:25.023] [warning] Couldn't find file 'model_l_midfoot.stl'.
[2022-09-12 13:55:25.023] [warning] Couldn't find file 'model_l_forefoot.stl'.
[2022-09-12 13:55:25.023] [warning] Couldn't find file 'model_l_toes.stl'.
[2022-09-12 13:55:25.023] [warning] Couldn't find file 'hat_spine.vtp'.
[2022-09-12 13:55:25.023] [warning] Couldn't find file 'hat_jaw.vtp'.
[2022-09-12 13:55:25.023] [warning] Couldn't find file 'hat_skull.vtp'.
[2022-09-12 13:55:25.023] [warning] Couldn't find file 'hat_ribs_scap.vtp'.
[2022-09-12 13:55:25.023] [warning] Couldn't find file 'humerus_rv.vtp'.
[2022-09-12 13:55:25.023] [warning] Couldn't find file 'ulna_rv.vtp'.
[2022-09-12 13:55:25.024] [warning] Couldn't find file 'radius_rv.vtp'.
[2022-09-12 13:55:25.024] [warning] Couldn't find file 'pisiform_rvs.vtp'.
[2022-09-12 13:55:25.024] [warning] Couldn't find file 'lunate_rvs.vtp'.
[2022-09-12 13:55:25.024] [warning] Couldn't find file 'scaphoid_rvs.vtp'.
[2022-09-12 13:55:25.024] [warning] Couldn't find file 'triquetrum_rvs.vtp'.
[2022-09-12 13:55:25.024] [warning] Couldn't find file 'hamate_rvs.vtp'.
[2022-09-12 13:55:25.024] [warning] Couldn't find file 'capitate_rvs.vtp'.
[2022-09-12 13:55:25.024] [warning] Couldn't find file 'trapezoid_rvs.vtp'.
[2022-09-12 13:55:25.024] [warning] Couldn't find file 'trapezium_rvs.vtp'.
[2022-09-12 13:55:25.024] [warning] Couldn't find file 'metacarpal2_rvs.vtp'.
[2022-09-12 13:55:25.024] [warning] Couldn't find file 'index_proximal_rvs.vtp'.
[2022-09-12 13:55:25.024] [warning] Couldn't find file 'index_medial_rvs.vtp'.
[2022-09-12 13:55:25.024] [warning] Couldn't find file 'index_distal_rvs.vtp'.
[2022-09-12 13:55:25.024] [warning] Couldn't find file 'metacarpal3_rvs.vtp'.
[2022-09-12 13:55:25.024] [warning] Couldn't find file 'middle_proximal_rvs.vtp'.
[2022-09-12 13:55:25.024] [warning] Couldn't find file 'middle_medial_rvs.vtp'.
[2022-09-12 13:55:25.025] [warning] Couldn't find file 'middle_distal_rvs.vtp'.
[2022-09-12 13:55:25.025] [warning] Couldn't find file 'metacarpal4_rvs.vtp'.
[2022-09-12 13:55:25.025] [warning] Couldn't find file 'ring_proximal_rvs.vtp'.
[2022-09-12 13:55:25.025] [warning] Couldn't find file 'ring_medial_rvs.vtp'.
[2022-09-12 13:55:25.025] [warning] Couldn't find file 'ring_distal_rvs.vtp'.
[2022-09-12 13:55:25.025] [warning] Couldn't find file 'metacarpal5_rvs.vtp'.
[2022-09-12 13:55:25.025] [warning] Couldn't find file 'little_proximal_rvs.vtp'.
[2022-09-12 13:55:25.025] [warning] Couldn't find file 'little_medial_rvs.vtp'.
[2022-09-12 13:55:25.025] [warning] Couldn't find file 'little_distal_rvs.vtp'.
[2022-09-12 13:55:25.025] [warning] Couldn't find file 'metacarpal1_rvs.vtp'.
[2022-09-12 13:55:25.025] [warning] Couldn't find file 'thumb_proximal_rvs.vtp'.
[2022-09-12 13:55:25.025] [warning] Couldn't find file 'thumb_distal_rvs.vtp'.
[2022-09-12 13:55:25.025] [warning] Couldn't find file 'humerus_lv.vtp'.
[2022-09-12 13:55:25.025] [warning] Couldn't find file 'ulna_lv.vtp'.
[2022-09-12 13:55:25.025] [warning] Couldn't find file 'radius_lv.vtp'.
[2022-09-12 13:55:25.025] [warning] Couldn't find file 'pisiform_lvs.vtp'.
[2022-09-12 13:55:25.025] [warning] Couldn't find file 'lunate_lvs.vtp'.
[2022-09-12 13:55:25.025] [warning] Couldn't find file 'scaphoid_lvs.vtp'.
[2022-09-12 13:55:25.026] [warning] Couldn't find file 'triquetrum_lvs.vtp'.
[2022-09-12 13:55:25.026] [warning] Couldn't find file 'hamate_lvs.vtp'.
[2022-09-12 13:55:25.026] [warning] Couldn't find file 'capitate_lvs.vtp'.
[2022-09-12 13:55:25.026] [warning] Couldn't find file 'trapezoid_lvs.vtp'.
[2022-09-12 13:55:25.026] [warning] Couldn't find file 'trapezium_lvs.vtp'.
[2022-09-12 13:55:25.026] [warning] Couldn't find file 'metacarpal2_lvs.vtp'.
[2022-09-12 13:55:25.026] [warning] Couldn't find file 'index_proximal_lvs.vtp'.
[2022-09-12 13:55:25.026] [warning] Couldn't find file 'index_medial_lvs.vtp'.
[2022-09-12 13:55:25.026] [warning] Couldn't find file 'index_distal_lvs.vtp'.
[2022-09-12 13:55:25.026] [warning] Couldn't find file 'metacarpal3_lvs.vtp'.
[2022-09-12 13:55:25.026] [warning] Couldn't find file 'middle_proximal_lvs.vtp'.
[2022-09-12 13:55:25.026] [warning] Couldn't find file 'middle_medial_lvs.vtp'.
[2022-09-12 13:55:25.026] [warning] Couldn't find file 'middle_distal_lvs.vtp'.
[2022-09-12 13:55:25.026] [warning] Couldn't find file 'metacarpal4_lvs.vtp'.
[2022-09-12 13:55:25.026] [warning] Couldn't find file 'ring_proximal_lvs.vtp'.
[2022-09-12 13:55:25.026] [warning] Couldn't find file 'ring_medial_lvs.vtp'.
[2022-09-12 13:55:25.026] [warning] Couldn't find file 'ring_distal_lvs.vtp'.
[2022-09-12 13:55:25.026] [warning] Couldn't find file 'metacarpal5_lvs.vtp'.
[2022-09-12 13:55:25.027] [warning] Couldn't find file 'little_proximal_lvs.vtp'.
[2022-09-12 13:55:25.027] [warning] Couldn't find file 'little_medial_lvs.vtp'.
[2022-09-12 13:55:25.027] [warning] Couldn't find file 'little_distal_lvs.vtp'.
[2022-09-12 13:55:25.027] [warning] Couldn't find file 'metacarpal1_lvs.vtp'.
[2022-09-12 13:55:25.027] [warning] Couldn't find file 'thumb_proximal_lvs.vtp'.
[2022-09-12 13:55:25.027] [warning] Couldn't find file 'thumb_distal_lvs.vtp'.
[2022-09-16 11:53:51.849] [info] Loaded model subject1_withMTJ_locked_scaled_custom from file C:\Users\u0150099\Documents\master_thesis\3dpredictsim\OpenSimModel\subject1\Fal_s1_mtjc4_FK_sc_FDB2_MTc5_cg0.osim
[2022-09-16 11:53:51.850] [warning] Couldn't find file 'sacrum.vtp'.
[2022-09-16 11:53:51.850] [warning] Couldn't find file 'pelvis.vtp'.
[2022-09-16 11:53:51.850] [warning] Couldn't find file 'l_pelvis.vtp'.
[2022-09-16 11:53:51.850] [warning] Couldn't find file 'femur_r.vtp'.
[2022-09-16 11:53:51.851] [warning] Couldn't find file 'tibia_r.vtp'.
[2022-09-16 11:53:51.851] [warning] Couldn't find file 'fibula_r.vtp'.
[2022-09-16 11:53:51.851] [warning] Couldn't find file 'talus_rv.vtp'.
[2022-09-16 11:53:51.851] [warning] Couldn't find file 'calcaneous_rv.vtp'.
[2022-09-16 11:53:51.851] [warning] Couldn't find file 'model_r_midfoot.stl'.
[2022-09-16 11:53:51.851] [warning] Couldn't find file 'model_r_forefoot.stl'.
[2022-09-16 11:53:51.851] [warning] Couldn't find file 'model_r_toes.stl'.
[2022-09-16 11:53:51.851] [warning] Couldn't find file 'femur_l.vtp'.
[2022-09-16 11:53:51.852] [warning] Couldn't find file 'tibia_l.vtp'.
[2022-09-16 11:53:51.852] [warning] Couldn't find file 'fibula_l.vtp'.
[2022-09-16 11:53:51.852] [warning] Couldn't find file 'talus_lv.vtp'.
[2022-09-16 11:53:51.852] [warning] Couldn't find file 'calcaneous_lv.vtp'.
[2022-09-16 11:53:51.852] [warning] Couldn't find file 'model_l_midfoot.stl'.
[2022-09-16 11:53:51.852] [warning] Couldn't find file 'model_l_forefoot.stl'.
[2022-09-16 11:53:51.852] [warning] Couldn't find file 'model_l_toes.stl'.
[2022-09-16 11:53:51.852] [warning] Couldn't find file 'hat_spine.vtp'.
[2022-09-16 11:53:51.852] [warning] Couldn't find file 'hat_jaw.vtp'.
[2022-09-16 11:53:51.852] [warning] Couldn't find file 'hat_skull.vtp'.
[2022-09-16 11:53:51.852] [warning] Couldn't find file 'hat_ribs_scap.vtp'.
[2022-09-16 11:53:51.853] [warning] Couldn't find file 'humerus_rv.vtp'.
[2022-09-16 11:53:51.853] [warning] Couldn't find file 'ulna_rv.vtp'.
[2022-09-16 11:53:51.853] [warning] Couldn't find file 'radius_rv.vtp'.
[2022-09-16 11:53:51.853] [warning] Couldn't find file 'pisiform_rvs.vtp'.
[2022-09-16 11:53:51.853] [warning] Couldn't find file 'lunate_rvs.vtp'.
[2022-09-16 11:53:51.853] [warning] Couldn't find file 'scaphoid_rvs.vtp'.
[2022-09-16 11:53:51.853] [warning] Couldn't find file 'triquetrum_rvs.vtp'.
[2022-09-16 11:53:51.853] [warning] Couldn't find file 'hamate_rvs.vtp'.
[2022-09-16 11:53:51.853] [warning] Couldn't find file 'capitate_rvs.vtp'.
[2022-09-16 11:53:51.853] [warning] Couldn't find file 'trapezoid_rvs.vtp'.
[2022-09-16 11:53:51.853] [warning] Couldn't find file 'trapezium_rvs.vtp'.
[2022-09-16 11:53:51.853] [warning] Couldn't find file 'metacarpal2_rvs.vtp'.
[2022-09-16 11:53:51.854] [warning] Couldn't find file 'index_proximal_rvs.vtp'.
[2022-09-16 11:53:51.854] [warning] Couldn't find file 'index_medial_rvs.vtp'.
[2022-09-16 11:53:51.854] [warning] Couldn't find file 'index_distal_rvs.vtp'.
[2022-09-16 11:53:51.854] [warning] Couldn't find file 'metacarpal3_rvs.vtp'.
[2022-09-16 11:53:51.854] [warning] Couldn't find file 'middle_proximal_rvs.vtp'.
[2022-09-16 11:53:51.854] [warning] Couldn't find file 'middle_medial_rvs.vtp'.
[2022-09-16 11:53:51.854] [warning] Couldn't find file 'middle_distal_rvs.vtp'.
[2022-09-16 11:53:51.854] [warning] Couldn't find file 'metacarpal4_rvs.vtp'.
[2022-09-16 11:53:51.854] [warning] Couldn't find file 'ring_proximal_rvs.vtp'.
[2022-09-16 11:53:51.854] [warning] Couldn't find file 'ring_medial_rvs.vtp'.
[2022-09-16 11:53:51.854] [warning] Couldn't find file 'ring_distal_rvs.vtp'.
[2022-09-16 11:53:51.854] [warning] Couldn't find file 'metacarpal5_rvs.vtp'.
[2022-09-16 11:53:51.854] [warning] Couldn't find file 'little_proximal_rvs.vtp'.
[2022-09-16 11:53:51.855] [warning] Couldn't find file 'little_medial_rvs.vtp'.
[2022-09-16 11:53:51.855] [warning] Couldn't find file 'little_distal_rvs.vtp'.
[2022-09-16 11:53:51.855] [warning] Couldn't find file 'metacarpal1_rvs.vtp'.
[2022-09-16 11:53:51.855] [warning] Couldn't find file 'thumb_proximal_rvs.vtp'.
[2022-09-16 11:53:51.855] [warning] Couldn't find file 'thumb_distal_rvs.vtp'.
[2022-09-16 11:53:51.855] [warning] Couldn't find file 'humerus_lv.vtp'.
[2022-09-16 11:53:51.855] [warning] Couldn't find file 'ulna_lv.vtp'.
[2022-09-16 11:53:51.855] [warning] Couldn't find file 'radius_lv.vtp'.
[2022-09-16 11:53:51.855] [warning] Couldn't find file 'pisiform_lvs.vtp'.
[2022-09-16 11:53:51.855] [warning] Couldn't find file 'lunate_lvs.vtp'.
[2022-09-16 11:53:51.855] [warning] Couldn't find file 'scaphoid_lvs.vtp'.
[2022-09-16 11:53:51.855] [warning] Couldn't find file 'triquetrum_lvs.vtp'.
[2022-09-16 11:53:51.856] [warning] Couldn't find file 'hamate_lvs.vtp'.
[2022-09-16 11:53:51.856] [warning] Couldn't find file 'capitate_lvs.vtp'.
[2022-09-16 11:53:51.856] [warning] Couldn't find file 'trapezoid_lvs.vtp'.
[2022-09-16 11:53:51.856] [warning] Couldn't find file 'trapezium_lvs.vtp'.
[2022-09-16 11:53:51.856] [warning] Couldn't find file 'metacarpal2_lvs.vtp'.
[2022-09-16 11:53:51.856] [warning] Couldn't find file 'index_proximal_lvs.vtp'.
[2022-09-16 11:53:51.856] [warning] Couldn't find file 'index_medial_lvs.vtp'.
[2022-09-16 11:53:51.856] [warning] Couldn't find file 'index_distal_lvs.vtp'.
[2022-09-16 11:53:51.856] [warning] Couldn't find file 'metacarpal3_lvs.vtp'.
[2022-09-16 11:53:51.856] [warning] Couldn't find file 'middle_proximal_lvs.vtp'.
[2022-09-16 11:53:51.856] [warning] Couldn't find file 'middle_medial_lvs.vtp'.
[2022-09-16 11:53:51.856] [warning] Couldn't find file 'middle_distal_lvs.vtp'.
[2022-09-16 11:53:51.857] [warning] Couldn't find file 'metacarpal4_lvs.vtp'.
[2022-09-16 11:53:51.857] [warning] Couldn't find file 'ring_proximal_lvs.vtp'.
[2022-09-16 11:53:51.857] [warning] Couldn't find file 'ring_medial_lvs.vtp'.
[2022-09-16 11:53:51.857] [warning] Couldn't find file 'ring_distal_lvs.vtp'.
[2022-09-16 11:53:51.857] [warning] Couldn't find file 'metacarpal5_lvs.vtp'.
[2022-09-16 11:53:51.857] [warning] Couldn't find file 'little_proximal_lvs.vtp'.
[2022-09-16 11:53:51.857] [warning] Couldn't find file 'little_medial_lvs.vtp'.
[2022-09-16 11:53:51.857] [warning] Couldn't find file 'little_distal_lvs.vtp'.
[2022-09-16 11:53:51.857] [warning] Couldn't find file 'metacarpal1_lvs.vtp'.
[2022-09-16 11:53:51.857] [warning] Couldn't find file 'thumb_proximal_lvs.vtp'.
[2022-09-16 11:53:51.857] [warning] Couldn't find file 'thumb_distal_lvs.vtp'.
[2022-09-16 11:53:52.934] [info] Loaded model subject1_withMTJ_locked_scaled_custom from file C:\Users\u0150099\Documents\master_thesis\3dpredictsim\OpenSimModel\subject1\Fal_s1_mtjc4_FK_sc_FDB2_MTc5_cg0.osim
[2022-09-16 11:53:52.935] [warning] Couldn't find file 'sacrum.vtp'.
[2022-09-16 11:53:52.935] [warning] Couldn't find file 'pelvis.vtp'.
[2022-09-16 11:53:52.935] [warning] Couldn't find file 'l_pelvis.vtp'.
[2022-09-16 11:53:52.935] [warning] Couldn't find file 'femur_r.vtp'.
[2022-09-16 11:53:52.936] [warning] Couldn't find file 'tibia_r.vtp'.
[2022-09-16 11:53:52.936] [warning] Couldn't find file 'fibula_r.vtp'.
[2022-09-16 11:53:52.936] [warning] Couldn't find file 'talus_rv.vtp'.
[2022-09-16 11:53:52.936] [warning] Couldn't find file 'calcaneous_rv.vtp'.
[2022-09-16 11:53:52.936] [warning] Couldn't find file 'model_r_midfoot.stl'.
[2022-09-16 11:53:52.936] [warning] Couldn't find file 'model_r_forefoot.stl'.
[2022-09-16 11:53:52.936] [warning] Couldn't find file 'model_r_toes.stl'.
[2022-09-16 11:53:52.936] [warning] Couldn't find file 'femur_l.vtp'.
[2022-09-16 11:53:52.937] [warning] Couldn't find file 'tibia_l.vtp'.
[2022-09-16 11:53:52.937] [warning] Couldn't find file 'fibula_l.vtp'.
[2022-09-16 11:53:52.937] [warning] Couldn't find file 'talus_lv.vtp'.
[2022-09-16 11:53:52.937] [warning] Couldn't find file 'calcaneous_lv.vtp'.
[2022-09-16 11:53:52.937] [warning] Couldn't find file 'model_l_midfoot.stl'.
[2022-09-16 11:53:52.937] [warning] Couldn't find file 'model_l_forefoot.stl'.
[2022-09-16 11:53:52.937] [warning] Couldn't find file 'model_l_toes.stl'.
[2022-09-16 11:53:52.937] [warning] Couldn't find file 'hat_spine.vtp'.
[2022-09-16 11:53:52.937] [warning] Couldn't find file 'hat_jaw.vtp'.
[2022-09-16 11:53:52.937] [warning] Couldn't find file 'hat_skull.vtp'.
[2022-09-16 11:53:52.937] [warning] Couldn't find file 'hat_ribs_scap.vtp'.
[2022-09-16 11:53:52.938] [warning] Couldn't find file 'humerus_rv.vtp'.
[2022-09-16 11:53:52.938] [warning] Couldn't find file 'ulna_rv.vtp'.
[2022-09-16 11:53:52.938] [warning] Couldn't find file 'radius_rv.vtp'.
[2022-09-16 11:53:52.938] [warning] Couldn't find file 'pisiform_rvs.vtp'.
[2022-09-16 11:53:52.938] [warning] Couldn't find file 'lunate_rvs.vtp'.
[2022-09-16 11:53:52.938] [warning] Couldn't find file 'scaphoid_rvs.vtp'.
[2022-09-16 11:53:52.938] [warning] Couldn't find file 'triquetrum_rvs.vtp'.
[2022-09-16 11:53:52.938] [warning] Couldn't find file 'hamate_rvs.vtp'.
[2022-09-16 11:53:52.938] [warning] Couldn't find file 'capitate_rvs.vtp'.
[2022-09-16 11:53:52.938] [warning] Couldn't find file 'trapezoid_rvs.vtp'.
[2022-09-16 11:53:52.938] [warning] Couldn't find file 'trapezium_rvs.vtp'.
[2022-09-16 11:53:52.939] [warning] Couldn't find file 'metacarpal2_rvs.vtp'.
[2022-09-16 11:53:52.939] [warning] Couldn't find file 'index_proximal_rvs.vtp'.
[2022-09-16 11:53:52.939] [warning] Couldn't find file 'index_medial_rvs.vtp'.
[2022-09-16 11:53:52.939] [warning] Couldn't find file 'index_distal_rvs.vtp'.
[2022-09-16 11:53:52.939] [warning] Couldn't find file 'metacarpal3_rvs.vtp'.
[2022-09-16 11:53:52.939] [warning] Couldn't find file 'middle_proximal_rvs.vtp'.
[2022-09-16 11:53:52.939] [warning] Couldn't find file 'middle_medial_rvs.vtp'.
[2022-09-16 11:53:52.939] [warning] Couldn't find file 'middle_distal_rvs.vtp'.
[2022-09-16 11:53:52.939] [warning] Couldn't find file 'metacarpal4_rvs.vtp'.
[2022-09-16 11:53:52.939] [warning] Couldn't find file 'ring_proximal_rvs.vtp'.
[2022-09-16 11:53:52.939] [warning] Couldn't find file 'ring_medial_rvs.vtp'.
[2022-09-16 11:53:52.939] [warning] Couldn't find file 'ring_distal_rvs.vtp'.
[2022-09-16 11:53:52.939] [warning] Couldn't find file 'metacarpal5_rvs.vtp'.
[2022-09-16 11:53:52.940] [warning] Couldn't find file 'little_proximal_rvs.vtp'.
[2022-09-16 11:53:52.940] [warning] Couldn't find file 'little_medial_rvs.vtp'.
[2022-09-16 11:53:52.940] [warning] Couldn't find file 'little_distal_rvs.vtp'.
[2022-09-16 11:53:52.940] [warning] Couldn't find file 'metacarpal1_rvs.vtp'.
[2022-09-16 11:53:52.940] [warning] Couldn't find file 'thumb_proximal_rvs.vtp'.
[2022-09-16 11:53:52.940] [warning] Couldn't find file 'thumb_distal_rvs.vtp'.
[2022-09-16 11:53:52.940] [warning] Couldn't find file 'humerus_lv.vtp'.
[2022-09-16 11:53:52.940] [warning] Couldn't find file 'ulna_lv.vtp'.
[2022-09-16 11:53:52.940] [warning] Couldn't find file 'radius_lv.vtp'.
[2022-09-16 11:53:52.940] [warning] Couldn't find file 'pisiform_lvs.vtp'.
[2022-09-16 11:53:52.940] [warning] Couldn't find file 'lunate_lvs.vtp'.
[2022-09-16 11:53:52.940] [warning] Couldn't find file 'scaphoid_lvs.vtp'.
[2022-09-16 11:53:52.941] [warning] Couldn't find file 'triquetrum_lvs.vtp'.
[2022-09-16 11:53:52.941] [warning] Couldn't find file 'hamate_lvs.vtp'.
[2022-09-16 11:53:52.941] [warning] Couldn't find file 'capitate_lvs.vtp'.
[2022-09-16 11:53:52.941] [warning] Couldn't find file 'trapezoid_lvs.vtp'.
[2022-09-16 11:53:52.941] [warning] Couldn't find file 'trapezium_lvs.vtp'.
[2022-09-16 11:53:52.941] [warning] Couldn't find file 'metacarpal2_lvs.vtp'.
[2022-09-16 11:53:52.941] [warning] Couldn't find file 'index_proximal_lvs.vtp'.
[2022-09-16 11:53:52.941] [warning] Couldn't find file 'index_medial_lvs.vtp'.
[2022-09-16 11:53:52.941] [warning] Couldn't find file 'index_distal_lvs.vtp'.
[2022-09-16 11:53:52.941] [warning] Couldn't find file 'metacarpal3_lvs.vtp'.
[2022-09-16 11:53:52.941] [warning] Couldn't find file 'middle_proximal_lvs.vtp'.
[2022-09-16 11:53:52.941] [warning] Couldn't find file 'middle_medial_lvs.vtp'.
[2022-09-16 11:53:52.941] [warning] Couldn't find file 'middle_distal_lvs.vtp'.
[2022-09-16 11:53:52.942] [warning] Couldn't find file 'metacarpal4_lvs.vtp'.
[2022-09-16 11:53:52.942] [warning] Couldn't find file 'ring_proximal_lvs.vtp'.
[2022-09-16 11:53:52.942] [warning] Couldn't find file 'ring_medial_lvs.vtp'.
[2022-09-16 11:53:52.942] [warning] Couldn't find file 'ring_distal_lvs.vtp'.
[2022-09-16 11:53:52.942] [warning] Couldn't find file 'metacarpal5_lvs.vtp'.
[2022-09-16 11:53:52.942] [warning] Couldn't find file 'little_proximal_lvs.vtp'.
[2022-09-16 11:53:52.942] [warning] Couldn't find file 'little_medial_lvs.vtp'.
[2022-09-16 11:53:52.942] [warning] Couldn't find file 'little_distal_lvs.vtp'.
[2022-09-16 11:53:52.942] [warning] Couldn't find file 'metacarpal1_lvs.vtp'.
[2022-09-16 11:53:52.942] [warning] Couldn't find file 'thumb_proximal_lvs.vtp'.
[2022-09-16 11:53:52.942] [warning] Couldn't find file 'thumb_distal_lvs.vtp'.
[2022-09-16 11:53:54.027] [info] Loaded model subject1_withMTJ_locked_scaled_custom from file C:\Users\u0150099\Documents\master_thesis\3dpredictsim\OpenSimModel\subject1\Fal_s1_mtjc4_FK_sc_MTc5_cspx10_oy3.osim
[2022-09-16 11:53:54.028] [warning] Couldn't find file 'sacrum.vtp'.
[2022-09-16 11:53:54.028] [warning] Couldn't find file 'pelvis.vtp'.
[2022-09-16 11:53:54.028] [warning] Couldn't find file 'l_pelvis.vtp'.
[2022-09-16 11:53:54.028] [warning] Couldn't find file 'femur_r.vtp'.
[2022-09-16 11:53:54.029] [warning] Couldn't find file 'tibia_r.vtp'.
[2022-09-16 11:53:54.029] [warning] Couldn't find file 'fibula_r.vtp'.
[2022-09-16 11:53:54.029] [warning] Couldn't find file 'talus_rv.vtp'.
[2022-09-16 11:53:54.029] [warning] Couldn't find file 'calcaneous_rv.vtp'.
[2022-09-16 11:53:54.029] [warning] Couldn't find file 'model_r_midfoot.stl'.
[2022-09-16 11:53:54.029] [warning] Couldn't find file 'model_r_forefoot.stl'.
[2022-09-16 11:53:54.029] [warning] Couldn't find file 'model_r_toes.stl'.
[2022-09-16 11:53:54.029] [warning] Couldn't find file 'femur_l.vtp'.
[2022-09-16 11:53:54.030] [warning] Couldn't find file 'tibia_l.vtp'.
[2022-09-16 11:53:54.030] [warning] Couldn't find file 'fibula_l.vtp'.
[2022-09-16 11:53:54.030] [warning] Couldn't find file 'talus_lv.vtp'.
[2022-09-16 11:53:54.030] [warning] Couldn't find file 'calcaneous_lv.vtp'.
[2022-09-16 11:53:54.030] [warning] Couldn't find file 'model_l_midfoot.stl'.
[2022-09-16 11:53:54.030] [warning] Couldn't find file 'model_l_forefoot.stl'.
[2022-09-16 11:53:54.030] [warning] Couldn't find file 'model_l_toes.stl'.
[2022-09-16 11:53:54.030] [warning] Couldn't find file 'hat_spine.vtp'.
[2022-09-16 11:53:54.030] [warning] Couldn't find file 'hat_jaw.vtp'.
[2022-09-16 11:53:54.030] [warning] Couldn't find file 'hat_skull.vtp'.
[2022-09-16 11:53:54.030] [warning] Couldn't find file 'hat_ribs_scap.vtp'.
[2022-09-16 11:53:54.031] [warning] Couldn't find file 'humerus_rv.vtp'.
[2022-09-16 11:53:54.031] [warning] Couldn't find file 'ulna_rv.vtp'.
[2022-09-16 11:53:54.031] [warning] Couldn't find file 'radius_rv.vtp'.
[2022-09-16 11:53:54.031] [warning] Couldn't find file 'pisiform_rvs.vtp'.
[2022-09-16 11:53:54.031] [warning] Couldn't find file 'lunate_rvs.vtp'.
[2022-09-16 11:53:54.031] [warning] Couldn't find file 'scaphoid_rvs.vtp'.
[2022-09-16 11:53:54.031] [warning] Couldn't find file 'triquetrum_rvs.vtp'.
[2022-09-16 11:53:54.031] [warning] Couldn't find file 'hamate_rvs.vtp'.
[2022-09-16 11:53:54.031] [warning] Couldn't find file 'capitate_rvs.vtp'.
[2022-09-16 11:53:54.032] [warning] Couldn't find file 'trapezoid_rvs.vtp'.
[2022-09-16 11:53:54.032] [warning] Couldn't find file 'trapezium_rvs.vtp'.
[2022-09-16 11:53:54.032] [warning] Couldn't find file 'metacarpal2_rvs.vtp'.
[2022-09-16 11:53:54.032] [warning] Couldn't find file 'index_proximal_rvs.vtp'.
[2022-09-16 11:53:54.032] [warning] Couldn't find file 'index_medial_rvs.vtp'.
[2022-09-16 11:53:54.032] [warning] Couldn't find file 'index_distal_rvs.vtp'.
[2022-09-16 11:53:54.032] [warning] Couldn't find file 'metacarpal3_rvs.vtp'.
[2022-09-16 11:53:54.032] [warning] Couldn't find file 'middle_proximal_rvs.vtp'.
[2022-09-16 11:53:54.032] [warning] Couldn't find file 'middle_medial_rvs.vtp'.
[2022-09-16 11:53:54.032] [warning] Couldn't find file 'middle_distal_rvs.vtp'.
[2022-09-16 11:53:54.032] [warning] Couldn't find file 'metacarpal4_rvs.vtp'.
[2022-09-16 11:53:54.033] [warning] Couldn't find file 'ring_proximal_rvs.vtp'.
[2022-09-16 11:53:54.033] [warning] Couldn't find file 'ring_medial_rvs.vtp'.
[2022-09-16 11:53:54.033] [warning] Couldn't find file 'ring_distal_rvs.vtp'.
[2022-09-16 11:53:54.033] [warning] Couldn't find file 'metacarpal5_rvs.vtp'.
[2022-09-16 11:53:54.033] [warning] Couldn't find file 'little_proximal_rvs.vtp'.
[2022-09-16 11:53:54.033] [warning] Couldn't find file 'little_medial_rvs.vtp'.
[2022-09-16 11:53:54.033] [warning] Couldn't find file 'little_distal_rvs.vtp'.
[2022-09-16 11:53:54.033] [warning] Couldn't find file 'metacarpal1_rvs.vtp'.
[2022-09-16 11:53:54.033] [warning] Couldn't find file 'thumb_proximal_rvs.vtp'.
[2022-09-16 11:53:54.034] [warning] Couldn't find file 'thumb_distal_rvs.vtp'.
[2022-09-16 11:53:54.034] [warning] Couldn't find file 'humerus_lv.vtp'.
[2022-09-16 11:53:54.034] [warning] Couldn't find file 'ulna_lv.vtp'.
[2022-09-16 11:53:54.034] [warning] Couldn't find file 'radius_lv.vtp'.
[2022-09-16 11:53:54.034] [warning] Couldn't find file 'pisiform_lvs.vtp'.
[2022-09-16 11:53:54.034] [warning] Couldn't find file 'lunate_lvs.vtp'.
[2022-09-16 11:53:54.034] [warning] Couldn't find file 'scaphoid_lvs.vtp'.
[2022-09-16 11:53:54.034] [warning] Couldn't find file 'triquetrum_lvs.vtp'.
[2022-09-16 11:53:54.034] [warning] Couldn't find file 'hamate_lvs.vtp'.
[2022-09-16 11:53:54.034] [warning] Couldn't find file 'capitate_lvs.vtp'.
[2022-09-16 11:53:54.034] [warning] Couldn't find file 'trapezoid_lvs.vtp'.
[2022-09-16 11:53:54.035] [warning] Couldn't find file 'trapezium_lvs.vtp'.
[2022-09-16 11:53:54.035] [warning] Couldn't find file 'metacarpal2_lvs.vtp'.
[2022-09-16 11:53:54.035] [warning] Couldn't find file 'index_proximal_lvs.vtp'.
[2022-09-16 11:53:54.035] [warning] Couldn't find file 'index_medial_lvs.vtp'.
[2022-09-16 11:53:54.035] [warning] Couldn't find file 'index_distal_lvs.vtp'.
[2022-09-16 11:53:54.035] [warning] Couldn't find file 'metacarpal3_lvs.vtp'.
[2022-09-16 11:53:54.035] [warning] Couldn't find file 'middle_proximal_lvs.vtp'.
[2022-09-16 11:53:54.035] [warning] Couldn't find file 'middle_medial_lvs.vtp'.
[2022-09-16 11:53:54.035] [warning] Couldn't find file 'middle_distal_lvs.vtp'.
[2022-09-16 11:53:54.035] [warning] Couldn't find file 'metacarpal4_lvs.vtp'.
[2022-09-16 11:53:54.035] [warning] Couldn't find file 'ring_proximal_lvs.vtp'.
[2022-09-16 11:53:54.035] [warning] Couldn't find file 'ring_medial_lvs.vtp'.
[2022-09-16 11:53:54.035] [warning] Couldn't find file 'ring_distal_lvs.vtp'.
[2022-09-16 11:53:54.036] [warning] Couldn't find file 'metacarpal5_lvs.vtp'.
[2022-09-16 11:53:54.036] [warning] Couldn't find file 'little_proximal_lvs.vtp'.
[2022-09-16 11:53:54.036] [warning] Couldn't find file 'little_medial_lvs.vtp'.
[2022-09-16 11:53:54.036] [warning] Couldn't find file 'little_distal_lvs.vtp'.
[2022-09-16 11:53:54.036] [warning] Couldn't find file 'metacarpal1_lvs.vtp'.
[2022-09-16 11:53:54.036] [warning] Couldn't find file 'thumb_proximal_lvs.vtp'.
[2022-09-16 11:53:54.036] [warning] Couldn't find file 'thumb_distal_lvs.vtp'.
[2022-09-16 11:53:54.935] [info] Loaded model subject1_withMTJ_locked_scaled_default from file C:\Users\u0150099\Documents\master_thesis\3dpredictsim\OpenSimModel\subject1\Fal_s1_mtjc4_FK_sd_FDB2_cspx10_oy3.osim
[2022-09-16 11:53:54.936] [warning] Couldn't find file 'sacrum.vtp'.
[2022-09-16 11:53:54.936] [warning] Couldn't find file 'pelvis.vtp'.
[2022-09-16 11:53:54.936] [warning] Couldn't find file 'l_pelvis.vtp'.
[2022-09-16 11:53:54.936] [warning] Couldn't find file 'femur_r.vtp'.
[2022-09-16 11:53:54.936] [warning] Couldn't find file 'tibia_r.vtp'.
[2022-09-16 11:53:54.936] [warning] Couldn't find file 'fibula_r.vtp'.
[2022-09-16 11:53:54.937] [warning] Couldn't find file 'talus_rv.vtp'.
[2022-09-16 11:53:54.937] [warning] Couldn't find file 'calcaneous_rv.vtp'.
[2022-09-16 11:53:54.937] [warning] Couldn't find file 'model_r_midfoot.stl'.
[2022-09-16 11:53:54.937] [warning] Couldn't find file 'model_r_forefoot.stl'.
[2022-09-16 11:53:54.937] [warning] Couldn't find file 'model_r_toes.stl'.
[2022-09-16 11:53:54.937] [warning] Couldn't find file 'femur_l.vtp'.
[2022-09-16 11:53:54.937] [warning] Couldn't find file 'tibia_l.vtp'.
[2022-09-16 11:53:54.937] [warning] Couldn't find file 'fibula_l.vtp'.
[2022-09-16 11:53:54.937] [warning] Couldn't find file 'talus_lv.vtp'.
[2022-09-16 11:53:54.937] [warning] Couldn't find file 'calcaneous_lv.vtp'.
[2022-09-16 11:53:54.938] [warning] Couldn't find file 'model_l_midfoot.stl'.
[2022-09-16 11:53:54.938] [warning] Couldn't find file 'model_l_forefoot.stl'.
[2022-09-16 11:53:54.938] [warning] Couldn't find file 'model_l_toes.stl'.
[2022-09-16 11:53:54.938] [warning] Couldn't find file 'hat_spine.vtp'.
[2022-09-16 11:53:54.938] [warning] Couldn't find file 'hat_jaw.vtp'.
[2022-09-16 11:53:54.938] [warning] Couldn't find file 'hat_skull.vtp'.
[2022-09-16 11:53:54.938] [warning] Couldn't find file 'hat_ribs_scap.vtp'.
[2022-09-16 11:53:54.938] [warning] Couldn't find file 'humerus_rv.vtp'.
[2022-09-16 11:53:54.938] [warning] Couldn't find file 'ulna_rv.vtp'.
[2022-09-16 11:53:54.938] [warning] Couldn't find file 'radius_rv.vtp'.
[2022-09-16 11:53:54.939] [warning] Couldn't find file 'pisiform_rvs.vtp'.
[2022-09-16 11:53:54.939] [warning] Couldn't find file 'lunate_rvs.vtp'.
[2022-09-16 11:53:54.939] [warning] Couldn't find file 'scaphoid_rvs.vtp'.
[2022-09-16 11:53:54.939] [warning] Couldn't find file 'triquetrum_rvs.vtp'.
[2022-09-16 11:53:54.939] [warning] Couldn't find file 'hamate_rvs.vtp'.
[2022-09-16 11:53:54.939] [warning] Couldn't find file 'capitate_rvs.vtp'.
[2022-09-16 11:53:54.939] [warning] Couldn't find file 'trapezoid_rvs.vtp'.
[2022-09-16 11:53:54.939] [warning] Couldn't find file 'trapezium_rvs.vtp'.
[2022-09-16 11:53:54.940] [warning] Couldn't find file 'metacarpal2_rvs.vtp'.
[2022-09-16 11:53:54.940] [warning] Couldn't find file 'index_proximal_rvs.vtp'.
[2022-09-16 11:53:54.940] [warning] Couldn't find file 'index_medial_rvs.vtp'.
[2022-09-16 11:53:54.940] [warning] Couldn't find file 'index_distal_rvs.vtp'.
[2022-09-16 11:53:54.940] [warning] Couldn't find file 'metacarpal3_rvs.vtp'.
[2022-09-16 11:53:54.940] [warning] Couldn't find file 'middle_proximal_rvs.vtp'.
[2022-09-16 11:53:54.940] [warning] Couldn't find file 'middle_medial_rvs.vtp'.
[2022-09-16 11:53:54.941] [warning] Couldn't find file 'middle_distal_rvs.vtp'.
[2022-09-16 11:53:54.941] [warning] Couldn't find file 'metacarpal4_rvs.vtp'.
[2022-09-16 11:53:54.941] [warning] Couldn't find file 'ring_proximal_rvs.vtp'.
[2022-09-16 11:53:54.941] [warning] Couldn't find file 'ring_medial_rvs.vtp'.
[2022-09-16 11:53:54.941] [warning] Couldn't find file 'ring_distal_rvs.vtp'.
[2022-09-16 11:53:54.941] [warning] Couldn't find file 'metacarpal5_rvs.vtp'.
[2022-09-16 11:53:54.941] [warning] Couldn't find file 'little_proximal_rvs.vtp'.
[2022-09-16 11:53:54.941] [warning] Couldn't find file 'little_medial_rvs.vtp'.
[2022-09-16 11:53:54.941] [warning] Couldn't find file 'little_distal_rvs.vtp'.
[2022-09-16 11:53:54.941] [warning] Couldn't find file 'metacarpal1_rvs.vtp'.
[2022-09-16 11:53:54.941] [warning] Couldn't find file 'thumb_proximal_rvs.vtp'.
[2022-09-16 11:53:54.941] [warning] Couldn't find file 'thumb_distal_rvs.vtp'.
[2022-09-16 11:53:54.942] [warning] Couldn't find file 'humerus_lv.vtp'.
[2022-09-16 11:53:54.942] [warning] Couldn't find file 'ulna_lv.vtp'.
[2022-09-16 11:53:54.942] [warning] Couldn't find file 'radius_lv.vtp'.
[2022-09-16 11:53:54.942] [warning] Couldn't find file 'pisiform_lvs.vtp'.
[2022-09-16 11:53:54.942] [warning] Couldn't find file 'lunate_lvs.vtp'.
[2022-09-16 11:53:54.942] [warning] Couldn't find file 'scaphoid_lvs.vtp'.
[2022-09-16 11:53:54.942] [warning] Couldn't find file 'triquetrum_lvs.vtp'.
[2022-09-16 11:53:54.942] [warning] Couldn't find file 'hamate_lvs.vtp'.
[2022-09-16 11:53:54.942] [warning] Couldn't find file 'capitate_lvs.vtp'.
[2022-09-16 11:53:54.942] [warning] Couldn't find file 'trapezoid_lvs.vtp'.
[2022-09-16 11:53:54.942] [warning] Couldn't find file 'trapezium_lvs.vtp'.
[2022-09-16 11:53:54.942] [warning] Couldn't find file 'metacarpal2_lvs.vtp'.
[2022-09-16 11:53:54.943] [warning] Couldn't find file 'index_proximal_lvs.vtp'.
[2022-09-16 11:53:54.943] [warning] Couldn't find file 'index_medial_lvs.vtp'.
[2022-09-16 11:53:54.943] [warning] Couldn't find file 'index_distal_lvs.vtp'.
[2022-09-16 11:53:54.943] [warning] Couldn't find file 'metacarpal3_lvs.vtp'.
[2022-09-16 11:53:54.943] [warning] Couldn't find file 'middle_proximal_lvs.vtp'.
[2022-09-16 11:53:54.943] [warning] Couldn't find file 'middle_medial_lvs.vtp'.
[2022-09-16 11:53:54.943] [warning] Couldn't find file 'middle_distal_lvs.vtp'.
[2022-09-16 11:53:54.943] [warning] Couldn't find file 'metacarpal4_lvs.vtp'.
[2022-09-16 11:53:54.943] [warning] Couldn't find file 'ring_proximal_lvs.vtp'.
[2022-09-16 11:53:54.943] [warning] Couldn't find file 'ring_medial_lvs.vtp'.
[2022-09-16 11:53:54.943] [warning] Couldn't find file 'ring_distal_lvs.vtp'.
[2022-09-16 11:53:54.943] [warning] Couldn't find file 'metacarpal5_lvs.vtp'.
[2022-09-16 11:53:54.944] [warning] Couldn't find file 'little_proximal_lvs.vtp'.
[2022-09-16 11:53:54.944] [warning] Couldn't find file 'little_medial_lvs.vtp'.
[2022-09-16 11:53:54.944] [warning] Couldn't find file 'little_distal_lvs.vtp'.
[2022-09-16 11:53:54.944] [warning] Couldn't find file 'metacarpal1_lvs.vtp'.
[2022-09-16 11:53:54.944] [warning] Couldn't find file 'thumb_proximal_lvs.vtp'.
[2022-09-16 11:53:54.944] [warning] Couldn't find file 'thumb_distal_lvs.vtp'.
