[2022-11-14 13:19:24.808] [info] Loaded model subject1_withMTJ_locked_scaled_custom from file C:\Users\u0150099\Documents\master_thesis\3dpredictsim\OpenSimModel\subject1\Fal_s1_mtjc4_FK_sc_FDB2_MTc5_cspx10_oy3.osim
[2022-11-14 13:19:24.810] [warning] Couldn't find file 'sacrum.vtp'.
[2022-11-14 13:19:24.810] [warning] Couldn't find file 'pelvis.vtp'.
[2022-11-14 13:19:24.810] [warning] Couldn't find file 'l_pelvis.vtp'.
[2022-11-14 13:19:24.810] [warning] Couldn't find file 'femur_r.vtp'.
[2022-11-14 13:19:24.810] [warning] Couldn't find file 'tibia_r.vtp'.
[2022-11-14 13:19:24.810] [warning] Couldn't find file 'fibula_r.vtp'.
[2022-11-14 13:19:24.810] [warning] Couldn't find file 'talus_rv.vtp'.
[2022-11-14 13:19:24.810] [warning] Couldn't find file 'calcaneous_rv.vtp'.
[2022-11-14 13:19:24.812] [warning] Couldn't find file 'model_r_midfoot.stl'.
[2022-11-14 13:19:24.812] [warning] Couldn't find file 'model_r_forefoot.stl'.
[2022-11-14 13:19:24.812] [warning] Couldn't find file 'model_r_toes.stl'.
[2022-11-14 13:19:24.812] [warning] Couldn't find file 'femur_l.vtp'.
[2022-11-14 13:19:24.812] [warning] Couldn't find file 'tibia_l.vtp'.
[2022-11-14 13:19:24.812] [warning] Couldn't find file 'fibula_l.vtp'.
[2022-11-14 13:19:24.812] [warning] Couldn't find file 'talus_lv.vtp'.
[2022-11-14 13:19:24.812] [warning] Couldn't find file 'calcaneous_lv.vtp'.
[2022-11-14 13:19:24.812] [warning] Couldn't find file 'model_l_midfoot.stl'.
[2022-11-14 13:19:24.812] [warning] Couldn't find file 'model_l_forefoot.stl'.
[2022-11-14 13:19:24.812] [warning] Couldn't find file 'model_l_toes.stl'.
[2022-11-14 13:19:24.813] [warning] Couldn't find file 'hat_spine.vtp'.
[2022-11-14 13:19:24.813] [warning] Couldn't find file 'hat_jaw.vtp'.
[2022-11-14 13:19:24.813] [warning] Couldn't find file 'hat_skull.vtp'.
[2022-11-14 13:19:24.813] [warning] Couldn't find file 'hat_ribs_scap.vtp'.
[2022-11-14 13:19:24.813] [warning] Couldn't find file 'humerus_rv.vtp'.
[2022-11-14 13:19:24.813] [warning] Couldn't find file 'ulna_rv.vtp'.
[2022-11-14 13:19:24.813] [warning] Couldn't find file 'radius_rv.vtp'.
[2022-11-14 13:19:24.813] [warning] Couldn't find file 'pisiform_rvs.vtp'.
[2022-11-14 13:19:24.813] [warning] Couldn't find file 'lunate_rvs.vtp'.
[2022-11-14 13:19:24.813] [warning] Couldn't find file 'scaphoid_rvs.vtp'.
[2022-11-14 13:19:24.813] [warning] Couldn't find file 'triquetrum_rvs.vtp'.
[2022-11-14 13:19:24.813] [warning] Couldn't find file 'hamate_rvs.vtp'.
[2022-11-14 13:19:24.813] [warning] Couldn't find file 'capitate_rvs.vtp'.
[2022-11-14 13:19:24.813] [warning] Couldn't find file 'trapezoid_rvs.vtp'.
[2022-11-14 13:19:24.813] [warning] Couldn't find file 'trapezium_rvs.vtp'.
[2022-11-14 13:19:24.813] [warning] Couldn't find file 'metacarpal2_rvs.vtp'.
[2022-11-14 13:19:24.813] [warning] Couldn't find file 'index_proximal_rvs.vtp'.
[2022-11-14 13:19:24.813] [warning] Couldn't find file 'index_medial_rvs.vtp'.
[2022-11-14 13:19:24.814] [warning] Couldn't find file 'index_distal_rvs.vtp'.
[2022-11-14 13:19:24.814] [warning] Couldn't find file 'metacarpal3_rvs.vtp'.
[2022-11-14 13:19:24.814] [warning] Couldn't find file 'middle_proximal_rvs.vtp'.
[2022-11-14 13:19:24.814] [warning] Couldn't find file 'middle_medial_rvs.vtp'.
[2022-11-14 13:19:24.814] [warning] Couldn't find file 'middle_distal_rvs.vtp'.
[2022-11-14 13:19:24.814] [warning] Couldn't find file 'metacarpal4_rvs.vtp'.
[2022-11-14 13:19:24.814] [warning] Couldn't find file 'ring_proximal_rvs.vtp'.
[2022-11-14 13:19:24.814] [warning] Couldn't find file 'ring_medial_rvs.vtp'.
[2022-11-14 13:19:24.814] [warning] Couldn't find file 'ring_distal_rvs.vtp'.
[2022-11-14 13:19:24.814] [warning] Couldn't find file 'metacarpal5_rvs.vtp'.
[2022-11-14 13:19:24.814] [warning] Couldn't find file 'little_proximal_rvs.vtp'.
[2022-11-14 13:19:24.814] [warning] Couldn't find file 'little_medial_rvs.vtp'.
[2022-11-14 13:19:24.814] [warning] Couldn't find file 'little_distal_rvs.vtp'.
[2022-11-14 13:19:24.814] [warning] Couldn't find file 'metacarpal1_rvs.vtp'.
[2022-11-14 13:19:24.814] [warning] Couldn't find file 'thumb_proximal_rvs.vtp'.
[2022-11-14 13:19:24.814] [warning] Couldn't find file 'thumb_distal_rvs.vtp'.
[2022-11-14 13:19:24.814] [warning] Couldn't find file 'humerus_lv.vtp'.
[2022-11-14 13:19:24.815] [warning] Couldn't find file 'ulna_lv.vtp'.
[2022-11-14 13:19:24.815] [warning] Couldn't find file 'radius_lv.vtp'.
[2022-11-14 13:19:24.815] [warning] Couldn't find file 'pisiform_lvs.vtp'.
[2022-11-14 13:19:24.815] [warning] Couldn't find file 'lunate_lvs.vtp'.
[2022-11-14 13:19:24.815] [warning] Couldn't find file 'scaphoid_lvs.vtp'.
[2022-11-14 13:19:24.815] [warning] Couldn't find file 'triquetrum_lvs.vtp'.
[2022-11-14 13:19:24.815] [warning] Couldn't find file 'hamate_lvs.vtp'.
[2022-11-14 13:19:24.815] [warning] Couldn't find file 'capitate_lvs.vtp'.
[2022-11-14 13:19:24.815] [warning] Couldn't find file 'trapezoid_lvs.vtp'.
[2022-11-14 13:19:24.815] [warning] Couldn't find file 'trapezium_lvs.vtp'.
[2022-11-14 13:19:24.815] [warning] Couldn't find file 'metacarpal2_lvs.vtp'.
[2022-11-14 13:19:24.815] [warning] Couldn't find file 'index_proximal_lvs.vtp'.
[2022-11-14 13:19:24.815] [warning] Couldn't find file 'index_medial_lvs.vtp'.
[2022-11-14 13:19:24.815] [warning] Couldn't find file 'index_distal_lvs.vtp'.
[2022-11-14 13:19:24.815] [warning] Couldn't find file 'metacarpal3_lvs.vtp'.
[2022-11-14 13:19:24.815] [warning] Couldn't find file 'middle_proximal_lvs.vtp'.
[2022-11-14 13:19:24.815] [warning] Couldn't find file 'middle_medial_lvs.vtp'.
[2022-11-14 13:19:24.815] [warning] Couldn't find file 'middle_distal_lvs.vtp'.
[2022-11-14 13:19:24.816] [warning] Couldn't find file 'metacarpal4_lvs.vtp'.
[2022-11-14 13:19:24.816] [warning] Couldn't find file 'ring_proximal_lvs.vtp'.
[2022-11-14 13:19:24.816] [warning] Couldn't find file 'ring_medial_lvs.vtp'.
[2022-11-14 13:19:24.816] [warning] Couldn't find file 'ring_distal_lvs.vtp'.
[2022-11-14 13:19:24.816] [warning] Couldn't find file 'metacarpal5_lvs.vtp'.
[2022-11-14 13:19:24.816] [warning] Couldn't find file 'little_proximal_lvs.vtp'.
[2022-11-14 13:19:24.816] [warning] Couldn't find file 'little_medial_lvs.vtp'.
[2022-11-14 13:19:24.816] [warning] Couldn't find file 'little_distal_lvs.vtp'.
[2022-11-14 13:19:24.816] [warning] Couldn't find file 'metacarpal1_lvs.vtp'.
[2022-11-14 13:19:24.816] [warning] Couldn't find file 'thumb_proximal_lvs.vtp'.
[2022-11-14 13:19:24.816] [warning] Couldn't find file 'thumb_distal_lvs.vtp'.
[2022-11-14 13:19:43.051] [info] Loaded model subject1_withMTJ_locked_scaled_custom from file C:\Users\u0150099\Documents\master_thesis\3dpredictsim\OpenSimModel\subject1\Fal_s1_mtjc4_FK_sc_FDB2_MTc5_cspx10_oy3.osim
[2022-11-14 13:19:43.052] [warning] Couldn't find file 'sacrum.vtp'.
[2022-11-14 13:19:43.052] [warning] Couldn't find file 'pelvis.vtp'.
[2022-11-14 13:19:43.052] [warning] Couldn't find file 'l_pelvis.vtp'.
[2022-11-14 13:19:43.052] [warning] Couldn't find file 'femur_r.vtp'.
[2022-11-14 13:19:43.052] [warning] Couldn't find file 'tibia_r.vtp'.
[2022-11-14 13:19:43.052] [warning] Couldn't find file 'fibula_r.vtp'.
[2022-11-14 13:19:43.052] [warning] Couldn't find file 'talus_rv.vtp'.
[2022-11-14 13:19:43.052] [warning] Couldn't find file 'calcaneous_rv.vtp'.
[2022-11-14 13:19:43.052] [warning] Couldn't find file 'model_r_midfoot.stl'.
[2022-11-14 13:19:43.053] [warning] Couldn't find file 'model_r_forefoot.stl'.
[2022-11-14 13:19:43.053] [warning] Couldn't find file 'model_r_toes.stl'.
[2022-11-14 13:19:43.053] [warning] Couldn't find file 'femur_l.vtp'.
[2022-11-14 13:19:43.053] [warning] Couldn't find file 'tibia_l.vtp'.
[2022-11-14 13:19:43.053] [warning] Couldn't find file 'fibula_l.vtp'.
[2022-11-14 13:19:43.053] [warning] Couldn't find file 'talus_lv.vtp'.
[2022-11-14 13:19:43.053] [warning] Couldn't find file 'calcaneous_lv.vtp'.
[2022-11-14 13:19:43.053] [warning] Couldn't find file 'model_l_midfoot.stl'.
[2022-11-14 13:19:43.053] [warning] Couldn't find file 'model_l_forefoot.stl'.
[2022-11-14 13:19:43.053] [warning] Couldn't find file 'model_l_toes.stl'.
[2022-11-14 13:19:43.053] [warning] Couldn't find file 'hat_spine.vtp'.
[2022-11-14 13:19:43.053] [warning] Couldn't find file 'hat_jaw.vtp'.
[2022-11-14 13:19:43.053] [warning] Couldn't find file 'hat_skull.vtp'.
[2022-11-14 13:19:43.053] [warning] Couldn't find file 'hat_ribs_scap.vtp'.
[2022-11-14 13:19:43.053] [warning] Couldn't find file 'humerus_rv.vtp'.
[2022-11-14 13:19:43.054] [warning] Couldn't find file 'ulna_rv.vtp'.
[2022-11-14 13:19:43.054] [warning] Couldn't find file 'radius_rv.vtp'.
[2022-11-14 13:19:43.054] [warning] Couldn't find file 'pisiform_rvs.vtp'.
[2022-11-14 13:19:43.054] [warning] Couldn't find file 'lunate_rvs.vtp'.
[2022-11-14 13:19:43.054] [warning] Couldn't find file 'scaphoid_rvs.vtp'.
[2022-11-14 13:19:43.054] [warning] Couldn't find file 'triquetrum_rvs.vtp'.
[2022-11-14 13:19:43.054] [warning] Couldn't find file 'hamate_rvs.vtp'.
[2022-11-14 13:19:43.054] [warning] Couldn't find file 'capitate_rvs.vtp'.
[2022-11-14 13:19:43.054] [warning] Couldn't find file 'trapezoid_rvs.vtp'.
[2022-11-14 13:19:43.054] [warning] Couldn't find file 'trapezium_rvs.vtp'.
[2022-11-14 13:19:43.054] [warning] Couldn't find file 'metacarpal2_rvs.vtp'.
[2022-11-14 13:19:43.054] [warning] Couldn't find file 'index_proximal_rvs.vtp'.
[2022-11-14 13:19:43.054] [warning] Couldn't find file 'index_medial_rvs.vtp'.
[2022-11-14 13:19:43.054] [warning] Couldn't find file 'index_distal_rvs.vtp'.
[2022-11-14 13:19:43.054] [warning] Couldn't find file 'metacarpal3_rvs.vtp'.
[2022-11-14 13:19:43.054] [warning] Couldn't find file 'middle_proximal_rvs.vtp'.
[2022-11-14 13:19:43.054] [warning] Couldn't find file 'middle_medial_rvs.vtp'.
[2022-11-14 13:19:43.055] [warning] Couldn't find file 'middle_distal_rvs.vtp'.
[2022-11-14 13:19:43.055] [warning] Couldn't find file 'metacarpal4_rvs.vtp'.
[2022-11-14 13:19:43.055] [warning] Couldn't find file 'ring_proximal_rvs.vtp'.
[2022-11-14 13:19:43.055] [warning] Couldn't find file 'ring_medial_rvs.vtp'.
[2022-11-14 13:19:43.055] [warning] Couldn't find file 'ring_distal_rvs.vtp'.
[2022-11-14 13:19:43.055] [warning] Couldn't find file 'metacarpal5_rvs.vtp'.
[2022-11-14 13:19:43.055] [warning] Couldn't find file 'little_proximal_rvs.vtp'.
[2022-11-14 13:19:43.055] [warning] Couldn't find file 'little_medial_rvs.vtp'.
[2022-11-14 13:19:43.055] [warning] Couldn't find file 'little_distal_rvs.vtp'.
[2022-11-14 13:19:43.055] [warning] Couldn't find file 'metacarpal1_rvs.vtp'.
[2022-11-14 13:19:43.055] [warning] Couldn't find file 'thumb_proximal_rvs.vtp'.
[2022-11-14 13:19:43.055] [warning] Couldn't find file 'thumb_distal_rvs.vtp'.
[2022-11-14 13:19:43.055] [warning] Couldn't find file 'humerus_lv.vtp'.
[2022-11-14 13:19:43.055] [warning] Couldn't find file 'ulna_lv.vtp'.
[2022-11-14 13:19:43.055] [warning] Couldn't find file 'radius_lv.vtp'.
[2022-11-14 13:19:43.055] [warning] Couldn't find file 'pisiform_lvs.vtp'.
[2022-11-14 13:19:43.055] [warning] Couldn't find file 'lunate_lvs.vtp'.
[2022-11-14 13:19:43.056] [warning] Couldn't find file 'scaphoid_lvs.vtp'.
[2022-11-14 13:19:43.056] [warning] Couldn't find file 'triquetrum_lvs.vtp'.
[2022-11-14 13:19:43.056] [warning] Couldn't find file 'hamate_lvs.vtp'.
[2022-11-14 13:19:43.056] [warning] Couldn't find file 'capitate_lvs.vtp'.
[2022-11-14 13:19:43.056] [warning] Couldn't find file 'trapezoid_lvs.vtp'.
[2022-11-14 13:19:43.056] [warning] Couldn't find file 'trapezium_lvs.vtp'.
[2022-11-14 13:19:43.056] [warning] Couldn't find file 'metacarpal2_lvs.vtp'.
[2022-11-14 13:19:43.056] [warning] Couldn't find file 'index_proximal_lvs.vtp'.
[2022-11-14 13:19:43.056] [warning] Couldn't find file 'index_medial_lvs.vtp'.
[2022-11-14 13:19:43.056] [warning] Couldn't find file 'index_distal_lvs.vtp'.
[2022-11-14 13:19:43.056] [warning] Couldn't find file 'metacarpal3_lvs.vtp'.
[2022-11-14 13:19:43.056] [warning] Couldn't find file 'middle_proximal_lvs.vtp'.
[2022-11-14 13:19:43.056] [warning] Couldn't find file 'middle_medial_lvs.vtp'.
[2022-11-14 13:19:43.056] [warning] Couldn't find file 'middle_distal_lvs.vtp'.
[2022-11-14 13:19:43.056] [warning] Couldn't find file 'metacarpal4_lvs.vtp'.
[2022-11-14 13:19:43.056] [warning] Couldn't find file 'ring_proximal_lvs.vtp'.
[2022-11-14 13:19:43.056] [warning] Couldn't find file 'ring_medial_lvs.vtp'.
[2022-11-14 13:19:43.057] [warning] Couldn't find file 'ring_distal_lvs.vtp'.
[2022-11-14 13:19:43.057] [warning] Couldn't find file 'metacarpal5_lvs.vtp'.
[2022-11-14 13:19:43.057] [warning] Couldn't find file 'little_proximal_lvs.vtp'.
[2022-11-14 13:19:43.057] [warning] Couldn't find file 'little_medial_lvs.vtp'.
[2022-11-14 13:19:43.057] [warning] Couldn't find file 'little_distal_lvs.vtp'.
[2022-11-14 13:19:43.057] [warning] Couldn't find file 'metacarpal1_lvs.vtp'.
[2022-11-14 13:19:43.057] [warning] Couldn't find file 'thumb_proximal_lvs.vtp'.
[2022-11-14 13:19:43.057] [warning] Couldn't find file 'thumb_distal_lvs.vtp'.
[2022-11-14 13:20:32.926] [info] Loaded model subject1_withMTJ_locked_scaled_custom from file C:\Users\u0150099\Documents\master_thesis\3dpredictsim\OpenSimModel\subject1\Fal_s1_mtjc4_FK_sc_FDB2_MTc5_cspx10_oy3.osim
[2022-11-14 13:20:32.927] [warning] Couldn't find file 'sacrum.vtp'.
[2022-11-14 13:20:32.927] [warning] Couldn't find file 'pelvis.vtp'.
[2022-11-14 13:20:32.927] [warning] Couldn't find file 'l_pelvis.vtp'.
[2022-11-14 13:20:32.927] [warning] Couldn't find file 'femur_r.vtp'.
[2022-11-14 13:20:32.927] [warning] Couldn't find file 'tibia_r.vtp'.
[2022-11-14 13:20:32.927] [warning] Couldn't find file 'fibula_r.vtp'.
[2022-11-14 13:20:32.927] [warning] Couldn't find file 'talus_rv.vtp'.
[2022-11-14 13:20:32.927] [warning] Couldn't find file 'calcaneous_rv.vtp'.
[2022-11-14 13:20:32.927] [warning] Couldn't find file 'model_r_midfoot.stl'.
[2022-11-14 13:20:32.927] [warning] Couldn't find file 'model_r_forefoot.stl'.
[2022-11-14 13:20:32.927] [warning] Couldn't find file 'model_r_toes.stl'.
[2022-11-14 13:20:32.927] [warning] Couldn't find file 'femur_l.vtp'.
[2022-11-14 13:20:32.927] [warning] Couldn't find file 'tibia_l.vtp'.
[2022-11-14 13:20:32.927] [warning] Couldn't find file 'fibula_l.vtp'.
[2022-11-14 13:20:32.927] [warning] Couldn't find file 'talus_lv.vtp'.
[2022-11-14 13:20:32.927] [warning] Couldn't find file 'calcaneous_lv.vtp'.
[2022-11-14 13:20:32.927] [warning] Couldn't find file 'model_l_midfoot.stl'.
[2022-11-14 13:20:32.928] [warning] Couldn't find file 'model_l_forefoot.stl'.
[2022-11-14 13:20:32.928] [warning] Couldn't find file 'model_l_toes.stl'.
[2022-11-14 13:20:32.928] [warning] Couldn't find file 'hat_spine.vtp'.
[2022-11-14 13:20:32.928] [warning] Couldn't find file 'hat_jaw.vtp'.
[2022-11-14 13:20:32.928] [warning] Couldn't find file 'hat_skull.vtp'.
[2022-11-14 13:20:32.928] [warning] Couldn't find file 'hat_ribs_scap.vtp'.
[2022-11-14 13:20:32.928] [warning] Couldn't find file 'humerus_rv.vtp'.
[2022-11-14 13:20:32.928] [warning] Couldn't find file 'ulna_rv.vtp'.
[2022-11-14 13:20:32.928] [warning] Couldn't find file 'radius_rv.vtp'.
[2022-11-14 13:20:32.928] [warning] Couldn't find file 'pisiform_rvs.vtp'.
[2022-11-14 13:20:32.928] [warning] Couldn't find file 'lunate_rvs.vtp'.
[2022-11-14 13:20:32.928] [warning] Couldn't find file 'scaphoid_rvs.vtp'.
[2022-11-14 13:20:32.928] [warning] Couldn't find file 'triquetrum_rvs.vtp'.
[2022-11-14 13:20:32.928] [warning] Couldn't find file 'hamate_rvs.vtp'.
[2022-11-14 13:20:32.928] [warning] Couldn't find file 'capitate_rvs.vtp'.
[2022-11-14 13:20:32.928] [warning] Couldn't find file 'trapezoid_rvs.vtp'.
[2022-11-14 13:20:32.928] [warning] Couldn't find file 'trapezium_rvs.vtp'.
[2022-11-14 13:20:32.928] [warning] Couldn't find file 'metacarpal2_rvs.vtp'.
[2022-11-14 13:20:32.929] [warning] Couldn't find file 'index_proximal_rvs.vtp'.
[2022-11-14 13:20:32.929] [warning] Couldn't find file 'index_medial_rvs.vtp'.
[2022-11-14 13:20:32.929] [warning] Couldn't find file 'index_distal_rvs.vtp'.
[2022-11-14 13:20:32.929] [warning] Couldn't find file 'metacarpal3_rvs.vtp'.
[2022-11-14 13:20:32.929] [warning] Couldn't find file 'middle_proximal_rvs.vtp'.
[2022-11-14 13:20:32.929] [warning] Couldn't find file 'middle_medial_rvs.vtp'.
[2022-11-14 13:20:32.929] [warning] Couldn't find file 'middle_distal_rvs.vtp'.
[2022-11-14 13:20:32.929] [warning] Couldn't find file 'metacarpal4_rvs.vtp'.
[2022-11-14 13:20:32.929] [warning] Couldn't find file 'ring_proximal_rvs.vtp'.
[2022-11-14 13:20:32.929] [warning] Couldn't find file 'ring_medial_rvs.vtp'.
[2022-11-14 13:20:32.929] [warning] Couldn't find file 'ring_distal_rvs.vtp'.
[2022-11-14 13:20:32.929] [warning] Couldn't find file 'metacarpal5_rvs.vtp'.
[2022-11-14 13:20:32.929] [warning] Couldn't find file 'little_proximal_rvs.vtp'.
[2022-11-14 13:20:32.929] [warning] Couldn't find file 'little_medial_rvs.vtp'.
[2022-11-14 13:20:32.929] [warning] Couldn't find file 'little_distal_rvs.vtp'.
[2022-11-14 13:20:32.929] [warning] Couldn't find file 'metacarpal1_rvs.vtp'.
[2022-11-14 13:20:32.929] [warning] Couldn't find file 'thumb_proximal_rvs.vtp'.
[2022-11-14 13:20:32.930] [warning] Couldn't find file 'thumb_distal_rvs.vtp'.
[2022-11-14 13:20:32.930] [warning] Couldn't find file 'humerus_lv.vtp'.
[2022-11-14 13:20:32.930] [warning] Couldn't find file 'ulna_lv.vtp'.
[2022-11-14 13:20:32.930] [warning] Couldn't find file 'radius_lv.vtp'.
[2022-11-14 13:20:32.930] [warning] Couldn't find file 'pisiform_lvs.vtp'.
[2022-11-14 13:20:32.930] [warning] Couldn't find file 'lunate_lvs.vtp'.
[2022-11-14 13:20:32.930] [warning] Couldn't find file 'scaphoid_lvs.vtp'.
[2022-11-14 13:20:32.930] [warning] Couldn't find file 'triquetrum_lvs.vtp'.
[2022-11-14 13:20:32.930] [warning] Couldn't find file 'hamate_lvs.vtp'.
[2022-11-14 13:20:32.930] [warning] Couldn't find file 'capitate_lvs.vtp'.
[2022-11-14 13:20:32.930] [warning] Couldn't find file 'trapezoid_lvs.vtp'.
[2022-11-14 13:20:32.930] [warning] Couldn't find file 'trapezium_lvs.vtp'.
[2022-11-14 13:20:32.930] [warning] Couldn't find file 'metacarpal2_lvs.vtp'.
[2022-11-14 13:20:32.930] [warning] Couldn't find file 'index_proximal_lvs.vtp'.
[2022-11-14 13:20:32.930] [warning] Couldn't find file 'index_medial_lvs.vtp'.
[2022-11-14 13:20:32.930] [warning] Couldn't find file 'index_distal_lvs.vtp'.
[2022-11-14 13:20:32.930] [warning] Couldn't find file 'metacarpal3_lvs.vtp'.
[2022-11-14 13:20:32.930] [warning] Couldn't find file 'middle_proximal_lvs.vtp'.
[2022-11-14 13:20:32.931] [warning] Couldn't find file 'middle_medial_lvs.vtp'.
[2022-11-14 13:20:32.931] [warning] Couldn't find file 'middle_distal_lvs.vtp'.
[2022-11-14 13:20:32.931] [warning] Couldn't find file 'metacarpal4_lvs.vtp'.
[2022-11-14 13:20:32.931] [warning] Couldn't find file 'ring_proximal_lvs.vtp'.
[2022-11-14 13:20:32.931] [warning] Couldn't find file 'ring_medial_lvs.vtp'.
[2022-11-14 13:20:32.931] [warning] Couldn't find file 'ring_distal_lvs.vtp'.
[2022-11-14 13:20:32.931] [warning] Couldn't find file 'metacarpal5_lvs.vtp'.
[2022-11-14 13:20:32.931] [warning] Couldn't find file 'little_proximal_lvs.vtp'.
[2022-11-14 13:20:32.931] [warning] Couldn't find file 'little_medial_lvs.vtp'.
[2022-11-14 13:20:32.931] [warning] Couldn't find file 'little_distal_lvs.vtp'.
[2022-11-14 13:20:32.931] [warning] Couldn't find file 'metacarpal1_lvs.vtp'.
[2022-11-14 13:20:32.931] [warning] Couldn't find file 'thumb_proximal_lvs.vtp'.
[2022-11-14 13:20:32.931] [warning] Couldn't find file 'thumb_distal_lvs.vtp'.
[2022-11-14 13:20:55.238] [info] Loaded model subject1_withMTJ_locked_scaled_custom from file C:\Users\u0150099\Documents\master_thesis\3dpredictsim\OpenSimModel\subject1\Fal_s1_mtjc4_FK_sc_FDB2_MTc5_cspx10_oy3.osim
[2022-11-14 13:20:55.238] [warning] Couldn't find file 'sacrum.vtp'.
[2022-11-14 13:20:55.238] [warning] Couldn't find file 'pelvis.vtp'.
[2022-11-14 13:20:55.238] [warning] Couldn't find file 'l_pelvis.vtp'.
[2022-11-14 13:20:55.238] [warning] Couldn't find file 'femur_r.vtp'.
[2022-11-14 13:20:55.238] [warning] Couldn't find file 'tibia_r.vtp'.
[2022-11-14 13:20:55.238] [warning] Couldn't find file 'fibula_r.vtp'.
[2022-11-14 13:20:55.239] [warning] Couldn't find file 'talus_rv.vtp'.
[2022-11-14 13:20:55.239] [warning] Couldn't find file 'calcaneous_rv.vtp'.
[2022-11-14 13:20:55.239] [warning] Couldn't find file 'model_r_midfoot.stl'.
[2022-11-14 13:20:55.239] [warning] Couldn't find file 'model_r_forefoot.stl'.
[2022-11-14 13:20:55.239] [warning] Couldn't find file 'model_r_toes.stl'.
[2022-11-14 13:20:55.239] [warning] Couldn't find file 'femur_l.vtp'.
[2022-11-14 13:20:55.239] [warning] Couldn't find file 'tibia_l.vtp'.
[2022-11-14 13:20:55.239] [warning] Couldn't find file 'fibula_l.vtp'.
[2022-11-14 13:20:55.239] [warning] Couldn't find file 'talus_lv.vtp'.
[2022-11-14 13:20:55.239] [warning] Couldn't find file 'calcaneous_lv.vtp'.
[2022-11-14 13:20:55.239] [warning] Couldn't find file 'model_l_midfoot.stl'.
[2022-11-14 13:20:55.239] [warning] Couldn't find file 'model_l_forefoot.stl'.
[2022-11-14 13:20:55.239] [warning] Couldn't find file 'model_l_toes.stl'.
[2022-11-14 13:20:55.239] [warning] Couldn't find file 'hat_spine.vtp'.
[2022-11-14 13:20:55.239] [warning] Couldn't find file 'hat_jaw.vtp'.
[2022-11-14 13:20:55.239] [warning] Couldn't find file 'hat_skull.vtp'.
[2022-11-14 13:20:55.239] [warning] Couldn't find file 'hat_ribs_scap.vtp'.
[2022-11-14 13:20:55.240] [warning] Couldn't find file 'humerus_rv.vtp'.
[2022-11-14 13:20:55.240] [warning] Couldn't find file 'ulna_rv.vtp'.
[2022-11-14 13:20:55.240] [warning] Couldn't find file 'radius_rv.vtp'.
[2022-11-14 13:20:55.240] [warning] Couldn't find file 'pisiform_rvs.vtp'.
[2022-11-14 13:20:55.240] [warning] Couldn't find file 'lunate_rvs.vtp'.
[2022-11-14 13:20:55.240] [warning] Couldn't find file 'scaphoid_rvs.vtp'.
[2022-11-14 13:20:55.240] [warning] Couldn't find file 'triquetrum_rvs.vtp'.
[2022-11-14 13:20:55.240] [warning] Couldn't find file 'hamate_rvs.vtp'.
[2022-11-14 13:20:55.240] [warning] Couldn't find file 'capitate_rvs.vtp'.
[2022-11-14 13:20:55.240] [warning] Couldn't find file 'trapezoid_rvs.vtp'.
[2022-11-14 13:20:55.240] [warning] Couldn't find file 'trapezium_rvs.vtp'.
[2022-11-14 13:20:55.240] [warning] Couldn't find file 'metacarpal2_rvs.vtp'.
[2022-11-14 13:20:55.240] [warning] Couldn't find file 'index_proximal_rvs.vtp'.
[2022-11-14 13:20:55.240] [warning] Couldn't find file 'index_medial_rvs.vtp'.
[2022-11-14 13:20:55.240] [warning] Couldn't find file 'index_distal_rvs.vtp'.
[2022-11-14 13:20:55.240] [warning] Couldn't find file 'metacarpal3_rvs.vtp'.
[2022-11-14 13:20:55.240] [warning] Couldn't find file 'middle_proximal_rvs.vtp'.
[2022-11-14 13:20:55.241] [warning] Couldn't find file 'middle_medial_rvs.vtp'.
[2022-11-14 13:20:55.241] [warning] Couldn't find file 'middle_distal_rvs.vtp'.
[2022-11-14 13:20:55.241] [warning] Couldn't find file 'metacarpal4_rvs.vtp'.
[2022-11-14 13:20:55.241] [warning] Couldn't find file 'ring_proximal_rvs.vtp'.
[2022-11-14 13:20:55.241] [warning] Couldn't find file 'ring_medial_rvs.vtp'.
[2022-11-14 13:20:55.241] [warning] Couldn't find file 'ring_distal_rvs.vtp'.
[2022-11-14 13:20:55.241] [warning] Couldn't find file 'metacarpal5_rvs.vtp'.
[2022-11-14 13:20:55.241] [warning] Couldn't find file 'little_proximal_rvs.vtp'.
[2022-11-14 13:20:55.241] [warning] Couldn't find file 'little_medial_rvs.vtp'.
[2022-11-14 13:20:55.241] [warning] Couldn't find file 'little_distal_rvs.vtp'.
[2022-11-14 13:20:55.241] [warning] Couldn't find file 'metacarpal1_rvs.vtp'.
[2022-11-14 13:20:55.241] [warning] Couldn't find file 'thumb_proximal_rvs.vtp'.
[2022-11-14 13:20:55.241] [warning] Couldn't find file 'thumb_distal_rvs.vtp'.
[2022-11-14 13:20:55.241] [warning] Couldn't find file 'humerus_lv.vtp'.
[2022-11-14 13:20:55.241] [warning] Couldn't find file 'ulna_lv.vtp'.
[2022-11-14 13:20:55.241] [warning] Couldn't find file 'radius_lv.vtp'.
[2022-11-14 13:20:55.241] [warning] Couldn't find file 'pisiform_lvs.vtp'.
[2022-11-14 13:20:55.242] [warning] Couldn't find file 'lunate_lvs.vtp'.
[2022-11-14 13:20:55.242] [warning] Couldn't find file 'scaphoid_lvs.vtp'.
[2022-11-14 13:20:55.242] [warning] Couldn't find file 'triquetrum_lvs.vtp'.
[2022-11-14 13:20:55.242] [warning] Couldn't find file 'hamate_lvs.vtp'.
[2022-11-14 13:20:55.242] [warning] Couldn't find file 'capitate_lvs.vtp'.
[2022-11-14 13:20:55.242] [warning] Couldn't find file 'trapezoid_lvs.vtp'.
[2022-11-14 13:20:55.242] [warning] Couldn't find file 'trapezium_lvs.vtp'.
[2022-11-14 13:20:55.242] [warning] Couldn't find file 'metacarpal2_lvs.vtp'.
[2022-11-14 13:20:55.242] [warning] Couldn't find file 'index_proximal_lvs.vtp'.
[2022-11-14 13:20:55.242] [warning] Couldn't find file 'index_medial_lvs.vtp'.
[2022-11-14 13:20:55.242] [warning] Couldn't find file 'index_distal_lvs.vtp'.
[2022-11-14 13:20:55.242] [warning] Couldn't find file 'metacarpal3_lvs.vtp'.
[2022-11-14 13:20:55.242] [warning] Couldn't find file 'middle_proximal_lvs.vtp'.
[2022-11-14 13:20:55.242] [warning] Couldn't find file 'middle_medial_lvs.vtp'.
[2022-11-14 13:20:55.242] [warning] Couldn't find file 'middle_distal_lvs.vtp'.
[2022-11-14 13:20:55.242] [warning] Couldn't find file 'metacarpal4_lvs.vtp'.
[2022-11-14 13:20:55.242] [warning] Couldn't find file 'ring_proximal_lvs.vtp'.
[2022-11-14 13:20:55.243] [warning] Couldn't find file 'ring_medial_lvs.vtp'.
[2022-11-14 13:20:55.243] [warning] Couldn't find file 'ring_distal_lvs.vtp'.
[2022-11-14 13:20:55.243] [warning] Couldn't find file 'metacarpal5_lvs.vtp'.
[2022-11-14 13:20:55.243] [warning] Couldn't find file 'little_proximal_lvs.vtp'.
[2022-11-14 13:20:55.243] [warning] Couldn't find file 'little_medial_lvs.vtp'.
[2022-11-14 13:20:55.243] [warning] Couldn't find file 'little_distal_lvs.vtp'.
[2022-11-14 13:20:55.243] [warning] Couldn't find file 'metacarpal1_lvs.vtp'.
[2022-11-14 13:20:55.243] [warning] Couldn't find file 'thumb_proximal_lvs.vtp'.
[2022-11-14 13:20:55.243] [warning] Couldn't find file 'thumb_distal_lvs.vtp'.
[2022-11-14 13:21:06.700] [info] Loaded model subject1_withMTJ_locked_scaled_custom from file C:\Users\u0150099\Documents\master_thesis\3dpredictsim\OpenSimModel\subject1\Fal_s1_mtjc4_FK_sc_FDB2_MTc5_cspx10_oy3.osim
[2022-11-14 13:21:06.700] [warning] Couldn't find file 'sacrum.vtp'.
[2022-11-14 13:21:06.700] [warning] Couldn't find file 'pelvis.vtp'.
[2022-11-14 13:21:06.700] [warning] Couldn't find file 'l_pelvis.vtp'.
[2022-11-14 13:21:06.700] [warning] Couldn't find file 'femur_r.vtp'.
[2022-11-14 13:21:06.700] [warning] Couldn't find file 'tibia_r.vtp'.
[2022-11-14 13:21:06.701] [warning] Couldn't find file 'fibula_r.vtp'.
[2022-11-14 13:21:06.701] [warning] Couldn't find file 'talus_rv.vtp'.
[2022-11-14 13:21:06.701] [warning] Couldn't find file 'calcaneous_rv.vtp'.
[2022-11-14 13:21:06.701] [warning] Couldn't find file 'model_r_midfoot.stl'.
[2022-11-14 13:21:06.701] [warning] Couldn't find file 'model_r_forefoot.stl'.
[2022-11-14 13:21:06.701] [warning] Couldn't find file 'model_r_toes.stl'.
[2022-11-14 13:21:06.701] [warning] Couldn't find file 'femur_l.vtp'.
[2022-11-14 13:21:06.701] [warning] Couldn't find file 'tibia_l.vtp'.
[2022-11-14 13:21:06.701] [warning] Couldn't find file 'fibula_l.vtp'.
[2022-11-14 13:21:06.701] [warning] Couldn't find file 'talus_lv.vtp'.
[2022-11-14 13:21:06.701] [warning] Couldn't find file 'calcaneous_lv.vtp'.
[2022-11-14 13:21:06.701] [warning] Couldn't find file 'model_l_midfoot.stl'.
[2022-11-14 13:21:06.701] [warning] Couldn't find file 'model_l_forefoot.stl'.
[2022-11-14 13:21:06.701] [warning] Couldn't find file 'model_l_toes.stl'.
[2022-11-14 13:21:06.701] [warning] Couldn't find file 'hat_spine.vtp'.
[2022-11-14 13:21:06.701] [warning] Couldn't find file 'hat_jaw.vtp'.
[2022-11-14 13:21:06.701] [warning] Couldn't find file 'hat_skull.vtp'.
[2022-11-14 13:21:06.702] [warning] Couldn't find file 'hat_ribs_scap.vtp'.
[2022-11-14 13:21:06.702] [warning] Couldn't find file 'humerus_rv.vtp'.
[2022-11-14 13:21:06.702] [warning] Couldn't find file 'ulna_rv.vtp'.
[2022-11-14 13:21:06.702] [warning] Couldn't find file 'radius_rv.vtp'.
[2022-11-14 13:21:06.702] [warning] Couldn't find file 'pisiform_rvs.vtp'.
[2022-11-14 13:21:06.702] [warning] Couldn't find file 'lunate_rvs.vtp'.
[2022-11-14 13:21:06.702] [warning] Couldn't find file 'scaphoid_rvs.vtp'.
[2022-11-14 13:21:06.702] [warning] Couldn't find file 'triquetrum_rvs.vtp'.
[2022-11-14 13:21:06.702] [warning] Couldn't find file 'hamate_rvs.vtp'.
[2022-11-14 13:21:06.702] [warning] Couldn't find file 'capitate_rvs.vtp'.
[2022-11-14 13:21:06.702] [warning] Couldn't find file 'trapezoid_rvs.vtp'.
[2022-11-14 13:21:06.702] [warning] Couldn't find file 'trapezium_rvs.vtp'.
[2022-11-14 13:21:06.702] [warning] Couldn't find file 'metacarpal2_rvs.vtp'.
[2022-11-14 13:21:06.702] [warning] Couldn't find file 'index_proximal_rvs.vtp'.
[2022-11-14 13:21:06.702] [warning] Couldn't find file 'index_medial_rvs.vtp'.
[2022-11-14 13:21:06.702] [warning] Couldn't find file 'index_distal_rvs.vtp'.
[2022-11-14 13:21:06.702] [warning] Couldn't find file 'metacarpal3_rvs.vtp'.
[2022-11-14 13:21:06.702] [warning] Couldn't find file 'middle_proximal_rvs.vtp'.
[2022-11-14 13:21:06.703] [warning] Couldn't find file 'middle_medial_rvs.vtp'.
[2022-11-14 13:21:06.703] [warning] Couldn't find file 'middle_distal_rvs.vtp'.
[2022-11-14 13:21:06.703] [warning] Couldn't find file 'metacarpal4_rvs.vtp'.
[2022-11-14 13:21:06.703] [warning] Couldn't find file 'ring_proximal_rvs.vtp'.
[2022-11-14 13:21:06.703] [warning] Couldn't find file 'ring_medial_rvs.vtp'.
[2022-11-14 13:21:06.703] [warning] Couldn't find file 'ring_distal_rvs.vtp'.
[2022-11-14 13:21:06.703] [warning] Couldn't find file 'metacarpal5_rvs.vtp'.
[2022-11-14 13:21:06.703] [warning] Couldn't find file 'little_proximal_rvs.vtp'.
[2022-11-14 13:21:06.703] [warning] Couldn't find file 'little_medial_rvs.vtp'.
[2022-11-14 13:21:06.703] [warning] Couldn't find file 'little_distal_rvs.vtp'.
[2022-11-14 13:21:06.703] [warning] Couldn't find file 'metacarpal1_rvs.vtp'.
[2022-11-14 13:21:06.703] [warning] Couldn't find file 'thumb_proximal_rvs.vtp'.
[2022-11-14 13:21:06.703] [warning] Couldn't find file 'thumb_distal_rvs.vtp'.
[2022-11-14 13:21:06.703] [warning] Couldn't find file 'humerus_lv.vtp'.
[2022-11-14 13:21:06.703] [warning] Couldn't find file 'ulna_lv.vtp'.
[2022-11-14 13:21:06.703] [warning] Couldn't find file 'radius_lv.vtp'.
[2022-11-14 13:21:06.703] [warning] Couldn't find file 'pisiform_lvs.vtp'.
[2022-11-14 13:21:06.703] [warning] Couldn't find file 'lunate_lvs.vtp'.
[2022-11-14 13:21:06.703] [warning] Couldn't find file 'scaphoid_lvs.vtp'.
[2022-11-14 13:21:06.704] [warning] Couldn't find file 'triquetrum_lvs.vtp'.
[2022-11-14 13:21:06.704] [warning] Couldn't find file 'hamate_lvs.vtp'.
[2022-11-14 13:21:06.704] [warning] Couldn't find file 'capitate_lvs.vtp'.
[2022-11-14 13:21:06.704] [warning] Couldn't find file 'trapezoid_lvs.vtp'.
[2022-11-14 13:21:06.704] [warning] Couldn't find file 'trapezium_lvs.vtp'.
[2022-11-14 13:21:06.704] [warning] Couldn't find file 'metacarpal2_lvs.vtp'.
[2022-11-14 13:21:06.704] [warning] Couldn't find file 'index_proximal_lvs.vtp'.
[2022-11-14 13:21:06.704] [warning] Couldn't find file 'index_medial_lvs.vtp'.
[2022-11-14 13:21:06.704] [warning] Couldn't find file 'index_distal_lvs.vtp'.
[2022-11-14 13:21:06.704] [warning] Couldn't find file 'metacarpal3_lvs.vtp'.
[2022-11-14 13:21:06.704] [warning] Couldn't find file 'middle_proximal_lvs.vtp'.
[2022-11-14 13:21:06.704] [warning] Couldn't find file 'middle_medial_lvs.vtp'.
[2022-11-14 13:21:06.704] [warning] Couldn't find file 'middle_distal_lvs.vtp'.
[2022-11-14 13:21:06.704] [warning] Couldn't find file 'metacarpal4_lvs.vtp'.
[2022-11-14 13:21:06.704] [warning] Couldn't find file 'ring_proximal_lvs.vtp'.
[2022-11-14 13:21:06.704] [warning] Couldn't find file 'ring_medial_lvs.vtp'.
[2022-11-14 13:21:06.704] [warning] Couldn't find file 'ring_distal_lvs.vtp'.
[2022-11-14 13:21:06.704] [warning] Couldn't find file 'metacarpal5_lvs.vtp'.
[2022-11-14 13:21:06.705] [warning] Couldn't find file 'little_proximal_lvs.vtp'.
[2022-11-14 13:21:06.705] [warning] Couldn't find file 'little_medial_lvs.vtp'.
[2022-11-14 13:21:06.705] [warning] Couldn't find file 'little_distal_lvs.vtp'.
[2022-11-14 13:21:06.705] [warning] Couldn't find file 'metacarpal1_lvs.vtp'.
[2022-11-14 13:21:06.705] [warning] Couldn't find file 'thumb_proximal_lvs.vtp'.
[2022-11-14 13:21:06.705] [warning] Couldn't find file 'thumb_distal_lvs.vtp'.
[2022-11-14 13:21:21.176] [info] Loaded model subject1_withMTJ_locked_scaled_custom from file C:\Users\u0150099\Documents\master_thesis\3dpredictsim\OpenSimModel\subject1\Fal_s1_mtjc4_FK_sc_FDB2_MTc5_cspx10_oy3.osim
[2022-11-14 13:21:21.176] [warning] Couldn't find file 'sacrum.vtp'.
[2022-11-14 13:21:21.176] [warning] Couldn't find file 'pelvis.vtp'.
[2022-11-14 13:21:21.176] [warning] Couldn't find file 'l_pelvis.vtp'.
[2022-11-14 13:21:21.176] [warning] Couldn't find file 'femur_r.vtp'.
[2022-11-14 13:21:21.176] [warning] Couldn't find file 'tibia_r.vtp'.
[2022-11-14 13:21:21.176] [warning] Couldn't find file 'fibula_r.vtp'.
[2022-11-14 13:21:21.176] [warning] Couldn't find file 'talus_rv.vtp'.
[2022-11-14 13:21:21.176] [warning] Couldn't find file 'calcaneous_rv.vtp'.
[2022-11-14 13:21:21.176] [warning] Couldn't find file 'model_r_midfoot.stl'.
[2022-11-14 13:21:21.177] [warning] Couldn't find file 'model_r_forefoot.stl'.
[2022-11-14 13:21:21.177] [warning] Couldn't find file 'model_r_toes.stl'.
[2022-11-14 13:21:21.177] [warning] Couldn't find file 'femur_l.vtp'.
[2022-11-14 13:21:21.177] [warning] Couldn't find file 'tibia_l.vtp'.
[2022-11-14 13:21:21.177] [warning] Couldn't find file 'fibula_l.vtp'.
[2022-11-14 13:21:21.177] [warning] Couldn't find file 'talus_lv.vtp'.
[2022-11-14 13:21:21.177] [warning] Couldn't find file 'calcaneous_lv.vtp'.
[2022-11-14 13:21:21.177] [warning] Couldn't find file 'model_l_midfoot.stl'.
[2022-11-14 13:21:21.177] [warning] Couldn't find file 'model_l_forefoot.stl'.
[2022-11-14 13:21:21.177] [warning] Couldn't find file 'model_l_toes.stl'.
[2022-11-14 13:21:21.177] [warning] Couldn't find file 'hat_spine.vtp'.
[2022-11-14 13:21:21.177] [warning] Couldn't find file 'hat_jaw.vtp'.
[2022-11-14 13:21:21.177] [warning] Couldn't find file 'hat_skull.vtp'.
[2022-11-14 13:21:21.177] [warning] Couldn't find file 'hat_ribs_scap.vtp'.
[2022-11-14 13:21:21.177] [warning] Couldn't find file 'humerus_rv.vtp'.
[2022-11-14 13:21:21.177] [warning] Couldn't find file 'ulna_rv.vtp'.
[2022-11-14 13:21:21.177] [warning] Couldn't find file 'radius_rv.vtp'.
[2022-11-14 13:21:21.178] [warning] Couldn't find file 'pisiform_rvs.vtp'.
[2022-11-14 13:21:21.178] [warning] Couldn't find file 'lunate_rvs.vtp'.
[2022-11-14 13:21:21.178] [warning] Couldn't find file 'scaphoid_rvs.vtp'.
[2022-11-14 13:21:21.178] [warning] Couldn't find file 'triquetrum_rvs.vtp'.
[2022-11-14 13:21:21.178] [warning] Couldn't find file 'hamate_rvs.vtp'.
[2022-11-14 13:21:21.178] [warning] Couldn't find file 'capitate_rvs.vtp'.
[2022-11-14 13:21:21.178] [warning] Couldn't find file 'trapezoid_rvs.vtp'.
[2022-11-14 13:21:21.178] [warning] Couldn't find file 'trapezium_rvs.vtp'.
[2022-11-14 13:21:21.178] [warning] Couldn't find file 'metacarpal2_rvs.vtp'.
[2022-11-14 13:21:21.178] [warning] Couldn't find file 'index_proximal_rvs.vtp'.
[2022-11-14 13:21:21.178] [warning] Couldn't find file 'index_medial_rvs.vtp'.
[2022-11-14 13:21:21.178] [warning] Couldn't find file 'index_distal_rvs.vtp'.
[2022-11-14 13:21:21.178] [warning] Couldn't find file 'metacarpal3_rvs.vtp'.
[2022-11-14 13:21:21.178] [warning] Couldn't find file 'middle_proximal_rvs.vtp'.
[2022-11-14 13:21:21.178] [warning] Couldn't find file 'middle_medial_rvs.vtp'.
[2022-11-14 13:21:21.178] [warning] Couldn't find file 'middle_distal_rvs.vtp'.
[2022-11-14 13:21:21.178] [warning] Couldn't find file 'metacarpal4_rvs.vtp'.
[2022-11-14 13:21:21.178] [warning] Couldn't find file 'ring_proximal_rvs.vtp'.
[2022-11-14 13:21:21.179] [warning] Couldn't find file 'ring_medial_rvs.vtp'.
[2022-11-14 13:21:21.179] [warning] Couldn't find file 'ring_distal_rvs.vtp'.
[2022-11-14 13:21:21.179] [warning] Couldn't find file 'metacarpal5_rvs.vtp'.
[2022-11-14 13:21:21.179] [warning] Couldn't find file 'little_proximal_rvs.vtp'.
[2022-11-14 13:21:21.179] [warning] Couldn't find file 'little_medial_rvs.vtp'.
[2022-11-14 13:21:21.179] [warning] Couldn't find file 'little_distal_rvs.vtp'.
[2022-11-14 13:21:21.179] [warning] Couldn't find file 'metacarpal1_rvs.vtp'.
[2022-11-14 13:21:21.179] [warning] Couldn't find file 'thumb_proximal_rvs.vtp'.
[2022-11-14 13:21:21.179] [warning] Couldn't find file 'thumb_distal_rvs.vtp'.
[2022-11-14 13:21:21.179] [warning] Couldn't find file 'humerus_lv.vtp'.
[2022-11-14 13:21:21.179] [warning] Couldn't find file 'ulna_lv.vtp'.
[2022-11-14 13:21:21.179] [warning] Couldn't find file 'radius_lv.vtp'.
[2022-11-14 13:21:21.179] [warning] Couldn't find file 'pisiform_lvs.vtp'.
[2022-11-14 13:21:21.179] [warning] Couldn't find file 'lunate_lvs.vtp'.
[2022-11-14 13:21:21.179] [warning] Couldn't find file 'scaphoid_lvs.vtp'.
[2022-11-14 13:21:21.179] [warning] Couldn't find file 'triquetrum_lvs.vtp'.
[2022-11-14 13:21:21.179] [warning] Couldn't find file 'hamate_lvs.vtp'.
[2022-11-14 13:21:21.179] [warning] Couldn't find file 'capitate_lvs.vtp'.
[2022-11-14 13:21:21.180] [warning] Couldn't find file 'trapezoid_lvs.vtp'.
[2022-11-14 13:21:21.180] [warning] Couldn't find file 'trapezium_lvs.vtp'.
[2022-11-14 13:21:21.180] [warning] Couldn't find file 'metacarpal2_lvs.vtp'.
[2022-11-14 13:21:21.180] [warning] Couldn't find file 'index_proximal_lvs.vtp'.
[2022-11-14 13:21:21.180] [warning] Couldn't find file 'index_medial_lvs.vtp'.
[2022-11-14 13:21:21.180] [warning] Couldn't find file 'index_distal_lvs.vtp'.
[2022-11-14 13:21:21.180] [warning] Couldn't find file 'metacarpal3_lvs.vtp'.
[2022-11-14 13:21:21.180] [warning] Couldn't find file 'middle_proximal_lvs.vtp'.
[2022-11-14 13:21:21.180] [warning] Couldn't find file 'middle_medial_lvs.vtp'.
[2022-11-14 13:21:21.180] [warning] Couldn't find file 'middle_distal_lvs.vtp'.
[2022-11-14 13:21:21.180] [warning] Couldn't find file 'metacarpal4_lvs.vtp'.
[2022-11-14 13:21:21.180] [warning] Couldn't find file 'ring_proximal_lvs.vtp'.
[2022-11-14 13:21:21.180] [warning] Couldn't find file 'ring_medial_lvs.vtp'.
[2022-11-14 13:21:21.180] [warning] Couldn't find file 'ring_distal_lvs.vtp'.
[2022-11-14 13:21:21.180] [warning] Couldn't find file 'metacarpal5_lvs.vtp'.
[2022-11-14 13:21:21.180] [warning] Couldn't find file 'little_proximal_lvs.vtp'.
[2022-11-14 13:21:21.180] [warning] Couldn't find file 'little_medial_lvs.vtp'.
[2022-11-14 13:21:21.180] [warning] Couldn't find file 'little_distal_lvs.vtp'.
[2022-11-14 13:21:21.181] [warning] Couldn't find file 'metacarpal1_lvs.vtp'.
[2022-11-14 13:21:21.181] [warning] Couldn't find file 'thumb_proximal_lvs.vtp'.
[2022-11-14 13:21:21.181] [warning] Couldn't find file 'thumb_distal_lvs.vtp'.
[2022-11-14 13:21:37.834] [info] Loaded model subject1_withMTJ_locked_scaled_custom from file C:\Users\u0150099\Documents\master_thesis\3dpredictsim\OpenSimModel\subject1\Fal_s1_mtjc4_FK_sc_FDB2_MTc5_cspx10_oy3.osim
[2022-11-14 13:21:37.835] [warning] Couldn't find file 'sacrum.vtp'.
[2022-11-14 13:21:37.835] [warning] Couldn't find file 'pelvis.vtp'.
[2022-11-14 13:21:37.835] [warning] Couldn't find file 'l_pelvis.vtp'.
[2022-11-14 13:21:37.835] [warning] Couldn't find file 'femur_r.vtp'.
[2022-11-14 13:21:37.835] [warning] Couldn't find file 'tibia_r.vtp'.
[2022-11-14 13:21:37.835] [warning] Couldn't find file 'fibula_r.vtp'.
[2022-11-14 13:21:37.835] [warning] Couldn't find file 'talus_rv.vtp'.
[2022-11-14 13:21:37.835] [warning] Couldn't find file 'calcaneous_rv.vtp'.
[2022-11-14 13:21:37.835] [warning] Couldn't find file 'model_r_midfoot.stl'.
[2022-11-14 13:21:37.835] [warning] Couldn't find file 'model_r_forefoot.stl'.
[2022-11-14 13:21:37.835] [warning] Couldn't find file 'model_r_toes.stl'.
[2022-11-14 13:21:37.835] [warning] Couldn't find file 'femur_l.vtp'.
[2022-11-14 13:21:37.835] [warning] Couldn't find file 'tibia_l.vtp'.
[2022-11-14 13:21:37.835] [warning] Couldn't find file 'fibula_l.vtp'.
[2022-11-14 13:21:37.835] [warning] Couldn't find file 'talus_lv.vtp'.
[2022-11-14 13:21:37.836] [warning] Couldn't find file 'calcaneous_lv.vtp'.
[2022-11-14 13:21:37.836] [warning] Couldn't find file 'model_l_midfoot.stl'.
[2022-11-14 13:21:37.836] [warning] Couldn't find file 'model_l_forefoot.stl'.
[2022-11-14 13:21:37.836] [warning] Couldn't find file 'model_l_toes.stl'.
[2022-11-14 13:21:37.836] [warning] Couldn't find file 'hat_spine.vtp'.
[2022-11-14 13:21:37.836] [warning] Couldn't find file 'hat_jaw.vtp'.
[2022-11-14 13:21:37.836] [warning] Couldn't find file 'hat_skull.vtp'.
[2022-11-14 13:21:37.836] [warning] Couldn't find file 'hat_ribs_scap.vtp'.
[2022-11-14 13:21:37.836] [warning] Couldn't find file 'humerus_rv.vtp'.
[2022-11-14 13:21:37.836] [warning] Couldn't find file 'ulna_rv.vtp'.
[2022-11-14 13:21:37.836] [warning] Couldn't find file 'radius_rv.vtp'.
[2022-11-14 13:21:37.836] [warning] Couldn't find file 'pisiform_rvs.vtp'.
[2022-11-14 13:21:37.836] [warning] Couldn't find file 'lunate_rvs.vtp'.
[2022-11-14 13:21:37.836] [warning] Couldn't find file 'scaphoid_rvs.vtp'.
[2022-11-14 13:21:37.836] [warning] Couldn't find file 'triquetrum_rvs.vtp'.
[2022-11-14 13:21:37.836] [warning] Couldn't find file 'hamate_rvs.vtp'.
[2022-11-14 13:21:37.836] [warning] Couldn't find file 'capitate_rvs.vtp'.
[2022-11-14 13:21:37.836] [warning] Couldn't find file 'trapezoid_rvs.vtp'.
[2022-11-14 13:21:37.837] [warning] Couldn't find file 'trapezium_rvs.vtp'.
[2022-11-14 13:21:37.837] [warning] Couldn't find file 'metacarpal2_rvs.vtp'.
[2022-11-14 13:21:37.837] [warning] Couldn't find file 'index_proximal_rvs.vtp'.
[2022-11-14 13:21:37.837] [warning] Couldn't find file 'index_medial_rvs.vtp'.
[2022-11-14 13:21:37.837] [warning] Couldn't find file 'index_distal_rvs.vtp'.
[2022-11-14 13:21:37.837] [warning] Couldn't find file 'metacarpal3_rvs.vtp'.
[2022-11-14 13:21:37.837] [warning] Couldn't find file 'middle_proximal_rvs.vtp'.
[2022-11-14 13:21:37.837] [warning] Couldn't find file 'middle_medial_rvs.vtp'.
[2022-11-14 13:21:37.837] [warning] Couldn't find file 'middle_distal_rvs.vtp'.
[2022-11-14 13:21:37.837] [warning] Couldn't find file 'metacarpal4_rvs.vtp'.
[2022-11-14 13:21:37.837] [warning] Couldn't find file 'ring_proximal_rvs.vtp'.
[2022-11-14 13:21:37.837] [warning] Couldn't find file 'ring_medial_rvs.vtp'.
[2022-11-14 13:21:37.837] [warning] Couldn't find file 'ring_distal_rvs.vtp'.
[2022-11-14 13:21:37.837] [warning] Couldn't find file 'metacarpal5_rvs.vtp'.
[2022-11-14 13:21:37.837] [warning] Couldn't find file 'little_proximal_rvs.vtp'.
[2022-11-14 13:21:37.837] [warning] Couldn't find file 'little_medial_rvs.vtp'.
[2022-11-14 13:21:37.837] [warning] Couldn't find file 'little_distal_rvs.vtp'.
[2022-11-14 13:21:37.837] [warning] Couldn't find file 'metacarpal1_rvs.vtp'.
[2022-11-14 13:21:37.838] [warning] Couldn't find file 'thumb_proximal_rvs.vtp'.
[2022-11-14 13:21:37.838] [warning] Couldn't find file 'thumb_distal_rvs.vtp'.
[2022-11-14 13:21:37.838] [warning] Couldn't find file 'humerus_lv.vtp'.
[2022-11-14 13:21:37.838] [warning] Couldn't find file 'ulna_lv.vtp'.
[2022-11-14 13:21:37.838] [warning] Couldn't find file 'radius_lv.vtp'.
[2022-11-14 13:21:37.838] [warning] Couldn't find file 'pisiform_lvs.vtp'.
[2022-11-14 13:21:37.838] [warning] Couldn't find file 'lunate_lvs.vtp'.
[2022-11-14 13:21:37.838] [warning] Couldn't find file 'scaphoid_lvs.vtp'.
[2022-11-14 13:21:37.838] [warning] Couldn't find file 'triquetrum_lvs.vtp'.
[2022-11-14 13:21:37.838] [warning] Couldn't find file 'hamate_lvs.vtp'.
[2022-11-14 13:21:37.838] [warning] Couldn't find file 'capitate_lvs.vtp'.
[2022-11-14 13:21:37.838] [warning] Couldn't find file 'trapezoid_lvs.vtp'.
[2022-11-14 13:21:37.838] [warning] Couldn't find file 'trapezium_lvs.vtp'.
[2022-11-14 13:21:37.838] [warning] Couldn't find file 'metacarpal2_lvs.vtp'.
[2022-11-14 13:21:37.838] [warning] Couldn't find file 'index_proximal_lvs.vtp'.
[2022-11-14 13:21:37.838] [warning] Couldn't find file 'index_medial_lvs.vtp'.
[2022-11-14 13:21:37.838] [warning] Couldn't find file 'index_distal_lvs.vtp'.
[2022-11-14 13:21:37.838] [warning] Couldn't find file 'metacarpal3_lvs.vtp'.
[2022-11-14 13:21:37.839] [warning] Couldn't find file 'middle_proximal_lvs.vtp'.
[2022-11-14 13:21:37.839] [warning] Couldn't find file 'middle_medial_lvs.vtp'.
[2022-11-14 13:21:37.839] [warning] Couldn't find file 'middle_distal_lvs.vtp'.
[2022-11-14 13:21:37.839] [warning] Couldn't find file 'metacarpal4_lvs.vtp'.
[2022-11-14 13:21:37.839] [warning] Couldn't find file 'ring_proximal_lvs.vtp'.
[2022-11-14 13:21:37.839] [warning] Couldn't find file 'ring_medial_lvs.vtp'.
[2022-11-14 13:21:37.839] [warning] Couldn't find file 'ring_distal_lvs.vtp'.
[2022-11-14 13:21:37.839] [warning] Couldn't find file 'metacarpal5_lvs.vtp'.
[2022-11-14 13:21:37.839] [warning] Couldn't find file 'little_proximal_lvs.vtp'.
[2022-11-14 13:21:37.839] [warning] Couldn't find file 'little_medial_lvs.vtp'.
[2022-11-14 13:21:37.839] [warning] Couldn't find file 'little_distal_lvs.vtp'.
[2022-11-14 13:21:37.839] [warning] Couldn't find file 'metacarpal1_lvs.vtp'.
[2022-11-14 13:21:37.839] [warning] Couldn't find file 'thumb_proximal_lvs.vtp'.
[2022-11-14 13:21:37.839] [warning] Couldn't find file 'thumb_distal_lvs.vtp'.
[2022-11-14 13:21:51.543] [info] Loaded model subject1_withMTJ_locked_scaled_custom from file C:\Users\u0150099\Documents\master_thesis\3dpredictsim\OpenSimModel\subject1\Fal_s1_mtjc4_FK_sc_FDB2_MTc5_cspx10_oy3.osim
[2022-11-14 13:21:51.543] [warning] Couldn't find file 'sacrum.vtp'.
[2022-11-14 13:21:51.543] [warning] Couldn't find file 'pelvis.vtp'.
[2022-11-14 13:21:51.543] [warning] Couldn't find file 'l_pelvis.vtp'.
[2022-11-14 13:21:51.543] [warning] Couldn't find file 'femur_r.vtp'.
[2022-11-14 13:21:51.543] [warning] Couldn't find file 'tibia_r.vtp'.
[2022-11-14 13:21:51.543] [warning] Couldn't find file 'fibula_r.vtp'.
[2022-11-14 13:21:51.543] [warning] Couldn't find file 'talus_rv.vtp'.
[2022-11-14 13:21:51.544] [warning] Couldn't find file 'calcaneous_rv.vtp'.
[2022-11-14 13:21:51.544] [warning] Couldn't find file 'model_r_midfoot.stl'.
[2022-11-14 13:21:51.544] [warning] Couldn't find file 'model_r_forefoot.stl'.
[2022-11-14 13:21:51.544] [warning] Couldn't find file 'model_r_toes.stl'.
[2022-11-14 13:21:51.544] [warning] Couldn't find file 'femur_l.vtp'.
[2022-11-14 13:21:51.544] [warning] Couldn't find file 'tibia_l.vtp'.
[2022-11-14 13:21:51.544] [warning] Couldn't find file 'fibula_l.vtp'.
[2022-11-14 13:21:51.544] [warning] Couldn't find file 'talus_lv.vtp'.
[2022-11-14 13:21:51.544] [warning] Couldn't find file 'calcaneous_lv.vtp'.
[2022-11-14 13:21:51.544] [warning] Couldn't find file 'model_l_midfoot.stl'.
[2022-11-14 13:21:51.544] [warning] Couldn't find file 'model_l_forefoot.stl'.
[2022-11-14 13:21:51.544] [warning] Couldn't find file 'model_l_toes.stl'.
[2022-11-14 13:21:51.544] [warning] Couldn't find file 'hat_spine.vtp'.
[2022-11-14 13:21:51.544] [warning] Couldn't find file 'hat_jaw.vtp'.
[2022-11-14 13:21:51.544] [warning] Couldn't find file 'hat_skull.vtp'.
[2022-11-14 13:21:51.544] [warning] Couldn't find file 'hat_ribs_scap.vtp'.
[2022-11-14 13:21:51.544] [warning] Couldn't find file 'humerus_rv.vtp'.
[2022-11-14 13:21:51.545] [warning] Couldn't find file 'ulna_rv.vtp'.
[2022-11-14 13:21:51.545] [warning] Couldn't find file 'radius_rv.vtp'.
[2022-11-14 13:21:51.545] [warning] Couldn't find file 'pisiform_rvs.vtp'.
[2022-11-14 13:21:51.545] [warning] Couldn't find file 'lunate_rvs.vtp'.
[2022-11-14 13:21:51.545] [warning] Couldn't find file 'scaphoid_rvs.vtp'.
[2022-11-14 13:21:51.545] [warning] Couldn't find file 'triquetrum_rvs.vtp'.
[2022-11-14 13:21:51.545] [warning] Couldn't find file 'hamate_rvs.vtp'.
[2022-11-14 13:21:51.545] [warning] Couldn't find file 'capitate_rvs.vtp'.
[2022-11-14 13:21:51.545] [warning] Couldn't find file 'trapezoid_rvs.vtp'.
[2022-11-14 13:21:51.545] [warning] Couldn't find file 'trapezium_rvs.vtp'.
[2022-11-14 13:21:51.545] [warning] Couldn't find file 'metacarpal2_rvs.vtp'.
[2022-11-14 13:21:51.545] [warning] Couldn't find file 'index_proximal_rvs.vtp'.
[2022-11-14 13:21:51.545] [warning] Couldn't find file 'index_medial_rvs.vtp'.
[2022-11-14 13:21:51.545] [warning] Couldn't find file 'index_distal_rvs.vtp'.
[2022-11-14 13:21:51.545] [warning] Couldn't find file 'metacarpal3_rvs.vtp'.
[2022-11-14 13:21:51.545] [warning] Couldn't find file 'middle_proximal_rvs.vtp'.
[2022-11-14 13:21:51.545] [warning] Couldn't find file 'middle_medial_rvs.vtp'.
[2022-11-14 13:21:51.545] [warning] Couldn't find file 'middle_distal_rvs.vtp'.
[2022-11-14 13:21:51.546] [warning] Couldn't find file 'metacarpal4_rvs.vtp'.
[2022-11-14 13:21:51.546] [warning] Couldn't find file 'ring_proximal_rvs.vtp'.
[2022-11-14 13:21:51.546] [warning] Couldn't find file 'ring_medial_rvs.vtp'.
[2022-11-14 13:21:51.546] [warning] Couldn't find file 'ring_distal_rvs.vtp'.
[2022-11-14 13:21:51.546] [warning] Couldn't find file 'metacarpal5_rvs.vtp'.
[2022-11-14 13:21:51.546] [warning] Couldn't find file 'little_proximal_rvs.vtp'.
[2022-11-14 13:21:51.546] [warning] Couldn't find file 'little_medial_rvs.vtp'.
[2022-11-14 13:21:51.546] [warning] Couldn't find file 'little_distal_rvs.vtp'.
[2022-11-14 13:21:51.546] [warning] Couldn't find file 'metacarpal1_rvs.vtp'.
[2022-11-14 13:21:51.546] [warning] Couldn't find file 'thumb_proximal_rvs.vtp'.
[2022-11-14 13:21:51.546] [warning] Couldn't find file 'thumb_distal_rvs.vtp'.
[2022-11-14 13:21:51.546] [warning] Couldn't find file 'humerus_lv.vtp'.
[2022-11-14 13:21:51.546] [warning] Couldn't find file 'ulna_lv.vtp'.
[2022-11-14 13:21:51.546] [warning] Couldn't find file 'radius_lv.vtp'.
[2022-11-14 13:21:51.546] [warning] Couldn't find file 'pisiform_lvs.vtp'.
[2022-11-14 13:21:51.546] [warning] Couldn't find file 'lunate_lvs.vtp'.
[2022-11-14 13:21:51.546] [warning] Couldn't find file 'scaphoid_lvs.vtp'.
[2022-11-14 13:21:51.546] [warning] Couldn't find file 'triquetrum_lvs.vtp'.
[2022-11-14 13:21:51.547] [warning] Couldn't find file 'hamate_lvs.vtp'.
[2022-11-14 13:21:51.547] [warning] Couldn't find file 'capitate_lvs.vtp'.
[2022-11-14 13:21:51.547] [warning] Couldn't find file 'trapezoid_lvs.vtp'.
[2022-11-14 13:21:51.547] [warning] Couldn't find file 'trapezium_lvs.vtp'.
[2022-11-14 13:21:51.547] [warning] Couldn't find file 'metacarpal2_lvs.vtp'.
[2022-11-14 13:21:51.547] [warning] Couldn't find file 'index_proximal_lvs.vtp'.
[2022-11-14 13:21:51.547] [warning] Couldn't find file 'index_medial_lvs.vtp'.
[2022-11-14 13:21:51.547] [warning] Couldn't find file 'index_distal_lvs.vtp'.
[2022-11-14 13:21:51.547] [warning] Couldn't find file 'metacarpal3_lvs.vtp'.
[2022-11-14 13:21:51.547] [warning] Couldn't find file 'middle_proximal_lvs.vtp'.
[2022-11-14 13:21:51.547] [warning] Couldn't find file 'middle_medial_lvs.vtp'.
[2022-11-14 13:21:51.547] [warning] Couldn't find file 'middle_distal_lvs.vtp'.
[2022-11-14 13:21:51.547] [warning] Couldn't find file 'metacarpal4_lvs.vtp'.
[2022-11-14 13:21:51.547] [warning] Couldn't find file 'ring_proximal_lvs.vtp'.
[2022-11-14 13:21:51.547] [warning] Couldn't find file 'ring_medial_lvs.vtp'.
[2022-11-14 13:21:51.547] [warning] Couldn't find file 'ring_distal_lvs.vtp'.
[2022-11-14 13:21:51.547] [warning] Couldn't find file 'metacarpal5_lvs.vtp'.
[2022-11-14 13:21:51.547] [warning] Couldn't find file 'little_proximal_lvs.vtp'.
[2022-11-14 13:21:51.547] [warning] Couldn't find file 'little_medial_lvs.vtp'.
[2022-11-14 13:21:51.548] [warning] Couldn't find file 'little_distal_lvs.vtp'.
[2022-11-14 13:21:51.548] [warning] Couldn't find file 'metacarpal1_lvs.vtp'.
[2022-11-14 13:21:51.548] [warning] Couldn't find file 'thumb_proximal_lvs.vtp'.
[2022-11-14 13:21:51.548] [warning] Couldn't find file 'thumb_distal_lvs.vtp'.
[2022-11-14 13:22:09.361] [info] Loaded model subject1_withMTJ_locked_scaled_custom from file C:\Users\u0150099\Documents\master_thesis\3dpredictsim\OpenSimModel\subject1\Fal_s1_mtjc4_FK_sc_FDB2_MTc5_cspx10_oy3.osim
[2022-11-14 13:22:09.362] [warning] Couldn't find file 'sacrum.vtp'.
[2022-11-14 13:22:09.362] [warning] Couldn't find file 'pelvis.vtp'.
[2022-11-14 13:22:09.362] [warning] Couldn't find file 'l_pelvis.vtp'.
[2022-11-14 13:22:09.362] [warning] Couldn't find file 'femur_r.vtp'.
[2022-11-14 13:22:09.362] [warning] Couldn't find file 'tibia_r.vtp'.
[2022-11-14 13:22:09.362] [warning] Couldn't find file 'fibula_r.vtp'.
[2022-11-14 13:22:09.362] [warning] Couldn't find file 'talus_rv.vtp'.
[2022-11-14 13:22:09.362] [warning] Couldn't find file 'calcaneous_rv.vtp'.
[2022-11-14 13:22:09.362] [warning] Couldn't find file 'model_r_midfoot.stl'.
[2022-11-14 13:22:09.362] [warning] Couldn't find file 'model_r_forefoot.stl'.
[2022-11-14 13:22:09.362] [warning] Couldn't find file 'model_r_toes.stl'.
[2022-11-14 13:22:09.362] [warning] Couldn't find file 'femur_l.vtp'.
[2022-11-14 13:22:09.362] [warning] Couldn't find file 'tibia_l.vtp'.
[2022-11-14 13:22:09.363] [warning] Couldn't find file 'fibula_l.vtp'.
[2022-11-14 13:22:09.363] [warning] Couldn't find file 'talus_lv.vtp'.
[2022-11-14 13:22:09.363] [warning] Couldn't find file 'calcaneous_lv.vtp'.
[2022-11-14 13:22:09.363] [warning] Couldn't find file 'model_l_midfoot.stl'.
[2022-11-14 13:22:09.363] [warning] Couldn't find file 'model_l_forefoot.stl'.
[2022-11-14 13:22:09.363] [warning] Couldn't find file 'model_l_toes.stl'.
[2022-11-14 13:22:09.363] [warning] Couldn't find file 'hat_spine.vtp'.
[2022-11-14 13:22:09.363] [warning] Couldn't find file 'hat_jaw.vtp'.
[2022-11-14 13:22:09.363] [warning] Couldn't find file 'hat_skull.vtp'.
[2022-11-14 13:22:09.363] [warning] Couldn't find file 'hat_ribs_scap.vtp'.
[2022-11-14 13:22:09.363] [warning] Couldn't find file 'humerus_rv.vtp'.
[2022-11-14 13:22:09.363] [warning] Couldn't find file 'ulna_rv.vtp'.
[2022-11-14 13:22:09.363] [warning] Couldn't find file 'radius_rv.vtp'.
[2022-11-14 13:22:09.363] [warning] Couldn't find file 'pisiform_rvs.vtp'.
[2022-11-14 13:22:09.363] [warning] Couldn't find file 'lunate_rvs.vtp'.
[2022-11-14 13:22:09.363] [warning] Couldn't find file 'scaphoid_rvs.vtp'.
[2022-11-14 13:22:09.364] [warning] Couldn't find file 'triquetrum_rvs.vtp'.
[2022-11-14 13:22:09.364] [warning] Couldn't find file 'hamate_rvs.vtp'.
[2022-11-14 13:22:09.364] [warning] Couldn't find file 'capitate_rvs.vtp'.
[2022-11-14 13:22:09.364] [warning] Couldn't find file 'trapezoid_rvs.vtp'.
[2022-11-14 13:22:09.364] [warning] Couldn't find file 'trapezium_rvs.vtp'.
[2022-11-14 13:22:09.364] [warning] Couldn't find file 'metacarpal2_rvs.vtp'.
[2022-11-14 13:22:09.364] [warning] Couldn't find file 'index_proximal_rvs.vtp'.
[2022-11-14 13:22:09.364] [warning] Couldn't find file 'index_medial_rvs.vtp'.
[2022-11-14 13:22:09.364] [warning] Couldn't find file 'index_distal_rvs.vtp'.
[2022-11-14 13:22:09.364] [warning] Couldn't find file 'metacarpal3_rvs.vtp'.
[2022-11-14 13:22:09.364] [warning] Couldn't find file 'middle_proximal_rvs.vtp'.
[2022-11-14 13:22:09.364] [warning] Couldn't find file 'middle_medial_rvs.vtp'.
[2022-11-14 13:22:09.364] [warning] Couldn't find file 'middle_distal_rvs.vtp'.
[2022-11-14 13:22:09.364] [warning] Couldn't find file 'metacarpal4_rvs.vtp'.
[2022-11-14 13:22:09.364] [warning] Couldn't find file 'ring_proximal_rvs.vtp'.
[2022-11-14 13:22:09.364] [warning] Couldn't find file 'ring_medial_rvs.vtp'.
[2022-11-14 13:22:09.365] [warning] Couldn't find file 'ring_distal_rvs.vtp'.
[2022-11-14 13:22:09.365] [warning] Couldn't find file 'metacarpal5_rvs.vtp'.
[2022-11-14 13:22:09.365] [warning] Couldn't find file 'little_proximal_rvs.vtp'.
[2022-11-14 13:22:09.365] [warning] Couldn't find file 'little_medial_rvs.vtp'.
[2022-11-14 13:22:09.365] [warning] Couldn't find file 'little_distal_rvs.vtp'.
[2022-11-14 13:22:09.365] [warning] Couldn't find file 'metacarpal1_rvs.vtp'.
[2022-11-14 13:22:09.365] [warning] Couldn't find file 'thumb_proximal_rvs.vtp'.
[2022-11-14 13:22:09.365] [warning] Couldn't find file 'thumb_distal_rvs.vtp'.
[2022-11-14 13:22:09.365] [warning] Couldn't find file 'humerus_lv.vtp'.
[2022-11-14 13:22:09.365] [warning] Couldn't find file 'ulna_lv.vtp'.
[2022-11-14 13:22:09.365] [warning] Couldn't find file 'radius_lv.vtp'.
[2022-11-14 13:22:09.365] [warning] Couldn't find file 'pisiform_lvs.vtp'.
[2022-11-14 13:22:09.365] [warning] Couldn't find file 'lunate_lvs.vtp'.
[2022-11-14 13:22:09.365] [warning] Couldn't find file 'scaphoid_lvs.vtp'.
[2022-11-14 13:22:09.365] [warning] Couldn't find file 'triquetrum_lvs.vtp'.
[2022-11-14 13:22:09.365] [warning] Couldn't find file 'hamate_lvs.vtp'.
[2022-11-14 13:22:09.366] [warning] Couldn't find file 'capitate_lvs.vtp'.
[2022-11-14 13:22:09.366] [warning] Couldn't find file 'trapezoid_lvs.vtp'.
[2022-11-14 13:22:09.366] [warning] Couldn't find file 'trapezium_lvs.vtp'.
[2022-11-14 13:22:09.366] [warning] Couldn't find file 'metacarpal2_lvs.vtp'.
[2022-11-14 13:22:09.366] [warning] Couldn't find file 'index_proximal_lvs.vtp'.
[2022-11-14 13:22:09.366] [warning] Couldn't find file 'index_medial_lvs.vtp'.
[2022-11-14 13:22:09.366] [warning] Couldn't find file 'index_distal_lvs.vtp'.
[2022-11-14 13:22:09.366] [warning] Couldn't find file 'metacarpal3_lvs.vtp'.
[2022-11-14 13:22:09.366] [warning] Couldn't find file 'middle_proximal_lvs.vtp'.
[2022-11-14 13:22:09.366] [warning] Couldn't find file 'middle_medial_lvs.vtp'.
[2022-11-14 13:22:09.366] [warning] Couldn't find file 'middle_distal_lvs.vtp'.
[2022-11-14 13:22:09.366] [warning] Couldn't find file 'metacarpal4_lvs.vtp'.
[2022-11-14 13:22:09.366] [warning] Couldn't find file 'ring_proximal_lvs.vtp'.
[2022-11-14 13:22:09.366] [warning] Couldn't find file 'ring_medial_lvs.vtp'.
[2022-11-14 13:22:09.366] [warning] Couldn't find file 'ring_distal_lvs.vtp'.
[2022-11-14 13:22:09.366] [warning] Couldn't find file 'metacarpal5_lvs.vtp'.
[2022-11-14 13:22:09.366] [warning] Couldn't find file 'little_proximal_lvs.vtp'.
[2022-11-14 13:22:09.367] [warning] Couldn't find file 'little_medial_lvs.vtp'.
[2022-11-14 13:22:09.367] [warning] Couldn't find file 'little_distal_lvs.vtp'.
[2022-11-14 13:22:09.367] [warning] Couldn't find file 'metacarpal1_lvs.vtp'.
[2022-11-14 13:22:09.367] [warning] Couldn't find file 'thumb_proximal_lvs.vtp'.
[2022-11-14 13:22:09.367] [warning] Couldn't find file 'thumb_distal_lvs.vtp'.
[2022-11-14 13:25:02.506] [info] Loaded model subject1_withMTJ_locked_scaled_custom from file C:\Users\u0150099\Documents\master_thesis\3dpredictsim\OpenSimModel\subject1\Fal_s1_mtjc4_FK_sc_FDB2_MTc5_cspx10_oy3.osim
[2022-11-14 13:25:02.507] [warning] Couldn't find file 'sacrum.vtp'.
[2022-11-14 13:25:02.507] [warning] Couldn't find file 'pelvis.vtp'.
[2022-11-14 13:25:02.507] [warning] Couldn't find file 'l_pelvis.vtp'.
[2022-11-14 13:25:02.507] [warning] Couldn't find file 'femur_r.vtp'.
[2022-11-14 13:25:02.507] [warning] Couldn't find file 'tibia_r.vtp'.
[2022-11-14 13:25:02.507] [warning] Couldn't find file 'fibula_r.vtp'.
[2022-11-14 13:25:02.507] [warning] Couldn't find file 'talus_rv.vtp'.
[2022-11-14 13:25:02.507] [warning] Couldn't find file 'calcaneous_rv.vtp'.
[2022-11-14 13:25:02.507] [warning] Couldn't find file 'model_r_midfoot.stl'.
[2022-11-14 13:25:02.508] [warning] Couldn't find file 'model_r_forefoot.stl'.
[2022-11-14 13:25:02.508] [warning] Couldn't find file 'model_r_toes.stl'.
[2022-11-14 13:25:02.508] [warning] Couldn't find file 'femur_l.vtp'.
[2022-11-14 13:25:02.508] [warning] Couldn't find file 'tibia_l.vtp'.
[2022-11-14 13:25:02.508] [warning] Couldn't find file 'fibula_l.vtp'.
[2022-11-14 13:25:02.508] [warning] Couldn't find file 'talus_lv.vtp'.
[2022-11-14 13:25:02.508] [warning] Couldn't find file 'calcaneous_lv.vtp'.
[2022-11-14 13:25:02.508] [warning] Couldn't find file 'model_l_midfoot.stl'.
[2022-11-14 13:25:02.508] [warning] Couldn't find file 'model_l_forefoot.stl'.
[2022-11-14 13:25:02.508] [warning] Couldn't find file 'model_l_toes.stl'.
[2022-11-14 13:25:02.508] [warning] Couldn't find file 'hat_spine.vtp'.
[2022-11-14 13:25:02.508] [warning] Couldn't find file 'hat_jaw.vtp'.
[2022-11-14 13:25:02.508] [warning] Couldn't find file 'hat_skull.vtp'.
[2022-11-14 13:25:02.508] [warning] Couldn't find file 'hat_ribs_scap.vtp'.
[2022-11-14 13:25:02.508] [warning] Couldn't find file 'humerus_rv.vtp'.
[2022-11-14 13:25:02.508] [warning] Couldn't find file 'ulna_rv.vtp'.
[2022-11-14 13:25:02.509] [warning] Couldn't find file 'radius_rv.vtp'.
[2022-11-14 13:25:02.509] [warning] Couldn't find file 'pisiform_rvs.vtp'.
[2022-11-14 13:25:02.509] [warning] Couldn't find file 'lunate_rvs.vtp'.
[2022-11-14 13:25:02.509] [warning] Couldn't find file 'scaphoid_rvs.vtp'.
[2022-11-14 13:25:02.509] [warning] Couldn't find file 'triquetrum_rvs.vtp'.
[2022-11-14 13:25:02.509] [warning] Couldn't find file 'hamate_rvs.vtp'.
[2022-11-14 13:25:02.509] [warning] Couldn't find file 'capitate_rvs.vtp'.
[2022-11-14 13:25:02.509] [warning] Couldn't find file 'trapezoid_rvs.vtp'.
[2022-11-14 13:25:02.509] [warning] Couldn't find file 'trapezium_rvs.vtp'.
[2022-11-14 13:25:02.509] [warning] Couldn't find file 'metacarpal2_rvs.vtp'.
[2022-11-14 13:25:02.509] [warning] Couldn't find file 'index_proximal_rvs.vtp'.
[2022-11-14 13:25:02.509] [warning] Couldn't find file 'index_medial_rvs.vtp'.
[2022-11-14 13:25:02.509] [warning] Couldn't find file 'index_distal_rvs.vtp'.
[2022-11-14 13:25:02.509] [warning] Couldn't find file 'metacarpal3_rvs.vtp'.
[2022-11-14 13:25:02.509] [warning] Couldn't find file 'middle_proximal_rvs.vtp'.
[2022-11-14 13:25:02.509] [warning] Couldn't find file 'middle_medial_rvs.vtp'.
[2022-11-14 13:25:02.509] [warning] Couldn't find file 'middle_distal_rvs.vtp'.
[2022-11-14 13:25:02.509] [warning] Couldn't find file 'metacarpal4_rvs.vtp'.
[2022-11-14 13:25:02.509] [warning] Couldn't find file 'ring_proximal_rvs.vtp'.
[2022-11-14 13:25:02.510] [warning] Couldn't find file 'ring_medial_rvs.vtp'.
[2022-11-14 13:25:02.510] [warning] Couldn't find file 'ring_distal_rvs.vtp'.
[2022-11-14 13:25:02.510] [warning] Couldn't find file 'metacarpal5_rvs.vtp'.
[2022-11-14 13:25:02.510] [warning] Couldn't find file 'little_proximal_rvs.vtp'.
[2022-11-14 13:25:02.510] [warning] Couldn't find file 'little_medial_rvs.vtp'.
[2022-11-14 13:25:02.510] [warning] Couldn't find file 'little_distal_rvs.vtp'.
[2022-11-14 13:25:02.510] [warning] Couldn't find file 'metacarpal1_rvs.vtp'.
[2022-11-14 13:25:02.510] [warning] Couldn't find file 'thumb_proximal_rvs.vtp'.
[2022-11-14 13:25:02.510] [warning] Couldn't find file 'thumb_distal_rvs.vtp'.
[2022-11-14 13:25:02.510] [warning] Couldn't find file 'humerus_lv.vtp'.
[2022-11-14 13:25:02.510] [warning] Couldn't find file 'ulna_lv.vtp'.
[2022-11-14 13:25:02.510] [warning] Couldn't find file 'radius_lv.vtp'.
[2022-11-14 13:25:02.510] [warning] Couldn't find file 'pisiform_lvs.vtp'.
[2022-11-14 13:25:02.510] [warning] Couldn't find file 'lunate_lvs.vtp'.
[2022-11-14 13:25:02.510] [warning] Couldn't find file 'scaphoid_lvs.vtp'.
[2022-11-14 13:25:02.510] [warning] Couldn't find file 'triquetrum_lvs.vtp'.
[2022-11-14 13:25:02.510] [warning] Couldn't find file 'hamate_lvs.vtp'.
[2022-11-14 13:25:02.511] [warning] Couldn't find file 'capitate_lvs.vtp'.
[2022-11-14 13:25:02.511] [warning] Couldn't find file 'trapezoid_lvs.vtp'.
[2022-11-14 13:25:02.511] [warning] Couldn't find file 'trapezium_lvs.vtp'.
[2022-11-14 13:25:02.511] [warning] Couldn't find file 'metacarpal2_lvs.vtp'.
[2022-11-14 13:25:02.511] [warning] Couldn't find file 'index_proximal_lvs.vtp'.
[2022-11-14 13:25:02.511] [warning] Couldn't find file 'index_medial_lvs.vtp'.
[2022-11-14 13:25:02.511] [warning] Couldn't find file 'index_distal_lvs.vtp'.
[2022-11-14 13:25:02.511] [warning] Couldn't find file 'metacarpal3_lvs.vtp'.
[2022-11-14 13:25:02.511] [warning] Couldn't find file 'middle_proximal_lvs.vtp'.
[2022-11-14 13:25:02.511] [warning] Couldn't find file 'middle_medial_lvs.vtp'.
[2022-11-14 13:25:02.511] [warning] Couldn't find file 'middle_distal_lvs.vtp'.
[2022-11-14 13:25:02.511] [warning] Couldn't find file 'metacarpal4_lvs.vtp'.
[2022-11-14 13:25:02.511] [warning] Couldn't find file 'ring_proximal_lvs.vtp'.
[2022-11-14 13:25:02.511] [warning] Couldn't find file 'ring_medial_lvs.vtp'.
[2022-11-14 13:25:02.511] [warning] Couldn't find file 'ring_distal_lvs.vtp'.
[2022-11-14 13:25:02.511] [warning] Couldn't find file 'metacarpal5_lvs.vtp'.
[2022-11-14 13:25:02.511] [warning] Couldn't find file 'little_proximal_lvs.vtp'.
[2022-11-14 13:25:02.511] [warning] Couldn't find file 'little_medial_lvs.vtp'.
[2022-11-14 13:25:02.512] [warning] Couldn't find file 'little_distal_lvs.vtp'.
[2022-11-14 13:25:02.512] [warning] Couldn't find file 'metacarpal1_lvs.vtp'.
[2022-11-14 13:25:02.512] [warning] Couldn't find file 'thumb_proximal_lvs.vtp'.
[2022-11-14 13:25:02.512] [warning] Couldn't find file 'thumb_distal_lvs.vtp'.
[2022-11-14 13:26:06.888] [info] Loaded model subject1_withMTJ_locked_scaled_custom from file C:\Users\u0150099\Documents\master_thesis\3dpredictsim\OpenSimModel\subject1\Fal_s1_mtjc4_FK_sc_FDB2_MTc5_cspx10_oy3.osim
[2022-11-14 13:26:06.888] [warning] Couldn't find file 'sacrum.vtp'.
[2022-11-14 13:26:06.888] [warning] Couldn't find file 'pelvis.vtp'.
[2022-11-14 13:26:06.889] [warning] Couldn't find file 'l_pelvis.vtp'.
[2022-11-14 13:26:06.889] [warning] Couldn't find file 'femur_r.vtp'.
[2022-11-14 13:26:06.889] [warning] Couldn't find file 'tibia_r.vtp'.
[2022-11-14 13:26:06.889] [warning] Couldn't find file 'fibula_r.vtp'.
[2022-11-14 13:26:06.889] [warning] Couldn't find file 'talus_rv.vtp'.
[2022-11-14 13:26:06.889] [warning] Couldn't find file 'calcaneous_rv.vtp'.
[2022-11-14 13:26:06.889] [warning] Couldn't find file 'model_r_midfoot.stl'.
[2022-11-14 13:26:06.889] [warning] Couldn't find file 'model_r_forefoot.stl'.
[2022-11-14 13:26:06.889] [warning] Couldn't find file 'model_r_toes.stl'.
[2022-11-14 13:26:06.889] [warning] Couldn't find file 'femur_l.vtp'.
[2022-11-14 13:26:06.889] [warning] Couldn't find file 'tibia_l.vtp'.
[2022-11-14 13:26:06.889] [warning] Couldn't find file 'fibula_l.vtp'.
[2022-11-14 13:26:06.889] [warning] Couldn't find file 'talus_lv.vtp'.
[2022-11-14 13:26:06.889] [warning] Couldn't find file 'calcaneous_lv.vtp'.
[2022-11-14 13:26:06.889] [warning] Couldn't find file 'model_l_midfoot.stl'.
[2022-11-14 13:26:06.890] [warning] Couldn't find file 'model_l_forefoot.stl'.
[2022-11-14 13:26:06.890] [warning] Couldn't find file 'model_l_toes.stl'.
[2022-11-14 13:26:06.890] [warning] Couldn't find file 'hat_spine.vtp'.
[2022-11-14 13:26:06.890] [warning] Couldn't find file 'hat_jaw.vtp'.
[2022-11-14 13:26:06.890] [warning] Couldn't find file 'hat_skull.vtp'.
[2022-11-14 13:26:06.890] [warning] Couldn't find file 'hat_ribs_scap.vtp'.
[2022-11-14 13:26:06.890] [warning] Couldn't find file 'humerus_rv.vtp'.
[2022-11-14 13:26:06.890] [warning] Couldn't find file 'ulna_rv.vtp'.
[2022-11-14 13:26:06.890] [warning] Couldn't find file 'radius_rv.vtp'.
[2022-11-14 13:26:06.890] [warning] Couldn't find file 'pisiform_rvs.vtp'.
[2022-11-14 13:26:06.890] [warning] Couldn't find file 'lunate_rvs.vtp'.
[2022-11-14 13:26:06.890] [warning] Couldn't find file 'scaphoid_rvs.vtp'.
[2022-11-14 13:26:06.890] [warning] Couldn't find file 'triquetrum_rvs.vtp'.
[2022-11-14 13:26:06.890] [warning] Couldn't find file 'hamate_rvs.vtp'.
[2022-11-14 13:26:06.890] [warning] Couldn't find file 'capitate_rvs.vtp'.
[2022-11-14 13:26:06.890] [warning] Couldn't find file 'trapezoid_rvs.vtp'.
[2022-11-14 13:26:06.891] [warning] Couldn't find file 'trapezium_rvs.vtp'.
[2022-11-14 13:26:06.891] [warning] Couldn't find file 'metacarpal2_rvs.vtp'.
[2022-11-14 13:26:06.891] [warning] Couldn't find file 'index_proximal_rvs.vtp'.
[2022-11-14 13:26:06.891] [warning] Couldn't find file 'index_medial_rvs.vtp'.
[2022-11-14 13:26:06.891] [warning] Couldn't find file 'index_distal_rvs.vtp'.
[2022-11-14 13:26:06.891] [warning] Couldn't find file 'metacarpal3_rvs.vtp'.
[2022-11-14 13:26:06.891] [warning] Couldn't find file 'middle_proximal_rvs.vtp'.
[2022-11-14 13:26:06.891] [warning] Couldn't find file 'middle_medial_rvs.vtp'.
[2022-11-14 13:26:06.891] [warning] Couldn't find file 'middle_distal_rvs.vtp'.
[2022-11-14 13:26:06.891] [warning] Couldn't find file 'metacarpal4_rvs.vtp'.
[2022-11-14 13:26:06.891] [warning] Couldn't find file 'ring_proximal_rvs.vtp'.
[2022-11-14 13:26:06.891] [warning] Couldn't find file 'ring_medial_rvs.vtp'.
[2022-11-14 13:26:06.891] [warning] Couldn't find file 'ring_distal_rvs.vtp'.
[2022-11-14 13:26:06.891] [warning] Couldn't find file 'metacarpal5_rvs.vtp'.
[2022-11-14 13:26:06.891] [warning] Couldn't find file 'little_proximal_rvs.vtp'.
[2022-11-14 13:26:06.891] [warning] Couldn't find file 'little_medial_rvs.vtp'.
[2022-11-14 13:26:06.892] [warning] Couldn't find file 'little_distal_rvs.vtp'.
[2022-11-14 13:26:06.892] [warning] Couldn't find file 'metacarpal1_rvs.vtp'.
[2022-11-14 13:26:06.892] [warning] Couldn't find file 'thumb_proximal_rvs.vtp'.
[2022-11-14 13:26:06.892] [warning] Couldn't find file 'thumb_distal_rvs.vtp'.
[2022-11-14 13:26:06.892] [warning] Couldn't find file 'humerus_lv.vtp'.
[2022-11-14 13:26:06.892] [warning] Couldn't find file 'ulna_lv.vtp'.
[2022-11-14 13:26:06.892] [warning] Couldn't find file 'radius_lv.vtp'.
[2022-11-14 13:26:06.892] [warning] Couldn't find file 'pisiform_lvs.vtp'.
[2022-11-14 13:26:06.892] [warning] Couldn't find file 'lunate_lvs.vtp'.
[2022-11-14 13:26:06.892] [warning] Couldn't find file 'scaphoid_lvs.vtp'.
[2022-11-14 13:26:06.892] [warning] Couldn't find file 'triquetrum_lvs.vtp'.
[2022-11-14 13:26:06.892] [warning] Couldn't find file 'hamate_lvs.vtp'.
[2022-11-14 13:26:06.892] [warning] Couldn't find file 'capitate_lvs.vtp'.
[2022-11-14 13:26:06.892] [warning] Couldn't find file 'trapezoid_lvs.vtp'.
[2022-11-14 13:26:06.892] [warning] Couldn't find file 'trapezium_lvs.vtp'.
[2022-11-14 13:26:06.892] [warning] Couldn't find file 'metacarpal2_lvs.vtp'.
[2022-11-14 13:26:06.893] [warning] Couldn't find file 'index_proximal_lvs.vtp'.
[2022-11-14 13:26:06.893] [warning] Couldn't find file 'index_medial_lvs.vtp'.
[2022-11-14 13:26:06.893] [warning] Couldn't find file 'index_distal_lvs.vtp'.
[2022-11-14 13:26:06.893] [warning] Couldn't find file 'metacarpal3_lvs.vtp'.
[2022-11-14 13:26:06.893] [warning] Couldn't find file 'middle_proximal_lvs.vtp'.
[2022-11-14 13:26:06.893] [warning] Couldn't find file 'middle_medial_lvs.vtp'.
[2022-11-14 13:26:06.893] [warning] Couldn't find file 'middle_distal_lvs.vtp'.
[2022-11-14 13:26:06.893] [warning] Couldn't find file 'metacarpal4_lvs.vtp'.
[2022-11-14 13:26:06.893] [warning] Couldn't find file 'ring_proximal_lvs.vtp'.
[2022-11-14 13:26:06.893] [warning] Couldn't find file 'ring_medial_lvs.vtp'.
[2022-11-14 13:26:06.893] [warning] Couldn't find file 'ring_distal_lvs.vtp'.
[2022-11-14 13:26:06.893] [warning] Couldn't find file 'metacarpal5_lvs.vtp'.
[2022-11-14 13:26:06.893] [warning] Couldn't find file 'little_proximal_lvs.vtp'.
[2022-11-14 13:26:06.893] [warning] Couldn't find file 'little_medial_lvs.vtp'.
[2022-11-14 13:26:06.893] [warning] Couldn't find file 'little_distal_lvs.vtp'.
[2022-11-14 13:26:06.893] [warning] Couldn't find file 'metacarpal1_lvs.vtp'.
[2022-11-14 13:26:06.893] [warning] Couldn't find file 'thumb_proximal_lvs.vtp'.
[2022-11-14 13:26:06.894] [warning] Couldn't find file 'thumb_distal_lvs.vtp'.
[2022-11-14 13:32:03.424] [info] Loaded model subject1_withMTJ_locked_scaled_custom from file C:\Users\u0150099\Documents\master_thesis\3dpredictsim\OpenSimModel\subject1\Fal_s1_mtjc4_FK_sc_FDB2_MTc5_cspx10_oy3.osim
[2022-11-14 13:32:03.424] [warning] Couldn't find file 'sacrum.vtp'.
[2022-11-14 13:32:03.424] [warning] Couldn't find file 'pelvis.vtp'.
[2022-11-14 13:32:03.425] [warning] Couldn't find file 'l_pelvis.vtp'.
[2022-11-14 13:32:03.425] [warning] Couldn't find file 'femur_r.vtp'.
[2022-11-14 13:32:03.425] [warning] Couldn't find file 'tibia_r.vtp'.
[2022-11-14 13:32:03.425] [warning] Couldn't find file 'fibula_r.vtp'.
[2022-11-14 13:32:03.425] [warning] Couldn't find file 'talus_rv.vtp'.
[2022-11-14 13:32:03.425] [warning] Couldn't find file 'calcaneous_rv.vtp'.
[2022-11-14 13:32:03.425] [warning] Couldn't find file 'model_r_midfoot.stl'.
[2022-11-14 13:32:03.425] [warning] Couldn't find file 'model_r_forefoot.stl'.
[2022-11-14 13:32:03.425] [warning] Couldn't find file 'model_r_toes.stl'.
[2022-11-14 13:32:03.425] [warning] Couldn't find file 'femur_l.vtp'.
[2022-11-14 13:32:03.425] [warning] Couldn't find file 'tibia_l.vtp'.
[2022-11-14 13:32:03.425] [warning] Couldn't find file 'fibula_l.vtp'.
[2022-11-14 13:32:03.425] [warning] Couldn't find file 'talus_lv.vtp'.
[2022-11-14 13:32:03.425] [warning] Couldn't find file 'calcaneous_lv.vtp'.
[2022-11-14 13:32:03.425] [warning] Couldn't find file 'model_l_midfoot.stl'.
[2022-11-14 13:32:03.425] [warning] Couldn't find file 'model_l_forefoot.stl'.
[2022-11-14 13:32:03.426] [warning] Couldn't find file 'model_l_toes.stl'.
[2022-11-14 13:32:03.426] [warning] Couldn't find file 'hat_spine.vtp'.
[2022-11-14 13:32:03.426] [warning] Couldn't find file 'hat_jaw.vtp'.
[2022-11-14 13:32:03.426] [warning] Couldn't find file 'hat_skull.vtp'.
[2022-11-14 13:32:03.426] [warning] Couldn't find file 'hat_ribs_scap.vtp'.
[2022-11-14 13:32:03.426] [warning] Couldn't find file 'humerus_rv.vtp'.
[2022-11-14 13:32:03.426] [warning] Couldn't find file 'ulna_rv.vtp'.
[2022-11-14 13:32:03.426] [warning] Couldn't find file 'radius_rv.vtp'.
[2022-11-14 13:32:03.426] [warning] Couldn't find file 'pisiform_rvs.vtp'.
[2022-11-14 13:32:03.426] [warning] Couldn't find file 'lunate_rvs.vtp'.
[2022-11-14 13:32:03.426] [warning] Couldn't find file 'scaphoid_rvs.vtp'.
[2022-11-14 13:32:03.426] [warning] Couldn't find file 'triquetrum_rvs.vtp'.
[2022-11-14 13:32:03.426] [warning] Couldn't find file 'hamate_rvs.vtp'.
[2022-11-14 13:32:03.426] [warning] Couldn't find file 'capitate_rvs.vtp'.
[2022-11-14 13:32:03.426] [warning] Couldn't find file 'trapezoid_rvs.vtp'.
[2022-11-14 13:32:03.426] [warning] Couldn't find file 'trapezium_rvs.vtp'.
[2022-11-14 13:32:03.426] [warning] Couldn't find file 'metacarpal2_rvs.vtp'.
[2022-11-14 13:32:03.426] [warning] Couldn't find file 'index_proximal_rvs.vtp'.
[2022-11-14 13:32:03.427] [warning] Couldn't find file 'index_medial_rvs.vtp'.
[2022-11-14 13:32:03.427] [warning] Couldn't find file 'index_distal_rvs.vtp'.
[2022-11-14 13:32:03.427] [warning] Couldn't find file 'metacarpal3_rvs.vtp'.
[2022-11-14 13:32:03.427] [warning] Couldn't find file 'middle_proximal_rvs.vtp'.
[2022-11-14 13:32:03.427] [warning] Couldn't find file 'middle_medial_rvs.vtp'.
[2022-11-14 13:32:03.427] [warning] Couldn't find file 'middle_distal_rvs.vtp'.
[2022-11-14 13:32:03.427] [warning] Couldn't find file 'metacarpal4_rvs.vtp'.
[2022-11-14 13:32:03.427] [warning] Couldn't find file 'ring_proximal_rvs.vtp'.
[2022-11-14 13:32:03.427] [warning] Couldn't find file 'ring_medial_rvs.vtp'.
[2022-11-14 13:32:03.427] [warning] Couldn't find file 'ring_distal_rvs.vtp'.
[2022-11-14 13:32:03.427] [warning] Couldn't find file 'metacarpal5_rvs.vtp'.
[2022-11-14 13:32:03.427] [warning] Couldn't find file 'little_proximal_rvs.vtp'.
[2022-11-14 13:32:03.427] [warning] Couldn't find file 'little_medial_rvs.vtp'.
[2022-11-14 13:32:03.427] [warning] Couldn't find file 'little_distal_rvs.vtp'.
[2022-11-14 13:32:03.427] [warning] Couldn't find file 'metacarpal1_rvs.vtp'.
[2022-11-14 13:32:03.427] [warning] Couldn't find file 'thumb_proximal_rvs.vtp'.
[2022-11-14 13:32:03.427] [warning] Couldn't find file 'thumb_distal_rvs.vtp'.
[2022-11-14 13:32:03.427] [warning] Couldn't find file 'humerus_lv.vtp'.
[2022-11-14 13:32:03.428] [warning] Couldn't find file 'ulna_lv.vtp'.
[2022-11-14 13:32:03.428] [warning] Couldn't find file 'radius_lv.vtp'.
[2022-11-14 13:32:03.428] [warning] Couldn't find file 'pisiform_lvs.vtp'.
[2022-11-14 13:32:03.428] [warning] Couldn't find file 'lunate_lvs.vtp'.
[2022-11-14 13:32:03.428] [warning] Couldn't find file 'scaphoid_lvs.vtp'.
[2022-11-14 13:32:03.428] [warning] Couldn't find file 'triquetrum_lvs.vtp'.
[2022-11-14 13:32:03.428] [warning] Couldn't find file 'hamate_lvs.vtp'.
[2022-11-14 13:32:03.428] [warning] Couldn't find file 'capitate_lvs.vtp'.
[2022-11-14 13:32:03.428] [warning] Couldn't find file 'trapezoid_lvs.vtp'.
[2022-11-14 13:32:03.428] [warning] Couldn't find file 'trapezium_lvs.vtp'.
[2022-11-14 13:32:03.428] [warning] Couldn't find file 'metacarpal2_lvs.vtp'.
[2022-11-14 13:32:03.428] [warning] Couldn't find file 'index_proximal_lvs.vtp'.
[2022-11-14 13:32:03.428] [warning] Couldn't find file 'index_medial_lvs.vtp'.
[2022-11-14 13:32:03.428] [warning] Couldn't find file 'index_distal_lvs.vtp'.
[2022-11-14 13:32:03.428] [warning] Couldn't find file 'metacarpal3_lvs.vtp'.
[2022-11-14 13:32:03.428] [warning] Couldn't find file 'middle_proximal_lvs.vtp'.
[2022-11-14 13:32:03.428] [warning] Couldn't find file 'middle_medial_lvs.vtp'.
[2022-11-14 13:32:03.428] [warning] Couldn't find file 'middle_distal_lvs.vtp'.
[2022-11-14 13:32:03.429] [warning] Couldn't find file 'metacarpal4_lvs.vtp'.
[2022-11-14 13:32:03.429] [warning] Couldn't find file 'ring_proximal_lvs.vtp'.
[2022-11-14 13:32:03.429] [warning] Couldn't find file 'ring_medial_lvs.vtp'.
[2022-11-14 13:32:03.429] [warning] Couldn't find file 'ring_distal_lvs.vtp'.
[2022-11-14 13:32:03.429] [warning] Couldn't find file 'metacarpal5_lvs.vtp'.
[2022-11-14 13:32:03.429] [warning] Couldn't find file 'little_proximal_lvs.vtp'.
[2022-11-14 13:32:03.429] [warning] Couldn't find file 'little_medial_lvs.vtp'.
[2022-11-14 13:32:03.429] [warning] Couldn't find file 'little_distal_lvs.vtp'.
[2022-11-14 13:32:03.429] [warning] Couldn't find file 'metacarpal1_lvs.vtp'.
[2022-11-14 13:32:03.429] [warning] Couldn't find file 'thumb_proximal_lvs.vtp'.
[2022-11-14 13:32:03.429] [warning] Couldn't find file 'thumb_distal_lvs.vtp'.
[2022-11-14 13:33:06.310] [info] Loaded model subject1_withMTJ_locked_scaled_custom from file C:\Users\u0150099\Documents\master_thesis\3dpredictsim\OpenSimModel\subject1\Fal_s1_mtjc4_FK_sc_FDB2_MTc5_cspx10_oy3.osim
[2022-11-14 13:33:06.311] [warning] Couldn't find file 'sacrum.vtp'.
[2022-11-14 13:33:06.311] [warning] Couldn't find file 'pelvis.vtp'.
[2022-11-14 13:33:06.311] [warning] Couldn't find file 'l_pelvis.vtp'.
[2022-11-14 13:33:06.311] [warning] Couldn't find file 'femur_r.vtp'.
[2022-11-14 13:33:06.311] [warning] Couldn't find file 'tibia_r.vtp'.
[2022-11-14 13:33:06.311] [warning] Couldn't find file 'fibula_r.vtp'.
[2022-11-14 13:33:06.311] [warning] Couldn't find file 'talus_rv.vtp'.
[2022-11-14 13:33:06.311] [warning] Couldn't find file 'calcaneous_rv.vtp'.
[2022-11-14 13:33:06.311] [warning] Couldn't find file 'model_r_midfoot.stl'.
[2022-11-14 13:33:06.311] [warning] Couldn't find file 'model_r_forefoot.stl'.
[2022-11-14 13:33:06.311] [warning] Couldn't find file 'model_r_toes.stl'.
[2022-11-14 13:33:06.311] [warning] Couldn't find file 'femur_l.vtp'.
[2022-11-14 13:33:06.312] [warning] Couldn't find file 'tibia_l.vtp'.
[2022-11-14 13:33:06.312] [warning] Couldn't find file 'fibula_l.vtp'.
[2022-11-14 13:33:06.312] [warning] Couldn't find file 'talus_lv.vtp'.
[2022-11-14 13:33:06.312] [warning] Couldn't find file 'calcaneous_lv.vtp'.
[2022-11-14 13:33:06.312] [warning] Couldn't find file 'model_l_midfoot.stl'.
[2022-11-14 13:33:06.312] [warning] Couldn't find file 'model_l_forefoot.stl'.
[2022-11-14 13:33:06.312] [warning] Couldn't find file 'model_l_toes.stl'.
[2022-11-14 13:33:06.312] [warning] Couldn't find file 'hat_spine.vtp'.
[2022-11-14 13:33:06.312] [warning] Couldn't find file 'hat_jaw.vtp'.
[2022-11-14 13:33:06.312] [warning] Couldn't find file 'hat_skull.vtp'.
[2022-11-14 13:33:06.312] [warning] Couldn't find file 'hat_ribs_scap.vtp'.
[2022-11-14 13:33:06.312] [warning] Couldn't find file 'humerus_rv.vtp'.
[2022-11-14 13:33:06.312] [warning] Couldn't find file 'ulna_rv.vtp'.
[2022-11-14 13:33:06.312] [warning] Couldn't find file 'radius_rv.vtp'.
[2022-11-14 13:33:06.312] [warning] Couldn't find file 'pisiform_rvs.vtp'.
[2022-11-14 13:33:06.312] [warning] Couldn't find file 'lunate_rvs.vtp'.
[2022-11-14 13:33:06.313] [warning] Couldn't find file 'scaphoid_rvs.vtp'.
[2022-11-14 13:33:06.313] [warning] Couldn't find file 'triquetrum_rvs.vtp'.
[2022-11-14 13:33:06.313] [warning] Couldn't find file 'hamate_rvs.vtp'.
[2022-11-14 13:33:06.313] [warning] Couldn't find file 'capitate_rvs.vtp'.
[2022-11-14 13:33:06.313] [warning] Couldn't find file 'trapezoid_rvs.vtp'.
[2022-11-14 13:33:06.313] [warning] Couldn't find file 'trapezium_rvs.vtp'.
[2022-11-14 13:33:06.313] [warning] Couldn't find file 'metacarpal2_rvs.vtp'.
[2022-11-14 13:33:06.313] [warning] Couldn't find file 'index_proximal_rvs.vtp'.
[2022-11-14 13:33:06.313] [warning] Couldn't find file 'index_medial_rvs.vtp'.
[2022-11-14 13:33:06.313] [warning] Couldn't find file 'index_distal_rvs.vtp'.
[2022-11-14 13:33:06.313] [warning] Couldn't find file 'metacarpal3_rvs.vtp'.
[2022-11-14 13:33:06.313] [warning] Couldn't find file 'middle_proximal_rvs.vtp'.
[2022-11-14 13:33:06.313] [warning] Couldn't find file 'middle_medial_rvs.vtp'.
[2022-11-14 13:33:06.313] [warning] Couldn't find file 'middle_distal_rvs.vtp'.
[2022-11-14 13:33:06.313] [warning] Couldn't find file 'metacarpal4_rvs.vtp'.
[2022-11-14 13:33:06.313] [warning] Couldn't find file 'ring_proximal_rvs.vtp'.
[2022-11-14 13:33:06.314] [warning] Couldn't find file 'ring_medial_rvs.vtp'.
[2022-11-14 13:33:06.314] [warning] Couldn't find file 'ring_distal_rvs.vtp'.
[2022-11-14 13:33:06.314] [warning] Couldn't find file 'metacarpal5_rvs.vtp'.
[2022-11-14 13:33:06.314] [warning] Couldn't find file 'little_proximal_rvs.vtp'.
[2022-11-14 13:33:06.314] [warning] Couldn't find file 'little_medial_rvs.vtp'.
[2022-11-14 13:33:06.314] [warning] Couldn't find file 'little_distal_rvs.vtp'.
[2022-11-14 13:33:06.314] [warning] Couldn't find file 'metacarpal1_rvs.vtp'.
[2022-11-14 13:33:06.314] [warning] Couldn't find file 'thumb_proximal_rvs.vtp'.
[2022-11-14 13:33:06.314] [warning] Couldn't find file 'thumb_distal_rvs.vtp'.
[2022-11-14 13:33:06.314] [warning] Couldn't find file 'humerus_lv.vtp'.
[2022-11-14 13:33:06.314] [warning] Couldn't find file 'ulna_lv.vtp'.
[2022-11-14 13:33:06.314] [warning] Couldn't find file 'radius_lv.vtp'.
[2022-11-14 13:33:06.314] [warning] Couldn't find file 'pisiform_lvs.vtp'.
[2022-11-14 13:33:06.314] [warning] Couldn't find file 'lunate_lvs.vtp'.
[2022-11-14 13:33:06.314] [warning] Couldn't find file 'scaphoid_lvs.vtp'.
[2022-11-14 13:33:06.314] [warning] Couldn't find file 'triquetrum_lvs.vtp'.
[2022-11-14 13:33:06.314] [warning] Couldn't find file 'hamate_lvs.vtp'.
[2022-11-14 13:33:06.315] [warning] Couldn't find file 'capitate_lvs.vtp'.
[2022-11-14 13:33:06.315] [warning] Couldn't find file 'trapezoid_lvs.vtp'.
[2022-11-14 13:33:06.315] [warning] Couldn't find file 'trapezium_lvs.vtp'.
[2022-11-14 13:33:06.315] [warning] Couldn't find file 'metacarpal2_lvs.vtp'.
[2022-11-14 13:33:06.315] [warning] Couldn't find file 'index_proximal_lvs.vtp'.
[2022-11-14 13:33:06.315] [warning] Couldn't find file 'index_medial_lvs.vtp'.
[2022-11-14 13:33:06.315] [warning] Couldn't find file 'index_distal_lvs.vtp'.
[2022-11-14 13:33:06.315] [warning] Couldn't find file 'metacarpal3_lvs.vtp'.
[2022-11-14 13:33:06.315] [warning] Couldn't find file 'middle_proximal_lvs.vtp'.
[2022-11-14 13:33:06.315] [warning] Couldn't find file 'middle_medial_lvs.vtp'.
[2022-11-14 13:33:06.315] [warning] Couldn't find file 'middle_distal_lvs.vtp'.
[2022-11-14 13:33:06.315] [warning] Couldn't find file 'metacarpal4_lvs.vtp'.
[2022-11-14 13:33:06.315] [warning] Couldn't find file 'ring_proximal_lvs.vtp'.
[2022-11-14 13:33:06.315] [warning] Couldn't find file 'ring_medial_lvs.vtp'.
[2022-11-14 13:33:06.315] [warning] Couldn't find file 'ring_distal_lvs.vtp'.
[2022-11-14 13:33:06.315] [warning] Couldn't find file 'metacarpal5_lvs.vtp'.
[2022-11-14 13:33:06.315] [warning] Couldn't find file 'little_proximal_lvs.vtp'.
[2022-11-14 13:33:06.316] [warning] Couldn't find file 'little_medial_lvs.vtp'.
[2022-11-14 13:33:06.316] [warning] Couldn't find file 'little_distal_lvs.vtp'.
[2022-11-14 13:33:06.316] [warning] Couldn't find file 'metacarpal1_lvs.vtp'.
[2022-11-14 13:33:06.316] [warning] Couldn't find file 'thumb_proximal_lvs.vtp'.
[2022-11-14 13:33:06.316] [warning] Couldn't find file 'thumb_distal_lvs.vtp'.
[2022-11-14 13:34:35.422] [info] Loaded model subject1_withMTJ_locked_scaled_custom from file C:\Users\u0150099\Documents\master_thesis\3dpredictsim\OpenSimModel\subject1\Fal_s1_mtjc4_FK_sc_FDB2_MTc5_cspx10_oy3.osim
[2022-11-14 13:34:35.422] [warning] Couldn't find file 'sacrum.vtp'.
[2022-11-14 13:34:35.422] [warning] Couldn't find file 'pelvis.vtp'.
[2022-11-14 13:34:35.422] [warning] Couldn't find file 'l_pelvis.vtp'.
[2022-11-14 13:34:35.423] [warning] Couldn't find file 'femur_r.vtp'.
[2022-11-14 13:34:35.423] [warning] Couldn't find file 'tibia_r.vtp'.
[2022-11-14 13:34:35.423] [warning] Couldn't find file 'fibula_r.vtp'.
[2022-11-14 13:34:35.423] [warning] Couldn't find file 'talus_rv.vtp'.
[2022-11-14 13:34:35.423] [warning] Couldn't find file 'calcaneous_rv.vtp'.
[2022-11-14 13:34:35.423] [warning] Couldn't find file 'model_r_midfoot.stl'.
[2022-11-14 13:34:35.423] [warning] Couldn't find file 'model_r_forefoot.stl'.
[2022-11-14 13:34:35.423] [warning] Couldn't find file 'model_r_toes.stl'.
[2022-11-14 13:34:35.423] [warning] Couldn't find file 'femur_l.vtp'.
[2022-11-14 13:34:35.423] [warning] Couldn't find file 'tibia_l.vtp'.
[2022-11-14 13:34:35.423] [warning] Couldn't find file 'fibula_l.vtp'.
[2022-11-14 13:34:35.423] [warning] Couldn't find file 'talus_lv.vtp'.
[2022-11-14 13:34:35.423] [warning] Couldn't find file 'calcaneous_lv.vtp'.
[2022-11-14 13:34:35.423] [warning] Couldn't find file 'model_l_midfoot.stl'.
[2022-11-14 13:34:35.423] [warning] Couldn't find file 'model_l_forefoot.stl'.
[2022-11-14 13:34:35.423] [warning] Couldn't find file 'model_l_toes.stl'.
[2022-11-14 13:34:35.424] [warning] Couldn't find file 'hat_spine.vtp'.
[2022-11-14 13:34:35.424] [warning] Couldn't find file 'hat_jaw.vtp'.
[2022-11-14 13:34:35.424] [warning] Couldn't find file 'hat_skull.vtp'.
[2022-11-14 13:34:35.424] [warning] Couldn't find file 'hat_ribs_scap.vtp'.
[2022-11-14 13:34:35.424] [warning] Couldn't find file 'humerus_rv.vtp'.
[2022-11-14 13:34:35.424] [warning] Couldn't find file 'ulna_rv.vtp'.
[2022-11-14 13:34:35.424] [warning] Couldn't find file 'radius_rv.vtp'.
[2022-11-14 13:34:35.424] [warning] Couldn't find file 'pisiform_rvs.vtp'.
[2022-11-14 13:34:35.424] [warning] Couldn't find file 'lunate_rvs.vtp'.
[2022-11-14 13:34:35.424] [warning] Couldn't find file 'scaphoid_rvs.vtp'.
[2022-11-14 13:34:35.424] [warning] Couldn't find file 'triquetrum_rvs.vtp'.
[2022-11-14 13:34:35.424] [warning] Couldn't find file 'hamate_rvs.vtp'.
[2022-11-14 13:34:35.424] [warning] Couldn't find file 'capitate_rvs.vtp'.
[2022-11-14 13:34:35.424] [warning] Couldn't find file 'trapezoid_rvs.vtp'.
[2022-11-14 13:34:35.424] [warning] Couldn't find file 'trapezium_rvs.vtp'.
[2022-11-14 13:34:35.424] [warning] Couldn't find file 'metacarpal2_rvs.vtp'.
[2022-11-14 13:34:35.424] [warning] Couldn't find file 'index_proximal_rvs.vtp'.
[2022-11-14 13:34:35.424] [warning] Couldn't find file 'index_medial_rvs.vtp'.
[2022-11-14 13:34:35.425] [warning] Couldn't find file 'index_distal_rvs.vtp'.
[2022-11-14 13:34:35.425] [warning] Couldn't find file 'metacarpal3_rvs.vtp'.
[2022-11-14 13:34:35.425] [warning] Couldn't find file 'middle_proximal_rvs.vtp'.
[2022-11-14 13:34:35.425] [warning] Couldn't find file 'middle_medial_rvs.vtp'.
[2022-11-14 13:34:35.425] [warning] Couldn't find file 'middle_distal_rvs.vtp'.
[2022-11-14 13:34:35.425] [warning] Couldn't find file 'metacarpal4_rvs.vtp'.
[2022-11-14 13:34:35.425] [warning] Couldn't find file 'ring_proximal_rvs.vtp'.
[2022-11-14 13:34:35.425] [warning] Couldn't find file 'ring_medial_rvs.vtp'.
[2022-11-14 13:34:35.425] [warning] Couldn't find file 'ring_distal_rvs.vtp'.
[2022-11-14 13:34:35.425] [warning] Couldn't find file 'metacarpal5_rvs.vtp'.
[2022-11-14 13:34:35.425] [warning] Couldn't find file 'little_proximal_rvs.vtp'.
[2022-11-14 13:34:35.425] [warning] Couldn't find file 'little_medial_rvs.vtp'.
[2022-11-14 13:34:35.425] [warning] Couldn't find file 'little_distal_rvs.vtp'.
[2022-11-14 13:34:35.425] [warning] Couldn't find file 'metacarpal1_rvs.vtp'.
[2022-11-14 13:34:35.425] [warning] Couldn't find file 'thumb_proximal_rvs.vtp'.
[2022-11-14 13:34:35.425] [warning] Couldn't find file 'thumb_distal_rvs.vtp'.
[2022-11-14 13:34:35.425] [warning] Couldn't find file 'humerus_lv.vtp'.
[2022-11-14 13:34:35.426] [warning] Couldn't find file 'ulna_lv.vtp'.
[2022-11-14 13:34:35.426] [warning] Couldn't find file 'radius_lv.vtp'.
[2022-11-14 13:34:35.426] [warning] Couldn't find file 'pisiform_lvs.vtp'.
[2022-11-14 13:34:35.426] [warning] Couldn't find file 'lunate_lvs.vtp'.
[2022-11-14 13:34:35.426] [warning] Couldn't find file 'scaphoid_lvs.vtp'.
[2022-11-14 13:34:35.426] [warning] Couldn't find file 'triquetrum_lvs.vtp'.
[2022-11-14 13:34:35.426] [warning] Couldn't find file 'hamate_lvs.vtp'.
[2022-11-14 13:34:35.426] [warning] Couldn't find file 'capitate_lvs.vtp'.
[2022-11-14 13:34:35.426] [warning] Couldn't find file 'trapezoid_lvs.vtp'.
[2022-11-14 13:34:35.426] [warning] Couldn't find file 'trapezium_lvs.vtp'.
[2022-11-14 13:34:35.426] [warning] Couldn't find file 'metacarpal2_lvs.vtp'.
[2022-11-14 13:34:35.426] [warning] Couldn't find file 'index_proximal_lvs.vtp'.
[2022-11-14 13:34:35.426] [warning] Couldn't find file 'index_medial_lvs.vtp'.
[2022-11-14 13:34:35.426] [warning] Couldn't find file 'index_distal_lvs.vtp'.
[2022-11-14 13:34:35.426] [warning] Couldn't find file 'metacarpal3_lvs.vtp'.
[2022-11-14 13:34:35.426] [warning] Couldn't find file 'middle_proximal_lvs.vtp'.
[2022-11-14 13:34:35.426] [warning] Couldn't find file 'middle_medial_lvs.vtp'.
[2022-11-14 13:34:35.427] [warning] Couldn't find file 'middle_distal_lvs.vtp'.
[2022-11-14 13:34:35.427] [warning] Couldn't find file 'metacarpal4_lvs.vtp'.
[2022-11-14 13:34:35.427] [warning] Couldn't find file 'ring_proximal_lvs.vtp'.
[2022-11-14 13:34:35.427] [warning] Couldn't find file 'ring_medial_lvs.vtp'.
[2022-11-14 13:34:35.427] [warning] Couldn't find file 'ring_distal_lvs.vtp'.
[2022-11-14 13:34:35.427] [warning] Couldn't find file 'metacarpal5_lvs.vtp'.
[2022-11-14 13:34:35.427] [warning] Couldn't find file 'little_proximal_lvs.vtp'.
[2022-11-14 13:34:35.427] [warning] Couldn't find file 'little_medial_lvs.vtp'.
[2022-11-14 13:34:35.427] [warning] Couldn't find file 'little_distal_lvs.vtp'.
[2022-11-14 13:34:35.427] [warning] Couldn't find file 'metacarpal1_lvs.vtp'.
[2022-11-14 13:34:35.427] [warning] Couldn't find file 'thumb_proximal_lvs.vtp'.
[2022-11-14 13:34:35.427] [warning] Couldn't find file 'thumb_distal_lvs.vtp'.
[2022-11-14 13:35:03.399] [info] Loaded model subject1_withMTJ_locked_scaled_custom from file C:\Users\u0150099\Documents\master_thesis\3dpredictsim\OpenSimModel\subject1\Fal_s1_mtjc4_FK_sc_FDB2_MTc5_cspx10_oy3.osim
[2022-11-14 13:35:03.400] [warning] Couldn't find file 'sacrum.vtp'.
[2022-11-14 13:35:03.400] [warning] Couldn't find file 'pelvis.vtp'.
[2022-11-14 13:35:03.400] [warning] Couldn't find file 'l_pelvis.vtp'.
[2022-11-14 13:35:03.400] [warning] Couldn't find file 'femur_r.vtp'.
[2022-11-14 13:35:03.400] [warning] Couldn't find file 'tibia_r.vtp'.
[2022-11-14 13:35:03.400] [warning] Couldn't find file 'fibula_r.vtp'.
[2022-11-14 13:35:03.400] [warning] Couldn't find file 'talus_rv.vtp'.
[2022-11-14 13:35:03.400] [warning] Couldn't find file 'calcaneous_rv.vtp'.
[2022-11-14 13:35:03.400] [warning] Couldn't find file 'model_r_midfoot.stl'.
[2022-11-14 13:35:03.400] [warning] Couldn't find file 'model_r_forefoot.stl'.
[2022-11-14 13:35:03.401] [warning] Couldn't find file 'model_r_toes.stl'.
[2022-11-14 13:35:03.401] [warning] Couldn't find file 'femur_l.vtp'.
[2022-11-14 13:35:03.401] [warning] Couldn't find file 'tibia_l.vtp'.
[2022-11-14 13:35:03.401] [warning] Couldn't find file 'fibula_l.vtp'.
[2022-11-14 13:35:03.401] [warning] Couldn't find file 'talus_lv.vtp'.
[2022-11-14 13:35:03.401] [warning] Couldn't find file 'calcaneous_lv.vtp'.
[2022-11-14 13:35:03.401] [warning] Couldn't find file 'model_l_midfoot.stl'.
[2022-11-14 13:35:03.401] [warning] Couldn't find file 'model_l_forefoot.stl'.
[2022-11-14 13:35:03.401] [warning] Couldn't find file 'model_l_toes.stl'.
[2022-11-14 13:35:03.401] [warning] Couldn't find file 'hat_spine.vtp'.
[2022-11-14 13:35:03.401] [warning] Couldn't find file 'hat_jaw.vtp'.
[2022-11-14 13:35:03.401] [warning] Couldn't find file 'hat_skull.vtp'.
[2022-11-14 13:35:03.401] [warning] Couldn't find file 'hat_ribs_scap.vtp'.
[2022-11-14 13:35:03.401] [warning] Couldn't find file 'humerus_rv.vtp'.
[2022-11-14 13:35:03.401] [warning] Couldn't find file 'ulna_rv.vtp'.
[2022-11-14 13:35:03.401] [warning] Couldn't find file 'radius_rv.vtp'.
[2022-11-14 13:35:03.402] [warning] Couldn't find file 'pisiform_rvs.vtp'.
[2022-11-14 13:35:03.402] [warning] Couldn't find file 'lunate_rvs.vtp'.
[2022-11-14 13:35:03.402] [warning] Couldn't find file 'scaphoid_rvs.vtp'.
[2022-11-14 13:35:03.402] [warning] Couldn't find file 'triquetrum_rvs.vtp'.
[2022-11-14 13:35:03.402] [warning] Couldn't find file 'hamate_rvs.vtp'.
[2022-11-14 13:35:03.402] [warning] Couldn't find file 'capitate_rvs.vtp'.
[2022-11-14 13:35:03.402] [warning] Couldn't find file 'trapezoid_rvs.vtp'.
[2022-11-14 13:35:03.402] [warning] Couldn't find file 'trapezium_rvs.vtp'.
[2022-11-14 13:35:03.402] [warning] Couldn't find file 'metacarpal2_rvs.vtp'.
[2022-11-14 13:35:03.402] [warning] Couldn't find file 'index_proximal_rvs.vtp'.
[2022-11-14 13:35:03.402] [warning] Couldn't find file 'index_medial_rvs.vtp'.
[2022-11-14 13:35:03.402] [warning] Couldn't find file 'index_distal_rvs.vtp'.
[2022-11-14 13:35:03.402] [warning] Couldn't find file 'metacarpal3_rvs.vtp'.
[2022-11-14 13:35:03.402] [warning] Couldn't find file 'middle_proximal_rvs.vtp'.
[2022-11-14 13:35:03.402] [warning] Couldn't find file 'middle_medial_rvs.vtp'.
[2022-11-14 13:35:03.402] [warning] Couldn't find file 'middle_distal_rvs.vtp'.
[2022-11-14 13:35:03.402] [warning] Couldn't find file 'metacarpal4_rvs.vtp'.
[2022-11-14 13:35:03.402] [warning] Couldn't find file 'ring_proximal_rvs.vtp'.
[2022-11-14 13:35:03.403] [warning] Couldn't find file 'ring_medial_rvs.vtp'.
[2022-11-14 13:35:03.403] [warning] Couldn't find file 'ring_distal_rvs.vtp'.
[2022-11-14 13:35:03.403] [warning] Couldn't find file 'metacarpal5_rvs.vtp'.
[2022-11-14 13:35:03.403] [warning] Couldn't find file 'little_proximal_rvs.vtp'.
[2022-11-14 13:35:03.403] [warning] Couldn't find file 'little_medial_rvs.vtp'.
[2022-11-14 13:35:03.403] [warning] Couldn't find file 'little_distal_rvs.vtp'.
[2022-11-14 13:35:03.403] [warning] Couldn't find file 'metacarpal1_rvs.vtp'.
[2022-11-14 13:35:03.403] [warning] Couldn't find file 'thumb_proximal_rvs.vtp'.
[2022-11-14 13:35:03.403] [warning] Couldn't find file 'thumb_distal_rvs.vtp'.
[2022-11-14 13:35:03.403] [warning] Couldn't find file 'humerus_lv.vtp'.
[2022-11-14 13:35:03.403] [warning] Couldn't find file 'ulna_lv.vtp'.
[2022-11-14 13:35:03.403] [warning] Couldn't find file 'radius_lv.vtp'.
[2022-11-14 13:35:03.403] [warning] Couldn't find file 'pisiform_lvs.vtp'.
[2022-11-14 13:35:03.403] [warning] Couldn't find file 'lunate_lvs.vtp'.
[2022-11-14 13:35:03.403] [warning] Couldn't find file 'scaphoid_lvs.vtp'.
[2022-11-14 13:35:03.403] [warning] Couldn't find file 'triquetrum_lvs.vtp'.
[2022-11-14 13:35:03.403] [warning] Couldn't find file 'hamate_lvs.vtp'.
[2022-11-14 13:35:03.404] [warning] Couldn't find file 'capitate_lvs.vtp'.
[2022-11-14 13:35:03.404] [warning] Couldn't find file 'trapezoid_lvs.vtp'.
[2022-11-14 13:35:03.404] [warning] Couldn't find file 'trapezium_lvs.vtp'.
[2022-11-14 13:35:03.404] [warning] Couldn't find file 'metacarpal2_lvs.vtp'.
[2022-11-14 13:35:03.404] [warning] Couldn't find file 'index_proximal_lvs.vtp'.
[2022-11-14 13:35:03.404] [warning] Couldn't find file 'index_medial_lvs.vtp'.
[2022-11-14 13:35:03.404] [warning] Couldn't find file 'index_distal_lvs.vtp'.
[2022-11-14 13:35:03.404] [warning] Couldn't find file 'metacarpal3_lvs.vtp'.
[2022-11-14 13:35:03.404] [warning] Couldn't find file 'middle_proximal_lvs.vtp'.
[2022-11-14 13:35:03.404] [warning] Couldn't find file 'middle_medial_lvs.vtp'.
[2022-11-14 13:35:03.404] [warning] Couldn't find file 'middle_distal_lvs.vtp'.
[2022-11-14 13:35:03.404] [warning] Couldn't find file 'metacarpal4_lvs.vtp'.
[2022-11-14 13:35:03.404] [warning] Couldn't find file 'ring_proximal_lvs.vtp'.
[2022-11-14 13:35:03.404] [warning] Couldn't find file 'ring_medial_lvs.vtp'.
[2022-11-14 13:35:03.404] [warning] Couldn't find file 'ring_distal_lvs.vtp'.
[2022-11-14 13:35:03.404] [warning] Couldn't find file 'metacarpal5_lvs.vtp'.
[2022-11-14 13:35:03.404] [warning] Couldn't find file 'little_proximal_lvs.vtp'.
[2022-11-14 13:35:03.404] [warning] Couldn't find file 'little_medial_lvs.vtp'.
[2022-11-14 13:35:03.405] [warning] Couldn't find file 'little_distal_lvs.vtp'.
[2022-11-14 13:35:03.405] [warning] Couldn't find file 'metacarpal1_lvs.vtp'.
[2022-11-14 13:35:03.405] [warning] Couldn't find file 'thumb_proximal_lvs.vtp'.
[2022-11-14 13:35:03.405] [warning] Couldn't find file 'thumb_distal_lvs.vtp'.
[2022-11-14 13:37:16.270] [info] Loaded model subject1_withMTJ_locked_scaled_custom from file C:\Users\u0150099\Documents\master_thesis\3dpredictsim\OpenSimModel\subject1\Fal_s1_mtjc4_FK_sc_FDB2_MTc5_cspx10_oy3.osim
[2022-11-14 13:37:16.271] [warning] Couldn't find file 'sacrum.vtp'.
[2022-11-14 13:37:16.271] [warning] Couldn't find file 'pelvis.vtp'.
[2022-11-14 13:37:16.271] [warning] Couldn't find file 'l_pelvis.vtp'.
[2022-11-14 13:37:16.271] [warning] Couldn't find file 'femur_r.vtp'.
[2022-11-14 13:37:16.271] [warning] Couldn't find file 'tibia_r.vtp'.
[2022-11-14 13:37:16.271] [warning] Couldn't find file 'fibula_r.vtp'.
[2022-11-14 13:37:16.271] [warning] Couldn't find file 'talus_rv.vtp'.
[2022-11-14 13:37:16.271] [warning] Couldn't find file 'calcaneous_rv.vtp'.
[2022-11-14 13:37:16.271] [warning] Couldn't find file 'model_r_midfoot.stl'.
[2022-11-14 13:37:16.272] [warning] Couldn't find file 'model_r_forefoot.stl'.
[2022-11-14 13:37:16.272] [warning] Couldn't find file 'model_r_toes.stl'.
[2022-11-14 13:37:16.272] [warning] Couldn't find file 'femur_l.vtp'.
[2022-11-14 13:37:16.272] [warning] Couldn't find file 'tibia_l.vtp'.
[2022-11-14 13:37:16.272] [warning] Couldn't find file 'fibula_l.vtp'.
[2022-11-14 13:37:16.272] [warning] Couldn't find file 'talus_lv.vtp'.
[2022-11-14 13:37:16.272] [warning] Couldn't find file 'calcaneous_lv.vtp'.
[2022-11-14 13:37:16.272] [warning] Couldn't find file 'model_l_midfoot.stl'.
[2022-11-14 13:37:16.272] [warning] Couldn't find file 'model_l_forefoot.stl'.
[2022-11-14 13:37:16.272] [warning] Couldn't find file 'model_l_toes.stl'.
[2022-11-14 13:37:16.272] [warning] Couldn't find file 'hat_spine.vtp'.
[2022-11-14 13:37:16.272] [warning] Couldn't find file 'hat_jaw.vtp'.
[2022-11-14 13:37:16.272] [warning] Couldn't find file 'hat_skull.vtp'.
[2022-11-14 13:37:16.272] [warning] Couldn't find file 'hat_ribs_scap.vtp'.
[2022-11-14 13:37:16.272] [warning] Couldn't find file 'humerus_rv.vtp'.
[2022-11-14 13:37:16.272] [warning] Couldn't find file 'ulna_rv.vtp'.
[2022-11-14 13:37:16.272] [warning] Couldn't find file 'radius_rv.vtp'.
[2022-11-14 13:37:16.273] [warning] Couldn't find file 'pisiform_rvs.vtp'.
[2022-11-14 13:37:16.273] [warning] Couldn't find file 'lunate_rvs.vtp'.
[2022-11-14 13:37:16.273] [warning] Couldn't find file 'scaphoid_rvs.vtp'.
[2022-11-14 13:37:16.273] [warning] Couldn't find file 'triquetrum_rvs.vtp'.
[2022-11-14 13:37:16.273] [warning] Couldn't find file 'hamate_rvs.vtp'.
[2022-11-14 13:37:16.273] [warning] Couldn't find file 'capitate_rvs.vtp'.
[2022-11-14 13:37:16.273] [warning] Couldn't find file 'trapezoid_rvs.vtp'.
[2022-11-14 13:37:16.273] [warning] Couldn't find file 'trapezium_rvs.vtp'.
[2022-11-14 13:37:16.273] [warning] Couldn't find file 'metacarpal2_rvs.vtp'.
[2022-11-14 13:37:16.273] [warning] Couldn't find file 'index_proximal_rvs.vtp'.
[2022-11-14 13:37:16.273] [warning] Couldn't find file 'index_medial_rvs.vtp'.
[2022-11-14 13:37:16.273] [warning] Couldn't find file 'index_distal_rvs.vtp'.
[2022-11-14 13:37:16.273] [warning] Couldn't find file 'metacarpal3_rvs.vtp'.
[2022-11-14 13:37:16.273] [warning] Couldn't find file 'middle_proximal_rvs.vtp'.
[2022-11-14 13:37:16.273] [warning] Couldn't find file 'middle_medial_rvs.vtp'.
[2022-11-14 13:37:16.273] [warning] Couldn't find file 'middle_distal_rvs.vtp'.
[2022-11-14 13:37:16.273] [warning] Couldn't find file 'metacarpal4_rvs.vtp'.
[2022-11-14 13:37:16.274] [warning] Couldn't find file 'ring_proximal_rvs.vtp'.
[2022-11-14 13:37:16.274] [warning] Couldn't find file 'ring_medial_rvs.vtp'.
[2022-11-14 13:37:16.274] [warning] Couldn't find file 'ring_distal_rvs.vtp'.
[2022-11-14 13:37:16.274] [warning] Couldn't find file 'metacarpal5_rvs.vtp'.
[2022-11-14 13:37:16.274] [warning] Couldn't find file 'little_proximal_rvs.vtp'.
[2022-11-14 13:37:16.274] [warning] Couldn't find file 'little_medial_rvs.vtp'.
[2022-11-14 13:37:16.274] [warning] Couldn't find file 'little_distal_rvs.vtp'.
[2022-11-14 13:37:16.274] [warning] Couldn't find file 'metacarpal1_rvs.vtp'.
[2022-11-14 13:37:16.274] [warning] Couldn't find file 'thumb_proximal_rvs.vtp'.
[2022-11-14 13:37:16.274] [warning] Couldn't find file 'thumb_distal_rvs.vtp'.
[2022-11-14 13:37:16.274] [warning] Couldn't find file 'humerus_lv.vtp'.
[2022-11-14 13:37:16.274] [warning] Couldn't find file 'ulna_lv.vtp'.
[2022-11-14 13:37:16.274] [warning] Couldn't find file 'radius_lv.vtp'.
[2022-11-14 13:37:16.274] [warning] Couldn't find file 'pisiform_lvs.vtp'.
[2022-11-14 13:37:16.274] [warning] Couldn't find file 'lunate_lvs.vtp'.
[2022-11-14 13:37:16.274] [warning] Couldn't find file 'scaphoid_lvs.vtp'.
[2022-11-14 13:37:16.274] [warning] Couldn't find file 'triquetrum_lvs.vtp'.
[2022-11-14 13:37:16.275] [warning] Couldn't find file 'hamate_lvs.vtp'.
[2022-11-14 13:37:16.275] [warning] Couldn't find file 'capitate_lvs.vtp'.
[2022-11-14 13:37:16.275] [warning] Couldn't find file 'trapezoid_lvs.vtp'.
[2022-11-14 13:37:16.275] [warning] Couldn't find file 'trapezium_lvs.vtp'.
[2022-11-14 13:37:16.275] [warning] Couldn't find file 'metacarpal2_lvs.vtp'.
[2022-11-14 13:37:16.275] [warning] Couldn't find file 'index_proximal_lvs.vtp'.
[2022-11-14 13:37:16.275] [warning] Couldn't find file 'index_medial_lvs.vtp'.
[2022-11-14 13:37:16.275] [warning] Couldn't find file 'index_distal_lvs.vtp'.
[2022-11-14 13:37:16.275] [warning] Couldn't find file 'metacarpal3_lvs.vtp'.
[2022-11-14 13:37:16.275] [warning] Couldn't find file 'middle_proximal_lvs.vtp'.
[2022-11-14 13:37:16.275] [warning] Couldn't find file 'middle_medial_lvs.vtp'.
[2022-11-14 13:37:16.275] [warning] Couldn't find file 'middle_distal_lvs.vtp'.
[2022-11-14 13:37:16.275] [warning] Couldn't find file 'metacarpal4_lvs.vtp'.
[2022-11-14 13:37:16.275] [warning] Couldn't find file 'ring_proximal_lvs.vtp'.
[2022-11-14 13:37:16.275] [warning] Couldn't find file 'ring_medial_lvs.vtp'.
[2022-11-14 13:37:16.275] [warning] Couldn't find file 'ring_distal_lvs.vtp'.
[2022-11-14 13:37:16.275] [warning] Couldn't find file 'metacarpal5_lvs.vtp'.
[2022-11-14 13:37:16.275] [warning] Couldn't find file 'little_proximal_lvs.vtp'.
[2022-11-14 13:37:16.276] [warning] Couldn't find file 'little_medial_lvs.vtp'.
[2022-11-14 13:37:16.276] [warning] Couldn't find file 'little_distal_lvs.vtp'.
[2022-11-14 13:37:16.276] [warning] Couldn't find file 'metacarpal1_lvs.vtp'.
[2022-11-14 13:37:16.276] [warning] Couldn't find file 'thumb_proximal_lvs.vtp'.
[2022-11-14 13:37:16.276] [warning] Couldn't find file 'thumb_distal_lvs.vtp'.
[2022-11-14 13:38:14.574] [info] Loaded model subject1_withMTJ_locked_scaled_custom from file C:\Users\u0150099\Documents\master_thesis\3dpredictsim\OpenSimModel\subject1\Fal_s1_mtjc4_FK_sc_FDB2_MTc5_cspx10_oy3.osim
[2022-11-14 13:38:14.574] [warning] Couldn't find file 'sacrum.vtp'.
[2022-11-14 13:38:14.574] [warning] Couldn't find file 'pelvis.vtp'.
[2022-11-14 13:38:14.574] [warning] Couldn't find file 'l_pelvis.vtp'.
[2022-11-14 13:38:14.574] [warning] Couldn't find file 'femur_r.vtp'.
[2022-11-14 13:38:14.574] [warning] Couldn't find file 'tibia_r.vtp'.
[2022-11-14 13:38:14.574] [warning] Couldn't find file 'fibula_r.vtp'.
[2022-11-14 13:38:14.575] [warning] Couldn't find file 'talus_rv.vtp'.
[2022-11-14 13:38:14.575] [warning] Couldn't find file 'calcaneous_rv.vtp'.
[2022-11-14 13:38:14.575] [warning] Couldn't find file 'model_r_midfoot.stl'.
[2022-11-14 13:38:14.575] [warning] Couldn't find file 'model_r_forefoot.stl'.
[2022-11-14 13:38:14.575] [warning] Couldn't find file 'model_r_toes.stl'.
[2022-11-14 13:38:14.575] [warning] Couldn't find file 'femur_l.vtp'.
[2022-11-14 13:38:14.575] [warning] Couldn't find file 'tibia_l.vtp'.
[2022-11-14 13:38:14.575] [warning] Couldn't find file 'fibula_l.vtp'.
[2022-11-14 13:38:14.575] [warning] Couldn't find file 'talus_lv.vtp'.
[2022-11-14 13:38:14.575] [warning] Couldn't find file 'calcaneous_lv.vtp'.
[2022-11-14 13:38:14.575] [warning] Couldn't find file 'model_l_midfoot.stl'.
[2022-11-14 13:38:14.575] [warning] Couldn't find file 'model_l_forefoot.stl'.
[2022-11-14 13:38:14.575] [warning] Couldn't find file 'model_l_toes.stl'.
[2022-11-14 13:38:14.575] [warning] Couldn't find file 'hat_spine.vtp'.
[2022-11-14 13:38:14.575] [warning] Couldn't find file 'hat_jaw.vtp'.
[2022-11-14 13:38:14.575] [warning] Couldn't find file 'hat_skull.vtp'.
[2022-11-14 13:38:14.576] [warning] Couldn't find file 'hat_ribs_scap.vtp'.
[2022-11-14 13:38:14.576] [warning] Couldn't find file 'humerus_rv.vtp'.
[2022-11-14 13:38:14.576] [warning] Couldn't find file 'ulna_rv.vtp'.
[2022-11-14 13:38:14.576] [warning] Couldn't find file 'radius_rv.vtp'.
[2022-11-14 13:38:14.576] [warning] Couldn't find file 'pisiform_rvs.vtp'.
[2022-11-14 13:38:14.576] [warning] Couldn't find file 'lunate_rvs.vtp'.
[2022-11-14 13:38:14.576] [warning] Couldn't find file 'scaphoid_rvs.vtp'.
[2022-11-14 13:38:14.576] [warning] Couldn't find file 'triquetrum_rvs.vtp'.
[2022-11-14 13:38:14.576] [warning] Couldn't find file 'hamate_rvs.vtp'.
[2022-11-14 13:38:14.576] [warning] Couldn't find file 'capitate_rvs.vtp'.
[2022-11-14 13:38:14.576] [warning] Couldn't find file 'trapezoid_rvs.vtp'.
[2022-11-14 13:38:14.576] [warning] Couldn't find file 'trapezium_rvs.vtp'.
[2022-11-14 13:38:14.576] [warning] Couldn't find file 'metacarpal2_rvs.vtp'.
[2022-11-14 13:38:14.576] [warning] Couldn't find file 'index_proximal_rvs.vtp'.
[2022-11-14 13:38:14.576] [warning] Couldn't find file 'index_medial_rvs.vtp'.
[2022-11-14 13:38:14.576] [warning] Couldn't find file 'index_distal_rvs.vtp'.
[2022-11-14 13:38:14.576] [warning] Couldn't find file 'metacarpal3_rvs.vtp'.
[2022-11-14 13:38:14.576] [warning] Couldn't find file 'middle_proximal_rvs.vtp'.
[2022-11-14 13:38:14.577] [warning] Couldn't find file 'middle_medial_rvs.vtp'.
[2022-11-14 13:38:14.577] [warning] Couldn't find file 'middle_distal_rvs.vtp'.
[2022-11-14 13:38:14.577] [warning] Couldn't find file 'metacarpal4_rvs.vtp'.
[2022-11-14 13:38:14.577] [warning] Couldn't find file 'ring_proximal_rvs.vtp'.
[2022-11-14 13:38:14.577] [warning] Couldn't find file 'ring_medial_rvs.vtp'.
[2022-11-14 13:38:14.577] [warning] Couldn't find file 'ring_distal_rvs.vtp'.
[2022-11-14 13:38:14.577] [warning] Couldn't find file 'metacarpal5_rvs.vtp'.
[2022-11-14 13:38:14.577] [warning] Couldn't find file 'little_proximal_rvs.vtp'.
[2022-11-14 13:38:14.577] [warning] Couldn't find file 'little_medial_rvs.vtp'.
[2022-11-14 13:38:14.577] [warning] Couldn't find file 'little_distal_rvs.vtp'.
[2022-11-14 13:38:14.577] [warning] Couldn't find file 'metacarpal1_rvs.vtp'.
[2022-11-14 13:38:14.577] [warning] Couldn't find file 'thumb_proximal_rvs.vtp'.
[2022-11-14 13:38:14.577] [warning] Couldn't find file 'thumb_distal_rvs.vtp'.
[2022-11-14 13:38:14.577] [warning] Couldn't find file 'humerus_lv.vtp'.
[2022-11-14 13:38:14.577] [warning] Couldn't find file 'ulna_lv.vtp'.
[2022-11-14 13:38:14.577] [warning] Couldn't find file 'radius_lv.vtp'.
[2022-11-14 13:38:14.577] [warning] Couldn't find file 'pisiform_lvs.vtp'.
[2022-11-14 13:38:14.578] [warning] Couldn't find file 'lunate_lvs.vtp'.
[2022-11-14 13:38:14.578] [warning] Couldn't find file 'scaphoid_lvs.vtp'.
[2022-11-14 13:38:14.578] [warning] Couldn't find file 'triquetrum_lvs.vtp'.
[2022-11-14 13:38:14.578] [warning] Couldn't find file 'hamate_lvs.vtp'.
[2022-11-14 13:38:14.578] [warning] Couldn't find file 'capitate_lvs.vtp'.
[2022-11-14 13:38:14.578] [warning] Couldn't find file 'trapezoid_lvs.vtp'.
[2022-11-14 13:38:14.578] [warning] Couldn't find file 'trapezium_lvs.vtp'.
[2022-11-14 13:38:14.578] [warning] Couldn't find file 'metacarpal2_lvs.vtp'.
[2022-11-14 13:38:14.578] [warning] Couldn't find file 'index_proximal_lvs.vtp'.
[2022-11-14 13:38:14.578] [warning] Couldn't find file 'index_medial_lvs.vtp'.
[2022-11-14 13:38:14.578] [warning] Couldn't find file 'index_distal_lvs.vtp'.
[2022-11-14 13:38:14.578] [warning] Couldn't find file 'metacarpal3_lvs.vtp'.
[2022-11-14 13:38:14.578] [warning] Couldn't find file 'middle_proximal_lvs.vtp'.
[2022-11-14 13:38:14.578] [warning] Couldn't find file 'middle_medial_lvs.vtp'.
[2022-11-14 13:38:14.578] [warning] Couldn't find file 'middle_distal_lvs.vtp'.
[2022-11-14 13:38:14.578] [warning] Couldn't find file 'metacarpal4_lvs.vtp'.
[2022-11-14 13:38:14.579] [warning] Couldn't find file 'ring_proximal_lvs.vtp'.
[2022-11-14 13:38:14.579] [warning] Couldn't find file 'ring_medial_lvs.vtp'.
[2022-11-14 13:38:14.579] [warning] Couldn't find file 'ring_distal_lvs.vtp'.
[2022-11-14 13:38:14.579] [warning] Couldn't find file 'metacarpal5_lvs.vtp'.
[2022-11-14 13:38:14.579] [warning] Couldn't find file 'little_proximal_lvs.vtp'.
[2022-11-14 13:38:14.579] [warning] Couldn't find file 'little_medial_lvs.vtp'.
[2022-11-14 13:38:14.579] [warning] Couldn't find file 'little_distal_lvs.vtp'.
[2022-11-14 13:38:14.579] [warning] Couldn't find file 'metacarpal1_lvs.vtp'.
[2022-11-14 13:38:14.579] [warning] Couldn't find file 'thumb_proximal_lvs.vtp'.
[2022-11-14 13:38:14.579] [warning] Couldn't find file 'thumb_distal_lvs.vtp'.
[2022-11-14 13:39:10.151] [info] Loaded model subject1_withMTJ_locked_scaled_custom from file C:\Users\u0150099\Documents\master_thesis\3dpredictsim\OpenSimModel\subject1\Fal_s1_mtjc4_FK_sc_FDB2_MTc5_cspx10_oy3.osim
[2022-11-14 13:39:10.151] [warning] Couldn't find file 'sacrum.vtp'.
[2022-11-14 13:39:10.151] [warning] Couldn't find file 'pelvis.vtp'.
[2022-11-14 13:39:10.151] [warning] Couldn't find file 'l_pelvis.vtp'.
[2022-11-14 13:39:10.151] [warning] Couldn't find file 'femur_r.vtp'.
[2022-11-14 13:39:10.152] [warning] Couldn't find file 'tibia_r.vtp'.
[2022-11-14 13:39:10.152] [warning] Couldn't find file 'fibula_r.vtp'.
[2022-11-14 13:39:10.152] [warning] Couldn't find file 'talus_rv.vtp'.
[2022-11-14 13:39:10.152] [warning] Couldn't find file 'calcaneous_rv.vtp'.
[2022-11-14 13:39:10.152] [warning] Couldn't find file 'model_r_midfoot.stl'.
[2022-11-14 13:39:10.152] [warning] Couldn't find file 'model_r_forefoot.stl'.
[2022-11-14 13:39:10.152] [warning] Couldn't find file 'model_r_toes.stl'.
[2022-11-14 13:39:10.152] [warning] Couldn't find file 'femur_l.vtp'.
[2022-11-14 13:39:10.152] [warning] Couldn't find file 'tibia_l.vtp'.
[2022-11-14 13:39:10.152] [warning] Couldn't find file 'fibula_l.vtp'.
[2022-11-14 13:39:10.152] [warning] Couldn't find file 'talus_lv.vtp'.
[2022-11-14 13:39:10.152] [warning] Couldn't find file 'calcaneous_lv.vtp'.
[2022-11-14 13:39:10.152] [warning] Couldn't find file 'model_l_midfoot.stl'.
[2022-11-14 13:39:10.152] [warning] Couldn't find file 'model_l_forefoot.stl'.
[2022-11-14 13:39:10.152] [warning] Couldn't find file 'model_l_toes.stl'.
[2022-11-14 13:39:10.153] [warning] Couldn't find file 'hat_spine.vtp'.
[2022-11-14 13:39:10.153] [warning] Couldn't find file 'hat_jaw.vtp'.
[2022-11-14 13:39:10.153] [warning] Couldn't find file 'hat_skull.vtp'.
[2022-11-14 13:39:10.153] [warning] Couldn't find file 'hat_ribs_scap.vtp'.
[2022-11-14 13:39:10.153] [warning] Couldn't find file 'humerus_rv.vtp'.
[2022-11-14 13:39:10.153] [warning] Couldn't find file 'ulna_rv.vtp'.
[2022-11-14 13:39:10.153] [warning] Couldn't find file 'radius_rv.vtp'.
[2022-11-14 13:39:10.153] [warning] Couldn't find file 'pisiform_rvs.vtp'.
[2022-11-14 13:39:10.153] [warning] Couldn't find file 'lunate_rvs.vtp'.
[2022-11-14 13:39:10.153] [warning] Couldn't find file 'scaphoid_rvs.vtp'.
[2022-11-14 13:39:10.153] [warning] Couldn't find file 'triquetrum_rvs.vtp'.
[2022-11-14 13:39:10.153] [warning] Couldn't find file 'hamate_rvs.vtp'.
[2022-11-14 13:39:10.153] [warning] Couldn't find file 'capitate_rvs.vtp'.
[2022-11-14 13:39:10.153] [warning] Couldn't find file 'trapezoid_rvs.vtp'.
[2022-11-14 13:39:10.153] [warning] Couldn't find file 'trapezium_rvs.vtp'.
[2022-11-14 13:39:10.153] [warning] Couldn't find file 'metacarpal2_rvs.vtp'.
[2022-11-14 13:39:10.153] [warning] Couldn't find file 'index_proximal_rvs.vtp'.
[2022-11-14 13:39:10.154] [warning] Couldn't find file 'index_medial_rvs.vtp'.
[2022-11-14 13:39:10.154] [warning] Couldn't find file 'index_distal_rvs.vtp'.
[2022-11-14 13:39:10.154] [warning] Couldn't find file 'metacarpal3_rvs.vtp'.
[2022-11-14 13:39:10.154] [warning] Couldn't find file 'middle_proximal_rvs.vtp'.
[2022-11-14 13:39:10.154] [warning] Couldn't find file 'middle_medial_rvs.vtp'.
[2022-11-14 13:39:10.154] [warning] Couldn't find file 'middle_distal_rvs.vtp'.
[2022-11-14 13:39:10.154] [warning] Couldn't find file 'metacarpal4_rvs.vtp'.
[2022-11-14 13:39:10.154] [warning] Couldn't find file 'ring_proximal_rvs.vtp'.
[2022-11-14 13:39:10.154] [warning] Couldn't find file 'ring_medial_rvs.vtp'.
[2022-11-14 13:39:10.154] [warning] Couldn't find file 'ring_distal_rvs.vtp'.
[2022-11-14 13:39:10.154] [warning] Couldn't find file 'metacarpal5_rvs.vtp'.
[2022-11-14 13:39:10.154] [warning] Couldn't find file 'little_proximal_rvs.vtp'.
[2022-11-14 13:39:10.154] [warning] Couldn't find file 'little_medial_rvs.vtp'.
[2022-11-14 13:39:10.154] [warning] Couldn't find file 'little_distal_rvs.vtp'.
[2022-11-14 13:39:10.154] [warning] Couldn't find file 'metacarpal1_rvs.vtp'.
[2022-11-14 13:39:10.154] [warning] Couldn't find file 'thumb_proximal_rvs.vtp'.
[2022-11-14 13:39:10.155] [warning] Couldn't find file 'thumb_distal_rvs.vtp'.
[2022-11-14 13:39:10.155] [warning] Couldn't find file 'humerus_lv.vtp'.
[2022-11-14 13:39:10.155] [warning] Couldn't find file 'ulna_lv.vtp'.
[2022-11-14 13:39:10.155] [warning] Couldn't find file 'radius_lv.vtp'.
[2022-11-14 13:39:10.155] [warning] Couldn't find file 'pisiform_lvs.vtp'.
[2022-11-14 13:39:10.155] [warning] Couldn't find file 'lunate_lvs.vtp'.
[2022-11-14 13:39:10.155] [warning] Couldn't find file 'scaphoid_lvs.vtp'.
[2022-11-14 13:39:10.155] [warning] Couldn't find file 'triquetrum_lvs.vtp'.
[2022-11-14 13:39:10.155] [warning] Couldn't find file 'hamate_lvs.vtp'.
[2022-11-14 13:39:10.155] [warning] Couldn't find file 'capitate_lvs.vtp'.
[2022-11-14 13:39:10.155] [warning] Couldn't find file 'trapezoid_lvs.vtp'.
[2022-11-14 13:39:10.155] [warning] Couldn't find file 'trapezium_lvs.vtp'.
[2022-11-14 13:39:10.155] [warning] Couldn't find file 'metacarpal2_lvs.vtp'.
[2022-11-14 13:39:10.155] [warning] Couldn't find file 'index_proximal_lvs.vtp'.
[2022-11-14 13:39:10.155] [warning] Couldn't find file 'index_medial_lvs.vtp'.
[2022-11-14 13:39:10.155] [warning] Couldn't find file 'index_distal_lvs.vtp'.
[2022-11-14 13:39:10.155] [warning] Couldn't find file 'metacarpal3_lvs.vtp'.
[2022-11-14 13:39:10.156] [warning] Couldn't find file 'middle_proximal_lvs.vtp'.
[2022-11-14 13:39:10.156] [warning] Couldn't find file 'middle_medial_lvs.vtp'.
[2022-11-14 13:39:10.156] [warning] Couldn't find file 'middle_distal_lvs.vtp'.
[2022-11-14 13:39:10.156] [warning] Couldn't find file 'metacarpal4_lvs.vtp'.
[2022-11-14 13:39:10.156] [warning] Couldn't find file 'ring_proximal_lvs.vtp'.
[2022-11-14 13:39:10.156] [warning] Couldn't find file 'ring_medial_lvs.vtp'.
[2022-11-14 13:39:10.156] [warning] Couldn't find file 'ring_distal_lvs.vtp'.
[2022-11-14 13:39:10.156] [warning] Couldn't find file 'metacarpal5_lvs.vtp'.
[2022-11-14 13:39:10.156] [warning] Couldn't find file 'little_proximal_lvs.vtp'.
[2022-11-14 13:39:10.156] [warning] Couldn't find file 'little_medial_lvs.vtp'.
[2022-11-14 13:39:10.156] [warning] Couldn't find file 'little_distal_lvs.vtp'.
[2022-11-14 13:39:10.156] [warning] Couldn't find file 'metacarpal1_lvs.vtp'.
[2022-11-14 13:39:10.156] [warning] Couldn't find file 'thumb_proximal_lvs.vtp'.
[2022-11-14 13:39:10.156] [warning] Couldn't find file 'thumb_distal_lvs.vtp'.
[2022-11-14 13:42:31.964] [info] Loaded model subject1_withMTJ_locked_scaled_custom from file C:\Users\u0150099\Documents\master_thesis\3dpredictsim\OpenSimModel\subject1\Fal_s1_mtjc4_FK_sc_FDB2_MTc5_cspx10_oy3.osim
[2022-11-14 13:42:31.965] [warning] Couldn't find file 'sacrum.vtp'.
[2022-11-14 13:42:31.965] [warning] Couldn't find file 'pelvis.vtp'.
[2022-11-14 13:42:31.965] [warning] Couldn't find file 'l_pelvis.vtp'.
[2022-11-14 13:42:31.965] [warning] Couldn't find file 'femur_r.vtp'.
[2022-11-14 13:42:31.965] [warning] Couldn't find file 'tibia_r.vtp'.
[2022-11-14 13:42:31.965] [warning] Couldn't find file 'fibula_r.vtp'.
[2022-11-14 13:42:31.965] [warning] Couldn't find file 'talus_rv.vtp'.
[2022-11-14 13:42:31.965] [warning] Couldn't find file 'calcaneous_rv.vtp'.
[2022-11-14 13:42:31.965] [warning] Couldn't find file 'model_r_midfoot.stl'.
[2022-11-14 13:42:31.965] [warning] Couldn't find file 'model_r_forefoot.stl'.
[2022-11-14 13:42:31.965] [warning] Couldn't find file 'model_r_toes.stl'.
[2022-11-14 13:42:31.965] [warning] Couldn't find file 'femur_l.vtp'.
[2022-11-14 13:42:31.965] [warning] Couldn't find file 'tibia_l.vtp'.
[2022-11-14 13:42:31.965] [warning] Couldn't find file 'fibula_l.vtp'.
[2022-11-14 13:42:31.965] [warning] Couldn't find file 'talus_lv.vtp'.
[2022-11-14 13:42:31.966] [warning] Couldn't find file 'calcaneous_lv.vtp'.
[2022-11-14 13:42:31.966] [warning] Couldn't find file 'model_l_midfoot.stl'.
[2022-11-14 13:42:31.966] [warning] Couldn't find file 'model_l_forefoot.stl'.
[2022-11-14 13:42:31.966] [warning] Couldn't find file 'model_l_toes.stl'.
[2022-11-14 13:42:31.966] [warning] Couldn't find file 'hat_spine.vtp'.
[2022-11-14 13:42:31.966] [warning] Couldn't find file 'hat_jaw.vtp'.
[2022-11-14 13:42:31.966] [warning] Couldn't find file 'hat_skull.vtp'.
[2022-11-14 13:42:31.966] [warning] Couldn't find file 'hat_ribs_scap.vtp'.
[2022-11-14 13:42:31.966] [warning] Couldn't find file 'humerus_rv.vtp'.
[2022-11-14 13:42:31.966] [warning] Couldn't find file 'ulna_rv.vtp'.
[2022-11-14 13:42:31.966] [warning] Couldn't find file 'radius_rv.vtp'.
[2022-11-14 13:42:31.966] [warning] Couldn't find file 'pisiform_rvs.vtp'.
[2022-11-14 13:42:31.966] [warning] Couldn't find file 'lunate_rvs.vtp'.
[2022-11-14 13:42:31.966] [warning] Couldn't find file 'scaphoid_rvs.vtp'.
[2022-11-14 13:42:31.966] [warning] Couldn't find file 'triquetrum_rvs.vtp'.
[2022-11-14 13:42:31.966] [warning] Couldn't find file 'hamate_rvs.vtp'.
[2022-11-14 13:42:31.966] [warning] Couldn't find file 'capitate_rvs.vtp'.
[2022-11-14 13:42:31.966] [warning] Couldn't find file 'trapezoid_rvs.vtp'.
[2022-11-14 13:42:31.967] [warning] Couldn't find file 'trapezium_rvs.vtp'.
[2022-11-14 13:42:31.967] [warning] Couldn't find file 'metacarpal2_rvs.vtp'.
[2022-11-14 13:42:31.967] [warning] Couldn't find file 'index_proximal_rvs.vtp'.
[2022-11-14 13:42:31.967] [warning] Couldn't find file 'index_medial_rvs.vtp'.
[2022-11-14 13:42:31.967] [warning] Couldn't find file 'index_distal_rvs.vtp'.
[2022-11-14 13:42:31.967] [warning] Couldn't find file 'metacarpal3_rvs.vtp'.
[2022-11-14 13:42:31.967] [warning] Couldn't find file 'middle_proximal_rvs.vtp'.
[2022-11-14 13:42:31.967] [warning] Couldn't find file 'middle_medial_rvs.vtp'.
[2022-11-14 13:42:31.967] [warning] Couldn't find file 'middle_distal_rvs.vtp'.
[2022-11-14 13:42:31.967] [warning] Couldn't find file 'metacarpal4_rvs.vtp'.
[2022-11-14 13:42:31.967] [warning] Couldn't find file 'ring_proximal_rvs.vtp'.
[2022-11-14 13:42:31.967] [warning] Couldn't find file 'ring_medial_rvs.vtp'.
[2022-11-14 13:42:31.967] [warning] Couldn't find file 'ring_distal_rvs.vtp'.
[2022-11-14 13:42:31.967] [warning] Couldn't find file 'metacarpal5_rvs.vtp'.
[2022-11-14 13:42:31.967] [warning] Couldn't find file 'little_proximal_rvs.vtp'.
[2022-11-14 13:42:31.967] [warning] Couldn't find file 'little_medial_rvs.vtp'.
[2022-11-14 13:42:31.967] [warning] Couldn't find file 'little_distal_rvs.vtp'.
[2022-11-14 13:42:31.967] [warning] Couldn't find file 'metacarpal1_rvs.vtp'.
[2022-11-14 13:42:31.968] [warning] Couldn't find file 'thumb_proximal_rvs.vtp'.
[2022-11-14 13:42:31.968] [warning] Couldn't find file 'thumb_distal_rvs.vtp'.
[2022-11-14 13:42:31.968] [warning] Couldn't find file 'humerus_lv.vtp'.
[2022-11-14 13:42:31.968] [warning] Couldn't find file 'ulna_lv.vtp'.
[2022-11-14 13:42:31.968] [warning] Couldn't find file 'radius_lv.vtp'.
[2022-11-14 13:42:31.968] [warning] Couldn't find file 'pisiform_lvs.vtp'.
[2022-11-14 13:42:31.968] [warning] Couldn't find file 'lunate_lvs.vtp'.
[2022-11-14 13:42:31.968] [warning] Couldn't find file 'scaphoid_lvs.vtp'.
[2022-11-14 13:42:31.968] [warning] Couldn't find file 'triquetrum_lvs.vtp'.
[2022-11-14 13:42:31.968] [warning] Couldn't find file 'hamate_lvs.vtp'.
[2022-11-14 13:42:31.968] [warning] Couldn't find file 'capitate_lvs.vtp'.
[2022-11-14 13:42:31.968] [warning] Couldn't find file 'trapezoid_lvs.vtp'.
[2022-11-14 13:42:31.968] [warning] Couldn't find file 'trapezium_lvs.vtp'.
[2022-11-14 13:42:31.968] [warning] Couldn't find file 'metacarpal2_lvs.vtp'.
[2022-11-14 13:42:31.968] [warning] Couldn't find file 'index_proximal_lvs.vtp'.
[2022-11-14 13:42:31.968] [warning] Couldn't find file 'index_medial_lvs.vtp'.
[2022-11-14 13:42:31.968] [warning] Couldn't find file 'index_distal_lvs.vtp'.
[2022-11-14 13:42:31.968] [warning] Couldn't find file 'metacarpal3_lvs.vtp'.
[2022-11-14 13:42:31.969] [warning] Couldn't find file 'middle_proximal_lvs.vtp'.
[2022-11-14 13:42:31.969] [warning] Couldn't find file 'middle_medial_lvs.vtp'.
[2022-11-14 13:42:31.969] [warning] Couldn't find file 'middle_distal_lvs.vtp'.
[2022-11-14 13:42:31.969] [warning] Couldn't find file 'metacarpal4_lvs.vtp'.
[2022-11-14 13:42:31.969] [warning] Couldn't find file 'ring_proximal_lvs.vtp'.
[2022-11-14 13:42:31.969] [warning] Couldn't find file 'ring_medial_lvs.vtp'.
[2022-11-14 13:42:31.969] [warning] Couldn't find file 'ring_distal_lvs.vtp'.
[2022-11-14 13:42:31.969] [warning] Couldn't find file 'metacarpal5_lvs.vtp'.
[2022-11-14 13:42:31.969] [warning] Couldn't find file 'little_proximal_lvs.vtp'.
[2022-11-14 13:42:31.969] [warning] Couldn't find file 'little_medial_lvs.vtp'.
[2022-11-14 13:42:31.969] [warning] Couldn't find file 'little_distal_lvs.vtp'.
[2022-11-14 13:42:31.969] [warning] Couldn't find file 'metacarpal1_lvs.vtp'.
[2022-11-14 13:42:31.969] [warning] Couldn't find file 'thumb_proximal_lvs.vtp'.
[2022-11-14 13:42:31.969] [warning] Couldn't find file 'thumb_distal_lvs.vtp'.
[2022-11-14 13:43:21.103] [info] Loaded model subject1_withMTJ_locked_scaled_custom from file C:\Users\u0150099\Documents\master_thesis\3dpredictsim\OpenSimModel\subject1\Fal_s1_mtjc4_FK_sc_FDB2_MTc5_cspx10_oy3.osim
[2022-11-14 13:43:21.103] [warning] Couldn't find file 'sacrum.vtp'.
[2022-11-14 13:43:21.103] [warning] Couldn't find file 'pelvis.vtp'.
[2022-11-14 13:43:21.103] [warning] Couldn't find file 'l_pelvis.vtp'.
[2022-11-14 13:43:21.103] [warning] Couldn't find file 'femur_r.vtp'.
[2022-11-14 13:43:21.103] [warning] Couldn't find file 'tibia_r.vtp'.
[2022-11-14 13:43:21.103] [warning] Couldn't find file 'fibula_r.vtp'.
[2022-11-14 13:43:21.103] [warning] Couldn't find file 'talus_rv.vtp'.
[2022-11-14 13:43:21.103] [warning] Couldn't find file 'calcaneous_rv.vtp'.
[2022-11-14 13:43:21.104] [warning] Couldn't find file 'model_r_midfoot.stl'.
[2022-11-14 13:43:21.104] [warning] Couldn't find file 'model_r_forefoot.stl'.
[2022-11-14 13:43:21.104] [warning] Couldn't find file 'model_r_toes.stl'.
[2022-11-14 13:43:21.104] [warning] Couldn't find file 'femur_l.vtp'.
[2022-11-14 13:43:21.104] [warning] Couldn't find file 'tibia_l.vtp'.
[2022-11-14 13:43:21.104] [warning] Couldn't find file 'fibula_l.vtp'.
[2022-11-14 13:43:21.104] [warning] Couldn't find file 'talus_lv.vtp'.
[2022-11-14 13:43:21.104] [warning] Couldn't find file 'calcaneous_lv.vtp'.
[2022-11-14 13:43:21.104] [warning] Couldn't find file 'model_l_midfoot.stl'.
[2022-11-14 13:43:21.104] [warning] Couldn't find file 'model_l_forefoot.stl'.
[2022-11-14 13:43:21.104] [warning] Couldn't find file 'model_l_toes.stl'.
[2022-11-14 13:43:21.104] [warning] Couldn't find file 'hat_spine.vtp'.
[2022-11-14 13:43:21.104] [warning] Couldn't find file 'hat_jaw.vtp'.
[2022-11-14 13:43:21.104] [warning] Couldn't find file 'hat_skull.vtp'.
[2022-11-14 13:43:21.104] [warning] Couldn't find file 'hat_ribs_scap.vtp'.
[2022-11-14 13:43:21.104] [warning] Couldn't find file 'humerus_rv.vtp'.
[2022-11-14 13:43:21.104] [warning] Couldn't find file 'ulna_rv.vtp'.
[2022-11-14 13:43:21.105] [warning] Couldn't find file 'radius_rv.vtp'.
[2022-11-14 13:43:21.105] [warning] Couldn't find file 'pisiform_rvs.vtp'.
[2022-11-14 13:43:21.105] [warning] Couldn't find file 'lunate_rvs.vtp'.
[2022-11-14 13:43:21.105] [warning] Couldn't find file 'scaphoid_rvs.vtp'.
[2022-11-14 13:43:21.105] [warning] Couldn't find file 'triquetrum_rvs.vtp'.
[2022-11-14 13:43:21.105] [warning] Couldn't find file 'hamate_rvs.vtp'.
[2022-11-14 13:43:21.105] [warning] Couldn't find file 'capitate_rvs.vtp'.
[2022-11-14 13:43:21.105] [warning] Couldn't find file 'trapezoid_rvs.vtp'.
[2022-11-14 13:43:21.105] [warning] Couldn't find file 'trapezium_rvs.vtp'.
[2022-11-14 13:43:21.105] [warning] Couldn't find file 'metacarpal2_rvs.vtp'.
[2022-11-14 13:43:21.105] [warning] Couldn't find file 'index_proximal_rvs.vtp'.
[2022-11-14 13:43:21.105] [warning] Couldn't find file 'index_medial_rvs.vtp'.
[2022-11-14 13:43:21.105] [warning] Couldn't find file 'index_distal_rvs.vtp'.
[2022-11-14 13:43:21.105] [warning] Couldn't find file 'metacarpal3_rvs.vtp'.
[2022-11-14 13:43:21.105] [warning] Couldn't find file 'middle_proximal_rvs.vtp'.
[2022-11-14 13:43:21.105] [warning] Couldn't find file 'middle_medial_rvs.vtp'.
[2022-11-14 13:43:21.105] [warning] Couldn't find file 'middle_distal_rvs.vtp'.
[2022-11-14 13:43:21.105] [warning] Couldn't find file 'metacarpal4_rvs.vtp'.
[2022-11-14 13:43:21.106] [warning] Couldn't find file 'ring_proximal_rvs.vtp'.
[2022-11-14 13:43:21.106] [warning] Couldn't find file 'ring_medial_rvs.vtp'.
[2022-11-14 13:43:21.106] [warning] Couldn't find file 'ring_distal_rvs.vtp'.
[2022-11-14 13:43:21.106] [warning] Couldn't find file 'metacarpal5_rvs.vtp'.
[2022-11-14 13:43:21.106] [warning] Couldn't find file 'little_proximal_rvs.vtp'.
[2022-11-14 13:43:21.106] [warning] Couldn't find file 'little_medial_rvs.vtp'.
[2022-11-14 13:43:21.106] [warning] Couldn't find file 'little_distal_rvs.vtp'.
[2022-11-14 13:43:21.106] [warning] Couldn't find file 'metacarpal1_rvs.vtp'.
[2022-11-14 13:43:21.106] [warning] Couldn't find file 'thumb_proximal_rvs.vtp'.
[2022-11-14 13:43:21.106] [warning] Couldn't find file 'thumb_distal_rvs.vtp'.
[2022-11-14 13:43:21.106] [warning] Couldn't find file 'humerus_lv.vtp'.
[2022-11-14 13:43:21.106] [warning] Couldn't find file 'ulna_lv.vtp'.
[2022-11-14 13:43:21.106] [warning] Couldn't find file 'radius_lv.vtp'.
[2022-11-14 13:43:21.106] [warning] Couldn't find file 'pisiform_lvs.vtp'.
[2022-11-14 13:43:21.106] [warning] Couldn't find file 'lunate_lvs.vtp'.
[2022-11-14 13:43:21.106] [warning] Couldn't find file 'scaphoid_lvs.vtp'.
[2022-11-14 13:43:21.106] [warning] Couldn't find file 'triquetrum_lvs.vtp'.
[2022-11-14 13:43:21.106] [warning] Couldn't find file 'hamate_lvs.vtp'.
[2022-11-14 13:43:21.107] [warning] Couldn't find file 'capitate_lvs.vtp'.
[2022-11-14 13:43:21.107] [warning] Couldn't find file 'trapezoid_lvs.vtp'.
[2022-11-14 13:43:21.107] [warning] Couldn't find file 'trapezium_lvs.vtp'.
[2022-11-14 13:43:21.107] [warning] Couldn't find file 'metacarpal2_lvs.vtp'.
[2022-11-14 13:43:21.107] [warning] Couldn't find file 'index_proximal_lvs.vtp'.
[2022-11-14 13:43:21.107] [warning] Couldn't find file 'index_medial_lvs.vtp'.
[2022-11-14 13:43:21.107] [warning] Couldn't find file 'index_distal_lvs.vtp'.
[2022-11-14 13:43:21.107] [warning] Couldn't find file 'metacarpal3_lvs.vtp'.
[2022-11-14 13:43:21.107] [warning] Couldn't find file 'middle_proximal_lvs.vtp'.
[2022-11-14 13:43:21.107] [warning] Couldn't find file 'middle_medial_lvs.vtp'.
[2022-11-14 13:43:21.107] [warning] Couldn't find file 'middle_distal_lvs.vtp'.
[2022-11-14 13:43:21.107] [warning] Couldn't find file 'metacarpal4_lvs.vtp'.
[2022-11-14 13:43:21.107] [warning] Couldn't find file 'ring_proximal_lvs.vtp'.
[2022-11-14 13:43:21.107] [warning] Couldn't find file 'ring_medial_lvs.vtp'.
[2022-11-14 13:43:21.107] [warning] Couldn't find file 'ring_distal_lvs.vtp'.
[2022-11-14 13:43:21.107] [warning] Couldn't find file 'metacarpal5_lvs.vtp'.
[2022-11-14 13:43:21.107] [warning] Couldn't find file 'little_proximal_lvs.vtp'.
[2022-11-14 13:43:21.107] [warning] Couldn't find file 'little_medial_lvs.vtp'.
[2022-11-14 13:43:21.108] [warning] Couldn't find file 'little_distal_lvs.vtp'.
[2022-11-14 13:43:21.108] [warning] Couldn't find file 'metacarpal1_lvs.vtp'.
[2022-11-14 13:43:21.108] [warning] Couldn't find file 'thumb_proximal_lvs.vtp'.
[2022-11-14 13:43:21.108] [warning] Couldn't find file 'thumb_distal_lvs.vtp'.
[2022-11-14 13:44:13.821] [info] Loaded model subject1_withMTJ_locked_scaled_custom from file C:\Users\u0150099\Documents\master_thesis\3dpredictsim\OpenSimModel\subject1\Fal_s1_mtjc4_FK_sc_FDB2_MTc5_cspx10_oy3.osim
[2022-11-14 13:44:13.821] [warning] Couldn't find file 'sacrum.vtp'.
[2022-11-14 13:44:13.821] [warning] Couldn't find file 'pelvis.vtp'.
[2022-11-14 13:44:13.821] [warning] Couldn't find file 'l_pelvis.vtp'.
[2022-11-14 13:44:13.821] [warning] Couldn't find file 'femur_r.vtp'.
[2022-11-14 13:44:13.822] [warning] Couldn't find file 'tibia_r.vtp'.
[2022-11-14 13:44:13.822] [warning] Couldn't find file 'fibula_r.vtp'.
[2022-11-14 13:44:13.822] [warning] Couldn't find file 'talus_rv.vtp'.
[2022-11-14 13:44:13.822] [warning] Couldn't find file 'calcaneous_rv.vtp'.
[2022-11-14 13:44:13.822] [warning] Couldn't find file 'model_r_midfoot.stl'.
[2022-11-14 13:44:13.822] [warning] Couldn't find file 'model_r_forefoot.stl'.
[2022-11-14 13:44:13.822] [warning] Couldn't find file 'model_r_toes.stl'.
[2022-11-14 13:44:13.822] [warning] Couldn't find file 'femur_l.vtp'.
[2022-11-14 13:44:13.822] [warning] Couldn't find file 'tibia_l.vtp'.
[2022-11-14 13:44:13.822] [warning] Couldn't find file 'fibula_l.vtp'.
[2022-11-14 13:44:13.822] [warning] Couldn't find file 'talus_lv.vtp'.
[2022-11-14 13:44:13.822] [warning] Couldn't find file 'calcaneous_lv.vtp'.
[2022-11-14 13:44:13.822] [warning] Couldn't find file 'model_l_midfoot.stl'.
[2022-11-14 13:44:13.822] [warning] Couldn't find file 'model_l_forefoot.stl'.
[2022-11-14 13:44:13.822] [warning] Couldn't find file 'model_l_toes.stl'.
[2022-11-14 13:44:13.822] [warning] Couldn't find file 'hat_spine.vtp'.
[2022-11-14 13:44:13.822] [warning] Couldn't find file 'hat_jaw.vtp'.
[2022-11-14 13:44:13.823] [warning] Couldn't find file 'hat_skull.vtp'.
[2022-11-14 13:44:13.823] [warning] Couldn't find file 'hat_ribs_scap.vtp'.
[2022-11-14 13:44:13.823] [warning] Couldn't find file 'humerus_rv.vtp'.
[2022-11-14 13:44:13.823] [warning] Couldn't find file 'ulna_rv.vtp'.
[2022-11-14 13:44:13.823] [warning] Couldn't find file 'radius_rv.vtp'.
[2022-11-14 13:44:13.823] [warning] Couldn't find file 'pisiform_rvs.vtp'.
[2022-11-14 13:44:13.823] [warning] Couldn't find file 'lunate_rvs.vtp'.
[2022-11-14 13:44:13.823] [warning] Couldn't find file 'scaphoid_rvs.vtp'.
[2022-11-14 13:44:13.823] [warning] Couldn't find file 'triquetrum_rvs.vtp'.
[2022-11-14 13:44:13.823] [warning] Couldn't find file 'hamate_rvs.vtp'.
[2022-11-14 13:44:13.823] [warning] Couldn't find file 'capitate_rvs.vtp'.
[2022-11-14 13:44:13.823] [warning] Couldn't find file 'trapezoid_rvs.vtp'.
[2022-11-14 13:44:13.823] [warning] Couldn't find file 'trapezium_rvs.vtp'.
[2022-11-14 13:44:13.823] [warning] Couldn't find file 'metacarpal2_rvs.vtp'.
[2022-11-14 13:44:13.823] [warning] Couldn't find file 'index_proximal_rvs.vtp'.
[2022-11-14 13:44:13.823] [warning] Couldn't find file 'index_medial_rvs.vtp'.
[2022-11-14 13:44:13.823] [warning] Couldn't find file 'index_distal_rvs.vtp'.
[2022-11-14 13:44:13.824] [warning] Couldn't find file 'metacarpal3_rvs.vtp'.
[2022-11-14 13:44:13.824] [warning] Couldn't find file 'middle_proximal_rvs.vtp'.
[2022-11-14 13:44:13.824] [warning] Couldn't find file 'middle_medial_rvs.vtp'.
[2022-11-14 13:44:13.824] [warning] Couldn't find file 'middle_distal_rvs.vtp'.
[2022-11-14 13:44:13.824] [warning] Couldn't find file 'metacarpal4_rvs.vtp'.
[2022-11-14 13:44:13.824] [warning] Couldn't find file 'ring_proximal_rvs.vtp'.
[2022-11-14 13:44:13.824] [warning] Couldn't find file 'ring_medial_rvs.vtp'.
[2022-11-14 13:44:13.824] [warning] Couldn't find file 'ring_distal_rvs.vtp'.
[2022-11-14 13:44:13.824] [warning] Couldn't find file 'metacarpal5_rvs.vtp'.
[2022-11-14 13:44:13.824] [warning] Couldn't find file 'little_proximal_rvs.vtp'.
[2022-11-14 13:44:13.824] [warning] Couldn't find file 'little_medial_rvs.vtp'.
[2022-11-14 13:44:13.824] [warning] Couldn't find file 'little_distal_rvs.vtp'.
[2022-11-14 13:44:13.824] [warning] Couldn't find file 'metacarpal1_rvs.vtp'.
[2022-11-14 13:44:13.824] [warning] Couldn't find file 'thumb_proximal_rvs.vtp'.
[2022-11-14 13:44:13.824] [warning] Couldn't find file 'thumb_distal_rvs.vtp'.
[2022-11-14 13:44:13.824] [warning] Couldn't find file 'humerus_lv.vtp'.
[2022-11-14 13:44:13.824] [warning] Couldn't find file 'ulna_lv.vtp'.
[2022-11-14 13:44:13.824] [warning] Couldn't find file 'radius_lv.vtp'.
[2022-11-14 13:44:13.825] [warning] Couldn't find file 'pisiform_lvs.vtp'.
[2022-11-14 13:44:13.825] [warning] Couldn't find file 'lunate_lvs.vtp'.
[2022-11-14 13:44:13.825] [warning] Couldn't find file 'scaphoid_lvs.vtp'.
[2022-11-14 13:44:13.825] [warning] Couldn't find file 'triquetrum_lvs.vtp'.
[2022-11-14 13:44:13.825] [warning] Couldn't find file 'hamate_lvs.vtp'.
[2022-11-14 13:44:13.825] [warning] Couldn't find file 'capitate_lvs.vtp'.
[2022-11-14 13:44:13.825] [warning] Couldn't find file 'trapezoid_lvs.vtp'.
[2022-11-14 13:44:13.825] [warning] Couldn't find file 'trapezium_lvs.vtp'.
[2022-11-14 13:44:13.825] [warning] Couldn't find file 'metacarpal2_lvs.vtp'.
[2022-11-14 13:44:13.825] [warning] Couldn't find file 'index_proximal_lvs.vtp'.
[2022-11-14 13:44:13.825] [warning] Couldn't find file 'index_medial_lvs.vtp'.
[2022-11-14 13:44:13.825] [warning] Couldn't find file 'index_distal_lvs.vtp'.
[2022-11-14 13:44:13.825] [warning] Couldn't find file 'metacarpal3_lvs.vtp'.
[2022-11-14 13:44:13.825] [warning] Couldn't find file 'middle_proximal_lvs.vtp'.
[2022-11-14 13:44:13.825] [warning] Couldn't find file 'middle_medial_lvs.vtp'.
[2022-11-14 13:44:13.825] [warning] Couldn't find file 'middle_distal_lvs.vtp'.
[2022-11-14 13:44:13.825] [warning] Couldn't find file 'metacarpal4_lvs.vtp'.
[2022-11-14 13:44:13.825] [warning] Couldn't find file 'ring_proximal_lvs.vtp'.
[2022-11-14 13:44:13.825] [warning] Couldn't find file 'ring_medial_lvs.vtp'.
[2022-11-14 13:44:13.826] [warning] Couldn't find file 'ring_distal_lvs.vtp'.
[2022-11-14 13:44:13.826] [warning] Couldn't find file 'metacarpal5_lvs.vtp'.
[2022-11-14 13:44:13.826] [warning] Couldn't find file 'little_proximal_lvs.vtp'.
[2022-11-14 13:44:13.826] [warning] Couldn't find file 'little_medial_lvs.vtp'.
[2022-11-14 13:44:13.826] [warning] Couldn't find file 'little_distal_lvs.vtp'.
[2022-11-14 13:44:13.826] [warning] Couldn't find file 'metacarpal1_lvs.vtp'.
[2022-11-14 13:44:13.826] [warning] Couldn't find file 'thumb_proximal_lvs.vtp'.
[2022-11-14 13:44:13.826] [warning] Couldn't find file 'thumb_distal_lvs.vtp'.
[2022-11-14 13:44:52.572] [info] Loaded model subject1_withMTJ_locked_scaled_custom from file C:\Users\u0150099\Documents\master_thesis\3dpredictsim\OpenSimModel\subject1\Fal_s1_mtjc4_FK_sc_FDB2_MTc5_cspx10_oy3.osim
[2022-11-14 13:44:52.573] [warning] Couldn't find file 'sacrum.vtp'.
[2022-11-14 13:44:52.573] [warning] Couldn't find file 'pelvis.vtp'.
[2022-11-14 13:44:52.573] [warning] Couldn't find file 'l_pelvis.vtp'.
[2022-11-14 13:44:52.573] [warning] Couldn't find file 'femur_r.vtp'.
[2022-11-14 13:44:52.573] [warning] Couldn't find file 'tibia_r.vtp'.
[2022-11-14 13:44:52.573] [warning] Couldn't find file 'fibula_r.vtp'.
[2022-11-14 13:44:52.573] [warning] Couldn't find file 'talus_rv.vtp'.
[2022-11-14 13:44:52.573] [warning] Couldn't find file 'calcaneous_rv.vtp'.
[2022-11-14 13:44:52.574] [warning] Couldn't find file 'model_r_midfoot.stl'.
[2022-11-14 13:44:52.574] [warning] Couldn't find file 'model_r_forefoot.stl'.
[2022-11-14 13:44:52.574] [warning] Couldn't find file 'model_r_toes.stl'.
[2022-11-14 13:44:52.574] [warning] Couldn't find file 'femur_l.vtp'.
[2022-11-14 13:44:52.574] [warning] Couldn't find file 'tibia_l.vtp'.
[2022-11-14 13:44:52.574] [warning] Couldn't find file 'fibula_l.vtp'.
[2022-11-14 13:44:52.574] [warning] Couldn't find file 'talus_lv.vtp'.
[2022-11-14 13:44:52.574] [warning] Couldn't find file 'calcaneous_lv.vtp'.
[2022-11-14 13:44:52.574] [warning] Couldn't find file 'model_l_midfoot.stl'.
[2022-11-14 13:44:52.574] [warning] Couldn't find file 'model_l_forefoot.stl'.
[2022-11-14 13:44:52.574] [warning] Couldn't find file 'model_l_toes.stl'.
[2022-11-14 13:44:52.574] [warning] Couldn't find file 'hat_spine.vtp'.
[2022-11-14 13:44:52.574] [warning] Couldn't find file 'hat_jaw.vtp'.
[2022-11-14 13:44:52.574] [warning] Couldn't find file 'hat_skull.vtp'.
[2022-11-14 13:44:52.574] [warning] Couldn't find file 'hat_ribs_scap.vtp'.
[2022-11-14 13:44:52.574] [warning] Couldn't find file 'humerus_rv.vtp'.
[2022-11-14 13:44:52.575] [warning] Couldn't find file 'ulna_rv.vtp'.
[2022-11-14 13:44:52.575] [warning] Couldn't find file 'radius_rv.vtp'.
[2022-11-14 13:44:52.575] [warning] Couldn't find file 'pisiform_rvs.vtp'.
[2022-11-14 13:44:52.575] [warning] Couldn't find file 'lunate_rvs.vtp'.
[2022-11-14 13:44:52.575] [warning] Couldn't find file 'scaphoid_rvs.vtp'.
[2022-11-14 13:44:52.575] [warning] Couldn't find file 'triquetrum_rvs.vtp'.
[2022-11-14 13:44:52.575] [warning] Couldn't find file 'hamate_rvs.vtp'.
[2022-11-14 13:44:52.575] [warning] Couldn't find file 'capitate_rvs.vtp'.
[2022-11-14 13:44:52.575] [warning] Couldn't find file 'trapezoid_rvs.vtp'.
[2022-11-14 13:44:52.575] [warning] Couldn't find file 'trapezium_rvs.vtp'.
[2022-11-14 13:44:52.575] [warning] Couldn't find file 'metacarpal2_rvs.vtp'.
[2022-11-14 13:44:52.575] [warning] Couldn't find file 'index_proximal_rvs.vtp'.
[2022-11-14 13:44:52.575] [warning] Couldn't find file 'index_medial_rvs.vtp'.
[2022-11-14 13:44:52.575] [warning] Couldn't find file 'index_distal_rvs.vtp'.
[2022-11-14 13:44:52.575] [warning] Couldn't find file 'metacarpal3_rvs.vtp'.
[2022-11-14 13:44:52.575] [warning] Couldn't find file 'middle_proximal_rvs.vtp'.
[2022-11-14 13:44:52.576] [warning] Couldn't find file 'middle_medial_rvs.vtp'.
[2022-11-14 13:44:52.576] [warning] Couldn't find file 'middle_distal_rvs.vtp'.
[2022-11-14 13:44:52.576] [warning] Couldn't find file 'metacarpal4_rvs.vtp'.
[2022-11-14 13:44:52.576] [warning] Couldn't find file 'ring_proximal_rvs.vtp'.
[2022-11-14 13:44:52.576] [warning] Couldn't find file 'ring_medial_rvs.vtp'.
[2022-11-14 13:44:52.576] [warning] Couldn't find file 'ring_distal_rvs.vtp'.
[2022-11-14 13:44:52.576] [warning] Couldn't find file 'metacarpal5_rvs.vtp'.
[2022-11-14 13:44:52.576] [warning] Couldn't find file 'little_proximal_rvs.vtp'.
[2022-11-14 13:44:52.576] [warning] Couldn't find file 'little_medial_rvs.vtp'.
[2022-11-14 13:44:52.576] [warning] Couldn't find file 'little_distal_rvs.vtp'.
[2022-11-14 13:44:52.576] [warning] Couldn't find file 'metacarpal1_rvs.vtp'.
[2022-11-14 13:44:52.576] [warning] Couldn't find file 'thumb_proximal_rvs.vtp'.
[2022-11-14 13:44:52.576] [warning] Couldn't find file 'thumb_distal_rvs.vtp'.
[2022-11-14 13:44:52.576] [warning] Couldn't find file 'humerus_lv.vtp'.
[2022-11-14 13:44:52.576] [warning] Couldn't find file 'ulna_lv.vtp'.
[2022-11-14 13:44:52.576] [warning] Couldn't find file 'radius_lv.vtp'.
[2022-11-14 13:44:52.576] [warning] Couldn't find file 'pisiform_lvs.vtp'.
[2022-11-14 13:44:52.577] [warning] Couldn't find file 'lunate_lvs.vtp'.
[2022-11-14 13:44:52.577] [warning] Couldn't find file 'scaphoid_lvs.vtp'.
[2022-11-14 13:44:52.577] [warning] Couldn't find file 'triquetrum_lvs.vtp'.
[2022-11-14 13:44:52.577] [warning] Couldn't find file 'hamate_lvs.vtp'.
[2022-11-14 13:44:52.577] [warning] Couldn't find file 'capitate_lvs.vtp'.
[2022-11-14 13:44:52.577] [warning] Couldn't find file 'trapezoid_lvs.vtp'.
[2022-11-14 13:44:52.577] [warning] Couldn't find file 'trapezium_lvs.vtp'.
[2022-11-14 13:44:52.577] [warning] Couldn't find file 'metacarpal2_lvs.vtp'.
[2022-11-14 13:44:52.577] [warning] Couldn't find file 'index_proximal_lvs.vtp'.
[2022-11-14 13:44:52.577] [warning] Couldn't find file 'index_medial_lvs.vtp'.
[2022-11-14 13:44:52.577] [warning] Couldn't find file 'index_distal_lvs.vtp'.
[2022-11-14 13:44:52.577] [warning] Couldn't find file 'metacarpal3_lvs.vtp'.
[2022-11-14 13:44:52.577] [warning] Couldn't find file 'middle_proximal_lvs.vtp'.
[2022-11-14 13:44:52.577] [warning] Couldn't find file 'middle_medial_lvs.vtp'.
[2022-11-14 13:44:52.577] [warning] Couldn't find file 'middle_distal_lvs.vtp'.
[2022-11-14 13:44:52.577] [warning] Couldn't find file 'metacarpal4_lvs.vtp'.
[2022-11-14 13:44:52.577] [warning] Couldn't find file 'ring_proximal_lvs.vtp'.
[2022-11-14 13:44:52.577] [warning] Couldn't find file 'ring_medial_lvs.vtp'.
[2022-11-14 13:44:52.578] [warning] Couldn't find file 'ring_distal_lvs.vtp'.
[2022-11-14 13:44:52.578] [warning] Couldn't find file 'metacarpal5_lvs.vtp'.
[2022-11-14 13:44:52.578] [warning] Couldn't find file 'little_proximal_lvs.vtp'.
[2022-11-14 13:44:52.578] [warning] Couldn't find file 'little_medial_lvs.vtp'.
[2022-11-14 13:44:52.578] [warning] Couldn't find file 'little_distal_lvs.vtp'.
[2022-11-14 13:44:52.578] [warning] Couldn't find file 'metacarpal1_lvs.vtp'.
[2022-11-14 13:44:52.578] [warning] Couldn't find file 'thumb_proximal_lvs.vtp'.
[2022-11-14 13:44:52.578] [warning] Couldn't find file 'thumb_distal_lvs.vtp'.
[2022-11-14 13:45:51.034] [info] Loaded model subject1_withMTJ_locked_scaled_custom from file C:\Users\u0150099\Documents\master_thesis\3dpredictsim\OpenSimModel\subject1\Fal_s1_mtjc4_FK_sc_FDB2_MTc5_cspx10_oy3.osim
[2022-11-14 13:45:51.034] [warning] Couldn't find file 'sacrum.vtp'.
[2022-11-14 13:45:51.034] [warning] Couldn't find file 'pelvis.vtp'.
[2022-11-14 13:45:51.034] [warning] Couldn't find file 'l_pelvis.vtp'.
[2022-11-14 13:45:51.035] [warning] Couldn't find file 'femur_r.vtp'.
[2022-11-14 13:45:51.035] [warning] Couldn't find file 'tibia_r.vtp'.
[2022-11-14 13:45:51.035] [warning] Couldn't find file 'fibula_r.vtp'.
[2022-11-14 13:45:51.035] [warning] Couldn't find file 'talus_rv.vtp'.
[2022-11-14 13:45:51.035] [warning] Couldn't find file 'calcaneous_rv.vtp'.
[2022-11-14 13:45:51.035] [warning] Couldn't find file 'model_r_midfoot.stl'.
[2022-11-14 13:45:51.035] [warning] Couldn't find file 'model_r_forefoot.stl'.
[2022-11-14 13:45:51.035] [warning] Couldn't find file 'model_r_toes.stl'.
[2022-11-14 13:45:51.035] [warning] Couldn't find file 'femur_l.vtp'.
[2022-11-14 13:45:51.035] [warning] Couldn't find file 'tibia_l.vtp'.
[2022-11-14 13:45:51.035] [warning] Couldn't find file 'fibula_l.vtp'.
[2022-11-14 13:45:51.035] [warning] Couldn't find file 'talus_lv.vtp'.
[2022-11-14 13:45:51.035] [warning] Couldn't find file 'calcaneous_lv.vtp'.
[2022-11-14 13:45:51.035] [warning] Couldn't find file 'model_l_midfoot.stl'.
[2022-11-14 13:45:51.035] [warning] Couldn't find file 'model_l_forefoot.stl'.
[2022-11-14 13:45:51.035] [warning] Couldn't find file 'model_l_toes.stl'.
[2022-11-14 13:45:51.036] [warning] Couldn't find file 'hat_spine.vtp'.
[2022-11-14 13:45:51.036] [warning] Couldn't find file 'hat_jaw.vtp'.
[2022-11-14 13:45:51.036] [warning] Couldn't find file 'hat_skull.vtp'.
[2022-11-14 13:45:51.036] [warning] Couldn't find file 'hat_ribs_scap.vtp'.
[2022-11-14 13:45:51.036] [warning] Couldn't find file 'humerus_rv.vtp'.
[2022-11-14 13:45:51.036] [warning] Couldn't find file 'ulna_rv.vtp'.
[2022-11-14 13:45:51.036] [warning] Couldn't find file 'radius_rv.vtp'.
[2022-11-14 13:45:51.036] [warning] Couldn't find file 'pisiform_rvs.vtp'.
[2022-11-14 13:45:51.036] [warning] Couldn't find file 'lunate_rvs.vtp'.
[2022-11-14 13:45:51.036] [warning] Couldn't find file 'scaphoid_rvs.vtp'.
[2022-11-14 13:45:51.036] [warning] Couldn't find file 'triquetrum_rvs.vtp'.
[2022-11-14 13:45:51.036] [warning] Couldn't find file 'hamate_rvs.vtp'.
[2022-11-14 13:45:51.036] [warning] Couldn't find file 'capitate_rvs.vtp'.
[2022-11-14 13:45:51.036] [warning] Couldn't find file 'trapezoid_rvs.vtp'.
[2022-11-14 13:45:51.036] [warning] Couldn't find file 'trapezium_rvs.vtp'.
[2022-11-14 13:45:51.036] [warning] Couldn't find file 'metacarpal2_rvs.vtp'.
[2022-11-14 13:45:51.036] [warning] Couldn't find file 'index_proximal_rvs.vtp'.
[2022-11-14 13:45:51.036] [warning] Couldn't find file 'index_medial_rvs.vtp'.
[2022-11-14 13:45:51.037] [warning] Couldn't find file 'index_distal_rvs.vtp'.
[2022-11-14 13:45:51.037] [warning] Couldn't find file 'metacarpal3_rvs.vtp'.
[2022-11-14 13:45:51.037] [warning] Couldn't find file 'middle_proximal_rvs.vtp'.
[2022-11-14 13:45:51.037] [warning] Couldn't find file 'middle_medial_rvs.vtp'.
[2022-11-14 13:45:51.037] [warning] Couldn't find file 'middle_distal_rvs.vtp'.
[2022-11-14 13:45:51.037] [warning] Couldn't find file 'metacarpal4_rvs.vtp'.
[2022-11-14 13:45:51.037] [warning] Couldn't find file 'ring_proximal_rvs.vtp'.
[2022-11-14 13:45:51.037] [warning] Couldn't find file 'ring_medial_rvs.vtp'.
[2022-11-14 13:45:51.037] [warning] Couldn't find file 'ring_distal_rvs.vtp'.
[2022-11-14 13:45:51.037] [warning] Couldn't find file 'metacarpal5_rvs.vtp'.
[2022-11-14 13:45:51.037] [warning] Couldn't find file 'little_proximal_rvs.vtp'.
[2022-11-14 13:45:51.037] [warning] Couldn't find file 'little_medial_rvs.vtp'.
[2022-11-14 13:45:51.037] [warning] Couldn't find file 'little_distal_rvs.vtp'.
[2022-11-14 13:45:51.037] [warning] Couldn't find file 'metacarpal1_rvs.vtp'.
[2022-11-14 13:45:51.037] [warning] Couldn't find file 'thumb_proximal_rvs.vtp'.
[2022-11-14 13:45:51.037] [warning] Couldn't find file 'thumb_distal_rvs.vtp'.
[2022-11-14 13:45:51.037] [warning] Couldn't find file 'humerus_lv.vtp'.
[2022-11-14 13:45:51.037] [warning] Couldn't find file 'ulna_lv.vtp'.
[2022-11-14 13:45:51.038] [warning] Couldn't find file 'radius_lv.vtp'.
[2022-11-14 13:45:51.038] [warning] Couldn't find file 'pisiform_lvs.vtp'.
[2022-11-14 13:45:51.038] [warning] Couldn't find file 'lunate_lvs.vtp'.
[2022-11-14 13:45:51.038] [warning] Couldn't find file 'scaphoid_lvs.vtp'.
[2022-11-14 13:45:51.038] [warning] Couldn't find file 'triquetrum_lvs.vtp'.
[2022-11-14 13:45:51.038] [warning] Couldn't find file 'hamate_lvs.vtp'.
[2022-11-14 13:45:51.038] [warning] Couldn't find file 'capitate_lvs.vtp'.
[2022-11-14 13:45:51.038] [warning] Couldn't find file 'trapezoid_lvs.vtp'.
[2022-11-14 13:45:51.038] [warning] Couldn't find file 'trapezium_lvs.vtp'.
[2022-11-14 13:45:51.038] [warning] Couldn't find file 'metacarpal2_lvs.vtp'.
[2022-11-14 13:45:51.038] [warning] Couldn't find file 'index_proximal_lvs.vtp'.
[2022-11-14 13:45:51.038] [warning] Couldn't find file 'index_medial_lvs.vtp'.
[2022-11-14 13:45:51.038] [warning] Couldn't find file 'index_distal_lvs.vtp'.
[2022-11-14 13:45:51.038] [warning] Couldn't find file 'metacarpal3_lvs.vtp'.
[2022-11-14 13:45:51.038] [warning] Couldn't find file 'middle_proximal_lvs.vtp'.
[2022-11-14 13:45:51.038] [warning] Couldn't find file 'middle_medial_lvs.vtp'.
[2022-11-14 13:45:51.038] [warning] Couldn't find file 'middle_distal_lvs.vtp'.
[2022-11-14 13:45:51.038] [warning] Couldn't find file 'metacarpal4_lvs.vtp'.
[2022-11-14 13:45:51.039] [warning] Couldn't find file 'ring_proximal_lvs.vtp'.
[2022-11-14 13:45:51.039] [warning] Couldn't find file 'ring_medial_lvs.vtp'.
[2022-11-14 13:45:51.039] [warning] Couldn't find file 'ring_distal_lvs.vtp'.
[2022-11-14 13:45:51.039] [warning] Couldn't find file 'metacarpal5_lvs.vtp'.
[2022-11-14 13:45:51.039] [warning] Couldn't find file 'little_proximal_lvs.vtp'.
[2022-11-14 13:45:51.039] [warning] Couldn't find file 'little_medial_lvs.vtp'.
[2022-11-14 13:45:51.039] [warning] Couldn't find file 'little_distal_lvs.vtp'.
[2022-11-14 13:45:51.039] [warning] Couldn't find file 'metacarpal1_lvs.vtp'.
[2022-11-14 13:45:51.039] [warning] Couldn't find file 'thumb_proximal_lvs.vtp'.
[2022-11-14 13:45:51.039] [warning] Couldn't find file 'thumb_distal_lvs.vtp'.
[2022-11-14 13:46:19.589] [info] Loaded model subject1_withMTJ_locked_scaled_custom from file C:\Users\u0150099\Documents\master_thesis\3dpredictsim\OpenSimModel\subject1\Fal_s1_mtjc4_FK_sc_FDB2_MTc5_cspx10_oy3.osim
[2022-11-14 13:46:19.590] [warning] Couldn't find file 'sacrum.vtp'.
[2022-11-14 13:46:19.590] [warning] Couldn't find file 'pelvis.vtp'.
[2022-11-14 13:46:19.590] [warning] Couldn't find file 'l_pelvis.vtp'.
[2022-11-14 13:46:19.590] [warning] Couldn't find file 'femur_r.vtp'.
[2022-11-14 13:46:19.590] [warning] Couldn't find file 'tibia_r.vtp'.
[2022-11-14 13:46:19.590] [warning] Couldn't find file 'fibula_r.vtp'.
[2022-11-14 13:46:19.590] [warning] Couldn't find file 'talus_rv.vtp'.
[2022-11-14 13:46:19.590] [warning] Couldn't find file 'calcaneous_rv.vtp'.
[2022-11-14 13:46:19.590] [warning] Couldn't find file 'model_r_midfoot.stl'.
[2022-11-14 13:46:19.590] [warning] Couldn't find file 'model_r_forefoot.stl'.
[2022-11-14 13:46:19.590] [warning] Couldn't find file 'model_r_toes.stl'.
[2022-11-14 13:46:19.590] [warning] Couldn't find file 'femur_l.vtp'.
[2022-11-14 13:46:19.591] [warning] Couldn't find file 'tibia_l.vtp'.
[2022-11-14 13:46:19.591] [warning] Couldn't find file 'fibula_l.vtp'.
[2022-11-14 13:46:19.591] [warning] Couldn't find file 'talus_lv.vtp'.
[2022-11-14 13:46:19.591] [warning] Couldn't find file 'calcaneous_lv.vtp'.
[2022-11-14 13:46:19.591] [warning] Couldn't find file 'model_l_midfoot.stl'.
[2022-11-14 13:46:19.591] [warning] Couldn't find file 'model_l_forefoot.stl'.
[2022-11-14 13:46:19.591] [warning] Couldn't find file 'model_l_toes.stl'.
[2022-11-14 13:46:19.591] [warning] Couldn't find file 'hat_spine.vtp'.
[2022-11-14 13:46:19.591] [warning] Couldn't find file 'hat_jaw.vtp'.
[2022-11-14 13:46:19.591] [warning] Couldn't find file 'hat_skull.vtp'.
[2022-11-14 13:46:19.591] [warning] Couldn't find file 'hat_ribs_scap.vtp'.
[2022-11-14 13:46:19.591] [warning] Couldn't find file 'humerus_rv.vtp'.
[2022-11-14 13:46:19.591] [warning] Couldn't find file 'ulna_rv.vtp'.
[2022-11-14 13:46:19.591] [warning] Couldn't find file 'radius_rv.vtp'.
[2022-11-14 13:46:19.591] [warning] Couldn't find file 'pisiform_rvs.vtp'.
[2022-11-14 13:46:19.591] [warning] Couldn't find file 'lunate_rvs.vtp'.
[2022-11-14 13:46:19.591] [warning] Couldn't find file 'scaphoid_rvs.vtp'.
[2022-11-14 13:46:19.592] [warning] Couldn't find file 'triquetrum_rvs.vtp'.
[2022-11-14 13:46:19.592] [warning] Couldn't find file 'hamate_rvs.vtp'.
[2022-11-14 13:46:19.592] [warning] Couldn't find file 'capitate_rvs.vtp'.
[2022-11-14 13:46:19.592] [warning] Couldn't find file 'trapezoid_rvs.vtp'.
[2022-11-14 13:46:19.592] [warning] Couldn't find file 'trapezium_rvs.vtp'.
[2022-11-14 13:46:19.592] [warning] Couldn't find file 'metacarpal2_rvs.vtp'.
[2022-11-14 13:46:19.592] [warning] Couldn't find file 'index_proximal_rvs.vtp'.
[2022-11-14 13:46:19.592] [warning] Couldn't find file 'index_medial_rvs.vtp'.
[2022-11-14 13:46:19.592] [warning] Couldn't find file 'index_distal_rvs.vtp'.
[2022-11-14 13:46:19.592] [warning] Couldn't find file 'metacarpal3_rvs.vtp'.
[2022-11-14 13:46:19.592] [warning] Couldn't find file 'middle_proximal_rvs.vtp'.
[2022-11-14 13:46:19.592] [warning] Couldn't find file 'middle_medial_rvs.vtp'.
[2022-11-14 13:46:19.592] [warning] Couldn't find file 'middle_distal_rvs.vtp'.
[2022-11-14 13:46:19.592] [warning] Couldn't find file 'metacarpal4_rvs.vtp'.
[2022-11-14 13:46:19.592] [warning] Couldn't find file 'ring_proximal_rvs.vtp'.
[2022-11-14 13:46:19.592] [warning] Couldn't find file 'ring_medial_rvs.vtp'.
[2022-11-14 13:46:19.592] [warning] Couldn't find file 'ring_distal_rvs.vtp'.
[2022-11-14 13:46:19.592] [warning] Couldn't find file 'metacarpal5_rvs.vtp'.
[2022-11-14 13:46:19.592] [warning] Couldn't find file 'little_proximal_rvs.vtp'.
[2022-11-14 13:46:19.593] [warning] Couldn't find file 'little_medial_rvs.vtp'.
[2022-11-14 13:46:19.593] [warning] Couldn't find file 'little_distal_rvs.vtp'.
[2022-11-14 13:46:19.593] [warning] Couldn't find file 'metacarpal1_rvs.vtp'.
[2022-11-14 13:46:19.593] [warning] Couldn't find file 'thumb_proximal_rvs.vtp'.
[2022-11-14 13:46:19.593] [warning] Couldn't find file 'thumb_distal_rvs.vtp'.
[2022-11-14 13:46:19.593] [warning] Couldn't find file 'humerus_lv.vtp'.
[2022-11-14 13:46:19.593] [warning] Couldn't find file 'ulna_lv.vtp'.
[2022-11-14 13:46:19.593] [warning] Couldn't find file 'radius_lv.vtp'.
[2022-11-14 13:46:19.593] [warning] Couldn't find file 'pisiform_lvs.vtp'.
[2022-11-14 13:46:19.593] [warning] Couldn't find file 'lunate_lvs.vtp'.
[2022-11-14 13:46:19.593] [warning] Couldn't find file 'scaphoid_lvs.vtp'.
[2022-11-14 13:46:19.593] [warning] Couldn't find file 'triquetrum_lvs.vtp'.
[2022-11-14 13:46:19.593] [warning] Couldn't find file 'hamate_lvs.vtp'.
[2022-11-14 13:46:19.593] [warning] Couldn't find file 'capitate_lvs.vtp'.
[2022-11-14 13:46:19.593] [warning] Couldn't find file 'trapezoid_lvs.vtp'.
[2022-11-14 13:46:19.593] [warning] Couldn't find file 'trapezium_lvs.vtp'.
[2022-11-14 13:46:19.593] [warning] Couldn't find file 'metacarpal2_lvs.vtp'.
[2022-11-14 13:46:19.594] [warning] Couldn't find file 'index_proximal_lvs.vtp'.
[2022-11-14 13:46:19.594] [warning] Couldn't find file 'index_medial_lvs.vtp'.
[2022-11-14 13:46:19.594] [warning] Couldn't find file 'index_distal_lvs.vtp'.
[2022-11-14 13:46:19.594] [warning] Couldn't find file 'metacarpal3_lvs.vtp'.
[2022-11-14 13:46:19.594] [warning] Couldn't find file 'middle_proximal_lvs.vtp'.
[2022-11-14 13:46:19.594] [warning] Couldn't find file 'middle_medial_lvs.vtp'.
[2022-11-14 13:46:19.594] [warning] Couldn't find file 'middle_distal_lvs.vtp'.
[2022-11-14 13:46:19.594] [warning] Couldn't find file 'metacarpal4_lvs.vtp'.
[2022-11-14 13:46:19.594] [warning] Couldn't find file 'ring_proximal_lvs.vtp'.
[2022-11-14 13:46:19.594] [warning] Couldn't find file 'ring_medial_lvs.vtp'.
[2022-11-14 13:46:19.594] [warning] Couldn't find file 'ring_distal_lvs.vtp'.
[2022-11-14 13:46:19.594] [warning] Couldn't find file 'metacarpal5_lvs.vtp'.
[2022-11-14 13:46:19.594] [warning] Couldn't find file 'little_proximal_lvs.vtp'.
[2022-11-14 13:46:19.594] [warning] Couldn't find file 'little_medial_lvs.vtp'.
[2022-11-14 13:46:19.594] [warning] Couldn't find file 'little_distal_lvs.vtp'.
[2022-11-14 13:46:19.594] [warning] Couldn't find file 'metacarpal1_lvs.vtp'.
[2022-11-14 13:46:19.594] [warning] Couldn't find file 'thumb_proximal_lvs.vtp'.
[2022-11-14 13:46:19.594] [warning] Couldn't find file 'thumb_distal_lvs.vtp'.
[2022-11-14 13:47:08.444] [info] Loaded model subject1_withMTJ_locked_scaled_custom from file C:\Users\u0150099\Documents\master_thesis\3dpredictsim\OpenSimModel\subject1\Fal_s1_mtjc4_FK_sc_FDB2_MTc5_cspx10_oy3.osim
[2022-11-14 13:47:08.445] [warning] Couldn't find file 'sacrum.vtp'.
[2022-11-14 13:47:08.445] [warning] Couldn't find file 'pelvis.vtp'.
[2022-11-14 13:47:08.445] [warning] Couldn't find file 'l_pelvis.vtp'.
[2022-11-14 13:47:08.445] [warning] Couldn't find file 'femur_r.vtp'.
[2022-11-14 13:47:08.445] [warning] Couldn't find file 'tibia_r.vtp'.
[2022-11-14 13:47:08.445] [warning] Couldn't find file 'fibula_r.vtp'.
[2022-11-14 13:47:08.445] [warning] Couldn't find file 'talus_rv.vtp'.
[2022-11-14 13:47:08.445] [warning] Couldn't find file 'calcaneous_rv.vtp'.
[2022-11-14 13:47:08.446] [warning] Couldn't find file 'model_r_midfoot.stl'.
[2022-11-14 13:47:08.446] [warning] Couldn't find file 'model_r_forefoot.stl'.
[2022-11-14 13:47:08.446] [warning] Couldn't find file 'model_r_toes.stl'.
[2022-11-14 13:47:08.446] [warning] Couldn't find file 'femur_l.vtp'.
[2022-11-14 13:47:08.446] [warning] Couldn't find file 'tibia_l.vtp'.
[2022-11-14 13:47:08.446] [warning] Couldn't find file 'fibula_l.vtp'.
[2022-11-14 13:47:08.446] [warning] Couldn't find file 'talus_lv.vtp'.
[2022-11-14 13:47:08.446] [warning] Couldn't find file 'calcaneous_lv.vtp'.
[2022-11-14 13:47:08.446] [warning] Couldn't find file 'model_l_midfoot.stl'.
[2022-11-14 13:47:08.446] [warning] Couldn't find file 'model_l_forefoot.stl'.
[2022-11-14 13:47:08.446] [warning] Couldn't find file 'model_l_toes.stl'.
[2022-11-14 13:47:08.446] [warning] Couldn't find file 'hat_spine.vtp'.
[2022-11-14 13:47:08.446] [warning] Couldn't find file 'hat_jaw.vtp'.
[2022-11-14 13:47:08.446] [warning] Couldn't find file 'hat_skull.vtp'.
[2022-11-14 13:47:08.446] [warning] Couldn't find file 'hat_ribs_scap.vtp'.
[2022-11-14 13:47:08.446] [warning] Couldn't find file 'humerus_rv.vtp'.
[2022-11-14 13:47:08.447] [warning] Couldn't find file 'ulna_rv.vtp'.
[2022-11-14 13:47:08.447] [warning] Couldn't find file 'radius_rv.vtp'.
[2022-11-14 13:47:08.447] [warning] Couldn't find file 'pisiform_rvs.vtp'.
[2022-11-14 13:47:08.447] [warning] Couldn't find file 'lunate_rvs.vtp'.
[2022-11-14 13:47:08.447] [warning] Couldn't find file 'scaphoid_rvs.vtp'.
[2022-11-14 13:47:08.447] [warning] Couldn't find file 'triquetrum_rvs.vtp'.
[2022-11-14 13:47:08.447] [warning] Couldn't find file 'hamate_rvs.vtp'.
[2022-11-14 13:47:08.447] [warning] Couldn't find file 'capitate_rvs.vtp'.
[2022-11-14 13:47:08.447] [warning] Couldn't find file 'trapezoid_rvs.vtp'.
[2022-11-14 13:47:08.447] [warning] Couldn't find file 'trapezium_rvs.vtp'.
[2022-11-14 13:47:08.447] [warning] Couldn't find file 'metacarpal2_rvs.vtp'.
[2022-11-14 13:47:08.447] [warning] Couldn't find file 'index_proximal_rvs.vtp'.
[2022-11-14 13:47:08.447] [warning] Couldn't find file 'index_medial_rvs.vtp'.
[2022-11-14 13:47:08.447] [warning] Couldn't find file 'index_distal_rvs.vtp'.
[2022-11-14 13:47:08.447] [warning] Couldn't find file 'metacarpal3_rvs.vtp'.
[2022-11-14 13:47:08.447] [warning] Couldn't find file 'middle_proximal_rvs.vtp'.
[2022-11-14 13:47:08.447] [warning] Couldn't find file 'middle_medial_rvs.vtp'.
[2022-11-14 13:47:08.447] [warning] Couldn't find file 'middle_distal_rvs.vtp'.
[2022-11-14 13:47:08.448] [warning] Couldn't find file 'metacarpal4_rvs.vtp'.
[2022-11-14 13:47:08.448] [warning] Couldn't find file 'ring_proximal_rvs.vtp'.
[2022-11-14 13:47:08.448] [warning] Couldn't find file 'ring_medial_rvs.vtp'.
[2022-11-14 13:47:08.448] [warning] Couldn't find file 'ring_distal_rvs.vtp'.
[2022-11-14 13:47:08.448] [warning] Couldn't find file 'metacarpal5_rvs.vtp'.
[2022-11-14 13:47:08.448] [warning] Couldn't find file 'little_proximal_rvs.vtp'.
[2022-11-14 13:47:08.448] [warning] Couldn't find file 'little_medial_rvs.vtp'.
[2022-11-14 13:47:08.448] [warning] Couldn't find file 'little_distal_rvs.vtp'.
[2022-11-14 13:47:08.448] [warning] Couldn't find file 'metacarpal1_rvs.vtp'.
[2022-11-14 13:47:08.448] [warning] Couldn't find file 'thumb_proximal_rvs.vtp'.
[2022-11-14 13:47:08.448] [warning] Couldn't find file 'thumb_distal_rvs.vtp'.
[2022-11-14 13:47:08.448] [warning] Couldn't find file 'humerus_lv.vtp'.
[2022-11-14 13:47:08.448] [warning] Couldn't find file 'ulna_lv.vtp'.
[2022-11-14 13:47:08.448] [warning] Couldn't find file 'radius_lv.vtp'.
[2022-11-14 13:47:08.448] [warning] Couldn't find file 'pisiform_lvs.vtp'.
[2022-11-14 13:47:08.448] [warning] Couldn't find file 'lunate_lvs.vtp'.
[2022-11-14 13:47:08.448] [warning] Couldn't find file 'scaphoid_lvs.vtp'.
[2022-11-14 13:47:08.448] [warning] Couldn't find file 'triquetrum_lvs.vtp'.
[2022-11-14 13:47:08.449] [warning] Couldn't find file 'hamate_lvs.vtp'.
[2022-11-14 13:47:08.449] [warning] Couldn't find file 'capitate_lvs.vtp'.
[2022-11-14 13:47:08.449] [warning] Couldn't find file 'trapezoid_lvs.vtp'.
[2022-11-14 13:47:08.449] [warning] Couldn't find file 'trapezium_lvs.vtp'.
[2022-11-14 13:47:08.449] [warning] Couldn't find file 'metacarpal2_lvs.vtp'.
[2022-11-14 13:47:08.449] [warning] Couldn't find file 'index_proximal_lvs.vtp'.
[2022-11-14 13:47:08.449] [warning] Couldn't find file 'index_medial_lvs.vtp'.
[2022-11-14 13:47:08.449] [warning] Couldn't find file 'index_distal_lvs.vtp'.
[2022-11-14 13:47:08.449] [warning] Couldn't find file 'metacarpal3_lvs.vtp'.
[2022-11-14 13:47:08.449] [warning] Couldn't find file 'middle_proximal_lvs.vtp'.
[2022-11-14 13:47:08.449] [warning] Couldn't find file 'middle_medial_lvs.vtp'.
[2022-11-14 13:47:08.449] [warning] Couldn't find file 'middle_distal_lvs.vtp'.
[2022-11-14 13:47:08.449] [warning] Couldn't find file 'metacarpal4_lvs.vtp'.
[2022-11-14 13:47:08.449] [warning] Couldn't find file 'ring_proximal_lvs.vtp'.
[2022-11-14 13:47:08.449] [warning] Couldn't find file 'ring_medial_lvs.vtp'.
[2022-11-14 13:47:08.449] [warning] Couldn't find file 'ring_distal_lvs.vtp'.
[2022-11-14 13:47:08.449] [warning] Couldn't find file 'metacarpal5_lvs.vtp'.
[2022-11-14 13:47:08.449] [warning] Couldn't find file 'little_proximal_lvs.vtp'.
[2022-11-14 13:47:08.450] [warning] Couldn't find file 'little_medial_lvs.vtp'.
[2022-11-14 13:47:08.450] [warning] Couldn't find file 'little_distal_lvs.vtp'.
[2022-11-14 13:47:08.450] [warning] Couldn't find file 'metacarpal1_lvs.vtp'.
[2022-11-14 13:47:08.450] [warning] Couldn't find file 'thumb_proximal_lvs.vtp'.
[2022-11-14 13:47:08.450] [warning] Couldn't find file 'thumb_distal_lvs.vtp'.
[2022-11-14 13:47:44.999] [info] Loaded model subject1_withMTJ_locked_scaled_custom from file C:\Users\u0150099\Documents\master_thesis\3dpredictsim\OpenSimModel\subject1\Fal_s1_mtjc4_FK_sc_FDB2_MTc5_cspx10_oy3.osim
[2022-11-14 13:47:44.999] [warning] Couldn't find file 'sacrum.vtp'.
[2022-11-14 13:47:44.999] [warning] Couldn't find file 'pelvis.vtp'.
[2022-11-14 13:47:44.999] [warning] Couldn't find file 'l_pelvis.vtp'.
[2022-11-14 13:47:44.999] [warning] Couldn't find file 'femur_r.vtp'.
[2022-11-14 13:47:45.000] [warning] Couldn't find file 'tibia_r.vtp'.
[2022-11-14 13:47:45.000] [warning] Couldn't find file 'fibula_r.vtp'.
[2022-11-14 13:47:45.000] [warning] Couldn't find file 'talus_rv.vtp'.
[2022-11-14 13:47:45.000] [warning] Couldn't find file 'calcaneous_rv.vtp'.
[2022-11-14 13:47:45.000] [warning] Couldn't find file 'model_r_midfoot.stl'.
[2022-11-14 13:47:45.000] [warning] Couldn't find file 'model_r_forefoot.stl'.
[2022-11-14 13:47:45.000] [warning] Couldn't find file 'model_r_toes.stl'.
[2022-11-14 13:47:45.000] [warning] Couldn't find file 'femur_l.vtp'.
[2022-11-14 13:47:45.000] [warning] Couldn't find file 'tibia_l.vtp'.
[2022-11-14 13:47:45.000] [warning] Couldn't find file 'fibula_l.vtp'.
[2022-11-14 13:47:45.000] [warning] Couldn't find file 'talus_lv.vtp'.
[2022-11-14 13:47:45.000] [warning] Couldn't find file 'calcaneous_lv.vtp'.
[2022-11-14 13:47:45.000] [warning] Couldn't find file 'model_l_midfoot.stl'.
[2022-11-14 13:47:45.000] [warning] Couldn't find file 'model_l_forefoot.stl'.
[2022-11-14 13:47:45.000] [warning] Couldn't find file 'model_l_toes.stl'.
[2022-11-14 13:47:45.000] [warning] Couldn't find file 'hat_spine.vtp'.
[2022-11-14 13:47:45.001] [warning] Couldn't find file 'hat_jaw.vtp'.
[2022-11-14 13:47:45.001] [warning] Couldn't find file 'hat_skull.vtp'.
[2022-11-14 13:47:45.001] [warning] Couldn't find file 'hat_ribs_scap.vtp'.
[2022-11-14 13:47:45.001] [warning] Couldn't find file 'humerus_rv.vtp'.
[2022-11-14 13:47:45.001] [warning] Couldn't find file 'ulna_rv.vtp'.
[2022-11-14 13:47:45.001] [warning] Couldn't find file 'radius_rv.vtp'.
[2022-11-14 13:47:45.001] [warning] Couldn't find file 'pisiform_rvs.vtp'.
[2022-11-14 13:47:45.001] [warning] Couldn't find file 'lunate_rvs.vtp'.
[2022-11-14 13:47:45.001] [warning] Couldn't find file 'scaphoid_rvs.vtp'.
[2022-11-14 13:47:45.001] [warning] Couldn't find file 'triquetrum_rvs.vtp'.
[2022-11-14 13:47:45.001] [warning] Couldn't find file 'hamate_rvs.vtp'.
[2022-11-14 13:47:45.001] [warning] Couldn't find file 'capitate_rvs.vtp'.
[2022-11-14 13:47:45.001] [warning] Couldn't find file 'trapezoid_rvs.vtp'.
[2022-11-14 13:47:45.001] [warning] Couldn't find file 'trapezium_rvs.vtp'.
[2022-11-14 13:47:45.001] [warning] Couldn't find file 'metacarpal2_rvs.vtp'.
[2022-11-14 13:47:45.001] [warning] Couldn't find file 'index_proximal_rvs.vtp'.
[2022-11-14 13:47:45.002] [warning] Couldn't find file 'index_medial_rvs.vtp'.
[2022-11-14 13:47:45.002] [warning] Couldn't find file 'index_distal_rvs.vtp'.
[2022-11-14 13:47:45.002] [warning] Couldn't find file 'metacarpal3_rvs.vtp'.
[2022-11-14 13:47:45.002] [warning] Couldn't find file 'middle_proximal_rvs.vtp'.
[2022-11-14 13:47:45.002] [warning] Couldn't find file 'middle_medial_rvs.vtp'.
[2022-11-14 13:47:45.002] [warning] Couldn't find file 'middle_distal_rvs.vtp'.
[2022-11-14 13:47:45.002] [warning] Couldn't find file 'metacarpal4_rvs.vtp'.
[2022-11-14 13:47:45.002] [warning] Couldn't find file 'ring_proximal_rvs.vtp'.
[2022-11-14 13:47:45.002] [warning] Couldn't find file 'ring_medial_rvs.vtp'.
[2022-11-14 13:47:45.002] [warning] Couldn't find file 'ring_distal_rvs.vtp'.
[2022-11-14 13:47:45.002] [warning] Couldn't find file 'metacarpal5_rvs.vtp'.
[2022-11-14 13:47:45.002] [warning] Couldn't find file 'little_proximal_rvs.vtp'.
[2022-11-14 13:47:45.002] [warning] Couldn't find file 'little_medial_rvs.vtp'.
[2022-11-14 13:47:45.002] [warning] Couldn't find file 'little_distal_rvs.vtp'.
[2022-11-14 13:47:45.002] [warning] Couldn't find file 'metacarpal1_rvs.vtp'.
[2022-11-14 13:47:45.002] [warning] Couldn't find file 'thumb_proximal_rvs.vtp'.
[2022-11-14 13:47:45.002] [warning] Couldn't find file 'thumb_distal_rvs.vtp'.
[2022-11-14 13:47:45.003] [warning] Couldn't find file 'humerus_lv.vtp'.
[2022-11-14 13:47:45.003] [warning] Couldn't find file 'ulna_lv.vtp'.
[2022-11-14 13:47:45.003] [warning] Couldn't find file 'radius_lv.vtp'.
[2022-11-14 13:47:45.003] [warning] Couldn't find file 'pisiform_lvs.vtp'.
[2022-11-14 13:47:45.003] [warning] Couldn't find file 'lunate_lvs.vtp'.
[2022-11-14 13:47:45.003] [warning] Couldn't find file 'scaphoid_lvs.vtp'.
[2022-11-14 13:47:45.003] [warning] Couldn't find file 'triquetrum_lvs.vtp'.
[2022-11-14 13:47:45.003] [warning] Couldn't find file 'hamate_lvs.vtp'.
[2022-11-14 13:47:45.003] [warning] Couldn't find file 'capitate_lvs.vtp'.
[2022-11-14 13:47:45.003] [warning] Couldn't find file 'trapezoid_lvs.vtp'.
[2022-11-14 13:47:45.003] [warning] Couldn't find file 'trapezium_lvs.vtp'.
[2022-11-14 13:47:45.003] [warning] Couldn't find file 'metacarpal2_lvs.vtp'.
[2022-11-14 13:47:45.003] [warning] Couldn't find file 'index_proximal_lvs.vtp'.
[2022-11-14 13:47:45.003] [warning] Couldn't find file 'index_medial_lvs.vtp'.
[2022-11-14 13:47:45.003] [warning] Couldn't find file 'index_distal_lvs.vtp'.
[2022-11-14 13:47:45.003] [warning] Couldn't find file 'metacarpal3_lvs.vtp'.
[2022-11-14 13:47:45.003] [warning] Couldn't find file 'middle_proximal_lvs.vtp'.
[2022-11-14 13:47:45.003] [warning] Couldn't find file 'middle_medial_lvs.vtp'.
[2022-11-14 13:47:45.004] [warning] Couldn't find file 'middle_distal_lvs.vtp'.
[2022-11-14 13:47:45.004] [warning] Couldn't find file 'metacarpal4_lvs.vtp'.
[2022-11-14 13:47:45.004] [warning] Couldn't find file 'ring_proximal_lvs.vtp'.
[2022-11-14 13:47:45.004] [warning] Couldn't find file 'ring_medial_lvs.vtp'.
[2022-11-14 13:47:45.004] [warning] Couldn't find file 'ring_distal_lvs.vtp'.
[2022-11-14 13:47:45.004] [warning] Couldn't find file 'metacarpal5_lvs.vtp'.
[2022-11-14 13:47:45.004] [warning] Couldn't find file 'little_proximal_lvs.vtp'.
[2022-11-14 13:47:45.004] [warning] Couldn't find file 'little_medial_lvs.vtp'.
[2022-11-14 13:47:45.004] [warning] Couldn't find file 'little_distal_lvs.vtp'.
[2022-11-14 13:47:45.004] [warning] Couldn't find file 'metacarpal1_lvs.vtp'.
[2022-11-14 13:47:45.004] [warning] Couldn't find file 'thumb_proximal_lvs.vtp'.
[2022-11-14 13:47:45.004] [warning] Couldn't find file 'thumb_distal_lvs.vtp'.
[2022-11-14 13:48:56.538] [info] Loaded model subject1_withMTJ_locked_scaled_custom from file C:\Users\u0150099\Documents\master_thesis\3dpredictsim\OpenSimModel\subject1\Fal_s1_mtjc4_FK_sc_FDB2_MTc5_cspx10_oy3.osim
[2022-11-14 13:48:56.538] [warning] Couldn't find file 'sacrum.vtp'.
[2022-11-14 13:48:56.538] [warning] Couldn't find file 'pelvis.vtp'.
[2022-11-14 13:48:56.538] [warning] Couldn't find file 'l_pelvis.vtp'.
[2022-11-14 13:48:56.538] [warning] Couldn't find file 'femur_r.vtp'.
[2022-11-14 13:48:56.538] [warning] Couldn't find file 'tibia_r.vtp'.
[2022-11-14 13:48:56.538] [warning] Couldn't find file 'fibula_r.vtp'.
[2022-11-14 13:48:56.539] [warning] Couldn't find file 'talus_rv.vtp'.
[2022-11-14 13:48:56.539] [warning] Couldn't find file 'calcaneous_rv.vtp'.
[2022-11-14 13:48:56.539] [warning] Couldn't find file 'model_r_midfoot.stl'.
[2022-11-14 13:48:56.539] [warning] Couldn't find file 'model_r_forefoot.stl'.
[2022-11-14 13:48:56.539] [warning] Couldn't find file 'model_r_toes.stl'.
[2022-11-14 13:48:56.539] [warning] Couldn't find file 'femur_l.vtp'.
[2022-11-14 13:48:56.539] [warning] Couldn't find file 'tibia_l.vtp'.
[2022-11-14 13:48:56.539] [warning] Couldn't find file 'fibula_l.vtp'.
[2022-11-14 13:48:56.539] [warning] Couldn't find file 'talus_lv.vtp'.
[2022-11-14 13:48:56.539] [warning] Couldn't find file 'calcaneous_lv.vtp'.
[2022-11-14 13:48:56.539] [warning] Couldn't find file 'model_l_midfoot.stl'.
[2022-11-14 13:48:56.539] [warning] Couldn't find file 'model_l_forefoot.stl'.
[2022-11-14 13:48:56.539] [warning] Couldn't find file 'model_l_toes.stl'.
[2022-11-14 13:48:56.539] [warning] Couldn't find file 'hat_spine.vtp'.
[2022-11-14 13:48:56.539] [warning] Couldn't find file 'hat_jaw.vtp'.
[2022-11-14 13:48:56.539] [warning] Couldn't find file 'hat_skull.vtp'.
[2022-11-14 13:48:56.540] [warning] Couldn't find file 'hat_ribs_scap.vtp'.
[2022-11-14 13:48:56.540] [warning] Couldn't find file 'humerus_rv.vtp'.
[2022-11-14 13:48:56.540] [warning] Couldn't find file 'ulna_rv.vtp'.
[2022-11-14 13:48:56.540] [warning] Couldn't find file 'radius_rv.vtp'.
[2022-11-14 13:48:56.540] [warning] Couldn't find file 'pisiform_rvs.vtp'.
[2022-11-14 13:48:56.540] [warning] Couldn't find file 'lunate_rvs.vtp'.
[2022-11-14 13:48:56.540] [warning] Couldn't find file 'scaphoid_rvs.vtp'.
[2022-11-14 13:48:56.540] [warning] Couldn't find file 'triquetrum_rvs.vtp'.
[2022-11-14 13:48:56.540] [warning] Couldn't find file 'hamate_rvs.vtp'.
[2022-11-14 13:48:56.540] [warning] Couldn't find file 'capitate_rvs.vtp'.
[2022-11-14 13:48:56.540] [warning] Couldn't find file 'trapezoid_rvs.vtp'.
[2022-11-14 13:48:56.540] [warning] Couldn't find file 'trapezium_rvs.vtp'.
[2022-11-14 13:48:56.540] [warning] Couldn't find file 'metacarpal2_rvs.vtp'.
[2022-11-14 13:48:56.540] [warning] Couldn't find file 'index_proximal_rvs.vtp'.
[2022-11-14 13:48:56.540] [warning] Couldn't find file 'index_medial_rvs.vtp'.
[2022-11-14 13:48:56.540] [warning] Couldn't find file 'index_distal_rvs.vtp'.
[2022-11-14 13:48:56.540] [warning] Couldn't find file 'metacarpal3_rvs.vtp'.
[2022-11-14 13:48:56.540] [warning] Couldn't find file 'middle_proximal_rvs.vtp'.
[2022-11-14 13:48:56.541] [warning] Couldn't find file 'middle_medial_rvs.vtp'.
[2022-11-14 13:48:56.541] [warning] Couldn't find file 'middle_distal_rvs.vtp'.
[2022-11-14 13:48:56.541] [warning] Couldn't find file 'metacarpal4_rvs.vtp'.
[2022-11-14 13:48:56.541] [warning] Couldn't find file 'ring_proximal_rvs.vtp'.
[2022-11-14 13:48:56.541] [warning] Couldn't find file 'ring_medial_rvs.vtp'.
[2022-11-14 13:48:56.541] [warning] Couldn't find file 'ring_distal_rvs.vtp'.
[2022-11-14 13:48:56.541] [warning] Couldn't find file 'metacarpal5_rvs.vtp'.
[2022-11-14 13:48:56.541] [warning] Couldn't find file 'little_proximal_rvs.vtp'.
[2022-11-14 13:48:56.541] [warning] Couldn't find file 'little_medial_rvs.vtp'.
[2022-11-14 13:48:56.541] [warning] Couldn't find file 'little_distal_rvs.vtp'.
[2022-11-14 13:48:56.541] [warning] Couldn't find file 'metacarpal1_rvs.vtp'.
[2022-11-14 13:48:56.541] [warning] Couldn't find file 'thumb_proximal_rvs.vtp'.
[2022-11-14 13:48:56.541] [warning] Couldn't find file 'thumb_distal_rvs.vtp'.
[2022-11-14 13:48:56.541] [warning] Couldn't find file 'humerus_lv.vtp'.
[2022-11-14 13:48:56.541] [warning] Couldn't find file 'ulna_lv.vtp'.
[2022-11-14 13:48:56.541] [warning] Couldn't find file 'radius_lv.vtp'.
[2022-11-14 13:48:56.541] [warning] Couldn't find file 'pisiform_lvs.vtp'.
[2022-11-14 13:48:56.541] [warning] Couldn't find file 'lunate_lvs.vtp'.
[2022-11-14 13:48:56.542] [warning] Couldn't find file 'scaphoid_lvs.vtp'.
[2022-11-14 13:48:56.542] [warning] Couldn't find file 'triquetrum_lvs.vtp'.
[2022-11-14 13:48:56.542] [warning] Couldn't find file 'hamate_lvs.vtp'.
[2022-11-14 13:48:56.542] [warning] Couldn't find file 'capitate_lvs.vtp'.
[2022-11-14 13:48:56.542] [warning] Couldn't find file 'trapezoid_lvs.vtp'.
[2022-11-14 13:48:56.542] [warning] Couldn't find file 'trapezium_lvs.vtp'.
[2022-11-14 13:48:56.542] [warning] Couldn't find file 'metacarpal2_lvs.vtp'.
[2022-11-14 13:48:56.542] [warning] Couldn't find file 'index_proximal_lvs.vtp'.
[2022-11-14 13:48:56.542] [warning] Couldn't find file 'index_medial_lvs.vtp'.
[2022-11-14 13:48:56.542] [warning] Couldn't find file 'index_distal_lvs.vtp'.
[2022-11-14 13:48:56.542] [warning] Couldn't find file 'metacarpal3_lvs.vtp'.
[2022-11-14 13:48:56.542] [warning] Couldn't find file 'middle_proximal_lvs.vtp'.
[2022-11-14 13:48:56.542] [warning] Couldn't find file 'middle_medial_lvs.vtp'.
[2022-11-14 13:48:56.542] [warning] Couldn't find file 'middle_distal_lvs.vtp'.
[2022-11-14 13:48:56.542] [warning] Couldn't find file 'metacarpal4_lvs.vtp'.
[2022-11-14 13:48:56.542] [warning] Couldn't find file 'ring_proximal_lvs.vtp'.
[2022-11-14 13:48:56.542] [warning] Couldn't find file 'ring_medial_lvs.vtp'.
[2022-11-14 13:48:56.542] [warning] Couldn't find file 'ring_distal_lvs.vtp'.
[2022-11-14 13:48:56.542] [warning] Couldn't find file 'metacarpal5_lvs.vtp'.
[2022-11-14 13:48:56.543] [warning] Couldn't find file 'little_proximal_lvs.vtp'.
[2022-11-14 13:48:56.543] [warning] Couldn't find file 'little_medial_lvs.vtp'.
[2022-11-14 13:48:56.543] [warning] Couldn't find file 'little_distal_lvs.vtp'.
[2022-11-14 13:48:56.543] [warning] Couldn't find file 'metacarpal1_lvs.vtp'.
[2022-11-14 13:48:56.543] [warning] Couldn't find file 'thumb_proximal_lvs.vtp'.
[2022-11-14 13:48:56.543] [warning] Couldn't find file 'thumb_distal_lvs.vtp'.
[2022-11-14 13:50:14.248] [info] Loaded model subject1_withMTJ_locked_scaled_custom from file C:\Users\u0150099\Documents\master_thesis\3dpredictsim\OpenSimModel\subject1\Fal_s1_mtjc4_FK_sc_FDB2_MTc5_cspx10_oy3.osim
[2022-11-14 13:50:14.249] [warning] Couldn't find file 'sacrum.vtp'.
[2022-11-14 13:50:14.249] [warning] Couldn't find file 'pelvis.vtp'.
[2022-11-14 13:50:14.249] [warning] Couldn't find file 'l_pelvis.vtp'.
[2022-11-14 13:50:14.249] [warning] Couldn't find file 'femur_r.vtp'.
[2022-11-14 13:50:14.249] [warning] Couldn't find file 'tibia_r.vtp'.
[2022-11-14 13:50:14.249] [warning] Couldn't find file 'fibula_r.vtp'.
[2022-11-14 13:50:14.249] [warning] Couldn't find file 'talus_rv.vtp'.
[2022-11-14 13:50:14.250] [warning] Couldn't find file 'calcaneous_rv.vtp'.
[2022-11-14 13:50:14.250] [warning] Couldn't find file 'model_r_midfoot.stl'.
[2022-11-14 13:50:14.250] [warning] Couldn't find file 'model_r_forefoot.stl'.
[2022-11-14 13:50:14.250] [warning] Couldn't find file 'model_r_toes.stl'.
[2022-11-14 13:50:14.250] [warning] Couldn't find file 'femur_l.vtp'.
[2022-11-14 13:50:14.250] [warning] Couldn't find file 'tibia_l.vtp'.
[2022-11-14 13:50:14.250] [warning] Couldn't find file 'fibula_l.vtp'.
[2022-11-14 13:50:14.250] [warning] Couldn't find file 'talus_lv.vtp'.
[2022-11-14 13:50:14.250] [warning] Couldn't find file 'calcaneous_lv.vtp'.
[2022-11-14 13:50:14.250] [warning] Couldn't find file 'model_l_midfoot.stl'.
[2022-11-14 13:50:14.250] [warning] Couldn't find file 'model_l_forefoot.stl'.
[2022-11-14 13:50:14.250] [warning] Couldn't find file 'model_l_toes.stl'.
[2022-11-14 13:50:14.250] [warning] Couldn't find file 'hat_spine.vtp'.
[2022-11-14 13:50:14.250] [warning] Couldn't find file 'hat_jaw.vtp'.
[2022-11-14 13:50:14.250] [warning] Couldn't find file 'hat_skull.vtp'.
[2022-11-14 13:50:14.250] [warning] Couldn't find file 'hat_ribs_scap.vtp'.
[2022-11-14 13:50:14.251] [warning] Couldn't find file 'humerus_rv.vtp'.
[2022-11-14 13:50:14.251] [warning] Couldn't find file 'ulna_rv.vtp'.
[2022-11-14 13:50:14.251] [warning] Couldn't find file 'radius_rv.vtp'.
[2022-11-14 13:50:14.251] [warning] Couldn't find file 'pisiform_rvs.vtp'.
[2022-11-14 13:50:14.251] [warning] Couldn't find file 'lunate_rvs.vtp'.
[2022-11-14 13:50:14.251] [warning] Couldn't find file 'scaphoid_rvs.vtp'.
[2022-11-14 13:50:14.251] [warning] Couldn't find file 'triquetrum_rvs.vtp'.
[2022-11-14 13:50:14.251] [warning] Couldn't find file 'hamate_rvs.vtp'.
[2022-11-14 13:50:14.251] [warning] Couldn't find file 'capitate_rvs.vtp'.
[2022-11-14 13:50:14.251] [warning] Couldn't find file 'trapezoid_rvs.vtp'.
[2022-11-14 13:50:14.251] [warning] Couldn't find file 'trapezium_rvs.vtp'.
[2022-11-14 13:50:14.251] [warning] Couldn't find file 'metacarpal2_rvs.vtp'.
[2022-11-14 13:50:14.251] [warning] Couldn't find file 'index_proximal_rvs.vtp'.
[2022-11-14 13:50:14.251] [warning] Couldn't find file 'index_medial_rvs.vtp'.
[2022-11-14 13:50:14.251] [warning] Couldn't find file 'index_distal_rvs.vtp'.
[2022-11-14 13:50:14.251] [warning] Couldn't find file 'metacarpal3_rvs.vtp'.
[2022-11-14 13:50:14.251] [warning] Couldn't find file 'middle_proximal_rvs.vtp'.
[2022-11-14 13:50:14.251] [warning] Couldn't find file 'middle_medial_rvs.vtp'.
[2022-11-14 13:50:14.252] [warning] Couldn't find file 'middle_distal_rvs.vtp'.
[2022-11-14 13:50:14.252] [warning] Couldn't find file 'metacarpal4_rvs.vtp'.
[2022-11-14 13:50:14.252] [warning] Couldn't find file 'ring_proximal_rvs.vtp'.
[2022-11-14 13:50:14.252] [warning] Couldn't find file 'ring_medial_rvs.vtp'.
[2022-11-14 13:50:14.252] [warning] Couldn't find file 'ring_distal_rvs.vtp'.
[2022-11-14 13:50:14.252] [warning] Couldn't find file 'metacarpal5_rvs.vtp'.
[2022-11-14 13:50:14.252] [warning] Couldn't find file 'little_proximal_rvs.vtp'.
[2022-11-14 13:50:14.252] [warning] Couldn't find file 'little_medial_rvs.vtp'.
[2022-11-14 13:50:14.252] [warning] Couldn't find file 'little_distal_rvs.vtp'.
[2022-11-14 13:50:14.252] [warning] Couldn't find file 'metacarpal1_rvs.vtp'.
[2022-11-14 13:50:14.252] [warning] Couldn't find file 'thumb_proximal_rvs.vtp'.
[2022-11-14 13:50:14.252] [warning] Couldn't find file 'thumb_distal_rvs.vtp'.
[2022-11-14 13:50:14.252] [warning] Couldn't find file 'humerus_lv.vtp'.
[2022-11-14 13:50:14.252] [warning] Couldn't find file 'ulna_lv.vtp'.
[2022-11-14 13:50:14.252] [warning] Couldn't find file 'radius_lv.vtp'.
[2022-11-14 13:50:14.252] [warning] Couldn't find file 'pisiform_lvs.vtp'.
[2022-11-14 13:50:14.252] [warning] Couldn't find file 'lunate_lvs.vtp'.
[2022-11-14 13:50:14.253] [warning] Couldn't find file 'scaphoid_lvs.vtp'.
[2022-11-14 13:50:14.253] [warning] Couldn't find file 'triquetrum_lvs.vtp'.
[2022-11-14 13:50:14.253] [warning] Couldn't find file 'hamate_lvs.vtp'.
[2022-11-14 13:50:14.253] [warning] Couldn't find file 'capitate_lvs.vtp'.
[2022-11-14 13:50:14.253] [warning] Couldn't find file 'trapezoid_lvs.vtp'.
[2022-11-14 13:50:14.253] [warning] Couldn't find file 'trapezium_lvs.vtp'.
[2022-11-14 13:50:14.253] [warning] Couldn't find file 'metacarpal2_lvs.vtp'.
[2022-11-14 13:50:14.253] [warning] Couldn't find file 'index_proximal_lvs.vtp'.
[2022-11-14 13:50:14.253] [warning] Couldn't find file 'index_medial_lvs.vtp'.
[2022-11-14 13:50:14.253] [warning] Couldn't find file 'index_distal_lvs.vtp'.
[2022-11-14 13:50:14.253] [warning] Couldn't find file 'metacarpal3_lvs.vtp'.
[2022-11-14 13:50:14.253] [warning] Couldn't find file 'middle_proximal_lvs.vtp'.
[2022-11-14 13:50:14.253] [warning] Couldn't find file 'middle_medial_lvs.vtp'.
[2022-11-14 13:50:14.253] [warning] Couldn't find file 'middle_distal_lvs.vtp'.
[2022-11-14 13:50:14.253] [warning] Couldn't find file 'metacarpal4_lvs.vtp'.
[2022-11-14 13:50:14.253] [warning] Couldn't find file 'ring_proximal_lvs.vtp'.
[2022-11-14 13:50:14.253] [warning] Couldn't find file 'ring_medial_lvs.vtp'.
[2022-11-14 13:50:14.253] [warning] Couldn't find file 'ring_distal_lvs.vtp'.
[2022-11-14 13:50:14.253] [warning] Couldn't find file 'metacarpal5_lvs.vtp'.
[2022-11-14 13:50:14.254] [warning] Couldn't find file 'little_proximal_lvs.vtp'.
[2022-11-14 13:50:14.254] [warning] Couldn't find file 'little_medial_lvs.vtp'.
[2022-11-14 13:50:14.254] [warning] Couldn't find file 'little_distal_lvs.vtp'.
[2022-11-14 13:50:14.254] [warning] Couldn't find file 'metacarpal1_lvs.vtp'.
[2022-11-14 13:50:14.254] [warning] Couldn't find file 'thumb_proximal_lvs.vtp'.
[2022-11-14 13:50:14.254] [warning] Couldn't find file 'thumb_distal_lvs.vtp'.
[2022-11-14 13:50:40.126] [info] Loaded model subject1_withMTJ_locked_scaled_custom from file C:\Users\u0150099\Documents\master_thesis\3dpredictsim\OpenSimModel\subject1\Fal_s1_mtjc4_FK_sc_FDB2_MTc5_cspx10_oy3.osim
[2022-11-14 13:50:40.126] [warning] Couldn't find file 'sacrum.vtp'.
[2022-11-14 13:50:40.126] [warning] Couldn't find file 'pelvis.vtp'.
[2022-11-14 13:50:40.126] [warning] Couldn't find file 'l_pelvis.vtp'.
[2022-11-14 13:50:40.126] [warning] Couldn't find file 'femur_r.vtp'.
[2022-11-14 13:50:40.126] [warning] Couldn't find file 'tibia_r.vtp'.
[2022-11-14 13:50:40.126] [warning] Couldn't find file 'fibula_r.vtp'.
[2022-11-14 13:50:40.126] [warning] Couldn't find file 'talus_rv.vtp'.
[2022-11-14 13:50:40.127] [warning] Couldn't find file 'calcaneous_rv.vtp'.
[2022-11-14 13:50:40.127] [warning] Couldn't find file 'model_r_midfoot.stl'.
[2022-11-14 13:50:40.127] [warning] Couldn't find file 'model_r_forefoot.stl'.
[2022-11-14 13:50:40.127] [warning] Couldn't find file 'model_r_toes.stl'.
[2022-11-14 13:50:40.127] [warning] Couldn't find file 'femur_l.vtp'.
[2022-11-14 13:50:40.127] [warning] Couldn't find file 'tibia_l.vtp'.
[2022-11-14 13:50:40.127] [warning] Couldn't find file 'fibula_l.vtp'.
[2022-11-14 13:50:40.127] [warning] Couldn't find file 'talus_lv.vtp'.
[2022-11-14 13:50:40.127] [warning] Couldn't find file 'calcaneous_lv.vtp'.
[2022-11-14 13:50:40.127] [warning] Couldn't find file 'model_l_midfoot.stl'.
[2022-11-14 13:50:40.127] [warning] Couldn't find file 'model_l_forefoot.stl'.
[2022-11-14 13:50:40.127] [warning] Couldn't find file 'model_l_toes.stl'.
[2022-11-14 13:50:40.127] [warning] Couldn't find file 'hat_spine.vtp'.
[2022-11-14 13:50:40.127] [warning] Couldn't find file 'hat_jaw.vtp'.
[2022-11-14 13:50:40.127] [warning] Couldn't find file 'hat_skull.vtp'.
[2022-11-14 13:50:40.127] [warning] Couldn't find file 'hat_ribs_scap.vtp'.
[2022-11-14 13:50:40.127] [warning] Couldn't find file 'humerus_rv.vtp'.
[2022-11-14 13:50:40.128] [warning] Couldn't find file 'ulna_rv.vtp'.
[2022-11-14 13:50:40.128] [warning] Couldn't find file 'radius_rv.vtp'.
[2022-11-14 13:50:40.128] [warning] Couldn't find file 'pisiform_rvs.vtp'.
[2022-11-14 13:50:40.128] [warning] Couldn't find file 'lunate_rvs.vtp'.
[2022-11-14 13:50:40.128] [warning] Couldn't find file 'scaphoid_rvs.vtp'.
[2022-11-14 13:50:40.128] [warning] Couldn't find file 'triquetrum_rvs.vtp'.
[2022-11-14 13:50:40.128] [warning] Couldn't find file 'hamate_rvs.vtp'.
[2022-11-14 13:50:40.128] [warning] Couldn't find file 'capitate_rvs.vtp'.
[2022-11-14 13:50:40.128] [warning] Couldn't find file 'trapezoid_rvs.vtp'.
[2022-11-14 13:50:40.128] [warning] Couldn't find file 'trapezium_rvs.vtp'.
[2022-11-14 13:50:40.128] [warning] Couldn't find file 'metacarpal2_rvs.vtp'.
[2022-11-14 13:50:40.128] [warning] Couldn't find file 'index_proximal_rvs.vtp'.
[2022-11-14 13:50:40.128] [warning] Couldn't find file 'index_medial_rvs.vtp'.
[2022-11-14 13:50:40.128] [warning] Couldn't find file 'index_distal_rvs.vtp'.
[2022-11-14 13:50:40.128] [warning] Couldn't find file 'metacarpal3_rvs.vtp'.
[2022-11-14 13:50:40.128] [warning] Couldn't find file 'middle_proximal_rvs.vtp'.
[2022-11-14 13:50:40.128] [warning] Couldn't find file 'middle_medial_rvs.vtp'.
[2022-11-14 13:50:40.129] [warning] Couldn't find file 'middle_distal_rvs.vtp'.
[2022-11-14 13:50:40.129] [warning] Couldn't find file 'metacarpal4_rvs.vtp'.
[2022-11-14 13:50:40.129] [warning] Couldn't find file 'ring_proximal_rvs.vtp'.
[2022-11-14 13:50:40.129] [warning] Couldn't find file 'ring_medial_rvs.vtp'.
[2022-11-14 13:50:40.129] [warning] Couldn't find file 'ring_distal_rvs.vtp'.
[2022-11-14 13:50:40.129] [warning] Couldn't find file 'metacarpal5_rvs.vtp'.
[2022-11-14 13:50:40.129] [warning] Couldn't find file 'little_proximal_rvs.vtp'.
[2022-11-14 13:50:40.129] [warning] Couldn't find file 'little_medial_rvs.vtp'.
[2022-11-14 13:50:40.129] [warning] Couldn't find file 'little_distal_rvs.vtp'.
[2022-11-14 13:50:40.129] [warning] Couldn't find file 'metacarpal1_rvs.vtp'.
[2022-11-14 13:50:40.129] [warning] Couldn't find file 'thumb_proximal_rvs.vtp'.
[2022-11-14 13:50:40.129] [warning] Couldn't find file 'thumb_distal_rvs.vtp'.
[2022-11-14 13:50:40.129] [warning] Couldn't find file 'humerus_lv.vtp'.
[2022-11-14 13:50:40.129] [warning] Couldn't find file 'ulna_lv.vtp'.
[2022-11-14 13:50:40.129] [warning] Couldn't find file 'radius_lv.vtp'.
[2022-11-14 13:50:40.129] [warning] Couldn't find file 'pisiform_lvs.vtp'.
[2022-11-14 13:50:40.129] [warning] Couldn't find file 'lunate_lvs.vtp'.
[2022-11-14 13:50:40.129] [warning] Couldn't find file 'scaphoid_lvs.vtp'.
[2022-11-14 13:50:40.130] [warning] Couldn't find file 'triquetrum_lvs.vtp'.
[2022-11-14 13:50:40.130] [warning] Couldn't find file 'hamate_lvs.vtp'.
[2022-11-14 13:50:40.130] [warning] Couldn't find file 'capitate_lvs.vtp'.
[2022-11-14 13:50:40.130] [warning] Couldn't find file 'trapezoid_lvs.vtp'.
[2022-11-14 13:50:40.130] [warning] Couldn't find file 'trapezium_lvs.vtp'.
[2022-11-14 13:50:40.130] [warning] Couldn't find file 'metacarpal2_lvs.vtp'.
[2022-11-14 13:50:40.130] [warning] Couldn't find file 'index_proximal_lvs.vtp'.
[2022-11-14 13:50:40.130] [warning] Couldn't find file 'index_medial_lvs.vtp'.
[2022-11-14 13:50:40.130] [warning] Couldn't find file 'index_distal_lvs.vtp'.
[2022-11-14 13:50:40.130] [warning] Couldn't find file 'metacarpal3_lvs.vtp'.
[2022-11-14 13:50:40.130] [warning] Couldn't find file 'middle_proximal_lvs.vtp'.
[2022-11-14 13:50:40.130] [warning] Couldn't find file 'middle_medial_lvs.vtp'.
[2022-11-14 13:50:40.130] [warning] Couldn't find file 'middle_distal_lvs.vtp'.
[2022-11-14 13:50:40.130] [warning] Couldn't find file 'metacarpal4_lvs.vtp'.
[2022-11-14 13:50:40.130] [warning] Couldn't find file 'ring_proximal_lvs.vtp'.
[2022-11-14 13:50:40.130] [warning] Couldn't find file 'ring_medial_lvs.vtp'.
[2022-11-14 13:50:40.130] [warning] Couldn't find file 'ring_distal_lvs.vtp'.
[2022-11-14 13:50:40.130] [warning] Couldn't find file 'metacarpal5_lvs.vtp'.
[2022-11-14 13:50:40.131] [warning] Couldn't find file 'little_proximal_lvs.vtp'.
[2022-11-14 13:50:40.131] [warning] Couldn't find file 'little_medial_lvs.vtp'.
[2022-11-14 13:50:40.131] [warning] Couldn't find file 'little_distal_lvs.vtp'.
[2022-11-14 13:50:40.131] [warning] Couldn't find file 'metacarpal1_lvs.vtp'.
[2022-11-14 13:50:40.131] [warning] Couldn't find file 'thumb_proximal_lvs.vtp'.
[2022-11-14 13:50:40.131] [warning] Couldn't find file 'thumb_distal_lvs.vtp'.
[2022-11-14 13:50:56.167] [info] Loaded model subject1_withMTJ_locked_scaled_custom from file C:\Users\u0150099\Documents\master_thesis\3dpredictsim\OpenSimModel\subject1\Fal_s1_mtjc4_FK_sc_FDB2_MTc5_cspx10_oy3.osim
[2022-11-14 13:50:56.167] [warning] Couldn't find file 'sacrum.vtp'.
[2022-11-14 13:50:56.167] [warning] Couldn't find file 'pelvis.vtp'.
[2022-11-14 13:50:56.167] [warning] Couldn't find file 'l_pelvis.vtp'.
[2022-11-14 13:50:56.167] [warning] Couldn't find file 'femur_r.vtp'.
[2022-11-14 13:50:56.167] [warning] Couldn't find file 'tibia_r.vtp'.
[2022-11-14 13:50:56.167] [warning] Couldn't find file 'fibula_r.vtp'.
[2022-11-14 13:50:56.167] [warning] Couldn't find file 'talus_rv.vtp'.
[2022-11-14 13:50:56.167] [warning] Couldn't find file 'calcaneous_rv.vtp'.
[2022-11-14 13:50:56.167] [warning] Couldn't find file 'model_r_midfoot.stl'.
[2022-11-14 13:50:56.168] [warning] Couldn't find file 'model_r_forefoot.stl'.
[2022-11-14 13:50:56.168] [warning] Couldn't find file 'model_r_toes.stl'.
[2022-11-14 13:50:56.168] [warning] Couldn't find file 'femur_l.vtp'.
[2022-11-14 13:50:56.168] [warning] Couldn't find file 'tibia_l.vtp'.
[2022-11-14 13:50:56.168] [warning] Couldn't find file 'fibula_l.vtp'.
[2022-11-14 13:50:56.168] [warning] Couldn't find file 'talus_lv.vtp'.
[2022-11-14 13:50:56.168] [warning] Couldn't find file 'calcaneous_lv.vtp'.
[2022-11-14 13:50:56.168] [warning] Couldn't find file 'model_l_midfoot.stl'.
[2022-11-14 13:50:56.168] [warning] Couldn't find file 'model_l_forefoot.stl'.
[2022-11-14 13:50:56.168] [warning] Couldn't find file 'model_l_toes.stl'.
[2022-11-14 13:50:56.168] [warning] Couldn't find file 'hat_spine.vtp'.
[2022-11-14 13:50:56.168] [warning] Couldn't find file 'hat_jaw.vtp'.
[2022-11-14 13:50:56.168] [warning] Couldn't find file 'hat_skull.vtp'.
[2022-11-14 13:50:56.168] [warning] Couldn't find file 'hat_ribs_scap.vtp'.
[2022-11-14 13:50:56.168] [warning] Couldn't find file 'humerus_rv.vtp'.
[2022-11-14 13:50:56.168] [warning] Couldn't find file 'ulna_rv.vtp'.
[2022-11-14 13:50:56.168] [warning] Couldn't find file 'radius_rv.vtp'.
[2022-11-14 13:50:56.169] [warning] Couldn't find file 'pisiform_rvs.vtp'.
[2022-11-14 13:50:56.169] [warning] Couldn't find file 'lunate_rvs.vtp'.
[2022-11-14 13:50:56.169] [warning] Couldn't find file 'scaphoid_rvs.vtp'.
[2022-11-14 13:50:56.169] [warning] Couldn't find file 'triquetrum_rvs.vtp'.
[2022-11-14 13:50:56.169] [warning] Couldn't find file 'hamate_rvs.vtp'.
[2022-11-14 13:50:56.169] [warning] Couldn't find file 'capitate_rvs.vtp'.
[2022-11-14 13:50:56.169] [warning] Couldn't find file 'trapezoid_rvs.vtp'.
[2022-11-14 13:50:56.169] [warning] Couldn't find file 'trapezium_rvs.vtp'.
[2022-11-14 13:50:56.169] [warning] Couldn't find file 'metacarpal2_rvs.vtp'.
[2022-11-14 13:50:56.169] [warning] Couldn't find file 'index_proximal_rvs.vtp'.
[2022-11-14 13:50:56.169] [warning] Couldn't find file 'index_medial_rvs.vtp'.
[2022-11-14 13:50:56.169] [warning] Couldn't find file 'index_distal_rvs.vtp'.
[2022-11-14 13:50:56.169] [warning] Couldn't find file 'metacarpal3_rvs.vtp'.
[2022-11-14 13:50:56.169] [warning] Couldn't find file 'middle_proximal_rvs.vtp'.
[2022-11-14 13:50:56.169] [warning] Couldn't find file 'middle_medial_rvs.vtp'.
[2022-11-14 13:50:56.169] [warning] Couldn't find file 'middle_distal_rvs.vtp'.
[2022-11-14 13:50:56.169] [warning] Couldn't find file 'metacarpal4_rvs.vtp'.
[2022-11-14 13:50:56.169] [warning] Couldn't find file 'ring_proximal_rvs.vtp'.
[2022-11-14 13:50:56.169] [warning] Couldn't find file 'ring_medial_rvs.vtp'.
[2022-11-14 13:50:56.170] [warning] Couldn't find file 'ring_distal_rvs.vtp'.
[2022-11-14 13:50:56.170] [warning] Couldn't find file 'metacarpal5_rvs.vtp'.
[2022-11-14 13:50:56.170] [warning] Couldn't find file 'little_proximal_rvs.vtp'.
[2022-11-14 13:50:56.170] [warning] Couldn't find file 'little_medial_rvs.vtp'.
[2022-11-14 13:50:56.170] [warning] Couldn't find file 'little_distal_rvs.vtp'.
[2022-11-14 13:50:56.170] [warning] Couldn't find file 'metacarpal1_rvs.vtp'.
[2022-11-14 13:50:56.170] [warning] Couldn't find file 'thumb_proximal_rvs.vtp'.
[2022-11-14 13:50:56.170] [warning] Couldn't find file 'thumb_distal_rvs.vtp'.
[2022-11-14 13:50:56.170] [warning] Couldn't find file 'humerus_lv.vtp'.
[2022-11-14 13:50:56.170] [warning] Couldn't find file 'ulna_lv.vtp'.
[2022-11-14 13:50:56.170] [warning] Couldn't find file 'radius_lv.vtp'.
[2022-11-14 13:50:56.170] [warning] Couldn't find file 'pisiform_lvs.vtp'.
[2022-11-14 13:50:56.170] [warning] Couldn't find file 'lunate_lvs.vtp'.
[2022-11-14 13:50:56.170] [warning] Couldn't find file 'scaphoid_lvs.vtp'.
[2022-11-14 13:50:56.170] [warning] Couldn't find file 'triquetrum_lvs.vtp'.
[2022-11-14 13:50:56.170] [warning] Couldn't find file 'hamate_lvs.vtp'.
[2022-11-14 13:50:56.170] [warning] Couldn't find file 'capitate_lvs.vtp'.
[2022-11-14 13:50:56.171] [warning] Couldn't find file 'trapezoid_lvs.vtp'.
[2022-11-14 13:50:56.171] [warning] Couldn't find file 'trapezium_lvs.vtp'.
[2022-11-14 13:50:56.171] [warning] Couldn't find file 'metacarpal2_lvs.vtp'.
[2022-11-14 13:50:56.171] [warning] Couldn't find file 'index_proximal_lvs.vtp'.
[2022-11-14 13:50:56.171] [warning] Couldn't find file 'index_medial_lvs.vtp'.
[2022-11-14 13:50:56.171] [warning] Couldn't find file 'index_distal_lvs.vtp'.
[2022-11-14 13:50:56.171] [warning] Couldn't find file 'metacarpal3_lvs.vtp'.
[2022-11-14 13:50:56.171] [warning] Couldn't find file 'middle_proximal_lvs.vtp'.
[2022-11-14 13:50:56.171] [warning] Couldn't find file 'middle_medial_lvs.vtp'.
[2022-11-14 13:50:56.171] [warning] Couldn't find file 'middle_distal_lvs.vtp'.
[2022-11-14 13:50:56.171] [warning] Couldn't find file 'metacarpal4_lvs.vtp'.
[2022-11-14 13:50:56.171] [warning] Couldn't find file 'ring_proximal_lvs.vtp'.
[2022-11-14 13:50:56.171] [warning] Couldn't find file 'ring_medial_lvs.vtp'.
[2022-11-14 13:50:56.171] [warning] Couldn't find file 'ring_distal_lvs.vtp'.
[2022-11-14 13:50:56.171] [warning] Couldn't find file 'metacarpal5_lvs.vtp'.
[2022-11-14 13:50:56.171] [warning] Couldn't find file 'little_proximal_lvs.vtp'.
[2022-11-14 13:50:56.171] [warning] Couldn't find file 'little_medial_lvs.vtp'.
[2022-11-14 13:50:56.171] [warning] Couldn't find file 'little_distal_lvs.vtp'.
[2022-11-14 13:50:56.171] [warning] Couldn't find file 'metacarpal1_lvs.vtp'.
[2022-11-14 13:50:56.172] [warning] Couldn't find file 'thumb_proximal_lvs.vtp'.
[2022-11-14 13:50:56.172] [warning] Couldn't find file 'thumb_distal_lvs.vtp'.
[2022-11-14 14:01:21.112] [info] Loaded model subject1_withMTJ_locked_scaled_custom from file C:\Users\u0150099\Documents\master_thesis\3dpredictsim\OpenSimModel\subject1\Fal_s1_mtjc4_FK_sc_FDB2_MTc5_cspx10_oy3.osim
[2022-11-14 14:01:21.113] [warning] Couldn't find file 'sacrum.vtp'.
[2022-11-14 14:01:21.113] [warning] Couldn't find file 'pelvis.vtp'.
[2022-11-14 14:01:21.113] [warning] Couldn't find file 'l_pelvis.vtp'.
[2022-11-14 14:01:21.113] [warning] Couldn't find file 'femur_r.vtp'.
[2022-11-14 14:01:21.113] [warning] Couldn't find file 'tibia_r.vtp'.
[2022-11-14 14:01:21.113] [warning] Couldn't find file 'fibula_r.vtp'.
[2022-11-14 14:01:21.113] [warning] Couldn't find file 'talus_rv.vtp'.
[2022-11-14 14:01:21.113] [warning] Couldn't find file 'calcaneous_rv.vtp'.
[2022-11-14 14:01:21.113] [warning] Couldn't find file 'model_r_midfoot.stl'.
[2022-11-14 14:01:21.113] [warning] Couldn't find file 'model_r_forefoot.stl'.
[2022-11-14 14:01:21.113] [warning] Couldn't find file 'model_r_toes.stl'.
[2022-11-14 14:01:21.113] [warning] Couldn't find file 'femur_l.vtp'.
[2022-11-14 14:01:21.114] [warning] Couldn't find file 'tibia_l.vtp'.
[2022-11-14 14:01:21.114] [warning] Couldn't find file 'fibula_l.vtp'.
[2022-11-14 14:01:21.114] [warning] Couldn't find file 'talus_lv.vtp'.
[2022-11-14 14:01:21.114] [warning] Couldn't find file 'calcaneous_lv.vtp'.
[2022-11-14 14:01:21.114] [warning] Couldn't find file 'model_l_midfoot.stl'.
[2022-11-14 14:01:21.114] [warning] Couldn't find file 'model_l_forefoot.stl'.
[2022-11-14 14:01:21.114] [warning] Couldn't find file 'model_l_toes.stl'.
[2022-11-14 14:01:21.114] [warning] Couldn't find file 'hat_spine.vtp'.
[2022-11-14 14:01:21.114] [warning] Couldn't find file 'hat_jaw.vtp'.
[2022-11-14 14:01:21.114] [warning] Couldn't find file 'hat_skull.vtp'.
[2022-11-14 14:01:21.114] [warning] Couldn't find file 'hat_ribs_scap.vtp'.
[2022-11-14 14:01:21.114] [warning] Couldn't find file 'humerus_rv.vtp'.
[2022-11-14 14:01:21.114] [warning] Couldn't find file 'ulna_rv.vtp'.
[2022-11-14 14:01:21.114] [warning] Couldn't find file 'radius_rv.vtp'.
[2022-11-14 14:01:21.114] [warning] Couldn't find file 'pisiform_rvs.vtp'.
[2022-11-14 14:01:21.114] [warning] Couldn't find file 'lunate_rvs.vtp'.
[2022-11-14 14:01:21.114] [warning] Couldn't find file 'scaphoid_rvs.vtp'.
[2022-11-14 14:01:21.115] [warning] Couldn't find file 'triquetrum_rvs.vtp'.
[2022-11-14 14:01:21.115] [warning] Couldn't find file 'hamate_rvs.vtp'.
[2022-11-14 14:01:21.115] [warning] Couldn't find file 'capitate_rvs.vtp'.
[2022-11-14 14:01:21.115] [warning] Couldn't find file 'trapezoid_rvs.vtp'.
[2022-11-14 14:01:21.115] [warning] Couldn't find file 'trapezium_rvs.vtp'.
[2022-11-14 14:01:21.115] [warning] Couldn't find file 'metacarpal2_rvs.vtp'.
[2022-11-14 14:01:21.115] [warning] Couldn't find file 'index_proximal_rvs.vtp'.
[2022-11-14 14:01:21.115] [warning] Couldn't find file 'index_medial_rvs.vtp'.
[2022-11-14 14:01:21.115] [warning] Couldn't find file 'index_distal_rvs.vtp'.
[2022-11-14 14:01:21.115] [warning] Couldn't find file 'metacarpal3_rvs.vtp'.
[2022-11-14 14:01:21.115] [warning] Couldn't find file 'middle_proximal_rvs.vtp'.
[2022-11-14 14:01:21.115] [warning] Couldn't find file 'middle_medial_rvs.vtp'.
[2022-11-14 14:01:21.115] [warning] Couldn't find file 'middle_distal_rvs.vtp'.
[2022-11-14 14:01:21.115] [warning] Couldn't find file 'metacarpal4_rvs.vtp'.
[2022-11-14 14:01:21.115] [warning] Couldn't find file 'ring_proximal_rvs.vtp'.
[2022-11-14 14:01:21.115] [warning] Couldn't find file 'ring_medial_rvs.vtp'.
[2022-11-14 14:01:21.115] [warning] Couldn't find file 'ring_distal_rvs.vtp'.
[2022-11-14 14:01:21.115] [warning] Couldn't find file 'metacarpal5_rvs.vtp'.
[2022-11-14 14:01:21.116] [warning] Couldn't find file 'little_proximal_rvs.vtp'.
[2022-11-14 14:01:21.116] [warning] Couldn't find file 'little_medial_rvs.vtp'.
[2022-11-14 14:01:21.116] [warning] Couldn't find file 'little_distal_rvs.vtp'.
[2022-11-14 14:01:21.116] [warning] Couldn't find file 'metacarpal1_rvs.vtp'.
[2022-11-14 14:01:21.116] [warning] Couldn't find file 'thumb_proximal_rvs.vtp'.
[2022-11-14 14:01:21.116] [warning] Couldn't find file 'thumb_distal_rvs.vtp'.
[2022-11-14 14:01:21.116] [warning] Couldn't find file 'humerus_lv.vtp'.
[2022-11-14 14:01:21.116] [warning] Couldn't find file 'ulna_lv.vtp'.
[2022-11-14 14:01:21.116] [warning] Couldn't find file 'radius_lv.vtp'.
[2022-11-14 14:01:21.116] [warning] Couldn't find file 'pisiform_lvs.vtp'.
[2022-11-14 14:01:21.116] [warning] Couldn't find file 'lunate_lvs.vtp'.
[2022-11-14 14:01:21.116] [warning] Couldn't find file 'scaphoid_lvs.vtp'.
[2022-11-14 14:01:21.116] [warning] Couldn't find file 'triquetrum_lvs.vtp'.
[2022-11-14 14:01:21.116] [warning] Couldn't find file 'hamate_lvs.vtp'.
[2022-11-14 14:01:21.116] [warning] Couldn't find file 'capitate_lvs.vtp'.
[2022-11-14 14:01:21.116] [warning] Couldn't find file 'trapezoid_lvs.vtp'.
[2022-11-14 14:01:21.116] [warning] Couldn't find file 'trapezium_lvs.vtp'.
[2022-11-14 14:01:21.116] [warning] Couldn't find file 'metacarpal2_lvs.vtp'.
[2022-11-14 14:01:21.117] [warning] Couldn't find file 'index_proximal_lvs.vtp'.
[2022-11-14 14:01:21.117] [warning] Couldn't find file 'index_medial_lvs.vtp'.
[2022-11-14 14:01:21.117] [warning] Couldn't find file 'index_distal_lvs.vtp'.
[2022-11-14 14:01:21.117] [warning] Couldn't find file 'metacarpal3_lvs.vtp'.
[2022-11-14 14:01:21.117] [warning] Couldn't find file 'middle_proximal_lvs.vtp'.
[2022-11-14 14:01:21.117] [warning] Couldn't find file 'middle_medial_lvs.vtp'.
[2022-11-14 14:01:21.117] [warning] Couldn't find file 'middle_distal_lvs.vtp'.
[2022-11-14 14:01:21.117] [warning] Couldn't find file 'metacarpal4_lvs.vtp'.
[2022-11-14 14:01:21.117] [warning] Couldn't find file 'ring_proximal_lvs.vtp'.
[2022-11-14 14:01:21.117] [warning] Couldn't find file 'ring_medial_lvs.vtp'.
[2022-11-14 14:01:21.117] [warning] Couldn't find file 'ring_distal_lvs.vtp'.
[2022-11-14 14:01:21.117] [warning] Couldn't find file 'metacarpal5_lvs.vtp'.
[2022-11-14 14:01:21.117] [warning] Couldn't find file 'little_proximal_lvs.vtp'.
[2022-11-14 14:01:21.117] [warning] Couldn't find file 'little_medial_lvs.vtp'.
[2022-11-14 14:01:21.117] [warning] Couldn't find file 'little_distal_lvs.vtp'.
[2022-11-14 14:01:21.117] [warning] Couldn't find file 'metacarpal1_lvs.vtp'.
[2022-11-14 14:01:21.117] [warning] Couldn't find file 'thumb_proximal_lvs.vtp'.
[2022-11-14 14:01:21.117] [warning] Couldn't find file 'thumb_distal_lvs.vtp'.
[2022-11-14 14:02:57.846] [info] Loaded model subject1_withMTJ_locked_scaled_custom from file C:\Users\u0150099\Documents\master_thesis\3dpredictsim\OpenSimModel\subject1\Fal_s1_mtjc4_FK_sc_FDB2_MTc5_cspx10_oy3.osim
[2022-11-14 14:02:57.846] [warning] Couldn't find file 'sacrum.vtp'.
[2022-11-14 14:02:57.846] [warning] Couldn't find file 'pelvis.vtp'.
[2022-11-14 14:02:57.846] [warning] Couldn't find file 'l_pelvis.vtp'.
[2022-11-14 14:02:57.846] [warning] Couldn't find file 'femur_r.vtp'.
[2022-11-14 14:02:57.846] [warning] Couldn't find file 'tibia_r.vtp'.
[2022-11-14 14:02:57.847] [warning] Couldn't find file 'fibula_r.vtp'.
[2022-11-14 14:02:57.847] [warning] Couldn't find file 'talus_rv.vtp'.
[2022-11-14 14:02:57.847] [warning] Couldn't find file 'calcaneous_rv.vtp'.
[2022-11-14 14:02:57.847] [warning] Couldn't find file 'model_r_midfoot.stl'.
[2022-11-14 14:02:57.847] [warning] Couldn't find file 'model_r_forefoot.stl'.
[2022-11-14 14:02:57.847] [warning] Couldn't find file 'model_r_toes.stl'.
[2022-11-14 14:02:57.847] [warning] Couldn't find file 'femur_l.vtp'.
[2022-11-14 14:02:57.847] [warning] Couldn't find file 'tibia_l.vtp'.
[2022-11-14 14:02:57.847] [warning] Couldn't find file 'fibula_l.vtp'.
[2022-11-14 14:02:57.847] [warning] Couldn't find file 'talus_lv.vtp'.
[2022-11-14 14:02:57.847] [warning] Couldn't find file 'calcaneous_lv.vtp'.
[2022-11-14 14:02:57.847] [warning] Couldn't find file 'model_l_midfoot.stl'.
[2022-11-14 14:02:57.847] [warning] Couldn't find file 'model_l_forefoot.stl'.
[2022-11-14 14:02:57.847] [warning] Couldn't find file 'model_l_toes.stl'.
[2022-11-14 14:02:57.847] [warning] Couldn't find file 'hat_spine.vtp'.
[2022-11-14 14:02:57.847] [warning] Couldn't find file 'hat_jaw.vtp'.
[2022-11-14 14:02:57.848] [warning] Couldn't find file 'hat_skull.vtp'.
[2022-11-14 14:02:57.848] [warning] Couldn't find file 'hat_ribs_scap.vtp'.
[2022-11-14 14:02:57.848] [warning] Couldn't find file 'humerus_rv.vtp'.
[2022-11-14 14:02:57.848] [warning] Couldn't find file 'ulna_rv.vtp'.
[2022-11-14 14:02:57.848] [warning] Couldn't find file 'radius_rv.vtp'.
[2022-11-14 14:02:57.848] [warning] Couldn't find file 'pisiform_rvs.vtp'.
[2022-11-14 14:02:57.848] [warning] Couldn't find file 'lunate_rvs.vtp'.
[2022-11-14 14:02:57.848] [warning] Couldn't find file 'scaphoid_rvs.vtp'.
[2022-11-14 14:02:57.848] [warning] Couldn't find file 'triquetrum_rvs.vtp'.
[2022-11-14 14:02:57.848] [warning] Couldn't find file 'hamate_rvs.vtp'.
[2022-11-14 14:02:57.848] [warning] Couldn't find file 'capitate_rvs.vtp'.
[2022-11-14 14:02:57.848] [warning] Couldn't find file 'trapezoid_rvs.vtp'.
[2022-11-14 14:02:57.848] [warning] Couldn't find file 'trapezium_rvs.vtp'.
[2022-11-14 14:02:57.848] [warning] Couldn't find file 'metacarpal2_rvs.vtp'.
[2022-11-14 14:02:57.848] [warning] Couldn't find file 'index_proximal_rvs.vtp'.
[2022-11-14 14:02:57.848] [warning] Couldn't find file 'index_medial_rvs.vtp'.
[2022-11-14 14:02:57.848] [warning] Couldn't find file 'index_distal_rvs.vtp'.
[2022-11-14 14:02:57.848] [warning] Couldn't find file 'metacarpal3_rvs.vtp'.
[2022-11-14 14:02:57.849] [warning] Couldn't find file 'middle_proximal_rvs.vtp'.
[2022-11-14 14:02:57.849] [warning] Couldn't find file 'middle_medial_rvs.vtp'.
[2022-11-14 14:02:57.849] [warning] Couldn't find file 'middle_distal_rvs.vtp'.
[2022-11-14 14:02:57.849] [warning] Couldn't find file 'metacarpal4_rvs.vtp'.
[2022-11-14 14:02:57.849] [warning] Couldn't find file 'ring_proximal_rvs.vtp'.
[2022-11-14 14:02:57.849] [warning] Couldn't find file 'ring_medial_rvs.vtp'.
[2022-11-14 14:02:57.849] [warning] Couldn't find file 'ring_distal_rvs.vtp'.
[2022-11-14 14:02:57.849] [warning] Couldn't find file 'metacarpal5_rvs.vtp'.
[2022-11-14 14:02:57.849] [warning] Couldn't find file 'little_proximal_rvs.vtp'.
[2022-11-14 14:02:57.849] [warning] Couldn't find file 'little_medial_rvs.vtp'.
[2022-11-14 14:02:57.849] [warning] Couldn't find file 'little_distal_rvs.vtp'.
[2022-11-14 14:02:57.849] [warning] Couldn't find file 'metacarpal1_rvs.vtp'.
[2022-11-14 14:02:57.849] [warning] Couldn't find file 'thumb_proximal_rvs.vtp'.
[2022-11-14 14:02:57.849] [warning] Couldn't find file 'thumb_distal_rvs.vtp'.
[2022-11-14 14:02:57.849] [warning] Couldn't find file 'humerus_lv.vtp'.
[2022-11-14 14:02:57.849] [warning] Couldn't find file 'ulna_lv.vtp'.
[2022-11-14 14:02:57.849] [warning] Couldn't find file 'radius_lv.vtp'.
[2022-11-14 14:02:57.850] [warning] Couldn't find file 'pisiform_lvs.vtp'.
[2022-11-14 14:02:57.850] [warning] Couldn't find file 'lunate_lvs.vtp'.
[2022-11-14 14:02:57.850] [warning] Couldn't find file 'scaphoid_lvs.vtp'.
[2022-11-14 14:02:57.850] [warning] Couldn't find file 'triquetrum_lvs.vtp'.
[2022-11-14 14:02:57.850] [warning] Couldn't find file 'hamate_lvs.vtp'.
[2022-11-14 14:02:57.850] [warning] Couldn't find file 'capitate_lvs.vtp'.
[2022-11-14 14:02:57.850] [warning] Couldn't find file 'trapezoid_lvs.vtp'.
[2022-11-14 14:02:57.850] [warning] Couldn't find file 'trapezium_lvs.vtp'.
[2022-11-14 14:02:57.850] [warning] Couldn't find file 'metacarpal2_lvs.vtp'.
[2022-11-14 14:02:57.850] [warning] Couldn't find file 'index_proximal_lvs.vtp'.
[2022-11-14 14:02:57.850] [warning] Couldn't find file 'index_medial_lvs.vtp'.
[2022-11-14 14:02:57.850] [warning] Couldn't find file 'index_distal_lvs.vtp'.
[2022-11-14 14:02:57.850] [warning] Couldn't find file 'metacarpal3_lvs.vtp'.
[2022-11-14 14:02:57.850] [warning] Couldn't find file 'middle_proximal_lvs.vtp'.
[2022-11-14 14:02:57.850] [warning] Couldn't find file 'middle_medial_lvs.vtp'.
[2022-11-14 14:02:57.850] [warning] Couldn't find file 'middle_distal_lvs.vtp'.
[2022-11-14 14:02:57.850] [warning] Couldn't find file 'metacarpal4_lvs.vtp'.
[2022-11-14 14:02:57.850] [warning] Couldn't find file 'ring_proximal_lvs.vtp'.
[2022-11-14 14:02:57.851] [warning] Couldn't find file 'ring_medial_lvs.vtp'.
[2022-11-14 14:02:57.851] [warning] Couldn't find file 'ring_distal_lvs.vtp'.
[2022-11-14 14:02:57.851] [warning] Couldn't find file 'metacarpal5_lvs.vtp'.
[2022-11-14 14:02:57.851] [warning] Couldn't find file 'little_proximal_lvs.vtp'.
[2022-11-14 14:02:57.851] [warning] Couldn't find file 'little_medial_lvs.vtp'.
[2022-11-14 14:02:57.851] [warning] Couldn't find file 'little_distal_lvs.vtp'.
[2022-11-14 14:02:57.851] [warning] Couldn't find file 'metacarpal1_lvs.vtp'.
[2022-11-14 14:02:57.851] [warning] Couldn't find file 'thumb_proximal_lvs.vtp'.
[2022-11-14 14:02:57.851] [warning] Couldn't find file 'thumb_distal_lvs.vtp'.
[2022-11-14 14:05:03.927] [info] Loaded model subject1_withMTJ_locked_scaled_custom from file C:\Users\u0150099\Documents\master_thesis\3dpredictsim\OpenSimModel\subject1\Fal_s1_mtjc4_FK_sc_FDB2_MTc5_cspx10_oy3.osim
[2022-11-14 14:05:03.928] [warning] Couldn't find file 'sacrum.vtp'.
[2022-11-14 14:05:03.928] [warning] Couldn't find file 'pelvis.vtp'.
[2022-11-14 14:05:03.928] [warning] Couldn't find file 'l_pelvis.vtp'.
[2022-11-14 14:05:03.928] [warning] Couldn't find file 'femur_r.vtp'.
[2022-11-14 14:05:03.928] [warning] Couldn't find file 'tibia_r.vtp'.
[2022-11-14 14:05:03.928] [warning] Couldn't find file 'fibula_r.vtp'.
[2022-11-14 14:05:03.928] [warning] Couldn't find file 'talus_rv.vtp'.
[2022-11-14 14:05:03.929] [warning] Couldn't find file 'calcaneous_rv.vtp'.
[2022-11-14 14:05:03.929] [warning] Couldn't find file 'model_r_midfoot.stl'.
[2022-11-14 14:05:03.929] [warning] Couldn't find file 'model_r_forefoot.stl'.
[2022-11-14 14:05:03.929] [warning] Couldn't find file 'model_r_toes.stl'.
[2022-11-14 14:05:03.929] [warning] Couldn't find file 'femur_l.vtp'.
[2022-11-14 14:05:03.929] [warning] Couldn't find file 'tibia_l.vtp'.
[2022-11-14 14:05:03.929] [warning] Couldn't find file 'fibula_l.vtp'.
[2022-11-14 14:05:03.929] [warning] Couldn't find file 'talus_lv.vtp'.
[2022-11-14 14:05:03.929] [warning] Couldn't find file 'calcaneous_lv.vtp'.
[2022-11-14 14:05:03.929] [warning] Couldn't find file 'model_l_midfoot.stl'.
[2022-11-14 14:05:03.929] [warning] Couldn't find file 'model_l_forefoot.stl'.
[2022-11-14 14:05:03.929] [warning] Couldn't find file 'model_l_toes.stl'.
[2022-11-14 14:05:03.929] [warning] Couldn't find file 'hat_spine.vtp'.
[2022-11-14 14:05:03.929] [warning] Couldn't find file 'hat_jaw.vtp'.
[2022-11-14 14:05:03.929] [warning] Couldn't find file 'hat_skull.vtp'.
[2022-11-14 14:05:03.929] [warning] Couldn't find file 'hat_ribs_scap.vtp'.
[2022-11-14 14:05:03.930] [warning] Couldn't find file 'humerus_rv.vtp'.
[2022-11-14 14:05:03.930] [warning] Couldn't find file 'ulna_rv.vtp'.
[2022-11-14 14:05:03.930] [warning] Couldn't find file 'radius_rv.vtp'.
[2022-11-14 14:05:03.930] [warning] Couldn't find file 'pisiform_rvs.vtp'.
[2022-11-14 14:05:03.930] [warning] Couldn't find file 'lunate_rvs.vtp'.
[2022-11-14 14:05:03.930] [warning] Couldn't find file 'scaphoid_rvs.vtp'.
[2022-11-14 14:05:03.930] [warning] Couldn't find file 'triquetrum_rvs.vtp'.
[2022-11-14 14:05:03.930] [warning] Couldn't find file 'hamate_rvs.vtp'.
[2022-11-14 14:05:03.930] [warning] Couldn't find file 'capitate_rvs.vtp'.
[2022-11-14 14:05:03.930] [warning] Couldn't find file 'trapezoid_rvs.vtp'.
[2022-11-14 14:05:03.930] [warning] Couldn't find file 'trapezium_rvs.vtp'.
[2022-11-14 14:05:03.930] [warning] Couldn't find file 'metacarpal2_rvs.vtp'.
[2022-11-14 14:05:03.930] [warning] Couldn't find file 'index_proximal_rvs.vtp'.
[2022-11-14 14:05:03.930] [warning] Couldn't find file 'index_medial_rvs.vtp'.
[2022-11-14 14:05:03.930] [warning] Couldn't find file 'index_distal_rvs.vtp'.
[2022-11-14 14:05:03.930] [warning] Couldn't find file 'metacarpal3_rvs.vtp'.
[2022-11-14 14:05:03.930] [warning] Couldn't find file 'middle_proximal_rvs.vtp'.
[2022-11-14 14:05:03.931] [warning] Couldn't find file 'middle_medial_rvs.vtp'.
[2022-11-14 14:05:03.931] [warning] Couldn't find file 'middle_distal_rvs.vtp'.
[2022-11-14 14:05:03.931] [warning] Couldn't find file 'metacarpal4_rvs.vtp'.
[2022-11-14 14:05:03.931] [warning] Couldn't find file 'ring_proximal_rvs.vtp'.
[2022-11-14 14:05:03.931] [warning] Couldn't find file 'ring_medial_rvs.vtp'.
[2022-11-14 14:05:03.931] [warning] Couldn't find file 'ring_distal_rvs.vtp'.
[2022-11-14 14:05:03.931] [warning] Couldn't find file 'metacarpal5_rvs.vtp'.
[2022-11-14 14:05:03.931] [warning] Couldn't find file 'little_proximal_rvs.vtp'.
[2022-11-14 14:05:03.931] [warning] Couldn't find file 'little_medial_rvs.vtp'.
[2022-11-14 14:05:03.931] [warning] Couldn't find file 'little_distal_rvs.vtp'.
[2022-11-14 14:05:03.931] [warning] Couldn't find file 'metacarpal1_rvs.vtp'.
[2022-11-14 14:05:03.931] [warning] Couldn't find file 'thumb_proximal_rvs.vtp'.
[2022-11-14 14:05:03.931] [warning] Couldn't find file 'thumb_distal_rvs.vtp'.
[2022-11-14 14:05:03.931] [warning] Couldn't find file 'humerus_lv.vtp'.
[2022-11-14 14:05:03.931] [warning] Couldn't find file 'ulna_lv.vtp'.
[2022-11-14 14:05:03.931] [warning] Couldn't find file 'radius_lv.vtp'.
[2022-11-14 14:05:03.931] [warning] Couldn't find file 'pisiform_lvs.vtp'.
[2022-11-14 14:05:03.932] [warning] Couldn't find file 'lunate_lvs.vtp'.
[2022-11-14 14:05:03.932] [warning] Couldn't find file 'scaphoid_lvs.vtp'.
[2022-11-14 14:05:03.932] [warning] Couldn't find file 'triquetrum_lvs.vtp'.
[2022-11-14 14:05:03.932] [warning] Couldn't find file 'hamate_lvs.vtp'.
[2022-11-14 14:05:03.932] [warning] Couldn't find file 'capitate_lvs.vtp'.
[2022-11-14 14:05:03.932] [warning] Couldn't find file 'trapezoid_lvs.vtp'.
[2022-11-14 14:05:03.932] [warning] Couldn't find file 'trapezium_lvs.vtp'.
[2022-11-14 14:05:03.932] [warning] Couldn't find file 'metacarpal2_lvs.vtp'.
[2022-11-14 14:05:03.932] [warning] Couldn't find file 'index_proximal_lvs.vtp'.
[2022-11-14 14:05:03.932] [warning] Couldn't find file 'index_medial_lvs.vtp'.
[2022-11-14 14:05:03.932] [warning] Couldn't find file 'index_distal_lvs.vtp'.
[2022-11-14 14:05:03.932] [warning] Couldn't find file 'metacarpal3_lvs.vtp'.
[2022-11-14 14:05:03.932] [warning] Couldn't find file 'middle_proximal_lvs.vtp'.
[2022-11-14 14:05:03.932] [warning] Couldn't find file 'middle_medial_lvs.vtp'.
[2022-11-14 14:05:03.932] [warning] Couldn't find file 'middle_distal_lvs.vtp'.
[2022-11-14 14:05:03.932] [warning] Couldn't find file 'metacarpal4_lvs.vtp'.
[2022-11-14 14:05:03.932] [warning] Couldn't find file 'ring_proximal_lvs.vtp'.
[2022-11-14 14:05:03.932] [warning] Couldn't find file 'ring_medial_lvs.vtp'.
[2022-11-14 14:05:03.933] [warning] Couldn't find file 'ring_distal_lvs.vtp'.
[2022-11-14 14:05:03.933] [warning] Couldn't find file 'metacarpal5_lvs.vtp'.
[2022-11-14 14:05:03.933] [warning] Couldn't find file 'little_proximal_lvs.vtp'.
[2022-11-14 14:05:03.933] [warning] Couldn't find file 'little_medial_lvs.vtp'.
[2022-11-14 14:05:03.933] [warning] Couldn't find file 'little_distal_lvs.vtp'.
[2022-11-14 14:05:03.933] [warning] Couldn't find file 'metacarpal1_lvs.vtp'.
[2022-11-14 14:05:03.933] [warning] Couldn't find file 'thumb_proximal_lvs.vtp'.
[2022-11-14 14:05:03.933] [warning] Couldn't find file 'thumb_distal_lvs.vtp'.
[2022-11-14 14:05:45.249] [info] Loaded model subject1_withMTJ_locked_scaled_custom from file C:\Users\u0150099\Documents\master_thesis\3dpredictsim\OpenSimModel\subject1\Fal_s1_mtjc4_FK_sc_FDB2_MTc5_cspx10_oy3.osim
[2022-11-14 14:05:45.249] [warning] Couldn't find file 'sacrum.vtp'.
[2022-11-14 14:05:45.249] [warning] Couldn't find file 'pelvis.vtp'.
[2022-11-14 14:05:45.249] [warning] Couldn't find file 'l_pelvis.vtp'.
[2022-11-14 14:05:45.249] [warning] Couldn't find file 'femur_r.vtp'.
[2022-11-14 14:05:45.250] [warning] Couldn't find file 'tibia_r.vtp'.
[2022-11-14 14:05:45.250] [warning] Couldn't find file 'fibula_r.vtp'.
[2022-11-14 14:05:45.250] [warning] Couldn't find file 'talus_rv.vtp'.
[2022-11-14 14:05:45.250] [warning] Couldn't find file 'calcaneous_rv.vtp'.
[2022-11-14 14:05:45.250] [warning] Couldn't find file 'model_r_midfoot.stl'.
[2022-11-14 14:05:45.250] [warning] Couldn't find file 'model_r_forefoot.stl'.
[2022-11-14 14:05:45.250] [warning] Couldn't find file 'model_r_toes.stl'.
[2022-11-14 14:05:45.250] [warning] Couldn't find file 'femur_l.vtp'.
[2022-11-14 14:05:45.250] [warning] Couldn't find file 'tibia_l.vtp'.
[2022-11-14 14:05:45.250] [warning] Couldn't find file 'fibula_l.vtp'.
[2022-11-14 14:05:45.250] [warning] Couldn't find file 'talus_lv.vtp'.
[2022-11-14 14:05:45.250] [warning] Couldn't find file 'calcaneous_lv.vtp'.
[2022-11-14 14:05:45.250] [warning] Couldn't find file 'model_l_midfoot.stl'.
[2022-11-14 14:05:45.250] [warning] Couldn't find file 'model_l_forefoot.stl'.
[2022-11-14 14:05:45.250] [warning] Couldn't find file 'model_l_toes.stl'.
[2022-11-14 14:05:45.250] [warning] Couldn't find file 'hat_spine.vtp'.
[2022-11-14 14:05:45.251] [warning] Couldn't find file 'hat_jaw.vtp'.
[2022-11-14 14:05:45.251] [warning] Couldn't find file 'hat_skull.vtp'.
[2022-11-14 14:05:45.251] [warning] Couldn't find file 'hat_ribs_scap.vtp'.
[2022-11-14 14:05:45.251] [warning] Couldn't find file 'humerus_rv.vtp'.
[2022-11-14 14:05:45.251] [warning] Couldn't find file 'ulna_rv.vtp'.
[2022-11-14 14:05:45.251] [warning] Couldn't find file 'radius_rv.vtp'.
[2022-11-14 14:05:45.251] [warning] Couldn't find file 'pisiform_rvs.vtp'.
[2022-11-14 14:05:45.251] [warning] Couldn't find file 'lunate_rvs.vtp'.
[2022-11-14 14:05:45.251] [warning] Couldn't find file 'scaphoid_rvs.vtp'.
[2022-11-14 14:05:45.251] [warning] Couldn't find file 'triquetrum_rvs.vtp'.
[2022-11-14 14:05:45.251] [warning] Couldn't find file 'hamate_rvs.vtp'.
[2022-11-14 14:05:45.251] [warning] Couldn't find file 'capitate_rvs.vtp'.
[2022-11-14 14:05:45.251] [warning] Couldn't find file 'trapezoid_rvs.vtp'.
[2022-11-14 14:05:45.251] [warning] Couldn't find file 'trapezium_rvs.vtp'.
[2022-11-14 14:05:45.251] [warning] Couldn't find file 'metacarpal2_rvs.vtp'.
[2022-11-14 14:05:45.251] [warning] Couldn't find file 'index_proximal_rvs.vtp'.
[2022-11-14 14:05:45.251] [warning] Couldn't find file 'index_medial_rvs.vtp'.
[2022-11-14 14:05:45.252] [warning] Couldn't find file 'index_distal_rvs.vtp'.
[2022-11-14 14:05:45.252] [warning] Couldn't find file 'metacarpal3_rvs.vtp'.
[2022-11-14 14:05:45.252] [warning] Couldn't find file 'middle_proximal_rvs.vtp'.
[2022-11-14 14:05:45.252] [warning] Couldn't find file 'middle_medial_rvs.vtp'.
[2022-11-14 14:05:45.252] [warning] Couldn't find file 'middle_distal_rvs.vtp'.
[2022-11-14 14:05:45.252] [warning] Couldn't find file 'metacarpal4_rvs.vtp'.
[2022-11-14 14:05:45.252] [warning] Couldn't find file 'ring_proximal_rvs.vtp'.
[2022-11-14 14:05:45.252] [warning] Couldn't find file 'ring_medial_rvs.vtp'.
[2022-11-14 14:05:45.252] [warning] Couldn't find file 'ring_distal_rvs.vtp'.
[2022-11-14 14:05:45.252] [warning] Couldn't find file 'metacarpal5_rvs.vtp'.
[2022-11-14 14:05:45.252] [warning] Couldn't find file 'little_proximal_rvs.vtp'.
[2022-11-14 14:05:45.252] [warning] Couldn't find file 'little_medial_rvs.vtp'.
[2022-11-14 14:05:45.252] [warning] Couldn't find file 'little_distal_rvs.vtp'.
[2022-11-14 14:05:45.252] [warning] Couldn't find file 'metacarpal1_rvs.vtp'.
[2022-11-14 14:05:45.252] [warning] Couldn't find file 'thumb_proximal_rvs.vtp'.
[2022-11-14 14:05:45.252] [warning] Couldn't find file 'thumb_distal_rvs.vtp'.
[2022-11-14 14:05:45.252] [warning] Couldn't find file 'humerus_lv.vtp'.
[2022-11-14 14:05:45.252] [warning] Couldn't find file 'ulna_lv.vtp'.
[2022-11-14 14:05:45.253] [warning] Couldn't find file 'radius_lv.vtp'.
[2022-11-14 14:05:45.253] [warning] Couldn't find file 'pisiform_lvs.vtp'.
[2022-11-14 14:05:45.253] [warning] Couldn't find file 'lunate_lvs.vtp'.
[2022-11-14 14:05:45.253] [warning] Couldn't find file 'scaphoid_lvs.vtp'.
[2022-11-14 14:05:45.253] [warning] Couldn't find file 'triquetrum_lvs.vtp'.
[2022-11-14 14:05:45.253] [warning] Couldn't find file 'hamate_lvs.vtp'.
[2022-11-14 14:05:45.253] [warning] Couldn't find file 'capitate_lvs.vtp'.
[2022-11-14 14:05:45.253] [warning] Couldn't find file 'trapezoid_lvs.vtp'.
[2022-11-14 14:05:45.253] [warning] Couldn't find file 'trapezium_lvs.vtp'.
[2022-11-14 14:05:45.253] [warning] Couldn't find file 'metacarpal2_lvs.vtp'.
[2022-11-14 14:05:45.253] [warning] Couldn't find file 'index_proximal_lvs.vtp'.
[2022-11-14 14:05:45.253] [warning] Couldn't find file 'index_medial_lvs.vtp'.
[2022-11-14 14:05:45.253] [warning] Couldn't find file 'index_distal_lvs.vtp'.
[2022-11-14 14:05:45.253] [warning] Couldn't find file 'metacarpal3_lvs.vtp'.
[2022-11-14 14:05:45.253] [warning] Couldn't find file 'middle_proximal_lvs.vtp'.
[2022-11-14 14:05:45.253] [warning] Couldn't find file 'middle_medial_lvs.vtp'.
[2022-11-14 14:05:45.253] [warning] Couldn't find file 'middle_distal_lvs.vtp'.
[2022-11-14 14:05:45.254] [warning] Couldn't find file 'metacarpal4_lvs.vtp'.
[2022-11-14 14:05:45.254] [warning] Couldn't find file 'ring_proximal_lvs.vtp'.
[2022-11-14 14:05:45.254] [warning] Couldn't find file 'ring_medial_lvs.vtp'.
[2022-11-14 14:05:45.254] [warning] Couldn't find file 'ring_distal_lvs.vtp'.
[2022-11-14 14:05:45.254] [warning] Couldn't find file 'metacarpal5_lvs.vtp'.
[2022-11-14 14:05:45.254] [warning] Couldn't find file 'little_proximal_lvs.vtp'.
[2022-11-14 14:05:45.254] [warning] Couldn't find file 'little_medial_lvs.vtp'.
[2022-11-14 14:05:45.254] [warning] Couldn't find file 'little_distal_lvs.vtp'.
[2022-11-14 14:05:45.254] [warning] Couldn't find file 'metacarpal1_lvs.vtp'.
[2022-11-14 14:05:45.254] [warning] Couldn't find file 'thumb_proximal_lvs.vtp'.
[2022-11-14 14:05:45.254] [warning] Couldn't find file 'thumb_distal_lvs.vtp'.
[2022-11-14 14:05:54.739] [info] Loaded model subject1_withMTJ_locked_scaled_custom from file C:\Users\u0150099\Documents\master_thesis\3dpredictsim\OpenSimModel\subject1\Fal_s1_mtjc4_FK_sc_FDB2_MTc5_cspx10_oy3.osim
[2022-11-14 14:05:54.739] [warning] Couldn't find file 'sacrum.vtp'.
[2022-11-14 14:05:54.740] [warning] Couldn't find file 'pelvis.vtp'.
[2022-11-14 14:05:54.740] [warning] Couldn't find file 'l_pelvis.vtp'.
[2022-11-14 14:05:54.740] [warning] Couldn't find file 'femur_r.vtp'.
[2022-11-14 14:05:54.740] [warning] Couldn't find file 'tibia_r.vtp'.
[2022-11-14 14:05:54.740] [warning] Couldn't find file 'fibula_r.vtp'.
[2022-11-14 14:05:54.740] [warning] Couldn't find file 'talus_rv.vtp'.
[2022-11-14 14:05:54.740] [warning] Couldn't find file 'calcaneous_rv.vtp'.
[2022-11-14 14:05:54.740] [warning] Couldn't find file 'model_r_midfoot.stl'.
[2022-11-14 14:05:54.740] [warning] Couldn't find file 'model_r_forefoot.stl'.
[2022-11-14 14:05:54.740] [warning] Couldn't find file 'model_r_toes.stl'.
[2022-11-14 14:05:54.740] [warning] Couldn't find file 'femur_l.vtp'.
[2022-11-14 14:05:54.740] [warning] Couldn't find file 'tibia_l.vtp'.
[2022-11-14 14:05:54.740] [warning] Couldn't find file 'fibula_l.vtp'.
[2022-11-14 14:05:54.740] [warning] Couldn't find file 'talus_lv.vtp'.
[2022-11-14 14:05:54.740] [warning] Couldn't find file 'calcaneous_lv.vtp'.
[2022-11-14 14:05:54.741] [warning] Couldn't find file 'model_l_midfoot.stl'.
[2022-11-14 14:05:54.741] [warning] Couldn't find file 'model_l_forefoot.stl'.
[2022-11-14 14:05:54.741] [warning] Couldn't find file 'model_l_toes.stl'.
[2022-11-14 14:05:54.741] [warning] Couldn't find file 'hat_spine.vtp'.
[2022-11-14 14:05:54.741] [warning] Couldn't find file 'hat_jaw.vtp'.
[2022-11-14 14:05:54.741] [warning] Couldn't find file 'hat_skull.vtp'.
[2022-11-14 14:05:54.741] [warning] Couldn't find file 'hat_ribs_scap.vtp'.
[2022-11-14 14:05:54.741] [warning] Couldn't find file 'humerus_rv.vtp'.
[2022-11-14 14:05:54.741] [warning] Couldn't find file 'ulna_rv.vtp'.
[2022-11-14 14:05:54.741] [warning] Couldn't find file 'radius_rv.vtp'.
[2022-11-14 14:05:54.741] [warning] Couldn't find file 'pisiform_rvs.vtp'.
[2022-11-14 14:05:54.741] [warning] Couldn't find file 'lunate_rvs.vtp'.
[2022-11-14 14:05:54.741] [warning] Couldn't find file 'scaphoid_rvs.vtp'.
[2022-11-14 14:05:54.741] [warning] Couldn't find file 'triquetrum_rvs.vtp'.
[2022-11-14 14:05:54.741] [warning] Couldn't find file 'hamate_rvs.vtp'.
[2022-11-14 14:05:54.741] [warning] Couldn't find file 'capitate_rvs.vtp'.
[2022-11-14 14:05:54.741] [warning] Couldn't find file 'trapezoid_rvs.vtp'.
[2022-11-14 14:05:54.742] [warning] Couldn't find file 'trapezium_rvs.vtp'.
[2022-11-14 14:05:54.742] [warning] Couldn't find file 'metacarpal2_rvs.vtp'.
[2022-11-14 14:05:54.742] [warning] Couldn't find file 'index_proximal_rvs.vtp'.
[2022-11-14 14:05:54.742] [warning] Couldn't find file 'index_medial_rvs.vtp'.
[2022-11-14 14:05:54.742] [warning] Couldn't find file 'index_distal_rvs.vtp'.
[2022-11-14 14:05:54.742] [warning] Couldn't find file 'metacarpal3_rvs.vtp'.
[2022-11-14 14:05:54.742] [warning] Couldn't find file 'middle_proximal_rvs.vtp'.
[2022-11-14 14:05:54.742] [warning] Couldn't find file 'middle_medial_rvs.vtp'.
[2022-11-14 14:05:54.742] [warning] Couldn't find file 'middle_distal_rvs.vtp'.
[2022-11-14 14:05:54.742] [warning] Couldn't find file 'metacarpal4_rvs.vtp'.
[2022-11-14 14:05:54.742] [warning] Couldn't find file 'ring_proximal_rvs.vtp'.
[2022-11-14 14:05:54.742] [warning] Couldn't find file 'ring_medial_rvs.vtp'.
[2022-11-14 14:05:54.742] [warning] Couldn't find file 'ring_distal_rvs.vtp'.
[2022-11-14 14:05:54.742] [warning] Couldn't find file 'metacarpal5_rvs.vtp'.
[2022-11-14 14:05:54.742] [warning] Couldn't find file 'little_proximal_rvs.vtp'.
[2022-11-14 14:05:54.742] [warning] Couldn't find file 'little_medial_rvs.vtp'.
[2022-11-14 14:05:54.742] [warning] Couldn't find file 'little_distal_rvs.vtp'.
[2022-11-14 14:05:54.742] [warning] Couldn't find file 'metacarpal1_rvs.vtp'.
[2022-11-14 14:05:54.743] [warning] Couldn't find file 'thumb_proximal_rvs.vtp'.
[2022-11-14 14:05:54.743] [warning] Couldn't find file 'thumb_distal_rvs.vtp'.
[2022-11-14 14:05:54.743] [warning] Couldn't find file 'humerus_lv.vtp'.
[2022-11-14 14:05:54.743] [warning] Couldn't find file 'ulna_lv.vtp'.
[2022-11-14 14:05:54.743] [warning] Couldn't find file 'radius_lv.vtp'.
[2022-11-14 14:05:54.743] [warning] Couldn't find file 'pisiform_lvs.vtp'.
[2022-11-14 14:05:54.743] [warning] Couldn't find file 'lunate_lvs.vtp'.
[2022-11-14 14:05:54.743] [warning] Couldn't find file 'scaphoid_lvs.vtp'.
[2022-11-14 14:05:54.743] [warning] Couldn't find file 'triquetrum_lvs.vtp'.
[2022-11-14 14:05:54.743] [warning] Couldn't find file 'hamate_lvs.vtp'.
[2022-11-14 14:05:54.743] [warning] Couldn't find file 'capitate_lvs.vtp'.
[2022-11-14 14:05:54.743] [warning] Couldn't find file 'trapezoid_lvs.vtp'.
[2022-11-14 14:05:54.743] [warning] Couldn't find file 'trapezium_lvs.vtp'.
[2022-11-14 14:05:54.743] [warning] Couldn't find file 'metacarpal2_lvs.vtp'.
[2022-11-14 14:05:54.743] [warning] Couldn't find file 'index_proximal_lvs.vtp'.
[2022-11-14 14:05:54.743] [warning] Couldn't find file 'index_medial_lvs.vtp'.
[2022-11-14 14:05:54.743] [warning] Couldn't find file 'index_distal_lvs.vtp'.
[2022-11-14 14:05:54.744] [warning] Couldn't find file 'metacarpal3_lvs.vtp'.
[2022-11-14 14:05:54.744] [warning] Couldn't find file 'middle_proximal_lvs.vtp'.
[2022-11-14 14:05:54.744] [warning] Couldn't find file 'middle_medial_lvs.vtp'.
[2022-11-14 14:05:54.744] [warning] Couldn't find file 'middle_distal_lvs.vtp'.
[2022-11-14 14:05:54.744] [warning] Couldn't find file 'metacarpal4_lvs.vtp'.
[2022-11-14 14:05:54.744] [warning] Couldn't find file 'ring_proximal_lvs.vtp'.
[2022-11-14 14:05:54.744] [warning] Couldn't find file 'ring_medial_lvs.vtp'.
[2022-11-14 14:05:54.744] [warning] Couldn't find file 'ring_distal_lvs.vtp'.
[2022-11-14 14:05:54.744] [warning] Couldn't find file 'metacarpal5_lvs.vtp'.
[2022-11-14 14:05:54.744] [warning] Couldn't find file 'little_proximal_lvs.vtp'.
[2022-11-14 14:05:54.744] [warning] Couldn't find file 'little_medial_lvs.vtp'.
[2022-11-14 14:05:54.744] [warning] Couldn't find file 'little_distal_lvs.vtp'.
[2022-11-14 14:05:54.744] [warning] Couldn't find file 'metacarpal1_lvs.vtp'.
[2022-11-14 14:05:54.744] [warning] Couldn't find file 'thumb_proximal_lvs.vtp'.
[2022-11-14 14:05:54.744] [warning] Couldn't find file 'thumb_distal_lvs.vtp'.
[2022-11-14 14:06:04.187] [info] Loaded model subject1_withMTJ_locked_scaled_custom from file C:\Users\u0150099\Documents\master_thesis\3dpredictsim\OpenSimModel\subject1\Fal_s1_mtjc4_FK_sc_FDB2_MTc5_cspx10_oy3.osim
[2022-11-14 14:06:04.188] [warning] Couldn't find file 'sacrum.vtp'.
[2022-11-14 14:06:04.188] [warning] Couldn't find file 'pelvis.vtp'.
[2022-11-14 14:06:04.188] [warning] Couldn't find file 'l_pelvis.vtp'.
[2022-11-14 14:06:04.188] [warning] Couldn't find file 'femur_r.vtp'.
[2022-11-14 14:06:04.188] [warning] Couldn't find file 'tibia_r.vtp'.
[2022-11-14 14:06:04.188] [warning] Couldn't find file 'fibula_r.vtp'.
[2022-11-14 14:06:04.188] [warning] Couldn't find file 'talus_rv.vtp'.
[2022-11-14 14:06:04.188] [warning] Couldn't find file 'calcaneous_rv.vtp'.
[2022-11-14 14:06:04.188] [warning] Couldn't find file 'model_r_midfoot.stl'.
[2022-11-14 14:06:04.188] [warning] Couldn't find file 'model_r_forefoot.stl'.
[2022-11-14 14:06:04.188] [warning] Couldn't find file 'model_r_toes.stl'.
[2022-11-14 14:06:04.188] [warning] Couldn't find file 'femur_l.vtp'.
[2022-11-14 14:06:04.188] [warning] Couldn't find file 'tibia_l.vtp'.
[2022-11-14 14:06:04.188] [warning] Couldn't find file 'fibula_l.vtp'.
[2022-11-14 14:06:04.188] [warning] Couldn't find file 'talus_lv.vtp'.
[2022-11-14 14:06:04.188] [warning] Couldn't find file 'calcaneous_lv.vtp'.
[2022-11-14 14:06:04.189] [warning] Couldn't find file 'model_l_midfoot.stl'.
[2022-11-14 14:06:04.189] [warning] Couldn't find file 'model_l_forefoot.stl'.
[2022-11-14 14:06:04.189] [warning] Couldn't find file 'model_l_toes.stl'.
[2022-11-14 14:06:04.189] [warning] Couldn't find file 'hat_spine.vtp'.
[2022-11-14 14:06:04.189] [warning] Couldn't find file 'hat_jaw.vtp'.
[2022-11-14 14:06:04.189] [warning] Couldn't find file 'hat_skull.vtp'.
[2022-11-14 14:06:04.189] [warning] Couldn't find file 'hat_ribs_scap.vtp'.
[2022-11-14 14:06:04.189] [warning] Couldn't find file 'humerus_rv.vtp'.
[2022-11-14 14:06:04.189] [warning] Couldn't find file 'ulna_rv.vtp'.
[2022-11-14 14:06:04.189] [warning] Couldn't find file 'radius_rv.vtp'.
[2022-11-14 14:06:04.189] [warning] Couldn't find file 'pisiform_rvs.vtp'.
[2022-11-14 14:06:04.189] [warning] Couldn't find file 'lunate_rvs.vtp'.
[2022-11-14 14:06:04.189] [warning] Couldn't find file 'scaphoid_rvs.vtp'.
[2022-11-14 14:06:04.189] [warning] Couldn't find file 'triquetrum_rvs.vtp'.
[2022-11-14 14:06:04.189] [warning] Couldn't find file 'hamate_rvs.vtp'.
[2022-11-14 14:06:04.189] [warning] Couldn't find file 'capitate_rvs.vtp'.
[2022-11-14 14:06:04.189] [warning] Couldn't find file 'trapezoid_rvs.vtp'.
[2022-11-14 14:06:04.190] [warning] Couldn't find file 'trapezium_rvs.vtp'.
[2022-11-14 14:06:04.190] [warning] Couldn't find file 'metacarpal2_rvs.vtp'.
[2022-11-14 14:06:04.190] [warning] Couldn't find file 'index_proximal_rvs.vtp'.
[2022-11-14 14:06:04.190] [warning] Couldn't find file 'index_medial_rvs.vtp'.
[2022-11-14 14:06:04.190] [warning] Couldn't find file 'index_distal_rvs.vtp'.
[2022-11-14 14:06:04.190] [warning] Couldn't find file 'metacarpal3_rvs.vtp'.
[2022-11-14 14:06:04.190] [warning] Couldn't find file 'middle_proximal_rvs.vtp'.
[2022-11-14 14:06:04.190] [warning] Couldn't find file 'middle_medial_rvs.vtp'.
[2022-11-14 14:06:04.190] [warning] Couldn't find file 'middle_distal_rvs.vtp'.
[2022-11-14 14:06:04.190] [warning] Couldn't find file 'metacarpal4_rvs.vtp'.
[2022-11-14 14:06:04.190] [warning] Couldn't find file 'ring_proximal_rvs.vtp'.
[2022-11-14 14:06:04.190] [warning] Couldn't find file 'ring_medial_rvs.vtp'.
[2022-11-14 14:06:04.190] [warning] Couldn't find file 'ring_distal_rvs.vtp'.
[2022-11-14 14:06:04.190] [warning] Couldn't find file 'metacarpal5_rvs.vtp'.
[2022-11-14 14:06:04.190] [warning] Couldn't find file 'little_proximal_rvs.vtp'.
[2022-11-14 14:06:04.190] [warning] Couldn't find file 'little_medial_rvs.vtp'.
[2022-11-14 14:06:04.190] [warning] Couldn't find file 'little_distal_rvs.vtp'.
[2022-11-14 14:06:04.190] [warning] Couldn't find file 'metacarpal1_rvs.vtp'.
[2022-11-14 14:06:04.191] [warning] Couldn't find file 'thumb_proximal_rvs.vtp'.
[2022-11-14 14:06:04.191] [warning] Couldn't find file 'thumb_distal_rvs.vtp'.
[2022-11-14 14:06:04.191] [warning] Couldn't find file 'humerus_lv.vtp'.
[2022-11-14 14:06:04.191] [warning] Couldn't find file 'ulna_lv.vtp'.
[2022-11-14 14:06:04.191] [warning] Couldn't find file 'radius_lv.vtp'.
[2022-11-14 14:06:04.191] [warning] Couldn't find file 'pisiform_lvs.vtp'.
[2022-11-14 14:06:04.191] [warning] Couldn't find file 'lunate_lvs.vtp'.
[2022-11-14 14:06:04.191] [warning] Couldn't find file 'scaphoid_lvs.vtp'.
[2022-11-14 14:06:04.191] [warning] Couldn't find file 'triquetrum_lvs.vtp'.
[2022-11-14 14:06:04.191] [warning] Couldn't find file 'hamate_lvs.vtp'.
[2022-11-14 14:06:04.191] [warning] Couldn't find file 'capitate_lvs.vtp'.
[2022-11-14 14:06:04.191] [warning] Couldn't find file 'trapezoid_lvs.vtp'.
[2022-11-14 14:06:04.191] [warning] Couldn't find file 'trapezium_lvs.vtp'.
[2022-11-14 14:06:04.191] [warning] Couldn't find file 'metacarpal2_lvs.vtp'.
[2022-11-14 14:06:04.191] [warning] Couldn't find file 'index_proximal_lvs.vtp'.
[2022-11-14 14:06:04.191] [warning] Couldn't find file 'index_medial_lvs.vtp'.
[2022-11-14 14:06:04.191] [warning] Couldn't find file 'index_distal_lvs.vtp'.
[2022-11-14 14:06:04.191] [warning] Couldn't find file 'metacarpal3_lvs.vtp'.
[2022-11-14 14:06:04.192] [warning] Couldn't find file 'middle_proximal_lvs.vtp'.
[2022-11-14 14:06:04.192] [warning] Couldn't find file 'middle_medial_lvs.vtp'.
[2022-11-14 14:06:04.192] [warning] Couldn't find file 'middle_distal_lvs.vtp'.
[2022-11-14 14:06:04.192] [warning] Couldn't find file 'metacarpal4_lvs.vtp'.
[2022-11-14 14:06:04.192] [warning] Couldn't find file 'ring_proximal_lvs.vtp'.
[2022-11-14 14:06:04.192] [warning] Couldn't find file 'ring_medial_lvs.vtp'.
[2022-11-14 14:06:04.192] [warning] Couldn't find file 'ring_distal_lvs.vtp'.
[2022-11-14 14:06:04.192] [warning] Couldn't find file 'metacarpal5_lvs.vtp'.
[2022-11-14 14:06:04.192] [warning] Couldn't find file 'little_proximal_lvs.vtp'.
[2022-11-14 14:06:04.192] [warning] Couldn't find file 'little_medial_lvs.vtp'.
[2022-11-14 14:06:04.192] [warning] Couldn't find file 'little_distal_lvs.vtp'.
[2022-11-14 14:06:04.192] [warning] Couldn't find file 'metacarpal1_lvs.vtp'.
[2022-11-14 14:06:04.192] [warning] Couldn't find file 'thumb_proximal_lvs.vtp'.
[2022-11-14 14:06:04.192] [warning] Couldn't find file 'thumb_distal_lvs.vtp'.
[2022-11-14 14:06:15.034] [info] Loaded model subject1_withMTJ_locked_scaled_custom from file C:\Users\u0150099\Documents\master_thesis\3dpredictsim\OpenSimModel\subject1\Fal_s1_mtjc4_FK_sc_FDB2_MTc5_cspx10_oy3.osim
[2022-11-14 14:06:15.035] [warning] Couldn't find file 'sacrum.vtp'.
[2022-11-14 14:06:15.035] [warning] Couldn't find file 'pelvis.vtp'.
[2022-11-14 14:06:15.035] [warning] Couldn't find file 'l_pelvis.vtp'.
[2022-11-14 14:06:15.035] [warning] Couldn't find file 'femur_r.vtp'.
[2022-11-14 14:06:15.035] [warning] Couldn't find file 'tibia_r.vtp'.
[2022-11-14 14:06:15.035] [warning] Couldn't find file 'fibula_r.vtp'.
[2022-11-14 14:06:15.035] [warning] Couldn't find file 'talus_rv.vtp'.
[2022-11-14 14:06:15.035] [warning] Couldn't find file 'calcaneous_rv.vtp'.
[2022-11-14 14:06:15.035] [warning] Couldn't find file 'model_r_midfoot.stl'.
[2022-11-14 14:06:15.035] [warning] Couldn't find file 'model_r_forefoot.stl'.
[2022-11-14 14:06:15.035] [warning] Couldn't find file 'model_r_toes.stl'.
[2022-11-14 14:06:15.035] [warning] Couldn't find file 'femur_l.vtp'.
[2022-11-14 14:06:15.035] [warning] Couldn't find file 'tibia_l.vtp'.
[2022-11-14 14:06:15.035] [warning] Couldn't find file 'fibula_l.vtp'.
[2022-11-14 14:06:15.035] [warning] Couldn't find file 'talus_lv.vtp'.
[2022-11-14 14:06:15.035] [warning] Couldn't find file 'calcaneous_lv.vtp'.
[2022-11-14 14:06:15.036] [warning] Couldn't find file 'model_l_midfoot.stl'.
[2022-11-14 14:06:15.036] [warning] Couldn't find file 'model_l_forefoot.stl'.
[2022-11-14 14:06:15.036] [warning] Couldn't find file 'model_l_toes.stl'.
[2022-11-14 14:06:15.036] [warning] Couldn't find file 'hat_spine.vtp'.
[2022-11-14 14:06:15.036] [warning] Couldn't find file 'hat_jaw.vtp'.
[2022-11-14 14:06:15.036] [warning] Couldn't find file 'hat_skull.vtp'.
[2022-11-14 14:06:15.036] [warning] Couldn't find file 'hat_ribs_scap.vtp'.
[2022-11-14 14:06:15.036] [warning] Couldn't find file 'humerus_rv.vtp'.
[2022-11-14 14:06:15.036] [warning] Couldn't find file 'ulna_rv.vtp'.
[2022-11-14 14:06:15.036] [warning] Couldn't find file 'radius_rv.vtp'.
[2022-11-14 14:06:15.036] [warning] Couldn't find file 'pisiform_rvs.vtp'.
[2022-11-14 14:06:15.036] [warning] Couldn't find file 'lunate_rvs.vtp'.
[2022-11-14 14:06:15.036] [warning] Couldn't find file 'scaphoid_rvs.vtp'.
[2022-11-14 14:06:15.036] [warning] Couldn't find file 'triquetrum_rvs.vtp'.
[2022-11-14 14:06:15.036] [warning] Couldn't find file 'hamate_rvs.vtp'.
[2022-11-14 14:06:15.036] [warning] Couldn't find file 'capitate_rvs.vtp'.
[2022-11-14 14:06:15.036] [warning] Couldn't find file 'trapezoid_rvs.vtp'.
[2022-11-14 14:06:15.037] [warning] Couldn't find file 'trapezium_rvs.vtp'.
[2022-11-14 14:06:15.037] [warning] Couldn't find file 'metacarpal2_rvs.vtp'.
[2022-11-14 14:06:15.037] [warning] Couldn't find file 'index_proximal_rvs.vtp'.
[2022-11-14 14:06:15.037] [warning] Couldn't find file 'index_medial_rvs.vtp'.
[2022-11-14 14:06:15.037] [warning] Couldn't find file 'index_distal_rvs.vtp'.
[2022-11-14 14:06:15.037] [warning] Couldn't find file 'metacarpal3_rvs.vtp'.
[2022-11-14 14:06:15.037] [warning] Couldn't find file 'middle_proximal_rvs.vtp'.
[2022-11-14 14:06:15.037] [warning] Couldn't find file 'middle_medial_rvs.vtp'.
[2022-11-14 14:06:15.037] [warning] Couldn't find file 'middle_distal_rvs.vtp'.
[2022-11-14 14:06:15.037] [warning] Couldn't find file 'metacarpal4_rvs.vtp'.
[2022-11-14 14:06:15.037] [warning] Couldn't find file 'ring_proximal_rvs.vtp'.
[2022-11-14 14:06:15.037] [warning] Couldn't find file 'ring_medial_rvs.vtp'.
[2022-11-14 14:06:15.037] [warning] Couldn't find file 'ring_distal_rvs.vtp'.
[2022-11-14 14:06:15.037] [warning] Couldn't find file 'metacarpal5_rvs.vtp'.
[2022-11-14 14:06:15.037] [warning] Couldn't find file 'little_proximal_rvs.vtp'.
[2022-11-14 14:06:15.037] [warning] Couldn't find file 'little_medial_rvs.vtp'.
[2022-11-14 14:06:15.037] [warning] Couldn't find file 'little_distal_rvs.vtp'.
[2022-11-14 14:06:15.038] [warning] Couldn't find file 'metacarpal1_rvs.vtp'.
[2022-11-14 14:06:15.038] [warning] Couldn't find file 'thumb_proximal_rvs.vtp'.
[2022-11-14 14:06:15.038] [warning] Couldn't find file 'thumb_distal_rvs.vtp'.
[2022-11-14 14:06:15.038] [warning] Couldn't find file 'humerus_lv.vtp'.
[2022-11-14 14:06:15.038] [warning] Couldn't find file 'ulna_lv.vtp'.
[2022-11-14 14:06:15.038] [warning] Couldn't find file 'radius_lv.vtp'.
[2022-11-14 14:06:15.038] [warning] Couldn't find file 'pisiform_lvs.vtp'.
[2022-11-14 14:06:15.038] [warning] Couldn't find file 'lunate_lvs.vtp'.
[2022-11-14 14:06:15.038] [warning] Couldn't find file 'scaphoid_lvs.vtp'.
[2022-11-14 14:06:15.038] [warning] Couldn't find file 'triquetrum_lvs.vtp'.
[2022-11-14 14:06:15.038] [warning] Couldn't find file 'hamate_lvs.vtp'.
[2022-11-14 14:06:15.038] [warning] Couldn't find file 'capitate_lvs.vtp'.
[2022-11-14 14:06:15.038] [warning] Couldn't find file 'trapezoid_lvs.vtp'.
[2022-11-14 14:06:15.038] [warning] Couldn't find file 'trapezium_lvs.vtp'.
[2022-11-14 14:06:15.038] [warning] Couldn't find file 'metacarpal2_lvs.vtp'.
[2022-11-14 14:06:15.038] [warning] Couldn't find file 'index_proximal_lvs.vtp'.
[2022-11-14 14:06:15.038] [warning] Couldn't find file 'index_medial_lvs.vtp'.
[2022-11-14 14:06:15.038] [warning] Couldn't find file 'index_distal_lvs.vtp'.
[2022-11-14 14:06:15.039] [warning] Couldn't find file 'metacarpal3_lvs.vtp'.
[2022-11-14 14:06:15.039] [warning] Couldn't find file 'middle_proximal_lvs.vtp'.
[2022-11-14 14:06:15.039] [warning] Couldn't find file 'middle_medial_lvs.vtp'.
[2022-11-14 14:06:15.039] [warning] Couldn't find file 'middle_distal_lvs.vtp'.
[2022-11-14 14:06:15.039] [warning] Couldn't find file 'metacarpal4_lvs.vtp'.
[2022-11-14 14:06:15.039] [warning] Couldn't find file 'ring_proximal_lvs.vtp'.
[2022-11-14 14:06:15.039] [warning] Couldn't find file 'ring_medial_lvs.vtp'.
[2022-11-14 14:06:15.039] [warning] Couldn't find file 'ring_distal_lvs.vtp'.
[2022-11-14 14:06:15.039] [warning] Couldn't find file 'metacarpal5_lvs.vtp'.
[2022-11-14 14:06:15.039] [warning] Couldn't find file 'little_proximal_lvs.vtp'.
[2022-11-14 14:06:15.039] [warning] Couldn't find file 'little_medial_lvs.vtp'.
[2022-11-14 14:06:15.039] [warning] Couldn't find file 'little_distal_lvs.vtp'.
[2022-11-14 14:06:15.039] [warning] Couldn't find file 'metacarpal1_lvs.vtp'.
[2022-11-14 14:06:15.039] [warning] Couldn't find file 'thumb_proximal_lvs.vtp'.
[2022-11-14 14:06:15.039] [warning] Couldn't find file 'thumb_distal_lvs.vtp'.
[2022-11-14 14:06:47.142] [info] Loaded model subject1_withMTJ_locked_scaled_custom from file C:\Users\u0150099\Documents\master_thesis\3dpredictsim\OpenSimModel\subject1\Fal_s1_mtjc4_FK_sc_FDB2_MTc5_cspx10_oy3.osim
[2022-11-14 14:06:47.143] [warning] Couldn't find file 'sacrum.vtp'.
[2022-11-14 14:06:47.143] [warning] Couldn't find file 'pelvis.vtp'.
[2022-11-14 14:06:47.143] [warning] Couldn't find file 'l_pelvis.vtp'.
[2022-11-14 14:06:47.143] [warning] Couldn't find file 'femur_r.vtp'.
[2022-11-14 14:06:47.143] [warning] Couldn't find file 'tibia_r.vtp'.
[2022-11-14 14:06:47.143] [warning] Couldn't find file 'fibula_r.vtp'.
[2022-11-14 14:06:47.143] [warning] Couldn't find file 'talus_rv.vtp'.
[2022-11-14 14:06:47.143] [warning] Couldn't find file 'calcaneous_rv.vtp'.
[2022-11-14 14:06:47.144] [warning] Couldn't find file 'model_r_midfoot.stl'.
[2022-11-14 14:06:47.144] [warning] Couldn't find file 'model_r_forefoot.stl'.
[2022-11-14 14:06:47.144] [warning] Couldn't find file 'model_r_toes.stl'.
[2022-11-14 14:06:47.144] [warning] Couldn't find file 'femur_l.vtp'.
[2022-11-14 14:06:47.144] [warning] Couldn't find file 'tibia_l.vtp'.
[2022-11-14 14:06:47.144] [warning] Couldn't find file 'fibula_l.vtp'.
[2022-11-14 14:06:47.144] [warning] Couldn't find file 'talus_lv.vtp'.
[2022-11-14 14:06:47.144] [warning] Couldn't find file 'calcaneous_lv.vtp'.
[2022-11-14 14:06:47.144] [warning] Couldn't find file 'model_l_midfoot.stl'.
[2022-11-14 14:06:47.144] [warning] Couldn't find file 'model_l_forefoot.stl'.
[2022-11-14 14:06:47.144] [warning] Couldn't find file 'model_l_toes.stl'.
[2022-11-14 14:06:47.144] [warning] Couldn't find file 'hat_spine.vtp'.
[2022-11-14 14:06:47.144] [warning] Couldn't find file 'hat_jaw.vtp'.
[2022-11-14 14:06:47.144] [warning] Couldn't find file 'hat_skull.vtp'.
[2022-11-14 14:06:47.144] [warning] Couldn't find file 'hat_ribs_scap.vtp'.
[2022-11-14 14:06:47.144] [warning] Couldn't find file 'humerus_rv.vtp'.
[2022-11-14 14:06:47.144] [warning] Couldn't find file 'ulna_rv.vtp'.
[2022-11-14 14:06:47.145] [warning] Couldn't find file 'radius_rv.vtp'.
[2022-11-14 14:06:47.145] [warning] Couldn't find file 'pisiform_rvs.vtp'.
[2022-11-14 14:06:47.145] [warning] Couldn't find file 'lunate_rvs.vtp'.
[2022-11-14 14:06:47.145] [warning] Couldn't find file 'scaphoid_rvs.vtp'.
[2022-11-14 14:06:47.145] [warning] Couldn't find file 'triquetrum_rvs.vtp'.
[2022-11-14 14:06:47.145] [warning] Couldn't find file 'hamate_rvs.vtp'.
[2022-11-14 14:06:47.145] [warning] Couldn't find file 'capitate_rvs.vtp'.
[2022-11-14 14:06:47.145] [warning] Couldn't find file 'trapezoid_rvs.vtp'.
[2022-11-14 14:06:47.145] [warning] Couldn't find file 'trapezium_rvs.vtp'.
[2022-11-14 14:06:47.145] [warning] Couldn't find file 'metacarpal2_rvs.vtp'.
[2022-11-14 14:06:47.145] [warning] Couldn't find file 'index_proximal_rvs.vtp'.
[2022-11-14 14:06:47.145] [warning] Couldn't find file 'index_medial_rvs.vtp'.
[2022-11-14 14:06:47.145] [warning] Couldn't find file 'index_distal_rvs.vtp'.
[2022-11-14 14:06:47.145] [warning] Couldn't find file 'metacarpal3_rvs.vtp'.
[2022-11-14 14:06:47.145] [warning] Couldn't find file 'middle_proximal_rvs.vtp'.
[2022-11-14 14:06:47.145] [warning] Couldn't find file 'middle_medial_rvs.vtp'.
[2022-11-14 14:06:47.145] [warning] Couldn't find file 'middle_distal_rvs.vtp'.
[2022-11-14 14:06:47.145] [warning] Couldn't find file 'metacarpal4_rvs.vtp'.
[2022-11-14 14:06:47.146] [warning] Couldn't find file 'ring_proximal_rvs.vtp'.
[2022-11-14 14:06:47.146] [warning] Couldn't find file 'ring_medial_rvs.vtp'.
[2022-11-14 14:06:47.146] [warning] Couldn't find file 'ring_distal_rvs.vtp'.
[2022-11-14 14:06:47.146] [warning] Couldn't find file 'metacarpal5_rvs.vtp'.
[2022-11-14 14:06:47.146] [warning] Couldn't find file 'little_proximal_rvs.vtp'.
[2022-11-14 14:06:47.146] [warning] Couldn't find file 'little_medial_rvs.vtp'.
[2022-11-14 14:06:47.146] [warning] Couldn't find file 'little_distal_rvs.vtp'.
[2022-11-14 14:06:47.146] [warning] Couldn't find file 'metacarpal1_rvs.vtp'.
[2022-11-14 14:06:47.146] [warning] Couldn't find file 'thumb_proximal_rvs.vtp'.
[2022-11-14 14:06:47.146] [warning] Couldn't find file 'thumb_distal_rvs.vtp'.
[2022-11-14 14:06:47.146] [warning] Couldn't find file 'humerus_lv.vtp'.
[2022-11-14 14:06:47.146] [warning] Couldn't find file 'ulna_lv.vtp'.
[2022-11-14 14:06:47.146] [warning] Couldn't find file 'radius_lv.vtp'.
[2022-11-14 14:06:47.146] [warning] Couldn't find file 'pisiform_lvs.vtp'.
[2022-11-14 14:06:47.146] [warning] Couldn't find file 'lunate_lvs.vtp'.
[2022-11-14 14:06:47.146] [warning] Couldn't find file 'scaphoid_lvs.vtp'.
[2022-11-14 14:06:47.146] [warning] Couldn't find file 'triquetrum_lvs.vtp'.
[2022-11-14 14:06:47.146] [warning] Couldn't find file 'hamate_lvs.vtp'.
[2022-11-14 14:06:47.147] [warning] Couldn't find file 'capitate_lvs.vtp'.
[2022-11-14 14:06:47.147] [warning] Couldn't find file 'trapezoid_lvs.vtp'.
[2022-11-14 14:06:47.147] [warning] Couldn't find file 'trapezium_lvs.vtp'.
[2022-11-14 14:06:47.147] [warning] Couldn't find file 'metacarpal2_lvs.vtp'.
[2022-11-14 14:06:47.147] [warning] Couldn't find file 'index_proximal_lvs.vtp'.
[2022-11-14 14:06:47.147] [warning] Couldn't find file 'index_medial_lvs.vtp'.
[2022-11-14 14:06:47.147] [warning] Couldn't find file 'index_distal_lvs.vtp'.
[2022-11-14 14:06:47.147] [warning] Couldn't find file 'metacarpal3_lvs.vtp'.
[2022-11-14 14:06:47.147] [warning] Couldn't find file 'middle_proximal_lvs.vtp'.
[2022-11-14 14:06:47.147] [warning] Couldn't find file 'middle_medial_lvs.vtp'.
[2022-11-14 14:06:47.147] [warning] Couldn't find file 'middle_distal_lvs.vtp'.
[2022-11-14 14:06:47.147] [warning] Couldn't find file 'metacarpal4_lvs.vtp'.
[2022-11-14 14:06:47.147] [warning] Couldn't find file 'ring_proximal_lvs.vtp'.
[2022-11-14 14:06:47.147] [warning] Couldn't find file 'ring_medial_lvs.vtp'.
[2022-11-14 14:06:47.147] [warning] Couldn't find file 'ring_distal_lvs.vtp'.
[2022-11-14 14:06:47.147] [warning] Couldn't find file 'metacarpal5_lvs.vtp'.
[2022-11-14 14:06:47.147] [warning] Couldn't find file 'little_proximal_lvs.vtp'.
[2022-11-14 14:06:47.147] [warning] Couldn't find file 'little_medial_lvs.vtp'.
[2022-11-14 14:06:47.148] [warning] Couldn't find file 'little_distal_lvs.vtp'.
[2022-11-14 14:06:47.148] [warning] Couldn't find file 'metacarpal1_lvs.vtp'.
[2022-11-14 14:06:47.148] [warning] Couldn't find file 'thumb_proximal_lvs.vtp'.
[2022-11-14 14:06:47.148] [warning] Couldn't find file 'thumb_distal_lvs.vtp'.
[2022-11-14 14:07:23.890] [info] Loaded model subject1_withMTJ_locked_scaled_custom from file C:\Users\u0150099\Documents\master_thesis\3dpredictsim\OpenSimModel\subject1\Fal_s1_mtjc4_FK_sc_FDB2_MTc5_cspx10_oy3.osim
[2022-11-14 14:07:23.890] [warning] Couldn't find file 'sacrum.vtp'.
[2022-11-14 14:07:23.890] [warning] Couldn't find file 'pelvis.vtp'.
[2022-11-14 14:07:23.891] [warning] Couldn't find file 'l_pelvis.vtp'.
[2022-11-14 14:07:23.891] [warning] Couldn't find file 'femur_r.vtp'.
[2022-11-14 14:07:23.891] [warning] Couldn't find file 'tibia_r.vtp'.
[2022-11-14 14:07:23.891] [warning] Couldn't find file 'fibula_r.vtp'.
[2022-11-14 14:07:23.891] [warning] Couldn't find file 'talus_rv.vtp'.
[2022-11-14 14:07:23.891] [warning] Couldn't find file 'calcaneous_rv.vtp'.
[2022-11-14 14:07:23.891] [warning] Couldn't find file 'model_r_midfoot.stl'.
[2022-11-14 14:07:23.891] [warning] Couldn't find file 'model_r_forefoot.stl'.
[2022-11-14 14:07:23.891] [warning] Couldn't find file 'model_r_toes.stl'.
[2022-11-14 14:07:23.891] [warning] Couldn't find file 'femur_l.vtp'.
[2022-11-14 14:07:23.891] [warning] Couldn't find file 'tibia_l.vtp'.
[2022-11-14 14:07:23.891] [warning] Couldn't find file 'fibula_l.vtp'.
[2022-11-14 14:07:23.891] [warning] Couldn't find file 'talus_lv.vtp'.
[2022-11-14 14:07:23.891] [warning] Couldn't find file 'calcaneous_lv.vtp'.
[2022-11-14 14:07:23.891] [warning] Couldn't find file 'model_l_midfoot.stl'.
[2022-11-14 14:07:23.891] [warning] Couldn't find file 'model_l_forefoot.stl'.
[2022-11-14 14:07:23.892] [warning] Couldn't find file 'model_l_toes.stl'.
[2022-11-14 14:07:23.892] [warning] Couldn't find file 'hat_spine.vtp'.
[2022-11-14 14:07:23.892] [warning] Couldn't find file 'hat_jaw.vtp'.
[2022-11-14 14:07:23.892] [warning] Couldn't find file 'hat_skull.vtp'.
[2022-11-14 14:07:23.892] [warning] Couldn't find file 'hat_ribs_scap.vtp'.
[2022-11-14 14:07:23.892] [warning] Couldn't find file 'humerus_rv.vtp'.
[2022-11-14 14:07:23.892] [warning] Couldn't find file 'ulna_rv.vtp'.
[2022-11-14 14:07:23.892] [warning] Couldn't find file 'radius_rv.vtp'.
[2022-11-14 14:07:23.892] [warning] Couldn't find file 'pisiform_rvs.vtp'.
[2022-11-14 14:07:23.892] [warning] Couldn't find file 'lunate_rvs.vtp'.
[2022-11-14 14:07:23.892] [warning] Couldn't find file 'scaphoid_rvs.vtp'.
[2022-11-14 14:07:23.892] [warning] Couldn't find file 'triquetrum_rvs.vtp'.
[2022-11-14 14:07:23.892] [warning] Couldn't find file 'hamate_rvs.vtp'.
[2022-11-14 14:07:23.892] [warning] Couldn't find file 'capitate_rvs.vtp'.
[2022-11-14 14:07:23.892] [warning] Couldn't find file 'trapezoid_rvs.vtp'.
[2022-11-14 14:07:23.892] [warning] Couldn't find file 'trapezium_rvs.vtp'.
[2022-11-14 14:07:23.892] [warning] Couldn't find file 'metacarpal2_rvs.vtp'.
[2022-11-14 14:07:23.892] [warning] Couldn't find file 'index_proximal_rvs.vtp'.
[2022-11-14 14:07:23.893] [warning] Couldn't find file 'index_medial_rvs.vtp'.
[2022-11-14 14:07:23.893] [warning] Couldn't find file 'index_distal_rvs.vtp'.
[2022-11-14 14:07:23.893] [warning] Couldn't find file 'metacarpal3_rvs.vtp'.
[2022-11-14 14:07:23.893] [warning] Couldn't find file 'middle_proximal_rvs.vtp'.
[2022-11-14 14:07:23.893] [warning] Couldn't find file 'middle_medial_rvs.vtp'.
[2022-11-14 14:07:23.893] [warning] Couldn't find file 'middle_distal_rvs.vtp'.
[2022-11-14 14:07:23.893] [warning] Couldn't find file 'metacarpal4_rvs.vtp'.
[2022-11-14 14:07:23.893] [warning] Couldn't find file 'ring_proximal_rvs.vtp'.
[2022-11-14 14:07:23.893] [warning] Couldn't find file 'ring_medial_rvs.vtp'.
[2022-11-14 14:07:23.893] [warning] Couldn't find file 'ring_distal_rvs.vtp'.
[2022-11-14 14:07:23.893] [warning] Couldn't find file 'metacarpal5_rvs.vtp'.
[2022-11-14 14:07:23.893] [warning] Couldn't find file 'little_proximal_rvs.vtp'.
[2022-11-14 14:07:23.893] [warning] Couldn't find file 'little_medial_rvs.vtp'.
[2022-11-14 14:07:23.893] [warning] Couldn't find file 'little_distal_rvs.vtp'.
[2022-11-14 14:07:23.893] [warning] Couldn't find file 'metacarpal1_rvs.vtp'.
[2022-11-14 14:07:23.893] [warning] Couldn't find file 'thumb_proximal_rvs.vtp'.
[2022-11-14 14:07:23.893] [warning] Couldn't find file 'thumb_distal_rvs.vtp'.
[2022-11-14 14:07:23.893] [warning] Couldn't find file 'humerus_lv.vtp'.
[2022-11-14 14:07:23.894] [warning] Couldn't find file 'ulna_lv.vtp'.
[2022-11-14 14:07:23.894] [warning] Couldn't find file 'radius_lv.vtp'.
[2022-11-14 14:07:23.894] [warning] Couldn't find file 'pisiform_lvs.vtp'.
[2022-11-14 14:07:23.894] [warning] Couldn't find file 'lunate_lvs.vtp'.
[2022-11-14 14:07:23.894] [warning] Couldn't find file 'scaphoid_lvs.vtp'.
[2022-11-14 14:07:23.894] [warning] Couldn't find file 'triquetrum_lvs.vtp'.
[2022-11-14 14:07:23.894] [warning] Couldn't find file 'hamate_lvs.vtp'.
[2022-11-14 14:07:23.894] [warning] Couldn't find file 'capitate_lvs.vtp'.
[2022-11-14 14:07:23.894] [warning] Couldn't find file 'trapezoid_lvs.vtp'.
[2022-11-14 14:07:23.894] [warning] Couldn't find file 'trapezium_lvs.vtp'.
[2022-11-14 14:07:23.894] [warning] Couldn't find file 'metacarpal2_lvs.vtp'.
[2022-11-14 14:07:23.894] [warning] Couldn't find file 'index_proximal_lvs.vtp'.
[2022-11-14 14:07:23.894] [warning] Couldn't find file 'index_medial_lvs.vtp'.
[2022-11-14 14:07:23.894] [warning] Couldn't find file 'index_distal_lvs.vtp'.
[2022-11-14 14:07:23.894] [warning] Couldn't find file 'metacarpal3_lvs.vtp'.
[2022-11-14 14:07:23.894] [warning] Couldn't find file 'middle_proximal_lvs.vtp'.
[2022-11-14 14:07:23.894] [warning] Couldn't find file 'middle_medial_lvs.vtp'.
[2022-11-14 14:07:23.894] [warning] Couldn't find file 'middle_distal_lvs.vtp'.
[2022-11-14 14:07:23.895] [warning] Couldn't find file 'metacarpal4_lvs.vtp'.
[2022-11-14 14:07:23.895] [warning] Couldn't find file 'ring_proximal_lvs.vtp'.
[2022-11-14 14:07:23.895] [warning] Couldn't find file 'ring_medial_lvs.vtp'.
[2022-11-14 14:07:23.895] [warning] Couldn't find file 'ring_distal_lvs.vtp'.
[2022-11-14 14:07:23.895] [warning] Couldn't find file 'metacarpal5_lvs.vtp'.
[2022-11-14 14:07:23.895] [warning] Couldn't find file 'little_proximal_lvs.vtp'.
[2022-11-14 14:07:23.895] [warning] Couldn't find file 'little_medial_lvs.vtp'.
[2022-11-14 14:07:23.895] [warning] Couldn't find file 'little_distal_lvs.vtp'.
[2022-11-14 14:07:23.895] [warning] Couldn't find file 'metacarpal1_lvs.vtp'.
[2022-11-14 14:07:23.895] [warning] Couldn't find file 'thumb_proximal_lvs.vtp'.
[2022-11-14 14:07:23.895] [warning] Couldn't find file 'thumb_distal_lvs.vtp'.
[2022-11-14 14:10:15.194] [info] Loaded model subject1_withMTJ_locked_scaled_custom from file C:\Users\u0150099\Documents\master_thesis\3dpredictsim\OpenSimModel\subject1\Fal_s1_mtjc4_FK_sc_FDB2_MTc5_cspx10_oy3.osim
[2022-11-14 14:10:15.195] [warning] Couldn't find file 'sacrum.vtp'.
[2022-11-14 14:10:15.195] [warning] Couldn't find file 'pelvis.vtp'.
[2022-11-14 14:10:15.195] [warning] Couldn't find file 'l_pelvis.vtp'.
[2022-11-14 14:10:15.195] [warning] Couldn't find file 'femur_r.vtp'.
[2022-11-14 14:10:15.195] [warning] Couldn't find file 'tibia_r.vtp'.
[2022-11-14 14:10:15.195] [warning] Couldn't find file 'fibula_r.vtp'.
[2022-11-14 14:10:15.195] [warning] Couldn't find file 'talus_rv.vtp'.
[2022-11-14 14:10:15.195] [warning] Couldn't find file 'calcaneous_rv.vtp'.
[2022-11-14 14:10:15.195] [warning] Couldn't find file 'model_r_midfoot.stl'.
[2022-11-14 14:10:15.195] [warning] Couldn't find file 'model_r_forefoot.stl'.
[2022-11-14 14:10:15.195] [warning] Couldn't find file 'model_r_toes.stl'.
[2022-11-14 14:10:15.195] [warning] Couldn't find file 'femur_l.vtp'.
[2022-11-14 14:10:15.195] [warning] Couldn't find file 'tibia_l.vtp'.
[2022-11-14 14:10:15.195] [warning] Couldn't find file 'fibula_l.vtp'.
[2022-11-14 14:10:15.195] [warning] Couldn't find file 'talus_lv.vtp'.
[2022-11-14 14:10:15.196] [warning] Couldn't find file 'calcaneous_lv.vtp'.
[2022-11-14 14:10:15.196] [warning] Couldn't find file 'model_l_midfoot.stl'.
[2022-11-14 14:10:15.196] [warning] Couldn't find file 'model_l_forefoot.stl'.
[2022-11-14 14:10:15.196] [warning] Couldn't find file 'model_l_toes.stl'.
[2022-11-14 14:10:15.196] [warning] Couldn't find file 'hat_spine.vtp'.
[2022-11-14 14:10:15.196] [warning] Couldn't find file 'hat_jaw.vtp'.
[2022-11-14 14:10:15.196] [warning] Couldn't find file 'hat_skull.vtp'.
[2022-11-14 14:10:15.196] [warning] Couldn't find file 'hat_ribs_scap.vtp'.
[2022-11-14 14:10:15.196] [warning] Couldn't find file 'humerus_rv.vtp'.
[2022-11-14 14:10:15.196] [warning] Couldn't find file 'ulna_rv.vtp'.
[2022-11-14 14:10:15.196] [warning] Couldn't find file 'radius_rv.vtp'.
[2022-11-14 14:10:15.196] [warning] Couldn't find file 'pisiform_rvs.vtp'.
[2022-11-14 14:10:15.196] [warning] Couldn't find file 'lunate_rvs.vtp'.
[2022-11-14 14:10:15.196] [warning] Couldn't find file 'scaphoid_rvs.vtp'.
[2022-11-14 14:10:15.196] [warning] Couldn't find file 'triquetrum_rvs.vtp'.
[2022-11-14 14:10:15.196] [warning] Couldn't find file 'hamate_rvs.vtp'.
[2022-11-14 14:10:15.196] [warning] Couldn't find file 'capitate_rvs.vtp'.
[2022-11-14 14:10:15.197] [warning] Couldn't find file 'trapezoid_rvs.vtp'.
[2022-11-14 14:10:15.197] [warning] Couldn't find file 'trapezium_rvs.vtp'.
[2022-11-14 14:10:15.197] [warning] Couldn't find file 'metacarpal2_rvs.vtp'.
[2022-11-14 14:10:15.197] [warning] Couldn't find file 'index_proximal_rvs.vtp'.
[2022-11-14 14:10:15.197] [warning] Couldn't find file 'index_medial_rvs.vtp'.
[2022-11-14 14:10:15.197] [warning] Couldn't find file 'index_distal_rvs.vtp'.
[2022-11-14 14:10:15.197] [warning] Couldn't find file 'metacarpal3_rvs.vtp'.
[2022-11-14 14:10:15.197] [warning] Couldn't find file 'middle_proximal_rvs.vtp'.
[2022-11-14 14:10:15.197] [warning] Couldn't find file 'middle_medial_rvs.vtp'.
[2022-11-14 14:10:15.197] [warning] Couldn't find file 'middle_distal_rvs.vtp'.
[2022-11-14 14:10:15.197] [warning] Couldn't find file 'metacarpal4_rvs.vtp'.
[2022-11-14 14:10:15.197] [warning] Couldn't find file 'ring_proximal_rvs.vtp'.
[2022-11-14 14:10:15.197] [warning] Couldn't find file 'ring_medial_rvs.vtp'.
[2022-11-14 14:10:15.197] [warning] Couldn't find file 'ring_distal_rvs.vtp'.
[2022-11-14 14:10:15.197] [warning] Couldn't find file 'metacarpal5_rvs.vtp'.
[2022-11-14 14:10:15.197] [warning] Couldn't find file 'little_proximal_rvs.vtp'.
[2022-11-14 14:10:15.197] [warning] Couldn't find file 'little_medial_rvs.vtp'.
[2022-11-14 14:10:15.198] [warning] Couldn't find file 'little_distal_rvs.vtp'.
[2022-11-14 14:10:15.198] [warning] Couldn't find file 'metacarpal1_rvs.vtp'.
[2022-11-14 14:10:15.198] [warning] Couldn't find file 'thumb_proximal_rvs.vtp'.
[2022-11-14 14:10:15.198] [warning] Couldn't find file 'thumb_distal_rvs.vtp'.
[2022-11-14 14:10:15.198] [warning] Couldn't find file 'humerus_lv.vtp'.
[2022-11-14 14:10:15.198] [warning] Couldn't find file 'ulna_lv.vtp'.
[2022-11-14 14:10:15.198] [warning] Couldn't find file 'radius_lv.vtp'.
[2022-11-14 14:10:15.198] [warning] Couldn't find file 'pisiform_lvs.vtp'.
[2022-11-14 14:10:15.198] [warning] Couldn't find file 'lunate_lvs.vtp'.
[2022-11-14 14:10:15.198] [warning] Couldn't find file 'scaphoid_lvs.vtp'.
[2022-11-14 14:10:15.198] [warning] Couldn't find file 'triquetrum_lvs.vtp'.
[2022-11-14 14:10:15.198] [warning] Couldn't find file 'hamate_lvs.vtp'.
[2022-11-14 14:10:15.198] [warning] Couldn't find file 'capitate_lvs.vtp'.
[2022-11-14 14:10:15.198] [warning] Couldn't find file 'trapezoid_lvs.vtp'.
[2022-11-14 14:10:15.198] [warning] Couldn't find file 'trapezium_lvs.vtp'.
[2022-11-14 14:10:15.198] [warning] Couldn't find file 'metacarpal2_lvs.vtp'.
[2022-11-14 14:10:15.199] [warning] Couldn't find file 'index_proximal_lvs.vtp'.
[2022-11-14 14:10:15.199] [warning] Couldn't find file 'index_medial_lvs.vtp'.
[2022-11-14 14:10:15.199] [warning] Couldn't find file 'index_distal_lvs.vtp'.
[2022-11-14 14:10:15.199] [warning] Couldn't find file 'metacarpal3_lvs.vtp'.
[2022-11-14 14:10:15.199] [warning] Couldn't find file 'middle_proximal_lvs.vtp'.
[2022-11-14 14:10:15.199] [warning] Couldn't find file 'middle_medial_lvs.vtp'.
[2022-11-14 14:10:15.199] [warning] Couldn't find file 'middle_distal_lvs.vtp'.
[2022-11-14 14:10:15.199] [warning] Couldn't find file 'metacarpal4_lvs.vtp'.
[2022-11-14 14:10:15.199] [warning] Couldn't find file 'ring_proximal_lvs.vtp'.
[2022-11-14 14:10:15.199] [warning] Couldn't find file 'ring_medial_lvs.vtp'.
[2022-11-14 14:10:15.199] [warning] Couldn't find file 'ring_distal_lvs.vtp'.
[2022-11-14 14:10:15.199] [warning] Couldn't find file 'metacarpal5_lvs.vtp'.
[2022-11-14 14:10:15.199] [warning] Couldn't find file 'little_proximal_lvs.vtp'.
[2022-11-14 14:10:15.199] [warning] Couldn't find file 'little_medial_lvs.vtp'.
[2022-11-14 14:10:15.199] [warning] Couldn't find file 'little_distal_lvs.vtp'.
[2022-11-14 14:10:15.199] [warning] Couldn't find file 'metacarpal1_lvs.vtp'.
[2022-11-14 14:10:15.199] [warning] Couldn't find file 'thumb_proximal_lvs.vtp'.
[2022-11-14 14:10:15.199] [warning] Couldn't find file 'thumb_distal_lvs.vtp'.
[2022-11-14 14:14:27.280] [info] Loaded model subject1_withMTJ_locked_scaled_custom from file C:\Users\u0150099\Documents\master_thesis\3dpredictsim\OpenSimModel\subject1\Fal_s1_mtjc4_FK_sc_FDB2_MTc5_cspx10_oy3.osim
[2022-11-14 14:14:27.281] [warning] Couldn't find file 'sacrum.vtp'.
[2022-11-14 14:14:27.281] [warning] Couldn't find file 'pelvis.vtp'.
[2022-11-14 14:14:27.281] [warning] Couldn't find file 'l_pelvis.vtp'.
[2022-11-14 14:14:27.281] [warning] Couldn't find file 'femur_r.vtp'.
[2022-11-14 14:14:27.281] [warning] Couldn't find file 'tibia_r.vtp'.
[2022-11-14 14:14:27.281] [warning] Couldn't find file 'fibula_r.vtp'.
[2022-11-14 14:14:27.281] [warning] Couldn't find file 'talus_rv.vtp'.
[2022-11-14 14:14:27.281] [warning] Couldn't find file 'calcaneous_rv.vtp'.
[2022-11-14 14:14:27.281] [warning] Couldn't find file 'model_r_midfoot.stl'.
[2022-11-14 14:14:27.281] [warning] Couldn't find file 'model_r_forefoot.stl'.
[2022-11-14 14:14:27.281] [warning] Couldn't find file 'model_r_toes.stl'.
[2022-11-14 14:14:27.281] [warning] Couldn't find file 'femur_l.vtp'.
[2022-11-14 14:14:27.281] [warning] Couldn't find file 'tibia_l.vtp'.
[2022-11-14 14:14:27.281] [warning] Couldn't find file 'fibula_l.vtp'.
[2022-11-14 14:14:27.281] [warning] Couldn't find file 'talus_lv.vtp'.
[2022-11-14 14:14:27.282] [warning] Couldn't find file 'calcaneous_lv.vtp'.
[2022-11-14 14:14:27.282] [warning] Couldn't find file 'model_l_midfoot.stl'.
[2022-11-14 14:14:27.282] [warning] Couldn't find file 'model_l_forefoot.stl'.
[2022-11-14 14:14:27.282] [warning] Couldn't find file 'model_l_toes.stl'.
[2022-11-14 14:14:27.282] [warning] Couldn't find file 'hat_spine.vtp'.
[2022-11-14 14:14:27.282] [warning] Couldn't find file 'hat_jaw.vtp'.
[2022-11-14 14:14:27.282] [warning] Couldn't find file 'hat_skull.vtp'.
[2022-11-14 14:14:27.282] [warning] Couldn't find file 'hat_ribs_scap.vtp'.
[2022-11-14 14:14:27.282] [warning] Couldn't find file 'humerus_rv.vtp'.
[2022-11-14 14:14:27.282] [warning] Couldn't find file 'ulna_rv.vtp'.
[2022-11-14 14:14:27.282] [warning] Couldn't find file 'radius_rv.vtp'.
[2022-11-14 14:14:27.282] [warning] Couldn't find file 'pisiform_rvs.vtp'.
[2022-11-14 14:14:27.282] [warning] Couldn't find file 'lunate_rvs.vtp'.
[2022-11-14 14:14:27.282] [warning] Couldn't find file 'scaphoid_rvs.vtp'.
[2022-11-14 14:14:27.282] [warning] Couldn't find file 'triquetrum_rvs.vtp'.
[2022-11-14 14:14:27.282] [warning] Couldn't find file 'hamate_rvs.vtp'.
[2022-11-14 14:14:27.282] [warning] Couldn't find file 'capitate_rvs.vtp'.
[2022-11-14 14:14:27.283] [warning] Couldn't find file 'trapezoid_rvs.vtp'.
[2022-11-14 14:14:27.283] [warning] Couldn't find file 'trapezium_rvs.vtp'.
[2022-11-14 14:14:27.283] [warning] Couldn't find file 'metacarpal2_rvs.vtp'.
[2022-11-14 14:14:27.283] [warning] Couldn't find file 'index_proximal_rvs.vtp'.
[2022-11-14 14:14:27.283] [warning] Couldn't find file 'index_medial_rvs.vtp'.
[2022-11-14 14:14:27.283] [warning] Couldn't find file 'index_distal_rvs.vtp'.
[2022-11-14 14:14:27.283] [warning] Couldn't find file 'metacarpal3_rvs.vtp'.
[2022-11-14 14:14:27.283] [warning] Couldn't find file 'middle_proximal_rvs.vtp'.
[2022-11-14 14:14:27.283] [warning] Couldn't find file 'middle_medial_rvs.vtp'.
[2022-11-14 14:14:27.283] [warning] Couldn't find file 'middle_distal_rvs.vtp'.
[2022-11-14 14:14:27.283] [warning] Couldn't find file 'metacarpal4_rvs.vtp'.
[2022-11-14 14:14:27.283] [warning] Couldn't find file 'ring_proximal_rvs.vtp'.
[2022-11-14 14:14:27.283] [warning] Couldn't find file 'ring_medial_rvs.vtp'.
[2022-11-14 14:14:27.283] [warning] Couldn't find file 'ring_distal_rvs.vtp'.
[2022-11-14 14:14:27.283] [warning] Couldn't find file 'metacarpal5_rvs.vtp'.
[2022-11-14 14:14:27.283] [warning] Couldn't find file 'little_proximal_rvs.vtp'.
[2022-11-14 14:14:27.283] [warning] Couldn't find file 'little_medial_rvs.vtp'.
[2022-11-14 14:14:27.283] [warning] Couldn't find file 'little_distal_rvs.vtp'.
[2022-11-14 14:14:27.284] [warning] Couldn't find file 'metacarpal1_rvs.vtp'.
[2022-11-14 14:14:27.284] [warning] Couldn't find file 'thumb_proximal_rvs.vtp'.
[2022-11-14 14:14:27.284] [warning] Couldn't find file 'thumb_distal_rvs.vtp'.
[2022-11-14 14:14:27.284] [warning] Couldn't find file 'humerus_lv.vtp'.
[2022-11-14 14:14:27.284] [warning] Couldn't find file 'ulna_lv.vtp'.
[2022-11-14 14:14:27.284] [warning] Couldn't find file 'radius_lv.vtp'.
[2022-11-14 14:14:27.284] [warning] Couldn't find file 'pisiform_lvs.vtp'.
[2022-11-14 14:14:27.284] [warning] Couldn't find file 'lunate_lvs.vtp'.
[2022-11-14 14:14:27.284] [warning] Couldn't find file 'scaphoid_lvs.vtp'.
[2022-11-14 14:14:27.284] [warning] Couldn't find file 'triquetrum_lvs.vtp'.
[2022-11-14 14:14:27.284] [warning] Couldn't find file 'hamate_lvs.vtp'.
[2022-11-14 14:14:27.284] [warning] Couldn't find file 'capitate_lvs.vtp'.
[2022-11-14 14:14:27.284] [warning] Couldn't find file 'trapezoid_lvs.vtp'.
[2022-11-14 14:14:27.284] [warning] Couldn't find file 'trapezium_lvs.vtp'.
[2022-11-14 14:14:27.284] [warning] Couldn't find file 'metacarpal2_lvs.vtp'.
[2022-11-14 14:14:27.284] [warning] Couldn't find file 'index_proximal_lvs.vtp'.
[2022-11-14 14:14:27.284] [warning] Couldn't find file 'index_medial_lvs.vtp'.
[2022-11-14 14:14:27.284] [warning] Couldn't find file 'index_distal_lvs.vtp'.
[2022-11-14 14:14:27.285] [warning] Couldn't find file 'metacarpal3_lvs.vtp'.
[2022-11-14 14:14:27.285] [warning] Couldn't find file 'middle_proximal_lvs.vtp'.
[2022-11-14 14:14:27.285] [warning] Couldn't find file 'middle_medial_lvs.vtp'.
[2022-11-14 14:14:27.285] [warning] Couldn't find file 'middle_distal_lvs.vtp'.
[2022-11-14 14:14:27.285] [warning] Couldn't find file 'metacarpal4_lvs.vtp'.
[2022-11-14 14:14:27.285] [warning] Couldn't find file 'ring_proximal_lvs.vtp'.
[2022-11-14 14:14:27.285] [warning] Couldn't find file 'ring_medial_lvs.vtp'.
[2022-11-14 14:14:27.285] [warning] Couldn't find file 'ring_distal_lvs.vtp'.
[2022-11-14 14:14:27.285] [warning] Couldn't find file 'metacarpal5_lvs.vtp'.
[2022-11-14 14:14:27.285] [warning] Couldn't find file 'little_proximal_lvs.vtp'.
[2022-11-14 14:14:27.285] [warning] Couldn't find file 'little_medial_lvs.vtp'.
[2022-11-14 14:14:27.285] [warning] Couldn't find file 'little_distal_lvs.vtp'.
[2022-11-14 14:14:27.285] [warning] Couldn't find file 'metacarpal1_lvs.vtp'.
[2022-11-14 14:14:27.285] [warning] Couldn't find file 'thumb_proximal_lvs.vtp'.
[2022-11-14 14:14:27.285] [warning] Couldn't find file 'thumb_distal_lvs.vtp'.
[2022-11-14 14:14:44.692] [info] Loaded model subject1_withMTJ_locked_scaled_custom from file C:\Users\u0150099\Documents\master_thesis\3dpredictsim\OpenSimModel\subject1\Fal_s1_mtjc4_FK_sc_FDB2_MTc5_cspx10_oy3.osim
[2022-11-14 14:14:44.693] [warning] Couldn't find file 'sacrum.vtp'.
[2022-11-14 14:14:44.693] [warning] Couldn't find file 'pelvis.vtp'.
[2022-11-14 14:14:44.693] [warning] Couldn't find file 'l_pelvis.vtp'.
[2022-11-14 14:14:44.693] [warning] Couldn't find file 'femur_r.vtp'.
[2022-11-14 14:14:44.693] [warning] Couldn't find file 'tibia_r.vtp'.
[2022-11-14 14:14:44.693] [warning] Couldn't find file 'fibula_r.vtp'.
[2022-11-14 14:14:44.693] [warning] Couldn't find file 'talus_rv.vtp'.
[2022-11-14 14:14:44.693] [warning] Couldn't find file 'calcaneous_rv.vtp'.
[2022-11-14 14:14:44.693] [warning] Couldn't find file 'model_r_midfoot.stl'.
[2022-11-14 14:14:44.693] [warning] Couldn't find file 'model_r_forefoot.stl'.
[2022-11-14 14:14:44.693] [warning] Couldn't find file 'model_r_toes.stl'.
[2022-11-14 14:14:44.694] [warning] Couldn't find file 'femur_l.vtp'.
[2022-11-14 14:14:44.694] [warning] Couldn't find file 'tibia_l.vtp'.
[2022-11-14 14:14:44.694] [warning] Couldn't find file 'fibula_l.vtp'.
[2022-11-14 14:14:44.694] [warning] Couldn't find file 'talus_lv.vtp'.
[2022-11-14 14:14:44.694] [warning] Couldn't find file 'calcaneous_lv.vtp'.
[2022-11-14 14:14:44.694] [warning] Couldn't find file 'model_l_midfoot.stl'.
[2022-11-14 14:14:44.694] [warning] Couldn't find file 'model_l_forefoot.stl'.
[2022-11-14 14:14:44.694] [warning] Couldn't find file 'model_l_toes.stl'.
[2022-11-14 14:14:44.694] [warning] Couldn't find file 'hat_spine.vtp'.
[2022-11-14 14:14:44.694] [warning] Couldn't find file 'hat_jaw.vtp'.
[2022-11-14 14:14:44.694] [warning] Couldn't find file 'hat_skull.vtp'.
[2022-11-14 14:14:44.694] [warning] Couldn't find file 'hat_ribs_scap.vtp'.
[2022-11-14 14:14:44.694] [warning] Couldn't find file 'humerus_rv.vtp'.
[2022-11-14 14:14:44.694] [warning] Couldn't find file 'ulna_rv.vtp'.
[2022-11-14 14:14:44.694] [warning] Couldn't find file 'radius_rv.vtp'.
[2022-11-14 14:14:44.694] [warning] Couldn't find file 'pisiform_rvs.vtp'.
[2022-11-14 14:14:44.694] [warning] Couldn't find file 'lunate_rvs.vtp'.
[2022-11-14 14:14:44.695] [warning] Couldn't find file 'scaphoid_rvs.vtp'.
[2022-11-14 14:14:44.695] [warning] Couldn't find file 'triquetrum_rvs.vtp'.
[2022-11-14 14:14:44.695] [warning] Couldn't find file 'hamate_rvs.vtp'.
[2022-11-14 14:14:44.695] [warning] Couldn't find file 'capitate_rvs.vtp'.
[2022-11-14 14:14:44.695] [warning] Couldn't find file 'trapezoid_rvs.vtp'.
[2022-11-14 14:14:44.695] [warning] Couldn't find file 'trapezium_rvs.vtp'.
[2022-11-14 14:14:44.695] [warning] Couldn't find file 'metacarpal2_rvs.vtp'.
[2022-11-14 14:14:44.695] [warning] Couldn't find file 'index_proximal_rvs.vtp'.
[2022-11-14 14:14:44.695] [warning] Couldn't find file 'index_medial_rvs.vtp'.
[2022-11-14 14:14:44.695] [warning] Couldn't find file 'index_distal_rvs.vtp'.
[2022-11-14 14:14:44.695] [warning] Couldn't find file 'metacarpal3_rvs.vtp'.
[2022-11-14 14:14:44.695] [warning] Couldn't find file 'middle_proximal_rvs.vtp'.
[2022-11-14 14:14:44.695] [warning] Couldn't find file 'middle_medial_rvs.vtp'.
[2022-11-14 14:14:44.695] [warning] Couldn't find file 'middle_distal_rvs.vtp'.
[2022-11-14 14:14:44.695] [warning] Couldn't find file 'metacarpal4_rvs.vtp'.
[2022-11-14 14:14:44.695] [warning] Couldn't find file 'ring_proximal_rvs.vtp'.
[2022-11-14 14:14:44.695] [warning] Couldn't find file 'ring_medial_rvs.vtp'.
[2022-11-14 14:14:44.696] [warning] Couldn't find file 'ring_distal_rvs.vtp'.
[2022-11-14 14:14:44.696] [warning] Couldn't find file 'metacarpal5_rvs.vtp'.
[2022-11-14 14:14:44.696] [warning] Couldn't find file 'little_proximal_rvs.vtp'.
[2022-11-14 14:14:44.696] [warning] Couldn't find file 'little_medial_rvs.vtp'.
[2022-11-14 14:14:44.696] [warning] Couldn't find file 'little_distal_rvs.vtp'.
[2022-11-14 14:14:44.696] [warning] Couldn't find file 'metacarpal1_rvs.vtp'.
[2022-11-14 14:14:44.696] [warning] Couldn't find file 'thumb_proximal_rvs.vtp'.
[2022-11-14 14:14:44.696] [warning] Couldn't find file 'thumb_distal_rvs.vtp'.
[2022-11-14 14:14:44.696] [warning] Couldn't find file 'humerus_lv.vtp'.
[2022-11-14 14:14:44.696] [warning] Couldn't find file 'ulna_lv.vtp'.
[2022-11-14 14:14:44.696] [warning] Couldn't find file 'radius_lv.vtp'.
[2022-11-14 14:14:44.696] [warning] Couldn't find file 'pisiform_lvs.vtp'.
[2022-11-14 14:14:44.696] [warning] Couldn't find file 'lunate_lvs.vtp'.
[2022-11-14 14:14:44.696] [warning] Couldn't find file 'scaphoid_lvs.vtp'.
[2022-11-14 14:14:44.696] [warning] Couldn't find file 'triquetrum_lvs.vtp'.
[2022-11-14 14:14:44.696] [warning] Couldn't find file 'hamate_lvs.vtp'.
[2022-11-14 14:14:44.696] [warning] Couldn't find file 'capitate_lvs.vtp'.
[2022-11-14 14:14:44.696] [warning] Couldn't find file 'trapezoid_lvs.vtp'.
[2022-11-14 14:14:44.697] [warning] Couldn't find file 'trapezium_lvs.vtp'.
[2022-11-14 14:14:44.697] [warning] Couldn't find file 'metacarpal2_lvs.vtp'.
[2022-11-14 14:14:44.697] [warning] Couldn't find file 'index_proximal_lvs.vtp'.
[2022-11-14 14:14:44.697] [warning] Couldn't find file 'index_medial_lvs.vtp'.
[2022-11-14 14:14:44.697] [warning] Couldn't find file 'index_distal_lvs.vtp'.
[2022-11-14 14:14:44.697] [warning] Couldn't find file 'metacarpal3_lvs.vtp'.
[2022-11-14 14:14:44.697] [warning] Couldn't find file 'middle_proximal_lvs.vtp'.
[2022-11-14 14:14:44.697] [warning] Couldn't find file 'middle_medial_lvs.vtp'.
[2022-11-14 14:14:44.697] [warning] Couldn't find file 'middle_distal_lvs.vtp'.
[2022-11-14 14:14:44.697] [warning] Couldn't find file 'metacarpal4_lvs.vtp'.
[2022-11-14 14:14:44.697] [warning] Couldn't find file 'ring_proximal_lvs.vtp'.
[2022-11-14 14:14:44.697] [warning] Couldn't find file 'ring_medial_lvs.vtp'.
[2022-11-14 14:14:44.697] [warning] Couldn't find file 'ring_distal_lvs.vtp'.
[2022-11-14 14:14:44.697] [warning] Couldn't find file 'metacarpal5_lvs.vtp'.
[2022-11-14 14:14:44.697] [warning] Couldn't find file 'little_proximal_lvs.vtp'.
[2022-11-14 14:14:44.697] [warning] Couldn't find file 'little_medial_lvs.vtp'.
[2022-11-14 14:14:44.697] [warning] Couldn't find file 'little_distal_lvs.vtp'.
[2022-11-14 14:14:44.697] [warning] Couldn't find file 'metacarpal1_lvs.vtp'.
[2022-11-14 14:14:44.698] [warning] Couldn't find file 'thumb_proximal_lvs.vtp'.
[2022-11-14 14:14:44.698] [warning] Couldn't find file 'thumb_distal_lvs.vtp'.
[2022-11-14 14:16:18.132] [info] Loaded model subject1_withMTJ_locked_scaled_custom from file C:\Users\u0150099\Documents\master_thesis\3dpredictsim\OpenSimModel\subject1\Fal_s1_mtjc4_FK_sc_FDB2_MTc5_cspx10_oy3.osim
[2022-11-14 14:16:18.132] [warning] Couldn't find file 'sacrum.vtp'.
[2022-11-14 14:16:18.132] [warning] Couldn't find file 'pelvis.vtp'.
[2022-11-14 14:16:18.132] [warning] Couldn't find file 'l_pelvis.vtp'.
[2022-11-14 14:16:18.133] [warning] Couldn't find file 'femur_r.vtp'.
[2022-11-14 14:16:18.133] [warning] Couldn't find file 'tibia_r.vtp'.
[2022-11-14 14:16:18.133] [warning] Couldn't find file 'fibula_r.vtp'.
[2022-11-14 14:16:18.133] [warning] Couldn't find file 'talus_rv.vtp'.
[2022-11-14 14:16:18.133] [warning] Couldn't find file 'calcaneous_rv.vtp'.
[2022-11-14 14:16:18.133] [warning] Couldn't find file 'model_r_midfoot.stl'.
[2022-11-14 14:16:18.133] [warning] Couldn't find file 'model_r_forefoot.stl'.
[2022-11-14 14:16:18.133] [warning] Couldn't find file 'model_r_toes.stl'.
[2022-11-14 14:16:18.133] [warning] Couldn't find file 'femur_l.vtp'.
[2022-11-14 14:16:18.133] [warning] Couldn't find file 'tibia_l.vtp'.
[2022-11-14 14:16:18.133] [warning] Couldn't find file 'fibula_l.vtp'.
[2022-11-14 14:16:18.133] [warning] Couldn't find file 'talus_lv.vtp'.
[2022-11-14 14:16:18.133] [warning] Couldn't find file 'calcaneous_lv.vtp'.
[2022-11-14 14:16:18.133] [warning] Couldn't find file 'model_l_midfoot.stl'.
[2022-11-14 14:16:18.133] [warning] Couldn't find file 'model_l_forefoot.stl'.
[2022-11-14 14:16:18.133] [warning] Couldn't find file 'model_l_toes.stl'.
[2022-11-14 14:16:18.133] [warning] Couldn't find file 'hat_spine.vtp'.
[2022-11-14 14:16:18.134] [warning] Couldn't find file 'hat_jaw.vtp'.
[2022-11-14 14:16:18.134] [warning] Couldn't find file 'hat_skull.vtp'.
[2022-11-14 14:16:18.134] [warning] Couldn't find file 'hat_ribs_scap.vtp'.
[2022-11-14 14:16:18.134] [warning] Couldn't find file 'humerus_rv.vtp'.
[2022-11-14 14:16:18.134] [warning] Couldn't find file 'ulna_rv.vtp'.
[2022-11-14 14:16:18.134] [warning] Couldn't find file 'radius_rv.vtp'.
[2022-11-14 14:16:18.134] [warning] Couldn't find file 'pisiform_rvs.vtp'.
[2022-11-14 14:16:18.134] [warning] Couldn't find file 'lunate_rvs.vtp'.
[2022-11-14 14:16:18.134] [warning] Couldn't find file 'scaphoid_rvs.vtp'.
[2022-11-14 14:16:18.134] [warning] Couldn't find file 'triquetrum_rvs.vtp'.
[2022-11-14 14:16:18.134] [warning] Couldn't find file 'hamate_rvs.vtp'.
[2022-11-14 14:16:18.134] [warning] Couldn't find file 'capitate_rvs.vtp'.
[2022-11-14 14:16:18.134] [warning] Couldn't find file 'trapezoid_rvs.vtp'.
[2022-11-14 14:16:18.134] [warning] Couldn't find file 'trapezium_rvs.vtp'.
[2022-11-14 14:16:18.134] [warning] Couldn't find file 'metacarpal2_rvs.vtp'.
[2022-11-14 14:16:18.134] [warning] Couldn't find file 'index_proximal_rvs.vtp'.
[2022-11-14 14:16:18.134] [warning] Couldn't find file 'index_medial_rvs.vtp'.
[2022-11-14 14:16:18.135] [warning] Couldn't find file 'index_distal_rvs.vtp'.
[2022-11-14 14:16:18.135] [warning] Couldn't find file 'metacarpal3_rvs.vtp'.
[2022-11-14 14:16:18.135] [warning] Couldn't find file 'middle_proximal_rvs.vtp'.
[2022-11-14 14:16:18.135] [warning] Couldn't find file 'middle_medial_rvs.vtp'.
[2022-11-14 14:16:18.135] [warning] Couldn't find file 'middle_distal_rvs.vtp'.
[2022-11-14 14:16:18.135] [warning] Couldn't find file 'metacarpal4_rvs.vtp'.
[2022-11-14 14:16:18.135] [warning] Couldn't find file 'ring_proximal_rvs.vtp'.
[2022-11-14 14:16:18.135] [warning] Couldn't find file 'ring_medial_rvs.vtp'.
[2022-11-14 14:16:18.135] [warning] Couldn't find file 'ring_distal_rvs.vtp'.
[2022-11-14 14:16:18.135] [warning] Couldn't find file 'metacarpal5_rvs.vtp'.
[2022-11-14 14:16:18.135] [warning] Couldn't find file 'little_proximal_rvs.vtp'.
[2022-11-14 14:16:18.135] [warning] Couldn't find file 'little_medial_rvs.vtp'.
[2022-11-14 14:16:18.135] [warning] Couldn't find file 'little_distal_rvs.vtp'.
[2022-11-14 14:16:18.135] [warning] Couldn't find file 'metacarpal1_rvs.vtp'.
[2022-11-14 14:16:18.135] [warning] Couldn't find file 'thumb_proximal_rvs.vtp'.
[2022-11-14 14:16:18.135] [warning] Couldn't find file 'thumb_distal_rvs.vtp'.
[2022-11-14 14:16:18.135] [warning] Couldn't find file 'humerus_lv.vtp'.
[2022-11-14 14:16:18.135] [warning] Couldn't find file 'ulna_lv.vtp'.
[2022-11-14 14:16:18.136] [warning] Couldn't find file 'radius_lv.vtp'.
[2022-11-14 14:16:18.136] [warning] Couldn't find file 'pisiform_lvs.vtp'.
[2022-11-14 14:16:18.136] [warning] Couldn't find file 'lunate_lvs.vtp'.
[2022-11-14 14:16:18.136] [warning] Couldn't find file 'scaphoid_lvs.vtp'.
[2022-11-14 14:16:18.136] [warning] Couldn't find file 'triquetrum_lvs.vtp'.
[2022-11-14 14:16:18.136] [warning] Couldn't find file 'hamate_lvs.vtp'.
[2022-11-14 14:16:18.136] [warning] Couldn't find file 'capitate_lvs.vtp'.
[2022-11-14 14:16:18.136] [warning] Couldn't find file 'trapezoid_lvs.vtp'.
[2022-11-14 14:16:18.136] [warning] Couldn't find file 'trapezium_lvs.vtp'.
[2022-11-14 14:16:18.136] [warning] Couldn't find file 'metacarpal2_lvs.vtp'.
[2022-11-14 14:16:18.136] [warning] Couldn't find file 'index_proximal_lvs.vtp'.
[2022-11-14 14:16:18.136] [warning] Couldn't find file 'index_medial_lvs.vtp'.
[2022-11-14 14:16:18.136] [warning] Couldn't find file 'index_distal_lvs.vtp'.
[2022-11-14 14:16:18.136] [warning] Couldn't find file 'metacarpal3_lvs.vtp'.
[2022-11-14 14:16:18.136] [warning] Couldn't find file 'middle_proximal_lvs.vtp'.
[2022-11-14 14:16:18.136] [warning] Couldn't find file 'middle_medial_lvs.vtp'.
[2022-11-14 14:16:18.136] [warning] Couldn't find file 'middle_distal_lvs.vtp'.
[2022-11-14 14:16:18.136] [warning] Couldn't find file 'metacarpal4_lvs.vtp'.
[2022-11-14 14:16:18.137] [warning] Couldn't find file 'ring_proximal_lvs.vtp'.
[2022-11-14 14:16:18.137] [warning] Couldn't find file 'ring_medial_lvs.vtp'.
[2022-11-14 14:16:18.137] [warning] Couldn't find file 'ring_distal_lvs.vtp'.
[2022-11-14 14:16:18.137] [warning] Couldn't find file 'metacarpal5_lvs.vtp'.
[2022-11-14 14:16:18.137] [warning] Couldn't find file 'little_proximal_lvs.vtp'.
[2022-11-14 14:16:18.137] [warning] Couldn't find file 'little_medial_lvs.vtp'.
[2022-11-14 14:16:18.137] [warning] Couldn't find file 'little_distal_lvs.vtp'.
[2022-11-14 14:16:18.137] [warning] Couldn't find file 'metacarpal1_lvs.vtp'.
[2022-11-14 14:16:18.137] [warning] Couldn't find file 'thumb_proximal_lvs.vtp'.
[2022-11-14 14:16:18.137] [warning] Couldn't find file 'thumb_distal_lvs.vtp'.
[2022-11-14 14:17:33.654] [info] Loaded model subject1_withMTJ_locked_scaled_custom from file C:\Users\u0150099\Documents\master_thesis\3dpredictsim\OpenSimModel\subject1\Fal_s1_mtjc4_FK_sc_FDB2_MTc5_cspx10_oy3.osim
[2022-11-14 14:17:33.654] [warning] Couldn't find file 'sacrum.vtp'.
[2022-11-14 14:17:33.654] [warning] Couldn't find file 'pelvis.vtp'.
[2022-11-14 14:17:33.654] [warning] Couldn't find file 'l_pelvis.vtp'.
[2022-11-14 14:17:33.654] [warning] Couldn't find file 'femur_r.vtp'.
[2022-11-14 14:17:33.654] [warning] Couldn't find file 'tibia_r.vtp'.
[2022-11-14 14:17:33.654] [warning] Couldn't find file 'fibula_r.vtp'.
[2022-11-14 14:17:33.654] [warning] Couldn't find file 'talus_rv.vtp'.
[2022-11-14 14:17:33.654] [warning] Couldn't find file 'calcaneous_rv.vtp'.
[2022-11-14 14:17:33.655] [warning] Couldn't find file 'model_r_midfoot.stl'.
[2022-11-14 14:17:33.655] [warning] Couldn't find file 'model_r_forefoot.stl'.
[2022-11-14 14:17:33.655] [warning] Couldn't find file 'model_r_toes.stl'.
[2022-11-14 14:17:33.655] [warning] Couldn't find file 'femur_l.vtp'.
[2022-11-14 14:17:33.655] [warning] Couldn't find file 'tibia_l.vtp'.
[2022-11-14 14:17:33.655] [warning] Couldn't find file 'fibula_l.vtp'.
[2022-11-14 14:17:33.655] [warning] Couldn't find file 'talus_lv.vtp'.
[2022-11-14 14:17:33.655] [warning] Couldn't find file 'calcaneous_lv.vtp'.
[2022-11-14 14:17:33.655] [warning] Couldn't find file 'model_l_midfoot.stl'.
[2022-11-14 14:17:33.655] [warning] Couldn't find file 'model_l_forefoot.stl'.
[2022-11-14 14:17:33.655] [warning] Couldn't find file 'model_l_toes.stl'.
[2022-11-14 14:17:33.655] [warning] Couldn't find file 'hat_spine.vtp'.
[2022-11-14 14:17:33.655] [warning] Couldn't find file 'hat_jaw.vtp'.
[2022-11-14 14:17:33.655] [warning] Couldn't find file 'hat_skull.vtp'.
[2022-11-14 14:17:33.655] [warning] Couldn't find file 'hat_ribs_scap.vtp'.
[2022-11-14 14:17:33.655] [warning] Couldn't find file 'humerus_rv.vtp'.
[2022-11-14 14:17:33.655] [warning] Couldn't find file 'ulna_rv.vtp'.
[2022-11-14 14:17:33.656] [warning] Couldn't find file 'radius_rv.vtp'.
[2022-11-14 14:17:33.656] [warning] Couldn't find file 'pisiform_rvs.vtp'.
[2022-11-14 14:17:33.656] [warning] Couldn't find file 'lunate_rvs.vtp'.
[2022-11-14 14:17:33.656] [warning] Couldn't find file 'scaphoid_rvs.vtp'.
[2022-11-14 14:17:33.656] [warning] Couldn't find file 'triquetrum_rvs.vtp'.
[2022-11-14 14:17:33.656] [warning] Couldn't find file 'hamate_rvs.vtp'.
[2022-11-14 14:17:33.656] [warning] Couldn't find file 'capitate_rvs.vtp'.
[2022-11-14 14:17:33.656] [warning] Couldn't find file 'trapezoid_rvs.vtp'.
[2022-11-14 14:17:33.656] [warning] Couldn't find file 'trapezium_rvs.vtp'.
[2022-11-14 14:17:33.656] [warning] Couldn't find file 'metacarpal2_rvs.vtp'.
[2022-11-14 14:17:33.656] [warning] Couldn't find file 'index_proximal_rvs.vtp'.
[2022-11-14 14:17:33.656] [warning] Couldn't find file 'index_medial_rvs.vtp'.
[2022-11-14 14:17:33.656] [warning] Couldn't find file 'index_distal_rvs.vtp'.
[2022-11-14 14:17:33.656] [warning] Couldn't find file 'metacarpal3_rvs.vtp'.
[2022-11-14 14:17:33.656] [warning] Couldn't find file 'middle_proximal_rvs.vtp'.
[2022-11-14 14:17:33.656] [warning] Couldn't find file 'middle_medial_rvs.vtp'.
[2022-11-14 14:17:33.656] [warning] Couldn't find file 'middle_distal_rvs.vtp'.
[2022-11-14 14:17:33.656] [warning] Couldn't find file 'metacarpal4_rvs.vtp'.
[2022-11-14 14:17:33.657] [warning] Couldn't find file 'ring_proximal_rvs.vtp'.
[2022-11-14 14:17:33.657] [warning] Couldn't find file 'ring_medial_rvs.vtp'.
[2022-11-14 14:17:33.657] [warning] Couldn't find file 'ring_distal_rvs.vtp'.
[2022-11-14 14:17:33.657] [warning] Couldn't find file 'metacarpal5_rvs.vtp'.
[2022-11-14 14:17:33.657] [warning] Couldn't find file 'little_proximal_rvs.vtp'.
[2022-11-14 14:17:33.657] [warning] Couldn't find file 'little_medial_rvs.vtp'.
[2022-11-14 14:17:33.657] [warning] Couldn't find file 'little_distal_rvs.vtp'.
[2022-11-14 14:17:33.657] [warning] Couldn't find file 'metacarpal1_rvs.vtp'.
[2022-11-14 14:17:33.657] [warning] Couldn't find file 'thumb_proximal_rvs.vtp'.
[2022-11-14 14:17:33.657] [warning] Couldn't find file 'thumb_distal_rvs.vtp'.
[2022-11-14 14:17:33.657] [warning] Couldn't find file 'humerus_lv.vtp'.
[2022-11-14 14:17:33.657] [warning] Couldn't find file 'ulna_lv.vtp'.
[2022-11-14 14:17:33.657] [warning] Couldn't find file 'radius_lv.vtp'.
[2022-11-14 14:17:33.657] [warning] Couldn't find file 'pisiform_lvs.vtp'.
[2022-11-14 14:17:33.657] [warning] Couldn't find file 'lunate_lvs.vtp'.
[2022-11-14 14:17:33.657] [warning] Couldn't find file 'scaphoid_lvs.vtp'.
[2022-11-14 14:17:33.657] [warning] Couldn't find file 'triquetrum_lvs.vtp'.
[2022-11-14 14:17:33.657] [warning] Couldn't find file 'hamate_lvs.vtp'.
[2022-11-14 14:17:33.658] [warning] Couldn't find file 'capitate_lvs.vtp'.
[2022-11-14 14:17:33.658] [warning] Couldn't find file 'trapezoid_lvs.vtp'.
[2022-11-14 14:17:33.658] [warning] Couldn't find file 'trapezium_lvs.vtp'.
[2022-11-14 14:17:33.658] [warning] Couldn't find file 'metacarpal2_lvs.vtp'.
[2022-11-14 14:17:33.658] [warning] Couldn't find file 'index_proximal_lvs.vtp'.
[2022-11-14 14:17:33.658] [warning] Couldn't find file 'index_medial_lvs.vtp'.
[2022-11-14 14:17:33.658] [warning] Couldn't find file 'index_distal_lvs.vtp'.
[2022-11-14 14:17:33.658] [warning] Couldn't find file 'metacarpal3_lvs.vtp'.
[2022-11-14 14:17:33.658] [warning] Couldn't find file 'middle_proximal_lvs.vtp'.
[2022-11-14 14:17:33.658] [warning] Couldn't find file 'middle_medial_lvs.vtp'.
[2022-11-14 14:17:33.658] [warning] Couldn't find file 'middle_distal_lvs.vtp'.
[2022-11-14 14:17:33.658] [warning] Couldn't find file 'metacarpal4_lvs.vtp'.
[2022-11-14 14:17:33.658] [warning] Couldn't find file 'ring_proximal_lvs.vtp'.
[2022-11-14 14:17:33.658] [warning] Couldn't find file 'ring_medial_lvs.vtp'.
[2022-11-14 14:17:33.658] [warning] Couldn't find file 'ring_distal_lvs.vtp'.
[2022-11-14 14:17:33.658] [warning] Couldn't find file 'metacarpal5_lvs.vtp'.
[2022-11-14 14:17:33.658] [warning] Couldn't find file 'little_proximal_lvs.vtp'.
[2022-11-14 14:17:33.658] [warning] Couldn't find file 'little_medial_lvs.vtp'.
[2022-11-14 14:17:33.659] [warning] Couldn't find file 'little_distal_lvs.vtp'.
[2022-11-14 14:17:33.659] [warning] Couldn't find file 'metacarpal1_lvs.vtp'.
[2022-11-14 14:17:33.659] [warning] Couldn't find file 'thumb_proximal_lvs.vtp'.
[2022-11-14 14:17:33.659] [warning] Couldn't find file 'thumb_distal_lvs.vtp'.
[2022-11-14 14:18:47.968] [info] Loaded model subject1_withMTJ_locked_scaled_custom from file C:\Users\u0150099\Documents\master_thesis\3dpredictsim\OpenSimModel\subject1\Fal_s1_mtjc4_FK_sc_FDB2_MTc5_cspx10_oy3.osim
[2022-11-14 14:18:47.968] [warning] Couldn't find file 'sacrum.vtp'.
[2022-11-14 14:18:47.968] [warning] Couldn't find file 'pelvis.vtp'.
[2022-11-14 14:18:47.968] [warning] Couldn't find file 'l_pelvis.vtp'.
[2022-11-14 14:18:47.968] [warning] Couldn't find file 'femur_r.vtp'.
[2022-11-14 14:18:47.968] [warning] Couldn't find file 'tibia_r.vtp'.
[2022-11-14 14:18:47.969] [warning] Couldn't find file 'fibula_r.vtp'.
[2022-11-14 14:18:47.969] [warning] Couldn't find file 'talus_rv.vtp'.
[2022-11-14 14:18:47.969] [warning] Couldn't find file 'calcaneous_rv.vtp'.
[2022-11-14 14:18:47.969] [warning] Couldn't find file 'model_r_midfoot.stl'.
[2022-11-14 14:18:47.969] [warning] Couldn't find file 'model_r_forefoot.stl'.
[2022-11-14 14:18:47.969] [warning] Couldn't find file 'model_r_toes.stl'.
[2022-11-14 14:18:47.969] [warning] Couldn't find file 'femur_l.vtp'.
[2022-11-14 14:18:47.969] [warning] Couldn't find file 'tibia_l.vtp'.
[2022-11-14 14:18:47.969] [warning] Couldn't find file 'fibula_l.vtp'.
[2022-11-14 14:18:47.969] [warning] Couldn't find file 'talus_lv.vtp'.
[2022-11-14 14:18:47.969] [warning] Couldn't find file 'calcaneous_lv.vtp'.
[2022-11-14 14:18:47.969] [warning] Couldn't find file 'model_l_midfoot.stl'.
[2022-11-14 14:18:47.969] [warning] Couldn't find file 'model_l_forefoot.stl'.
[2022-11-14 14:18:47.969] [warning] Couldn't find file 'model_l_toes.stl'.
[2022-11-14 14:18:47.969] [warning] Couldn't find file 'hat_spine.vtp'.
[2022-11-14 14:18:47.969] [warning] Couldn't find file 'hat_jaw.vtp'.
[2022-11-14 14:18:47.970] [warning] Couldn't find file 'hat_skull.vtp'.
[2022-11-14 14:18:47.970] [warning] Couldn't find file 'hat_ribs_scap.vtp'.
[2022-11-14 14:18:47.970] [warning] Couldn't find file 'humerus_rv.vtp'.
[2022-11-14 14:18:47.970] [warning] Couldn't find file 'ulna_rv.vtp'.
[2022-11-14 14:18:47.970] [warning] Couldn't find file 'radius_rv.vtp'.
[2022-11-14 14:18:47.970] [warning] Couldn't find file 'pisiform_rvs.vtp'.
[2022-11-14 14:18:47.970] [warning] Couldn't find file 'lunate_rvs.vtp'.
[2022-11-14 14:18:47.970] [warning] Couldn't find file 'scaphoid_rvs.vtp'.
[2022-11-14 14:18:47.970] [warning] Couldn't find file 'triquetrum_rvs.vtp'.
[2022-11-14 14:18:47.970] [warning] Couldn't find file 'hamate_rvs.vtp'.
[2022-11-14 14:18:47.970] [warning] Couldn't find file 'capitate_rvs.vtp'.
[2022-11-14 14:18:47.970] [warning] Couldn't find file 'trapezoid_rvs.vtp'.
[2022-11-14 14:18:47.970] [warning] Couldn't find file 'trapezium_rvs.vtp'.
[2022-11-14 14:18:47.970] [warning] Couldn't find file 'metacarpal2_rvs.vtp'.
[2022-11-14 14:18:47.970] [warning] Couldn't find file 'index_proximal_rvs.vtp'.
[2022-11-14 14:18:47.970] [warning] Couldn't find file 'index_medial_rvs.vtp'.
[2022-11-14 14:18:47.970] [warning] Couldn't find file 'index_distal_rvs.vtp'.
[2022-11-14 14:18:47.971] [warning] Couldn't find file 'metacarpal3_rvs.vtp'.
[2022-11-14 14:18:47.971] [warning] Couldn't find file 'middle_proximal_rvs.vtp'.
[2022-11-14 14:18:47.971] [warning] Couldn't find file 'middle_medial_rvs.vtp'.
[2022-11-14 14:18:47.971] [warning] Couldn't find file 'middle_distal_rvs.vtp'.
[2022-11-14 14:18:47.971] [warning] Couldn't find file 'metacarpal4_rvs.vtp'.
[2022-11-14 14:18:47.971] [warning] Couldn't find file 'ring_proximal_rvs.vtp'.
[2022-11-14 14:18:47.971] [warning] Couldn't find file 'ring_medial_rvs.vtp'.
[2022-11-14 14:18:47.971] [warning] Couldn't find file 'ring_distal_rvs.vtp'.
[2022-11-14 14:18:47.971] [warning] Couldn't find file 'metacarpal5_rvs.vtp'.
[2022-11-14 14:18:47.971] [warning] Couldn't find file 'little_proximal_rvs.vtp'.
[2022-11-14 14:18:47.971] [warning] Couldn't find file 'little_medial_rvs.vtp'.
[2022-11-14 14:18:47.971] [warning] Couldn't find file 'little_distal_rvs.vtp'.
[2022-11-14 14:18:47.971] [warning] Couldn't find file 'metacarpal1_rvs.vtp'.
[2022-11-14 14:18:47.971] [warning] Couldn't find file 'thumb_proximal_rvs.vtp'.
[2022-11-14 14:18:47.971] [warning] Couldn't find file 'thumb_distal_rvs.vtp'.
[2022-11-14 14:18:47.971] [warning] Couldn't find file 'humerus_lv.vtp'.
[2022-11-14 14:18:47.971] [warning] Couldn't find file 'ulna_lv.vtp'.
[2022-11-14 14:18:47.971] [warning] Couldn't find file 'radius_lv.vtp'.
[2022-11-14 14:18:47.972] [warning] Couldn't find file 'pisiform_lvs.vtp'.
[2022-11-14 14:18:47.972] [warning] Couldn't find file 'lunate_lvs.vtp'.
[2022-11-14 14:18:47.972] [warning] Couldn't find file 'scaphoid_lvs.vtp'.
[2022-11-14 14:18:47.972] [warning] Couldn't find file 'triquetrum_lvs.vtp'.
[2022-11-14 14:18:47.972] [warning] Couldn't find file 'hamate_lvs.vtp'.
[2022-11-14 14:18:47.972] [warning] Couldn't find file 'capitate_lvs.vtp'.
[2022-11-14 14:18:47.972] [warning] Couldn't find file 'trapezoid_lvs.vtp'.
[2022-11-14 14:18:47.972] [warning] Couldn't find file 'trapezium_lvs.vtp'.
[2022-11-14 14:18:47.972] [warning] Couldn't find file 'metacarpal2_lvs.vtp'.
[2022-11-14 14:18:47.972] [warning] Couldn't find file 'index_proximal_lvs.vtp'.
[2022-11-14 14:18:47.972] [warning] Couldn't find file 'index_medial_lvs.vtp'.
[2022-11-14 14:18:47.972] [warning] Couldn't find file 'index_distal_lvs.vtp'.
[2022-11-14 14:18:47.972] [warning] Couldn't find file 'metacarpal3_lvs.vtp'.
[2022-11-14 14:18:47.972] [warning] Couldn't find file 'middle_proximal_lvs.vtp'.
[2022-11-14 14:18:47.972] [warning] Couldn't find file 'middle_medial_lvs.vtp'.
[2022-11-14 14:18:47.972] [warning] Couldn't find file 'middle_distal_lvs.vtp'.
[2022-11-14 14:18:47.972] [warning] Couldn't find file 'metacarpal4_lvs.vtp'.
[2022-11-14 14:18:47.972] [warning] Couldn't find file 'ring_proximal_lvs.vtp'.
[2022-11-14 14:18:47.973] [warning] Couldn't find file 'ring_medial_lvs.vtp'.
[2022-11-14 14:18:47.973] [warning] Couldn't find file 'ring_distal_lvs.vtp'.
[2022-11-14 14:18:47.973] [warning] Couldn't find file 'metacarpal5_lvs.vtp'.
[2022-11-14 14:18:47.973] [warning] Couldn't find file 'little_proximal_lvs.vtp'.
[2022-11-14 14:18:47.973] [warning] Couldn't find file 'little_medial_lvs.vtp'.
[2022-11-14 14:18:47.973] [warning] Couldn't find file 'little_distal_lvs.vtp'.
[2022-11-14 14:18:47.973] [warning] Couldn't find file 'metacarpal1_lvs.vtp'.
[2022-11-14 14:18:47.973] [warning] Couldn't find file 'thumb_proximal_lvs.vtp'.
[2022-11-14 14:18:47.973] [warning] Couldn't find file 'thumb_distal_lvs.vtp'.
[2022-11-14 14:20:10.558] [info] Loaded model subject1_withMTJ_locked_scaled_custom from file C:\Users\u0150099\Documents\master_thesis\3dpredictsim\OpenSimModel\subject1\Fal_s1_mtjc4_FK_sc_FDB2_MTc5_cspx10_oy3.osim
[2022-11-14 14:20:10.559] [warning] Couldn't find file 'sacrum.vtp'.
[2022-11-14 14:20:10.559] [warning] Couldn't find file 'pelvis.vtp'.
[2022-11-14 14:20:10.559] [warning] Couldn't find file 'l_pelvis.vtp'.
[2022-11-14 14:20:10.559] [warning] Couldn't find file 'femur_r.vtp'.
[2022-11-14 14:20:10.559] [warning] Couldn't find file 'tibia_r.vtp'.
[2022-11-14 14:20:10.559] [warning] Couldn't find file 'fibula_r.vtp'.
[2022-11-14 14:20:10.559] [warning] Couldn't find file 'talus_rv.vtp'.
[2022-11-14 14:20:10.559] [warning] Couldn't find file 'calcaneous_rv.vtp'.
[2022-11-14 14:20:10.559] [warning] Couldn't find file 'model_r_midfoot.stl'.
[2022-11-14 14:20:10.560] [warning] Couldn't find file 'model_r_forefoot.stl'.
[2022-11-14 14:20:10.560] [warning] Couldn't find file 'model_r_toes.stl'.
[2022-11-14 14:20:10.560] [warning] Couldn't find file 'femur_l.vtp'.
[2022-11-14 14:20:10.560] [warning] Couldn't find file 'tibia_l.vtp'.
[2022-11-14 14:20:10.560] [warning] Couldn't find file 'fibula_l.vtp'.
[2022-11-14 14:20:10.560] [warning] Couldn't find file 'talus_lv.vtp'.
[2022-11-14 14:20:10.560] [warning] Couldn't find file 'calcaneous_lv.vtp'.
[2022-11-14 14:20:10.560] [warning] Couldn't find file 'model_l_midfoot.stl'.
[2022-11-14 14:20:10.560] [warning] Couldn't find file 'model_l_forefoot.stl'.
[2022-11-14 14:20:10.560] [warning] Couldn't find file 'model_l_toes.stl'.
[2022-11-14 14:20:10.560] [warning] Couldn't find file 'hat_spine.vtp'.
[2022-11-14 14:20:10.560] [warning] Couldn't find file 'hat_jaw.vtp'.
[2022-11-14 14:20:10.560] [warning] Couldn't find file 'hat_skull.vtp'.
[2022-11-14 14:20:10.560] [warning] Couldn't find file 'hat_ribs_scap.vtp'.
[2022-11-14 14:20:10.560] [warning] Couldn't find file 'humerus_rv.vtp'.
[2022-11-14 14:20:10.560] [warning] Couldn't find file 'ulna_rv.vtp'.
[2022-11-14 14:20:10.561] [warning] Couldn't find file 'radius_rv.vtp'.
[2022-11-14 14:20:10.561] [warning] Couldn't find file 'pisiform_rvs.vtp'.
[2022-11-14 14:20:10.561] [warning] Couldn't find file 'lunate_rvs.vtp'.
[2022-11-14 14:20:10.561] [warning] Couldn't find file 'scaphoid_rvs.vtp'.
[2022-11-14 14:20:10.561] [warning] Couldn't find file 'triquetrum_rvs.vtp'.
[2022-11-14 14:20:10.561] [warning] Couldn't find file 'hamate_rvs.vtp'.
[2022-11-14 14:20:10.561] [warning] Couldn't find file 'capitate_rvs.vtp'.
[2022-11-14 14:20:10.561] [warning] Couldn't find file 'trapezoid_rvs.vtp'.
[2022-11-14 14:20:10.561] [warning] Couldn't find file 'trapezium_rvs.vtp'.
[2022-11-14 14:20:10.561] [warning] Couldn't find file 'metacarpal2_rvs.vtp'.
[2022-11-14 14:20:10.561] [warning] Couldn't find file 'index_proximal_rvs.vtp'.
[2022-11-14 14:20:10.561] [warning] Couldn't find file 'index_medial_rvs.vtp'.
[2022-11-14 14:20:10.561] [warning] Couldn't find file 'index_distal_rvs.vtp'.
[2022-11-14 14:20:10.561] [warning] Couldn't find file 'metacarpal3_rvs.vtp'.
[2022-11-14 14:20:10.561] [warning] Couldn't find file 'middle_proximal_rvs.vtp'.
[2022-11-14 14:20:10.561] [warning] Couldn't find file 'middle_medial_rvs.vtp'.
[2022-11-14 14:20:10.561] [warning] Couldn't find file 'middle_distal_rvs.vtp'.
[2022-11-14 14:20:10.561] [warning] Couldn't find file 'metacarpal4_rvs.vtp'.
[2022-11-14 14:20:10.561] [warning] Couldn't find file 'ring_proximal_rvs.vtp'.
[2022-11-14 14:20:10.562] [warning] Couldn't find file 'ring_medial_rvs.vtp'.
[2022-11-14 14:20:10.562] [warning] Couldn't find file 'ring_distal_rvs.vtp'.
[2022-11-14 14:20:10.562] [warning] Couldn't find file 'metacarpal5_rvs.vtp'.
[2022-11-14 14:20:10.562] [warning] Couldn't find file 'little_proximal_rvs.vtp'.
[2022-11-14 14:20:10.562] [warning] Couldn't find file 'little_medial_rvs.vtp'.
[2022-11-14 14:20:10.562] [warning] Couldn't find file 'little_distal_rvs.vtp'.
[2022-11-14 14:20:10.562] [warning] Couldn't find file 'metacarpal1_rvs.vtp'.
[2022-11-14 14:20:10.562] [warning] Couldn't find file 'thumb_proximal_rvs.vtp'.
[2022-11-14 14:20:10.562] [warning] Couldn't find file 'thumb_distal_rvs.vtp'.
[2022-11-14 14:20:10.562] [warning] Couldn't find file 'humerus_lv.vtp'.
[2022-11-14 14:20:10.562] [warning] Couldn't find file 'ulna_lv.vtp'.
[2022-11-14 14:20:10.562] [warning] Couldn't find file 'radius_lv.vtp'.
[2022-11-14 14:20:10.562] [warning] Couldn't find file 'pisiform_lvs.vtp'.
[2022-11-14 14:20:10.562] [warning] Couldn't find file 'lunate_lvs.vtp'.
[2022-11-14 14:20:10.562] [warning] Couldn't find file 'scaphoid_lvs.vtp'.
[2022-11-14 14:20:10.562] [warning] Couldn't find file 'triquetrum_lvs.vtp'.
[2022-11-14 14:20:10.562] [warning] Couldn't find file 'hamate_lvs.vtp'.
[2022-11-14 14:20:10.563] [warning] Couldn't find file 'capitate_lvs.vtp'.
[2022-11-14 14:20:10.563] [warning] Couldn't find file 'trapezoid_lvs.vtp'.
[2022-11-14 14:20:10.563] [warning] Couldn't find file 'trapezium_lvs.vtp'.
[2022-11-14 14:20:10.563] [warning] Couldn't find file 'metacarpal2_lvs.vtp'.
[2022-11-14 14:20:10.563] [warning] Couldn't find file 'index_proximal_lvs.vtp'.
[2022-11-14 14:20:10.563] [warning] Couldn't find file 'index_medial_lvs.vtp'.
[2022-11-14 14:20:10.563] [warning] Couldn't find file 'index_distal_lvs.vtp'.
[2022-11-14 14:20:10.563] [warning] Couldn't find file 'metacarpal3_lvs.vtp'.
[2022-11-14 14:20:10.563] [warning] Couldn't find file 'middle_proximal_lvs.vtp'.
[2022-11-14 14:20:10.563] [warning] Couldn't find file 'middle_medial_lvs.vtp'.
[2022-11-14 14:20:10.563] [warning] Couldn't find file 'middle_distal_lvs.vtp'.
[2022-11-14 14:20:10.563] [warning] Couldn't find file 'metacarpal4_lvs.vtp'.
[2022-11-14 14:20:10.563] [warning] Couldn't find file 'ring_proximal_lvs.vtp'.
[2022-11-14 14:20:10.563] [warning] Couldn't find file 'ring_medial_lvs.vtp'.
[2022-11-14 14:20:10.563] [warning] Couldn't find file 'ring_distal_lvs.vtp'.
[2022-11-14 14:20:10.563] [warning] Couldn't find file 'metacarpal5_lvs.vtp'.
[2022-11-14 14:20:10.563] [warning] Couldn't find file 'little_proximal_lvs.vtp'.
[2022-11-14 14:20:10.563] [warning] Couldn't find file 'little_medial_lvs.vtp'.
[2022-11-14 14:20:10.563] [warning] Couldn't find file 'little_distal_lvs.vtp'.
[2022-11-14 14:20:10.564] [warning] Couldn't find file 'metacarpal1_lvs.vtp'.
[2022-11-14 14:20:10.564] [warning] Couldn't find file 'thumb_proximal_lvs.vtp'.
[2022-11-14 14:20:10.564] [warning] Couldn't find file 'thumb_distal_lvs.vtp'.
[2022-11-14 14:23:23.511] [info] Loaded model subject1_withMTJ_locked_scaled_custom from file C:\Users\u0150099\Documents\master_thesis\3dpredictsim\OpenSimModel\subject1\Fal_s1_mtjc4_FK_sc_FDB2_MTc5_cspx10_oy3.osim
[2022-11-14 14:23:23.512] [warning] Couldn't find file 'sacrum.vtp'.
[2022-11-14 14:23:23.512] [warning] Couldn't find file 'pelvis.vtp'.
[2022-11-14 14:23:23.512] [warning] Couldn't find file 'l_pelvis.vtp'.
[2022-11-14 14:23:23.512] [warning] Couldn't find file 'femur_r.vtp'.
[2022-11-14 14:23:23.512] [warning] Couldn't find file 'tibia_r.vtp'.
[2022-11-14 14:23:23.512] [warning] Couldn't find file 'fibula_r.vtp'.
[2022-11-14 14:23:23.512] [warning] Couldn't find file 'talus_rv.vtp'.
[2022-11-14 14:23:23.512] [warning] Couldn't find file 'calcaneous_rv.vtp'.
[2022-11-14 14:23:23.512] [warning] Couldn't find file 'model_r_midfoot.stl'.
[2022-11-14 14:23:23.512] [warning] Couldn't find file 'model_r_forefoot.stl'.
[2022-11-14 14:23:23.512] [warning] Couldn't find file 'model_r_toes.stl'.
[2022-11-14 14:23:23.512] [warning] Couldn't find file 'femur_l.vtp'.
[2022-11-14 14:23:23.513] [warning] Couldn't find file 'tibia_l.vtp'.
[2022-11-14 14:23:23.513] [warning] Couldn't find file 'fibula_l.vtp'.
[2022-11-14 14:23:23.513] [warning] Couldn't find file 'talus_lv.vtp'.
[2022-11-14 14:23:23.513] [warning] Couldn't find file 'calcaneous_lv.vtp'.
[2022-11-14 14:23:23.513] [warning] Couldn't find file 'model_l_midfoot.stl'.
[2022-11-14 14:23:23.513] [warning] Couldn't find file 'model_l_forefoot.stl'.
[2022-11-14 14:23:23.513] [warning] Couldn't find file 'model_l_toes.stl'.
[2022-11-14 14:23:23.513] [warning] Couldn't find file 'hat_spine.vtp'.
[2022-11-14 14:23:23.513] [warning] Couldn't find file 'hat_jaw.vtp'.
[2022-11-14 14:23:23.513] [warning] Couldn't find file 'hat_skull.vtp'.
[2022-11-14 14:23:23.513] [warning] Couldn't find file 'hat_ribs_scap.vtp'.
[2022-11-14 14:23:23.513] [warning] Couldn't find file 'humerus_rv.vtp'.
[2022-11-14 14:23:23.513] [warning] Couldn't find file 'ulna_rv.vtp'.
[2022-11-14 14:23:23.513] [warning] Couldn't find file 'radius_rv.vtp'.
[2022-11-14 14:23:23.513] [warning] Couldn't find file 'pisiform_rvs.vtp'.
[2022-11-14 14:23:23.513] [warning] Couldn't find file 'lunate_rvs.vtp'.
[2022-11-14 14:23:23.513] [warning] Couldn't find file 'scaphoid_rvs.vtp'.
[2022-11-14 14:23:23.514] [warning] Couldn't find file 'triquetrum_rvs.vtp'.
[2022-11-14 14:23:23.514] [warning] Couldn't find file 'hamate_rvs.vtp'.
[2022-11-14 14:23:23.514] [warning] Couldn't find file 'capitate_rvs.vtp'.
[2022-11-14 14:23:23.514] [warning] Couldn't find file 'trapezoid_rvs.vtp'.
[2022-11-14 14:23:23.514] [warning] Couldn't find file 'trapezium_rvs.vtp'.
[2022-11-14 14:23:23.514] [warning] Couldn't find file 'metacarpal2_rvs.vtp'.
[2022-11-14 14:23:23.514] [warning] Couldn't find file 'index_proximal_rvs.vtp'.
[2022-11-14 14:23:23.514] [warning] Couldn't find file 'index_medial_rvs.vtp'.
[2022-11-14 14:23:23.514] [warning] Couldn't find file 'index_distal_rvs.vtp'.
[2022-11-14 14:23:23.514] [warning] Couldn't find file 'metacarpal3_rvs.vtp'.
[2022-11-14 14:23:23.514] [warning] Couldn't find file 'middle_proximal_rvs.vtp'.
[2022-11-14 14:23:23.514] [warning] Couldn't find file 'middle_medial_rvs.vtp'.
[2022-11-14 14:23:23.514] [warning] Couldn't find file 'middle_distal_rvs.vtp'.
[2022-11-14 14:23:23.514] [warning] Couldn't find file 'metacarpal4_rvs.vtp'.
[2022-11-14 14:23:23.514] [warning] Couldn't find file 'ring_proximal_rvs.vtp'.
[2022-11-14 14:23:23.514] [warning] Couldn't find file 'ring_medial_rvs.vtp'.
[2022-11-14 14:23:23.514] [warning] Couldn't find file 'ring_distal_rvs.vtp'.
[2022-11-14 14:23:23.515] [warning] Couldn't find file 'metacarpal5_rvs.vtp'.
[2022-11-14 14:23:23.515] [warning] Couldn't find file 'little_proximal_rvs.vtp'.
[2022-11-14 14:23:23.515] [warning] Couldn't find file 'little_medial_rvs.vtp'.
[2022-11-14 14:23:23.515] [warning] Couldn't find file 'little_distal_rvs.vtp'.
[2022-11-14 14:23:23.515] [warning] Couldn't find file 'metacarpal1_rvs.vtp'.
[2022-11-14 14:23:23.515] [warning] Couldn't find file 'thumb_proximal_rvs.vtp'.
[2022-11-14 14:23:23.515] [warning] Couldn't find file 'thumb_distal_rvs.vtp'.
[2022-11-14 14:23:23.515] [warning] Couldn't find file 'humerus_lv.vtp'.
[2022-11-14 14:23:23.515] [warning] Couldn't find file 'ulna_lv.vtp'.
[2022-11-14 14:23:23.515] [warning] Couldn't find file 'radius_lv.vtp'.
[2022-11-14 14:23:23.515] [warning] Couldn't find file 'pisiform_lvs.vtp'.
[2022-11-14 14:23:23.515] [warning] Couldn't find file 'lunate_lvs.vtp'.
[2022-11-14 14:23:23.515] [warning] Couldn't find file 'scaphoid_lvs.vtp'.
[2022-11-14 14:23:23.515] [warning] Couldn't find file 'triquetrum_lvs.vtp'.
[2022-11-14 14:23:23.515] [warning] Couldn't find file 'hamate_lvs.vtp'.
[2022-11-14 14:23:23.515] [warning] Couldn't find file 'capitate_lvs.vtp'.
[2022-11-14 14:23:23.515] [warning] Couldn't find file 'trapezoid_lvs.vtp'.
[2022-11-14 14:23:23.515] [warning] Couldn't find file 'trapezium_lvs.vtp'.
[2022-11-14 14:23:23.516] [warning] Couldn't find file 'metacarpal2_lvs.vtp'.
[2022-11-14 14:23:23.516] [warning] Couldn't find file 'index_proximal_lvs.vtp'.
[2022-11-14 14:23:23.516] [warning] Couldn't find file 'index_medial_lvs.vtp'.
[2022-11-14 14:23:23.516] [warning] Couldn't find file 'index_distal_lvs.vtp'.
[2022-11-14 14:23:23.516] [warning] Couldn't find file 'metacarpal3_lvs.vtp'.
[2022-11-14 14:23:23.516] [warning] Couldn't find file 'middle_proximal_lvs.vtp'.
[2022-11-14 14:23:23.516] [warning] Couldn't find file 'middle_medial_lvs.vtp'.
[2022-11-14 14:23:23.516] [warning] Couldn't find file 'middle_distal_lvs.vtp'.
[2022-11-14 14:23:23.516] [warning] Couldn't find file 'metacarpal4_lvs.vtp'.
[2022-11-14 14:23:23.516] [warning] Couldn't find file 'ring_proximal_lvs.vtp'.
[2022-11-14 14:23:23.516] [warning] Couldn't find file 'ring_medial_lvs.vtp'.
[2022-11-14 14:23:23.516] [warning] Couldn't find file 'ring_distal_lvs.vtp'.
[2022-11-14 14:23:23.516] [warning] Couldn't find file 'metacarpal5_lvs.vtp'.
[2022-11-14 14:23:23.516] [warning] Couldn't find file 'little_proximal_lvs.vtp'.
[2022-11-14 14:23:23.516] [warning] Couldn't find file 'little_medial_lvs.vtp'.
[2022-11-14 14:23:23.516] [warning] Couldn't find file 'little_distal_lvs.vtp'.
[2022-11-14 14:23:23.516] [warning] Couldn't find file 'metacarpal1_lvs.vtp'.
[2022-11-14 14:23:23.516] [warning] Couldn't find file 'thumb_proximal_lvs.vtp'.
[2022-11-14 14:23:23.517] [warning] Couldn't find file 'thumb_distal_lvs.vtp'.
[2022-11-14 14:31:21.090] [info] Loaded model subject1_withMTJ_locked_scaled_custom from file C:\Users\u0150099\Documents\master_thesis\3dpredictsim\OpenSimModel\subject1\Fal_s1_mtjc4_FK_sc_FDB2_MTc5_cspx10_oy3.osim
[2022-11-14 14:31:21.091] [warning] Couldn't find file 'sacrum.vtp'.
[2022-11-14 14:31:21.091] [warning] Couldn't find file 'pelvis.vtp'.
[2022-11-14 14:31:21.091] [warning] Couldn't find file 'l_pelvis.vtp'.
[2022-11-14 14:31:21.091] [warning] Couldn't find file 'femur_r.vtp'.
[2022-11-14 14:31:21.091] [warning] Couldn't find file 'tibia_r.vtp'.
[2022-11-14 14:31:21.091] [warning] Couldn't find file 'fibula_r.vtp'.
[2022-11-14 14:31:21.091] [warning] Couldn't find file 'talus_rv.vtp'.
[2022-11-14 14:31:21.091] [warning] Couldn't find file 'calcaneous_rv.vtp'.
[2022-11-14 14:31:21.091] [warning] Couldn't find file 'model_r_midfoot.stl'.
[2022-11-14 14:31:21.091] [warning] Couldn't find file 'model_r_forefoot.stl'.
[2022-11-14 14:31:21.091] [warning] Couldn't find file 'model_r_toes.stl'.
[2022-11-14 14:31:21.091] [warning] Couldn't find file 'femur_l.vtp'.
[2022-11-14 14:31:21.091] [warning] Couldn't find file 'tibia_l.vtp'.
[2022-11-14 14:31:21.092] [warning] Couldn't find file 'fibula_l.vtp'.
[2022-11-14 14:31:21.092] [warning] Couldn't find file 'talus_lv.vtp'.
[2022-11-14 14:31:21.092] [warning] Couldn't find file 'calcaneous_lv.vtp'.
[2022-11-14 14:31:21.092] [warning] Couldn't find file 'model_l_midfoot.stl'.
[2022-11-14 14:31:21.092] [warning] Couldn't find file 'model_l_forefoot.stl'.
[2022-11-14 14:31:21.092] [warning] Couldn't find file 'model_l_toes.stl'.
[2022-11-14 14:31:21.092] [warning] Couldn't find file 'hat_spine.vtp'.
[2022-11-14 14:31:21.092] [warning] Couldn't find file 'hat_jaw.vtp'.
[2022-11-14 14:31:21.092] [warning] Couldn't find file 'hat_skull.vtp'.
[2022-11-14 14:31:21.092] [warning] Couldn't find file 'hat_ribs_scap.vtp'.
[2022-11-14 14:31:21.092] [warning] Couldn't find file 'humerus_rv.vtp'.
[2022-11-14 14:31:21.092] [warning] Couldn't find file 'ulna_rv.vtp'.
[2022-11-14 14:31:21.092] [warning] Couldn't find file 'radius_rv.vtp'.
[2022-11-14 14:31:21.092] [warning] Couldn't find file 'pisiform_rvs.vtp'.
[2022-11-14 14:31:21.092] [warning] Couldn't find file 'lunate_rvs.vtp'.
[2022-11-14 14:31:21.092] [warning] Couldn't find file 'scaphoid_rvs.vtp'.
[2022-11-14 14:31:21.092] [warning] Couldn't find file 'triquetrum_rvs.vtp'.
[2022-11-14 14:31:21.093] [warning] Couldn't find file 'hamate_rvs.vtp'.
[2022-11-14 14:31:21.093] [warning] Couldn't find file 'capitate_rvs.vtp'.
[2022-11-14 14:31:21.093] [warning] Couldn't find file 'trapezoid_rvs.vtp'.
[2022-11-14 14:31:21.093] [warning] Couldn't find file 'trapezium_rvs.vtp'.
[2022-11-14 14:31:21.093] [warning] Couldn't find file 'metacarpal2_rvs.vtp'.
[2022-11-14 14:31:21.093] [warning] Couldn't find file 'index_proximal_rvs.vtp'.
[2022-11-14 14:31:21.093] [warning] Couldn't find file 'index_medial_rvs.vtp'.
[2022-11-14 14:31:21.093] [warning] Couldn't find file 'index_distal_rvs.vtp'.
[2022-11-14 14:31:21.093] [warning] Couldn't find file 'metacarpal3_rvs.vtp'.
[2022-11-14 14:31:21.093] [warning] Couldn't find file 'middle_proximal_rvs.vtp'.
[2022-11-14 14:31:21.093] [warning] Couldn't find file 'middle_medial_rvs.vtp'.
[2022-11-14 14:31:21.093] [warning] Couldn't find file 'middle_distal_rvs.vtp'.
[2022-11-14 14:31:21.093] [warning] Couldn't find file 'metacarpal4_rvs.vtp'.
[2022-11-14 14:31:21.093] [warning] Couldn't find file 'ring_proximal_rvs.vtp'.
[2022-11-14 14:31:21.093] [warning] Couldn't find file 'ring_medial_rvs.vtp'.
[2022-11-14 14:31:21.093] [warning] Couldn't find file 'ring_distal_rvs.vtp'.
[2022-11-14 14:31:21.093] [warning] Couldn't find file 'metacarpal5_rvs.vtp'.
[2022-11-14 14:31:21.093] [warning] Couldn't find file 'little_proximal_rvs.vtp'.
[2022-11-14 14:31:21.094] [warning] Couldn't find file 'little_medial_rvs.vtp'.
[2022-11-14 14:31:21.094] [warning] Couldn't find file 'little_distal_rvs.vtp'.
[2022-11-14 14:31:21.094] [warning] Couldn't find file 'metacarpal1_rvs.vtp'.
[2022-11-14 14:31:21.094] [warning] Couldn't find file 'thumb_proximal_rvs.vtp'.
[2022-11-14 14:31:21.094] [warning] Couldn't find file 'thumb_distal_rvs.vtp'.
[2022-11-14 14:31:21.094] [warning] Couldn't find file 'humerus_lv.vtp'.
[2022-11-14 14:31:21.094] [warning] Couldn't find file 'ulna_lv.vtp'.
[2022-11-14 14:31:21.094] [warning] Couldn't find file 'radius_lv.vtp'.
[2022-11-14 14:31:21.094] [warning] Couldn't find file 'pisiform_lvs.vtp'.
[2022-11-14 14:31:21.094] [warning] Couldn't find file 'lunate_lvs.vtp'.
[2022-11-14 14:31:21.094] [warning] Couldn't find file 'scaphoid_lvs.vtp'.
[2022-11-14 14:31:21.094] [warning] Couldn't find file 'triquetrum_lvs.vtp'.
[2022-11-14 14:31:21.094] [warning] Couldn't find file 'hamate_lvs.vtp'.
[2022-11-14 14:31:21.094] [warning] Couldn't find file 'capitate_lvs.vtp'.
[2022-11-14 14:31:21.094] [warning] Couldn't find file 'trapezoid_lvs.vtp'.
[2022-11-14 14:31:21.094] [warning] Couldn't find file 'trapezium_lvs.vtp'.
[2022-11-14 14:31:21.094] [warning] Couldn't find file 'metacarpal2_lvs.vtp'.
[2022-11-14 14:31:21.094] [warning] Couldn't find file 'index_proximal_lvs.vtp'.
[2022-11-14 14:31:21.095] [warning] Couldn't find file 'index_medial_lvs.vtp'.
[2022-11-14 14:31:21.095] [warning] Couldn't find file 'index_distal_lvs.vtp'.
[2022-11-14 14:31:21.095] [warning] Couldn't find file 'metacarpal3_lvs.vtp'.
[2022-11-14 14:31:21.095] [warning] Couldn't find file 'middle_proximal_lvs.vtp'.
[2022-11-14 14:31:21.095] [warning] Couldn't find file 'middle_medial_lvs.vtp'.
[2022-11-14 14:31:21.095] [warning] Couldn't find file 'middle_distal_lvs.vtp'.
[2022-11-14 14:31:21.095] [warning] Couldn't find file 'metacarpal4_lvs.vtp'.
[2022-11-14 14:31:21.095] [warning] Couldn't find file 'ring_proximal_lvs.vtp'.
[2022-11-14 14:31:21.095] [warning] Couldn't find file 'ring_medial_lvs.vtp'.
[2022-11-14 14:31:21.095] [warning] Couldn't find file 'ring_distal_lvs.vtp'.
[2022-11-14 14:31:21.095] [warning] Couldn't find file 'metacarpal5_lvs.vtp'.
[2022-11-14 14:31:21.095] [warning] Couldn't find file 'little_proximal_lvs.vtp'.
[2022-11-14 14:31:21.095] [warning] Couldn't find file 'little_medial_lvs.vtp'.
[2022-11-14 14:31:21.095] [warning] Couldn't find file 'little_distal_lvs.vtp'.
[2022-11-14 14:31:21.095] [warning] Couldn't find file 'metacarpal1_lvs.vtp'.
[2022-11-14 14:31:21.095] [warning] Couldn't find file 'thumb_proximal_lvs.vtp'.
[2022-11-14 14:31:21.095] [warning] Couldn't find file 'thumb_distal_lvs.vtp'.
[2022-11-14 15:06:24.045] [info] Loaded model subject1_withMTJ_locked_scaled_custom from file C:\Users\u0150099\Documents\master_thesis\3dpredictsim\OpenSimModel\subject1\Fal_s1_mtjc4_FK_sc_FDB2_MTc5_cspx10_oy3.osim
[2022-11-14 15:06:24.046] [warning] Couldn't find file 'sacrum.vtp'.
[2022-11-14 15:06:24.046] [warning] Couldn't find file 'pelvis.vtp'.
[2022-11-14 15:06:24.046] [warning] Couldn't find file 'l_pelvis.vtp'.
[2022-11-14 15:06:24.046] [warning] Couldn't find file 'femur_r.vtp'.
[2022-11-14 15:06:24.046] [warning] Couldn't find file 'tibia_r.vtp'.
[2022-11-14 15:06:24.046] [warning] Couldn't find file 'fibula_r.vtp'.
[2022-11-14 15:06:24.046] [warning] Couldn't find file 'talus_rv.vtp'.
[2022-11-14 15:06:24.046] [warning] Couldn't find file 'calcaneous_rv.vtp'.
[2022-11-14 15:06:24.046] [warning] Couldn't find file 'model_r_midfoot.stl'.
[2022-11-14 15:06:24.046] [warning] Couldn't find file 'model_r_forefoot.stl'.
[2022-11-14 15:06:24.046] [warning] Couldn't find file 'model_r_toes.stl'.
[2022-11-14 15:06:24.047] [warning] Couldn't find file 'femur_l.vtp'.
[2022-11-14 15:06:24.047] [warning] Couldn't find file 'tibia_l.vtp'.
[2022-11-14 15:06:24.047] [warning] Couldn't find file 'fibula_l.vtp'.
[2022-11-14 15:06:24.047] [warning] Couldn't find file 'talus_lv.vtp'.
[2022-11-14 15:06:24.047] [warning] Couldn't find file 'calcaneous_lv.vtp'.
[2022-11-14 15:06:24.047] [warning] Couldn't find file 'model_l_midfoot.stl'.
[2022-11-14 15:06:24.047] [warning] Couldn't find file 'model_l_forefoot.stl'.
[2022-11-14 15:06:24.047] [warning] Couldn't find file 'model_l_toes.stl'.
[2022-11-14 15:06:24.047] [warning] Couldn't find file 'hat_spine.vtp'.
[2022-11-14 15:06:24.047] [warning] Couldn't find file 'hat_jaw.vtp'.
[2022-11-14 15:06:24.047] [warning] Couldn't find file 'hat_skull.vtp'.
[2022-11-14 15:06:24.047] [warning] Couldn't find file 'hat_ribs_scap.vtp'.
[2022-11-14 15:06:24.047] [warning] Couldn't find file 'humerus_rv.vtp'.
[2022-11-14 15:06:24.048] [warning] Couldn't find file 'ulna_rv.vtp'.
[2022-11-14 15:06:24.048] [warning] Couldn't find file 'radius_rv.vtp'.
[2022-11-14 15:06:24.048] [warning] Couldn't find file 'pisiform_rvs.vtp'.
[2022-11-14 15:06:24.048] [warning] Couldn't find file 'lunate_rvs.vtp'.
[2022-11-14 15:06:24.048] [warning] Couldn't find file 'scaphoid_rvs.vtp'.
[2022-11-14 15:06:24.048] [warning] Couldn't find file 'triquetrum_rvs.vtp'.
[2022-11-14 15:06:24.048] [warning] Couldn't find file 'hamate_rvs.vtp'.
[2022-11-14 15:06:24.048] [warning] Couldn't find file 'capitate_rvs.vtp'.
[2022-11-14 15:06:24.048] [warning] Couldn't find file 'trapezoid_rvs.vtp'.
[2022-11-14 15:06:24.048] [warning] Couldn't find file 'trapezium_rvs.vtp'.
[2022-11-14 15:06:24.048] [warning] Couldn't find file 'metacarpal2_rvs.vtp'.
[2022-11-14 15:06:24.048] [warning] Couldn't find file 'index_proximal_rvs.vtp'.
[2022-11-14 15:06:24.048] [warning] Couldn't find file 'index_medial_rvs.vtp'.
[2022-11-14 15:06:24.048] [warning] Couldn't find file 'index_distal_rvs.vtp'.
[2022-11-14 15:06:24.048] [warning] Couldn't find file 'metacarpal3_rvs.vtp'.
[2022-11-14 15:06:24.048] [warning] Couldn't find file 'middle_proximal_rvs.vtp'.
[2022-11-14 15:06:24.048] [warning] Couldn't find file 'middle_medial_rvs.vtp'.
[2022-11-14 15:06:24.049] [warning] Couldn't find file 'middle_distal_rvs.vtp'.
[2022-11-14 15:06:24.049] [warning] Couldn't find file 'metacarpal4_rvs.vtp'.
[2022-11-14 15:06:24.049] [warning] Couldn't find file 'ring_proximal_rvs.vtp'.
[2022-11-14 15:06:24.049] [warning] Couldn't find file 'ring_medial_rvs.vtp'.
[2022-11-14 15:06:24.049] [warning] Couldn't find file 'ring_distal_rvs.vtp'.
[2022-11-14 15:06:24.049] [warning] Couldn't find file 'metacarpal5_rvs.vtp'.
[2022-11-14 15:06:24.049] [warning] Couldn't find file 'little_proximal_rvs.vtp'.
[2022-11-14 15:06:24.049] [warning] Couldn't find file 'little_medial_rvs.vtp'.
[2022-11-14 15:06:24.049] [warning] Couldn't find file 'little_distal_rvs.vtp'.
[2022-11-14 15:06:24.049] [warning] Couldn't find file 'metacarpal1_rvs.vtp'.
[2022-11-14 15:06:24.049] [warning] Couldn't find file 'thumb_proximal_rvs.vtp'.
[2022-11-14 15:06:24.049] [warning] Couldn't find file 'thumb_distal_rvs.vtp'.
[2022-11-14 15:06:24.049] [warning] Couldn't find file 'humerus_lv.vtp'.
[2022-11-14 15:06:24.049] [warning] Couldn't find file 'ulna_lv.vtp'.
[2022-11-14 15:06:24.049] [warning] Couldn't find file 'radius_lv.vtp'.
[2022-11-14 15:06:24.049] [warning] Couldn't find file 'pisiform_lvs.vtp'.
[2022-11-14 15:06:24.049] [warning] Couldn't find file 'lunate_lvs.vtp'.
[2022-11-14 15:06:24.049] [warning] Couldn't find file 'scaphoid_lvs.vtp'.
[2022-11-14 15:06:24.050] [warning] Couldn't find file 'triquetrum_lvs.vtp'.
[2022-11-14 15:06:24.050] [warning] Couldn't find file 'hamate_lvs.vtp'.
[2022-11-14 15:06:24.050] [warning] Couldn't find file 'capitate_lvs.vtp'.
[2022-11-14 15:06:24.050] [warning] Couldn't find file 'trapezoid_lvs.vtp'.
[2022-11-14 15:06:24.050] [warning] Couldn't find file 'trapezium_lvs.vtp'.
[2022-11-14 15:06:24.050] [warning] Couldn't find file 'metacarpal2_lvs.vtp'.
[2022-11-14 15:06:24.050] [warning] Couldn't find file 'index_proximal_lvs.vtp'.
[2022-11-14 15:06:24.050] [warning] Couldn't find file 'index_medial_lvs.vtp'.
[2022-11-14 15:06:24.050] [warning] Couldn't find file 'index_distal_lvs.vtp'.
[2022-11-14 15:06:24.050] [warning] Couldn't find file 'metacarpal3_lvs.vtp'.
[2022-11-14 15:06:24.050] [warning] Couldn't find file 'middle_proximal_lvs.vtp'.
[2022-11-14 15:06:24.050] [warning] Couldn't find file 'middle_medial_lvs.vtp'.
[2022-11-14 15:06:24.050] [warning] Couldn't find file 'middle_distal_lvs.vtp'.
[2022-11-14 15:06:24.050] [warning] Couldn't find file 'metacarpal4_lvs.vtp'.
[2022-11-14 15:06:24.050] [warning] Couldn't find file 'ring_proximal_lvs.vtp'.
[2022-11-14 15:06:24.050] [warning] Couldn't find file 'ring_medial_lvs.vtp'.
[2022-11-14 15:06:24.051] [warning] Couldn't find file 'ring_distal_lvs.vtp'.
[2022-11-14 15:06:24.051] [warning] Couldn't find file 'metacarpal5_lvs.vtp'.
[2022-11-14 15:06:24.051] [warning] Couldn't find file 'little_proximal_lvs.vtp'.
[2022-11-14 15:06:24.051] [warning] Couldn't find file 'little_medial_lvs.vtp'.
[2022-11-14 15:06:24.051] [warning] Couldn't find file 'little_distal_lvs.vtp'.
[2022-11-14 15:06:24.051] [warning] Couldn't find file 'metacarpal1_lvs.vtp'.
[2022-11-14 15:06:24.051] [warning] Couldn't find file 'thumb_proximal_lvs.vtp'.
[2022-11-14 15:06:24.051] [warning] Couldn't find file 'thumb_distal_lvs.vtp'.
[2022-11-14 15:07:54.433] [info] Loaded model subject1_withMTJ_locked_scaled_custom from file C:\Users\u0150099\Documents\master_thesis\3dpredictsim\OpenSimModel\subject1\Fal_s1_mtjc4_FK_sc_FDB2_MTc5_cspx10_oy3.osim
[2022-11-14 15:07:54.434] [warning] Couldn't find file 'sacrum.vtp'.
[2022-11-14 15:07:54.434] [warning] Couldn't find file 'pelvis.vtp'.
[2022-11-14 15:07:54.434] [warning] Couldn't find file 'l_pelvis.vtp'.
[2022-11-14 15:07:54.434] [warning] Couldn't find file 'femur_r.vtp'.
[2022-11-14 15:07:54.434] [warning] Couldn't find file 'tibia_r.vtp'.
[2022-11-14 15:07:54.434] [warning] Couldn't find file 'fibula_r.vtp'.
[2022-11-14 15:07:54.434] [warning] Couldn't find file 'talus_rv.vtp'.
[2022-11-14 15:07:54.434] [warning] Couldn't find file 'calcaneous_rv.vtp'.
[2022-11-14 15:07:54.434] [warning] Couldn't find file 'model_r_midfoot.stl'.
[2022-11-14 15:07:54.434] [warning] Couldn't find file 'model_r_forefoot.stl'.
[2022-11-14 15:07:54.434] [warning] Couldn't find file 'model_r_toes.stl'.
[2022-11-14 15:07:54.434] [warning] Couldn't find file 'femur_l.vtp'.
[2022-11-14 15:07:54.434] [warning] Couldn't find file 'tibia_l.vtp'.
[2022-11-14 15:07:54.434] [warning] Couldn't find file 'fibula_l.vtp'.
[2022-11-14 15:07:54.434] [warning] Couldn't find file 'talus_lv.vtp'.
[2022-11-14 15:07:54.434] [warning] Couldn't find file 'calcaneous_lv.vtp'.
[2022-11-14 15:07:54.435] [warning] Couldn't find file 'model_l_midfoot.stl'.
[2022-11-14 15:07:54.435] [warning] Couldn't find file 'model_l_forefoot.stl'.
[2022-11-14 15:07:54.435] [warning] Couldn't find file 'model_l_toes.stl'.
[2022-11-14 15:07:54.435] [warning] Couldn't find file 'hat_spine.vtp'.
[2022-11-14 15:07:54.435] [warning] Couldn't find file 'hat_jaw.vtp'.
[2022-11-14 15:07:54.435] [warning] Couldn't find file 'hat_skull.vtp'.
[2022-11-14 15:07:54.435] [warning] Couldn't find file 'hat_ribs_scap.vtp'.
[2022-11-14 15:07:54.435] [warning] Couldn't find file 'humerus_rv.vtp'.
[2022-11-14 15:07:54.435] [warning] Couldn't find file 'ulna_rv.vtp'.
[2022-11-14 15:07:54.435] [warning] Couldn't find file 'radius_rv.vtp'.
[2022-11-14 15:07:54.435] [warning] Couldn't find file 'pisiform_rvs.vtp'.
[2022-11-14 15:07:54.435] [warning] Couldn't find file 'lunate_rvs.vtp'.
[2022-11-14 15:07:54.435] [warning] Couldn't find file 'scaphoid_rvs.vtp'.
[2022-11-14 15:07:54.435] [warning] Couldn't find file 'triquetrum_rvs.vtp'.
[2022-11-14 15:07:54.435] [warning] Couldn't find file 'hamate_rvs.vtp'.
[2022-11-14 15:07:54.435] [warning] Couldn't find file 'capitate_rvs.vtp'.
[2022-11-14 15:07:54.435] [warning] Couldn't find file 'trapezoid_rvs.vtp'.
[2022-11-14 15:07:54.436] [warning] Couldn't find file 'trapezium_rvs.vtp'.
[2022-11-14 15:07:54.436] [warning] Couldn't find file 'metacarpal2_rvs.vtp'.
[2022-11-14 15:07:54.436] [warning] Couldn't find file 'index_proximal_rvs.vtp'.
[2022-11-14 15:07:54.436] [warning] Couldn't find file 'index_medial_rvs.vtp'.
[2022-11-14 15:07:54.436] [warning] Couldn't find file 'index_distal_rvs.vtp'.
[2022-11-14 15:07:54.436] [warning] Couldn't find file 'metacarpal3_rvs.vtp'.
[2022-11-14 15:07:54.436] [warning] Couldn't find file 'middle_proximal_rvs.vtp'.
[2022-11-14 15:07:54.436] [warning] Couldn't find file 'middle_medial_rvs.vtp'.
[2022-11-14 15:07:54.436] [warning] Couldn't find file 'middle_distal_rvs.vtp'.
[2022-11-14 15:07:54.436] [warning] Couldn't find file 'metacarpal4_rvs.vtp'.
[2022-11-14 15:07:54.436] [warning] Couldn't find file 'ring_proximal_rvs.vtp'.
[2022-11-14 15:07:54.436] [warning] Couldn't find file 'ring_medial_rvs.vtp'.
[2022-11-14 15:07:54.436] [warning] Couldn't find file 'ring_distal_rvs.vtp'.
[2022-11-14 15:07:54.436] [warning] Couldn't find file 'metacarpal5_rvs.vtp'.
[2022-11-14 15:07:54.436] [warning] Couldn't find file 'little_proximal_rvs.vtp'.
[2022-11-14 15:07:54.436] [warning] Couldn't find file 'little_medial_rvs.vtp'.
[2022-11-14 15:07:54.436] [warning] Couldn't find file 'little_distal_rvs.vtp'.
[2022-11-14 15:07:54.437] [warning] Couldn't find file 'metacarpal1_rvs.vtp'.
[2022-11-14 15:07:54.437] [warning] Couldn't find file 'thumb_proximal_rvs.vtp'.
[2022-11-14 15:07:54.437] [warning] Couldn't find file 'thumb_distal_rvs.vtp'.
[2022-11-14 15:07:54.437] [warning] Couldn't find file 'humerus_lv.vtp'.
[2022-11-14 15:07:54.437] [warning] Couldn't find file 'ulna_lv.vtp'.
[2022-11-14 15:07:54.437] [warning] Couldn't find file 'radius_lv.vtp'.
[2022-11-14 15:07:54.437] [warning] Couldn't find file 'pisiform_lvs.vtp'.
[2022-11-14 15:07:54.437] [warning] Couldn't find file 'lunate_lvs.vtp'.
[2022-11-14 15:07:54.437] [warning] Couldn't find file 'scaphoid_lvs.vtp'.
[2022-11-14 15:07:54.437] [warning] Couldn't find file 'triquetrum_lvs.vtp'.
[2022-11-14 15:07:54.437] [warning] Couldn't find file 'hamate_lvs.vtp'.
[2022-11-14 15:07:54.437] [warning] Couldn't find file 'capitate_lvs.vtp'.
[2022-11-14 15:07:54.437] [warning] Couldn't find file 'trapezoid_lvs.vtp'.
[2022-11-14 15:07:54.437] [warning] Couldn't find file 'trapezium_lvs.vtp'.
[2022-11-14 15:07:54.437] [warning] Couldn't find file 'metacarpal2_lvs.vtp'.
[2022-11-14 15:07:54.437] [warning] Couldn't find file 'index_proximal_lvs.vtp'.
[2022-11-14 15:07:54.437] [warning] Couldn't find file 'index_medial_lvs.vtp'.
[2022-11-14 15:07:54.438] [warning] Couldn't find file 'index_distal_lvs.vtp'.
[2022-11-14 15:07:54.438] [warning] Couldn't find file 'metacarpal3_lvs.vtp'.
[2022-11-14 15:07:54.438] [warning] Couldn't find file 'middle_proximal_lvs.vtp'.
[2022-11-14 15:07:54.438] [warning] Couldn't find file 'middle_medial_lvs.vtp'.
[2022-11-14 15:07:54.438] [warning] Couldn't find file 'middle_distal_lvs.vtp'.
[2022-11-14 15:07:54.438] [warning] Couldn't find file 'metacarpal4_lvs.vtp'.
[2022-11-14 15:07:54.438] [warning] Couldn't find file 'ring_proximal_lvs.vtp'.
[2022-11-14 15:07:54.438] [warning] Couldn't find file 'ring_medial_lvs.vtp'.
[2022-11-14 15:07:54.438] [warning] Couldn't find file 'ring_distal_lvs.vtp'.
[2022-11-14 15:07:54.438] [warning] Couldn't find file 'metacarpal5_lvs.vtp'.
[2022-11-14 15:07:54.438] [warning] Couldn't find file 'little_proximal_lvs.vtp'.
[2022-11-14 15:07:54.438] [warning] Couldn't find file 'little_medial_lvs.vtp'.
[2022-11-14 15:07:54.438] [warning] Couldn't find file 'little_distal_lvs.vtp'.
[2022-11-14 15:07:54.438] [warning] Couldn't find file 'metacarpal1_lvs.vtp'.
[2022-11-14 15:07:54.438] [warning] Couldn't find file 'thumb_proximal_lvs.vtp'.
[2022-11-14 15:07:54.438] [warning] Couldn't find file 'thumb_distal_lvs.vtp'.
[2022-11-14 15:09:28.111] [info] Loaded model subject1_withMTJ_locked_scaled_custom from file C:\Users\u0150099\Documents\master_thesis\3dpredictsim\OpenSimModel\subject1\Fal_s1_mtjc4_FK_sc_FDB2_MTc5_cspx10_oy3.osim
[2022-11-14 15:09:28.111] [warning] Couldn't find file 'sacrum.vtp'.
[2022-11-14 15:09:28.111] [warning] Couldn't find file 'pelvis.vtp'.
[2022-11-14 15:09:28.112] [warning] Couldn't find file 'l_pelvis.vtp'.
[2022-11-14 15:09:28.112] [warning] Couldn't find file 'femur_r.vtp'.
[2022-11-14 15:09:28.112] [warning] Couldn't find file 'tibia_r.vtp'.
[2022-11-14 15:09:28.112] [warning] Couldn't find file 'fibula_r.vtp'.
[2022-11-14 15:09:28.112] [warning] Couldn't find file 'talus_rv.vtp'.
[2022-11-14 15:09:28.112] [warning] Couldn't find file 'calcaneous_rv.vtp'.
[2022-11-14 15:09:28.112] [warning] Couldn't find file 'model_r_midfoot.stl'.
[2022-11-14 15:09:28.112] [warning] Couldn't find file 'model_r_forefoot.stl'.
[2022-11-14 15:09:28.112] [warning] Couldn't find file 'model_r_toes.stl'.
[2022-11-14 15:09:28.112] [warning] Couldn't find file 'femur_l.vtp'.
[2022-11-14 15:09:28.112] [warning] Couldn't find file 'tibia_l.vtp'.
[2022-11-14 15:09:28.112] [warning] Couldn't find file 'fibula_l.vtp'.
[2022-11-14 15:09:28.112] [warning] Couldn't find file 'talus_lv.vtp'.
[2022-11-14 15:09:28.112] [warning] Couldn't find file 'calcaneous_lv.vtp'.
[2022-11-14 15:09:28.112] [warning] Couldn't find file 'model_l_midfoot.stl'.
[2022-11-14 15:09:28.112] [warning] Couldn't find file 'model_l_forefoot.stl'.
[2022-11-14 15:09:28.113] [warning] Couldn't find file 'model_l_toes.stl'.
[2022-11-14 15:09:28.113] [warning] Couldn't find file 'hat_spine.vtp'.
[2022-11-14 15:09:28.113] [warning] Couldn't find file 'hat_jaw.vtp'.
[2022-11-14 15:09:28.113] [warning] Couldn't find file 'hat_skull.vtp'.
[2022-11-14 15:09:28.113] [warning] Couldn't find file 'hat_ribs_scap.vtp'.
[2022-11-14 15:09:28.113] [warning] Couldn't find file 'humerus_rv.vtp'.
[2022-11-14 15:09:28.113] [warning] Couldn't find file 'ulna_rv.vtp'.
[2022-11-14 15:09:28.113] [warning] Couldn't find file 'radius_rv.vtp'.
[2022-11-14 15:09:28.113] [warning] Couldn't find file 'pisiform_rvs.vtp'.
[2022-11-14 15:09:28.113] [warning] Couldn't find file 'lunate_rvs.vtp'.
[2022-11-14 15:09:28.113] [warning] Couldn't find file 'scaphoid_rvs.vtp'.
[2022-11-14 15:09:28.113] [warning] Couldn't find file 'triquetrum_rvs.vtp'.
[2022-11-14 15:09:28.113] [warning] Couldn't find file 'hamate_rvs.vtp'.
[2022-11-14 15:09:28.113] [warning] Couldn't find file 'capitate_rvs.vtp'.
[2022-11-14 15:09:28.113] [warning] Couldn't find file 'trapezoid_rvs.vtp'.
[2022-11-14 15:09:28.113] [warning] Couldn't find file 'trapezium_rvs.vtp'.
[2022-11-14 15:09:28.113] [warning] Couldn't find file 'metacarpal2_rvs.vtp'.
[2022-11-14 15:09:28.114] [warning] Couldn't find file 'index_proximal_rvs.vtp'.
[2022-11-14 15:09:28.114] [warning] Couldn't find file 'index_medial_rvs.vtp'.
[2022-11-14 15:09:28.114] [warning] Couldn't find file 'index_distal_rvs.vtp'.
[2022-11-14 15:09:28.114] [warning] Couldn't find file 'metacarpal3_rvs.vtp'.
[2022-11-14 15:09:28.114] [warning] Couldn't find file 'middle_proximal_rvs.vtp'.
[2022-11-14 15:09:28.114] [warning] Couldn't find file 'middle_medial_rvs.vtp'.
[2022-11-14 15:09:28.114] [warning] Couldn't find file 'middle_distal_rvs.vtp'.
[2022-11-14 15:09:28.114] [warning] Couldn't find file 'metacarpal4_rvs.vtp'.
[2022-11-14 15:09:28.114] [warning] Couldn't find file 'ring_proximal_rvs.vtp'.
[2022-11-14 15:09:28.114] [warning] Couldn't find file 'ring_medial_rvs.vtp'.
[2022-11-14 15:09:28.114] [warning] Couldn't find file 'ring_distal_rvs.vtp'.
[2022-11-14 15:09:28.114] [warning] Couldn't find file 'metacarpal5_rvs.vtp'.
[2022-11-14 15:09:28.114] [warning] Couldn't find file 'little_proximal_rvs.vtp'.
[2022-11-14 15:09:28.114] [warning] Couldn't find file 'little_medial_rvs.vtp'.
[2022-11-14 15:09:28.114] [warning] Couldn't find file 'little_distal_rvs.vtp'.
[2022-11-14 15:09:28.114] [warning] Couldn't find file 'metacarpal1_rvs.vtp'.
[2022-11-14 15:09:28.114] [warning] Couldn't find file 'thumb_proximal_rvs.vtp'.
[2022-11-14 15:09:28.114] [warning] Couldn't find file 'thumb_distal_rvs.vtp'.
[2022-11-14 15:09:28.115] [warning] Couldn't find file 'humerus_lv.vtp'.
[2022-11-14 15:09:28.115] [warning] Couldn't find file 'ulna_lv.vtp'.
[2022-11-14 15:09:28.115] [warning] Couldn't find file 'radius_lv.vtp'.
[2022-11-14 15:09:28.115] [warning] Couldn't find file 'pisiform_lvs.vtp'.
[2022-11-14 15:09:28.115] [warning] Couldn't find file 'lunate_lvs.vtp'.
[2022-11-14 15:09:28.115] [warning] Couldn't find file 'scaphoid_lvs.vtp'.
[2022-11-14 15:09:28.115] [warning] Couldn't find file 'triquetrum_lvs.vtp'.
[2022-11-14 15:09:28.115] [warning] Couldn't find file 'hamate_lvs.vtp'.
[2022-11-14 15:09:28.115] [warning] Couldn't find file 'capitate_lvs.vtp'.
[2022-11-14 15:09:28.115] [warning] Couldn't find file 'trapezoid_lvs.vtp'.
[2022-11-14 15:09:28.115] [warning] Couldn't find file 'trapezium_lvs.vtp'.
[2022-11-14 15:09:28.115] [warning] Couldn't find file 'metacarpal2_lvs.vtp'.
[2022-11-14 15:09:28.115] [warning] Couldn't find file 'index_proximal_lvs.vtp'.
[2022-11-14 15:09:28.115] [warning] Couldn't find file 'index_medial_lvs.vtp'.
[2022-11-14 15:09:28.115] [warning] Couldn't find file 'index_distal_lvs.vtp'.
[2022-11-14 15:09:28.115] [warning] Couldn't find file 'metacarpal3_lvs.vtp'.
[2022-11-14 15:09:28.115] [warning] Couldn't find file 'middle_proximal_lvs.vtp'.
[2022-11-14 15:09:28.115] [warning] Couldn't find file 'middle_medial_lvs.vtp'.
[2022-11-14 15:09:28.116] [warning] Couldn't find file 'middle_distal_lvs.vtp'.
[2022-11-14 15:09:28.116] [warning] Couldn't find file 'metacarpal4_lvs.vtp'.
[2022-11-14 15:09:28.116] [warning] Couldn't find file 'ring_proximal_lvs.vtp'.
[2022-11-14 15:09:28.116] [warning] Couldn't find file 'ring_medial_lvs.vtp'.
[2022-11-14 15:09:28.116] [warning] Couldn't find file 'ring_distal_lvs.vtp'.
[2022-11-14 15:09:28.116] [warning] Couldn't find file 'metacarpal5_lvs.vtp'.
[2022-11-14 15:09:28.116] [warning] Couldn't find file 'little_proximal_lvs.vtp'.
[2022-11-14 15:09:28.116] [warning] Couldn't find file 'little_medial_lvs.vtp'.
[2022-11-14 15:09:28.116] [warning] Couldn't find file 'little_distal_lvs.vtp'.
[2022-11-14 15:09:28.116] [warning] Couldn't find file 'metacarpal1_lvs.vtp'.
[2022-11-14 15:09:28.116] [warning] Couldn't find file 'thumb_proximal_lvs.vtp'.
[2022-11-14 15:09:28.116] [warning] Couldn't find file 'thumb_distal_lvs.vtp'.
[2022-11-14 15:09:51.619] [info] Loaded model subject1_withMTJ_locked_scaled_custom from file C:\Users\u0150099\Documents\master_thesis\3dpredictsim\OpenSimModel\subject1\Fal_s1_mtjc4_FK_sc_FDB2_MTc5_cspx10_oy3.osim
[2022-11-14 15:09:51.620] [warning] Couldn't find file 'sacrum.vtp'.
[2022-11-14 15:09:51.620] [warning] Couldn't find file 'pelvis.vtp'.
[2022-11-14 15:09:51.620] [warning] Couldn't find file 'l_pelvis.vtp'.
[2022-11-14 15:09:51.620] [warning] Couldn't find file 'femur_r.vtp'.
[2022-11-14 15:09:51.620] [warning] Couldn't find file 'tibia_r.vtp'.
[2022-11-14 15:09:51.620] [warning] Couldn't find file 'fibula_r.vtp'.
[2022-11-14 15:09:51.620] [warning] Couldn't find file 'talus_rv.vtp'.
[2022-11-14 15:09:51.620] [warning] Couldn't find file 'calcaneous_rv.vtp'.
[2022-11-14 15:09:51.620] [warning] Couldn't find file 'model_r_midfoot.stl'.
[2022-11-14 15:09:51.620] [warning] Couldn't find file 'model_r_forefoot.stl'.
[2022-11-14 15:09:51.620] [warning] Couldn't find file 'model_r_toes.stl'.
[2022-11-14 15:09:51.620] [warning] Couldn't find file 'femur_l.vtp'.
[2022-11-14 15:09:51.620] [warning] Couldn't find file 'tibia_l.vtp'.
[2022-11-14 15:09:51.620] [warning] Couldn't find file 'fibula_l.vtp'.
[2022-11-14 15:09:51.620] [warning] Couldn't find file 'talus_lv.vtp'.
[2022-11-14 15:09:51.621] [warning] Couldn't find file 'calcaneous_lv.vtp'.
[2022-11-14 15:09:51.621] [warning] Couldn't find file 'model_l_midfoot.stl'.
[2022-11-14 15:09:51.621] [warning] Couldn't find file 'model_l_forefoot.stl'.
[2022-11-14 15:09:51.621] [warning] Couldn't find file 'model_l_toes.stl'.
[2022-11-14 15:09:51.621] [warning] Couldn't find file 'hat_spine.vtp'.
[2022-11-14 15:09:51.621] [warning] Couldn't find file 'hat_jaw.vtp'.
[2022-11-14 15:09:51.621] [warning] Couldn't find file 'hat_skull.vtp'.
[2022-11-14 15:09:51.621] [warning] Couldn't find file 'hat_ribs_scap.vtp'.
[2022-11-14 15:09:51.621] [warning] Couldn't find file 'humerus_rv.vtp'.
[2022-11-14 15:09:51.621] [warning] Couldn't find file 'ulna_rv.vtp'.
[2022-11-14 15:09:51.621] [warning] Couldn't find file 'radius_rv.vtp'.
[2022-11-14 15:09:51.621] [warning] Couldn't find file 'pisiform_rvs.vtp'.
[2022-11-14 15:09:51.621] [warning] Couldn't find file 'lunate_rvs.vtp'.
[2022-11-14 15:09:51.621] [warning] Couldn't find file 'scaphoid_rvs.vtp'.
[2022-11-14 15:09:51.621] [warning] Couldn't find file 'triquetrum_rvs.vtp'.
[2022-11-14 15:09:51.621] [warning] Couldn't find file 'hamate_rvs.vtp'.
[2022-11-14 15:09:51.621] [warning] Couldn't find file 'capitate_rvs.vtp'.
[2022-11-14 15:09:51.622] [warning] Couldn't find file 'trapezoid_rvs.vtp'.
[2022-11-14 15:09:51.622] [warning] Couldn't find file 'trapezium_rvs.vtp'.
[2022-11-14 15:09:51.622] [warning] Couldn't find file 'metacarpal2_rvs.vtp'.
[2022-11-14 15:09:51.622] [warning] Couldn't find file 'index_proximal_rvs.vtp'.
[2022-11-14 15:09:51.622] [warning] Couldn't find file 'index_medial_rvs.vtp'.
[2022-11-14 15:09:51.622] [warning] Couldn't find file 'index_distal_rvs.vtp'.
[2022-11-14 15:09:51.622] [warning] Couldn't find file 'metacarpal3_rvs.vtp'.
[2022-11-14 15:09:51.622] [warning] Couldn't find file 'middle_proximal_rvs.vtp'.
[2022-11-14 15:09:51.622] [warning] Couldn't find file 'middle_medial_rvs.vtp'.
[2022-11-14 15:09:51.622] [warning] Couldn't find file 'middle_distal_rvs.vtp'.
[2022-11-14 15:09:51.622] [warning] Couldn't find file 'metacarpal4_rvs.vtp'.
[2022-11-14 15:09:51.622] [warning] Couldn't find file 'ring_proximal_rvs.vtp'.
[2022-11-14 15:09:51.622] [warning] Couldn't find file 'ring_medial_rvs.vtp'.
[2022-11-14 15:09:51.622] [warning] Couldn't find file 'ring_distal_rvs.vtp'.
[2022-11-14 15:09:51.622] [warning] Couldn't find file 'metacarpal5_rvs.vtp'.
[2022-11-14 15:09:51.622] [warning] Couldn't find file 'little_proximal_rvs.vtp'.
[2022-11-14 15:09:51.622] [warning] Couldn't find file 'little_medial_rvs.vtp'.
[2022-11-14 15:09:51.622] [warning] Couldn't find file 'little_distal_rvs.vtp'.
[2022-11-14 15:09:51.623] [warning] Couldn't find file 'metacarpal1_rvs.vtp'.
[2022-11-14 15:09:51.623] [warning] Couldn't find file 'thumb_proximal_rvs.vtp'.
[2022-11-14 15:09:51.623] [warning] Couldn't find file 'thumb_distal_rvs.vtp'.
[2022-11-14 15:09:51.623] [warning] Couldn't find file 'humerus_lv.vtp'.
[2022-11-14 15:09:51.623] [warning] Couldn't find file 'ulna_lv.vtp'.
[2022-11-14 15:09:51.623] [warning] Couldn't find file 'radius_lv.vtp'.
[2022-11-14 15:09:51.623] [warning] Couldn't find file 'pisiform_lvs.vtp'.
[2022-11-14 15:09:51.623] [warning] Couldn't find file 'lunate_lvs.vtp'.
[2022-11-14 15:09:51.623] [warning] Couldn't find file 'scaphoid_lvs.vtp'.
[2022-11-14 15:09:51.623] [warning] Couldn't find file 'triquetrum_lvs.vtp'.
[2022-11-14 15:09:51.623] [warning] Couldn't find file 'hamate_lvs.vtp'.
[2022-11-14 15:09:51.623] [warning] Couldn't find file 'capitate_lvs.vtp'.
[2022-11-14 15:09:51.623] [warning] Couldn't find file 'trapezoid_lvs.vtp'.
[2022-11-14 15:09:51.623] [warning] Couldn't find file 'trapezium_lvs.vtp'.
[2022-11-14 15:09:51.623] [warning] Couldn't find file 'metacarpal2_lvs.vtp'.
[2022-11-14 15:09:51.623] [warning] Couldn't find file 'index_proximal_lvs.vtp'.
[2022-11-14 15:09:51.623] [warning] Couldn't find file 'index_medial_lvs.vtp'.
[2022-11-14 15:09:51.624] [warning] Couldn't find file 'index_distal_lvs.vtp'.
[2022-11-14 15:09:51.624] [warning] Couldn't find file 'metacarpal3_lvs.vtp'.
[2022-11-14 15:09:51.624] [warning] Couldn't find file 'middle_proximal_lvs.vtp'.
[2022-11-14 15:09:51.624] [warning] Couldn't find file 'middle_medial_lvs.vtp'.
[2022-11-14 15:09:51.624] [warning] Couldn't find file 'middle_distal_lvs.vtp'.
[2022-11-14 15:09:51.624] [warning] Couldn't find file 'metacarpal4_lvs.vtp'.
[2022-11-14 15:09:51.624] [warning] Couldn't find file 'ring_proximal_lvs.vtp'.
[2022-11-14 15:09:51.624] [warning] Couldn't find file 'ring_medial_lvs.vtp'.
[2022-11-14 15:09:51.624] [warning] Couldn't find file 'ring_distal_lvs.vtp'.
[2022-11-14 15:09:51.624] [warning] Couldn't find file 'metacarpal5_lvs.vtp'.
[2022-11-14 15:09:51.624] [warning] Couldn't find file 'little_proximal_lvs.vtp'.
[2022-11-14 15:09:51.624] [warning] Couldn't find file 'little_medial_lvs.vtp'.
[2022-11-14 15:09:51.624] [warning] Couldn't find file 'little_distal_lvs.vtp'.
[2022-11-14 15:09:51.624] [warning] Couldn't find file 'metacarpal1_lvs.vtp'.
[2022-11-14 15:09:51.624] [warning] Couldn't find file 'thumb_proximal_lvs.vtp'.
[2022-11-14 15:09:51.624] [warning] Couldn't find file 'thumb_distal_lvs.vtp'.
[2022-11-14 15:35:08.546] [info] Loaded model subject1_withMTJ_locked_scaled_custom from file C:\Users\u0150099\Documents\master_thesis\3dpredictsim\OpenSimModel\subject1\Fal_s1_mtjc4_FK_sc_FDB2_MTc5_cspx10_oy3.osim
[2022-11-14 15:35:08.547] [warning] Couldn't find file 'sacrum.vtp'.
[2022-11-14 15:35:08.547] [warning] Couldn't find file 'pelvis.vtp'.
[2022-11-14 15:35:08.547] [warning] Couldn't find file 'l_pelvis.vtp'.
[2022-11-14 15:35:08.547] [warning] Couldn't find file 'femur_r.vtp'.
[2022-11-14 15:35:08.547] [warning] Couldn't find file 'tibia_r.vtp'.
[2022-11-14 15:35:08.547] [warning] Couldn't find file 'fibula_r.vtp'.
[2022-11-14 15:35:08.547] [warning] Couldn't find file 'talus_rv.vtp'.
[2022-11-14 15:35:08.547] [warning] Couldn't find file 'calcaneous_rv.vtp'.
[2022-11-14 15:35:08.547] [warning] Couldn't find file 'model_r_midfoot.stl'.
[2022-11-14 15:35:08.547] [warning] Couldn't find file 'model_r_forefoot.stl'.
[2022-11-14 15:35:08.548] [warning] Couldn't find file 'model_r_toes.stl'.
[2022-11-14 15:35:08.548] [warning] Couldn't find file 'femur_l.vtp'.
[2022-11-14 15:35:08.548] [warning] Couldn't find file 'tibia_l.vtp'.
[2022-11-14 15:35:08.548] [warning] Couldn't find file 'fibula_l.vtp'.
[2022-11-14 15:35:08.548] [warning] Couldn't find file 'talus_lv.vtp'.
[2022-11-14 15:35:08.548] [warning] Couldn't find file 'calcaneous_lv.vtp'.
[2022-11-14 15:35:08.548] [warning] Couldn't find file 'model_l_midfoot.stl'.
[2022-11-14 15:35:08.548] [warning] Couldn't find file 'model_l_forefoot.stl'.
[2022-11-14 15:35:08.548] [warning] Couldn't find file 'model_l_toes.stl'.
[2022-11-14 15:35:08.548] [warning] Couldn't find file 'hat_spine.vtp'.
[2022-11-14 15:35:08.548] [warning] Couldn't find file 'hat_jaw.vtp'.
[2022-11-14 15:35:08.548] [warning] Couldn't find file 'hat_skull.vtp'.
[2022-11-14 15:35:08.548] [warning] Couldn't find file 'hat_ribs_scap.vtp'.
[2022-11-14 15:35:08.548] [warning] Couldn't find file 'humerus_rv.vtp'.
[2022-11-14 15:35:08.548] [warning] Couldn't find file 'ulna_rv.vtp'.
[2022-11-14 15:35:08.549] [warning] Couldn't find file 'radius_rv.vtp'.
[2022-11-14 15:35:08.549] [warning] Couldn't find file 'pisiform_rvs.vtp'.
[2022-11-14 15:35:08.549] [warning] Couldn't find file 'lunate_rvs.vtp'.
[2022-11-14 15:35:08.549] [warning] Couldn't find file 'scaphoid_rvs.vtp'.
[2022-11-14 15:35:08.549] [warning] Couldn't find file 'triquetrum_rvs.vtp'.
[2022-11-14 15:35:08.549] [warning] Couldn't find file 'hamate_rvs.vtp'.
[2022-11-14 15:35:08.549] [warning] Couldn't find file 'capitate_rvs.vtp'.
[2022-11-14 15:35:08.549] [warning] Couldn't find file 'trapezoid_rvs.vtp'.
[2022-11-14 15:35:08.549] [warning] Couldn't find file 'trapezium_rvs.vtp'.
[2022-11-14 15:35:08.549] [warning] Couldn't find file 'metacarpal2_rvs.vtp'.
[2022-11-14 15:35:08.549] [warning] Couldn't find file 'index_proximal_rvs.vtp'.
[2022-11-14 15:35:08.549] [warning] Couldn't find file 'index_medial_rvs.vtp'.
[2022-11-14 15:35:08.549] [warning] Couldn't find file 'index_distal_rvs.vtp'.
[2022-11-14 15:35:08.549] [warning] Couldn't find file 'metacarpal3_rvs.vtp'.
[2022-11-14 15:35:08.549] [warning] Couldn't find file 'middle_proximal_rvs.vtp'.
[2022-11-14 15:35:08.550] [warning] Couldn't find file 'middle_medial_rvs.vtp'.
[2022-11-14 15:35:08.550] [warning] Couldn't find file 'middle_distal_rvs.vtp'.
[2022-11-14 15:35:08.550] [warning] Couldn't find file 'metacarpal4_rvs.vtp'.
[2022-11-14 15:35:08.550] [warning] Couldn't find file 'ring_proximal_rvs.vtp'.
[2022-11-14 15:35:08.550] [warning] Couldn't find file 'ring_medial_rvs.vtp'.
[2022-11-14 15:35:08.550] [warning] Couldn't find file 'ring_distal_rvs.vtp'.
[2022-11-14 15:35:08.550] [warning] Couldn't find file 'metacarpal5_rvs.vtp'.
[2022-11-14 15:35:08.550] [warning] Couldn't find file 'little_proximal_rvs.vtp'.
[2022-11-14 15:35:08.550] [warning] Couldn't find file 'little_medial_rvs.vtp'.
[2022-11-14 15:35:08.550] [warning] Couldn't find file 'little_distal_rvs.vtp'.
[2022-11-14 15:35:08.550] [warning] Couldn't find file 'metacarpal1_rvs.vtp'.
[2022-11-14 15:35:08.550] [warning] Couldn't find file 'thumb_proximal_rvs.vtp'.
[2022-11-14 15:35:08.550] [warning] Couldn't find file 'thumb_distal_rvs.vtp'.
[2022-11-14 15:35:08.550] [warning] Couldn't find file 'humerus_lv.vtp'.
[2022-11-14 15:35:08.550] [warning] Couldn't find file 'ulna_lv.vtp'.
[2022-11-14 15:35:08.550] [warning] Couldn't find file 'radius_lv.vtp'.
[2022-11-14 15:35:08.551] [warning] Couldn't find file 'pisiform_lvs.vtp'.
[2022-11-14 15:35:08.551] [warning] Couldn't find file 'lunate_lvs.vtp'.
[2022-11-14 15:35:08.551] [warning] Couldn't find file 'scaphoid_lvs.vtp'.
[2022-11-14 15:35:08.551] [warning] Couldn't find file 'triquetrum_lvs.vtp'.
[2022-11-14 15:35:08.551] [warning] Couldn't find file 'hamate_lvs.vtp'.
[2022-11-14 15:35:08.551] [warning] Couldn't find file 'capitate_lvs.vtp'.
[2022-11-14 15:35:08.551] [warning] Couldn't find file 'trapezoid_lvs.vtp'.
[2022-11-14 15:35:08.551] [warning] Couldn't find file 'trapezium_lvs.vtp'.
[2022-11-14 15:35:08.551] [warning] Couldn't find file 'metacarpal2_lvs.vtp'.
[2022-11-14 15:35:08.551] [warning] Couldn't find file 'index_proximal_lvs.vtp'.
[2022-11-14 15:35:08.551] [warning] Couldn't find file 'index_medial_lvs.vtp'.
[2022-11-14 15:35:08.551] [warning] Couldn't find file 'index_distal_lvs.vtp'.
[2022-11-14 15:35:08.551] [warning] Couldn't find file 'metacarpal3_lvs.vtp'.
[2022-11-14 15:35:08.551] [warning] Couldn't find file 'middle_proximal_lvs.vtp'.
[2022-11-14 15:35:08.551] [warning] Couldn't find file 'middle_medial_lvs.vtp'.
[2022-11-14 15:35:08.551] [warning] Couldn't find file 'middle_distal_lvs.vtp'.
[2022-11-14 15:35:08.552] [warning] Couldn't find file 'metacarpal4_lvs.vtp'.
[2022-11-14 15:35:08.552] [warning] Couldn't find file 'ring_proximal_lvs.vtp'.
[2022-11-14 15:35:08.552] [warning] Couldn't find file 'ring_medial_lvs.vtp'.
[2022-11-14 15:35:08.552] [warning] Couldn't find file 'ring_distal_lvs.vtp'.
[2022-11-14 15:35:08.552] [warning] Couldn't find file 'metacarpal5_lvs.vtp'.
[2022-11-14 15:35:08.552] [warning] Couldn't find file 'little_proximal_lvs.vtp'.
[2022-11-14 15:35:08.552] [warning] Couldn't find file 'little_medial_lvs.vtp'.
[2022-11-14 15:35:08.552] [warning] Couldn't find file 'little_distal_lvs.vtp'.
[2022-11-14 15:35:08.552] [warning] Couldn't find file 'metacarpal1_lvs.vtp'.
[2022-11-14 15:35:08.552] [warning] Couldn't find file 'thumb_proximal_lvs.vtp'.
[2022-11-14 15:35:08.552] [warning] Couldn't find file 'thumb_distal_lvs.vtp'.
[2022-11-14 15:35:25.556] [info] Loaded model subject1_withMTJ_locked_scaled_custom from file C:\Users\u0150099\Documents\master_thesis\3dpredictsim\OpenSimModel\subject1\Fal_s1_mtjc4_FK_sc_FDB2_MTc5_cspx10_oy3.osim
[2022-11-14 15:35:25.557] [warning] Couldn't find file 'sacrum.vtp'.
[2022-11-14 15:35:25.557] [warning] Couldn't find file 'pelvis.vtp'.
[2022-11-14 15:35:25.557] [warning] Couldn't find file 'l_pelvis.vtp'.
[2022-11-14 15:35:25.557] [warning] Couldn't find file 'femur_r.vtp'.
[2022-11-14 15:35:25.557] [warning] Couldn't find file 'tibia_r.vtp'.
[2022-11-14 15:35:25.557] [warning] Couldn't find file 'fibula_r.vtp'.
[2022-11-14 15:35:25.557] [warning] Couldn't find file 'talus_rv.vtp'.
[2022-11-14 15:35:25.557] [warning] Couldn't find file 'calcaneous_rv.vtp'.
[2022-11-14 15:35:25.557] [warning] Couldn't find file 'model_r_midfoot.stl'.
[2022-11-14 15:35:25.557] [warning] Couldn't find file 'model_r_forefoot.stl'.
[2022-11-14 15:35:25.558] [warning] Couldn't find file 'model_r_toes.stl'.
[2022-11-14 15:35:25.558] [warning] Couldn't find file 'femur_l.vtp'.
[2022-11-14 15:35:25.558] [warning] Couldn't find file 'tibia_l.vtp'.
[2022-11-14 15:35:25.558] [warning] Couldn't find file 'fibula_l.vtp'.
[2022-11-14 15:35:25.558] [warning] Couldn't find file 'talus_lv.vtp'.
[2022-11-14 15:35:25.558] [warning] Couldn't find file 'calcaneous_lv.vtp'.
[2022-11-14 15:35:25.558] [warning] Couldn't find file 'model_l_midfoot.stl'.
[2022-11-14 15:35:25.558] [warning] Couldn't find file 'model_l_forefoot.stl'.
[2022-11-14 15:35:25.558] [warning] Couldn't find file 'model_l_toes.stl'.
[2022-11-14 15:35:25.558] [warning] Couldn't find file 'hat_spine.vtp'.
[2022-11-14 15:35:25.558] [warning] Couldn't find file 'hat_jaw.vtp'.
[2022-11-14 15:35:25.558] [warning] Couldn't find file 'hat_skull.vtp'.
[2022-11-14 15:35:25.558] [warning] Couldn't find file 'hat_ribs_scap.vtp'.
[2022-11-14 15:35:25.558] [warning] Couldn't find file 'humerus_rv.vtp'.
[2022-11-14 15:35:25.558] [warning] Couldn't find file 'ulna_rv.vtp'.
[2022-11-14 15:35:25.558] [warning] Couldn't find file 'radius_rv.vtp'.
[2022-11-14 15:35:25.559] [warning] Couldn't find file 'pisiform_rvs.vtp'.
[2022-11-14 15:35:25.559] [warning] Couldn't find file 'lunate_rvs.vtp'.
[2022-11-14 15:35:25.559] [warning] Couldn't find file 'scaphoid_rvs.vtp'.
[2022-11-14 15:35:25.559] [warning] Couldn't find file 'triquetrum_rvs.vtp'.
[2022-11-14 15:35:25.559] [warning] Couldn't find file 'hamate_rvs.vtp'.
[2022-11-14 15:35:25.559] [warning] Couldn't find file 'capitate_rvs.vtp'.
[2022-11-14 15:35:25.559] [warning] Couldn't find file 'trapezoid_rvs.vtp'.
[2022-11-14 15:35:25.559] [warning] Couldn't find file 'trapezium_rvs.vtp'.
[2022-11-14 15:35:25.559] [warning] Couldn't find file 'metacarpal2_rvs.vtp'.
[2022-11-14 15:35:25.559] [warning] Couldn't find file 'index_proximal_rvs.vtp'.
[2022-11-14 15:35:25.559] [warning] Couldn't find file 'index_medial_rvs.vtp'.
[2022-11-14 15:35:25.559] [warning] Couldn't find file 'index_distal_rvs.vtp'.
[2022-11-14 15:35:25.559] [warning] Couldn't find file 'metacarpal3_rvs.vtp'.
[2022-11-14 15:35:25.559] [warning] Couldn't find file 'middle_proximal_rvs.vtp'.
[2022-11-14 15:35:25.559] [warning] Couldn't find file 'middle_medial_rvs.vtp'.
[2022-11-14 15:35:25.559] [warning] Couldn't find file 'middle_distal_rvs.vtp'.
[2022-11-14 15:35:25.559] [warning] Couldn't find file 'metacarpal4_rvs.vtp'.
[2022-11-14 15:35:25.559] [warning] Couldn't find file 'ring_proximal_rvs.vtp'.
[2022-11-14 15:35:25.560] [warning] Couldn't find file 'ring_medial_rvs.vtp'.
[2022-11-14 15:35:25.560] [warning] Couldn't find file 'ring_distal_rvs.vtp'.
[2022-11-14 15:35:25.560] [warning] Couldn't find file 'metacarpal5_rvs.vtp'.
[2022-11-14 15:35:25.560] [warning] Couldn't find file 'little_proximal_rvs.vtp'.
[2022-11-14 15:35:25.560] [warning] Couldn't find file 'little_medial_rvs.vtp'.
[2022-11-14 15:35:25.560] [warning] Couldn't find file 'little_distal_rvs.vtp'.
[2022-11-14 15:35:25.560] [warning] Couldn't find file 'metacarpal1_rvs.vtp'.
[2022-11-14 15:35:25.560] [warning] Couldn't find file 'thumb_proximal_rvs.vtp'.
[2022-11-14 15:35:25.560] [warning] Couldn't find file 'thumb_distal_rvs.vtp'.
[2022-11-14 15:35:25.560] [warning] Couldn't find file 'humerus_lv.vtp'.
[2022-11-14 15:35:25.560] [warning] Couldn't find file 'ulna_lv.vtp'.
[2022-11-14 15:35:25.560] [warning] Couldn't find file 'radius_lv.vtp'.
[2022-11-14 15:35:25.560] [warning] Couldn't find file 'pisiform_lvs.vtp'.
[2022-11-14 15:35:25.560] [warning] Couldn't find file 'lunate_lvs.vtp'.
[2022-11-14 15:35:25.560] [warning] Couldn't find file 'scaphoid_lvs.vtp'.
[2022-11-14 15:35:25.560] [warning] Couldn't find file 'triquetrum_lvs.vtp'.
[2022-11-14 15:35:25.560] [warning] Couldn't find file 'hamate_lvs.vtp'.
[2022-11-14 15:35:25.561] [warning] Couldn't find file 'capitate_lvs.vtp'.
[2022-11-14 15:35:25.561] [warning] Couldn't find file 'trapezoid_lvs.vtp'.
[2022-11-14 15:35:25.561] [warning] Couldn't find file 'trapezium_lvs.vtp'.
[2022-11-14 15:35:25.561] [warning] Couldn't find file 'metacarpal2_lvs.vtp'.
[2022-11-14 15:35:25.561] [warning] Couldn't find file 'index_proximal_lvs.vtp'.
[2022-11-14 15:35:25.561] [warning] Couldn't find file 'index_medial_lvs.vtp'.
[2022-11-14 15:35:25.561] [warning] Couldn't find file 'index_distal_lvs.vtp'.
[2022-11-14 15:35:25.561] [warning] Couldn't find file 'metacarpal3_lvs.vtp'.
[2022-11-14 15:35:25.561] [warning] Couldn't find file 'middle_proximal_lvs.vtp'.
[2022-11-14 15:35:25.561] [warning] Couldn't find file 'middle_medial_lvs.vtp'.
[2022-11-14 15:35:25.561] [warning] Couldn't find file 'middle_distal_lvs.vtp'.
[2022-11-14 15:35:25.561] [warning] Couldn't find file 'metacarpal4_lvs.vtp'.
[2022-11-14 15:35:25.561] [warning] Couldn't find file 'ring_proximal_lvs.vtp'.
[2022-11-14 15:35:25.561] [warning] Couldn't find file 'ring_medial_lvs.vtp'.
[2022-11-14 15:35:25.561] [warning] Couldn't find file 'ring_distal_lvs.vtp'.
[2022-11-14 15:35:25.561] [warning] Couldn't find file 'metacarpal5_lvs.vtp'.
[2022-11-14 15:35:25.561] [warning] Couldn't find file 'little_proximal_lvs.vtp'.
[2022-11-14 15:35:25.561] [warning] Couldn't find file 'little_medial_lvs.vtp'.
[2022-11-14 15:35:25.562] [warning] Couldn't find file 'little_distal_lvs.vtp'.
[2022-11-14 15:35:25.562] [warning] Couldn't find file 'metacarpal1_lvs.vtp'.
[2022-11-14 15:35:25.562] [warning] Couldn't find file 'thumb_proximal_lvs.vtp'.
[2022-11-14 15:35:25.562] [warning] Couldn't find file 'thumb_distal_lvs.vtp'.
[2022-11-14 15:35:27.123] [info] Loaded model subject1_withMTJ_locked_scaled_custom from file C:\Users\u0150099\Documents\master_thesis\3dpredictsim\OpenSimModel\subject1\Fal_s1_mtjc4_FK_sc_FDB2_MTc5_cg0.osim
[2022-11-14 15:35:27.124] [warning] Couldn't find file 'sacrum.vtp'.
[2022-11-14 15:35:27.124] [warning] Couldn't find file 'pelvis.vtp'.
[2022-11-14 15:35:27.124] [warning] Couldn't find file 'l_pelvis.vtp'.
[2022-11-14 15:35:27.124] [warning] Couldn't find file 'femur_r.vtp'.
[2022-11-14 15:35:27.124] [warning] Couldn't find file 'tibia_r.vtp'.
[2022-11-14 15:35:27.124] [warning] Couldn't find file 'fibula_r.vtp'.
[2022-11-14 15:35:27.124] [warning] Couldn't find file 'talus_rv.vtp'.
[2022-11-14 15:35:27.124] [warning] Couldn't find file 'calcaneous_rv.vtp'.
[2022-11-14 15:35:27.125] [warning] Couldn't find file 'model_r_midfoot.stl'.
[2022-11-14 15:35:27.125] [warning] Couldn't find file 'model_r_forefoot.stl'.
[2022-11-14 15:35:27.125] [warning] Couldn't find file 'model_r_toes.stl'.
[2022-11-14 15:35:27.125] [warning] Couldn't find file 'femur_l.vtp'.
[2022-11-14 15:35:27.125] [warning] Couldn't find file 'tibia_l.vtp'.
[2022-11-14 15:35:27.125] [warning] Couldn't find file 'fibula_l.vtp'.
[2022-11-14 15:35:27.125] [warning] Couldn't find file 'talus_lv.vtp'.
[2022-11-14 15:35:27.125] [warning] Couldn't find file 'calcaneous_lv.vtp'.
[2022-11-14 15:35:27.125] [warning] Couldn't find file 'model_l_midfoot.stl'.
[2022-11-14 15:35:27.125] [warning] Couldn't find file 'model_l_forefoot.stl'.
[2022-11-14 15:35:27.125] [warning] Couldn't find file 'model_l_toes.stl'.
[2022-11-14 15:35:27.125] [warning] Couldn't find file 'hat_spine.vtp'.
[2022-11-14 15:35:27.125] [warning] Couldn't find file 'hat_jaw.vtp'.
[2022-11-14 15:35:27.125] [warning] Couldn't find file 'hat_skull.vtp'.
[2022-11-14 15:35:27.126] [warning] Couldn't find file 'hat_ribs_scap.vtp'.
[2022-11-14 15:35:27.126] [warning] Couldn't find file 'humerus_rv.vtp'.
[2022-11-14 15:35:27.126] [warning] Couldn't find file 'ulna_rv.vtp'.
[2022-11-14 15:35:27.126] [warning] Couldn't find file 'radius_rv.vtp'.
[2022-11-14 15:35:27.126] [warning] Couldn't find file 'pisiform_rvs.vtp'.
[2022-11-14 15:35:27.126] [warning] Couldn't find file 'lunate_rvs.vtp'.
[2022-11-14 15:35:27.126] [warning] Couldn't find file 'scaphoid_rvs.vtp'.
[2022-11-14 15:35:27.126] [warning] Couldn't find file 'triquetrum_rvs.vtp'.
[2022-11-14 15:35:27.126] [warning] Couldn't find file 'hamate_rvs.vtp'.
[2022-11-14 15:35:27.126] [warning] Couldn't find file 'capitate_rvs.vtp'.
[2022-11-14 15:35:27.126] [warning] Couldn't find file 'trapezoid_rvs.vtp'.
[2022-11-14 15:35:27.126] [warning] Couldn't find file 'trapezium_rvs.vtp'.
[2022-11-14 15:35:27.126] [warning] Couldn't find file 'metacarpal2_rvs.vtp'.
[2022-11-14 15:35:27.127] [warning] Couldn't find file 'index_proximal_rvs.vtp'.
[2022-11-14 15:35:27.127] [warning] Couldn't find file 'index_medial_rvs.vtp'.
[2022-11-14 15:35:27.127] [warning] Couldn't find file 'index_distal_rvs.vtp'.
[2022-11-14 15:35:27.127] [warning] Couldn't find file 'metacarpal3_rvs.vtp'.
[2022-11-14 15:35:27.127] [warning] Couldn't find file 'middle_proximal_rvs.vtp'.
[2022-11-14 15:35:27.127] [warning] Couldn't find file 'middle_medial_rvs.vtp'.
[2022-11-14 15:35:27.127] [warning] Couldn't find file 'middle_distal_rvs.vtp'.
[2022-11-14 15:35:27.127] [warning] Couldn't find file 'metacarpal4_rvs.vtp'.
[2022-11-14 15:35:27.127] [warning] Couldn't find file 'ring_proximal_rvs.vtp'.
[2022-11-14 15:35:27.127] [warning] Couldn't find file 'ring_medial_rvs.vtp'.
[2022-11-14 15:35:27.127] [warning] Couldn't find file 'ring_distal_rvs.vtp'.
[2022-11-14 15:35:27.127] [warning] Couldn't find file 'metacarpal5_rvs.vtp'.
[2022-11-14 15:35:27.127] [warning] Couldn't find file 'little_proximal_rvs.vtp'.
[2022-11-14 15:35:27.127] [warning] Couldn't find file 'little_medial_rvs.vtp'.
[2022-11-14 15:35:27.127] [warning] Couldn't find file 'little_distal_rvs.vtp'.
[2022-11-14 15:35:27.127] [warning] Couldn't find file 'metacarpal1_rvs.vtp'.
[2022-11-14 15:35:27.127] [warning] Couldn't find file 'thumb_proximal_rvs.vtp'.
[2022-11-14 15:35:27.128] [warning] Couldn't find file 'thumb_distal_rvs.vtp'.
[2022-11-14 15:35:27.128] [warning] Couldn't find file 'humerus_lv.vtp'.
[2022-11-14 15:35:27.128] [warning] Couldn't find file 'ulna_lv.vtp'.
[2022-11-14 15:35:27.128] [warning] Couldn't find file 'radius_lv.vtp'.
[2022-11-14 15:35:27.128] [warning] Couldn't find file 'pisiform_lvs.vtp'.
[2022-11-14 15:35:27.128] [warning] Couldn't find file 'lunate_lvs.vtp'.
[2022-11-14 15:35:27.128] [warning] Couldn't find file 'scaphoid_lvs.vtp'.
[2022-11-14 15:35:27.128] [warning] Couldn't find file 'triquetrum_lvs.vtp'.
[2022-11-14 15:35:27.128] [warning] Couldn't find file 'hamate_lvs.vtp'.
[2022-11-14 15:35:27.128] [warning] Couldn't find file 'capitate_lvs.vtp'.
[2022-11-14 15:35:27.128] [warning] Couldn't find file 'trapezoid_lvs.vtp'.
[2022-11-14 15:35:27.128] [warning] Couldn't find file 'trapezium_lvs.vtp'.
[2022-11-14 15:35:27.128] [warning] Couldn't find file 'metacarpal2_lvs.vtp'.
[2022-11-14 15:35:27.128] [warning] Couldn't find file 'index_proximal_lvs.vtp'.
[2022-11-14 15:35:27.129] [warning] Couldn't find file 'index_medial_lvs.vtp'.
[2022-11-14 15:35:27.129] [warning] Couldn't find file 'index_distal_lvs.vtp'.
[2022-11-14 15:35:27.129] [warning] Couldn't find file 'metacarpal3_lvs.vtp'.
[2022-11-14 15:35:27.129] [warning] Couldn't find file 'middle_proximal_lvs.vtp'.
[2022-11-14 15:35:27.129] [warning] Couldn't find file 'middle_medial_lvs.vtp'.
[2022-11-14 15:35:27.129] [warning] Couldn't find file 'middle_distal_lvs.vtp'.
[2022-11-14 15:35:27.129] [warning] Couldn't find file 'metacarpal4_lvs.vtp'.
[2022-11-14 15:35:27.129] [warning] Couldn't find file 'ring_proximal_lvs.vtp'.
[2022-11-14 15:35:27.129] [warning] Couldn't find file 'ring_medial_lvs.vtp'.
[2022-11-14 15:35:27.129] [warning] Couldn't find file 'ring_distal_lvs.vtp'.
[2022-11-14 15:35:27.129] [warning] Couldn't find file 'metacarpal5_lvs.vtp'.
[2022-11-14 15:35:27.129] [warning] Couldn't find file 'little_proximal_lvs.vtp'.
[2022-11-14 15:35:27.129] [warning] Couldn't find file 'little_medial_lvs.vtp'.
[2022-11-14 15:35:27.129] [warning] Couldn't find file 'little_distal_lvs.vtp'.
[2022-11-14 15:35:27.129] [warning] Couldn't find file 'metacarpal1_lvs.vtp'.
[2022-11-14 15:35:27.130] [warning] Couldn't find file 'thumb_proximal_lvs.vtp'.
[2022-11-14 15:35:27.130] [warning] Couldn't find file 'thumb_distal_lvs.vtp'.
[2022-11-14 15:38:36.584] [info] Loaded model subject1_withMTJ_locked_scaled_custom from file C:\Users\u0150099\Documents\master_thesis\3dpredictsim\OpenSimModel\subject1\Fal_s1_mtjc4_FK_sc_FDB2_MTc5_cspx10_oy3.osim
[2022-11-14 15:38:36.584] [warning] Couldn't find file 'sacrum.vtp'.
[2022-11-14 15:38:36.585] [warning] Couldn't find file 'pelvis.vtp'.
[2022-11-14 15:38:36.585] [warning] Couldn't find file 'l_pelvis.vtp'.
[2022-11-14 15:38:36.585] [warning] Couldn't find file 'femur_r.vtp'.
[2022-11-14 15:38:36.585] [warning] Couldn't find file 'tibia_r.vtp'.
[2022-11-14 15:38:36.585] [warning] Couldn't find file 'fibula_r.vtp'.
[2022-11-14 15:38:36.585] [warning] Couldn't find file 'talus_rv.vtp'.
[2022-11-14 15:38:36.585] [warning] Couldn't find file 'calcaneous_rv.vtp'.
[2022-11-14 15:38:36.585] [warning] Couldn't find file 'model_r_midfoot.stl'.
[2022-11-14 15:38:36.585] [warning] Couldn't find file 'model_r_forefoot.stl'.
[2022-11-14 15:38:36.585] [warning] Couldn't find file 'model_r_toes.stl'.
[2022-11-14 15:38:36.585] [warning] Couldn't find file 'femur_l.vtp'.
[2022-11-14 15:38:36.585] [warning] Couldn't find file 'tibia_l.vtp'.
[2022-11-14 15:38:36.585] [warning] Couldn't find file 'fibula_l.vtp'.
[2022-11-14 15:38:36.585] [warning] Couldn't find file 'talus_lv.vtp'.
[2022-11-14 15:38:36.585] [warning] Couldn't find file 'calcaneous_lv.vtp'.
[2022-11-14 15:38:36.586] [warning] Couldn't find file 'model_l_midfoot.stl'.
[2022-11-14 15:38:36.586] [warning] Couldn't find file 'model_l_forefoot.stl'.
[2022-11-14 15:38:36.586] [warning] Couldn't find file 'model_l_toes.stl'.
[2022-11-14 15:38:36.586] [warning] Couldn't find file 'hat_spine.vtp'.
[2022-11-14 15:38:36.586] [warning] Couldn't find file 'hat_jaw.vtp'.
[2022-11-14 15:38:36.586] [warning] Couldn't find file 'hat_skull.vtp'.
[2022-11-14 15:38:36.586] [warning] Couldn't find file 'hat_ribs_scap.vtp'.
[2022-11-14 15:38:36.586] [warning] Couldn't find file 'humerus_rv.vtp'.
[2022-11-14 15:38:36.586] [warning] Couldn't find file 'ulna_rv.vtp'.
[2022-11-14 15:38:36.586] [warning] Couldn't find file 'radius_rv.vtp'.
[2022-11-14 15:38:36.586] [warning] Couldn't find file 'pisiform_rvs.vtp'.
[2022-11-14 15:38:36.586] [warning] Couldn't find file 'lunate_rvs.vtp'.
[2022-11-14 15:38:36.587] [warning] Couldn't find file 'scaphoid_rvs.vtp'.
[2022-11-14 15:38:36.587] [warning] Couldn't find file 'triquetrum_rvs.vtp'.
[2022-11-14 15:38:36.587] [warning] Couldn't find file 'hamate_rvs.vtp'.
[2022-11-14 15:38:36.587] [warning] Couldn't find file 'capitate_rvs.vtp'.
[2022-11-14 15:38:36.587] [warning] Couldn't find file 'trapezoid_rvs.vtp'.
[2022-11-14 15:38:36.587] [warning] Couldn't find file 'trapezium_rvs.vtp'.
[2022-11-14 15:38:36.587] [warning] Couldn't find file 'metacarpal2_rvs.vtp'.
[2022-11-14 15:38:36.587] [warning] Couldn't find file 'index_proximal_rvs.vtp'.
[2022-11-14 15:38:36.587] [warning] Couldn't find file 'index_medial_rvs.vtp'.
[2022-11-14 15:38:36.587] [warning] Couldn't find file 'index_distal_rvs.vtp'.
[2022-11-14 15:38:36.587] [warning] Couldn't find file 'metacarpal3_rvs.vtp'.
[2022-11-14 15:38:36.587] [warning] Couldn't find file 'middle_proximal_rvs.vtp'.
[2022-11-14 15:38:36.587] [warning] Couldn't find file 'middle_medial_rvs.vtp'.
[2022-11-14 15:38:36.587] [warning] Couldn't find file 'middle_distal_rvs.vtp'.
[2022-11-14 15:38:36.587] [warning] Couldn't find file 'metacarpal4_rvs.vtp'.
[2022-11-14 15:38:36.588] [warning] Couldn't find file 'ring_proximal_rvs.vtp'.
[2022-11-14 15:38:36.588] [warning] Couldn't find file 'ring_medial_rvs.vtp'.
[2022-11-14 15:38:36.588] [warning] Couldn't find file 'ring_distal_rvs.vtp'.
[2022-11-14 15:38:36.588] [warning] Couldn't find file 'metacarpal5_rvs.vtp'.
[2022-11-14 15:38:36.588] [warning] Couldn't find file 'little_proximal_rvs.vtp'.
[2022-11-14 15:38:36.588] [warning] Couldn't find file 'little_medial_rvs.vtp'.
[2022-11-14 15:38:36.588] [warning] Couldn't find file 'little_distal_rvs.vtp'.
[2022-11-14 15:38:36.588] [warning] Couldn't find file 'metacarpal1_rvs.vtp'.
[2022-11-14 15:38:36.588] [warning] Couldn't find file 'thumb_proximal_rvs.vtp'.
[2022-11-14 15:38:36.588] [warning] Couldn't find file 'thumb_distal_rvs.vtp'.
[2022-11-14 15:38:36.588] [warning] Couldn't find file 'humerus_lv.vtp'.
[2022-11-14 15:38:36.588] [warning] Couldn't find file 'ulna_lv.vtp'.
[2022-11-14 15:38:36.588] [warning] Couldn't find file 'radius_lv.vtp'.
[2022-11-14 15:38:36.588] [warning] Couldn't find file 'pisiform_lvs.vtp'.
[2022-11-14 15:38:36.589] [warning] Couldn't find file 'lunate_lvs.vtp'.
[2022-11-14 15:38:36.589] [warning] Couldn't find file 'scaphoid_lvs.vtp'.
[2022-11-14 15:38:36.589] [warning] Couldn't find file 'triquetrum_lvs.vtp'.
[2022-11-14 15:38:36.589] [warning] Couldn't find file 'hamate_lvs.vtp'.
[2022-11-14 15:38:36.589] [warning] Couldn't find file 'capitate_lvs.vtp'.
[2022-11-14 15:38:36.589] [warning] Couldn't find file 'trapezoid_lvs.vtp'.
[2022-11-14 15:38:36.589] [warning] Couldn't find file 'trapezium_lvs.vtp'.
[2022-11-14 15:38:36.589] [warning] Couldn't find file 'metacarpal2_lvs.vtp'.
[2022-11-14 15:38:36.589] [warning] Couldn't find file 'index_proximal_lvs.vtp'.
[2022-11-14 15:38:36.589] [warning] Couldn't find file 'index_medial_lvs.vtp'.
[2022-11-14 15:38:36.589] [warning] Couldn't find file 'index_distal_lvs.vtp'.
[2022-11-14 15:38:36.589] [warning] Couldn't find file 'metacarpal3_lvs.vtp'.
[2022-11-14 15:38:36.589] [warning] Couldn't find file 'middle_proximal_lvs.vtp'.
[2022-11-14 15:38:36.589] [warning] Couldn't find file 'middle_medial_lvs.vtp'.
[2022-11-14 15:38:36.589] [warning] Couldn't find file 'middle_distal_lvs.vtp'.
[2022-11-14 15:38:36.590] [warning] Couldn't find file 'metacarpal4_lvs.vtp'.
[2022-11-14 15:38:36.590] [warning] Couldn't find file 'ring_proximal_lvs.vtp'.
[2022-11-14 15:38:36.590] [warning] Couldn't find file 'ring_medial_lvs.vtp'.
[2022-11-14 15:38:36.590] [warning] Couldn't find file 'ring_distal_lvs.vtp'.
[2022-11-14 15:38:36.590] [warning] Couldn't find file 'metacarpal5_lvs.vtp'.
[2022-11-14 15:38:36.590] [warning] Couldn't find file 'little_proximal_lvs.vtp'.
[2022-11-14 15:38:36.590] [warning] Couldn't find file 'little_medial_lvs.vtp'.
[2022-11-14 15:38:36.590] [warning] Couldn't find file 'little_distal_lvs.vtp'.
[2022-11-14 15:38:36.590] [warning] Couldn't find file 'metacarpal1_lvs.vtp'.
[2022-11-14 15:38:36.590] [warning] Couldn't find file 'thumb_proximal_lvs.vtp'.
[2022-11-14 15:38:36.590] [warning] Couldn't find file 'thumb_distal_lvs.vtp'.
[2022-11-14 15:39:00.089] [info] Loaded model subject1_withMTJ_locked_scaled_custom from file C:\Users\u0150099\Documents\master_thesis\3dpredictsim\OpenSimModel\subject1\Fal_s1_mtjc4_FK_sc_FDB2_MTc5_cspx10_oy3.osim
[2022-11-14 15:39:00.090] [warning] Couldn't find file 'sacrum.vtp'.
[2022-11-14 15:39:00.090] [warning] Couldn't find file 'pelvis.vtp'.
[2022-11-14 15:39:00.090] [warning] Couldn't find file 'l_pelvis.vtp'.
[2022-11-14 15:39:00.091] [warning] Couldn't find file 'femur_r.vtp'.
[2022-11-14 15:39:00.091] [warning] Couldn't find file 'tibia_r.vtp'.
[2022-11-14 15:39:00.091] [warning] Couldn't find file 'fibula_r.vtp'.
[2022-11-14 15:39:00.091] [warning] Couldn't find file 'talus_rv.vtp'.
[2022-11-14 15:39:00.091] [warning] Couldn't find file 'calcaneous_rv.vtp'.
[2022-11-14 15:39:00.091] [warning] Couldn't find file 'model_r_midfoot.stl'.
[2022-11-14 15:39:00.091] [warning] Couldn't find file 'model_r_forefoot.stl'.
[2022-11-14 15:39:00.091] [warning] Couldn't find file 'model_r_toes.stl'.
[2022-11-14 15:39:00.091] [warning] Couldn't find file 'femur_l.vtp'.
[2022-11-14 15:39:00.091] [warning] Couldn't find file 'tibia_l.vtp'.
[2022-11-14 15:39:00.091] [warning] Couldn't find file 'fibula_l.vtp'.
[2022-11-14 15:39:00.091] [warning] Couldn't find file 'talus_lv.vtp'.
[2022-11-14 15:39:00.092] [warning] Couldn't find file 'calcaneous_lv.vtp'.
[2022-11-14 15:39:00.092] [warning] Couldn't find file 'model_l_midfoot.stl'.
[2022-11-14 15:39:00.092] [warning] Couldn't find file 'model_l_forefoot.stl'.
[2022-11-14 15:39:00.092] [warning] Couldn't find file 'model_l_toes.stl'.
[2022-11-14 15:39:00.092] [warning] Couldn't find file 'hat_spine.vtp'.
[2022-11-14 15:39:00.092] [warning] Couldn't find file 'hat_jaw.vtp'.
[2022-11-14 15:39:00.092] [warning] Couldn't find file 'hat_skull.vtp'.
[2022-11-14 15:39:00.092] [warning] Couldn't find file 'hat_ribs_scap.vtp'.
[2022-11-14 15:39:00.092] [warning] Couldn't find file 'humerus_rv.vtp'.
[2022-11-14 15:39:00.092] [warning] Couldn't find file 'ulna_rv.vtp'.
[2022-11-14 15:39:00.092] [warning] Couldn't find file 'radius_rv.vtp'.
[2022-11-14 15:39:00.092] [warning] Couldn't find file 'pisiform_rvs.vtp'.
[2022-11-14 15:39:00.092] [warning] Couldn't find file 'lunate_rvs.vtp'.
[2022-11-14 15:39:00.093] [warning] Couldn't find file 'scaphoid_rvs.vtp'.
[2022-11-14 15:39:00.093] [warning] Couldn't find file 'triquetrum_rvs.vtp'.
[2022-11-14 15:39:00.093] [warning] Couldn't find file 'hamate_rvs.vtp'.
[2022-11-14 15:39:00.093] [warning] Couldn't find file 'capitate_rvs.vtp'.
[2022-11-14 15:39:00.093] [warning] Couldn't find file 'trapezoid_rvs.vtp'.
[2022-11-14 15:39:00.093] [warning] Couldn't find file 'trapezium_rvs.vtp'.
[2022-11-14 15:39:00.093] [warning] Couldn't find file 'metacarpal2_rvs.vtp'.
[2022-11-14 15:39:00.093] [warning] Couldn't find file 'index_proximal_rvs.vtp'.
[2022-11-14 15:39:00.093] [warning] Couldn't find file 'index_medial_rvs.vtp'.
[2022-11-14 15:39:00.093] [warning] Couldn't find file 'index_distal_rvs.vtp'.
[2022-11-14 15:39:00.093] [warning] Couldn't find file 'metacarpal3_rvs.vtp'.
[2022-11-14 15:39:00.093] [warning] Couldn't find file 'middle_proximal_rvs.vtp'.
[2022-11-14 15:39:00.093] [warning] Couldn't find file 'middle_medial_rvs.vtp'.
[2022-11-14 15:39:00.093] [warning] Couldn't find file 'middle_distal_rvs.vtp'.
[2022-11-14 15:39:00.093] [warning] Couldn't find file 'metacarpal4_rvs.vtp'.
[2022-11-14 15:39:00.094] [warning] Couldn't find file 'ring_proximal_rvs.vtp'.
[2022-11-14 15:39:00.094] [warning] Couldn't find file 'ring_medial_rvs.vtp'.
[2022-11-14 15:39:00.094] [warning] Couldn't find file 'ring_distal_rvs.vtp'.
[2022-11-14 15:39:00.094] [warning] Couldn't find file 'metacarpal5_rvs.vtp'.
[2022-11-14 15:39:00.094] [warning] Couldn't find file 'little_proximal_rvs.vtp'.
[2022-11-14 15:39:00.094] [warning] Couldn't find file 'little_medial_rvs.vtp'.
[2022-11-14 15:39:00.094] [warning] Couldn't find file 'little_distal_rvs.vtp'.
[2022-11-14 15:39:00.094] [warning] Couldn't find file 'metacarpal1_rvs.vtp'.
[2022-11-14 15:39:00.094] [warning] Couldn't find file 'thumb_proximal_rvs.vtp'.
[2022-11-14 15:39:00.094] [warning] Couldn't find file 'thumb_distal_rvs.vtp'.
[2022-11-14 15:39:00.094] [warning] Couldn't find file 'humerus_lv.vtp'.
[2022-11-14 15:39:00.094] [warning] Couldn't find file 'ulna_lv.vtp'.
[2022-11-14 15:39:00.094] [warning] Couldn't find file 'radius_lv.vtp'.
[2022-11-14 15:39:00.094] [warning] Couldn't find file 'pisiform_lvs.vtp'.
[2022-11-14 15:39:00.094] [warning] Couldn't find file 'lunate_lvs.vtp'.
[2022-11-14 15:39:00.094] [warning] Couldn't find file 'scaphoid_lvs.vtp'.
[2022-11-14 15:39:00.095] [warning] Couldn't find file 'triquetrum_lvs.vtp'.
[2022-11-14 15:39:00.095] [warning] Couldn't find file 'hamate_lvs.vtp'.
[2022-11-14 15:39:00.095] [warning] Couldn't find file 'capitate_lvs.vtp'.
[2022-11-14 15:39:00.095] [warning] Couldn't find file 'trapezoid_lvs.vtp'.
[2022-11-14 15:39:00.095] [warning] Couldn't find file 'trapezium_lvs.vtp'.
[2022-11-14 15:39:00.095] [warning] Couldn't find file 'metacarpal2_lvs.vtp'.
[2022-11-14 15:39:00.095] [warning] Couldn't find file 'index_proximal_lvs.vtp'.
[2022-11-14 15:39:00.095] [warning] Couldn't find file 'index_medial_lvs.vtp'.
[2022-11-14 15:39:00.095] [warning] Couldn't find file 'index_distal_lvs.vtp'.
[2022-11-14 15:39:00.095] [warning] Couldn't find file 'metacarpal3_lvs.vtp'.
[2022-11-14 15:39:00.095] [warning] Couldn't find file 'middle_proximal_lvs.vtp'.
[2022-11-14 15:39:00.095] [warning] Couldn't find file 'middle_medial_lvs.vtp'.
[2022-11-14 15:39:00.095] [warning] Couldn't find file 'middle_distal_lvs.vtp'.
[2022-11-14 15:39:00.095] [warning] Couldn't find file 'metacarpal4_lvs.vtp'.
[2022-11-14 15:39:00.095] [warning] Couldn't find file 'ring_proximal_lvs.vtp'.
[2022-11-14 15:39:00.095] [warning] Couldn't find file 'ring_medial_lvs.vtp'.
[2022-11-14 15:39:00.096] [warning] Couldn't find file 'ring_distal_lvs.vtp'.
[2022-11-14 15:39:00.096] [warning] Couldn't find file 'metacarpal5_lvs.vtp'.
[2022-11-14 15:39:00.096] [warning] Couldn't find file 'little_proximal_lvs.vtp'.
[2022-11-14 15:39:00.096] [warning] Couldn't find file 'little_medial_lvs.vtp'.
[2022-11-14 15:39:00.096] [warning] Couldn't find file 'little_distal_lvs.vtp'.
[2022-11-14 15:39:00.096] [warning] Couldn't find file 'metacarpal1_lvs.vtp'.
[2022-11-14 15:39:00.096] [warning] Couldn't find file 'thumb_proximal_lvs.vtp'.
[2022-11-14 15:39:00.096] [warning] Couldn't find file 'thumb_distal_lvs.vtp'.
[2022-11-14 15:39:36.968] [info] Loaded model subject1_withMTJ_locked_scaled_custom from file C:\Users\u0150099\Documents\master_thesis\3dpredictsim\OpenSimModel\subject1\Fal_s1_mtjc4_FK_sc_FDB2_MTc5_cspx10_oy3.osim
[2022-11-14 15:39:36.970] [warning] Couldn't find file 'sacrum.vtp'.
[2022-11-14 15:39:36.970] [warning] Couldn't find file 'pelvis.vtp'.
[2022-11-14 15:39:36.970] [warning] Couldn't find file 'l_pelvis.vtp'.
[2022-11-14 15:39:36.970] [warning] Couldn't find file 'femur_r.vtp'.
[2022-11-14 15:39:36.970] [warning] Couldn't find file 'tibia_r.vtp'.
[2022-11-14 15:39:36.970] [warning] Couldn't find file 'fibula_r.vtp'.
[2022-11-14 15:39:36.970] [warning] Couldn't find file 'talus_rv.vtp'.
[2022-11-14 15:39:36.970] [warning] Couldn't find file 'calcaneous_rv.vtp'.
[2022-11-14 15:39:36.970] [warning] Couldn't find file 'model_r_midfoot.stl'.
[2022-11-14 15:39:36.970] [warning] Couldn't find file 'model_r_forefoot.stl'.
[2022-11-14 15:39:36.970] [warning] Couldn't find file 'model_r_toes.stl'.
[2022-11-14 15:39:36.970] [warning] Couldn't find file 'femur_l.vtp'.
[2022-11-14 15:39:36.970] [warning] Couldn't find file 'tibia_l.vtp'.
[2022-11-14 15:39:36.970] [warning] Couldn't find file 'fibula_l.vtp'.
[2022-11-14 15:39:36.970] [warning] Couldn't find file 'talus_lv.vtp'.
[2022-11-14 15:39:36.971] [warning] Couldn't find file 'calcaneous_lv.vtp'.
[2022-11-14 15:39:36.971] [warning] Couldn't find file 'model_l_midfoot.stl'.
[2022-11-14 15:39:36.971] [warning] Couldn't find file 'model_l_forefoot.stl'.
[2022-11-14 15:39:36.971] [warning] Couldn't find file 'model_l_toes.stl'.
[2022-11-14 15:39:36.971] [warning] Couldn't find file 'hat_spine.vtp'.
[2022-11-14 15:39:36.971] [warning] Couldn't find file 'hat_jaw.vtp'.
[2022-11-14 15:39:36.971] [warning] Couldn't find file 'hat_skull.vtp'.
[2022-11-14 15:39:36.971] [warning] Couldn't find file 'hat_ribs_scap.vtp'.
[2022-11-14 15:39:36.971] [warning] Couldn't find file 'humerus_rv.vtp'.
[2022-11-14 15:39:36.971] [warning] Couldn't find file 'ulna_rv.vtp'.
[2022-11-14 15:39:36.971] [warning] Couldn't find file 'radius_rv.vtp'.
[2022-11-14 15:39:36.971] [warning] Couldn't find file 'pisiform_rvs.vtp'.
[2022-11-14 15:39:36.971] [warning] Couldn't find file 'lunate_rvs.vtp'.
[2022-11-14 15:39:36.971] [warning] Couldn't find file 'scaphoid_rvs.vtp'.
[2022-11-14 15:39:36.971] [warning] Couldn't find file 'triquetrum_rvs.vtp'.
[2022-11-14 15:39:36.971] [warning] Couldn't find file 'hamate_rvs.vtp'.
[2022-11-14 15:39:36.971] [warning] Couldn't find file 'capitate_rvs.vtp'.
[2022-11-14 15:39:36.972] [warning] Couldn't find file 'trapezoid_rvs.vtp'.
[2022-11-14 15:39:36.972] [warning] Couldn't find file 'trapezium_rvs.vtp'.
[2022-11-14 15:39:36.972] [warning] Couldn't find file 'metacarpal2_rvs.vtp'.
[2022-11-14 15:39:36.972] [warning] Couldn't find file 'index_proximal_rvs.vtp'.
[2022-11-14 15:39:36.972] [warning] Couldn't find file 'index_medial_rvs.vtp'.
[2022-11-14 15:39:36.972] [warning] Couldn't find file 'index_distal_rvs.vtp'.
[2022-11-14 15:39:36.972] [warning] Couldn't find file 'metacarpal3_rvs.vtp'.
[2022-11-14 15:39:36.972] [warning] Couldn't find file 'middle_proximal_rvs.vtp'.
[2022-11-14 15:39:36.972] [warning] Couldn't find file 'middle_medial_rvs.vtp'.
[2022-11-14 15:39:36.972] [warning] Couldn't find file 'middle_distal_rvs.vtp'.
[2022-11-14 15:39:36.972] [warning] Couldn't find file 'metacarpal4_rvs.vtp'.
[2022-11-14 15:39:36.972] [warning] Couldn't find file 'ring_proximal_rvs.vtp'.
[2022-11-14 15:39:36.972] [warning] Couldn't find file 'ring_medial_rvs.vtp'.
[2022-11-14 15:39:36.972] [warning] Couldn't find file 'ring_distal_rvs.vtp'.
[2022-11-14 15:39:36.972] [warning] Couldn't find file 'metacarpal5_rvs.vtp'.
[2022-11-14 15:39:36.972] [warning] Couldn't find file 'little_proximal_rvs.vtp'.
[2022-11-14 15:39:36.972] [warning] Couldn't find file 'little_medial_rvs.vtp'.
[2022-11-14 15:39:36.973] [warning] Couldn't find file 'little_distal_rvs.vtp'.
[2022-11-14 15:39:36.973] [warning] Couldn't find file 'metacarpal1_rvs.vtp'.
[2022-11-14 15:39:36.973] [warning] Couldn't find file 'thumb_proximal_rvs.vtp'.
[2022-11-14 15:39:36.973] [warning] Couldn't find file 'thumb_distal_rvs.vtp'.
[2022-11-14 15:39:36.973] [warning] Couldn't find file 'humerus_lv.vtp'.
[2022-11-14 15:39:36.973] [warning] Couldn't find file 'ulna_lv.vtp'.
[2022-11-14 15:39:36.973] [warning] Couldn't find file 'radius_lv.vtp'.
[2022-11-14 15:39:36.973] [warning] Couldn't find file 'pisiform_lvs.vtp'.
[2022-11-14 15:39:36.973] [warning] Couldn't find file 'lunate_lvs.vtp'.
[2022-11-14 15:39:36.973] [warning] Couldn't find file 'scaphoid_lvs.vtp'.
[2022-11-14 15:39:36.973] [warning] Couldn't find file 'triquetrum_lvs.vtp'.
[2022-11-14 15:39:36.973] [warning] Couldn't find file 'hamate_lvs.vtp'.
[2022-11-14 15:39:36.973] [warning] Couldn't find file 'capitate_lvs.vtp'.
[2022-11-14 15:39:36.973] [warning] Couldn't find file 'trapezoid_lvs.vtp'.
[2022-11-14 15:39:36.973] [warning] Couldn't find file 'trapezium_lvs.vtp'.
[2022-11-14 15:39:36.973] [warning] Couldn't find file 'metacarpal2_lvs.vtp'.
[2022-11-14 15:39:36.973] [warning] Couldn't find file 'index_proximal_lvs.vtp'.
[2022-11-14 15:39:36.973] [warning] Couldn't find file 'index_medial_lvs.vtp'.
[2022-11-14 15:39:36.974] [warning] Couldn't find file 'index_distal_lvs.vtp'.
[2022-11-14 15:39:36.974] [warning] Couldn't find file 'metacarpal3_lvs.vtp'.
[2022-11-14 15:39:36.974] [warning] Couldn't find file 'middle_proximal_lvs.vtp'.
[2022-11-14 15:39:36.974] [warning] Couldn't find file 'middle_medial_lvs.vtp'.
[2022-11-14 15:39:36.974] [warning] Couldn't find file 'middle_distal_lvs.vtp'.
[2022-11-14 15:39:36.974] [warning] Couldn't find file 'metacarpal4_lvs.vtp'.
[2022-11-14 15:39:36.974] [warning] Couldn't find file 'ring_proximal_lvs.vtp'.
[2022-11-14 15:39:36.974] [warning] Couldn't find file 'ring_medial_lvs.vtp'.
[2022-11-14 15:39:36.974] [warning] Couldn't find file 'ring_distal_lvs.vtp'.
[2022-11-14 15:39:36.974] [warning] Couldn't find file 'metacarpal5_lvs.vtp'.
[2022-11-14 15:39:36.974] [warning] Couldn't find file 'little_proximal_lvs.vtp'.
[2022-11-14 15:39:36.974] [warning] Couldn't find file 'little_medial_lvs.vtp'.
[2022-11-14 15:39:36.974] [warning] Couldn't find file 'little_distal_lvs.vtp'.
[2022-11-14 15:39:36.974] [warning] Couldn't find file 'metacarpal1_lvs.vtp'.
[2022-11-14 15:39:36.974] [warning] Couldn't find file 'thumb_proximal_lvs.vtp'.
[2022-11-14 15:39:36.974] [warning] Couldn't find file 'thumb_distal_lvs.vtp'.
[2022-11-14 15:40:19.415] [info] Loaded model subject1_withMTJ_locked_scaled_custom from file C:\Users\u0150099\Documents\master_thesis\3dpredictsim\OpenSimModel\subject1\Fal_s1_mtjc4_FK_sc_FDB2_MTc5_cspx10_oy3.osim
[2022-11-14 15:40:19.416] [warning] Couldn't find file 'sacrum.vtp'.
[2022-11-14 15:40:19.416] [warning] Couldn't find file 'pelvis.vtp'.
[2022-11-14 15:40:19.416] [warning] Couldn't find file 'l_pelvis.vtp'.
[2022-11-14 15:40:19.417] [warning] Couldn't find file 'femur_r.vtp'.
[2022-11-14 15:40:19.417] [warning] Couldn't find file 'tibia_r.vtp'.
[2022-11-14 15:40:19.417] [warning] Couldn't find file 'fibula_r.vtp'.
[2022-11-14 15:40:19.417] [warning] Couldn't find file 'talus_rv.vtp'.
[2022-11-14 15:40:19.417] [warning] Couldn't find file 'calcaneous_rv.vtp'.
[2022-11-14 15:40:19.417] [warning] Couldn't find file 'model_r_midfoot.stl'.
[2022-11-14 15:40:19.417] [warning] Couldn't find file 'model_r_forefoot.stl'.
[2022-11-14 15:40:19.417] [warning] Couldn't find file 'model_r_toes.stl'.
[2022-11-14 15:40:19.417] [warning] Couldn't find file 'femur_l.vtp'.
[2022-11-14 15:40:19.417] [warning] Couldn't find file 'tibia_l.vtp'.
[2022-11-14 15:40:19.417] [warning] Couldn't find file 'fibula_l.vtp'.
[2022-11-14 15:40:19.417] [warning] Couldn't find file 'talus_lv.vtp'.
[2022-11-14 15:40:19.417] [warning] Couldn't find file 'calcaneous_lv.vtp'.
[2022-11-14 15:40:19.417] [warning] Couldn't find file 'model_l_midfoot.stl'.
[2022-11-14 15:40:19.417] [warning] Couldn't find file 'model_l_forefoot.stl'.
[2022-11-14 15:40:19.418] [warning] Couldn't find file 'model_l_toes.stl'.
[2022-11-14 15:40:19.418] [warning] Couldn't find file 'hat_spine.vtp'.
[2022-11-14 15:40:19.418] [warning] Couldn't find file 'hat_jaw.vtp'.
[2022-11-14 15:40:19.418] [warning] Couldn't find file 'hat_skull.vtp'.
[2022-11-14 15:40:19.418] [warning] Couldn't find file 'hat_ribs_scap.vtp'.
[2022-11-14 15:40:19.418] [warning] Couldn't find file 'humerus_rv.vtp'.
[2022-11-14 15:40:19.418] [warning] Couldn't find file 'ulna_rv.vtp'.
[2022-11-14 15:40:19.418] [warning] Couldn't find file 'radius_rv.vtp'.
[2022-11-14 15:40:19.418] [warning] Couldn't find file 'pisiform_rvs.vtp'.
[2022-11-14 15:40:19.418] [warning] Couldn't find file 'lunate_rvs.vtp'.
[2022-11-14 15:40:19.418] [warning] Couldn't find file 'scaphoid_rvs.vtp'.
[2022-11-14 15:40:19.418] [warning] Couldn't find file 'triquetrum_rvs.vtp'.
[2022-11-14 15:40:19.418] [warning] Couldn't find file 'hamate_rvs.vtp'.
[2022-11-14 15:40:19.418] [warning] Couldn't find file 'capitate_rvs.vtp'.
[2022-11-14 15:40:19.418] [warning] Couldn't find file 'trapezoid_rvs.vtp'.
[2022-11-14 15:40:19.419] [warning] Couldn't find file 'trapezium_rvs.vtp'.
[2022-11-14 15:40:19.419] [warning] Couldn't find file 'metacarpal2_rvs.vtp'.
[2022-11-14 15:40:19.419] [warning] Couldn't find file 'index_proximal_rvs.vtp'.
[2022-11-14 15:40:19.419] [warning] Couldn't find file 'index_medial_rvs.vtp'.
[2022-11-14 15:40:19.419] [warning] Couldn't find file 'index_distal_rvs.vtp'.
[2022-11-14 15:40:19.419] [warning] Couldn't find file 'metacarpal3_rvs.vtp'.
[2022-11-14 15:40:19.419] [warning] Couldn't find file 'middle_proximal_rvs.vtp'.
[2022-11-14 15:40:19.419] [warning] Couldn't find file 'middle_medial_rvs.vtp'.
[2022-11-14 15:40:19.419] [warning] Couldn't find file 'middle_distal_rvs.vtp'.
[2022-11-14 15:40:19.419] [warning] Couldn't find file 'metacarpal4_rvs.vtp'.
[2022-11-14 15:40:19.419] [warning] Couldn't find file 'ring_proximal_rvs.vtp'.
[2022-11-14 15:40:19.419] [warning] Couldn't find file 'ring_medial_rvs.vtp'.
[2022-11-14 15:40:19.419] [warning] Couldn't find file 'ring_distal_rvs.vtp'.
[2022-11-14 15:40:19.419] [warning] Couldn't find file 'metacarpal5_rvs.vtp'.
[2022-11-14 15:40:19.419] [warning] Couldn't find file 'little_proximal_rvs.vtp'.
[2022-11-14 15:40:19.419] [warning] Couldn't find file 'little_medial_rvs.vtp'.
[2022-11-14 15:40:19.420] [warning] Couldn't find file 'little_distal_rvs.vtp'.
[2022-11-14 15:40:19.420] [warning] Couldn't find file 'metacarpal1_rvs.vtp'.
[2022-11-14 15:40:19.420] [warning] Couldn't find file 'thumb_proximal_rvs.vtp'.
[2022-11-14 15:40:19.420] [warning] Couldn't find file 'thumb_distal_rvs.vtp'.
[2022-11-14 15:40:19.420] [warning] Couldn't find file 'humerus_lv.vtp'.
[2022-11-14 15:40:19.420] [warning] Couldn't find file 'ulna_lv.vtp'.
[2022-11-14 15:40:19.420] [warning] Couldn't find file 'radius_lv.vtp'.
[2022-11-14 15:40:19.420] [warning] Couldn't find file 'pisiform_lvs.vtp'.
[2022-11-14 15:40:19.420] [warning] Couldn't find file 'lunate_lvs.vtp'.
[2022-11-14 15:40:19.420] [warning] Couldn't find file 'scaphoid_lvs.vtp'.
[2022-11-14 15:40:19.420] [warning] Couldn't find file 'triquetrum_lvs.vtp'.
[2022-11-14 15:40:19.420] [warning] Couldn't find file 'hamate_lvs.vtp'.
[2022-11-14 15:40:19.420] [warning] Couldn't find file 'capitate_lvs.vtp'.
[2022-11-14 15:40:19.420] [warning] Couldn't find file 'trapezoid_lvs.vtp'.
[2022-11-14 15:40:19.420] [warning] Couldn't find file 'trapezium_lvs.vtp'.
[2022-11-14 15:40:19.420] [warning] Couldn't find file 'metacarpal2_lvs.vtp'.
[2022-11-14 15:40:19.421] [warning] Couldn't find file 'index_proximal_lvs.vtp'.
[2022-11-14 15:40:19.421] [warning] Couldn't find file 'index_medial_lvs.vtp'.
[2022-11-14 15:40:19.421] [warning] Couldn't find file 'index_distal_lvs.vtp'.
[2022-11-14 15:40:19.421] [warning] Couldn't find file 'metacarpal3_lvs.vtp'.
[2022-11-14 15:40:19.421] [warning] Couldn't find file 'middle_proximal_lvs.vtp'.
[2022-11-14 15:40:19.421] [warning] Couldn't find file 'middle_medial_lvs.vtp'.
[2022-11-14 15:40:19.421] [warning] Couldn't find file 'middle_distal_lvs.vtp'.
[2022-11-14 15:40:19.421] [warning] Couldn't find file 'metacarpal4_lvs.vtp'.
[2022-11-14 15:40:19.421] [warning] Couldn't find file 'ring_proximal_lvs.vtp'.
[2022-11-14 15:40:19.421] [warning] Couldn't find file 'ring_medial_lvs.vtp'.
[2022-11-14 15:40:19.421] [warning] Couldn't find file 'ring_distal_lvs.vtp'.
[2022-11-14 15:40:19.421] [warning] Couldn't find file 'metacarpal5_lvs.vtp'.
[2022-11-14 15:40:19.421] [warning] Couldn't find file 'little_proximal_lvs.vtp'.
[2022-11-14 15:40:19.421] [warning] Couldn't find file 'little_medial_lvs.vtp'.
[2022-11-14 15:40:19.421] [warning] Couldn't find file 'little_distal_lvs.vtp'.
[2022-11-14 15:40:19.422] [warning] Couldn't find file 'metacarpal1_lvs.vtp'.
[2022-11-14 15:40:19.422] [warning] Couldn't find file 'thumb_proximal_lvs.vtp'.
[2022-11-14 15:40:19.422] [warning] Couldn't find file 'thumb_distal_lvs.vtp'.
[2022-11-14 15:41:14.575] [info] Loaded model subject1_withMTJ_locked_scaled_custom from file C:\Users\u0150099\Documents\master_thesis\3dpredictsim\OpenSimModel\subject1\Fal_s1_mtjc4_FK_sc_FDB2_MTc5_cspx10_oy3.osim
[2022-11-14 15:41:14.575] [warning] Couldn't find file 'sacrum.vtp'.
[2022-11-14 15:41:14.575] [warning] Couldn't find file 'pelvis.vtp'.
[2022-11-14 15:41:14.575] [warning] Couldn't find file 'l_pelvis.vtp'.
[2022-11-14 15:41:14.576] [warning] Couldn't find file 'femur_r.vtp'.
[2022-11-14 15:41:14.576] [warning] Couldn't find file 'tibia_r.vtp'.
[2022-11-14 15:41:14.576] [warning] Couldn't find file 'fibula_r.vtp'.
[2022-11-14 15:41:14.576] [warning] Couldn't find file 'talus_rv.vtp'.
[2022-11-14 15:41:14.576] [warning] Couldn't find file 'calcaneous_rv.vtp'.
[2022-11-14 15:41:14.576] [warning] Couldn't find file 'model_r_midfoot.stl'.
[2022-11-14 15:41:14.576] [warning] Couldn't find file 'model_r_forefoot.stl'.
[2022-11-14 15:41:14.576] [warning] Couldn't find file 'model_r_toes.stl'.
[2022-11-14 15:41:14.576] [warning] Couldn't find file 'femur_l.vtp'.
[2022-11-14 15:41:14.576] [warning] Couldn't find file 'tibia_l.vtp'.
[2022-11-14 15:41:14.576] [warning] Couldn't find file 'fibula_l.vtp'.
[2022-11-14 15:41:14.576] [warning] Couldn't find file 'talus_lv.vtp'.
[2022-11-14 15:41:14.576] [warning] Couldn't find file 'calcaneous_lv.vtp'.
[2022-11-14 15:41:14.576] [warning] Couldn't find file 'model_l_midfoot.stl'.
[2022-11-14 15:41:14.576] [warning] Couldn't find file 'model_l_forefoot.stl'.
[2022-11-14 15:41:14.576] [warning] Couldn't find file 'model_l_toes.stl'.
[2022-11-14 15:41:14.577] [warning] Couldn't find file 'hat_spine.vtp'.
[2022-11-14 15:41:14.577] [warning] Couldn't find file 'hat_jaw.vtp'.
[2022-11-14 15:41:14.577] [warning] Couldn't find file 'hat_skull.vtp'.
[2022-11-14 15:41:14.577] [warning] Couldn't find file 'hat_ribs_scap.vtp'.
[2022-11-14 15:41:14.577] [warning] Couldn't find file 'humerus_rv.vtp'.
[2022-11-14 15:41:14.577] [warning] Couldn't find file 'ulna_rv.vtp'.
[2022-11-14 15:41:14.577] [warning] Couldn't find file 'radius_rv.vtp'.
[2022-11-14 15:41:14.577] [warning] Couldn't find file 'pisiform_rvs.vtp'.
[2022-11-14 15:41:14.577] [warning] Couldn't find file 'lunate_rvs.vtp'.
[2022-11-14 15:41:14.577] [warning] Couldn't find file 'scaphoid_rvs.vtp'.
[2022-11-14 15:41:14.577] [warning] Couldn't find file 'triquetrum_rvs.vtp'.
[2022-11-14 15:41:14.577] [warning] Couldn't find file 'hamate_rvs.vtp'.
[2022-11-14 15:41:14.577] [warning] Couldn't find file 'capitate_rvs.vtp'.
[2022-11-14 15:41:14.577] [warning] Couldn't find file 'trapezoid_rvs.vtp'.
[2022-11-14 15:41:14.577] [warning] Couldn't find file 'trapezium_rvs.vtp'.
[2022-11-14 15:41:14.578] [warning] Couldn't find file 'metacarpal2_rvs.vtp'.
[2022-11-14 15:41:14.578] [warning] Couldn't find file 'index_proximal_rvs.vtp'.
[2022-11-14 15:41:14.578] [warning] Couldn't find file 'index_medial_rvs.vtp'.
[2022-11-14 15:41:14.578] [warning] Couldn't find file 'index_distal_rvs.vtp'.
[2022-11-14 15:41:14.578] [warning] Couldn't find file 'metacarpal3_rvs.vtp'.
[2022-11-14 15:41:14.578] [warning] Couldn't find file 'middle_proximal_rvs.vtp'.
[2022-11-14 15:41:14.578] [warning] Couldn't find file 'middle_medial_rvs.vtp'.
[2022-11-14 15:41:14.578] [warning] Couldn't find file 'middle_distal_rvs.vtp'.
[2022-11-14 15:41:14.578] [warning] Couldn't find file 'metacarpal4_rvs.vtp'.
[2022-11-14 15:41:14.578] [warning] Couldn't find file 'ring_proximal_rvs.vtp'.
[2022-11-14 15:41:14.578] [warning] Couldn't find file 'ring_medial_rvs.vtp'.
[2022-11-14 15:41:14.578] [warning] Couldn't find file 'ring_distal_rvs.vtp'.
[2022-11-14 15:41:14.578] [warning] Couldn't find file 'metacarpal5_rvs.vtp'.
[2022-11-14 15:41:14.578] [warning] Couldn't find file 'little_proximal_rvs.vtp'.
[2022-11-14 15:41:14.578] [warning] Couldn't find file 'little_medial_rvs.vtp'.
[2022-11-14 15:41:14.578] [warning] Couldn't find file 'little_distal_rvs.vtp'.
[2022-11-14 15:41:14.578] [warning] Couldn't find file 'metacarpal1_rvs.vtp'.
[2022-11-14 15:41:14.579] [warning] Couldn't find file 'thumb_proximal_rvs.vtp'.
[2022-11-14 15:41:14.579] [warning] Couldn't find file 'thumb_distal_rvs.vtp'.
[2022-11-14 15:41:14.579] [warning] Couldn't find file 'humerus_lv.vtp'.
[2022-11-14 15:41:14.579] [warning] Couldn't find file 'ulna_lv.vtp'.
[2022-11-14 15:41:14.579] [warning] Couldn't find file 'radius_lv.vtp'.
[2022-11-14 15:41:14.579] [warning] Couldn't find file 'pisiform_lvs.vtp'.
[2022-11-14 15:41:14.579] [warning] Couldn't find file 'lunate_lvs.vtp'.
[2022-11-14 15:41:14.579] [warning] Couldn't find file 'scaphoid_lvs.vtp'.
[2022-11-14 15:41:14.579] [warning] Couldn't find file 'triquetrum_lvs.vtp'.
[2022-11-14 15:41:14.579] [warning] Couldn't find file 'hamate_lvs.vtp'.
[2022-11-14 15:41:14.579] [warning] Couldn't find file 'capitate_lvs.vtp'.
[2022-11-14 15:41:14.579] [warning] Couldn't find file 'trapezoid_lvs.vtp'.
[2022-11-14 15:41:14.579] [warning] Couldn't find file 'trapezium_lvs.vtp'.
[2022-11-14 15:41:14.579] [warning] Couldn't find file 'metacarpal2_lvs.vtp'.
[2022-11-14 15:41:14.579] [warning] Couldn't find file 'index_proximal_lvs.vtp'.
[2022-11-14 15:41:14.579] [warning] Couldn't find file 'index_medial_lvs.vtp'.
[2022-11-14 15:41:14.579] [warning] Couldn't find file 'index_distal_lvs.vtp'.
[2022-11-14 15:41:14.580] [warning] Couldn't find file 'metacarpal3_lvs.vtp'.
[2022-11-14 15:41:14.580] [warning] Couldn't find file 'middle_proximal_lvs.vtp'.
[2022-11-14 15:41:14.580] [warning] Couldn't find file 'middle_medial_lvs.vtp'.
[2022-11-14 15:41:14.580] [warning] Couldn't find file 'middle_distal_lvs.vtp'.
[2022-11-14 15:41:14.580] [warning] Couldn't find file 'metacarpal4_lvs.vtp'.
[2022-11-14 15:41:14.580] [warning] Couldn't find file 'ring_proximal_lvs.vtp'.
[2022-11-14 15:41:14.580] [warning] Couldn't find file 'ring_medial_lvs.vtp'.
[2022-11-14 15:41:14.580] [warning] Couldn't find file 'ring_distal_lvs.vtp'.
[2022-11-14 15:41:14.580] [warning] Couldn't find file 'metacarpal5_lvs.vtp'.
[2022-11-14 15:41:14.580] [warning] Couldn't find file 'little_proximal_lvs.vtp'.
[2022-11-14 15:41:14.580] [warning] Couldn't find file 'little_medial_lvs.vtp'.
[2022-11-14 15:41:14.580] [warning] Couldn't find file 'little_distal_lvs.vtp'.
[2022-11-14 15:41:14.580] [warning] Couldn't find file 'metacarpal1_lvs.vtp'.
[2022-11-14 15:41:14.580] [warning] Couldn't find file 'thumb_proximal_lvs.vtp'.
[2022-11-14 15:41:14.580] [warning] Couldn't find file 'thumb_distal_lvs.vtp'.
[2022-11-14 15:41:16.105] [info] Loaded model subject1_withMTJ_locked_scaled_custom from file C:\Users\u0150099\Documents\master_thesis\3dpredictsim\OpenSimModel\subject1\Fal_s1_mtjc4_FK_sc_FDB2_MTc5_cg0.osim
[2022-11-14 15:41:16.106] [warning] Couldn't find file 'sacrum.vtp'.
[2022-11-14 15:41:16.106] [warning] Couldn't find file 'pelvis.vtp'.
[2022-11-14 15:41:16.106] [warning] Couldn't find file 'l_pelvis.vtp'.
[2022-11-14 15:41:16.106] [warning] Couldn't find file 'femur_r.vtp'.
[2022-11-14 15:41:16.106] [warning] Couldn't find file 'tibia_r.vtp'.
[2022-11-14 15:41:16.106] [warning] Couldn't find file 'fibula_r.vtp'.
[2022-11-14 15:41:16.106] [warning] Couldn't find file 'talus_rv.vtp'.
[2022-11-14 15:41:16.107] [warning] Couldn't find file 'calcaneous_rv.vtp'.
[2022-11-14 15:41:16.107] [warning] Couldn't find file 'model_r_midfoot.stl'.
[2022-11-14 15:41:16.107] [warning] Couldn't find file 'model_r_forefoot.stl'.
[2022-11-14 15:41:16.107] [warning] Couldn't find file 'model_r_toes.stl'.
[2022-11-14 15:41:16.107] [warning] Couldn't find file 'femur_l.vtp'.
[2022-11-14 15:41:16.107] [warning] Couldn't find file 'tibia_l.vtp'.
[2022-11-14 15:41:16.107] [warning] Couldn't find file 'fibula_l.vtp'.
[2022-11-14 15:41:16.107] [warning] Couldn't find file 'talus_lv.vtp'.
[2022-11-14 15:41:16.107] [warning] Couldn't find file 'calcaneous_lv.vtp'.
[2022-11-14 15:41:16.107] [warning] Couldn't find file 'model_l_midfoot.stl'.
[2022-11-14 15:41:16.107] [warning] Couldn't find file 'model_l_forefoot.stl'.
[2022-11-14 15:41:16.107] [warning] Couldn't find file 'model_l_toes.stl'.
[2022-11-14 15:41:16.107] [warning] Couldn't find file 'hat_spine.vtp'.
[2022-11-14 15:41:16.108] [warning] Couldn't find file 'hat_jaw.vtp'.
[2022-11-14 15:41:16.108] [warning] Couldn't find file 'hat_skull.vtp'.
[2022-11-14 15:41:16.108] [warning] Couldn't find file 'hat_ribs_scap.vtp'.
[2022-11-14 15:41:16.108] [warning] Couldn't find file 'humerus_rv.vtp'.
[2022-11-14 15:41:16.108] [warning] Couldn't find file 'ulna_rv.vtp'.
[2022-11-14 15:41:16.108] [warning] Couldn't find file 'radius_rv.vtp'.
[2022-11-14 15:41:16.108] [warning] Couldn't find file 'pisiform_rvs.vtp'.
[2022-11-14 15:41:16.108] [warning] Couldn't find file 'lunate_rvs.vtp'.
[2022-11-14 15:41:16.108] [warning] Couldn't find file 'scaphoid_rvs.vtp'.
[2022-11-14 15:41:16.108] [warning] Couldn't find file 'triquetrum_rvs.vtp'.
[2022-11-14 15:41:16.108] [warning] Couldn't find file 'hamate_rvs.vtp'.
[2022-11-14 15:41:16.108] [warning] Couldn't find file 'capitate_rvs.vtp'.
[2022-11-14 15:41:16.108] [warning] Couldn't find file 'trapezoid_rvs.vtp'.
[2022-11-14 15:41:16.108] [warning] Couldn't find file 'trapezium_rvs.vtp'.
[2022-11-14 15:41:16.108] [warning] Couldn't find file 'metacarpal2_rvs.vtp'.
[2022-11-14 15:41:16.109] [warning] Couldn't find file 'index_proximal_rvs.vtp'.
[2022-11-14 15:41:16.109] [warning] Couldn't find file 'index_medial_rvs.vtp'.
[2022-11-14 15:41:16.109] [warning] Couldn't find file 'index_distal_rvs.vtp'.
[2022-11-14 15:41:16.109] [warning] Couldn't find file 'metacarpal3_rvs.vtp'.
[2022-11-14 15:41:16.109] [warning] Couldn't find file 'middle_proximal_rvs.vtp'.
[2022-11-14 15:41:16.109] [warning] Couldn't find file 'middle_medial_rvs.vtp'.
[2022-11-14 15:41:16.109] [warning] Couldn't find file 'middle_distal_rvs.vtp'.
[2022-11-14 15:41:16.109] [warning] Couldn't find file 'metacarpal4_rvs.vtp'.
[2022-11-14 15:41:16.109] [warning] Couldn't find file 'ring_proximal_rvs.vtp'.
[2022-11-14 15:41:16.109] [warning] Couldn't find file 'ring_medial_rvs.vtp'.
[2022-11-14 15:41:16.109] [warning] Couldn't find file 'ring_distal_rvs.vtp'.
[2022-11-14 15:41:16.109] [warning] Couldn't find file 'metacarpal5_rvs.vtp'.
[2022-11-14 15:41:16.109] [warning] Couldn't find file 'little_proximal_rvs.vtp'.
[2022-11-14 15:41:16.109] [warning] Couldn't find file 'little_medial_rvs.vtp'.
[2022-11-14 15:41:16.109] [warning] Couldn't find file 'little_distal_rvs.vtp'.
[2022-11-14 15:41:16.109] [warning] Couldn't find file 'metacarpal1_rvs.vtp'.
[2022-11-14 15:41:16.109] [warning] Couldn't find file 'thumb_proximal_rvs.vtp'.
[2022-11-14 15:41:16.110] [warning] Couldn't find file 'thumb_distal_rvs.vtp'.
[2022-11-14 15:41:16.110] [warning] Couldn't find file 'humerus_lv.vtp'.
[2022-11-14 15:41:16.110] [warning] Couldn't find file 'ulna_lv.vtp'.
[2022-11-14 15:41:16.110] [warning] Couldn't find file 'radius_lv.vtp'.
[2022-11-14 15:41:16.110] [warning] Couldn't find file 'pisiform_lvs.vtp'.
[2022-11-14 15:41:16.110] [warning] Couldn't find file 'lunate_lvs.vtp'.
[2022-11-14 15:41:16.110] [warning] Couldn't find file 'scaphoid_lvs.vtp'.
[2022-11-14 15:41:16.110] [warning] Couldn't find file 'triquetrum_lvs.vtp'.
[2022-11-14 15:41:16.110] [warning] Couldn't find file 'hamate_lvs.vtp'.
[2022-11-14 15:41:16.110] [warning] Couldn't find file 'capitate_lvs.vtp'.
[2022-11-14 15:41:16.110] [warning] Couldn't find file 'trapezoid_lvs.vtp'.
[2022-11-14 15:41:16.110] [warning] Couldn't find file 'trapezium_lvs.vtp'.
[2022-11-14 15:41:16.110] [warning] Couldn't find file 'metacarpal2_lvs.vtp'.
[2022-11-14 15:41:16.110] [warning] Couldn't find file 'index_proximal_lvs.vtp'.
[2022-11-14 15:41:16.110] [warning] Couldn't find file 'index_medial_lvs.vtp'.
[2022-11-14 15:41:16.110] [warning] Couldn't find file 'index_distal_lvs.vtp'.
[2022-11-14 15:41:16.110] [warning] Couldn't find file 'metacarpal3_lvs.vtp'.
[2022-11-14 15:41:16.111] [warning] Couldn't find file 'middle_proximal_lvs.vtp'.
[2022-11-14 15:41:16.111] [warning] Couldn't find file 'middle_medial_lvs.vtp'.
[2022-11-14 15:41:16.111] [warning] Couldn't find file 'middle_distal_lvs.vtp'.
[2022-11-14 15:41:16.111] [warning] Couldn't find file 'metacarpal4_lvs.vtp'.
[2022-11-14 15:41:16.111] [warning] Couldn't find file 'ring_proximal_lvs.vtp'.
[2022-11-14 15:41:16.111] [warning] Couldn't find file 'ring_medial_lvs.vtp'.
[2022-11-14 15:41:16.111] [warning] Couldn't find file 'ring_distal_lvs.vtp'.
[2022-11-14 15:41:16.111] [warning] Couldn't find file 'metacarpal5_lvs.vtp'.
[2022-11-14 15:41:16.111] [warning] Couldn't find file 'little_proximal_lvs.vtp'.
[2022-11-14 15:41:16.111] [warning] Couldn't find file 'little_medial_lvs.vtp'.
[2022-11-14 15:41:16.111] [warning] Couldn't find file 'little_distal_lvs.vtp'.
[2022-11-14 15:41:16.111] [warning] Couldn't find file 'metacarpal1_lvs.vtp'.
[2022-11-14 15:41:16.111] [warning] Couldn't find file 'thumb_proximal_lvs.vtp'.
[2022-11-14 15:41:16.111] [warning] Couldn't find file 'thumb_distal_lvs.vtp'.
[2022-11-14 15:47:50.073] [info] Loaded model subject1_withMTJ_locked_scaled_custom from file C:\Users\u0150099\Documents\master_thesis\3dpredictsim\OpenSimModel\subject1\Fal_s1_mtjc4_FK_sc_FDB2_MTc5_cspx10_oy3.osim
[2022-11-14 15:47:50.074] [warning] Couldn't find file 'sacrum.vtp'.
[2022-11-14 15:47:50.074] [warning] Couldn't find file 'pelvis.vtp'.
[2022-11-14 15:47:50.074] [warning] Couldn't find file 'l_pelvis.vtp'.
[2022-11-14 15:47:50.074] [warning] Couldn't find file 'femur_r.vtp'.
[2022-11-14 15:47:50.074] [warning] Couldn't find file 'tibia_r.vtp'.
[2022-11-14 15:47:50.074] [warning] Couldn't find file 'fibula_r.vtp'.
[2022-11-14 15:47:50.074] [warning] Couldn't find file 'talus_rv.vtp'.
[2022-11-14 15:47:50.074] [warning] Couldn't find file 'calcaneous_rv.vtp'.
[2022-11-14 15:47:50.074] [warning] Couldn't find file 'model_r_midfoot.stl'.
[2022-11-14 15:47:50.075] [warning] Couldn't find file 'model_r_forefoot.stl'.
[2022-11-14 15:47:50.075] [warning] Couldn't find file 'model_r_toes.stl'.
[2022-11-14 15:47:50.075] [warning] Couldn't find file 'femur_l.vtp'.
[2022-11-14 15:47:50.075] [warning] Couldn't find file 'tibia_l.vtp'.
[2022-11-14 15:47:50.075] [warning] Couldn't find file 'fibula_l.vtp'.
[2022-11-14 15:47:50.075] [warning] Couldn't find file 'talus_lv.vtp'.
[2022-11-14 15:47:50.075] [warning] Couldn't find file 'calcaneous_lv.vtp'.
[2022-11-14 15:47:50.075] [warning] Couldn't find file 'model_l_midfoot.stl'.
[2022-11-14 15:47:50.075] [warning] Couldn't find file 'model_l_forefoot.stl'.
[2022-11-14 15:47:50.075] [warning] Couldn't find file 'model_l_toes.stl'.
[2022-11-14 15:47:50.075] [warning] Couldn't find file 'hat_spine.vtp'.
[2022-11-14 15:47:50.075] [warning] Couldn't find file 'hat_jaw.vtp'.
[2022-11-14 15:47:50.075] [warning] Couldn't find file 'hat_skull.vtp'.
[2022-11-14 15:47:50.075] [warning] Couldn't find file 'hat_ribs_scap.vtp'.
[2022-11-14 15:47:50.076] [warning] Couldn't find file 'humerus_rv.vtp'.
[2022-11-14 15:47:50.076] [warning] Couldn't find file 'ulna_rv.vtp'.
[2022-11-14 15:47:50.076] [warning] Couldn't find file 'radius_rv.vtp'.
[2022-11-14 15:47:50.076] [warning] Couldn't find file 'pisiform_rvs.vtp'.
[2022-11-14 15:47:50.076] [warning] Couldn't find file 'lunate_rvs.vtp'.
[2022-11-14 15:47:50.076] [warning] Couldn't find file 'scaphoid_rvs.vtp'.
[2022-11-14 15:47:50.076] [warning] Couldn't find file 'triquetrum_rvs.vtp'.
[2022-11-14 15:47:50.076] [warning] Couldn't find file 'hamate_rvs.vtp'.
[2022-11-14 15:47:50.076] [warning] Couldn't find file 'capitate_rvs.vtp'.
[2022-11-14 15:47:50.076] [warning] Couldn't find file 'trapezoid_rvs.vtp'.
[2022-11-14 15:47:50.076] [warning] Couldn't find file 'trapezium_rvs.vtp'.
[2022-11-14 15:47:50.076] [warning] Couldn't find file 'metacarpal2_rvs.vtp'.
[2022-11-14 15:47:50.076] [warning] Couldn't find file 'index_proximal_rvs.vtp'.
[2022-11-14 15:47:50.076] [warning] Couldn't find file 'index_medial_rvs.vtp'.
[2022-11-14 15:47:50.076] [warning] Couldn't find file 'index_distal_rvs.vtp'.
[2022-11-14 15:47:50.077] [warning] Couldn't find file 'metacarpal3_rvs.vtp'.
[2022-11-14 15:47:50.077] [warning] Couldn't find file 'middle_proximal_rvs.vtp'.
[2022-11-14 15:47:50.077] [warning] Couldn't find file 'middle_medial_rvs.vtp'.
[2022-11-14 15:47:50.077] [warning] Couldn't find file 'middle_distal_rvs.vtp'.
[2022-11-14 15:47:50.077] [warning] Couldn't find file 'metacarpal4_rvs.vtp'.
[2022-11-14 15:47:50.077] [warning] Couldn't find file 'ring_proximal_rvs.vtp'.
[2022-11-14 15:47:50.077] [warning] Couldn't find file 'ring_medial_rvs.vtp'.
[2022-11-14 15:47:50.077] [warning] Couldn't find file 'ring_distal_rvs.vtp'.
[2022-11-14 15:47:50.077] [warning] Couldn't find file 'metacarpal5_rvs.vtp'.
[2022-11-14 15:47:50.077] [warning] Couldn't find file 'little_proximal_rvs.vtp'.
[2022-11-14 15:47:50.077] [warning] Couldn't find file 'little_medial_rvs.vtp'.
[2022-11-14 15:47:50.077] [warning] Couldn't find file 'little_distal_rvs.vtp'.
[2022-11-14 15:47:50.077] [warning] Couldn't find file 'metacarpal1_rvs.vtp'.
[2022-11-14 15:47:50.077] [warning] Couldn't find file 'thumb_proximal_rvs.vtp'.
[2022-11-14 15:47:50.077] [warning] Couldn't find file 'thumb_distal_rvs.vtp'.
[2022-11-14 15:47:50.077] [warning] Couldn't find file 'humerus_lv.vtp'.
[2022-11-14 15:47:50.078] [warning] Couldn't find file 'ulna_lv.vtp'.
[2022-11-14 15:47:50.078] [warning] Couldn't find file 'radius_lv.vtp'.
[2022-11-14 15:47:50.078] [warning] Couldn't find file 'pisiform_lvs.vtp'.
[2022-11-14 15:47:50.078] [warning] Couldn't find file 'lunate_lvs.vtp'.
[2022-11-14 15:47:50.078] [warning] Couldn't find file 'scaphoid_lvs.vtp'.
[2022-11-14 15:47:50.078] [warning] Couldn't find file 'triquetrum_lvs.vtp'.
[2022-11-14 15:47:50.078] [warning] Couldn't find file 'hamate_lvs.vtp'.
[2022-11-14 15:47:50.078] [warning] Couldn't find file 'capitate_lvs.vtp'.
[2022-11-14 15:47:50.078] [warning] Couldn't find file 'trapezoid_lvs.vtp'.
[2022-11-14 15:47:50.078] [warning] Couldn't find file 'trapezium_lvs.vtp'.
[2022-11-14 15:47:50.078] [warning] Couldn't find file 'metacarpal2_lvs.vtp'.
[2022-11-14 15:47:50.078] [warning] Couldn't find file 'index_proximal_lvs.vtp'.
[2022-11-14 15:47:50.078] [warning] Couldn't find file 'index_medial_lvs.vtp'.
[2022-11-14 15:47:50.078] [warning] Couldn't find file 'index_distal_lvs.vtp'.
[2022-11-14 15:47:50.078] [warning] Couldn't find file 'metacarpal3_lvs.vtp'.
[2022-11-14 15:47:50.078] [warning] Couldn't find file 'middle_proximal_lvs.vtp'.
[2022-11-14 15:47:50.079] [warning] Couldn't find file 'middle_medial_lvs.vtp'.
[2022-11-14 15:47:50.079] [warning] Couldn't find file 'middle_distal_lvs.vtp'.
[2022-11-14 15:47:50.079] [warning] Couldn't find file 'metacarpal4_lvs.vtp'.
[2022-11-14 15:47:50.079] [warning] Couldn't find file 'ring_proximal_lvs.vtp'.
[2022-11-14 15:47:50.079] [warning] Couldn't find file 'ring_medial_lvs.vtp'.
[2022-11-14 15:47:50.079] [warning] Couldn't find file 'ring_distal_lvs.vtp'.
[2022-11-14 15:47:50.079] [warning] Couldn't find file 'metacarpal5_lvs.vtp'.
[2022-11-14 15:47:50.079] [warning] Couldn't find file 'little_proximal_lvs.vtp'.
[2022-11-14 15:47:50.079] [warning] Couldn't find file 'little_medial_lvs.vtp'.
[2022-11-14 15:47:50.079] [warning] Couldn't find file 'little_distal_lvs.vtp'.
[2022-11-14 15:47:50.079] [warning] Couldn't find file 'metacarpal1_lvs.vtp'.
[2022-11-14 15:47:50.079] [warning] Couldn't find file 'thumb_proximal_lvs.vtp'.
[2022-11-14 15:47:50.079] [warning] Couldn't find file 'thumb_distal_lvs.vtp'.
[2022-11-14 15:47:51.632] [info] Loaded model subject1_withMTJ_locked_scaled_custom from file C:\Users\u0150099\Documents\master_thesis\3dpredictsim\OpenSimModel\subject1\Fal_s1_mtjc4_FK_sc_FDB2_MTc5_cg0.osim
[2022-11-14 15:47:51.634] [warning] Couldn't find file 'sacrum.vtp'.
[2022-11-14 15:47:51.634] [warning] Couldn't find file 'pelvis.vtp'.
[2022-11-14 15:47:51.634] [warning] Couldn't find file 'l_pelvis.vtp'.
[2022-11-14 15:47:51.634] [warning] Couldn't find file 'femur_r.vtp'.
[2022-11-14 15:47:51.634] [warning] Couldn't find file 'tibia_r.vtp'.
[2022-11-14 15:47:51.634] [warning] Couldn't find file 'fibula_r.vtp'.
[2022-11-14 15:47:51.634] [warning] Couldn't find file 'talus_rv.vtp'.
[2022-11-14 15:47:51.634] [warning] Couldn't find file 'calcaneous_rv.vtp'.
[2022-11-14 15:47:51.634] [warning] Couldn't find file 'model_r_midfoot.stl'.
[2022-11-14 15:47:51.634] [warning] Couldn't find file 'model_r_forefoot.stl'.
[2022-11-14 15:47:51.634] [warning] Couldn't find file 'model_r_toes.stl'.
[2022-11-14 15:47:51.634] [warning] Couldn't find file 'femur_l.vtp'.
[2022-11-14 15:47:51.634] [warning] Couldn't find file 'tibia_l.vtp'.
[2022-11-14 15:47:51.634] [warning] Couldn't find file 'fibula_l.vtp'.
[2022-11-14 15:47:51.635] [warning] Couldn't find file 'talus_lv.vtp'.
[2022-11-14 15:47:51.635] [warning] Couldn't find file 'calcaneous_lv.vtp'.
[2022-11-14 15:47:51.635] [warning] Couldn't find file 'model_l_midfoot.stl'.
[2022-11-14 15:47:51.635] [warning] Couldn't find file 'model_l_forefoot.stl'.
[2022-11-14 15:47:51.635] [warning] Couldn't find file 'model_l_toes.stl'.
[2022-11-14 15:47:51.635] [warning] Couldn't find file 'hat_spine.vtp'.
[2022-11-14 15:47:51.635] [warning] Couldn't find file 'hat_jaw.vtp'.
[2022-11-14 15:47:51.635] [warning] Couldn't find file 'hat_skull.vtp'.
[2022-11-14 15:47:51.635] [warning] Couldn't find file 'hat_ribs_scap.vtp'.
[2022-11-14 15:47:51.635] [warning] Couldn't find file 'humerus_rv.vtp'.
[2022-11-14 15:47:51.635] [warning] Couldn't find file 'ulna_rv.vtp'.
[2022-11-14 15:47:51.635] [warning] Couldn't find file 'radius_rv.vtp'.
[2022-11-14 15:47:51.635] [warning] Couldn't find file 'pisiform_rvs.vtp'.
[2022-11-14 15:47:51.635] [warning] Couldn't find file 'lunate_rvs.vtp'.
[2022-11-14 15:47:51.635] [warning] Couldn't find file 'scaphoid_rvs.vtp'.
[2022-11-14 15:47:51.635] [warning] Couldn't find file 'triquetrum_rvs.vtp'.
[2022-11-14 15:47:51.635] [warning] Couldn't find file 'hamate_rvs.vtp'.
[2022-11-14 15:47:51.636] [warning] Couldn't find file 'capitate_rvs.vtp'.
[2022-11-14 15:47:51.636] [warning] Couldn't find file 'trapezoid_rvs.vtp'.
[2022-11-14 15:47:51.636] [warning] Couldn't find file 'trapezium_rvs.vtp'.
[2022-11-14 15:47:51.636] [warning] Couldn't find file 'metacarpal2_rvs.vtp'.
[2022-11-14 15:47:51.636] [warning] Couldn't find file 'index_proximal_rvs.vtp'.
[2022-11-14 15:47:51.636] [warning] Couldn't find file 'index_medial_rvs.vtp'.
[2022-11-14 15:47:51.636] [warning] Couldn't find file 'index_distal_rvs.vtp'.
[2022-11-14 15:47:51.636] [warning] Couldn't find file 'metacarpal3_rvs.vtp'.
[2022-11-14 15:47:51.636] [warning] Couldn't find file 'middle_proximal_rvs.vtp'.
[2022-11-14 15:47:51.636] [warning] Couldn't find file 'middle_medial_rvs.vtp'.
[2022-11-14 15:47:51.636] [warning] Couldn't find file 'middle_distal_rvs.vtp'.
[2022-11-14 15:47:51.636] [warning] Couldn't find file 'metacarpal4_rvs.vtp'.
[2022-11-14 15:47:51.636] [warning] Couldn't find file 'ring_proximal_rvs.vtp'.
[2022-11-14 15:47:51.636] [warning] Couldn't find file 'ring_medial_rvs.vtp'.
[2022-11-14 15:47:51.636] [warning] Couldn't find file 'ring_distal_rvs.vtp'.
[2022-11-14 15:47:51.636] [warning] Couldn't find file 'metacarpal5_rvs.vtp'.
[2022-11-14 15:47:51.636] [warning] Couldn't find file 'little_proximal_rvs.vtp'.
[2022-11-14 15:47:51.636] [warning] Couldn't find file 'little_medial_rvs.vtp'.
[2022-11-14 15:47:51.637] [warning] Couldn't find file 'little_distal_rvs.vtp'.
[2022-11-14 15:47:51.637] [warning] Couldn't find file 'metacarpal1_rvs.vtp'.
[2022-11-14 15:47:51.637] [warning] Couldn't find file 'thumb_proximal_rvs.vtp'.
[2022-11-14 15:47:51.637] [warning] Couldn't find file 'thumb_distal_rvs.vtp'.
[2022-11-14 15:47:51.637] [warning] Couldn't find file 'humerus_lv.vtp'.
[2022-11-14 15:47:51.637] [warning] Couldn't find file 'ulna_lv.vtp'.
[2022-11-14 15:47:51.637] [warning] Couldn't find file 'radius_lv.vtp'.
[2022-11-14 15:47:51.637] [warning] Couldn't find file 'pisiform_lvs.vtp'.
[2022-11-14 15:47:51.637] [warning] Couldn't find file 'lunate_lvs.vtp'.
[2022-11-14 15:47:51.637] [warning] Couldn't find file 'scaphoid_lvs.vtp'.
[2022-11-14 15:47:51.637] [warning] Couldn't find file 'triquetrum_lvs.vtp'.
[2022-11-14 15:47:51.637] [warning] Couldn't find file 'hamate_lvs.vtp'.
[2022-11-14 15:47:51.637] [warning] Couldn't find file 'capitate_lvs.vtp'.
[2022-11-14 15:47:51.637] [warning] Couldn't find file 'trapezoid_lvs.vtp'.
[2022-11-14 15:47:51.637] [warning] Couldn't find file 'trapezium_lvs.vtp'.
[2022-11-14 15:47:51.637] [warning] Couldn't find file 'metacarpal2_lvs.vtp'.
[2022-11-14 15:47:51.637] [warning] Couldn't find file 'index_proximal_lvs.vtp'.
[2022-11-14 15:47:51.638] [warning] Couldn't find file 'index_medial_lvs.vtp'.
[2022-11-14 15:47:51.638] [warning] Couldn't find file 'index_distal_lvs.vtp'.
[2022-11-14 15:47:51.638] [warning] Couldn't find file 'metacarpal3_lvs.vtp'.
[2022-11-14 15:47:51.638] [warning] Couldn't find file 'middle_proximal_lvs.vtp'.
[2022-11-14 15:47:51.638] [warning] Couldn't find file 'middle_medial_lvs.vtp'.
[2022-11-14 15:47:51.638] [warning] Couldn't find file 'middle_distal_lvs.vtp'.
[2022-11-14 15:47:51.638] [warning] Couldn't find file 'metacarpal4_lvs.vtp'.
[2022-11-14 15:47:51.638] [warning] Couldn't find file 'ring_proximal_lvs.vtp'.
[2022-11-14 15:47:51.638] [warning] Couldn't find file 'ring_medial_lvs.vtp'.
[2022-11-14 15:47:51.638] [warning] Couldn't find file 'ring_distal_lvs.vtp'.
[2022-11-14 15:47:51.638] [warning] Couldn't find file 'metacarpal5_lvs.vtp'.
[2022-11-14 15:47:51.638] [warning] Couldn't find file 'little_proximal_lvs.vtp'.
[2022-11-14 15:47:51.638] [warning] Couldn't find file 'little_medial_lvs.vtp'.
[2022-11-14 15:47:51.638] [warning] Couldn't find file 'little_distal_lvs.vtp'.
[2022-11-14 15:47:51.638] [warning] Couldn't find file 'metacarpal1_lvs.vtp'.
[2022-11-14 15:47:51.638] [warning] Couldn't find file 'thumb_proximal_lvs.vtp'.
[2022-11-14 15:47:51.638] [warning] Couldn't find file 'thumb_distal_lvs.vtp'.
[2022-11-14 15:49:33.499] [info] Loaded model subject1_withMTJ_locked_scaled_custom from file C:\Users\u0150099\Documents\master_thesis\3dpredictsim\OpenSimModel\subject1\Fal_s1_mtjc4_FK_sc_FDB2_MTc5_cspx10_oy3.osim
[2022-11-14 15:49:33.500] [warning] Couldn't find file 'sacrum.vtp'.
[2022-11-14 15:49:33.500] [warning] Couldn't find file 'pelvis.vtp'.
[2022-11-14 15:49:33.500] [warning] Couldn't find file 'l_pelvis.vtp'.
[2022-11-14 15:49:33.500] [warning] Couldn't find file 'femur_r.vtp'.
[2022-11-14 15:49:33.500] [warning] Couldn't find file 'tibia_r.vtp'.
[2022-11-14 15:49:33.500] [warning] Couldn't find file 'fibula_r.vtp'.
[2022-11-14 15:49:33.500] [warning] Couldn't find file 'talus_rv.vtp'.
[2022-11-14 15:49:33.500] [warning] Couldn't find file 'calcaneous_rv.vtp'.
[2022-11-14 15:49:33.501] [warning] Couldn't find file 'model_r_midfoot.stl'.
[2022-11-14 15:49:33.501] [warning] Couldn't find file 'model_r_forefoot.stl'.
[2022-11-14 15:49:33.501] [warning] Couldn't find file 'model_r_toes.stl'.
[2022-11-14 15:49:33.501] [warning] Couldn't find file 'femur_l.vtp'.
[2022-11-14 15:49:33.501] [warning] Couldn't find file 'tibia_l.vtp'.
[2022-11-14 15:49:33.501] [warning] Couldn't find file 'fibula_l.vtp'.
[2022-11-14 15:49:33.501] [warning] Couldn't find file 'talus_lv.vtp'.
[2022-11-14 15:49:33.501] [warning] Couldn't find file 'calcaneous_lv.vtp'.
[2022-11-14 15:49:33.501] [warning] Couldn't find file 'model_l_midfoot.stl'.
[2022-11-14 15:49:33.501] [warning] Couldn't find file 'model_l_forefoot.stl'.
[2022-11-14 15:49:33.501] [warning] Couldn't find file 'model_l_toes.stl'.
[2022-11-14 15:49:33.501] [warning] Couldn't find file 'hat_spine.vtp'.
[2022-11-14 15:49:33.501] [warning] Couldn't find file 'hat_jaw.vtp'.
[2022-11-14 15:49:33.501] [warning] Couldn't find file 'hat_skull.vtp'.
[2022-11-14 15:49:33.501] [warning] Couldn't find file 'hat_ribs_scap.vtp'.
[2022-11-14 15:49:33.501] [warning] Couldn't find file 'humerus_rv.vtp'.
[2022-11-14 15:49:33.502] [warning] Couldn't find file 'ulna_rv.vtp'.
[2022-11-14 15:49:33.502] [warning] Couldn't find file 'radius_rv.vtp'.
[2022-11-14 15:49:33.502] [warning] Couldn't find file 'pisiform_rvs.vtp'.
[2022-11-14 15:49:33.502] [warning] Couldn't find file 'lunate_rvs.vtp'.
[2022-11-14 15:49:33.502] [warning] Couldn't find file 'scaphoid_rvs.vtp'.
[2022-11-14 15:49:33.502] [warning] Couldn't find file 'triquetrum_rvs.vtp'.
[2022-11-14 15:49:33.502] [warning] Couldn't find file 'hamate_rvs.vtp'.
[2022-11-14 15:49:33.502] [warning] Couldn't find file 'capitate_rvs.vtp'.
[2022-11-14 15:49:33.502] [warning] Couldn't find file 'trapezoid_rvs.vtp'.
[2022-11-14 15:49:33.502] [warning] Couldn't find file 'trapezium_rvs.vtp'.
[2022-11-14 15:49:33.502] [warning] Couldn't find file 'metacarpal2_rvs.vtp'.
[2022-11-14 15:49:33.502] [warning] Couldn't find file 'index_proximal_rvs.vtp'.
[2022-11-14 15:49:33.502] [warning] Couldn't find file 'index_medial_rvs.vtp'.
[2022-11-14 15:49:33.502] [warning] Couldn't find file 'index_distal_rvs.vtp'.
[2022-11-14 15:49:33.502] [warning] Couldn't find file 'metacarpal3_rvs.vtp'.
[2022-11-14 15:49:33.502] [warning] Couldn't find file 'middle_proximal_rvs.vtp'.
[2022-11-14 15:49:33.502] [warning] Couldn't find file 'middle_medial_rvs.vtp'.
[2022-11-14 15:49:33.503] [warning] Couldn't find file 'middle_distal_rvs.vtp'.
[2022-11-14 15:49:33.503] [warning] Couldn't find file 'metacarpal4_rvs.vtp'.
[2022-11-14 15:49:33.503] [warning] Couldn't find file 'ring_proximal_rvs.vtp'.
[2022-11-14 15:49:33.503] [warning] Couldn't find file 'ring_medial_rvs.vtp'.
[2022-11-14 15:49:33.503] [warning] Couldn't find file 'ring_distal_rvs.vtp'.
[2022-11-14 15:49:33.503] [warning] Couldn't find file 'metacarpal5_rvs.vtp'.
[2022-11-14 15:49:33.503] [warning] Couldn't find file 'little_proximal_rvs.vtp'.
[2022-11-14 15:49:33.503] [warning] Couldn't find file 'little_medial_rvs.vtp'.
[2022-11-14 15:49:33.503] [warning] Couldn't find file 'little_distal_rvs.vtp'.
[2022-11-14 15:49:33.503] [warning] Couldn't find file 'metacarpal1_rvs.vtp'.
[2022-11-14 15:49:33.503] [warning] Couldn't find file 'thumb_proximal_rvs.vtp'.
[2022-11-14 15:49:33.503] [warning] Couldn't find file 'thumb_distal_rvs.vtp'.
[2022-11-14 15:49:33.503] [warning] Couldn't find file 'humerus_lv.vtp'.
[2022-11-14 15:49:33.503] [warning] Couldn't find file 'ulna_lv.vtp'.
[2022-11-14 15:49:33.503] [warning] Couldn't find file 'radius_lv.vtp'.
[2022-11-14 15:49:33.503] [warning] Couldn't find file 'pisiform_lvs.vtp'.
[2022-11-14 15:49:33.504] [warning] Couldn't find file 'lunate_lvs.vtp'.
[2022-11-14 15:49:33.504] [warning] Couldn't find file 'scaphoid_lvs.vtp'.
[2022-11-14 15:49:33.504] [warning] Couldn't find file 'triquetrum_lvs.vtp'.
[2022-11-14 15:49:33.504] [warning] Couldn't find file 'hamate_lvs.vtp'.
[2022-11-14 15:49:33.504] [warning] Couldn't find file 'capitate_lvs.vtp'.
[2022-11-14 15:49:33.504] [warning] Couldn't find file 'trapezoid_lvs.vtp'.
[2022-11-14 15:49:33.504] [warning] Couldn't find file 'trapezium_lvs.vtp'.
[2022-11-14 15:49:33.504] [warning] Couldn't find file 'metacarpal2_lvs.vtp'.
[2022-11-14 15:49:33.504] [warning] Couldn't find file 'index_proximal_lvs.vtp'.
[2022-11-14 15:49:33.504] [warning] Couldn't find file 'index_medial_lvs.vtp'.
[2022-11-14 15:49:33.504] [warning] Couldn't find file 'index_distal_lvs.vtp'.
[2022-11-14 15:49:33.504] [warning] Couldn't find file 'metacarpal3_lvs.vtp'.
[2022-11-14 15:49:33.504] [warning] Couldn't find file 'middle_proximal_lvs.vtp'.
[2022-11-14 15:49:33.504] [warning] Couldn't find file 'middle_medial_lvs.vtp'.
[2022-11-14 15:49:33.504] [warning] Couldn't find file 'middle_distal_lvs.vtp'.
[2022-11-14 15:49:33.504] [warning] Couldn't find file 'metacarpal4_lvs.vtp'.
[2022-11-14 15:49:33.504] [warning] Couldn't find file 'ring_proximal_lvs.vtp'.
[2022-11-14 15:49:33.504] [warning] Couldn't find file 'ring_medial_lvs.vtp'.
[2022-11-14 15:49:33.504] [warning] Couldn't find file 'ring_distal_lvs.vtp'.
[2022-11-14 15:49:33.505] [warning] Couldn't find file 'metacarpal5_lvs.vtp'.
[2022-11-14 15:49:33.505] [warning] Couldn't find file 'little_proximal_lvs.vtp'.
[2022-11-14 15:49:33.505] [warning] Couldn't find file 'little_medial_lvs.vtp'.
[2022-11-14 15:49:33.505] [warning] Couldn't find file 'little_distal_lvs.vtp'.
[2022-11-14 15:49:33.505] [warning] Couldn't find file 'metacarpal1_lvs.vtp'.
[2022-11-14 15:49:33.505] [warning] Couldn't find file 'thumb_proximal_lvs.vtp'.
[2022-11-14 15:49:33.505] [warning] Couldn't find file 'thumb_distal_lvs.vtp'.
[2022-11-14 15:49:35.064] [info] Loaded model subject1_withMTJ_locked_scaled_custom from file C:\Users\u0150099\Documents\master_thesis\3dpredictsim\OpenSimModel\subject1\Fal_s1_mtjc4_FK_sc_FDB2_MTc5_cg0.osim
[2022-11-14 15:49:35.064] [warning] Couldn't find file 'sacrum.vtp'.
[2022-11-14 15:49:35.064] [warning] Couldn't find file 'pelvis.vtp'.
[2022-11-14 15:49:35.065] [warning] Couldn't find file 'l_pelvis.vtp'.
[2022-11-14 15:49:35.065] [warning] Couldn't find file 'femur_r.vtp'.
[2022-11-14 15:49:35.065] [warning] Couldn't find file 'tibia_r.vtp'.
[2022-11-14 15:49:35.065] [warning] Couldn't find file 'fibula_r.vtp'.
[2022-11-14 15:49:35.065] [warning] Couldn't find file 'talus_rv.vtp'.
[2022-11-14 15:49:35.065] [warning] Couldn't find file 'calcaneous_rv.vtp'.
[2022-11-14 15:49:35.065] [warning] Couldn't find file 'model_r_midfoot.stl'.
[2022-11-14 15:49:35.065] [warning] Couldn't find file 'model_r_forefoot.stl'.
[2022-11-14 15:49:35.065] [warning] Couldn't find file 'model_r_toes.stl'.
[2022-11-14 15:49:35.065] [warning] Couldn't find file 'femur_l.vtp'.
[2022-11-14 15:49:35.065] [warning] Couldn't find file 'tibia_l.vtp'.
[2022-11-14 15:49:35.065] [warning] Couldn't find file 'fibula_l.vtp'.
[2022-11-14 15:49:35.065] [warning] Couldn't find file 'talus_lv.vtp'.
[2022-11-14 15:49:35.065] [warning] Couldn't find file 'calcaneous_lv.vtp'.
[2022-11-14 15:49:35.065] [warning] Couldn't find file 'model_l_midfoot.stl'.
[2022-11-14 15:49:35.065] [warning] Couldn't find file 'model_l_forefoot.stl'.
[2022-11-14 15:49:35.066] [warning] Couldn't find file 'model_l_toes.stl'.
[2022-11-14 15:49:35.066] [warning] Couldn't find file 'hat_spine.vtp'.
[2022-11-14 15:49:35.066] [warning] Couldn't find file 'hat_jaw.vtp'.
[2022-11-14 15:49:35.066] [warning] Couldn't find file 'hat_skull.vtp'.
[2022-11-14 15:49:35.066] [warning] Couldn't find file 'hat_ribs_scap.vtp'.
[2022-11-14 15:49:35.066] [warning] Couldn't find file 'humerus_rv.vtp'.
[2022-11-14 15:49:35.066] [warning] Couldn't find file 'ulna_rv.vtp'.
[2022-11-14 15:49:35.066] [warning] Couldn't find file 'radius_rv.vtp'.
[2022-11-14 15:49:35.066] [warning] Couldn't find file 'pisiform_rvs.vtp'.
[2022-11-14 15:49:35.066] [warning] Couldn't find file 'lunate_rvs.vtp'.
[2022-11-14 15:49:35.066] [warning] Couldn't find file 'scaphoid_rvs.vtp'.
[2022-11-14 15:49:35.066] [warning] Couldn't find file 'triquetrum_rvs.vtp'.
[2022-11-14 15:49:35.066] [warning] Couldn't find file 'hamate_rvs.vtp'.
[2022-11-14 15:49:35.066] [warning] Couldn't find file 'capitate_rvs.vtp'.
[2022-11-14 15:49:35.066] [warning] Couldn't find file 'trapezoid_rvs.vtp'.
[2022-11-14 15:49:35.066] [warning] Couldn't find file 'trapezium_rvs.vtp'.
[2022-11-14 15:49:35.066] [warning] Couldn't find file 'metacarpal2_rvs.vtp'.
[2022-11-14 15:49:35.066] [warning] Couldn't find file 'index_proximal_rvs.vtp'.
[2022-11-14 15:49:35.067] [warning] Couldn't find file 'index_medial_rvs.vtp'.
[2022-11-14 15:49:35.067] [warning] Couldn't find file 'index_distal_rvs.vtp'.
[2022-11-14 15:49:35.067] [warning] Couldn't find file 'metacarpal3_rvs.vtp'.
[2022-11-14 15:49:35.067] [warning] Couldn't find file 'middle_proximal_rvs.vtp'.
[2022-11-14 15:49:35.067] [warning] Couldn't find file 'middle_medial_rvs.vtp'.
[2022-11-14 15:49:35.067] [warning] Couldn't find file 'middle_distal_rvs.vtp'.
[2022-11-14 15:49:35.067] [warning] Couldn't find file 'metacarpal4_rvs.vtp'.
[2022-11-14 15:49:35.067] [warning] Couldn't find file 'ring_proximal_rvs.vtp'.
[2022-11-14 15:49:35.067] [warning] Couldn't find file 'ring_medial_rvs.vtp'.
[2022-11-14 15:49:35.067] [warning] Couldn't find file 'ring_distal_rvs.vtp'.
[2022-11-14 15:49:35.067] [warning] Couldn't find file 'metacarpal5_rvs.vtp'.
[2022-11-14 15:49:35.067] [warning] Couldn't find file 'little_proximal_rvs.vtp'.
[2022-11-14 15:49:35.067] [warning] Couldn't find file 'little_medial_rvs.vtp'.
[2022-11-14 15:49:35.067] [warning] Couldn't find file 'little_distal_rvs.vtp'.
[2022-11-14 15:49:35.067] [warning] Couldn't find file 'metacarpal1_rvs.vtp'.
[2022-11-14 15:49:35.067] [warning] Couldn't find file 'thumb_proximal_rvs.vtp'.
[2022-11-14 15:49:35.067] [warning] Couldn't find file 'thumb_distal_rvs.vtp'.
[2022-11-14 15:49:35.068] [warning] Couldn't find file 'humerus_lv.vtp'.
[2022-11-14 15:49:35.068] [warning] Couldn't find file 'ulna_lv.vtp'.
[2022-11-14 15:49:35.068] [warning] Couldn't find file 'radius_lv.vtp'.
[2022-11-14 15:49:35.068] [warning] Couldn't find file 'pisiform_lvs.vtp'.
[2022-11-14 15:49:35.068] [warning] Couldn't find file 'lunate_lvs.vtp'.
[2022-11-14 15:49:35.068] [warning] Couldn't find file 'scaphoid_lvs.vtp'.
[2022-11-14 15:49:35.068] [warning] Couldn't find file 'triquetrum_lvs.vtp'.
[2022-11-14 15:49:35.068] [warning] Couldn't find file 'hamate_lvs.vtp'.
[2022-11-14 15:49:35.068] [warning] Couldn't find file 'capitate_lvs.vtp'.
[2022-11-14 15:49:35.068] [warning] Couldn't find file 'trapezoid_lvs.vtp'.
[2022-11-14 15:49:35.068] [warning] Couldn't find file 'trapezium_lvs.vtp'.
[2022-11-14 15:49:35.068] [warning] Couldn't find file 'metacarpal2_lvs.vtp'.
[2022-11-14 15:49:35.068] [warning] Couldn't find file 'index_proximal_lvs.vtp'.
[2022-11-14 15:49:35.068] [warning] Couldn't find file 'index_medial_lvs.vtp'.
[2022-11-14 15:49:35.068] [warning] Couldn't find file 'index_distal_lvs.vtp'.
[2022-11-14 15:49:35.068] [warning] Couldn't find file 'metacarpal3_lvs.vtp'.
[2022-11-14 15:49:35.068] [warning] Couldn't find file 'middle_proximal_lvs.vtp'.
[2022-11-14 15:49:35.068] [warning] Couldn't find file 'middle_medial_lvs.vtp'.
[2022-11-14 15:49:35.069] [warning] Couldn't find file 'middle_distal_lvs.vtp'.
[2022-11-14 15:49:35.069] [warning] Couldn't find file 'metacarpal4_lvs.vtp'.
[2022-11-14 15:49:35.069] [warning] Couldn't find file 'ring_proximal_lvs.vtp'.
[2022-11-14 15:49:35.069] [warning] Couldn't find file 'ring_medial_lvs.vtp'.
[2022-11-14 15:49:35.069] [warning] Couldn't find file 'ring_distal_lvs.vtp'.
[2022-11-14 15:49:35.069] [warning] Couldn't find file 'metacarpal5_lvs.vtp'.
[2022-11-14 15:49:35.069] [warning] Couldn't find file 'little_proximal_lvs.vtp'.
[2022-11-14 15:49:35.069] [warning] Couldn't find file 'little_medial_lvs.vtp'.
[2022-11-14 15:49:35.069] [warning] Couldn't find file 'little_distal_lvs.vtp'.
[2022-11-14 15:49:35.069] [warning] Couldn't find file 'metacarpal1_lvs.vtp'.
[2022-11-14 15:49:35.069] [warning] Couldn't find file 'thumb_proximal_lvs.vtp'.
[2022-11-14 15:49:35.069] [warning] Couldn't find file 'thumb_distal_lvs.vtp'.
[2022-11-14 15:53:09.448] [info] Loaded model subject1_withMTJ_locked_scaled_custom from file C:\Users\u0150099\Documents\master_thesis\3dpredictsim\OpenSimModel\subject1\Fal_s1_mtjc4_FK_sc_FDB2_MTc5_cspx10_oy3.osim
[2022-11-14 15:53:09.449] [warning] Couldn't find file 'sacrum.vtp'.
[2022-11-14 15:53:09.449] [warning] Couldn't find file 'pelvis.vtp'.
[2022-11-14 15:53:09.449] [warning] Couldn't find file 'l_pelvis.vtp'.
[2022-11-14 15:53:09.449] [warning] Couldn't find file 'femur_r.vtp'.
[2022-11-14 15:53:09.449] [warning] Couldn't find file 'tibia_r.vtp'.
[2022-11-14 15:53:09.449] [warning] Couldn't find file 'fibula_r.vtp'.
[2022-11-14 15:53:09.450] [warning] Couldn't find file 'talus_rv.vtp'.
[2022-11-14 15:53:09.450] [warning] Couldn't find file 'calcaneous_rv.vtp'.
[2022-11-14 15:53:09.450] [warning] Couldn't find file 'model_r_midfoot.stl'.
[2022-11-14 15:53:09.450] [warning] Couldn't find file 'model_r_forefoot.stl'.
[2022-11-14 15:53:09.450] [warning] Couldn't find file 'model_r_toes.stl'.
[2022-11-14 15:53:09.450] [warning] Couldn't find file 'femur_l.vtp'.
[2022-11-14 15:53:09.450] [warning] Couldn't find file 'tibia_l.vtp'.
[2022-11-14 15:53:09.450] [warning] Couldn't find file 'fibula_l.vtp'.
[2022-11-14 15:53:09.450] [warning] Couldn't find file 'talus_lv.vtp'.
[2022-11-14 15:53:09.450] [warning] Couldn't find file 'calcaneous_lv.vtp'.
[2022-11-14 15:53:09.450] [warning] Couldn't find file 'model_l_midfoot.stl'.
[2022-11-14 15:53:09.450] [warning] Couldn't find file 'model_l_forefoot.stl'.
[2022-11-14 15:53:09.450] [warning] Couldn't find file 'model_l_toes.stl'.
[2022-11-14 15:53:09.450] [warning] Couldn't find file 'hat_spine.vtp'.
[2022-11-14 15:53:09.450] [warning] Couldn't find file 'hat_jaw.vtp'.
[2022-11-14 15:53:09.450] [warning] Couldn't find file 'hat_skull.vtp'.
[2022-11-14 15:53:09.451] [warning] Couldn't find file 'hat_ribs_scap.vtp'.
[2022-11-14 15:53:09.451] [warning] Couldn't find file 'humerus_rv.vtp'.
[2022-11-14 15:53:09.451] [warning] Couldn't find file 'ulna_rv.vtp'.
[2022-11-14 15:53:09.451] [warning] Couldn't find file 'radius_rv.vtp'.
[2022-11-14 15:53:09.451] [warning] Couldn't find file 'pisiform_rvs.vtp'.
[2022-11-14 15:53:09.451] [warning] Couldn't find file 'lunate_rvs.vtp'.
[2022-11-14 15:53:09.451] [warning] Couldn't find file 'scaphoid_rvs.vtp'.
[2022-11-14 15:53:09.451] [warning] Couldn't find file 'triquetrum_rvs.vtp'.
[2022-11-14 15:53:09.451] [warning] Couldn't find file 'hamate_rvs.vtp'.
[2022-11-14 15:53:09.451] [warning] Couldn't find file 'capitate_rvs.vtp'.
[2022-11-14 15:53:09.451] [warning] Couldn't find file 'trapezoid_rvs.vtp'.
[2022-11-14 15:53:09.451] [warning] Couldn't find file 'trapezium_rvs.vtp'.
[2022-11-14 15:53:09.451] [warning] Couldn't find file 'metacarpal2_rvs.vtp'.
[2022-11-14 15:53:09.451] [warning] Couldn't find file 'index_proximal_rvs.vtp'.
[2022-11-14 15:53:09.451] [warning] Couldn't find file 'index_medial_rvs.vtp'.
[2022-11-14 15:53:09.451] [warning] Couldn't find file 'index_distal_rvs.vtp'.
[2022-11-14 15:53:09.451] [warning] Couldn't find file 'metacarpal3_rvs.vtp'.
[2022-11-14 15:53:09.452] [warning] Couldn't find file 'middle_proximal_rvs.vtp'.
[2022-11-14 15:53:09.452] [warning] Couldn't find file 'middle_medial_rvs.vtp'.
[2022-11-14 15:53:09.452] [warning] Couldn't find file 'middle_distal_rvs.vtp'.
[2022-11-14 15:53:09.452] [warning] Couldn't find file 'metacarpal4_rvs.vtp'.
[2022-11-14 15:53:09.452] [warning] Couldn't find file 'ring_proximal_rvs.vtp'.
[2022-11-14 15:53:09.452] [warning] Couldn't find file 'ring_medial_rvs.vtp'.
[2022-11-14 15:53:09.452] [warning] Couldn't find file 'ring_distal_rvs.vtp'.
[2022-11-14 15:53:09.452] [warning] Couldn't find file 'metacarpal5_rvs.vtp'.
[2022-11-14 15:53:09.452] [warning] Couldn't find file 'little_proximal_rvs.vtp'.
[2022-11-14 15:53:09.452] [warning] Couldn't find file 'little_medial_rvs.vtp'.
[2022-11-14 15:53:09.452] [warning] Couldn't find file 'little_distal_rvs.vtp'.
[2022-11-14 15:53:09.452] [warning] Couldn't find file 'metacarpal1_rvs.vtp'.
[2022-11-14 15:53:09.452] [warning] Couldn't find file 'thumb_proximal_rvs.vtp'.
[2022-11-14 15:53:09.452] [warning] Couldn't find file 'thumb_distal_rvs.vtp'.
[2022-11-14 15:53:09.452] [warning] Couldn't find file 'humerus_lv.vtp'.
[2022-11-14 15:53:09.453] [warning] Couldn't find file 'ulna_lv.vtp'.
[2022-11-14 15:53:09.453] [warning] Couldn't find file 'radius_lv.vtp'.
[2022-11-14 15:53:09.453] [warning] Couldn't find file 'pisiform_lvs.vtp'.
[2022-11-14 15:53:09.453] [warning] Couldn't find file 'lunate_lvs.vtp'.
[2022-11-14 15:53:09.453] [warning] Couldn't find file 'scaphoid_lvs.vtp'.
[2022-11-14 15:53:09.453] [warning] Couldn't find file 'triquetrum_lvs.vtp'.
[2022-11-14 15:53:09.453] [warning] Couldn't find file 'hamate_lvs.vtp'.
[2022-11-14 15:53:09.453] [warning] Couldn't find file 'capitate_lvs.vtp'.
[2022-11-14 15:53:09.453] [warning] Couldn't find file 'trapezoid_lvs.vtp'.
[2022-11-14 15:53:09.453] [warning] Couldn't find file 'trapezium_lvs.vtp'.
[2022-11-14 15:53:09.453] [warning] Couldn't find file 'metacarpal2_lvs.vtp'.
[2022-11-14 15:53:09.453] [warning] Couldn't find file 'index_proximal_lvs.vtp'.
[2022-11-14 15:53:09.453] [warning] Couldn't find file 'index_medial_lvs.vtp'.
[2022-11-14 15:53:09.453] [warning] Couldn't find file 'index_distal_lvs.vtp'.
[2022-11-14 15:53:09.453] [warning] Couldn't find file 'metacarpal3_lvs.vtp'.
[2022-11-14 15:53:09.453] [warning] Couldn't find file 'middle_proximal_lvs.vtp'.
[2022-11-14 15:53:09.454] [warning] Couldn't find file 'middle_medial_lvs.vtp'.
[2022-11-14 15:53:09.454] [warning] Couldn't find file 'middle_distal_lvs.vtp'.
[2022-11-14 15:53:09.454] [warning] Couldn't find file 'metacarpal4_lvs.vtp'.
[2022-11-14 15:53:09.454] [warning] Couldn't find file 'ring_proximal_lvs.vtp'.
[2022-11-14 15:53:09.454] [warning] Couldn't find file 'ring_medial_lvs.vtp'.
[2022-11-14 15:53:09.454] [warning] Couldn't find file 'ring_distal_lvs.vtp'.
[2022-11-14 15:53:09.454] [warning] Couldn't find file 'metacarpal5_lvs.vtp'.
[2022-11-14 15:53:09.454] [warning] Couldn't find file 'little_proximal_lvs.vtp'.
[2022-11-14 15:53:09.454] [warning] Couldn't find file 'little_medial_lvs.vtp'.
[2022-11-14 15:53:09.454] [warning] Couldn't find file 'little_distal_lvs.vtp'.
[2022-11-14 15:53:09.454] [warning] Couldn't find file 'metacarpal1_lvs.vtp'.
[2022-11-14 15:53:09.454] [warning] Couldn't find file 'thumb_proximal_lvs.vtp'.
[2022-11-14 15:53:09.454] [warning] Couldn't find file 'thumb_distal_lvs.vtp'.
[2022-11-14 15:53:11.039] [info] Loaded model subject1_withMTJ_locked_scaled_custom from file C:\Users\u0150099\Documents\master_thesis\3dpredictsim\OpenSimModel\subject1\Fal_s1_mtjc4_FK_sc_FDB2_MTc5_cg0.osim
[2022-11-14 15:53:11.040] [warning] Couldn't find file 'sacrum.vtp'.
[2022-11-14 15:53:11.040] [warning] Couldn't find file 'pelvis.vtp'.
[2022-11-14 15:53:11.040] [warning] Couldn't find file 'l_pelvis.vtp'.
[2022-11-14 15:53:11.040] [warning] Couldn't find file 'femur_r.vtp'.
[2022-11-14 15:53:11.040] [warning] Couldn't find file 'tibia_r.vtp'.
[2022-11-14 15:53:11.040] [warning] Couldn't find file 'fibula_r.vtp'.
[2022-11-14 15:53:11.041] [warning] Couldn't find file 'talus_rv.vtp'.
[2022-11-14 15:53:11.041] [warning] Couldn't find file 'calcaneous_rv.vtp'.
[2022-11-14 15:53:11.041] [warning] Couldn't find file 'model_r_midfoot.stl'.
[2022-11-14 15:53:11.041] [warning] Couldn't find file 'model_r_forefoot.stl'.
[2022-11-14 15:53:11.041] [warning] Couldn't find file 'model_r_toes.stl'.
[2022-11-14 15:53:11.041] [warning] Couldn't find file 'femur_l.vtp'.
[2022-11-14 15:53:11.041] [warning] Couldn't find file 'tibia_l.vtp'.
[2022-11-14 15:53:11.041] [warning] Couldn't find file 'fibula_l.vtp'.
[2022-11-14 15:53:11.041] [warning] Couldn't find file 'talus_lv.vtp'.
[2022-11-14 15:53:11.041] [warning] Couldn't find file 'calcaneous_lv.vtp'.
[2022-11-14 15:53:11.041] [warning] Couldn't find file 'model_l_midfoot.stl'.
[2022-11-14 15:53:11.041] [warning] Couldn't find file 'model_l_forefoot.stl'.
[2022-11-14 15:53:11.041] [warning] Couldn't find file 'model_l_toes.stl'.
[2022-11-14 15:53:11.041] [warning] Couldn't find file 'hat_spine.vtp'.
[2022-11-14 15:53:11.041] [warning] Couldn't find file 'hat_jaw.vtp'.
[2022-11-14 15:53:11.041] [warning] Couldn't find file 'hat_skull.vtp'.
[2022-11-14 15:53:11.042] [warning] Couldn't find file 'hat_ribs_scap.vtp'.
[2022-11-14 15:53:11.042] [warning] Couldn't find file 'humerus_rv.vtp'.
[2022-11-14 15:53:11.042] [warning] Couldn't find file 'ulna_rv.vtp'.
[2022-11-14 15:53:11.042] [warning] Couldn't find file 'radius_rv.vtp'.
[2022-11-14 15:53:11.042] [warning] Couldn't find file 'pisiform_rvs.vtp'.
[2022-11-14 15:53:11.042] [warning] Couldn't find file 'lunate_rvs.vtp'.
[2022-11-14 15:53:11.042] [warning] Couldn't find file 'scaphoid_rvs.vtp'.
[2022-11-14 15:53:11.042] [warning] Couldn't find file 'triquetrum_rvs.vtp'.
[2022-11-14 15:53:11.042] [warning] Couldn't find file 'hamate_rvs.vtp'.
[2022-11-14 15:53:11.042] [warning] Couldn't find file 'capitate_rvs.vtp'.
[2022-11-14 15:53:11.042] [warning] Couldn't find file 'trapezoid_rvs.vtp'.
[2022-11-14 15:53:11.042] [warning] Couldn't find file 'trapezium_rvs.vtp'.
[2022-11-14 15:53:11.042] [warning] Couldn't find file 'metacarpal2_rvs.vtp'.
[2022-11-14 15:53:11.042] [warning] Couldn't find file 'index_proximal_rvs.vtp'.
[2022-11-14 15:53:11.042] [warning] Couldn't find file 'index_medial_rvs.vtp'.
[2022-11-14 15:53:11.042] [warning] Couldn't find file 'index_distal_rvs.vtp'.
[2022-11-14 15:53:11.042] [warning] Couldn't find file 'metacarpal3_rvs.vtp'.
[2022-11-14 15:53:11.043] [warning] Couldn't find file 'middle_proximal_rvs.vtp'.
[2022-11-14 15:53:11.043] [warning] Couldn't find file 'middle_medial_rvs.vtp'.
[2022-11-14 15:53:11.043] [warning] Couldn't find file 'middle_distal_rvs.vtp'.
[2022-11-14 15:53:11.043] [warning] Couldn't find file 'metacarpal4_rvs.vtp'.
[2022-11-14 15:53:11.043] [warning] Couldn't find file 'ring_proximal_rvs.vtp'.
[2022-11-14 15:53:11.043] [warning] Couldn't find file 'ring_medial_rvs.vtp'.
[2022-11-14 15:53:11.043] [warning] Couldn't find file 'ring_distal_rvs.vtp'.
[2022-11-14 15:53:11.043] [warning] Couldn't find file 'metacarpal5_rvs.vtp'.
[2022-11-14 15:53:11.043] [warning] Couldn't find file 'little_proximal_rvs.vtp'.
[2022-11-14 15:53:11.043] [warning] Couldn't find file 'little_medial_rvs.vtp'.
[2022-11-14 15:53:11.043] [warning] Couldn't find file 'little_distal_rvs.vtp'.
[2022-11-14 15:53:11.043] [warning] Couldn't find file 'metacarpal1_rvs.vtp'.
[2022-11-14 15:53:11.043] [warning] Couldn't find file 'thumb_proximal_rvs.vtp'.
[2022-11-14 15:53:11.043] [warning] Couldn't find file 'thumb_distal_rvs.vtp'.
[2022-11-14 15:53:11.043] [warning] Couldn't find file 'humerus_lv.vtp'.
[2022-11-14 15:53:11.043] [warning] Couldn't find file 'ulna_lv.vtp'.
[2022-11-14 15:53:11.043] [warning] Couldn't find file 'radius_lv.vtp'.
[2022-11-14 15:53:11.043] [warning] Couldn't find file 'pisiform_lvs.vtp'.
[2022-11-14 15:53:11.044] [warning] Couldn't find file 'lunate_lvs.vtp'.
[2022-11-14 15:53:11.044] [warning] Couldn't find file 'scaphoid_lvs.vtp'.
[2022-11-14 15:53:11.044] [warning] Couldn't find file 'triquetrum_lvs.vtp'.
[2022-11-14 15:53:11.044] [warning] Couldn't find file 'hamate_lvs.vtp'.
[2022-11-14 15:53:11.044] [warning] Couldn't find file 'capitate_lvs.vtp'.
[2022-11-14 15:53:11.044] [warning] Couldn't find file 'trapezoid_lvs.vtp'.
[2022-11-14 15:53:11.044] [warning] Couldn't find file 'trapezium_lvs.vtp'.
[2022-11-14 15:53:11.044] [warning] Couldn't find file 'metacarpal2_lvs.vtp'.
[2022-11-14 15:53:11.044] [warning] Couldn't find file 'index_proximal_lvs.vtp'.
[2022-11-14 15:53:11.044] [warning] Couldn't find file 'index_medial_lvs.vtp'.
[2022-11-14 15:53:11.044] [warning] Couldn't find file 'index_distal_lvs.vtp'.
[2022-11-14 15:53:11.044] [warning] Couldn't find file 'metacarpal3_lvs.vtp'.
[2022-11-14 15:53:11.044] [warning] Couldn't find file 'middle_proximal_lvs.vtp'.
[2022-11-14 15:53:11.044] [warning] Couldn't find file 'middle_medial_lvs.vtp'.
[2022-11-14 15:53:11.044] [warning] Couldn't find file 'middle_distal_lvs.vtp'.
[2022-11-14 15:53:11.044] [warning] Couldn't find file 'metacarpal4_lvs.vtp'.
[2022-11-14 15:53:11.044] [warning] Couldn't find file 'ring_proximal_lvs.vtp'.
[2022-11-14 15:53:11.044] [warning] Couldn't find file 'ring_medial_lvs.vtp'.
[2022-11-14 15:53:11.045] [warning] Couldn't find file 'ring_distal_lvs.vtp'.
[2022-11-14 15:53:11.045] [warning] Couldn't find file 'metacarpal5_lvs.vtp'.
[2022-11-14 15:53:11.045] [warning] Couldn't find file 'little_proximal_lvs.vtp'.
[2022-11-14 15:53:11.045] [warning] Couldn't find file 'little_medial_lvs.vtp'.
[2022-11-14 15:53:11.045] [warning] Couldn't find file 'little_distal_lvs.vtp'.
[2022-11-14 15:53:11.045] [warning] Couldn't find file 'metacarpal1_lvs.vtp'.
[2022-11-14 15:53:11.045] [warning] Couldn't find file 'thumb_proximal_lvs.vtp'.
[2022-11-14 15:53:11.045] [warning] Couldn't find file 'thumb_distal_lvs.vtp'.
[2022-11-14 15:53:31.445] [info] Loaded model subject1_withMTJ_locked_scaled_custom from file C:\Users\u0150099\Documents\master_thesis\3dpredictsim\OpenSimModel\subject1\Fal_s1_mtjc4_FK_sc_FDB2_MTc5_cspx10_oy3.osim
[2022-11-14 15:53:31.445] [warning] Couldn't find file 'sacrum.vtp'.
[2022-11-14 15:53:31.445] [warning] Couldn't find file 'pelvis.vtp'.
[2022-11-14 15:53:31.446] [warning] Couldn't find file 'l_pelvis.vtp'.
[2022-11-14 15:53:31.446] [warning] Couldn't find file 'femur_r.vtp'.
[2022-11-14 15:53:31.446] [warning] Couldn't find file 'tibia_r.vtp'.
[2022-11-14 15:53:31.446] [warning] Couldn't find file 'fibula_r.vtp'.
[2022-11-14 15:53:31.446] [warning] Couldn't find file 'talus_rv.vtp'.
[2022-11-14 15:53:31.446] [warning] Couldn't find file 'calcaneous_rv.vtp'.
[2022-11-14 15:53:31.446] [warning] Couldn't find file 'model_r_midfoot.stl'.
[2022-11-14 15:53:31.446] [warning] Couldn't find file 'model_r_forefoot.stl'.
[2022-11-14 15:53:31.446] [warning] Couldn't find file 'model_r_toes.stl'.
[2022-11-14 15:53:31.446] [warning] Couldn't find file 'femur_l.vtp'.
[2022-11-14 15:53:31.446] [warning] Couldn't find file 'tibia_l.vtp'.
[2022-11-14 15:53:31.446] [warning] Couldn't find file 'fibula_l.vtp'.
[2022-11-14 15:53:31.446] [warning] Couldn't find file 'talus_lv.vtp'.
[2022-11-14 15:53:31.447] [warning] Couldn't find file 'calcaneous_lv.vtp'.
[2022-11-14 15:53:31.447] [warning] Couldn't find file 'model_l_midfoot.stl'.
[2022-11-14 15:53:31.447] [warning] Couldn't find file 'model_l_forefoot.stl'.
[2022-11-14 15:53:31.447] [warning] Couldn't find file 'model_l_toes.stl'.
[2022-11-14 15:53:31.447] [warning] Couldn't find file 'hat_spine.vtp'.
[2022-11-14 15:53:31.447] [warning] Couldn't find file 'hat_jaw.vtp'.
[2022-11-14 15:53:31.447] [warning] Couldn't find file 'hat_skull.vtp'.
[2022-11-14 15:53:31.447] [warning] Couldn't find file 'hat_ribs_scap.vtp'.
[2022-11-14 15:53:31.447] [warning] Couldn't find file 'humerus_rv.vtp'.
[2022-11-14 15:53:31.447] [warning] Couldn't find file 'ulna_rv.vtp'.
[2022-11-14 15:53:31.447] [warning] Couldn't find file 'radius_rv.vtp'.
[2022-11-14 15:53:31.447] [warning] Couldn't find file 'pisiform_rvs.vtp'.
[2022-11-14 15:53:31.447] [warning] Couldn't find file 'lunate_rvs.vtp'.
[2022-11-14 15:53:31.447] [warning] Couldn't find file 'scaphoid_rvs.vtp'.
[2022-11-14 15:53:31.447] [warning] Couldn't find file 'triquetrum_rvs.vtp'.
[2022-11-14 15:53:31.448] [warning] Couldn't find file 'hamate_rvs.vtp'.
[2022-11-14 15:53:31.448] [warning] Couldn't find file 'capitate_rvs.vtp'.
[2022-11-14 15:53:31.448] [warning] Couldn't find file 'trapezoid_rvs.vtp'.
[2022-11-14 15:53:31.448] [warning] Couldn't find file 'trapezium_rvs.vtp'.
[2022-11-14 15:53:31.448] [warning] Couldn't find file 'metacarpal2_rvs.vtp'.
[2022-11-14 15:53:31.448] [warning] Couldn't find file 'index_proximal_rvs.vtp'.
[2022-11-14 15:53:31.448] [warning] Couldn't find file 'index_medial_rvs.vtp'.
[2022-11-14 15:53:31.448] [warning] Couldn't find file 'index_distal_rvs.vtp'.
[2022-11-14 15:53:31.448] [warning] Couldn't find file 'metacarpal3_rvs.vtp'.
[2022-11-14 15:53:31.448] [warning] Couldn't find file 'middle_proximal_rvs.vtp'.
[2022-11-14 15:53:31.448] [warning] Couldn't find file 'middle_medial_rvs.vtp'.
[2022-11-14 15:53:31.448] [warning] Couldn't find file 'middle_distal_rvs.vtp'.
[2022-11-14 15:53:31.448] [warning] Couldn't find file 'metacarpal4_rvs.vtp'.
[2022-11-14 15:53:31.448] [warning] Couldn't find file 'ring_proximal_rvs.vtp'.
[2022-11-14 15:53:31.448] [warning] Couldn't find file 'ring_medial_rvs.vtp'.
[2022-11-14 15:53:31.448] [warning] Couldn't find file 'ring_distal_rvs.vtp'.
[2022-11-14 15:53:31.448] [warning] Couldn't find file 'metacarpal5_rvs.vtp'.
[2022-11-14 15:53:31.449] [warning] Couldn't find file 'little_proximal_rvs.vtp'.
[2022-11-14 15:53:31.449] [warning] Couldn't find file 'little_medial_rvs.vtp'.
[2022-11-14 15:53:31.449] [warning] Couldn't find file 'little_distal_rvs.vtp'.
[2022-11-14 15:53:31.449] [warning] Couldn't find file 'metacarpal1_rvs.vtp'.
[2022-11-14 15:53:31.449] [warning] Couldn't find file 'thumb_proximal_rvs.vtp'.
[2022-11-14 15:53:31.449] [warning] Couldn't find file 'thumb_distal_rvs.vtp'.
[2022-11-14 15:53:31.449] [warning] Couldn't find file 'humerus_lv.vtp'.
[2022-11-14 15:53:31.449] [warning] Couldn't find file 'ulna_lv.vtp'.
[2022-11-14 15:53:31.449] [warning] Couldn't find file 'radius_lv.vtp'.
[2022-11-14 15:53:31.449] [warning] Couldn't find file 'pisiform_lvs.vtp'.
[2022-11-14 15:53:31.449] [warning] Couldn't find file 'lunate_lvs.vtp'.
[2022-11-14 15:53:31.449] [warning] Couldn't find file 'scaphoid_lvs.vtp'.
[2022-11-14 15:53:31.449] [warning] Couldn't find file 'triquetrum_lvs.vtp'.
[2022-11-14 15:53:31.449] [warning] Couldn't find file 'hamate_lvs.vtp'.
[2022-11-14 15:53:31.449] [warning] Couldn't find file 'capitate_lvs.vtp'.
[2022-11-14 15:53:31.450] [warning] Couldn't find file 'trapezoid_lvs.vtp'.
[2022-11-14 15:53:31.450] [warning] Couldn't find file 'trapezium_lvs.vtp'.
[2022-11-14 15:53:31.450] [warning] Couldn't find file 'metacarpal2_lvs.vtp'.
[2022-11-14 15:53:31.450] [warning] Couldn't find file 'index_proximal_lvs.vtp'.
[2022-11-14 15:53:31.450] [warning] Couldn't find file 'index_medial_lvs.vtp'.
[2022-11-14 15:53:31.450] [warning] Couldn't find file 'index_distal_lvs.vtp'.
[2022-11-14 15:53:31.450] [warning] Couldn't find file 'metacarpal3_lvs.vtp'.
[2022-11-14 15:53:31.450] [warning] Couldn't find file 'middle_proximal_lvs.vtp'.
[2022-11-14 15:53:31.450] [warning] Couldn't find file 'middle_medial_lvs.vtp'.
[2022-11-14 15:53:31.450] [warning] Couldn't find file 'middle_distal_lvs.vtp'.
[2022-11-14 15:53:31.450] [warning] Couldn't find file 'metacarpal4_lvs.vtp'.
[2022-11-14 15:53:31.450] [warning] Couldn't find file 'ring_proximal_lvs.vtp'.
[2022-11-14 15:53:31.450] [warning] Couldn't find file 'ring_medial_lvs.vtp'.
[2022-11-14 15:53:31.450] [warning] Couldn't find file 'ring_distal_lvs.vtp'.
[2022-11-14 15:53:31.450] [warning] Couldn't find file 'metacarpal5_lvs.vtp'.
[2022-11-14 15:53:31.450] [warning] Couldn't find file 'little_proximal_lvs.vtp'.
[2022-11-14 15:53:31.450] [warning] Couldn't find file 'little_medial_lvs.vtp'.
[2022-11-14 15:53:31.451] [warning] Couldn't find file 'little_distal_lvs.vtp'.
[2022-11-14 15:53:31.451] [warning] Couldn't find file 'metacarpal1_lvs.vtp'.
[2022-11-14 15:53:31.451] [warning] Couldn't find file 'thumb_proximal_lvs.vtp'.
[2022-11-14 15:53:31.451] [warning] Couldn't find file 'thumb_distal_lvs.vtp'.
[2022-11-14 15:53:32.991] [info] Loaded model subject1_withMTJ_locked_scaled_custom from file C:\Users\u0150099\Documents\master_thesis\3dpredictsim\OpenSimModel\subject1\Fal_s1_mtjc4_FK_sc_FDB2_MTc5_cg0.osim
[2022-11-14 15:53:32.992] [warning] Couldn't find file 'sacrum.vtp'.
[2022-11-14 15:53:32.992] [warning] Couldn't find file 'pelvis.vtp'.
[2022-11-14 15:53:32.992] [warning] Couldn't find file 'l_pelvis.vtp'.
[2022-11-14 15:53:32.992] [warning] Couldn't find file 'femur_r.vtp'.
[2022-11-14 15:53:32.992] [warning] Couldn't find file 'tibia_r.vtp'.
[2022-11-14 15:53:32.992] [warning] Couldn't find file 'fibula_r.vtp'.
[2022-11-14 15:53:32.992] [warning] Couldn't find file 'talus_rv.vtp'.
[2022-11-14 15:53:32.993] [warning] Couldn't find file 'calcaneous_rv.vtp'.
[2022-11-14 15:53:32.993] [warning] Couldn't find file 'model_r_midfoot.stl'.
[2022-11-14 15:53:32.993] [warning] Couldn't find file 'model_r_forefoot.stl'.
[2022-11-14 15:53:32.993] [warning] Couldn't find file 'model_r_toes.stl'.
[2022-11-14 15:53:32.993] [warning] Couldn't find file 'femur_l.vtp'.
[2022-11-14 15:53:32.993] [warning] Couldn't find file 'tibia_l.vtp'.
[2022-11-14 15:53:32.993] [warning] Couldn't find file 'fibula_l.vtp'.
[2022-11-14 15:53:32.993] [warning] Couldn't find file 'talus_lv.vtp'.
[2022-11-14 15:53:32.993] [warning] Couldn't find file 'calcaneous_lv.vtp'.
[2022-11-14 15:53:32.993] [warning] Couldn't find file 'model_l_midfoot.stl'.
[2022-11-14 15:53:32.993] [warning] Couldn't find file 'model_l_forefoot.stl'.
[2022-11-14 15:53:32.993] [warning] Couldn't find file 'model_l_toes.stl'.
[2022-11-14 15:53:32.993] [warning] Couldn't find file 'hat_spine.vtp'.
[2022-11-14 15:53:32.993] [warning] Couldn't find file 'hat_jaw.vtp'.
[2022-11-14 15:53:32.993] [warning] Couldn't find file 'hat_skull.vtp'.
[2022-11-14 15:53:32.993] [warning] Couldn't find file 'hat_ribs_scap.vtp'.
[2022-11-14 15:53:32.994] [warning] Couldn't find file 'humerus_rv.vtp'.
[2022-11-14 15:53:32.994] [warning] Couldn't find file 'ulna_rv.vtp'.
[2022-11-14 15:53:32.994] [warning] Couldn't find file 'radius_rv.vtp'.
[2022-11-14 15:53:32.994] [warning] Couldn't find file 'pisiform_rvs.vtp'.
[2022-11-14 15:53:32.994] [warning] Couldn't find file 'lunate_rvs.vtp'.
[2022-11-14 15:53:32.994] [warning] Couldn't find file 'scaphoid_rvs.vtp'.
[2022-11-14 15:53:32.994] [warning] Couldn't find file 'triquetrum_rvs.vtp'.
[2022-11-14 15:53:32.994] [warning] Couldn't find file 'hamate_rvs.vtp'.
[2022-11-14 15:53:32.994] [warning] Couldn't find file 'capitate_rvs.vtp'.
[2022-11-14 15:53:32.994] [warning] Couldn't find file 'trapezoid_rvs.vtp'.
[2022-11-14 15:53:32.994] [warning] Couldn't find file 'trapezium_rvs.vtp'.
[2022-11-14 15:53:32.994] [warning] Couldn't find file 'metacarpal2_rvs.vtp'.
[2022-11-14 15:53:32.994] [warning] Couldn't find file 'index_proximal_rvs.vtp'.
[2022-11-14 15:53:32.994] [warning] Couldn't find file 'index_medial_rvs.vtp'.
[2022-11-14 15:53:32.994] [warning] Couldn't find file 'index_distal_rvs.vtp'.
[2022-11-14 15:53:32.994] [warning] Couldn't find file 'metacarpal3_rvs.vtp'.
[2022-11-14 15:53:32.994] [warning] Couldn't find file 'middle_proximal_rvs.vtp'.
[2022-11-14 15:53:32.994] [warning] Couldn't find file 'middle_medial_rvs.vtp'.
[2022-11-14 15:53:32.995] [warning] Couldn't find file 'middle_distal_rvs.vtp'.
[2022-11-14 15:53:32.995] [warning] Couldn't find file 'metacarpal4_rvs.vtp'.
[2022-11-14 15:53:32.995] [warning] Couldn't find file 'ring_proximal_rvs.vtp'.
[2022-11-14 15:53:32.995] [warning] Couldn't find file 'ring_medial_rvs.vtp'.
[2022-11-14 15:53:32.995] [warning] Couldn't find file 'ring_distal_rvs.vtp'.
[2022-11-14 15:53:32.995] [warning] Couldn't find file 'metacarpal5_rvs.vtp'.
[2022-11-14 15:53:32.995] [warning] Couldn't find file 'little_proximal_rvs.vtp'.
[2022-11-14 15:53:32.995] [warning] Couldn't find file 'little_medial_rvs.vtp'.
[2022-11-14 15:53:32.995] [warning] Couldn't find file 'little_distal_rvs.vtp'.
[2022-11-14 15:53:32.995] [warning] Couldn't find file 'metacarpal1_rvs.vtp'.
[2022-11-14 15:53:32.995] [warning] Couldn't find file 'thumb_proximal_rvs.vtp'.
[2022-11-14 15:53:32.995] [warning] Couldn't find file 'thumb_distal_rvs.vtp'.
[2022-11-14 15:53:32.995] [warning] Couldn't find file 'humerus_lv.vtp'.
[2022-11-14 15:53:32.995] [warning] Couldn't find file 'ulna_lv.vtp'.
[2022-11-14 15:53:32.995] [warning] Couldn't find file 'radius_lv.vtp'.
[2022-11-14 15:53:32.995] [warning] Couldn't find file 'pisiform_lvs.vtp'.
[2022-11-14 15:53:32.995] [warning] Couldn't find file 'lunate_lvs.vtp'.
[2022-11-14 15:53:32.996] [warning] Couldn't find file 'scaphoid_lvs.vtp'.
[2022-11-14 15:53:32.996] [warning] Couldn't find file 'triquetrum_lvs.vtp'.
[2022-11-14 15:53:32.996] [warning] Couldn't find file 'hamate_lvs.vtp'.
[2022-11-14 15:53:32.996] [warning] Couldn't find file 'capitate_lvs.vtp'.
[2022-11-14 15:53:32.996] [warning] Couldn't find file 'trapezoid_lvs.vtp'.
[2022-11-14 15:53:32.996] [warning] Couldn't find file 'trapezium_lvs.vtp'.
[2022-11-14 15:53:32.996] [warning] Couldn't find file 'metacarpal2_lvs.vtp'.
[2022-11-14 15:53:32.996] [warning] Couldn't find file 'index_proximal_lvs.vtp'.
[2022-11-14 15:53:32.996] [warning] Couldn't find file 'index_medial_lvs.vtp'.
[2022-11-14 15:53:32.996] [warning] Couldn't find file 'index_distal_lvs.vtp'.
[2022-11-14 15:53:32.996] [warning] Couldn't find file 'metacarpal3_lvs.vtp'.
[2022-11-14 15:53:32.996] [warning] Couldn't find file 'middle_proximal_lvs.vtp'.
[2022-11-14 15:53:32.996] [warning] Couldn't find file 'middle_medial_lvs.vtp'.
[2022-11-14 15:53:32.996] [warning] Couldn't find file 'middle_distal_lvs.vtp'.
[2022-11-14 15:53:32.996] [warning] Couldn't find file 'metacarpal4_lvs.vtp'.
[2022-11-14 15:53:32.996] [warning] Couldn't find file 'ring_proximal_lvs.vtp'.
[2022-11-14 15:53:32.996] [warning] Couldn't find file 'ring_medial_lvs.vtp'.
[2022-11-14 15:53:32.996] [warning] Couldn't find file 'ring_distal_lvs.vtp'.
[2022-11-14 15:53:32.997] [warning] Couldn't find file 'metacarpal5_lvs.vtp'.
[2022-11-14 15:53:32.997] [warning] Couldn't find file 'little_proximal_lvs.vtp'.
[2022-11-14 15:53:32.997] [warning] Couldn't find file 'little_medial_lvs.vtp'.
[2022-11-14 15:53:32.997] [warning] Couldn't find file 'little_distal_lvs.vtp'.
[2022-11-14 15:53:32.997] [warning] Couldn't find file 'metacarpal1_lvs.vtp'.
[2022-11-14 15:53:32.997] [warning] Couldn't find file 'thumb_proximal_lvs.vtp'.
[2022-11-14 15:53:32.997] [warning] Couldn't find file 'thumb_distal_lvs.vtp'.
[2022-11-14 15:55:27.028] [info] Loaded model subject1_withMTJ_locked_scaled_custom from file C:\Users\u0150099\Documents\master_thesis\3dpredictsim\OpenSimModel\subject1\Fal_s1_mtjc4_FK_sc_FDB2_MTc5_cspx10_oy3.osim
[2022-11-14 15:55:27.029] [warning] Couldn't find file 'sacrum.vtp'.
[2022-11-14 15:55:27.029] [warning] Couldn't find file 'pelvis.vtp'.
[2022-11-14 15:55:27.029] [warning] Couldn't find file 'l_pelvis.vtp'.
[2022-11-14 15:55:27.029] [warning] Couldn't find file 'femur_r.vtp'.
[2022-11-14 15:55:27.029] [warning] Couldn't find file 'tibia_r.vtp'.
[2022-11-14 15:55:27.029] [warning] Couldn't find file 'fibula_r.vtp'.
[2022-11-14 15:55:27.029] [warning] Couldn't find file 'talus_rv.vtp'.
[2022-11-14 15:55:27.030] [warning] Couldn't find file 'calcaneous_rv.vtp'.
[2022-11-14 15:55:27.030] [warning] Couldn't find file 'model_r_midfoot.stl'.
[2022-11-14 15:55:27.030] [warning] Couldn't find file 'model_r_forefoot.stl'.
[2022-11-14 15:55:27.030] [warning] Couldn't find file 'model_r_toes.stl'.
[2022-11-14 15:55:27.030] [warning] Couldn't find file 'femur_l.vtp'.
[2022-11-14 15:55:27.030] [warning] Couldn't find file 'tibia_l.vtp'.
[2022-11-14 15:55:27.030] [warning] Couldn't find file 'fibula_l.vtp'.
[2022-11-14 15:55:27.030] [warning] Couldn't find file 'talus_lv.vtp'.
[2022-11-14 15:55:27.030] [warning] Couldn't find file 'calcaneous_lv.vtp'.
[2022-11-14 15:55:27.030] [warning] Couldn't find file 'model_l_midfoot.stl'.
[2022-11-14 15:55:27.030] [warning] Couldn't find file 'model_l_forefoot.stl'.
[2022-11-14 15:55:27.030] [warning] Couldn't find file 'model_l_toes.stl'.
[2022-11-14 15:55:27.030] [warning] Couldn't find file 'hat_spine.vtp'.
[2022-11-14 15:55:27.030] [warning] Couldn't find file 'hat_jaw.vtp'.
[2022-11-14 15:55:27.030] [warning] Couldn't find file 'hat_skull.vtp'.
[2022-11-14 15:55:27.031] [warning] Couldn't find file 'hat_ribs_scap.vtp'.
[2022-11-14 15:55:27.031] [warning] Couldn't find file 'humerus_rv.vtp'.
[2022-11-14 15:55:27.031] [warning] Couldn't find file 'ulna_rv.vtp'.
[2022-11-14 15:55:27.031] [warning] Couldn't find file 'radius_rv.vtp'.
[2022-11-14 15:55:27.031] [warning] Couldn't find file 'pisiform_rvs.vtp'.
[2022-11-14 15:55:27.031] [warning] Couldn't find file 'lunate_rvs.vtp'.
[2022-11-14 15:55:27.031] [warning] Couldn't find file 'scaphoid_rvs.vtp'.
[2022-11-14 15:55:27.031] [warning] Couldn't find file 'triquetrum_rvs.vtp'.
[2022-11-14 15:55:27.031] [warning] Couldn't find file 'hamate_rvs.vtp'.
[2022-11-14 15:55:27.031] [warning] Couldn't find file 'capitate_rvs.vtp'.
[2022-11-14 15:55:27.031] [warning] Couldn't find file 'trapezoid_rvs.vtp'.
[2022-11-14 15:55:27.031] [warning] Couldn't find file 'trapezium_rvs.vtp'.
[2022-11-14 15:55:27.031] [warning] Couldn't find file 'metacarpal2_rvs.vtp'.
[2022-11-14 15:55:27.031] [warning] Couldn't find file 'index_proximal_rvs.vtp'.
[2022-11-14 15:55:27.031] [warning] Couldn't find file 'index_medial_rvs.vtp'.
[2022-11-14 15:55:27.031] [warning] Couldn't find file 'index_distal_rvs.vtp'.
[2022-11-14 15:55:27.032] [warning] Couldn't find file 'metacarpal3_rvs.vtp'.
[2022-11-14 15:55:27.032] [warning] Couldn't find file 'middle_proximal_rvs.vtp'.
[2022-11-14 15:55:27.032] [warning] Couldn't find file 'middle_medial_rvs.vtp'.
[2022-11-14 15:55:27.032] [warning] Couldn't find file 'middle_distal_rvs.vtp'.
[2022-11-14 15:55:27.032] [warning] Couldn't find file 'metacarpal4_rvs.vtp'.
[2022-11-14 15:55:27.032] [warning] Couldn't find file 'ring_proximal_rvs.vtp'.
[2022-11-14 15:55:27.032] [warning] Couldn't find file 'ring_medial_rvs.vtp'.
[2022-11-14 15:55:27.032] [warning] Couldn't find file 'ring_distal_rvs.vtp'.
[2022-11-14 15:55:27.032] [warning] Couldn't find file 'metacarpal5_rvs.vtp'.
[2022-11-14 15:55:27.032] [warning] Couldn't find file 'little_proximal_rvs.vtp'.
[2022-11-14 15:55:27.032] [warning] Couldn't find file 'little_medial_rvs.vtp'.
[2022-11-14 15:55:27.032] [warning] Couldn't find file 'little_distal_rvs.vtp'.
[2022-11-14 15:55:27.032] [warning] Couldn't find file 'metacarpal1_rvs.vtp'.
[2022-11-14 15:55:27.032] [warning] Couldn't find file 'thumb_proximal_rvs.vtp'.
[2022-11-14 15:55:27.032] [warning] Couldn't find file 'thumb_distal_rvs.vtp'.
[2022-11-14 15:55:27.033] [warning] Couldn't find file 'humerus_lv.vtp'.
[2022-11-14 15:55:27.033] [warning] Couldn't find file 'ulna_lv.vtp'.
[2022-11-14 15:55:27.033] [warning] Couldn't find file 'radius_lv.vtp'.
[2022-11-14 15:55:27.033] [warning] Couldn't find file 'pisiform_lvs.vtp'.
[2022-11-14 15:55:27.033] [warning] Couldn't find file 'lunate_lvs.vtp'.
[2022-11-14 15:55:27.033] [warning] Couldn't find file 'scaphoid_lvs.vtp'.
[2022-11-14 15:55:27.033] [warning] Couldn't find file 'triquetrum_lvs.vtp'.
[2022-11-14 15:55:27.033] [warning] Couldn't find file 'hamate_lvs.vtp'.
[2022-11-14 15:55:27.033] [warning] Couldn't find file 'capitate_lvs.vtp'.
[2022-11-14 15:55:27.033] [warning] Couldn't find file 'trapezoid_lvs.vtp'.
[2022-11-14 15:55:27.033] [warning] Couldn't find file 'trapezium_lvs.vtp'.
[2022-11-14 15:55:27.033] [warning] Couldn't find file 'metacarpal2_lvs.vtp'.
[2022-11-14 15:55:27.033] [warning] Couldn't find file 'index_proximal_lvs.vtp'.
[2022-11-14 15:55:27.033] [warning] Couldn't find file 'index_medial_lvs.vtp'.
[2022-11-14 15:55:27.033] [warning] Couldn't find file 'index_distal_lvs.vtp'.
[2022-11-14 15:55:27.034] [warning] Couldn't find file 'metacarpal3_lvs.vtp'.
[2022-11-14 15:55:27.034] [warning] Couldn't find file 'middle_proximal_lvs.vtp'.
[2022-11-14 15:55:27.034] [warning] Couldn't find file 'middle_medial_lvs.vtp'.
[2022-11-14 15:55:27.034] [warning] Couldn't find file 'middle_distal_lvs.vtp'.
[2022-11-14 15:55:27.034] [warning] Couldn't find file 'metacarpal4_lvs.vtp'.
[2022-11-14 15:55:27.034] [warning] Couldn't find file 'ring_proximal_lvs.vtp'.
[2022-11-14 15:55:27.034] [warning] Couldn't find file 'ring_medial_lvs.vtp'.
[2022-11-14 15:55:27.034] [warning] Couldn't find file 'ring_distal_lvs.vtp'.
[2022-11-14 15:55:27.034] [warning] Couldn't find file 'metacarpal5_lvs.vtp'.
[2022-11-14 15:55:27.034] [warning] Couldn't find file 'little_proximal_lvs.vtp'.
[2022-11-14 15:55:27.034] [warning] Couldn't find file 'little_medial_lvs.vtp'.
[2022-11-14 15:55:27.034] [warning] Couldn't find file 'little_distal_lvs.vtp'.
[2022-11-14 15:55:27.034] [warning] Couldn't find file 'metacarpal1_lvs.vtp'.
[2022-11-14 15:55:27.034] [warning] Couldn't find file 'thumb_proximal_lvs.vtp'.
[2022-11-14 15:55:27.034] [warning] Couldn't find file 'thumb_distal_lvs.vtp'.
[2022-11-14 15:55:28.573] [info] Loaded model subject1_withMTJ_locked_scaled_custom from file C:\Users\u0150099\Documents\master_thesis\3dpredictsim\OpenSimModel\subject1\Fal_s1_mtjc4_FK_sc_FDB2_MTc5_cg0.osim
[2022-11-14 15:55:28.574] [warning] Couldn't find file 'sacrum.vtp'.
[2022-11-14 15:55:28.574] [warning] Couldn't find file 'pelvis.vtp'.
[2022-11-14 15:55:28.574] [warning] Couldn't find file 'l_pelvis.vtp'.
[2022-11-14 15:55:28.574] [warning] Couldn't find file 'femur_r.vtp'.
[2022-11-14 15:55:28.574] [warning] Couldn't find file 'tibia_r.vtp'.
[2022-11-14 15:55:28.575] [warning] Couldn't find file 'fibula_r.vtp'.
[2022-11-14 15:55:28.575] [warning] Couldn't find file 'talus_rv.vtp'.
[2022-11-14 15:55:28.575] [warning] Couldn't find file 'calcaneous_rv.vtp'.
[2022-11-14 15:55:28.575] [warning] Couldn't find file 'model_r_midfoot.stl'.
[2022-11-14 15:55:28.575] [warning] Couldn't find file 'model_r_forefoot.stl'.
[2022-11-14 15:55:28.575] [warning] Couldn't find file 'model_r_toes.stl'.
[2022-11-14 15:55:28.575] [warning] Couldn't find file 'femur_l.vtp'.
[2022-11-14 15:55:28.575] [warning] Couldn't find file 'tibia_l.vtp'.
[2022-11-14 15:55:28.575] [warning] Couldn't find file 'fibula_l.vtp'.
[2022-11-14 15:55:28.575] [warning] Couldn't find file 'talus_lv.vtp'.
[2022-11-14 15:55:28.575] [warning] Couldn't find file 'calcaneous_lv.vtp'.
[2022-11-14 15:55:28.575] [warning] Couldn't find file 'model_l_midfoot.stl'.
[2022-11-14 15:55:28.575] [warning] Couldn't find file 'model_l_forefoot.stl'.
[2022-11-14 15:55:28.575] [warning] Couldn't find file 'model_l_toes.stl'.
[2022-11-14 15:55:28.575] [warning] Couldn't find file 'hat_spine.vtp'.
[2022-11-14 15:55:28.575] [warning] Couldn't find file 'hat_jaw.vtp'.
[2022-11-14 15:55:28.576] [warning] Couldn't find file 'hat_skull.vtp'.
[2022-11-14 15:55:28.576] [warning] Couldn't find file 'hat_ribs_scap.vtp'.
[2022-11-14 15:55:28.576] [warning] Couldn't find file 'humerus_rv.vtp'.
[2022-11-14 15:55:28.576] [warning] Couldn't find file 'ulna_rv.vtp'.
[2022-11-14 15:55:28.576] [warning] Couldn't find file 'radius_rv.vtp'.
[2022-11-14 15:55:28.576] [warning] Couldn't find file 'pisiform_rvs.vtp'.
[2022-11-14 15:55:28.576] [warning] Couldn't find file 'lunate_rvs.vtp'.
[2022-11-14 15:55:28.576] [warning] Couldn't find file 'scaphoid_rvs.vtp'.
[2022-11-14 15:55:28.576] [warning] Couldn't find file 'triquetrum_rvs.vtp'.
[2022-11-14 15:55:28.576] [warning] Couldn't find file 'hamate_rvs.vtp'.
[2022-11-14 15:55:28.576] [warning] Couldn't find file 'capitate_rvs.vtp'.
[2022-11-14 15:55:28.576] [warning] Couldn't find file 'trapezoid_rvs.vtp'.
[2022-11-14 15:55:28.576] [warning] Couldn't find file 'trapezium_rvs.vtp'.
[2022-11-14 15:55:28.576] [warning] Couldn't find file 'metacarpal2_rvs.vtp'.
[2022-11-14 15:55:28.576] [warning] Couldn't find file 'index_proximal_rvs.vtp'.
[2022-11-14 15:55:28.576] [warning] Couldn't find file 'index_medial_rvs.vtp'.
[2022-11-14 15:55:28.576] [warning] Couldn't find file 'index_distal_rvs.vtp'.
[2022-11-14 15:55:28.577] [warning] Couldn't find file 'metacarpal3_rvs.vtp'.
[2022-11-14 15:55:28.577] [warning] Couldn't find file 'middle_proximal_rvs.vtp'.
[2022-11-14 15:55:28.577] [warning] Couldn't find file 'middle_medial_rvs.vtp'.
[2022-11-14 15:55:28.577] [warning] Couldn't find file 'middle_distal_rvs.vtp'.
[2022-11-14 15:55:28.577] [warning] Couldn't find file 'metacarpal4_rvs.vtp'.
[2022-11-14 15:55:28.577] [warning] Couldn't find file 'ring_proximal_rvs.vtp'.
[2022-11-14 15:55:28.577] [warning] Couldn't find file 'ring_medial_rvs.vtp'.
[2022-11-14 15:55:28.577] [warning] Couldn't find file 'ring_distal_rvs.vtp'.
[2022-11-14 15:55:28.577] [warning] Couldn't find file 'metacarpal5_rvs.vtp'.
[2022-11-14 15:55:28.577] [warning] Couldn't find file 'little_proximal_rvs.vtp'.
[2022-11-14 15:55:28.577] [warning] Couldn't find file 'little_medial_rvs.vtp'.
[2022-11-14 15:55:28.577] [warning] Couldn't find file 'little_distal_rvs.vtp'.
[2022-11-14 15:55:28.577] [warning] Couldn't find file 'metacarpal1_rvs.vtp'.
[2022-11-14 15:55:28.577] [warning] Couldn't find file 'thumb_proximal_rvs.vtp'.
[2022-11-14 15:55:28.577] [warning] Couldn't find file 'thumb_distal_rvs.vtp'.
[2022-11-14 15:55:28.577] [warning] Couldn't find file 'humerus_lv.vtp'.
[2022-11-14 15:55:28.577] [warning] Couldn't find file 'ulna_lv.vtp'.
[2022-11-14 15:55:28.577] [warning] Couldn't find file 'radius_lv.vtp'.
[2022-11-14 15:55:28.578] [warning] Couldn't find file 'pisiform_lvs.vtp'.
[2022-11-14 15:55:28.578] [warning] Couldn't find file 'lunate_lvs.vtp'.
[2022-11-14 15:55:28.578] [warning] Couldn't find file 'scaphoid_lvs.vtp'.
[2022-11-14 15:55:28.578] [warning] Couldn't find file 'triquetrum_lvs.vtp'.
[2022-11-14 15:55:28.578] [warning] Couldn't find file 'hamate_lvs.vtp'.
[2022-11-14 15:55:28.578] [warning] Couldn't find file 'capitate_lvs.vtp'.
[2022-11-14 15:55:28.578] [warning] Couldn't find file 'trapezoid_lvs.vtp'.
[2022-11-14 15:55:28.578] [warning] Couldn't find file 'trapezium_lvs.vtp'.
[2022-11-14 15:55:28.578] [warning] Couldn't find file 'metacarpal2_lvs.vtp'.
[2022-11-14 15:55:28.578] [warning] Couldn't find file 'index_proximal_lvs.vtp'.
[2022-11-14 15:55:28.578] [warning] Couldn't find file 'index_medial_lvs.vtp'.
[2022-11-14 15:55:28.578] [warning] Couldn't find file 'index_distal_lvs.vtp'.
[2022-11-14 15:55:28.578] [warning] Couldn't find file 'metacarpal3_lvs.vtp'.
[2022-11-14 15:55:28.578] [warning] Couldn't find file 'middle_proximal_lvs.vtp'.
[2022-11-14 15:55:28.578] [warning] Couldn't find file 'middle_medial_lvs.vtp'.
[2022-11-14 15:55:28.578] [warning] Couldn't find file 'middle_distal_lvs.vtp'.
[2022-11-14 15:55:28.578] [warning] Couldn't find file 'metacarpal4_lvs.vtp'.
[2022-11-14 15:55:28.578] [warning] Couldn't find file 'ring_proximal_lvs.vtp'.
[2022-11-14 15:55:28.579] [warning] Couldn't find file 'ring_medial_lvs.vtp'.
[2022-11-14 15:55:28.579] [warning] Couldn't find file 'ring_distal_lvs.vtp'.
[2022-11-14 15:55:28.579] [warning] Couldn't find file 'metacarpal5_lvs.vtp'.
[2022-11-14 15:55:28.579] [warning] Couldn't find file 'little_proximal_lvs.vtp'.
[2022-11-14 15:55:28.579] [warning] Couldn't find file 'little_medial_lvs.vtp'.
[2022-11-14 15:55:28.579] [warning] Couldn't find file 'little_distal_lvs.vtp'.
[2022-11-14 15:55:28.579] [warning] Couldn't find file 'metacarpal1_lvs.vtp'.
[2022-11-14 15:55:28.579] [warning] Couldn't find file 'thumb_proximal_lvs.vtp'.
[2022-11-14 15:55:28.579] [warning] Couldn't find file 'thumb_distal_lvs.vtp'.
[2022-11-14 15:55:38.218] [info] Loaded model subject1_withMTJ_locked_scaled_custom from file C:\Users\u0150099\Documents\master_thesis\3dpredictsim\OpenSimModel\subject1\Fal_s1_mtjc4_FK_sc_FDB2_MTc5_cspx10_oy3.osim
[2022-11-14 15:55:38.218] [warning] Couldn't find file 'sacrum.vtp'.
[2022-11-14 15:55:38.218] [warning] Couldn't find file 'pelvis.vtp'.
[2022-11-14 15:55:38.219] [warning] Couldn't find file 'l_pelvis.vtp'.
[2022-11-14 15:55:38.219] [warning] Couldn't find file 'femur_r.vtp'.
[2022-11-14 15:55:38.219] [warning] Couldn't find file 'tibia_r.vtp'.
[2022-11-14 15:55:38.219] [warning] Couldn't find file 'fibula_r.vtp'.
[2022-11-14 15:55:38.219] [warning] Couldn't find file 'talus_rv.vtp'.
[2022-11-14 15:55:38.219] [warning] Couldn't find file 'calcaneous_rv.vtp'.
[2022-11-14 15:55:38.219] [warning] Couldn't find file 'model_r_midfoot.stl'.
[2022-11-14 15:55:38.219] [warning] Couldn't find file 'model_r_forefoot.stl'.
[2022-11-14 15:55:38.219] [warning] Couldn't find file 'model_r_toes.stl'.
[2022-11-14 15:55:38.219] [warning] Couldn't find file 'femur_l.vtp'.
[2022-11-14 15:55:38.219] [warning] Couldn't find file 'tibia_l.vtp'.
[2022-11-14 15:55:38.219] [warning] Couldn't find file 'fibula_l.vtp'.
[2022-11-14 15:55:38.219] [warning] Couldn't find file 'talus_lv.vtp'.
[2022-11-14 15:55:38.220] [warning] Couldn't find file 'calcaneous_lv.vtp'.
[2022-11-14 15:55:38.220] [warning] Couldn't find file 'model_l_midfoot.stl'.
[2022-11-14 15:55:38.220] [warning] Couldn't find file 'model_l_forefoot.stl'.
[2022-11-14 15:55:38.220] [warning] Couldn't find file 'model_l_toes.stl'.
[2022-11-14 15:55:38.220] [warning] Couldn't find file 'hat_spine.vtp'.
[2022-11-14 15:55:38.220] [warning] Couldn't find file 'hat_jaw.vtp'.
[2022-11-14 15:55:38.220] [warning] Couldn't find file 'hat_skull.vtp'.
[2022-11-14 15:55:38.220] [warning] Couldn't find file 'hat_ribs_scap.vtp'.
[2022-11-14 15:55:38.220] [warning] Couldn't find file 'humerus_rv.vtp'.
[2022-11-14 15:55:38.220] [warning] Couldn't find file 'ulna_rv.vtp'.
[2022-11-14 15:55:38.220] [warning] Couldn't find file 'radius_rv.vtp'.
[2022-11-14 15:55:38.220] [warning] Couldn't find file 'pisiform_rvs.vtp'.
[2022-11-14 15:55:38.220] [warning] Couldn't find file 'lunate_rvs.vtp'.
[2022-11-14 15:55:38.221] [warning] Couldn't find file 'scaphoid_rvs.vtp'.
[2022-11-14 15:55:38.221] [warning] Couldn't find file 'triquetrum_rvs.vtp'.
[2022-11-14 15:55:38.221] [warning] Couldn't find file 'hamate_rvs.vtp'.
[2022-11-14 15:55:38.221] [warning] Couldn't find file 'capitate_rvs.vtp'.
[2022-11-14 15:55:38.221] [warning] Couldn't find file 'trapezoid_rvs.vtp'.
[2022-11-14 15:55:38.221] [warning] Couldn't find file 'trapezium_rvs.vtp'.
[2022-11-14 15:55:38.221] [warning] Couldn't find file 'metacarpal2_rvs.vtp'.
[2022-11-14 15:55:38.221] [warning] Couldn't find file 'index_proximal_rvs.vtp'.
[2022-11-14 15:55:38.221] [warning] Couldn't find file 'index_medial_rvs.vtp'.
[2022-11-14 15:55:38.221] [warning] Couldn't find file 'index_distal_rvs.vtp'.
[2022-11-14 15:55:38.221] [warning] Couldn't find file 'metacarpal3_rvs.vtp'.
[2022-11-14 15:55:38.221] [warning] Couldn't find file 'middle_proximal_rvs.vtp'.
[2022-11-14 15:55:38.221] [warning] Couldn't find file 'middle_medial_rvs.vtp'.
[2022-11-14 15:55:38.221] [warning] Couldn't find file 'middle_distal_rvs.vtp'.
[2022-11-14 15:55:38.221] [warning] Couldn't find file 'metacarpal4_rvs.vtp'.
[2022-11-14 15:55:38.221] [warning] Couldn't find file 'ring_proximal_rvs.vtp'.
[2022-11-14 15:55:38.222] [warning] Couldn't find file 'ring_medial_rvs.vtp'.
[2022-11-14 15:55:38.222] [warning] Couldn't find file 'ring_distal_rvs.vtp'.
[2022-11-14 15:55:38.222] [warning] Couldn't find file 'metacarpal5_rvs.vtp'.
[2022-11-14 15:55:38.222] [warning] Couldn't find file 'little_proximal_rvs.vtp'.
[2022-11-14 15:55:38.222] [warning] Couldn't find file 'little_medial_rvs.vtp'.
[2022-11-14 15:55:38.222] [warning] Couldn't find file 'little_distal_rvs.vtp'.
[2022-11-14 15:55:38.222] [warning] Couldn't find file 'metacarpal1_rvs.vtp'.
[2022-11-14 15:55:38.222] [warning] Couldn't find file 'thumb_proximal_rvs.vtp'.
[2022-11-14 15:55:38.222] [warning] Couldn't find file 'thumb_distal_rvs.vtp'.
[2022-11-14 15:55:38.222] [warning] Couldn't find file 'humerus_lv.vtp'.
[2022-11-14 15:55:38.222] [warning] Couldn't find file 'ulna_lv.vtp'.
[2022-11-14 15:55:38.222] [warning] Couldn't find file 'radius_lv.vtp'.
[2022-11-14 15:55:38.222] [warning] Couldn't find file 'pisiform_lvs.vtp'.
[2022-11-14 15:55:38.222] [warning] Couldn't find file 'lunate_lvs.vtp'.
[2022-11-14 15:55:38.222] [warning] Couldn't find file 'scaphoid_lvs.vtp'.
[2022-11-14 15:55:38.223] [warning] Couldn't find file 'triquetrum_lvs.vtp'.
[2022-11-14 15:55:38.223] [warning] Couldn't find file 'hamate_lvs.vtp'.
[2022-11-14 15:55:38.223] [warning] Couldn't find file 'capitate_lvs.vtp'.
[2022-11-14 15:55:38.223] [warning] Couldn't find file 'trapezoid_lvs.vtp'.
[2022-11-14 15:55:38.223] [warning] Couldn't find file 'trapezium_lvs.vtp'.
[2022-11-14 15:55:38.223] [warning] Couldn't find file 'metacarpal2_lvs.vtp'.
[2022-11-14 15:55:38.223] [warning] Couldn't find file 'index_proximal_lvs.vtp'.
[2022-11-14 15:55:38.223] [warning] Couldn't find file 'index_medial_lvs.vtp'.
[2022-11-14 15:55:38.223] [warning] Couldn't find file 'index_distal_lvs.vtp'.
[2022-11-14 15:55:38.223] [warning] Couldn't find file 'metacarpal3_lvs.vtp'.
[2022-11-14 15:55:38.223] [warning] Couldn't find file 'middle_proximal_lvs.vtp'.
[2022-11-14 15:55:38.223] [warning] Couldn't find file 'middle_medial_lvs.vtp'.
[2022-11-14 15:55:38.223] [warning] Couldn't find file 'middle_distal_lvs.vtp'.
[2022-11-14 15:55:38.223] [warning] Couldn't find file 'metacarpal4_lvs.vtp'.
[2022-11-14 15:55:38.223] [warning] Couldn't find file 'ring_proximal_lvs.vtp'.
[2022-11-14 15:55:38.223] [warning] Couldn't find file 'ring_medial_lvs.vtp'.
[2022-11-14 15:55:38.224] [warning] Couldn't find file 'ring_distal_lvs.vtp'.
[2022-11-14 15:55:38.224] [warning] Couldn't find file 'metacarpal5_lvs.vtp'.
[2022-11-14 15:55:38.224] [warning] Couldn't find file 'little_proximal_lvs.vtp'.
[2022-11-14 15:55:38.224] [warning] Couldn't find file 'little_medial_lvs.vtp'.
[2022-11-14 15:55:38.224] [warning] Couldn't find file 'little_distal_lvs.vtp'.
[2022-11-14 15:55:38.224] [warning] Couldn't find file 'metacarpal1_lvs.vtp'.
[2022-11-14 15:55:38.224] [warning] Couldn't find file 'thumb_proximal_lvs.vtp'.
[2022-11-14 15:55:38.224] [warning] Couldn't find file 'thumb_distal_lvs.vtp'.
[2022-11-14 15:55:39.775] [info] Loaded model subject1_withMTJ_locked_scaled_custom from file C:\Users\u0150099\Documents\master_thesis\3dpredictsim\OpenSimModel\subject1\Fal_s1_mtjc4_FK_sc_FDB2_MTc5_cg0.osim
[2022-11-14 15:55:39.775] [warning] Couldn't find file 'sacrum.vtp'.
[2022-11-14 15:55:39.775] [warning] Couldn't find file 'pelvis.vtp'.
[2022-11-14 15:55:39.775] [warning] Couldn't find file 'l_pelvis.vtp'.
[2022-11-14 15:55:39.776] [warning] Couldn't find file 'femur_r.vtp'.
[2022-11-14 15:55:39.776] [warning] Couldn't find file 'tibia_r.vtp'.
[2022-11-14 15:55:39.776] [warning] Couldn't find file 'fibula_r.vtp'.
[2022-11-14 15:55:39.776] [warning] Couldn't find file 'talus_rv.vtp'.
[2022-11-14 15:55:39.776] [warning] Couldn't find file 'calcaneous_rv.vtp'.
[2022-11-14 15:55:39.776] [warning] Couldn't find file 'model_r_midfoot.stl'.
[2022-11-14 15:55:39.776] [warning] Couldn't find file 'model_r_forefoot.stl'.
[2022-11-14 15:55:39.776] [warning] Couldn't find file 'model_r_toes.stl'.
[2022-11-14 15:55:39.776] [warning] Couldn't find file 'femur_l.vtp'.
[2022-11-14 15:55:39.776] [warning] Couldn't find file 'tibia_l.vtp'.
[2022-11-14 15:55:39.776] [warning] Couldn't find file 'fibula_l.vtp'.
[2022-11-14 15:55:39.776] [warning] Couldn't find file 'talus_lv.vtp'.
[2022-11-14 15:55:39.776] [warning] Couldn't find file 'calcaneous_lv.vtp'.
[2022-11-14 15:55:39.776] [warning] Couldn't find file 'model_l_midfoot.stl'.
[2022-11-14 15:55:39.776] [warning] Couldn't find file 'model_l_forefoot.stl'.
[2022-11-14 15:55:39.776] [warning] Couldn't find file 'model_l_toes.stl'.
[2022-11-14 15:55:39.777] [warning] Couldn't find file 'hat_spine.vtp'.
[2022-11-14 15:55:39.777] [warning] Couldn't find file 'hat_jaw.vtp'.
[2022-11-14 15:55:39.777] [warning] Couldn't find file 'hat_skull.vtp'.
[2022-11-14 15:55:39.777] [warning] Couldn't find file 'hat_ribs_scap.vtp'.
[2022-11-14 15:55:39.777] [warning] Couldn't find file 'humerus_rv.vtp'.
[2022-11-14 15:55:39.777] [warning] Couldn't find file 'ulna_rv.vtp'.
[2022-11-14 15:55:39.777] [warning] Couldn't find file 'radius_rv.vtp'.
[2022-11-14 15:55:39.777] [warning] Couldn't find file 'pisiform_rvs.vtp'.
[2022-11-14 15:55:39.777] [warning] Couldn't find file 'lunate_rvs.vtp'.
[2022-11-14 15:55:39.777] [warning] Couldn't find file 'scaphoid_rvs.vtp'.
[2022-11-14 15:55:39.777] [warning] Couldn't find file 'triquetrum_rvs.vtp'.
[2022-11-14 15:55:39.777] [warning] Couldn't find file 'hamate_rvs.vtp'.
[2022-11-14 15:55:39.777] [warning] Couldn't find file 'capitate_rvs.vtp'.
[2022-11-14 15:55:39.777] [warning] Couldn't find file 'trapezoid_rvs.vtp'.
[2022-11-14 15:55:39.777] [warning] Couldn't find file 'trapezium_rvs.vtp'.
[2022-11-14 15:55:39.777] [warning] Couldn't find file 'metacarpal2_rvs.vtp'.
[2022-11-14 15:55:39.778] [warning] Couldn't find file 'index_proximal_rvs.vtp'.
[2022-11-14 15:55:39.778] [warning] Couldn't find file 'index_medial_rvs.vtp'.
[2022-11-14 15:55:39.778] [warning] Couldn't find file 'index_distal_rvs.vtp'.
[2022-11-14 15:55:39.778] [warning] Couldn't find file 'metacarpal3_rvs.vtp'.
[2022-11-14 15:55:39.778] [warning] Couldn't find file 'middle_proximal_rvs.vtp'.
[2022-11-14 15:55:39.778] [warning] Couldn't find file 'middle_medial_rvs.vtp'.
[2022-11-14 15:55:39.778] [warning] Couldn't find file 'middle_distal_rvs.vtp'.
[2022-11-14 15:55:39.778] [warning] Couldn't find file 'metacarpal4_rvs.vtp'.
[2022-11-14 15:55:39.778] [warning] Couldn't find file 'ring_proximal_rvs.vtp'.
[2022-11-14 15:55:39.778] [warning] Couldn't find file 'ring_medial_rvs.vtp'.
[2022-11-14 15:55:39.778] [warning] Couldn't find file 'ring_distal_rvs.vtp'.
[2022-11-14 15:55:39.778] [warning] Couldn't find file 'metacarpal5_rvs.vtp'.
[2022-11-14 15:55:39.778] [warning] Couldn't find file 'little_proximal_rvs.vtp'.
[2022-11-14 15:55:39.778] [warning] Couldn't find file 'little_medial_rvs.vtp'.
[2022-11-14 15:55:39.778] [warning] Couldn't find file 'little_distal_rvs.vtp'.
[2022-11-14 15:55:39.778] [warning] Couldn't find file 'metacarpal1_rvs.vtp'.
[2022-11-14 15:55:39.778] [warning] Couldn't find file 'thumb_proximal_rvs.vtp'.
[2022-11-14 15:55:39.778] [warning] Couldn't find file 'thumb_distal_rvs.vtp'.
[2022-11-14 15:55:39.779] [warning] Couldn't find file 'humerus_lv.vtp'.
[2022-11-14 15:55:39.779] [warning] Couldn't find file 'ulna_lv.vtp'.
[2022-11-14 15:55:39.779] [warning] Couldn't find file 'radius_lv.vtp'.
[2022-11-14 15:55:39.779] [warning] Couldn't find file 'pisiform_lvs.vtp'.
[2022-11-14 15:55:39.779] [warning] Couldn't find file 'lunate_lvs.vtp'.
[2022-11-14 15:55:39.779] [warning] Couldn't find file 'scaphoid_lvs.vtp'.
[2022-11-14 15:55:39.779] [warning] Couldn't find file 'triquetrum_lvs.vtp'.
[2022-11-14 15:55:39.779] [warning] Couldn't find file 'hamate_lvs.vtp'.
[2022-11-14 15:55:39.779] [warning] Couldn't find file 'capitate_lvs.vtp'.
[2022-11-14 15:55:39.779] [warning] Couldn't find file 'trapezoid_lvs.vtp'.
[2022-11-14 15:55:39.779] [warning] Couldn't find file 'trapezium_lvs.vtp'.
[2022-11-14 15:55:39.779] [warning] Couldn't find file 'metacarpal2_lvs.vtp'.
[2022-11-14 15:55:39.779] [warning] Couldn't find file 'index_proximal_lvs.vtp'.
[2022-11-14 15:55:39.779] [warning] Couldn't find file 'index_medial_lvs.vtp'.
[2022-11-14 15:55:39.779] [warning] Couldn't find file 'index_distal_lvs.vtp'.
[2022-11-14 15:55:39.779] [warning] Couldn't find file 'metacarpal3_lvs.vtp'.
[2022-11-14 15:55:39.779] [warning] Couldn't find file 'middle_proximal_lvs.vtp'.
[2022-11-14 15:55:39.780] [warning] Couldn't find file 'middle_medial_lvs.vtp'.
[2022-11-14 15:55:39.780] [warning] Couldn't find file 'middle_distal_lvs.vtp'.
[2022-11-14 15:55:39.780] [warning] Couldn't find file 'metacarpal4_lvs.vtp'.
[2022-11-14 15:55:39.780] [warning] Couldn't find file 'ring_proximal_lvs.vtp'.
[2022-11-14 15:55:39.780] [warning] Couldn't find file 'ring_medial_lvs.vtp'.
[2022-11-14 15:55:39.780] [warning] Couldn't find file 'ring_distal_lvs.vtp'.
[2022-11-14 15:55:39.780] [warning] Couldn't find file 'metacarpal5_lvs.vtp'.
[2022-11-14 15:55:39.780] [warning] Couldn't find file 'little_proximal_lvs.vtp'.
[2022-11-14 15:55:39.780] [warning] Couldn't find file 'little_medial_lvs.vtp'.
[2022-11-14 15:55:39.780] [warning] Couldn't find file 'little_distal_lvs.vtp'.
[2022-11-14 15:55:39.780] [warning] Couldn't find file 'metacarpal1_lvs.vtp'.
[2022-11-14 15:55:39.780] [warning] Couldn't find file 'thumb_proximal_lvs.vtp'.
[2022-11-14 15:55:39.780] [warning] Couldn't find file 'thumb_distal_lvs.vtp'.
[2022-11-14 15:55:47.642] [info] Loaded model subject1_withMTJ_locked_scaled_custom from file C:\Users\u0150099\Documents\master_thesis\3dpredictsim\OpenSimModel\subject1\Fal_s1_mtjc4_FK_sc_FDB2_MTc5_cspx10_oy3.osim
[2022-11-14 15:55:47.643] [warning] Couldn't find file 'sacrum.vtp'.
[2022-11-14 15:55:47.643] [warning] Couldn't find file 'pelvis.vtp'.
[2022-11-14 15:55:47.643] [warning] Couldn't find file 'l_pelvis.vtp'.
[2022-11-14 15:55:47.643] [warning] Couldn't find file 'femur_r.vtp'.
[2022-11-14 15:55:47.643] [warning] Couldn't find file 'tibia_r.vtp'.
[2022-11-14 15:55:47.643] [warning] Couldn't find file 'fibula_r.vtp'.
[2022-11-14 15:55:47.643] [warning] Couldn't find file 'talus_rv.vtp'.
[2022-11-14 15:55:47.643] [warning] Couldn't find file 'calcaneous_rv.vtp'.
[2022-11-14 15:55:47.643] [warning] Couldn't find file 'model_r_midfoot.stl'.
[2022-11-14 15:55:47.644] [warning] Couldn't find file 'model_r_forefoot.stl'.
[2022-11-14 15:55:47.644] [warning] Couldn't find file 'model_r_toes.stl'.
[2022-11-14 15:55:47.644] [warning] Couldn't find file 'femur_l.vtp'.
[2022-11-14 15:55:47.644] [warning] Couldn't find file 'tibia_l.vtp'.
[2022-11-14 15:55:47.644] [warning] Couldn't find file 'fibula_l.vtp'.
[2022-11-14 15:55:47.644] [warning] Couldn't find file 'talus_lv.vtp'.
[2022-11-14 15:55:47.644] [warning] Couldn't find file 'calcaneous_lv.vtp'.
[2022-11-14 15:55:47.644] [warning] Couldn't find file 'model_l_midfoot.stl'.
[2022-11-14 15:55:47.644] [warning] Couldn't find file 'model_l_forefoot.stl'.
[2022-11-14 15:55:47.644] [warning] Couldn't find file 'model_l_toes.stl'.
[2022-11-14 15:55:47.644] [warning] Couldn't find file 'hat_spine.vtp'.
[2022-11-14 15:55:47.644] [warning] Couldn't find file 'hat_jaw.vtp'.
[2022-11-14 15:55:47.644] [warning] Couldn't find file 'hat_skull.vtp'.
[2022-11-14 15:55:47.644] [warning] Couldn't find file 'hat_ribs_scap.vtp'.
[2022-11-14 15:55:47.644] [warning] Couldn't find file 'humerus_rv.vtp'.
[2022-11-14 15:55:47.645] [warning] Couldn't find file 'ulna_rv.vtp'.
[2022-11-14 15:55:47.645] [warning] Couldn't find file 'radius_rv.vtp'.
[2022-11-14 15:55:47.645] [warning] Couldn't find file 'pisiform_rvs.vtp'.
[2022-11-14 15:55:47.645] [warning] Couldn't find file 'lunate_rvs.vtp'.
[2022-11-14 15:55:47.645] [warning] Couldn't find file 'scaphoid_rvs.vtp'.
[2022-11-14 15:55:47.645] [warning] Couldn't find file 'triquetrum_rvs.vtp'.
[2022-11-14 15:55:47.645] [warning] Couldn't find file 'hamate_rvs.vtp'.
[2022-11-14 15:55:47.645] [warning] Couldn't find file 'capitate_rvs.vtp'.
[2022-11-14 15:55:47.645] [warning] Couldn't find file 'trapezoid_rvs.vtp'.
[2022-11-14 15:55:47.645] [warning] Couldn't find file 'trapezium_rvs.vtp'.
[2022-11-14 15:55:47.645] [warning] Couldn't find file 'metacarpal2_rvs.vtp'.
[2022-11-14 15:55:47.645] [warning] Couldn't find file 'index_proximal_rvs.vtp'.
[2022-11-14 15:55:47.645] [warning] Couldn't find file 'index_medial_rvs.vtp'.
[2022-11-14 15:55:47.645] [warning] Couldn't find file 'index_distal_rvs.vtp'.
[2022-11-14 15:55:47.646] [warning] Couldn't find file 'metacarpal3_rvs.vtp'.
[2022-11-14 15:55:47.646] [warning] Couldn't find file 'middle_proximal_rvs.vtp'.
[2022-11-14 15:55:47.646] [warning] Couldn't find file 'middle_medial_rvs.vtp'.
[2022-11-14 15:55:47.646] [warning] Couldn't find file 'middle_distal_rvs.vtp'.
[2022-11-14 15:55:47.646] [warning] Couldn't find file 'metacarpal4_rvs.vtp'.
[2022-11-14 15:55:47.646] [warning] Couldn't find file 'ring_proximal_rvs.vtp'.
[2022-11-14 15:55:47.646] [warning] Couldn't find file 'ring_medial_rvs.vtp'.
[2022-11-14 15:55:47.646] [warning] Couldn't find file 'ring_distal_rvs.vtp'.
[2022-11-14 15:55:47.646] [warning] Couldn't find file 'metacarpal5_rvs.vtp'.
[2022-11-14 15:55:47.646] [warning] Couldn't find file 'little_proximal_rvs.vtp'.
[2022-11-14 15:55:47.646] [warning] Couldn't find file 'little_medial_rvs.vtp'.
[2022-11-14 15:55:47.646] [warning] Couldn't find file 'little_distal_rvs.vtp'.
[2022-11-14 15:55:47.646] [warning] Couldn't find file 'metacarpal1_rvs.vtp'.
[2022-11-14 15:55:47.646] [warning] Couldn't find file 'thumb_proximal_rvs.vtp'.
[2022-11-14 15:55:47.646] [warning] Couldn't find file 'thumb_distal_rvs.vtp'.
[2022-11-14 15:55:47.647] [warning] Couldn't find file 'humerus_lv.vtp'.
[2022-11-14 15:55:47.647] [warning] Couldn't find file 'ulna_lv.vtp'.
[2022-11-14 15:55:47.647] [warning] Couldn't find file 'radius_lv.vtp'.
[2022-11-14 15:55:47.647] [warning] Couldn't find file 'pisiform_lvs.vtp'.
[2022-11-14 15:55:47.647] [warning] Couldn't find file 'lunate_lvs.vtp'.
[2022-11-14 15:55:47.647] [warning] Couldn't find file 'scaphoid_lvs.vtp'.
[2022-11-14 15:55:47.647] [warning] Couldn't find file 'triquetrum_lvs.vtp'.
[2022-11-14 15:55:47.647] [warning] Couldn't find file 'hamate_lvs.vtp'.
[2022-11-14 15:55:47.647] [warning] Couldn't find file 'capitate_lvs.vtp'.
[2022-11-14 15:55:47.647] [warning] Couldn't find file 'trapezoid_lvs.vtp'.
[2022-11-14 15:55:47.647] [warning] Couldn't find file 'trapezium_lvs.vtp'.
[2022-11-14 15:55:47.647] [warning] Couldn't find file 'metacarpal2_lvs.vtp'.
[2022-11-14 15:55:47.647] [warning] Couldn't find file 'index_proximal_lvs.vtp'.
[2022-11-14 15:55:47.647] [warning] Couldn't find file 'index_medial_lvs.vtp'.
[2022-11-14 15:55:47.647] [warning] Couldn't find file 'index_distal_lvs.vtp'.
[2022-11-14 15:55:47.648] [warning] Couldn't find file 'metacarpal3_lvs.vtp'.
[2022-11-14 15:55:47.648] [warning] Couldn't find file 'middle_proximal_lvs.vtp'.
[2022-11-14 15:55:47.648] [warning] Couldn't find file 'middle_medial_lvs.vtp'.
[2022-11-14 15:55:47.648] [warning] Couldn't find file 'middle_distal_lvs.vtp'.
[2022-11-14 15:55:47.648] [warning] Couldn't find file 'metacarpal4_lvs.vtp'.
[2022-11-14 15:55:47.648] [warning] Couldn't find file 'ring_proximal_lvs.vtp'.
[2022-11-14 15:55:47.648] [warning] Couldn't find file 'ring_medial_lvs.vtp'.
[2022-11-14 15:55:47.648] [warning] Couldn't find file 'ring_distal_lvs.vtp'.
[2022-11-14 15:55:47.648] [warning] Couldn't find file 'metacarpal5_lvs.vtp'.
[2022-11-14 15:55:47.648] [warning] Couldn't find file 'little_proximal_lvs.vtp'.
[2022-11-14 15:55:47.648] [warning] Couldn't find file 'little_medial_lvs.vtp'.
[2022-11-14 15:55:47.648] [warning] Couldn't find file 'little_distal_lvs.vtp'.
[2022-11-14 15:55:47.648] [warning] Couldn't find file 'metacarpal1_lvs.vtp'.
[2022-11-14 15:55:47.648] [warning] Couldn't find file 'thumb_proximal_lvs.vtp'.
[2022-11-14 15:55:47.648] [warning] Couldn't find file 'thumb_distal_lvs.vtp'.
[2022-11-14 15:55:49.234] [info] Loaded model subject1_withMTJ_locked_scaled_custom from file C:\Users\u0150099\Documents\master_thesis\3dpredictsim\OpenSimModel\subject1\Fal_s1_mtjc4_FK_sc_FDB2_MTc5_cg0.osim
[2022-11-14 15:55:49.235] [warning] Couldn't find file 'sacrum.vtp'.
[2022-11-14 15:55:49.235] [warning] Couldn't find file 'pelvis.vtp'.
[2022-11-14 15:55:49.235] [warning] Couldn't find file 'l_pelvis.vtp'.
[2022-11-14 15:55:49.235] [warning] Couldn't find file 'femur_r.vtp'.
[2022-11-14 15:55:49.236] [warning] Couldn't find file 'tibia_r.vtp'.
[2022-11-14 15:55:49.236] [warning] Couldn't find file 'fibula_r.vtp'.
[2022-11-14 15:55:49.236] [warning] Couldn't find file 'talus_rv.vtp'.
[2022-11-14 15:55:49.236] [warning] Couldn't find file 'calcaneous_rv.vtp'.
[2022-11-14 15:55:49.236] [warning] Couldn't find file 'model_r_midfoot.stl'.
[2022-11-14 15:55:49.236] [warning] Couldn't find file 'model_r_forefoot.stl'.
[2022-11-14 15:55:49.236] [warning] Couldn't find file 'model_r_toes.stl'.
[2022-11-14 15:55:49.236] [warning] Couldn't find file 'femur_l.vtp'.
[2022-11-14 15:55:49.236] [warning] Couldn't find file 'tibia_l.vtp'.
[2022-11-14 15:55:49.236] [warning] Couldn't find file 'fibula_l.vtp'.
[2022-11-14 15:55:49.236] [warning] Couldn't find file 'talus_lv.vtp'.
[2022-11-14 15:55:49.236] [warning] Couldn't find file 'calcaneous_lv.vtp'.
[2022-11-14 15:55:49.236] [warning] Couldn't find file 'model_l_midfoot.stl'.
[2022-11-14 15:55:49.237] [warning] Couldn't find file 'model_l_forefoot.stl'.
[2022-11-14 15:55:49.237] [warning] Couldn't find file 'model_l_toes.stl'.
[2022-11-14 15:55:49.237] [warning] Couldn't find file 'hat_spine.vtp'.
[2022-11-14 15:55:49.237] [warning] Couldn't find file 'hat_jaw.vtp'.
[2022-11-14 15:55:49.237] [warning] Couldn't find file 'hat_skull.vtp'.
[2022-11-14 15:55:49.237] [warning] Couldn't find file 'hat_ribs_scap.vtp'.
[2022-11-14 15:55:49.237] [warning] Couldn't find file 'humerus_rv.vtp'.
[2022-11-14 15:55:49.237] [warning] Couldn't find file 'ulna_rv.vtp'.
[2022-11-14 15:55:49.237] [warning] Couldn't find file 'radius_rv.vtp'.
[2022-11-14 15:55:49.237] [warning] Couldn't find file 'pisiform_rvs.vtp'.
[2022-11-14 15:55:49.237] [warning] Couldn't find file 'lunate_rvs.vtp'.
[2022-11-14 15:55:49.237] [warning] Couldn't find file 'scaphoid_rvs.vtp'.
[2022-11-14 15:55:49.237] [warning] Couldn't find file 'triquetrum_rvs.vtp'.
[2022-11-14 15:55:49.237] [warning] Couldn't find file 'hamate_rvs.vtp'.
[2022-11-14 15:55:49.237] [warning] Couldn't find file 'capitate_rvs.vtp'.
[2022-11-14 15:55:49.237] [warning] Couldn't find file 'trapezoid_rvs.vtp'.
[2022-11-14 15:55:49.237] [warning] Couldn't find file 'trapezium_rvs.vtp'.
[2022-11-14 15:55:49.238] [warning] Couldn't find file 'metacarpal2_rvs.vtp'.
[2022-11-14 15:55:49.238] [warning] Couldn't find file 'index_proximal_rvs.vtp'.
[2022-11-14 15:55:49.238] [warning] Couldn't find file 'index_medial_rvs.vtp'.
[2022-11-14 15:55:49.238] [warning] Couldn't find file 'index_distal_rvs.vtp'.
[2022-11-14 15:55:49.238] [warning] Couldn't find file 'metacarpal3_rvs.vtp'.
[2022-11-14 15:55:49.238] [warning] Couldn't find file 'middle_proximal_rvs.vtp'.
[2022-11-14 15:55:49.238] [warning] Couldn't find file 'middle_medial_rvs.vtp'.
[2022-11-14 15:55:49.238] [warning] Couldn't find file 'middle_distal_rvs.vtp'.
[2022-11-14 15:55:49.238] [warning] Couldn't find file 'metacarpal4_rvs.vtp'.
[2022-11-14 15:55:49.238] [warning] Couldn't find file 'ring_proximal_rvs.vtp'.
[2022-11-14 15:55:49.238] [warning] Couldn't find file 'ring_medial_rvs.vtp'.
[2022-11-14 15:55:49.238] [warning] Couldn't find file 'ring_distal_rvs.vtp'.
[2022-11-14 15:55:49.238] [warning] Couldn't find file 'metacarpal5_rvs.vtp'.
[2022-11-14 15:55:49.238] [warning] Couldn't find file 'little_proximal_rvs.vtp'.
[2022-11-14 15:55:49.238] [warning] Couldn't find file 'little_medial_rvs.vtp'.
[2022-11-14 15:55:49.238] [warning] Couldn't find file 'little_distal_rvs.vtp'.
[2022-11-14 15:55:49.238] [warning] Couldn't find file 'metacarpal1_rvs.vtp'.
[2022-11-14 15:55:49.239] [warning] Couldn't find file 'thumb_proximal_rvs.vtp'.
[2022-11-14 15:55:49.239] [warning] Couldn't find file 'thumb_distal_rvs.vtp'.
[2022-11-14 15:55:49.239] [warning] Couldn't find file 'humerus_lv.vtp'.
[2022-11-14 15:55:49.239] [warning] Couldn't find file 'ulna_lv.vtp'.
[2022-11-14 15:55:49.239] [warning] Couldn't find file 'radius_lv.vtp'.
[2022-11-14 15:55:49.239] [warning] Couldn't find file 'pisiform_lvs.vtp'.
[2022-11-14 15:55:49.239] [warning] Couldn't find file 'lunate_lvs.vtp'.
[2022-11-14 15:55:49.239] [warning] Couldn't find file 'scaphoid_lvs.vtp'.
[2022-11-14 15:55:49.239] [warning] Couldn't find file 'triquetrum_lvs.vtp'.
[2022-11-14 15:55:49.239] [warning] Couldn't find file 'hamate_lvs.vtp'.
[2022-11-14 15:55:49.239] [warning] Couldn't find file 'capitate_lvs.vtp'.
[2022-11-14 15:55:49.239] [warning] Couldn't find file 'trapezoid_lvs.vtp'.
[2022-11-14 15:55:49.239] [warning] Couldn't find file 'trapezium_lvs.vtp'.
[2022-11-14 15:55:49.239] [warning] Couldn't find file 'metacarpal2_lvs.vtp'.
[2022-11-14 15:55:49.239] [warning] Couldn't find file 'index_proximal_lvs.vtp'.
[2022-11-14 15:55:49.239] [warning] Couldn't find file 'index_medial_lvs.vtp'.
[2022-11-14 15:55:49.239] [warning] Couldn't find file 'index_distal_lvs.vtp'.
[2022-11-14 15:55:49.240] [warning] Couldn't find file 'metacarpal3_lvs.vtp'.
[2022-11-14 15:55:49.240] [warning] Couldn't find file 'middle_proximal_lvs.vtp'.
[2022-11-14 15:55:49.240] [warning] Couldn't find file 'middle_medial_lvs.vtp'.
[2022-11-14 15:55:49.240] [warning] Couldn't find file 'middle_distal_lvs.vtp'.
[2022-11-14 15:55:49.240] [warning] Couldn't find file 'metacarpal4_lvs.vtp'.
[2022-11-14 15:55:49.240] [warning] Couldn't find file 'ring_proximal_lvs.vtp'.
[2022-11-14 15:55:49.240] [warning] Couldn't find file 'ring_medial_lvs.vtp'.
[2022-11-14 15:55:49.240] [warning] Couldn't find file 'ring_distal_lvs.vtp'.
[2022-11-14 15:55:49.240] [warning] Couldn't find file 'metacarpal5_lvs.vtp'.
[2022-11-14 15:55:49.240] [warning] Couldn't find file 'little_proximal_lvs.vtp'.
[2022-11-14 15:55:49.240] [warning] Couldn't find file 'little_medial_lvs.vtp'.
[2022-11-14 15:55:49.240] [warning] Couldn't find file 'little_distal_lvs.vtp'.
[2022-11-14 15:55:49.240] [warning] Couldn't find file 'metacarpal1_lvs.vtp'.
[2022-11-14 15:55:49.240] [warning] Couldn't find file 'thumb_proximal_lvs.vtp'.
[2022-11-14 15:55:49.240] [warning] Couldn't find file 'thumb_distal_lvs.vtp'.
[2022-11-14 15:55:57.314] [info] Loaded model subject1_withMTJ_locked_scaled_custom from file C:\Users\u0150099\Documents\master_thesis\3dpredictsim\OpenSimModel\subject1\Fal_s1_mtjc4_FK_sc_FDB2_MTc5_cspx10_oy3.osim
[2022-11-14 15:55:57.315] [warning] Couldn't find file 'sacrum.vtp'.
[2022-11-14 15:55:57.315] [warning] Couldn't find file 'pelvis.vtp'.
[2022-11-14 15:55:57.315] [warning] Couldn't find file 'l_pelvis.vtp'.
[2022-11-14 15:55:57.315] [warning] Couldn't find file 'femur_r.vtp'.
[2022-11-14 15:55:57.315] [warning] Couldn't find file 'tibia_r.vtp'.
[2022-11-14 15:55:57.315] [warning] Couldn't find file 'fibula_r.vtp'.
[2022-11-14 15:55:57.315] [warning] Couldn't find file 'talus_rv.vtp'.
[2022-11-14 15:55:57.315] [warning] Couldn't find file 'calcaneous_rv.vtp'.
[2022-11-14 15:55:57.315] [warning] Couldn't find file 'model_r_midfoot.stl'.
[2022-11-14 15:55:57.315] [warning] Couldn't find file 'model_r_forefoot.stl'.
[2022-11-14 15:55:57.315] [warning] Couldn't find file 'model_r_toes.stl'.
[2022-11-14 15:55:57.316] [warning] Couldn't find file 'femur_l.vtp'.
[2022-11-14 15:55:57.316] [warning] Couldn't find file 'tibia_l.vtp'.
[2022-11-14 15:55:57.316] [warning] Couldn't find file 'fibula_l.vtp'.
[2022-11-14 15:55:57.316] [warning] Couldn't find file 'talus_lv.vtp'.
[2022-11-14 15:55:57.316] [warning] Couldn't find file 'calcaneous_lv.vtp'.
[2022-11-14 15:55:57.316] [warning] Couldn't find file 'model_l_midfoot.stl'.
[2022-11-14 15:55:57.316] [warning] Couldn't find file 'model_l_forefoot.stl'.
[2022-11-14 15:55:57.316] [warning] Couldn't find file 'model_l_toes.stl'.
[2022-11-14 15:55:57.316] [warning] Couldn't find file 'hat_spine.vtp'.
[2022-11-14 15:55:57.316] [warning] Couldn't find file 'hat_jaw.vtp'.
[2022-11-14 15:55:57.316] [warning] Couldn't find file 'hat_skull.vtp'.
[2022-11-14 15:55:57.316] [warning] Couldn't find file 'hat_ribs_scap.vtp'.
[2022-11-14 15:55:57.316] [warning] Couldn't find file 'humerus_rv.vtp'.
[2022-11-14 15:55:57.316] [warning] Couldn't find file 'ulna_rv.vtp'.
[2022-11-14 15:55:57.316] [warning] Couldn't find file 'radius_rv.vtp'.
[2022-11-14 15:55:57.316] [warning] Couldn't find file 'pisiform_rvs.vtp'.
[2022-11-14 15:55:57.317] [warning] Couldn't find file 'lunate_rvs.vtp'.
[2022-11-14 15:55:57.317] [warning] Couldn't find file 'scaphoid_rvs.vtp'.
[2022-11-14 15:55:57.317] [warning] Couldn't find file 'triquetrum_rvs.vtp'.
[2022-11-14 15:55:57.317] [warning] Couldn't find file 'hamate_rvs.vtp'.
[2022-11-14 15:55:57.317] [warning] Couldn't find file 'capitate_rvs.vtp'.
[2022-11-14 15:55:57.317] [warning] Couldn't find file 'trapezoid_rvs.vtp'.
[2022-11-14 15:55:57.317] [warning] Couldn't find file 'trapezium_rvs.vtp'.
[2022-11-14 15:55:57.317] [warning] Couldn't find file 'metacarpal2_rvs.vtp'.
[2022-11-14 15:55:57.317] [warning] Couldn't find file 'index_proximal_rvs.vtp'.
[2022-11-14 15:55:57.317] [warning] Couldn't find file 'index_medial_rvs.vtp'.
[2022-11-14 15:55:57.317] [warning] Couldn't find file 'index_distal_rvs.vtp'.
[2022-11-14 15:55:57.317] [warning] Couldn't find file 'metacarpal3_rvs.vtp'.
[2022-11-14 15:55:57.317] [warning] Couldn't find file 'middle_proximal_rvs.vtp'.
[2022-11-14 15:55:57.317] [warning] Couldn't find file 'middle_medial_rvs.vtp'.
[2022-11-14 15:55:57.317] [warning] Couldn't find file 'middle_distal_rvs.vtp'.
[2022-11-14 15:55:57.317] [warning] Couldn't find file 'metacarpal4_rvs.vtp'.
[2022-11-14 15:55:57.317] [warning] Couldn't find file 'ring_proximal_rvs.vtp'.
[2022-11-14 15:55:57.318] [warning] Couldn't find file 'ring_medial_rvs.vtp'.
[2022-11-14 15:55:57.318] [warning] Couldn't find file 'ring_distal_rvs.vtp'.
[2022-11-14 15:55:57.318] [warning] Couldn't find file 'metacarpal5_rvs.vtp'.
[2022-11-14 15:55:57.318] [warning] Couldn't find file 'little_proximal_rvs.vtp'.
[2022-11-14 15:55:57.318] [warning] Couldn't find file 'little_medial_rvs.vtp'.
[2022-11-14 15:55:57.318] [warning] Couldn't find file 'little_distal_rvs.vtp'.
[2022-11-14 15:55:57.318] [warning] Couldn't find file 'metacarpal1_rvs.vtp'.
[2022-11-14 15:55:57.318] [warning] Couldn't find file 'thumb_proximal_rvs.vtp'.
[2022-11-14 15:55:57.318] [warning] Couldn't find file 'thumb_distal_rvs.vtp'.
[2022-11-14 15:55:57.318] [warning] Couldn't find file 'humerus_lv.vtp'.
[2022-11-14 15:55:57.318] [warning] Couldn't find file 'ulna_lv.vtp'.
[2022-11-14 15:55:57.318] [warning] Couldn't find file 'radius_lv.vtp'.
[2022-11-14 15:55:57.318] [warning] Couldn't find file 'pisiform_lvs.vtp'.
[2022-11-14 15:55:57.318] [warning] Couldn't find file 'lunate_lvs.vtp'.
[2022-11-14 15:55:57.318] [warning] Couldn't find file 'scaphoid_lvs.vtp'.
[2022-11-14 15:55:57.318] [warning] Couldn't find file 'triquetrum_lvs.vtp'.
[2022-11-14 15:55:57.318] [warning] Couldn't find file 'hamate_lvs.vtp'.
[2022-11-14 15:55:57.319] [warning] Couldn't find file 'capitate_lvs.vtp'.
[2022-11-14 15:55:57.319] [warning] Couldn't find file 'trapezoid_lvs.vtp'.
[2022-11-14 15:55:57.319] [warning] Couldn't find file 'trapezium_lvs.vtp'.
[2022-11-14 15:55:57.319] [warning] Couldn't find file 'metacarpal2_lvs.vtp'.
[2022-11-14 15:55:57.319] [warning] Couldn't find file 'index_proximal_lvs.vtp'.
[2022-11-14 15:55:57.319] [warning] Couldn't find file 'index_medial_lvs.vtp'.
[2022-11-14 15:55:57.319] [warning] Couldn't find file 'index_distal_lvs.vtp'.
[2022-11-14 15:55:57.319] [warning] Couldn't find file 'metacarpal3_lvs.vtp'.
[2022-11-14 15:55:57.319] [warning] Couldn't find file 'middle_proximal_lvs.vtp'.
[2022-11-14 15:55:57.319] [warning] Couldn't find file 'middle_medial_lvs.vtp'.
[2022-11-14 15:55:57.319] [warning] Couldn't find file 'middle_distal_lvs.vtp'.
[2022-11-14 15:55:57.319] [warning] Couldn't find file 'metacarpal4_lvs.vtp'.
[2022-11-14 15:55:57.319] [warning] Couldn't find file 'ring_proximal_lvs.vtp'.
[2022-11-14 15:55:57.319] [warning] Couldn't find file 'ring_medial_lvs.vtp'.
[2022-11-14 15:55:57.320] [warning] Couldn't find file 'ring_distal_lvs.vtp'.
[2022-11-14 15:55:57.320] [warning] Couldn't find file 'metacarpal5_lvs.vtp'.
[2022-11-14 15:55:57.320] [warning] Couldn't find file 'little_proximal_lvs.vtp'.
[2022-11-14 15:55:57.320] [warning] Couldn't find file 'little_medial_lvs.vtp'.
[2022-11-14 15:55:57.320] [warning] Couldn't find file 'little_distal_lvs.vtp'.
[2022-11-14 15:55:57.320] [warning] Couldn't find file 'metacarpal1_lvs.vtp'.
[2022-11-14 15:55:57.320] [warning] Couldn't find file 'thumb_proximal_lvs.vtp'.
[2022-11-14 15:55:57.320] [warning] Couldn't find file 'thumb_distal_lvs.vtp'.
[2022-11-14 15:55:58.925] [info] Loaded model subject1_withMTJ_locked_scaled_custom from file C:\Users\u0150099\Documents\master_thesis\3dpredictsim\OpenSimModel\subject1\Fal_s1_mtjc4_FK_sc_FDB2_MTc5_cg0.osim
[2022-11-14 15:55:58.926] [warning] Couldn't find file 'sacrum.vtp'.
[2022-11-14 15:55:58.926] [warning] Couldn't find file 'pelvis.vtp'.
[2022-11-14 15:55:58.926] [warning] Couldn't find file 'l_pelvis.vtp'.
[2022-11-14 15:55:58.926] [warning] Couldn't find file 'femur_r.vtp'.
[2022-11-14 15:55:58.926] [warning] Couldn't find file 'tibia_r.vtp'.
[2022-11-14 15:55:58.926] [warning] Couldn't find file 'fibula_r.vtp'.
[2022-11-14 15:55:58.926] [warning] Couldn't find file 'talus_rv.vtp'.
[2022-11-14 15:55:58.926] [warning] Couldn't find file 'calcaneous_rv.vtp'.
[2022-11-14 15:55:58.926] [warning] Couldn't find file 'model_r_midfoot.stl'.
[2022-11-14 15:55:58.926] [warning] Couldn't find file 'model_r_forefoot.stl'.
[2022-11-14 15:55:58.926] [warning] Couldn't find file 'model_r_toes.stl'.
[2022-11-14 15:55:58.926] [warning] Couldn't find file 'femur_l.vtp'.
[2022-11-14 15:55:58.926] [warning] Couldn't find file 'tibia_l.vtp'.
[2022-11-14 15:55:58.926] [warning] Couldn't find file 'fibula_l.vtp'.
[2022-11-14 15:55:58.927] [warning] Couldn't find file 'talus_lv.vtp'.
[2022-11-14 15:55:58.927] [warning] Couldn't find file 'calcaneous_lv.vtp'.
[2022-11-14 15:55:58.927] [warning] Couldn't find file 'model_l_midfoot.stl'.
[2022-11-14 15:55:58.927] [warning] Couldn't find file 'model_l_forefoot.stl'.
[2022-11-14 15:55:58.927] [warning] Couldn't find file 'model_l_toes.stl'.
[2022-11-14 15:55:58.927] [warning] Couldn't find file 'hat_spine.vtp'.
[2022-11-14 15:55:58.927] [warning] Couldn't find file 'hat_jaw.vtp'.
[2022-11-14 15:55:58.927] [warning] Couldn't find file 'hat_skull.vtp'.
[2022-11-14 15:55:58.927] [warning] Couldn't find file 'hat_ribs_scap.vtp'.
[2022-11-14 15:55:58.927] [warning] Couldn't find file 'humerus_rv.vtp'.
[2022-11-14 15:55:58.927] [warning] Couldn't find file 'ulna_rv.vtp'.
[2022-11-14 15:55:58.927] [warning] Couldn't find file 'radius_rv.vtp'.
[2022-11-14 15:55:58.927] [warning] Couldn't find file 'pisiform_rvs.vtp'.
[2022-11-14 15:55:58.927] [warning] Couldn't find file 'lunate_rvs.vtp'.
[2022-11-14 15:55:58.927] [warning] Couldn't find file 'scaphoid_rvs.vtp'.
[2022-11-14 15:55:58.927] [warning] Couldn't find file 'triquetrum_rvs.vtp'.
[2022-11-14 15:55:58.927] [warning] Couldn't find file 'hamate_rvs.vtp'.
[2022-11-14 15:55:58.928] [warning] Couldn't find file 'capitate_rvs.vtp'.
[2022-11-14 15:55:58.928] [warning] Couldn't find file 'trapezoid_rvs.vtp'.
[2022-11-14 15:55:58.928] [warning] Couldn't find file 'trapezium_rvs.vtp'.
[2022-11-14 15:55:58.928] [warning] Couldn't find file 'metacarpal2_rvs.vtp'.
[2022-11-14 15:55:58.928] [warning] Couldn't find file 'index_proximal_rvs.vtp'.
[2022-11-14 15:55:58.928] [warning] Couldn't find file 'index_medial_rvs.vtp'.
[2022-11-14 15:55:58.928] [warning] Couldn't find file 'index_distal_rvs.vtp'.
[2022-11-14 15:55:58.928] [warning] Couldn't find file 'metacarpal3_rvs.vtp'.
[2022-11-14 15:55:58.928] [warning] Couldn't find file 'middle_proximal_rvs.vtp'.
[2022-11-14 15:55:58.928] [warning] Couldn't find file 'middle_medial_rvs.vtp'.
[2022-11-14 15:55:58.928] [warning] Couldn't find file 'middle_distal_rvs.vtp'.
[2022-11-14 15:55:58.928] [warning] Couldn't find file 'metacarpal4_rvs.vtp'.
[2022-11-14 15:55:58.928] [warning] Couldn't find file 'ring_proximal_rvs.vtp'.
[2022-11-14 15:55:58.928] [warning] Couldn't find file 'ring_medial_rvs.vtp'.
[2022-11-14 15:55:58.928] [warning] Couldn't find file 'ring_distal_rvs.vtp'.
[2022-11-14 15:55:58.928] [warning] Couldn't find file 'metacarpal5_rvs.vtp'.
[2022-11-14 15:55:58.928] [warning] Couldn't find file 'little_proximal_rvs.vtp'.
[2022-11-14 15:55:58.929] [warning] Couldn't find file 'little_medial_rvs.vtp'.
[2022-11-14 15:55:58.929] [warning] Couldn't find file 'little_distal_rvs.vtp'.
[2022-11-14 15:55:58.929] [warning] Couldn't find file 'metacarpal1_rvs.vtp'.
[2022-11-14 15:55:58.929] [warning] Couldn't find file 'thumb_proximal_rvs.vtp'.
[2022-11-14 15:55:58.929] [warning] Couldn't find file 'thumb_distal_rvs.vtp'.
[2022-11-14 15:55:58.929] [warning] Couldn't find file 'humerus_lv.vtp'.
[2022-11-14 15:55:58.929] [warning] Couldn't find file 'ulna_lv.vtp'.
[2022-11-14 15:55:58.929] [warning] Couldn't find file 'radius_lv.vtp'.
[2022-11-14 15:55:58.929] [warning] Couldn't find file 'pisiform_lvs.vtp'.
[2022-11-14 15:55:58.929] [warning] Couldn't find file 'lunate_lvs.vtp'.
[2022-11-14 15:55:58.929] [warning] Couldn't find file 'scaphoid_lvs.vtp'.
[2022-11-14 15:55:58.929] [warning] Couldn't find file 'triquetrum_lvs.vtp'.
[2022-11-14 15:55:58.929] [warning] Couldn't find file 'hamate_lvs.vtp'.
[2022-11-14 15:55:58.929] [warning] Couldn't find file 'capitate_lvs.vtp'.
[2022-11-14 15:55:58.929] [warning] Couldn't find file 'trapezoid_lvs.vtp'.
[2022-11-14 15:55:58.929] [warning] Couldn't find file 'trapezium_lvs.vtp'.
[2022-11-14 15:55:58.929] [warning] Couldn't find file 'metacarpal2_lvs.vtp'.
[2022-11-14 15:55:58.930] [warning] Couldn't find file 'index_proximal_lvs.vtp'.
[2022-11-14 15:55:58.930] [warning] Couldn't find file 'index_medial_lvs.vtp'.
[2022-11-14 15:55:58.930] [warning] Couldn't find file 'index_distal_lvs.vtp'.
[2022-11-14 15:55:58.930] [warning] Couldn't find file 'metacarpal3_lvs.vtp'.
[2022-11-14 15:55:58.930] [warning] Couldn't find file 'middle_proximal_lvs.vtp'.
[2022-11-14 15:55:58.930] [warning] Couldn't find file 'middle_medial_lvs.vtp'.
[2022-11-14 15:55:58.930] [warning] Couldn't find file 'middle_distal_lvs.vtp'.
[2022-11-14 15:55:58.930] [warning] Couldn't find file 'metacarpal4_lvs.vtp'.
[2022-11-14 15:55:58.930] [warning] Couldn't find file 'ring_proximal_lvs.vtp'.
[2022-11-14 15:55:58.930] [warning] Couldn't find file 'ring_medial_lvs.vtp'.
[2022-11-14 15:55:58.930] [warning] Couldn't find file 'ring_distal_lvs.vtp'.
[2022-11-14 15:55:58.930] [warning] Couldn't find file 'metacarpal5_lvs.vtp'.
[2022-11-14 15:55:58.930] [warning] Couldn't find file 'little_proximal_lvs.vtp'.
[2022-11-14 15:55:58.930] [warning] Couldn't find file 'little_medial_lvs.vtp'.
[2022-11-14 15:55:58.930] [warning] Couldn't find file 'little_distal_lvs.vtp'.
[2022-11-14 15:55:58.930] [warning] Couldn't find file 'metacarpal1_lvs.vtp'.
[2022-11-14 15:55:58.930] [warning] Couldn't find file 'thumb_proximal_lvs.vtp'.
[2022-11-14 15:55:58.931] [warning] Couldn't find file 'thumb_distal_lvs.vtp'.
[2022-11-14 15:58:14.251] [info] Loaded model subject1_withMTJ_locked_scaled_custom from file C:\Users\u0150099\Documents\master_thesis\3dpredictsim\OpenSimModel\subject1\Fal_s1_mtjc4_FK_sc_FDB2_MTc5_cspx10_oy3.osim
[2022-11-14 15:58:14.251] [warning] Couldn't find file 'sacrum.vtp'.
[2022-11-14 15:58:14.251] [warning] Couldn't find file 'pelvis.vtp'.
[2022-11-14 15:58:14.251] [warning] Couldn't find file 'l_pelvis.vtp'.
[2022-11-14 15:58:14.251] [warning] Couldn't find file 'femur_r.vtp'.
[2022-11-14 15:58:14.251] [warning] Couldn't find file 'tibia_r.vtp'.
[2022-11-14 15:58:14.251] [warning] Couldn't find file 'fibula_r.vtp'.
[2022-11-14 15:58:14.251] [warning] Couldn't find file 'talus_rv.vtp'.
[2022-11-14 15:58:14.252] [warning] Couldn't find file 'calcaneous_rv.vtp'.
[2022-11-14 15:58:14.252] [warning] Couldn't find file 'model_r_midfoot.stl'.
[2022-11-14 15:58:14.252] [warning] Couldn't find file 'model_r_forefoot.stl'.
[2022-11-14 15:58:14.252] [warning] Couldn't find file 'model_r_toes.stl'.
[2022-11-14 15:58:14.252] [warning] Couldn't find file 'femur_l.vtp'.
[2022-11-14 15:58:14.252] [warning] Couldn't find file 'tibia_l.vtp'.
[2022-11-14 15:58:14.252] [warning] Couldn't find file 'fibula_l.vtp'.
[2022-11-14 15:58:14.252] [warning] Couldn't find file 'talus_lv.vtp'.
[2022-11-14 15:58:14.252] [warning] Couldn't find file 'calcaneous_lv.vtp'.
[2022-11-14 15:58:14.252] [warning] Couldn't find file 'model_l_midfoot.stl'.
[2022-11-14 15:58:14.252] [warning] Couldn't find file 'model_l_forefoot.stl'.
[2022-11-14 15:58:14.252] [warning] Couldn't find file 'model_l_toes.stl'.
[2022-11-14 15:58:14.252] [warning] Couldn't find file 'hat_spine.vtp'.
[2022-11-14 15:58:14.252] [warning] Couldn't find file 'hat_jaw.vtp'.
[2022-11-14 15:58:14.252] [warning] Couldn't find file 'hat_skull.vtp'.
[2022-11-14 15:58:14.252] [warning] Couldn't find file 'hat_ribs_scap.vtp'.
[2022-11-14 15:58:14.252] [warning] Couldn't find file 'humerus_rv.vtp'.
[2022-11-14 15:58:14.253] [warning] Couldn't find file 'ulna_rv.vtp'.
[2022-11-14 15:58:14.253] [warning] Couldn't find file 'radius_rv.vtp'.
[2022-11-14 15:58:14.253] [warning] Couldn't find file 'pisiform_rvs.vtp'.
[2022-11-14 15:58:14.253] [warning] Couldn't find file 'lunate_rvs.vtp'.
[2022-11-14 15:58:14.253] [warning] Couldn't find file 'scaphoid_rvs.vtp'.
[2022-11-14 15:58:14.253] [warning] Couldn't find file 'triquetrum_rvs.vtp'.
[2022-11-14 15:58:14.253] [warning] Couldn't find file 'hamate_rvs.vtp'.
[2022-11-14 15:58:14.253] [warning] Couldn't find file 'capitate_rvs.vtp'.
[2022-11-14 15:58:14.253] [warning] Couldn't find file 'trapezoid_rvs.vtp'.
[2022-11-14 15:58:14.253] [warning] Couldn't find file 'trapezium_rvs.vtp'.
[2022-11-14 15:58:14.253] [warning] Couldn't find file 'metacarpal2_rvs.vtp'.
[2022-11-14 15:58:14.253] [warning] Couldn't find file 'index_proximal_rvs.vtp'.
[2022-11-14 15:58:14.253] [warning] Couldn't find file 'index_medial_rvs.vtp'.
[2022-11-14 15:58:14.253] [warning] Couldn't find file 'index_distal_rvs.vtp'.
[2022-11-14 15:58:14.253] [warning] Couldn't find file 'metacarpal3_rvs.vtp'.
[2022-11-14 15:58:14.253] [warning] Couldn't find file 'middle_proximal_rvs.vtp'.
[2022-11-14 15:58:14.253] [warning] Couldn't find file 'middle_medial_rvs.vtp'.
[2022-11-14 15:58:14.253] [warning] Couldn't find file 'middle_distal_rvs.vtp'.
[2022-11-14 15:58:14.254] [warning] Couldn't find file 'metacarpal4_rvs.vtp'.
[2022-11-14 15:58:14.254] [warning] Couldn't find file 'ring_proximal_rvs.vtp'.
[2022-11-14 15:58:14.254] [warning] Couldn't find file 'ring_medial_rvs.vtp'.
[2022-11-14 15:58:14.254] [warning] Couldn't find file 'ring_distal_rvs.vtp'.
[2022-11-14 15:58:14.254] [warning] Couldn't find file 'metacarpal5_rvs.vtp'.
[2022-11-14 15:58:14.254] [warning] Couldn't find file 'little_proximal_rvs.vtp'.
[2022-11-14 15:58:14.254] [warning] Couldn't find file 'little_medial_rvs.vtp'.
[2022-11-14 15:58:14.254] [warning] Couldn't find file 'little_distal_rvs.vtp'.
[2022-11-14 15:58:14.254] [warning] Couldn't find file 'metacarpal1_rvs.vtp'.
[2022-11-14 15:58:14.254] [warning] Couldn't find file 'thumb_proximal_rvs.vtp'.
[2022-11-14 15:58:14.254] [warning] Couldn't find file 'thumb_distal_rvs.vtp'.
[2022-11-14 15:58:14.254] [warning] Couldn't find file 'humerus_lv.vtp'.
[2022-11-14 15:58:14.254] [warning] Couldn't find file 'ulna_lv.vtp'.
[2022-11-14 15:58:14.254] [warning] Couldn't find file 'radius_lv.vtp'.
[2022-11-14 15:58:14.254] [warning] Couldn't find file 'pisiform_lvs.vtp'.
[2022-11-14 15:58:14.254] [warning] Couldn't find file 'lunate_lvs.vtp'.
[2022-11-14 15:58:14.254] [warning] Couldn't find file 'scaphoid_lvs.vtp'.
[2022-11-14 15:58:14.254] [warning] Couldn't find file 'triquetrum_lvs.vtp'.
[2022-11-14 15:58:14.255] [warning] Couldn't find file 'hamate_lvs.vtp'.
[2022-11-14 15:58:14.255] [warning] Couldn't find file 'capitate_lvs.vtp'.
[2022-11-14 15:58:14.255] [warning] Couldn't find file 'trapezoid_lvs.vtp'.
[2022-11-14 15:58:14.255] [warning] Couldn't find file 'trapezium_lvs.vtp'.
[2022-11-14 15:58:14.255] [warning] Couldn't find file 'metacarpal2_lvs.vtp'.
[2022-11-14 15:58:14.255] [warning] Couldn't find file 'index_proximal_lvs.vtp'.
[2022-11-14 15:58:14.255] [warning] Couldn't find file 'index_medial_lvs.vtp'.
[2022-11-14 15:58:14.255] [warning] Couldn't find file 'index_distal_lvs.vtp'.
[2022-11-14 15:58:14.255] [warning] Couldn't find file 'metacarpal3_lvs.vtp'.
[2022-11-14 15:58:14.255] [warning] Couldn't find file 'middle_proximal_lvs.vtp'.
[2022-11-14 15:58:14.255] [warning] Couldn't find file 'middle_medial_lvs.vtp'.
[2022-11-14 15:58:14.255] [warning] Couldn't find file 'middle_distal_lvs.vtp'.
[2022-11-14 15:58:14.255] [warning] Couldn't find file 'metacarpal4_lvs.vtp'.
[2022-11-14 15:58:14.255] [warning] Couldn't find file 'ring_proximal_lvs.vtp'.
[2022-11-14 15:58:14.255] [warning] Couldn't find file 'ring_medial_lvs.vtp'.
[2022-11-14 15:58:14.255] [warning] Couldn't find file 'ring_distal_lvs.vtp'.
[2022-11-14 15:58:14.255] [warning] Couldn't find file 'metacarpal5_lvs.vtp'.
[2022-11-14 15:58:14.255] [warning] Couldn't find file 'little_proximal_lvs.vtp'.
[2022-11-14 15:58:14.256] [warning] Couldn't find file 'little_medial_lvs.vtp'.
[2022-11-14 15:58:14.256] [warning] Couldn't find file 'little_distal_lvs.vtp'.
[2022-11-14 15:58:14.256] [warning] Couldn't find file 'metacarpal1_lvs.vtp'.
[2022-11-14 15:58:14.256] [warning] Couldn't find file 'thumb_proximal_lvs.vtp'.
[2022-11-14 15:58:14.256] [warning] Couldn't find file 'thumb_distal_lvs.vtp'.
[2022-11-14 15:58:15.796] [info] Loaded model subject1_withMTJ_locked_scaled_custom from file C:\Users\u0150099\Documents\master_thesis\3dpredictsim\OpenSimModel\subject1\Fal_s1_mtjc4_FK_sc_FDB2_MTc5_cg0.osim
[2022-11-14 15:58:15.797] [warning] Couldn't find file 'sacrum.vtp'.
[2022-11-14 15:58:15.797] [warning] Couldn't find file 'pelvis.vtp'.
[2022-11-14 15:58:15.797] [warning] Couldn't find file 'l_pelvis.vtp'.
[2022-11-14 15:58:15.797] [warning] Couldn't find file 'femur_r.vtp'.
[2022-11-14 15:58:15.797] [warning] Couldn't find file 'tibia_r.vtp'.
[2022-11-14 15:58:15.797] [warning] Couldn't find file 'fibula_r.vtp'.
[2022-11-14 15:58:15.797] [warning] Couldn't find file 'talus_rv.vtp'.
[2022-11-14 15:58:15.797] [warning] Couldn't find file 'calcaneous_rv.vtp'.
[2022-11-14 15:58:15.797] [warning] Couldn't find file 'model_r_midfoot.stl'.
[2022-11-14 15:58:15.797] [warning] Couldn't find file 'model_r_forefoot.stl'.
[2022-11-14 15:58:15.797] [warning] Couldn't find file 'model_r_toes.stl'.
[2022-11-14 15:58:15.797] [warning] Couldn't find file 'femur_l.vtp'.
[2022-11-14 15:58:15.797] [warning] Couldn't find file 'tibia_l.vtp'.
[2022-11-14 15:58:15.798] [warning] Couldn't find file 'fibula_l.vtp'.
[2022-11-14 15:58:15.798] [warning] Couldn't find file 'talus_lv.vtp'.
[2022-11-14 15:58:15.798] [warning] Couldn't find file 'calcaneous_lv.vtp'.
[2022-11-14 15:58:15.798] [warning] Couldn't find file 'model_l_midfoot.stl'.
[2022-11-14 15:58:15.798] [warning] Couldn't find file 'model_l_forefoot.stl'.
[2022-11-14 15:58:15.798] [warning] Couldn't find file 'model_l_toes.stl'.
[2022-11-14 15:58:15.798] [warning] Couldn't find file 'hat_spine.vtp'.
[2022-11-14 15:58:15.798] [warning] Couldn't find file 'hat_jaw.vtp'.
[2022-11-14 15:58:15.798] [warning] Couldn't find file 'hat_skull.vtp'.
[2022-11-14 15:58:15.798] [warning] Couldn't find file 'hat_ribs_scap.vtp'.
[2022-11-14 15:58:15.798] [warning] Couldn't find file 'humerus_rv.vtp'.
[2022-11-14 15:58:15.798] [warning] Couldn't find file 'ulna_rv.vtp'.
[2022-11-14 15:58:15.798] [warning] Couldn't find file 'radius_rv.vtp'.
[2022-11-14 15:58:15.798] [warning] Couldn't find file 'pisiform_rvs.vtp'.
[2022-11-14 15:58:15.798] [warning] Couldn't find file 'lunate_rvs.vtp'.
[2022-11-14 15:58:15.799] [warning] Couldn't find file 'scaphoid_rvs.vtp'.
[2022-11-14 15:58:15.799] [warning] Couldn't find file 'triquetrum_rvs.vtp'.
[2022-11-14 15:58:15.799] [warning] Couldn't find file 'hamate_rvs.vtp'.
[2022-11-14 15:58:15.799] [warning] Couldn't find file 'capitate_rvs.vtp'.
[2022-11-14 15:58:15.799] [warning] Couldn't find file 'trapezoid_rvs.vtp'.
[2022-11-14 15:58:15.799] [warning] Couldn't find file 'trapezium_rvs.vtp'.
[2022-11-14 15:58:15.799] [warning] Couldn't find file 'metacarpal2_rvs.vtp'.
[2022-11-14 15:58:15.799] [warning] Couldn't find file 'index_proximal_rvs.vtp'.
[2022-11-14 15:58:15.799] [warning] Couldn't find file 'index_medial_rvs.vtp'.
[2022-11-14 15:58:15.799] [warning] Couldn't find file 'index_distal_rvs.vtp'.
[2022-11-14 15:58:15.799] [warning] Couldn't find file 'metacarpal3_rvs.vtp'.
[2022-11-14 15:58:15.799] [warning] Couldn't find file 'middle_proximal_rvs.vtp'.
[2022-11-14 15:58:15.799] [warning] Couldn't find file 'middle_medial_rvs.vtp'.
[2022-11-14 15:58:15.799] [warning] Couldn't find file 'middle_distal_rvs.vtp'.
[2022-11-14 15:58:15.799] [warning] Couldn't find file 'metacarpal4_rvs.vtp'.
[2022-11-14 15:58:15.799] [warning] Couldn't find file 'ring_proximal_rvs.vtp'.
[2022-11-14 15:58:15.800] [warning] Couldn't find file 'ring_medial_rvs.vtp'.
[2022-11-14 15:58:15.800] [warning] Couldn't find file 'ring_distal_rvs.vtp'.
[2022-11-14 15:58:15.800] [warning] Couldn't find file 'metacarpal5_rvs.vtp'.
[2022-11-14 15:58:15.800] [warning] Couldn't find file 'little_proximal_rvs.vtp'.
[2022-11-14 15:58:15.800] [warning] Couldn't find file 'little_medial_rvs.vtp'.
[2022-11-14 15:58:15.800] [warning] Couldn't find file 'little_distal_rvs.vtp'.
[2022-11-14 15:58:15.800] [warning] Couldn't find file 'metacarpal1_rvs.vtp'.
[2022-11-14 15:58:15.800] [warning] Couldn't find file 'thumb_proximal_rvs.vtp'.
[2022-11-14 15:58:15.800] [warning] Couldn't find file 'thumb_distal_rvs.vtp'.
[2022-11-14 15:58:15.800] [warning] Couldn't find file 'humerus_lv.vtp'.
[2022-11-14 15:58:15.800] [warning] Couldn't find file 'ulna_lv.vtp'.
[2022-11-14 15:58:15.800] [warning] Couldn't find file 'radius_lv.vtp'.
[2022-11-14 15:58:15.800] [warning] Couldn't find file 'pisiform_lvs.vtp'.
[2022-11-14 15:58:15.800] [warning] Couldn't find file 'lunate_lvs.vtp'.
[2022-11-14 15:58:15.800] [warning] Couldn't find file 'scaphoid_lvs.vtp'.
[2022-11-14 15:58:15.800] [warning] Couldn't find file 'triquetrum_lvs.vtp'.
[2022-11-14 15:58:15.800] [warning] Couldn't find file 'hamate_lvs.vtp'.
[2022-11-14 15:58:15.801] [warning] Couldn't find file 'capitate_lvs.vtp'.
[2022-11-14 15:58:15.801] [warning] Couldn't find file 'trapezoid_lvs.vtp'.
[2022-11-14 15:58:15.801] [warning] Couldn't find file 'trapezium_lvs.vtp'.
[2022-11-14 15:58:15.801] [warning] Couldn't find file 'metacarpal2_lvs.vtp'.
[2022-11-14 15:58:15.801] [warning] Couldn't find file 'index_proximal_lvs.vtp'.
[2022-11-14 15:58:15.801] [warning] Couldn't find file 'index_medial_lvs.vtp'.
[2022-11-14 15:58:15.801] [warning] Couldn't find file 'index_distal_lvs.vtp'.
[2022-11-14 15:58:15.801] [warning] Couldn't find file 'metacarpal3_lvs.vtp'.
[2022-11-14 15:58:15.801] [warning] Couldn't find file 'middle_proximal_lvs.vtp'.
[2022-11-14 15:58:15.801] [warning] Couldn't find file 'middle_medial_lvs.vtp'.
[2022-11-14 15:58:15.801] [warning] Couldn't find file 'middle_distal_lvs.vtp'.
[2022-11-14 15:58:15.801] [warning] Couldn't find file 'metacarpal4_lvs.vtp'.
[2022-11-14 15:58:15.801] [warning] Couldn't find file 'ring_proximal_lvs.vtp'.
[2022-11-14 15:58:15.801] [warning] Couldn't find file 'ring_medial_lvs.vtp'.
[2022-11-14 15:58:15.801] [warning] Couldn't find file 'ring_distal_lvs.vtp'.
[2022-11-14 15:58:15.802] [warning] Couldn't find file 'metacarpal5_lvs.vtp'.
[2022-11-14 15:58:15.802] [warning] Couldn't find file 'little_proximal_lvs.vtp'.
[2022-11-14 15:58:15.802] [warning] Couldn't find file 'little_medial_lvs.vtp'.
[2022-11-14 15:58:15.802] [warning] Couldn't find file 'little_distal_lvs.vtp'.
[2022-11-14 15:58:15.802] [warning] Couldn't find file 'metacarpal1_lvs.vtp'.
[2022-11-14 15:58:15.802] [warning] Couldn't find file 'thumb_proximal_lvs.vtp'.
[2022-11-14 15:58:15.802] [warning] Couldn't find file 'thumb_distal_lvs.vtp'.
[2022-11-14 15:58:23.686] [info] Loaded model subject1_withMTJ_locked_scaled_custom from file C:\Users\u0150099\Documents\master_thesis\3dpredictsim\OpenSimModel\subject1\Fal_s1_mtjc4_FK_sc_FDB2_MTc5_cspx10_oy3.osim
[2022-11-14 15:58:23.687] [warning] Couldn't find file 'sacrum.vtp'.
[2022-11-14 15:58:23.687] [warning] Couldn't find file 'pelvis.vtp'.
[2022-11-14 15:58:23.687] [warning] Couldn't find file 'l_pelvis.vtp'.
[2022-11-14 15:58:23.687] [warning] Couldn't find file 'femur_r.vtp'.
[2022-11-14 15:58:23.687] [warning] Couldn't find file 'tibia_r.vtp'.
[2022-11-14 15:58:23.688] [warning] Couldn't find file 'fibula_r.vtp'.
[2022-11-14 15:58:23.688] [warning] Couldn't find file 'talus_rv.vtp'.
[2022-11-14 15:58:23.688] [warning] Couldn't find file 'calcaneous_rv.vtp'.
[2022-11-14 15:58:23.688] [warning] Couldn't find file 'model_r_midfoot.stl'.
[2022-11-14 15:58:23.688] [warning] Couldn't find file 'model_r_forefoot.stl'.
[2022-11-14 15:58:23.688] [warning] Couldn't find file 'model_r_toes.stl'.
[2022-11-14 15:58:23.688] [warning] Couldn't find file 'femur_l.vtp'.
[2022-11-14 15:58:23.688] [warning] Couldn't find file 'tibia_l.vtp'.
[2022-11-14 15:58:23.688] [warning] Couldn't find file 'fibula_l.vtp'.
[2022-11-14 15:58:23.688] [warning] Couldn't find file 'talus_lv.vtp'.
[2022-11-14 15:58:23.688] [warning] Couldn't find file 'calcaneous_lv.vtp'.
[2022-11-14 15:58:23.688] [warning] Couldn't find file 'model_l_midfoot.stl'.
[2022-11-14 15:58:23.688] [warning] Couldn't find file 'model_l_forefoot.stl'.
[2022-11-14 15:58:23.688] [warning] Couldn't find file 'model_l_toes.stl'.
[2022-11-14 15:58:23.689] [warning] Couldn't find file 'hat_spine.vtp'.
[2022-11-14 15:58:23.689] [warning] Couldn't find file 'hat_jaw.vtp'.
[2022-11-14 15:58:23.689] [warning] Couldn't find file 'hat_skull.vtp'.
[2022-11-14 15:58:23.689] [warning] Couldn't find file 'hat_ribs_scap.vtp'.
[2022-11-14 15:58:23.689] [warning] Couldn't find file 'humerus_rv.vtp'.
[2022-11-14 15:58:23.689] [warning] Couldn't find file 'ulna_rv.vtp'.
[2022-11-14 15:58:23.689] [warning] Couldn't find file 'radius_rv.vtp'.
[2022-11-14 15:58:23.689] [warning] Couldn't find file 'pisiform_rvs.vtp'.
[2022-11-14 15:58:23.689] [warning] Couldn't find file 'lunate_rvs.vtp'.
[2022-11-14 15:58:23.689] [warning] Couldn't find file 'scaphoid_rvs.vtp'.
[2022-11-14 15:58:23.689] [warning] Couldn't find file 'triquetrum_rvs.vtp'.
[2022-11-14 15:58:23.689] [warning] Couldn't find file 'hamate_rvs.vtp'.
[2022-11-14 15:58:23.689] [warning] Couldn't find file 'capitate_rvs.vtp'.
[2022-11-14 15:58:23.689] [warning] Couldn't find file 'trapezoid_rvs.vtp'.
[2022-11-14 15:58:23.689] [warning] Couldn't find file 'trapezium_rvs.vtp'.
[2022-11-14 15:58:23.689] [warning] Couldn't find file 'metacarpal2_rvs.vtp'.
[2022-11-14 15:58:23.690] [warning] Couldn't find file 'index_proximal_rvs.vtp'.
[2022-11-14 15:58:23.690] [warning] Couldn't find file 'index_medial_rvs.vtp'.
[2022-11-14 15:58:23.690] [warning] Couldn't find file 'index_distal_rvs.vtp'.
[2022-11-14 15:58:23.690] [warning] Couldn't find file 'metacarpal3_rvs.vtp'.
[2022-11-14 15:58:23.690] [warning] Couldn't find file 'middle_proximal_rvs.vtp'.
[2022-11-14 15:58:23.690] [warning] Couldn't find file 'middle_medial_rvs.vtp'.
[2022-11-14 15:58:23.690] [warning] Couldn't find file 'middle_distal_rvs.vtp'.
[2022-11-14 15:58:23.690] [warning] Couldn't find file 'metacarpal4_rvs.vtp'.
[2022-11-14 15:58:23.690] [warning] Couldn't find file 'ring_proximal_rvs.vtp'.
[2022-11-14 15:58:23.690] [warning] Couldn't find file 'ring_medial_rvs.vtp'.
[2022-11-14 15:58:23.690] [warning] Couldn't find file 'ring_distal_rvs.vtp'.
[2022-11-14 15:58:23.690] [warning] Couldn't find file 'metacarpal5_rvs.vtp'.
[2022-11-14 15:58:23.690] [warning] Couldn't find file 'little_proximal_rvs.vtp'.
[2022-11-14 15:58:23.690] [warning] Couldn't find file 'little_medial_rvs.vtp'.
[2022-11-14 15:58:23.690] [warning] Couldn't find file 'little_distal_rvs.vtp'.
[2022-11-14 15:58:23.690] [warning] Couldn't find file 'metacarpal1_rvs.vtp'.
[2022-11-14 15:58:23.690] [warning] Couldn't find file 'thumb_proximal_rvs.vtp'.
[2022-11-14 15:58:23.691] [warning] Couldn't find file 'thumb_distal_rvs.vtp'.
[2022-11-14 15:58:23.691] [warning] Couldn't find file 'humerus_lv.vtp'.
[2022-11-14 15:58:23.691] [warning] Couldn't find file 'ulna_lv.vtp'.
[2022-11-14 15:58:23.691] [warning] Couldn't find file 'radius_lv.vtp'.
[2022-11-14 15:58:23.691] [warning] Couldn't find file 'pisiform_lvs.vtp'.
[2022-11-14 15:58:23.691] [warning] Couldn't find file 'lunate_lvs.vtp'.
[2022-11-14 15:58:23.691] [warning] Couldn't find file 'scaphoid_lvs.vtp'.
[2022-11-14 15:58:23.691] [warning] Couldn't find file 'triquetrum_lvs.vtp'.
[2022-11-14 15:58:23.691] [warning] Couldn't find file 'hamate_lvs.vtp'.
[2022-11-14 15:58:23.691] [warning] Couldn't find file 'capitate_lvs.vtp'.
[2022-11-14 15:58:23.691] [warning] Couldn't find file 'trapezoid_lvs.vtp'.
[2022-11-14 15:58:23.691] [warning] Couldn't find file 'trapezium_lvs.vtp'.
[2022-11-14 15:58:23.691] [warning] Couldn't find file 'metacarpal2_lvs.vtp'.
[2022-11-14 15:58:23.691] [warning] Couldn't find file 'index_proximal_lvs.vtp'.
[2022-11-14 15:58:23.691] [warning] Couldn't find file 'index_medial_lvs.vtp'.
[2022-11-14 15:58:23.692] [warning] Couldn't find file 'index_distal_lvs.vtp'.
[2022-11-14 15:58:23.692] [warning] Couldn't find file 'metacarpal3_lvs.vtp'.
[2022-11-14 15:58:23.692] [warning] Couldn't find file 'middle_proximal_lvs.vtp'.
[2022-11-14 15:58:23.692] [warning] Couldn't find file 'middle_medial_lvs.vtp'.
[2022-11-14 15:58:23.692] [warning] Couldn't find file 'middle_distal_lvs.vtp'.
[2022-11-14 15:58:23.692] [warning] Couldn't find file 'metacarpal4_lvs.vtp'.
[2022-11-14 15:58:23.692] [warning] Couldn't find file 'ring_proximal_lvs.vtp'.
[2022-11-14 15:58:23.692] [warning] Couldn't find file 'ring_medial_lvs.vtp'.
[2022-11-14 15:58:23.692] [warning] Couldn't find file 'ring_distal_lvs.vtp'.
[2022-11-14 15:58:23.692] [warning] Couldn't find file 'metacarpal5_lvs.vtp'.
[2022-11-14 15:58:23.692] [warning] Couldn't find file 'little_proximal_lvs.vtp'.
[2022-11-14 15:58:23.692] [warning] Couldn't find file 'little_medial_lvs.vtp'.
[2022-11-14 15:58:23.692] [warning] Couldn't find file 'little_distal_lvs.vtp'.
[2022-11-14 15:58:23.692] [warning] Couldn't find file 'metacarpal1_lvs.vtp'.
[2022-11-14 15:58:23.692] [warning] Couldn't find file 'thumb_proximal_lvs.vtp'.
[2022-11-14 15:58:23.692] [warning] Couldn't find file 'thumb_distal_lvs.vtp'.
[2022-11-14 15:58:25.250] [info] Loaded model subject1_withMTJ_locked_scaled_custom from file C:\Users\u0150099\Documents\master_thesis\3dpredictsim\OpenSimModel\subject1\Fal_s1_mtjc4_FK_sc_FDB2_MTc5_cg0.osim
[2022-11-14 15:58:25.251] [warning] Couldn't find file 'sacrum.vtp'.
[2022-11-14 15:58:25.251] [warning] Couldn't find file 'pelvis.vtp'.
[2022-11-14 15:58:25.251] [warning] Couldn't find file 'l_pelvis.vtp'.
[2022-11-14 15:58:25.251] [warning] Couldn't find file 'femur_r.vtp'.
[2022-11-14 15:58:25.251] [warning] Couldn't find file 'tibia_r.vtp'.
[2022-11-14 15:58:25.251] [warning] Couldn't find file 'fibula_r.vtp'.
[2022-11-14 15:58:25.251] [warning] Couldn't find file 'talus_rv.vtp'.
[2022-11-14 15:58:25.251] [warning] Couldn't find file 'calcaneous_rv.vtp'.
[2022-11-14 15:58:25.251] [warning] Couldn't find file 'model_r_midfoot.stl'.
[2022-11-14 15:58:25.252] [warning] Couldn't find file 'model_r_forefoot.stl'.
[2022-11-14 15:58:25.252] [warning] Couldn't find file 'model_r_toes.stl'.
[2022-11-14 15:58:25.252] [warning] Couldn't find file 'femur_l.vtp'.
[2022-11-14 15:58:25.252] [warning] Couldn't find file 'tibia_l.vtp'.
[2022-11-14 15:58:25.252] [warning] Couldn't find file 'fibula_l.vtp'.
[2022-11-14 15:58:25.252] [warning] Couldn't find file 'talus_lv.vtp'.
[2022-11-14 15:58:25.252] [warning] Couldn't find file 'calcaneous_lv.vtp'.
[2022-11-14 15:58:25.252] [warning] Couldn't find file 'model_l_midfoot.stl'.
[2022-11-14 15:58:25.252] [warning] Couldn't find file 'model_l_forefoot.stl'.
[2022-11-14 15:58:25.252] [warning] Couldn't find file 'model_l_toes.stl'.
[2022-11-14 15:58:25.252] [warning] Couldn't find file 'hat_spine.vtp'.
[2022-11-14 15:58:25.252] [warning] Couldn't find file 'hat_jaw.vtp'.
[2022-11-14 15:58:25.252] [warning] Couldn't find file 'hat_skull.vtp'.
[2022-11-14 15:58:25.252] [warning] Couldn't find file 'hat_ribs_scap.vtp'.
[2022-11-14 15:58:25.253] [warning] Couldn't find file 'humerus_rv.vtp'.
[2022-11-14 15:58:25.253] [warning] Couldn't find file 'ulna_rv.vtp'.
[2022-11-14 15:58:25.253] [warning] Couldn't find file 'radius_rv.vtp'.
[2022-11-14 15:58:25.253] [warning] Couldn't find file 'pisiform_rvs.vtp'.
[2022-11-14 15:58:25.253] [warning] Couldn't find file 'lunate_rvs.vtp'.
[2022-11-14 15:58:25.253] [warning] Couldn't find file 'scaphoid_rvs.vtp'.
[2022-11-14 15:58:25.253] [warning] Couldn't find file 'triquetrum_rvs.vtp'.
[2022-11-14 15:58:25.253] [warning] Couldn't find file 'hamate_rvs.vtp'.
[2022-11-14 15:58:25.253] [warning] Couldn't find file 'capitate_rvs.vtp'.
[2022-11-14 15:58:25.253] [warning] Couldn't find file 'trapezoid_rvs.vtp'.
[2022-11-14 15:58:25.253] [warning] Couldn't find file 'trapezium_rvs.vtp'.
[2022-11-14 15:58:25.253] [warning] Couldn't find file 'metacarpal2_rvs.vtp'.
[2022-11-14 15:58:25.253] [warning] Couldn't find file 'index_proximal_rvs.vtp'.
[2022-11-14 15:58:25.254] [warning] Couldn't find file 'index_medial_rvs.vtp'.
[2022-11-14 15:58:25.254] [warning] Couldn't find file 'index_distal_rvs.vtp'.
[2022-11-14 15:58:25.254] [warning] Couldn't find file 'metacarpal3_rvs.vtp'.
[2022-11-14 15:58:25.254] [warning] Couldn't find file 'middle_proximal_rvs.vtp'.
[2022-11-14 15:58:25.254] [warning] Couldn't find file 'middle_medial_rvs.vtp'.
[2022-11-14 15:58:25.254] [warning] Couldn't find file 'middle_distal_rvs.vtp'.
[2022-11-14 15:58:25.254] [warning] Couldn't find file 'metacarpal4_rvs.vtp'.
[2022-11-14 15:58:25.254] [warning] Couldn't find file 'ring_proximal_rvs.vtp'.
[2022-11-14 15:58:25.254] [warning] Couldn't find file 'ring_medial_rvs.vtp'.
[2022-11-14 15:58:25.254] [warning] Couldn't find file 'ring_distal_rvs.vtp'.
[2022-11-14 15:58:25.254] [warning] Couldn't find file 'metacarpal5_rvs.vtp'.
[2022-11-14 15:58:25.254] [warning] Couldn't find file 'little_proximal_rvs.vtp'.
[2022-11-14 15:58:25.254] [warning] Couldn't find file 'little_medial_rvs.vtp'.
[2022-11-14 15:58:25.254] [warning] Couldn't find file 'little_distal_rvs.vtp'.
[2022-11-14 15:58:25.254] [warning] Couldn't find file 'metacarpal1_rvs.vtp'.
[2022-11-14 15:58:25.254] [warning] Couldn't find file 'thumb_proximal_rvs.vtp'.
[2022-11-14 15:58:25.254] [warning] Couldn't find file 'thumb_distal_rvs.vtp'.
[2022-11-14 15:58:25.255] [warning] Couldn't find file 'humerus_lv.vtp'.
[2022-11-14 15:58:25.255] [warning] Couldn't find file 'ulna_lv.vtp'.
[2022-11-14 15:58:25.255] [warning] Couldn't find file 'radius_lv.vtp'.
[2022-11-14 15:58:25.255] [warning] Couldn't find file 'pisiform_lvs.vtp'.
[2022-11-14 15:58:25.255] [warning] Couldn't find file 'lunate_lvs.vtp'.
[2022-11-14 15:58:25.255] [warning] Couldn't find file 'scaphoid_lvs.vtp'.
[2022-11-14 15:58:25.255] [warning] Couldn't find file 'triquetrum_lvs.vtp'.
[2022-11-14 15:58:25.255] [warning] Couldn't find file 'hamate_lvs.vtp'.
[2022-11-14 15:58:25.255] [warning] Couldn't find file 'capitate_lvs.vtp'.
[2022-11-14 15:58:25.255] [warning] Couldn't find file 'trapezoid_lvs.vtp'.
[2022-11-14 15:58:25.255] [warning] Couldn't find file 'trapezium_lvs.vtp'.
[2022-11-14 15:58:25.255] [warning] Couldn't find file 'metacarpal2_lvs.vtp'.
[2022-11-14 15:58:25.255] [warning] Couldn't find file 'index_proximal_lvs.vtp'.
[2022-11-14 15:58:25.255] [warning] Couldn't find file 'index_medial_lvs.vtp'.
[2022-11-14 15:58:25.255] [warning] Couldn't find file 'index_distal_lvs.vtp'.
[2022-11-14 15:58:25.255] [warning] Couldn't find file 'metacarpal3_lvs.vtp'.
[2022-11-14 15:58:25.255] [warning] Couldn't find file 'middle_proximal_lvs.vtp'.
[2022-11-14 15:58:25.255] [warning] Couldn't find file 'middle_medial_lvs.vtp'.
[2022-11-14 15:58:25.256] [warning] Couldn't find file 'middle_distal_lvs.vtp'.
[2022-11-14 15:58:25.256] [warning] Couldn't find file 'metacarpal4_lvs.vtp'.
[2022-11-14 15:58:25.256] [warning] Couldn't find file 'ring_proximal_lvs.vtp'.
[2022-11-14 15:58:25.256] [warning] Couldn't find file 'ring_medial_lvs.vtp'.
[2022-11-14 15:58:25.256] [warning] Couldn't find file 'ring_distal_lvs.vtp'.
[2022-11-14 15:58:25.256] [warning] Couldn't find file 'metacarpal5_lvs.vtp'.
[2022-11-14 15:58:25.256] [warning] Couldn't find file 'little_proximal_lvs.vtp'.
[2022-11-14 15:58:25.256] [warning] Couldn't find file 'little_medial_lvs.vtp'.
[2022-11-14 15:58:25.256] [warning] Couldn't find file 'little_distal_lvs.vtp'.
[2022-11-14 15:58:25.256] [warning] Couldn't find file 'metacarpal1_lvs.vtp'.
[2022-11-14 15:58:25.256] [warning] Couldn't find file 'thumb_proximal_lvs.vtp'.
[2022-11-14 15:58:25.256] [warning] Couldn't find file 'thumb_distal_lvs.vtp'.
[2022-11-14 15:58:31.694] [info] Loaded model subject1_withMTJ_locked_scaled_custom from file C:\Users\u0150099\Documents\master_thesis\3dpredictsim\OpenSimModel\subject1\Fal_s1_mtjc4_FK_sc_FDB2_MTc5_cspx10_oy3.osim
[2022-11-14 15:58:31.695] [warning] Couldn't find file 'sacrum.vtp'.
[2022-11-14 15:58:31.695] [warning] Couldn't find file 'pelvis.vtp'.
[2022-11-14 15:58:31.695] [warning] Couldn't find file 'l_pelvis.vtp'.
[2022-11-14 15:58:31.695] [warning] Couldn't find file 'femur_r.vtp'.
[2022-11-14 15:58:31.695] [warning] Couldn't find file 'tibia_r.vtp'.
[2022-11-14 15:58:31.695] [warning] Couldn't find file 'fibula_r.vtp'.
[2022-11-14 15:58:31.695] [warning] Couldn't find file 'talus_rv.vtp'.
[2022-11-14 15:58:31.695] [warning] Couldn't find file 'calcaneous_rv.vtp'.
[2022-11-14 15:58:31.696] [warning] Couldn't find file 'model_r_midfoot.stl'.
[2022-11-14 15:58:31.696] [warning] Couldn't find file 'model_r_forefoot.stl'.
[2022-11-14 15:58:31.696] [warning] Couldn't find file 'model_r_toes.stl'.
[2022-11-14 15:58:31.696] [warning] Couldn't find file 'femur_l.vtp'.
[2022-11-14 15:58:31.696] [warning] Couldn't find file 'tibia_l.vtp'.
[2022-11-14 15:58:31.696] [warning] Couldn't find file 'fibula_l.vtp'.
[2022-11-14 15:58:31.696] [warning] Couldn't find file 'talus_lv.vtp'.
[2022-11-14 15:58:31.696] [warning] Couldn't find file 'calcaneous_lv.vtp'.
[2022-11-14 15:58:31.696] [warning] Couldn't find file 'model_l_midfoot.stl'.
[2022-11-14 15:58:31.696] [warning] Couldn't find file 'model_l_forefoot.stl'.
[2022-11-14 15:58:31.696] [warning] Couldn't find file 'model_l_toes.stl'.
[2022-11-14 15:58:31.696] [warning] Couldn't find file 'hat_spine.vtp'.
[2022-11-14 15:58:31.696] [warning] Couldn't find file 'hat_jaw.vtp'.
[2022-11-14 15:58:31.696] [warning] Couldn't find file 'hat_skull.vtp'.
[2022-11-14 15:58:31.697] [warning] Couldn't find file 'hat_ribs_scap.vtp'.
[2022-11-14 15:58:31.697] [warning] Couldn't find file 'humerus_rv.vtp'.
[2022-11-14 15:58:31.697] [warning] Couldn't find file 'ulna_rv.vtp'.
[2022-11-14 15:58:31.697] [warning] Couldn't find file 'radius_rv.vtp'.
[2022-11-14 15:58:31.697] [warning] Couldn't find file 'pisiform_rvs.vtp'.
[2022-11-14 15:58:31.697] [warning] Couldn't find file 'lunate_rvs.vtp'.
[2022-11-14 15:58:31.697] [warning] Couldn't find file 'scaphoid_rvs.vtp'.
[2022-11-14 15:58:31.697] [warning] Couldn't find file 'triquetrum_rvs.vtp'.
[2022-11-14 15:58:31.697] [warning] Couldn't find file 'hamate_rvs.vtp'.
[2022-11-14 15:58:31.697] [warning] Couldn't find file 'capitate_rvs.vtp'.
[2022-11-14 15:58:31.697] [warning] Couldn't find file 'trapezoid_rvs.vtp'.
[2022-11-14 15:58:31.697] [warning] Couldn't find file 'trapezium_rvs.vtp'.
[2022-11-14 15:58:31.697] [warning] Couldn't find file 'metacarpal2_rvs.vtp'.
[2022-11-14 15:58:31.697] [warning] Couldn't find file 'index_proximal_rvs.vtp'.
[2022-11-14 15:58:31.698] [warning] Couldn't find file 'index_medial_rvs.vtp'.
[2022-11-14 15:58:31.698] [warning] Couldn't find file 'index_distal_rvs.vtp'.
[2022-11-14 15:58:31.698] [warning] Couldn't find file 'metacarpal3_rvs.vtp'.
[2022-11-14 15:58:31.698] [warning] Couldn't find file 'middle_proximal_rvs.vtp'.
[2022-11-14 15:58:31.698] [warning] Couldn't find file 'middle_medial_rvs.vtp'.
[2022-11-14 15:58:31.698] [warning] Couldn't find file 'middle_distal_rvs.vtp'.
[2022-11-14 15:58:31.698] [warning] Couldn't find file 'metacarpal4_rvs.vtp'.
[2022-11-14 15:58:31.698] [warning] Couldn't find file 'ring_proximal_rvs.vtp'.
[2022-11-14 15:58:31.698] [warning] Couldn't find file 'ring_medial_rvs.vtp'.
[2022-11-14 15:58:31.698] [warning] Couldn't find file 'ring_distal_rvs.vtp'.
[2022-11-14 15:58:31.698] [warning] Couldn't find file 'metacarpal5_rvs.vtp'.
[2022-11-14 15:58:31.698] [warning] Couldn't find file 'little_proximal_rvs.vtp'.
[2022-11-14 15:58:31.698] [warning] Couldn't find file 'little_medial_rvs.vtp'.
[2022-11-14 15:58:31.698] [warning] Couldn't find file 'little_distal_rvs.vtp'.
[2022-11-14 15:58:31.698] [warning] Couldn't find file 'metacarpal1_rvs.vtp'.
[2022-11-14 15:58:31.698] [warning] Couldn't find file 'thumb_proximal_rvs.vtp'.
[2022-11-14 15:58:31.699] [warning] Couldn't find file 'thumb_distal_rvs.vtp'.
[2022-11-14 15:58:31.699] [warning] Couldn't find file 'humerus_lv.vtp'.
[2022-11-14 15:58:31.699] [warning] Couldn't find file 'ulna_lv.vtp'.
[2022-11-14 15:58:31.699] [warning] Couldn't find file 'radius_lv.vtp'.
[2022-11-14 15:58:31.699] [warning] Couldn't find file 'pisiform_lvs.vtp'.
[2022-11-14 15:58:31.699] [warning] Couldn't find file 'lunate_lvs.vtp'.
[2022-11-14 15:58:31.699] [warning] Couldn't find file 'scaphoid_lvs.vtp'.
[2022-11-14 15:58:31.699] [warning] Couldn't find file 'triquetrum_lvs.vtp'.
[2022-11-14 15:58:31.699] [warning] Couldn't find file 'hamate_lvs.vtp'.
[2022-11-14 15:58:31.699] [warning] Couldn't find file 'capitate_lvs.vtp'.
[2022-11-14 15:58:31.699] [warning] Couldn't find file 'trapezoid_lvs.vtp'.
[2022-11-14 15:58:31.699] [warning] Couldn't find file 'trapezium_lvs.vtp'.
[2022-11-14 15:58:31.699] [warning] Couldn't find file 'metacarpal2_lvs.vtp'.
[2022-11-14 15:58:31.699] [warning] Couldn't find file 'index_proximal_lvs.vtp'.
[2022-11-14 15:58:31.699] [warning] Couldn't find file 'index_medial_lvs.vtp'.
[2022-11-14 15:58:31.699] [warning] Couldn't find file 'index_distal_lvs.vtp'.
[2022-11-14 15:58:31.699] [warning] Couldn't find file 'metacarpal3_lvs.vtp'.
[2022-11-14 15:58:31.699] [warning] Couldn't find file 'middle_proximal_lvs.vtp'.
[2022-11-14 15:58:31.700] [warning] Couldn't find file 'middle_medial_lvs.vtp'.
[2022-11-14 15:58:31.700] [warning] Couldn't find file 'middle_distal_lvs.vtp'.
[2022-11-14 15:58:31.700] [warning] Couldn't find file 'metacarpal4_lvs.vtp'.
[2022-11-14 15:58:31.700] [warning] Couldn't find file 'ring_proximal_lvs.vtp'.
[2022-11-14 15:58:31.700] [warning] Couldn't find file 'ring_medial_lvs.vtp'.
[2022-11-14 15:58:31.700] [warning] Couldn't find file 'ring_distal_lvs.vtp'.
[2022-11-14 15:58:31.700] [warning] Couldn't find file 'metacarpal5_lvs.vtp'.
[2022-11-14 15:58:31.700] [warning] Couldn't find file 'little_proximal_lvs.vtp'.
[2022-11-14 15:58:31.700] [warning] Couldn't find file 'little_medial_lvs.vtp'.
[2022-11-14 15:58:31.700] [warning] Couldn't find file 'little_distal_lvs.vtp'.
[2022-11-14 15:58:31.700] [warning] Couldn't find file 'metacarpal1_lvs.vtp'.
[2022-11-14 15:58:31.700] [warning] Couldn't find file 'thumb_proximal_lvs.vtp'.
[2022-11-14 15:58:31.700] [warning] Couldn't find file 'thumb_distal_lvs.vtp'.
[2022-11-14 15:58:33.284] [info] Loaded model subject1_withMTJ_locked_scaled_custom from file C:\Users\u0150099\Documents\master_thesis\3dpredictsim\OpenSimModel\subject1\Fal_s1_mtjc4_FK_sc_FDB2_MTc5_cg0.osim
[2022-11-14 15:58:33.286] [warning] Couldn't find file 'sacrum.vtp'.
[2022-11-14 15:58:33.286] [warning] Couldn't find file 'pelvis.vtp'.
[2022-11-14 15:58:33.286] [warning] Couldn't find file 'l_pelvis.vtp'.
[2022-11-14 15:58:33.286] [warning] Couldn't find file 'femur_r.vtp'.
[2022-11-14 15:58:33.286] [warning] Couldn't find file 'tibia_r.vtp'.
[2022-11-14 15:58:33.286] [warning] Couldn't find file 'fibula_r.vtp'.
[2022-11-14 15:58:33.286] [warning] Couldn't find file 'talus_rv.vtp'.
[2022-11-14 15:58:33.286] [warning] Couldn't find file 'calcaneous_rv.vtp'.
[2022-11-14 15:58:33.286] [warning] Couldn't find file 'model_r_midfoot.stl'.
[2022-11-14 15:58:33.286] [warning] Couldn't find file 'model_r_forefoot.stl'.
[2022-11-14 15:58:33.286] [warning] Couldn't find file 'model_r_toes.stl'.
[2022-11-14 15:58:33.286] [warning] Couldn't find file 'femur_l.vtp'.
[2022-11-14 15:58:33.286] [warning] Couldn't find file 'tibia_l.vtp'.
[2022-11-14 15:58:33.287] [warning] Couldn't find file 'fibula_l.vtp'.
[2022-11-14 15:58:33.287] [warning] Couldn't find file 'talus_lv.vtp'.
[2022-11-14 15:58:33.287] [warning] Couldn't find file 'calcaneous_lv.vtp'.
[2022-11-14 15:58:33.287] [warning] Couldn't find file 'model_l_midfoot.stl'.
[2022-11-14 15:58:33.287] [warning] Couldn't find file 'model_l_forefoot.stl'.
[2022-11-14 15:58:33.287] [warning] Couldn't find file 'model_l_toes.stl'.
[2022-11-14 15:58:33.287] [warning] Couldn't find file 'hat_spine.vtp'.
[2022-11-14 15:58:33.287] [warning] Couldn't find file 'hat_jaw.vtp'.
[2022-11-14 15:58:33.287] [warning] Couldn't find file 'hat_skull.vtp'.
[2022-11-14 15:58:33.287] [warning] Couldn't find file 'hat_ribs_scap.vtp'.
[2022-11-14 15:58:33.287] [warning] Couldn't find file 'humerus_rv.vtp'.
[2022-11-14 15:58:33.287] [warning] Couldn't find file 'ulna_rv.vtp'.
[2022-11-14 15:58:33.287] [warning] Couldn't find file 'radius_rv.vtp'.
[2022-11-14 15:58:33.287] [warning] Couldn't find file 'pisiform_rvs.vtp'.
[2022-11-14 15:58:33.287] [warning] Couldn't find file 'lunate_rvs.vtp'.
[2022-11-14 15:58:33.288] [warning] Couldn't find file 'scaphoid_rvs.vtp'.
[2022-11-14 15:58:33.288] [warning] Couldn't find file 'triquetrum_rvs.vtp'.
[2022-11-14 15:58:33.288] [warning] Couldn't find file 'hamate_rvs.vtp'.
[2022-11-14 15:58:33.288] [warning] Couldn't find file 'capitate_rvs.vtp'.
[2022-11-14 15:58:33.288] [warning] Couldn't find file 'trapezoid_rvs.vtp'.
[2022-11-14 15:58:33.288] [warning] Couldn't find file 'trapezium_rvs.vtp'.
[2022-11-14 15:58:33.288] [warning] Couldn't find file 'metacarpal2_rvs.vtp'.
[2022-11-14 15:58:33.288] [warning] Couldn't find file 'index_proximal_rvs.vtp'.
[2022-11-14 15:58:33.288] [warning] Couldn't find file 'index_medial_rvs.vtp'.
[2022-11-14 15:58:33.288] [warning] Couldn't find file 'index_distal_rvs.vtp'.
[2022-11-14 15:58:33.288] [warning] Couldn't find file 'metacarpal3_rvs.vtp'.
[2022-11-14 15:58:33.288] [warning] Couldn't find file 'middle_proximal_rvs.vtp'.
[2022-11-14 15:58:33.288] [warning] Couldn't find file 'middle_medial_rvs.vtp'.
[2022-11-14 15:58:33.288] [warning] Couldn't find file 'middle_distal_rvs.vtp'.
[2022-11-14 15:58:33.288] [warning] Couldn't find file 'metacarpal4_rvs.vtp'.
[2022-11-14 15:58:33.288] [warning] Couldn't find file 'ring_proximal_rvs.vtp'.
[2022-11-14 15:58:33.288] [warning] Couldn't find file 'ring_medial_rvs.vtp'.
[2022-11-14 15:58:33.289] [warning] Couldn't find file 'ring_distal_rvs.vtp'.
[2022-11-14 15:58:33.289] [warning] Couldn't find file 'metacarpal5_rvs.vtp'.
[2022-11-14 15:58:33.289] [warning] Couldn't find file 'little_proximal_rvs.vtp'.
[2022-11-14 15:58:33.289] [warning] Couldn't find file 'little_medial_rvs.vtp'.
[2022-11-14 15:58:33.289] [warning] Couldn't find file 'little_distal_rvs.vtp'.
[2022-11-14 15:58:33.289] [warning] Couldn't find file 'metacarpal1_rvs.vtp'.
[2022-11-14 15:58:33.289] [warning] Couldn't find file 'thumb_proximal_rvs.vtp'.
[2022-11-14 15:58:33.289] [warning] Couldn't find file 'thumb_distal_rvs.vtp'.
[2022-11-14 15:58:33.289] [warning] Couldn't find file 'humerus_lv.vtp'.
[2022-11-14 15:58:33.289] [warning] Couldn't find file 'ulna_lv.vtp'.
[2022-11-14 15:58:33.289] [warning] Couldn't find file 'radius_lv.vtp'.
[2022-11-14 15:58:33.289] [warning] Couldn't find file 'pisiform_lvs.vtp'.
[2022-11-14 15:58:33.289] [warning] Couldn't find file 'lunate_lvs.vtp'.
[2022-11-14 15:58:33.289] [warning] Couldn't find file 'scaphoid_lvs.vtp'.
[2022-11-14 15:58:33.289] [warning] Couldn't find file 'triquetrum_lvs.vtp'.
[2022-11-14 15:58:33.289] [warning] Couldn't find file 'hamate_lvs.vtp'.
[2022-11-14 15:58:33.289] [warning] Couldn't find file 'capitate_lvs.vtp'.
[2022-11-14 15:58:33.290] [warning] Couldn't find file 'trapezoid_lvs.vtp'.
[2022-11-14 15:58:33.290] [warning] Couldn't find file 'trapezium_lvs.vtp'.
[2022-11-14 15:58:33.290] [warning] Couldn't find file 'metacarpal2_lvs.vtp'.
[2022-11-14 15:58:33.290] [warning] Couldn't find file 'index_proximal_lvs.vtp'.
[2022-11-14 15:58:33.290] [warning] Couldn't find file 'index_medial_lvs.vtp'.
[2022-11-14 15:58:33.290] [warning] Couldn't find file 'index_distal_lvs.vtp'.
[2022-11-14 15:58:33.290] [warning] Couldn't find file 'metacarpal3_lvs.vtp'.
[2022-11-14 15:58:33.290] [warning] Couldn't find file 'middle_proximal_lvs.vtp'.
[2022-11-14 15:58:33.290] [warning] Couldn't find file 'middle_medial_lvs.vtp'.
[2022-11-14 15:58:33.290] [warning] Couldn't find file 'middle_distal_lvs.vtp'.
[2022-11-14 15:58:33.290] [warning] Couldn't find file 'metacarpal4_lvs.vtp'.
[2022-11-14 15:58:33.290] [warning] Couldn't find file 'ring_proximal_lvs.vtp'.
[2022-11-14 15:58:33.290] [warning] Couldn't find file 'ring_medial_lvs.vtp'.
[2022-11-14 15:58:33.290] [warning] Couldn't find file 'ring_distal_lvs.vtp'.
[2022-11-14 15:58:33.290] [warning] Couldn't find file 'metacarpal5_lvs.vtp'.
[2022-11-14 15:58:33.290] [warning] Couldn't find file 'little_proximal_lvs.vtp'.
[2022-11-14 15:58:33.290] [warning] Couldn't find file 'little_medial_lvs.vtp'.
[2022-11-14 15:58:33.291] [warning] Couldn't find file 'little_distal_lvs.vtp'.
[2022-11-14 15:58:33.291] [warning] Couldn't find file 'metacarpal1_lvs.vtp'.
[2022-11-14 15:58:33.291] [warning] Couldn't find file 'thumb_proximal_lvs.vtp'.
[2022-11-14 15:58:33.291] [warning] Couldn't find file 'thumb_distal_lvs.vtp'.
[2022-11-15 09:58:37.436] [info] Loaded model subject1_scaled_AdaptedForPredSim_AdaptedForPredSim from file C:\GBW_MyPrograms\PredSim_test\Subjects\Subject1_2D_test_1\Subject1_2D_test_1.osim
[2022-11-15 09:58:37.437] [warning] Couldn't find file 'sacrum.vtp'.
[2022-11-15 09:58:37.437] [warning] Couldn't find file 'pelvis.vtp'.
[2022-11-15 09:58:37.437] [warning] Couldn't find file 'l_pelvis.vtp'.
[2022-11-15 09:58:37.437] [warning] Couldn't find file 'femur.vtp'.
[2022-11-15 09:58:37.437] [warning] Couldn't find file 'tibia.vtp'.
[2022-11-15 09:58:37.437] [warning] Couldn't find file 'fibula.vtp'.
[2022-11-15 09:58:37.437] [warning] Couldn't find file 'talus.vtp'.
[2022-11-15 09:58:37.437] [warning] Couldn't find file 'foot.vtp'.
[2022-11-15 09:58:37.437] [warning] Couldn't find file 'bofoot.vtp'.
[2022-11-15 09:58:37.438] [warning] Couldn't find file 'l_femur.vtp'.
[2022-11-15 09:58:37.438] [warning] Couldn't find file 'l_tibia.vtp'.
[2022-11-15 09:58:37.438] [warning] Couldn't find file 'l_fibula.vtp'.
[2022-11-15 09:58:37.438] [warning] Couldn't find file 'l_talus.vtp'.
[2022-11-15 09:58:37.438] [warning] Couldn't find file 'l_foot.vtp'.
[2022-11-15 09:58:37.438] [warning] Couldn't find file 'l_bofoot.vtp'.
[2022-11-15 09:58:37.438] [warning] Couldn't find file 'hat_spine.vtp'.
[2022-11-15 09:58:37.438] [warning] Couldn't find file 'hat_jaw.vtp'.
[2022-11-15 09:58:37.438] [warning] Couldn't find file 'hat_skull.vtp'.
[2022-11-15 09:58:37.438] [warning] Couldn't find file 'hat_ribs.vtp'.
[2022-11-15 09:58:37.478] [info] Loaded model subject1_scaled_AdaptedForPredSim_AdaptedForPredSim from file C:\GBW_MyPrograms\PredSim_test\Subjects\Subject1_2D_test_1\Subject1_2D_test_1.osim
[2022-11-15 09:58:37.479] [warning] Couldn't find file 'sacrum.vtp'.
[2022-11-15 09:58:37.479] [warning] Couldn't find file 'pelvis.vtp'.
[2022-11-15 09:58:37.479] [warning] Couldn't find file 'l_pelvis.vtp'.
[2022-11-15 09:58:37.479] [warning] Couldn't find file 'femur.vtp'.
[2022-11-15 09:58:37.479] [warning] Couldn't find file 'tibia.vtp'.
[2022-11-15 09:58:37.479] [warning] Couldn't find file 'fibula.vtp'.
[2022-11-15 09:58:37.479] [warning] Couldn't find file 'talus.vtp'.
[2022-11-15 09:58:37.479] [warning] Couldn't find file 'foot.vtp'.
[2022-11-15 09:58:37.479] [warning] Couldn't find file 'bofoot.vtp'.
[2022-11-15 09:58:37.479] [warning] Couldn't find file 'l_femur.vtp'.
[2022-11-15 09:58:37.479] [warning] Couldn't find file 'l_tibia.vtp'.
[2022-11-15 09:58:37.480] [warning] Couldn't find file 'l_fibula.vtp'.
[2022-11-15 09:58:37.480] [warning] Couldn't find file 'l_talus.vtp'.
[2022-11-15 09:58:37.480] [warning] Couldn't find file 'l_foot.vtp'.
[2022-11-15 09:58:37.480] [warning] Couldn't find file 'l_bofoot.vtp'.
[2022-11-15 09:58:37.480] [warning] Couldn't find file 'hat_spine.vtp'.
[2022-11-15 09:58:37.480] [warning] Couldn't find file 'hat_jaw.vtp'.
[2022-11-15 09:58:37.480] [warning] Couldn't find file 'hat_skull.vtp'.
[2022-11-15 09:58:37.480] [warning] Couldn't find file 'hat_ribs.vtp'.
[2022-11-15 09:58:37.519] [info] Loaded model subject1_scaled_AdaptedForPredSim_AdaptedForPredSim from file C:\GBW_MyPrograms\PredSim_test\Subjects\Subject1_2D_test_1\Subject1_2D_test_1.osim
[2022-11-15 09:58:37.519] [warning] Couldn't find file 'sacrum.vtp'.
[2022-11-15 09:58:37.519] [warning] Couldn't find file 'pelvis.vtp'.
[2022-11-15 09:58:37.520] [warning] Couldn't find file 'l_pelvis.vtp'.
[2022-11-15 09:58:37.520] [warning] Couldn't find file 'femur.vtp'.
[2022-11-15 09:58:37.520] [warning] Couldn't find file 'tibia.vtp'.
[2022-11-15 09:58:37.520] [warning] Couldn't find file 'fibula.vtp'.
[2022-11-15 09:58:37.520] [warning] Couldn't find file 'talus.vtp'.
[2022-11-15 09:58:37.520] [warning] Couldn't find file 'foot.vtp'.
[2022-11-15 09:58:37.520] [warning] Couldn't find file 'bofoot.vtp'.
[2022-11-15 09:58:37.520] [warning] Couldn't find file 'l_femur.vtp'.
[2022-11-15 09:58:37.520] [warning] Couldn't find file 'l_tibia.vtp'.
[2022-11-15 09:58:37.520] [warning] Couldn't find file 'l_fibula.vtp'.
[2022-11-15 09:58:37.520] [warning] Couldn't find file 'l_talus.vtp'.
[2022-11-15 09:58:37.520] [warning] Couldn't find file 'l_foot.vtp'.
[2022-11-15 09:58:37.520] [warning] Couldn't find file 'l_bofoot.vtp'.
[2022-11-15 09:58:37.520] [warning] Couldn't find file 'hat_spine.vtp'.
[2022-11-15 09:58:37.520] [warning] Couldn't find file 'hat_jaw.vtp'.
[2022-11-15 09:58:37.520] [warning] Couldn't find file 'hat_skull.vtp'.
[2022-11-15 09:58:37.520] [warning] Couldn't find file 'hat_ribs.vtp'.
[2022-11-15 09:58:37.565] [info] Loaded model subject1_scaled_AdaptedForPredSim_AdaptedForPredSim from file C:\GBW_MyPrograms\PredSim_test\Subjects\Subject1_2D_test_1\Subject1_2D_test_1.osim
[2022-11-15 09:58:37.565] [warning] Couldn't find file 'sacrum.vtp'.
[2022-11-15 09:58:37.566] [warning] Couldn't find file 'pelvis.vtp'.
[2022-11-15 09:58:37.566] [warning] Couldn't find file 'l_pelvis.vtp'.
[2022-11-15 09:58:37.566] [warning] Couldn't find file 'femur.vtp'.
[2022-11-15 09:58:37.566] [warning] Couldn't find file 'tibia.vtp'.
[2022-11-15 09:58:37.566] [warning] Couldn't find file 'fibula.vtp'.
[2022-11-15 09:58:37.566] [warning] Couldn't find file 'talus.vtp'.
[2022-11-15 09:58:37.566] [warning] Couldn't find file 'foot.vtp'.
[2022-11-15 09:58:37.566] [warning] Couldn't find file 'bofoot.vtp'.
[2022-11-15 09:58:37.566] [warning] Couldn't find file 'l_femur.vtp'.
[2022-11-15 09:58:37.566] [warning] Couldn't find file 'l_tibia.vtp'.
[2022-11-15 09:58:37.566] [warning] Couldn't find file 'l_fibula.vtp'.
[2022-11-15 09:58:37.566] [warning] Couldn't find file 'l_talus.vtp'.
[2022-11-15 09:58:37.566] [warning] Couldn't find file 'l_foot.vtp'.
[2022-11-15 09:58:37.566] [warning] Couldn't find file 'l_bofoot.vtp'.
[2022-11-15 09:58:37.566] [warning] Couldn't find file 'hat_spine.vtp'.
[2022-11-15 09:58:37.567] [warning] Couldn't find file 'hat_jaw.vtp'.
[2022-11-15 09:58:37.567] [warning] Couldn't find file 'hat_skull.vtp'.
[2022-11-15 09:58:37.567] [warning] Couldn't find file 'hat_ribs.vtp'.
[2022-11-15 09:58:37.647] [info] Loaded model subject1_scaled_AdaptedForPredSim_AdaptedForPredSim from file C:\GBW_MyPrograms\PredSim_test\Subjects\Subject1_2D_test_1\Subject1_2D_test_1.osim
[2022-11-15 09:58:37.648] [warning] Couldn't find file 'sacrum.vtp'.
[2022-11-15 09:58:37.648] [warning] Couldn't find file 'pelvis.vtp'.
[2022-11-15 09:58:37.648] [warning] Couldn't find file 'l_pelvis.vtp'.
[2022-11-15 09:58:37.648] [warning] Couldn't find file 'femur.vtp'.
[2022-11-15 09:58:37.648] [warning] Couldn't find file 'tibia.vtp'.
[2022-11-15 09:58:37.648] [warning] Couldn't find file 'fibula.vtp'.
[2022-11-15 09:58:37.648] [warning] Couldn't find file 'talus.vtp'.
[2022-11-15 09:58:37.648] [warning] Couldn't find file 'foot.vtp'.
[2022-11-15 09:58:37.648] [warning] Couldn't find file 'bofoot.vtp'.
[2022-11-15 09:58:37.648] [warning] Couldn't find file 'l_femur.vtp'.
[2022-11-15 09:58:37.648] [warning] Couldn't find file 'l_tibia.vtp'.
[2022-11-15 09:58:37.648] [warning] Couldn't find file 'l_fibula.vtp'.
[2022-11-15 09:58:37.648] [warning] Couldn't find file 'l_talus.vtp'.
[2022-11-15 09:58:37.648] [warning] Couldn't find file 'l_foot.vtp'.
[2022-11-15 09:58:37.648] [warning] Couldn't find file 'l_bofoot.vtp'.
[2022-11-15 09:58:37.648] [warning] Couldn't find file 'hat_spine.vtp'.
[2022-11-15 09:58:37.649] [warning] Couldn't find file 'hat_jaw.vtp'.
[2022-11-15 09:58:37.649] [warning] Couldn't find file 'hat_skull.vtp'.
[2022-11-15 09:58:37.649] [warning] Couldn't find file 'hat_ribs.vtp'.
[2022-11-15 09:58:37.700] [info] Loaded model subject1_scaled_AdaptedForPredSim_AdaptedForPredSim from file C:\GBW_MyPrograms\PredSim_test\Subjects\Subject1_2D_test_1\Subject1_2D_test_1.osim
[2022-11-15 09:58:37.701] [warning] Couldn't find file 'sacrum.vtp'.
[2022-11-15 09:58:37.701] [warning] Couldn't find file 'pelvis.vtp'.
[2022-11-15 09:58:37.701] [warning] Couldn't find file 'l_pelvis.vtp'.
[2022-11-15 09:58:37.701] [warning] Couldn't find file 'femur.vtp'.
[2022-11-15 09:58:37.701] [warning] Couldn't find file 'tibia.vtp'.
[2022-11-15 09:58:37.701] [warning] Couldn't find file 'fibula.vtp'.
[2022-11-15 09:58:37.701] [warning] Couldn't find file 'talus.vtp'.
[2022-11-15 09:58:37.701] [warning] Couldn't find file 'foot.vtp'.
[2022-11-15 09:58:37.701] [warning] Couldn't find file 'bofoot.vtp'.
[2022-11-15 09:58:37.701] [warning] Couldn't find file 'l_femur.vtp'.
[2022-11-15 09:58:37.701] [warning] Couldn't find file 'l_tibia.vtp'.
[2022-11-15 09:58:37.701] [warning] Couldn't find file 'l_fibula.vtp'.
[2022-11-15 09:58:37.701] [warning] Couldn't find file 'l_talus.vtp'.
[2022-11-15 09:58:37.701] [warning] Couldn't find file 'l_foot.vtp'.
[2022-11-15 09:58:37.702] [warning] Couldn't find file 'l_bofoot.vtp'.
[2022-11-15 09:58:37.702] [warning] Couldn't find file 'hat_spine.vtp'.
[2022-11-15 09:58:37.702] [warning] Couldn't find file 'hat_jaw.vtp'.
[2022-11-15 09:58:37.702] [warning] Couldn't find file 'hat_skull.vtp'.
[2022-11-15 09:58:37.702] [warning] Couldn't find file 'hat_ribs.vtp'.
[2022-11-15 09:58:38.004] [info] Loaded model subject1_scaled_AdaptedForPredSim_AdaptedForPredSim from file C:\GBW_MyPrograms\PredSim_test\Subjects\Subject1_2D_test_1\Subject1_2D_test_1.osim
[2022-11-15 09:58:38.005] [warning] Couldn't find file 'sacrum.vtp'.
[2022-11-15 09:58:38.005] [warning] Couldn't find file 'pelvis.vtp'.
[2022-11-15 09:58:38.005] [warning] Couldn't find file 'l_pelvis.vtp'.
[2022-11-15 09:58:38.005] [warning] Couldn't find file 'femur.vtp'.
[2022-11-15 09:58:38.005] [warning] Couldn't find file 'tibia.vtp'.
[2022-11-15 09:58:38.005] [warning] Couldn't find file 'fibula.vtp'.
[2022-11-15 09:58:38.005] [warning] Couldn't find file 'talus.vtp'.
[2022-11-15 09:58:38.005] [warning] Couldn't find file 'foot.vtp'.
[2022-11-15 09:58:38.005] [warning] Couldn't find file 'bofoot.vtp'.
[2022-11-15 09:58:38.005] [warning] Couldn't find file 'l_femur.vtp'.
[2022-11-15 09:58:38.005] [warning] Couldn't find file 'l_tibia.vtp'.
[2022-11-15 09:58:38.005] [warning] Couldn't find file 'l_fibula.vtp'.
[2022-11-15 09:58:38.005] [warning] Couldn't find file 'l_talus.vtp'.
[2022-11-15 09:58:38.005] [warning] Couldn't find file 'l_foot.vtp'.
[2022-11-15 09:58:38.005] [warning] Couldn't find file 'l_bofoot.vtp'.
[2022-11-15 09:58:38.005] [warning] Couldn't find file 'hat_spine.vtp'.
[2022-11-15 09:58:38.006] [warning] Couldn't find file 'hat_jaw.vtp'.
[2022-11-15 09:58:38.006] [warning] Couldn't find file 'hat_skull.vtp'.
[2022-11-15 09:58:38.006] [warning] Couldn't find file 'hat_ribs.vtp'.
[2022-11-15 09:58:38.376] [info] Loaded model subject1_scaled_AdaptedForPredSim_AdaptedForPredSim from file C:\GBW_MyPrograms\PredSim_test\Subjects\Subject1_2D_test_1\Subject1_2D_test_1.osim
[2022-11-15 09:58:38.377] [warning] Couldn't find file 'sacrum.vtp'.
[2022-11-15 09:58:38.377] [warning] Couldn't find file 'pelvis.vtp'.
[2022-11-15 09:58:38.377] [warning] Couldn't find file 'l_pelvis.vtp'.
[2022-11-15 09:58:38.377] [warning] Couldn't find file 'femur.vtp'.
[2022-11-15 09:58:38.377] [warning] Couldn't find file 'tibia.vtp'.
[2022-11-15 09:58:38.377] [warning] Couldn't find file 'fibula.vtp'.
[2022-11-15 09:58:38.377] [warning] Couldn't find file 'talus.vtp'.
[2022-11-15 09:58:38.377] [warning] Couldn't find file 'foot.vtp'.
[2022-11-15 09:58:38.377] [warning] Couldn't find file 'bofoot.vtp'.
[2022-11-15 09:58:38.377] [warning] Couldn't find file 'l_femur.vtp'.
[2022-11-15 09:58:38.377] [warning] Couldn't find file 'l_tibia.vtp'.
[2022-11-15 09:58:38.377] [warning] Couldn't find file 'l_fibula.vtp'.
[2022-11-15 09:58:38.378] [warning] Couldn't find file 'l_talus.vtp'.
[2022-11-15 09:58:38.378] [warning] Couldn't find file 'l_foot.vtp'.
[2022-11-15 09:58:38.378] [warning] Couldn't find file 'l_bofoot.vtp'.
[2022-11-15 09:58:38.378] [warning] Couldn't find file 'hat_spine.vtp'.
[2022-11-15 09:58:38.378] [warning] Couldn't find file 'hat_jaw.vtp'.
[2022-11-15 09:58:38.378] [warning] Couldn't find file 'hat_skull.vtp'.
[2022-11-15 09:58:38.378] [warning] Couldn't find file 'hat_ribs.vtp'.
[2022-11-15 10:24:39.357] [info] Loaded model subject1_scaled_AdaptedForPredSim_AdaptedForPredSim from file C:\GBW_MyPrograms\PredSim_test\Subjects\Subject1_2D_test_1\Subject1_2D_test_1.osim
[2022-11-15 10:24:39.357] [warning] Couldn't find file 'sacrum.vtp'.
[2022-11-15 10:24:39.357] [warning] Couldn't find file 'pelvis.vtp'.
[2022-11-15 10:24:39.357] [warning] Couldn't find file 'l_pelvis.vtp'.
[2022-11-15 10:24:39.357] [warning] Couldn't find file 'femur.vtp'.
[2022-11-15 10:24:39.357] [warning] Couldn't find file 'tibia.vtp'.
[2022-11-15 10:24:39.357] [warning] Couldn't find file 'fibula.vtp'.
[2022-11-15 10:24:39.357] [warning] Couldn't find file 'talus.vtp'.
[2022-11-15 10:24:39.357] [warning] Couldn't find file 'foot.vtp'.
[2022-11-15 10:24:39.358] [warning] Couldn't find file 'bofoot.vtp'.
[2022-11-15 10:24:39.358] [warning] Couldn't find file 'l_femur.vtp'.
[2022-11-15 10:24:39.358] [warning] Couldn't find file 'l_tibia.vtp'.
[2022-11-15 10:24:39.358] [warning] Couldn't find file 'l_fibula.vtp'.
[2022-11-15 10:24:39.358] [warning] Couldn't find file 'l_talus.vtp'.
[2022-11-15 10:24:39.358] [warning] Couldn't find file 'l_foot.vtp'.
[2022-11-15 10:24:39.358] [warning] Couldn't find file 'l_bofoot.vtp'.
[2022-11-15 10:24:39.358] [warning] Couldn't find file 'hat_spine.vtp'.
[2022-11-15 10:24:39.358] [warning] Couldn't find file 'hat_jaw.vtp'.
[2022-11-15 10:24:39.358] [warning] Couldn't find file 'hat_skull.vtp'.
[2022-11-15 10:24:39.358] [warning] Couldn't find file 'hat_ribs.vtp'.
[2022-11-15 10:24:39.391] [info] Loaded model subject1_scaled_AdaptedForPredSim_AdaptedForPredSim from file C:\GBW_MyPrograms\PredSim_test\Subjects\Subject1_2D_test_1\Subject1_2D_test_1.osim
[2022-11-15 10:24:39.391] [warning] Couldn't find file 'sacrum.vtp'.
[2022-11-15 10:24:39.391] [warning] Couldn't find file 'pelvis.vtp'.
[2022-11-15 10:24:39.391] [warning] Couldn't find file 'l_pelvis.vtp'.
[2022-11-15 10:24:39.391] [warning] Couldn't find file 'femur.vtp'.
[2022-11-15 10:24:39.391] [warning] Couldn't find file 'tibia.vtp'.
[2022-11-15 10:24:39.391] [warning] Couldn't find file 'fibula.vtp'.
[2022-11-15 10:24:39.392] [warning] Couldn't find file 'talus.vtp'.
[2022-11-15 10:24:39.392] [warning] Couldn't find file 'foot.vtp'.
[2022-11-15 10:24:39.392] [warning] Couldn't find file 'bofoot.vtp'.
[2022-11-15 10:24:39.392] [warning] Couldn't find file 'l_femur.vtp'.
[2022-11-15 10:24:39.392] [warning] Couldn't find file 'l_tibia.vtp'.
[2022-11-15 10:24:39.392] [warning] Couldn't find file 'l_fibula.vtp'.
[2022-11-15 10:24:39.392] [warning] Couldn't find file 'l_talus.vtp'.
[2022-11-15 10:24:39.392] [warning] Couldn't find file 'l_foot.vtp'.
[2022-11-15 10:24:39.392] [warning] Couldn't find file 'l_bofoot.vtp'.
[2022-11-15 10:24:39.392] [warning] Couldn't find file 'hat_spine.vtp'.
[2022-11-15 10:24:39.392] [warning] Couldn't find file 'hat_jaw.vtp'.
[2022-11-15 10:24:39.392] [warning] Couldn't find file 'hat_skull.vtp'.
[2022-11-15 10:24:39.392] [warning] Couldn't find file 'hat_ribs.vtp'.
[2022-11-15 10:24:39.420] [info] Loaded model subject1_scaled_AdaptedForPredSim_AdaptedForPredSim from file C:\GBW_MyPrograms\PredSim_test\Subjects\Subject1_2D_test_1\Subject1_2D_test_1.osim
[2022-11-15 10:24:39.420] [warning] Couldn't find file 'sacrum.vtp'.
[2022-11-15 10:24:39.420] [warning] Couldn't find file 'pelvis.vtp'.
[2022-11-15 10:24:39.420] [warning] Couldn't find file 'l_pelvis.vtp'.
[2022-11-15 10:24:39.420] [warning] Couldn't find file 'femur.vtp'.
[2022-11-15 10:24:39.420] [warning] Couldn't find file 'tibia.vtp'.
[2022-11-15 10:24:39.420] [warning] Couldn't find file 'fibula.vtp'.
[2022-11-15 10:24:39.420] [warning] Couldn't find file 'talus.vtp'.
[2022-11-15 10:24:39.420] [warning] Couldn't find file 'foot.vtp'.
[2022-11-15 10:24:39.420] [warning] Couldn't find file 'bofoot.vtp'.
[2022-11-15 10:24:39.420] [warning] Couldn't find file 'l_femur.vtp'.
[2022-11-15 10:24:39.421] [warning] Couldn't find file 'l_tibia.vtp'.
[2022-11-15 10:24:39.421] [warning] Couldn't find file 'l_fibula.vtp'.
[2022-11-15 10:24:39.421] [warning] Couldn't find file 'l_talus.vtp'.
[2022-11-15 10:24:39.421] [warning] Couldn't find file 'l_foot.vtp'.
[2022-11-15 10:24:39.421] [warning] Couldn't find file 'l_bofoot.vtp'.
[2022-11-15 10:24:39.421] [warning] Couldn't find file 'hat_spine.vtp'.
[2022-11-15 10:24:39.421] [warning] Couldn't find file 'hat_jaw.vtp'.
[2022-11-15 10:24:39.421] [warning] Couldn't find file 'hat_skull.vtp'.
[2022-11-15 10:24:39.421] [warning] Couldn't find file 'hat_ribs.vtp'.
[2022-11-15 10:24:39.461] [info] Loaded model subject1_scaled_AdaptedForPredSim_AdaptedForPredSim from file C:\GBW_MyPrograms\PredSim_test\Subjects\Subject1_2D_test_1\Subject1_2D_test_1.osim
[2022-11-15 10:24:39.461] [warning] Couldn't find file 'sacrum.vtp'.
[2022-11-15 10:24:39.461] [warning] Couldn't find file 'pelvis.vtp'.
[2022-11-15 10:24:39.461] [warning] Couldn't find file 'l_pelvis.vtp'.
[2022-11-15 10:24:39.461] [warning] Couldn't find file 'femur.vtp'.
[2022-11-15 10:24:39.462] [warning] Couldn't find file 'tibia.vtp'.
[2022-11-15 10:24:39.462] [warning] Couldn't find file 'fibula.vtp'.
[2022-11-15 10:24:39.462] [warning] Couldn't find file 'talus.vtp'.
[2022-11-15 10:24:39.462] [warning] Couldn't find file 'foot.vtp'.
[2022-11-15 10:24:39.462] [warning] Couldn't find file 'bofoot.vtp'.
[2022-11-15 10:24:39.462] [warning] Couldn't find file 'l_femur.vtp'.
[2022-11-15 10:24:39.462] [warning] Couldn't find file 'l_tibia.vtp'.
[2022-11-15 10:24:39.462] [warning] Couldn't find file 'l_fibula.vtp'.
[2022-11-15 10:24:39.462] [warning] Couldn't find file 'l_talus.vtp'.
[2022-11-15 10:24:39.462] [warning] Couldn't find file 'l_foot.vtp'.
[2022-11-15 10:24:39.462] [warning] Couldn't find file 'l_bofoot.vtp'.
[2022-11-15 10:24:39.462] [warning] Couldn't find file 'hat_spine.vtp'.
[2022-11-15 10:24:39.462] [warning] Couldn't find file 'hat_jaw.vtp'.
[2022-11-15 10:24:39.462] [warning] Couldn't find file 'hat_skull.vtp'.
[2022-11-15 10:24:39.462] [warning] Couldn't find file 'hat_ribs.vtp'.
[2022-11-15 10:24:39.511] [info] Loaded model subject1_scaled_AdaptedForPredSim_AdaptedForPredSim from file C:\GBW_MyPrograms\PredSim_test\Subjects\Subject1_2D_test_1\Subject1_2D_test_1.osim
[2022-11-15 10:24:39.511] [warning] Couldn't find file 'sacrum.vtp'.
[2022-11-15 10:24:39.511] [warning] Couldn't find file 'pelvis.vtp'.
[2022-11-15 10:24:39.511] [warning] Couldn't find file 'l_pelvis.vtp'.
[2022-11-15 10:24:39.512] [warning] Couldn't find file 'femur.vtp'.
[2022-11-15 10:24:39.512] [warning] Couldn't find file 'tibia.vtp'.
[2022-11-15 10:24:39.512] [warning] Couldn't find file 'fibula.vtp'.
[2022-11-15 10:24:39.512] [warning] Couldn't find file 'talus.vtp'.
[2022-11-15 10:24:39.512] [warning] Couldn't find file 'foot.vtp'.
[2022-11-15 10:24:39.512] [warning] Couldn't find file 'bofoot.vtp'.
[2022-11-15 10:24:39.512] [warning] Couldn't find file 'l_femur.vtp'.
[2022-11-15 10:24:39.512] [warning] Couldn't find file 'l_tibia.vtp'.
[2022-11-15 10:24:39.512] [warning] Couldn't find file 'l_fibula.vtp'.
[2022-11-15 10:24:39.512] [warning] Couldn't find file 'l_talus.vtp'.
[2022-11-15 10:24:39.512] [warning] Couldn't find file 'l_foot.vtp'.
[2022-11-15 10:24:39.512] [warning] Couldn't find file 'l_bofoot.vtp'.
[2022-11-15 10:24:39.512] [warning] Couldn't find file 'hat_spine.vtp'.
[2022-11-15 10:24:39.512] [warning] Couldn't find file 'hat_jaw.vtp'.
[2022-11-15 10:24:39.512] [warning] Couldn't find file 'hat_skull.vtp'.
[2022-11-15 10:24:39.512] [warning] Couldn't find file 'hat_ribs.vtp'.
[2022-11-15 10:24:39.554] [info] Loaded model subject1_scaled_AdaptedForPredSim_AdaptedForPredSim from file C:\GBW_MyPrograms\PredSim_test\Subjects\Subject1_2D_test_1\Subject1_2D_test_1.osim
[2022-11-15 10:24:39.555] [warning] Couldn't find file 'sacrum.vtp'.
[2022-11-15 10:24:39.555] [warning] Couldn't find file 'pelvis.vtp'.
[2022-11-15 10:24:39.555] [warning] Couldn't find file 'l_pelvis.vtp'.
[2022-11-15 10:24:39.555] [warning] Couldn't find file 'femur.vtp'.
[2022-11-15 10:24:39.555] [warning] Couldn't find file 'tibia.vtp'.
[2022-11-15 10:24:39.555] [warning] Couldn't find file 'fibula.vtp'.
[2022-11-15 10:24:39.555] [warning] Couldn't find file 'talus.vtp'.
[2022-11-15 10:24:39.555] [warning] Couldn't find file 'foot.vtp'.
[2022-11-15 10:24:39.555] [warning] Couldn't find file 'bofoot.vtp'.
[2022-11-15 10:24:39.555] [warning] Couldn't find file 'l_femur.vtp'.
[2022-11-15 10:24:39.555] [warning] Couldn't find file 'l_tibia.vtp'.
[2022-11-15 10:24:39.555] [warning] Couldn't find file 'l_fibula.vtp'.
[2022-11-15 10:24:39.555] [warning] Couldn't find file 'l_talus.vtp'.
[2022-11-15 10:24:39.555] [warning] Couldn't find file 'l_foot.vtp'.
[2022-11-15 10:24:39.555] [warning] Couldn't find file 'l_bofoot.vtp'.
[2022-11-15 10:24:39.556] [warning] Couldn't find file 'hat_spine.vtp'.
[2022-11-15 10:24:39.556] [warning] Couldn't find file 'hat_jaw.vtp'.
[2022-11-15 10:24:39.556] [warning] Couldn't find file 'hat_skull.vtp'.
[2022-11-15 10:24:39.556] [warning] Couldn't find file 'hat_ribs.vtp'.
[2022-11-15 10:24:39.676] [info] Loaded model subject1_scaled_AdaptedForPredSim_AdaptedForPredSim from file C:\GBW_MyPrograms\PredSim_test\Subjects\Subject1_2D_test_1\Subject1_2D_test_1.osim
[2022-11-15 10:24:39.676] [warning] Couldn't find file 'sacrum.vtp'.
[2022-11-15 10:24:39.676] [warning] Couldn't find file 'pelvis.vtp'.
[2022-11-15 10:24:39.676] [warning] Couldn't find file 'l_pelvis.vtp'.
[2022-11-15 10:24:39.676] [warning] Couldn't find file 'femur.vtp'.
[2022-11-15 10:24:39.676] [warning] Couldn't find file 'tibia.vtp'.
[2022-11-15 10:24:39.676] [warning] Couldn't find file 'fibula.vtp'.
[2022-11-15 10:24:39.676] [warning] Couldn't find file 'talus.vtp'.
[2022-11-15 10:24:39.677] [warning] Couldn't find file 'foot.vtp'.
[2022-11-15 10:24:39.677] [warning] Couldn't find file 'bofoot.vtp'.
[2022-11-15 10:24:39.677] [warning] Couldn't find file 'l_femur.vtp'.
[2022-11-15 10:24:39.677] [warning] Couldn't find file 'l_tibia.vtp'.
[2022-11-15 10:24:39.677] [warning] Couldn't find file 'l_fibula.vtp'.
[2022-11-15 10:24:39.677] [warning] Couldn't find file 'l_talus.vtp'.
[2022-11-15 10:24:39.677] [warning] Couldn't find file 'l_foot.vtp'.
[2022-11-15 10:24:39.677] [warning] Couldn't find file 'l_bofoot.vtp'.
[2022-11-15 10:24:39.677] [warning] Couldn't find file 'hat_spine.vtp'.
[2022-11-15 10:24:39.677] [warning] Couldn't find file 'hat_jaw.vtp'.
[2022-11-15 10:24:39.677] [warning] Couldn't find file 'hat_skull.vtp'.
[2022-11-15 10:24:39.677] [warning] Couldn't find file 'hat_ribs.vtp'.
[2022-11-15 10:24:39.956] [info] Loaded model subject1_scaled_AdaptedForPredSim_AdaptedForPredSim from file C:\GBW_MyPrograms\PredSim_test\Subjects\Subject1_2D_test_1\Subject1_2D_test_1.osim
[2022-11-15 10:24:39.957] [warning] Couldn't find file 'sacrum.vtp'.
[2022-11-15 10:24:39.957] [warning] Couldn't find file 'pelvis.vtp'.
[2022-11-15 10:24:39.957] [warning] Couldn't find file 'l_pelvis.vtp'.
[2022-11-15 10:24:39.957] [warning] Couldn't find file 'femur.vtp'.
[2022-11-15 10:24:39.957] [warning] Couldn't find file 'tibia.vtp'.
[2022-11-15 10:24:39.957] [warning] Couldn't find file 'fibula.vtp'.
[2022-11-15 10:24:39.957] [warning] Couldn't find file 'talus.vtp'.
[2022-11-15 10:24:39.957] [warning] Couldn't find file 'foot.vtp'.
[2022-11-15 10:24:39.957] [warning] Couldn't find file 'bofoot.vtp'.
[2022-11-15 10:24:39.957] [warning] Couldn't find file 'l_femur.vtp'.
[2022-11-15 10:24:39.957] [warning] Couldn't find file 'l_tibia.vtp'.
[2022-11-15 10:24:39.957] [warning] Couldn't find file 'l_fibula.vtp'.
[2022-11-15 10:24:39.957] [warning] Couldn't find file 'l_talus.vtp'.
[2022-11-15 10:24:39.958] [warning] Couldn't find file 'l_foot.vtp'.
[2022-11-15 10:24:39.958] [warning] Couldn't find file 'l_bofoot.vtp'.
[2022-11-15 10:24:39.958] [warning] Couldn't find file 'hat_spine.vtp'.
[2022-11-15 10:24:39.958] [warning] Couldn't find file 'hat_jaw.vtp'.
[2022-11-15 10:24:39.958] [warning] Couldn't find file 'hat_skull.vtp'.
[2022-11-15 10:24:39.958] [warning] Couldn't find file 'hat_ribs.vtp'.
[2022-11-15 10:24:59.371] [info] Loaded model subject1_scaled_AdaptedForPredSim_AdaptedForPredSim from file C:\GBW_MyPrograms\PredSim_test\Subjects\Subject1_2D_test_1\Subject1_2D_test_1.osim
[2022-11-15 10:24:59.371] [warning] Couldn't find file 'sacrum.vtp'.
[2022-11-15 10:24:59.371] [warning] Couldn't find file 'pelvis.vtp'.
[2022-11-15 10:24:59.371] [warning] Couldn't find file 'l_pelvis.vtp'.
[2022-11-15 10:24:59.371] [warning] Couldn't find file 'femur.vtp'.
[2022-11-15 10:24:59.372] [warning] Couldn't find file 'tibia.vtp'.
[2022-11-15 10:24:59.372] [warning] Couldn't find file 'fibula.vtp'.
[2022-11-15 10:24:59.372] [warning] Couldn't find file 'talus.vtp'.
[2022-11-15 10:24:59.372] [warning] Couldn't find file 'foot.vtp'.
[2022-11-15 10:24:59.372] [warning] Couldn't find file 'bofoot.vtp'.
[2022-11-15 10:24:59.372] [warning] Couldn't find file 'l_femur.vtp'.
[2022-11-15 10:24:59.372] [warning] Couldn't find file 'l_tibia.vtp'.
[2022-11-15 10:24:59.372] [warning] Couldn't find file 'l_fibula.vtp'.
[2022-11-15 10:24:59.372] [warning] Couldn't find file 'l_talus.vtp'.
[2022-11-15 10:24:59.372] [warning] Couldn't find file 'l_foot.vtp'.
[2022-11-15 10:24:59.372] [warning] Couldn't find file 'l_bofoot.vtp'.
[2022-11-15 10:24:59.372] [warning] Couldn't find file 'hat_spine.vtp'.
[2022-11-15 10:24:59.372] [warning] Couldn't find file 'hat_jaw.vtp'.
[2022-11-15 10:24:59.372] [warning] Couldn't find file 'hat_skull.vtp'.
[2022-11-15 10:24:59.372] [warning] Couldn't find file 'hat_ribs.vtp'.
[2022-11-15 10:27:09.800] [info] Loaded model subject1_scaled_AdaptedForPredSim_AdaptedForPredSim from file C:\GBW_MyPrograms\PredSim_test\Subjects\Subject1_2D_test_1\Subject1_2D_test_1.osim
[2022-11-15 10:27:09.800] [warning] Couldn't find file 'sacrum.vtp'.
[2022-11-15 10:27:09.800] [warning] Couldn't find file 'pelvis.vtp'.
[2022-11-15 10:27:09.800] [warning] Couldn't find file 'l_pelvis.vtp'.
[2022-11-15 10:27:09.800] [warning] Couldn't find file 'femur.vtp'.
[2022-11-15 10:27:09.800] [warning] Couldn't find file 'tibia.vtp'.
[2022-11-15 10:27:09.800] [warning] Couldn't find file 'fibula.vtp'.
[2022-11-15 10:27:09.800] [warning] Couldn't find file 'talus.vtp'.
[2022-11-15 10:27:09.800] [warning] Couldn't find file 'foot.vtp'.
[2022-11-15 10:27:09.801] [warning] Couldn't find file 'bofoot.vtp'.
[2022-11-15 10:27:09.801] [warning] Couldn't find file 'l_femur.vtp'.
[2022-11-15 10:27:09.801] [warning] Couldn't find file 'l_tibia.vtp'.
[2022-11-15 10:27:09.801] [warning] Couldn't find file 'l_fibula.vtp'.
[2022-11-15 10:27:09.801] [warning] Couldn't find file 'l_talus.vtp'.
[2022-11-15 10:27:09.801] [warning] Couldn't find file 'l_foot.vtp'.
[2022-11-15 10:27:09.801] [warning] Couldn't find file 'l_bofoot.vtp'.
[2022-11-15 10:27:09.801] [warning] Couldn't find file 'hat_spine.vtp'.
[2022-11-15 10:27:09.801] [warning] Couldn't find file 'hat_jaw.vtp'.
[2022-11-15 10:27:09.801] [warning] Couldn't find file 'hat_skull.vtp'.
[2022-11-15 10:27:09.801] [warning] Couldn't find file 'hat_ribs.vtp'.
[2022-11-15 11:48:26.067] [info] Loaded model Fal_s1_mtp_sc_MTc5_cspx10_oy1_AdaptedForPredSim from file C:\GBW_MyPrograms\PredSim_test\Subjects\Fal_s1_base/Fal_s1_k1_d20_sF8_dF8_vF5_tV20.osim
[2022-11-15 11:48:26.068] [warning] Couldn't find file 'sacrum.vtp'.
[2022-11-15 11:48:26.068] [warning] Couldn't find file 'pelvis.vtp'.
[2022-11-15 11:48:26.068] [warning] Couldn't find file 'l_pelvis.vtp'.
[2022-11-15 11:48:26.068] [warning] Couldn't find file 'femur_r.vtp'.
[2022-11-15 11:48:26.069] [warning] Couldn't find file 'tibia_r.vtp'.
[2022-11-15 11:48:26.069] [warning] Couldn't find file 'fibula_r.vtp'.
[2022-11-15 11:48:26.069] [warning] Couldn't find file 'talus_rv.vtp'.
[2022-11-15 11:48:26.069] [warning] Couldn't find file 'calcaneous_rv.vtp'.
[2022-11-15 11:48:26.069] [warning] Couldn't find file 'model_r_midfoot.stl'.
[2022-11-15 11:48:26.069] [warning] Couldn't find file 'model_r_forefoot.stl'.
[2022-11-15 11:48:26.069] [warning] Couldn't find file 'model_r_toes.stl'.
[2022-11-15 11:48:26.069] [warning] Couldn't find file 'femur_l.vtp'.
[2022-11-15 11:48:26.069] [warning] Couldn't find file 'tibia_l.vtp'.
[2022-11-15 11:48:26.069] [warning] Couldn't find file 'fibula_l.vtp'.
[2022-11-15 11:48:26.069] [warning] Couldn't find file 'talus_lv.vtp'.
[2022-11-15 11:48:26.069] [warning] Couldn't find file 'calcaneous_lv.vtp'.
[2022-11-15 11:48:26.069] [warning] Couldn't find file 'model_l_midfoot.stl'.
[2022-11-15 11:48:26.069] [warning] Couldn't find file 'model_l_forefoot.stl'.
[2022-11-15 11:48:26.069] [warning] Couldn't find file 'model_l_toes.stl'.
[2022-11-15 11:48:26.070] [warning] Couldn't find file 'hat_spine.vtp'.
[2022-11-15 11:48:26.070] [warning] Couldn't find file 'hat_jaw.vtp'.
[2022-11-15 11:48:26.070] [warning] Couldn't find file 'hat_skull.vtp'.
[2022-11-15 11:48:26.070] [warning] Couldn't find file 'hat_ribs_scap.vtp'.
[2022-11-15 11:48:26.070] [warning] Couldn't find file 'humerus_rv.vtp'.
[2022-11-15 11:48:26.070] [warning] Couldn't find file 'ulna_rv.vtp'.
[2022-11-15 11:48:26.070] [warning] Couldn't find file 'radius_rv.vtp'.
[2022-11-15 11:48:26.070] [warning] Couldn't find file 'pisiform_rvs.vtp'.
[2022-11-15 11:48:26.070] [warning] Couldn't find file 'lunate_rvs.vtp'.
[2022-11-15 11:48:26.070] [warning] Couldn't find file 'scaphoid_rvs.vtp'.
[2022-11-15 11:48:26.070] [warning] Couldn't find file 'triquetrum_rvs.vtp'.
[2022-11-15 11:48:26.070] [warning] Couldn't find file 'hamate_rvs.vtp'.
[2022-11-15 11:48:26.070] [warning] Couldn't find file 'capitate_rvs.vtp'.
[2022-11-15 11:48:26.070] [warning] Couldn't find file 'trapezoid_rvs.vtp'.
[2022-11-15 11:48:26.070] [warning] Couldn't find file 'trapezium_rvs.vtp'.
[2022-11-15 11:48:26.070] [warning] Couldn't find file 'metacarpal2_rvs.vtp'.
[2022-11-15 11:48:26.071] [warning] Couldn't find file 'index_proximal_rvs.vtp'.
[2022-11-15 11:48:26.071] [warning] Couldn't find file 'index_medial_rvs.vtp'.
[2022-11-15 11:48:26.071] [warning] Couldn't find file 'index_distal_rvs.vtp'.
[2022-11-15 11:48:26.071] [warning] Couldn't find file 'metacarpal3_rvs.vtp'.
[2022-11-15 11:48:26.071] [warning] Couldn't find file 'middle_proximal_rvs.vtp'.
[2022-11-15 11:48:26.071] [warning] Couldn't find file 'middle_medial_rvs.vtp'.
[2022-11-15 11:48:26.071] [warning] Couldn't find file 'middle_distal_rvs.vtp'.
[2022-11-15 11:48:26.071] [warning] Couldn't find file 'metacarpal4_rvs.vtp'.
[2022-11-15 11:48:26.071] [warning] Couldn't find file 'ring_proximal_rvs.vtp'.
[2022-11-15 11:48:26.071] [warning] Couldn't find file 'ring_medial_rvs.vtp'.
[2022-11-15 11:48:26.071] [warning] Couldn't find file 'ring_distal_rvs.vtp'.
[2022-11-15 11:48:26.071] [warning] Couldn't find file 'metacarpal5_rvs.vtp'.
[2022-11-15 11:48:26.071] [warning] Couldn't find file 'little_proximal_rvs.vtp'.
[2022-11-15 11:48:26.071] [warning] Couldn't find file 'little_medial_rvs.vtp'.
[2022-11-15 11:48:26.071] [warning] Couldn't find file 'little_distal_rvs.vtp'.
[2022-11-15 11:48:26.071] [warning] Couldn't find file 'metacarpal1_rvs.vtp'.
[2022-11-15 11:48:26.071] [warning] Couldn't find file 'thumb_proximal_rvs.vtp'.
[2022-11-15 11:48:26.071] [warning] Couldn't find file 'thumb_distal_rvs.vtp'.
[2022-11-15 11:48:26.072] [warning] Couldn't find file 'humerus_lv.vtp'.
[2022-11-15 11:48:26.072] [warning] Couldn't find file 'ulna_lv.vtp'.
[2022-11-15 11:48:26.072] [warning] Couldn't find file 'radius_lv.vtp'.
[2022-11-15 11:48:26.072] [warning] Couldn't find file 'pisiform_lvs.vtp'.
[2022-11-15 11:48:26.072] [warning] Couldn't find file 'lunate_lvs.vtp'.
[2022-11-15 11:48:26.072] [warning] Couldn't find file 'scaphoid_lvs.vtp'.
[2022-11-15 11:48:26.072] [warning] Couldn't find file 'triquetrum_lvs.vtp'.
[2022-11-15 11:48:26.072] [warning] Couldn't find file 'hamate_lvs.vtp'.
[2022-11-15 11:48:26.072] [warning] Couldn't find file 'capitate_lvs.vtp'.
[2022-11-15 11:48:26.072] [warning] Couldn't find file 'trapezoid_lvs.vtp'.
[2022-11-15 11:48:26.072] [warning] Couldn't find file 'trapezium_lvs.vtp'.
[2022-11-15 11:48:26.072] [warning] Couldn't find file 'metacarpal2_lvs.vtp'.
[2022-11-15 11:48:26.072] [warning] Couldn't find file 'index_proximal_lvs.vtp'.
[2022-11-15 11:48:26.072] [warning] Couldn't find file 'index_medial_lvs.vtp'.
[2022-11-15 11:48:26.072] [warning] Couldn't find file 'index_distal_lvs.vtp'.
[2022-11-15 11:48:26.072] [warning] Couldn't find file 'metacarpal3_lvs.vtp'.
[2022-11-15 11:48:26.073] [warning] Couldn't find file 'middle_proximal_lvs.vtp'.
[2022-11-15 11:48:26.073] [warning] Couldn't find file 'middle_medial_lvs.vtp'.
[2022-11-15 11:48:26.073] [warning] Couldn't find file 'middle_distal_lvs.vtp'.
[2022-11-15 11:48:26.073] [warning] Couldn't find file 'metacarpal4_lvs.vtp'.
[2022-11-15 11:48:26.073] [warning] Couldn't find file 'ring_proximal_lvs.vtp'.
[2022-11-15 11:48:26.073] [warning] Couldn't find file 'ring_medial_lvs.vtp'.
[2022-11-15 11:48:26.073] [warning] Couldn't find file 'ring_distal_lvs.vtp'.
[2022-11-15 11:48:26.073] [warning] Couldn't find file 'metacarpal5_lvs.vtp'.
[2022-11-15 11:48:26.073] [warning] Couldn't find file 'little_proximal_lvs.vtp'.
[2022-11-15 11:48:26.073] [warning] Couldn't find file 'little_medial_lvs.vtp'.
[2022-11-15 11:48:26.073] [warning] Couldn't find file 'little_distal_lvs.vtp'.
[2022-11-15 11:48:26.073] [warning] Couldn't find file 'metacarpal1_lvs.vtp'.
[2022-11-15 11:48:26.073] [warning] Couldn't find file 'thumb_proximal_lvs.vtp'.
[2022-11-15 11:48:26.073] [warning] Couldn't find file 'thumb_distal_lvs.vtp'.
[2022-11-15 11:49:38.428] [info] Loaded model Fal_s1_mtp_sc_MTc5_cspx10_oy1_AdaptedForPredSim from file C:\GBW_MyPrograms\PredSim_test\Subjects\Fal_s1_base/Fal_s1_k2_d20_sF8_dF8_vF5_tV20.osim
[2022-11-15 11:49:38.429] [warning] Couldn't find file 'sacrum.vtp'.
[2022-11-15 11:49:38.429] [warning] Couldn't find file 'pelvis.vtp'.
[2022-11-15 11:49:38.429] [warning] Couldn't find file 'l_pelvis.vtp'.
[2022-11-15 11:49:38.429] [warning] Couldn't find file 'femur_r.vtp'.
[2022-11-15 11:49:38.429] [warning] Couldn't find file 'tibia_r.vtp'.
[2022-11-15 11:49:38.429] [warning] Couldn't find file 'fibula_r.vtp'.
[2022-11-15 11:49:38.430] [warning] Couldn't find file 'talus_rv.vtp'.
[2022-11-15 11:49:38.430] [warning] Couldn't find file 'calcaneous_rv.vtp'.
[2022-11-15 11:49:38.430] [warning] Couldn't find file 'model_r_midfoot.stl'.
[2022-11-15 11:49:38.430] [warning] Couldn't find file 'model_r_forefoot.stl'.
[2022-11-15 11:49:38.430] [warning] Couldn't find file 'model_r_toes.stl'.
[2022-11-15 11:49:38.430] [warning] Couldn't find file 'femur_l.vtp'.
[2022-11-15 11:49:38.430] [warning] Couldn't find file 'tibia_l.vtp'.
[2022-11-15 11:49:38.430] [warning] Couldn't find file 'fibula_l.vtp'.
[2022-11-15 11:49:38.430] [warning] Couldn't find file 'talus_lv.vtp'.
[2022-11-15 11:49:38.430] [warning] Couldn't find file 'calcaneous_lv.vtp'.
[2022-11-15 11:49:38.430] [warning] Couldn't find file 'model_l_midfoot.stl'.
[2022-11-15 11:49:38.430] [warning] Couldn't find file 'model_l_forefoot.stl'.
[2022-11-15 11:49:38.430] [warning] Couldn't find file 'model_l_toes.stl'.
[2022-11-15 11:49:38.430] [warning] Couldn't find file 'hat_spine.vtp'.
[2022-11-15 11:49:38.430] [warning] Couldn't find file 'hat_jaw.vtp'.
[2022-11-15 11:49:38.430] [warning] Couldn't find file 'hat_skull.vtp'.
[2022-11-15 11:49:38.430] [warning] Couldn't find file 'hat_ribs_scap.vtp'.
[2022-11-15 11:49:38.431] [warning] Couldn't find file 'humerus_rv.vtp'.
[2022-11-15 11:49:38.431] [warning] Couldn't find file 'ulna_rv.vtp'.
[2022-11-15 11:49:38.431] [warning] Couldn't find file 'radius_rv.vtp'.
[2022-11-15 11:49:38.431] [warning] Couldn't find file 'pisiform_rvs.vtp'.
[2022-11-15 11:49:38.431] [warning] Couldn't find file 'lunate_rvs.vtp'.
[2022-11-15 11:49:38.431] [warning] Couldn't find file 'scaphoid_rvs.vtp'.
[2022-11-15 11:49:38.431] [warning] Couldn't find file 'triquetrum_rvs.vtp'.
[2022-11-15 11:49:38.431] [warning] Couldn't find file 'hamate_rvs.vtp'.
[2022-11-15 11:49:38.431] [warning] Couldn't find file 'capitate_rvs.vtp'.
[2022-11-15 11:49:38.431] [warning] Couldn't find file 'trapezoid_rvs.vtp'.
[2022-11-15 11:49:38.431] [warning] Couldn't find file 'trapezium_rvs.vtp'.
[2022-11-15 11:49:38.431] [warning] Couldn't find file 'metacarpal2_rvs.vtp'.
[2022-11-15 11:49:38.431] [warning] Couldn't find file 'index_proximal_rvs.vtp'.
[2022-11-15 11:49:38.431] [warning] Couldn't find file 'index_medial_rvs.vtp'.
[2022-11-15 11:49:38.431] [warning] Couldn't find file 'index_distal_rvs.vtp'.
[2022-11-15 11:49:38.431] [warning] Couldn't find file 'metacarpal3_rvs.vtp'.
[2022-11-15 11:49:38.431] [warning] Couldn't find file 'middle_proximal_rvs.vtp'.
[2022-11-15 11:49:38.432] [warning] Couldn't find file 'middle_medial_rvs.vtp'.
[2022-11-15 11:49:38.432] [warning] Couldn't find file 'middle_distal_rvs.vtp'.
[2022-11-15 11:49:38.432] [warning] Couldn't find file 'metacarpal4_rvs.vtp'.
[2022-11-15 11:49:38.432] [warning] Couldn't find file 'ring_proximal_rvs.vtp'.
[2022-11-15 11:49:38.432] [warning] Couldn't find file 'ring_medial_rvs.vtp'.
[2022-11-15 11:49:38.432] [warning] Couldn't find file 'ring_distal_rvs.vtp'.
[2022-11-15 11:49:38.432] [warning] Couldn't find file 'metacarpal5_rvs.vtp'.
[2022-11-15 11:49:38.432] [warning] Couldn't find file 'little_proximal_rvs.vtp'.
[2022-11-15 11:49:38.432] [warning] Couldn't find file 'little_medial_rvs.vtp'.
[2022-11-15 11:49:38.432] [warning] Couldn't find file 'little_distal_rvs.vtp'.
[2022-11-15 11:49:38.432] [warning] Couldn't find file 'metacarpal1_rvs.vtp'.
[2022-11-15 11:49:38.432] [warning] Couldn't find file 'thumb_proximal_rvs.vtp'.
[2022-11-15 11:49:38.432] [warning] Couldn't find file 'thumb_distal_rvs.vtp'.
[2022-11-15 11:49:38.432] [warning] Couldn't find file 'humerus_lv.vtp'.
[2022-11-15 11:49:38.432] [warning] Couldn't find file 'ulna_lv.vtp'.
[2022-11-15 11:49:38.432] [warning] Couldn't find file 'radius_lv.vtp'.
[2022-11-15 11:49:38.432] [warning] Couldn't find file 'pisiform_lvs.vtp'.
[2022-11-15 11:49:38.432] [warning] Couldn't find file 'lunate_lvs.vtp'.
[2022-11-15 11:49:38.433] [warning] Couldn't find file 'scaphoid_lvs.vtp'.
[2022-11-15 11:49:38.433] [warning] Couldn't find file 'triquetrum_lvs.vtp'.
[2022-11-15 11:49:38.433] [warning] Couldn't find file 'hamate_lvs.vtp'.
[2022-11-15 11:49:38.433] [warning] Couldn't find file 'capitate_lvs.vtp'.
[2022-11-15 11:49:38.433] [warning] Couldn't find file 'trapezoid_lvs.vtp'.
[2022-11-15 11:49:38.433] [warning] Couldn't find file 'trapezium_lvs.vtp'.
[2022-11-15 11:49:38.433] [warning] Couldn't find file 'metacarpal2_lvs.vtp'.
[2022-11-15 11:49:38.433] [warning] Couldn't find file 'index_proximal_lvs.vtp'.
[2022-11-15 11:49:38.433] [warning] Couldn't find file 'index_medial_lvs.vtp'.
[2022-11-15 11:49:38.433] [warning] Couldn't find file 'index_distal_lvs.vtp'.
[2022-11-15 11:49:38.433] [warning] Couldn't find file 'metacarpal3_lvs.vtp'.
[2022-11-15 11:49:38.433] [warning] Couldn't find file 'middle_proximal_lvs.vtp'.
[2022-11-15 11:49:38.433] [warning] Couldn't find file 'middle_medial_lvs.vtp'.
[2022-11-15 11:49:38.433] [warning] Couldn't find file 'middle_distal_lvs.vtp'.
[2022-11-15 11:49:38.433] [warning] Couldn't find file 'metacarpal4_lvs.vtp'.
[2022-11-15 11:49:38.433] [warning] Couldn't find file 'ring_proximal_lvs.vtp'.
[2022-11-15 11:49:38.433] [warning] Couldn't find file 'ring_medial_lvs.vtp'.
[2022-11-15 11:49:38.433] [warning] Couldn't find file 'ring_distal_lvs.vtp'.
[2022-11-15 11:49:38.433] [warning] Couldn't find file 'metacarpal5_lvs.vtp'.
[2022-11-15 11:49:38.434] [warning] Couldn't find file 'little_proximal_lvs.vtp'.
[2022-11-15 11:49:38.434] [warning] Couldn't find file 'little_medial_lvs.vtp'.
[2022-11-15 11:49:38.434] [warning] Couldn't find file 'little_distal_lvs.vtp'.
[2022-11-15 11:49:38.434] [warning] Couldn't find file 'metacarpal1_lvs.vtp'.
[2022-11-15 11:49:38.434] [warning] Couldn't find file 'thumb_proximal_lvs.vtp'.
[2022-11-15 11:49:38.434] [warning] Couldn't find file 'thumb_distal_lvs.vtp'.
[2022-11-15 12:08:57.154] [info] Loaded model Fal_s1_mtp_sc_MTc5_cspx10_oy1_AdaptedForPredSim from file C:\GBW_MyPrograms\PredSim_test\Subjects\Fal_s1_base/Fal_s1_k1_d20_sF8_dF8_vF5_tV20.osim
[2022-11-15 12:08:57.155] [warning] Couldn't find file 'sacrum.vtp'.
[2022-11-15 12:08:57.155] [warning] Couldn't find file 'pelvis.vtp'.
[2022-11-15 12:08:57.155] [warning] Couldn't find file 'l_pelvis.vtp'.
[2022-11-15 12:08:57.155] [warning] Couldn't find file 'femur_r.vtp'.
[2022-11-15 12:08:57.155] [warning] Couldn't find file 'tibia_r.vtp'.
[2022-11-15 12:08:57.155] [warning] Couldn't find file 'fibula_r.vtp'.
[2022-11-15 12:08:57.156] [warning] Couldn't find file 'talus_rv.vtp'.
[2022-11-15 12:08:57.156] [warning] Couldn't find file 'calcaneous_rv.vtp'.
[2022-11-15 12:08:57.156] [warning] Couldn't find file 'model_r_midfoot.stl'.
[2022-11-15 12:08:57.156] [warning] Couldn't find file 'model_r_forefoot.stl'.
[2022-11-15 12:08:57.156] [warning] Couldn't find file 'model_r_toes.stl'.
[2022-11-15 12:08:57.156] [warning] Couldn't find file 'femur_l.vtp'.
[2022-11-15 12:08:57.156] [warning] Couldn't find file 'tibia_l.vtp'.
[2022-11-15 12:08:57.156] [warning] Couldn't find file 'fibula_l.vtp'.
[2022-11-15 12:08:57.156] [warning] Couldn't find file 'talus_lv.vtp'.
[2022-11-15 12:08:57.156] [warning] Couldn't find file 'calcaneous_lv.vtp'.
[2022-11-15 12:08:57.156] [warning] Couldn't find file 'model_l_midfoot.stl'.
[2022-11-15 12:08:57.156] [warning] Couldn't find file 'model_l_forefoot.stl'.
[2022-11-15 12:08:57.156] [warning] Couldn't find file 'model_l_toes.stl'.
[2022-11-15 12:08:57.156] [warning] Couldn't find file 'hat_spine.vtp'.
[2022-11-15 12:08:57.156] [warning] Couldn't find file 'hat_jaw.vtp'.
[2022-11-15 12:08:57.157] [warning] Couldn't find file 'hat_skull.vtp'.
[2022-11-15 12:08:57.157] [warning] Couldn't find file 'hat_ribs_scap.vtp'.
[2022-11-15 12:08:57.157] [warning] Couldn't find file 'humerus_rv.vtp'.
[2022-11-15 12:08:57.157] [warning] Couldn't find file 'ulna_rv.vtp'.
[2022-11-15 12:08:57.157] [warning] Couldn't find file 'radius_rv.vtp'.
[2022-11-15 12:08:57.157] [warning] Couldn't find file 'pisiform_rvs.vtp'.
[2022-11-15 12:08:57.157] [warning] Couldn't find file 'lunate_rvs.vtp'.
[2022-11-15 12:08:57.157] [warning] Couldn't find file 'scaphoid_rvs.vtp'.
[2022-11-15 12:08:57.157] [warning] Couldn't find file 'triquetrum_rvs.vtp'.
[2022-11-15 12:08:57.157] [warning] Couldn't find file 'hamate_rvs.vtp'.
[2022-11-15 12:08:57.157] [warning] Couldn't find file 'capitate_rvs.vtp'.
[2022-11-15 12:08:57.157] [warning] Couldn't find file 'trapezoid_rvs.vtp'.
[2022-11-15 12:08:57.157] [warning] Couldn't find file 'trapezium_rvs.vtp'.
[2022-11-15 12:08:57.157] [warning] Couldn't find file 'metacarpal2_rvs.vtp'.
[2022-11-15 12:08:57.157] [warning] Couldn't find file 'index_proximal_rvs.vtp'.
[2022-11-15 12:08:57.157] [warning] Couldn't find file 'index_medial_rvs.vtp'.
[2022-11-15 12:08:57.157] [warning] Couldn't find file 'index_distal_rvs.vtp'.
[2022-11-15 12:08:57.158] [warning] Couldn't find file 'metacarpal3_rvs.vtp'.
[2022-11-15 12:08:57.158] [warning] Couldn't find file 'middle_proximal_rvs.vtp'.
[2022-11-15 12:08:57.158] [warning] Couldn't find file 'middle_medial_rvs.vtp'.
[2022-11-15 12:08:57.158] [warning] Couldn't find file 'middle_distal_rvs.vtp'.
[2022-11-15 12:08:57.158] [warning] Couldn't find file 'metacarpal4_rvs.vtp'.
[2022-11-15 12:08:57.158] [warning] Couldn't find file 'ring_proximal_rvs.vtp'.
[2022-11-15 12:08:57.158] [warning] Couldn't find file 'ring_medial_rvs.vtp'.
[2022-11-15 12:08:57.158] [warning] Couldn't find file 'ring_distal_rvs.vtp'.
[2022-11-15 12:08:57.158] [warning] Couldn't find file 'metacarpal5_rvs.vtp'.
[2022-11-15 12:08:57.158] [warning] Couldn't find file 'little_proximal_rvs.vtp'.
[2022-11-15 12:08:57.158] [warning] Couldn't find file 'little_medial_rvs.vtp'.
[2022-11-15 12:08:57.158] [warning] Couldn't find file 'little_distal_rvs.vtp'.
[2022-11-15 12:08:57.158] [warning] Couldn't find file 'metacarpal1_rvs.vtp'.
[2022-11-15 12:08:57.158] [warning] Couldn't find file 'thumb_proximal_rvs.vtp'.
[2022-11-15 12:08:57.158] [warning] Couldn't find file 'thumb_distal_rvs.vtp'.
[2022-11-15 12:08:57.158] [warning] Couldn't find file 'humerus_lv.vtp'.
[2022-11-15 12:08:57.158] [warning] Couldn't find file 'ulna_lv.vtp'.
[2022-11-15 12:08:57.159] [warning] Couldn't find file 'radius_lv.vtp'.
[2022-11-15 12:08:57.159] [warning] Couldn't find file 'pisiform_lvs.vtp'.
[2022-11-15 12:08:57.159] [warning] Couldn't find file 'lunate_lvs.vtp'.
[2022-11-15 12:08:57.159] [warning] Couldn't find file 'scaphoid_lvs.vtp'.
[2022-11-15 12:08:57.159] [warning] Couldn't find file 'triquetrum_lvs.vtp'.
[2022-11-15 12:08:57.159] [warning] Couldn't find file 'hamate_lvs.vtp'.
[2022-11-15 12:08:57.159] [warning] Couldn't find file 'capitate_lvs.vtp'.
[2022-11-15 12:08:57.159] [warning] Couldn't find file 'trapezoid_lvs.vtp'.
[2022-11-15 12:08:57.159] [warning] Couldn't find file 'trapezium_lvs.vtp'.
[2022-11-15 12:08:57.159] [warning] Couldn't find file 'metacarpal2_lvs.vtp'.
[2022-11-15 12:08:57.159] [warning] Couldn't find file 'index_proximal_lvs.vtp'.
[2022-11-15 12:08:57.159] [warning] Couldn't find file 'index_medial_lvs.vtp'.
[2022-11-15 12:08:57.159] [warning] Couldn't find file 'index_distal_lvs.vtp'.
[2022-11-15 12:08:57.159] [warning] Couldn't find file 'metacarpal3_lvs.vtp'.
[2022-11-15 12:08:57.159] [warning] Couldn't find file 'middle_proximal_lvs.vtp'.
[2022-11-15 12:08:57.159] [warning] Couldn't find file 'middle_medial_lvs.vtp'.
[2022-11-15 12:08:57.159] [warning] Couldn't find file 'middle_distal_lvs.vtp'.
[2022-11-15 12:08:57.160] [warning] Couldn't find file 'metacarpal4_lvs.vtp'.
[2022-11-15 12:08:57.160] [warning] Couldn't find file 'ring_proximal_lvs.vtp'.
[2022-11-15 12:08:57.160] [warning] Couldn't find file 'ring_medial_lvs.vtp'.
[2022-11-15 12:08:57.160] [warning] Couldn't find file 'ring_distal_lvs.vtp'.
[2022-11-15 12:08:57.160] [warning] Couldn't find file 'metacarpal5_lvs.vtp'.
[2022-11-15 12:08:57.160] [warning] Couldn't find file 'little_proximal_lvs.vtp'.
[2022-11-15 12:08:57.160] [warning] Couldn't find file 'little_medial_lvs.vtp'.
[2022-11-15 12:08:57.160] [warning] Couldn't find file 'little_distal_lvs.vtp'.
[2022-11-15 12:08:57.160] [warning] Couldn't find file 'metacarpal1_lvs.vtp'.
[2022-11-15 12:08:57.160] [warning] Couldn't find file 'thumb_proximal_lvs.vtp'.
[2022-11-15 12:08:57.160] [warning] Couldn't find file 'thumb_distal_lvs.vtp'.
[2022-11-15 12:09:22.392] [info] Loaded model Fal_s1_mtp_sc_MTc5_cspx10_oy1_AdaptedForPredSim from file C:\GBW_MyPrograms\PredSim_test\Subjects\Fal_s1_base/Fal_s1_k1_d20_sF8_dF8_vF5_tV20.osim
[2022-11-15 12:09:22.393] [warning] Couldn't find file 'sacrum.vtp'.
[2022-11-15 12:09:22.393] [warning] Couldn't find file 'pelvis.vtp'.
[2022-11-15 12:09:22.393] [warning] Couldn't find file 'l_pelvis.vtp'.
[2022-11-15 12:09:22.393] [warning] Couldn't find file 'femur_r.vtp'.
[2022-11-15 12:09:22.393] [warning] Couldn't find file 'tibia_r.vtp'.
[2022-11-15 12:09:22.393] [warning] Couldn't find file 'fibula_r.vtp'.
[2022-11-15 12:09:22.393] [warning] Couldn't find file 'talus_rv.vtp'.
[2022-11-15 12:09:22.393] [warning] Couldn't find file 'calcaneous_rv.vtp'.
[2022-11-15 12:09:22.393] [warning] Couldn't find file 'model_r_midfoot.stl'.
[2022-11-15 12:09:22.393] [warning] Couldn't find file 'model_r_forefoot.stl'.
[2022-11-15 12:09:22.393] [warning] Couldn't find file 'model_r_toes.stl'.
[2022-11-15 12:09:22.393] [warning] Couldn't find file 'femur_l.vtp'.
[2022-11-15 12:09:22.393] [warning] Couldn't find file 'tibia_l.vtp'.
[2022-11-15 12:09:22.393] [warning] Couldn't find file 'fibula_l.vtp'.
[2022-11-15 12:09:22.394] [warning] Couldn't find file 'talus_lv.vtp'.
[2022-11-15 12:09:22.394] [warning] Couldn't find file 'calcaneous_lv.vtp'.
[2022-11-15 12:09:22.394] [warning] Couldn't find file 'model_l_midfoot.stl'.
[2022-11-15 12:09:22.394] [warning] Couldn't find file 'model_l_forefoot.stl'.
[2022-11-15 12:09:22.394] [warning] Couldn't find file 'model_l_toes.stl'.
[2022-11-15 12:09:22.394] [warning] Couldn't find file 'hat_spine.vtp'.
[2022-11-15 12:09:22.394] [warning] Couldn't find file 'hat_jaw.vtp'.
[2022-11-15 12:09:22.394] [warning] Couldn't find file 'hat_skull.vtp'.
[2022-11-15 12:09:22.394] [warning] Couldn't find file 'hat_ribs_scap.vtp'.
[2022-11-15 12:09:22.394] [warning] Couldn't find file 'humerus_rv.vtp'.
[2022-11-15 12:09:22.394] [warning] Couldn't find file 'ulna_rv.vtp'.
[2022-11-15 12:09:22.394] [warning] Couldn't find file 'radius_rv.vtp'.
[2022-11-15 12:09:22.394] [warning] Couldn't find file 'pisiform_rvs.vtp'.
[2022-11-15 12:09:22.394] [warning] Couldn't find file 'lunate_rvs.vtp'.
[2022-11-15 12:09:22.394] [warning] Couldn't find file 'scaphoid_rvs.vtp'.
[2022-11-15 12:09:22.394] [warning] Couldn't find file 'triquetrum_rvs.vtp'.
[2022-11-15 12:09:22.395] [warning] Couldn't find file 'hamate_rvs.vtp'.
[2022-11-15 12:09:22.395] [warning] Couldn't find file 'capitate_rvs.vtp'.
[2022-11-15 12:09:22.395] [warning] Couldn't find file 'trapezoid_rvs.vtp'.
[2022-11-15 12:09:22.395] [warning] Couldn't find file 'trapezium_rvs.vtp'.
[2022-11-15 12:09:22.395] [warning] Couldn't find file 'metacarpal2_rvs.vtp'.
[2022-11-15 12:09:22.395] [warning] Couldn't find file 'index_proximal_rvs.vtp'.
[2022-11-15 12:09:22.395] [warning] Couldn't find file 'index_medial_rvs.vtp'.
[2022-11-15 12:09:22.395] [warning] Couldn't find file 'index_distal_rvs.vtp'.
[2022-11-15 12:09:22.395] [warning] Couldn't find file 'metacarpal3_rvs.vtp'.
[2022-11-15 12:09:22.395] [warning] Couldn't find file 'middle_proximal_rvs.vtp'.
[2022-11-15 12:09:22.395] [warning] Couldn't find file 'middle_medial_rvs.vtp'.
[2022-11-15 12:09:22.395] [warning] Couldn't find file 'middle_distal_rvs.vtp'.
[2022-11-15 12:09:22.395] [warning] Couldn't find file 'metacarpal4_rvs.vtp'.
[2022-11-15 12:09:22.395] [warning] Couldn't find file 'ring_proximal_rvs.vtp'.
[2022-11-15 12:09:22.395] [warning] Couldn't find file 'ring_medial_rvs.vtp'.
[2022-11-15 12:09:22.395] [warning] Couldn't find file 'ring_distal_rvs.vtp'.
[2022-11-15 12:09:22.395] [warning] Couldn't find file 'metacarpal5_rvs.vtp'.
[2022-11-15 12:09:22.396] [warning] Couldn't find file 'little_proximal_rvs.vtp'.
[2022-11-15 12:09:22.396] [warning] Couldn't find file 'little_medial_rvs.vtp'.
[2022-11-15 12:09:22.396] [warning] Couldn't find file 'little_distal_rvs.vtp'.
[2022-11-15 12:09:22.396] [warning] Couldn't find file 'metacarpal1_rvs.vtp'.
[2022-11-15 12:09:22.396] [warning] Couldn't find file 'thumb_proximal_rvs.vtp'.
[2022-11-15 12:09:22.396] [warning] Couldn't find file 'thumb_distal_rvs.vtp'.
[2022-11-15 12:09:22.396] [warning] Couldn't find file 'humerus_lv.vtp'.
[2022-11-15 12:09:22.396] [warning] Couldn't find file 'ulna_lv.vtp'.
[2022-11-15 12:09:22.396] [warning] Couldn't find file 'radius_lv.vtp'.
[2022-11-15 12:09:22.396] [warning] Couldn't find file 'pisiform_lvs.vtp'.
[2022-11-15 12:09:22.396] [warning] Couldn't find file 'lunate_lvs.vtp'.
[2022-11-15 12:09:22.396] [warning] Couldn't find file 'scaphoid_lvs.vtp'.
[2022-11-15 12:09:22.396] [warning] Couldn't find file 'triquetrum_lvs.vtp'.
[2022-11-15 12:09:22.396] [warning] Couldn't find file 'hamate_lvs.vtp'.
[2022-11-15 12:09:22.396] [warning] Couldn't find file 'capitate_lvs.vtp'.
[2022-11-15 12:09:22.396] [warning] Couldn't find file 'trapezoid_lvs.vtp'.
[2022-11-15 12:09:22.396] [warning] Couldn't find file 'trapezium_lvs.vtp'.
[2022-11-15 12:09:22.397] [warning] Couldn't find file 'metacarpal2_lvs.vtp'.
[2022-11-15 12:09:22.397] [warning] Couldn't find file 'index_proximal_lvs.vtp'.
[2022-11-15 12:09:22.397] [warning] Couldn't find file 'index_medial_lvs.vtp'.
[2022-11-15 12:09:22.397] [warning] Couldn't find file 'index_distal_lvs.vtp'.
[2022-11-15 12:09:22.397] [warning] Couldn't find file 'metacarpal3_lvs.vtp'.
[2022-11-15 12:09:22.397] [warning] Couldn't find file 'middle_proximal_lvs.vtp'.
[2022-11-15 12:09:22.397] [warning] Couldn't find file 'middle_medial_lvs.vtp'.
[2022-11-15 12:09:22.397] [warning] Couldn't find file 'middle_distal_lvs.vtp'.
[2022-11-15 12:09:22.397] [warning] Couldn't find file 'metacarpal4_lvs.vtp'.
[2022-11-15 12:09:22.397] [warning] Couldn't find file 'ring_proximal_lvs.vtp'.
[2022-11-15 12:09:22.397] [warning] Couldn't find file 'ring_medial_lvs.vtp'.
[2022-11-15 12:09:22.397] [warning] Couldn't find file 'ring_distal_lvs.vtp'.
[2022-11-15 12:09:22.397] [warning] Couldn't find file 'metacarpal5_lvs.vtp'.
[2022-11-15 12:09:22.397] [warning] Couldn't find file 'little_proximal_lvs.vtp'.
[2022-11-15 12:09:22.397] [warning] Couldn't find file 'little_medial_lvs.vtp'.
[2022-11-15 12:09:22.397] [warning] Couldn't find file 'little_distal_lvs.vtp'.
[2022-11-15 12:09:22.397] [warning] Couldn't find file 'metacarpal1_lvs.vtp'.
[2022-11-15 12:09:22.397] [warning] Couldn't find file 'thumb_proximal_lvs.vtp'.
[2022-11-15 12:09:22.398] [warning] Couldn't find file 'thumb_distal_lvs.vtp'.
[2022-11-15 12:09:28.771] [info] Loaded model Fal_s1_mtp_sc_MTc5_cspx10_oy1_AdaptedForPredSim from file C:\GBW_MyPrograms\PredSim_test\Subjects\Fal_s1_base/Fal_s1_k2_d20_sF8_dF8_vF5_tV20.osim
[2022-11-15 12:09:28.771] [warning] Couldn't find file 'sacrum.vtp'.
[2022-11-15 12:09:28.772] [warning] Couldn't find file 'pelvis.vtp'.
[2022-11-15 12:09:28.772] [warning] Couldn't find file 'l_pelvis.vtp'.
[2022-11-15 12:09:28.772] [warning] Couldn't find file 'femur_r.vtp'.
[2022-11-15 12:09:28.772] [warning] Couldn't find file 'tibia_r.vtp'.
[2022-11-15 12:09:28.772] [warning] Couldn't find file 'fibula_r.vtp'.
[2022-11-15 12:09:28.772] [warning] Couldn't find file 'talus_rv.vtp'.
[2022-11-15 12:09:28.772] [warning] Couldn't find file 'calcaneous_rv.vtp'.
[2022-11-15 12:09:28.772] [warning] Couldn't find file 'model_r_midfoot.stl'.
[2022-11-15 12:09:28.772] [warning] Couldn't find file 'model_r_forefoot.stl'.
[2022-11-15 12:09:28.772] [warning] Couldn't find file 'model_r_toes.stl'.
[2022-11-15 12:09:28.772] [warning] Couldn't find file 'femur_l.vtp'.
[2022-11-15 12:09:28.772] [warning] Couldn't find file 'tibia_l.vtp'.
[2022-11-15 12:09:28.772] [warning] Couldn't find file 'fibula_l.vtp'.
[2022-11-15 12:09:28.772] [warning] Couldn't find file 'talus_lv.vtp'.
[2022-11-15 12:09:28.772] [warning] Couldn't find file 'calcaneous_lv.vtp'.
[2022-11-15 12:09:28.773] [warning] Couldn't find file 'model_l_midfoot.stl'.
[2022-11-15 12:09:28.773] [warning] Couldn't find file 'model_l_forefoot.stl'.
[2022-11-15 12:09:28.773] [warning] Couldn't find file 'model_l_toes.stl'.
[2022-11-15 12:09:28.773] [warning] Couldn't find file 'hat_spine.vtp'.
[2022-11-15 12:09:28.773] [warning] Couldn't find file 'hat_jaw.vtp'.
[2022-11-15 12:09:28.773] [warning] Couldn't find file 'hat_skull.vtp'.
[2022-11-15 12:09:28.773] [warning] Couldn't find file 'hat_ribs_scap.vtp'.
[2022-11-15 12:09:28.773] [warning] Couldn't find file 'humerus_rv.vtp'.
[2022-11-15 12:09:28.773] [warning] Couldn't find file 'ulna_rv.vtp'.
[2022-11-15 12:09:28.773] [warning] Couldn't find file 'radius_rv.vtp'.
[2022-11-15 12:09:28.773] [warning] Couldn't find file 'pisiform_rvs.vtp'.
[2022-11-15 12:09:28.773] [warning] Couldn't find file 'lunate_rvs.vtp'.
[2022-11-15 12:09:28.773] [warning] Couldn't find file 'scaphoid_rvs.vtp'.
[2022-11-15 12:09:28.773] [warning] Couldn't find file 'triquetrum_rvs.vtp'.
[2022-11-15 12:09:28.773] [warning] Couldn't find file 'hamate_rvs.vtp'.
[2022-11-15 12:09:28.774] [warning] Couldn't find file 'capitate_rvs.vtp'.
[2022-11-15 12:09:28.774] [warning] Couldn't find file 'trapezoid_rvs.vtp'.
[2022-11-15 12:09:28.774] [warning] Couldn't find file 'trapezium_rvs.vtp'.
[2022-11-15 12:09:28.774] [warning] Couldn't find file 'metacarpal2_rvs.vtp'.
[2022-11-15 12:09:28.774] [warning] Couldn't find file 'index_proximal_rvs.vtp'.
[2022-11-15 12:09:28.774] [warning] Couldn't find file 'index_medial_rvs.vtp'.
[2022-11-15 12:09:28.774] [warning] Couldn't find file 'index_distal_rvs.vtp'.
[2022-11-15 12:09:28.774] [warning] Couldn't find file 'metacarpal3_rvs.vtp'.
[2022-11-15 12:09:28.774] [warning] Couldn't find file 'middle_proximal_rvs.vtp'.
[2022-11-15 12:09:28.774] [warning] Couldn't find file 'middle_medial_rvs.vtp'.
[2022-11-15 12:09:28.774] [warning] Couldn't find file 'middle_distal_rvs.vtp'.
[2022-11-15 12:09:28.774] [warning] Couldn't find file 'metacarpal4_rvs.vtp'.
[2022-11-15 12:09:28.774] [warning] Couldn't find file 'ring_proximal_rvs.vtp'.
[2022-11-15 12:09:28.774] [warning] Couldn't find file 'ring_medial_rvs.vtp'.
[2022-11-15 12:09:28.774] [warning] Couldn't find file 'ring_distal_rvs.vtp'.
[2022-11-15 12:09:28.774] [warning] Couldn't find file 'metacarpal5_rvs.vtp'.
[2022-11-15 12:09:28.774] [warning] Couldn't find file 'little_proximal_rvs.vtp'.
[2022-11-15 12:09:28.775] [warning] Couldn't find file 'little_medial_rvs.vtp'.
[2022-11-15 12:09:28.775] [warning] Couldn't find file 'little_distal_rvs.vtp'.
[2022-11-15 12:09:28.775] [warning] Couldn't find file 'metacarpal1_rvs.vtp'.
[2022-11-15 12:09:28.775] [warning] Couldn't find file 'thumb_proximal_rvs.vtp'.
[2022-11-15 12:09:28.775] [warning] Couldn't find file 'thumb_distal_rvs.vtp'.
[2022-11-15 12:09:28.775] [warning] Couldn't find file 'humerus_lv.vtp'.
[2022-11-15 12:09:28.775] [warning] Couldn't find file 'ulna_lv.vtp'.
[2022-11-15 12:09:28.775] [warning] Couldn't find file 'radius_lv.vtp'.
[2022-11-15 12:09:28.775] [warning] Couldn't find file 'pisiform_lvs.vtp'.
[2022-11-15 12:09:28.775] [warning] Couldn't find file 'lunate_lvs.vtp'.
[2022-11-15 12:09:28.775] [warning] Couldn't find file 'scaphoid_lvs.vtp'.
[2022-11-15 12:09:28.775] [warning] Couldn't find file 'triquetrum_lvs.vtp'.
[2022-11-15 12:09:28.775] [warning] Couldn't find file 'hamate_lvs.vtp'.
[2022-11-15 12:09:28.775] [warning] Couldn't find file 'capitate_lvs.vtp'.
[2022-11-15 12:09:28.775] [warning] Couldn't find file 'trapezoid_lvs.vtp'.
[2022-11-15 12:09:28.775] [warning] Couldn't find file 'trapezium_lvs.vtp'.
[2022-11-15 12:09:28.775] [warning] Couldn't find file 'metacarpal2_lvs.vtp'.
[2022-11-15 12:09:28.776] [warning] Couldn't find file 'index_proximal_lvs.vtp'.
[2022-11-15 12:09:28.776] [warning] Couldn't find file 'index_medial_lvs.vtp'.
[2022-11-15 12:09:28.776] [warning] Couldn't find file 'index_distal_lvs.vtp'.
[2022-11-15 12:09:28.776] [warning] Couldn't find file 'metacarpal3_lvs.vtp'.
[2022-11-15 12:09:28.776] [warning] Couldn't find file 'middle_proximal_lvs.vtp'.
[2022-11-15 12:09:28.776] [warning] Couldn't find file 'middle_medial_lvs.vtp'.
[2022-11-15 12:09:28.776] [warning] Couldn't find file 'middle_distal_lvs.vtp'.
[2022-11-15 12:09:28.776] [warning] Couldn't find file 'metacarpal4_lvs.vtp'.
[2022-11-15 12:09:28.776] [warning] Couldn't find file 'ring_proximal_lvs.vtp'.
[2022-11-15 12:09:28.776] [warning] Couldn't find file 'ring_medial_lvs.vtp'.
[2022-11-15 12:09:28.776] [warning] Couldn't find file 'ring_distal_lvs.vtp'.
[2022-11-15 12:09:28.776] [warning] Couldn't find file 'metacarpal5_lvs.vtp'.
[2022-11-15 12:09:28.776] [warning] Couldn't find file 'little_proximal_lvs.vtp'.
[2022-11-15 12:09:28.776] [warning] Couldn't find file 'little_medial_lvs.vtp'.
[2022-11-15 12:09:28.776] [warning] Couldn't find file 'little_distal_lvs.vtp'.
[2022-11-15 12:09:28.776] [warning] Couldn't find file 'metacarpal1_lvs.vtp'.
[2022-11-15 12:09:28.777] [warning] Couldn't find file 'thumb_proximal_lvs.vtp'.
[2022-11-15 12:09:28.777] [warning] Couldn't find file 'thumb_distal_lvs.vtp'.
[2022-11-15 12:09:32.397] [info] Loaded model Fal_s1_mtp_sc_MTc5_cspx10_oy1_AdaptedForPredSim from file C:\GBW_MyPrograms\PredSim_test\Subjects\Fal_s1_base/Fal_s1_k5_d20_sF8_dF8_vF5_tV20.osim
[2022-11-15 12:09:32.397] [warning] Couldn't find file 'sacrum.vtp'.
[2022-11-15 12:09:32.397] [warning] Couldn't find file 'pelvis.vtp'.
[2022-11-15 12:09:32.398] [warning] Couldn't find file 'l_pelvis.vtp'.
[2022-11-15 12:09:32.398] [warning] Couldn't find file 'femur_r.vtp'.
[2022-11-15 12:09:32.398] [warning] Couldn't find file 'tibia_r.vtp'.
[2022-11-15 12:09:32.398] [warning] Couldn't find file 'fibula_r.vtp'.
[2022-11-15 12:09:32.398] [warning] Couldn't find file 'talus_rv.vtp'.
[2022-11-15 12:09:32.398] [warning] Couldn't find file 'calcaneous_rv.vtp'.
[2022-11-15 12:09:32.398] [warning] Couldn't find file 'model_r_midfoot.stl'.
[2022-11-15 12:09:32.398] [warning] Couldn't find file 'model_r_forefoot.stl'.
[2022-11-15 12:09:32.398] [warning] Couldn't find file 'model_r_toes.stl'.
[2022-11-15 12:09:32.398] [warning] Couldn't find file 'femur_l.vtp'.
[2022-11-15 12:09:32.398] [warning] Couldn't find file 'tibia_l.vtp'.
[2022-11-15 12:09:32.398] [warning] Couldn't find file 'fibula_l.vtp'.
[2022-11-15 12:09:32.398] [warning] Couldn't find file 'talus_lv.vtp'.
[2022-11-15 12:09:32.398] [warning] Couldn't find file 'calcaneous_lv.vtp'.
[2022-11-15 12:09:32.399] [warning] Couldn't find file 'model_l_midfoot.stl'.
[2022-11-15 12:09:32.399] [warning] Couldn't find file 'model_l_forefoot.stl'.
[2022-11-15 12:09:32.399] [warning] Couldn't find file 'model_l_toes.stl'.
[2022-11-15 12:09:32.399] [warning] Couldn't find file 'hat_spine.vtp'.
[2022-11-15 12:09:32.399] [warning] Couldn't find file 'hat_jaw.vtp'.
[2022-11-15 12:09:32.399] [warning] Couldn't find file 'hat_skull.vtp'.
[2022-11-15 12:09:32.399] [warning] Couldn't find file 'hat_ribs_scap.vtp'.
[2022-11-15 12:09:32.399] [warning] Couldn't find file 'humerus_rv.vtp'.
[2022-11-15 12:09:32.399] [warning] Couldn't find file 'ulna_rv.vtp'.
[2022-11-15 12:09:32.399] [warning] Couldn't find file 'radius_rv.vtp'.
[2022-11-15 12:09:32.399] [warning] Couldn't find file 'pisiform_rvs.vtp'.
[2022-11-15 12:09:32.399] [warning] Couldn't find file 'lunate_rvs.vtp'.
[2022-11-15 12:09:32.399] [warning] Couldn't find file 'scaphoid_rvs.vtp'.
[2022-11-15 12:09:32.399] [warning] Couldn't find file 'triquetrum_rvs.vtp'.
[2022-11-15 12:09:32.399] [warning] Couldn't find file 'hamate_rvs.vtp'.
[2022-11-15 12:09:32.399] [warning] Couldn't find file 'capitate_rvs.vtp'.
[2022-11-15 12:09:32.400] [warning] Couldn't find file 'trapezoid_rvs.vtp'.
[2022-11-15 12:09:32.400] [warning] Couldn't find file 'trapezium_rvs.vtp'.
[2022-11-15 12:09:32.400] [warning] Couldn't find file 'metacarpal2_rvs.vtp'.
[2022-11-15 12:09:32.400] [warning] Couldn't find file 'index_proximal_rvs.vtp'.
[2022-11-15 12:09:32.400] [warning] Couldn't find file 'index_medial_rvs.vtp'.
[2022-11-15 12:09:32.400] [warning] Couldn't find file 'index_distal_rvs.vtp'.
[2022-11-15 12:09:32.400] [warning] Couldn't find file 'metacarpal3_rvs.vtp'.
[2022-11-15 12:09:32.400] [warning] Couldn't find file 'middle_proximal_rvs.vtp'.
[2022-11-15 12:09:32.400] [warning] Couldn't find file 'middle_medial_rvs.vtp'.
[2022-11-15 12:09:32.400] [warning] Couldn't find file 'middle_distal_rvs.vtp'.
[2022-11-15 12:09:32.400] [warning] Couldn't find file 'metacarpal4_rvs.vtp'.
[2022-11-15 12:09:32.400] [warning] Couldn't find file 'ring_proximal_rvs.vtp'.
[2022-11-15 12:09:32.400] [warning] Couldn't find file 'ring_medial_rvs.vtp'.
[2022-11-15 12:09:32.400] [warning] Couldn't find file 'ring_distal_rvs.vtp'.
[2022-11-15 12:09:32.400] [warning] Couldn't find file 'metacarpal5_rvs.vtp'.
[2022-11-15 12:09:32.400] [warning] Couldn't find file 'little_proximal_rvs.vtp'.
[2022-11-15 12:09:32.400] [warning] Couldn't find file 'little_medial_rvs.vtp'.
[2022-11-15 12:09:32.401] [warning] Couldn't find file 'little_distal_rvs.vtp'.
[2022-11-15 12:09:32.401] [warning] Couldn't find file 'metacarpal1_rvs.vtp'.
[2022-11-15 12:09:32.401] [warning] Couldn't find file 'thumb_proximal_rvs.vtp'.
[2022-11-15 12:09:32.401] [warning] Couldn't find file 'thumb_distal_rvs.vtp'.
[2022-11-15 12:09:32.401] [warning] Couldn't find file 'humerus_lv.vtp'.
[2022-11-15 12:09:32.401] [warning] Couldn't find file 'ulna_lv.vtp'.
[2022-11-15 12:09:32.401] [warning] Couldn't find file 'radius_lv.vtp'.
[2022-11-15 12:09:32.401] [warning] Couldn't find file 'pisiform_lvs.vtp'.
[2022-11-15 12:09:32.401] [warning] Couldn't find file 'lunate_lvs.vtp'.
[2022-11-15 12:09:32.401] [warning] Couldn't find file 'scaphoid_lvs.vtp'.
[2022-11-15 12:09:32.401] [warning] Couldn't find file 'triquetrum_lvs.vtp'.
[2022-11-15 12:09:32.401] [warning] Couldn't find file 'hamate_lvs.vtp'.
[2022-11-15 12:09:32.401] [warning] Couldn't find file 'capitate_lvs.vtp'.
[2022-11-15 12:09:32.401] [warning] Couldn't find file 'trapezoid_lvs.vtp'.
[2022-11-15 12:09:32.401] [warning] Couldn't find file 'trapezium_lvs.vtp'.
[2022-11-15 12:09:32.401] [warning] Couldn't find file 'metacarpal2_lvs.vtp'.
[2022-11-15 12:09:32.402] [warning] Couldn't find file 'index_proximal_lvs.vtp'.
[2022-11-15 12:09:32.402] [warning] Couldn't find file 'index_medial_lvs.vtp'.
[2022-11-15 12:09:32.402] [warning] Couldn't find file 'index_distal_lvs.vtp'.
[2022-11-15 12:09:32.402] [warning] Couldn't find file 'metacarpal3_lvs.vtp'.
[2022-11-15 12:09:32.402] [warning] Couldn't find file 'middle_proximal_lvs.vtp'.
[2022-11-15 12:09:32.402] [warning] Couldn't find file 'middle_medial_lvs.vtp'.
[2022-11-15 12:09:32.402] [warning] Couldn't find file 'middle_distal_lvs.vtp'.
[2022-11-15 12:09:32.402] [warning] Couldn't find file 'metacarpal4_lvs.vtp'.
[2022-11-15 12:09:32.402] [warning] Couldn't find file 'ring_proximal_lvs.vtp'.
[2022-11-15 12:09:32.402] [warning] Couldn't find file 'ring_medial_lvs.vtp'.
[2022-11-15 12:09:32.402] [warning] Couldn't find file 'ring_distal_lvs.vtp'.
[2022-11-15 12:09:32.402] [warning] Couldn't find file 'metacarpal5_lvs.vtp'.
[2022-11-15 12:09:32.402] [warning] Couldn't find file 'little_proximal_lvs.vtp'.
[2022-11-15 12:09:32.402] [warning] Couldn't find file 'little_medial_lvs.vtp'.
[2022-11-15 12:09:32.402] [warning] Couldn't find file 'little_distal_lvs.vtp'.
[2022-11-15 12:09:32.402] [warning] Couldn't find file 'metacarpal1_lvs.vtp'.
[2022-11-15 12:09:32.402] [warning] Couldn't find file 'thumb_proximal_lvs.vtp'.
[2022-11-15 12:09:32.403] [warning] Couldn't find file 'thumb_distal_lvs.vtp'.
[2022-11-15 12:09:35.697] [info] Loaded model Fal_s1_mtp_sc_MTc5_cspx10_oy1_AdaptedForPredSim from file C:\GBW_MyPrograms\PredSim_test\Subjects\Fal_s1_base/Fal_s1_k7_d20_sF8_dF8_vF5_tV20.osim
[2022-11-15 12:09:35.698] [warning] Couldn't find file 'sacrum.vtp'.
[2022-11-15 12:09:35.698] [warning] Couldn't find file 'pelvis.vtp'.
[2022-11-15 12:09:35.698] [warning] Couldn't find file 'l_pelvis.vtp'.
[2022-11-15 12:09:35.698] [warning] Couldn't find file 'femur_r.vtp'.
[2022-11-15 12:09:35.698] [warning] Couldn't find file 'tibia_r.vtp'.
[2022-11-15 12:09:35.698] [warning] Couldn't find file 'fibula_r.vtp'.
[2022-11-15 12:09:35.698] [warning] Couldn't find file 'talus_rv.vtp'.
[2022-11-15 12:09:35.698] [warning] Couldn't find file 'calcaneous_rv.vtp'.
[2022-11-15 12:09:35.698] [warning] Couldn't find file 'model_r_midfoot.stl'.
[2022-11-15 12:09:35.698] [warning] Couldn't find file 'model_r_forefoot.stl'.
[2022-11-15 12:09:35.698] [warning] Couldn't find file 'model_r_toes.stl'.
[2022-11-15 12:09:35.698] [warning] Couldn't find file 'femur_l.vtp'.
[2022-11-15 12:09:35.698] [warning] Couldn't find file 'tibia_l.vtp'.
[2022-11-15 12:09:35.698] [warning] Couldn't find file 'fibula_l.vtp'.
[2022-11-15 12:09:35.698] [warning] Couldn't find file 'talus_lv.vtp'.
[2022-11-15 12:09:35.699] [warning] Couldn't find file 'calcaneous_lv.vtp'.
[2022-11-15 12:09:35.699] [warning] Couldn't find file 'model_l_midfoot.stl'.
[2022-11-15 12:09:35.699] [warning] Couldn't find file 'model_l_forefoot.stl'.
[2022-11-15 12:09:35.699] [warning] Couldn't find file 'model_l_toes.stl'.
[2022-11-15 12:09:35.699] [warning] Couldn't find file 'hat_spine.vtp'.
[2022-11-15 12:09:35.699] [warning] Couldn't find file 'hat_jaw.vtp'.
[2022-11-15 12:09:35.699] [warning] Couldn't find file 'hat_skull.vtp'.
[2022-11-15 12:09:35.699] [warning] Couldn't find file 'hat_ribs_scap.vtp'.
[2022-11-15 12:09:35.699] [warning] Couldn't find file 'humerus_rv.vtp'.
[2022-11-15 12:09:35.699] [warning] Couldn't find file 'ulna_rv.vtp'.
[2022-11-15 12:09:35.699] [warning] Couldn't find file 'radius_rv.vtp'.
[2022-11-15 12:09:35.699] [warning] Couldn't find file 'pisiform_rvs.vtp'.
[2022-11-15 12:09:35.699] [warning] Couldn't find file 'lunate_rvs.vtp'.
[2022-11-15 12:09:35.699] [warning] Couldn't find file 'scaphoid_rvs.vtp'.
[2022-11-15 12:09:35.699] [warning] Couldn't find file 'triquetrum_rvs.vtp'.
[2022-11-15 12:09:35.699] [warning] Couldn't find file 'hamate_rvs.vtp'.
[2022-11-15 12:09:35.700] [warning] Couldn't find file 'capitate_rvs.vtp'.
[2022-11-15 12:09:35.700] [warning] Couldn't find file 'trapezoid_rvs.vtp'.
[2022-11-15 12:09:35.700] [warning] Couldn't find file 'trapezium_rvs.vtp'.
[2022-11-15 12:09:35.700] [warning] Couldn't find file 'metacarpal2_rvs.vtp'.
[2022-11-15 12:09:35.700] [warning] Couldn't find file 'index_proximal_rvs.vtp'.
[2022-11-15 12:09:35.700] [warning] Couldn't find file 'index_medial_rvs.vtp'.
[2022-11-15 12:09:35.700] [warning] Couldn't find file 'index_distal_rvs.vtp'.
[2022-11-15 12:09:35.700] [warning] Couldn't find file 'metacarpal3_rvs.vtp'.
[2022-11-15 12:09:35.700] [warning] Couldn't find file 'middle_proximal_rvs.vtp'.
[2022-11-15 12:09:35.700] [warning] Couldn't find file 'middle_medial_rvs.vtp'.
[2022-11-15 12:09:35.700] [warning] Couldn't find file 'middle_distal_rvs.vtp'.
[2022-11-15 12:09:35.700] [warning] Couldn't find file 'metacarpal4_rvs.vtp'.
[2022-11-15 12:09:35.700] [warning] Couldn't find file 'ring_proximal_rvs.vtp'.
[2022-11-15 12:09:35.700] [warning] Couldn't find file 'ring_medial_rvs.vtp'.
[2022-11-15 12:09:35.700] [warning] Couldn't find file 'ring_distal_rvs.vtp'.
[2022-11-15 12:09:35.700] [warning] Couldn't find file 'metacarpal5_rvs.vtp'.
[2022-11-15 12:09:35.700] [warning] Couldn't find file 'little_proximal_rvs.vtp'.
[2022-11-15 12:09:35.701] [warning] Couldn't find file 'little_medial_rvs.vtp'.
[2022-11-15 12:09:35.701] [warning] Couldn't find file 'little_distal_rvs.vtp'.
[2022-11-15 12:09:35.701] [warning] Couldn't find file 'metacarpal1_rvs.vtp'.
[2022-11-15 12:09:35.701] [warning] Couldn't find file 'thumb_proximal_rvs.vtp'.
[2022-11-15 12:09:35.701] [warning] Couldn't find file 'thumb_distal_rvs.vtp'.
[2022-11-15 12:09:35.701] [warning] Couldn't find file 'humerus_lv.vtp'.
[2022-11-15 12:09:35.701] [warning] Couldn't find file 'ulna_lv.vtp'.
[2022-11-15 12:09:35.701] [warning] Couldn't find file 'radius_lv.vtp'.
[2022-11-15 12:09:35.701] [warning] Couldn't find file 'pisiform_lvs.vtp'.
[2022-11-15 12:09:35.701] [warning] Couldn't find file 'lunate_lvs.vtp'.
[2022-11-15 12:09:35.701] [warning] Couldn't find file 'scaphoid_lvs.vtp'.
[2022-11-15 12:09:35.701] [warning] Couldn't find file 'triquetrum_lvs.vtp'.
[2022-11-15 12:09:35.701] [warning] Couldn't find file 'hamate_lvs.vtp'.
[2022-11-15 12:09:35.701] [warning] Couldn't find file 'capitate_lvs.vtp'.
[2022-11-15 12:09:35.701] [warning] Couldn't find file 'trapezoid_lvs.vtp'.
[2022-11-15 12:09:35.701] [warning] Couldn't find file 'trapezium_lvs.vtp'.
[2022-11-15 12:09:35.701] [warning] Couldn't find file 'metacarpal2_lvs.vtp'.
[2022-11-15 12:09:35.702] [warning] Couldn't find file 'index_proximal_lvs.vtp'.
[2022-11-15 12:09:35.702] [warning] Couldn't find file 'index_medial_lvs.vtp'.
[2022-11-15 12:09:35.702] [warning] Couldn't find file 'index_distal_lvs.vtp'.
[2022-11-15 12:09:35.702] [warning] Couldn't find file 'metacarpal3_lvs.vtp'.
[2022-11-15 12:09:35.702] [warning] Couldn't find file 'middle_proximal_lvs.vtp'.
[2022-11-15 12:09:35.702] [warning] Couldn't find file 'middle_medial_lvs.vtp'.
[2022-11-15 12:09:35.702] [warning] Couldn't find file 'middle_distal_lvs.vtp'.
[2022-11-15 12:09:35.702] [warning] Couldn't find file 'metacarpal4_lvs.vtp'.
[2022-11-15 12:09:35.702] [warning] Couldn't find file 'ring_proximal_lvs.vtp'.
[2022-11-15 12:09:35.702] [warning] Couldn't find file 'ring_medial_lvs.vtp'.
[2022-11-15 12:09:35.702] [warning] Couldn't find file 'ring_distal_lvs.vtp'.
[2022-11-15 12:09:35.702] [warning] Couldn't find file 'metacarpal5_lvs.vtp'.
[2022-11-15 12:09:35.702] [warning] Couldn't find file 'little_proximal_lvs.vtp'.
[2022-11-15 12:09:35.702] [warning] Couldn't find file 'little_medial_lvs.vtp'.
[2022-11-15 12:09:35.702] [warning] Couldn't find file 'little_distal_lvs.vtp'.
[2022-11-15 12:09:35.702] [warning] Couldn't find file 'metacarpal1_lvs.vtp'.
[2022-11-15 12:09:35.702] [warning] Couldn't find file 'thumb_proximal_lvs.vtp'.
[2022-11-15 12:09:35.702] [warning] Couldn't find file 'thumb_distal_lvs.vtp'.
[2022-11-15 12:09:39.191] [info] Loaded model Fal_s1_mtp_sc_MTc5_cspx10_oy1_AdaptedForPredSim from file C:\GBW_MyPrograms\PredSim_test\Subjects\Fal_s1_base/Fal_s1_k10_d20_sF8_dF8_vF5_tV20.osim
[2022-11-15 12:09:39.192] [warning] Couldn't find file 'sacrum.vtp'.
[2022-11-15 12:09:39.192] [warning] Couldn't find file 'pelvis.vtp'.
[2022-11-15 12:09:39.192] [warning] Couldn't find file 'l_pelvis.vtp'.
[2022-11-15 12:09:39.192] [warning] Couldn't find file 'femur_r.vtp'.
[2022-11-15 12:09:39.192] [warning] Couldn't find file 'tibia_r.vtp'.
[2022-11-15 12:09:39.193] [warning] Couldn't find file 'fibula_r.vtp'.
[2022-11-15 12:09:39.193] [warning] Couldn't find file 'talus_rv.vtp'.
[2022-11-15 12:09:39.193] [warning] Couldn't find file 'calcaneous_rv.vtp'.
[2022-11-15 12:09:39.193] [warning] Couldn't find file 'model_r_midfoot.stl'.
[2022-11-15 12:09:39.193] [warning] Couldn't find file 'model_r_forefoot.stl'.
[2022-11-15 12:09:39.193] [warning] Couldn't find file 'model_r_toes.stl'.
[2022-11-15 12:09:39.193] [warning] Couldn't find file 'femur_l.vtp'.
[2022-11-15 12:09:39.193] [warning] Couldn't find file 'tibia_l.vtp'.
[2022-11-15 12:09:39.193] [warning] Couldn't find file 'fibula_l.vtp'.
[2022-11-15 12:09:39.193] [warning] Couldn't find file 'talus_lv.vtp'.
[2022-11-15 12:09:39.193] [warning] Couldn't find file 'calcaneous_lv.vtp'.
[2022-11-15 12:09:39.193] [warning] Couldn't find file 'model_l_midfoot.stl'.
[2022-11-15 12:09:39.193] [warning] Couldn't find file 'model_l_forefoot.stl'.
[2022-11-15 12:09:39.193] [warning] Couldn't find file 'model_l_toes.stl'.
[2022-11-15 12:09:39.193] [warning] Couldn't find file 'hat_spine.vtp'.
[2022-11-15 12:09:39.194] [warning] Couldn't find file 'hat_jaw.vtp'.
[2022-11-15 12:09:39.194] [warning] Couldn't find file 'hat_skull.vtp'.
[2022-11-15 12:09:39.194] [warning] Couldn't find file 'hat_ribs_scap.vtp'.
[2022-11-15 12:09:39.194] [warning] Couldn't find file 'humerus_rv.vtp'.
[2022-11-15 12:09:39.194] [warning] Couldn't find file 'ulna_rv.vtp'.
[2022-11-15 12:09:39.194] [warning] Couldn't find file 'radius_rv.vtp'.
[2022-11-15 12:09:39.194] [warning] Couldn't find file 'pisiform_rvs.vtp'.
[2022-11-15 12:09:39.194] [warning] Couldn't find file 'lunate_rvs.vtp'.
[2022-11-15 12:09:39.194] [warning] Couldn't find file 'scaphoid_rvs.vtp'.
[2022-11-15 12:09:39.194] [warning] Couldn't find file 'triquetrum_rvs.vtp'.
[2022-11-15 12:09:39.194] [warning] Couldn't find file 'hamate_rvs.vtp'.
[2022-11-15 12:09:39.194] [warning] Couldn't find file 'capitate_rvs.vtp'.
[2022-11-15 12:09:39.194] [warning] Couldn't find file 'trapezoid_rvs.vtp'.
[2022-11-15 12:09:39.194] [warning] Couldn't find file 'trapezium_rvs.vtp'.
[2022-11-15 12:09:39.194] [warning] Couldn't find file 'metacarpal2_rvs.vtp'.
[2022-11-15 12:09:39.194] [warning] Couldn't find file 'index_proximal_rvs.vtp'.
[2022-11-15 12:09:39.194] [warning] Couldn't find file 'index_medial_rvs.vtp'.
[2022-11-15 12:09:39.195] [warning] Couldn't find file 'index_distal_rvs.vtp'.
[2022-11-15 12:09:39.195] [warning] Couldn't find file 'metacarpal3_rvs.vtp'.
[2022-11-15 12:09:39.195] [warning] Couldn't find file 'middle_proximal_rvs.vtp'.
[2022-11-15 12:09:39.195] [warning] Couldn't find file 'middle_medial_rvs.vtp'.
[2022-11-15 12:09:39.195] [warning] Couldn't find file 'middle_distal_rvs.vtp'.
[2022-11-15 12:09:39.195] [warning] Couldn't find file 'metacarpal4_rvs.vtp'.
[2022-11-15 12:09:39.195] [warning] Couldn't find file 'ring_proximal_rvs.vtp'.
[2022-11-15 12:09:39.195] [warning] Couldn't find file 'ring_medial_rvs.vtp'.
[2022-11-15 12:09:39.195] [warning] Couldn't find file 'ring_distal_rvs.vtp'.
[2022-11-15 12:09:39.195] [warning] Couldn't find file 'metacarpal5_rvs.vtp'.
[2022-11-15 12:09:39.195] [warning] Couldn't find file 'little_proximal_rvs.vtp'.
[2022-11-15 12:09:39.195] [warning] Couldn't find file 'little_medial_rvs.vtp'.
[2022-11-15 12:09:39.195] [warning] Couldn't find file 'little_distal_rvs.vtp'.
[2022-11-15 12:09:39.195] [warning] Couldn't find file 'metacarpal1_rvs.vtp'.
[2022-11-15 12:09:39.195] [warning] Couldn't find file 'thumb_proximal_rvs.vtp'.
[2022-11-15 12:09:39.195] [warning] Couldn't find file 'thumb_distal_rvs.vtp'.
[2022-11-15 12:09:39.196] [warning] Couldn't find file 'humerus_lv.vtp'.
[2022-11-15 12:09:39.196] [warning] Couldn't find file 'ulna_lv.vtp'.
[2022-11-15 12:09:39.196] [warning] Couldn't find file 'radius_lv.vtp'.
[2022-11-15 12:09:39.196] [warning] Couldn't find file 'pisiform_lvs.vtp'.
[2022-11-15 12:09:39.196] [warning] Couldn't find file 'lunate_lvs.vtp'.
[2022-11-15 12:09:39.196] [warning] Couldn't find file 'scaphoid_lvs.vtp'.
[2022-11-15 12:09:39.196] [warning] Couldn't find file 'triquetrum_lvs.vtp'.
[2022-11-15 12:09:39.196] [warning] Couldn't find file 'hamate_lvs.vtp'.
[2022-11-15 12:09:39.196] [warning] Couldn't find file 'capitate_lvs.vtp'.
[2022-11-15 12:09:39.196] [warning] Couldn't find file 'trapezoid_lvs.vtp'.
[2022-11-15 12:09:39.196] [warning] Couldn't find file 'trapezium_lvs.vtp'.
[2022-11-15 12:09:39.196] [warning] Couldn't find file 'metacarpal2_lvs.vtp'.
[2022-11-15 12:09:39.196] [warning] Couldn't find file 'index_proximal_lvs.vtp'.
[2022-11-15 12:09:39.196] [warning] Couldn't find file 'index_medial_lvs.vtp'.
[2022-11-15 12:09:39.196] [warning] Couldn't find file 'index_distal_lvs.vtp'.
[2022-11-15 12:09:39.196] [warning] Couldn't find file 'metacarpal3_lvs.vtp'.
[2022-11-15 12:09:39.197] [warning] Couldn't find file 'middle_proximal_lvs.vtp'.
[2022-11-15 12:09:39.197] [warning] Couldn't find file 'middle_medial_lvs.vtp'.
[2022-11-15 12:09:39.197] [warning] Couldn't find file 'middle_distal_lvs.vtp'.
[2022-11-15 12:09:39.197] [warning] Couldn't find file 'metacarpal4_lvs.vtp'.
[2022-11-15 12:09:39.197] [warning] Couldn't find file 'ring_proximal_lvs.vtp'.
[2022-11-15 12:09:39.197] [warning] Couldn't find file 'ring_medial_lvs.vtp'.
[2022-11-15 12:09:39.197] [warning] Couldn't find file 'ring_distal_lvs.vtp'.
[2022-11-15 12:09:39.197] [warning] Couldn't find file 'metacarpal5_lvs.vtp'.
[2022-11-15 12:09:39.197] [warning] Couldn't find file 'little_proximal_lvs.vtp'.
[2022-11-15 12:09:39.197] [warning] Couldn't find file 'little_medial_lvs.vtp'.
[2022-11-15 12:09:39.197] [warning] Couldn't find file 'little_distal_lvs.vtp'.
[2022-11-15 12:09:39.197] [warning] Couldn't find file 'metacarpal1_lvs.vtp'.
[2022-11-15 12:09:39.197] [warning] Couldn't find file 'thumb_proximal_lvs.vtp'.
[2022-11-15 12:09:39.197] [warning] Couldn't find file 'thumb_distal_lvs.vtp'.
[2022-11-15 12:12:12.918] [info] Loaded model Fal_s1_mtp_sc_MTc5_cspx10_oy1_AdaptedForPredSim from file C:\GBW_MyPrograms\PredSim_test\Subjects\Fal_s1_base/Fal_s1_k1_d20_sF8_dF8_vF5_tV20.osim
[2022-11-15 12:12:12.919] [warning] Couldn't find file 'sacrum.vtp'.
[2022-11-15 12:12:12.919] [warning] Couldn't find file 'pelvis.vtp'.
[2022-11-15 12:12:12.919] [warning] Couldn't find file 'l_pelvis.vtp'.
[2022-11-15 12:12:12.920] [warning] Couldn't find file 'femur_r.vtp'.
[2022-11-15 12:12:12.920] [warning] Couldn't find file 'tibia_r.vtp'.
[2022-11-15 12:12:12.920] [warning] Couldn't find file 'fibula_r.vtp'.
[2022-11-15 12:12:12.920] [warning] Couldn't find file 'talus_rv.vtp'.
[2022-11-15 12:12:12.920] [warning] Couldn't find file 'calcaneous_rv.vtp'.
[2022-11-15 12:12:12.920] [warning] Couldn't find file 'model_r_midfoot.stl'.
[2022-11-15 12:12:12.920] [warning] Couldn't find file 'model_r_forefoot.stl'.
[2022-11-15 12:12:12.920] [warning] Couldn't find file 'model_r_toes.stl'.
[2022-11-15 12:12:12.920] [warning] Couldn't find file 'femur_l.vtp'.
[2022-11-15 12:12:12.920] [warning] Couldn't find file 'tibia_l.vtp'.
[2022-11-15 12:12:12.920] [warning] Couldn't find file 'fibula_l.vtp'.
[2022-11-15 12:12:12.920] [warning] Couldn't find file 'talus_lv.vtp'.
[2022-11-15 12:12:12.920] [warning] Couldn't find file 'calcaneous_lv.vtp'.
[2022-11-15 12:12:12.921] [warning] Couldn't find file 'model_l_midfoot.stl'.
[2022-11-15 12:12:12.921] [warning] Couldn't find file 'model_l_forefoot.stl'.
[2022-11-15 12:12:12.921] [warning] Couldn't find file 'model_l_toes.stl'.
[2022-11-15 12:12:12.921] [warning] Couldn't find file 'hat_spine.vtp'.
[2022-11-15 12:12:12.921] [warning] Couldn't find file 'hat_jaw.vtp'.
[2022-11-15 12:12:12.921] [warning] Couldn't find file 'hat_skull.vtp'.
[2022-11-15 12:12:12.921] [warning] Couldn't find file 'hat_ribs_scap.vtp'.
[2022-11-15 12:12:12.921] [warning] Couldn't find file 'humerus_rv.vtp'.
[2022-11-15 12:12:12.921] [warning] Couldn't find file 'ulna_rv.vtp'.
[2022-11-15 12:12:12.921] [warning] Couldn't find file 'radius_rv.vtp'.
[2022-11-15 12:12:12.921] [warning] Couldn't find file 'pisiform_rvs.vtp'.
[2022-11-15 12:12:12.921] [warning] Couldn't find file 'lunate_rvs.vtp'.
[2022-11-15 12:12:12.921] [warning] Couldn't find file 'scaphoid_rvs.vtp'.
[2022-11-15 12:12:12.921] [warning] Couldn't find file 'triquetrum_rvs.vtp'.
[2022-11-15 12:12:12.921] [warning] Couldn't find file 'hamate_rvs.vtp'.
[2022-11-15 12:12:12.921] [warning] Couldn't find file 'capitate_rvs.vtp'.
[2022-11-15 12:12:12.922] [warning] Couldn't find file 'trapezoid_rvs.vtp'.
[2022-11-15 12:12:12.922] [warning] Couldn't find file 'trapezium_rvs.vtp'.
[2022-11-15 12:12:12.922] [warning] Couldn't find file 'metacarpal2_rvs.vtp'.
[2022-11-15 12:12:12.922] [warning] Couldn't find file 'index_proximal_rvs.vtp'.
[2022-11-15 12:12:12.922] [warning] Couldn't find file 'index_medial_rvs.vtp'.
[2022-11-15 12:12:12.922] [warning] Couldn't find file 'index_distal_rvs.vtp'.
[2022-11-15 12:12:12.922] [warning] Couldn't find file 'metacarpal3_rvs.vtp'.
[2022-11-15 12:12:12.922] [warning] Couldn't find file 'middle_proximal_rvs.vtp'.
[2022-11-15 12:12:12.922] [warning] Couldn't find file 'middle_medial_rvs.vtp'.
[2022-11-15 12:12:12.922] [warning] Couldn't find file 'middle_distal_rvs.vtp'.
[2022-11-15 12:12:12.922] [warning] Couldn't find file 'metacarpal4_rvs.vtp'.
[2022-11-15 12:12:12.922] [warning] Couldn't find file 'ring_proximal_rvs.vtp'.
[2022-11-15 12:12:12.922] [warning] Couldn't find file 'ring_medial_rvs.vtp'.
[2022-11-15 12:12:12.922] [warning] Couldn't find file 'ring_distal_rvs.vtp'.
[2022-11-15 12:12:12.922] [warning] Couldn't find file 'metacarpal5_rvs.vtp'.
[2022-11-15 12:12:12.922] [warning] Couldn't find file 'little_proximal_rvs.vtp'.
[2022-11-15 12:12:12.922] [warning] Couldn't find file 'little_medial_rvs.vtp'.
[2022-11-15 12:12:12.922] [warning] Couldn't find file 'little_distal_rvs.vtp'.
[2022-11-15 12:12:12.923] [warning] Couldn't find file 'metacarpal1_rvs.vtp'.
[2022-11-15 12:12:12.923] [warning] Couldn't find file 'thumb_proximal_rvs.vtp'.
[2022-11-15 12:12:12.923] [warning] Couldn't find file 'thumb_distal_rvs.vtp'.
[2022-11-15 12:12:12.923] [warning] Couldn't find file 'humerus_lv.vtp'.
[2022-11-15 12:12:12.923] [warning] Couldn't find file 'ulna_lv.vtp'.
[2022-11-15 12:12:12.923] [warning] Couldn't find file 'radius_lv.vtp'.
[2022-11-15 12:12:12.923] [warning] Couldn't find file 'pisiform_lvs.vtp'.
[2022-11-15 12:12:12.923] [warning] Couldn't find file 'lunate_lvs.vtp'.
[2022-11-15 12:12:12.923] [warning] Couldn't find file 'scaphoid_lvs.vtp'.
[2022-11-15 12:12:12.923] [warning] Couldn't find file 'triquetrum_lvs.vtp'.
[2022-11-15 12:12:12.923] [warning] Couldn't find file 'hamate_lvs.vtp'.
[2022-11-15 12:12:12.923] [warning] Couldn't find file 'capitate_lvs.vtp'.
[2022-11-15 12:12:12.923] [warning] Couldn't find file 'trapezoid_lvs.vtp'.
[2022-11-15 12:12:12.923] [warning] Couldn't find file 'trapezium_lvs.vtp'.
[2022-11-15 12:12:12.923] [warning] Couldn't find file 'metacarpal2_lvs.vtp'.
[2022-11-15 12:12:12.923] [warning] Couldn't find file 'index_proximal_lvs.vtp'.
[2022-11-15 12:12:12.924] [warning] Couldn't find file 'index_medial_lvs.vtp'.
[2022-11-15 12:12:12.924] [warning] Couldn't find file 'index_distal_lvs.vtp'.
[2022-11-15 12:12:12.924] [warning] Couldn't find file 'metacarpal3_lvs.vtp'.
[2022-11-15 12:12:12.924] [warning] Couldn't find file 'middle_proximal_lvs.vtp'.
[2022-11-15 12:12:12.924] [warning] Couldn't find file 'middle_medial_lvs.vtp'.
[2022-11-15 12:12:12.924] [warning] Couldn't find file 'middle_distal_lvs.vtp'.
[2022-11-15 12:12:12.924] [warning] Couldn't find file 'metacarpal4_lvs.vtp'.
[2022-11-15 12:12:12.924] [warning] Couldn't find file 'ring_proximal_lvs.vtp'.
[2022-11-15 12:12:12.924] [warning] Couldn't find file 'ring_medial_lvs.vtp'.
[2022-11-15 12:12:12.924] [warning] Couldn't find file 'ring_distal_lvs.vtp'.
[2022-11-15 12:12:12.924] [warning] Couldn't find file 'metacarpal5_lvs.vtp'.
[2022-11-15 12:12:12.924] [warning] Couldn't find file 'little_proximal_lvs.vtp'.
[2022-11-15 12:12:12.924] [warning] Couldn't find file 'little_medial_lvs.vtp'.
[2022-11-15 12:12:12.924] [warning] Couldn't find file 'little_distal_lvs.vtp'.
[2022-11-15 12:12:12.924] [warning] Couldn't find file 'metacarpal1_lvs.vtp'.
[2022-11-15 12:12:12.924] [warning] Couldn't find file 'thumb_proximal_lvs.vtp'.
[2022-11-15 12:12:12.924] [warning] Couldn't find file 'thumb_distal_lvs.vtp'.
[2022-11-15 12:12:15.029] [info] Loaded model Fal_s1_mtp_sc_MTc5_cspx10_oy1_AdaptedForPredSim from file C:\GBW_MyPrograms\PredSim_test\Subjects\Fal_s1_base/Fal_s1_k2_d20_sF8_dF8_vF5_tV20.osim
[2022-11-15 12:12:15.029] [warning] Couldn't find file 'sacrum.vtp'.
[2022-11-15 12:12:15.029] [warning] Couldn't find file 'pelvis.vtp'.
[2022-11-15 12:12:15.029] [warning] Couldn't find file 'l_pelvis.vtp'.
[2022-11-15 12:12:15.030] [warning] Couldn't find file 'femur_r.vtp'.
[2022-11-15 12:12:15.030] [warning] Couldn't find file 'tibia_r.vtp'.
[2022-11-15 12:12:15.030] [warning] Couldn't find file 'fibula_r.vtp'.
[2022-11-15 12:12:15.030] [warning] Couldn't find file 'talus_rv.vtp'.
[2022-11-15 12:12:15.030] [warning] Couldn't find file 'calcaneous_rv.vtp'.
[2022-11-15 12:12:15.030] [warning] Couldn't find file 'model_r_midfoot.stl'.
[2022-11-15 12:12:15.030] [warning] Couldn't find file 'model_r_forefoot.stl'.
[2022-11-15 12:12:15.030] [warning] Couldn't find file 'model_r_toes.stl'.
[2022-11-15 12:12:15.030] [warning] Couldn't find file 'femur_l.vtp'.
[2022-11-15 12:12:15.030] [warning] Couldn't find file 'tibia_l.vtp'.
[2022-11-15 12:12:15.030] [warning] Couldn't find file 'fibula_l.vtp'.
[2022-11-15 12:12:15.030] [warning] Couldn't find file 'talus_lv.vtp'.
[2022-11-15 12:12:15.030] [warning] Couldn't find file 'calcaneous_lv.vtp'.
[2022-11-15 12:12:15.030] [warning] Couldn't find file 'model_l_midfoot.stl'.
[2022-11-15 12:12:15.030] [warning] Couldn't find file 'model_l_forefoot.stl'.
[2022-11-15 12:12:15.030] [warning] Couldn't find file 'model_l_toes.stl'.
[2022-11-15 12:12:15.031] [warning] Couldn't find file 'hat_spine.vtp'.
[2022-11-15 12:12:15.031] [warning] Couldn't find file 'hat_jaw.vtp'.
[2022-11-15 12:12:15.031] [warning] Couldn't find file 'hat_skull.vtp'.
[2022-11-15 12:12:15.031] [warning] Couldn't find file 'hat_ribs_scap.vtp'.
[2022-11-15 12:12:15.031] [warning] Couldn't find file 'humerus_rv.vtp'.
[2022-11-15 12:12:15.031] [warning] Couldn't find file 'ulna_rv.vtp'.
[2022-11-15 12:12:15.031] [warning] Couldn't find file 'radius_rv.vtp'.
[2022-11-15 12:12:15.031] [warning] Couldn't find file 'pisiform_rvs.vtp'.
[2022-11-15 12:12:15.031] [warning] Couldn't find file 'lunate_rvs.vtp'.
[2022-11-15 12:12:15.031] [warning] Couldn't find file 'scaphoid_rvs.vtp'.
[2022-11-15 12:12:15.031] [warning] Couldn't find file 'triquetrum_rvs.vtp'.
[2022-11-15 12:12:15.031] [warning] Couldn't find file 'hamate_rvs.vtp'.
[2022-11-15 12:12:15.031] [warning] Couldn't find file 'capitate_rvs.vtp'.
[2022-11-15 12:12:15.031] [warning] Couldn't find file 'trapezoid_rvs.vtp'.
[2022-11-15 12:12:15.031] [warning] Couldn't find file 'trapezium_rvs.vtp'.
[2022-11-15 12:12:15.031] [warning] Couldn't find file 'metacarpal2_rvs.vtp'.
[2022-11-15 12:12:15.032] [warning] Couldn't find file 'index_proximal_rvs.vtp'.
[2022-11-15 12:12:15.032] [warning] Couldn't find file 'index_medial_rvs.vtp'.
[2022-11-15 12:12:15.032] [warning] Couldn't find file 'index_distal_rvs.vtp'.
[2022-11-15 12:12:15.032] [warning] Couldn't find file 'metacarpal3_rvs.vtp'.
[2022-11-15 12:12:15.032] [warning] Couldn't find file 'middle_proximal_rvs.vtp'.
[2022-11-15 12:12:15.032] [warning] Couldn't find file 'middle_medial_rvs.vtp'.
[2022-11-15 12:12:15.032] [warning] Couldn't find file 'middle_distal_rvs.vtp'.
[2022-11-15 12:12:15.032] [warning] Couldn't find file 'metacarpal4_rvs.vtp'.
[2022-11-15 12:12:15.032] [warning] Couldn't find file 'ring_proximal_rvs.vtp'.
[2022-11-15 12:12:15.032] [warning] Couldn't find file 'ring_medial_rvs.vtp'.
[2022-11-15 12:12:15.032] [warning] Couldn't find file 'ring_distal_rvs.vtp'.
[2022-11-15 12:12:15.032] [warning] Couldn't find file 'metacarpal5_rvs.vtp'.
[2022-11-15 12:12:15.032] [warning] Couldn't find file 'little_proximal_rvs.vtp'.
[2022-11-15 12:12:15.032] [warning] Couldn't find file 'little_medial_rvs.vtp'.
[2022-11-15 12:12:15.032] [warning] Couldn't find file 'little_distal_rvs.vtp'.
[2022-11-15 12:12:15.032] [warning] Couldn't find file 'metacarpal1_rvs.vtp'.
[2022-11-15 12:12:15.032] [warning] Couldn't find file 'thumb_proximal_rvs.vtp'.
[2022-11-15 12:12:15.033] [warning] Couldn't find file 'thumb_distal_rvs.vtp'.
[2022-11-15 12:12:15.033] [warning] Couldn't find file 'humerus_lv.vtp'.
[2022-11-15 12:12:15.033] [warning] Couldn't find file 'ulna_lv.vtp'.
[2022-11-15 12:12:15.033] [warning] Couldn't find file 'radius_lv.vtp'.
[2022-11-15 12:12:15.033] [warning] Couldn't find file 'pisiform_lvs.vtp'.
[2022-11-15 12:12:15.033] [warning] Couldn't find file 'lunate_lvs.vtp'.
[2022-11-15 12:12:15.033] [warning] Couldn't find file 'scaphoid_lvs.vtp'.
[2022-11-15 12:12:15.033] [warning] Couldn't find file 'triquetrum_lvs.vtp'.
[2022-11-15 12:12:15.033] [warning] Couldn't find file 'hamate_lvs.vtp'.
[2022-11-15 12:12:15.033] [warning] Couldn't find file 'capitate_lvs.vtp'.
[2022-11-15 12:12:15.033] [warning] Couldn't find file 'trapezoid_lvs.vtp'.
[2022-11-15 12:12:15.033] [warning] Couldn't find file 'trapezium_lvs.vtp'.
[2022-11-15 12:12:15.033] [warning] Couldn't find file 'metacarpal2_lvs.vtp'.
[2022-11-15 12:12:15.033] [warning] Couldn't find file 'index_proximal_lvs.vtp'.
[2022-11-15 12:12:15.033] [warning] Couldn't find file 'index_medial_lvs.vtp'.
[2022-11-15 12:12:15.033] [warning] Couldn't find file 'index_distal_lvs.vtp'.
[2022-11-15 12:12:15.033] [warning] Couldn't find file 'metacarpal3_lvs.vtp'.
[2022-11-15 12:12:15.034] [warning] Couldn't find file 'middle_proximal_lvs.vtp'.
[2022-11-15 12:12:15.034] [warning] Couldn't find file 'middle_medial_lvs.vtp'.
[2022-11-15 12:12:15.034] [warning] Couldn't find file 'middle_distal_lvs.vtp'.
[2022-11-15 12:12:15.034] [warning] Couldn't find file 'metacarpal4_lvs.vtp'.
[2022-11-15 12:12:15.034] [warning] Couldn't find file 'ring_proximal_lvs.vtp'.
[2022-11-15 12:12:15.034] [warning] Couldn't find file 'ring_medial_lvs.vtp'.
[2022-11-15 12:12:15.034] [warning] Couldn't find file 'ring_distal_lvs.vtp'.
[2022-11-15 12:12:15.034] [warning] Couldn't find file 'metacarpal5_lvs.vtp'.
[2022-11-15 12:12:15.034] [warning] Couldn't find file 'little_proximal_lvs.vtp'.
[2022-11-15 12:12:15.034] [warning] Couldn't find file 'little_medial_lvs.vtp'.
[2022-11-15 12:12:15.034] [warning] Couldn't find file 'little_distal_lvs.vtp'.
[2022-11-15 12:12:15.034] [warning] Couldn't find file 'metacarpal1_lvs.vtp'.
[2022-11-15 12:12:15.034] [warning] Couldn't find file 'thumb_proximal_lvs.vtp'.
[2022-11-15 12:12:15.034] [warning] Couldn't find file 'thumb_distal_lvs.vtp'.
[2022-11-15 12:12:17.020] [info] Loaded model Fal_s1_mtp_sc_MTc5_cspx10_oy1_AdaptedForPredSim from file C:\GBW_MyPrograms\PredSim_test\Subjects\Fal_s1_base/Fal_s1_k5_d20_sF8_dF8_vF5_tV20.osim
[2022-11-15 12:12:17.021] [warning] Couldn't find file 'sacrum.vtp'.
[2022-11-15 12:12:17.021] [warning] Couldn't find file 'pelvis.vtp'.
[2022-11-15 12:12:17.021] [warning] Couldn't find file 'l_pelvis.vtp'.
[2022-11-15 12:12:17.021] [warning] Couldn't find file 'femur_r.vtp'.
[2022-11-15 12:12:17.021] [warning] Couldn't find file 'tibia_r.vtp'.
[2022-11-15 12:12:17.021] [warning] Couldn't find file 'fibula_r.vtp'.
[2022-11-15 12:12:17.022] [warning] Couldn't find file 'talus_rv.vtp'.
[2022-11-15 12:12:17.022] [warning] Couldn't find file 'calcaneous_rv.vtp'.
[2022-11-15 12:12:17.022] [warning] Couldn't find file 'model_r_midfoot.stl'.
[2022-11-15 12:12:17.022] [warning] Couldn't find file 'model_r_forefoot.stl'.
[2022-11-15 12:12:17.022] [warning] Couldn't find file 'model_r_toes.stl'.
[2022-11-15 12:12:17.022] [warning] Couldn't find file 'femur_l.vtp'.
[2022-11-15 12:12:17.022] [warning] Couldn't find file 'tibia_l.vtp'.
[2022-11-15 12:12:17.022] [warning] Couldn't find file 'fibula_l.vtp'.
[2022-11-15 12:12:17.022] [warning] Couldn't find file 'talus_lv.vtp'.
[2022-11-15 12:12:17.022] [warning] Couldn't find file 'calcaneous_lv.vtp'.
[2022-11-15 12:12:17.022] [warning] Couldn't find file 'model_l_midfoot.stl'.
[2022-11-15 12:12:17.022] [warning] Couldn't find file 'model_l_forefoot.stl'.
[2022-11-15 12:12:17.022] [warning] Couldn't find file 'model_l_toes.stl'.
[2022-11-15 12:12:17.022] [warning] Couldn't find file 'hat_spine.vtp'.
[2022-11-15 12:12:17.022] [warning] Couldn't find file 'hat_jaw.vtp'.
[2022-11-15 12:12:17.023] [warning] Couldn't find file 'hat_skull.vtp'.
[2022-11-15 12:12:17.023] [warning] Couldn't find file 'hat_ribs_scap.vtp'.
[2022-11-15 12:12:17.023] [warning] Couldn't find file 'humerus_rv.vtp'.
[2022-11-15 12:12:17.023] [warning] Couldn't find file 'ulna_rv.vtp'.
[2022-11-15 12:12:17.023] [warning] Couldn't find file 'radius_rv.vtp'.
[2022-11-15 12:12:17.023] [warning] Couldn't find file 'pisiform_rvs.vtp'.
[2022-11-15 12:12:17.023] [warning] Couldn't find file 'lunate_rvs.vtp'.
[2022-11-15 12:12:17.023] [warning] Couldn't find file 'scaphoid_rvs.vtp'.
[2022-11-15 12:12:17.023] [warning] Couldn't find file 'triquetrum_rvs.vtp'.
[2022-11-15 12:12:17.023] [warning] Couldn't find file 'hamate_rvs.vtp'.
[2022-11-15 12:12:17.023] [warning] Couldn't find file 'capitate_rvs.vtp'.
[2022-11-15 12:12:17.023] [warning] Couldn't find file 'trapezoid_rvs.vtp'.
[2022-11-15 12:12:17.023] [warning] Couldn't find file 'trapezium_rvs.vtp'.
[2022-11-15 12:12:17.023] [warning] Couldn't find file 'metacarpal2_rvs.vtp'.
[2022-11-15 12:12:17.023] [warning] Couldn't find file 'index_proximal_rvs.vtp'.
[2022-11-15 12:12:17.023] [warning] Couldn't find file 'index_medial_rvs.vtp'.
[2022-11-15 12:12:17.023] [warning] Couldn't find file 'index_distal_rvs.vtp'.
[2022-11-15 12:12:17.024] [warning] Couldn't find file 'metacarpal3_rvs.vtp'.
[2022-11-15 12:12:17.024] [warning] Couldn't find file 'middle_proximal_rvs.vtp'.
[2022-11-15 12:12:17.024] [warning] Couldn't find file 'middle_medial_rvs.vtp'.
[2022-11-15 12:12:17.024] [warning] Couldn't find file 'middle_distal_rvs.vtp'.
[2022-11-15 12:12:17.024] [warning] Couldn't find file 'metacarpal4_rvs.vtp'.
[2022-11-15 12:12:17.024] [warning] Couldn't find file 'ring_proximal_rvs.vtp'.
[2022-11-15 12:12:17.024] [warning] Couldn't find file 'ring_medial_rvs.vtp'.
[2022-11-15 12:12:17.024] [warning] Couldn't find file 'ring_distal_rvs.vtp'.
[2022-11-15 12:12:17.024] [warning] Couldn't find file 'metacarpal5_rvs.vtp'.
[2022-11-15 12:12:17.024] [warning] Couldn't find file 'little_proximal_rvs.vtp'.
[2022-11-15 12:12:17.024] [warning] Couldn't find file 'little_medial_rvs.vtp'.
[2022-11-15 12:12:17.024] [warning] Couldn't find file 'little_distal_rvs.vtp'.
[2022-11-15 12:12:17.024] [warning] Couldn't find file 'metacarpal1_rvs.vtp'.
[2022-11-15 12:12:17.024] [warning] Couldn't find file 'thumb_proximal_rvs.vtp'.
[2022-11-15 12:12:17.024] [warning] Couldn't find file 'thumb_distal_rvs.vtp'.
[2022-11-15 12:12:17.024] [warning] Couldn't find file 'humerus_lv.vtp'.
[2022-11-15 12:12:17.025] [warning] Couldn't find file 'ulna_lv.vtp'.
[2022-11-15 12:12:17.025] [warning] Couldn't find file 'radius_lv.vtp'.
[2022-11-15 12:12:17.025] [warning] Couldn't find file 'pisiform_lvs.vtp'.
[2022-11-15 12:12:17.025] [warning] Couldn't find file 'lunate_lvs.vtp'.
[2022-11-15 12:12:17.025] [warning] Couldn't find file 'scaphoid_lvs.vtp'.
[2022-11-15 12:12:17.025] [warning] Couldn't find file 'triquetrum_lvs.vtp'.
[2022-11-15 12:12:17.025] [warning] Couldn't find file 'hamate_lvs.vtp'.
[2022-11-15 12:12:17.025] [warning] Couldn't find file 'capitate_lvs.vtp'.
[2022-11-15 12:12:17.025] [warning] Couldn't find file 'trapezoid_lvs.vtp'.
[2022-11-15 12:12:17.025] [warning] Couldn't find file 'trapezium_lvs.vtp'.
[2022-11-15 12:12:17.025] [warning] Couldn't find file 'metacarpal2_lvs.vtp'.
[2022-11-15 12:12:17.025] [warning] Couldn't find file 'index_proximal_lvs.vtp'.
[2022-11-15 12:12:17.025] [warning] Couldn't find file 'index_medial_lvs.vtp'.
[2022-11-15 12:12:17.025] [warning] Couldn't find file 'index_distal_lvs.vtp'.
[2022-11-15 12:12:17.025] [warning] Couldn't find file 'metacarpal3_lvs.vtp'.
[2022-11-15 12:12:17.025] [warning] Couldn't find file 'middle_proximal_lvs.vtp'.
[2022-11-15 12:12:17.025] [warning] Couldn't find file 'middle_medial_lvs.vtp'.
[2022-11-15 12:12:17.026] [warning] Couldn't find file 'middle_distal_lvs.vtp'.
[2022-11-15 12:12:17.026] [warning] Couldn't find file 'metacarpal4_lvs.vtp'.
[2022-11-15 12:12:17.026] [warning] Couldn't find file 'ring_proximal_lvs.vtp'.
[2022-11-15 12:12:17.026] [warning] Couldn't find file 'ring_medial_lvs.vtp'.
[2022-11-15 12:12:17.026] [warning] Couldn't find file 'ring_distal_lvs.vtp'.
[2022-11-15 12:12:17.026] [warning] Couldn't find file 'metacarpal5_lvs.vtp'.
[2022-11-15 12:12:17.026] [warning] Couldn't find file 'little_proximal_lvs.vtp'.
[2022-11-15 12:12:17.026] [warning] Couldn't find file 'little_medial_lvs.vtp'.
[2022-11-15 12:12:17.026] [warning] Couldn't find file 'little_distal_lvs.vtp'.
[2022-11-15 12:12:17.026] [warning] Couldn't find file 'metacarpal1_lvs.vtp'.
[2022-11-15 12:12:17.026] [warning] Couldn't find file 'thumb_proximal_lvs.vtp'.
[2022-11-15 12:12:17.026] [warning] Couldn't find file 'thumb_distal_lvs.vtp'.
[2022-11-15 12:12:19.035] [info] Loaded model Fal_s1_mtp_sc_MTc5_cspx10_oy1_AdaptedForPredSim from file C:\GBW_MyPrograms\PredSim_test\Subjects\Fal_s1_base/Fal_s1_k7_d20_sF8_dF8_vF5_tV20.osim
[2022-11-15 12:12:19.036] [warning] Couldn't find file 'sacrum.vtp'.
[2022-11-15 12:12:19.036] [warning] Couldn't find file 'pelvis.vtp'.
[2022-11-15 12:12:19.036] [warning] Couldn't find file 'l_pelvis.vtp'.
[2022-11-15 12:12:19.036] [warning] Couldn't find file 'femur_r.vtp'.
[2022-11-15 12:12:19.036] [warning] Couldn't find file 'tibia_r.vtp'.
[2022-11-15 12:12:19.036] [warning] Couldn't find file 'fibula_r.vtp'.
[2022-11-15 12:12:19.036] [warning] Couldn't find file 'talus_rv.vtp'.
[2022-11-15 12:12:19.036] [warning] Couldn't find file 'calcaneous_rv.vtp'.
[2022-11-15 12:12:19.036] [warning] Couldn't find file 'model_r_midfoot.stl'.
[2022-11-15 12:12:19.036] [warning] Couldn't find file 'model_r_forefoot.stl'.
[2022-11-15 12:12:19.036] [warning] Couldn't find file 'model_r_toes.stl'.
[2022-11-15 12:12:19.036] [warning] Couldn't find file 'femur_l.vtp'.
[2022-11-15 12:12:19.037] [warning] Couldn't find file 'tibia_l.vtp'.
[2022-11-15 12:12:19.037] [warning] Couldn't find file 'fibula_l.vtp'.
[2022-11-15 12:12:19.037] [warning] Couldn't find file 'talus_lv.vtp'.
[2022-11-15 12:12:19.037] [warning] Couldn't find file 'calcaneous_lv.vtp'.
[2022-11-15 12:12:19.037] [warning] Couldn't find file 'model_l_midfoot.stl'.
[2022-11-15 12:12:19.037] [warning] Couldn't find file 'model_l_forefoot.stl'.
[2022-11-15 12:12:19.037] [warning] Couldn't find file 'model_l_toes.stl'.
[2022-11-15 12:12:19.037] [warning] Couldn't find file 'hat_spine.vtp'.
[2022-11-15 12:12:19.037] [warning] Couldn't find file 'hat_jaw.vtp'.
[2022-11-15 12:12:19.037] [warning] Couldn't find file 'hat_skull.vtp'.
[2022-11-15 12:12:19.037] [warning] Couldn't find file 'hat_ribs_scap.vtp'.
[2022-11-15 12:12:19.037] [warning] Couldn't find file 'humerus_rv.vtp'.
[2022-11-15 12:12:19.037] [warning] Couldn't find file 'ulna_rv.vtp'.
[2022-11-15 12:12:19.037] [warning] Couldn't find file 'radius_rv.vtp'.
[2022-11-15 12:12:19.037] [warning] Couldn't find file 'pisiform_rvs.vtp'.
[2022-11-15 12:12:19.038] [warning] Couldn't find file 'lunate_rvs.vtp'.
[2022-11-15 12:12:19.038] [warning] Couldn't find file 'scaphoid_rvs.vtp'.
[2022-11-15 12:12:19.038] [warning] Couldn't find file 'triquetrum_rvs.vtp'.
[2022-11-15 12:12:19.038] [warning] Couldn't find file 'hamate_rvs.vtp'.
[2022-11-15 12:12:19.038] [warning] Couldn't find file 'capitate_rvs.vtp'.
[2022-11-15 12:12:19.038] [warning] Couldn't find file 'trapezoid_rvs.vtp'.
[2022-11-15 12:12:19.038] [warning] Couldn't find file 'trapezium_rvs.vtp'.
[2022-11-15 12:12:19.038] [warning] Couldn't find file 'metacarpal2_rvs.vtp'.
[2022-11-15 12:12:19.038] [warning] Couldn't find file 'index_proximal_rvs.vtp'.
[2022-11-15 12:12:19.038] [warning] Couldn't find file 'index_medial_rvs.vtp'.
[2022-11-15 12:12:19.038] [warning] Couldn't find file 'index_distal_rvs.vtp'.
[2022-11-15 12:12:19.038] [warning] Couldn't find file 'metacarpal3_rvs.vtp'.
[2022-11-15 12:12:19.038] [warning] Couldn't find file 'middle_proximal_rvs.vtp'.
[2022-11-15 12:12:19.038] [warning] Couldn't find file 'middle_medial_rvs.vtp'.
[2022-11-15 12:12:19.038] [warning] Couldn't find file 'middle_distal_rvs.vtp'.
[2022-11-15 12:12:19.038] [warning] Couldn't find file 'metacarpal4_rvs.vtp'.
[2022-11-15 12:12:19.038] [warning] Couldn't find file 'ring_proximal_rvs.vtp'.
[2022-11-15 12:12:19.039] [warning] Couldn't find file 'ring_medial_rvs.vtp'.
[2022-11-15 12:12:19.039] [warning] Couldn't find file 'ring_distal_rvs.vtp'.
[2022-11-15 12:12:19.039] [warning] Couldn't find file 'metacarpal5_rvs.vtp'.
[2022-11-15 12:12:19.039] [warning] Couldn't find file 'little_proximal_rvs.vtp'.
[2022-11-15 12:12:19.039] [warning] Couldn't find file 'little_medial_rvs.vtp'.
[2022-11-15 12:12:19.039] [warning] Couldn't find file 'little_distal_rvs.vtp'.
[2022-11-15 12:12:19.039] [warning] Couldn't find file 'metacarpal1_rvs.vtp'.
[2022-11-15 12:12:19.039] [warning] Couldn't find file 'thumb_proximal_rvs.vtp'.
[2022-11-15 12:12:19.039] [warning] Couldn't find file 'thumb_distal_rvs.vtp'.
[2022-11-15 12:12:19.039] [warning] Couldn't find file 'humerus_lv.vtp'.
[2022-11-15 12:12:19.039] [warning] Couldn't find file 'ulna_lv.vtp'.
[2022-11-15 12:12:19.039] [warning] Couldn't find file 'radius_lv.vtp'.
[2022-11-15 12:12:19.039] [warning] Couldn't find file 'pisiform_lvs.vtp'.
[2022-11-15 12:12:19.039] [warning] Couldn't find file 'lunate_lvs.vtp'.
[2022-11-15 12:12:19.039] [warning] Couldn't find file 'scaphoid_lvs.vtp'.
[2022-11-15 12:12:19.039] [warning] Couldn't find file 'triquetrum_lvs.vtp'.
[2022-11-15 12:12:19.039] [warning] Couldn't find file 'hamate_lvs.vtp'.
[2022-11-15 12:12:19.040] [warning] Couldn't find file 'capitate_lvs.vtp'.
[2022-11-15 12:12:19.040] [warning] Couldn't find file 'trapezoid_lvs.vtp'.
[2022-11-15 12:12:19.040] [warning] Couldn't find file 'trapezium_lvs.vtp'.
[2022-11-15 12:12:19.040] [warning] Couldn't find file 'metacarpal2_lvs.vtp'.
[2022-11-15 12:12:19.040] [warning] Couldn't find file 'index_proximal_lvs.vtp'.
[2022-11-15 12:12:19.040] [warning] Couldn't find file 'index_medial_lvs.vtp'.
[2022-11-15 12:12:19.040] [warning] Couldn't find file 'index_distal_lvs.vtp'.
[2022-11-15 12:12:19.040] [warning] Couldn't find file 'metacarpal3_lvs.vtp'.
[2022-11-15 12:12:19.040] [warning] Couldn't find file 'middle_proximal_lvs.vtp'.
[2022-11-15 12:12:19.040] [warning] Couldn't find file 'middle_medial_lvs.vtp'.
[2022-11-15 12:12:19.040] [warning] Couldn't find file 'middle_distal_lvs.vtp'.
[2022-11-15 12:12:19.040] [warning] Couldn't find file 'metacarpal4_lvs.vtp'.
[2022-11-15 12:12:19.040] [warning] Couldn't find file 'ring_proximal_lvs.vtp'.
[2022-11-15 12:12:19.040] [warning] Couldn't find file 'ring_medial_lvs.vtp'.
[2022-11-15 12:12:19.040] [warning] Couldn't find file 'ring_distal_lvs.vtp'.
[2022-11-15 12:12:19.040] [warning] Couldn't find file 'metacarpal5_lvs.vtp'.
[2022-11-15 12:12:19.041] [warning] Couldn't find file 'little_proximal_lvs.vtp'.
[2022-11-15 12:12:19.041] [warning] Couldn't find file 'little_medial_lvs.vtp'.
[2022-11-15 12:12:19.041] [warning] Couldn't find file 'little_distal_lvs.vtp'.
[2022-11-15 12:12:19.041] [warning] Couldn't find file 'metacarpal1_lvs.vtp'.
[2022-11-15 12:12:19.041] [warning] Couldn't find file 'thumb_proximal_lvs.vtp'.
[2022-11-15 12:12:19.041] [warning] Couldn't find file 'thumb_distal_lvs.vtp'.
[2022-11-15 12:12:21.017] [info] Loaded model Fal_s1_mtp_sc_MTc5_cspx10_oy1_AdaptedForPredSim from file C:\GBW_MyPrograms\PredSim_test\Subjects\Fal_s1_base/Fal_s1_k10_d20_sF8_dF8_vF5_tV20.osim
[2022-11-15 12:12:21.018] [warning] Couldn't find file 'sacrum.vtp'.
[2022-11-15 12:12:21.018] [warning] Couldn't find file 'pelvis.vtp'.
[2022-11-15 12:12:21.018] [warning] Couldn't find file 'l_pelvis.vtp'.
[2022-11-15 12:12:21.018] [warning] Couldn't find file 'femur_r.vtp'.
[2022-11-15 12:12:21.019] [warning] Couldn't find file 'tibia_r.vtp'.
[2022-11-15 12:12:21.019] [warning] Couldn't find file 'fibula_r.vtp'.
[2022-11-15 12:12:21.019] [warning] Couldn't find file 'talus_rv.vtp'.
[2022-11-15 12:12:21.019] [warning] Couldn't find file 'calcaneous_rv.vtp'.
[2022-11-15 12:12:21.019] [warning] Couldn't find file 'model_r_midfoot.stl'.
[2022-11-15 12:12:21.019] [warning] Couldn't find file 'model_r_forefoot.stl'.
[2022-11-15 12:12:21.019] [warning] Couldn't find file 'model_r_toes.stl'.
[2022-11-15 12:12:21.019] [warning] Couldn't find file 'femur_l.vtp'.
[2022-11-15 12:12:21.019] [warning] Couldn't find file 'tibia_l.vtp'.
[2022-11-15 12:12:21.019] [warning] Couldn't find file 'fibula_l.vtp'.
[2022-11-15 12:12:21.019] [warning] Couldn't find file 'talus_lv.vtp'.
[2022-11-15 12:12:21.019] [warning] Couldn't find file 'calcaneous_lv.vtp'.
[2022-11-15 12:12:21.019] [warning] Couldn't find file 'model_l_midfoot.stl'.
[2022-11-15 12:12:21.019] [warning] Couldn't find file 'model_l_forefoot.stl'.
[2022-11-15 12:12:21.019] [warning] Couldn't find file 'model_l_toes.stl'.
[2022-11-15 12:12:21.020] [warning] Couldn't find file 'hat_spine.vtp'.
[2022-11-15 12:12:21.020] [warning] Couldn't find file 'hat_jaw.vtp'.
[2022-11-15 12:12:21.020] [warning] Couldn't find file 'hat_skull.vtp'.
[2022-11-15 12:12:21.020] [warning] Couldn't find file 'hat_ribs_scap.vtp'.
[2022-11-15 12:12:21.020] [warning] Couldn't find file 'humerus_rv.vtp'.
[2022-11-15 12:12:21.020] [warning] Couldn't find file 'ulna_rv.vtp'.
[2022-11-15 12:12:21.020] [warning] Couldn't find file 'radius_rv.vtp'.
[2022-11-15 12:12:21.020] [warning] Couldn't find file 'pisiform_rvs.vtp'.
[2022-11-15 12:12:21.020] [warning] Couldn't find file 'lunate_rvs.vtp'.
[2022-11-15 12:12:21.020] [warning] Couldn't find file 'scaphoid_rvs.vtp'.
[2022-11-15 12:12:21.020] [warning] Couldn't find file 'triquetrum_rvs.vtp'.
[2022-11-15 12:12:21.020] [warning] Couldn't find file 'hamate_rvs.vtp'.
[2022-11-15 12:12:21.020] [warning] Couldn't find file 'capitate_rvs.vtp'.
[2022-11-15 12:12:21.020] [warning] Couldn't find file 'trapezoid_rvs.vtp'.
[2022-11-15 12:12:21.020] [warning] Couldn't find file 'trapezium_rvs.vtp'.
[2022-11-15 12:12:21.020] [warning] Couldn't find file 'metacarpal2_rvs.vtp'.
[2022-11-15 12:12:21.021] [warning] Couldn't find file 'index_proximal_rvs.vtp'.
[2022-11-15 12:12:21.021] [warning] Couldn't find file 'index_medial_rvs.vtp'.
[2022-11-15 12:12:21.021] [warning] Couldn't find file 'index_distal_rvs.vtp'.
[2022-11-15 12:12:21.021] [warning] Couldn't find file 'metacarpal3_rvs.vtp'.
[2022-11-15 12:12:21.021] [warning] Couldn't find file 'middle_proximal_rvs.vtp'.
[2022-11-15 12:12:21.021] [warning] Couldn't find file 'middle_medial_rvs.vtp'.
[2022-11-15 12:12:21.021] [warning] Couldn't find file 'middle_distal_rvs.vtp'.
[2022-11-15 12:12:21.021] [warning] Couldn't find file 'metacarpal4_rvs.vtp'.
[2022-11-15 12:12:21.021] [warning] Couldn't find file 'ring_proximal_rvs.vtp'.
[2022-11-15 12:12:21.021] [warning] Couldn't find file 'ring_medial_rvs.vtp'.
[2022-11-15 12:12:21.021] [warning] Couldn't find file 'ring_distal_rvs.vtp'.
[2022-11-15 12:12:21.021] [warning] Couldn't find file 'metacarpal5_rvs.vtp'.
[2022-11-15 12:12:21.021] [warning] Couldn't find file 'little_proximal_rvs.vtp'.
[2022-11-15 12:12:21.021] [warning] Couldn't find file 'little_medial_rvs.vtp'.
[2022-11-15 12:12:21.021] [warning] Couldn't find file 'little_distal_rvs.vtp'.
[2022-11-15 12:12:21.021] [warning] Couldn't find file 'metacarpal1_rvs.vtp'.
[2022-11-15 12:12:21.021] [warning] Couldn't find file 'thumb_proximal_rvs.vtp'.
[2022-11-15 12:12:21.022] [warning] Couldn't find file 'thumb_distal_rvs.vtp'.
[2022-11-15 12:12:21.022] [warning] Couldn't find file 'humerus_lv.vtp'.
[2022-11-15 12:12:21.022] [warning] Couldn't find file 'ulna_lv.vtp'.
[2022-11-15 12:12:21.022] [warning] Couldn't find file 'radius_lv.vtp'.
[2022-11-15 12:12:21.022] [warning] Couldn't find file 'pisiform_lvs.vtp'.
[2022-11-15 12:12:21.022] [warning] Couldn't find file 'lunate_lvs.vtp'.
[2022-11-15 12:12:21.022] [warning] Couldn't find file 'scaphoid_lvs.vtp'.
[2022-11-15 12:12:21.022] [warning] Couldn't find file 'triquetrum_lvs.vtp'.
[2022-11-15 12:12:21.022] [warning] Couldn't find file 'hamate_lvs.vtp'.
[2022-11-15 12:12:21.022] [warning] Couldn't find file 'capitate_lvs.vtp'.
[2022-11-15 12:12:21.022] [warning] Couldn't find file 'trapezoid_lvs.vtp'.
[2022-11-15 12:12:21.022] [warning] Couldn't find file 'trapezium_lvs.vtp'.
[2022-11-15 12:12:21.022] [warning] Couldn't find file 'metacarpal2_lvs.vtp'.
[2022-11-15 12:12:21.022] [warning] Couldn't find file 'index_proximal_lvs.vtp'.
[2022-11-15 12:12:21.022] [warning] Couldn't find file 'index_medial_lvs.vtp'.
[2022-11-15 12:12:21.022] [warning] Couldn't find file 'index_distal_lvs.vtp'.
[2022-11-15 12:12:21.022] [warning] Couldn't find file 'metacarpal3_lvs.vtp'.
[2022-11-15 12:12:21.023] [warning] Couldn't find file 'middle_proximal_lvs.vtp'.
[2022-11-15 12:12:21.023] [warning] Couldn't find file 'middle_medial_lvs.vtp'.
[2022-11-15 12:12:21.023] [warning] Couldn't find file 'middle_distal_lvs.vtp'.
[2022-11-15 12:12:21.023] [warning] Couldn't find file 'metacarpal4_lvs.vtp'.
[2022-11-15 12:12:21.023] [warning] Couldn't find file 'ring_proximal_lvs.vtp'.
[2022-11-15 12:12:21.023] [warning] Couldn't find file 'ring_medial_lvs.vtp'.
[2022-11-15 12:12:21.023] [warning] Couldn't find file 'ring_distal_lvs.vtp'.
[2022-11-15 12:12:21.023] [warning] Couldn't find file 'metacarpal5_lvs.vtp'.
[2022-11-15 12:12:21.023] [warning] Couldn't find file 'little_proximal_lvs.vtp'.
[2022-11-15 12:12:21.023] [warning] Couldn't find file 'little_medial_lvs.vtp'.
[2022-11-15 12:12:21.023] [warning] Couldn't find file 'little_distal_lvs.vtp'.
[2022-11-15 12:12:21.023] [warning] Couldn't find file 'metacarpal1_lvs.vtp'.
[2022-11-15 12:12:21.023] [warning] Couldn't find file 'thumb_proximal_lvs.vtp'.
[2022-11-15 12:12:21.023] [warning] Couldn't find file 'thumb_distal_lvs.vtp'.
[2022-11-15 12:16:38.706] [info] Loaded model subject1_withMTJ_locked_scaled_custom from file C:\Users\u0150099\Documents\master_thesis\3dpredictsim\OpenSimModel\subject1\Fal_s1_mtjc4_FK_sc_FDB2_MTc5_cg0.osim
[2022-11-15 12:16:38.707] [warning] Couldn't find file 'sacrum.vtp'.
[2022-11-15 12:16:38.707] [warning] Couldn't find file 'pelvis.vtp'.
[2022-11-15 12:16:38.707] [warning] Couldn't find file 'l_pelvis.vtp'.
[2022-11-15 12:16:38.707] [warning] Couldn't find file 'femur_r.vtp'.
[2022-11-15 12:16:38.707] [warning] Couldn't find file 'tibia_r.vtp'.
[2022-11-15 12:16:38.708] [warning] Couldn't find file 'fibula_r.vtp'.
[2022-11-15 12:16:38.708] [warning] Couldn't find file 'talus_rv.vtp'.
[2022-11-15 12:16:38.708] [warning] Couldn't find file 'calcaneous_rv.vtp'.
[2022-11-15 12:16:38.708] [warning] Couldn't find file 'model_r_midfoot.stl'.
[2022-11-15 12:16:38.708] [warning] Couldn't find file 'model_r_forefoot.stl'.
[2022-11-15 12:16:38.708] [warning] Couldn't find file 'model_r_toes.stl'.
[2022-11-15 12:16:38.708] [warning] Couldn't find file 'femur_l.vtp'.
[2022-11-15 12:16:38.708] [warning] Couldn't find file 'tibia_l.vtp'.
[2022-11-15 12:16:38.708] [warning] Couldn't find file 'fibula_l.vtp'.
[2022-11-15 12:16:38.708] [warning] Couldn't find file 'talus_lv.vtp'.
[2022-11-15 12:16:38.708] [warning] Couldn't find file 'calcaneous_lv.vtp'.
[2022-11-15 12:16:38.708] [warning] Couldn't find file 'model_l_midfoot.stl'.
[2022-11-15 12:16:38.708] [warning] Couldn't find file 'model_l_forefoot.stl'.
[2022-11-15 12:16:38.708] [warning] Couldn't find file 'model_l_toes.stl'.
[2022-11-15 12:16:38.708] [warning] Couldn't find file 'hat_spine.vtp'.
[2022-11-15 12:16:38.709] [warning] Couldn't find file 'hat_jaw.vtp'.
[2022-11-15 12:16:38.709] [warning] Couldn't find file 'hat_skull.vtp'.
[2022-11-15 12:16:38.709] [warning] Couldn't find file 'hat_ribs_scap.vtp'.
[2022-11-15 12:16:38.709] [warning] Couldn't find file 'humerus_rv.vtp'.
[2022-11-15 12:16:38.709] [warning] Couldn't find file 'ulna_rv.vtp'.
[2022-11-15 12:16:38.709] [warning] Couldn't find file 'radius_rv.vtp'.
[2022-11-15 12:16:38.709] [warning] Couldn't find file 'pisiform_rvs.vtp'.
[2022-11-15 12:16:38.709] [warning] Couldn't find file 'lunate_rvs.vtp'.
[2022-11-15 12:16:38.709] [warning] Couldn't find file 'scaphoid_rvs.vtp'.
[2022-11-15 12:16:38.709] [warning] Couldn't find file 'triquetrum_rvs.vtp'.
[2022-11-15 12:16:38.709] [warning] Couldn't find file 'hamate_rvs.vtp'.
[2022-11-15 12:16:38.709] [warning] Couldn't find file 'capitate_rvs.vtp'.
[2022-11-15 12:16:38.709] [warning] Couldn't find file 'trapezoid_rvs.vtp'.
[2022-11-15 12:16:38.709] [warning] Couldn't find file 'trapezium_rvs.vtp'.
[2022-11-15 12:16:38.709] [warning] Couldn't find file 'metacarpal2_rvs.vtp'.
[2022-11-15 12:16:38.709] [warning] Couldn't find file 'index_proximal_rvs.vtp'.
[2022-11-15 12:16:38.710] [warning] Couldn't find file 'index_medial_rvs.vtp'.
[2022-11-15 12:16:38.710] [warning] Couldn't find file 'index_distal_rvs.vtp'.
[2022-11-15 12:16:38.710] [warning] Couldn't find file 'metacarpal3_rvs.vtp'.
[2022-11-15 12:16:38.710] [warning] Couldn't find file 'middle_proximal_rvs.vtp'.
[2022-11-15 12:16:38.710] [warning] Couldn't find file 'middle_medial_rvs.vtp'.
[2022-11-15 12:16:38.710] [warning] Couldn't find file 'middle_distal_rvs.vtp'.
[2022-11-15 12:16:38.710] [warning] Couldn't find file 'metacarpal4_rvs.vtp'.
[2022-11-15 12:16:38.710] [warning] Couldn't find file 'ring_proximal_rvs.vtp'.
[2022-11-15 12:16:38.710] [warning] Couldn't find file 'ring_medial_rvs.vtp'.
[2022-11-15 12:16:38.710] [warning] Couldn't find file 'ring_distal_rvs.vtp'.
[2022-11-15 12:16:38.710] [warning] Couldn't find file 'metacarpal5_rvs.vtp'.
[2022-11-15 12:16:38.710] [warning] Couldn't find file 'little_proximal_rvs.vtp'.
[2022-11-15 12:16:38.710] [warning] Couldn't find file 'little_medial_rvs.vtp'.
[2022-11-15 12:16:38.710] [warning] Couldn't find file 'little_distal_rvs.vtp'.
[2022-11-15 12:16:38.710] [warning] Couldn't find file 'metacarpal1_rvs.vtp'.
[2022-11-15 12:16:38.710] [warning] Couldn't find file 'thumb_proximal_rvs.vtp'.
[2022-11-15 12:16:38.711] [warning] Couldn't find file 'thumb_distal_rvs.vtp'.
[2022-11-15 12:16:38.711] [warning] Couldn't find file 'humerus_lv.vtp'.
[2022-11-15 12:16:38.711] [warning] Couldn't find file 'ulna_lv.vtp'.
[2022-11-15 12:16:38.711] [warning] Couldn't find file 'radius_lv.vtp'.
[2022-11-15 12:16:38.711] [warning] Couldn't find file 'pisiform_lvs.vtp'.
[2022-11-15 12:16:38.711] [warning] Couldn't find file 'lunate_lvs.vtp'.
[2022-11-15 12:16:38.711] [warning] Couldn't find file 'scaphoid_lvs.vtp'.
[2022-11-15 12:16:38.711] [warning] Couldn't find file 'triquetrum_lvs.vtp'.
[2022-11-15 12:16:38.711] [warning] Couldn't find file 'hamate_lvs.vtp'.
[2022-11-15 12:16:38.711] [warning] Couldn't find file 'capitate_lvs.vtp'.
[2022-11-15 12:16:38.711] [warning] Couldn't find file 'trapezoid_lvs.vtp'.
[2022-11-15 12:16:38.711] [warning] Couldn't find file 'trapezium_lvs.vtp'.
[2022-11-15 12:16:38.711] [warning] Couldn't find file 'metacarpal2_lvs.vtp'.
[2022-11-15 12:16:38.711] [warning] Couldn't find file 'index_proximal_lvs.vtp'.
[2022-11-15 12:16:38.711] [warning] Couldn't find file 'index_medial_lvs.vtp'.
[2022-11-15 12:16:38.711] [warning] Couldn't find file 'index_distal_lvs.vtp'.
[2022-11-15 12:16:38.712] [warning] Couldn't find file 'metacarpal3_lvs.vtp'.
[2022-11-15 12:16:38.712] [warning] Couldn't find file 'middle_proximal_lvs.vtp'.
[2022-11-15 12:16:38.712] [warning] Couldn't find file 'middle_medial_lvs.vtp'.
[2022-11-15 12:16:38.712] [warning] Couldn't find file 'middle_distal_lvs.vtp'.
[2022-11-15 12:16:38.712] [warning] Couldn't find file 'metacarpal4_lvs.vtp'.
[2022-11-15 12:16:38.712] [warning] Couldn't find file 'ring_proximal_lvs.vtp'.
[2022-11-15 12:16:38.712] [warning] Couldn't find file 'ring_medial_lvs.vtp'.
[2022-11-15 12:16:38.712] [warning] Couldn't find file 'ring_distal_lvs.vtp'.
[2022-11-15 12:16:38.712] [warning] Couldn't find file 'metacarpal5_lvs.vtp'.
[2022-11-15 12:16:38.712] [warning] Couldn't find file 'little_proximal_lvs.vtp'.
[2022-11-15 12:16:38.712] [warning] Couldn't find file 'little_medial_lvs.vtp'.
[2022-11-15 12:16:38.712] [warning] Couldn't find file 'little_distal_lvs.vtp'.
[2022-11-15 12:16:38.712] [warning] Couldn't find file 'metacarpal1_lvs.vtp'.
[2022-11-15 12:16:38.712] [warning] Couldn't find file 'thumb_proximal_lvs.vtp'.
[2022-11-15 12:16:38.712] [warning] Couldn't find file 'thumb_distal_lvs.vtp'.
[2022-11-15 12:16:56.887] [info] Loaded model subject1_withMTJ_locked_scaled_custom from file C:\Users\u0150099\Documents\master_thesis\3dpredictsim\OpenSimModel\subject1\Fal_s1_mtjc4_FK_sc_FDB2_MTc5_cg0.osim
[2022-11-15 12:16:56.888] [warning] Couldn't find file 'sacrum.vtp'.
[2022-11-15 12:16:56.888] [warning] Couldn't find file 'pelvis.vtp'.
[2022-11-15 12:16:56.888] [warning] Couldn't find file 'l_pelvis.vtp'.
[2022-11-15 12:16:56.888] [warning] Couldn't find file 'femur_r.vtp'.
[2022-11-15 12:16:56.888] [warning] Couldn't find file 'tibia_r.vtp'.
[2022-11-15 12:16:56.889] [warning] Couldn't find file 'fibula_r.vtp'.
[2022-11-15 12:16:56.889] [warning] Couldn't find file 'talus_rv.vtp'.
[2022-11-15 12:16:56.889] [warning] Couldn't find file 'calcaneous_rv.vtp'.
[2022-11-15 12:16:56.889] [warning] Couldn't find file 'model_r_midfoot.stl'.
[2022-11-15 12:16:56.889] [warning] Couldn't find file 'model_r_forefoot.stl'.
[2022-11-15 12:16:56.889] [warning] Couldn't find file 'model_r_toes.stl'.
[2022-11-15 12:16:56.889] [warning] Couldn't find file 'femur_l.vtp'.
[2022-11-15 12:16:56.889] [warning] Couldn't find file 'tibia_l.vtp'.
[2022-11-15 12:16:56.889] [warning] Couldn't find file 'fibula_l.vtp'.
[2022-11-15 12:16:56.889] [warning] Couldn't find file 'talus_lv.vtp'.
[2022-11-15 12:16:56.889] [warning] Couldn't find file 'calcaneous_lv.vtp'.
[2022-11-15 12:16:56.889] [warning] Couldn't find file 'model_l_midfoot.stl'.
[2022-11-15 12:16:56.889] [warning] Couldn't find file 'model_l_forefoot.stl'.
[2022-11-15 12:16:56.889] [warning] Couldn't find file 'model_l_toes.stl'.
[2022-11-15 12:16:56.889] [warning] Couldn't find file 'hat_spine.vtp'.
[2022-11-15 12:16:56.889] [warning] Couldn't find file 'hat_jaw.vtp'.
[2022-11-15 12:16:56.890] [warning] Couldn't find file 'hat_skull.vtp'.
[2022-11-15 12:16:56.890] [warning] Couldn't find file 'hat_ribs_scap.vtp'.
[2022-11-15 12:16:56.890] [warning] Couldn't find file 'humerus_rv.vtp'.
[2022-11-15 12:16:56.890] [warning] Couldn't find file 'ulna_rv.vtp'.
[2022-11-15 12:16:56.890] [warning] Couldn't find file 'radius_rv.vtp'.
[2022-11-15 12:16:56.890] [warning] Couldn't find file 'pisiform_rvs.vtp'.
[2022-11-15 12:16:56.890] [warning] Couldn't find file 'lunate_rvs.vtp'.
[2022-11-15 12:16:56.890] [warning] Couldn't find file 'scaphoid_rvs.vtp'.
[2022-11-15 12:16:56.890] [warning] Couldn't find file 'triquetrum_rvs.vtp'.
[2022-11-15 12:16:56.890] [warning] Couldn't find file 'hamate_rvs.vtp'.
[2022-11-15 12:16:56.890] [warning] Couldn't find file 'capitate_rvs.vtp'.
[2022-11-15 12:16:56.890] [warning] Couldn't find file 'trapezoid_rvs.vtp'.
[2022-11-15 12:16:56.890] [warning] Couldn't find file 'trapezium_rvs.vtp'.
[2022-11-15 12:16:56.890] [warning] Couldn't find file 'metacarpal2_rvs.vtp'.
[2022-11-15 12:16:56.890] [warning] Couldn't find file 'index_proximal_rvs.vtp'.
[2022-11-15 12:16:56.890] [warning] Couldn't find file 'index_medial_rvs.vtp'.
[2022-11-15 12:16:56.890] [warning] Couldn't find file 'index_distal_rvs.vtp'.
[2022-11-15 12:16:56.891] [warning] Couldn't find file 'metacarpal3_rvs.vtp'.
[2022-11-15 12:16:56.891] [warning] Couldn't find file 'middle_proximal_rvs.vtp'.
[2022-11-15 12:16:56.891] [warning] Couldn't find file 'middle_medial_rvs.vtp'.
[2022-11-15 12:16:56.891] [warning] Couldn't find file 'middle_distal_rvs.vtp'.
[2022-11-15 12:16:56.891] [warning] Couldn't find file 'metacarpal4_rvs.vtp'.
[2022-11-15 12:16:56.891] [warning] Couldn't find file 'ring_proximal_rvs.vtp'.
[2022-11-15 12:16:56.891] [warning] Couldn't find file 'ring_medial_rvs.vtp'.
[2022-11-15 12:16:56.891] [warning] Couldn't find file 'ring_distal_rvs.vtp'.
[2022-11-15 12:16:56.891] [warning] Couldn't find file 'metacarpal5_rvs.vtp'.
[2022-11-15 12:16:56.891] [warning] Couldn't find file 'little_proximal_rvs.vtp'.
[2022-11-15 12:16:56.891] [warning] Couldn't find file 'little_medial_rvs.vtp'.
[2022-11-15 12:16:56.891] [warning] Couldn't find file 'little_distal_rvs.vtp'.
[2022-11-15 12:16:56.891] [warning] Couldn't find file 'metacarpal1_rvs.vtp'.
[2022-11-15 12:16:56.891] [warning] Couldn't find file 'thumb_proximal_rvs.vtp'.
[2022-11-15 12:16:56.891] [warning] Couldn't find file 'thumb_distal_rvs.vtp'.
[2022-11-15 12:16:56.891] [warning] Couldn't find file 'humerus_lv.vtp'.
[2022-11-15 12:16:56.891] [warning] Couldn't find file 'ulna_lv.vtp'.
[2022-11-15 12:16:56.892] [warning] Couldn't find file 'radius_lv.vtp'.
[2022-11-15 12:16:56.892] [warning] Couldn't find file 'pisiform_lvs.vtp'.
[2022-11-15 12:16:56.892] [warning] Couldn't find file 'lunate_lvs.vtp'.
[2022-11-15 12:16:56.892] [warning] Couldn't find file 'scaphoid_lvs.vtp'.
[2022-11-15 12:16:56.892] [warning] Couldn't find file 'triquetrum_lvs.vtp'.
[2022-11-15 12:16:56.892] [warning] Couldn't find file 'hamate_lvs.vtp'.
[2022-11-15 12:16:56.892] [warning] Couldn't find file 'capitate_lvs.vtp'.
[2022-11-15 12:16:56.892] [warning] Couldn't find file 'trapezoid_lvs.vtp'.
[2022-11-15 12:16:56.892] [warning] Couldn't find file 'trapezium_lvs.vtp'.
[2022-11-15 12:16:56.892] [warning] Couldn't find file 'metacarpal2_lvs.vtp'.
[2022-11-15 12:16:56.892] [warning] Couldn't find file 'index_proximal_lvs.vtp'.
[2022-11-15 12:16:56.892] [warning] Couldn't find file 'index_medial_lvs.vtp'.
[2022-11-15 12:16:56.892] [warning] Couldn't find file 'index_distal_lvs.vtp'.
[2022-11-15 12:16:56.892] [warning] Couldn't find file 'metacarpal3_lvs.vtp'.
[2022-11-15 12:16:56.892] [warning] Couldn't find file 'middle_proximal_lvs.vtp'.
[2022-11-15 12:16:56.892] [warning] Couldn't find file 'middle_medial_lvs.vtp'.
[2022-11-15 12:16:56.892] [warning] Couldn't find file 'middle_distal_lvs.vtp'.
[2022-11-15 12:16:56.893] [warning] Couldn't find file 'metacarpal4_lvs.vtp'.
[2022-11-15 12:16:56.893] [warning] Couldn't find file 'ring_proximal_lvs.vtp'.
[2022-11-15 12:16:56.893] [warning] Couldn't find file 'ring_medial_lvs.vtp'.
[2022-11-15 12:16:56.893] [warning] Couldn't find file 'ring_distal_lvs.vtp'.
[2022-11-15 12:16:56.893] [warning] Couldn't find file 'metacarpal5_lvs.vtp'.
[2022-11-15 12:16:56.893] [warning] Couldn't find file 'little_proximal_lvs.vtp'.
[2022-11-15 12:16:56.893] [warning] Couldn't find file 'little_medial_lvs.vtp'.
[2022-11-15 12:16:56.893] [warning] Couldn't find file 'little_distal_lvs.vtp'.
[2022-11-15 12:16:56.893] [warning] Couldn't find file 'metacarpal1_lvs.vtp'.
[2022-11-15 12:16:56.893] [warning] Couldn't find file 'thumb_proximal_lvs.vtp'.
[2022-11-15 12:16:56.893] [warning] Couldn't find file 'thumb_distal_lvs.vtp'.
[2022-11-15 12:17:09.915] [info] Loaded model subject1_withMTJ_locked_scaled_custom from file C:\Users\u0150099\Documents\master_thesis\3dpredictsim\OpenSimModel\subject1\Fal_s1_mtjc4_FK_sc_FDB2_MTc5_cg0.osim
[2022-11-15 12:17:09.916] [warning] Couldn't find file 'sacrum.vtp'.
[2022-11-15 12:17:09.916] [warning] Couldn't find file 'pelvis.vtp'.
[2022-11-15 12:17:09.916] [warning] Couldn't find file 'l_pelvis.vtp'.
[2022-11-15 12:17:09.916] [warning] Couldn't find file 'femur_r.vtp'.
[2022-11-15 12:17:09.916] [warning] Couldn't find file 'tibia_r.vtp'.
[2022-11-15 12:17:09.917] [warning] Couldn't find file 'fibula_r.vtp'.
[2022-11-15 12:17:09.917] [warning] Couldn't find file 'talus_rv.vtp'.
[2022-11-15 12:17:09.917] [warning] Couldn't find file 'calcaneous_rv.vtp'.
[2022-11-15 12:17:09.917] [warning] Couldn't find file 'model_r_midfoot.stl'.
[2022-11-15 12:17:09.917] [warning] Couldn't find file 'model_r_forefoot.stl'.
[2022-11-15 12:17:09.917] [warning] Couldn't find file 'model_r_toes.stl'.
[2022-11-15 12:17:09.917] [warning] Couldn't find file 'femur_l.vtp'.
[2022-11-15 12:17:09.917] [warning] Couldn't find file 'tibia_l.vtp'.
[2022-11-15 12:17:09.917] [warning] Couldn't find file 'fibula_l.vtp'.
[2022-11-15 12:17:09.917] [warning] Couldn't find file 'talus_lv.vtp'.
[2022-11-15 12:17:09.917] [warning] Couldn't find file 'calcaneous_lv.vtp'.
[2022-11-15 12:17:09.917] [warning] Couldn't find file 'model_l_midfoot.stl'.
[2022-11-15 12:17:09.917] [warning] Couldn't find file 'model_l_forefoot.stl'.
[2022-11-15 12:17:09.917] [warning] Couldn't find file 'model_l_toes.stl'.
[2022-11-15 12:17:09.918] [warning] Couldn't find file 'hat_spine.vtp'.
[2022-11-15 12:17:09.918] [warning] Couldn't find file 'hat_jaw.vtp'.
[2022-11-15 12:17:09.918] [warning] Couldn't find file 'hat_skull.vtp'.
[2022-11-15 12:17:09.918] [warning] Couldn't find file 'hat_ribs_scap.vtp'.
[2022-11-15 12:17:09.918] [warning] Couldn't find file 'humerus_rv.vtp'.
[2022-11-15 12:17:09.918] [warning] Couldn't find file 'ulna_rv.vtp'.
[2022-11-15 12:17:09.918] [warning] Couldn't find file 'radius_rv.vtp'.
[2022-11-15 12:17:09.918] [warning] Couldn't find file 'pisiform_rvs.vtp'.
[2022-11-15 12:17:09.918] [warning] Couldn't find file 'lunate_rvs.vtp'.
[2022-11-15 12:17:09.918] [warning] Couldn't find file 'scaphoid_rvs.vtp'.
[2022-11-15 12:17:09.918] [warning] Couldn't find file 'triquetrum_rvs.vtp'.
[2022-11-15 12:17:09.918] [warning] Couldn't find file 'hamate_rvs.vtp'.
[2022-11-15 12:17:09.919] [warning] Couldn't find file 'capitate_rvs.vtp'.
[2022-11-15 12:17:09.919] [warning] Couldn't find file 'trapezoid_rvs.vtp'.
[2022-11-15 12:17:09.919] [warning] Couldn't find file 'trapezium_rvs.vtp'.
[2022-11-15 12:17:09.919] [warning] Couldn't find file 'metacarpal2_rvs.vtp'.
[2022-11-15 12:17:09.919] [warning] Couldn't find file 'index_proximal_rvs.vtp'.
[2022-11-15 12:17:09.919] [warning] Couldn't find file 'index_medial_rvs.vtp'.
[2022-11-15 12:17:09.919] [warning] Couldn't find file 'index_distal_rvs.vtp'.
[2022-11-15 12:17:09.919] [warning] Couldn't find file 'metacarpal3_rvs.vtp'.
[2022-11-15 12:17:09.919] [warning] Couldn't find file 'middle_proximal_rvs.vtp'.
[2022-11-15 12:17:09.919] [warning] Couldn't find file 'middle_medial_rvs.vtp'.
[2022-11-15 12:17:09.919] [warning] Couldn't find file 'middle_distal_rvs.vtp'.
[2022-11-15 12:17:09.919] [warning] Couldn't find file 'metacarpal4_rvs.vtp'.
[2022-11-15 12:17:09.919] [warning] Couldn't find file 'ring_proximal_rvs.vtp'.
[2022-11-15 12:17:09.920] [warning] Couldn't find file 'ring_medial_rvs.vtp'.
[2022-11-15 12:17:09.920] [warning] Couldn't find file 'ring_distal_rvs.vtp'.
[2022-11-15 12:17:09.920] [warning] Couldn't find file 'metacarpal5_rvs.vtp'.
[2022-11-15 12:17:09.920] [warning] Couldn't find file 'little_proximal_rvs.vtp'.
[2022-11-15 12:17:09.920] [warning] Couldn't find file 'little_medial_rvs.vtp'.
[2022-11-15 12:17:09.920] [warning] Couldn't find file 'little_distal_rvs.vtp'.
[2022-11-15 12:17:09.920] [warning] Couldn't find file 'metacarpal1_rvs.vtp'.
[2022-11-15 12:17:09.920] [warning] Couldn't find file 'thumb_proximal_rvs.vtp'.
[2022-11-15 12:17:09.920] [warning] Couldn't find file 'thumb_distal_rvs.vtp'.
[2022-11-15 12:17:09.920] [warning] Couldn't find file 'humerus_lv.vtp'.
[2022-11-15 12:17:09.920] [warning] Couldn't find file 'ulna_lv.vtp'.
[2022-11-15 12:17:09.920] [warning] Couldn't find file 'radius_lv.vtp'.
[2022-11-15 12:17:09.920] [warning] Couldn't find file 'pisiform_lvs.vtp'.
[2022-11-15 12:17:09.920] [warning] Couldn't find file 'lunate_lvs.vtp'.
[2022-11-15 12:17:09.921] [warning] Couldn't find file 'scaphoid_lvs.vtp'.
[2022-11-15 12:17:09.921] [warning] Couldn't find file 'triquetrum_lvs.vtp'.
[2022-11-15 12:17:09.921] [warning] Couldn't find file 'hamate_lvs.vtp'.
[2022-11-15 12:17:09.921] [warning] Couldn't find file 'capitate_lvs.vtp'.
[2022-11-15 12:17:09.921] [warning] Couldn't find file 'trapezoid_lvs.vtp'.
[2022-11-15 12:17:09.921] [warning] Couldn't find file 'trapezium_lvs.vtp'.
[2022-11-15 12:17:09.921] [warning] Couldn't find file 'metacarpal2_lvs.vtp'.
[2022-11-15 12:17:09.921] [warning] Couldn't find file 'index_proximal_lvs.vtp'.
[2022-11-15 12:17:09.921] [warning] Couldn't find file 'index_medial_lvs.vtp'.
[2022-11-15 12:17:09.921] [warning] Couldn't find file 'index_distal_lvs.vtp'.
[2022-11-15 12:17:09.921] [warning] Couldn't find file 'metacarpal3_lvs.vtp'.
[2022-11-15 12:17:09.921] [warning] Couldn't find file 'middle_proximal_lvs.vtp'.
[2022-11-15 12:17:09.921] [warning] Couldn't find file 'middle_medial_lvs.vtp'.
[2022-11-15 12:17:09.921] [warning] Couldn't find file 'middle_distal_lvs.vtp'.
[2022-11-15 12:17:09.921] [warning] Couldn't find file 'metacarpal4_lvs.vtp'.
[2022-11-15 12:17:09.921] [warning] Couldn't find file 'ring_proximal_lvs.vtp'.
[2022-11-15 12:17:09.921] [warning] Couldn't find file 'ring_medial_lvs.vtp'.
[2022-11-15 12:17:09.922] [warning] Couldn't find file 'ring_distal_lvs.vtp'.
[2022-11-15 12:17:09.922] [warning] Couldn't find file 'metacarpal5_lvs.vtp'.
[2022-11-15 12:17:09.922] [warning] Couldn't find file 'little_proximal_lvs.vtp'.
[2022-11-15 12:17:09.922] [warning] Couldn't find file 'little_medial_lvs.vtp'.
[2022-11-15 12:17:09.922] [warning] Couldn't find file 'little_distal_lvs.vtp'.
[2022-11-15 12:17:09.922] [warning] Couldn't find file 'metacarpal1_lvs.vtp'.
[2022-11-15 12:17:09.922] [warning] Couldn't find file 'thumb_proximal_lvs.vtp'.
[2022-11-15 12:17:09.922] [warning] Couldn't find file 'thumb_distal_lvs.vtp'.
[2022-11-15 12:53:11.295] [info] Loaded model subject1_withMTJ_locked_scaled_custom from file C:\Users\u0150099\Documents\master_thesis\3dpredictsim\OpenSimModel\subject1\Fal_s1_mtjc4_FK_sc_FDB2_MTc5_cg0.osim
[2022-11-15 12:53:11.296] [warning] Couldn't find file 'sacrum.vtp'.
[2022-11-15 12:53:11.296] [warning] Couldn't find file 'pelvis.vtp'.
[2022-11-15 12:53:11.296] [warning] Couldn't find file 'l_pelvis.vtp'.
[2022-11-15 12:53:11.297] [warning] Couldn't find file 'femur_r.vtp'.
[2022-11-15 12:53:11.297] [warning] Couldn't find file 'tibia_r.vtp'.
[2022-11-15 12:53:11.297] [warning] Couldn't find file 'fibula_r.vtp'.
[2022-11-15 12:53:11.297] [warning] Couldn't find file 'talus_rv.vtp'.
[2022-11-15 12:53:11.297] [warning] Couldn't find file 'calcaneous_rv.vtp'.
[2022-11-15 12:53:11.297] [warning] Couldn't find file 'model_r_midfoot.stl'.
[2022-11-15 12:53:11.297] [warning] Couldn't find file 'model_r_forefoot.stl'.
[2022-11-15 12:53:11.297] [warning] Couldn't find file 'model_r_toes.stl'.
[2022-11-15 12:53:11.297] [warning] Couldn't find file 'femur_l.vtp'.
[2022-11-15 12:53:11.297] [warning] Couldn't find file 'tibia_l.vtp'.
[2022-11-15 12:53:11.297] [warning] Couldn't find file 'fibula_l.vtp'.
[2022-11-15 12:53:11.297] [warning] Couldn't find file 'talus_lv.vtp'.
[2022-11-15 12:53:11.297] [warning] Couldn't find file 'calcaneous_lv.vtp'.
[2022-11-15 12:53:11.297] [warning] Couldn't find file 'model_l_midfoot.stl'.
[2022-11-15 12:53:11.298] [warning] Couldn't find file 'model_l_forefoot.stl'.
[2022-11-15 12:53:11.298] [warning] Couldn't find file 'model_l_toes.stl'.
[2022-11-15 12:53:11.298] [warning] Couldn't find file 'hat_spine.vtp'.
[2022-11-15 12:53:11.298] [warning] Couldn't find file 'hat_jaw.vtp'.
[2022-11-15 12:53:11.298] [warning] Couldn't find file 'hat_skull.vtp'.
[2022-11-15 12:53:11.298] [warning] Couldn't find file 'hat_ribs_scap.vtp'.
[2022-11-15 12:53:11.298] [warning] Couldn't find file 'humerus_rv.vtp'.
[2022-11-15 12:53:11.298] [warning] Couldn't find file 'ulna_rv.vtp'.
[2022-11-15 12:53:11.298] [warning] Couldn't find file 'radius_rv.vtp'.
[2022-11-15 12:53:11.298] [warning] Couldn't find file 'pisiform_rvs.vtp'.
[2022-11-15 12:53:11.298] [warning] Couldn't find file 'lunate_rvs.vtp'.
[2022-11-15 12:53:11.298] [warning] Couldn't find file 'scaphoid_rvs.vtp'.
[2022-11-15 12:53:11.298] [warning] Couldn't find file 'triquetrum_rvs.vtp'.
[2022-11-15 12:53:11.298] [warning] Couldn't find file 'hamate_rvs.vtp'.
[2022-11-15 12:53:11.298] [warning] Couldn't find file 'capitate_rvs.vtp'.
[2022-11-15 12:53:11.298] [warning] Couldn't find file 'trapezoid_rvs.vtp'.
[2022-11-15 12:53:11.299] [warning] Couldn't find file 'trapezium_rvs.vtp'.
[2022-11-15 12:53:11.299] [warning] Couldn't find file 'metacarpal2_rvs.vtp'.
[2022-11-15 12:53:11.299] [warning] Couldn't find file 'index_proximal_rvs.vtp'.
[2022-11-15 12:53:11.299] [warning] Couldn't find file 'index_medial_rvs.vtp'.
[2022-11-15 12:53:11.299] [warning] Couldn't find file 'index_distal_rvs.vtp'.
[2022-11-15 12:53:11.299] [warning] Couldn't find file 'metacarpal3_rvs.vtp'.
[2022-11-15 12:53:11.299] [warning] Couldn't find file 'middle_proximal_rvs.vtp'.
[2022-11-15 12:53:11.299] [warning] Couldn't find file 'middle_medial_rvs.vtp'.
[2022-11-15 12:53:11.299] [warning] Couldn't find file 'middle_distal_rvs.vtp'.
[2022-11-15 12:53:11.299] [warning] Couldn't find file 'metacarpal4_rvs.vtp'.
[2022-11-15 12:53:11.299] [warning] Couldn't find file 'ring_proximal_rvs.vtp'.
[2022-11-15 12:53:11.299] [warning] Couldn't find file 'ring_medial_rvs.vtp'.
[2022-11-15 12:53:11.299] [warning] Couldn't find file 'ring_distal_rvs.vtp'.
[2022-11-15 12:53:11.299] [warning] Couldn't find file 'metacarpal5_rvs.vtp'.
[2022-11-15 12:53:11.299] [warning] Couldn't find file 'little_proximal_rvs.vtp'.
[2022-11-15 12:53:11.299] [warning] Couldn't find file 'little_medial_rvs.vtp'.
[2022-11-15 12:53:11.299] [warning] Couldn't find file 'little_distal_rvs.vtp'.
[2022-11-15 12:53:11.300] [warning] Couldn't find file 'metacarpal1_rvs.vtp'.
[2022-11-15 12:53:11.300] [warning] Couldn't find file 'thumb_proximal_rvs.vtp'.
[2022-11-15 12:53:11.300] [warning] Couldn't find file 'thumb_distal_rvs.vtp'.
[2022-11-15 12:53:11.300] [warning] Couldn't find file 'humerus_lv.vtp'.
[2022-11-15 12:53:11.300] [warning] Couldn't find file 'ulna_lv.vtp'.
[2022-11-15 12:53:11.300] [warning] Couldn't find file 'radius_lv.vtp'.
[2022-11-15 12:53:11.300] [warning] Couldn't find file 'pisiform_lvs.vtp'.
[2022-11-15 12:53:11.300] [warning] Couldn't find file 'lunate_lvs.vtp'.
[2022-11-15 12:53:11.300] [warning] Couldn't find file 'scaphoid_lvs.vtp'.
[2022-11-15 12:53:11.300] [warning] Couldn't find file 'triquetrum_lvs.vtp'.
[2022-11-15 12:53:11.300] [warning] Couldn't find file 'hamate_lvs.vtp'.
[2022-11-15 12:53:11.300] [warning] Couldn't find file 'capitate_lvs.vtp'.
[2022-11-15 12:53:11.300] [warning] Couldn't find file 'trapezoid_lvs.vtp'.
[2022-11-15 12:53:11.300] [warning] Couldn't find file 'trapezium_lvs.vtp'.
[2022-11-15 12:53:11.300] [warning] Couldn't find file 'metacarpal2_lvs.vtp'.
[2022-11-15 12:53:11.300] [warning] Couldn't find file 'index_proximal_lvs.vtp'.
[2022-11-15 12:53:11.300] [warning] Couldn't find file 'index_medial_lvs.vtp'.
[2022-11-15 12:53:11.301] [warning] Couldn't find file 'index_distal_lvs.vtp'.
[2022-11-15 12:53:11.301] [warning] Couldn't find file 'metacarpal3_lvs.vtp'.
[2022-11-15 12:53:11.301] [warning] Couldn't find file 'middle_proximal_lvs.vtp'.
[2022-11-15 12:53:11.301] [warning] Couldn't find file 'middle_medial_lvs.vtp'.
[2022-11-15 12:53:11.301] [warning] Couldn't find file 'middle_distal_lvs.vtp'.
[2022-11-15 12:53:11.301] [warning] Couldn't find file 'metacarpal4_lvs.vtp'.
[2022-11-15 12:53:11.301] [warning] Couldn't find file 'ring_proximal_lvs.vtp'.
[2022-11-15 12:53:11.301] [warning] Couldn't find file 'ring_medial_lvs.vtp'.
[2022-11-15 12:53:11.301] [warning] Couldn't find file 'ring_distal_lvs.vtp'.
[2022-11-15 12:53:11.301] [warning] Couldn't find file 'metacarpal5_lvs.vtp'.
[2022-11-15 12:53:11.301] [warning] Couldn't find file 'little_proximal_lvs.vtp'.
[2022-11-15 12:53:11.301] [warning] Couldn't find file 'little_medial_lvs.vtp'.
[2022-11-15 12:53:11.301] [warning] Couldn't find file 'little_distal_lvs.vtp'.
[2022-11-15 12:53:11.301] [warning] Couldn't find file 'metacarpal1_lvs.vtp'.
[2022-11-15 12:53:11.301] [warning] Couldn't find file 'thumb_proximal_lvs.vtp'.
[2022-11-15 12:53:11.301] [warning] Couldn't find file 'thumb_distal_lvs.vtp'.
[2022-11-15 12:54:00.432] [info] Loaded model subject1_withMTJ_locked_scaled_custom from file C:\Users\u0150099\Documents\master_thesis\3dpredictsim\OpenSimModel\subject1\Fal_s1_mtjc4_FK_sc_FDB2_MTc5_cg0.osim
[2022-11-15 12:54:00.433] [warning] Couldn't find file 'sacrum.vtp'.
[2022-11-15 12:54:00.433] [warning] Couldn't find file 'pelvis.vtp'.
[2022-11-15 12:54:00.433] [warning] Couldn't find file 'l_pelvis.vtp'.
[2022-11-15 12:54:00.434] [warning] Couldn't find file 'femur_r.vtp'.
[2022-11-15 12:54:00.434] [warning] Couldn't find file 'tibia_r.vtp'.
[2022-11-15 12:54:00.434] [warning] Couldn't find file 'fibula_r.vtp'.
[2022-11-15 12:54:00.434] [warning] Couldn't find file 'talus_rv.vtp'.
[2022-11-15 12:54:00.434] [warning] Couldn't find file 'calcaneous_rv.vtp'.
[2022-11-15 12:54:00.434] [warning] Couldn't find file 'model_r_midfoot.stl'.
[2022-11-15 12:54:00.434] [warning] Couldn't find file 'model_r_forefoot.stl'.
[2022-11-15 12:54:00.434] [warning] Couldn't find file 'model_r_toes.stl'.
[2022-11-15 12:54:00.434] [warning] Couldn't find file 'femur_l.vtp'.
[2022-11-15 12:54:00.434] [warning] Couldn't find file 'tibia_l.vtp'.
[2022-11-15 12:54:00.434] [warning] Couldn't find file 'fibula_l.vtp'.
[2022-11-15 12:54:00.434] [warning] Couldn't find file 'talus_lv.vtp'.
[2022-11-15 12:54:00.434] [warning] Couldn't find file 'calcaneous_lv.vtp'.
[2022-11-15 12:54:00.435] [warning] Couldn't find file 'model_l_midfoot.stl'.
[2022-11-15 12:54:00.435] [warning] Couldn't find file 'model_l_forefoot.stl'.
[2022-11-15 12:54:00.435] [warning] Couldn't find file 'model_l_toes.stl'.
[2022-11-15 12:54:00.435] [warning] Couldn't find file 'hat_spine.vtp'.
[2022-11-15 12:54:00.435] [warning] Couldn't find file 'hat_jaw.vtp'.
[2022-11-15 12:54:00.435] [warning] Couldn't find file 'hat_skull.vtp'.
[2022-11-15 12:54:00.435] [warning] Couldn't find file 'hat_ribs_scap.vtp'.
[2022-11-15 12:54:00.435] [warning] Couldn't find file 'humerus_rv.vtp'.
[2022-11-15 12:54:00.435] [warning] Couldn't find file 'ulna_rv.vtp'.
[2022-11-15 12:54:00.435] [warning] Couldn't find file 'radius_rv.vtp'.
[2022-11-15 12:54:00.435] [warning] Couldn't find file 'pisiform_rvs.vtp'.
[2022-11-15 12:54:00.435] [warning] Couldn't find file 'lunate_rvs.vtp'.
[2022-11-15 12:54:00.435] [warning] Couldn't find file 'scaphoid_rvs.vtp'.
[2022-11-15 12:54:00.435] [warning] Couldn't find file 'triquetrum_rvs.vtp'.
[2022-11-15 12:54:00.436] [warning] Couldn't find file 'hamate_rvs.vtp'.
[2022-11-15 12:54:00.436] [warning] Couldn't find file 'capitate_rvs.vtp'.
[2022-11-15 12:54:00.436] [warning] Couldn't find file 'trapezoid_rvs.vtp'.
[2022-11-15 12:54:00.436] [warning] Couldn't find file 'trapezium_rvs.vtp'.
[2022-11-15 12:54:00.436] [warning] Couldn't find file 'metacarpal2_rvs.vtp'.
[2022-11-15 12:54:00.436] [warning] Couldn't find file 'index_proximal_rvs.vtp'.
[2022-11-15 12:54:00.436] [warning] Couldn't find file 'index_medial_rvs.vtp'.
[2022-11-15 12:54:00.436] [warning] Couldn't find file 'index_distal_rvs.vtp'.
[2022-11-15 12:54:00.436] [warning] Couldn't find file 'metacarpal3_rvs.vtp'.
[2022-11-15 12:54:00.436] [warning] Couldn't find file 'middle_proximal_rvs.vtp'.
[2022-11-15 12:54:00.436] [warning] Couldn't find file 'middle_medial_rvs.vtp'.
[2022-11-15 12:54:00.436] [warning] Couldn't find file 'middle_distal_rvs.vtp'.
[2022-11-15 12:54:00.436] [warning] Couldn't find file 'metacarpal4_rvs.vtp'.
[2022-11-15 12:54:00.436] [warning] Couldn't find file 'ring_proximal_rvs.vtp'.
[2022-11-15 12:54:00.436] [warning] Couldn't find file 'ring_medial_rvs.vtp'.
[2022-11-15 12:54:00.437] [warning] Couldn't find file 'ring_distal_rvs.vtp'.
[2022-11-15 12:54:00.437] [warning] Couldn't find file 'metacarpal5_rvs.vtp'.
[2022-11-15 12:54:00.437] [warning] Couldn't find file 'little_proximal_rvs.vtp'.
[2022-11-15 12:54:00.437] [warning] Couldn't find file 'little_medial_rvs.vtp'.
[2022-11-15 12:54:00.437] [warning] Couldn't find file 'little_distal_rvs.vtp'.
[2022-11-15 12:54:00.437] [warning] Couldn't find file 'metacarpal1_rvs.vtp'.
[2022-11-15 12:54:00.437] [warning] Couldn't find file 'thumb_proximal_rvs.vtp'.
[2022-11-15 12:54:00.437] [warning] Couldn't find file 'thumb_distal_rvs.vtp'.
[2022-11-15 12:54:00.437] [warning] Couldn't find file 'humerus_lv.vtp'.
[2022-11-15 12:54:00.437] [warning] Couldn't find file 'ulna_lv.vtp'.
[2022-11-15 12:54:00.437] [warning] Couldn't find file 'radius_lv.vtp'.
[2022-11-15 12:54:00.437] [warning] Couldn't find file 'pisiform_lvs.vtp'.
[2022-11-15 12:54:00.437] [warning] Couldn't find file 'lunate_lvs.vtp'.
[2022-11-15 12:54:00.438] [warning] Couldn't find file 'scaphoid_lvs.vtp'.
[2022-11-15 12:54:00.438] [warning] Couldn't find file 'triquetrum_lvs.vtp'.
[2022-11-15 12:54:00.438] [warning] Couldn't find file 'hamate_lvs.vtp'.
[2022-11-15 12:54:00.438] [warning] Couldn't find file 'capitate_lvs.vtp'.
[2022-11-15 12:54:00.438] [warning] Couldn't find file 'trapezoid_lvs.vtp'.
[2022-11-15 12:54:00.438] [warning] Couldn't find file 'trapezium_lvs.vtp'.
[2022-11-15 12:54:00.438] [warning] Couldn't find file 'metacarpal2_lvs.vtp'.
[2022-11-15 12:54:00.438] [warning] Couldn't find file 'index_proximal_lvs.vtp'.
[2022-11-15 12:54:00.438] [warning] Couldn't find file 'index_medial_lvs.vtp'.
[2022-11-15 12:54:00.438] [warning] Couldn't find file 'index_distal_lvs.vtp'.
[2022-11-15 12:54:00.438] [warning] Couldn't find file 'metacarpal3_lvs.vtp'.
[2022-11-15 12:54:00.438] [warning] Couldn't find file 'middle_proximal_lvs.vtp'.
[2022-11-15 12:54:00.438] [warning] Couldn't find file 'middle_medial_lvs.vtp'.
[2022-11-15 12:54:00.438] [warning] Couldn't find file 'middle_distal_lvs.vtp'.
[2022-11-15 12:54:00.438] [warning] Couldn't find file 'metacarpal4_lvs.vtp'.
[2022-11-15 12:54:00.439] [warning] Couldn't find file 'ring_proximal_lvs.vtp'.
[2022-11-15 12:54:00.439] [warning] Couldn't find file 'ring_medial_lvs.vtp'.
[2022-11-15 12:54:00.439] [warning] Couldn't find file 'ring_distal_lvs.vtp'.
[2022-11-15 12:54:00.439] [warning] Couldn't find file 'metacarpal5_lvs.vtp'.
[2022-11-15 12:54:00.439] [warning] Couldn't find file 'little_proximal_lvs.vtp'.
[2022-11-15 12:54:00.439] [warning] Couldn't find file 'little_medial_lvs.vtp'.
[2022-11-15 12:54:00.439] [warning] Couldn't find file 'little_distal_lvs.vtp'.
[2022-11-15 12:54:00.439] [warning] Couldn't find file 'metacarpal1_lvs.vtp'.
[2022-11-15 12:54:00.439] [warning] Couldn't find file 'thumb_proximal_lvs.vtp'.
[2022-11-15 12:54:00.439] [warning] Couldn't find file 'thumb_distal_lvs.vtp'.
[2022-11-15 12:54:27.266] [info] Loaded model subject1_withMTJ_locked_scaled_custom from file C:\Users\u0150099\Documents\master_thesis\3dpredictsim\OpenSimModel\subject1\Fal_s1_mtjc4_FK_sc_FDB2_MTc5_cg0.osim
[2022-11-15 12:54:27.267] [warning] Couldn't find file 'sacrum.vtp'.
[2022-11-15 12:54:27.267] [warning] Couldn't find file 'pelvis.vtp'.
[2022-11-15 12:54:27.267] [warning] Couldn't find file 'l_pelvis.vtp'.
[2022-11-15 12:54:27.267] [warning] Couldn't find file 'femur_r.vtp'.
[2022-11-15 12:54:27.267] [warning] Couldn't find file 'tibia_r.vtp'.
[2022-11-15 12:54:27.267] [warning] Couldn't find file 'fibula_r.vtp'.
[2022-11-15 12:54:27.267] [warning] Couldn't find file 'talus_rv.vtp'.
[2022-11-15 12:54:27.267] [warning] Couldn't find file 'calcaneous_rv.vtp'.
[2022-11-15 12:54:27.267] [warning] Couldn't find file 'model_r_midfoot.stl'.
[2022-11-15 12:54:27.267] [warning] Couldn't find file 'model_r_forefoot.stl'.
[2022-11-15 12:54:27.267] [warning] Couldn't find file 'model_r_toes.stl'.
[2022-11-15 12:54:27.267] [warning] Couldn't find file 'femur_l.vtp'.
[2022-11-15 12:54:27.268] [warning] Couldn't find file 'tibia_l.vtp'.
[2022-11-15 12:54:27.268] [warning] Couldn't find file 'fibula_l.vtp'.
[2022-11-15 12:54:27.268] [warning] Couldn't find file 'talus_lv.vtp'.
[2022-11-15 12:54:27.268] [warning] Couldn't find file 'calcaneous_lv.vtp'.
[2022-11-15 12:54:27.268] [warning] Couldn't find file 'model_l_midfoot.stl'.
[2022-11-15 12:54:27.268] [warning] Couldn't find file 'model_l_forefoot.stl'.
[2022-11-15 12:54:27.268] [warning] Couldn't find file 'model_l_toes.stl'.
[2022-11-15 12:54:27.268] [warning] Couldn't find file 'hat_spine.vtp'.
[2022-11-15 12:54:27.268] [warning] Couldn't find file 'hat_jaw.vtp'.
[2022-11-15 12:54:27.268] [warning] Couldn't find file 'hat_skull.vtp'.
[2022-11-15 12:54:27.268] [warning] Couldn't find file 'hat_ribs_scap.vtp'.
[2022-11-15 12:54:27.268] [warning] Couldn't find file 'humerus_rv.vtp'.
[2022-11-15 12:54:27.268] [warning] Couldn't find file 'ulna_rv.vtp'.
[2022-11-15 12:54:27.268] [warning] Couldn't find file 'radius_rv.vtp'.
[2022-11-15 12:54:27.268] [warning] Couldn't find file 'pisiform_rvs.vtp'.
[2022-11-15 12:54:27.269] [warning] Couldn't find file 'lunate_rvs.vtp'.
[2022-11-15 12:54:27.269] [warning] Couldn't find file 'scaphoid_rvs.vtp'.
[2022-11-15 12:54:27.269] [warning] Couldn't find file 'triquetrum_rvs.vtp'.
[2022-11-15 12:54:27.269] [warning] Couldn't find file 'hamate_rvs.vtp'.
[2022-11-15 12:54:27.269] [warning] Couldn't find file 'capitate_rvs.vtp'.
[2022-11-15 12:54:27.269] [warning] Couldn't find file 'trapezoid_rvs.vtp'.
[2022-11-15 12:54:27.269] [warning] Couldn't find file 'trapezium_rvs.vtp'.
[2022-11-15 12:54:27.269] [warning] Couldn't find file 'metacarpal2_rvs.vtp'.
[2022-11-15 12:54:27.269] [warning] Couldn't find file 'index_proximal_rvs.vtp'.
[2022-11-15 12:54:27.269] [warning] Couldn't find file 'index_medial_rvs.vtp'.
[2022-11-15 12:54:27.269] [warning] Couldn't find file 'index_distal_rvs.vtp'.
[2022-11-15 12:54:27.269] [warning] Couldn't find file 'metacarpal3_rvs.vtp'.
[2022-11-15 12:54:27.269] [warning] Couldn't find file 'middle_proximal_rvs.vtp'.
[2022-11-15 12:54:27.269] [warning] Couldn't find file 'middle_medial_rvs.vtp'.
[2022-11-15 12:54:27.269] [warning] Couldn't find file 'middle_distal_rvs.vtp'.
[2022-11-15 12:54:27.269] [warning] Couldn't find file 'metacarpal4_rvs.vtp'.
[2022-11-15 12:54:27.270] [warning] Couldn't find file 'ring_proximal_rvs.vtp'.
[2022-11-15 12:54:27.270] [warning] Couldn't find file 'ring_medial_rvs.vtp'.
[2022-11-15 12:54:27.270] [warning] Couldn't find file 'ring_distal_rvs.vtp'.
[2022-11-15 12:54:27.270] [warning] Couldn't find file 'metacarpal5_rvs.vtp'.
[2022-11-15 12:54:27.270] [warning] Couldn't find file 'little_proximal_rvs.vtp'.
[2022-11-15 12:54:27.270] [warning] Couldn't find file 'little_medial_rvs.vtp'.
[2022-11-15 12:54:27.270] [warning] Couldn't find file 'little_distal_rvs.vtp'.
[2022-11-15 12:54:27.270] [warning] Couldn't find file 'metacarpal1_rvs.vtp'.
[2022-11-15 12:54:27.270] [warning] Couldn't find file 'thumb_proximal_rvs.vtp'.
[2022-11-15 12:54:27.270] [warning] Couldn't find file 'thumb_distal_rvs.vtp'.
[2022-11-15 12:54:27.270] [warning] Couldn't find file 'humerus_lv.vtp'.
[2022-11-15 12:54:27.270] [warning] Couldn't find file 'ulna_lv.vtp'.
[2022-11-15 12:54:27.270] [warning] Couldn't find file 'radius_lv.vtp'.
[2022-11-15 12:54:27.270] [warning] Couldn't find file 'pisiform_lvs.vtp'.
[2022-11-15 12:54:27.270] [warning] Couldn't find file 'lunate_lvs.vtp'.
[2022-11-15 12:54:27.271] [warning] Couldn't find file 'scaphoid_lvs.vtp'.
[2022-11-15 12:54:27.271] [warning] Couldn't find file 'triquetrum_lvs.vtp'.
[2022-11-15 12:54:27.271] [warning] Couldn't find file 'hamate_lvs.vtp'.
[2022-11-15 12:54:27.271] [warning] Couldn't find file 'capitate_lvs.vtp'.
[2022-11-15 12:54:27.271] [warning] Couldn't find file 'trapezoid_lvs.vtp'.
[2022-11-15 12:54:27.271] [warning] Couldn't find file 'trapezium_lvs.vtp'.
[2022-11-15 12:54:27.271] [warning] Couldn't find file 'metacarpal2_lvs.vtp'.
[2022-11-15 12:54:27.271] [warning] Couldn't find file 'index_proximal_lvs.vtp'.
[2022-11-15 12:54:27.271] [warning] Couldn't find file 'index_medial_lvs.vtp'.
[2022-11-15 12:54:27.271] [warning] Couldn't find file 'index_distal_lvs.vtp'.
[2022-11-15 12:54:27.271] [warning] Couldn't find file 'metacarpal3_lvs.vtp'.
[2022-11-15 12:54:27.271] [warning] Couldn't find file 'middle_proximal_lvs.vtp'.
[2022-11-15 12:54:27.271] [warning] Couldn't find file 'middle_medial_lvs.vtp'.
[2022-11-15 12:54:27.272] [warning] Couldn't find file 'middle_distal_lvs.vtp'.
[2022-11-15 12:54:27.272] [warning] Couldn't find file 'metacarpal4_lvs.vtp'.
[2022-11-15 12:54:27.272] [warning] Couldn't find file 'ring_proximal_lvs.vtp'.
[2022-11-15 12:54:27.272] [warning] Couldn't find file 'ring_medial_lvs.vtp'.
[2022-11-15 12:54:27.272] [warning] Couldn't find file 'ring_distal_lvs.vtp'.
[2022-11-15 12:54:27.272] [warning] Couldn't find file 'metacarpal5_lvs.vtp'.
[2022-11-15 12:54:27.272] [warning] Couldn't find file 'little_proximal_lvs.vtp'.
[2022-11-15 12:54:27.272] [warning] Couldn't find file 'little_medial_lvs.vtp'.
[2022-11-15 12:54:27.272] [warning] Couldn't find file 'little_distal_lvs.vtp'.
[2022-11-15 12:54:27.272] [warning] Couldn't find file 'metacarpal1_lvs.vtp'.
[2022-11-15 12:54:27.272] [warning] Couldn't find file 'thumb_proximal_lvs.vtp'.
[2022-11-15 12:54:27.272] [warning] Couldn't find file 'thumb_distal_lvs.vtp'.
[2022-11-15 13:00:49.123] [info] Loaded model Fal_s1_mtp_sc_MTc5_cspx10_oy1_AdaptedForPredSim from file C:\GBW_MyPrograms\PredSim_test\Subjects\Fal_s1_base/Fal_s1_k1_d20_sF8_dF8_vF5_tV20.osim
[2022-11-15 13:00:49.124] [warning] Couldn't find file 'sacrum.vtp'.
[2022-11-15 13:00:49.124] [warning] Couldn't find file 'pelvis.vtp'.
[2022-11-15 13:00:49.124] [warning] Couldn't find file 'l_pelvis.vtp'.
[2022-11-15 13:00:49.124] [warning] Couldn't find file 'femur_r.vtp'.
[2022-11-15 13:00:49.124] [warning] Couldn't find file 'tibia_r.vtp'.
[2022-11-15 13:00:49.124] [warning] Couldn't find file 'fibula_r.vtp'.
[2022-11-15 13:00:49.125] [warning] Couldn't find file 'talus_rv.vtp'.
[2022-11-15 13:00:49.125] [warning] Couldn't find file 'calcaneous_rv.vtp'.
[2022-11-15 13:00:49.125] [warning] Couldn't find file 'model_r_midfoot.stl'.
[2022-11-15 13:00:49.125] [warning] Couldn't find file 'model_r_forefoot.stl'.
[2022-11-15 13:00:49.125] [warning] Couldn't find file 'model_r_toes.stl'.
[2022-11-15 13:00:49.125] [warning] Couldn't find file 'femur_l.vtp'.
[2022-11-15 13:00:49.125] [warning] Couldn't find file 'tibia_l.vtp'.
[2022-11-15 13:00:49.125] [warning] Couldn't find file 'fibula_l.vtp'.
[2022-11-15 13:00:49.125] [warning] Couldn't find file 'talus_lv.vtp'.
[2022-11-15 13:00:49.125] [warning] Couldn't find file 'calcaneous_lv.vtp'.
[2022-11-15 13:00:49.125] [warning] Couldn't find file 'model_l_midfoot.stl'.
[2022-11-15 13:00:49.125] [warning] Couldn't find file 'model_l_forefoot.stl'.
[2022-11-15 13:00:49.125] [warning] Couldn't find file 'model_l_toes.stl'.
[2022-11-15 13:00:49.125] [warning] Couldn't find file 'hat_spine.vtp'.
[2022-11-15 13:00:49.126] [warning] Couldn't find file 'hat_jaw.vtp'.
[2022-11-15 13:00:49.126] [warning] Couldn't find file 'hat_skull.vtp'.
[2022-11-15 13:00:49.126] [warning] Couldn't find file 'hat_ribs_scap.vtp'.
[2022-11-15 13:00:49.126] [warning] Couldn't find file 'humerus_rv.vtp'.
[2022-11-15 13:00:49.126] [warning] Couldn't find file 'ulna_rv.vtp'.
[2022-11-15 13:00:49.126] [warning] Couldn't find file 'radius_rv.vtp'.
[2022-11-15 13:00:49.126] [warning] Couldn't find file 'pisiform_rvs.vtp'.
[2022-11-15 13:00:49.126] [warning] Couldn't find file 'lunate_rvs.vtp'.
[2022-11-15 13:00:49.126] [warning] Couldn't find file 'scaphoid_rvs.vtp'.
[2022-11-15 13:00:49.126] [warning] Couldn't find file 'triquetrum_rvs.vtp'.
[2022-11-15 13:00:49.126] [warning] Couldn't find file 'hamate_rvs.vtp'.
[2022-11-15 13:00:49.126] [warning] Couldn't find file 'capitate_rvs.vtp'.
[2022-11-15 13:00:49.126] [warning] Couldn't find file 'trapezoid_rvs.vtp'.
[2022-11-15 13:00:49.126] [warning] Couldn't find file 'trapezium_rvs.vtp'.
[2022-11-15 13:00:49.126] [warning] Couldn't find file 'metacarpal2_rvs.vtp'.
[2022-11-15 13:00:49.126] [warning] Couldn't find file 'index_proximal_rvs.vtp'.
[2022-11-15 13:00:49.127] [warning] Couldn't find file 'index_medial_rvs.vtp'.
[2022-11-15 13:00:49.127] [warning] Couldn't find file 'index_distal_rvs.vtp'.
[2022-11-15 13:00:49.127] [warning] Couldn't find file 'metacarpal3_rvs.vtp'.
[2022-11-15 13:00:49.127] [warning] Couldn't find file 'middle_proximal_rvs.vtp'.
[2022-11-15 13:00:49.127] [warning] Couldn't find file 'middle_medial_rvs.vtp'.
[2022-11-15 13:00:49.127] [warning] Couldn't find file 'middle_distal_rvs.vtp'.
[2022-11-15 13:00:49.127] [warning] Couldn't find file 'metacarpal4_rvs.vtp'.
[2022-11-15 13:00:49.127] [warning] Couldn't find file 'ring_proximal_rvs.vtp'.
[2022-11-15 13:00:49.127] [warning] Couldn't find file 'ring_medial_rvs.vtp'.
[2022-11-15 13:00:49.127] [warning] Couldn't find file 'ring_distal_rvs.vtp'.
[2022-11-15 13:00:49.127] [warning] Couldn't find file 'metacarpal5_rvs.vtp'.
[2022-11-15 13:00:49.127] [warning] Couldn't find file 'little_proximal_rvs.vtp'.
[2022-11-15 13:00:49.127] [warning] Couldn't find file 'little_medial_rvs.vtp'.
[2022-11-15 13:00:49.127] [warning] Couldn't find file 'little_distal_rvs.vtp'.
[2022-11-15 13:00:49.127] [warning] Couldn't find file 'metacarpal1_rvs.vtp'.
[2022-11-15 13:00:49.127] [warning] Couldn't find file 'thumb_proximal_rvs.vtp'.
[2022-11-15 13:00:49.127] [warning] Couldn't find file 'thumb_distal_rvs.vtp'.
[2022-11-15 13:00:49.128] [warning] Couldn't find file 'humerus_lv.vtp'.
[2022-11-15 13:00:49.128] [warning] Couldn't find file 'ulna_lv.vtp'.
[2022-11-15 13:00:49.128] [warning] Couldn't find file 'radius_lv.vtp'.
[2022-11-15 13:00:49.128] [warning] Couldn't find file 'pisiform_lvs.vtp'.
[2022-11-15 13:00:49.128] [warning] Couldn't find file 'lunate_lvs.vtp'.
[2022-11-15 13:00:49.128] [warning] Couldn't find file 'scaphoid_lvs.vtp'.
[2022-11-15 13:00:49.128] [warning] Couldn't find file 'triquetrum_lvs.vtp'.
[2022-11-15 13:00:49.128] [warning] Couldn't find file 'hamate_lvs.vtp'.
[2022-11-15 13:00:49.128] [warning] Couldn't find file 'capitate_lvs.vtp'.
[2022-11-15 13:00:49.128] [warning] Couldn't find file 'trapezoid_lvs.vtp'.
[2022-11-15 13:00:49.128] [warning] Couldn't find file 'trapezium_lvs.vtp'.
[2022-11-15 13:00:49.128] [warning] Couldn't find file 'metacarpal2_lvs.vtp'.
[2022-11-15 13:00:49.128] [warning] Couldn't find file 'index_proximal_lvs.vtp'.
[2022-11-15 13:00:49.128] [warning] Couldn't find file 'index_medial_lvs.vtp'.
[2022-11-15 13:00:49.128] [warning] Couldn't find file 'index_distal_lvs.vtp'.
[2022-11-15 13:00:49.128] [warning] Couldn't find file 'metacarpal3_lvs.vtp'.
[2022-11-15 13:00:49.129] [warning] Couldn't find file 'middle_proximal_lvs.vtp'.
[2022-11-15 13:00:49.129] [warning] Couldn't find file 'middle_medial_lvs.vtp'.
[2022-11-15 13:00:49.129] [warning] Couldn't find file 'middle_distal_lvs.vtp'.
[2022-11-15 13:00:49.129] [warning] Couldn't find file 'metacarpal4_lvs.vtp'.
[2022-11-15 13:00:49.129] [warning] Couldn't find file 'ring_proximal_lvs.vtp'.
[2022-11-15 13:00:49.129] [warning] Couldn't find file 'ring_medial_lvs.vtp'.
[2022-11-15 13:00:49.129] [warning] Couldn't find file 'ring_distal_lvs.vtp'.
[2022-11-15 13:00:49.129] [warning] Couldn't find file 'metacarpal5_lvs.vtp'.
[2022-11-15 13:00:49.129] [warning] Couldn't find file 'little_proximal_lvs.vtp'.
[2022-11-15 13:00:49.129] [warning] Couldn't find file 'little_medial_lvs.vtp'.
[2022-11-15 13:00:49.129] [warning] Couldn't find file 'little_distal_lvs.vtp'.
[2022-11-15 13:00:49.129] [warning] Couldn't find file 'metacarpal1_lvs.vtp'.
[2022-11-15 13:00:49.129] [warning] Couldn't find file 'thumb_proximal_lvs.vtp'.
[2022-11-15 13:00:49.129] [warning] Couldn't find file 'thumb_distal_lvs.vtp'.
[2022-11-15 13:00:51.317] [info] Loaded model Fal_s1_mtp_sc_MTc5_cspx10_oy1_AdaptedForPredSim from file C:\GBW_MyPrograms\PredSim_test\Subjects\Fal_s1_base/Fal_s1_k2_d20_sF8_dF8_vF5_tV20.osim
[2022-11-15 13:00:51.318] [warning] Couldn't find file 'sacrum.vtp'.
[2022-11-15 13:00:51.318] [warning] Couldn't find file 'pelvis.vtp'.
[2022-11-15 13:00:51.318] [warning] Couldn't find file 'l_pelvis.vtp'.
[2022-11-15 13:00:51.318] [warning] Couldn't find file 'femur_r.vtp'.
[2022-11-15 13:00:51.318] [warning] Couldn't find file 'tibia_r.vtp'.
[2022-11-15 13:00:51.318] [warning] Couldn't find file 'fibula_r.vtp'.
[2022-11-15 13:00:51.318] [warning] Couldn't find file 'talus_rv.vtp'.
[2022-11-15 13:00:51.318] [warning] Couldn't find file 'calcaneous_rv.vtp'.
[2022-11-15 13:00:51.318] [warning] Couldn't find file 'model_r_midfoot.stl'.
[2022-11-15 13:00:51.319] [warning] Couldn't find file 'model_r_forefoot.stl'.
[2022-11-15 13:00:51.319] [warning] Couldn't find file 'model_r_toes.stl'.
[2022-11-15 13:00:51.319] [warning] Couldn't find file 'femur_l.vtp'.
[2022-11-15 13:00:51.319] [warning] Couldn't find file 'tibia_l.vtp'.
[2022-11-15 13:00:51.319] [warning] Couldn't find file 'fibula_l.vtp'.
[2022-11-15 13:00:51.319] [warning] Couldn't find file 'talus_lv.vtp'.
[2022-11-15 13:00:51.319] [warning] Couldn't find file 'calcaneous_lv.vtp'.
[2022-11-15 13:00:51.319] [warning] Couldn't find file 'model_l_midfoot.stl'.
[2022-11-15 13:00:51.319] [warning] Couldn't find file 'model_l_forefoot.stl'.
[2022-11-15 13:00:51.319] [warning] Couldn't find file 'model_l_toes.stl'.
[2022-11-15 13:00:51.319] [warning] Couldn't find file 'hat_spine.vtp'.
[2022-11-15 13:00:51.319] [warning] Couldn't find file 'hat_jaw.vtp'.
[2022-11-15 13:00:51.319] [warning] Couldn't find file 'hat_skull.vtp'.
[2022-11-15 13:00:51.319] [warning] Couldn't find file 'hat_ribs_scap.vtp'.
[2022-11-15 13:00:51.319] [warning] Couldn't find file 'humerus_rv.vtp'.
[2022-11-15 13:00:51.320] [warning] Couldn't find file 'ulna_rv.vtp'.
[2022-11-15 13:00:51.320] [warning] Couldn't find file 'radius_rv.vtp'.
[2022-11-15 13:00:51.320] [warning] Couldn't find file 'pisiform_rvs.vtp'.
[2022-11-15 13:00:51.320] [warning] Couldn't find file 'lunate_rvs.vtp'.
[2022-11-15 13:00:51.320] [warning] Couldn't find file 'scaphoid_rvs.vtp'.
[2022-11-15 13:00:51.320] [warning] Couldn't find file 'triquetrum_rvs.vtp'.
[2022-11-15 13:00:51.320] [warning] Couldn't find file 'hamate_rvs.vtp'.
[2022-11-15 13:00:51.320] [warning] Couldn't find file 'capitate_rvs.vtp'.
[2022-11-15 13:00:51.320] [warning] Couldn't find file 'trapezoid_rvs.vtp'.
[2022-11-15 13:00:51.320] [warning] Couldn't find file 'trapezium_rvs.vtp'.
[2022-11-15 13:00:51.320] [warning] Couldn't find file 'metacarpal2_rvs.vtp'.
[2022-11-15 13:00:51.320] [warning] Couldn't find file 'index_proximal_rvs.vtp'.
[2022-11-15 13:00:51.320] [warning] Couldn't find file 'index_medial_rvs.vtp'.
[2022-11-15 13:00:51.320] [warning] Couldn't find file 'index_distal_rvs.vtp'.
[2022-11-15 13:00:51.320] [warning] Couldn't find file 'metacarpal3_rvs.vtp'.
[2022-11-15 13:00:51.320] [warning] Couldn't find file 'middle_proximal_rvs.vtp'.
[2022-11-15 13:00:51.320] [warning] Couldn't find file 'middle_medial_rvs.vtp'.
[2022-11-15 13:00:51.321] [warning] Couldn't find file 'middle_distal_rvs.vtp'.
[2022-11-15 13:00:51.321] [warning] Couldn't find file 'metacarpal4_rvs.vtp'.
[2022-11-15 13:00:51.321] [warning] Couldn't find file 'ring_proximal_rvs.vtp'.
[2022-11-15 13:00:51.321] [warning] Couldn't find file 'ring_medial_rvs.vtp'.
[2022-11-15 13:00:51.321] [warning] Couldn't find file 'ring_distal_rvs.vtp'.
[2022-11-15 13:00:51.321] [warning] Couldn't find file 'metacarpal5_rvs.vtp'.
[2022-11-15 13:00:51.321] [warning] Couldn't find file 'little_proximal_rvs.vtp'.
[2022-11-15 13:00:51.321] [warning] Couldn't find file 'little_medial_rvs.vtp'.
[2022-11-15 13:00:51.321] [warning] Couldn't find file 'little_distal_rvs.vtp'.
[2022-11-15 13:00:51.321] [warning] Couldn't find file 'metacarpal1_rvs.vtp'.
[2022-11-15 13:00:51.321] [warning] Couldn't find file 'thumb_proximal_rvs.vtp'.
[2022-11-15 13:00:51.321] [warning] Couldn't find file 'thumb_distal_rvs.vtp'.
[2022-11-15 13:00:51.321] [warning] Couldn't find file 'humerus_lv.vtp'.
[2022-11-15 13:00:51.321] [warning] Couldn't find file 'ulna_lv.vtp'.
[2022-11-15 13:00:51.321] [warning] Couldn't find file 'radius_lv.vtp'.
[2022-11-15 13:00:51.321] [warning] Couldn't find file 'pisiform_lvs.vtp'.
[2022-11-15 13:00:51.321] [warning] Couldn't find file 'lunate_lvs.vtp'.
[2022-11-15 13:00:51.322] [warning] Couldn't find file 'scaphoid_lvs.vtp'.
[2022-11-15 13:00:51.322] [warning] Couldn't find file 'triquetrum_lvs.vtp'.
[2022-11-15 13:00:51.322] [warning] Couldn't find file 'hamate_lvs.vtp'.
[2022-11-15 13:00:51.322] [warning] Couldn't find file 'capitate_lvs.vtp'.
[2022-11-15 13:00:51.322] [warning] Couldn't find file 'trapezoid_lvs.vtp'.
[2022-11-15 13:00:51.322] [warning] Couldn't find file 'trapezium_lvs.vtp'.
[2022-11-15 13:00:51.322] [warning] Couldn't find file 'metacarpal2_lvs.vtp'.
[2022-11-15 13:00:51.322] [warning] Couldn't find file 'index_proximal_lvs.vtp'.
[2022-11-15 13:00:51.322] [warning] Couldn't find file 'index_medial_lvs.vtp'.
[2022-11-15 13:00:51.322] [warning] Couldn't find file 'index_distal_lvs.vtp'.
[2022-11-15 13:00:51.322] [warning] Couldn't find file 'metacarpal3_lvs.vtp'.
[2022-11-15 13:00:51.322] [warning] Couldn't find file 'middle_proximal_lvs.vtp'.
[2022-11-15 13:00:51.322] [warning] Couldn't find file 'middle_medial_lvs.vtp'.
[2022-11-15 13:00:51.322] [warning] Couldn't find file 'middle_distal_lvs.vtp'.
[2022-11-15 13:00:51.322] [warning] Couldn't find file 'metacarpal4_lvs.vtp'.
[2022-11-15 13:00:51.322] [warning] Couldn't find file 'ring_proximal_lvs.vtp'.
[2022-11-15 13:00:51.322] [warning] Couldn't find file 'ring_medial_lvs.vtp'.
[2022-11-15 13:00:51.323] [warning] Couldn't find file 'ring_distal_lvs.vtp'.
[2022-11-15 13:00:51.323] [warning] Couldn't find file 'metacarpal5_lvs.vtp'.
[2022-11-15 13:00:51.323] [warning] Couldn't find file 'little_proximal_lvs.vtp'.
[2022-11-15 13:00:51.323] [warning] Couldn't find file 'little_medial_lvs.vtp'.
[2022-11-15 13:00:51.323] [warning] Couldn't find file 'little_distal_lvs.vtp'.
[2022-11-15 13:00:51.323] [warning] Couldn't find file 'metacarpal1_lvs.vtp'.
[2022-11-15 13:00:51.323] [warning] Couldn't find file 'thumb_proximal_lvs.vtp'.
[2022-11-15 13:00:51.323] [warning] Couldn't find file 'thumb_distal_lvs.vtp'.
[2022-11-15 13:00:53.266] [info] Loaded model Fal_s1_mtp_sc_MTc5_cspx10_oy1_AdaptedForPredSim from file C:\GBW_MyPrograms\PredSim_test\Subjects\Fal_s1_base/Fal_s1_k5_d20_sF8_dF8_vF5_tV20.osim
[2022-11-15 13:00:53.267] [warning] Couldn't find file 'sacrum.vtp'.
[2022-11-15 13:00:53.267] [warning] Couldn't find file 'pelvis.vtp'.
[2022-11-15 13:00:53.267] [warning] Couldn't find file 'l_pelvis.vtp'.
[2022-11-15 13:00:53.267] [warning] Couldn't find file 'femur_r.vtp'.
[2022-11-15 13:00:53.267] [warning] Couldn't find file 'tibia_r.vtp'.
[2022-11-15 13:00:53.267] [warning] Couldn't find file 'fibula_r.vtp'.
[2022-11-15 13:00:53.267] [warning] Couldn't find file 'talus_rv.vtp'.
[2022-11-15 13:00:53.268] [warning] Couldn't find file 'calcaneous_rv.vtp'.
[2022-11-15 13:00:53.268] [warning] Couldn't find file 'model_r_midfoot.stl'.
[2022-11-15 13:00:53.268] [warning] Couldn't find file 'model_r_forefoot.stl'.
[2022-11-15 13:00:53.268] [warning] Couldn't find file 'model_r_toes.stl'.
[2022-11-15 13:00:53.268] [warning] Couldn't find file 'femur_l.vtp'.
[2022-11-15 13:00:53.268] [warning] Couldn't find file 'tibia_l.vtp'.
[2022-11-15 13:00:53.268] [warning] Couldn't find file 'fibula_l.vtp'.
[2022-11-15 13:00:53.268] [warning] Couldn't find file 'talus_lv.vtp'.
[2022-11-15 13:00:53.268] [warning] Couldn't find file 'calcaneous_lv.vtp'.
[2022-11-15 13:00:53.268] [warning] Couldn't find file 'model_l_midfoot.stl'.
[2022-11-15 13:00:53.268] [warning] Couldn't find file 'model_l_forefoot.stl'.
[2022-11-15 13:00:53.268] [warning] Couldn't find file 'model_l_toes.stl'.
[2022-11-15 13:00:53.268] [warning] Couldn't find file 'hat_spine.vtp'.
[2022-11-15 13:00:53.268] [warning] Couldn't find file 'hat_jaw.vtp'.
[2022-11-15 13:00:53.268] [warning] Couldn't find file 'hat_skull.vtp'.
[2022-11-15 13:00:53.269] [warning] Couldn't find file 'hat_ribs_scap.vtp'.
[2022-11-15 13:00:53.269] [warning] Couldn't find file 'humerus_rv.vtp'.
[2022-11-15 13:00:53.269] [warning] Couldn't find file 'ulna_rv.vtp'.
[2022-11-15 13:00:53.269] [warning] Couldn't find file 'radius_rv.vtp'.
[2022-11-15 13:00:53.269] [warning] Couldn't find file 'pisiform_rvs.vtp'.
[2022-11-15 13:00:53.269] [warning] Couldn't find file 'lunate_rvs.vtp'.
[2022-11-15 13:00:53.269] [warning] Couldn't find file 'scaphoid_rvs.vtp'.
[2022-11-15 13:00:53.269] [warning] Couldn't find file 'triquetrum_rvs.vtp'.
[2022-11-15 13:00:53.269] [warning] Couldn't find file 'hamate_rvs.vtp'.
[2022-11-15 13:00:53.269] [warning] Couldn't find file 'capitate_rvs.vtp'.
[2022-11-15 13:00:53.269] [warning] Couldn't find file 'trapezoid_rvs.vtp'.
[2022-11-15 13:00:53.269] [warning] Couldn't find file 'trapezium_rvs.vtp'.
[2022-11-15 13:00:53.269] [warning] Couldn't find file 'metacarpal2_rvs.vtp'.
[2022-11-15 13:00:53.269] [warning] Couldn't find file 'index_proximal_rvs.vtp'.
[2022-11-15 13:00:53.269] [warning] Couldn't find file 'index_medial_rvs.vtp'.
[2022-11-15 13:00:53.269] [warning] Couldn't find file 'index_distal_rvs.vtp'.
[2022-11-15 13:00:53.269] [warning] Couldn't find file 'metacarpal3_rvs.vtp'.
[2022-11-15 13:00:53.269] [warning] Couldn't find file 'middle_proximal_rvs.vtp'.
[2022-11-15 13:00:53.270] [warning] Couldn't find file 'middle_medial_rvs.vtp'.
[2022-11-15 13:00:53.270] [warning] Couldn't find file 'middle_distal_rvs.vtp'.
[2022-11-15 13:00:53.270] [warning] Couldn't find file 'metacarpal4_rvs.vtp'.
[2022-11-15 13:00:53.270] [warning] Couldn't find file 'ring_proximal_rvs.vtp'.
[2022-11-15 13:00:53.270] [warning] Couldn't find file 'ring_medial_rvs.vtp'.
[2022-11-15 13:00:53.270] [warning] Couldn't find file 'ring_distal_rvs.vtp'.
[2022-11-15 13:00:53.270] [warning] Couldn't find file 'metacarpal5_rvs.vtp'.
[2022-11-15 13:00:53.270] [warning] Couldn't find file 'little_proximal_rvs.vtp'.
[2022-11-15 13:00:53.270] [warning] Couldn't find file 'little_medial_rvs.vtp'.
[2022-11-15 13:00:53.270] [warning] Couldn't find file 'little_distal_rvs.vtp'.
[2022-11-15 13:00:53.270] [warning] Couldn't find file 'metacarpal1_rvs.vtp'.
[2022-11-15 13:00:53.270] [warning] Couldn't find file 'thumb_proximal_rvs.vtp'.
[2022-11-15 13:00:53.270] [warning] Couldn't find file 'thumb_distal_rvs.vtp'.
[2022-11-15 13:00:53.270] [warning] Couldn't find file 'humerus_lv.vtp'.
[2022-11-15 13:00:53.270] [warning] Couldn't find file 'ulna_lv.vtp'.
[2022-11-15 13:00:53.270] [warning] Couldn't find file 'radius_lv.vtp'.
[2022-11-15 13:00:53.270] [warning] Couldn't find file 'pisiform_lvs.vtp'.
[2022-11-15 13:00:53.271] [warning] Couldn't find file 'lunate_lvs.vtp'.
[2022-11-15 13:00:53.271] [warning] Couldn't find file 'scaphoid_lvs.vtp'.
[2022-11-15 13:00:53.271] [warning] Couldn't find file 'triquetrum_lvs.vtp'.
[2022-11-15 13:00:53.271] [warning] Couldn't find file 'hamate_lvs.vtp'.
[2022-11-15 13:00:53.271] [warning] Couldn't find file 'capitate_lvs.vtp'.
[2022-11-15 13:00:53.271] [warning] Couldn't find file 'trapezoid_lvs.vtp'.
[2022-11-15 13:00:53.271] [warning] Couldn't find file 'trapezium_lvs.vtp'.
[2022-11-15 13:00:53.271] [warning] Couldn't find file 'metacarpal2_lvs.vtp'.
[2022-11-15 13:00:53.271] [warning] Couldn't find file 'index_proximal_lvs.vtp'.
[2022-11-15 13:00:53.271] [warning] Couldn't find file 'index_medial_lvs.vtp'.
[2022-11-15 13:00:53.271] [warning] Couldn't find file 'index_distal_lvs.vtp'.
[2022-11-15 13:00:53.271] [warning] Couldn't find file 'metacarpal3_lvs.vtp'.
[2022-11-15 13:00:53.271] [warning] Couldn't find file 'middle_proximal_lvs.vtp'.
[2022-11-15 13:00:53.271] [warning] Couldn't find file 'middle_medial_lvs.vtp'.
[2022-11-15 13:00:53.272] [warning] Couldn't find file 'middle_distal_lvs.vtp'.
[2022-11-15 13:00:53.272] [warning] Couldn't find file 'metacarpal4_lvs.vtp'.
[2022-11-15 13:00:53.272] [warning] Couldn't find file 'ring_proximal_lvs.vtp'.
[2022-11-15 13:00:53.272] [warning] Couldn't find file 'ring_medial_lvs.vtp'.
[2022-11-15 13:00:53.272] [warning] Couldn't find file 'ring_distal_lvs.vtp'.
[2022-11-15 13:00:53.272] [warning] Couldn't find file 'metacarpal5_lvs.vtp'.
[2022-11-15 13:00:53.272] [warning] Couldn't find file 'little_proximal_lvs.vtp'.
[2022-11-15 13:00:53.272] [warning] Couldn't find file 'little_medial_lvs.vtp'.
[2022-11-15 13:00:53.272] [warning] Couldn't find file 'little_distal_lvs.vtp'.
[2022-11-15 13:00:53.272] [warning] Couldn't find file 'metacarpal1_lvs.vtp'.
[2022-11-15 13:00:53.272] [warning] Couldn't find file 'thumb_proximal_lvs.vtp'.
[2022-11-15 13:00:53.272] [warning] Couldn't find file 'thumb_distal_lvs.vtp'.
[2022-11-15 13:00:55.310] [info] Loaded model Fal_s1_mtp_sc_MTc5_cspx10_oy1_AdaptedForPredSim from file C:\GBW_MyPrograms\PredSim_test\Subjects\Fal_s1_base/Fal_s1_k7_d20_sF8_dF8_vF5_tV20.osim
[2022-11-15 13:00:55.311] [warning] Couldn't find file 'sacrum.vtp'.
[2022-11-15 13:00:55.311] [warning] Couldn't find file 'pelvis.vtp'.
[2022-11-15 13:00:55.311] [warning] Couldn't find file 'l_pelvis.vtp'.
[2022-11-15 13:00:55.311] [warning] Couldn't find file 'femur_r.vtp'.
[2022-11-15 13:00:55.311] [warning] Couldn't find file 'tibia_r.vtp'.
[2022-11-15 13:00:55.311] [warning] Couldn't find file 'fibula_r.vtp'.
[2022-11-15 13:00:55.311] [warning] Couldn't find file 'talus_rv.vtp'.
[2022-11-15 13:00:55.311] [warning] Couldn't find file 'calcaneous_rv.vtp'.
[2022-11-15 13:00:55.311] [warning] Couldn't find file 'model_r_midfoot.stl'.
[2022-11-15 13:00:55.311] [warning] Couldn't find file 'model_r_forefoot.stl'.
[2022-11-15 13:00:55.311] [warning] Couldn't find file 'model_r_toes.stl'.
[2022-11-15 13:00:55.311] [warning] Couldn't find file 'femur_l.vtp'.
[2022-11-15 13:00:55.312] [warning] Couldn't find file 'tibia_l.vtp'.
[2022-11-15 13:00:55.312] [warning] Couldn't find file 'fibula_l.vtp'.
[2022-11-15 13:00:55.312] [warning] Couldn't find file 'talus_lv.vtp'.
[2022-11-15 13:00:55.312] [warning] Couldn't find file 'calcaneous_lv.vtp'.
[2022-11-15 13:00:55.312] [warning] Couldn't find file 'model_l_midfoot.stl'.
[2022-11-15 13:00:55.312] [warning] Couldn't find file 'model_l_forefoot.stl'.
[2022-11-15 13:00:55.312] [warning] Couldn't find file 'model_l_toes.stl'.
[2022-11-15 13:00:55.312] [warning] Couldn't find file 'hat_spine.vtp'.
[2022-11-15 13:00:55.312] [warning] Couldn't find file 'hat_jaw.vtp'.
[2022-11-15 13:00:55.312] [warning] Couldn't find file 'hat_skull.vtp'.
[2022-11-15 13:00:55.312] [warning] Couldn't find file 'hat_ribs_scap.vtp'.
[2022-11-15 13:00:55.312] [warning] Couldn't find file 'humerus_rv.vtp'.
[2022-11-15 13:00:55.312] [warning] Couldn't find file 'ulna_rv.vtp'.
[2022-11-15 13:00:55.312] [warning] Couldn't find file 'radius_rv.vtp'.
[2022-11-15 13:00:55.312] [warning] Couldn't find file 'pisiform_rvs.vtp'.
[2022-11-15 13:00:55.312] [warning] Couldn't find file 'lunate_rvs.vtp'.
[2022-11-15 13:00:55.313] [warning] Couldn't find file 'scaphoid_rvs.vtp'.
[2022-11-15 13:00:55.313] [warning] Couldn't find file 'triquetrum_rvs.vtp'.
[2022-11-15 13:00:55.313] [warning] Couldn't find file 'hamate_rvs.vtp'.
[2022-11-15 13:00:55.313] [warning] Couldn't find file 'capitate_rvs.vtp'.
[2022-11-15 13:00:55.313] [warning] Couldn't find file 'trapezoid_rvs.vtp'.
[2022-11-15 13:00:55.313] [warning] Couldn't find file 'trapezium_rvs.vtp'.
[2022-11-15 13:00:55.313] [warning] Couldn't find file 'metacarpal2_rvs.vtp'.
[2022-11-15 13:00:55.313] [warning] Couldn't find file 'index_proximal_rvs.vtp'.
[2022-11-15 13:00:55.313] [warning] Couldn't find file 'index_medial_rvs.vtp'.
[2022-11-15 13:00:55.313] [warning] Couldn't find file 'index_distal_rvs.vtp'.
[2022-11-15 13:00:55.313] [warning] Couldn't find file 'metacarpal3_rvs.vtp'.
[2022-11-15 13:00:55.313] [warning] Couldn't find file 'middle_proximal_rvs.vtp'.
[2022-11-15 13:00:55.313] [warning] Couldn't find file 'middle_medial_rvs.vtp'.
[2022-11-15 13:00:55.313] [warning] Couldn't find file 'middle_distal_rvs.vtp'.
[2022-11-15 13:00:55.313] [warning] Couldn't find file 'metacarpal4_rvs.vtp'.
[2022-11-15 13:00:55.313] [warning] Couldn't find file 'ring_proximal_rvs.vtp'.
[2022-11-15 13:00:55.313] [warning] Couldn't find file 'ring_medial_rvs.vtp'.
[2022-11-15 13:00:55.313] [warning] Couldn't find file 'ring_distal_rvs.vtp'.
[2022-11-15 13:00:55.314] [warning] Couldn't find file 'metacarpal5_rvs.vtp'.
[2022-11-15 13:00:55.314] [warning] Couldn't find file 'little_proximal_rvs.vtp'.
[2022-11-15 13:00:55.314] [warning] Couldn't find file 'little_medial_rvs.vtp'.
[2022-11-15 13:00:55.314] [warning] Couldn't find file 'little_distal_rvs.vtp'.
[2022-11-15 13:00:55.314] [warning] Couldn't find file 'metacarpal1_rvs.vtp'.
[2022-11-15 13:00:55.314] [warning] Couldn't find file 'thumb_proximal_rvs.vtp'.
[2022-11-15 13:00:55.314] [warning] Couldn't find file 'thumb_distal_rvs.vtp'.
[2022-11-15 13:00:55.314] [warning] Couldn't find file 'humerus_lv.vtp'.
[2022-11-15 13:00:55.314] [warning] Couldn't find file 'ulna_lv.vtp'.
[2022-11-15 13:00:55.314] [warning] Couldn't find file 'radius_lv.vtp'.
[2022-11-15 13:00:55.314] [warning] Couldn't find file 'pisiform_lvs.vtp'.
[2022-11-15 13:00:55.314] [warning] Couldn't find file 'lunate_lvs.vtp'.
[2022-11-15 13:00:55.314] [warning] Couldn't find file 'scaphoid_lvs.vtp'.
[2022-11-15 13:00:55.314] [warning] Couldn't find file 'triquetrum_lvs.vtp'.
[2022-11-15 13:00:55.314] [warning] Couldn't find file 'hamate_lvs.vtp'.
[2022-11-15 13:00:55.314] [warning] Couldn't find file 'capitate_lvs.vtp'.
[2022-11-15 13:00:55.314] [warning] Couldn't find file 'trapezoid_lvs.vtp'.
[2022-11-15 13:00:55.315] [warning] Couldn't find file 'trapezium_lvs.vtp'.
[2022-11-15 13:00:55.315] [warning] Couldn't find file 'metacarpal2_lvs.vtp'.
[2022-11-15 13:00:55.315] [warning] Couldn't find file 'index_proximal_lvs.vtp'.
[2022-11-15 13:00:55.315] [warning] Couldn't find file 'index_medial_lvs.vtp'.
[2022-11-15 13:00:55.315] [warning] Couldn't find file 'index_distal_lvs.vtp'.
[2022-11-15 13:00:55.315] [warning] Couldn't find file 'metacarpal3_lvs.vtp'.
[2022-11-15 13:00:55.315] [warning] Couldn't find file 'middle_proximal_lvs.vtp'.
[2022-11-15 13:00:55.315] [warning] Couldn't find file 'middle_medial_lvs.vtp'.
[2022-11-15 13:00:55.315] [warning] Couldn't find file 'middle_distal_lvs.vtp'.
[2022-11-15 13:00:55.315] [warning] Couldn't find file 'metacarpal4_lvs.vtp'.
[2022-11-15 13:00:55.315] [warning] Couldn't find file 'ring_proximal_lvs.vtp'.
[2022-11-15 13:00:55.315] [warning] Couldn't find file 'ring_medial_lvs.vtp'.
[2022-11-15 13:00:55.315] [warning] Couldn't find file 'ring_distal_lvs.vtp'.
[2022-11-15 13:00:55.315] [warning] Couldn't find file 'metacarpal5_lvs.vtp'.
[2022-11-15 13:00:55.315] [warning] Couldn't find file 'little_proximal_lvs.vtp'.
[2022-11-15 13:00:55.315] [warning] Couldn't find file 'little_medial_lvs.vtp'.
[2022-11-15 13:00:55.315] [warning] Couldn't find file 'little_distal_lvs.vtp'.
[2022-11-15 13:00:55.315] [warning] Couldn't find file 'metacarpal1_lvs.vtp'.
[2022-11-15 13:00:55.316] [warning] Couldn't find file 'thumb_proximal_lvs.vtp'.
[2022-11-15 13:00:55.316] [warning] Couldn't find file 'thumb_distal_lvs.vtp'.
[2022-11-15 13:00:57.282] [info] Loaded model Fal_s1_mtp_sc_MTc5_cspx10_oy1_AdaptedForPredSim from file C:\GBW_MyPrograms\PredSim_test\Subjects\Fal_s1_base/Fal_s1_k10_d20_sF8_dF8_vF5_tV20.osim
[2022-11-15 13:00:57.283] [warning] Couldn't find file 'sacrum.vtp'.
[2022-11-15 13:00:57.283] [warning] Couldn't find file 'pelvis.vtp'.
[2022-11-15 13:00:57.283] [warning] Couldn't find file 'l_pelvis.vtp'.
[2022-11-15 13:00:57.283] [warning] Couldn't find file 'femur_r.vtp'.
[2022-11-15 13:00:57.283] [warning] Couldn't find file 'tibia_r.vtp'.
[2022-11-15 13:00:57.283] [warning] Couldn't find file 'fibula_r.vtp'.
[2022-11-15 13:00:57.283] [warning] Couldn't find file 'talus_rv.vtp'.
[2022-11-15 13:00:57.283] [warning] Couldn't find file 'calcaneous_rv.vtp'.
[2022-11-15 13:00:57.283] [warning] Couldn't find file 'model_r_midfoot.stl'.
[2022-11-15 13:00:57.283] [warning] Couldn't find file 'model_r_forefoot.stl'.
[2022-11-15 13:00:57.283] [warning] Couldn't find file 'model_r_toes.stl'.
[2022-11-15 13:00:57.283] [warning] Couldn't find file 'femur_l.vtp'.
[2022-11-15 13:00:57.283] [warning] Couldn't find file 'tibia_l.vtp'.
[2022-11-15 13:00:57.284] [warning] Couldn't find file 'fibula_l.vtp'.
[2022-11-15 13:00:57.284] [warning] Couldn't find file 'talus_lv.vtp'.
[2022-11-15 13:00:57.284] [warning] Couldn't find file 'calcaneous_lv.vtp'.
[2022-11-15 13:00:57.284] [warning] Couldn't find file 'model_l_midfoot.stl'.
[2022-11-15 13:00:57.284] [warning] Couldn't find file 'model_l_forefoot.stl'.
[2022-11-15 13:00:57.284] [warning] Couldn't find file 'model_l_toes.stl'.
[2022-11-15 13:00:57.284] [warning] Couldn't find file 'hat_spine.vtp'.
[2022-11-15 13:00:57.284] [warning] Couldn't find file 'hat_jaw.vtp'.
[2022-11-15 13:00:57.284] [warning] Couldn't find file 'hat_skull.vtp'.
[2022-11-15 13:00:57.284] [warning] Couldn't find file 'hat_ribs_scap.vtp'.
[2022-11-15 13:00:57.284] [warning] Couldn't find file 'humerus_rv.vtp'.
[2022-11-15 13:00:57.284] [warning] Couldn't find file 'ulna_rv.vtp'.
[2022-11-15 13:00:57.284] [warning] Couldn't find file 'radius_rv.vtp'.
[2022-11-15 13:00:57.284] [warning] Couldn't find file 'pisiform_rvs.vtp'.
[2022-11-15 13:00:57.284] [warning] Couldn't find file 'lunate_rvs.vtp'.
[2022-11-15 13:00:57.285] [warning] Couldn't find file 'scaphoid_rvs.vtp'.
[2022-11-15 13:00:57.285] [warning] Couldn't find file 'triquetrum_rvs.vtp'.
[2022-11-15 13:00:57.285] [warning] Couldn't find file 'hamate_rvs.vtp'.
[2022-11-15 13:00:57.285] [warning] Couldn't find file 'capitate_rvs.vtp'.
[2022-11-15 13:00:57.285] [warning] Couldn't find file 'trapezoid_rvs.vtp'.
[2022-11-15 13:00:57.285] [warning] Couldn't find file 'trapezium_rvs.vtp'.
[2022-11-15 13:00:57.285] [warning] Couldn't find file 'metacarpal2_rvs.vtp'.
[2022-11-15 13:00:57.285] [warning] Couldn't find file 'index_proximal_rvs.vtp'.
[2022-11-15 13:00:57.285] [warning] Couldn't find file 'index_medial_rvs.vtp'.
[2022-11-15 13:00:57.285] [warning] Couldn't find file 'index_distal_rvs.vtp'.
[2022-11-15 13:00:57.285] [warning] Couldn't find file 'metacarpal3_rvs.vtp'.
[2022-11-15 13:00:57.285] [warning] Couldn't find file 'middle_proximal_rvs.vtp'.
[2022-11-15 13:00:57.285] [warning] Couldn't find file 'middle_medial_rvs.vtp'.
[2022-11-15 13:00:57.285] [warning] Couldn't find file 'middle_distal_rvs.vtp'.
[2022-11-15 13:00:57.285] [warning] Couldn't find file 'metacarpal4_rvs.vtp'.
[2022-11-15 13:00:57.285] [warning] Couldn't find file 'ring_proximal_rvs.vtp'.
[2022-11-15 13:00:57.285] [warning] Couldn't find file 'ring_medial_rvs.vtp'.
[2022-11-15 13:00:57.286] [warning] Couldn't find file 'ring_distal_rvs.vtp'.
[2022-11-15 13:00:57.286] [warning] Couldn't find file 'metacarpal5_rvs.vtp'.
[2022-11-15 13:00:57.286] [warning] Couldn't find file 'little_proximal_rvs.vtp'.
[2022-11-15 13:00:57.286] [warning] Couldn't find file 'little_medial_rvs.vtp'.
[2022-11-15 13:00:57.286] [warning] Couldn't find file 'little_distal_rvs.vtp'.
[2022-11-15 13:00:57.286] [warning] Couldn't find file 'metacarpal1_rvs.vtp'.
[2022-11-15 13:00:57.286] [warning] Couldn't find file 'thumb_proximal_rvs.vtp'.
[2022-11-15 13:00:57.286] [warning] Couldn't find file 'thumb_distal_rvs.vtp'.
[2022-11-15 13:00:57.286] [warning] Couldn't find file 'humerus_lv.vtp'.
[2022-11-15 13:00:57.286] [warning] Couldn't find file 'ulna_lv.vtp'.
[2022-11-15 13:00:57.286] [warning] Couldn't find file 'radius_lv.vtp'.
[2022-11-15 13:00:57.286] [warning] Couldn't find file 'pisiform_lvs.vtp'.
[2022-11-15 13:00:57.286] [warning] Couldn't find file 'lunate_lvs.vtp'.
[2022-11-15 13:00:57.286] [warning] Couldn't find file 'scaphoid_lvs.vtp'.
[2022-11-15 13:00:57.286] [warning] Couldn't find file 'triquetrum_lvs.vtp'.
[2022-11-15 13:00:57.286] [warning] Couldn't find file 'hamate_lvs.vtp'.
[2022-11-15 13:00:57.286] [warning] Couldn't find file 'capitate_lvs.vtp'.
[2022-11-15 13:00:57.287] [warning] Couldn't find file 'trapezoid_lvs.vtp'.
[2022-11-15 13:00:57.287] [warning] Couldn't find file 'trapezium_lvs.vtp'.
[2022-11-15 13:00:57.287] [warning] Couldn't find file 'metacarpal2_lvs.vtp'.
[2022-11-15 13:00:57.287] [warning] Couldn't find file 'index_proximal_lvs.vtp'.
[2022-11-15 13:00:57.287] [warning] Couldn't find file 'index_medial_lvs.vtp'.
[2022-11-15 13:00:57.287] [warning] Couldn't find file 'index_distal_lvs.vtp'.
[2022-11-15 13:00:57.287] [warning] Couldn't find file 'metacarpal3_lvs.vtp'.
[2022-11-15 13:00:57.287] [warning] Couldn't find file 'middle_proximal_lvs.vtp'.
[2022-11-15 13:00:57.287] [warning] Couldn't find file 'middle_medial_lvs.vtp'.
[2022-11-15 13:00:57.287] [warning] Couldn't find file 'middle_distal_lvs.vtp'.
[2022-11-15 13:00:57.287] [warning] Couldn't find file 'metacarpal4_lvs.vtp'.
[2022-11-15 13:00:57.287] [warning] Couldn't find file 'ring_proximal_lvs.vtp'.
[2022-11-15 13:00:57.287] [warning] Couldn't find file 'ring_medial_lvs.vtp'.
[2022-11-15 13:00:57.287] [warning] Couldn't find file 'ring_distal_lvs.vtp'.
[2022-11-15 13:00:57.287] [warning] Couldn't find file 'metacarpal5_lvs.vtp'.
[2022-11-15 13:00:57.287] [warning] Couldn't find file 'little_proximal_lvs.vtp'.
[2022-11-15 13:00:57.287] [warning] Couldn't find file 'little_medial_lvs.vtp'.
[2022-11-15 13:00:57.288] [warning] Couldn't find file 'little_distal_lvs.vtp'.
[2022-11-15 13:00:57.288] [warning] Couldn't find file 'metacarpal1_lvs.vtp'.
[2022-11-15 13:00:57.288] [warning] Couldn't find file 'thumb_proximal_lvs.vtp'.
[2022-11-15 13:00:57.288] [warning] Couldn't find file 'thumb_distal_lvs.vtp'.
[2022-11-15 13:01:35.797] [info] Loaded model Fal_s1_mtp_sc_MTc5_cspx10_oy1_AdaptedForPredSim from file C:\GBW_MyPrograms\PredSim_test\Subjects\Fal_s1_base/Fal_s1_k10_d15_sF8_dF8_vF5_tV20.osim
[2022-11-15 13:01:35.797] [warning] Couldn't find file 'sacrum.vtp'.
[2022-11-15 13:01:35.797] [warning] Couldn't find file 'pelvis.vtp'.
[2022-11-15 13:01:35.797] [warning] Couldn't find file 'l_pelvis.vtp'.
[2022-11-15 13:01:35.798] [warning] Couldn't find file 'femur_r.vtp'.
[2022-11-15 13:01:35.798] [warning] Couldn't find file 'tibia_r.vtp'.
[2022-11-15 13:01:35.798] [warning] Couldn't find file 'fibula_r.vtp'.
[2022-11-15 13:01:35.798] [warning] Couldn't find file 'talus_rv.vtp'.
[2022-11-15 13:01:35.798] [warning] Couldn't find file 'calcaneous_rv.vtp'.
[2022-11-15 13:01:35.798] [warning] Couldn't find file 'model_r_midfoot.stl'.
[2022-11-15 13:01:35.798] [warning] Couldn't find file 'model_r_forefoot.stl'.
[2022-11-15 13:01:35.798] [warning] Couldn't find file 'model_r_toes.stl'.
[2022-11-15 13:01:35.798] [warning] Couldn't find file 'femur_l.vtp'.
[2022-11-15 13:01:35.798] [warning] Couldn't find file 'tibia_l.vtp'.
[2022-11-15 13:01:35.798] [warning] Couldn't find file 'fibula_l.vtp'.
[2022-11-15 13:01:35.798] [warning] Couldn't find file 'talus_lv.vtp'.
[2022-11-15 13:01:35.798] [warning] Couldn't find file 'calcaneous_lv.vtp'.
[2022-11-15 13:01:35.798] [warning] Couldn't find file 'model_l_midfoot.stl'.
[2022-11-15 13:01:35.798] [warning] Couldn't find file 'model_l_forefoot.stl'.
[2022-11-15 13:01:35.799] [warning] Couldn't find file 'model_l_toes.stl'.
[2022-11-15 13:01:35.799] [warning] Couldn't find file 'hat_spine.vtp'.
[2022-11-15 13:01:35.799] [warning] Couldn't find file 'hat_jaw.vtp'.
[2022-11-15 13:01:35.799] [warning] Couldn't find file 'hat_skull.vtp'.
[2022-11-15 13:01:35.799] [warning] Couldn't find file 'hat_ribs_scap.vtp'.
[2022-11-15 13:01:35.799] [warning] Couldn't find file 'humerus_rv.vtp'.
[2022-11-15 13:01:35.799] [warning] Couldn't find file 'ulna_rv.vtp'.
[2022-11-15 13:01:35.799] [warning] Couldn't find file 'radius_rv.vtp'.
[2022-11-15 13:01:35.799] [warning] Couldn't find file 'pisiform_rvs.vtp'.
[2022-11-15 13:01:35.799] [warning] Couldn't find file 'lunate_rvs.vtp'.
[2022-11-15 13:01:35.799] [warning] Couldn't find file 'scaphoid_rvs.vtp'.
[2022-11-15 13:01:35.799] [warning] Couldn't find file 'triquetrum_rvs.vtp'.
[2022-11-15 13:01:35.799] [warning] Couldn't find file 'hamate_rvs.vtp'.
[2022-11-15 13:01:35.799] [warning] Couldn't find file 'capitate_rvs.vtp'.
[2022-11-15 13:01:35.799] [warning] Couldn't find file 'trapezoid_rvs.vtp'.
[2022-11-15 13:01:35.799] [warning] Couldn't find file 'trapezium_rvs.vtp'.
[2022-11-15 13:01:35.800] [warning] Couldn't find file 'metacarpal2_rvs.vtp'.
[2022-11-15 13:01:35.800] [warning] Couldn't find file 'index_proximal_rvs.vtp'.
[2022-11-15 13:01:35.800] [warning] Couldn't find file 'index_medial_rvs.vtp'.
[2022-11-15 13:01:35.800] [warning] Couldn't find file 'index_distal_rvs.vtp'.
[2022-11-15 13:01:35.800] [warning] Couldn't find file 'metacarpal3_rvs.vtp'.
[2022-11-15 13:01:35.800] [warning] Couldn't find file 'middle_proximal_rvs.vtp'.
[2022-11-15 13:01:35.800] [warning] Couldn't find file 'middle_medial_rvs.vtp'.
[2022-11-15 13:01:35.800] [warning] Couldn't find file 'middle_distal_rvs.vtp'.
[2022-11-15 13:01:35.800] [warning] Couldn't find file 'metacarpal4_rvs.vtp'.
[2022-11-15 13:01:35.800] [warning] Couldn't find file 'ring_proximal_rvs.vtp'.
[2022-11-15 13:01:35.800] [warning] Couldn't find file 'ring_medial_rvs.vtp'.
[2022-11-15 13:01:35.800] [warning] Couldn't find file 'ring_distal_rvs.vtp'.
[2022-11-15 13:01:35.800] [warning] Couldn't find file 'metacarpal5_rvs.vtp'.
[2022-11-15 13:01:35.800] [warning] Couldn't find file 'little_proximal_rvs.vtp'.
[2022-11-15 13:01:35.800] [warning] Couldn't find file 'little_medial_rvs.vtp'.
[2022-11-15 13:01:35.800] [warning] Couldn't find file 'little_distal_rvs.vtp'.
[2022-11-15 13:01:35.800] [warning] Couldn't find file 'metacarpal1_rvs.vtp'.
[2022-11-15 13:01:35.801] [warning] Couldn't find file 'thumb_proximal_rvs.vtp'.
[2022-11-15 13:01:35.801] [warning] Couldn't find file 'thumb_distal_rvs.vtp'.
[2022-11-15 13:01:35.801] [warning] Couldn't find file 'humerus_lv.vtp'.
[2022-11-15 13:01:35.801] [warning] Couldn't find file 'ulna_lv.vtp'.
[2022-11-15 13:01:35.801] [warning] Couldn't find file 'radius_lv.vtp'.
[2022-11-15 13:01:35.801] [warning] Couldn't find file 'pisiform_lvs.vtp'.
[2022-11-15 13:01:35.801] [warning] Couldn't find file 'lunate_lvs.vtp'.
[2022-11-15 13:01:35.801] [warning] Couldn't find file 'scaphoid_lvs.vtp'.
[2022-11-15 13:01:35.801] [warning] Couldn't find file 'triquetrum_lvs.vtp'.
[2022-11-15 13:01:35.801] [warning] Couldn't find file 'hamate_lvs.vtp'.
[2022-11-15 13:01:35.801] [warning] Couldn't find file 'capitate_lvs.vtp'.
[2022-11-15 13:01:35.801] [warning] Couldn't find file 'trapezoid_lvs.vtp'.
[2022-11-15 13:01:35.801] [warning] Couldn't find file 'trapezium_lvs.vtp'.
[2022-11-15 13:01:35.801] [warning] Couldn't find file 'metacarpal2_lvs.vtp'.
[2022-11-15 13:01:35.801] [warning] Couldn't find file 'index_proximal_lvs.vtp'.
[2022-11-15 13:01:35.801] [warning] Couldn't find file 'index_medial_lvs.vtp'.
[2022-11-15 13:01:35.802] [warning] Couldn't find file 'index_distal_lvs.vtp'.
[2022-11-15 13:01:35.802] [warning] Couldn't find file 'metacarpal3_lvs.vtp'.
[2022-11-15 13:01:35.802] [warning] Couldn't find file 'middle_proximal_lvs.vtp'.
[2022-11-15 13:01:35.802] [warning] Couldn't find file 'middle_medial_lvs.vtp'.
[2022-11-15 13:01:35.802] [warning] Couldn't find file 'middle_distal_lvs.vtp'.
[2022-11-15 13:01:35.802] [warning] Couldn't find file 'metacarpal4_lvs.vtp'.
[2022-11-15 13:01:35.802] [warning] Couldn't find file 'ring_proximal_lvs.vtp'.
[2022-11-15 13:01:35.802] [warning] Couldn't find file 'ring_medial_lvs.vtp'.
[2022-11-15 13:01:35.802] [warning] Couldn't find file 'ring_distal_lvs.vtp'.
[2022-11-15 13:01:35.802] [warning] Couldn't find file 'metacarpal5_lvs.vtp'.
[2022-11-15 13:01:35.802] [warning] Couldn't find file 'little_proximal_lvs.vtp'.
[2022-11-15 13:01:35.802] [warning] Couldn't find file 'little_medial_lvs.vtp'.
[2022-11-15 13:01:35.802] [warning] Couldn't find file 'little_distal_lvs.vtp'.
[2022-11-15 13:01:35.802] [warning] Couldn't find file 'metacarpal1_lvs.vtp'.
[2022-11-15 13:01:35.802] [warning] Couldn't find file 'thumb_proximal_lvs.vtp'.
[2022-11-15 13:01:35.802] [warning] Couldn't find file 'thumb_distal_lvs.vtp'.
[2022-11-15 13:01:37.786] [info] Loaded model Fal_s1_mtp_sc_MTc5_cspx10_oy1_AdaptedForPredSim from file C:\GBW_MyPrograms\PredSim_test\Subjects\Fal_s1_base/Fal_s1_k10_d20_sF8_dF8_vF5_tV20.osim
[2022-11-15 13:01:37.787] [warning] Couldn't find file 'sacrum.vtp'.
[2022-11-15 13:01:37.787] [warning] Couldn't find file 'pelvis.vtp'.
[2022-11-15 13:01:37.787] [warning] Couldn't find file 'l_pelvis.vtp'.
[2022-11-15 13:01:37.787] [warning] Couldn't find file 'femur_r.vtp'.
[2022-11-15 13:01:37.787] [warning] Couldn't find file 'tibia_r.vtp'.
[2022-11-15 13:01:37.787] [warning] Couldn't find file 'fibula_r.vtp'.
[2022-11-15 13:01:37.787] [warning] Couldn't find file 'talus_rv.vtp'.
[2022-11-15 13:01:37.788] [warning] Couldn't find file 'calcaneous_rv.vtp'.
[2022-11-15 13:01:37.788] [warning] Couldn't find file 'model_r_midfoot.stl'.
[2022-11-15 13:01:37.788] [warning] Couldn't find file 'model_r_forefoot.stl'.
[2022-11-15 13:01:37.788] [warning] Couldn't find file 'model_r_toes.stl'.
[2022-11-15 13:01:37.788] [warning] Couldn't find file 'femur_l.vtp'.
[2022-11-15 13:01:37.788] [warning] Couldn't find file 'tibia_l.vtp'.
[2022-11-15 13:01:37.788] [warning] Couldn't find file 'fibula_l.vtp'.
[2022-11-15 13:01:37.788] [warning] Couldn't find file 'talus_lv.vtp'.
[2022-11-15 13:01:37.788] [warning] Couldn't find file 'calcaneous_lv.vtp'.
[2022-11-15 13:01:37.788] [warning] Couldn't find file 'model_l_midfoot.stl'.
[2022-11-15 13:01:37.788] [warning] Couldn't find file 'model_l_forefoot.stl'.
[2022-11-15 13:01:37.788] [warning] Couldn't find file 'model_l_toes.stl'.
[2022-11-15 13:01:37.788] [warning] Couldn't find file 'hat_spine.vtp'.
[2022-11-15 13:01:37.788] [warning] Couldn't find file 'hat_jaw.vtp'.
[2022-11-15 13:01:37.788] [warning] Couldn't find file 'hat_skull.vtp'.
[2022-11-15 13:01:37.789] [warning] Couldn't find file 'hat_ribs_scap.vtp'.
[2022-11-15 13:01:37.789] [warning] Couldn't find file 'humerus_rv.vtp'.
[2022-11-15 13:01:37.789] [warning] Couldn't find file 'ulna_rv.vtp'.
[2022-11-15 13:01:37.789] [warning] Couldn't find file 'radius_rv.vtp'.
[2022-11-15 13:01:37.789] [warning] Couldn't find file 'pisiform_rvs.vtp'.
[2022-11-15 13:01:37.789] [warning] Couldn't find file 'lunate_rvs.vtp'.
[2022-11-15 13:01:37.789] [warning] Couldn't find file 'scaphoid_rvs.vtp'.
[2022-11-15 13:01:37.789] [warning] Couldn't find file 'triquetrum_rvs.vtp'.
[2022-11-15 13:01:37.789] [warning] Couldn't find file 'hamate_rvs.vtp'.
[2022-11-15 13:01:37.789] [warning] Couldn't find file 'capitate_rvs.vtp'.
[2022-11-15 13:01:37.789] [warning] Couldn't find file 'trapezoid_rvs.vtp'.
[2022-11-15 13:01:37.789] [warning] Couldn't find file 'trapezium_rvs.vtp'.
[2022-11-15 13:01:37.789] [warning] Couldn't find file 'metacarpal2_rvs.vtp'.
[2022-11-15 13:01:37.789] [warning] Couldn't find file 'index_proximal_rvs.vtp'.
[2022-11-15 13:01:37.789] [warning] Couldn't find file 'index_medial_rvs.vtp'.
[2022-11-15 13:01:37.790] [warning] Couldn't find file 'index_distal_rvs.vtp'.
[2022-11-15 13:01:37.790] [warning] Couldn't find file 'metacarpal3_rvs.vtp'.
[2022-11-15 13:01:37.790] [warning] Couldn't find file 'middle_proximal_rvs.vtp'.
[2022-11-15 13:01:37.790] [warning] Couldn't find file 'middle_medial_rvs.vtp'.
[2022-11-15 13:01:37.790] [warning] Couldn't find file 'middle_distal_rvs.vtp'.
[2022-11-15 13:01:37.790] [warning] Couldn't find file 'metacarpal4_rvs.vtp'.
[2022-11-15 13:01:37.790] [warning] Couldn't find file 'ring_proximal_rvs.vtp'.
[2022-11-15 13:01:37.790] [warning] Couldn't find file 'ring_medial_rvs.vtp'.
[2022-11-15 13:01:37.790] [warning] Couldn't find file 'ring_distal_rvs.vtp'.
[2022-11-15 13:01:37.790] [warning] Couldn't find file 'metacarpal5_rvs.vtp'.
[2022-11-15 13:01:37.790] [warning] Couldn't find file 'little_proximal_rvs.vtp'.
[2022-11-15 13:01:37.790] [warning] Couldn't find file 'little_medial_rvs.vtp'.
[2022-11-15 13:01:37.790] [warning] Couldn't find file 'little_distal_rvs.vtp'.
[2022-11-15 13:01:37.790] [warning] Couldn't find file 'metacarpal1_rvs.vtp'.
[2022-11-15 13:01:37.790] [warning] Couldn't find file 'thumb_proximal_rvs.vtp'.
[2022-11-15 13:01:37.790] [warning] Couldn't find file 'thumb_distal_rvs.vtp'.
[2022-11-15 13:01:37.791] [warning] Couldn't find file 'humerus_lv.vtp'.
[2022-11-15 13:01:37.791] [warning] Couldn't find file 'ulna_lv.vtp'.
[2022-11-15 13:01:37.791] [warning] Couldn't find file 'radius_lv.vtp'.
[2022-11-15 13:01:37.791] [warning] Couldn't find file 'pisiform_lvs.vtp'.
[2022-11-15 13:01:37.791] [warning] Couldn't find file 'lunate_lvs.vtp'.
[2022-11-15 13:01:37.791] [warning] Couldn't find file 'scaphoid_lvs.vtp'.
[2022-11-15 13:01:37.791] [warning] Couldn't find file 'triquetrum_lvs.vtp'.
[2022-11-15 13:01:37.791] [warning] Couldn't find file 'hamate_lvs.vtp'.
[2022-11-15 13:01:37.791] [warning] Couldn't find file 'capitate_lvs.vtp'.
[2022-11-15 13:01:37.791] [warning] Couldn't find file 'trapezoid_lvs.vtp'.
[2022-11-15 13:01:37.791] [warning] Couldn't find file 'trapezium_lvs.vtp'.
[2022-11-15 13:01:37.791] [warning] Couldn't find file 'metacarpal2_lvs.vtp'.
[2022-11-15 13:01:37.791] [warning] Couldn't find file 'index_proximal_lvs.vtp'.
[2022-11-15 13:01:37.791] [warning] Couldn't find file 'index_medial_lvs.vtp'.
[2022-11-15 13:01:37.791] [warning] Couldn't find file 'index_distal_lvs.vtp'.
[2022-11-15 13:01:37.791] [warning] Couldn't find file 'metacarpal3_lvs.vtp'.
[2022-11-15 13:01:37.791] [warning] Couldn't find file 'middle_proximal_lvs.vtp'.
[2022-11-15 13:01:37.792] [warning] Couldn't find file 'middle_medial_lvs.vtp'.
[2022-11-15 13:01:37.792] [warning] Couldn't find file 'middle_distal_lvs.vtp'.
[2022-11-15 13:01:37.792] [warning] Couldn't find file 'metacarpal4_lvs.vtp'.
[2022-11-15 13:01:37.792] [warning] Couldn't find file 'ring_proximal_lvs.vtp'.
[2022-11-15 13:01:37.792] [warning] Couldn't find file 'ring_medial_lvs.vtp'.
[2022-11-15 13:01:37.792] [warning] Couldn't find file 'ring_distal_lvs.vtp'.
[2022-11-15 13:01:37.792] [warning] Couldn't find file 'metacarpal5_lvs.vtp'.
[2022-11-15 13:01:37.792] [warning] Couldn't find file 'little_proximal_lvs.vtp'.
[2022-11-15 13:01:37.792] [warning] Couldn't find file 'little_medial_lvs.vtp'.
[2022-11-15 13:01:37.792] [warning] Couldn't find file 'little_distal_lvs.vtp'.
[2022-11-15 13:01:37.792] [warning] Couldn't find file 'metacarpal1_lvs.vtp'.
[2022-11-15 13:01:37.792] [warning] Couldn't find file 'thumb_proximal_lvs.vtp'.
[2022-11-15 13:01:37.792] [warning] Couldn't find file 'thumb_distal_lvs.vtp'.
[2022-11-15 13:01:39.891] [info] Loaded model Fal_s1_mtp_sc_MTc5_cspx10_oy1_AdaptedForPredSim from file C:\GBW_MyPrograms\PredSim_test\Subjects\Fal_s1_base/Fal_s1_k10_d25_sF8_dF8_vF5_tV20.osim
[2022-11-15 13:01:39.892] [warning] Couldn't find file 'sacrum.vtp'.
[2022-11-15 13:01:39.892] [warning] Couldn't find file 'pelvis.vtp'.
[2022-11-15 13:01:39.892] [warning] Couldn't find file 'l_pelvis.vtp'.
[2022-11-15 13:01:39.892] [warning] Couldn't find file 'femur_r.vtp'.
[2022-11-15 13:01:39.892] [warning] Couldn't find file 'tibia_r.vtp'.
[2022-11-15 13:01:39.892] [warning] Couldn't find file 'fibula_r.vtp'.
[2022-11-15 13:01:39.892] [warning] Couldn't find file 'talus_rv.vtp'.
[2022-11-15 13:01:39.892] [warning] Couldn't find file 'calcaneous_rv.vtp'.
[2022-11-15 13:01:39.892] [warning] Couldn't find file 'model_r_midfoot.stl'.
[2022-11-15 13:01:39.892] [warning] Couldn't find file 'model_r_forefoot.stl'.
[2022-11-15 13:01:39.892] [warning] Couldn't find file 'model_r_toes.stl'.
[2022-11-15 13:01:39.892] [warning] Couldn't find file 'femur_l.vtp'.
[2022-11-15 13:01:39.892] [warning] Couldn't find file 'tibia_l.vtp'.
[2022-11-15 13:01:39.892] [warning] Couldn't find file 'fibula_l.vtp'.
[2022-11-15 13:01:39.893] [warning] Couldn't find file 'talus_lv.vtp'.
[2022-11-15 13:01:39.893] [warning] Couldn't find file 'calcaneous_lv.vtp'.
[2022-11-15 13:01:39.893] [warning] Couldn't find file 'model_l_midfoot.stl'.
[2022-11-15 13:01:39.893] [warning] Couldn't find file 'model_l_forefoot.stl'.
[2022-11-15 13:01:39.893] [warning] Couldn't find file 'model_l_toes.stl'.
[2022-11-15 13:01:39.893] [warning] Couldn't find file 'hat_spine.vtp'.
[2022-11-15 13:01:39.893] [warning] Couldn't find file 'hat_jaw.vtp'.
[2022-11-15 13:01:39.893] [warning] Couldn't find file 'hat_skull.vtp'.
[2022-11-15 13:01:39.893] [warning] Couldn't find file 'hat_ribs_scap.vtp'.
[2022-11-15 13:01:39.893] [warning] Couldn't find file 'humerus_rv.vtp'.
[2022-11-15 13:01:39.893] [warning] Couldn't find file 'ulna_rv.vtp'.
[2022-11-15 13:01:39.893] [warning] Couldn't find file 'radius_rv.vtp'.
[2022-11-15 13:01:39.893] [warning] Couldn't find file 'pisiform_rvs.vtp'.
[2022-11-15 13:01:39.893] [warning] Couldn't find file 'lunate_rvs.vtp'.
[2022-11-15 13:01:39.893] [warning] Couldn't find file 'scaphoid_rvs.vtp'.
[2022-11-15 13:01:39.893] [warning] Couldn't find file 'triquetrum_rvs.vtp'.
[2022-11-15 13:01:39.894] [warning] Couldn't find file 'hamate_rvs.vtp'.
[2022-11-15 13:01:39.894] [warning] Couldn't find file 'capitate_rvs.vtp'.
[2022-11-15 13:01:39.894] [warning] Couldn't find file 'trapezoid_rvs.vtp'.
[2022-11-15 13:01:39.894] [warning] Couldn't find file 'trapezium_rvs.vtp'.
[2022-11-15 13:01:39.894] [warning] Couldn't find file 'metacarpal2_rvs.vtp'.
[2022-11-15 13:01:39.894] [warning] Couldn't find file 'index_proximal_rvs.vtp'.
[2022-11-15 13:01:39.894] [warning] Couldn't find file 'index_medial_rvs.vtp'.
[2022-11-15 13:01:39.894] [warning] Couldn't find file 'index_distal_rvs.vtp'.
[2022-11-15 13:01:39.894] [warning] Couldn't find file 'metacarpal3_rvs.vtp'.
[2022-11-15 13:01:39.894] [warning] Couldn't find file 'middle_proximal_rvs.vtp'.
[2022-11-15 13:01:39.894] [warning] Couldn't find file 'middle_medial_rvs.vtp'.
[2022-11-15 13:01:39.894] [warning] Couldn't find file 'middle_distal_rvs.vtp'.
[2022-11-15 13:01:39.894] [warning] Couldn't find file 'metacarpal4_rvs.vtp'.
[2022-11-15 13:01:39.894] [warning] Couldn't find file 'ring_proximal_rvs.vtp'.
[2022-11-15 13:01:39.894] [warning] Couldn't find file 'ring_medial_rvs.vtp'.
[2022-11-15 13:01:39.894] [warning] Couldn't find file 'ring_distal_rvs.vtp'.
[2022-11-15 13:01:39.894] [warning] Couldn't find file 'metacarpal5_rvs.vtp'.
[2022-11-15 13:01:39.895] [warning] Couldn't find file 'little_proximal_rvs.vtp'.
[2022-11-15 13:01:39.895] [warning] Couldn't find file 'little_medial_rvs.vtp'.
[2022-11-15 13:01:39.895] [warning] Couldn't find file 'little_distal_rvs.vtp'.
[2022-11-15 13:01:39.895] [warning] Couldn't find file 'metacarpal1_rvs.vtp'.
[2022-11-15 13:01:39.895] [warning] Couldn't find file 'thumb_proximal_rvs.vtp'.
[2022-11-15 13:01:39.895] [warning] Couldn't find file 'thumb_distal_rvs.vtp'.
[2022-11-15 13:01:39.895] [warning] Couldn't find file 'humerus_lv.vtp'.
[2022-11-15 13:01:39.895] [warning] Couldn't find file 'ulna_lv.vtp'.
[2022-11-15 13:01:39.895] [warning] Couldn't find file 'radius_lv.vtp'.
[2022-11-15 13:01:39.895] [warning] Couldn't find file 'pisiform_lvs.vtp'.
[2022-11-15 13:01:39.895] [warning] Couldn't find file 'lunate_lvs.vtp'.
[2022-11-15 13:01:39.895] [warning] Couldn't find file 'scaphoid_lvs.vtp'.
[2022-11-15 13:01:39.895] [warning] Couldn't find file 'triquetrum_lvs.vtp'.
[2022-11-15 13:01:39.895] [warning] Couldn't find file 'hamate_lvs.vtp'.
[2022-11-15 13:01:39.895] [warning] Couldn't find file 'capitate_lvs.vtp'.
[2022-11-15 13:01:39.895] [warning] Couldn't find file 'trapezoid_lvs.vtp'.
[2022-11-15 13:01:39.895] [warning] Couldn't find file 'trapezium_lvs.vtp'.
[2022-11-15 13:01:39.896] [warning] Couldn't find file 'metacarpal2_lvs.vtp'.
[2022-11-15 13:01:39.896] [warning] Couldn't find file 'index_proximal_lvs.vtp'.
[2022-11-15 13:01:39.896] [warning] Couldn't find file 'index_medial_lvs.vtp'.
[2022-11-15 13:01:39.896] [warning] Couldn't find file 'index_distal_lvs.vtp'.
[2022-11-15 13:01:39.896] [warning] Couldn't find file 'metacarpal3_lvs.vtp'.
[2022-11-15 13:01:39.896] [warning] Couldn't find file 'middle_proximal_lvs.vtp'.
[2022-11-15 13:01:39.896] [warning] Couldn't find file 'middle_medial_lvs.vtp'.
[2022-11-15 13:01:39.896] [warning] Couldn't find file 'middle_distal_lvs.vtp'.
[2022-11-15 13:01:39.896] [warning] Couldn't find file 'metacarpal4_lvs.vtp'.
[2022-11-15 13:01:39.896] [warning] Couldn't find file 'ring_proximal_lvs.vtp'.
[2022-11-15 13:01:39.896] [warning] Couldn't find file 'ring_medial_lvs.vtp'.
[2022-11-15 13:01:39.896] [warning] Couldn't find file 'ring_distal_lvs.vtp'.
[2022-11-15 13:01:39.896] [warning] Couldn't find file 'metacarpal5_lvs.vtp'.
[2022-11-15 13:01:39.896] [warning] Couldn't find file 'little_proximal_lvs.vtp'.
[2022-11-15 13:01:39.896] [warning] Couldn't find file 'little_medial_lvs.vtp'.
[2022-11-15 13:01:39.896] [warning] Couldn't find file 'little_distal_lvs.vtp'.
[2022-11-15 13:01:39.896] [warning] Couldn't find file 'metacarpal1_lvs.vtp'.
[2022-11-15 13:01:39.897] [warning] Couldn't find file 'thumb_proximal_lvs.vtp'.
[2022-11-15 13:01:39.897] [warning] Couldn't find file 'thumb_distal_lvs.vtp'.
[2022-11-15 13:01:41.875] [info] Loaded model Fal_s1_mtp_sc_MTc5_cspx10_oy1_AdaptedForPredSim from file C:\GBW_MyPrograms\PredSim_test\Subjects\Fal_s1_base/Fal_s1_k10_d40_sF8_dF8_vF5_tV20.osim
[2022-11-15 13:01:41.876] [warning] Couldn't find file 'sacrum.vtp'.
[2022-11-15 13:01:41.876] [warning] Couldn't find file 'pelvis.vtp'.
[2022-11-15 13:01:41.876] [warning] Couldn't find file 'l_pelvis.vtp'.
[2022-11-15 13:01:41.876] [warning] Couldn't find file 'femur_r.vtp'.
[2022-11-15 13:01:41.876] [warning] Couldn't find file 'tibia_r.vtp'.
[2022-11-15 13:01:41.876] [warning] Couldn't find file 'fibula_r.vtp'.
[2022-11-15 13:01:41.876] [warning] Couldn't find file 'talus_rv.vtp'.
[2022-11-15 13:01:41.876] [warning] Couldn't find file 'calcaneous_rv.vtp'.
[2022-11-15 13:01:41.876] [warning] Couldn't find file 'model_r_midfoot.stl'.
[2022-11-15 13:01:41.877] [warning] Couldn't find file 'model_r_forefoot.stl'.
[2022-11-15 13:01:41.877] [warning] Couldn't find file 'model_r_toes.stl'.
[2022-11-15 13:01:41.877] [warning] Couldn't find file 'femur_l.vtp'.
[2022-11-15 13:01:41.877] [warning] Couldn't find file 'tibia_l.vtp'.
[2022-11-15 13:01:41.877] [warning] Couldn't find file 'fibula_l.vtp'.
[2022-11-15 13:01:41.877] [warning] Couldn't find file 'talus_lv.vtp'.
[2022-11-15 13:01:41.877] [warning] Couldn't find file 'calcaneous_lv.vtp'.
[2022-11-15 13:01:41.877] [warning] Couldn't find file 'model_l_midfoot.stl'.
[2022-11-15 13:01:41.877] [warning] Couldn't find file 'model_l_forefoot.stl'.
[2022-11-15 13:01:41.877] [warning] Couldn't find file 'model_l_toes.stl'.
[2022-11-15 13:01:41.877] [warning] Couldn't find file 'hat_spine.vtp'.
[2022-11-15 13:01:41.877] [warning] Couldn't find file 'hat_jaw.vtp'.
[2022-11-15 13:01:41.877] [warning] Couldn't find file 'hat_skull.vtp'.
[2022-11-15 13:01:41.877] [warning] Couldn't find file 'hat_ribs_scap.vtp'.
[2022-11-15 13:01:41.877] [warning] Couldn't find file 'humerus_rv.vtp'.
[2022-11-15 13:01:41.877] [warning] Couldn't find file 'ulna_rv.vtp'.
[2022-11-15 13:01:41.878] [warning] Couldn't find file 'radius_rv.vtp'.
[2022-11-15 13:01:41.878] [warning] Couldn't find file 'pisiform_rvs.vtp'.
[2022-11-15 13:01:41.878] [warning] Couldn't find file 'lunate_rvs.vtp'.
[2022-11-15 13:01:41.878] [warning] Couldn't find file 'scaphoid_rvs.vtp'.
[2022-11-15 13:01:41.878] [warning] Couldn't find file 'triquetrum_rvs.vtp'.
[2022-11-15 13:01:41.878] [warning] Couldn't find file 'hamate_rvs.vtp'.
[2022-11-15 13:01:41.878] [warning] Couldn't find file 'capitate_rvs.vtp'.
[2022-11-15 13:01:41.878] [warning] Couldn't find file 'trapezoid_rvs.vtp'.
[2022-11-15 13:01:41.878] [warning] Couldn't find file 'trapezium_rvs.vtp'.
[2022-11-15 13:01:41.878] [warning] Couldn't find file 'metacarpal2_rvs.vtp'.
[2022-11-15 13:01:41.878] [warning] Couldn't find file 'index_proximal_rvs.vtp'.
[2022-11-15 13:01:41.878] [warning] Couldn't find file 'index_medial_rvs.vtp'.
[2022-11-15 13:01:41.878] [warning] Couldn't find file 'index_distal_rvs.vtp'.
[2022-11-15 13:01:41.878] [warning] Couldn't find file 'metacarpal3_rvs.vtp'.
[2022-11-15 13:01:41.878] [warning] Couldn't find file 'middle_proximal_rvs.vtp'.
[2022-11-15 13:01:41.878] [warning] Couldn't find file 'middle_medial_rvs.vtp'.
[2022-11-15 13:01:41.878] [warning] Couldn't find file 'middle_distal_rvs.vtp'.
[2022-11-15 13:01:41.878] [warning] Couldn't find file 'metacarpal4_rvs.vtp'.
[2022-11-15 13:01:41.879] [warning] Couldn't find file 'ring_proximal_rvs.vtp'.
[2022-11-15 13:01:41.879] [warning] Couldn't find file 'ring_medial_rvs.vtp'.
[2022-11-15 13:01:41.879] [warning] Couldn't find file 'ring_distal_rvs.vtp'.
[2022-11-15 13:01:41.879] [warning] Couldn't find file 'metacarpal5_rvs.vtp'.
[2022-11-15 13:01:41.879] [warning] Couldn't find file 'little_proximal_rvs.vtp'.
[2022-11-15 13:01:41.879] [warning] Couldn't find file 'little_medial_rvs.vtp'.
[2022-11-15 13:01:41.879] [warning] Couldn't find file 'little_distal_rvs.vtp'.
[2022-11-15 13:01:41.879] [warning] Couldn't find file 'metacarpal1_rvs.vtp'.
[2022-11-15 13:01:41.879] [warning] Couldn't find file 'thumb_proximal_rvs.vtp'.
[2022-11-15 13:01:41.879] [warning] Couldn't find file 'thumb_distal_rvs.vtp'.
[2022-11-15 13:01:41.879] [warning] Couldn't find file 'humerus_lv.vtp'.
[2022-11-15 13:01:41.879] [warning] Couldn't find file 'ulna_lv.vtp'.
[2022-11-15 13:01:41.879] [warning] Couldn't find file 'radius_lv.vtp'.
[2022-11-15 13:01:41.879] [warning] Couldn't find file 'pisiform_lvs.vtp'.
[2022-11-15 13:01:41.879] [warning] Couldn't find file 'lunate_lvs.vtp'.
[2022-11-15 13:01:41.879] [warning] Couldn't find file 'scaphoid_lvs.vtp'.
[2022-11-15 13:01:41.879] [warning] Couldn't find file 'triquetrum_lvs.vtp'.
[2022-11-15 13:01:41.880] [warning] Couldn't find file 'hamate_lvs.vtp'.
[2022-11-15 13:01:41.880] [warning] Couldn't find file 'capitate_lvs.vtp'.
[2022-11-15 13:01:41.880] [warning] Couldn't find file 'trapezoid_lvs.vtp'.
[2022-11-15 13:01:41.880] [warning] Couldn't find file 'trapezium_lvs.vtp'.
[2022-11-15 13:01:41.880] [warning] Couldn't find file 'metacarpal2_lvs.vtp'.
[2022-11-15 13:01:41.880] [warning] Couldn't find file 'index_proximal_lvs.vtp'.
[2022-11-15 13:01:41.880] [warning] Couldn't find file 'index_medial_lvs.vtp'.
[2022-11-15 13:01:41.880] [warning] Couldn't find file 'index_distal_lvs.vtp'.
[2022-11-15 13:01:41.880] [warning] Couldn't find file 'metacarpal3_lvs.vtp'.
[2022-11-15 13:01:41.880] [warning] Couldn't find file 'middle_proximal_lvs.vtp'.
[2022-11-15 13:01:41.880] [warning] Couldn't find file 'middle_medial_lvs.vtp'.
[2022-11-15 13:01:41.880] [warning] Couldn't find file 'middle_distal_lvs.vtp'.
[2022-11-15 13:01:41.880] [warning] Couldn't find file 'metacarpal4_lvs.vtp'.
[2022-11-15 13:01:41.880] [warning] Couldn't find file 'ring_proximal_lvs.vtp'.
[2022-11-15 13:01:41.880] [warning] Couldn't find file 'ring_medial_lvs.vtp'.
[2022-11-15 13:01:41.880] [warning] Couldn't find file 'ring_distal_lvs.vtp'.
[2022-11-15 13:01:41.880] [warning] Couldn't find file 'metacarpal5_lvs.vtp'.
[2022-11-15 13:01:41.881] [warning] Couldn't find file 'little_proximal_lvs.vtp'.
[2022-11-15 13:01:41.881] [warning] Couldn't find file 'little_medial_lvs.vtp'.
[2022-11-15 13:01:41.881] [warning] Couldn't find file 'little_distal_lvs.vtp'.
[2022-11-15 13:01:41.881] [warning] Couldn't find file 'metacarpal1_lvs.vtp'.
[2022-11-15 13:01:41.881] [warning] Couldn't find file 'thumb_proximal_lvs.vtp'.
[2022-11-15 13:01:41.881] [warning] Couldn't find file 'thumb_distal_lvs.vtp'.
[2022-11-15 13:01:44.020] [info] Loaded model Fal_s1_mtp_sc_MTc5_cspx10_oy1_AdaptedForPredSim from file C:\GBW_MyPrograms\PredSim_test\Subjects\Fal_s1_base/Fal_s1_k10_d10_sF8_dF8_vF5_tV20.osim
[2022-11-15 13:01:44.020] [warning] Couldn't find file 'sacrum.vtp'.
[2022-11-15 13:01:44.020] [warning] Couldn't find file 'pelvis.vtp'.
[2022-11-15 13:01:44.020] [warning] Couldn't find file 'l_pelvis.vtp'.
[2022-11-15 13:01:44.020] [warning] Couldn't find file 'femur_r.vtp'.
[2022-11-15 13:01:44.020] [warning] Couldn't find file 'tibia_r.vtp'.
[2022-11-15 13:01:44.020] [warning] Couldn't find file 'fibula_r.vtp'.
[2022-11-15 13:01:44.021] [warning] Couldn't find file 'talus_rv.vtp'.
[2022-11-15 13:01:44.021] [warning] Couldn't find file 'calcaneous_rv.vtp'.
[2022-11-15 13:01:44.021] [warning] Couldn't find file 'model_r_midfoot.stl'.
[2022-11-15 13:01:44.021] [warning] Couldn't find file 'model_r_forefoot.stl'.
[2022-11-15 13:01:44.021] [warning] Couldn't find file 'model_r_toes.stl'.
[2022-11-15 13:01:44.021] [warning] Couldn't find file 'femur_l.vtp'.
[2022-11-15 13:01:44.021] [warning] Couldn't find file 'tibia_l.vtp'.
[2022-11-15 13:01:44.021] [warning] Couldn't find file 'fibula_l.vtp'.
[2022-11-15 13:01:44.021] [warning] Couldn't find file 'talus_lv.vtp'.
[2022-11-15 13:01:44.021] [warning] Couldn't find file 'calcaneous_lv.vtp'.
[2022-11-15 13:01:44.021] [warning] Couldn't find file 'model_l_midfoot.stl'.
[2022-11-15 13:01:44.021] [warning] Couldn't find file 'model_l_forefoot.stl'.
[2022-11-15 13:01:44.021] [warning] Couldn't find file 'model_l_toes.stl'.
[2022-11-15 13:01:44.021] [warning] Couldn't find file 'hat_spine.vtp'.
[2022-11-15 13:01:44.021] [warning] Couldn't find file 'hat_jaw.vtp'.
[2022-11-15 13:01:44.022] [warning] Couldn't find file 'hat_skull.vtp'.
[2022-11-15 13:01:44.022] [warning] Couldn't find file 'hat_ribs_scap.vtp'.
[2022-11-15 13:01:44.022] [warning] Couldn't find file 'humerus_rv.vtp'.
[2022-11-15 13:01:44.022] [warning] Couldn't find file 'ulna_rv.vtp'.
[2022-11-15 13:01:44.022] [warning] Couldn't find file 'radius_rv.vtp'.
[2022-11-15 13:01:44.022] [warning] Couldn't find file 'pisiform_rvs.vtp'.
[2022-11-15 13:01:44.022] [warning] Couldn't find file 'lunate_rvs.vtp'.
[2022-11-15 13:01:44.022] [warning] Couldn't find file 'scaphoid_rvs.vtp'.
[2022-11-15 13:01:44.022] [warning] Couldn't find file 'triquetrum_rvs.vtp'.
[2022-11-15 13:01:44.022] [warning] Couldn't find file 'hamate_rvs.vtp'.
[2022-11-15 13:01:44.022] [warning] Couldn't find file 'capitate_rvs.vtp'.
[2022-11-15 13:01:44.022] [warning] Couldn't find file 'trapezoid_rvs.vtp'.
[2022-11-15 13:01:44.022] [warning] Couldn't find file 'trapezium_rvs.vtp'.
[2022-11-15 13:01:44.022] [warning] Couldn't find file 'metacarpal2_rvs.vtp'.
[2022-11-15 13:01:44.022] [warning] Couldn't find file 'index_proximal_rvs.vtp'.
[2022-11-15 13:01:44.022] [warning] Couldn't find file 'index_medial_rvs.vtp'.
[2022-11-15 13:01:44.022] [warning] Couldn't find file 'index_distal_rvs.vtp'.
[2022-11-15 13:01:44.023] [warning] Couldn't find file 'metacarpal3_rvs.vtp'.
[2022-11-15 13:01:44.023] [warning] Couldn't find file 'middle_proximal_rvs.vtp'.
[2022-11-15 13:01:44.023] [warning] Couldn't find file 'middle_medial_rvs.vtp'.
[2022-11-15 13:01:44.023] [warning] Couldn't find file 'middle_distal_rvs.vtp'.
[2022-11-15 13:01:44.023] [warning] Couldn't find file 'metacarpal4_rvs.vtp'.
[2022-11-15 13:01:44.023] [warning] Couldn't find file 'ring_proximal_rvs.vtp'.
[2022-11-15 13:01:44.023] [warning] Couldn't find file 'ring_medial_rvs.vtp'.
[2022-11-15 13:01:44.023] [warning] Couldn't find file 'ring_distal_rvs.vtp'.
[2022-11-15 13:01:44.023] [warning] Couldn't find file 'metacarpal5_rvs.vtp'.
[2022-11-15 13:01:44.023] [warning] Couldn't find file 'little_proximal_rvs.vtp'.
[2022-11-15 13:01:44.023] [warning] Couldn't find file 'little_medial_rvs.vtp'.
[2022-11-15 13:01:44.023] [warning] Couldn't find file 'little_distal_rvs.vtp'.
[2022-11-15 13:01:44.023] [warning] Couldn't find file 'metacarpal1_rvs.vtp'.
[2022-11-15 13:01:44.023] [warning] Couldn't find file 'thumb_proximal_rvs.vtp'.
[2022-11-15 13:01:44.023] [warning] Couldn't find file 'thumb_distal_rvs.vtp'.
[2022-11-15 13:01:44.023] [warning] Couldn't find file 'humerus_lv.vtp'.
[2022-11-15 13:01:44.023] [warning] Couldn't find file 'ulna_lv.vtp'.
[2022-11-15 13:01:44.024] [warning] Couldn't find file 'radius_lv.vtp'.
[2022-11-15 13:01:44.024] [warning] Couldn't find file 'pisiform_lvs.vtp'.
[2022-11-15 13:01:44.024] [warning] Couldn't find file 'lunate_lvs.vtp'.
[2022-11-15 13:01:44.024] [warning] Couldn't find file 'scaphoid_lvs.vtp'.
[2022-11-15 13:01:44.024] [warning] Couldn't find file 'triquetrum_lvs.vtp'.
[2022-11-15 13:01:44.024] [warning] Couldn't find file 'hamate_lvs.vtp'.
[2022-11-15 13:01:44.024] [warning] Couldn't find file 'capitate_lvs.vtp'.
[2022-11-15 13:01:44.024] [warning] Couldn't find file 'trapezoid_lvs.vtp'.
[2022-11-15 13:01:44.024] [warning] Couldn't find file 'trapezium_lvs.vtp'.
[2022-11-15 13:01:44.024] [warning] Couldn't find file 'metacarpal2_lvs.vtp'.
[2022-11-15 13:01:44.024] [warning] Couldn't find file 'index_proximal_lvs.vtp'.
[2022-11-15 13:01:44.024] [warning] Couldn't find file 'index_medial_lvs.vtp'.
[2022-11-15 13:01:44.024] [warning] Couldn't find file 'index_distal_lvs.vtp'.
[2022-11-15 13:01:44.024] [warning] Couldn't find file 'metacarpal3_lvs.vtp'.
[2022-11-15 13:01:44.024] [warning] Couldn't find file 'middle_proximal_lvs.vtp'.
[2022-11-15 13:01:44.024] [warning] Couldn't find file 'middle_medial_lvs.vtp'.
[2022-11-15 13:01:44.024] [warning] Couldn't find file 'middle_distal_lvs.vtp'.
[2022-11-15 13:01:44.025] [warning] Couldn't find file 'metacarpal4_lvs.vtp'.
[2022-11-15 13:01:44.025] [warning] Couldn't find file 'ring_proximal_lvs.vtp'.
[2022-11-15 13:01:44.025] [warning] Couldn't find file 'ring_medial_lvs.vtp'.
[2022-11-15 13:01:44.025] [warning] Couldn't find file 'ring_distal_lvs.vtp'.
[2022-11-15 13:01:44.025] [warning] Couldn't find file 'metacarpal5_lvs.vtp'.
[2022-11-15 13:01:44.025] [warning] Couldn't find file 'little_proximal_lvs.vtp'.
[2022-11-15 13:01:44.025] [warning] Couldn't find file 'little_medial_lvs.vtp'.
[2022-11-15 13:01:44.025] [warning] Couldn't find file 'little_distal_lvs.vtp'.
[2022-11-15 13:01:44.025] [warning] Couldn't find file 'metacarpal1_lvs.vtp'.
[2022-11-15 13:01:44.025] [warning] Couldn't find file 'thumb_proximal_lvs.vtp'.
[2022-11-15 13:01:44.025] [warning] Couldn't find file 'thumb_distal_lvs.vtp'.
[2022-11-15 13:05:23.445] [info] Loaded model Fal_s1_mtp_sc_MTc5_cspx10_oy1_AdaptedForPredSim from file C:\GBW_MyPrograms\PredSim_test\Subjects\Fal_s1_base/Fal_s1_k1_d40_sF8_dF8_vF5_tV20.osim
[2022-11-15 13:05:23.445] [warning] Couldn't find file 'sacrum.vtp'.
[2022-11-15 13:05:23.445] [warning] Couldn't find file 'pelvis.vtp'.
[2022-11-15 13:05:23.445] [warning] Couldn't find file 'l_pelvis.vtp'.
[2022-11-15 13:05:23.446] [warning] Couldn't find file 'femur_r.vtp'.
[2022-11-15 13:05:23.446] [warning] Couldn't find file 'tibia_r.vtp'.
[2022-11-15 13:05:23.446] [warning] Couldn't find file 'fibula_r.vtp'.
[2022-11-15 13:05:23.446] [warning] Couldn't find file 'talus_rv.vtp'.
[2022-11-15 13:05:23.446] [warning] Couldn't find file 'calcaneous_rv.vtp'.
[2022-11-15 13:05:23.446] [warning] Couldn't find file 'model_r_midfoot.stl'.
[2022-11-15 13:05:23.446] [warning] Couldn't find file 'model_r_forefoot.stl'.
[2022-11-15 13:05:23.446] [warning] Couldn't find file 'model_r_toes.stl'.
[2022-11-15 13:05:23.446] [warning] Couldn't find file 'femur_l.vtp'.
[2022-11-15 13:05:23.446] [warning] Couldn't find file 'tibia_l.vtp'.
[2022-11-15 13:05:23.446] [warning] Couldn't find file 'fibula_l.vtp'.
[2022-11-15 13:05:23.446] [warning] Couldn't find file 'talus_lv.vtp'.
[2022-11-15 13:05:23.446] [warning] Couldn't find file 'calcaneous_lv.vtp'.
[2022-11-15 13:05:23.446] [warning] Couldn't find file 'model_l_midfoot.stl'.
[2022-11-15 13:05:23.446] [warning] Couldn't find file 'model_l_forefoot.stl'.
[2022-11-15 13:05:23.447] [warning] Couldn't find file 'model_l_toes.stl'.
[2022-11-15 13:05:23.447] [warning] Couldn't find file 'hat_spine.vtp'.
[2022-11-15 13:05:23.447] [warning] Couldn't find file 'hat_jaw.vtp'.
[2022-11-15 13:05:23.447] [warning] Couldn't find file 'hat_skull.vtp'.
[2022-11-15 13:05:23.447] [warning] Couldn't find file 'hat_ribs_scap.vtp'.
[2022-11-15 13:05:23.447] [warning] Couldn't find file 'humerus_rv.vtp'.
[2022-11-15 13:05:23.447] [warning] Couldn't find file 'ulna_rv.vtp'.
[2022-11-15 13:05:23.447] [warning] Couldn't find file 'radius_rv.vtp'.
[2022-11-15 13:05:23.447] [warning] Couldn't find file 'pisiform_rvs.vtp'.
[2022-11-15 13:05:23.447] [warning] Couldn't find file 'lunate_rvs.vtp'.
[2022-11-15 13:05:23.447] [warning] Couldn't find file 'scaphoid_rvs.vtp'.
[2022-11-15 13:05:23.447] [warning] Couldn't find file 'triquetrum_rvs.vtp'.
[2022-11-15 13:05:23.447] [warning] Couldn't find file 'hamate_rvs.vtp'.
[2022-11-15 13:05:23.447] [warning] Couldn't find file 'capitate_rvs.vtp'.
[2022-11-15 13:05:23.447] [warning] Couldn't find file 'trapezoid_rvs.vtp'.
[2022-11-15 13:05:23.447] [warning] Couldn't find file 'trapezium_rvs.vtp'.
[2022-11-15 13:05:23.447] [warning] Couldn't find file 'metacarpal2_rvs.vtp'.
[2022-11-15 13:05:23.448] [warning] Couldn't find file 'index_proximal_rvs.vtp'.
[2022-11-15 13:05:23.448] [warning] Couldn't find file 'index_medial_rvs.vtp'.
[2022-11-15 13:05:23.448] [warning] Couldn't find file 'index_distal_rvs.vtp'.
[2022-11-15 13:05:23.448] [warning] Couldn't find file 'metacarpal3_rvs.vtp'.
[2022-11-15 13:05:23.448] [warning] Couldn't find file 'middle_proximal_rvs.vtp'.
[2022-11-15 13:05:23.448] [warning] Couldn't find file 'middle_medial_rvs.vtp'.
[2022-11-15 13:05:23.448] [warning] Couldn't find file 'middle_distal_rvs.vtp'.
[2022-11-15 13:05:23.448] [warning] Couldn't find file 'metacarpal4_rvs.vtp'.
[2022-11-15 13:05:23.448] [warning] Couldn't find file 'ring_proximal_rvs.vtp'.
[2022-11-15 13:05:23.448] [warning] Couldn't find file 'ring_medial_rvs.vtp'.
[2022-11-15 13:05:23.448] [warning] Couldn't find file 'ring_distal_rvs.vtp'.
[2022-11-15 13:05:23.448] [warning] Couldn't find file 'metacarpal5_rvs.vtp'.
[2022-11-15 13:05:23.448] [warning] Couldn't find file 'little_proximal_rvs.vtp'.
[2022-11-15 13:05:23.448] [warning] Couldn't find file 'little_medial_rvs.vtp'.
[2022-11-15 13:05:23.448] [warning] Couldn't find file 'little_distal_rvs.vtp'.
[2022-11-15 13:05:23.448] [warning] Couldn't find file 'metacarpal1_rvs.vtp'.
[2022-11-15 13:05:23.448] [warning] Couldn't find file 'thumb_proximal_rvs.vtp'.
[2022-11-15 13:05:23.449] [warning] Couldn't find file 'thumb_distal_rvs.vtp'.
[2022-11-15 13:05:23.449] [warning] Couldn't find file 'humerus_lv.vtp'.
[2022-11-15 13:05:23.449] [warning] Couldn't find file 'ulna_lv.vtp'.
[2022-11-15 13:05:23.449] [warning] Couldn't find file 'radius_lv.vtp'.
[2022-11-15 13:05:23.449] [warning] Couldn't find file 'pisiform_lvs.vtp'.
[2022-11-15 13:05:23.449] [warning] Couldn't find file 'lunate_lvs.vtp'.
[2022-11-15 13:05:23.449] [warning] Couldn't find file 'scaphoid_lvs.vtp'.
[2022-11-15 13:05:23.449] [warning] Couldn't find file 'triquetrum_lvs.vtp'.
[2022-11-15 13:05:23.449] [warning] Couldn't find file 'hamate_lvs.vtp'.
[2022-11-15 13:05:23.449] [warning] Couldn't find file 'capitate_lvs.vtp'.
[2022-11-15 13:05:23.449] [warning] Couldn't find file 'trapezoid_lvs.vtp'.
[2022-11-15 13:05:23.449] [warning] Couldn't find file 'trapezium_lvs.vtp'.
[2022-11-15 13:05:23.449] [warning] Couldn't find file 'metacarpal2_lvs.vtp'.
[2022-11-15 13:05:23.449] [warning] Couldn't find file 'index_proximal_lvs.vtp'.
[2022-11-15 13:05:23.449] [warning] Couldn't find file 'index_medial_lvs.vtp'.
[2022-11-15 13:05:23.449] [warning] Couldn't find file 'index_distal_lvs.vtp'.
[2022-11-15 13:05:23.449] [warning] Couldn't find file 'metacarpal3_lvs.vtp'.
[2022-11-15 13:05:23.450] [warning] Couldn't find file 'middle_proximal_lvs.vtp'.
[2022-11-15 13:05:23.450] [warning] Couldn't find file 'middle_medial_lvs.vtp'.
[2022-11-15 13:05:23.450] [warning] Couldn't find file 'middle_distal_lvs.vtp'.
[2022-11-15 13:05:23.450] [warning] Couldn't find file 'metacarpal4_lvs.vtp'.
[2022-11-15 13:05:23.450] [warning] Couldn't find file 'ring_proximal_lvs.vtp'.
[2022-11-15 13:05:23.450] [warning] Couldn't find file 'ring_medial_lvs.vtp'.
[2022-11-15 13:05:23.450] [warning] Couldn't find file 'ring_distal_lvs.vtp'.
[2022-11-15 13:05:23.450] [warning] Couldn't find file 'metacarpal5_lvs.vtp'.
[2022-11-15 13:05:23.450] [warning] Couldn't find file 'little_proximal_lvs.vtp'.
[2022-11-15 13:05:23.450] [warning] Couldn't find file 'little_medial_lvs.vtp'.
[2022-11-15 13:05:23.450] [warning] Couldn't find file 'little_distal_lvs.vtp'.
[2022-11-15 13:05:23.450] [warning] Couldn't find file 'metacarpal1_lvs.vtp'.
[2022-11-15 13:05:23.450] [warning] Couldn't find file 'thumb_proximal_lvs.vtp'.
[2022-11-15 13:05:23.450] [warning] Couldn't find file 'thumb_distal_lvs.vtp'.
[2022-11-15 13:05:25.452] [info] Loaded model Fal_s1_mtp_sc_MTc5_cspx10_oy1_AdaptedForPredSim from file C:\GBW_MyPrograms\PredSim_test\Subjects\Fal_s1_base/Fal_s1_k1_d20_sF8_dF8_vF5_tV20.osim
[2022-11-15 13:05:25.453] [warning] Couldn't find file 'sacrum.vtp'.
[2022-11-15 13:05:25.454] [warning] Couldn't find file 'pelvis.vtp'.
[2022-11-15 13:05:25.454] [warning] Couldn't find file 'l_pelvis.vtp'.
[2022-11-15 13:05:25.454] [warning] Couldn't find file 'femur_r.vtp'.
[2022-11-15 13:05:25.454] [warning] Couldn't find file 'tibia_r.vtp'.
[2022-11-15 13:05:25.454] [warning] Couldn't find file 'fibula_r.vtp'.
[2022-11-15 13:05:25.454] [warning] Couldn't find file 'talus_rv.vtp'.
[2022-11-15 13:05:25.454] [warning] Couldn't find file 'calcaneous_rv.vtp'.
[2022-11-15 13:05:25.454] [warning] Couldn't find file 'model_r_midfoot.stl'.
[2022-11-15 13:05:25.454] [warning] Couldn't find file 'model_r_forefoot.stl'.
[2022-11-15 13:05:25.454] [warning] Couldn't find file 'model_r_toes.stl'.
[2022-11-15 13:05:25.454] [warning] Couldn't find file 'femur_l.vtp'.
[2022-11-15 13:05:25.454] [warning] Couldn't find file 'tibia_l.vtp'.
[2022-11-15 13:05:25.454] [warning] Couldn't find file 'fibula_l.vtp'.
[2022-11-15 13:05:25.454] [warning] Couldn't find file 'talus_lv.vtp'.
[2022-11-15 13:05:25.455] [warning] Couldn't find file 'calcaneous_lv.vtp'.
[2022-11-15 13:05:25.455] [warning] Couldn't find file 'model_l_midfoot.stl'.
[2022-11-15 13:05:25.455] [warning] Couldn't find file 'model_l_forefoot.stl'.
[2022-11-15 13:05:25.455] [warning] Couldn't find file 'model_l_toes.stl'.
[2022-11-15 13:05:25.455] [warning] Couldn't find file 'hat_spine.vtp'.
[2022-11-15 13:05:25.455] [warning] Couldn't find file 'hat_jaw.vtp'.
[2022-11-15 13:05:25.455] [warning] Couldn't find file 'hat_skull.vtp'.
[2022-11-15 13:05:25.455] [warning] Couldn't find file 'hat_ribs_scap.vtp'.
[2022-11-15 13:05:25.455] [warning] Couldn't find file 'humerus_rv.vtp'.
[2022-11-15 13:05:25.455] [warning] Couldn't find file 'ulna_rv.vtp'.
[2022-11-15 13:05:25.455] [warning] Couldn't find file 'radius_rv.vtp'.
[2022-11-15 13:05:25.455] [warning] Couldn't find file 'pisiform_rvs.vtp'.
[2022-11-15 13:05:25.455] [warning] Couldn't find file 'lunate_rvs.vtp'.
[2022-11-15 13:05:25.455] [warning] Couldn't find file 'scaphoid_rvs.vtp'.
[2022-11-15 13:05:25.455] [warning] Couldn't find file 'triquetrum_rvs.vtp'.
[2022-11-15 13:05:25.455] [warning] Couldn't find file 'hamate_rvs.vtp'.
[2022-11-15 13:05:25.456] [warning] Couldn't find file 'capitate_rvs.vtp'.
[2022-11-15 13:05:25.456] [warning] Couldn't find file 'trapezoid_rvs.vtp'.
[2022-11-15 13:05:25.456] [warning] Couldn't find file 'trapezium_rvs.vtp'.
[2022-11-15 13:05:25.456] [warning] Couldn't find file 'metacarpal2_rvs.vtp'.
[2022-11-15 13:05:25.456] [warning] Couldn't find file 'index_proximal_rvs.vtp'.
[2022-11-15 13:05:25.456] [warning] Couldn't find file 'index_medial_rvs.vtp'.
[2022-11-15 13:05:25.456] [warning] Couldn't find file 'index_distal_rvs.vtp'.
[2022-11-15 13:05:25.456] [warning] Couldn't find file 'metacarpal3_rvs.vtp'.
[2022-11-15 13:05:25.456] [warning] Couldn't find file 'middle_proximal_rvs.vtp'.
[2022-11-15 13:05:25.456] [warning] Couldn't find file 'middle_medial_rvs.vtp'.
[2022-11-15 13:05:25.456] [warning] Couldn't find file 'middle_distal_rvs.vtp'.
[2022-11-15 13:05:25.456] [warning] Couldn't find file 'metacarpal4_rvs.vtp'.
[2022-11-15 13:05:25.456] [warning] Couldn't find file 'ring_proximal_rvs.vtp'.
[2022-11-15 13:05:25.456] [warning] Couldn't find file 'ring_medial_rvs.vtp'.
[2022-11-15 13:05:25.456] [warning] Couldn't find file 'ring_distal_rvs.vtp'.
[2022-11-15 13:05:25.456] [warning] Couldn't find file 'metacarpal5_rvs.vtp'.
[2022-11-15 13:05:25.457] [warning] Couldn't find file 'little_proximal_rvs.vtp'.
[2022-11-15 13:05:25.457] [warning] Couldn't find file 'little_medial_rvs.vtp'.
[2022-11-15 13:05:25.457] [warning] Couldn't find file 'little_distal_rvs.vtp'.
[2022-11-15 13:05:25.457] [warning] Couldn't find file 'metacarpal1_rvs.vtp'.
[2022-11-15 13:05:25.457] [warning] Couldn't find file 'thumb_proximal_rvs.vtp'.
[2022-11-15 13:05:25.457] [warning] Couldn't find file 'thumb_distal_rvs.vtp'.
[2022-11-15 13:05:25.457] [warning] Couldn't find file 'humerus_lv.vtp'.
[2022-11-15 13:05:25.457] [warning] Couldn't find file 'ulna_lv.vtp'.
[2022-11-15 13:05:25.457] [warning] Couldn't find file 'radius_lv.vtp'.
[2022-11-15 13:05:25.457] [warning] Couldn't find file 'pisiform_lvs.vtp'.
[2022-11-15 13:05:25.457] [warning] Couldn't find file 'lunate_lvs.vtp'.
[2022-11-15 13:05:25.457] [warning] Couldn't find file 'scaphoid_lvs.vtp'.
[2022-11-15 13:05:25.457] [warning] Couldn't find file 'triquetrum_lvs.vtp'.
[2022-11-15 13:05:25.457] [warning] Couldn't find file 'hamate_lvs.vtp'.
[2022-11-15 13:05:25.457] [warning] Couldn't find file 'capitate_lvs.vtp'.
[2022-11-15 13:05:25.457] [warning] Couldn't find file 'trapezoid_lvs.vtp'.
[2022-11-15 13:05:25.458] [warning] Couldn't find file 'trapezium_lvs.vtp'.
[2022-11-15 13:05:25.458] [warning] Couldn't find file 'metacarpal2_lvs.vtp'.
[2022-11-15 13:05:25.458] [warning] Couldn't find file 'index_proximal_lvs.vtp'.
[2022-11-15 13:05:25.458] [warning] Couldn't find file 'index_medial_lvs.vtp'.
[2022-11-15 13:05:25.458] [warning] Couldn't find file 'index_distal_lvs.vtp'.
[2022-11-15 13:05:25.458] [warning] Couldn't find file 'metacarpal3_lvs.vtp'.
[2022-11-15 13:05:25.458] [warning] Couldn't find file 'middle_proximal_lvs.vtp'.
[2022-11-15 13:05:25.458] [warning] Couldn't find file 'middle_medial_lvs.vtp'.
[2022-11-15 13:05:25.458] [warning] Couldn't find file 'middle_distal_lvs.vtp'.
[2022-11-15 13:05:25.458] [warning] Couldn't find file 'metacarpal4_lvs.vtp'.
[2022-11-15 13:05:25.458] [warning] Couldn't find file 'ring_proximal_lvs.vtp'.
[2022-11-15 13:05:25.458] [warning] Couldn't find file 'ring_medial_lvs.vtp'.
[2022-11-15 13:05:25.458] [warning] Couldn't find file 'ring_distal_lvs.vtp'.
[2022-11-15 13:05:25.458] [warning] Couldn't find file 'metacarpal5_lvs.vtp'.
[2022-11-15 13:05:25.458] [warning] Couldn't find file 'little_proximal_lvs.vtp'.
[2022-11-15 13:05:25.458] [warning] Couldn't find file 'little_medial_lvs.vtp'.
[2022-11-15 13:05:25.458] [warning] Couldn't find file 'little_distal_lvs.vtp'.
[2022-11-15 13:05:25.459] [warning] Couldn't find file 'metacarpal1_lvs.vtp'.
[2022-11-15 13:05:25.459] [warning] Couldn't find file 'thumb_proximal_lvs.vtp'.
[2022-11-15 13:05:25.459] [warning] Couldn't find file 'thumb_distal_lvs.vtp'.
[2022-11-15 13:47:00.827] [info] Loaded model Fal_s1_mtp_sc_MTc5_cspx10_oy1_AdaptedForPredSim from file C:\GBW_MyPrograms\PredSim_test\Subjects\Fal_s1_base/Fal_s1.osim
[2022-11-15 13:47:00.828] [warning] Couldn't find file 'sacrum.vtp'.
[2022-11-15 13:47:00.828] [warning] Couldn't find file 'pelvis.vtp'.
[2022-11-15 13:47:00.828] [warning] Couldn't find file 'l_pelvis.vtp'.
[2022-11-15 13:47:00.828] [warning] Couldn't find file 'femur_r.vtp'.
[2022-11-15 13:47:00.828] [warning] Couldn't find file 'tibia_r.vtp'.
[2022-11-15 13:47:00.828] [warning] Couldn't find file 'fibula_r.vtp'.
[2022-11-15 13:47:00.828] [warning] Couldn't find file 'talus_rv.vtp'.
[2022-11-15 13:47:00.828] [warning] Couldn't find file 'calcaneous_rv.vtp'.
[2022-11-15 13:47:00.828] [warning] Couldn't find file 'model_r_midfoot.stl'.
[2022-11-15 13:47:00.828] [warning] Couldn't find file 'model_r_forefoot.stl'.
[2022-11-15 13:47:00.828] [warning] Couldn't find file 'model_r_toes.stl'.
[2022-11-15 13:47:00.828] [warning] Couldn't find file 'femur_l.vtp'.
[2022-11-15 13:47:00.828] [warning] Couldn't find file 'tibia_l.vtp'.
[2022-11-15 13:47:00.829] [warning] Couldn't find file 'fibula_l.vtp'.
[2022-11-15 13:47:00.829] [warning] Couldn't find file 'talus_lv.vtp'.
[2022-11-15 13:47:00.829] [warning] Couldn't find file 'calcaneous_lv.vtp'.
[2022-11-15 13:47:00.829] [warning] Couldn't find file 'model_l_midfoot.stl'.
[2022-11-15 13:47:00.829] [warning] Couldn't find file 'model_l_forefoot.stl'.
[2022-11-15 13:47:00.829] [warning] Couldn't find file 'model_l_toes.stl'.
[2022-11-15 13:47:00.829] [warning] Couldn't find file 'hat_spine.vtp'.
[2022-11-15 13:47:00.829] [warning] Couldn't find file 'hat_jaw.vtp'.
[2022-11-15 13:47:00.829] [warning] Couldn't find file 'hat_skull.vtp'.
[2022-11-15 13:47:00.829] [warning] Couldn't find file 'hat_ribs_scap.vtp'.
[2022-11-15 13:47:00.829] [warning] Couldn't find file 'humerus_rv.vtp'.
[2022-11-15 13:47:00.829] [warning] Couldn't find file 'ulna_rv.vtp'.
[2022-11-15 13:47:00.829] [warning] Couldn't find file 'radius_rv.vtp'.
[2022-11-15 13:47:00.829] [warning] Couldn't find file 'pisiform_rvs.vtp'.
[2022-11-15 13:47:00.829] [warning] Couldn't find file 'lunate_rvs.vtp'.
[2022-11-15 13:47:00.829] [warning] Couldn't find file 'scaphoid_rvs.vtp'.
[2022-11-15 13:47:00.829] [warning] Couldn't find file 'triquetrum_rvs.vtp'.
[2022-11-15 13:47:00.830] [warning] Couldn't find file 'hamate_rvs.vtp'.
[2022-11-15 13:47:00.830] [warning] Couldn't find file 'capitate_rvs.vtp'.
[2022-11-15 13:47:00.830] [warning] Couldn't find file 'trapezoid_rvs.vtp'.
[2022-11-15 13:47:00.830] [warning] Couldn't find file 'trapezium_rvs.vtp'.
[2022-11-15 13:47:00.830] [warning] Couldn't find file 'metacarpal2_rvs.vtp'.
[2022-11-15 13:47:00.830] [warning] Couldn't find file 'index_proximal_rvs.vtp'.
[2022-11-15 13:47:00.830] [warning] Couldn't find file 'index_medial_rvs.vtp'.
[2022-11-15 13:47:00.830] [warning] Couldn't find file 'index_distal_rvs.vtp'.
[2022-11-15 13:47:00.830] [warning] Couldn't find file 'metacarpal3_rvs.vtp'.
[2022-11-15 13:47:00.830] [warning] Couldn't find file 'middle_proximal_rvs.vtp'.
[2022-11-15 13:47:00.830] [warning] Couldn't find file 'middle_medial_rvs.vtp'.
[2022-11-15 13:47:00.830] [warning] Couldn't find file 'middle_distal_rvs.vtp'.
[2022-11-15 13:47:00.830] [warning] Couldn't find file 'metacarpal4_rvs.vtp'.
[2022-11-15 13:47:00.830] [warning] Couldn't find file 'ring_proximal_rvs.vtp'.
[2022-11-15 13:47:00.830] [warning] Couldn't find file 'ring_medial_rvs.vtp'.
[2022-11-15 13:47:00.830] [warning] Couldn't find file 'ring_distal_rvs.vtp'.
[2022-11-15 13:47:00.830] [warning] Couldn't find file 'metacarpal5_rvs.vtp'.
[2022-11-15 13:47:00.830] [warning] Couldn't find file 'little_proximal_rvs.vtp'.
[2022-11-15 13:47:00.830] [warning] Couldn't find file 'little_medial_rvs.vtp'.
[2022-11-15 13:47:00.831] [warning] Couldn't find file 'little_distal_rvs.vtp'.
[2022-11-15 13:47:00.831] [warning] Couldn't find file 'metacarpal1_rvs.vtp'.
[2022-11-15 13:47:00.831] [warning] Couldn't find file 'thumb_proximal_rvs.vtp'.
[2022-11-15 13:47:00.831] [warning] Couldn't find file 'thumb_distal_rvs.vtp'.
[2022-11-15 13:47:00.831] [warning] Couldn't find file 'humerus_lv.vtp'.
[2022-11-15 13:47:00.831] [warning] Couldn't find file 'ulna_lv.vtp'.
[2022-11-15 13:47:00.831] [warning] Couldn't find file 'radius_lv.vtp'.
[2022-11-15 13:47:00.831] [warning] Couldn't find file 'pisiform_lvs.vtp'.
[2022-11-15 13:47:00.831] [warning] Couldn't find file 'lunate_lvs.vtp'.
[2022-11-15 13:47:00.831] [warning] Couldn't find file 'scaphoid_lvs.vtp'.
[2022-11-15 13:47:00.831] [warning] Couldn't find file 'triquetrum_lvs.vtp'.
[2022-11-15 13:47:00.831] [warning] Couldn't find file 'hamate_lvs.vtp'.
[2022-11-15 13:47:00.831] [warning] Couldn't find file 'capitate_lvs.vtp'.
[2022-11-15 13:47:00.831] [warning] Couldn't find file 'trapezoid_lvs.vtp'.
[2022-11-15 13:47:00.831] [warning] Couldn't find file 'trapezium_lvs.vtp'.
[2022-11-15 13:47:00.831] [warning] Couldn't find file 'metacarpal2_lvs.vtp'.
[2022-11-15 13:47:00.831] [warning] Couldn't find file 'index_proximal_lvs.vtp'.
[2022-11-15 13:47:00.832] [warning] Couldn't find file 'index_medial_lvs.vtp'.
[2022-11-15 13:47:00.832] [warning] Couldn't find file 'index_distal_lvs.vtp'.
[2022-11-15 13:47:00.832] [warning] Couldn't find file 'metacarpal3_lvs.vtp'.
[2022-11-15 13:47:00.832] [warning] Couldn't find file 'middle_proximal_lvs.vtp'.
[2022-11-15 13:47:00.832] [warning] Couldn't find file 'middle_medial_lvs.vtp'.
[2022-11-15 13:47:00.832] [warning] Couldn't find file 'middle_distal_lvs.vtp'.
[2022-11-15 13:47:00.832] [warning] Couldn't find file 'metacarpal4_lvs.vtp'.
[2022-11-15 13:47:00.832] [warning] Couldn't find file 'ring_proximal_lvs.vtp'.
[2022-11-15 13:47:00.832] [warning] Couldn't find file 'ring_medial_lvs.vtp'.
[2022-11-15 13:47:00.832] [warning] Couldn't find file 'ring_distal_lvs.vtp'.
[2022-11-15 13:47:00.832] [warning] Couldn't find file 'metacarpal5_lvs.vtp'.
[2022-11-15 13:47:00.832] [warning] Couldn't find file 'little_proximal_lvs.vtp'.
[2022-11-15 13:47:00.832] [warning] Couldn't find file 'little_medial_lvs.vtp'.
[2022-11-15 13:47:00.832] [warning] Couldn't find file 'little_distal_lvs.vtp'.
[2022-11-15 13:47:00.832] [warning] Couldn't find file 'metacarpal1_lvs.vtp'.
[2022-11-15 13:47:00.832] [warning] Couldn't find file 'thumb_proximal_lvs.vtp'.
[2022-11-15 13:47:00.832] [warning] Couldn't find file 'thumb_distal_lvs.vtp'.
[2022-11-15 13:47:00.914] [info] Loaded model Fal_s1_mtp_sc_MTc5_cspx10_oy1_AdaptedForPredSim from file C:\GBW_MyPrograms\PredSim_test\Subjects\Fal_s1_base/Fal_s1_k60_d20_sF8_dF8_vF5_tV20.osim
[2022-11-15 13:47:00.915] [warning] Couldn't find file 'sacrum.vtp'.
[2022-11-15 13:47:00.915] [warning] Couldn't find file 'pelvis.vtp'.
[2022-11-15 13:47:00.915] [warning] Couldn't find file 'l_pelvis.vtp'.
[2022-11-15 13:47:00.915] [warning] Couldn't find file 'femur_r.vtp'.
[2022-11-15 13:47:00.915] [warning] Couldn't find file 'tibia_r.vtp'.
[2022-11-15 13:47:00.915] [warning] Couldn't find file 'fibula_r.vtp'.
[2022-11-15 13:47:00.915] [warning] Couldn't find file 'talus_rv.vtp'.
[2022-11-15 13:47:00.915] [warning] Couldn't find file 'calcaneous_rv.vtp'.
[2022-11-15 13:47:00.915] [warning] Couldn't find file 'model_r_midfoot.stl'.
[2022-11-15 13:47:00.916] [warning] Couldn't find file 'model_r_forefoot.stl'.
[2022-11-15 13:47:00.916] [warning] Couldn't find file 'model_r_toes.stl'.
[2022-11-15 13:47:00.916] [warning] Couldn't find file 'femur_l.vtp'.
[2022-11-15 13:47:00.916] [warning] Couldn't find file 'tibia_l.vtp'.
[2022-11-15 13:47:00.916] [warning] Couldn't find file 'fibula_l.vtp'.
[2022-11-15 13:47:00.916] [warning] Couldn't find file 'talus_lv.vtp'.
[2022-11-15 13:47:00.916] [warning] Couldn't find file 'calcaneous_lv.vtp'.
[2022-11-15 13:47:00.916] [warning] Couldn't find file 'model_l_midfoot.stl'.
[2022-11-15 13:47:00.916] [warning] Couldn't find file 'model_l_forefoot.stl'.
[2022-11-15 13:47:00.916] [warning] Couldn't find file 'model_l_toes.stl'.
[2022-11-15 13:47:00.916] [warning] Couldn't find file 'hat_spine.vtp'.
[2022-11-15 13:47:00.916] [warning] Couldn't find file 'hat_jaw.vtp'.
[2022-11-15 13:47:00.916] [warning] Couldn't find file 'hat_skull.vtp'.
[2022-11-15 13:47:00.916] [warning] Couldn't find file 'hat_ribs_scap.vtp'.
[2022-11-15 13:47:00.916] [warning] Couldn't find file 'humerus_rv.vtp'.
[2022-11-15 13:47:00.916] [warning] Couldn't find file 'ulna_rv.vtp'.
[2022-11-15 13:47:00.917] [warning] Couldn't find file 'radius_rv.vtp'.
[2022-11-15 13:47:00.917] [warning] Couldn't find file 'pisiform_rvs.vtp'.
[2022-11-15 13:47:00.917] [warning] Couldn't find file 'lunate_rvs.vtp'.
[2022-11-15 13:47:00.917] [warning] Couldn't find file 'scaphoid_rvs.vtp'.
[2022-11-15 13:47:00.917] [warning] Couldn't find file 'triquetrum_rvs.vtp'.
[2022-11-15 13:47:00.917] [warning] Couldn't find file 'hamate_rvs.vtp'.
[2022-11-15 13:47:00.917] [warning] Couldn't find file 'capitate_rvs.vtp'.
[2022-11-15 13:47:00.917] [warning] Couldn't find file 'trapezoid_rvs.vtp'.
[2022-11-15 13:47:00.917] [warning] Couldn't find file 'trapezium_rvs.vtp'.
[2022-11-15 13:47:00.917] [warning] Couldn't find file 'metacarpal2_rvs.vtp'.
[2022-11-15 13:47:00.917] [warning] Couldn't find file 'index_proximal_rvs.vtp'.
[2022-11-15 13:47:00.917] [warning] Couldn't find file 'index_medial_rvs.vtp'.
[2022-11-15 13:47:00.917] [warning] Couldn't find file 'index_distal_rvs.vtp'.
[2022-11-15 13:47:00.917] [warning] Couldn't find file 'metacarpal3_rvs.vtp'.
[2022-11-15 13:47:00.917] [warning] Couldn't find file 'middle_proximal_rvs.vtp'.
[2022-11-15 13:47:00.917] [warning] Couldn't find file 'middle_medial_rvs.vtp'.
[2022-11-15 13:47:00.917] [warning] Couldn't find file 'middle_distal_rvs.vtp'.
[2022-11-15 13:47:00.917] [warning] Couldn't find file 'metacarpal4_rvs.vtp'.
[2022-11-15 13:47:00.917] [warning] Couldn't find file 'ring_proximal_rvs.vtp'.
[2022-11-15 13:47:00.918] [warning] Couldn't find file 'ring_medial_rvs.vtp'.
[2022-11-15 13:47:00.918] [warning] Couldn't find file 'ring_distal_rvs.vtp'.
[2022-11-15 13:47:00.918] [warning] Couldn't find file 'metacarpal5_rvs.vtp'.
[2022-11-15 13:47:00.918] [warning] Couldn't find file 'little_proximal_rvs.vtp'.
[2022-11-15 13:47:00.918] [warning] Couldn't find file 'little_medial_rvs.vtp'.
[2022-11-15 13:47:00.918] [warning] Couldn't find file 'little_distal_rvs.vtp'.
[2022-11-15 13:47:00.918] [warning] Couldn't find file 'metacarpal1_rvs.vtp'.
[2022-11-15 13:47:00.918] [warning] Couldn't find file 'thumb_proximal_rvs.vtp'.
[2022-11-15 13:47:00.918] [warning] Couldn't find file 'thumb_distal_rvs.vtp'.
[2022-11-15 13:47:00.918] [warning] Couldn't find file 'humerus_lv.vtp'.
[2022-11-15 13:47:00.918] [warning] Couldn't find file 'ulna_lv.vtp'.
[2022-11-15 13:47:00.918] [warning] Couldn't find file 'radius_lv.vtp'.
[2022-11-15 13:47:00.918] [warning] Couldn't find file 'pisiform_lvs.vtp'.
[2022-11-15 13:47:00.918] [warning] Couldn't find file 'lunate_lvs.vtp'.
[2022-11-15 13:47:00.918] [warning] Couldn't find file 'scaphoid_lvs.vtp'.
[2022-11-15 13:47:00.918] [warning] Couldn't find file 'triquetrum_lvs.vtp'.
[2022-11-15 13:47:00.918] [warning] Couldn't find file 'hamate_lvs.vtp'.
[2022-11-15 13:47:00.918] [warning] Couldn't find file 'capitate_lvs.vtp'.
[2022-11-15 13:47:00.919] [warning] Couldn't find file 'trapezoid_lvs.vtp'.
[2022-11-15 13:47:00.919] [warning] Couldn't find file 'trapezium_lvs.vtp'.
[2022-11-15 13:47:00.919] [warning] Couldn't find file 'metacarpal2_lvs.vtp'.
[2022-11-15 13:47:00.919] [warning] Couldn't find file 'index_proximal_lvs.vtp'.
[2022-11-15 13:47:00.919] [warning] Couldn't find file 'index_medial_lvs.vtp'.
[2022-11-15 13:47:00.919] [warning] Couldn't find file 'index_distal_lvs.vtp'.
[2022-11-15 13:47:00.919] [warning] Couldn't find file 'metacarpal3_lvs.vtp'.
[2022-11-15 13:47:00.919] [warning] Couldn't find file 'middle_proximal_lvs.vtp'.
[2022-11-15 13:47:00.919] [warning] Couldn't find file 'middle_medial_lvs.vtp'.
[2022-11-15 13:47:00.919] [warning] Couldn't find file 'middle_distal_lvs.vtp'.
[2022-11-15 13:47:00.919] [warning] Couldn't find file 'metacarpal4_lvs.vtp'.
[2022-11-15 13:47:00.919] [warning] Couldn't find file 'ring_proximal_lvs.vtp'.
[2022-11-15 13:47:00.919] [warning] Couldn't find file 'ring_medial_lvs.vtp'.
[2022-11-15 13:47:00.919] [warning] Couldn't find file 'ring_distal_lvs.vtp'.
[2022-11-15 13:47:00.919] [warning] Couldn't find file 'metacarpal5_lvs.vtp'.
[2022-11-15 13:47:00.919] [warning] Couldn't find file 'little_proximal_lvs.vtp'.
[2022-11-15 13:47:00.919] [warning] Couldn't find file 'little_medial_lvs.vtp'.
[2022-11-15 13:47:00.919] [warning] Couldn't find file 'little_distal_lvs.vtp'.
[2022-11-15 13:47:00.920] [warning] Couldn't find file 'metacarpal1_lvs.vtp'.
[2022-11-15 13:47:00.920] [warning] Couldn't find file 'thumb_proximal_lvs.vtp'.
[2022-11-15 13:47:00.920] [warning] Couldn't find file 'thumb_distal_lvs.vtp'.
[2022-11-15 15:21:27.122] [info] Loaded model Fal_s1_mtp_sc_MTc5_cspx10_oy1_AdaptedForPredSim from file C:\GBW_MyPrograms\PredSim_test\Subjects\Fal_s1_base/Fal_s1_k1_d20_sF8_dF8_vF5_tV20.osim
[2022-11-15 15:21:27.123] [warning] Couldn't find file 'sacrum.vtp'.
[2022-11-15 15:21:27.123] [warning] Couldn't find file 'pelvis.vtp'.
[2022-11-15 15:21:27.123] [warning] Couldn't find file 'l_pelvis.vtp'.
[2022-11-15 15:21:27.123] [warning] Couldn't find file 'femur_r.vtp'.
[2022-11-15 15:21:27.123] [warning] Couldn't find file 'tibia_r.vtp'.
[2022-11-15 15:21:27.123] [warning] Couldn't find file 'fibula_r.vtp'.
[2022-11-15 15:21:27.123] [warning] Couldn't find file 'talus_rv.vtp'.
[2022-11-15 15:21:27.123] [warning] Couldn't find file 'calcaneous_rv.vtp'.
[2022-11-15 15:21:27.123] [warning] Couldn't find file 'model_r_midfoot.stl'.
[2022-11-15 15:21:27.123] [warning] Couldn't find file 'model_r_forefoot.stl'.
[2022-11-15 15:21:27.123] [warning] Couldn't find file 'model_r_toes.stl'.
[2022-11-15 15:21:27.124] [warning] Couldn't find file 'femur_l.vtp'.
[2022-11-15 15:21:27.124] [warning] Couldn't find file 'tibia_l.vtp'.
[2022-11-15 15:21:27.124] [warning] Couldn't find file 'fibula_l.vtp'.
[2022-11-15 15:21:27.124] [warning] Couldn't find file 'talus_lv.vtp'.
[2022-11-15 15:21:27.124] [warning] Couldn't find file 'calcaneous_lv.vtp'.
[2022-11-15 15:21:27.124] [warning] Couldn't find file 'model_l_midfoot.stl'.
[2022-11-15 15:21:27.124] [warning] Couldn't find file 'model_l_forefoot.stl'.
[2022-11-15 15:21:27.124] [warning] Couldn't find file 'model_l_toes.stl'.
[2022-11-15 15:21:27.124] [warning] Couldn't find file 'hat_spine.vtp'.
[2022-11-15 15:21:27.124] [warning] Couldn't find file 'hat_jaw.vtp'.
[2022-11-15 15:21:27.124] [warning] Couldn't find file 'hat_skull.vtp'.
[2022-11-15 15:21:27.124] [warning] Couldn't find file 'hat_ribs_scap.vtp'.
[2022-11-15 15:21:27.124] [warning] Couldn't find file 'humerus_rv.vtp'.
[2022-11-15 15:21:27.124] [warning] Couldn't find file 'ulna_rv.vtp'.
[2022-11-15 15:21:27.125] [warning] Couldn't find file 'radius_rv.vtp'.
[2022-11-15 15:21:27.125] [warning] Couldn't find file 'pisiform_rvs.vtp'.
[2022-11-15 15:21:27.125] [warning] Couldn't find file 'lunate_rvs.vtp'.
[2022-11-15 15:21:27.125] [warning] Couldn't find file 'scaphoid_rvs.vtp'.
[2022-11-15 15:21:27.125] [warning] Couldn't find file 'triquetrum_rvs.vtp'.
[2022-11-15 15:21:27.125] [warning] Couldn't find file 'hamate_rvs.vtp'.
[2022-11-15 15:21:27.125] [warning] Couldn't find file 'capitate_rvs.vtp'.
[2022-11-15 15:21:27.125] [warning] Couldn't find file 'trapezoid_rvs.vtp'.
[2022-11-15 15:21:27.125] [warning] Couldn't find file 'trapezium_rvs.vtp'.
[2022-11-15 15:21:27.125] [warning] Couldn't find file 'metacarpal2_rvs.vtp'.
[2022-11-15 15:21:27.125] [warning] Couldn't find file 'index_proximal_rvs.vtp'.
[2022-11-15 15:21:27.125] [warning] Couldn't find file 'index_medial_rvs.vtp'.
[2022-11-15 15:21:27.125] [warning] Couldn't find file 'index_distal_rvs.vtp'.
[2022-11-15 15:21:27.125] [warning] Couldn't find file 'metacarpal3_rvs.vtp'.
[2022-11-15 15:21:27.125] [warning] Couldn't find file 'middle_proximal_rvs.vtp'.
[2022-11-15 15:21:27.125] [warning] Couldn't find file 'middle_medial_rvs.vtp'.
[2022-11-15 15:21:27.125] [warning] Couldn't find file 'middle_distal_rvs.vtp'.
[2022-11-15 15:21:27.126] [warning] Couldn't find file 'metacarpal4_rvs.vtp'.
[2022-11-15 15:21:27.126] [warning] Couldn't find file 'ring_proximal_rvs.vtp'.
[2022-11-15 15:21:27.126] [warning] Couldn't find file 'ring_medial_rvs.vtp'.
[2022-11-15 15:21:27.126] [warning] Couldn't find file 'ring_distal_rvs.vtp'.
[2022-11-15 15:21:27.126] [warning] Couldn't find file 'metacarpal5_rvs.vtp'.
[2022-11-15 15:21:27.126] [warning] Couldn't find file 'little_proximal_rvs.vtp'.
[2022-11-15 15:21:27.126] [warning] Couldn't find file 'little_medial_rvs.vtp'.
[2022-11-15 15:21:27.126] [warning] Couldn't find file 'little_distal_rvs.vtp'.
[2022-11-15 15:21:27.126] [warning] Couldn't find file 'metacarpal1_rvs.vtp'.
[2022-11-15 15:21:27.126] [warning] Couldn't find file 'thumb_proximal_rvs.vtp'.
[2022-11-15 15:21:27.126] [warning] Couldn't find file 'thumb_distal_rvs.vtp'.
[2022-11-15 15:21:27.126] [warning] Couldn't find file 'humerus_lv.vtp'.
[2022-11-15 15:21:27.126] [warning] Couldn't find file 'ulna_lv.vtp'.
[2022-11-15 15:21:27.126] [warning] Couldn't find file 'radius_lv.vtp'.
[2022-11-15 15:21:27.126] [warning] Couldn't find file 'pisiform_lvs.vtp'.
[2022-11-15 15:21:27.126] [warning] Couldn't find file 'lunate_lvs.vtp'.
[2022-11-15 15:21:27.126] [warning] Couldn't find file 'scaphoid_lvs.vtp'.
[2022-11-15 15:21:27.127] [warning] Couldn't find file 'triquetrum_lvs.vtp'.
[2022-11-15 15:21:27.127] [warning] Couldn't find file 'hamate_lvs.vtp'.
[2022-11-15 15:21:27.127] [warning] Couldn't find file 'capitate_lvs.vtp'.
[2022-11-15 15:21:27.127] [warning] Couldn't find file 'trapezoid_lvs.vtp'.
[2022-11-15 15:21:27.127] [warning] Couldn't find file 'trapezium_lvs.vtp'.
[2022-11-15 15:21:27.127] [warning] Couldn't find file 'metacarpal2_lvs.vtp'.
[2022-11-15 15:21:27.127] [warning] Couldn't find file 'index_proximal_lvs.vtp'.
[2022-11-15 15:21:27.127] [warning] Couldn't find file 'index_medial_lvs.vtp'.
[2022-11-15 15:21:27.127] [warning] Couldn't find file 'index_distal_lvs.vtp'.
[2022-11-15 15:21:27.127] [warning] Couldn't find file 'metacarpal3_lvs.vtp'.
[2022-11-15 15:21:27.127] [warning] Couldn't find file 'middle_proximal_lvs.vtp'.
[2022-11-15 15:21:27.127] [warning] Couldn't find file 'middle_medial_lvs.vtp'.
[2022-11-15 15:21:27.127] [warning] Couldn't find file 'middle_distal_lvs.vtp'.
[2022-11-15 15:21:27.127] [warning] Couldn't find file 'metacarpal4_lvs.vtp'.
[2022-11-15 15:21:27.127] [warning] Couldn't find file 'ring_proximal_lvs.vtp'.
[2022-11-15 15:21:27.127] [warning] Couldn't find file 'ring_medial_lvs.vtp'.
[2022-11-15 15:21:27.127] [warning] Couldn't find file 'ring_distal_lvs.vtp'.
[2022-11-15 15:21:27.127] [warning] Couldn't find file 'metacarpal5_lvs.vtp'.
[2022-11-15 15:21:27.128] [warning] Couldn't find file 'little_proximal_lvs.vtp'.
[2022-11-15 15:21:27.128] [warning] Couldn't find file 'little_medial_lvs.vtp'.
[2022-11-15 15:21:27.128] [warning] Couldn't find file 'little_distal_lvs.vtp'.
[2022-11-15 15:21:27.128] [warning] Couldn't find file 'metacarpal1_lvs.vtp'.
[2022-11-15 15:21:27.128] [warning] Couldn't find file 'thumb_proximal_lvs.vtp'.
[2022-11-15 15:21:27.128] [warning] Couldn't find file 'thumb_distal_lvs.vtp'.
[2022-11-15 15:21:29.173] [info] Loaded model Fal_s1_mtp_sc_MTc5_cspx10_oy1_AdaptedForPredSim from file C:\GBW_MyPrograms\PredSim_test\Subjects\Fal_s1_base/Fal_s1_k2_d20_sF8_dF8_vF5_tV20.osim
[2022-11-15 15:21:29.174] [warning] Couldn't find file 'sacrum.vtp'.
[2022-11-15 15:21:29.174] [warning] Couldn't find file 'pelvis.vtp'.
[2022-11-15 15:21:29.174] [warning] Couldn't find file 'l_pelvis.vtp'.
[2022-11-15 15:21:29.174] [warning] Couldn't find file 'femur_r.vtp'.
[2022-11-15 15:21:29.174] [warning] Couldn't find file 'tibia_r.vtp'.
[2022-11-15 15:21:29.174] [warning] Couldn't find file 'fibula_r.vtp'.
[2022-11-15 15:21:29.174] [warning] Couldn't find file 'talus_rv.vtp'.
[2022-11-15 15:21:29.174] [warning] Couldn't find file 'calcaneous_rv.vtp'.
[2022-11-15 15:21:29.174] [warning] Couldn't find file 'model_r_midfoot.stl'.
[2022-11-15 15:21:29.174] [warning] Couldn't find file 'model_r_forefoot.stl'.
[2022-11-15 15:21:29.174] [warning] Couldn't find file 'model_r_toes.stl'.
[2022-11-15 15:21:29.174] [warning] Couldn't find file 'femur_l.vtp'.
[2022-11-15 15:21:29.174] [warning] Couldn't find file 'tibia_l.vtp'.
[2022-11-15 15:21:29.174] [warning] Couldn't find file 'fibula_l.vtp'.
[2022-11-15 15:21:29.174] [warning] Couldn't find file 'talus_lv.vtp'.
[2022-11-15 15:21:29.175] [warning] Couldn't find file 'calcaneous_lv.vtp'.
[2022-11-15 15:21:29.175] [warning] Couldn't find file 'model_l_midfoot.stl'.
[2022-11-15 15:21:29.175] [warning] Couldn't find file 'model_l_forefoot.stl'.
[2022-11-15 15:21:29.175] [warning] Couldn't find file 'model_l_toes.stl'.
[2022-11-15 15:21:29.175] [warning] Couldn't find file 'hat_spine.vtp'.
[2022-11-15 15:21:29.175] [warning] Couldn't find file 'hat_jaw.vtp'.
[2022-11-15 15:21:29.175] [warning] Couldn't find file 'hat_skull.vtp'.
[2022-11-15 15:21:29.175] [warning] Couldn't find file 'hat_ribs_scap.vtp'.
[2022-11-15 15:21:29.175] [warning] Couldn't find file 'humerus_rv.vtp'.
[2022-11-15 15:21:29.175] [warning] Couldn't find file 'ulna_rv.vtp'.
[2022-11-15 15:21:29.175] [warning] Couldn't find file 'radius_rv.vtp'.
[2022-11-15 15:21:29.175] [warning] Couldn't find file 'pisiform_rvs.vtp'.
[2022-11-15 15:21:29.175] [warning] Couldn't find file 'lunate_rvs.vtp'.
[2022-11-15 15:21:29.175] [warning] Couldn't find file 'scaphoid_rvs.vtp'.
[2022-11-15 15:21:29.175] [warning] Couldn't find file 'triquetrum_rvs.vtp'.
[2022-11-15 15:21:29.175] [warning] Couldn't find file 'hamate_rvs.vtp'.
[2022-11-15 15:21:29.175] [warning] Couldn't find file 'capitate_rvs.vtp'.
[2022-11-15 15:21:29.176] [warning] Couldn't find file 'trapezoid_rvs.vtp'.
[2022-11-15 15:21:29.176] [warning] Couldn't find file 'trapezium_rvs.vtp'.
[2022-11-15 15:21:29.176] [warning] Couldn't find file 'metacarpal2_rvs.vtp'.
[2022-11-15 15:21:29.176] [warning] Couldn't find file 'index_proximal_rvs.vtp'.
[2022-11-15 15:21:29.176] [warning] Couldn't find file 'index_medial_rvs.vtp'.
[2022-11-15 15:21:29.176] [warning] Couldn't find file 'index_distal_rvs.vtp'.
[2022-11-15 15:21:29.176] [warning] Couldn't find file 'metacarpal3_rvs.vtp'.
[2022-11-15 15:21:29.176] [warning] Couldn't find file 'middle_proximal_rvs.vtp'.
[2022-11-15 15:21:29.176] [warning] Couldn't find file 'middle_medial_rvs.vtp'.
[2022-11-15 15:21:29.176] [warning] Couldn't find file 'middle_distal_rvs.vtp'.
[2022-11-15 15:21:29.176] [warning] Couldn't find file 'metacarpal4_rvs.vtp'.
[2022-11-15 15:21:29.176] [warning] Couldn't find file 'ring_proximal_rvs.vtp'.
[2022-11-15 15:21:29.176] [warning] Couldn't find file 'ring_medial_rvs.vtp'.
[2022-11-15 15:21:29.176] [warning] Couldn't find file 'ring_distal_rvs.vtp'.
[2022-11-15 15:21:29.176] [warning] Couldn't find file 'metacarpal5_rvs.vtp'.
[2022-11-15 15:21:29.176] [warning] Couldn't find file 'little_proximal_rvs.vtp'.
[2022-11-15 15:21:29.176] [warning] Couldn't find file 'little_medial_rvs.vtp'.
[2022-11-15 15:21:29.176] [warning] Couldn't find file 'little_distal_rvs.vtp'.
[2022-11-15 15:21:29.177] [warning] Couldn't find file 'metacarpal1_rvs.vtp'.
[2022-11-15 15:21:29.177] [warning] Couldn't find file 'thumb_proximal_rvs.vtp'.
[2022-11-15 15:21:29.177] [warning] Couldn't find file 'thumb_distal_rvs.vtp'.
[2022-11-15 15:21:29.177] [warning] Couldn't find file 'humerus_lv.vtp'.
[2022-11-15 15:21:29.177] [warning] Couldn't find file 'ulna_lv.vtp'.
[2022-11-15 15:21:29.177] [warning] Couldn't find file 'radius_lv.vtp'.
[2022-11-15 15:21:29.177] [warning] Couldn't find file 'pisiform_lvs.vtp'.
[2022-11-15 15:21:29.177] [warning] Couldn't find file 'lunate_lvs.vtp'.
[2022-11-15 15:21:29.177] [warning] Couldn't find file 'scaphoid_lvs.vtp'.
[2022-11-15 15:21:29.177] [warning] Couldn't find file 'triquetrum_lvs.vtp'.
[2022-11-15 15:21:29.177] [warning] Couldn't find file 'hamate_lvs.vtp'.
[2022-11-15 15:21:29.177] [warning] Couldn't find file 'capitate_lvs.vtp'.
[2022-11-15 15:21:29.177] [warning] Couldn't find file 'trapezoid_lvs.vtp'.
[2022-11-15 15:21:29.177] [warning] Couldn't find file 'trapezium_lvs.vtp'.
[2022-11-15 15:21:29.177] [warning] Couldn't find file 'metacarpal2_lvs.vtp'.
[2022-11-15 15:21:29.177] [warning] Couldn't find file 'index_proximal_lvs.vtp'.
[2022-11-15 15:21:29.177] [warning] Couldn't find file 'index_medial_lvs.vtp'.
[2022-11-15 15:21:29.177] [warning] Couldn't find file 'index_distal_lvs.vtp'.
[2022-11-15 15:21:29.178] [warning] Couldn't find file 'metacarpal3_lvs.vtp'.
[2022-11-15 15:21:29.178] [warning] Couldn't find file 'middle_proximal_lvs.vtp'.
[2022-11-15 15:21:29.178] [warning] Couldn't find file 'middle_medial_lvs.vtp'.
[2022-11-15 15:21:29.178] [warning] Couldn't find file 'middle_distal_lvs.vtp'.
[2022-11-15 15:21:29.178] [warning] Couldn't find file 'metacarpal4_lvs.vtp'.
[2022-11-15 15:21:29.178] [warning] Couldn't find file 'ring_proximal_lvs.vtp'.
[2022-11-15 15:21:29.178] [warning] Couldn't find file 'ring_medial_lvs.vtp'.
[2022-11-15 15:21:29.178] [warning] Couldn't find file 'ring_distal_lvs.vtp'.
[2022-11-15 15:21:29.178] [warning] Couldn't find file 'metacarpal5_lvs.vtp'.
[2022-11-15 15:21:29.178] [warning] Couldn't find file 'little_proximal_lvs.vtp'.
[2022-11-15 15:21:29.178] [warning] Couldn't find file 'little_medial_lvs.vtp'.
[2022-11-15 15:21:29.178] [warning] Couldn't find file 'little_distal_lvs.vtp'.
[2022-11-15 15:21:29.178] [warning] Couldn't find file 'metacarpal1_lvs.vtp'.
[2022-11-15 15:21:29.178] [warning] Couldn't find file 'thumb_proximal_lvs.vtp'.
[2022-11-15 15:21:29.178] [warning] Couldn't find file 'thumb_distal_lvs.vtp'.
[2022-11-15 15:21:31.102] [info] Loaded model Fal_s1_mtp_sc_MTc5_cspx10_oy1_AdaptedForPredSim from file C:\GBW_MyPrograms\PredSim_test\Subjects\Fal_s1_base/Fal_s1_k5_d20_sF8_dF8_vF5_tV20.osim
[2022-11-15 15:21:31.102] [warning] Couldn't find file 'sacrum.vtp'.
[2022-11-15 15:21:31.102] [warning] Couldn't find file 'pelvis.vtp'.
[2022-11-15 15:21:31.102] [warning] Couldn't find file 'l_pelvis.vtp'.
[2022-11-15 15:21:31.102] [warning] Couldn't find file 'femur_r.vtp'.
[2022-11-15 15:21:31.102] [warning] Couldn't find file 'tibia_r.vtp'.
[2022-11-15 15:21:31.103] [warning] Couldn't find file 'fibula_r.vtp'.
[2022-11-15 15:21:31.103] [warning] Couldn't find file 'talus_rv.vtp'.
[2022-11-15 15:21:31.103] [warning] Couldn't find file 'calcaneous_rv.vtp'.
[2022-11-15 15:21:31.103] [warning] Couldn't find file 'model_r_midfoot.stl'.
[2022-11-15 15:21:31.103] [warning] Couldn't find file 'model_r_forefoot.stl'.
[2022-11-15 15:21:31.103] [warning] Couldn't find file 'model_r_toes.stl'.
[2022-11-15 15:21:31.103] [warning] Couldn't find file 'femur_l.vtp'.
[2022-11-15 15:21:31.103] [warning] Couldn't find file 'tibia_l.vtp'.
[2022-11-15 15:21:31.103] [warning] Couldn't find file 'fibula_l.vtp'.
[2022-11-15 15:21:31.103] [warning] Couldn't find file 'talus_lv.vtp'.
[2022-11-15 15:21:31.103] [warning] Couldn't find file 'calcaneous_lv.vtp'.
[2022-11-15 15:21:31.103] [warning] Couldn't find file 'model_l_midfoot.stl'.
[2022-11-15 15:21:31.103] [warning] Couldn't find file 'model_l_forefoot.stl'.
[2022-11-15 15:21:31.103] [warning] Couldn't find file 'model_l_toes.stl'.
[2022-11-15 15:21:31.103] [warning] Couldn't find file 'hat_spine.vtp'.
[2022-11-15 15:21:31.103] [warning] Couldn't find file 'hat_jaw.vtp'.
[2022-11-15 15:21:31.103] [warning] Couldn't find file 'hat_skull.vtp'.
[2022-11-15 15:21:31.104] [warning] Couldn't find file 'hat_ribs_scap.vtp'.
[2022-11-15 15:21:31.104] [warning] Couldn't find file 'humerus_rv.vtp'.
[2022-11-15 15:21:31.104] [warning] Couldn't find file 'ulna_rv.vtp'.
[2022-11-15 15:21:31.104] [warning] Couldn't find file 'radius_rv.vtp'.
[2022-11-15 15:21:31.104] [warning] Couldn't find file 'pisiform_rvs.vtp'.
[2022-11-15 15:21:31.104] [warning] Couldn't find file 'lunate_rvs.vtp'.
[2022-11-15 15:21:31.104] [warning] Couldn't find file 'scaphoid_rvs.vtp'.
[2022-11-15 15:21:31.104] [warning] Couldn't find file 'triquetrum_rvs.vtp'.
[2022-11-15 15:21:31.104] [warning] Couldn't find file 'hamate_rvs.vtp'.
[2022-11-15 15:21:31.104] [warning] Couldn't find file 'capitate_rvs.vtp'.
[2022-11-15 15:21:31.104] [warning] Couldn't find file 'trapezoid_rvs.vtp'.
[2022-11-15 15:21:31.104] [warning] Couldn't find file 'trapezium_rvs.vtp'.
[2022-11-15 15:21:31.104] [warning] Couldn't find file 'metacarpal2_rvs.vtp'.
[2022-11-15 15:21:31.104] [warning] Couldn't find file 'index_proximal_rvs.vtp'.
[2022-11-15 15:21:31.104] [warning] Couldn't find file 'index_medial_rvs.vtp'.
[2022-11-15 15:21:31.104] [warning] Couldn't find file 'index_distal_rvs.vtp'.
[2022-11-15 15:21:31.104] [warning] Couldn't find file 'metacarpal3_rvs.vtp'.
[2022-11-15 15:21:31.105] [warning] Couldn't find file 'middle_proximal_rvs.vtp'.
[2022-11-15 15:21:31.105] [warning] Couldn't find file 'middle_medial_rvs.vtp'.
[2022-11-15 15:21:31.105] [warning] Couldn't find file 'middle_distal_rvs.vtp'.
[2022-11-15 15:21:31.105] [warning] Couldn't find file 'metacarpal4_rvs.vtp'.
[2022-11-15 15:21:31.105] [warning] Couldn't find file 'ring_proximal_rvs.vtp'.
[2022-11-15 15:21:31.105] [warning] Couldn't find file 'ring_medial_rvs.vtp'.
[2022-11-15 15:21:31.105] [warning] Couldn't find file 'ring_distal_rvs.vtp'.
[2022-11-15 15:21:31.105] [warning] Couldn't find file 'metacarpal5_rvs.vtp'.
[2022-11-15 15:21:31.105] [warning] Couldn't find file 'little_proximal_rvs.vtp'.
[2022-11-15 15:21:31.105] [warning] Couldn't find file 'little_medial_rvs.vtp'.
[2022-11-15 15:21:31.105] [warning] Couldn't find file 'little_distal_rvs.vtp'.
[2022-11-15 15:21:31.105] [warning] Couldn't find file 'metacarpal1_rvs.vtp'.
[2022-11-15 15:21:31.105] [warning] Couldn't find file 'thumb_proximal_rvs.vtp'.
[2022-11-15 15:21:31.105] [warning] Couldn't find file 'thumb_distal_rvs.vtp'.
[2022-11-15 15:21:31.105] [warning] Couldn't find file 'humerus_lv.vtp'.
[2022-11-15 15:21:31.105] [warning] Couldn't find file 'ulna_lv.vtp'.
[2022-11-15 15:21:31.105] [warning] Couldn't find file 'radius_lv.vtp'.
[2022-11-15 15:21:31.105] [warning] Couldn't find file 'pisiform_lvs.vtp'.
[2022-11-15 15:21:31.106] [warning] Couldn't find file 'lunate_lvs.vtp'.
[2022-11-15 15:21:31.106] [warning] Couldn't find file 'scaphoid_lvs.vtp'.
[2022-11-15 15:21:31.106] [warning] Couldn't find file 'triquetrum_lvs.vtp'.
[2022-11-15 15:21:31.106] [warning] Couldn't find file 'hamate_lvs.vtp'.
[2022-11-15 15:21:31.106] [warning] Couldn't find file 'capitate_lvs.vtp'.
[2022-11-15 15:21:31.106] [warning] Couldn't find file 'trapezoid_lvs.vtp'.
[2022-11-15 15:21:31.106] [warning] Couldn't find file 'trapezium_lvs.vtp'.
[2022-11-15 15:21:31.106] [warning] Couldn't find file 'metacarpal2_lvs.vtp'.
[2022-11-15 15:21:31.106] [warning] Couldn't find file 'index_proximal_lvs.vtp'.
[2022-11-15 15:21:31.106] [warning] Couldn't find file 'index_medial_lvs.vtp'.
[2022-11-15 15:21:31.106] [warning] Couldn't find file 'index_distal_lvs.vtp'.
[2022-11-15 15:21:31.106] [warning] Couldn't find file 'metacarpal3_lvs.vtp'.
[2022-11-15 15:21:31.106] [warning] Couldn't find file 'middle_proximal_lvs.vtp'.
[2022-11-15 15:21:31.106] [warning] Couldn't find file 'middle_medial_lvs.vtp'.
[2022-11-15 15:21:31.106] [warning] Couldn't find file 'middle_distal_lvs.vtp'.
[2022-11-15 15:21:31.106] [warning] Couldn't find file 'metacarpal4_lvs.vtp'.
[2022-11-15 15:21:31.106] [warning] Couldn't find file 'ring_proximal_lvs.vtp'.
[2022-11-15 15:21:31.106] [warning] Couldn't find file 'ring_medial_lvs.vtp'.
[2022-11-15 15:21:31.106] [warning] Couldn't find file 'ring_distal_lvs.vtp'.
[2022-11-15 15:21:31.107] [warning] Couldn't find file 'metacarpal5_lvs.vtp'.
[2022-11-15 15:21:31.107] [warning] Couldn't find file 'little_proximal_lvs.vtp'.
[2022-11-15 15:21:31.107] [warning] Couldn't find file 'little_medial_lvs.vtp'.
[2022-11-15 15:21:31.107] [warning] Couldn't find file 'little_distal_lvs.vtp'.
[2022-11-15 15:21:31.107] [warning] Couldn't find file 'metacarpal1_lvs.vtp'.
[2022-11-15 15:21:31.107] [warning] Couldn't find file 'thumb_proximal_lvs.vtp'.
[2022-11-15 15:21:31.107] [warning] Couldn't find file 'thumb_distal_lvs.vtp'.
[2022-11-15 15:21:32.956] [info] Loaded model Fal_s1_mtp_sc_MTc5_cspx10_oy1_AdaptedForPredSim from file C:\GBW_MyPrograms\PredSim_test\Subjects\Fal_s1_base/Fal_s1_k60_d20_sF8_dF8_vF5_tV20.osim
[2022-11-15 15:21:32.956] [warning] Couldn't find file 'sacrum.vtp'.
[2022-11-15 15:21:32.956] [warning] Couldn't find file 'pelvis.vtp'.
[2022-11-15 15:21:32.957] [warning] Couldn't find file 'l_pelvis.vtp'.
[2022-11-15 15:21:32.957] [warning] Couldn't find file 'femur_r.vtp'.
[2022-11-15 15:21:32.957] [warning] Couldn't find file 'tibia_r.vtp'.
[2022-11-15 15:21:32.957] [warning] Couldn't find file 'fibula_r.vtp'.
[2022-11-15 15:21:32.957] [warning] Couldn't find file 'talus_rv.vtp'.
[2022-11-15 15:21:32.957] [warning] Couldn't find file 'calcaneous_rv.vtp'.
[2022-11-15 15:21:32.957] [warning] Couldn't find file 'model_r_midfoot.stl'.
[2022-11-15 15:21:32.957] [warning] Couldn't find file 'model_r_forefoot.stl'.
[2022-11-15 15:21:32.957] [warning] Couldn't find file 'model_r_toes.stl'.
[2022-11-15 15:21:32.957] [warning] Couldn't find file 'femur_l.vtp'.
[2022-11-15 15:21:32.957] [warning] Couldn't find file 'tibia_l.vtp'.
[2022-11-15 15:21:32.957] [warning] Couldn't find file 'fibula_l.vtp'.
[2022-11-15 15:21:32.957] [warning] Couldn't find file 'talus_lv.vtp'.
[2022-11-15 15:21:32.957] [warning] Couldn't find file 'calcaneous_lv.vtp'.
[2022-11-15 15:21:32.957] [warning] Couldn't find file 'model_l_midfoot.stl'.
[2022-11-15 15:21:32.957] [warning] Couldn't find file 'model_l_forefoot.stl'.
[2022-11-15 15:21:32.958] [warning] Couldn't find file 'model_l_toes.stl'.
[2022-11-15 15:21:32.958] [warning] Couldn't find file 'hat_spine.vtp'.
[2022-11-15 15:21:32.958] [warning] Couldn't find file 'hat_jaw.vtp'.
[2022-11-15 15:21:32.958] [warning] Couldn't find file 'hat_skull.vtp'.
[2022-11-15 15:21:32.958] [warning] Couldn't find file 'hat_ribs_scap.vtp'.
[2022-11-15 15:21:32.958] [warning] Couldn't find file 'humerus_rv.vtp'.
[2022-11-15 15:21:32.958] [warning] Couldn't find file 'ulna_rv.vtp'.
[2022-11-15 15:21:32.958] [warning] Couldn't find file 'radius_rv.vtp'.
[2022-11-15 15:21:32.958] [warning] Couldn't find file 'pisiform_rvs.vtp'.
[2022-11-15 15:21:32.958] [warning] Couldn't find file 'lunate_rvs.vtp'.
[2022-11-15 15:21:32.958] [warning] Couldn't find file 'scaphoid_rvs.vtp'.
[2022-11-15 15:21:32.958] [warning] Couldn't find file 'triquetrum_rvs.vtp'.
[2022-11-15 15:21:32.958] [warning] Couldn't find file 'hamate_rvs.vtp'.
[2022-11-15 15:21:32.958] [warning] Couldn't find file 'capitate_rvs.vtp'.
[2022-11-15 15:21:32.958] [warning] Couldn't find file 'trapezoid_rvs.vtp'.
[2022-11-15 15:21:32.958] [warning] Couldn't find file 'trapezium_rvs.vtp'.
[2022-11-15 15:21:32.958] [warning] Couldn't find file 'metacarpal2_rvs.vtp'.
[2022-11-15 15:21:32.958] [warning] Couldn't find file 'index_proximal_rvs.vtp'.
[2022-11-15 15:21:32.959] [warning] Couldn't find file 'index_medial_rvs.vtp'.
[2022-11-15 15:21:32.959] [warning] Couldn't find file 'index_distal_rvs.vtp'.
[2022-11-15 15:21:32.959] [warning] Couldn't find file 'metacarpal3_rvs.vtp'.
[2022-11-15 15:21:32.959] [warning] Couldn't find file 'middle_proximal_rvs.vtp'.
[2022-11-15 15:21:32.959] [warning] Couldn't find file 'middle_medial_rvs.vtp'.
[2022-11-15 15:21:32.959] [warning] Couldn't find file 'middle_distal_rvs.vtp'.
[2022-11-15 15:21:32.959] [warning] Couldn't find file 'metacarpal4_rvs.vtp'.
[2022-11-15 15:21:32.959] [warning] Couldn't find file 'ring_proximal_rvs.vtp'.
[2022-11-15 15:21:32.959] [warning] Couldn't find file 'ring_medial_rvs.vtp'.
[2022-11-15 15:21:32.959] [warning] Couldn't find file 'ring_distal_rvs.vtp'.
[2022-11-15 15:21:32.959] [warning] Couldn't find file 'metacarpal5_rvs.vtp'.
[2022-11-15 15:21:32.959] [warning] Couldn't find file 'little_proximal_rvs.vtp'.
[2022-11-15 15:21:32.959] [warning] Couldn't find file 'little_medial_rvs.vtp'.
[2022-11-15 15:21:32.959] [warning] Couldn't find file 'little_distal_rvs.vtp'.
[2022-11-15 15:21:32.959] [warning] Couldn't find file 'metacarpal1_rvs.vtp'.
[2022-11-15 15:21:32.959] [warning] Couldn't find file 'thumb_proximal_rvs.vtp'.
[2022-11-15 15:21:32.960] [warning] Couldn't find file 'thumb_distal_rvs.vtp'.
[2022-11-15 15:21:32.960] [warning] Couldn't find file 'humerus_lv.vtp'.
[2022-11-15 15:21:32.960] [warning] Couldn't find file 'ulna_lv.vtp'.
[2022-11-15 15:21:32.960] [warning] Couldn't find file 'radius_lv.vtp'.
[2022-11-15 15:21:32.960] [warning] Couldn't find file 'pisiform_lvs.vtp'.
[2022-11-15 15:21:32.960] [warning] Couldn't find file 'lunate_lvs.vtp'.
[2022-11-15 15:21:32.960] [warning] Couldn't find file 'scaphoid_lvs.vtp'.
[2022-11-15 15:21:32.960] [warning] Couldn't find file 'triquetrum_lvs.vtp'.
[2022-11-15 15:21:32.960] [warning] Couldn't find file 'hamate_lvs.vtp'.
[2022-11-15 15:21:32.960] [warning] Couldn't find file 'capitate_lvs.vtp'.
[2022-11-15 15:21:32.960] [warning] Couldn't find file 'trapezoid_lvs.vtp'.
[2022-11-15 15:21:32.960] [warning] Couldn't find file 'trapezium_lvs.vtp'.
[2022-11-15 15:21:32.960] [warning] Couldn't find file 'metacarpal2_lvs.vtp'.
[2022-11-15 15:21:32.960] [warning] Couldn't find file 'index_proximal_lvs.vtp'.
[2022-11-15 15:21:32.960] [warning] Couldn't find file 'index_medial_lvs.vtp'.
[2022-11-15 15:21:32.960] [warning] Couldn't find file 'index_distal_lvs.vtp'.
[2022-11-15 15:21:32.960] [warning] Couldn't find file 'metacarpal3_lvs.vtp'.
[2022-11-15 15:21:32.961] [warning] Couldn't find file 'middle_proximal_lvs.vtp'.
[2022-11-15 15:21:32.961] [warning] Couldn't find file 'middle_medial_lvs.vtp'.
[2022-11-15 15:21:32.961] [warning] Couldn't find file 'middle_distal_lvs.vtp'.
[2022-11-15 15:21:32.961] [warning] Couldn't find file 'metacarpal4_lvs.vtp'.
[2022-11-15 15:21:32.961] [warning] Couldn't find file 'ring_proximal_lvs.vtp'.
[2022-11-15 15:21:32.961] [warning] Couldn't find file 'ring_medial_lvs.vtp'.
[2022-11-15 15:21:32.961] [warning] Couldn't find file 'ring_distal_lvs.vtp'.
[2022-11-15 15:21:32.961] [warning] Couldn't find file 'metacarpal5_lvs.vtp'.
[2022-11-15 15:21:32.961] [warning] Couldn't find file 'little_proximal_lvs.vtp'.
[2022-11-15 15:21:32.961] [warning] Couldn't find file 'little_medial_lvs.vtp'.
[2022-11-15 15:21:32.961] [warning] Couldn't find file 'little_distal_lvs.vtp'.
[2022-11-15 15:21:32.961] [warning] Couldn't find file 'metacarpal1_lvs.vtp'.
[2022-11-15 15:21:32.961] [warning] Couldn't find file 'thumb_proximal_lvs.vtp'.
[2022-11-15 15:21:32.961] [warning] Couldn't find file 'thumb_distal_lvs.vtp'.
[2022-11-15 15:21:34.837] [info] Loaded model Fal_s1_mtp_sc_MTc5_cspx10_oy1_AdaptedForPredSim from file C:\GBW_MyPrograms\PredSim_test\Subjects\Fal_s1_base/Fal_s1_k7_d20_sF8_dF8_vF5_tV20.osim
[2022-11-15 15:21:34.838] [warning] Couldn't find file 'sacrum.vtp'.
[2022-11-15 15:21:34.838] [warning] Couldn't find file 'pelvis.vtp'.
[2022-11-15 15:21:34.838] [warning] Couldn't find file 'l_pelvis.vtp'.
[2022-11-15 15:21:34.838] [warning] Couldn't find file 'femur_r.vtp'.
[2022-11-15 15:21:34.838] [warning] Couldn't find file 'tibia_r.vtp'.
[2022-11-15 15:21:34.838] [warning] Couldn't find file 'fibula_r.vtp'.
[2022-11-15 15:21:34.838] [warning] Couldn't find file 'talus_rv.vtp'.
[2022-11-15 15:21:34.838] [warning] Couldn't find file 'calcaneous_rv.vtp'.
[2022-11-15 15:21:34.838] [warning] Couldn't find file 'model_r_midfoot.stl'.
[2022-11-15 15:21:34.838] [warning] Couldn't find file 'model_r_forefoot.stl'.
[2022-11-15 15:21:34.838] [warning] Couldn't find file 'model_r_toes.stl'.
[2022-11-15 15:21:34.838] [warning] Couldn't find file 'femur_l.vtp'.
[2022-11-15 15:21:34.839] [warning] Couldn't find file 'tibia_l.vtp'.
[2022-11-15 15:21:34.839] [warning] Couldn't find file 'fibula_l.vtp'.
[2022-11-15 15:21:34.839] [warning] Couldn't find file 'talus_lv.vtp'.
[2022-11-15 15:21:34.839] [warning] Couldn't find file 'calcaneous_lv.vtp'.
[2022-11-15 15:21:34.839] [warning] Couldn't find file 'model_l_midfoot.stl'.
[2022-11-15 15:21:34.839] [warning] Couldn't find file 'model_l_forefoot.stl'.
[2022-11-15 15:21:34.839] [warning] Couldn't find file 'model_l_toes.stl'.
[2022-11-15 15:21:34.839] [warning] Couldn't find file 'hat_spine.vtp'.
[2022-11-15 15:21:34.839] [warning] Couldn't find file 'hat_jaw.vtp'.
[2022-11-15 15:21:34.839] [warning] Couldn't find file 'hat_skull.vtp'.
[2022-11-15 15:21:34.839] [warning] Couldn't find file 'hat_ribs_scap.vtp'.
[2022-11-15 15:21:34.839] [warning] Couldn't find file 'humerus_rv.vtp'.
[2022-11-15 15:21:34.839] [warning] Couldn't find file 'ulna_rv.vtp'.
[2022-11-15 15:21:34.839] [warning] Couldn't find file 'radius_rv.vtp'.
[2022-11-15 15:21:34.839] [warning] Couldn't find file 'pisiform_rvs.vtp'.
[2022-11-15 15:21:34.839] [warning] Couldn't find file 'lunate_rvs.vtp'.
[2022-11-15 15:21:34.839] [warning] Couldn't find file 'scaphoid_rvs.vtp'.
[2022-11-15 15:21:34.840] [warning] Couldn't find file 'triquetrum_rvs.vtp'.
[2022-11-15 15:21:34.840] [warning] Couldn't find file 'hamate_rvs.vtp'.
[2022-11-15 15:21:34.840] [warning] Couldn't find file 'capitate_rvs.vtp'.
[2022-11-15 15:21:34.840] [warning] Couldn't find file 'trapezoid_rvs.vtp'.
[2022-11-15 15:21:34.840] [warning] Couldn't find file 'trapezium_rvs.vtp'.
[2022-11-15 15:21:34.840] [warning] Couldn't find file 'metacarpal2_rvs.vtp'.
[2022-11-15 15:21:34.840] [warning] Couldn't find file 'index_proximal_rvs.vtp'.
[2022-11-15 15:21:34.840] [warning] Couldn't find file 'index_medial_rvs.vtp'.
[2022-11-15 15:21:34.840] [warning] Couldn't find file 'index_distal_rvs.vtp'.
[2022-11-15 15:21:34.840] [warning] Couldn't find file 'metacarpal3_rvs.vtp'.
[2022-11-15 15:21:34.840] [warning] Couldn't find file 'middle_proximal_rvs.vtp'.
[2022-11-15 15:21:34.840] [warning] Couldn't find file 'middle_medial_rvs.vtp'.
[2022-11-15 15:21:34.840] [warning] Couldn't find file 'middle_distal_rvs.vtp'.
[2022-11-15 15:21:34.840] [warning] Couldn't find file 'metacarpal4_rvs.vtp'.
[2022-11-15 15:21:34.840] [warning] Couldn't find file 'ring_proximal_rvs.vtp'.
[2022-11-15 15:21:34.840] [warning] Couldn't find file 'ring_medial_rvs.vtp'.
[2022-11-15 15:21:34.840] [warning] Couldn't find file 'ring_distal_rvs.vtp'.
[2022-11-15 15:21:34.840] [warning] Couldn't find file 'metacarpal5_rvs.vtp'.
[2022-11-15 15:21:34.841] [warning] Couldn't find file 'little_proximal_rvs.vtp'.
[2022-11-15 15:21:34.841] [warning] Couldn't find file 'little_medial_rvs.vtp'.
[2022-11-15 15:21:34.841] [warning] Couldn't find file 'little_distal_rvs.vtp'.
[2022-11-15 15:21:34.841] [warning] Couldn't find file 'metacarpal1_rvs.vtp'.
[2022-11-15 15:21:34.841] [warning] Couldn't find file 'thumb_proximal_rvs.vtp'.
[2022-11-15 15:21:34.841] [warning] Couldn't find file 'thumb_distal_rvs.vtp'.
[2022-11-15 15:21:34.841] [warning] Couldn't find file 'humerus_lv.vtp'.
[2022-11-15 15:21:34.841] [warning] Couldn't find file 'ulna_lv.vtp'.
[2022-11-15 15:21:34.841] [warning] Couldn't find file 'radius_lv.vtp'.
[2022-11-15 15:21:34.841] [warning] Couldn't find file 'pisiform_lvs.vtp'.
[2022-11-15 15:21:34.841] [warning] Couldn't find file 'lunate_lvs.vtp'.
[2022-11-15 15:21:34.841] [warning] Couldn't find file 'scaphoid_lvs.vtp'.
[2022-11-15 15:21:34.841] [warning] Couldn't find file 'triquetrum_lvs.vtp'.
[2022-11-15 15:21:34.841] [warning] Couldn't find file 'hamate_lvs.vtp'.
[2022-11-15 15:21:34.841] [warning] Couldn't find file 'capitate_lvs.vtp'.
[2022-11-15 15:21:34.841] [warning] Couldn't find file 'trapezoid_lvs.vtp'.
[2022-11-15 15:21:34.841] [warning] Couldn't find file 'trapezium_lvs.vtp'.
[2022-11-15 15:21:34.841] [warning] Couldn't find file 'metacarpal2_lvs.vtp'.
[2022-11-15 15:21:34.842] [warning] Couldn't find file 'index_proximal_lvs.vtp'.
[2022-11-15 15:21:34.842] [warning] Couldn't find file 'index_medial_lvs.vtp'.
[2022-11-15 15:21:34.842] [warning] Couldn't find file 'index_distal_lvs.vtp'.
[2022-11-15 15:21:34.842] [warning] Couldn't find file 'metacarpal3_lvs.vtp'.
[2022-11-15 15:21:34.842] [warning] Couldn't find file 'middle_proximal_lvs.vtp'.
[2022-11-15 15:21:34.842] [warning] Couldn't find file 'middle_medial_lvs.vtp'.
[2022-11-15 15:21:34.842] [warning] Couldn't find file 'middle_distal_lvs.vtp'.
[2022-11-15 15:21:34.842] [warning] Couldn't find file 'metacarpal4_lvs.vtp'.
[2022-11-15 15:21:34.842] [warning] Couldn't find file 'ring_proximal_lvs.vtp'.
[2022-11-15 15:21:34.842] [warning] Couldn't find file 'ring_medial_lvs.vtp'.
[2022-11-15 15:21:34.842] [warning] Couldn't find file 'ring_distal_lvs.vtp'.
[2022-11-15 15:21:34.842] [warning] Couldn't find file 'metacarpal5_lvs.vtp'.
[2022-11-15 15:21:34.842] [warning] Couldn't find file 'little_proximal_lvs.vtp'.
[2022-11-15 15:21:34.842] [warning] Couldn't find file 'little_medial_lvs.vtp'.
[2022-11-15 15:21:34.842] [warning] Couldn't find file 'little_distal_lvs.vtp'.
[2022-11-15 15:21:34.842] [warning] Couldn't find file 'metacarpal1_lvs.vtp'.
[2022-11-15 15:21:34.842] [warning] Couldn't find file 'thumb_proximal_lvs.vtp'.
[2022-11-15 15:21:34.842] [warning] Couldn't find file 'thumb_distal_lvs.vtp'.
[2022-11-15 15:21:36.756] [info] Loaded model Fal_s1_mtp_sc_MTc5_cspx10_oy1_AdaptedForPredSim from file C:\GBW_MyPrograms\PredSim_test\Subjects\Fal_s1_base/Fal_s1_k10_d20_sF8_dF8_vF5_tV20.osim
[2022-11-15 15:21:36.756] [warning] Couldn't find file 'sacrum.vtp'.
[2022-11-15 15:21:36.756] [warning] Couldn't find file 'pelvis.vtp'.
[2022-11-15 15:21:36.756] [warning] Couldn't find file 'l_pelvis.vtp'.
[2022-11-15 15:21:36.756] [warning] Couldn't find file 'femur_r.vtp'.
[2022-11-15 15:21:36.757] [warning] Couldn't find file 'tibia_r.vtp'.
[2022-11-15 15:21:36.757] [warning] Couldn't find file 'fibula_r.vtp'.
[2022-11-15 15:21:36.757] [warning] Couldn't find file 'talus_rv.vtp'.
[2022-11-15 15:21:36.757] [warning] Couldn't find file 'calcaneous_rv.vtp'.
[2022-11-15 15:21:36.757] [warning] Couldn't find file 'model_r_midfoot.stl'.
[2022-11-15 15:21:36.757] [warning] Couldn't find file 'model_r_forefoot.stl'.
[2022-11-15 15:21:36.757] [warning] Couldn't find file 'model_r_toes.stl'.
[2022-11-15 15:21:36.757] [warning] Couldn't find file 'femur_l.vtp'.
[2022-11-15 15:21:36.757] [warning] Couldn't find file 'tibia_l.vtp'.
[2022-11-15 15:21:36.757] [warning] Couldn't find file 'fibula_l.vtp'.
[2022-11-15 15:21:36.757] [warning] Couldn't find file 'talus_lv.vtp'.
[2022-11-15 15:21:36.757] [warning] Couldn't find file 'calcaneous_lv.vtp'.
[2022-11-15 15:21:36.757] [warning] Couldn't find file 'model_l_midfoot.stl'.
[2022-11-15 15:21:36.757] [warning] Couldn't find file 'model_l_forefoot.stl'.
[2022-11-15 15:21:36.757] [warning] Couldn't find file 'model_l_toes.stl'.
[2022-11-15 15:21:36.757] [warning] Couldn't find file 'hat_spine.vtp'.
[2022-11-15 15:21:36.757] [warning] Couldn't find file 'hat_jaw.vtp'.
[2022-11-15 15:21:36.758] [warning] Couldn't find file 'hat_skull.vtp'.
[2022-11-15 15:21:36.758] [warning] Couldn't find file 'hat_ribs_scap.vtp'.
[2022-11-15 15:21:36.758] [warning] Couldn't find file 'humerus_rv.vtp'.
[2022-11-15 15:21:36.758] [warning] Couldn't find file 'ulna_rv.vtp'.
[2022-11-15 15:21:36.758] [warning] Couldn't find file 'radius_rv.vtp'.
[2022-11-15 15:21:36.758] [warning] Couldn't find file 'pisiform_rvs.vtp'.
[2022-11-15 15:21:36.758] [warning] Couldn't find file 'lunate_rvs.vtp'.
[2022-11-15 15:21:36.758] [warning] Couldn't find file 'scaphoid_rvs.vtp'.
[2022-11-15 15:21:36.758] [warning] Couldn't find file 'triquetrum_rvs.vtp'.
[2022-11-15 15:21:36.758] [warning] Couldn't find file 'hamate_rvs.vtp'.
[2022-11-15 15:21:36.758] [warning] Couldn't find file 'capitate_rvs.vtp'.
[2022-11-15 15:21:36.758] [warning] Couldn't find file 'trapezoid_rvs.vtp'.
[2022-11-15 15:21:36.758] [warning] Couldn't find file 'trapezium_rvs.vtp'.
[2022-11-15 15:21:36.758] [warning] Couldn't find file 'metacarpal2_rvs.vtp'.
[2022-11-15 15:21:36.758] [warning] Couldn't find file 'index_proximal_rvs.vtp'.
[2022-11-15 15:21:36.758] [warning] Couldn't find file 'index_medial_rvs.vtp'.
[2022-11-15 15:21:36.758] [warning] Couldn't find file 'index_distal_rvs.vtp'.
[2022-11-15 15:21:36.758] [warning] Couldn't find file 'metacarpal3_rvs.vtp'.
[2022-11-15 15:21:36.759] [warning] Couldn't find file 'middle_proximal_rvs.vtp'.
[2022-11-15 15:21:36.759] [warning] Couldn't find file 'middle_medial_rvs.vtp'.
[2022-11-15 15:21:36.759] [warning] Couldn't find file 'middle_distal_rvs.vtp'.
[2022-11-15 15:21:36.759] [warning] Couldn't find file 'metacarpal4_rvs.vtp'.
[2022-11-15 15:21:36.759] [warning] Couldn't find file 'ring_proximal_rvs.vtp'.
[2022-11-15 15:21:36.759] [warning] Couldn't find file 'ring_medial_rvs.vtp'.
[2022-11-15 15:21:36.759] [warning] Couldn't find file 'ring_distal_rvs.vtp'.
[2022-11-15 15:21:36.759] [warning] Couldn't find file 'metacarpal5_rvs.vtp'.
[2022-11-15 15:21:36.759] [warning] Couldn't find file 'little_proximal_rvs.vtp'.
[2022-11-15 15:21:36.759] [warning] Couldn't find file 'little_medial_rvs.vtp'.
[2022-11-15 15:21:36.759] [warning] Couldn't find file 'little_distal_rvs.vtp'.
[2022-11-15 15:21:36.759] [warning] Couldn't find file 'metacarpal1_rvs.vtp'.
[2022-11-15 15:21:36.759] [warning] Couldn't find file 'thumb_proximal_rvs.vtp'.
[2022-11-15 15:21:36.759] [warning] Couldn't find file 'thumb_distal_rvs.vtp'.
[2022-11-15 15:21:36.759] [warning] Couldn't find file 'humerus_lv.vtp'.
[2022-11-15 15:21:36.759] [warning] Couldn't find file 'ulna_lv.vtp'.
[2022-11-15 15:21:36.759] [warning] Couldn't find file 'radius_lv.vtp'.
[2022-11-15 15:21:36.759] [warning] Couldn't find file 'pisiform_lvs.vtp'.
[2022-11-15 15:21:36.760] [warning] Couldn't find file 'lunate_lvs.vtp'.
[2022-11-15 15:21:36.760] [warning] Couldn't find file 'scaphoid_lvs.vtp'.
[2022-11-15 15:21:36.760] [warning] Couldn't find file 'triquetrum_lvs.vtp'.
[2022-11-15 15:21:36.760] [warning] Couldn't find file 'hamate_lvs.vtp'.
[2022-11-15 15:21:36.760] [warning] Couldn't find file 'capitate_lvs.vtp'.
[2022-11-15 15:21:36.760] [warning] Couldn't find file 'trapezoid_lvs.vtp'.
[2022-11-15 15:21:36.760] [warning] Couldn't find file 'trapezium_lvs.vtp'.
[2022-11-15 15:21:36.760] [warning] Couldn't find file 'metacarpal2_lvs.vtp'.
[2022-11-15 15:21:36.760] [warning] Couldn't find file 'index_proximal_lvs.vtp'.
[2022-11-15 15:21:36.760] [warning] Couldn't find file 'index_medial_lvs.vtp'.
[2022-11-15 15:21:36.760] [warning] Couldn't find file 'index_distal_lvs.vtp'.
[2022-11-15 15:21:36.760] [warning] Couldn't find file 'metacarpal3_lvs.vtp'.
[2022-11-15 15:21:36.760] [warning] Couldn't find file 'middle_proximal_lvs.vtp'.
[2022-11-15 15:21:36.760] [warning] Couldn't find file 'middle_medial_lvs.vtp'.
[2022-11-15 15:21:36.760] [warning] Couldn't find file 'middle_distal_lvs.vtp'.
[2022-11-15 15:21:36.760] [warning] Couldn't find file 'metacarpal4_lvs.vtp'.
[2022-11-15 15:21:36.760] [warning] Couldn't find file 'ring_proximal_lvs.vtp'.
[2022-11-15 15:21:36.760] [warning] Couldn't find file 'ring_medial_lvs.vtp'.
[2022-11-15 15:21:36.760] [warning] Couldn't find file 'ring_distal_lvs.vtp'.
[2022-11-15 15:21:36.761] [warning] Couldn't find file 'metacarpal5_lvs.vtp'.
[2022-11-15 15:21:36.761] [warning] Couldn't find file 'little_proximal_lvs.vtp'.
[2022-11-15 15:21:36.761] [warning] Couldn't find file 'little_medial_lvs.vtp'.
[2022-11-15 15:21:36.761] [warning] Couldn't find file 'little_distal_lvs.vtp'.
[2022-11-15 15:21:36.761] [warning] Couldn't find file 'metacarpal1_lvs.vtp'.
[2022-11-15 15:21:36.761] [warning] Couldn't find file 'thumb_proximal_lvs.vtp'.
[2022-11-15 15:21:36.761] [warning] Couldn't find file 'thumb_distal_lvs.vtp'.
