[2022-05-25 09:36:56.317] [info] Loaded model subject1_withMTJ_locked_scaled_custom from file C:\Users\u0150099\Documents\master_thesis\3dpredictsim\OpenSimModel\subject1\Fal_s1_mtj_sc.osim
[2022-05-25 09:36:56.319] [warning] Couldn't find file 'sacrum.vtp'.
[2022-05-25 09:36:56.319] [warning] Couldn't find file 'pelvis.vtp'.
[2022-05-25 09:36:56.319] [warning] Couldn't find file 'l_pelvis.vtp'.
[2022-05-25 09:36:56.319] [warning] Couldn't find file 'femur_r.vtp'.
[2022-05-25 09:36:56.319] [warning] Couldn't find file 'tibia_r.vtp'.
[2022-05-25 09:36:56.319] [warning] Couldn't find file 'fibula_r.vtp'.
[2022-05-25 09:36:56.319] [warning] Couldn't find file 'talus_rv.vtp'.
[2022-05-25 09:36:56.319] [warning] Couldn't find file 'calcaneous_rv.vtp'.
[2022-05-25 09:36:56.320] [warning] Couldn't find file 'model_r_midfoot.stl'.
[2022-05-25 09:36:56.320] [warning] Couldn't find file 'model_r_forefoot.stl'.
[2022-05-25 09:36:56.320] [warning] Couldn't find file 'model_r_toes.stl'.
[2022-05-25 09:36:56.320] [warning] Couldn't find file 'femur_l.vtp'.
[2022-05-25 09:36:56.320] [warning] Couldn't find file 'tibia_l.vtp'.
[2022-05-25 09:36:56.320] [warning] Couldn't find file 'fibula_l.vtp'.
[2022-05-25 09:36:56.320] [warning] Couldn't find file 'talus_lv.vtp'.
[2022-05-25 09:36:56.320] [warning] Couldn't find file 'calcaneous_lv.vtp'.
[2022-05-25 09:36:56.320] [warning] Couldn't find file 'model_l_midfoot.stl'.
[2022-05-25 09:36:56.320] [warning] Couldn't find file 'model_l_forefoot.stl'.
[2022-05-25 09:36:56.320] [warning] Couldn't find file 'model_l_toes.stl'.
[2022-05-25 09:36:56.320] [warning] Couldn't find file 'hat_spine.vtp'.
[2022-05-25 09:36:56.320] [warning] Couldn't find file 'hat_jaw.vtp'.
[2022-05-25 09:36:56.320] [warning] Couldn't find file 'hat_skull.vtp'.
[2022-05-25 09:36:56.320] [warning] Couldn't find file 'hat_ribs_scap.vtp'.
[2022-05-25 09:36:56.321] [warning] Couldn't find file 'humerus_rv.vtp'.
[2022-05-25 09:36:56.321] [warning] Couldn't find file 'ulna_rv.vtp'.
[2022-05-25 09:36:56.321] [warning] Couldn't find file 'radius_rv.vtp'.
[2022-05-25 09:36:56.321] [warning] Couldn't find file 'pisiform_rvs.vtp'.
[2022-05-25 09:36:56.321] [warning] Couldn't find file 'lunate_rvs.vtp'.
[2022-05-25 09:36:56.321] [warning] Couldn't find file 'scaphoid_rvs.vtp'.
[2022-05-25 09:36:56.321] [warning] Couldn't find file 'triquetrum_rvs.vtp'.
[2022-05-25 09:36:56.321] [warning] Couldn't find file 'hamate_rvs.vtp'.
[2022-05-25 09:36:56.321] [warning] Couldn't find file 'capitate_rvs.vtp'.
[2022-05-25 09:36:56.321] [warning] Couldn't find file 'trapezoid_rvs.vtp'.
[2022-05-25 09:36:56.321] [warning] Couldn't find file 'trapezium_rvs.vtp'.
[2022-05-25 09:36:56.321] [warning] Couldn't find file 'metacarpal2_rvs.vtp'.
[2022-05-25 09:36:56.321] [warning] Couldn't find file 'index_proximal_rvs.vtp'.
[2022-05-25 09:36:56.321] [warning] Couldn't find file 'index_medial_rvs.vtp'.
[2022-05-25 09:36:56.321] [warning] Couldn't find file 'index_distal_rvs.vtp'.
[2022-05-25 09:36:56.321] [warning] Couldn't find file 'metacarpal3_rvs.vtp'.
[2022-05-25 09:36:56.321] [warning] Couldn't find file 'middle_proximal_rvs.vtp'.
[2022-05-25 09:36:56.321] [warning] Couldn't find file 'middle_medial_rvs.vtp'.
[2022-05-25 09:36:56.322] [warning] Couldn't find file 'middle_distal_rvs.vtp'.
[2022-05-25 09:36:56.322] [warning] Couldn't find file 'metacarpal4_rvs.vtp'.
[2022-05-25 09:36:56.322] [warning] Couldn't find file 'ring_proximal_rvs.vtp'.
[2022-05-25 09:36:56.322] [warning] Couldn't find file 'ring_medial_rvs.vtp'.
[2022-05-25 09:36:56.322] [warning] Couldn't find file 'ring_distal_rvs.vtp'.
[2022-05-25 09:36:56.322] [warning] Couldn't find file 'metacarpal5_rvs.vtp'.
[2022-05-25 09:36:56.322] [warning] Couldn't find file 'little_proximal_rvs.vtp'.
[2022-05-25 09:36:56.322] [warning] Couldn't find file 'little_medial_rvs.vtp'.
[2022-05-25 09:36:56.322] [warning] Couldn't find file 'little_distal_rvs.vtp'.
[2022-05-25 09:36:56.322] [warning] Couldn't find file 'metacarpal1_rvs.vtp'.
[2022-05-25 09:36:56.322] [warning] Couldn't find file 'thumb_proximal_rvs.vtp'.
[2022-05-25 09:36:56.322] [warning] Couldn't find file 'thumb_distal_rvs.vtp'.
[2022-05-25 09:36:56.322] [warning] Couldn't find file 'humerus_lv.vtp'.
[2022-05-25 09:36:56.322] [warning] Couldn't find file 'ulna_lv.vtp'.
[2022-05-25 09:36:56.322] [warning] Couldn't find file 'radius_lv.vtp'.
[2022-05-25 09:36:56.322] [warning] Couldn't find file 'pisiform_lvs.vtp'.
[2022-05-25 09:36:56.322] [warning] Couldn't find file 'lunate_lvs.vtp'.
[2022-05-25 09:36:56.322] [warning] Couldn't find file 'scaphoid_lvs.vtp'.
[2022-05-25 09:36:56.323] [warning] Couldn't find file 'triquetrum_lvs.vtp'.
[2022-05-25 09:36:56.323] [warning] Couldn't find file 'hamate_lvs.vtp'.
[2022-05-25 09:36:56.323] [warning] Couldn't find file 'capitate_lvs.vtp'.
[2022-05-25 09:36:56.323] [warning] Couldn't find file 'trapezoid_lvs.vtp'.
[2022-05-25 09:36:56.323] [warning] Couldn't find file 'trapezium_lvs.vtp'.
[2022-05-25 09:36:56.323] [warning] Couldn't find file 'metacarpal2_lvs.vtp'.
[2022-05-25 09:36:56.323] [warning] Couldn't find file 'index_proximal_lvs.vtp'.
[2022-05-25 09:36:56.323] [warning] Couldn't find file 'index_medial_lvs.vtp'.
[2022-05-25 09:36:56.323] [warning] Couldn't find file 'index_distal_lvs.vtp'.
[2022-05-25 09:36:56.323] [warning] Couldn't find file 'metacarpal3_lvs.vtp'.
[2022-05-25 09:36:56.323] [warning] Couldn't find file 'middle_proximal_lvs.vtp'.
[2022-05-25 09:36:56.323] [warning] Couldn't find file 'middle_medial_lvs.vtp'.
[2022-05-25 09:36:56.323] [warning] Couldn't find file 'middle_distal_lvs.vtp'.
[2022-05-25 09:36:56.323] [warning] Couldn't find file 'metacarpal4_lvs.vtp'.
[2022-05-25 09:36:56.323] [warning] Couldn't find file 'ring_proximal_lvs.vtp'.
[2022-05-25 09:36:56.323] [warning] Couldn't find file 'ring_medial_lvs.vtp'.
[2022-05-25 09:36:56.323] [warning] Couldn't find file 'ring_distal_lvs.vtp'.
[2022-05-25 09:36:56.323] [warning] Couldn't find file 'metacarpal5_lvs.vtp'.
[2022-05-25 09:36:56.324] [warning] Couldn't find file 'little_proximal_lvs.vtp'.
[2022-05-25 09:36:56.324] [warning] Couldn't find file 'little_medial_lvs.vtp'.
[2022-05-25 09:36:56.324] [warning] Couldn't find file 'little_distal_lvs.vtp'.
[2022-05-25 09:36:56.324] [warning] Couldn't find file 'metacarpal1_lvs.vtp'.
[2022-05-25 09:36:56.324] [warning] Couldn't find file 'thumb_proximal_lvs.vtp'.
[2022-05-25 09:36:56.324] [warning] Couldn't find file 'thumb_distal_lvs.vtp'.
[2022-05-25 09:40:34.100] [info] Loaded model subject1_withMTJ_locked_scaled_custom from file C:\Users\u0150099\Documents\master_thesis\3dpredictsim\OpenSimModel\subject1\Fal_s1_mtj_sc.osim
[2022-05-25 09:40:34.101] [warning] Couldn't find file 'sacrum.vtp'.
[2022-05-25 09:40:34.101] [warning] Couldn't find file 'pelvis.vtp'.
[2022-05-25 09:40:34.101] [warning] Couldn't find file 'l_pelvis.vtp'.
[2022-05-25 09:40:34.101] [warning] Couldn't find file 'femur_r.vtp'.
[2022-05-25 09:40:34.101] [warning] Couldn't find file 'tibia_r.vtp'.
[2022-05-25 09:40:34.101] [warning] Couldn't find file 'fibula_r.vtp'.
[2022-05-25 09:40:34.101] [warning] Couldn't find file 'talus_rv.vtp'.
[2022-05-25 09:40:34.101] [warning] Couldn't find file 'calcaneous_rv.vtp'.
[2022-05-25 09:40:34.101] [warning] Couldn't find file 'model_r_midfoot.stl'.
[2022-05-25 09:40:34.101] [warning] Couldn't find file 'model_r_forefoot.stl'.
[2022-05-25 09:40:34.101] [warning] Couldn't find file 'model_r_toes.stl'.
[2022-05-25 09:40:34.101] [warning] Couldn't find file 'femur_l.vtp'.
[2022-05-25 09:40:34.101] [warning] Couldn't find file 'tibia_l.vtp'.
[2022-05-25 09:40:34.102] [warning] Couldn't find file 'fibula_l.vtp'.
[2022-05-25 09:40:34.102] [warning] Couldn't find file 'talus_lv.vtp'.
[2022-05-25 09:40:34.102] [warning] Couldn't find file 'calcaneous_lv.vtp'.
[2022-05-25 09:40:34.102] [warning] Couldn't find file 'model_l_midfoot.stl'.
[2022-05-25 09:40:34.102] [warning] Couldn't find file 'model_l_forefoot.stl'.
[2022-05-25 09:40:34.102] [warning] Couldn't find file 'model_l_toes.stl'.
[2022-05-25 09:40:34.102] [warning] Couldn't find file 'hat_spine.vtp'.
[2022-05-25 09:40:34.102] [warning] Couldn't find file 'hat_jaw.vtp'.
[2022-05-25 09:40:34.102] [warning] Couldn't find file 'hat_skull.vtp'.
[2022-05-25 09:40:34.102] [warning] Couldn't find file 'hat_ribs_scap.vtp'.
[2022-05-25 09:40:34.102] [warning] Couldn't find file 'humerus_rv.vtp'.
[2022-05-25 09:40:34.102] [warning] Couldn't find file 'ulna_rv.vtp'.
[2022-05-25 09:40:34.102] [warning] Couldn't find file 'radius_rv.vtp'.
[2022-05-25 09:40:34.102] [warning] Couldn't find file 'pisiform_rvs.vtp'.
[2022-05-25 09:40:34.102] [warning] Couldn't find file 'lunate_rvs.vtp'.
[2022-05-25 09:40:34.102] [warning] Couldn't find file 'scaphoid_rvs.vtp'.
[2022-05-25 09:40:34.103] [warning] Couldn't find file 'triquetrum_rvs.vtp'.
[2022-05-25 09:40:34.103] [warning] Couldn't find file 'hamate_rvs.vtp'.
[2022-05-25 09:40:34.103] [warning] Couldn't find file 'capitate_rvs.vtp'.
[2022-05-25 09:40:34.103] [warning] Couldn't find file 'trapezoid_rvs.vtp'.
[2022-05-25 09:40:34.103] [warning] Couldn't find file 'trapezium_rvs.vtp'.
[2022-05-25 09:40:34.103] [warning] Couldn't find file 'metacarpal2_rvs.vtp'.
[2022-05-25 09:40:34.103] [warning] Couldn't find file 'index_proximal_rvs.vtp'.
[2022-05-25 09:40:34.103] [warning] Couldn't find file 'index_medial_rvs.vtp'.
[2022-05-25 09:40:34.103] [warning] Couldn't find file 'index_distal_rvs.vtp'.
[2022-05-25 09:40:34.103] [warning] Couldn't find file 'metacarpal3_rvs.vtp'.
[2022-05-25 09:40:34.103] [warning] Couldn't find file 'middle_proximal_rvs.vtp'.
[2022-05-25 09:40:34.103] [warning] Couldn't find file 'middle_medial_rvs.vtp'.
[2022-05-25 09:40:34.103] [warning] Couldn't find file 'middle_distal_rvs.vtp'.
[2022-05-25 09:40:34.103] [warning] Couldn't find file 'metacarpal4_rvs.vtp'.
[2022-05-25 09:40:34.103] [warning] Couldn't find file 'ring_proximal_rvs.vtp'.
[2022-05-25 09:40:34.103] [warning] Couldn't find file 'ring_medial_rvs.vtp'.
[2022-05-25 09:40:34.103] [warning] Couldn't find file 'ring_distal_rvs.vtp'.
[2022-05-25 09:40:34.104] [warning] Couldn't find file 'metacarpal5_rvs.vtp'.
[2022-05-25 09:40:34.104] [warning] Couldn't find file 'little_proximal_rvs.vtp'.
[2022-05-25 09:40:34.104] [warning] Couldn't find file 'little_medial_rvs.vtp'.
[2022-05-25 09:40:34.104] [warning] Couldn't find file 'little_distal_rvs.vtp'.
[2022-05-25 09:40:34.104] [warning] Couldn't find file 'metacarpal1_rvs.vtp'.
[2022-05-25 09:40:34.104] [warning] Couldn't find file 'thumb_proximal_rvs.vtp'.
[2022-05-25 09:40:34.104] [warning] Couldn't find file 'thumb_distal_rvs.vtp'.
[2022-05-25 09:40:34.104] [warning] Couldn't find file 'humerus_lv.vtp'.
[2022-05-25 09:40:34.104] [warning] Couldn't find file 'ulna_lv.vtp'.
[2022-05-25 09:40:34.104] [warning] Couldn't find file 'radius_lv.vtp'.
[2022-05-25 09:40:34.104] [warning] Couldn't find file 'pisiform_lvs.vtp'.
[2022-05-25 09:40:34.104] [warning] Couldn't find file 'lunate_lvs.vtp'.
[2022-05-25 09:40:34.104] [warning] Couldn't find file 'scaphoid_lvs.vtp'.
[2022-05-25 09:40:34.104] [warning] Couldn't find file 'triquetrum_lvs.vtp'.
[2022-05-25 09:40:34.104] [warning] Couldn't find file 'hamate_lvs.vtp'.
[2022-05-25 09:40:34.104] [warning] Couldn't find file 'capitate_lvs.vtp'.
[2022-05-25 09:40:34.104] [warning] Couldn't find file 'trapezoid_lvs.vtp'.
[2022-05-25 09:40:34.105] [warning] Couldn't find file 'trapezium_lvs.vtp'.
[2022-05-25 09:40:34.105] [warning] Couldn't find file 'metacarpal2_lvs.vtp'.
[2022-05-25 09:40:34.105] [warning] Couldn't find file 'index_proximal_lvs.vtp'.
[2022-05-25 09:40:34.105] [warning] Couldn't find file 'index_medial_lvs.vtp'.
[2022-05-25 09:40:34.105] [warning] Couldn't find file 'index_distal_lvs.vtp'.
[2022-05-25 09:40:34.105] [warning] Couldn't find file 'metacarpal3_lvs.vtp'.
[2022-05-25 09:40:34.105] [warning] Couldn't find file 'middle_proximal_lvs.vtp'.
[2022-05-25 09:40:34.105] [warning] Couldn't find file 'middle_medial_lvs.vtp'.
[2022-05-25 09:40:34.105] [warning] Couldn't find file 'middle_distal_lvs.vtp'.
[2022-05-25 09:40:34.105] [warning] Couldn't find file 'metacarpal4_lvs.vtp'.
[2022-05-25 09:40:34.105] [warning] Couldn't find file 'ring_proximal_lvs.vtp'.
[2022-05-25 09:40:34.105] [warning] Couldn't find file 'ring_medial_lvs.vtp'.
[2022-05-25 09:40:34.105] [warning] Couldn't find file 'ring_distal_lvs.vtp'.
[2022-05-25 09:40:34.105] [warning] Couldn't find file 'metacarpal5_lvs.vtp'.
[2022-05-25 09:40:34.105] [warning] Couldn't find file 'little_proximal_lvs.vtp'.
[2022-05-25 09:40:34.105] [warning] Couldn't find file 'little_medial_lvs.vtp'.
[2022-05-25 09:40:34.105] [warning] Couldn't find file 'little_distal_lvs.vtp'.
[2022-05-25 09:40:34.105] [warning] Couldn't find file 'metacarpal1_lvs.vtp'.
[2022-05-25 09:40:34.106] [warning] Couldn't find file 'thumb_proximal_lvs.vtp'.
[2022-05-25 09:40:34.106] [warning] Couldn't find file 'thumb_distal_lvs.vtp'.
[2022-05-25 09:43:17.015] [info] Loaded model subject1_withMTJ_locked_scaled_custom from file C:\Users\u0150099\Documents\master_thesis\3dpredictsim\OpenSimModel\subject1\Fal_s1_mtj_sc.osim
[2022-05-25 09:43:17.016] [warning] Couldn't find file 'sacrum.vtp'.
[2022-05-25 09:43:17.016] [warning] Couldn't find file 'pelvis.vtp'.
[2022-05-25 09:43:17.016] [warning] Couldn't find file 'l_pelvis.vtp'.
[2022-05-25 09:43:17.016] [warning] Couldn't find file 'femur_r.vtp'.
[2022-05-25 09:43:17.016] [warning] Couldn't find file 'tibia_r.vtp'.
[2022-05-25 09:43:17.016] [warning] Couldn't find file 'fibula_r.vtp'.
[2022-05-25 09:43:17.016] [warning] Couldn't find file 'talus_rv.vtp'.
[2022-05-25 09:43:17.017] [warning] Couldn't find file 'calcaneous_rv.vtp'.
[2022-05-25 09:43:17.017] [warning] Couldn't find file 'model_r_midfoot.stl'.
[2022-05-25 09:43:17.017] [warning] Couldn't find file 'model_r_forefoot.stl'.
[2022-05-25 09:43:17.017] [warning] Couldn't find file 'model_r_toes.stl'.
[2022-05-25 09:43:17.017] [warning] Couldn't find file 'femur_l.vtp'.
[2022-05-25 09:43:17.017] [warning] Couldn't find file 'tibia_l.vtp'.
[2022-05-25 09:43:17.017] [warning] Couldn't find file 'fibula_l.vtp'.
[2022-05-25 09:43:17.017] [warning] Couldn't find file 'talus_lv.vtp'.
[2022-05-25 09:43:17.017] [warning] Couldn't find file 'calcaneous_lv.vtp'.
[2022-05-25 09:43:17.017] [warning] Couldn't find file 'model_l_midfoot.stl'.
[2022-05-25 09:43:17.017] [warning] Couldn't find file 'model_l_forefoot.stl'.
[2022-05-25 09:43:17.017] [warning] Couldn't find file 'model_l_toes.stl'.
[2022-05-25 09:43:17.017] [warning] Couldn't find file 'hat_spine.vtp'.
[2022-05-25 09:43:17.017] [warning] Couldn't find file 'hat_jaw.vtp'.
[2022-05-25 09:43:17.017] [warning] Couldn't find file 'hat_skull.vtp'.
[2022-05-25 09:43:17.017] [warning] Couldn't find file 'hat_ribs_scap.vtp'.
[2022-05-25 09:43:17.017] [warning] Couldn't find file 'humerus_rv.vtp'.
[2022-05-25 09:43:17.017] [warning] Couldn't find file 'ulna_rv.vtp'.
[2022-05-25 09:43:17.018] [warning] Couldn't find file 'radius_rv.vtp'.
[2022-05-25 09:43:17.018] [warning] Couldn't find file 'pisiform_rvs.vtp'.
[2022-05-25 09:43:17.018] [warning] Couldn't find file 'lunate_rvs.vtp'.
[2022-05-25 09:43:17.018] [warning] Couldn't find file 'scaphoid_rvs.vtp'.
[2022-05-25 09:43:17.018] [warning] Couldn't find file 'triquetrum_rvs.vtp'.
[2022-05-25 09:43:17.018] [warning] Couldn't find file 'hamate_rvs.vtp'.
[2022-05-25 09:43:17.018] [warning] Couldn't find file 'capitate_rvs.vtp'.
[2022-05-25 09:43:17.018] [warning] Couldn't find file 'trapezoid_rvs.vtp'.
[2022-05-25 09:43:17.018] [warning] Couldn't find file 'trapezium_rvs.vtp'.
[2022-05-25 09:43:17.018] [warning] Couldn't find file 'metacarpal2_rvs.vtp'.
[2022-05-25 09:43:17.018] [warning] Couldn't find file 'index_proximal_rvs.vtp'.
[2022-05-25 09:43:17.018] [warning] Couldn't find file 'index_medial_rvs.vtp'.
[2022-05-25 09:43:17.018] [warning] Couldn't find file 'index_distal_rvs.vtp'.
[2022-05-25 09:43:17.018] [warning] Couldn't find file 'metacarpal3_rvs.vtp'.
[2022-05-25 09:43:17.018] [warning] Couldn't find file 'middle_proximal_rvs.vtp'.
[2022-05-25 09:43:17.018] [warning] Couldn't find file 'middle_medial_rvs.vtp'.
[2022-05-25 09:43:17.018] [warning] Couldn't find file 'middle_distal_rvs.vtp'.
[2022-05-25 09:43:17.019] [warning] Couldn't find file 'metacarpal4_rvs.vtp'.
[2022-05-25 09:43:17.019] [warning] Couldn't find file 'ring_proximal_rvs.vtp'.
[2022-05-25 09:43:17.019] [warning] Couldn't find file 'ring_medial_rvs.vtp'.
[2022-05-25 09:43:17.019] [warning] Couldn't find file 'ring_distal_rvs.vtp'.
[2022-05-25 09:43:17.019] [warning] Couldn't find file 'metacarpal5_rvs.vtp'.
[2022-05-25 09:43:17.019] [warning] Couldn't find file 'little_proximal_rvs.vtp'.
[2022-05-25 09:43:17.019] [warning] Couldn't find file 'little_medial_rvs.vtp'.
[2022-05-25 09:43:17.019] [warning] Couldn't find file 'little_distal_rvs.vtp'.
[2022-05-25 09:43:17.019] [warning] Couldn't find file 'metacarpal1_rvs.vtp'.
[2022-05-25 09:43:17.019] [warning] Couldn't find file 'thumb_proximal_rvs.vtp'.
[2022-05-25 09:43:17.019] [warning] Couldn't find file 'thumb_distal_rvs.vtp'.
[2022-05-25 09:43:17.019] [warning] Couldn't find file 'humerus_lv.vtp'.
[2022-05-25 09:43:17.019] [warning] Couldn't find file 'ulna_lv.vtp'.
[2022-05-25 09:43:17.019] [warning] Couldn't find file 'radius_lv.vtp'.
[2022-05-25 09:43:17.019] [warning] Couldn't find file 'pisiform_lvs.vtp'.
[2022-05-25 09:43:17.019] [warning] Couldn't find file 'lunate_lvs.vtp'.
[2022-05-25 09:43:17.019] [warning] Couldn't find file 'scaphoid_lvs.vtp'.
[2022-05-25 09:43:17.019] [warning] Couldn't find file 'triquetrum_lvs.vtp'.
[2022-05-25 09:43:17.020] [warning] Couldn't find file 'hamate_lvs.vtp'.
[2022-05-25 09:43:17.020] [warning] Couldn't find file 'capitate_lvs.vtp'.
[2022-05-25 09:43:17.020] [warning] Couldn't find file 'trapezoid_lvs.vtp'.
[2022-05-25 09:43:17.020] [warning] Couldn't find file 'trapezium_lvs.vtp'.
[2022-05-25 09:43:17.020] [warning] Couldn't find file 'metacarpal2_lvs.vtp'.
[2022-05-25 09:43:17.020] [warning] Couldn't find file 'index_proximal_lvs.vtp'.
[2022-05-25 09:43:17.020] [warning] Couldn't find file 'index_medial_lvs.vtp'.
[2022-05-25 09:43:17.020] [warning] Couldn't find file 'index_distal_lvs.vtp'.
[2022-05-25 09:43:17.020] [warning] Couldn't find file 'metacarpal3_lvs.vtp'.
[2022-05-25 09:43:17.020] [warning] Couldn't find file 'middle_proximal_lvs.vtp'.
[2022-05-25 09:43:17.020] [warning] Couldn't find file 'middle_medial_lvs.vtp'.
[2022-05-25 09:43:17.020] [warning] Couldn't find file 'middle_distal_lvs.vtp'.
[2022-05-25 09:43:17.020] [warning] Couldn't find file 'metacarpal4_lvs.vtp'.
[2022-05-25 09:43:17.020] [warning] Couldn't find file 'ring_proximal_lvs.vtp'.
[2022-05-25 09:43:17.020] [warning] Couldn't find file 'ring_medial_lvs.vtp'.
[2022-05-25 09:43:17.020] [warning] Couldn't find file 'ring_distal_lvs.vtp'.
[2022-05-25 09:43:17.020] [warning] Couldn't find file 'metacarpal5_lvs.vtp'.
[2022-05-25 09:43:17.020] [warning] Couldn't find file 'little_proximal_lvs.vtp'.
[2022-05-25 09:43:17.021] [warning] Couldn't find file 'little_medial_lvs.vtp'.
[2022-05-25 09:43:17.021] [warning] Couldn't find file 'little_distal_lvs.vtp'.
[2022-05-25 09:43:17.021] [warning] Couldn't find file 'metacarpal1_lvs.vtp'.
[2022-05-25 09:43:17.021] [warning] Couldn't find file 'thumb_proximal_lvs.vtp'.
[2022-05-25 09:43:17.021] [warning] Couldn't find file 'thumb_distal_lvs.vtp'.
[2022-05-25 15:25:21.169] [info] Loaded model subject1_withMTJ_locked_scaled_custom from file C:\Users\u0150099\Documents\master_thesis\3dpredictsim\OpenSimModel\subject1\Fal_s1_mtjc2_sc_FDB2_MTc5_cspx10_oy2.osim
[2022-05-25 15:25:21.169] [warning] Couldn't find file 'sacrum.vtp'.
[2022-05-25 15:25:21.169] [warning] Couldn't find file 'pelvis.vtp'.
[2022-05-25 15:25:21.169] [warning] Couldn't find file 'l_pelvis.vtp'.
[2022-05-25 15:25:21.170] [warning] Couldn't find file 'femur_r.vtp'.
[2022-05-25 15:25:21.170] [warning] Couldn't find file 'tibia_r.vtp'.
[2022-05-25 15:25:21.170] [warning] Couldn't find file 'fibula_r.vtp'.
[2022-05-25 15:25:21.170] [warning] Couldn't find file 'talus_rv.vtp'.
[2022-05-25 15:25:21.170] [warning] Couldn't find file 'calcaneous_rv.vtp'.
[2022-05-25 15:25:21.170] [warning] Couldn't find file 'model_r_midfoot.stl'.
[2022-05-25 15:25:21.170] [warning] Couldn't find file 'model_r_forefoot.stl'.
[2022-05-25 15:25:21.170] [warning] Couldn't find file 'model_r_toes.stl'.
[2022-05-25 15:25:21.170] [warning] Couldn't find file 'femur_l.vtp'.
[2022-05-25 15:25:21.170] [warning] Couldn't find file 'tibia_l.vtp'.
[2022-05-25 15:25:21.170] [warning] Couldn't find file 'fibula_l.vtp'.
[2022-05-25 15:25:21.171] [warning] Couldn't find file 'talus_lv.vtp'.
[2022-05-25 15:25:21.171] [warning] Couldn't find file 'calcaneous_lv.vtp'.
[2022-05-25 15:25:21.171] [warning] Couldn't find file 'model_l_midfoot.stl'.
[2022-05-25 15:25:21.171] [warning] Couldn't find file 'model_l_forefoot.stl'.
[2022-05-25 15:25:21.171] [warning] Couldn't find file 'model_l_toes.stl'.
[2022-05-25 15:25:21.171] [warning] Couldn't find file 'hat_spine.vtp'.
[2022-05-25 15:25:21.171] [warning] Couldn't find file 'hat_jaw.vtp'.
[2022-05-25 15:25:21.171] [warning] Couldn't find file 'hat_skull.vtp'.
[2022-05-25 15:25:21.171] [warning] Couldn't find file 'hat_ribs_scap.vtp'.
[2022-05-25 15:25:21.171] [warning] Couldn't find file 'humerus_rv.vtp'.
[2022-05-25 15:25:21.171] [warning] Couldn't find file 'ulna_rv.vtp'.
[2022-05-25 15:25:21.171] [warning] Couldn't find file 'radius_rv.vtp'.
[2022-05-25 15:25:21.171] [warning] Couldn't find file 'pisiform_rvs.vtp'.
[2022-05-25 15:25:21.171] [warning] Couldn't find file 'lunate_rvs.vtp'.
[2022-05-25 15:25:21.171] [warning] Couldn't find file 'scaphoid_rvs.vtp'.
[2022-05-25 15:25:21.172] [warning] Couldn't find file 'triquetrum_rvs.vtp'.
[2022-05-25 15:25:21.172] [warning] Couldn't find file 'hamate_rvs.vtp'.
[2022-05-25 15:25:21.172] [warning] Couldn't find file 'capitate_rvs.vtp'.
[2022-05-25 15:25:21.172] [warning] Couldn't find file 'trapezoid_rvs.vtp'.
[2022-05-25 15:25:21.172] [warning] Couldn't find file 'trapezium_rvs.vtp'.
[2022-05-25 15:25:21.172] [warning] Couldn't find file 'metacarpal2_rvs.vtp'.
[2022-05-25 15:25:21.172] [warning] Couldn't find file 'index_proximal_rvs.vtp'.
[2022-05-25 15:25:21.172] [warning] Couldn't find file 'index_medial_rvs.vtp'.
[2022-05-25 15:25:21.172] [warning] Couldn't find file 'index_distal_rvs.vtp'.
[2022-05-25 15:25:21.172] [warning] Couldn't find file 'metacarpal3_rvs.vtp'.
[2022-05-25 15:25:21.172] [warning] Couldn't find file 'middle_proximal_rvs.vtp'.
[2022-05-25 15:25:21.172] [warning] Couldn't find file 'middle_medial_rvs.vtp'.
[2022-05-25 15:25:21.172] [warning] Couldn't find file 'middle_distal_rvs.vtp'.
[2022-05-25 15:25:21.172] [warning] Couldn't find file 'metacarpal4_rvs.vtp'.
[2022-05-25 15:25:21.172] [warning] Couldn't find file 'ring_proximal_rvs.vtp'.
[2022-05-25 15:25:21.172] [warning] Couldn't find file 'ring_medial_rvs.vtp'.
[2022-05-25 15:25:21.172] [warning] Couldn't find file 'ring_distal_rvs.vtp'.
[2022-05-25 15:25:21.172] [warning] Couldn't find file 'metacarpal5_rvs.vtp'.
[2022-05-25 15:25:21.172] [warning] Couldn't find file 'little_proximal_rvs.vtp'.
[2022-05-25 15:25:21.173] [warning] Couldn't find file 'little_medial_rvs.vtp'.
[2022-05-25 15:25:21.173] [warning] Couldn't find file 'little_distal_rvs.vtp'.
[2022-05-25 15:25:21.173] [warning] Couldn't find file 'metacarpal1_rvs.vtp'.
[2022-05-25 15:25:21.173] [warning] Couldn't find file 'thumb_proximal_rvs.vtp'.
[2022-05-25 15:25:21.173] [warning] Couldn't find file 'thumb_distal_rvs.vtp'.
[2022-05-25 15:25:21.173] [warning] Couldn't find file 'humerus_lv.vtp'.
[2022-05-25 15:25:21.173] [warning] Couldn't find file 'ulna_lv.vtp'.
[2022-05-25 15:25:21.173] [warning] Couldn't find file 'radius_lv.vtp'.
[2022-05-25 15:25:21.173] [warning] Couldn't find file 'pisiform_lvs.vtp'.
[2022-05-25 15:25:21.173] [warning] Couldn't find file 'lunate_lvs.vtp'.
[2022-05-25 15:25:21.173] [warning] Couldn't find file 'scaphoid_lvs.vtp'.
[2022-05-25 15:25:21.173] [warning] Couldn't find file 'triquetrum_lvs.vtp'.
[2022-05-25 15:25:21.173] [warning] Couldn't find file 'hamate_lvs.vtp'.
[2022-05-25 15:25:21.173] [warning] Couldn't find file 'capitate_lvs.vtp'.
[2022-05-25 15:25:21.173] [warning] Couldn't find file 'trapezoid_lvs.vtp'.
[2022-05-25 15:25:21.173] [warning] Couldn't find file 'trapezium_lvs.vtp'.
[2022-05-25 15:25:21.173] [warning] Couldn't find file 'metacarpal2_lvs.vtp'.
[2022-05-25 15:25:21.174] [warning] Couldn't find file 'index_proximal_lvs.vtp'.
[2022-05-25 15:25:21.174] [warning] Couldn't find file 'index_medial_lvs.vtp'.
[2022-05-25 15:25:21.174] [warning] Couldn't find file 'index_distal_lvs.vtp'.
[2022-05-25 15:25:21.174] [warning] Couldn't find file 'metacarpal3_lvs.vtp'.
[2022-05-25 15:25:21.174] [warning] Couldn't find file 'middle_proximal_lvs.vtp'.
[2022-05-25 15:25:21.174] [warning] Couldn't find file 'middle_medial_lvs.vtp'.
[2022-05-25 15:25:21.174] [warning] Couldn't find file 'middle_distal_lvs.vtp'.
[2022-05-25 15:25:21.174] [warning] Couldn't find file 'metacarpal4_lvs.vtp'.
[2022-05-25 15:25:21.174] [warning] Couldn't find file 'ring_proximal_lvs.vtp'.
[2022-05-25 15:25:21.174] [warning] Couldn't find file 'ring_medial_lvs.vtp'.
[2022-05-25 15:25:21.174] [warning] Couldn't find file 'ring_distal_lvs.vtp'.
[2022-05-25 15:25:21.174] [warning] Couldn't find file 'metacarpal5_lvs.vtp'.
[2022-05-25 15:25:21.174] [warning] Couldn't find file 'little_proximal_lvs.vtp'.
[2022-05-25 15:25:21.174] [warning] Couldn't find file 'little_medial_lvs.vtp'.
[2022-05-25 15:25:21.174] [warning] Couldn't find file 'little_distal_lvs.vtp'.
[2022-05-25 15:25:21.174] [warning] Couldn't find file 'metacarpal1_lvs.vtp'.
[2022-05-25 15:25:21.174] [warning] Couldn't find file 'thumb_proximal_lvs.vtp'.
[2022-05-25 15:25:21.174] [warning] Couldn't find file 'thumb_distal_lvs.vtp'.
[2022-05-25 15:25:49.837] [info] Loaded model subject1_withMTJ_locked_scaled_custom from file C:\Users\u0150099\Documents\master_thesis\3dpredictsim\OpenSimModel\subject1\Fal_s1_mtjc2_sc_FDB2_MTc5_cspx10_oy2.osim
[2022-05-25 15:25:49.838] [warning] Couldn't find file 'sacrum.vtp'.
[2022-05-25 15:25:49.838] [warning] Couldn't find file 'pelvis.vtp'.
[2022-05-25 15:25:49.838] [warning] Couldn't find file 'l_pelvis.vtp'.
[2022-05-25 15:25:49.838] [warning] Couldn't find file 'femur_r.vtp'.
[2022-05-25 15:25:49.838] [warning] Couldn't find file 'tibia_r.vtp'.
[2022-05-25 15:25:49.838] [warning] Couldn't find file 'fibula_r.vtp'.
[2022-05-25 15:25:49.838] [warning] Couldn't find file 'talus_rv.vtp'.
[2022-05-25 15:25:49.838] [warning] Couldn't find file 'calcaneous_rv.vtp'.
[2022-05-25 15:25:49.838] [warning] Couldn't find file 'model_r_midfoot.stl'.
[2022-05-25 15:25:49.838] [warning] Couldn't find file 'model_r_forefoot.stl'.
[2022-05-25 15:25:49.838] [warning] Couldn't find file 'model_r_toes.stl'.
[2022-05-25 15:25:49.838] [warning] Couldn't find file 'femur_l.vtp'.
[2022-05-25 15:25:49.838] [warning] Couldn't find file 'tibia_l.vtp'.
[2022-05-25 15:25:49.838] [warning] Couldn't find file 'fibula_l.vtp'.
[2022-05-25 15:25:49.839] [warning] Couldn't find file 'talus_lv.vtp'.
[2022-05-25 15:25:49.839] [warning] Couldn't find file 'calcaneous_lv.vtp'.
[2022-05-25 15:25:49.839] [warning] Couldn't find file 'model_l_midfoot.stl'.
[2022-05-25 15:25:49.839] [warning] Couldn't find file 'model_l_forefoot.stl'.
[2022-05-25 15:25:49.839] [warning] Couldn't find file 'model_l_toes.stl'.
[2022-05-25 15:25:49.839] [warning] Couldn't find file 'hat_spine.vtp'.
[2022-05-25 15:25:49.839] [warning] Couldn't find file 'hat_jaw.vtp'.
[2022-05-25 15:25:49.839] [warning] Couldn't find file 'hat_skull.vtp'.
[2022-05-25 15:25:49.839] [warning] Couldn't find file 'hat_ribs_scap.vtp'.
[2022-05-25 15:25:49.839] [warning] Couldn't find file 'humerus_rv.vtp'.
[2022-05-25 15:25:49.839] [warning] Couldn't find file 'ulna_rv.vtp'.
[2022-05-25 15:25:49.839] [warning] Couldn't find file 'radius_rv.vtp'.
[2022-05-25 15:25:49.839] [warning] Couldn't find file 'pisiform_rvs.vtp'.
[2022-05-25 15:25:49.839] [warning] Couldn't find file 'lunate_rvs.vtp'.
[2022-05-25 15:25:49.839] [warning] Couldn't find file 'scaphoid_rvs.vtp'.
[2022-05-25 15:25:49.840] [warning] Couldn't find file 'triquetrum_rvs.vtp'.
[2022-05-25 15:25:49.840] [warning] Couldn't find file 'hamate_rvs.vtp'.
[2022-05-25 15:25:49.840] [warning] Couldn't find file 'capitate_rvs.vtp'.
[2022-05-25 15:25:49.840] [warning] Couldn't find file 'trapezoid_rvs.vtp'.
[2022-05-25 15:25:49.840] [warning] Couldn't find file 'trapezium_rvs.vtp'.
[2022-05-25 15:25:49.840] [warning] Couldn't find file 'metacarpal2_rvs.vtp'.
[2022-05-25 15:25:49.840] [warning] Couldn't find file 'index_proximal_rvs.vtp'.
[2022-05-25 15:25:49.840] [warning] Couldn't find file 'index_medial_rvs.vtp'.
[2022-05-25 15:25:49.840] [warning] Couldn't find file 'index_distal_rvs.vtp'.
[2022-05-25 15:25:49.840] [warning] Couldn't find file 'metacarpal3_rvs.vtp'.
[2022-05-25 15:25:49.840] [warning] Couldn't find file 'middle_proximal_rvs.vtp'.
[2022-05-25 15:25:49.840] [warning] Couldn't find file 'middle_medial_rvs.vtp'.
[2022-05-25 15:25:49.840] [warning] Couldn't find file 'middle_distal_rvs.vtp'.
[2022-05-25 15:25:49.840] [warning] Couldn't find file 'metacarpal4_rvs.vtp'.
[2022-05-25 15:25:49.840] [warning] Couldn't find file 'ring_proximal_rvs.vtp'.
[2022-05-25 15:25:49.840] [warning] Couldn't find file 'ring_medial_rvs.vtp'.
[2022-05-25 15:25:49.841] [warning] Couldn't find file 'ring_distal_rvs.vtp'.
[2022-05-25 15:25:49.841] [warning] Couldn't find file 'metacarpal5_rvs.vtp'.
[2022-05-25 15:25:49.841] [warning] Couldn't find file 'little_proximal_rvs.vtp'.
[2022-05-25 15:25:49.841] [warning] Couldn't find file 'little_medial_rvs.vtp'.
[2022-05-25 15:25:49.841] [warning] Couldn't find file 'little_distal_rvs.vtp'.
[2022-05-25 15:25:49.841] [warning] Couldn't find file 'metacarpal1_rvs.vtp'.
[2022-05-25 15:25:49.841] [warning] Couldn't find file 'thumb_proximal_rvs.vtp'.
[2022-05-25 15:25:49.841] [warning] Couldn't find file 'thumb_distal_rvs.vtp'.
[2022-05-25 15:25:49.841] [warning] Couldn't find file 'humerus_lv.vtp'.
[2022-05-25 15:25:49.841] [warning] Couldn't find file 'ulna_lv.vtp'.
[2022-05-25 15:25:49.841] [warning] Couldn't find file 'radius_lv.vtp'.
[2022-05-25 15:25:49.841] [warning] Couldn't find file 'pisiform_lvs.vtp'.
[2022-05-25 15:25:49.841] [warning] Couldn't find file 'lunate_lvs.vtp'.
[2022-05-25 15:25:49.841] [warning] Couldn't find file 'scaphoid_lvs.vtp'.
[2022-05-25 15:25:49.841] [warning] Couldn't find file 'triquetrum_lvs.vtp'.
[2022-05-25 15:25:49.841] [warning] Couldn't find file 'hamate_lvs.vtp'.
[2022-05-25 15:25:49.841] [warning] Couldn't find file 'capitate_lvs.vtp'.
[2022-05-25 15:25:49.842] [warning] Couldn't find file 'trapezoid_lvs.vtp'.
[2022-05-25 15:25:49.842] [warning] Couldn't find file 'trapezium_lvs.vtp'.
[2022-05-25 15:25:49.842] [warning] Couldn't find file 'metacarpal2_lvs.vtp'.
[2022-05-25 15:25:49.842] [warning] Couldn't find file 'index_proximal_lvs.vtp'.
[2022-05-25 15:25:49.842] [warning] Couldn't find file 'index_medial_lvs.vtp'.
[2022-05-25 15:25:49.842] [warning] Couldn't find file 'index_distal_lvs.vtp'.
[2022-05-25 15:25:49.842] [warning] Couldn't find file 'metacarpal3_lvs.vtp'.
[2022-05-25 15:25:49.842] [warning] Couldn't find file 'middle_proximal_lvs.vtp'.
[2022-05-25 15:25:49.842] [warning] Couldn't find file 'middle_medial_lvs.vtp'.
[2022-05-25 15:25:49.842] [warning] Couldn't find file 'middle_distal_lvs.vtp'.
[2022-05-25 15:25:49.842] [warning] Couldn't find file 'metacarpal4_lvs.vtp'.
[2022-05-25 15:25:49.842] [warning] Couldn't find file 'ring_proximal_lvs.vtp'.
[2022-05-25 15:25:49.842] [warning] Couldn't find file 'ring_medial_lvs.vtp'.
[2022-05-25 15:25:49.842] [warning] Couldn't find file 'ring_distal_lvs.vtp'.
[2022-05-25 15:25:49.842] [warning] Couldn't find file 'metacarpal5_lvs.vtp'.
[2022-05-25 15:25:49.842] [warning] Couldn't find file 'little_proximal_lvs.vtp'.
[2022-05-25 15:25:49.842] [warning] Couldn't find file 'little_medial_lvs.vtp'.
[2022-05-25 15:25:49.843] [warning] Couldn't find file 'little_distal_lvs.vtp'.
[2022-05-25 15:25:49.843] [warning] Couldn't find file 'metacarpal1_lvs.vtp'.
[2022-05-25 15:25:49.843] [warning] Couldn't find file 'thumb_proximal_lvs.vtp'.
[2022-05-25 15:25:49.843] [warning] Couldn't find file 'thumb_distal_lvs.vtp'.
[2022-05-25 15:25:50.294] [info] Loaded model subject1_withMTJ_locked_scaled_custom from file C:\Users\u0150099\Documents\master_thesis\3dpredictsim\OpenSimModel\subject1\Fal_s1_mtjc2_sc_FDB2_MTc5_cspx10_oy2.osim
[2022-05-25 15:25:50.294] [warning] Couldn't find file 'sacrum.vtp'.
[2022-05-25 15:25:50.294] [warning] Couldn't find file 'pelvis.vtp'.
[2022-05-25 15:25:50.294] [warning] Couldn't find file 'l_pelvis.vtp'.
[2022-05-25 15:25:50.294] [warning] Couldn't find file 'femur_r.vtp'.
[2022-05-25 15:25:50.294] [warning] Couldn't find file 'tibia_r.vtp'.
[2022-05-25 15:25:50.294] [warning] Couldn't find file 'fibula_r.vtp'.
[2022-05-25 15:25:50.294] [warning] Couldn't find file 'talus_rv.vtp'.
[2022-05-25 15:25:50.295] [warning] Couldn't find file 'calcaneous_rv.vtp'.
[2022-05-25 15:25:50.295] [warning] Couldn't find file 'model_r_midfoot.stl'.
[2022-05-25 15:25:50.295] [warning] Couldn't find file 'model_r_forefoot.stl'.
[2022-05-25 15:25:50.295] [warning] Couldn't find file 'model_r_toes.stl'.
[2022-05-25 15:25:50.295] [warning] Couldn't find file 'femur_l.vtp'.
[2022-05-25 15:25:50.295] [warning] Couldn't find file 'tibia_l.vtp'.
[2022-05-25 15:25:50.295] [warning] Couldn't find file 'fibula_l.vtp'.
[2022-05-25 15:25:50.295] [warning] Couldn't find file 'talus_lv.vtp'.
[2022-05-25 15:25:50.295] [warning] Couldn't find file 'calcaneous_lv.vtp'.
[2022-05-25 15:25:50.295] [warning] Couldn't find file 'model_l_midfoot.stl'.
[2022-05-25 15:25:50.295] [warning] Couldn't find file 'model_l_forefoot.stl'.
[2022-05-25 15:25:50.295] [warning] Couldn't find file 'model_l_toes.stl'.
[2022-05-25 15:25:50.295] [warning] Couldn't find file 'hat_spine.vtp'.
[2022-05-25 15:25:50.295] [warning] Couldn't find file 'hat_jaw.vtp'.
[2022-05-25 15:25:50.295] [warning] Couldn't find file 'hat_skull.vtp'.
[2022-05-25 15:25:50.295] [warning] Couldn't find file 'hat_ribs_scap.vtp'.
[2022-05-25 15:25:50.296] [warning] Couldn't find file 'humerus_rv.vtp'.
[2022-05-25 15:25:50.296] [warning] Couldn't find file 'ulna_rv.vtp'.
[2022-05-25 15:25:50.296] [warning] Couldn't find file 'radius_rv.vtp'.
[2022-05-25 15:25:50.296] [warning] Couldn't find file 'pisiform_rvs.vtp'.
[2022-05-25 15:25:50.296] [warning] Couldn't find file 'lunate_rvs.vtp'.
[2022-05-25 15:25:50.296] [warning] Couldn't find file 'scaphoid_rvs.vtp'.
[2022-05-25 15:25:50.296] [warning] Couldn't find file 'triquetrum_rvs.vtp'.
[2022-05-25 15:25:50.296] [warning] Couldn't find file 'hamate_rvs.vtp'.
[2022-05-25 15:25:50.296] [warning] Couldn't find file 'capitate_rvs.vtp'.
[2022-05-25 15:25:50.296] [warning] Couldn't find file 'trapezoid_rvs.vtp'.
[2022-05-25 15:25:50.296] [warning] Couldn't find file 'trapezium_rvs.vtp'.
[2022-05-25 15:25:50.296] [warning] Couldn't find file 'metacarpal2_rvs.vtp'.
[2022-05-25 15:25:50.296] [warning] Couldn't find file 'index_proximal_rvs.vtp'.
[2022-05-25 15:25:50.296] [warning] Couldn't find file 'index_medial_rvs.vtp'.
[2022-05-25 15:25:50.296] [warning] Couldn't find file 'index_distal_rvs.vtp'.
[2022-05-25 15:25:50.296] [warning] Couldn't find file 'metacarpal3_rvs.vtp'.
[2022-05-25 15:25:50.296] [warning] Couldn't find file 'middle_proximal_rvs.vtp'.
[2022-05-25 15:25:50.297] [warning] Couldn't find file 'middle_medial_rvs.vtp'.
[2022-05-25 15:25:50.297] [warning] Couldn't find file 'middle_distal_rvs.vtp'.
[2022-05-25 15:25:50.297] [warning] Couldn't find file 'metacarpal4_rvs.vtp'.
[2022-05-25 15:25:50.297] [warning] Couldn't find file 'ring_proximal_rvs.vtp'.
[2022-05-25 15:25:50.297] [warning] Couldn't find file 'ring_medial_rvs.vtp'.
[2022-05-25 15:25:50.297] [warning] Couldn't find file 'ring_distal_rvs.vtp'.
[2022-05-25 15:25:50.297] [warning] Couldn't find file 'metacarpal5_rvs.vtp'.
[2022-05-25 15:25:50.297] [warning] Couldn't find file 'little_proximal_rvs.vtp'.
[2022-05-25 15:25:50.297] [warning] Couldn't find file 'little_medial_rvs.vtp'.
[2022-05-25 15:25:50.297] [warning] Couldn't find file 'little_distal_rvs.vtp'.
[2022-05-25 15:25:50.297] [warning] Couldn't find file 'metacarpal1_rvs.vtp'.
[2022-05-25 15:25:50.297] [warning] Couldn't find file 'thumb_proximal_rvs.vtp'.
[2022-05-25 15:25:50.297] [warning] Couldn't find file 'thumb_distal_rvs.vtp'.
[2022-05-25 15:25:50.297] [warning] Couldn't find file 'humerus_lv.vtp'.
[2022-05-25 15:25:50.297] [warning] Couldn't find file 'ulna_lv.vtp'.
[2022-05-25 15:25:50.297] [warning] Couldn't find file 'radius_lv.vtp'.
[2022-05-25 15:25:50.297] [warning] Couldn't find file 'pisiform_lvs.vtp'.
[2022-05-25 15:25:50.298] [warning] Couldn't find file 'lunate_lvs.vtp'.
[2022-05-25 15:25:50.298] [warning] Couldn't find file 'scaphoid_lvs.vtp'.
[2022-05-25 15:25:50.298] [warning] Couldn't find file 'triquetrum_lvs.vtp'.
[2022-05-25 15:25:50.298] [warning] Couldn't find file 'hamate_lvs.vtp'.
[2022-05-25 15:25:50.298] [warning] Couldn't find file 'capitate_lvs.vtp'.
[2022-05-25 15:25:50.298] [warning] Couldn't find file 'trapezoid_lvs.vtp'.
[2022-05-25 15:25:50.298] [warning] Couldn't find file 'trapezium_lvs.vtp'.
[2022-05-25 15:25:50.298] [warning] Couldn't find file 'metacarpal2_lvs.vtp'.
[2022-05-25 15:25:50.298] [warning] Couldn't find file 'index_proximal_lvs.vtp'.
[2022-05-25 15:25:50.298] [warning] Couldn't find file 'index_medial_lvs.vtp'.
[2022-05-25 15:25:50.298] [warning] Couldn't find file 'index_distal_lvs.vtp'.
[2022-05-25 15:25:50.298] [warning] Couldn't find file 'metacarpal3_lvs.vtp'.
[2022-05-25 15:25:50.298] [warning] Couldn't find file 'middle_proximal_lvs.vtp'.
[2022-05-25 15:25:50.298] [warning] Couldn't find file 'middle_medial_lvs.vtp'.
[2022-05-25 15:25:50.298] [warning] Couldn't find file 'middle_distal_lvs.vtp'.
[2022-05-25 15:25:50.298] [warning] Couldn't find file 'metacarpal4_lvs.vtp'.
[2022-05-25 15:25:50.298] [warning] Couldn't find file 'ring_proximal_lvs.vtp'.
[2022-05-25 15:25:50.298] [warning] Couldn't find file 'ring_medial_lvs.vtp'.
[2022-05-25 15:25:50.299] [warning] Couldn't find file 'ring_distal_lvs.vtp'.
[2022-05-25 15:25:50.299] [warning] Couldn't find file 'metacarpal5_lvs.vtp'.
[2022-05-25 15:25:50.299] [warning] Couldn't find file 'little_proximal_lvs.vtp'.
[2022-05-25 15:25:50.299] [warning] Couldn't find file 'little_medial_lvs.vtp'.
[2022-05-25 15:25:50.299] [warning] Couldn't find file 'little_distal_lvs.vtp'.
[2022-05-25 15:25:50.299] [warning] Couldn't find file 'metacarpal1_lvs.vtp'.
[2022-05-25 15:25:50.299] [warning] Couldn't find file 'thumb_proximal_lvs.vtp'.
[2022-05-25 15:25:50.299] [warning] Couldn't find file 'thumb_distal_lvs.vtp'.
[2022-05-25 15:42:34.500] [info] Loaded model subject1_withMTJ_locked_scaled_custom from file C:\Users\u0150099\Documents\master_thesis\3dpredictsim\OpenSimModel\subject1\Fal_s1_mtjc2_sc_FDB2_MTc5_cspx10_oy2.osim
[2022-05-25 15:42:34.501] [warning] Couldn't find file 'sacrum.vtp'.
[2022-05-25 15:42:34.501] [warning] Couldn't find file 'pelvis.vtp'.
[2022-05-25 15:42:34.501] [warning] Couldn't find file 'l_pelvis.vtp'.
[2022-05-25 15:42:34.501] [warning] Couldn't find file 'femur_r.vtp'.
[2022-05-25 15:42:34.501] [warning] Couldn't find file 'tibia_r.vtp'.
[2022-05-25 15:42:34.501] [warning] Couldn't find file 'fibula_r.vtp'.
[2022-05-25 15:42:34.501] [warning] Couldn't find file 'talus_rv.vtp'.
[2022-05-25 15:42:34.501] [warning] Couldn't find file 'calcaneous_rv.vtp'.
[2022-05-25 15:42:34.501] [warning] Couldn't find file 'model_r_midfoot.stl'.
[2022-05-25 15:42:34.502] [warning] Couldn't find file 'model_r_forefoot.stl'.
[2022-05-25 15:42:34.502] [warning] Couldn't find file 'model_r_toes.stl'.
[2022-05-25 15:42:34.502] [warning] Couldn't find file 'femur_l.vtp'.
[2022-05-25 15:42:34.502] [warning] Couldn't find file 'tibia_l.vtp'.
[2022-05-25 15:42:34.502] [warning] Couldn't find file 'fibula_l.vtp'.
[2022-05-25 15:42:34.502] [warning] Couldn't find file 'talus_lv.vtp'.
[2022-05-25 15:42:34.502] [warning] Couldn't find file 'calcaneous_lv.vtp'.
[2022-05-25 15:42:34.502] [warning] Couldn't find file 'model_l_midfoot.stl'.
[2022-05-25 15:42:34.502] [warning] Couldn't find file 'model_l_forefoot.stl'.
[2022-05-25 15:42:34.502] [warning] Couldn't find file 'model_l_toes.stl'.
[2022-05-25 15:42:34.502] [warning] Couldn't find file 'hat_spine.vtp'.
[2022-05-25 15:42:34.502] [warning] Couldn't find file 'hat_jaw.vtp'.
[2022-05-25 15:42:34.502] [warning] Couldn't find file 'hat_skull.vtp'.
[2022-05-25 15:42:34.502] [warning] Couldn't find file 'hat_ribs_scap.vtp'.
[2022-05-25 15:42:34.502] [warning] Couldn't find file 'humerus_rv.vtp'.
[2022-05-25 15:42:34.502] [warning] Couldn't find file 'ulna_rv.vtp'.
[2022-05-25 15:42:34.503] [warning] Couldn't find file 'radius_rv.vtp'.
[2022-05-25 15:42:34.503] [warning] Couldn't find file 'pisiform_rvs.vtp'.
[2022-05-25 15:42:34.503] [warning] Couldn't find file 'lunate_rvs.vtp'.
[2022-05-25 15:42:34.503] [warning] Couldn't find file 'scaphoid_rvs.vtp'.
[2022-05-25 15:42:34.503] [warning] Couldn't find file 'triquetrum_rvs.vtp'.
[2022-05-25 15:42:34.503] [warning] Couldn't find file 'hamate_rvs.vtp'.
[2022-05-25 15:42:34.503] [warning] Couldn't find file 'capitate_rvs.vtp'.
[2022-05-25 15:42:34.503] [warning] Couldn't find file 'trapezoid_rvs.vtp'.
[2022-05-25 15:42:34.503] [warning] Couldn't find file 'trapezium_rvs.vtp'.
[2022-05-25 15:42:34.503] [warning] Couldn't find file 'metacarpal2_rvs.vtp'.
[2022-05-25 15:42:34.503] [warning] Couldn't find file 'index_proximal_rvs.vtp'.
[2022-05-25 15:42:34.503] [warning] Couldn't find file 'index_medial_rvs.vtp'.
[2022-05-25 15:42:34.503] [warning] Couldn't find file 'index_distal_rvs.vtp'.
[2022-05-25 15:42:34.503] [warning] Couldn't find file 'metacarpal3_rvs.vtp'.
[2022-05-25 15:42:34.503] [warning] Couldn't find file 'middle_proximal_rvs.vtp'.
[2022-05-25 15:42:34.503] [warning] Couldn't find file 'middle_medial_rvs.vtp'.
[2022-05-25 15:42:34.503] [warning] Couldn't find file 'middle_distal_rvs.vtp'.
[2022-05-25 15:42:34.503] [warning] Couldn't find file 'metacarpal4_rvs.vtp'.
[2022-05-25 15:42:34.504] [warning] Couldn't find file 'ring_proximal_rvs.vtp'.
[2022-05-25 15:42:34.504] [warning] Couldn't find file 'ring_medial_rvs.vtp'.
[2022-05-25 15:42:34.504] [warning] Couldn't find file 'ring_distal_rvs.vtp'.
[2022-05-25 15:42:34.504] [warning] Couldn't find file 'metacarpal5_rvs.vtp'.
[2022-05-25 15:42:34.504] [warning] Couldn't find file 'little_proximal_rvs.vtp'.
[2022-05-25 15:42:34.504] [warning] Couldn't find file 'little_medial_rvs.vtp'.
[2022-05-25 15:42:34.504] [warning] Couldn't find file 'little_distal_rvs.vtp'.
[2022-05-25 15:42:34.504] [warning] Couldn't find file 'metacarpal1_rvs.vtp'.
[2022-05-25 15:42:34.504] [warning] Couldn't find file 'thumb_proximal_rvs.vtp'.
[2022-05-25 15:42:34.504] [warning] Couldn't find file 'thumb_distal_rvs.vtp'.
[2022-05-25 15:42:34.504] [warning] Couldn't find file 'humerus_lv.vtp'.
[2022-05-25 15:42:34.504] [warning] Couldn't find file 'ulna_lv.vtp'.
[2022-05-25 15:42:34.504] [warning] Couldn't find file 'radius_lv.vtp'.
[2022-05-25 15:42:34.504] [warning] Couldn't find file 'pisiform_lvs.vtp'.
[2022-05-25 15:42:34.504] [warning] Couldn't find file 'lunate_lvs.vtp'.
[2022-05-25 15:42:34.504] [warning] Couldn't find file 'scaphoid_lvs.vtp'.
[2022-05-25 15:42:34.504] [warning] Couldn't find file 'triquetrum_lvs.vtp'.
[2022-05-25 15:42:34.504] [warning] Couldn't find file 'hamate_lvs.vtp'.
[2022-05-25 15:42:34.505] [warning] Couldn't find file 'capitate_lvs.vtp'.
[2022-05-25 15:42:34.505] [warning] Couldn't find file 'trapezoid_lvs.vtp'.
[2022-05-25 15:42:34.505] [warning] Couldn't find file 'trapezium_lvs.vtp'.
[2022-05-25 15:42:34.505] [warning] Couldn't find file 'metacarpal2_lvs.vtp'.
[2022-05-25 15:42:34.505] [warning] Couldn't find file 'index_proximal_lvs.vtp'.
[2022-05-25 15:42:34.505] [warning] Couldn't find file 'index_medial_lvs.vtp'.
[2022-05-25 15:42:34.505] [warning] Couldn't find file 'index_distal_lvs.vtp'.
[2022-05-25 15:42:34.505] [warning] Couldn't find file 'metacarpal3_lvs.vtp'.
[2022-05-25 15:42:34.505] [warning] Couldn't find file 'middle_proximal_lvs.vtp'.
[2022-05-25 15:42:34.505] [warning] Couldn't find file 'middle_medial_lvs.vtp'.
[2022-05-25 15:42:34.505] [warning] Couldn't find file 'middle_distal_lvs.vtp'.
[2022-05-25 15:42:34.505] [warning] Couldn't find file 'metacarpal4_lvs.vtp'.
[2022-05-25 15:42:34.505] [warning] Couldn't find file 'ring_proximal_lvs.vtp'.
[2022-05-25 15:42:34.505] [warning] Couldn't find file 'ring_medial_lvs.vtp'.
[2022-05-25 15:42:34.505] [warning] Couldn't find file 'ring_distal_lvs.vtp'.
[2022-05-25 15:42:34.505] [warning] Couldn't find file 'metacarpal5_lvs.vtp'.
[2022-05-25 15:42:34.505] [warning] Couldn't find file 'little_proximal_lvs.vtp'.
[2022-05-25 15:42:34.506] [warning] Couldn't find file 'little_medial_lvs.vtp'.
[2022-05-25 15:42:34.506] [warning] Couldn't find file 'little_distal_lvs.vtp'.
[2022-05-25 15:42:34.506] [warning] Couldn't find file 'metacarpal1_lvs.vtp'.
[2022-05-25 15:42:34.506] [warning] Couldn't find file 'thumb_proximal_lvs.vtp'.
[2022-05-25 15:42:34.506] [warning] Couldn't find file 'thumb_distal_lvs.vtp'.
[2022-05-27 09:13:04.738] [info] Loaded model subject1_withMTJ_locked_scaled_custom from file C:\Users\u0150099\Documents\master_thesis\3dpredictsim\OpenSimModel\subject1\Fal_s1_mtjc2_sc_FDB2_MTc5_cspx10_oy2.osim
[2022-05-27 09:13:04.740] [warning] Couldn't find file 'sacrum.vtp'.
[2022-05-27 09:13:04.740] [warning] Couldn't find file 'pelvis.vtp'.
[2022-05-27 09:13:04.740] [warning] Couldn't find file 'l_pelvis.vtp'.
[2022-05-27 09:13:04.740] [warning] Couldn't find file 'femur_r.vtp'.
[2022-05-27 09:13:04.740] [warning] Couldn't find file 'tibia_r.vtp'.
[2022-05-27 09:13:04.740] [warning] Couldn't find file 'fibula_r.vtp'.
[2022-05-27 09:13:04.740] [warning] Couldn't find file 'talus_rv.vtp'.
[2022-05-27 09:13:04.740] [warning] Couldn't find file 'calcaneous_rv.vtp'.
[2022-05-27 09:13:04.740] [warning] Couldn't find file 'model_r_midfoot.stl'.
[2022-05-27 09:13:04.740] [warning] Couldn't find file 'model_r_forefoot.stl'.
[2022-05-27 09:13:04.740] [warning] Couldn't find file 'model_r_toes.stl'.
[2022-05-27 09:13:04.741] [warning] Couldn't find file 'femur_l.vtp'.
[2022-05-27 09:13:04.741] [warning] Couldn't find file 'tibia_l.vtp'.
[2022-05-27 09:13:04.741] [warning] Couldn't find file 'fibula_l.vtp'.
[2022-05-27 09:13:04.741] [warning] Couldn't find file 'talus_lv.vtp'.
[2022-05-27 09:13:04.741] [warning] Couldn't find file 'calcaneous_lv.vtp'.
[2022-05-27 09:13:04.741] [warning] Couldn't find file 'model_l_midfoot.stl'.
[2022-05-27 09:13:04.741] [warning] Couldn't find file 'model_l_forefoot.stl'.
[2022-05-27 09:13:04.741] [warning] Couldn't find file 'model_l_toes.stl'.
[2022-05-27 09:13:04.741] [warning] Couldn't find file 'hat_spine.vtp'.
[2022-05-27 09:13:04.741] [warning] Couldn't find file 'hat_jaw.vtp'.
[2022-05-27 09:13:04.741] [warning] Couldn't find file 'hat_skull.vtp'.
[2022-05-27 09:13:04.741] [warning] Couldn't find file 'hat_ribs_scap.vtp'.
[2022-05-27 09:13:04.741] [warning] Couldn't find file 'humerus_rv.vtp'.
[2022-05-27 09:13:04.741] [warning] Couldn't find file 'ulna_rv.vtp'.
[2022-05-27 09:13:04.741] [warning] Couldn't find file 'radius_rv.vtp'.
[2022-05-27 09:13:04.741] [warning] Couldn't find file 'pisiform_rvs.vtp'.
[2022-05-27 09:13:04.741] [warning] Couldn't find file 'lunate_rvs.vtp'.
[2022-05-27 09:13:04.742] [warning] Couldn't find file 'scaphoid_rvs.vtp'.
[2022-05-27 09:13:04.742] [warning] Couldn't find file 'triquetrum_rvs.vtp'.
[2022-05-27 09:13:04.742] [warning] Couldn't find file 'hamate_rvs.vtp'.
[2022-05-27 09:13:04.742] [warning] Couldn't find file 'capitate_rvs.vtp'.
[2022-05-27 09:13:04.742] [warning] Couldn't find file 'trapezoid_rvs.vtp'.
[2022-05-27 09:13:04.742] [warning] Couldn't find file 'trapezium_rvs.vtp'.
[2022-05-27 09:13:04.742] [warning] Couldn't find file 'metacarpal2_rvs.vtp'.
[2022-05-27 09:13:04.742] [warning] Couldn't find file 'index_proximal_rvs.vtp'.
[2022-05-27 09:13:04.742] [warning] Couldn't find file 'index_medial_rvs.vtp'.
[2022-05-27 09:13:04.742] [warning] Couldn't find file 'index_distal_rvs.vtp'.
[2022-05-27 09:13:04.742] [warning] Couldn't find file 'metacarpal3_rvs.vtp'.
[2022-05-27 09:13:04.742] [warning] Couldn't find file 'middle_proximal_rvs.vtp'.
[2022-05-27 09:13:04.742] [warning] Couldn't find file 'middle_medial_rvs.vtp'.
[2022-05-27 09:13:04.742] [warning] Couldn't find file 'middle_distal_rvs.vtp'.
[2022-05-27 09:13:04.742] [warning] Couldn't find file 'metacarpal4_rvs.vtp'.
[2022-05-27 09:13:04.742] [warning] Couldn't find file 'ring_proximal_rvs.vtp'.
[2022-05-27 09:13:04.742] [warning] Couldn't find file 'ring_medial_rvs.vtp'.
[2022-05-27 09:13:04.743] [warning] Couldn't find file 'ring_distal_rvs.vtp'.
[2022-05-27 09:13:04.743] [warning] Couldn't find file 'metacarpal5_rvs.vtp'.
[2022-05-27 09:13:04.743] [warning] Couldn't find file 'little_proximal_rvs.vtp'.
[2022-05-27 09:13:04.743] [warning] Couldn't find file 'little_medial_rvs.vtp'.
[2022-05-27 09:13:04.743] [warning] Couldn't find file 'little_distal_rvs.vtp'.
[2022-05-27 09:13:04.743] [warning] Couldn't find file 'metacarpal1_rvs.vtp'.
[2022-05-27 09:13:04.743] [warning] Couldn't find file 'thumb_proximal_rvs.vtp'.
[2022-05-27 09:13:04.743] [warning] Couldn't find file 'thumb_distal_rvs.vtp'.
[2022-05-27 09:13:04.743] [warning] Couldn't find file 'humerus_lv.vtp'.
[2022-05-27 09:13:04.743] [warning] Couldn't find file 'ulna_lv.vtp'.
[2022-05-27 09:13:04.743] [warning] Couldn't find file 'radius_lv.vtp'.
[2022-05-27 09:13:04.743] [warning] Couldn't find file 'pisiform_lvs.vtp'.
[2022-05-27 09:13:04.743] [warning] Couldn't find file 'lunate_lvs.vtp'.
[2022-05-27 09:13:04.743] [warning] Couldn't find file 'scaphoid_lvs.vtp'.
[2022-05-27 09:13:04.743] [warning] Couldn't find file 'triquetrum_lvs.vtp'.
[2022-05-27 09:13:04.743] [warning] Couldn't find file 'hamate_lvs.vtp'.
[2022-05-27 09:13:04.743] [warning] Couldn't find file 'capitate_lvs.vtp'.
[2022-05-27 09:13:04.744] [warning] Couldn't find file 'trapezoid_lvs.vtp'.
[2022-05-27 09:13:04.744] [warning] Couldn't find file 'trapezium_lvs.vtp'.
[2022-05-27 09:13:04.744] [warning] Couldn't find file 'metacarpal2_lvs.vtp'.
[2022-05-27 09:13:04.744] [warning] Couldn't find file 'index_proximal_lvs.vtp'.
[2022-05-27 09:13:04.744] [warning] Couldn't find file 'index_medial_lvs.vtp'.
[2022-05-27 09:13:04.744] [warning] Couldn't find file 'index_distal_lvs.vtp'.
[2022-05-27 09:13:04.744] [warning] Couldn't find file 'metacarpal3_lvs.vtp'.
[2022-05-27 09:13:04.744] [warning] Couldn't find file 'middle_proximal_lvs.vtp'.
[2022-05-27 09:13:04.744] [warning] Couldn't find file 'middle_medial_lvs.vtp'.
[2022-05-27 09:13:04.744] [warning] Couldn't find file 'middle_distal_lvs.vtp'.
[2022-05-27 09:13:04.744] [warning] Couldn't find file 'metacarpal4_lvs.vtp'.
[2022-05-27 09:13:04.744] [warning] Couldn't find file 'ring_proximal_lvs.vtp'.
[2022-05-27 09:13:04.744] [warning] Couldn't find file 'ring_medial_lvs.vtp'.
[2022-05-27 09:13:04.744] [warning] Couldn't find file 'ring_distal_lvs.vtp'.
[2022-05-27 09:13:04.744] [warning] Couldn't find file 'metacarpal5_lvs.vtp'.
[2022-05-27 09:13:04.744] [warning] Couldn't find file 'little_proximal_lvs.vtp'.
[2022-05-27 09:13:04.744] [warning] Couldn't find file 'little_medial_lvs.vtp'.
[2022-05-27 09:13:04.744] [warning] Couldn't find file 'little_distal_lvs.vtp'.
[2022-05-27 09:13:04.745] [warning] Couldn't find file 'metacarpal1_lvs.vtp'.
[2022-05-27 09:13:04.745] [warning] Couldn't find file 'thumb_proximal_lvs.vtp'.
[2022-05-27 09:13:04.745] [warning] Couldn't find file 'thumb_distal_lvs.vtp'.
[2022-05-27 09:13:05.231] [info] Loaded model subject1_withMTJ_locked_scaled_custom from file C:\Users\u0150099\Documents\master_thesis\3dpredictsim\OpenSimModel\subject1\Fal_s1_mtjc2_sc_FDB2_MTc5_cspx10_oy2.osim
[2022-05-27 09:13:05.232] [warning] Couldn't find file 'sacrum.vtp'.
[2022-05-27 09:13:05.232] [warning] Couldn't find file 'pelvis.vtp'.
[2022-05-27 09:13:05.232] [warning] Couldn't find file 'l_pelvis.vtp'.
[2022-05-27 09:13:05.232] [warning] Couldn't find file 'femur_r.vtp'.
[2022-05-27 09:13:05.232] [warning] Couldn't find file 'tibia_r.vtp'.
[2022-05-27 09:13:05.232] [warning] Couldn't find file 'fibula_r.vtp'.
[2022-05-27 09:13:05.232] [warning] Couldn't find file 'talus_rv.vtp'.
[2022-05-27 09:13:05.232] [warning] Couldn't find file 'calcaneous_rv.vtp'.
[2022-05-27 09:13:05.232] [warning] Couldn't find file 'model_r_midfoot.stl'.
[2022-05-27 09:13:05.232] [warning] Couldn't find file 'model_r_forefoot.stl'.
[2022-05-27 09:13:05.232] [warning] Couldn't find file 'model_r_toes.stl'.
[2022-05-27 09:13:05.232] [warning] Couldn't find file 'femur_l.vtp'.
[2022-05-27 09:13:05.232] [warning] Couldn't find file 'tibia_l.vtp'.
[2022-05-27 09:13:05.232] [warning] Couldn't find file 'fibula_l.vtp'.
[2022-05-27 09:13:05.232] [warning] Couldn't find file 'talus_lv.vtp'.
[2022-05-27 09:13:05.233] [warning] Couldn't find file 'calcaneous_lv.vtp'.
[2022-05-27 09:13:05.233] [warning] Couldn't find file 'model_l_midfoot.stl'.
[2022-05-27 09:13:05.233] [warning] Couldn't find file 'model_l_forefoot.stl'.
[2022-05-27 09:13:05.233] [warning] Couldn't find file 'model_l_toes.stl'.
[2022-05-27 09:13:05.233] [warning] Couldn't find file 'hat_spine.vtp'.
[2022-05-27 09:13:05.233] [warning] Couldn't find file 'hat_jaw.vtp'.
[2022-05-27 09:13:05.233] [warning] Couldn't find file 'hat_skull.vtp'.
[2022-05-27 09:13:05.233] [warning] Couldn't find file 'hat_ribs_scap.vtp'.
[2022-05-27 09:13:05.233] [warning] Couldn't find file 'humerus_rv.vtp'.
[2022-05-27 09:13:05.233] [warning] Couldn't find file 'ulna_rv.vtp'.
[2022-05-27 09:13:05.233] [warning] Couldn't find file 'radius_rv.vtp'.
[2022-05-27 09:13:05.233] [warning] Couldn't find file 'pisiform_rvs.vtp'.
[2022-05-27 09:13:05.233] [warning] Couldn't find file 'lunate_rvs.vtp'.
[2022-05-27 09:13:05.233] [warning] Couldn't find file 'scaphoid_rvs.vtp'.
[2022-05-27 09:13:05.233] [warning] Couldn't find file 'triquetrum_rvs.vtp'.
[2022-05-27 09:13:05.233] [warning] Couldn't find file 'hamate_rvs.vtp'.
[2022-05-27 09:13:05.233] [warning] Couldn't find file 'capitate_rvs.vtp'.
[2022-05-27 09:13:05.234] [warning] Couldn't find file 'trapezoid_rvs.vtp'.
[2022-05-27 09:13:05.234] [warning] Couldn't find file 'trapezium_rvs.vtp'.
[2022-05-27 09:13:05.234] [warning] Couldn't find file 'metacarpal2_rvs.vtp'.
[2022-05-27 09:13:05.234] [warning] Couldn't find file 'index_proximal_rvs.vtp'.
[2022-05-27 09:13:05.234] [warning] Couldn't find file 'index_medial_rvs.vtp'.
[2022-05-27 09:13:05.234] [warning] Couldn't find file 'index_distal_rvs.vtp'.
[2022-05-27 09:13:05.234] [warning] Couldn't find file 'metacarpal3_rvs.vtp'.
[2022-05-27 09:13:05.234] [warning] Couldn't find file 'middle_proximal_rvs.vtp'.
[2022-05-27 09:13:05.234] [warning] Couldn't find file 'middle_medial_rvs.vtp'.
[2022-05-27 09:13:05.234] [warning] Couldn't find file 'middle_distal_rvs.vtp'.
[2022-05-27 09:13:05.234] [warning] Couldn't find file 'metacarpal4_rvs.vtp'.
[2022-05-27 09:13:05.234] [warning] Couldn't find file 'ring_proximal_rvs.vtp'.
[2022-05-27 09:13:05.234] [warning] Couldn't find file 'ring_medial_rvs.vtp'.
[2022-05-27 09:13:05.234] [warning] Couldn't find file 'ring_distal_rvs.vtp'.
[2022-05-27 09:13:05.234] [warning] Couldn't find file 'metacarpal5_rvs.vtp'.
[2022-05-27 09:13:05.234] [warning] Couldn't find file 'little_proximal_rvs.vtp'.
[2022-05-27 09:13:05.234] [warning] Couldn't find file 'little_medial_rvs.vtp'.
[2022-05-27 09:13:05.234] [warning] Couldn't find file 'little_distal_rvs.vtp'.
[2022-05-27 09:13:05.234] [warning] Couldn't find file 'metacarpal1_rvs.vtp'.
[2022-05-27 09:13:05.235] [warning] Couldn't find file 'thumb_proximal_rvs.vtp'.
[2022-05-27 09:13:05.235] [warning] Couldn't find file 'thumb_distal_rvs.vtp'.
[2022-05-27 09:13:05.235] [warning] Couldn't find file 'humerus_lv.vtp'.
[2022-05-27 09:13:05.235] [warning] Couldn't find file 'ulna_lv.vtp'.
[2022-05-27 09:13:05.235] [warning] Couldn't find file 'radius_lv.vtp'.
[2022-05-27 09:13:05.235] [warning] Couldn't find file 'pisiform_lvs.vtp'.
[2022-05-27 09:13:05.235] [warning] Couldn't find file 'lunate_lvs.vtp'.
[2022-05-27 09:13:05.235] [warning] Couldn't find file 'scaphoid_lvs.vtp'.
[2022-05-27 09:13:05.235] [warning] Couldn't find file 'triquetrum_lvs.vtp'.
[2022-05-27 09:13:05.235] [warning] Couldn't find file 'hamate_lvs.vtp'.
[2022-05-27 09:13:05.235] [warning] Couldn't find file 'capitate_lvs.vtp'.
[2022-05-27 09:13:05.235] [warning] Couldn't find file 'trapezoid_lvs.vtp'.
[2022-05-27 09:13:05.235] [warning] Couldn't find file 'trapezium_lvs.vtp'.
[2022-05-27 09:13:05.235] [warning] Couldn't find file 'metacarpal2_lvs.vtp'.
[2022-05-27 09:13:05.235] [warning] Couldn't find file 'index_proximal_lvs.vtp'.
[2022-05-27 09:13:05.235] [warning] Couldn't find file 'index_medial_lvs.vtp'.
[2022-05-27 09:13:05.235] [warning] Couldn't find file 'index_distal_lvs.vtp'.
[2022-05-27 09:13:05.235] [warning] Couldn't find file 'metacarpal3_lvs.vtp'.
[2022-05-27 09:13:05.236] [warning] Couldn't find file 'middle_proximal_lvs.vtp'.
[2022-05-27 09:13:05.236] [warning] Couldn't find file 'middle_medial_lvs.vtp'.
[2022-05-27 09:13:05.236] [warning] Couldn't find file 'middle_distal_lvs.vtp'.
[2022-05-27 09:13:05.236] [warning] Couldn't find file 'metacarpal4_lvs.vtp'.
[2022-05-27 09:13:05.236] [warning] Couldn't find file 'ring_proximal_lvs.vtp'.
[2022-05-27 09:13:05.236] [warning] Couldn't find file 'ring_medial_lvs.vtp'.
[2022-05-27 09:13:05.236] [warning] Couldn't find file 'ring_distal_lvs.vtp'.
[2022-05-27 09:13:05.236] [warning] Couldn't find file 'metacarpal5_lvs.vtp'.
[2022-05-27 09:13:05.236] [warning] Couldn't find file 'little_proximal_lvs.vtp'.
[2022-05-27 09:13:05.236] [warning] Couldn't find file 'little_medial_lvs.vtp'.
[2022-05-27 09:13:05.236] [warning] Couldn't find file 'little_distal_lvs.vtp'.
[2022-05-27 09:13:05.236] [warning] Couldn't find file 'metacarpal1_lvs.vtp'.
[2022-05-27 09:13:05.236] [warning] Couldn't find file 'thumb_proximal_lvs.vtp'.
[2022-05-27 09:13:05.236] [warning] Couldn't find file 'thumb_distal_lvs.vtp'.
[2022-05-27 09:21:06.053] [info] Loaded model subject1_withMTJ_locked_scaled_custom from file C:\Users\u0150099\Documents\master_thesis\3dpredictsim\OpenSimModel\subject1\Fal_s1_mtjc2_sc_FDB2_MTc5_cspx10_oy2.osim
[2022-05-27 09:21:06.053] [warning] Couldn't find file 'sacrum.vtp'.
[2022-05-27 09:21:06.054] [warning] Couldn't find file 'pelvis.vtp'.
[2022-05-27 09:21:06.054] [warning] Couldn't find file 'l_pelvis.vtp'.
[2022-05-27 09:21:06.054] [warning] Couldn't find file 'femur_r.vtp'.
[2022-05-27 09:21:06.054] [warning] Couldn't find file 'tibia_r.vtp'.
[2022-05-27 09:21:06.054] [warning] Couldn't find file 'fibula_r.vtp'.
[2022-05-27 09:21:06.054] [warning] Couldn't find file 'talus_rv.vtp'.
[2022-05-27 09:21:06.054] [warning] Couldn't find file 'calcaneous_rv.vtp'.
[2022-05-27 09:21:06.054] [warning] Couldn't find file 'model_r_midfoot.stl'.
[2022-05-27 09:21:06.054] [warning] Couldn't find file 'model_r_forefoot.stl'.
[2022-05-27 09:21:06.054] [warning] Couldn't find file 'model_r_toes.stl'.
[2022-05-27 09:21:06.054] [warning] Couldn't find file 'femur_l.vtp'.
[2022-05-27 09:21:06.054] [warning] Couldn't find file 'tibia_l.vtp'.
[2022-05-27 09:21:06.054] [warning] Couldn't find file 'fibula_l.vtp'.
[2022-05-27 09:21:06.054] [warning] Couldn't find file 'talus_lv.vtp'.
[2022-05-27 09:21:06.054] [warning] Couldn't find file 'calcaneous_lv.vtp'.
[2022-05-27 09:21:06.054] [warning] Couldn't find file 'model_l_midfoot.stl'.
[2022-05-27 09:21:06.055] [warning] Couldn't find file 'model_l_forefoot.stl'.
[2022-05-27 09:21:06.055] [warning] Couldn't find file 'model_l_toes.stl'.
[2022-05-27 09:21:06.055] [warning] Couldn't find file 'hat_spine.vtp'.
[2022-05-27 09:21:06.055] [warning] Couldn't find file 'hat_jaw.vtp'.
[2022-05-27 09:21:06.055] [warning] Couldn't find file 'hat_skull.vtp'.
[2022-05-27 09:21:06.055] [warning] Couldn't find file 'hat_ribs_scap.vtp'.
[2022-05-27 09:21:06.055] [warning] Couldn't find file 'humerus_rv.vtp'.
[2022-05-27 09:21:06.055] [warning] Couldn't find file 'ulna_rv.vtp'.
[2022-05-27 09:21:06.055] [warning] Couldn't find file 'radius_rv.vtp'.
[2022-05-27 09:21:06.055] [warning] Couldn't find file 'pisiform_rvs.vtp'.
[2022-05-27 09:21:06.055] [warning] Couldn't find file 'lunate_rvs.vtp'.
[2022-05-27 09:21:06.055] [warning] Couldn't find file 'scaphoid_rvs.vtp'.
[2022-05-27 09:21:06.055] [warning] Couldn't find file 'triquetrum_rvs.vtp'.
[2022-05-27 09:21:06.055] [warning] Couldn't find file 'hamate_rvs.vtp'.
[2022-05-27 09:21:06.055] [warning] Couldn't find file 'capitate_rvs.vtp'.
[2022-05-27 09:21:06.055] [warning] Couldn't find file 'trapezoid_rvs.vtp'.
[2022-05-27 09:21:06.055] [warning] Couldn't find file 'trapezium_rvs.vtp'.
[2022-05-27 09:21:06.056] [warning] Couldn't find file 'metacarpal2_rvs.vtp'.
[2022-05-27 09:21:06.056] [warning] Couldn't find file 'index_proximal_rvs.vtp'.
[2022-05-27 09:21:06.056] [warning] Couldn't find file 'index_medial_rvs.vtp'.
[2022-05-27 09:21:06.056] [warning] Couldn't find file 'index_distal_rvs.vtp'.
[2022-05-27 09:21:06.056] [warning] Couldn't find file 'metacarpal3_rvs.vtp'.
[2022-05-27 09:21:06.056] [warning] Couldn't find file 'middle_proximal_rvs.vtp'.
[2022-05-27 09:21:06.056] [warning] Couldn't find file 'middle_medial_rvs.vtp'.
[2022-05-27 09:21:06.056] [warning] Couldn't find file 'middle_distal_rvs.vtp'.
[2022-05-27 09:21:06.056] [warning] Couldn't find file 'metacarpal4_rvs.vtp'.
[2022-05-27 09:21:06.056] [warning] Couldn't find file 'ring_proximal_rvs.vtp'.
[2022-05-27 09:21:06.056] [warning] Couldn't find file 'ring_medial_rvs.vtp'.
[2022-05-27 09:21:06.056] [warning] Couldn't find file 'ring_distal_rvs.vtp'.
[2022-05-27 09:21:06.056] [warning] Couldn't find file 'metacarpal5_rvs.vtp'.
[2022-05-27 09:21:06.056] [warning] Couldn't find file 'little_proximal_rvs.vtp'.
[2022-05-27 09:21:06.056] [warning] Couldn't find file 'little_medial_rvs.vtp'.
[2022-05-27 09:21:06.056] [warning] Couldn't find file 'little_distal_rvs.vtp'.
[2022-05-27 09:21:06.056] [warning] Couldn't find file 'metacarpal1_rvs.vtp'.
[2022-05-27 09:21:06.057] [warning] Couldn't find file 'thumb_proximal_rvs.vtp'.
[2022-05-27 09:21:06.057] [warning] Couldn't find file 'thumb_distal_rvs.vtp'.
[2022-05-27 09:21:06.057] [warning] Couldn't find file 'humerus_lv.vtp'.
[2022-05-27 09:21:06.057] [warning] Couldn't find file 'ulna_lv.vtp'.
[2022-05-27 09:21:06.057] [warning] Couldn't find file 'radius_lv.vtp'.
[2022-05-27 09:21:06.057] [warning] Couldn't find file 'pisiform_lvs.vtp'.
[2022-05-27 09:21:06.057] [warning] Couldn't find file 'lunate_lvs.vtp'.
[2022-05-27 09:21:06.057] [warning] Couldn't find file 'scaphoid_lvs.vtp'.
[2022-05-27 09:21:06.057] [warning] Couldn't find file 'triquetrum_lvs.vtp'.
[2022-05-27 09:21:06.057] [warning] Couldn't find file 'hamate_lvs.vtp'.
[2022-05-27 09:21:06.057] [warning] Couldn't find file 'capitate_lvs.vtp'.
[2022-05-27 09:21:06.057] [warning] Couldn't find file 'trapezoid_lvs.vtp'.
[2022-05-27 09:21:06.057] [warning] Couldn't find file 'trapezium_lvs.vtp'.
[2022-05-27 09:21:06.057] [warning] Couldn't find file 'metacarpal2_lvs.vtp'.
[2022-05-27 09:21:06.057] [warning] Couldn't find file 'index_proximal_lvs.vtp'.
[2022-05-27 09:21:06.057] [warning] Couldn't find file 'index_medial_lvs.vtp'.
[2022-05-27 09:21:06.058] [warning] Couldn't find file 'index_distal_lvs.vtp'.
[2022-05-27 09:21:06.058] [warning] Couldn't find file 'metacarpal3_lvs.vtp'.
[2022-05-27 09:21:06.058] [warning] Couldn't find file 'middle_proximal_lvs.vtp'.
[2022-05-27 09:21:06.058] [warning] Couldn't find file 'middle_medial_lvs.vtp'.
[2022-05-27 09:21:06.058] [warning] Couldn't find file 'middle_distal_lvs.vtp'.
[2022-05-27 09:21:06.058] [warning] Couldn't find file 'metacarpal4_lvs.vtp'.
[2022-05-27 09:21:06.058] [warning] Couldn't find file 'ring_proximal_lvs.vtp'.
[2022-05-27 09:21:06.058] [warning] Couldn't find file 'ring_medial_lvs.vtp'.
[2022-05-27 09:21:06.058] [warning] Couldn't find file 'ring_distal_lvs.vtp'.
[2022-05-27 09:21:06.058] [warning] Couldn't find file 'metacarpal5_lvs.vtp'.
[2022-05-27 09:21:06.058] [warning] Couldn't find file 'little_proximal_lvs.vtp'.
[2022-05-27 09:21:06.058] [warning] Couldn't find file 'little_medial_lvs.vtp'.
[2022-05-27 09:21:06.058] [warning] Couldn't find file 'little_distal_lvs.vtp'.
[2022-05-27 09:21:06.058] [warning] Couldn't find file 'metacarpal1_lvs.vtp'.
[2022-05-27 09:21:06.058] [warning] Couldn't find file 'thumb_proximal_lvs.vtp'.
[2022-05-27 09:21:06.058] [warning] Couldn't find file 'thumb_distal_lvs.vtp'.
[2022-05-27 09:21:27.826] [info] Loaded model subject1_withMTJ_locked_scaled_custom from file C:\Users\u0150099\Documents\master_thesis\3dpredictsim\OpenSimModel\subject1\Fal_s1_mtjc2_sc_FDB2_MTc5_cspx10_oy2.osim
[2022-05-27 09:21:27.827] [warning] Couldn't find file 'sacrum.vtp'.
[2022-05-27 09:21:27.827] [warning] Couldn't find file 'pelvis.vtp'.
[2022-05-27 09:21:27.827] [warning] Couldn't find file 'l_pelvis.vtp'.
[2022-05-27 09:21:27.827] [warning] Couldn't find file 'femur_r.vtp'.
[2022-05-27 09:21:27.827] [warning] Couldn't find file 'tibia_r.vtp'.
[2022-05-27 09:21:27.827] [warning] Couldn't find file 'fibula_r.vtp'.
[2022-05-27 09:21:27.827] [warning] Couldn't find file 'talus_rv.vtp'.
[2022-05-27 09:21:27.827] [warning] Couldn't find file 'calcaneous_rv.vtp'.
[2022-05-27 09:21:27.827] [warning] Couldn't find file 'model_r_midfoot.stl'.
[2022-05-27 09:21:27.827] [warning] Couldn't find file 'model_r_forefoot.stl'.
[2022-05-27 09:21:27.827] [warning] Couldn't find file 'model_r_toes.stl'.
[2022-05-27 09:21:27.827] [warning] Couldn't find file 'femur_l.vtp'.
[2022-05-27 09:21:27.827] [warning] Couldn't find file 'tibia_l.vtp'.
[2022-05-27 09:21:27.828] [warning] Couldn't find file 'fibula_l.vtp'.
[2022-05-27 09:21:27.828] [warning] Couldn't find file 'talus_lv.vtp'.
[2022-05-27 09:21:27.828] [warning] Couldn't find file 'calcaneous_lv.vtp'.
[2022-05-27 09:21:27.828] [warning] Couldn't find file 'model_l_midfoot.stl'.
[2022-05-27 09:21:27.828] [warning] Couldn't find file 'model_l_forefoot.stl'.
[2022-05-27 09:21:27.828] [warning] Couldn't find file 'model_l_toes.stl'.
[2022-05-27 09:21:27.828] [warning] Couldn't find file 'hat_spine.vtp'.
[2022-05-27 09:21:27.828] [warning] Couldn't find file 'hat_jaw.vtp'.
[2022-05-27 09:21:27.828] [warning] Couldn't find file 'hat_skull.vtp'.
[2022-05-27 09:21:27.828] [warning] Couldn't find file 'hat_ribs_scap.vtp'.
[2022-05-27 09:21:27.828] [warning] Couldn't find file 'humerus_rv.vtp'.
[2022-05-27 09:21:27.828] [warning] Couldn't find file 'ulna_rv.vtp'.
[2022-05-27 09:21:27.828] [warning] Couldn't find file 'radius_rv.vtp'.
[2022-05-27 09:21:27.828] [warning] Couldn't find file 'pisiform_rvs.vtp'.
[2022-05-27 09:21:27.828] [warning] Couldn't find file 'lunate_rvs.vtp'.
[2022-05-27 09:21:27.829] [warning] Couldn't find file 'scaphoid_rvs.vtp'.
[2022-05-27 09:21:27.829] [warning] Couldn't find file 'triquetrum_rvs.vtp'.
[2022-05-27 09:21:27.829] [warning] Couldn't find file 'hamate_rvs.vtp'.
[2022-05-27 09:21:27.829] [warning] Couldn't find file 'capitate_rvs.vtp'.
[2022-05-27 09:21:27.829] [warning] Couldn't find file 'trapezoid_rvs.vtp'.
[2022-05-27 09:21:27.829] [warning] Couldn't find file 'trapezium_rvs.vtp'.
[2022-05-27 09:21:27.829] [warning] Couldn't find file 'metacarpal2_rvs.vtp'.
[2022-05-27 09:21:27.829] [warning] Couldn't find file 'index_proximal_rvs.vtp'.
[2022-05-27 09:21:27.829] [warning] Couldn't find file 'index_medial_rvs.vtp'.
[2022-05-27 09:21:27.829] [warning] Couldn't find file 'index_distal_rvs.vtp'.
[2022-05-27 09:21:27.829] [warning] Couldn't find file 'metacarpal3_rvs.vtp'.
[2022-05-27 09:21:27.829] [warning] Couldn't find file 'middle_proximal_rvs.vtp'.
[2022-05-27 09:21:27.829] [warning] Couldn't find file 'middle_medial_rvs.vtp'.
[2022-05-27 09:21:27.829] [warning] Couldn't find file 'middle_distal_rvs.vtp'.
[2022-05-27 09:21:27.829] [warning] Couldn't find file 'metacarpal4_rvs.vtp'.
[2022-05-27 09:21:27.829] [warning] Couldn't find file 'ring_proximal_rvs.vtp'.
[2022-05-27 09:21:27.830] [warning] Couldn't find file 'ring_medial_rvs.vtp'.
[2022-05-27 09:21:27.830] [warning] Couldn't find file 'ring_distal_rvs.vtp'.
[2022-05-27 09:21:27.830] [warning] Couldn't find file 'metacarpal5_rvs.vtp'.
[2022-05-27 09:21:27.830] [warning] Couldn't find file 'little_proximal_rvs.vtp'.
[2022-05-27 09:21:27.830] [warning] Couldn't find file 'little_medial_rvs.vtp'.
[2022-05-27 09:21:27.830] [warning] Couldn't find file 'little_distal_rvs.vtp'.
[2022-05-27 09:21:27.830] [warning] Couldn't find file 'metacarpal1_rvs.vtp'.
[2022-05-27 09:21:27.830] [warning] Couldn't find file 'thumb_proximal_rvs.vtp'.
[2022-05-27 09:21:27.830] [warning] Couldn't find file 'thumb_distal_rvs.vtp'.
[2022-05-27 09:21:27.830] [warning] Couldn't find file 'humerus_lv.vtp'.
[2022-05-27 09:21:27.830] [warning] Couldn't find file 'ulna_lv.vtp'.
[2022-05-27 09:21:27.830] [warning] Couldn't find file 'radius_lv.vtp'.
[2022-05-27 09:21:27.830] [warning] Couldn't find file 'pisiform_lvs.vtp'.
[2022-05-27 09:21:27.830] [warning] Couldn't find file 'lunate_lvs.vtp'.
[2022-05-27 09:21:27.830] [warning] Couldn't find file 'scaphoid_lvs.vtp'.
[2022-05-27 09:21:27.830] [warning] Couldn't find file 'triquetrum_lvs.vtp'.
[2022-05-27 09:21:27.831] [warning] Couldn't find file 'hamate_lvs.vtp'.
[2022-05-27 09:21:27.831] [warning] Couldn't find file 'capitate_lvs.vtp'.
[2022-05-27 09:21:27.831] [warning] Couldn't find file 'trapezoid_lvs.vtp'.
[2022-05-27 09:21:27.831] [warning] Couldn't find file 'trapezium_lvs.vtp'.
[2022-05-27 09:21:27.831] [warning] Couldn't find file 'metacarpal2_lvs.vtp'.
[2022-05-27 09:21:27.831] [warning] Couldn't find file 'index_proximal_lvs.vtp'.
[2022-05-27 09:21:27.831] [warning] Couldn't find file 'index_medial_lvs.vtp'.
[2022-05-27 09:21:27.831] [warning] Couldn't find file 'index_distal_lvs.vtp'.
[2022-05-27 09:21:27.831] [warning] Couldn't find file 'metacarpal3_lvs.vtp'.
[2022-05-27 09:21:27.831] [warning] Couldn't find file 'middle_proximal_lvs.vtp'.
[2022-05-27 09:21:27.831] [warning] Couldn't find file 'middle_medial_lvs.vtp'.
[2022-05-27 09:21:27.831] [warning] Couldn't find file 'middle_distal_lvs.vtp'.
[2022-05-27 09:21:27.831] [warning] Couldn't find file 'metacarpal4_lvs.vtp'.
[2022-05-27 09:21:27.831] [warning] Couldn't find file 'ring_proximal_lvs.vtp'.
[2022-05-27 09:21:27.831] [warning] Couldn't find file 'ring_medial_lvs.vtp'.
[2022-05-27 09:21:27.831] [warning] Couldn't find file 'ring_distal_lvs.vtp'.
[2022-05-27 09:21:27.832] [warning] Couldn't find file 'metacarpal5_lvs.vtp'.
[2022-05-27 09:21:27.832] [warning] Couldn't find file 'little_proximal_lvs.vtp'.
[2022-05-27 09:21:27.832] [warning] Couldn't find file 'little_medial_lvs.vtp'.
[2022-05-27 09:21:27.832] [warning] Couldn't find file 'little_distal_lvs.vtp'.
[2022-05-27 09:21:27.832] [warning] Couldn't find file 'metacarpal1_lvs.vtp'.
[2022-05-27 09:21:27.832] [warning] Couldn't find file 'thumb_proximal_lvs.vtp'.
[2022-05-27 09:21:27.832] [warning] Couldn't find file 'thumb_distal_lvs.vtp'.
[2022-05-27 09:21:39.390] [info] Loaded model subject1_withMTJ_locked_scaled_custom from file C:\Users\u0150099\Documents\master_thesis\3dpredictsim\OpenSimModel\subject1\Fal_s1_mtjc2_sc_FDB2_MTc5_cspx10_oy2.osim
[2022-05-27 09:21:39.391] [warning] Couldn't find file 'sacrum.vtp'.
[2022-05-27 09:21:39.391] [warning] Couldn't find file 'pelvis.vtp'.
[2022-05-27 09:21:39.391] [warning] Couldn't find file 'l_pelvis.vtp'.
[2022-05-27 09:21:39.391] [warning] Couldn't find file 'femur_r.vtp'.
[2022-05-27 09:21:39.391] [warning] Couldn't find file 'tibia_r.vtp'.
[2022-05-27 09:21:39.391] [warning] Couldn't find file 'fibula_r.vtp'.
[2022-05-27 09:21:39.391] [warning] Couldn't find file 'talus_rv.vtp'.
[2022-05-27 09:21:39.391] [warning] Couldn't find file 'calcaneous_rv.vtp'.
[2022-05-27 09:21:39.391] [warning] Couldn't find file 'model_r_midfoot.stl'.
[2022-05-27 09:21:39.391] [warning] Couldn't find file 'model_r_forefoot.stl'.
[2022-05-27 09:21:39.391] [warning] Couldn't find file 'model_r_toes.stl'.
[2022-05-27 09:21:39.391] [warning] Couldn't find file 'femur_l.vtp'.
[2022-05-27 09:21:39.391] [warning] Couldn't find file 'tibia_l.vtp'.
[2022-05-27 09:21:39.392] [warning] Couldn't find file 'fibula_l.vtp'.
[2022-05-27 09:21:39.392] [warning] Couldn't find file 'talus_lv.vtp'.
[2022-05-27 09:21:39.392] [warning] Couldn't find file 'calcaneous_lv.vtp'.
[2022-05-27 09:21:39.392] [warning] Couldn't find file 'model_l_midfoot.stl'.
[2022-05-27 09:21:39.392] [warning] Couldn't find file 'model_l_forefoot.stl'.
[2022-05-27 09:21:39.392] [warning] Couldn't find file 'model_l_toes.stl'.
[2022-05-27 09:21:39.392] [warning] Couldn't find file 'hat_spine.vtp'.
[2022-05-27 09:21:39.392] [warning] Couldn't find file 'hat_jaw.vtp'.
[2022-05-27 09:21:39.392] [warning] Couldn't find file 'hat_skull.vtp'.
[2022-05-27 09:21:39.392] [warning] Couldn't find file 'hat_ribs_scap.vtp'.
[2022-05-27 09:21:39.392] [warning] Couldn't find file 'humerus_rv.vtp'.
[2022-05-27 09:21:39.392] [warning] Couldn't find file 'ulna_rv.vtp'.
[2022-05-27 09:21:39.392] [warning] Couldn't find file 'radius_rv.vtp'.
[2022-05-27 09:21:39.392] [warning] Couldn't find file 'pisiform_rvs.vtp'.
[2022-05-27 09:21:39.392] [warning] Couldn't find file 'lunate_rvs.vtp'.
[2022-05-27 09:21:39.392] [warning] Couldn't find file 'scaphoid_rvs.vtp'.
[2022-05-27 09:21:39.392] [warning] Couldn't find file 'triquetrum_rvs.vtp'.
[2022-05-27 09:21:39.392] [warning] Couldn't find file 'hamate_rvs.vtp'.
[2022-05-27 09:21:39.393] [warning] Couldn't find file 'capitate_rvs.vtp'.
[2022-05-27 09:21:39.393] [warning] Couldn't find file 'trapezoid_rvs.vtp'.
[2022-05-27 09:21:39.393] [warning] Couldn't find file 'trapezium_rvs.vtp'.
[2022-05-27 09:21:39.393] [warning] Couldn't find file 'metacarpal2_rvs.vtp'.
[2022-05-27 09:21:39.393] [warning] Couldn't find file 'index_proximal_rvs.vtp'.
[2022-05-27 09:21:39.393] [warning] Couldn't find file 'index_medial_rvs.vtp'.
[2022-05-27 09:21:39.393] [warning] Couldn't find file 'index_distal_rvs.vtp'.
[2022-05-27 09:21:39.393] [warning] Couldn't find file 'metacarpal3_rvs.vtp'.
[2022-05-27 09:21:39.393] [warning] Couldn't find file 'middle_proximal_rvs.vtp'.
[2022-05-27 09:21:39.393] [warning] Couldn't find file 'middle_medial_rvs.vtp'.
[2022-05-27 09:21:39.393] [warning] Couldn't find file 'middle_distal_rvs.vtp'.
[2022-05-27 09:21:39.393] [warning] Couldn't find file 'metacarpal4_rvs.vtp'.
[2022-05-27 09:21:39.393] [warning] Couldn't find file 'ring_proximal_rvs.vtp'.
[2022-05-27 09:21:39.393] [warning] Couldn't find file 'ring_medial_rvs.vtp'.
[2022-05-27 09:21:39.393] [warning] Couldn't find file 'ring_distal_rvs.vtp'.
[2022-05-27 09:21:39.393] [warning] Couldn't find file 'metacarpal5_rvs.vtp'.
[2022-05-27 09:21:39.393] [warning] Couldn't find file 'little_proximal_rvs.vtp'.
[2022-05-27 09:21:39.393] [warning] Couldn't find file 'little_medial_rvs.vtp'.
[2022-05-27 09:21:39.394] [warning] Couldn't find file 'little_distal_rvs.vtp'.
[2022-05-27 09:21:39.394] [warning] Couldn't find file 'metacarpal1_rvs.vtp'.
[2022-05-27 09:21:39.394] [warning] Couldn't find file 'thumb_proximal_rvs.vtp'.
[2022-05-27 09:21:39.394] [warning] Couldn't find file 'thumb_distal_rvs.vtp'.
[2022-05-27 09:21:39.394] [warning] Couldn't find file 'humerus_lv.vtp'.
[2022-05-27 09:21:39.394] [warning] Couldn't find file 'ulna_lv.vtp'.
[2022-05-27 09:21:39.394] [warning] Couldn't find file 'radius_lv.vtp'.
[2022-05-27 09:21:39.394] [warning] Couldn't find file 'pisiform_lvs.vtp'.
[2022-05-27 09:21:39.394] [warning] Couldn't find file 'lunate_lvs.vtp'.
[2022-05-27 09:21:39.394] [warning] Couldn't find file 'scaphoid_lvs.vtp'.
[2022-05-27 09:21:39.394] [warning] Couldn't find file 'triquetrum_lvs.vtp'.
[2022-05-27 09:21:39.394] [warning] Couldn't find file 'hamate_lvs.vtp'.
[2022-05-27 09:21:39.394] [warning] Couldn't find file 'capitate_lvs.vtp'.
[2022-05-27 09:21:39.394] [warning] Couldn't find file 'trapezoid_lvs.vtp'.
[2022-05-27 09:21:39.394] [warning] Couldn't find file 'trapezium_lvs.vtp'.
[2022-05-27 09:21:39.394] [warning] Couldn't find file 'metacarpal2_lvs.vtp'.
[2022-05-27 09:21:39.394] [warning] Couldn't find file 'index_proximal_lvs.vtp'.
[2022-05-27 09:21:39.394] [warning] Couldn't find file 'index_medial_lvs.vtp'.
[2022-05-27 09:21:39.394] [warning] Couldn't find file 'index_distal_lvs.vtp'.
[2022-05-27 09:21:39.395] [warning] Couldn't find file 'metacarpal3_lvs.vtp'.
[2022-05-27 09:21:39.395] [warning] Couldn't find file 'middle_proximal_lvs.vtp'.
[2022-05-27 09:21:39.395] [warning] Couldn't find file 'middle_medial_lvs.vtp'.
[2022-05-27 09:21:39.395] [warning] Couldn't find file 'middle_distal_lvs.vtp'.
[2022-05-27 09:21:39.395] [warning] Couldn't find file 'metacarpal4_lvs.vtp'.
[2022-05-27 09:21:39.395] [warning] Couldn't find file 'ring_proximal_lvs.vtp'.
[2022-05-27 09:21:39.395] [warning] Couldn't find file 'ring_medial_lvs.vtp'.
[2022-05-27 09:21:39.395] [warning] Couldn't find file 'ring_distal_lvs.vtp'.
[2022-05-27 09:21:39.395] [warning] Couldn't find file 'metacarpal5_lvs.vtp'.
[2022-05-27 09:21:39.395] [warning] Couldn't find file 'little_proximal_lvs.vtp'.
[2022-05-27 09:21:39.395] [warning] Couldn't find file 'little_medial_lvs.vtp'.
[2022-05-27 09:21:39.395] [warning] Couldn't find file 'little_distal_lvs.vtp'.
[2022-05-27 09:21:39.395] [warning] Couldn't find file 'metacarpal1_lvs.vtp'.
[2022-05-27 09:21:39.395] [warning] Couldn't find file 'thumb_proximal_lvs.vtp'.
[2022-05-27 09:21:39.395] [warning] Couldn't find file 'thumb_distal_lvs.vtp'.
[2022-05-27 09:23:08.709] [info] Loaded model subject1_withMTJ_locked_scaled_custom from file C:\Users\u0150099\Documents\master_thesis\3dpredictsim\OpenSimModel\subject1\Fal_s1_mtjc2_sc_FDB2_MTc5_cspx10_oy2.osim
[2022-05-27 09:23:08.709] [warning] Couldn't find file 'sacrum.vtp'.
[2022-05-27 09:23:08.709] [warning] Couldn't find file 'pelvis.vtp'.
[2022-05-27 09:23:08.709] [warning] Couldn't find file 'l_pelvis.vtp'.
[2022-05-27 09:23:08.709] [warning] Couldn't find file 'femur_r.vtp'.
[2022-05-27 09:23:08.710] [warning] Couldn't find file 'tibia_r.vtp'.
[2022-05-27 09:23:08.710] [warning] Couldn't find file 'fibula_r.vtp'.
[2022-05-27 09:23:08.710] [warning] Couldn't find file 'talus_rv.vtp'.
[2022-05-27 09:23:08.710] [warning] Couldn't find file 'calcaneous_rv.vtp'.
[2022-05-27 09:23:08.710] [warning] Couldn't find file 'model_r_midfoot.stl'.
[2022-05-27 09:23:08.710] [warning] Couldn't find file 'model_r_forefoot.stl'.
[2022-05-27 09:23:08.710] [warning] Couldn't find file 'model_r_toes.stl'.
[2022-05-27 09:23:08.710] [warning] Couldn't find file 'femur_l.vtp'.
[2022-05-27 09:23:08.710] [warning] Couldn't find file 'tibia_l.vtp'.
[2022-05-27 09:23:08.710] [warning] Couldn't find file 'fibula_l.vtp'.
[2022-05-27 09:23:08.710] [warning] Couldn't find file 'talus_lv.vtp'.
[2022-05-27 09:23:08.710] [warning] Couldn't find file 'calcaneous_lv.vtp'.
[2022-05-27 09:23:08.710] [warning] Couldn't find file 'model_l_midfoot.stl'.
[2022-05-27 09:23:08.710] [warning] Couldn't find file 'model_l_forefoot.stl'.
[2022-05-27 09:23:08.710] [warning] Couldn't find file 'model_l_toes.stl'.
[2022-05-27 09:23:08.711] [warning] Couldn't find file 'hat_spine.vtp'.
[2022-05-27 09:23:08.711] [warning] Couldn't find file 'hat_jaw.vtp'.
[2022-05-27 09:23:08.711] [warning] Couldn't find file 'hat_skull.vtp'.
[2022-05-27 09:23:08.711] [warning] Couldn't find file 'hat_ribs_scap.vtp'.
[2022-05-27 09:23:08.711] [warning] Couldn't find file 'humerus_rv.vtp'.
[2022-05-27 09:23:08.711] [warning] Couldn't find file 'ulna_rv.vtp'.
[2022-05-27 09:23:08.711] [warning] Couldn't find file 'radius_rv.vtp'.
[2022-05-27 09:23:08.711] [warning] Couldn't find file 'pisiform_rvs.vtp'.
[2022-05-27 09:23:08.711] [warning] Couldn't find file 'lunate_rvs.vtp'.
[2022-05-27 09:23:08.711] [warning] Couldn't find file 'scaphoid_rvs.vtp'.
[2022-05-27 09:23:08.711] [warning] Couldn't find file 'triquetrum_rvs.vtp'.
[2022-05-27 09:23:08.711] [warning] Couldn't find file 'hamate_rvs.vtp'.
[2022-05-27 09:23:08.711] [warning] Couldn't find file 'capitate_rvs.vtp'.
[2022-05-27 09:23:08.711] [warning] Couldn't find file 'trapezoid_rvs.vtp'.
[2022-05-27 09:23:08.711] [warning] Couldn't find file 'trapezium_rvs.vtp'.
[2022-05-27 09:23:08.711] [warning] Couldn't find file 'metacarpal2_rvs.vtp'.
[2022-05-27 09:23:08.712] [warning] Couldn't find file 'index_proximal_rvs.vtp'.
[2022-05-27 09:23:08.712] [warning] Couldn't find file 'index_medial_rvs.vtp'.
[2022-05-27 09:23:08.712] [warning] Couldn't find file 'index_distal_rvs.vtp'.
[2022-05-27 09:23:08.712] [warning] Couldn't find file 'metacarpal3_rvs.vtp'.
[2022-05-27 09:23:08.712] [warning] Couldn't find file 'middle_proximal_rvs.vtp'.
[2022-05-27 09:23:08.712] [warning] Couldn't find file 'middle_medial_rvs.vtp'.
[2022-05-27 09:23:08.712] [warning] Couldn't find file 'middle_distal_rvs.vtp'.
[2022-05-27 09:23:08.712] [warning] Couldn't find file 'metacarpal4_rvs.vtp'.
[2022-05-27 09:23:08.712] [warning] Couldn't find file 'ring_proximal_rvs.vtp'.
[2022-05-27 09:23:08.712] [warning] Couldn't find file 'ring_medial_rvs.vtp'.
[2022-05-27 09:23:08.712] [warning] Couldn't find file 'ring_distal_rvs.vtp'.
[2022-05-27 09:23:08.712] [warning] Couldn't find file 'metacarpal5_rvs.vtp'.
[2022-05-27 09:23:08.712] [warning] Couldn't find file 'little_proximal_rvs.vtp'.
[2022-05-27 09:23:08.712] [warning] Couldn't find file 'little_medial_rvs.vtp'.
[2022-05-27 09:23:08.712] [warning] Couldn't find file 'little_distal_rvs.vtp'.
[2022-05-27 09:23:08.712] [warning] Couldn't find file 'metacarpal1_rvs.vtp'.
[2022-05-27 09:23:08.712] [warning] Couldn't find file 'thumb_proximal_rvs.vtp'.
[2022-05-27 09:23:08.712] [warning] Couldn't find file 'thumb_distal_rvs.vtp'.
[2022-05-27 09:23:08.713] [warning] Couldn't find file 'humerus_lv.vtp'.
[2022-05-27 09:23:08.713] [warning] Couldn't find file 'ulna_lv.vtp'.
[2022-05-27 09:23:08.713] [warning] Couldn't find file 'radius_lv.vtp'.
[2022-05-27 09:23:08.713] [warning] Couldn't find file 'pisiform_lvs.vtp'.
[2022-05-27 09:23:08.713] [warning] Couldn't find file 'lunate_lvs.vtp'.
[2022-05-27 09:23:08.713] [warning] Couldn't find file 'scaphoid_lvs.vtp'.
[2022-05-27 09:23:08.713] [warning] Couldn't find file 'triquetrum_lvs.vtp'.
[2022-05-27 09:23:08.713] [warning] Couldn't find file 'hamate_lvs.vtp'.
[2022-05-27 09:23:08.713] [warning] Couldn't find file 'capitate_lvs.vtp'.
[2022-05-27 09:23:08.713] [warning] Couldn't find file 'trapezoid_lvs.vtp'.
[2022-05-27 09:23:08.713] [warning] Couldn't find file 'trapezium_lvs.vtp'.
[2022-05-27 09:23:08.713] [warning] Couldn't find file 'metacarpal2_lvs.vtp'.
[2022-05-27 09:23:08.713] [warning] Couldn't find file 'index_proximal_lvs.vtp'.
[2022-05-27 09:23:08.713] [warning] Couldn't find file 'index_medial_lvs.vtp'.
[2022-05-27 09:23:08.713] [warning] Couldn't find file 'index_distal_lvs.vtp'.
[2022-05-27 09:23:08.713] [warning] Couldn't find file 'metacarpal3_lvs.vtp'.
[2022-05-27 09:23:08.713] [warning] Couldn't find file 'middle_proximal_lvs.vtp'.
[2022-05-27 09:23:08.713] [warning] Couldn't find file 'middle_medial_lvs.vtp'.
[2022-05-27 09:23:08.714] [warning] Couldn't find file 'middle_distal_lvs.vtp'.
[2022-05-27 09:23:08.714] [warning] Couldn't find file 'metacarpal4_lvs.vtp'.
[2022-05-27 09:23:08.714] [warning] Couldn't find file 'ring_proximal_lvs.vtp'.
[2022-05-27 09:23:08.714] [warning] Couldn't find file 'ring_medial_lvs.vtp'.
[2022-05-27 09:23:08.714] [warning] Couldn't find file 'ring_distal_lvs.vtp'.
[2022-05-27 09:23:08.714] [warning] Couldn't find file 'metacarpal5_lvs.vtp'.
[2022-05-27 09:23:08.714] [warning] Couldn't find file 'little_proximal_lvs.vtp'.
[2022-05-27 09:23:08.714] [warning] Couldn't find file 'little_medial_lvs.vtp'.
[2022-05-27 09:23:08.714] [warning] Couldn't find file 'little_distal_lvs.vtp'.
[2022-05-27 09:23:08.714] [warning] Couldn't find file 'metacarpal1_lvs.vtp'.
[2022-05-27 09:23:08.714] [warning] Couldn't find file 'thumb_proximal_lvs.vtp'.
[2022-05-27 09:23:08.714] [warning] Couldn't find file 'thumb_distal_lvs.vtp'.
[2022-05-27 09:23:22.069] [info] Loaded model subject1_withMTJ_locked_scaled_custom from file C:\Users\u0150099\Documents\master_thesis\3dpredictsim\OpenSimModel\subject1\Fal_s1_mtjc2_sc_FDB2_MTc5_cspx10_oy2.osim
[2022-05-27 09:23:22.069] [warning] Couldn't find file 'sacrum.vtp'.
[2022-05-27 09:23:22.069] [warning] Couldn't find file 'pelvis.vtp'.
[2022-05-27 09:23:22.069] [warning] Couldn't find file 'l_pelvis.vtp'.
[2022-05-27 09:23:22.069] [warning] Couldn't find file 'femur_r.vtp'.
[2022-05-27 09:23:22.070] [warning] Couldn't find file 'tibia_r.vtp'.
[2022-05-27 09:23:22.070] [warning] Couldn't find file 'fibula_r.vtp'.
[2022-05-27 09:23:22.070] [warning] Couldn't find file 'talus_rv.vtp'.
[2022-05-27 09:23:22.070] [warning] Couldn't find file 'calcaneous_rv.vtp'.
[2022-05-27 09:23:22.070] [warning] Couldn't find file 'model_r_midfoot.stl'.
[2022-05-27 09:23:22.070] [warning] Couldn't find file 'model_r_forefoot.stl'.
[2022-05-27 09:23:22.070] [warning] Couldn't find file 'model_r_toes.stl'.
[2022-05-27 09:23:22.070] [warning] Couldn't find file 'femur_l.vtp'.
[2022-05-27 09:23:22.070] [warning] Couldn't find file 'tibia_l.vtp'.
[2022-05-27 09:23:22.070] [warning] Couldn't find file 'fibula_l.vtp'.
[2022-05-27 09:23:22.070] [warning] Couldn't find file 'talus_lv.vtp'.
[2022-05-27 09:23:22.070] [warning] Couldn't find file 'calcaneous_lv.vtp'.
[2022-05-27 09:23:22.070] [warning] Couldn't find file 'model_l_midfoot.stl'.
[2022-05-27 09:23:22.070] [warning] Couldn't find file 'model_l_forefoot.stl'.
[2022-05-27 09:23:22.070] [warning] Couldn't find file 'model_l_toes.stl'.
[2022-05-27 09:23:22.070] [warning] Couldn't find file 'hat_spine.vtp'.
[2022-05-27 09:23:22.070] [warning] Couldn't find file 'hat_jaw.vtp'.
[2022-05-27 09:23:22.071] [warning] Couldn't find file 'hat_skull.vtp'.
[2022-05-27 09:23:22.071] [warning] Couldn't find file 'hat_ribs_scap.vtp'.
[2022-05-27 09:23:22.071] [warning] Couldn't find file 'humerus_rv.vtp'.
[2022-05-27 09:23:22.071] [warning] Couldn't find file 'ulna_rv.vtp'.
[2022-05-27 09:23:22.071] [warning] Couldn't find file 'radius_rv.vtp'.
[2022-05-27 09:23:22.071] [warning] Couldn't find file 'pisiform_rvs.vtp'.
[2022-05-27 09:23:22.071] [warning] Couldn't find file 'lunate_rvs.vtp'.
[2022-05-27 09:23:22.071] [warning] Couldn't find file 'scaphoid_rvs.vtp'.
[2022-05-27 09:23:22.071] [warning] Couldn't find file 'triquetrum_rvs.vtp'.
[2022-05-27 09:23:22.071] [warning] Couldn't find file 'hamate_rvs.vtp'.
[2022-05-27 09:23:22.071] [warning] Couldn't find file 'capitate_rvs.vtp'.
[2022-05-27 09:23:22.071] [warning] Couldn't find file 'trapezoid_rvs.vtp'.
[2022-05-27 09:23:22.071] [warning] Couldn't find file 'trapezium_rvs.vtp'.
[2022-05-27 09:23:22.071] [warning] Couldn't find file 'metacarpal2_rvs.vtp'.
[2022-05-27 09:23:22.071] [warning] Couldn't find file 'index_proximal_rvs.vtp'.
[2022-05-27 09:23:22.071] [warning] Couldn't find file 'index_medial_rvs.vtp'.
[2022-05-27 09:23:22.071] [warning] Couldn't find file 'index_distal_rvs.vtp'.
[2022-05-27 09:23:22.071] [warning] Couldn't find file 'metacarpal3_rvs.vtp'.
[2022-05-27 09:23:22.071] [warning] Couldn't find file 'middle_proximal_rvs.vtp'.
[2022-05-27 09:23:22.072] [warning] Couldn't find file 'middle_medial_rvs.vtp'.
[2022-05-27 09:23:22.072] [warning] Couldn't find file 'middle_distal_rvs.vtp'.
[2022-05-27 09:23:22.072] [warning] Couldn't find file 'metacarpal4_rvs.vtp'.
[2022-05-27 09:23:22.072] [warning] Couldn't find file 'ring_proximal_rvs.vtp'.
[2022-05-27 09:23:22.072] [warning] Couldn't find file 'ring_medial_rvs.vtp'.
[2022-05-27 09:23:22.072] [warning] Couldn't find file 'ring_distal_rvs.vtp'.
[2022-05-27 09:23:22.072] [warning] Couldn't find file 'metacarpal5_rvs.vtp'.
[2022-05-27 09:23:22.072] [warning] Couldn't find file 'little_proximal_rvs.vtp'.
[2022-05-27 09:23:22.072] [warning] Couldn't find file 'little_medial_rvs.vtp'.
[2022-05-27 09:23:22.072] [warning] Couldn't find file 'little_distal_rvs.vtp'.
[2022-05-27 09:23:22.072] [warning] Couldn't find file 'metacarpal1_rvs.vtp'.
[2022-05-27 09:23:22.072] [warning] Couldn't find file 'thumb_proximal_rvs.vtp'.
[2022-05-27 09:23:22.072] [warning] Couldn't find file 'thumb_distal_rvs.vtp'.
[2022-05-27 09:23:22.072] [warning] Couldn't find file 'humerus_lv.vtp'.
[2022-05-27 09:23:22.072] [warning] Couldn't find file 'ulna_lv.vtp'.
[2022-05-27 09:23:22.072] [warning] Couldn't find file 'radius_lv.vtp'.
[2022-05-27 09:23:22.072] [warning] Couldn't find file 'pisiform_lvs.vtp'.
[2022-05-27 09:23:22.073] [warning] Couldn't find file 'lunate_lvs.vtp'.
[2022-05-27 09:23:22.073] [warning] Couldn't find file 'scaphoid_lvs.vtp'.
[2022-05-27 09:23:22.073] [warning] Couldn't find file 'triquetrum_lvs.vtp'.
[2022-05-27 09:23:22.073] [warning] Couldn't find file 'hamate_lvs.vtp'.
[2022-05-27 09:23:22.073] [warning] Couldn't find file 'capitate_lvs.vtp'.
[2022-05-27 09:23:22.073] [warning] Couldn't find file 'trapezoid_lvs.vtp'.
[2022-05-27 09:23:22.073] [warning] Couldn't find file 'trapezium_lvs.vtp'.
[2022-05-27 09:23:22.073] [warning] Couldn't find file 'metacarpal2_lvs.vtp'.
[2022-05-27 09:23:22.073] [warning] Couldn't find file 'index_proximal_lvs.vtp'.
[2022-05-27 09:23:22.073] [warning] Couldn't find file 'index_medial_lvs.vtp'.
[2022-05-27 09:23:22.073] [warning] Couldn't find file 'index_distal_lvs.vtp'.
[2022-05-27 09:23:22.073] [warning] Couldn't find file 'metacarpal3_lvs.vtp'.
[2022-05-27 09:23:22.073] [warning] Couldn't find file 'middle_proximal_lvs.vtp'.
[2022-05-27 09:23:22.073] [warning] Couldn't find file 'middle_medial_lvs.vtp'.
[2022-05-27 09:23:22.073] [warning] Couldn't find file 'middle_distal_lvs.vtp'.
[2022-05-27 09:23:22.073] [warning] Couldn't find file 'metacarpal4_lvs.vtp'.
[2022-05-27 09:23:22.073] [warning] Couldn't find file 'ring_proximal_lvs.vtp'.
[2022-05-27 09:23:22.073] [warning] Couldn't find file 'ring_medial_lvs.vtp'.
[2022-05-27 09:23:22.074] [warning] Couldn't find file 'ring_distal_lvs.vtp'.
[2022-05-27 09:23:22.074] [warning] Couldn't find file 'metacarpal5_lvs.vtp'.
[2022-05-27 09:23:22.074] [warning] Couldn't find file 'little_proximal_lvs.vtp'.
[2022-05-27 09:23:22.074] [warning] Couldn't find file 'little_medial_lvs.vtp'.
[2022-05-27 09:23:22.074] [warning] Couldn't find file 'little_distal_lvs.vtp'.
[2022-05-27 09:23:22.074] [warning] Couldn't find file 'metacarpal1_lvs.vtp'.
[2022-05-27 09:23:22.074] [warning] Couldn't find file 'thumb_proximal_lvs.vtp'.
[2022-05-27 09:23:22.074] [warning] Couldn't find file 'thumb_distal_lvs.vtp'.
[2022-05-27 09:25:51.660] [info] Loaded model subject1_withMTJ_locked_scaled_custom from file C:\Users\u0150099\Documents\master_thesis\3dpredictsim\OpenSimModel\subject1\Fal_s1_mtjc2_sc_FDB2_MTc5_cspx10_oy2.osim
[2022-05-27 09:25:51.661] [warning] Couldn't find file 'sacrum.vtp'.
[2022-05-27 09:25:51.661] [warning] Couldn't find file 'pelvis.vtp'.
[2022-05-27 09:25:51.661] [warning] Couldn't find file 'l_pelvis.vtp'.
[2022-05-27 09:25:51.661] [warning] Couldn't find file 'femur_r.vtp'.
[2022-05-27 09:25:51.661] [warning] Couldn't find file 'tibia_r.vtp'.
[2022-05-27 09:25:51.661] [warning] Couldn't find file 'fibula_r.vtp'.
[2022-05-27 09:25:51.661] [warning] Couldn't find file 'talus_rv.vtp'.
[2022-05-27 09:25:51.661] [warning] Couldn't find file 'calcaneous_rv.vtp'.
[2022-05-27 09:25:51.661] [warning] Couldn't find file 'model_r_midfoot.stl'.
[2022-05-27 09:25:51.662] [warning] Couldn't find file 'model_r_forefoot.stl'.
[2022-05-27 09:25:51.662] [warning] Couldn't find file 'model_r_toes.stl'.
[2022-05-27 09:25:51.662] [warning] Couldn't find file 'femur_l.vtp'.
[2022-05-27 09:25:51.662] [warning] Couldn't find file 'tibia_l.vtp'.
[2022-05-27 09:25:51.662] [warning] Couldn't find file 'fibula_l.vtp'.
[2022-05-27 09:25:51.662] [warning] Couldn't find file 'talus_lv.vtp'.
[2022-05-27 09:25:51.662] [warning] Couldn't find file 'calcaneous_lv.vtp'.
[2022-05-27 09:25:51.662] [warning] Couldn't find file 'model_l_midfoot.stl'.
[2022-05-27 09:25:51.662] [warning] Couldn't find file 'model_l_forefoot.stl'.
[2022-05-27 09:25:51.662] [warning] Couldn't find file 'model_l_toes.stl'.
[2022-05-27 09:25:51.662] [warning] Couldn't find file 'hat_spine.vtp'.
[2022-05-27 09:25:51.662] [warning] Couldn't find file 'hat_jaw.vtp'.
[2022-05-27 09:25:51.662] [warning] Couldn't find file 'hat_skull.vtp'.
[2022-05-27 09:25:51.662] [warning] Couldn't find file 'hat_ribs_scap.vtp'.
[2022-05-27 09:25:51.662] [warning] Couldn't find file 'humerus_rv.vtp'.
[2022-05-27 09:25:51.662] [warning] Couldn't find file 'ulna_rv.vtp'.
[2022-05-27 09:25:51.663] [warning] Couldn't find file 'radius_rv.vtp'.
[2022-05-27 09:25:51.663] [warning] Couldn't find file 'pisiform_rvs.vtp'.
[2022-05-27 09:25:51.663] [warning] Couldn't find file 'lunate_rvs.vtp'.
[2022-05-27 09:25:51.663] [warning] Couldn't find file 'scaphoid_rvs.vtp'.
[2022-05-27 09:25:51.663] [warning] Couldn't find file 'triquetrum_rvs.vtp'.
[2022-05-27 09:25:51.663] [warning] Couldn't find file 'hamate_rvs.vtp'.
[2022-05-27 09:25:51.663] [warning] Couldn't find file 'capitate_rvs.vtp'.
[2022-05-27 09:25:51.663] [warning] Couldn't find file 'trapezoid_rvs.vtp'.
[2022-05-27 09:25:51.663] [warning] Couldn't find file 'trapezium_rvs.vtp'.
[2022-05-27 09:25:51.663] [warning] Couldn't find file 'metacarpal2_rvs.vtp'.
[2022-05-27 09:25:51.663] [warning] Couldn't find file 'index_proximal_rvs.vtp'.
[2022-05-27 09:25:51.663] [warning] Couldn't find file 'index_medial_rvs.vtp'.
[2022-05-27 09:25:51.663] [warning] Couldn't find file 'index_distal_rvs.vtp'.
[2022-05-27 09:25:51.663] [warning] Couldn't find file 'metacarpal3_rvs.vtp'.
[2022-05-27 09:25:51.663] [warning] Couldn't find file 'middle_proximal_rvs.vtp'.
[2022-05-27 09:25:51.663] [warning] Couldn't find file 'middle_medial_rvs.vtp'.
[2022-05-27 09:25:51.663] [warning] Couldn't find file 'middle_distal_rvs.vtp'.
[2022-05-27 09:25:51.663] [warning] Couldn't find file 'metacarpal4_rvs.vtp'.
[2022-05-27 09:25:51.664] [warning] Couldn't find file 'ring_proximal_rvs.vtp'.
[2022-05-27 09:25:51.664] [warning] Couldn't find file 'ring_medial_rvs.vtp'.
[2022-05-27 09:25:51.664] [warning] Couldn't find file 'ring_distal_rvs.vtp'.
[2022-05-27 09:25:51.664] [warning] Couldn't find file 'metacarpal5_rvs.vtp'.
[2022-05-27 09:25:51.664] [warning] Couldn't find file 'little_proximal_rvs.vtp'.
[2022-05-27 09:25:51.664] [warning] Couldn't find file 'little_medial_rvs.vtp'.
[2022-05-27 09:25:51.664] [warning] Couldn't find file 'little_distal_rvs.vtp'.
[2022-05-27 09:25:51.664] [warning] Couldn't find file 'metacarpal1_rvs.vtp'.
[2022-05-27 09:25:51.664] [warning] Couldn't find file 'thumb_proximal_rvs.vtp'.
[2022-05-27 09:25:51.664] [warning] Couldn't find file 'thumb_distal_rvs.vtp'.
[2022-05-27 09:25:51.664] [warning] Couldn't find file 'humerus_lv.vtp'.
[2022-05-27 09:25:51.664] [warning] Couldn't find file 'ulna_lv.vtp'.
[2022-05-27 09:25:51.664] [warning] Couldn't find file 'radius_lv.vtp'.
[2022-05-27 09:25:51.664] [warning] Couldn't find file 'pisiform_lvs.vtp'.
[2022-05-27 09:25:51.664] [warning] Couldn't find file 'lunate_lvs.vtp'.
[2022-05-27 09:25:51.664] [warning] Couldn't find file 'scaphoid_lvs.vtp'.
[2022-05-27 09:25:51.664] [warning] Couldn't find file 'triquetrum_lvs.vtp'.
[2022-05-27 09:25:51.664] [warning] Couldn't find file 'hamate_lvs.vtp'.
[2022-05-27 09:25:51.664] [warning] Couldn't find file 'capitate_lvs.vtp'.
[2022-05-27 09:25:51.665] [warning] Couldn't find file 'trapezoid_lvs.vtp'.
[2022-05-27 09:25:51.665] [warning] Couldn't find file 'trapezium_lvs.vtp'.
[2022-05-27 09:25:51.665] [warning] Couldn't find file 'metacarpal2_lvs.vtp'.
[2022-05-27 09:25:51.665] [warning] Couldn't find file 'index_proximal_lvs.vtp'.
[2022-05-27 09:25:51.665] [warning] Couldn't find file 'index_medial_lvs.vtp'.
[2022-05-27 09:25:51.665] [warning] Couldn't find file 'index_distal_lvs.vtp'.
[2022-05-27 09:25:51.665] [warning] Couldn't find file 'metacarpal3_lvs.vtp'.
[2022-05-27 09:25:51.665] [warning] Couldn't find file 'middle_proximal_lvs.vtp'.
[2022-05-27 09:25:51.665] [warning] Couldn't find file 'middle_medial_lvs.vtp'.
[2022-05-27 09:25:51.665] [warning] Couldn't find file 'middle_distal_lvs.vtp'.
[2022-05-27 09:25:51.665] [warning] Couldn't find file 'metacarpal4_lvs.vtp'.
[2022-05-27 09:25:51.665] [warning] Couldn't find file 'ring_proximal_lvs.vtp'.
[2022-05-27 09:25:51.665] [warning] Couldn't find file 'ring_medial_lvs.vtp'.
[2022-05-27 09:25:51.665] [warning] Couldn't find file 'ring_distal_lvs.vtp'.
[2022-05-27 09:25:51.665] [warning] Couldn't find file 'metacarpal5_lvs.vtp'.
[2022-05-27 09:25:51.665] [warning] Couldn't find file 'little_proximal_lvs.vtp'.
[2022-05-27 09:25:51.665] [warning] Couldn't find file 'little_medial_lvs.vtp'.
[2022-05-27 09:25:51.665] [warning] Couldn't find file 'little_distal_lvs.vtp'.
[2022-05-27 09:25:51.666] [warning] Couldn't find file 'metacarpal1_lvs.vtp'.
[2022-05-27 09:25:51.666] [warning] Couldn't find file 'thumb_proximal_lvs.vtp'.
[2022-05-27 09:25:51.666] [warning] Couldn't find file 'thumb_distal_lvs.vtp'.
[2022-05-27 09:26:10.278] [info] Loaded model subject1_withMTJ_locked_scaled_custom from file C:\Users\u0150099\Documents\master_thesis\3dpredictsim\OpenSimModel\subject1\Fal_s1_mtjc2_sc_FDB2_MTc5_cspx10_oy2.osim
[2022-05-27 09:26:10.279] [warning] Couldn't find file 'sacrum.vtp'.
[2022-05-27 09:26:10.279] [warning] Couldn't find file 'pelvis.vtp'.
[2022-05-27 09:26:10.279] [warning] Couldn't find file 'l_pelvis.vtp'.
[2022-05-27 09:26:10.279] [warning] Couldn't find file 'femur_r.vtp'.
[2022-05-27 09:26:10.279] [warning] Couldn't find file 'tibia_r.vtp'.
[2022-05-27 09:26:10.279] [warning] Couldn't find file 'fibula_r.vtp'.
[2022-05-27 09:26:10.279] [warning] Couldn't find file 'talus_rv.vtp'.
[2022-05-27 09:26:10.279] [warning] Couldn't find file 'calcaneous_rv.vtp'.
[2022-05-27 09:26:10.279] [warning] Couldn't find file 'model_r_midfoot.stl'.
[2022-05-27 09:26:10.279] [warning] Couldn't find file 'model_r_forefoot.stl'.
[2022-05-27 09:26:10.279] [warning] Couldn't find file 'model_r_toes.stl'.
[2022-05-27 09:26:10.279] [warning] Couldn't find file 'femur_l.vtp'.
[2022-05-27 09:26:10.279] [warning] Couldn't find file 'tibia_l.vtp'.
[2022-05-27 09:26:10.280] [warning] Couldn't find file 'fibula_l.vtp'.
[2022-05-27 09:26:10.280] [warning] Couldn't find file 'talus_lv.vtp'.
[2022-05-27 09:26:10.280] [warning] Couldn't find file 'calcaneous_lv.vtp'.
[2022-05-27 09:26:10.280] [warning] Couldn't find file 'model_l_midfoot.stl'.
[2022-05-27 09:26:10.280] [warning] Couldn't find file 'model_l_forefoot.stl'.
[2022-05-27 09:26:10.280] [warning] Couldn't find file 'model_l_toes.stl'.
[2022-05-27 09:26:10.280] [warning] Couldn't find file 'hat_spine.vtp'.
[2022-05-27 09:26:10.280] [warning] Couldn't find file 'hat_jaw.vtp'.
[2022-05-27 09:26:10.280] [warning] Couldn't find file 'hat_skull.vtp'.
[2022-05-27 09:26:10.280] [warning] Couldn't find file 'hat_ribs_scap.vtp'.
[2022-05-27 09:26:10.280] [warning] Couldn't find file 'humerus_rv.vtp'.
[2022-05-27 09:26:10.280] [warning] Couldn't find file 'ulna_rv.vtp'.
[2022-05-27 09:26:10.280] [warning] Couldn't find file 'radius_rv.vtp'.
[2022-05-27 09:26:10.280] [warning] Couldn't find file 'pisiform_rvs.vtp'.
[2022-05-27 09:26:10.280] [warning] Couldn't find file 'lunate_rvs.vtp'.
[2022-05-27 09:26:10.280] [warning] Couldn't find file 'scaphoid_rvs.vtp'.
[2022-05-27 09:26:10.281] [warning] Couldn't find file 'triquetrum_rvs.vtp'.
[2022-05-27 09:26:10.281] [warning] Couldn't find file 'hamate_rvs.vtp'.
[2022-05-27 09:26:10.281] [warning] Couldn't find file 'capitate_rvs.vtp'.
[2022-05-27 09:26:10.281] [warning] Couldn't find file 'trapezoid_rvs.vtp'.
[2022-05-27 09:26:10.281] [warning] Couldn't find file 'trapezium_rvs.vtp'.
[2022-05-27 09:26:10.281] [warning] Couldn't find file 'metacarpal2_rvs.vtp'.
[2022-05-27 09:26:10.281] [warning] Couldn't find file 'index_proximal_rvs.vtp'.
[2022-05-27 09:26:10.281] [warning] Couldn't find file 'index_medial_rvs.vtp'.
[2022-05-27 09:26:10.281] [warning] Couldn't find file 'index_distal_rvs.vtp'.
[2022-05-27 09:26:10.281] [warning] Couldn't find file 'metacarpal3_rvs.vtp'.
[2022-05-27 09:26:10.281] [warning] Couldn't find file 'middle_proximal_rvs.vtp'.
[2022-05-27 09:26:10.281] [warning] Couldn't find file 'middle_medial_rvs.vtp'.
[2022-05-27 09:26:10.281] [warning] Couldn't find file 'middle_distal_rvs.vtp'.
[2022-05-27 09:26:10.281] [warning] Couldn't find file 'metacarpal4_rvs.vtp'.
[2022-05-27 09:26:10.281] [warning] Couldn't find file 'ring_proximal_rvs.vtp'.
[2022-05-27 09:26:10.281] [warning] Couldn't find file 'ring_medial_rvs.vtp'.
[2022-05-27 09:26:10.281] [warning] Couldn't find file 'ring_distal_rvs.vtp'.
[2022-05-27 09:26:10.281] [warning] Couldn't find file 'metacarpal5_rvs.vtp'.
[2022-05-27 09:26:10.282] [warning] Couldn't find file 'little_proximal_rvs.vtp'.
[2022-05-27 09:26:10.282] [warning] Couldn't find file 'little_medial_rvs.vtp'.
[2022-05-27 09:26:10.282] [warning] Couldn't find file 'little_distal_rvs.vtp'.
[2022-05-27 09:26:10.282] [warning] Couldn't find file 'metacarpal1_rvs.vtp'.
[2022-05-27 09:26:10.282] [warning] Couldn't find file 'thumb_proximal_rvs.vtp'.
[2022-05-27 09:26:10.282] [warning] Couldn't find file 'thumb_distal_rvs.vtp'.
[2022-05-27 09:26:10.282] [warning] Couldn't find file 'humerus_lv.vtp'.
[2022-05-27 09:26:10.282] [warning] Couldn't find file 'ulna_lv.vtp'.
[2022-05-27 09:26:10.282] [warning] Couldn't find file 'radius_lv.vtp'.
[2022-05-27 09:26:10.282] [warning] Couldn't find file 'pisiform_lvs.vtp'.
[2022-05-27 09:26:10.282] [warning] Couldn't find file 'lunate_lvs.vtp'.
[2022-05-27 09:26:10.282] [warning] Couldn't find file 'scaphoid_lvs.vtp'.
[2022-05-27 09:26:10.282] [warning] Couldn't find file 'triquetrum_lvs.vtp'.
[2022-05-27 09:26:10.282] [warning] Couldn't find file 'hamate_lvs.vtp'.
[2022-05-27 09:26:10.282] [warning] Couldn't find file 'capitate_lvs.vtp'.
[2022-05-27 09:26:10.283] [warning] Couldn't find file 'trapezoid_lvs.vtp'.
[2022-05-27 09:26:10.283] [warning] Couldn't find file 'trapezium_lvs.vtp'.
[2022-05-27 09:26:10.283] [warning] Couldn't find file 'metacarpal2_lvs.vtp'.
[2022-05-27 09:26:10.283] [warning] Couldn't find file 'index_proximal_lvs.vtp'.
[2022-05-27 09:26:10.283] [warning] Couldn't find file 'index_medial_lvs.vtp'.
[2022-05-27 09:26:10.283] [warning] Couldn't find file 'index_distal_lvs.vtp'.
[2022-05-27 09:26:10.283] [warning] Couldn't find file 'metacarpal3_lvs.vtp'.
[2022-05-27 09:26:10.283] [warning] Couldn't find file 'middle_proximal_lvs.vtp'.
[2022-05-27 09:26:10.283] [warning] Couldn't find file 'middle_medial_lvs.vtp'.
[2022-05-27 09:26:10.283] [warning] Couldn't find file 'middle_distal_lvs.vtp'.
[2022-05-27 09:26:10.283] [warning] Couldn't find file 'metacarpal4_lvs.vtp'.
[2022-05-27 09:26:10.283] [warning] Couldn't find file 'ring_proximal_lvs.vtp'.
[2022-05-27 09:26:10.283] [warning] Couldn't find file 'ring_medial_lvs.vtp'.
[2022-05-27 09:26:10.283] [warning] Couldn't find file 'ring_distal_lvs.vtp'.
[2022-05-27 09:26:10.283] [warning] Couldn't find file 'metacarpal5_lvs.vtp'.
[2022-05-27 09:26:10.283] [warning] Couldn't find file 'little_proximal_lvs.vtp'.
[2022-05-27 09:26:10.283] [warning] Couldn't find file 'little_medial_lvs.vtp'.
[2022-05-27 09:26:10.283] [warning] Couldn't find file 'little_distal_lvs.vtp'.
[2022-05-27 09:26:10.284] [warning] Couldn't find file 'metacarpal1_lvs.vtp'.
[2022-05-27 09:26:10.284] [warning] Couldn't find file 'thumb_proximal_lvs.vtp'.
[2022-05-27 09:26:10.284] [warning] Couldn't find file 'thumb_distal_lvs.vtp'.
[2022-05-27 09:26:10.638] [info] Loaded model subject1_withMTJ_locked_scaled_custom from file C:\Users\u0150099\Documents\master_thesis\3dpredictsim\OpenSimModel\subject1\Fal_s1_mtjc2_sc_FDB2_MTc5_cspx10_oy2.osim
[2022-05-27 09:26:10.638] [warning] Couldn't find file 'sacrum.vtp'.
[2022-05-27 09:26:10.638] [warning] Couldn't find file 'pelvis.vtp'.
[2022-05-27 09:26:10.639] [warning] Couldn't find file 'l_pelvis.vtp'.
[2022-05-27 09:26:10.639] [warning] Couldn't find file 'femur_r.vtp'.
[2022-05-27 09:26:10.639] [warning] Couldn't find file 'tibia_r.vtp'.
[2022-05-27 09:26:10.639] [warning] Couldn't find file 'fibula_r.vtp'.
[2022-05-27 09:26:10.639] [warning] Couldn't find file 'talus_rv.vtp'.
[2022-05-27 09:26:10.639] [warning] Couldn't find file 'calcaneous_rv.vtp'.
[2022-05-27 09:26:10.639] [warning] Couldn't find file 'model_r_midfoot.stl'.
[2022-05-27 09:26:10.639] [warning] Couldn't find file 'model_r_forefoot.stl'.
[2022-05-27 09:26:10.639] [warning] Couldn't find file 'model_r_toes.stl'.
[2022-05-27 09:26:10.639] [warning] Couldn't find file 'femur_l.vtp'.
[2022-05-27 09:26:10.639] [warning] Couldn't find file 'tibia_l.vtp'.
[2022-05-27 09:26:10.639] [warning] Couldn't find file 'fibula_l.vtp'.
[2022-05-27 09:26:10.639] [warning] Couldn't find file 'talus_lv.vtp'.
[2022-05-27 09:26:10.639] [warning] Couldn't find file 'calcaneous_lv.vtp'.
[2022-05-27 09:26:10.639] [warning] Couldn't find file 'model_l_midfoot.stl'.
[2022-05-27 09:26:10.639] [warning] Couldn't find file 'model_l_forefoot.stl'.
[2022-05-27 09:26:10.640] [warning] Couldn't find file 'model_l_toes.stl'.
[2022-05-27 09:26:10.640] [warning] Couldn't find file 'hat_spine.vtp'.
[2022-05-27 09:26:10.640] [warning] Couldn't find file 'hat_jaw.vtp'.
[2022-05-27 09:26:10.640] [warning] Couldn't find file 'hat_skull.vtp'.
[2022-05-27 09:26:10.640] [warning] Couldn't find file 'hat_ribs_scap.vtp'.
[2022-05-27 09:26:10.640] [warning] Couldn't find file 'humerus_rv.vtp'.
[2022-05-27 09:26:10.640] [warning] Couldn't find file 'ulna_rv.vtp'.
[2022-05-27 09:26:10.640] [warning] Couldn't find file 'radius_rv.vtp'.
[2022-05-27 09:26:10.640] [warning] Couldn't find file 'pisiform_rvs.vtp'.
[2022-05-27 09:26:10.640] [warning] Couldn't find file 'lunate_rvs.vtp'.
[2022-05-27 09:26:10.640] [warning] Couldn't find file 'scaphoid_rvs.vtp'.
[2022-05-27 09:26:10.640] [warning] Couldn't find file 'triquetrum_rvs.vtp'.
[2022-05-27 09:26:10.640] [warning] Couldn't find file 'hamate_rvs.vtp'.
[2022-05-27 09:26:10.640] [warning] Couldn't find file 'capitate_rvs.vtp'.
[2022-05-27 09:26:10.640] [warning] Couldn't find file 'trapezoid_rvs.vtp'.
[2022-05-27 09:26:10.640] [warning] Couldn't find file 'trapezium_rvs.vtp'.
[2022-05-27 09:26:10.640] [warning] Couldn't find file 'metacarpal2_rvs.vtp'.
[2022-05-27 09:26:10.641] [warning] Couldn't find file 'index_proximal_rvs.vtp'.
[2022-05-27 09:26:10.641] [warning] Couldn't find file 'index_medial_rvs.vtp'.
[2022-05-27 09:26:10.641] [warning] Couldn't find file 'index_distal_rvs.vtp'.
[2022-05-27 09:26:10.641] [warning] Couldn't find file 'metacarpal3_rvs.vtp'.
[2022-05-27 09:26:10.641] [warning] Couldn't find file 'middle_proximal_rvs.vtp'.
[2022-05-27 09:26:10.641] [warning] Couldn't find file 'middle_medial_rvs.vtp'.
[2022-05-27 09:26:10.641] [warning] Couldn't find file 'middle_distal_rvs.vtp'.
[2022-05-27 09:26:10.641] [warning] Couldn't find file 'metacarpal4_rvs.vtp'.
[2022-05-27 09:26:10.641] [warning] Couldn't find file 'ring_proximal_rvs.vtp'.
[2022-05-27 09:26:10.641] [warning] Couldn't find file 'ring_medial_rvs.vtp'.
[2022-05-27 09:26:10.641] [warning] Couldn't find file 'ring_distal_rvs.vtp'.
[2022-05-27 09:26:10.641] [warning] Couldn't find file 'metacarpal5_rvs.vtp'.
[2022-05-27 09:26:10.641] [warning] Couldn't find file 'little_proximal_rvs.vtp'.
[2022-05-27 09:26:10.641] [warning] Couldn't find file 'little_medial_rvs.vtp'.
[2022-05-27 09:26:10.641] [warning] Couldn't find file 'little_distal_rvs.vtp'.
[2022-05-27 09:26:10.641] [warning] Couldn't find file 'metacarpal1_rvs.vtp'.
[2022-05-27 09:26:10.641] [warning] Couldn't find file 'thumb_proximal_rvs.vtp'.
[2022-05-27 09:26:10.642] [warning] Couldn't find file 'thumb_distal_rvs.vtp'.
[2022-05-27 09:26:10.642] [warning] Couldn't find file 'humerus_lv.vtp'.
[2022-05-27 09:26:10.642] [warning] Couldn't find file 'ulna_lv.vtp'.
[2022-05-27 09:26:10.642] [warning] Couldn't find file 'radius_lv.vtp'.
[2022-05-27 09:26:10.642] [warning] Couldn't find file 'pisiform_lvs.vtp'.
[2022-05-27 09:26:10.642] [warning] Couldn't find file 'lunate_lvs.vtp'.
[2022-05-27 09:26:10.642] [warning] Couldn't find file 'scaphoid_lvs.vtp'.
[2022-05-27 09:26:10.642] [warning] Couldn't find file 'triquetrum_lvs.vtp'.
[2022-05-27 09:26:10.642] [warning] Couldn't find file 'hamate_lvs.vtp'.
[2022-05-27 09:26:10.642] [warning] Couldn't find file 'capitate_lvs.vtp'.
[2022-05-27 09:26:10.642] [warning] Couldn't find file 'trapezoid_lvs.vtp'.
[2022-05-27 09:26:10.642] [warning] Couldn't find file 'trapezium_lvs.vtp'.
[2022-05-27 09:26:10.642] [warning] Couldn't find file 'metacarpal2_lvs.vtp'.
[2022-05-27 09:26:10.642] [warning] Couldn't find file 'index_proximal_lvs.vtp'.
[2022-05-27 09:26:10.642] [warning] Couldn't find file 'index_medial_lvs.vtp'.
[2022-05-27 09:26:10.642] [warning] Couldn't find file 'index_distal_lvs.vtp'.
[2022-05-27 09:26:10.642] [warning] Couldn't find file 'metacarpal3_lvs.vtp'.
[2022-05-27 09:26:10.643] [warning] Couldn't find file 'middle_proximal_lvs.vtp'.
[2022-05-27 09:26:10.643] [warning] Couldn't find file 'middle_medial_lvs.vtp'.
[2022-05-27 09:26:10.643] [warning] Couldn't find file 'middle_distal_lvs.vtp'.
[2022-05-27 09:26:10.643] [warning] Couldn't find file 'metacarpal4_lvs.vtp'.
[2022-05-27 09:26:10.643] [warning] Couldn't find file 'ring_proximal_lvs.vtp'.
[2022-05-27 09:26:10.643] [warning] Couldn't find file 'ring_medial_lvs.vtp'.
[2022-05-27 09:26:10.643] [warning] Couldn't find file 'ring_distal_lvs.vtp'.
[2022-05-27 09:26:10.643] [warning] Couldn't find file 'metacarpal5_lvs.vtp'.
[2022-05-27 09:26:10.643] [warning] Couldn't find file 'little_proximal_lvs.vtp'.
[2022-05-27 09:26:10.643] [warning] Couldn't find file 'little_medial_lvs.vtp'.
[2022-05-27 09:26:10.643] [warning] Couldn't find file 'little_distal_lvs.vtp'.
[2022-05-27 09:26:10.643] [warning] Couldn't find file 'metacarpal1_lvs.vtp'.
[2022-05-27 09:26:10.643] [warning] Couldn't find file 'thumb_proximal_lvs.vtp'.
[2022-05-27 09:26:10.643] [warning] Couldn't find file 'thumb_distal_lvs.vtp'.
[2022-05-27 09:27:20.133] [info] Loaded model subject1_withMTJ_locked_scaled_custom from file C:\Users\u0150099\Documents\master_thesis\3dpredictsim\OpenSimModel\subject1\Fal_s1_mtjc2_sc_FDB2_MTc5_cspx10_oy2.osim
[2022-05-27 09:27:20.134] [warning] Couldn't find file 'sacrum.vtp'.
[2022-05-27 09:27:20.134] [warning] Couldn't find file 'pelvis.vtp'.
[2022-05-27 09:27:20.134] [warning] Couldn't find file 'l_pelvis.vtp'.
[2022-05-27 09:27:20.134] [warning] Couldn't find file 'femur_r.vtp'.
[2022-05-27 09:27:20.134] [warning] Couldn't find file 'tibia_r.vtp'.
[2022-05-27 09:27:20.134] [warning] Couldn't find file 'fibula_r.vtp'.
[2022-05-27 09:27:20.134] [warning] Couldn't find file 'talus_rv.vtp'.
[2022-05-27 09:27:20.134] [warning] Couldn't find file 'calcaneous_rv.vtp'.
[2022-05-27 09:27:20.134] [warning] Couldn't find file 'model_r_midfoot.stl'.
[2022-05-27 09:27:20.135] [warning] Couldn't find file 'model_r_forefoot.stl'.
[2022-05-27 09:27:20.135] [warning] Couldn't find file 'model_r_toes.stl'.
[2022-05-27 09:27:20.135] [warning] Couldn't find file 'femur_l.vtp'.
[2022-05-27 09:27:20.135] [warning] Couldn't find file 'tibia_l.vtp'.
[2022-05-27 09:27:20.135] [warning] Couldn't find file 'fibula_l.vtp'.
[2022-05-27 09:27:20.135] [warning] Couldn't find file 'talus_lv.vtp'.
[2022-05-27 09:27:20.135] [warning] Couldn't find file 'calcaneous_lv.vtp'.
[2022-05-27 09:27:20.135] [warning] Couldn't find file 'model_l_midfoot.stl'.
[2022-05-27 09:27:20.135] [warning] Couldn't find file 'model_l_forefoot.stl'.
[2022-05-27 09:27:20.135] [warning] Couldn't find file 'model_l_toes.stl'.
[2022-05-27 09:27:20.135] [warning] Couldn't find file 'hat_spine.vtp'.
[2022-05-27 09:27:20.135] [warning] Couldn't find file 'hat_jaw.vtp'.
[2022-05-27 09:27:20.135] [warning] Couldn't find file 'hat_skull.vtp'.
[2022-05-27 09:27:20.135] [warning] Couldn't find file 'hat_ribs_scap.vtp'.
[2022-05-27 09:27:20.135] [warning] Couldn't find file 'humerus_rv.vtp'.
[2022-05-27 09:27:20.135] [warning] Couldn't find file 'ulna_rv.vtp'.
[2022-05-27 09:27:20.135] [warning] Couldn't find file 'radius_rv.vtp'.
[2022-05-27 09:27:20.136] [warning] Couldn't find file 'pisiform_rvs.vtp'.
[2022-05-27 09:27:20.136] [warning] Couldn't find file 'lunate_rvs.vtp'.
[2022-05-27 09:27:20.136] [warning] Couldn't find file 'scaphoid_rvs.vtp'.
[2022-05-27 09:27:20.136] [warning] Couldn't find file 'triquetrum_rvs.vtp'.
[2022-05-27 09:27:20.136] [warning] Couldn't find file 'hamate_rvs.vtp'.
[2022-05-27 09:27:20.136] [warning] Couldn't find file 'capitate_rvs.vtp'.
[2022-05-27 09:27:20.136] [warning] Couldn't find file 'trapezoid_rvs.vtp'.
[2022-05-27 09:27:20.136] [warning] Couldn't find file 'trapezium_rvs.vtp'.
[2022-05-27 09:27:20.136] [warning] Couldn't find file 'metacarpal2_rvs.vtp'.
[2022-05-27 09:27:20.136] [warning] Couldn't find file 'index_proximal_rvs.vtp'.
[2022-05-27 09:27:20.136] [warning] Couldn't find file 'index_medial_rvs.vtp'.
[2022-05-27 09:27:20.136] [warning] Couldn't find file 'index_distal_rvs.vtp'.
[2022-05-27 09:27:20.136] [warning] Couldn't find file 'metacarpal3_rvs.vtp'.
[2022-05-27 09:27:20.136] [warning] Couldn't find file 'middle_proximal_rvs.vtp'.
[2022-05-27 09:27:20.136] [warning] Couldn't find file 'middle_medial_rvs.vtp'.
[2022-05-27 09:27:20.136] [warning] Couldn't find file 'middle_distal_rvs.vtp'.
[2022-05-27 09:27:20.136] [warning] Couldn't find file 'metacarpal4_rvs.vtp'.
[2022-05-27 09:27:20.136] [warning] Couldn't find file 'ring_proximal_rvs.vtp'.
[2022-05-27 09:27:20.137] [warning] Couldn't find file 'ring_medial_rvs.vtp'.
[2022-05-27 09:27:20.137] [warning] Couldn't find file 'ring_distal_rvs.vtp'.
[2022-05-27 09:27:20.137] [warning] Couldn't find file 'metacarpal5_rvs.vtp'.
[2022-05-27 09:27:20.137] [warning] Couldn't find file 'little_proximal_rvs.vtp'.
[2022-05-27 09:27:20.137] [warning] Couldn't find file 'little_medial_rvs.vtp'.
[2022-05-27 09:27:20.137] [warning] Couldn't find file 'little_distal_rvs.vtp'.
[2022-05-27 09:27:20.137] [warning] Couldn't find file 'metacarpal1_rvs.vtp'.
[2022-05-27 09:27:20.137] [warning] Couldn't find file 'thumb_proximal_rvs.vtp'.
[2022-05-27 09:27:20.137] [warning] Couldn't find file 'thumb_distal_rvs.vtp'.
[2022-05-27 09:27:20.137] [warning] Couldn't find file 'humerus_lv.vtp'.
[2022-05-27 09:27:20.137] [warning] Couldn't find file 'ulna_lv.vtp'.
[2022-05-27 09:27:20.137] [warning] Couldn't find file 'radius_lv.vtp'.
[2022-05-27 09:27:20.137] [warning] Couldn't find file 'pisiform_lvs.vtp'.
[2022-05-27 09:27:20.137] [warning] Couldn't find file 'lunate_lvs.vtp'.
[2022-05-27 09:27:20.137] [warning] Couldn't find file 'scaphoid_lvs.vtp'.
[2022-05-27 09:27:20.137] [warning] Couldn't find file 'triquetrum_lvs.vtp'.
[2022-05-27 09:27:20.137] [warning] Couldn't find file 'hamate_lvs.vtp'.
[2022-05-27 09:27:20.137] [warning] Couldn't find file 'capitate_lvs.vtp'.
[2022-05-27 09:27:20.137] [warning] Couldn't find file 'trapezoid_lvs.vtp'.
[2022-05-27 09:27:20.138] [warning] Couldn't find file 'trapezium_lvs.vtp'.
[2022-05-27 09:27:20.138] [warning] Couldn't find file 'metacarpal2_lvs.vtp'.
[2022-05-27 09:27:20.138] [warning] Couldn't find file 'index_proximal_lvs.vtp'.
[2022-05-27 09:27:20.138] [warning] Couldn't find file 'index_medial_lvs.vtp'.
[2022-05-27 09:27:20.138] [warning] Couldn't find file 'index_distal_lvs.vtp'.
[2022-05-27 09:27:20.138] [warning] Couldn't find file 'metacarpal3_lvs.vtp'.
[2022-05-27 09:27:20.138] [warning] Couldn't find file 'middle_proximal_lvs.vtp'.
[2022-05-27 09:27:20.138] [warning] Couldn't find file 'middle_medial_lvs.vtp'.
[2022-05-27 09:27:20.138] [warning] Couldn't find file 'middle_distal_lvs.vtp'.
[2022-05-27 09:27:20.138] [warning] Couldn't find file 'metacarpal4_lvs.vtp'.
[2022-05-27 09:27:20.138] [warning] Couldn't find file 'ring_proximal_lvs.vtp'.
[2022-05-27 09:27:20.138] [warning] Couldn't find file 'ring_medial_lvs.vtp'.
[2022-05-27 09:27:20.138] [warning] Couldn't find file 'ring_distal_lvs.vtp'.
[2022-05-27 09:27:20.138] [warning] Couldn't find file 'metacarpal5_lvs.vtp'.
[2022-05-27 09:27:20.138] [warning] Couldn't find file 'little_proximal_lvs.vtp'.
[2022-05-27 09:27:20.138] [warning] Couldn't find file 'little_medial_lvs.vtp'.
[2022-05-27 09:27:20.138] [warning] Couldn't find file 'little_distal_lvs.vtp'.
[2022-05-27 09:27:20.138] [warning] Couldn't find file 'metacarpal1_lvs.vtp'.
[2022-05-27 09:27:20.139] [warning] Couldn't find file 'thumb_proximal_lvs.vtp'.
[2022-05-27 09:27:20.139] [warning] Couldn't find file 'thumb_distal_lvs.vtp'.
[2022-05-27 09:27:20.459] [info] Loaded model subject1_withMTJ_locked_scaled_custom from file C:\Users\u0150099\Documents\master_thesis\3dpredictsim\OpenSimModel\subject1\Fal_s1_mtjc2_sc_FDB2_MTc5_cspx10_oy2.osim
[2022-05-27 09:27:20.459] [warning] Couldn't find file 'sacrum.vtp'.
[2022-05-27 09:27:20.459] [warning] Couldn't find file 'pelvis.vtp'.
[2022-05-27 09:27:20.459] [warning] Couldn't find file 'l_pelvis.vtp'.
[2022-05-27 09:27:20.459] [warning] Couldn't find file 'femur_r.vtp'.
[2022-05-27 09:27:20.459] [warning] Couldn't find file 'tibia_r.vtp'.
[2022-05-27 09:27:20.460] [warning] Couldn't find file 'fibula_r.vtp'.
[2022-05-27 09:27:20.460] [warning] Couldn't find file 'talus_rv.vtp'.
[2022-05-27 09:27:20.460] [warning] Couldn't find file 'calcaneous_rv.vtp'.
[2022-05-27 09:27:20.460] [warning] Couldn't find file 'model_r_midfoot.stl'.
[2022-05-27 09:27:20.460] [warning] Couldn't find file 'model_r_forefoot.stl'.
[2022-05-27 09:27:20.460] [warning] Couldn't find file 'model_r_toes.stl'.
[2022-05-27 09:27:20.460] [warning] Couldn't find file 'femur_l.vtp'.
[2022-05-27 09:27:20.460] [warning] Couldn't find file 'tibia_l.vtp'.
[2022-05-27 09:27:20.460] [warning] Couldn't find file 'fibula_l.vtp'.
[2022-05-27 09:27:20.460] [warning] Couldn't find file 'talus_lv.vtp'.
[2022-05-27 09:27:20.460] [warning] Couldn't find file 'calcaneous_lv.vtp'.
[2022-05-27 09:27:20.460] [warning] Couldn't find file 'model_l_midfoot.stl'.
[2022-05-27 09:27:20.460] [warning] Couldn't find file 'model_l_forefoot.stl'.
[2022-05-27 09:27:20.460] [warning] Couldn't find file 'model_l_toes.stl'.
[2022-05-27 09:27:20.460] [warning] Couldn't find file 'hat_spine.vtp'.
[2022-05-27 09:27:20.460] [warning] Couldn't find file 'hat_jaw.vtp'.
[2022-05-27 09:27:20.461] [warning] Couldn't find file 'hat_skull.vtp'.
[2022-05-27 09:27:20.461] [warning] Couldn't find file 'hat_ribs_scap.vtp'.
[2022-05-27 09:27:20.461] [warning] Couldn't find file 'humerus_rv.vtp'.
[2022-05-27 09:27:20.461] [warning] Couldn't find file 'ulna_rv.vtp'.
[2022-05-27 09:27:20.461] [warning] Couldn't find file 'radius_rv.vtp'.
[2022-05-27 09:27:20.461] [warning] Couldn't find file 'pisiform_rvs.vtp'.
[2022-05-27 09:27:20.461] [warning] Couldn't find file 'lunate_rvs.vtp'.
[2022-05-27 09:27:20.461] [warning] Couldn't find file 'scaphoid_rvs.vtp'.
[2022-05-27 09:27:20.461] [warning] Couldn't find file 'triquetrum_rvs.vtp'.
[2022-05-27 09:27:20.461] [warning] Couldn't find file 'hamate_rvs.vtp'.
[2022-05-27 09:27:20.461] [warning] Couldn't find file 'capitate_rvs.vtp'.
[2022-05-27 09:27:20.461] [warning] Couldn't find file 'trapezoid_rvs.vtp'.
[2022-05-27 09:27:20.461] [warning] Couldn't find file 'trapezium_rvs.vtp'.
[2022-05-27 09:27:20.461] [warning] Couldn't find file 'metacarpal2_rvs.vtp'.
[2022-05-27 09:27:20.461] [warning] Couldn't find file 'index_proximal_rvs.vtp'.
[2022-05-27 09:27:20.461] [warning] Couldn't find file 'index_medial_rvs.vtp'.
[2022-05-27 09:27:20.461] [warning] Couldn't find file 'index_distal_rvs.vtp'.
[2022-05-27 09:27:20.461] [warning] Couldn't find file 'metacarpal3_rvs.vtp'.
[2022-05-27 09:27:20.462] [warning] Couldn't find file 'middle_proximal_rvs.vtp'.
[2022-05-27 09:27:20.462] [warning] Couldn't find file 'middle_medial_rvs.vtp'.
[2022-05-27 09:27:20.462] [warning] Couldn't find file 'middle_distal_rvs.vtp'.
[2022-05-27 09:27:20.462] [warning] Couldn't find file 'metacarpal4_rvs.vtp'.
[2022-05-27 09:27:20.462] [warning] Couldn't find file 'ring_proximal_rvs.vtp'.
[2022-05-27 09:27:20.462] [warning] Couldn't find file 'ring_medial_rvs.vtp'.
[2022-05-27 09:27:20.462] [warning] Couldn't find file 'ring_distal_rvs.vtp'.
[2022-05-27 09:27:20.462] [warning] Couldn't find file 'metacarpal5_rvs.vtp'.
[2022-05-27 09:27:20.462] [warning] Couldn't find file 'little_proximal_rvs.vtp'.
[2022-05-27 09:27:20.462] [warning] Couldn't find file 'little_medial_rvs.vtp'.
[2022-05-27 09:27:20.462] [warning] Couldn't find file 'little_distal_rvs.vtp'.
[2022-05-27 09:27:20.462] [warning] Couldn't find file 'metacarpal1_rvs.vtp'.
[2022-05-27 09:27:20.462] [warning] Couldn't find file 'thumb_proximal_rvs.vtp'.
[2022-05-27 09:27:20.462] [warning] Couldn't find file 'thumb_distal_rvs.vtp'.
[2022-05-27 09:27:20.462] [warning] Couldn't find file 'humerus_lv.vtp'.
[2022-05-27 09:27:20.462] [warning] Couldn't find file 'ulna_lv.vtp'.
[2022-05-27 09:27:20.462] [warning] Couldn't find file 'radius_lv.vtp'.
[2022-05-27 09:27:20.462] [warning] Couldn't find file 'pisiform_lvs.vtp'.
[2022-05-27 09:27:20.463] [warning] Couldn't find file 'lunate_lvs.vtp'.
[2022-05-27 09:27:20.463] [warning] Couldn't find file 'scaphoid_lvs.vtp'.
[2022-05-27 09:27:20.463] [warning] Couldn't find file 'triquetrum_lvs.vtp'.
[2022-05-27 09:27:20.463] [warning] Couldn't find file 'hamate_lvs.vtp'.
[2022-05-27 09:27:20.463] [warning] Couldn't find file 'capitate_lvs.vtp'.
[2022-05-27 09:27:20.463] [warning] Couldn't find file 'trapezoid_lvs.vtp'.
[2022-05-27 09:27:20.463] [warning] Couldn't find file 'trapezium_lvs.vtp'.
[2022-05-27 09:27:20.463] [warning] Couldn't find file 'metacarpal2_lvs.vtp'.
[2022-05-27 09:27:20.463] [warning] Couldn't find file 'index_proximal_lvs.vtp'.
[2022-05-27 09:27:20.463] [warning] Couldn't find file 'index_medial_lvs.vtp'.
[2022-05-27 09:27:20.463] [warning] Couldn't find file 'index_distal_lvs.vtp'.
[2022-05-27 09:27:20.463] [warning] Couldn't find file 'metacarpal3_lvs.vtp'.
[2022-05-27 09:27:20.463] [warning] Couldn't find file 'middle_proximal_lvs.vtp'.
[2022-05-27 09:27:20.463] [warning] Couldn't find file 'middle_medial_lvs.vtp'.
[2022-05-27 09:27:20.463] [warning] Couldn't find file 'middle_distal_lvs.vtp'.
[2022-05-27 09:27:20.463] [warning] Couldn't find file 'metacarpal4_lvs.vtp'.
[2022-05-27 09:27:20.463] [warning] Couldn't find file 'ring_proximal_lvs.vtp'.
[2022-05-27 09:27:20.463] [warning] Couldn't find file 'ring_medial_lvs.vtp'.
[2022-05-27 09:27:20.464] [warning] Couldn't find file 'ring_distal_lvs.vtp'.
[2022-05-27 09:27:20.464] [warning] Couldn't find file 'metacarpal5_lvs.vtp'.
[2022-05-27 09:27:20.464] [warning] Couldn't find file 'little_proximal_lvs.vtp'.
[2022-05-27 09:27:20.464] [warning] Couldn't find file 'little_medial_lvs.vtp'.
[2022-05-27 09:27:20.464] [warning] Couldn't find file 'little_distal_lvs.vtp'.
[2022-05-27 09:27:20.464] [warning] Couldn't find file 'metacarpal1_lvs.vtp'.
[2022-05-27 09:27:20.464] [warning] Couldn't find file 'thumb_proximal_lvs.vtp'.
[2022-05-27 09:27:20.464] [warning] Couldn't find file 'thumb_distal_lvs.vtp'.
[2022-05-27 09:30:32.862] [info] Loaded model subject1_withMTJ_locked_scaled_custom from file C:\Users\u0150099\Documents\master_thesis\3dpredictsim\OpenSimModel\subject1\Fal_s1_mtjc2_sc_FDB2_MTc5_cspx10_oy2.osim
[2022-05-27 09:30:32.863] [warning] Couldn't find file 'sacrum.vtp'.
[2022-05-27 09:30:32.863] [warning] Couldn't find file 'pelvis.vtp'.
[2022-05-27 09:30:32.863] [warning] Couldn't find file 'l_pelvis.vtp'.
[2022-05-27 09:30:32.863] [warning] Couldn't find file 'femur_r.vtp'.
[2022-05-27 09:30:32.863] [warning] Couldn't find file 'tibia_r.vtp'.
[2022-05-27 09:30:32.863] [warning] Couldn't find file 'fibula_r.vtp'.
[2022-05-27 09:30:32.863] [warning] Couldn't find file 'talus_rv.vtp'.
[2022-05-27 09:30:32.863] [warning] Couldn't find file 'calcaneous_rv.vtp'.
[2022-05-27 09:30:32.864] [warning] Couldn't find file 'model_r_midfoot.stl'.
[2022-05-27 09:30:32.864] [warning] Couldn't find file 'model_r_forefoot.stl'.
[2022-05-27 09:30:32.864] [warning] Couldn't find file 'model_r_toes.stl'.
[2022-05-27 09:30:32.864] [warning] Couldn't find file 'femur_l.vtp'.
[2022-05-27 09:30:32.864] [warning] Couldn't find file 'tibia_l.vtp'.
[2022-05-27 09:30:32.864] [warning] Couldn't find file 'fibula_l.vtp'.
[2022-05-27 09:30:32.864] [warning] Couldn't find file 'talus_lv.vtp'.
[2022-05-27 09:30:32.864] [warning] Couldn't find file 'calcaneous_lv.vtp'.
[2022-05-27 09:30:32.864] [warning] Couldn't find file 'model_l_midfoot.stl'.
[2022-05-27 09:30:32.864] [warning] Couldn't find file 'model_l_forefoot.stl'.
[2022-05-27 09:30:32.864] [warning] Couldn't find file 'model_l_toes.stl'.
[2022-05-27 09:30:32.864] [warning] Couldn't find file 'hat_spine.vtp'.
[2022-05-27 09:30:32.864] [warning] Couldn't find file 'hat_jaw.vtp'.
[2022-05-27 09:30:32.864] [warning] Couldn't find file 'hat_skull.vtp'.
[2022-05-27 09:30:32.864] [warning] Couldn't find file 'hat_ribs_scap.vtp'.
[2022-05-27 09:30:32.864] [warning] Couldn't find file 'humerus_rv.vtp'.
[2022-05-27 09:30:32.864] [warning] Couldn't find file 'ulna_rv.vtp'.
[2022-05-27 09:30:32.865] [warning] Couldn't find file 'radius_rv.vtp'.
[2022-05-27 09:30:32.865] [warning] Couldn't find file 'pisiform_rvs.vtp'.
[2022-05-27 09:30:32.865] [warning] Couldn't find file 'lunate_rvs.vtp'.
[2022-05-27 09:30:32.865] [warning] Couldn't find file 'scaphoid_rvs.vtp'.
[2022-05-27 09:30:32.865] [warning] Couldn't find file 'triquetrum_rvs.vtp'.
[2022-05-27 09:30:32.865] [warning] Couldn't find file 'hamate_rvs.vtp'.
[2022-05-27 09:30:32.865] [warning] Couldn't find file 'capitate_rvs.vtp'.
[2022-05-27 09:30:32.865] [warning] Couldn't find file 'trapezoid_rvs.vtp'.
[2022-05-27 09:30:32.865] [warning] Couldn't find file 'trapezium_rvs.vtp'.
[2022-05-27 09:30:32.865] [warning] Couldn't find file 'metacarpal2_rvs.vtp'.
[2022-05-27 09:30:32.865] [warning] Couldn't find file 'index_proximal_rvs.vtp'.
[2022-05-27 09:30:32.865] [warning] Couldn't find file 'index_medial_rvs.vtp'.
[2022-05-27 09:30:32.865] [warning] Couldn't find file 'index_distal_rvs.vtp'.
[2022-05-27 09:30:32.865] [warning] Couldn't find file 'metacarpal3_rvs.vtp'.
[2022-05-27 09:30:32.865] [warning] Couldn't find file 'middle_proximal_rvs.vtp'.
[2022-05-27 09:30:32.865] [warning] Couldn't find file 'middle_medial_rvs.vtp'.
[2022-05-27 09:30:32.865] [warning] Couldn't find file 'middle_distal_rvs.vtp'.
[2022-05-27 09:30:32.866] [warning] Couldn't find file 'metacarpal4_rvs.vtp'.
[2022-05-27 09:30:32.866] [warning] Couldn't find file 'ring_proximal_rvs.vtp'.
[2022-05-27 09:30:32.866] [warning] Couldn't find file 'ring_medial_rvs.vtp'.
[2022-05-27 09:30:32.866] [warning] Couldn't find file 'ring_distal_rvs.vtp'.
[2022-05-27 09:30:32.866] [warning] Couldn't find file 'metacarpal5_rvs.vtp'.
[2022-05-27 09:30:32.866] [warning] Couldn't find file 'little_proximal_rvs.vtp'.
[2022-05-27 09:30:32.866] [warning] Couldn't find file 'little_medial_rvs.vtp'.
[2022-05-27 09:30:32.866] [warning] Couldn't find file 'little_distal_rvs.vtp'.
[2022-05-27 09:30:32.866] [warning] Couldn't find file 'metacarpal1_rvs.vtp'.
[2022-05-27 09:30:32.866] [warning] Couldn't find file 'thumb_proximal_rvs.vtp'.
[2022-05-27 09:30:32.866] [warning] Couldn't find file 'thumb_distal_rvs.vtp'.
[2022-05-27 09:30:32.866] [warning] Couldn't find file 'humerus_lv.vtp'.
[2022-05-27 09:30:32.866] [warning] Couldn't find file 'ulna_lv.vtp'.
[2022-05-27 09:30:32.866] [warning] Couldn't find file 'radius_lv.vtp'.
[2022-05-27 09:30:32.866] [warning] Couldn't find file 'pisiform_lvs.vtp'.
[2022-05-27 09:30:32.866] [warning] Couldn't find file 'lunate_lvs.vtp'.
[2022-05-27 09:30:32.866] [warning] Couldn't find file 'scaphoid_lvs.vtp'.
[2022-05-27 09:30:32.866] [warning] Couldn't find file 'triquetrum_lvs.vtp'.
[2022-05-27 09:30:32.867] [warning] Couldn't find file 'hamate_lvs.vtp'.
[2022-05-27 09:30:32.867] [warning] Couldn't find file 'capitate_lvs.vtp'.
[2022-05-27 09:30:32.867] [warning] Couldn't find file 'trapezoid_lvs.vtp'.
[2022-05-27 09:30:32.867] [warning] Couldn't find file 'trapezium_lvs.vtp'.
[2022-05-27 09:30:32.867] [warning] Couldn't find file 'metacarpal2_lvs.vtp'.
[2022-05-27 09:30:32.867] [warning] Couldn't find file 'index_proximal_lvs.vtp'.
[2022-05-27 09:30:32.867] [warning] Couldn't find file 'index_medial_lvs.vtp'.
[2022-05-27 09:30:32.867] [warning] Couldn't find file 'index_distal_lvs.vtp'.
[2022-05-27 09:30:32.867] [warning] Couldn't find file 'metacarpal3_lvs.vtp'.
[2022-05-27 09:30:32.867] [warning] Couldn't find file 'middle_proximal_lvs.vtp'.
[2022-05-27 09:30:32.867] [warning] Couldn't find file 'middle_medial_lvs.vtp'.
[2022-05-27 09:30:32.867] [warning] Couldn't find file 'middle_distal_lvs.vtp'.
[2022-05-27 09:30:32.867] [warning] Couldn't find file 'metacarpal4_lvs.vtp'.
[2022-05-27 09:30:32.867] [warning] Couldn't find file 'ring_proximal_lvs.vtp'.
[2022-05-27 09:30:32.867] [warning] Couldn't find file 'ring_medial_lvs.vtp'.
[2022-05-27 09:30:32.867] [warning] Couldn't find file 'ring_distal_lvs.vtp'.
[2022-05-27 09:30:32.867] [warning] Couldn't find file 'metacarpal5_lvs.vtp'.
[2022-05-27 09:30:32.867] [warning] Couldn't find file 'little_proximal_lvs.vtp'.
[2022-05-27 09:30:32.868] [warning] Couldn't find file 'little_medial_lvs.vtp'.
[2022-05-27 09:30:32.868] [warning] Couldn't find file 'little_distal_lvs.vtp'.
[2022-05-27 09:30:32.868] [warning] Couldn't find file 'metacarpal1_lvs.vtp'.
[2022-05-27 09:30:32.868] [warning] Couldn't find file 'thumb_proximal_lvs.vtp'.
[2022-05-27 09:30:32.868] [warning] Couldn't find file 'thumb_distal_lvs.vtp'.
[2022-05-27 09:30:33.182] [info] Loaded model subject1_withMTJ_locked_scaled_custom from file C:\Users\u0150099\Documents\master_thesis\3dpredictsim\OpenSimModel\subject1\Fal_s1_mtjc2_sc_FDB2_MTc5_cspx10_oy2.osim
[2022-05-27 09:30:33.183] [warning] Couldn't find file 'sacrum.vtp'.
[2022-05-27 09:30:33.183] [warning] Couldn't find file 'pelvis.vtp'.
[2022-05-27 09:30:33.183] [warning] Couldn't find file 'l_pelvis.vtp'.
[2022-05-27 09:30:33.183] [warning] Couldn't find file 'femur_r.vtp'.
[2022-05-27 09:30:33.183] [warning] Couldn't find file 'tibia_r.vtp'.
[2022-05-27 09:30:33.183] [warning] Couldn't find file 'fibula_r.vtp'.
[2022-05-27 09:30:33.183] [warning] Couldn't find file 'talus_rv.vtp'.
[2022-05-27 09:30:33.183] [warning] Couldn't find file 'calcaneous_rv.vtp'.
[2022-05-27 09:30:33.183] [warning] Couldn't find file 'model_r_midfoot.stl'.
[2022-05-27 09:30:33.183] [warning] Couldn't find file 'model_r_forefoot.stl'.
[2022-05-27 09:30:33.184] [warning] Couldn't find file 'model_r_toes.stl'.
[2022-05-27 09:30:33.184] [warning] Couldn't find file 'femur_l.vtp'.
[2022-05-27 09:30:33.184] [warning] Couldn't find file 'tibia_l.vtp'.
[2022-05-27 09:30:33.184] [warning] Couldn't find file 'fibula_l.vtp'.
[2022-05-27 09:30:33.184] [warning] Couldn't find file 'talus_lv.vtp'.
[2022-05-27 09:30:33.184] [warning] Couldn't find file 'calcaneous_lv.vtp'.
[2022-05-27 09:30:33.184] [warning] Couldn't find file 'model_l_midfoot.stl'.
[2022-05-27 09:30:33.184] [warning] Couldn't find file 'model_l_forefoot.stl'.
[2022-05-27 09:30:33.184] [warning] Couldn't find file 'model_l_toes.stl'.
[2022-05-27 09:30:33.184] [warning] Couldn't find file 'hat_spine.vtp'.
[2022-05-27 09:30:33.184] [warning] Couldn't find file 'hat_jaw.vtp'.
[2022-05-27 09:30:33.184] [warning] Couldn't find file 'hat_skull.vtp'.
[2022-05-27 09:30:33.184] [warning] Couldn't find file 'hat_ribs_scap.vtp'.
[2022-05-27 09:30:33.184] [warning] Couldn't find file 'humerus_rv.vtp'.
[2022-05-27 09:30:33.184] [warning] Couldn't find file 'ulna_rv.vtp'.
[2022-05-27 09:30:33.184] [warning] Couldn't find file 'radius_rv.vtp'.
[2022-05-27 09:30:33.185] [warning] Couldn't find file 'pisiform_rvs.vtp'.
[2022-05-27 09:30:33.185] [warning] Couldn't find file 'lunate_rvs.vtp'.
[2022-05-27 09:30:33.185] [warning] Couldn't find file 'scaphoid_rvs.vtp'.
[2022-05-27 09:30:33.185] [warning] Couldn't find file 'triquetrum_rvs.vtp'.
[2022-05-27 09:30:33.185] [warning] Couldn't find file 'hamate_rvs.vtp'.
[2022-05-27 09:30:33.185] [warning] Couldn't find file 'capitate_rvs.vtp'.
[2022-05-27 09:30:33.185] [warning] Couldn't find file 'trapezoid_rvs.vtp'.
[2022-05-27 09:30:33.185] [warning] Couldn't find file 'trapezium_rvs.vtp'.
[2022-05-27 09:30:33.185] [warning] Couldn't find file 'metacarpal2_rvs.vtp'.
[2022-05-27 09:30:33.185] [warning] Couldn't find file 'index_proximal_rvs.vtp'.
[2022-05-27 09:30:33.185] [warning] Couldn't find file 'index_medial_rvs.vtp'.
[2022-05-27 09:30:33.185] [warning] Couldn't find file 'index_distal_rvs.vtp'.
[2022-05-27 09:30:33.185] [warning] Couldn't find file 'metacarpal3_rvs.vtp'.
[2022-05-27 09:30:33.185] [warning] Couldn't find file 'middle_proximal_rvs.vtp'.
[2022-05-27 09:30:33.185] [warning] Couldn't find file 'middle_medial_rvs.vtp'.
[2022-05-27 09:30:33.185] [warning] Couldn't find file 'middle_distal_rvs.vtp'.
[2022-05-27 09:30:33.185] [warning] Couldn't find file 'metacarpal4_rvs.vtp'.
[2022-05-27 09:30:33.185] [warning] Couldn't find file 'ring_proximal_rvs.vtp'.
[2022-05-27 09:30:33.186] [warning] Couldn't find file 'ring_medial_rvs.vtp'.
[2022-05-27 09:30:33.186] [warning] Couldn't find file 'ring_distal_rvs.vtp'.
[2022-05-27 09:30:33.186] [warning] Couldn't find file 'metacarpal5_rvs.vtp'.
[2022-05-27 09:30:33.186] [warning] Couldn't find file 'little_proximal_rvs.vtp'.
[2022-05-27 09:30:33.186] [warning] Couldn't find file 'little_medial_rvs.vtp'.
[2022-05-27 09:30:33.186] [warning] Couldn't find file 'little_distal_rvs.vtp'.
[2022-05-27 09:30:33.186] [warning] Couldn't find file 'metacarpal1_rvs.vtp'.
[2022-05-27 09:30:33.186] [warning] Couldn't find file 'thumb_proximal_rvs.vtp'.
[2022-05-27 09:30:33.186] [warning] Couldn't find file 'thumb_distal_rvs.vtp'.
[2022-05-27 09:30:33.186] [warning] Couldn't find file 'humerus_lv.vtp'.
[2022-05-27 09:30:33.186] [warning] Couldn't find file 'ulna_lv.vtp'.
[2022-05-27 09:30:33.186] [warning] Couldn't find file 'radius_lv.vtp'.
[2022-05-27 09:30:33.186] [warning] Couldn't find file 'pisiform_lvs.vtp'.
[2022-05-27 09:30:33.186] [warning] Couldn't find file 'lunate_lvs.vtp'.
[2022-05-27 09:30:33.186] [warning] Couldn't find file 'scaphoid_lvs.vtp'.
[2022-05-27 09:30:33.186] [warning] Couldn't find file 'triquetrum_lvs.vtp'.
[2022-05-27 09:30:33.186] [warning] Couldn't find file 'hamate_lvs.vtp'.
[2022-05-27 09:30:33.187] [warning] Couldn't find file 'capitate_lvs.vtp'.
[2022-05-27 09:30:33.187] [warning] Couldn't find file 'trapezoid_lvs.vtp'.
[2022-05-27 09:30:33.187] [warning] Couldn't find file 'trapezium_lvs.vtp'.
[2022-05-27 09:30:33.187] [warning] Couldn't find file 'metacarpal2_lvs.vtp'.
[2022-05-27 09:30:33.187] [warning] Couldn't find file 'index_proximal_lvs.vtp'.
[2022-05-27 09:30:33.187] [warning] Couldn't find file 'index_medial_lvs.vtp'.
[2022-05-27 09:30:33.187] [warning] Couldn't find file 'index_distal_lvs.vtp'.
[2022-05-27 09:30:33.187] [warning] Couldn't find file 'metacarpal3_lvs.vtp'.
[2022-05-27 09:30:33.187] [warning] Couldn't find file 'middle_proximal_lvs.vtp'.
[2022-05-27 09:30:33.187] [warning] Couldn't find file 'middle_medial_lvs.vtp'.
[2022-05-27 09:30:33.187] [warning] Couldn't find file 'middle_distal_lvs.vtp'.
[2022-05-27 09:30:33.187] [warning] Couldn't find file 'metacarpal4_lvs.vtp'.
[2022-05-27 09:30:33.187] [warning] Couldn't find file 'ring_proximal_lvs.vtp'.
[2022-05-27 09:30:33.187] [warning] Couldn't find file 'ring_medial_lvs.vtp'.
[2022-05-27 09:30:33.187] [warning] Couldn't find file 'ring_distal_lvs.vtp'.
[2022-05-27 09:30:33.187] [warning] Couldn't find file 'metacarpal5_lvs.vtp'.
[2022-05-27 09:30:33.187] [warning] Couldn't find file 'little_proximal_lvs.vtp'.
[2022-05-27 09:30:33.187] [warning] Couldn't find file 'little_medial_lvs.vtp'.
[2022-05-27 09:30:33.188] [warning] Couldn't find file 'little_distal_lvs.vtp'.
[2022-05-27 09:30:33.188] [warning] Couldn't find file 'metacarpal1_lvs.vtp'.
[2022-05-27 09:30:33.188] [warning] Couldn't find file 'thumb_proximal_lvs.vtp'.
[2022-05-27 09:30:33.188] [warning] Couldn't find file 'thumb_distal_lvs.vtp'.
[2022-05-27 09:35:44.774] [info] Loaded model subject1_withMTJ_locked_scaled_custom from file C:\Users\u0150099\Documents\master_thesis\3dpredictsim\OpenSimModel\subject1\Fal_s1_mtjc2_sc_FDB2_MTc5_cspx10_oy2.osim
[2022-05-27 09:35:44.774] [warning] Couldn't find file 'sacrum.vtp'.
[2022-05-27 09:35:44.774] [warning] Couldn't find file 'pelvis.vtp'.
[2022-05-27 09:35:44.775] [warning] Couldn't find file 'l_pelvis.vtp'.
[2022-05-27 09:35:44.775] [warning] Couldn't find file 'femur_r.vtp'.
[2022-05-27 09:35:44.775] [warning] Couldn't find file 'tibia_r.vtp'.
[2022-05-27 09:35:44.775] [warning] Couldn't find file 'fibula_r.vtp'.
[2022-05-27 09:35:44.775] [warning] Couldn't find file 'talus_rv.vtp'.
[2022-05-27 09:35:44.775] [warning] Couldn't find file 'calcaneous_rv.vtp'.
[2022-05-27 09:35:44.775] [warning] Couldn't find file 'model_r_midfoot.stl'.
[2022-05-27 09:35:44.775] [warning] Couldn't find file 'model_r_forefoot.stl'.
[2022-05-27 09:35:44.775] [warning] Couldn't find file 'model_r_toes.stl'.
[2022-05-27 09:35:44.775] [warning] Couldn't find file 'femur_l.vtp'.
[2022-05-27 09:35:44.775] [warning] Couldn't find file 'tibia_l.vtp'.
[2022-05-27 09:35:44.775] [warning] Couldn't find file 'fibula_l.vtp'.
[2022-05-27 09:35:44.775] [warning] Couldn't find file 'talus_lv.vtp'.
[2022-05-27 09:35:44.775] [warning] Couldn't find file 'calcaneous_lv.vtp'.
[2022-05-27 09:35:44.775] [warning] Couldn't find file 'model_l_midfoot.stl'.
[2022-05-27 09:35:44.775] [warning] Couldn't find file 'model_l_forefoot.stl'.
[2022-05-27 09:35:44.776] [warning] Couldn't find file 'model_l_toes.stl'.
[2022-05-27 09:35:44.776] [warning] Couldn't find file 'hat_spine.vtp'.
[2022-05-27 09:35:44.776] [warning] Couldn't find file 'hat_jaw.vtp'.
[2022-05-27 09:35:44.776] [warning] Couldn't find file 'hat_skull.vtp'.
[2022-05-27 09:35:44.776] [warning] Couldn't find file 'hat_ribs_scap.vtp'.
[2022-05-27 09:35:44.776] [warning] Couldn't find file 'humerus_rv.vtp'.
[2022-05-27 09:35:44.776] [warning] Couldn't find file 'ulna_rv.vtp'.
[2022-05-27 09:35:44.776] [warning] Couldn't find file 'radius_rv.vtp'.
[2022-05-27 09:35:44.776] [warning] Couldn't find file 'pisiform_rvs.vtp'.
[2022-05-27 09:35:44.776] [warning] Couldn't find file 'lunate_rvs.vtp'.
[2022-05-27 09:35:44.776] [warning] Couldn't find file 'scaphoid_rvs.vtp'.
[2022-05-27 09:35:44.776] [warning] Couldn't find file 'triquetrum_rvs.vtp'.
[2022-05-27 09:35:44.776] [warning] Couldn't find file 'hamate_rvs.vtp'.
[2022-05-27 09:35:44.776] [warning] Couldn't find file 'capitate_rvs.vtp'.
[2022-05-27 09:35:44.776] [warning] Couldn't find file 'trapezoid_rvs.vtp'.
[2022-05-27 09:35:44.776] [warning] Couldn't find file 'trapezium_rvs.vtp'.
[2022-05-27 09:35:44.776] [warning] Couldn't find file 'metacarpal2_rvs.vtp'.
[2022-05-27 09:35:44.776] [warning] Couldn't find file 'index_proximal_rvs.vtp'.
[2022-05-27 09:35:44.777] [warning] Couldn't find file 'index_medial_rvs.vtp'.
[2022-05-27 09:35:44.777] [warning] Couldn't find file 'index_distal_rvs.vtp'.
[2022-05-27 09:35:44.777] [warning] Couldn't find file 'metacarpal3_rvs.vtp'.
[2022-05-27 09:35:44.777] [warning] Couldn't find file 'middle_proximal_rvs.vtp'.
[2022-05-27 09:35:44.777] [warning] Couldn't find file 'middle_medial_rvs.vtp'.
[2022-05-27 09:35:44.777] [warning] Couldn't find file 'middle_distal_rvs.vtp'.
[2022-05-27 09:35:44.777] [warning] Couldn't find file 'metacarpal4_rvs.vtp'.
[2022-05-27 09:35:44.777] [warning] Couldn't find file 'ring_proximal_rvs.vtp'.
[2022-05-27 09:35:44.777] [warning] Couldn't find file 'ring_medial_rvs.vtp'.
[2022-05-27 09:35:44.777] [warning] Couldn't find file 'ring_distal_rvs.vtp'.
[2022-05-27 09:35:44.777] [warning] Couldn't find file 'metacarpal5_rvs.vtp'.
[2022-05-27 09:35:44.777] [warning] Couldn't find file 'little_proximal_rvs.vtp'.
[2022-05-27 09:35:44.777] [warning] Couldn't find file 'little_medial_rvs.vtp'.
[2022-05-27 09:35:44.777] [warning] Couldn't find file 'little_distal_rvs.vtp'.
[2022-05-27 09:35:44.777] [warning] Couldn't find file 'metacarpal1_rvs.vtp'.
[2022-05-27 09:35:44.777] [warning] Couldn't find file 'thumb_proximal_rvs.vtp'.
[2022-05-27 09:35:44.777] [warning] Couldn't find file 'thumb_distal_rvs.vtp'.
[2022-05-27 09:35:44.777] [warning] Couldn't find file 'humerus_lv.vtp'.
[2022-05-27 09:35:44.777] [warning] Couldn't find file 'ulna_lv.vtp'.
[2022-05-27 09:35:44.778] [warning] Couldn't find file 'radius_lv.vtp'.
[2022-05-27 09:35:44.778] [warning] Couldn't find file 'pisiform_lvs.vtp'.
[2022-05-27 09:35:44.778] [warning] Couldn't find file 'lunate_lvs.vtp'.
[2022-05-27 09:35:44.778] [warning] Couldn't find file 'scaphoid_lvs.vtp'.
[2022-05-27 09:35:44.778] [warning] Couldn't find file 'triquetrum_lvs.vtp'.
[2022-05-27 09:35:44.778] [warning] Couldn't find file 'hamate_lvs.vtp'.
[2022-05-27 09:35:44.778] [warning] Couldn't find file 'capitate_lvs.vtp'.
[2022-05-27 09:35:44.778] [warning] Couldn't find file 'trapezoid_lvs.vtp'.
[2022-05-27 09:35:44.778] [warning] Couldn't find file 'trapezium_lvs.vtp'.
[2022-05-27 09:35:44.778] [warning] Couldn't find file 'metacarpal2_lvs.vtp'.
[2022-05-27 09:35:44.778] [warning] Couldn't find file 'index_proximal_lvs.vtp'.
[2022-05-27 09:35:44.778] [warning] Couldn't find file 'index_medial_lvs.vtp'.
[2022-05-27 09:35:44.778] [warning] Couldn't find file 'index_distal_lvs.vtp'.
[2022-05-27 09:35:44.778] [warning] Couldn't find file 'metacarpal3_lvs.vtp'.
[2022-05-27 09:35:44.778] [warning] Couldn't find file 'middle_proximal_lvs.vtp'.
[2022-05-27 09:35:44.778] [warning] Couldn't find file 'middle_medial_lvs.vtp'.
[2022-05-27 09:35:44.778] [warning] Couldn't find file 'middle_distal_lvs.vtp'.
[2022-05-27 09:35:44.778] [warning] Couldn't find file 'metacarpal4_lvs.vtp'.
[2022-05-27 09:35:44.779] [warning] Couldn't find file 'ring_proximal_lvs.vtp'.
[2022-05-27 09:35:44.779] [warning] Couldn't find file 'ring_medial_lvs.vtp'.
[2022-05-27 09:35:44.779] [warning] Couldn't find file 'ring_distal_lvs.vtp'.
[2022-05-27 09:35:44.779] [warning] Couldn't find file 'metacarpal5_lvs.vtp'.
[2022-05-27 09:35:44.779] [warning] Couldn't find file 'little_proximal_lvs.vtp'.
[2022-05-27 09:35:44.779] [warning] Couldn't find file 'little_medial_lvs.vtp'.
[2022-05-27 09:35:44.779] [warning] Couldn't find file 'little_distal_lvs.vtp'.
[2022-05-27 09:35:44.779] [warning] Couldn't find file 'metacarpal1_lvs.vtp'.
[2022-05-27 09:35:44.779] [warning] Couldn't find file 'thumb_proximal_lvs.vtp'.
[2022-05-27 09:35:44.779] [warning] Couldn't find file 'thumb_distal_lvs.vtp'.
[2022-05-27 09:35:45.221] [info] Loaded model subject1_withMTJ_locked_scaled_custom from file C:\Users\u0150099\Documents\master_thesis\3dpredictsim\OpenSimModel\subject1\Fal_s1_mtjc2_sc_FDB2_MTc5_cspx10_oy2.osim
[2022-05-27 09:35:45.221] [warning] Couldn't find file 'sacrum.vtp'.
[2022-05-27 09:35:45.221] [warning] Couldn't find file 'pelvis.vtp'.
[2022-05-27 09:35:45.221] [warning] Couldn't find file 'l_pelvis.vtp'.
[2022-05-27 09:35:45.221] [warning] Couldn't find file 'femur_r.vtp'.
[2022-05-27 09:35:45.221] [warning] Couldn't find file 'tibia_r.vtp'.
[2022-05-27 09:35:45.222] [warning] Couldn't find file 'fibula_r.vtp'.
[2022-05-27 09:35:45.222] [warning] Couldn't find file 'talus_rv.vtp'.
[2022-05-27 09:35:45.222] [warning] Couldn't find file 'calcaneous_rv.vtp'.
[2022-05-27 09:35:45.222] [warning] Couldn't find file 'model_r_midfoot.stl'.
[2022-05-27 09:35:45.222] [warning] Couldn't find file 'model_r_forefoot.stl'.
[2022-05-27 09:35:45.222] [warning] Couldn't find file 'model_r_toes.stl'.
[2022-05-27 09:35:45.222] [warning] Couldn't find file 'femur_l.vtp'.
[2022-05-27 09:35:45.222] [warning] Couldn't find file 'tibia_l.vtp'.
[2022-05-27 09:35:45.222] [warning] Couldn't find file 'fibula_l.vtp'.
[2022-05-27 09:35:45.222] [warning] Couldn't find file 'talus_lv.vtp'.
[2022-05-27 09:35:45.222] [warning] Couldn't find file 'calcaneous_lv.vtp'.
[2022-05-27 09:35:45.222] [warning] Couldn't find file 'model_l_midfoot.stl'.
[2022-05-27 09:35:45.222] [warning] Couldn't find file 'model_l_forefoot.stl'.
[2022-05-27 09:35:45.222] [warning] Couldn't find file 'model_l_toes.stl'.
[2022-05-27 09:35:45.222] [warning] Couldn't find file 'hat_spine.vtp'.
[2022-05-27 09:35:45.222] [warning] Couldn't find file 'hat_jaw.vtp'.
[2022-05-27 09:35:45.222] [warning] Couldn't find file 'hat_skull.vtp'.
[2022-05-27 09:35:45.223] [warning] Couldn't find file 'hat_ribs_scap.vtp'.
[2022-05-27 09:35:45.223] [warning] Couldn't find file 'humerus_rv.vtp'.
[2022-05-27 09:35:45.223] [warning] Couldn't find file 'ulna_rv.vtp'.
[2022-05-27 09:35:45.223] [warning] Couldn't find file 'radius_rv.vtp'.
[2022-05-27 09:35:45.223] [warning] Couldn't find file 'pisiform_rvs.vtp'.
[2022-05-27 09:35:45.223] [warning] Couldn't find file 'lunate_rvs.vtp'.
[2022-05-27 09:35:45.223] [warning] Couldn't find file 'scaphoid_rvs.vtp'.
[2022-05-27 09:35:45.223] [warning] Couldn't find file 'triquetrum_rvs.vtp'.
[2022-05-27 09:35:45.223] [warning] Couldn't find file 'hamate_rvs.vtp'.
[2022-05-27 09:35:45.223] [warning] Couldn't find file 'capitate_rvs.vtp'.
[2022-05-27 09:35:45.223] [warning] Couldn't find file 'trapezoid_rvs.vtp'.
[2022-05-27 09:35:45.223] [warning] Couldn't find file 'trapezium_rvs.vtp'.
[2022-05-27 09:35:45.223] [warning] Couldn't find file 'metacarpal2_rvs.vtp'.
[2022-05-27 09:35:45.223] [warning] Couldn't find file 'index_proximal_rvs.vtp'.
[2022-05-27 09:35:45.223] [warning] Couldn't find file 'index_medial_rvs.vtp'.
[2022-05-27 09:35:45.223] [warning] Couldn't find file 'index_distal_rvs.vtp'.
[2022-05-27 09:35:45.223] [warning] Couldn't find file 'metacarpal3_rvs.vtp'.
[2022-05-27 09:35:45.224] [warning] Couldn't find file 'middle_proximal_rvs.vtp'.
[2022-05-27 09:35:45.224] [warning] Couldn't find file 'middle_medial_rvs.vtp'.
[2022-05-27 09:35:45.224] [warning] Couldn't find file 'middle_distal_rvs.vtp'.
[2022-05-27 09:35:45.224] [warning] Couldn't find file 'metacarpal4_rvs.vtp'.
[2022-05-27 09:35:45.224] [warning] Couldn't find file 'ring_proximal_rvs.vtp'.
[2022-05-27 09:35:45.224] [warning] Couldn't find file 'ring_medial_rvs.vtp'.
[2022-05-27 09:35:45.224] [warning] Couldn't find file 'ring_distal_rvs.vtp'.
[2022-05-27 09:35:45.224] [warning] Couldn't find file 'metacarpal5_rvs.vtp'.
[2022-05-27 09:35:45.224] [warning] Couldn't find file 'little_proximal_rvs.vtp'.
[2022-05-27 09:35:45.224] [warning] Couldn't find file 'little_medial_rvs.vtp'.
[2022-05-27 09:35:45.224] [warning] Couldn't find file 'little_distal_rvs.vtp'.
[2022-05-27 09:35:45.224] [warning] Couldn't find file 'metacarpal1_rvs.vtp'.
[2022-05-27 09:35:45.224] [warning] Couldn't find file 'thumb_proximal_rvs.vtp'.
[2022-05-27 09:35:45.224] [warning] Couldn't find file 'thumb_distal_rvs.vtp'.
[2022-05-27 09:35:45.224] [warning] Couldn't find file 'humerus_lv.vtp'.
[2022-05-27 09:35:45.224] [warning] Couldn't find file 'ulna_lv.vtp'.
[2022-05-27 09:35:45.224] [warning] Couldn't find file 'radius_lv.vtp'.
[2022-05-27 09:35:45.224] [warning] Couldn't find file 'pisiform_lvs.vtp'.
[2022-05-27 09:35:45.224] [warning] Couldn't find file 'lunate_lvs.vtp'.
[2022-05-27 09:35:45.225] [warning] Couldn't find file 'scaphoid_lvs.vtp'.
[2022-05-27 09:35:45.225] [warning] Couldn't find file 'triquetrum_lvs.vtp'.
[2022-05-27 09:35:45.225] [warning] Couldn't find file 'hamate_lvs.vtp'.
[2022-05-27 09:35:45.225] [warning] Couldn't find file 'capitate_lvs.vtp'.
[2022-05-27 09:35:45.225] [warning] Couldn't find file 'trapezoid_lvs.vtp'.
[2022-05-27 09:35:45.225] [warning] Couldn't find file 'trapezium_lvs.vtp'.
[2022-05-27 09:35:45.225] [warning] Couldn't find file 'metacarpal2_lvs.vtp'.
[2022-05-27 09:35:45.225] [warning] Couldn't find file 'index_proximal_lvs.vtp'.
[2022-05-27 09:35:45.225] [warning] Couldn't find file 'index_medial_lvs.vtp'.
[2022-05-27 09:35:45.225] [warning] Couldn't find file 'index_distal_lvs.vtp'.
[2022-05-27 09:35:45.225] [warning] Couldn't find file 'metacarpal3_lvs.vtp'.
[2022-05-27 09:35:45.225] [warning] Couldn't find file 'middle_proximal_lvs.vtp'.
[2022-05-27 09:35:45.225] [warning] Couldn't find file 'middle_medial_lvs.vtp'.
[2022-05-27 09:35:45.225] [warning] Couldn't find file 'middle_distal_lvs.vtp'.
[2022-05-27 09:35:45.225] [warning] Couldn't find file 'metacarpal4_lvs.vtp'.
[2022-05-27 09:35:45.225] [warning] Couldn't find file 'ring_proximal_lvs.vtp'.
[2022-05-27 09:35:45.225] [warning] Couldn't find file 'ring_medial_lvs.vtp'.
[2022-05-27 09:35:45.225] [warning] Couldn't find file 'ring_distal_lvs.vtp'.
[2022-05-27 09:35:45.225] [warning] Couldn't find file 'metacarpal5_lvs.vtp'.
[2022-05-27 09:35:45.226] [warning] Couldn't find file 'little_proximal_lvs.vtp'.
[2022-05-27 09:35:45.226] [warning] Couldn't find file 'little_medial_lvs.vtp'.
[2022-05-27 09:35:45.226] [warning] Couldn't find file 'little_distal_lvs.vtp'.
[2022-05-27 09:35:45.226] [warning] Couldn't find file 'metacarpal1_lvs.vtp'.
[2022-05-27 09:35:45.226] [warning] Couldn't find file 'thumb_proximal_lvs.vtp'.
[2022-05-27 09:35:45.226] [warning] Couldn't find file 'thumb_distal_lvs.vtp'.
[2022-05-27 09:36:08.224] [info] Loaded model subject1_withMTJ_locked_scaled_custom from file C:\Users\u0150099\Documents\master_thesis\3dpredictsim\OpenSimModel\subject1\Fal_s1_mtjc2_sc_FDB2_MTc5_cspx10_oy2.osim
[2022-05-27 09:36:08.224] [warning] Couldn't find file 'sacrum.vtp'.
[2022-05-27 09:36:08.224] [warning] Couldn't find file 'pelvis.vtp'.
[2022-05-27 09:36:08.224] [warning] Couldn't find file 'l_pelvis.vtp'.
[2022-05-27 09:36:08.224] [warning] Couldn't find file 'femur_r.vtp'.
[2022-05-27 09:36:08.224] [warning] Couldn't find file 'tibia_r.vtp'.
[2022-05-27 09:36:08.225] [warning] Couldn't find file 'fibula_r.vtp'.
[2022-05-27 09:36:08.225] [warning] Couldn't find file 'talus_rv.vtp'.
[2022-05-27 09:36:08.225] [warning] Couldn't find file 'calcaneous_rv.vtp'.
[2022-05-27 09:36:08.225] [warning] Couldn't find file 'model_r_midfoot.stl'.
[2022-05-27 09:36:08.225] [warning] Couldn't find file 'model_r_forefoot.stl'.
[2022-05-27 09:36:08.225] [warning] Couldn't find file 'model_r_toes.stl'.
[2022-05-27 09:36:08.225] [warning] Couldn't find file 'femur_l.vtp'.
[2022-05-27 09:36:08.225] [warning] Couldn't find file 'tibia_l.vtp'.
[2022-05-27 09:36:08.225] [warning] Couldn't find file 'fibula_l.vtp'.
[2022-05-27 09:36:08.225] [warning] Couldn't find file 'talus_lv.vtp'.
[2022-05-27 09:36:08.225] [warning] Couldn't find file 'calcaneous_lv.vtp'.
[2022-05-27 09:36:08.225] [warning] Couldn't find file 'model_l_midfoot.stl'.
[2022-05-27 09:36:08.225] [warning] Couldn't find file 'model_l_forefoot.stl'.
[2022-05-27 09:36:08.225] [warning] Couldn't find file 'model_l_toes.stl'.
[2022-05-27 09:36:08.225] [warning] Couldn't find file 'hat_spine.vtp'.
[2022-05-27 09:36:08.225] [warning] Couldn't find file 'hat_jaw.vtp'.
[2022-05-27 09:36:08.225] [warning] Couldn't find file 'hat_skull.vtp'.
[2022-05-27 09:36:08.226] [warning] Couldn't find file 'hat_ribs_scap.vtp'.
[2022-05-27 09:36:08.226] [warning] Couldn't find file 'humerus_rv.vtp'.
[2022-05-27 09:36:08.226] [warning] Couldn't find file 'ulna_rv.vtp'.
[2022-05-27 09:36:08.226] [warning] Couldn't find file 'radius_rv.vtp'.
[2022-05-27 09:36:08.226] [warning] Couldn't find file 'pisiform_rvs.vtp'.
[2022-05-27 09:36:08.226] [warning] Couldn't find file 'lunate_rvs.vtp'.
[2022-05-27 09:36:08.226] [warning] Couldn't find file 'scaphoid_rvs.vtp'.
[2022-05-27 09:36:08.226] [warning] Couldn't find file 'triquetrum_rvs.vtp'.
[2022-05-27 09:36:08.226] [warning] Couldn't find file 'hamate_rvs.vtp'.
[2022-05-27 09:36:08.226] [warning] Couldn't find file 'capitate_rvs.vtp'.
[2022-05-27 09:36:08.226] [warning] Couldn't find file 'trapezoid_rvs.vtp'.
[2022-05-27 09:36:08.226] [warning] Couldn't find file 'trapezium_rvs.vtp'.
[2022-05-27 09:36:08.226] [warning] Couldn't find file 'metacarpal2_rvs.vtp'.
[2022-05-27 09:36:08.226] [warning] Couldn't find file 'index_proximal_rvs.vtp'.
[2022-05-27 09:36:08.226] [warning] Couldn't find file 'index_medial_rvs.vtp'.
[2022-05-27 09:36:08.226] [warning] Couldn't find file 'index_distal_rvs.vtp'.
[2022-05-27 09:36:08.226] [warning] Couldn't find file 'metacarpal3_rvs.vtp'.
[2022-05-27 09:36:08.226] [warning] Couldn't find file 'middle_proximal_rvs.vtp'.
[2022-05-27 09:36:08.227] [warning] Couldn't find file 'middle_medial_rvs.vtp'.
[2022-05-27 09:36:08.227] [warning] Couldn't find file 'middle_distal_rvs.vtp'.
[2022-05-27 09:36:08.227] [warning] Couldn't find file 'metacarpal4_rvs.vtp'.
[2022-05-27 09:36:08.227] [warning] Couldn't find file 'ring_proximal_rvs.vtp'.
[2022-05-27 09:36:08.227] [warning] Couldn't find file 'ring_medial_rvs.vtp'.
[2022-05-27 09:36:08.227] [warning] Couldn't find file 'ring_distal_rvs.vtp'.
[2022-05-27 09:36:08.227] [warning] Couldn't find file 'metacarpal5_rvs.vtp'.
[2022-05-27 09:36:08.227] [warning] Couldn't find file 'little_proximal_rvs.vtp'.
[2022-05-27 09:36:08.227] [warning] Couldn't find file 'little_medial_rvs.vtp'.
[2022-05-27 09:36:08.227] [warning] Couldn't find file 'little_distal_rvs.vtp'.
[2022-05-27 09:36:08.227] [warning] Couldn't find file 'metacarpal1_rvs.vtp'.
[2022-05-27 09:36:08.227] [warning] Couldn't find file 'thumb_proximal_rvs.vtp'.
[2022-05-27 09:36:08.227] [warning] Couldn't find file 'thumb_distal_rvs.vtp'.
[2022-05-27 09:36:08.227] [warning] Couldn't find file 'humerus_lv.vtp'.
[2022-05-27 09:36:08.227] [warning] Couldn't find file 'ulna_lv.vtp'.
[2022-05-27 09:36:08.227] [warning] Couldn't find file 'radius_lv.vtp'.
[2022-05-27 09:36:08.227] [warning] Couldn't find file 'pisiform_lvs.vtp'.
[2022-05-27 09:36:08.227] [warning] Couldn't find file 'lunate_lvs.vtp'.
[2022-05-27 09:36:08.228] [warning] Couldn't find file 'scaphoid_lvs.vtp'.
[2022-05-27 09:36:08.228] [warning] Couldn't find file 'triquetrum_lvs.vtp'.
[2022-05-27 09:36:08.228] [warning] Couldn't find file 'hamate_lvs.vtp'.
[2022-05-27 09:36:08.228] [warning] Couldn't find file 'capitate_lvs.vtp'.
[2022-05-27 09:36:08.228] [warning] Couldn't find file 'trapezoid_lvs.vtp'.
[2022-05-27 09:36:08.228] [warning] Couldn't find file 'trapezium_lvs.vtp'.
[2022-05-27 09:36:08.228] [warning] Couldn't find file 'metacarpal2_lvs.vtp'.
[2022-05-27 09:36:08.228] [warning] Couldn't find file 'index_proximal_lvs.vtp'.
[2022-05-27 09:36:08.228] [warning] Couldn't find file 'index_medial_lvs.vtp'.
[2022-05-27 09:36:08.228] [warning] Couldn't find file 'index_distal_lvs.vtp'.
[2022-05-27 09:36:08.228] [warning] Couldn't find file 'metacarpal3_lvs.vtp'.
[2022-05-27 09:36:08.228] [warning] Couldn't find file 'middle_proximal_lvs.vtp'.
[2022-05-27 09:36:08.228] [warning] Couldn't find file 'middle_medial_lvs.vtp'.
[2022-05-27 09:36:08.228] [warning] Couldn't find file 'middle_distal_lvs.vtp'.
[2022-05-27 09:36:08.228] [warning] Couldn't find file 'metacarpal4_lvs.vtp'.
[2022-05-27 09:36:08.228] [warning] Couldn't find file 'ring_proximal_lvs.vtp'.
[2022-05-27 09:36:08.228] [warning] Couldn't find file 'ring_medial_lvs.vtp'.
[2022-05-27 09:36:08.228] [warning] Couldn't find file 'ring_distal_lvs.vtp'.
[2022-05-27 09:36:08.229] [warning] Couldn't find file 'metacarpal5_lvs.vtp'.
[2022-05-27 09:36:08.229] [warning] Couldn't find file 'little_proximal_lvs.vtp'.
[2022-05-27 09:36:08.229] [warning] Couldn't find file 'little_medial_lvs.vtp'.
[2022-05-27 09:36:08.229] [warning] Couldn't find file 'little_distal_lvs.vtp'.
[2022-05-27 09:36:08.229] [warning] Couldn't find file 'metacarpal1_lvs.vtp'.
[2022-05-27 09:36:08.229] [warning] Couldn't find file 'thumb_proximal_lvs.vtp'.
[2022-05-27 09:36:08.229] [warning] Couldn't find file 'thumb_distal_lvs.vtp'.
[2022-05-27 09:36:08.676] [info] Loaded model subject1_withMTJ_locked_scaled_custom from file C:\Users\u0150099\Documents\master_thesis\3dpredictsim\OpenSimModel\subject1\Fal_s1_mtjc2_sc_FDB2_MTc5_cspx10_oy2.osim
[2022-05-27 09:36:08.676] [warning] Couldn't find file 'sacrum.vtp'.
[2022-05-27 09:36:08.676] [warning] Couldn't find file 'pelvis.vtp'.
[2022-05-27 09:36:08.676] [warning] Couldn't find file 'l_pelvis.vtp'.
[2022-05-27 09:36:08.676] [warning] Couldn't find file 'femur_r.vtp'.
[2022-05-27 09:36:08.676] [warning] Couldn't find file 'tibia_r.vtp'.
[2022-05-27 09:36:08.677] [warning] Couldn't find file 'fibula_r.vtp'.
[2022-05-27 09:36:08.677] [warning] Couldn't find file 'talus_rv.vtp'.
[2022-05-27 09:36:08.677] [warning] Couldn't find file 'calcaneous_rv.vtp'.
[2022-05-27 09:36:08.677] [warning] Couldn't find file 'model_r_midfoot.stl'.
[2022-05-27 09:36:08.677] [warning] Couldn't find file 'model_r_forefoot.stl'.
[2022-05-27 09:36:08.677] [warning] Couldn't find file 'model_r_toes.stl'.
[2022-05-27 09:36:08.677] [warning] Couldn't find file 'femur_l.vtp'.
[2022-05-27 09:36:08.677] [warning] Couldn't find file 'tibia_l.vtp'.
[2022-05-27 09:36:08.677] [warning] Couldn't find file 'fibula_l.vtp'.
[2022-05-27 09:36:08.677] [warning] Couldn't find file 'talus_lv.vtp'.
[2022-05-27 09:36:08.677] [warning] Couldn't find file 'calcaneous_lv.vtp'.
[2022-05-27 09:36:08.677] [warning] Couldn't find file 'model_l_midfoot.stl'.
[2022-05-27 09:36:08.677] [warning] Couldn't find file 'model_l_forefoot.stl'.
[2022-05-27 09:36:08.677] [warning] Couldn't find file 'model_l_toes.stl'.
[2022-05-27 09:36:08.677] [warning] Couldn't find file 'hat_spine.vtp'.
[2022-05-27 09:36:08.677] [warning] Couldn't find file 'hat_jaw.vtp'.
[2022-05-27 09:36:08.678] [warning] Couldn't find file 'hat_skull.vtp'.
[2022-05-27 09:36:08.678] [warning] Couldn't find file 'hat_ribs_scap.vtp'.
[2022-05-27 09:36:08.678] [warning] Couldn't find file 'humerus_rv.vtp'.
[2022-05-27 09:36:08.678] [warning] Couldn't find file 'ulna_rv.vtp'.
[2022-05-27 09:36:08.678] [warning] Couldn't find file 'radius_rv.vtp'.
[2022-05-27 09:36:08.678] [warning] Couldn't find file 'pisiform_rvs.vtp'.
[2022-05-27 09:36:08.678] [warning] Couldn't find file 'lunate_rvs.vtp'.
[2022-05-27 09:36:08.678] [warning] Couldn't find file 'scaphoid_rvs.vtp'.
[2022-05-27 09:36:08.678] [warning] Couldn't find file 'triquetrum_rvs.vtp'.
[2022-05-27 09:36:08.678] [warning] Couldn't find file 'hamate_rvs.vtp'.
[2022-05-27 09:36:08.678] [warning] Couldn't find file 'capitate_rvs.vtp'.
[2022-05-27 09:36:08.678] [warning] Couldn't find file 'trapezoid_rvs.vtp'.
[2022-05-27 09:36:08.678] [warning] Couldn't find file 'trapezium_rvs.vtp'.
[2022-05-27 09:36:08.678] [warning] Couldn't find file 'metacarpal2_rvs.vtp'.
[2022-05-27 09:36:08.678] [warning] Couldn't find file 'index_proximal_rvs.vtp'.
[2022-05-27 09:36:08.678] [warning] Couldn't find file 'index_medial_rvs.vtp'.
[2022-05-27 09:36:08.678] [warning] Couldn't find file 'index_distal_rvs.vtp'.
[2022-05-27 09:36:08.679] [warning] Couldn't find file 'metacarpal3_rvs.vtp'.
[2022-05-27 09:36:08.679] [warning] Couldn't find file 'middle_proximal_rvs.vtp'.
[2022-05-27 09:36:08.679] [warning] Couldn't find file 'middle_medial_rvs.vtp'.
[2022-05-27 09:36:08.679] [warning] Couldn't find file 'middle_distal_rvs.vtp'.
[2022-05-27 09:36:08.679] [warning] Couldn't find file 'metacarpal4_rvs.vtp'.
[2022-05-27 09:36:08.679] [warning] Couldn't find file 'ring_proximal_rvs.vtp'.
[2022-05-27 09:36:08.679] [warning] Couldn't find file 'ring_medial_rvs.vtp'.
[2022-05-27 09:36:08.679] [warning] Couldn't find file 'ring_distal_rvs.vtp'.
[2022-05-27 09:36:08.679] [warning] Couldn't find file 'metacarpal5_rvs.vtp'.
[2022-05-27 09:36:08.679] [warning] Couldn't find file 'little_proximal_rvs.vtp'.
[2022-05-27 09:36:08.679] [warning] Couldn't find file 'little_medial_rvs.vtp'.
[2022-05-27 09:36:08.679] [warning] Couldn't find file 'little_distal_rvs.vtp'.
[2022-05-27 09:36:08.679] [warning] Couldn't find file 'metacarpal1_rvs.vtp'.
[2022-05-27 09:36:08.679] [warning] Couldn't find file 'thumb_proximal_rvs.vtp'.
[2022-05-27 09:36:08.679] [warning] Couldn't find file 'thumb_distal_rvs.vtp'.
[2022-05-27 09:36:08.679] [warning] Couldn't find file 'humerus_lv.vtp'.
[2022-05-27 09:36:08.680] [warning] Couldn't find file 'ulna_lv.vtp'.
[2022-05-27 09:36:08.680] [warning] Couldn't find file 'radius_lv.vtp'.
[2022-05-27 09:36:08.680] [warning] Couldn't find file 'pisiform_lvs.vtp'.
[2022-05-27 09:36:08.680] [warning] Couldn't find file 'lunate_lvs.vtp'.
[2022-05-27 09:36:08.680] [warning] Couldn't find file 'scaphoid_lvs.vtp'.
[2022-05-27 09:36:08.680] [warning] Couldn't find file 'triquetrum_lvs.vtp'.
[2022-05-27 09:36:08.680] [warning] Couldn't find file 'hamate_lvs.vtp'.
[2022-05-27 09:36:08.680] [warning] Couldn't find file 'capitate_lvs.vtp'.
[2022-05-27 09:36:08.680] [warning] Couldn't find file 'trapezoid_lvs.vtp'.
[2022-05-27 09:36:08.680] [warning] Couldn't find file 'trapezium_lvs.vtp'.
[2022-05-27 09:36:08.680] [warning] Couldn't find file 'metacarpal2_lvs.vtp'.
[2022-05-27 09:36:08.680] [warning] Couldn't find file 'index_proximal_lvs.vtp'.
[2022-05-27 09:36:08.680] [warning] Couldn't find file 'index_medial_lvs.vtp'.
[2022-05-27 09:36:08.680] [warning] Couldn't find file 'index_distal_lvs.vtp'.
[2022-05-27 09:36:08.680] [warning] Couldn't find file 'metacarpal3_lvs.vtp'.
[2022-05-27 09:36:08.680] [warning] Couldn't find file 'middle_proximal_lvs.vtp'.
[2022-05-27 09:36:08.680] [warning] Couldn't find file 'middle_medial_lvs.vtp'.
[2022-05-27 09:36:08.680] [warning] Couldn't find file 'middle_distal_lvs.vtp'.
[2022-05-27 09:36:08.681] [warning] Couldn't find file 'metacarpal4_lvs.vtp'.
[2022-05-27 09:36:08.681] [warning] Couldn't find file 'ring_proximal_lvs.vtp'.
[2022-05-27 09:36:08.681] [warning] Couldn't find file 'ring_medial_lvs.vtp'.
[2022-05-27 09:36:08.681] [warning] Couldn't find file 'ring_distal_lvs.vtp'.
[2022-05-27 09:36:08.681] [warning] Couldn't find file 'metacarpal5_lvs.vtp'.
[2022-05-27 09:36:08.681] [warning] Couldn't find file 'little_proximal_lvs.vtp'.
[2022-05-27 09:36:08.681] [warning] Couldn't find file 'little_medial_lvs.vtp'.
[2022-05-27 09:36:08.681] [warning] Couldn't find file 'little_distal_lvs.vtp'.
[2022-05-27 09:36:08.681] [warning] Couldn't find file 'metacarpal1_lvs.vtp'.
[2022-05-27 09:36:08.681] [warning] Couldn't find file 'thumb_proximal_lvs.vtp'.
[2022-05-27 09:36:08.681] [warning] Couldn't find file 'thumb_distal_lvs.vtp'.
[2022-05-27 09:38:29.977] [info] Loaded model subject1_withMTJ_locked_scaled_custom from file C:\Users\u0150099\Documents\master_thesis\3dpredictsim\OpenSimModel\subject1\Fal_s1_mtjc2_sc_FDB2_MTc5_cspx10_oy2.osim
[2022-05-27 09:38:29.978] [warning] Couldn't find file 'sacrum.vtp'.
[2022-05-27 09:38:29.978] [warning] Couldn't find file 'pelvis.vtp'.
[2022-05-27 09:38:29.978] [warning] Couldn't find file 'l_pelvis.vtp'.
[2022-05-27 09:38:29.978] [warning] Couldn't find file 'femur_r.vtp'.
[2022-05-27 09:38:29.978] [warning] Couldn't find file 'tibia_r.vtp'.
[2022-05-27 09:38:29.978] [warning] Couldn't find file 'fibula_r.vtp'.
[2022-05-27 09:38:29.978] [warning] Couldn't find file 'talus_rv.vtp'.
[2022-05-27 09:38:29.978] [warning] Couldn't find file 'calcaneous_rv.vtp'.
[2022-05-27 09:38:29.978] [warning] Couldn't find file 'model_r_midfoot.stl'.
[2022-05-27 09:38:29.978] [warning] Couldn't find file 'model_r_forefoot.stl'.
[2022-05-27 09:38:29.978] [warning] Couldn't find file 'model_r_toes.stl'.
[2022-05-27 09:38:29.978] [warning] Couldn't find file 'femur_l.vtp'.
[2022-05-27 09:38:29.978] [warning] Couldn't find file 'tibia_l.vtp'.
[2022-05-27 09:38:29.978] [warning] Couldn't find file 'fibula_l.vtp'.
[2022-05-27 09:38:29.979] [warning] Couldn't find file 'talus_lv.vtp'.
[2022-05-27 09:38:29.979] [warning] Couldn't find file 'calcaneous_lv.vtp'.
[2022-05-27 09:38:29.979] [warning] Couldn't find file 'model_l_midfoot.stl'.
[2022-05-27 09:38:29.979] [warning] Couldn't find file 'model_l_forefoot.stl'.
[2022-05-27 09:38:29.979] [warning] Couldn't find file 'model_l_toes.stl'.
[2022-05-27 09:38:29.979] [warning] Couldn't find file 'hat_spine.vtp'.
[2022-05-27 09:38:29.979] [warning] Couldn't find file 'hat_jaw.vtp'.
[2022-05-27 09:38:29.979] [warning] Couldn't find file 'hat_skull.vtp'.
[2022-05-27 09:38:29.979] [warning] Couldn't find file 'hat_ribs_scap.vtp'.
[2022-05-27 09:38:29.979] [warning] Couldn't find file 'humerus_rv.vtp'.
[2022-05-27 09:38:29.979] [warning] Couldn't find file 'ulna_rv.vtp'.
[2022-05-27 09:38:29.979] [warning] Couldn't find file 'radius_rv.vtp'.
[2022-05-27 09:38:29.979] [warning] Couldn't find file 'pisiform_rvs.vtp'.
[2022-05-27 09:38:29.979] [warning] Couldn't find file 'lunate_rvs.vtp'.
[2022-05-27 09:38:29.979] [warning] Couldn't find file 'scaphoid_rvs.vtp'.
[2022-05-27 09:38:29.979] [warning] Couldn't find file 'triquetrum_rvs.vtp'.
[2022-05-27 09:38:29.980] [warning] Couldn't find file 'hamate_rvs.vtp'.
[2022-05-27 09:38:29.980] [warning] Couldn't find file 'capitate_rvs.vtp'.
[2022-05-27 09:38:29.980] [warning] Couldn't find file 'trapezoid_rvs.vtp'.
[2022-05-27 09:38:29.980] [warning] Couldn't find file 'trapezium_rvs.vtp'.
[2022-05-27 09:38:29.980] [warning] Couldn't find file 'metacarpal2_rvs.vtp'.
[2022-05-27 09:38:29.980] [warning] Couldn't find file 'index_proximal_rvs.vtp'.
[2022-05-27 09:38:29.980] [warning] Couldn't find file 'index_medial_rvs.vtp'.
[2022-05-27 09:38:29.980] [warning] Couldn't find file 'index_distal_rvs.vtp'.
[2022-05-27 09:38:29.980] [warning] Couldn't find file 'metacarpal3_rvs.vtp'.
[2022-05-27 09:38:29.980] [warning] Couldn't find file 'middle_proximal_rvs.vtp'.
[2022-05-27 09:38:29.980] [warning] Couldn't find file 'middle_medial_rvs.vtp'.
[2022-05-27 09:38:29.980] [warning] Couldn't find file 'middle_distal_rvs.vtp'.
[2022-05-27 09:38:29.980] [warning] Couldn't find file 'metacarpal4_rvs.vtp'.
[2022-05-27 09:38:29.980] [warning] Couldn't find file 'ring_proximal_rvs.vtp'.
[2022-05-27 09:38:29.980] [warning] Couldn't find file 'ring_medial_rvs.vtp'.
[2022-05-27 09:38:29.980] [warning] Couldn't find file 'ring_distal_rvs.vtp'.
[2022-05-27 09:38:29.980] [warning] Couldn't find file 'metacarpal5_rvs.vtp'.
[2022-05-27 09:38:29.980] [warning] Couldn't find file 'little_proximal_rvs.vtp'.
[2022-05-27 09:38:29.981] [warning] Couldn't find file 'little_medial_rvs.vtp'.
[2022-05-27 09:38:29.981] [warning] Couldn't find file 'little_distal_rvs.vtp'.
[2022-05-27 09:38:29.981] [warning] Couldn't find file 'metacarpal1_rvs.vtp'.
[2022-05-27 09:38:29.981] [warning] Couldn't find file 'thumb_proximal_rvs.vtp'.
[2022-05-27 09:38:29.981] [warning] Couldn't find file 'thumb_distal_rvs.vtp'.
[2022-05-27 09:38:29.981] [warning] Couldn't find file 'humerus_lv.vtp'.
[2022-05-27 09:38:29.981] [warning] Couldn't find file 'ulna_lv.vtp'.
[2022-05-27 09:38:29.981] [warning] Couldn't find file 'radius_lv.vtp'.
[2022-05-27 09:38:29.981] [warning] Couldn't find file 'pisiform_lvs.vtp'.
[2022-05-27 09:38:29.981] [warning] Couldn't find file 'lunate_lvs.vtp'.
[2022-05-27 09:38:29.981] [warning] Couldn't find file 'scaphoid_lvs.vtp'.
[2022-05-27 09:38:29.981] [warning] Couldn't find file 'triquetrum_lvs.vtp'.
[2022-05-27 09:38:29.981] [warning] Couldn't find file 'hamate_lvs.vtp'.
[2022-05-27 09:38:29.981] [warning] Couldn't find file 'capitate_lvs.vtp'.
[2022-05-27 09:38:29.981] [warning] Couldn't find file 'trapezoid_lvs.vtp'.
[2022-05-27 09:38:29.981] [warning] Couldn't find file 'trapezium_lvs.vtp'.
[2022-05-27 09:38:29.981] [warning] Couldn't find file 'metacarpal2_lvs.vtp'.
[2022-05-27 09:38:29.981] [warning] Couldn't find file 'index_proximal_lvs.vtp'.
[2022-05-27 09:38:29.982] [warning] Couldn't find file 'index_medial_lvs.vtp'.
[2022-05-27 09:38:29.982] [warning] Couldn't find file 'index_distal_lvs.vtp'.
[2022-05-27 09:38:29.982] [warning] Couldn't find file 'metacarpal3_lvs.vtp'.
[2022-05-27 09:38:29.982] [warning] Couldn't find file 'middle_proximal_lvs.vtp'.
[2022-05-27 09:38:29.982] [warning] Couldn't find file 'middle_medial_lvs.vtp'.
[2022-05-27 09:38:29.982] [warning] Couldn't find file 'middle_distal_lvs.vtp'.
[2022-05-27 09:38:29.982] [warning] Couldn't find file 'metacarpal4_lvs.vtp'.
[2022-05-27 09:38:29.982] [warning] Couldn't find file 'ring_proximal_lvs.vtp'.
[2022-05-27 09:38:29.982] [warning] Couldn't find file 'ring_medial_lvs.vtp'.
[2022-05-27 09:38:29.982] [warning] Couldn't find file 'ring_distal_lvs.vtp'.
[2022-05-27 09:38:29.982] [warning] Couldn't find file 'metacarpal5_lvs.vtp'.
[2022-05-27 09:38:29.982] [warning] Couldn't find file 'little_proximal_lvs.vtp'.
[2022-05-27 09:38:29.982] [warning] Couldn't find file 'little_medial_lvs.vtp'.
[2022-05-27 09:38:29.982] [warning] Couldn't find file 'little_distal_lvs.vtp'.
[2022-05-27 09:38:29.982] [warning] Couldn't find file 'metacarpal1_lvs.vtp'.
[2022-05-27 09:38:29.982] [warning] Couldn't find file 'thumb_proximal_lvs.vtp'.
[2022-05-27 09:38:29.982] [warning] Couldn't find file 'thumb_distal_lvs.vtp'.
[2022-05-27 09:38:30.427] [info] Loaded model subject1_withMTJ_locked_scaled_custom from file C:\Users\u0150099\Documents\master_thesis\3dpredictsim\OpenSimModel\subject1\Fal_s1_mtjc2_sc_FDB2_MTc5_cspx10_oy2.osim
[2022-05-27 09:38:30.428] [warning] Couldn't find file 'sacrum.vtp'.
[2022-05-27 09:38:30.428] [warning] Couldn't find file 'pelvis.vtp'.
[2022-05-27 09:38:30.428] [warning] Couldn't find file 'l_pelvis.vtp'.
[2022-05-27 09:38:30.428] [warning] Couldn't find file 'femur_r.vtp'.
[2022-05-27 09:38:30.428] [warning] Couldn't find file 'tibia_r.vtp'.
[2022-05-27 09:38:30.428] [warning] Couldn't find file 'fibula_r.vtp'.
[2022-05-27 09:38:30.428] [warning] Couldn't find file 'talus_rv.vtp'.
[2022-05-27 09:38:30.428] [warning] Couldn't find file 'calcaneous_rv.vtp'.
[2022-05-27 09:38:30.428] [warning] Couldn't find file 'model_r_midfoot.stl'.
[2022-05-27 09:38:30.428] [warning] Couldn't find file 'model_r_forefoot.stl'.
[2022-05-27 09:38:30.428] [warning] Couldn't find file 'model_r_toes.stl'.
[2022-05-27 09:38:30.428] [warning] Couldn't find file 'femur_l.vtp'.
[2022-05-27 09:38:30.428] [warning] Couldn't find file 'tibia_l.vtp'.
[2022-05-27 09:38:30.428] [warning] Couldn't find file 'fibula_l.vtp'.
[2022-05-27 09:38:30.428] [warning] Couldn't find file 'talus_lv.vtp'.
[2022-05-27 09:38:30.428] [warning] Couldn't find file 'calcaneous_lv.vtp'.
[2022-05-27 09:38:30.429] [warning] Couldn't find file 'model_l_midfoot.stl'.
[2022-05-27 09:38:30.429] [warning] Couldn't find file 'model_l_forefoot.stl'.
[2022-05-27 09:38:30.429] [warning] Couldn't find file 'model_l_toes.stl'.
[2022-05-27 09:38:30.429] [warning] Couldn't find file 'hat_spine.vtp'.
[2022-05-27 09:38:30.429] [warning] Couldn't find file 'hat_jaw.vtp'.
[2022-05-27 09:38:30.429] [warning] Couldn't find file 'hat_skull.vtp'.
[2022-05-27 09:38:30.429] [warning] Couldn't find file 'hat_ribs_scap.vtp'.
[2022-05-27 09:38:30.429] [warning] Couldn't find file 'humerus_rv.vtp'.
[2022-05-27 09:38:30.429] [warning] Couldn't find file 'ulna_rv.vtp'.
[2022-05-27 09:38:30.429] [warning] Couldn't find file 'radius_rv.vtp'.
[2022-05-27 09:38:30.429] [warning] Couldn't find file 'pisiform_rvs.vtp'.
[2022-05-27 09:38:30.429] [warning] Couldn't find file 'lunate_rvs.vtp'.
[2022-05-27 09:38:30.429] [warning] Couldn't find file 'scaphoid_rvs.vtp'.
[2022-05-27 09:38:30.429] [warning] Couldn't find file 'triquetrum_rvs.vtp'.
[2022-05-27 09:38:30.429] [warning] Couldn't find file 'hamate_rvs.vtp'.
[2022-05-27 09:38:30.429] [warning] Couldn't find file 'capitate_rvs.vtp'.
[2022-05-27 09:38:30.429] [warning] Couldn't find file 'trapezoid_rvs.vtp'.
[2022-05-27 09:38:30.430] [warning] Couldn't find file 'trapezium_rvs.vtp'.
[2022-05-27 09:38:30.430] [warning] Couldn't find file 'metacarpal2_rvs.vtp'.
[2022-05-27 09:38:30.430] [warning] Couldn't find file 'index_proximal_rvs.vtp'.
[2022-05-27 09:38:30.430] [warning] Couldn't find file 'index_medial_rvs.vtp'.
[2022-05-27 09:38:30.430] [warning] Couldn't find file 'index_distal_rvs.vtp'.
[2022-05-27 09:38:30.430] [warning] Couldn't find file 'metacarpal3_rvs.vtp'.
[2022-05-27 09:38:30.430] [warning] Couldn't find file 'middle_proximal_rvs.vtp'.
[2022-05-27 09:38:30.430] [warning] Couldn't find file 'middle_medial_rvs.vtp'.
[2022-05-27 09:38:30.430] [warning] Couldn't find file 'middle_distal_rvs.vtp'.
[2022-05-27 09:38:30.430] [warning] Couldn't find file 'metacarpal4_rvs.vtp'.
[2022-05-27 09:38:30.430] [warning] Couldn't find file 'ring_proximal_rvs.vtp'.
[2022-05-27 09:38:30.430] [warning] Couldn't find file 'ring_medial_rvs.vtp'.
[2022-05-27 09:38:30.430] [warning] Couldn't find file 'ring_distal_rvs.vtp'.
[2022-05-27 09:38:30.430] [warning] Couldn't find file 'metacarpal5_rvs.vtp'.
[2022-05-27 09:38:30.430] [warning] Couldn't find file 'little_proximal_rvs.vtp'.
[2022-05-27 09:38:30.430] [warning] Couldn't find file 'little_medial_rvs.vtp'.
[2022-05-27 09:38:30.430] [warning] Couldn't find file 'little_distal_rvs.vtp'.
[2022-05-27 09:38:30.430] [warning] Couldn't find file 'metacarpal1_rvs.vtp'.
[2022-05-27 09:38:30.431] [warning] Couldn't find file 'thumb_proximal_rvs.vtp'.
[2022-05-27 09:38:30.431] [warning] Couldn't find file 'thumb_distal_rvs.vtp'.
[2022-05-27 09:38:30.431] [warning] Couldn't find file 'humerus_lv.vtp'.
[2022-05-27 09:38:30.431] [warning] Couldn't find file 'ulna_lv.vtp'.
[2022-05-27 09:38:30.431] [warning] Couldn't find file 'radius_lv.vtp'.
[2022-05-27 09:38:30.431] [warning] Couldn't find file 'pisiform_lvs.vtp'.
[2022-05-27 09:38:30.431] [warning] Couldn't find file 'lunate_lvs.vtp'.
[2022-05-27 09:38:30.431] [warning] Couldn't find file 'scaphoid_lvs.vtp'.
[2022-05-27 09:38:30.431] [warning] Couldn't find file 'triquetrum_lvs.vtp'.
[2022-05-27 09:38:30.431] [warning] Couldn't find file 'hamate_lvs.vtp'.
[2022-05-27 09:38:30.431] [warning] Couldn't find file 'capitate_lvs.vtp'.
[2022-05-27 09:38:30.431] [warning] Couldn't find file 'trapezoid_lvs.vtp'.
[2022-05-27 09:38:30.431] [warning] Couldn't find file 'trapezium_lvs.vtp'.
[2022-05-27 09:38:30.431] [warning] Couldn't find file 'metacarpal2_lvs.vtp'.
[2022-05-27 09:38:30.431] [warning] Couldn't find file 'index_proximal_lvs.vtp'.
[2022-05-27 09:38:30.431] [warning] Couldn't find file 'index_medial_lvs.vtp'.
[2022-05-27 09:38:30.431] [warning] Couldn't find file 'index_distal_lvs.vtp'.
[2022-05-27 09:38:30.431] [warning] Couldn't find file 'metacarpal3_lvs.vtp'.
[2022-05-27 09:38:30.432] [warning] Couldn't find file 'middle_proximal_lvs.vtp'.
[2022-05-27 09:38:30.432] [warning] Couldn't find file 'middle_medial_lvs.vtp'.
[2022-05-27 09:38:30.432] [warning] Couldn't find file 'middle_distal_lvs.vtp'.
[2022-05-27 09:38:30.432] [warning] Couldn't find file 'metacarpal4_lvs.vtp'.
[2022-05-27 09:38:30.432] [warning] Couldn't find file 'ring_proximal_lvs.vtp'.
[2022-05-27 09:38:30.432] [warning] Couldn't find file 'ring_medial_lvs.vtp'.
[2022-05-27 09:38:30.432] [warning] Couldn't find file 'ring_distal_lvs.vtp'.
[2022-05-27 09:38:30.432] [warning] Couldn't find file 'metacarpal5_lvs.vtp'.
[2022-05-27 09:38:30.432] [warning] Couldn't find file 'little_proximal_lvs.vtp'.
[2022-05-27 09:38:30.432] [warning] Couldn't find file 'little_medial_lvs.vtp'.
[2022-05-27 09:38:30.432] [warning] Couldn't find file 'little_distal_lvs.vtp'.
[2022-05-27 09:38:30.432] [warning] Couldn't find file 'metacarpal1_lvs.vtp'.
[2022-05-27 09:38:30.432] [warning] Couldn't find file 'thumb_proximal_lvs.vtp'.
[2022-05-27 09:38:30.432] [warning] Couldn't find file 'thumb_distal_lvs.vtp'.
[2022-05-27 09:38:30.742] [info] Loaded model subject1_withMTJ_locked_scaled_custom from file C:\Users\u0150099\Documents\master_thesis\3dpredictsim\OpenSimModel\subject1\Fal_s1_mtjc2_sc_FDB2_MTc5_cspx10_oy2.osim
[2022-05-27 09:38:30.743] [warning] Couldn't find file 'sacrum.vtp'.
[2022-05-27 09:38:30.743] [warning] Couldn't find file 'pelvis.vtp'.
[2022-05-27 09:38:30.743] [warning] Couldn't find file 'l_pelvis.vtp'.
[2022-05-27 09:38:30.743] [warning] Couldn't find file 'femur_r.vtp'.
[2022-05-27 09:38:30.743] [warning] Couldn't find file 'tibia_r.vtp'.
[2022-05-27 09:38:30.743] [warning] Couldn't find file 'fibula_r.vtp'.
[2022-05-27 09:38:30.743] [warning] Couldn't find file 'talus_rv.vtp'.
[2022-05-27 09:38:30.743] [warning] Couldn't find file 'calcaneous_rv.vtp'.
[2022-05-27 09:38:30.743] [warning] Couldn't find file 'model_r_midfoot.stl'.
[2022-05-27 09:38:30.743] [warning] Couldn't find file 'model_r_forefoot.stl'.
[2022-05-27 09:38:30.743] [warning] Couldn't find file 'model_r_toes.stl'.
[2022-05-27 09:38:30.743] [warning] Couldn't find file 'femur_l.vtp'.
[2022-05-27 09:38:30.744] [warning] Couldn't find file 'tibia_l.vtp'.
[2022-05-27 09:38:30.744] [warning] Couldn't find file 'fibula_l.vtp'.
[2022-05-27 09:38:30.744] [warning] Couldn't find file 'talus_lv.vtp'.
[2022-05-27 09:38:30.744] [warning] Couldn't find file 'calcaneous_lv.vtp'.
[2022-05-27 09:38:30.744] [warning] Couldn't find file 'model_l_midfoot.stl'.
[2022-05-27 09:38:30.744] [warning] Couldn't find file 'model_l_forefoot.stl'.
[2022-05-27 09:38:30.744] [warning] Couldn't find file 'model_l_toes.stl'.
[2022-05-27 09:38:30.744] [warning] Couldn't find file 'hat_spine.vtp'.
[2022-05-27 09:38:30.744] [warning] Couldn't find file 'hat_jaw.vtp'.
[2022-05-27 09:38:30.744] [warning] Couldn't find file 'hat_skull.vtp'.
[2022-05-27 09:38:30.744] [warning] Couldn't find file 'hat_ribs_scap.vtp'.
[2022-05-27 09:38:30.744] [warning] Couldn't find file 'humerus_rv.vtp'.
[2022-05-27 09:38:30.744] [warning] Couldn't find file 'ulna_rv.vtp'.
[2022-05-27 09:38:30.744] [warning] Couldn't find file 'radius_rv.vtp'.
[2022-05-27 09:38:30.744] [warning] Couldn't find file 'pisiform_rvs.vtp'.
[2022-05-27 09:38:30.744] [warning] Couldn't find file 'lunate_rvs.vtp'.
[2022-05-27 09:38:30.745] [warning] Couldn't find file 'scaphoid_rvs.vtp'.
[2022-05-27 09:38:30.745] [warning] Couldn't find file 'triquetrum_rvs.vtp'.
[2022-05-27 09:38:30.745] [warning] Couldn't find file 'hamate_rvs.vtp'.
[2022-05-27 09:38:30.745] [warning] Couldn't find file 'capitate_rvs.vtp'.
[2022-05-27 09:38:30.745] [warning] Couldn't find file 'trapezoid_rvs.vtp'.
[2022-05-27 09:38:30.745] [warning] Couldn't find file 'trapezium_rvs.vtp'.
[2022-05-27 09:38:30.745] [warning] Couldn't find file 'metacarpal2_rvs.vtp'.
[2022-05-27 09:38:30.745] [warning] Couldn't find file 'index_proximal_rvs.vtp'.
[2022-05-27 09:38:30.745] [warning] Couldn't find file 'index_medial_rvs.vtp'.
[2022-05-27 09:38:30.745] [warning] Couldn't find file 'index_distal_rvs.vtp'.
[2022-05-27 09:38:30.745] [warning] Couldn't find file 'metacarpal3_rvs.vtp'.
[2022-05-27 09:38:30.745] [warning] Couldn't find file 'middle_proximal_rvs.vtp'.
[2022-05-27 09:38:30.745] [warning] Couldn't find file 'middle_medial_rvs.vtp'.
[2022-05-27 09:38:30.745] [warning] Couldn't find file 'middle_distal_rvs.vtp'.
[2022-05-27 09:38:30.745] [warning] Couldn't find file 'metacarpal4_rvs.vtp'.
[2022-05-27 09:38:30.745] [warning] Couldn't find file 'ring_proximal_rvs.vtp'.
[2022-05-27 09:38:30.745] [warning] Couldn't find file 'ring_medial_rvs.vtp'.
[2022-05-27 09:38:30.745] [warning] Couldn't find file 'ring_distal_rvs.vtp'.
[2022-05-27 09:38:30.746] [warning] Couldn't find file 'metacarpal5_rvs.vtp'.
[2022-05-27 09:38:30.746] [warning] Couldn't find file 'little_proximal_rvs.vtp'.
[2022-05-27 09:38:30.746] [warning] Couldn't find file 'little_medial_rvs.vtp'.
[2022-05-27 09:38:30.746] [warning] Couldn't find file 'little_distal_rvs.vtp'.
[2022-05-27 09:38:30.746] [warning] Couldn't find file 'metacarpal1_rvs.vtp'.
[2022-05-27 09:38:30.746] [warning] Couldn't find file 'thumb_proximal_rvs.vtp'.
[2022-05-27 09:38:30.746] [warning] Couldn't find file 'thumb_distal_rvs.vtp'.
[2022-05-27 09:38:30.746] [warning] Couldn't find file 'humerus_lv.vtp'.
[2022-05-27 09:38:30.746] [warning] Couldn't find file 'ulna_lv.vtp'.
[2022-05-27 09:38:30.746] [warning] Couldn't find file 'radius_lv.vtp'.
[2022-05-27 09:38:30.746] [warning] Couldn't find file 'pisiform_lvs.vtp'.
[2022-05-27 09:38:30.746] [warning] Couldn't find file 'lunate_lvs.vtp'.
[2022-05-27 09:38:30.746] [warning] Couldn't find file 'scaphoid_lvs.vtp'.
[2022-05-27 09:38:30.746] [warning] Couldn't find file 'triquetrum_lvs.vtp'.
[2022-05-27 09:38:30.746] [warning] Couldn't find file 'hamate_lvs.vtp'.
[2022-05-27 09:38:30.746] [warning] Couldn't find file 'capitate_lvs.vtp'.
[2022-05-27 09:38:30.746] [warning] Couldn't find file 'trapezoid_lvs.vtp'.
[2022-05-27 09:38:30.747] [warning] Couldn't find file 'trapezium_lvs.vtp'.
[2022-05-27 09:38:30.747] [warning] Couldn't find file 'metacarpal2_lvs.vtp'.
[2022-05-27 09:38:30.747] [warning] Couldn't find file 'index_proximal_lvs.vtp'.
[2022-05-27 09:38:30.747] [warning] Couldn't find file 'index_medial_lvs.vtp'.
[2022-05-27 09:38:30.747] [warning] Couldn't find file 'index_distal_lvs.vtp'.
[2022-05-27 09:38:30.747] [warning] Couldn't find file 'metacarpal3_lvs.vtp'.
[2022-05-27 09:38:30.747] [warning] Couldn't find file 'middle_proximal_lvs.vtp'.
[2022-05-27 09:38:30.747] [warning] Couldn't find file 'middle_medial_lvs.vtp'.
[2022-05-27 09:38:30.747] [warning] Couldn't find file 'middle_distal_lvs.vtp'.
[2022-05-27 09:38:30.747] [warning] Couldn't find file 'metacarpal4_lvs.vtp'.
[2022-05-27 09:38:30.747] [warning] Couldn't find file 'ring_proximal_lvs.vtp'.
[2022-05-27 09:38:30.747] [warning] Couldn't find file 'ring_medial_lvs.vtp'.
[2022-05-27 09:38:30.747] [warning] Couldn't find file 'ring_distal_lvs.vtp'.
[2022-05-27 09:38:30.747] [warning] Couldn't find file 'metacarpal5_lvs.vtp'.
[2022-05-27 09:38:30.747] [warning] Couldn't find file 'little_proximal_lvs.vtp'.
[2022-05-27 09:38:30.747] [warning] Couldn't find file 'little_medial_lvs.vtp'.
[2022-05-27 09:38:30.747] [warning] Couldn't find file 'little_distal_lvs.vtp'.
[2022-05-27 09:38:30.747] [warning] Couldn't find file 'metacarpal1_lvs.vtp'.
[2022-05-27 09:38:30.748] [warning] Couldn't find file 'thumb_proximal_lvs.vtp'.
[2022-05-27 09:38:30.748] [warning] Couldn't find file 'thumb_distal_lvs.vtp'.
[2022-05-27 09:41:01.104] [info] Loaded model subject1_withMTJ_locked_scaled_custom from file C:\Users\u0150099\Documents\master_thesis\3dpredictsim\OpenSimModel\subject1\Fal_s1_mtjc2_sc_FDB2_MTc5_cspx10_oy2.osim
[2022-05-27 09:41:01.105] [warning] Couldn't find file 'sacrum.vtp'.
[2022-05-27 09:41:01.105] [warning] Couldn't find file 'pelvis.vtp'.
[2022-05-27 09:41:01.105] [warning] Couldn't find file 'l_pelvis.vtp'.
[2022-05-27 09:41:01.105] [warning] Couldn't find file 'femur_r.vtp'.
[2022-05-27 09:41:01.105] [warning] Couldn't find file 'tibia_r.vtp'.
[2022-05-27 09:41:01.105] [warning] Couldn't find file 'fibula_r.vtp'.
[2022-05-27 09:41:01.105] [warning] Couldn't find file 'talus_rv.vtp'.
[2022-05-27 09:41:01.105] [warning] Couldn't find file 'calcaneous_rv.vtp'.
[2022-05-27 09:41:01.105] [warning] Couldn't find file 'model_r_midfoot.stl'.
[2022-05-27 09:41:01.105] [warning] Couldn't find file 'model_r_forefoot.stl'.
[2022-05-27 09:41:01.106] [warning] Couldn't find file 'model_r_toes.stl'.
[2022-05-27 09:41:01.106] [warning] Couldn't find file 'femur_l.vtp'.
[2022-05-27 09:41:01.106] [warning] Couldn't find file 'tibia_l.vtp'.
[2022-05-27 09:41:01.106] [warning] Couldn't find file 'fibula_l.vtp'.
[2022-05-27 09:41:01.106] [warning] Couldn't find file 'talus_lv.vtp'.
[2022-05-27 09:41:01.106] [warning] Couldn't find file 'calcaneous_lv.vtp'.
[2022-05-27 09:41:01.106] [warning] Couldn't find file 'model_l_midfoot.stl'.
[2022-05-27 09:41:01.106] [warning] Couldn't find file 'model_l_forefoot.stl'.
[2022-05-27 09:41:01.106] [warning] Couldn't find file 'model_l_toes.stl'.
[2022-05-27 09:41:01.106] [warning] Couldn't find file 'hat_spine.vtp'.
[2022-05-27 09:41:01.106] [warning] Couldn't find file 'hat_jaw.vtp'.
[2022-05-27 09:41:01.106] [warning] Couldn't find file 'hat_skull.vtp'.
[2022-05-27 09:41:01.106] [warning] Couldn't find file 'hat_ribs_scap.vtp'.
[2022-05-27 09:41:01.106] [warning] Couldn't find file 'humerus_rv.vtp'.
[2022-05-27 09:41:01.106] [warning] Couldn't find file 'ulna_rv.vtp'.
[2022-05-27 09:41:01.106] [warning] Couldn't find file 'radius_rv.vtp'.
[2022-05-27 09:41:01.107] [warning] Couldn't find file 'pisiform_rvs.vtp'.
[2022-05-27 09:41:01.107] [warning] Couldn't find file 'lunate_rvs.vtp'.
[2022-05-27 09:41:01.107] [warning] Couldn't find file 'scaphoid_rvs.vtp'.
[2022-05-27 09:41:01.107] [warning] Couldn't find file 'triquetrum_rvs.vtp'.
[2022-05-27 09:41:01.107] [warning] Couldn't find file 'hamate_rvs.vtp'.
[2022-05-27 09:41:01.107] [warning] Couldn't find file 'capitate_rvs.vtp'.
[2022-05-27 09:41:01.107] [warning] Couldn't find file 'trapezoid_rvs.vtp'.
[2022-05-27 09:41:01.107] [warning] Couldn't find file 'trapezium_rvs.vtp'.
[2022-05-27 09:41:01.107] [warning] Couldn't find file 'metacarpal2_rvs.vtp'.
[2022-05-27 09:41:01.107] [warning] Couldn't find file 'index_proximal_rvs.vtp'.
[2022-05-27 09:41:01.107] [warning] Couldn't find file 'index_medial_rvs.vtp'.
[2022-05-27 09:41:01.107] [warning] Couldn't find file 'index_distal_rvs.vtp'.
[2022-05-27 09:41:01.107] [warning] Couldn't find file 'metacarpal3_rvs.vtp'.
[2022-05-27 09:41:01.107] [warning] Couldn't find file 'middle_proximal_rvs.vtp'.
[2022-05-27 09:41:01.107] [warning] Couldn't find file 'middle_medial_rvs.vtp'.
[2022-05-27 09:41:01.107] [warning] Couldn't find file 'middle_distal_rvs.vtp'.
[2022-05-27 09:41:01.107] [warning] Couldn't find file 'metacarpal4_rvs.vtp'.
[2022-05-27 09:41:01.108] [warning] Couldn't find file 'ring_proximal_rvs.vtp'.
[2022-05-27 09:41:01.108] [warning] Couldn't find file 'ring_medial_rvs.vtp'.
[2022-05-27 09:41:01.108] [warning] Couldn't find file 'ring_distal_rvs.vtp'.
[2022-05-27 09:41:01.108] [warning] Couldn't find file 'metacarpal5_rvs.vtp'.
[2022-05-27 09:41:01.108] [warning] Couldn't find file 'little_proximal_rvs.vtp'.
[2022-05-27 09:41:01.108] [warning] Couldn't find file 'little_medial_rvs.vtp'.
[2022-05-27 09:41:01.108] [warning] Couldn't find file 'little_distal_rvs.vtp'.
[2022-05-27 09:41:01.108] [warning] Couldn't find file 'metacarpal1_rvs.vtp'.
[2022-05-27 09:41:01.108] [warning] Couldn't find file 'thumb_proximal_rvs.vtp'.
[2022-05-27 09:41:01.108] [warning] Couldn't find file 'thumb_distal_rvs.vtp'.
[2022-05-27 09:41:01.108] [warning] Couldn't find file 'humerus_lv.vtp'.
[2022-05-27 09:41:01.108] [warning] Couldn't find file 'ulna_lv.vtp'.
[2022-05-27 09:41:01.108] [warning] Couldn't find file 'radius_lv.vtp'.
[2022-05-27 09:41:01.108] [warning] Couldn't find file 'pisiform_lvs.vtp'.
[2022-05-27 09:41:01.108] [warning] Couldn't find file 'lunate_lvs.vtp'.
[2022-05-27 09:41:01.108] [warning] Couldn't find file 'scaphoid_lvs.vtp'.
[2022-05-27 09:41:01.108] [warning] Couldn't find file 'triquetrum_lvs.vtp'.
[2022-05-27 09:41:01.109] [warning] Couldn't find file 'hamate_lvs.vtp'.
[2022-05-27 09:41:01.109] [warning] Couldn't find file 'capitate_lvs.vtp'.
[2022-05-27 09:41:01.109] [warning] Couldn't find file 'trapezoid_lvs.vtp'.
[2022-05-27 09:41:01.109] [warning] Couldn't find file 'trapezium_lvs.vtp'.
[2022-05-27 09:41:01.109] [warning] Couldn't find file 'metacarpal2_lvs.vtp'.
[2022-05-27 09:41:01.109] [warning] Couldn't find file 'index_proximal_lvs.vtp'.
[2022-05-27 09:41:01.109] [warning] Couldn't find file 'index_medial_lvs.vtp'.
[2022-05-27 09:41:01.109] [warning] Couldn't find file 'index_distal_lvs.vtp'.
[2022-05-27 09:41:01.109] [warning] Couldn't find file 'metacarpal3_lvs.vtp'.
[2022-05-27 09:41:01.109] [warning] Couldn't find file 'middle_proximal_lvs.vtp'.
[2022-05-27 09:41:01.109] [warning] Couldn't find file 'middle_medial_lvs.vtp'.
[2022-05-27 09:41:01.109] [warning] Couldn't find file 'middle_distal_lvs.vtp'.
[2022-05-27 09:41:01.109] [warning] Couldn't find file 'metacarpal4_lvs.vtp'.
[2022-05-27 09:41:01.109] [warning] Couldn't find file 'ring_proximal_lvs.vtp'.
[2022-05-27 09:41:01.109] [warning] Couldn't find file 'ring_medial_lvs.vtp'.
[2022-05-27 09:41:01.109] [warning] Couldn't find file 'ring_distal_lvs.vtp'.
[2022-05-27 09:41:01.109] [warning] Couldn't find file 'metacarpal5_lvs.vtp'.
[2022-05-27 09:41:01.109] [warning] Couldn't find file 'little_proximal_lvs.vtp'.
[2022-05-27 09:41:01.109] [warning] Couldn't find file 'little_medial_lvs.vtp'.
[2022-05-27 09:41:01.110] [warning] Couldn't find file 'little_distal_lvs.vtp'.
[2022-05-27 09:41:01.110] [warning] Couldn't find file 'metacarpal1_lvs.vtp'.
[2022-05-27 09:41:01.110] [warning] Couldn't find file 'thumb_proximal_lvs.vtp'.
[2022-05-27 09:41:01.110] [warning] Couldn't find file 'thumb_distal_lvs.vtp'.
[2022-05-27 09:41:01.556] [info] Loaded model subject1_withMTJ_locked_scaled_custom from file C:\Users\u0150099\Documents\master_thesis\3dpredictsim\OpenSimModel\subject1\Fal_s1_mtjc2_sc_FDB2_MTc5_cspx10_oy2.osim
[2022-05-27 09:41:01.556] [warning] Couldn't find file 'sacrum.vtp'.
[2022-05-27 09:41:01.556] [warning] Couldn't find file 'pelvis.vtp'.
[2022-05-27 09:41:01.556] [warning] Couldn't find file 'l_pelvis.vtp'.
[2022-05-27 09:41:01.557] [warning] Couldn't find file 'femur_r.vtp'.
[2022-05-27 09:41:01.557] [warning] Couldn't find file 'tibia_r.vtp'.
[2022-05-27 09:41:01.557] [warning] Couldn't find file 'fibula_r.vtp'.
[2022-05-27 09:41:01.557] [warning] Couldn't find file 'talus_rv.vtp'.
[2022-05-27 09:41:01.557] [warning] Couldn't find file 'calcaneous_rv.vtp'.
[2022-05-27 09:41:01.557] [warning] Couldn't find file 'model_r_midfoot.stl'.
[2022-05-27 09:41:01.557] [warning] Couldn't find file 'model_r_forefoot.stl'.
[2022-05-27 09:41:01.557] [warning] Couldn't find file 'model_r_toes.stl'.
[2022-05-27 09:41:01.557] [warning] Couldn't find file 'femur_l.vtp'.
[2022-05-27 09:41:01.557] [warning] Couldn't find file 'tibia_l.vtp'.
[2022-05-27 09:41:01.557] [warning] Couldn't find file 'fibula_l.vtp'.
[2022-05-27 09:41:01.557] [warning] Couldn't find file 'talus_lv.vtp'.
[2022-05-27 09:41:01.557] [warning] Couldn't find file 'calcaneous_lv.vtp'.
[2022-05-27 09:41:01.557] [warning] Couldn't find file 'model_l_midfoot.stl'.
[2022-05-27 09:41:01.557] [warning] Couldn't find file 'model_l_forefoot.stl'.
[2022-05-27 09:41:01.557] [warning] Couldn't find file 'model_l_toes.stl'.
[2022-05-27 09:41:01.558] [warning] Couldn't find file 'hat_spine.vtp'.
[2022-05-27 09:41:01.558] [warning] Couldn't find file 'hat_jaw.vtp'.
[2022-05-27 09:41:01.558] [warning] Couldn't find file 'hat_skull.vtp'.
[2022-05-27 09:41:01.558] [warning] Couldn't find file 'hat_ribs_scap.vtp'.
[2022-05-27 09:41:01.558] [warning] Couldn't find file 'humerus_rv.vtp'.
[2022-05-27 09:41:01.558] [warning] Couldn't find file 'ulna_rv.vtp'.
[2022-05-27 09:41:01.558] [warning] Couldn't find file 'radius_rv.vtp'.
[2022-05-27 09:41:01.558] [warning] Couldn't find file 'pisiform_rvs.vtp'.
[2022-05-27 09:41:01.558] [warning] Couldn't find file 'lunate_rvs.vtp'.
[2022-05-27 09:41:01.558] [warning] Couldn't find file 'scaphoid_rvs.vtp'.
[2022-05-27 09:41:01.558] [warning] Couldn't find file 'triquetrum_rvs.vtp'.
[2022-05-27 09:41:01.558] [warning] Couldn't find file 'hamate_rvs.vtp'.
[2022-05-27 09:41:01.558] [warning] Couldn't find file 'capitate_rvs.vtp'.
[2022-05-27 09:41:01.558] [warning] Couldn't find file 'trapezoid_rvs.vtp'.
[2022-05-27 09:41:01.558] [warning] Couldn't find file 'trapezium_rvs.vtp'.
[2022-05-27 09:41:01.558] [warning] Couldn't find file 'metacarpal2_rvs.vtp'.
[2022-05-27 09:41:01.558] [warning] Couldn't find file 'index_proximal_rvs.vtp'.
[2022-05-27 09:41:01.559] [warning] Couldn't find file 'index_medial_rvs.vtp'.
[2022-05-27 09:41:01.559] [warning] Couldn't find file 'index_distal_rvs.vtp'.
[2022-05-27 09:41:01.559] [warning] Couldn't find file 'metacarpal3_rvs.vtp'.
[2022-05-27 09:41:01.559] [warning] Couldn't find file 'middle_proximal_rvs.vtp'.
[2022-05-27 09:41:01.559] [warning] Couldn't find file 'middle_medial_rvs.vtp'.
[2022-05-27 09:41:01.559] [warning] Couldn't find file 'middle_distal_rvs.vtp'.
[2022-05-27 09:41:01.559] [warning] Couldn't find file 'metacarpal4_rvs.vtp'.
[2022-05-27 09:41:01.559] [warning] Couldn't find file 'ring_proximal_rvs.vtp'.
[2022-05-27 09:41:01.559] [warning] Couldn't find file 'ring_medial_rvs.vtp'.
[2022-05-27 09:41:01.559] [warning] Couldn't find file 'ring_distal_rvs.vtp'.
[2022-05-27 09:41:01.559] [warning] Couldn't find file 'metacarpal5_rvs.vtp'.
[2022-05-27 09:41:01.559] [warning] Couldn't find file 'little_proximal_rvs.vtp'.
[2022-05-27 09:41:01.559] [warning] Couldn't find file 'little_medial_rvs.vtp'.
[2022-05-27 09:41:01.559] [warning] Couldn't find file 'little_distal_rvs.vtp'.
[2022-05-27 09:41:01.559] [warning] Couldn't find file 'metacarpal1_rvs.vtp'.
[2022-05-27 09:41:01.559] [warning] Couldn't find file 'thumb_proximal_rvs.vtp'.
[2022-05-27 09:41:01.559] [warning] Couldn't find file 'thumb_distal_rvs.vtp'.
[2022-05-27 09:41:01.559] [warning] Couldn't find file 'humerus_lv.vtp'.
[2022-05-27 09:41:01.560] [warning] Couldn't find file 'ulna_lv.vtp'.
[2022-05-27 09:41:01.560] [warning] Couldn't find file 'radius_lv.vtp'.
[2022-05-27 09:41:01.560] [warning] Couldn't find file 'pisiform_lvs.vtp'.
[2022-05-27 09:41:01.560] [warning] Couldn't find file 'lunate_lvs.vtp'.
[2022-05-27 09:41:01.560] [warning] Couldn't find file 'scaphoid_lvs.vtp'.
[2022-05-27 09:41:01.560] [warning] Couldn't find file 'triquetrum_lvs.vtp'.
[2022-05-27 09:41:01.560] [warning] Couldn't find file 'hamate_lvs.vtp'.
[2022-05-27 09:41:01.560] [warning] Couldn't find file 'capitate_lvs.vtp'.
[2022-05-27 09:41:01.560] [warning] Couldn't find file 'trapezoid_lvs.vtp'.
[2022-05-27 09:41:01.560] [warning] Couldn't find file 'trapezium_lvs.vtp'.
[2022-05-27 09:41:01.560] [warning] Couldn't find file 'metacarpal2_lvs.vtp'.
[2022-05-27 09:41:01.560] [warning] Couldn't find file 'index_proximal_lvs.vtp'.
[2022-05-27 09:41:01.560] [warning] Couldn't find file 'index_medial_lvs.vtp'.
[2022-05-27 09:41:01.560] [warning] Couldn't find file 'index_distal_lvs.vtp'.
[2022-05-27 09:41:01.560] [warning] Couldn't find file 'metacarpal3_lvs.vtp'.
[2022-05-27 09:41:01.560] [warning] Couldn't find file 'middle_proximal_lvs.vtp'.
[2022-05-27 09:41:01.560] [warning] Couldn't find file 'middle_medial_lvs.vtp'.
[2022-05-27 09:41:01.561] [warning] Couldn't find file 'middle_distal_lvs.vtp'.
[2022-05-27 09:41:01.561] [warning] Couldn't find file 'metacarpal4_lvs.vtp'.
[2022-05-27 09:41:01.561] [warning] Couldn't find file 'ring_proximal_lvs.vtp'.
[2022-05-27 09:41:01.561] [warning] Couldn't find file 'ring_medial_lvs.vtp'.
[2022-05-27 09:41:01.561] [warning] Couldn't find file 'ring_distal_lvs.vtp'.
[2022-05-27 09:41:01.561] [warning] Couldn't find file 'metacarpal5_lvs.vtp'.
[2022-05-27 09:41:01.561] [warning] Couldn't find file 'little_proximal_lvs.vtp'.
[2022-05-27 09:41:01.561] [warning] Couldn't find file 'little_medial_lvs.vtp'.
[2022-05-27 09:41:01.561] [warning] Couldn't find file 'little_distal_lvs.vtp'.
[2022-05-27 09:41:01.561] [warning] Couldn't find file 'metacarpal1_lvs.vtp'.
[2022-05-27 09:41:01.561] [warning] Couldn't find file 'thumb_proximal_lvs.vtp'.
[2022-05-27 09:41:01.561] [warning] Couldn't find file 'thumb_distal_lvs.vtp'.
[2022-05-27 09:43:40.565] [info] Loaded model subject1_withMTJ_locked_scaled_custom from file C:\Users\u0150099\Documents\master_thesis\3dpredictsim\OpenSimModel\subject1\Fal_s1_mtjc2_sc_FDB2_MTc5_cspx10_oy2.osim
[2022-05-27 09:43:40.566] [warning] Couldn't find file 'sacrum.vtp'.
[2022-05-27 09:43:40.566] [warning] Couldn't find file 'pelvis.vtp'.
[2022-05-27 09:43:40.566] [warning] Couldn't find file 'l_pelvis.vtp'.
[2022-05-27 09:43:40.566] [warning] Couldn't find file 'femur_r.vtp'.
[2022-05-27 09:43:40.566] [warning] Couldn't find file 'tibia_r.vtp'.
[2022-05-27 09:43:40.566] [warning] Couldn't find file 'fibula_r.vtp'.
[2022-05-27 09:43:40.566] [warning] Couldn't find file 'talus_rv.vtp'.
[2022-05-27 09:43:40.567] [warning] Couldn't find file 'calcaneous_rv.vtp'.
[2022-05-27 09:43:40.567] [warning] Couldn't find file 'model_r_midfoot.stl'.
[2022-05-27 09:43:40.567] [warning] Couldn't find file 'model_r_forefoot.stl'.
[2022-05-27 09:43:40.567] [warning] Couldn't find file 'model_r_toes.stl'.
[2022-05-27 09:43:40.567] [warning] Couldn't find file 'femur_l.vtp'.
[2022-05-27 09:43:40.567] [warning] Couldn't find file 'tibia_l.vtp'.
[2022-05-27 09:43:40.567] [warning] Couldn't find file 'fibula_l.vtp'.
[2022-05-27 09:43:40.567] [warning] Couldn't find file 'talus_lv.vtp'.
[2022-05-27 09:43:40.567] [warning] Couldn't find file 'calcaneous_lv.vtp'.
[2022-05-27 09:43:40.567] [warning] Couldn't find file 'model_l_midfoot.stl'.
[2022-05-27 09:43:40.567] [warning] Couldn't find file 'model_l_forefoot.stl'.
[2022-05-27 09:43:40.567] [warning] Couldn't find file 'model_l_toes.stl'.
[2022-05-27 09:43:40.567] [warning] Couldn't find file 'hat_spine.vtp'.
[2022-05-27 09:43:40.567] [warning] Couldn't find file 'hat_jaw.vtp'.
[2022-05-27 09:43:40.567] [warning] Couldn't find file 'hat_skull.vtp'.
[2022-05-27 09:43:40.567] [warning] Couldn't find file 'hat_ribs_scap.vtp'.
[2022-05-27 09:43:40.567] [warning] Couldn't find file 'humerus_rv.vtp'.
[2022-05-27 09:43:40.568] [warning] Couldn't find file 'ulna_rv.vtp'.
[2022-05-27 09:43:40.568] [warning] Couldn't find file 'radius_rv.vtp'.
[2022-05-27 09:43:40.568] [warning] Couldn't find file 'pisiform_rvs.vtp'.
[2022-05-27 09:43:40.568] [warning] Couldn't find file 'lunate_rvs.vtp'.
[2022-05-27 09:43:40.568] [warning] Couldn't find file 'scaphoid_rvs.vtp'.
[2022-05-27 09:43:40.568] [warning] Couldn't find file 'triquetrum_rvs.vtp'.
[2022-05-27 09:43:40.568] [warning] Couldn't find file 'hamate_rvs.vtp'.
[2022-05-27 09:43:40.568] [warning] Couldn't find file 'capitate_rvs.vtp'.
[2022-05-27 09:43:40.568] [warning] Couldn't find file 'trapezoid_rvs.vtp'.
[2022-05-27 09:43:40.568] [warning] Couldn't find file 'trapezium_rvs.vtp'.
[2022-05-27 09:43:40.568] [warning] Couldn't find file 'metacarpal2_rvs.vtp'.
[2022-05-27 09:43:40.568] [warning] Couldn't find file 'index_proximal_rvs.vtp'.
[2022-05-27 09:43:40.568] [warning] Couldn't find file 'index_medial_rvs.vtp'.
[2022-05-27 09:43:40.568] [warning] Couldn't find file 'index_distal_rvs.vtp'.
[2022-05-27 09:43:40.568] [warning] Couldn't find file 'metacarpal3_rvs.vtp'.
[2022-05-27 09:43:40.568] [warning] Couldn't find file 'middle_proximal_rvs.vtp'.
[2022-05-27 09:43:40.568] [warning] Couldn't find file 'middle_medial_rvs.vtp'.
[2022-05-27 09:43:40.569] [warning] Couldn't find file 'middle_distal_rvs.vtp'.
[2022-05-27 09:43:40.569] [warning] Couldn't find file 'metacarpal4_rvs.vtp'.
[2022-05-27 09:43:40.569] [warning] Couldn't find file 'ring_proximal_rvs.vtp'.
[2022-05-27 09:43:40.569] [warning] Couldn't find file 'ring_medial_rvs.vtp'.
[2022-05-27 09:43:40.569] [warning] Couldn't find file 'ring_distal_rvs.vtp'.
[2022-05-27 09:43:40.569] [warning] Couldn't find file 'metacarpal5_rvs.vtp'.
[2022-05-27 09:43:40.569] [warning] Couldn't find file 'little_proximal_rvs.vtp'.
[2022-05-27 09:43:40.569] [warning] Couldn't find file 'little_medial_rvs.vtp'.
[2022-05-27 09:43:40.569] [warning] Couldn't find file 'little_distal_rvs.vtp'.
[2022-05-27 09:43:40.569] [warning] Couldn't find file 'metacarpal1_rvs.vtp'.
[2022-05-27 09:43:40.569] [warning] Couldn't find file 'thumb_proximal_rvs.vtp'.
[2022-05-27 09:43:40.569] [warning] Couldn't find file 'thumb_distal_rvs.vtp'.
[2022-05-27 09:43:40.569] [warning] Couldn't find file 'humerus_lv.vtp'.
[2022-05-27 09:43:40.569] [warning] Couldn't find file 'ulna_lv.vtp'.
[2022-05-27 09:43:40.569] [warning] Couldn't find file 'radius_lv.vtp'.
[2022-05-27 09:43:40.569] [warning] Couldn't find file 'pisiform_lvs.vtp'.
[2022-05-27 09:43:40.569] [warning] Couldn't find file 'lunate_lvs.vtp'.
[2022-05-27 09:43:40.570] [warning] Couldn't find file 'scaphoid_lvs.vtp'.
[2022-05-27 09:43:40.570] [warning] Couldn't find file 'triquetrum_lvs.vtp'.
[2022-05-27 09:43:40.570] [warning] Couldn't find file 'hamate_lvs.vtp'.
[2022-05-27 09:43:40.570] [warning] Couldn't find file 'capitate_lvs.vtp'.
[2022-05-27 09:43:40.570] [warning] Couldn't find file 'trapezoid_lvs.vtp'.
[2022-05-27 09:43:40.570] [warning] Couldn't find file 'trapezium_lvs.vtp'.
[2022-05-27 09:43:40.570] [warning] Couldn't find file 'metacarpal2_lvs.vtp'.
[2022-05-27 09:43:40.570] [warning] Couldn't find file 'index_proximal_lvs.vtp'.
[2022-05-27 09:43:40.570] [warning] Couldn't find file 'index_medial_lvs.vtp'.
[2022-05-27 09:43:40.570] [warning] Couldn't find file 'index_distal_lvs.vtp'.
[2022-05-27 09:43:40.570] [warning] Couldn't find file 'metacarpal3_lvs.vtp'.
[2022-05-27 09:43:40.570] [warning] Couldn't find file 'middle_proximal_lvs.vtp'.
[2022-05-27 09:43:40.570] [warning] Couldn't find file 'middle_medial_lvs.vtp'.
[2022-05-27 09:43:40.570] [warning] Couldn't find file 'middle_distal_lvs.vtp'.
[2022-05-27 09:43:40.570] [warning] Couldn't find file 'metacarpal4_lvs.vtp'.
[2022-05-27 09:43:40.570] [warning] Couldn't find file 'ring_proximal_lvs.vtp'.
[2022-05-27 09:43:40.570] [warning] Couldn't find file 'ring_medial_lvs.vtp'.
[2022-05-27 09:43:40.570] [warning] Couldn't find file 'ring_distal_lvs.vtp'.
[2022-05-27 09:43:40.571] [warning] Couldn't find file 'metacarpal5_lvs.vtp'.
[2022-05-27 09:43:40.571] [warning] Couldn't find file 'little_proximal_lvs.vtp'.
[2022-05-27 09:43:40.571] [warning] Couldn't find file 'little_medial_lvs.vtp'.
[2022-05-27 09:43:40.571] [warning] Couldn't find file 'little_distal_lvs.vtp'.
[2022-05-27 09:43:40.571] [warning] Couldn't find file 'metacarpal1_lvs.vtp'.
[2022-05-27 09:43:40.571] [warning] Couldn't find file 'thumb_proximal_lvs.vtp'.
[2022-05-27 09:43:40.571] [warning] Couldn't find file 'thumb_distal_lvs.vtp'.
[2022-05-27 09:43:40.993] [info] Loaded model subject1_withMTJ_locked_scaled_custom from file C:\Users\u0150099\Documents\master_thesis\3dpredictsim\OpenSimModel\subject1\Fal_s1_mtjc2_sc_FDB2_MTc5_cspx10_oy2.osim
[2022-05-27 09:43:40.994] [warning] Couldn't find file 'sacrum.vtp'.
[2022-05-27 09:43:40.994] [warning] Couldn't find file 'pelvis.vtp'.
[2022-05-27 09:43:40.994] [warning] Couldn't find file 'l_pelvis.vtp'.
[2022-05-27 09:43:40.994] [warning] Couldn't find file 'femur_r.vtp'.
[2022-05-27 09:43:40.994] [warning] Couldn't find file 'tibia_r.vtp'.
[2022-05-27 09:43:40.994] [warning] Couldn't find file 'fibula_r.vtp'.
[2022-05-27 09:43:40.994] [warning] Couldn't find file 'talus_rv.vtp'.
[2022-05-27 09:43:40.994] [warning] Couldn't find file 'calcaneous_rv.vtp'.
[2022-05-27 09:43:40.994] [warning] Couldn't find file 'model_r_midfoot.stl'.
[2022-05-27 09:43:40.994] [warning] Couldn't find file 'model_r_forefoot.stl'.
[2022-05-27 09:43:40.995] [warning] Couldn't find file 'model_r_toes.stl'.
[2022-05-27 09:43:40.995] [warning] Couldn't find file 'femur_l.vtp'.
[2022-05-27 09:43:40.995] [warning] Couldn't find file 'tibia_l.vtp'.
[2022-05-27 09:43:40.995] [warning] Couldn't find file 'fibula_l.vtp'.
[2022-05-27 09:43:40.995] [warning] Couldn't find file 'talus_lv.vtp'.
[2022-05-27 09:43:40.995] [warning] Couldn't find file 'calcaneous_lv.vtp'.
[2022-05-27 09:43:40.995] [warning] Couldn't find file 'model_l_midfoot.stl'.
[2022-05-27 09:43:40.995] [warning] Couldn't find file 'model_l_forefoot.stl'.
[2022-05-27 09:43:40.995] [warning] Couldn't find file 'model_l_toes.stl'.
[2022-05-27 09:43:40.995] [warning] Couldn't find file 'hat_spine.vtp'.
[2022-05-27 09:43:40.995] [warning] Couldn't find file 'hat_jaw.vtp'.
[2022-05-27 09:43:40.995] [warning] Couldn't find file 'hat_skull.vtp'.
[2022-05-27 09:43:40.995] [warning] Couldn't find file 'hat_ribs_scap.vtp'.
[2022-05-27 09:43:40.995] [warning] Couldn't find file 'humerus_rv.vtp'.
[2022-05-27 09:43:40.995] [warning] Couldn't find file 'ulna_rv.vtp'.
[2022-05-27 09:43:40.995] [warning] Couldn't find file 'radius_rv.vtp'.
[2022-05-27 09:43:40.995] [warning] Couldn't find file 'pisiform_rvs.vtp'.
[2022-05-27 09:43:40.996] [warning] Couldn't find file 'lunate_rvs.vtp'.
[2022-05-27 09:43:40.996] [warning] Couldn't find file 'scaphoid_rvs.vtp'.
[2022-05-27 09:43:40.996] [warning] Couldn't find file 'triquetrum_rvs.vtp'.
[2022-05-27 09:43:40.996] [warning] Couldn't find file 'hamate_rvs.vtp'.
[2022-05-27 09:43:40.996] [warning] Couldn't find file 'capitate_rvs.vtp'.
[2022-05-27 09:43:40.996] [warning] Couldn't find file 'trapezoid_rvs.vtp'.
[2022-05-27 09:43:40.996] [warning] Couldn't find file 'trapezium_rvs.vtp'.
[2022-05-27 09:43:40.996] [warning] Couldn't find file 'metacarpal2_rvs.vtp'.
[2022-05-27 09:43:40.996] [warning] Couldn't find file 'index_proximal_rvs.vtp'.
[2022-05-27 09:43:40.996] [warning] Couldn't find file 'index_medial_rvs.vtp'.
[2022-05-27 09:43:40.996] [warning] Couldn't find file 'index_distal_rvs.vtp'.
[2022-05-27 09:43:40.996] [warning] Couldn't find file 'metacarpal3_rvs.vtp'.
[2022-05-27 09:43:40.996] [warning] Couldn't find file 'middle_proximal_rvs.vtp'.
[2022-05-27 09:43:40.996] [warning] Couldn't find file 'middle_medial_rvs.vtp'.
[2022-05-27 09:43:40.996] [warning] Couldn't find file 'middle_distal_rvs.vtp'.
[2022-05-27 09:43:40.996] [warning] Couldn't find file 'metacarpal4_rvs.vtp'.
[2022-05-27 09:43:40.996] [warning] Couldn't find file 'ring_proximal_rvs.vtp'.
[2022-05-27 09:43:40.996] [warning] Couldn't find file 'ring_medial_rvs.vtp'.
[2022-05-27 09:43:40.997] [warning] Couldn't find file 'ring_distal_rvs.vtp'.
[2022-05-27 09:43:40.997] [warning] Couldn't find file 'metacarpal5_rvs.vtp'.
[2022-05-27 09:43:40.997] [warning] Couldn't find file 'little_proximal_rvs.vtp'.
[2022-05-27 09:43:40.997] [warning] Couldn't find file 'little_medial_rvs.vtp'.
[2022-05-27 09:43:40.997] [warning] Couldn't find file 'little_distal_rvs.vtp'.
[2022-05-27 09:43:40.997] [warning] Couldn't find file 'metacarpal1_rvs.vtp'.
[2022-05-27 09:43:40.997] [warning] Couldn't find file 'thumb_proximal_rvs.vtp'.
[2022-05-27 09:43:40.997] [warning] Couldn't find file 'thumb_distal_rvs.vtp'.
[2022-05-27 09:43:40.997] [warning] Couldn't find file 'humerus_lv.vtp'.
[2022-05-27 09:43:40.997] [warning] Couldn't find file 'ulna_lv.vtp'.
[2022-05-27 09:43:40.997] [warning] Couldn't find file 'radius_lv.vtp'.
[2022-05-27 09:43:40.997] [warning] Couldn't find file 'pisiform_lvs.vtp'.
[2022-05-27 09:43:40.997] [warning] Couldn't find file 'lunate_lvs.vtp'.
[2022-05-27 09:43:40.997] [warning] Couldn't find file 'scaphoid_lvs.vtp'.
[2022-05-27 09:43:40.997] [warning] Couldn't find file 'triquetrum_lvs.vtp'.
[2022-05-27 09:43:40.997] [warning] Couldn't find file 'hamate_lvs.vtp'.
[2022-05-27 09:43:40.997] [warning] Couldn't find file 'capitate_lvs.vtp'.
[2022-05-27 09:43:40.998] [warning] Couldn't find file 'trapezoid_lvs.vtp'.
[2022-05-27 09:43:40.998] [warning] Couldn't find file 'trapezium_lvs.vtp'.
[2022-05-27 09:43:40.998] [warning] Couldn't find file 'metacarpal2_lvs.vtp'.
[2022-05-27 09:43:40.998] [warning] Couldn't find file 'index_proximal_lvs.vtp'.
[2022-05-27 09:43:40.998] [warning] Couldn't find file 'index_medial_lvs.vtp'.
[2022-05-27 09:43:40.998] [warning] Couldn't find file 'index_distal_lvs.vtp'.
[2022-05-27 09:43:40.998] [warning] Couldn't find file 'metacarpal3_lvs.vtp'.
[2022-05-27 09:43:40.998] [warning] Couldn't find file 'middle_proximal_lvs.vtp'.
[2022-05-27 09:43:40.998] [warning] Couldn't find file 'middle_medial_lvs.vtp'.
[2022-05-27 09:43:40.998] [warning] Couldn't find file 'middle_distal_lvs.vtp'.
[2022-05-27 09:43:40.998] [warning] Couldn't find file 'metacarpal4_lvs.vtp'.
[2022-05-27 09:43:40.998] [warning] Couldn't find file 'ring_proximal_lvs.vtp'.
[2022-05-27 09:43:40.998] [warning] Couldn't find file 'ring_medial_lvs.vtp'.
[2022-05-27 09:43:40.998] [warning] Couldn't find file 'ring_distal_lvs.vtp'.
[2022-05-27 09:43:40.998] [warning] Couldn't find file 'metacarpal5_lvs.vtp'.
[2022-05-27 09:43:40.998] [warning] Couldn't find file 'little_proximal_lvs.vtp'.
[2022-05-27 09:43:40.998] [warning] Couldn't find file 'little_medial_lvs.vtp'.
[2022-05-27 09:43:40.998] [warning] Couldn't find file 'little_distal_lvs.vtp'.
[2022-05-27 09:43:40.999] [warning] Couldn't find file 'metacarpal1_lvs.vtp'.
[2022-05-27 09:43:40.999] [warning] Couldn't find file 'thumb_proximal_lvs.vtp'.
[2022-05-27 09:43:40.999] [warning] Couldn't find file 'thumb_distal_lvs.vtp'.
[2022-05-27 09:44:56.462] [info] Loaded model subject1_withMTJ_locked_scaled_custom from file C:\Users\u0150099\Documents\master_thesis\3dpredictsim\OpenSimModel\subject1\Fal_s1_mtjc2_sc_FDB2_MTc5_cspx10_oy2.osim
[2022-05-27 09:44:56.463] [warning] Couldn't find file 'sacrum.vtp'.
[2022-05-27 09:44:56.463] [warning] Couldn't find file 'pelvis.vtp'.
[2022-05-27 09:44:56.463] [warning] Couldn't find file 'l_pelvis.vtp'.
[2022-05-27 09:44:56.463] [warning] Couldn't find file 'femur_r.vtp'.
[2022-05-27 09:44:56.463] [warning] Couldn't find file 'tibia_r.vtp'.
[2022-05-27 09:44:56.463] [warning] Couldn't find file 'fibula_r.vtp'.
[2022-05-27 09:44:56.463] [warning] Couldn't find file 'talus_rv.vtp'.
[2022-05-27 09:44:56.463] [warning] Couldn't find file 'calcaneous_rv.vtp'.
[2022-05-27 09:44:56.463] [warning] Couldn't find file 'model_r_midfoot.stl'.
[2022-05-27 09:44:56.463] [warning] Couldn't find file 'model_r_forefoot.stl'.
[2022-05-27 09:44:56.463] [warning] Couldn't find file 'model_r_toes.stl'.
[2022-05-27 09:44:56.463] [warning] Couldn't find file 'femur_l.vtp'.
[2022-05-27 09:44:56.463] [warning] Couldn't find file 'tibia_l.vtp'.
[2022-05-27 09:44:56.464] [warning] Couldn't find file 'fibula_l.vtp'.
[2022-05-27 09:44:56.464] [warning] Couldn't find file 'talus_lv.vtp'.
[2022-05-27 09:44:56.464] [warning] Couldn't find file 'calcaneous_lv.vtp'.
[2022-05-27 09:44:56.464] [warning] Couldn't find file 'model_l_midfoot.stl'.
[2022-05-27 09:44:56.464] [warning] Couldn't find file 'model_l_forefoot.stl'.
[2022-05-27 09:44:56.464] [warning] Couldn't find file 'model_l_toes.stl'.
[2022-05-27 09:44:56.464] [warning] Couldn't find file 'hat_spine.vtp'.
[2022-05-27 09:44:56.464] [warning] Couldn't find file 'hat_jaw.vtp'.
[2022-05-27 09:44:56.464] [warning] Couldn't find file 'hat_skull.vtp'.
[2022-05-27 09:44:56.464] [warning] Couldn't find file 'hat_ribs_scap.vtp'.
[2022-05-27 09:44:56.464] [warning] Couldn't find file 'humerus_rv.vtp'.
[2022-05-27 09:44:56.464] [warning] Couldn't find file 'ulna_rv.vtp'.
[2022-05-27 09:44:56.464] [warning] Couldn't find file 'radius_rv.vtp'.
[2022-05-27 09:44:56.464] [warning] Couldn't find file 'pisiform_rvs.vtp'.
[2022-05-27 09:44:56.464] [warning] Couldn't find file 'lunate_rvs.vtp'.
[2022-05-27 09:44:56.464] [warning] Couldn't find file 'scaphoid_rvs.vtp'.
[2022-05-27 09:44:56.465] [warning] Couldn't find file 'triquetrum_rvs.vtp'.
[2022-05-27 09:44:56.465] [warning] Couldn't find file 'hamate_rvs.vtp'.
[2022-05-27 09:44:56.465] [warning] Couldn't find file 'capitate_rvs.vtp'.
[2022-05-27 09:44:56.465] [warning] Couldn't find file 'trapezoid_rvs.vtp'.
[2022-05-27 09:44:56.465] [warning] Couldn't find file 'trapezium_rvs.vtp'.
[2022-05-27 09:44:56.465] [warning] Couldn't find file 'metacarpal2_rvs.vtp'.
[2022-05-27 09:44:56.465] [warning] Couldn't find file 'index_proximal_rvs.vtp'.
[2022-05-27 09:44:56.465] [warning] Couldn't find file 'index_medial_rvs.vtp'.
[2022-05-27 09:44:56.465] [warning] Couldn't find file 'index_distal_rvs.vtp'.
[2022-05-27 09:44:56.465] [warning] Couldn't find file 'metacarpal3_rvs.vtp'.
[2022-05-27 09:44:56.465] [warning] Couldn't find file 'middle_proximal_rvs.vtp'.
[2022-05-27 09:44:56.465] [warning] Couldn't find file 'middle_medial_rvs.vtp'.
[2022-05-27 09:44:56.465] [warning] Couldn't find file 'middle_distal_rvs.vtp'.
[2022-05-27 09:44:56.465] [warning] Couldn't find file 'metacarpal4_rvs.vtp'.
[2022-05-27 09:44:56.465] [warning] Couldn't find file 'ring_proximal_rvs.vtp'.
[2022-05-27 09:44:56.465] [warning] Couldn't find file 'ring_medial_rvs.vtp'.
[2022-05-27 09:44:56.465] [warning] Couldn't find file 'ring_distal_rvs.vtp'.
[2022-05-27 09:44:56.466] [warning] Couldn't find file 'metacarpal5_rvs.vtp'.
[2022-05-27 09:44:56.466] [warning] Couldn't find file 'little_proximal_rvs.vtp'.
[2022-05-27 09:44:56.466] [warning] Couldn't find file 'little_medial_rvs.vtp'.
[2022-05-27 09:44:56.466] [warning] Couldn't find file 'little_distal_rvs.vtp'.
[2022-05-27 09:44:56.466] [warning] Couldn't find file 'metacarpal1_rvs.vtp'.
[2022-05-27 09:44:56.466] [warning] Couldn't find file 'thumb_proximal_rvs.vtp'.
[2022-05-27 09:44:56.466] [warning] Couldn't find file 'thumb_distal_rvs.vtp'.
[2022-05-27 09:44:56.466] [warning] Couldn't find file 'humerus_lv.vtp'.
[2022-05-27 09:44:56.466] [warning] Couldn't find file 'ulna_lv.vtp'.
[2022-05-27 09:44:56.466] [warning] Couldn't find file 'radius_lv.vtp'.
[2022-05-27 09:44:56.466] [warning] Couldn't find file 'pisiform_lvs.vtp'.
[2022-05-27 09:44:56.466] [warning] Couldn't find file 'lunate_lvs.vtp'.
[2022-05-27 09:44:56.466] [warning] Couldn't find file 'scaphoid_lvs.vtp'.
[2022-05-27 09:44:56.466] [warning] Couldn't find file 'triquetrum_lvs.vtp'.
[2022-05-27 09:44:56.466] [warning] Couldn't find file 'hamate_lvs.vtp'.
[2022-05-27 09:44:56.466] [warning] Couldn't find file 'capitate_lvs.vtp'.
[2022-05-27 09:44:56.466] [warning] Couldn't find file 'trapezoid_lvs.vtp'.
[2022-05-27 09:44:56.467] [warning] Couldn't find file 'trapezium_lvs.vtp'.
[2022-05-27 09:44:56.467] [warning] Couldn't find file 'metacarpal2_lvs.vtp'.
[2022-05-27 09:44:56.467] [warning] Couldn't find file 'index_proximal_lvs.vtp'.
[2022-05-27 09:44:56.467] [warning] Couldn't find file 'index_medial_lvs.vtp'.
[2022-05-27 09:44:56.467] [warning] Couldn't find file 'index_distal_lvs.vtp'.
[2022-05-27 09:44:56.467] [warning] Couldn't find file 'metacarpal3_lvs.vtp'.
[2022-05-27 09:44:56.467] [warning] Couldn't find file 'middle_proximal_lvs.vtp'.
[2022-05-27 09:44:56.467] [warning] Couldn't find file 'middle_medial_lvs.vtp'.
[2022-05-27 09:44:56.467] [warning] Couldn't find file 'middle_distal_lvs.vtp'.
[2022-05-27 09:44:56.467] [warning] Couldn't find file 'metacarpal4_lvs.vtp'.
[2022-05-27 09:44:56.467] [warning] Couldn't find file 'ring_proximal_lvs.vtp'.
[2022-05-27 09:44:56.467] [warning] Couldn't find file 'ring_medial_lvs.vtp'.
[2022-05-27 09:44:56.467] [warning] Couldn't find file 'ring_distal_lvs.vtp'.
[2022-05-27 09:44:56.467] [warning] Couldn't find file 'metacarpal5_lvs.vtp'.
[2022-05-27 09:44:56.467] [warning] Couldn't find file 'little_proximal_lvs.vtp'.
[2022-05-27 09:44:56.467] [warning] Couldn't find file 'little_medial_lvs.vtp'.
[2022-05-27 09:44:56.467] [warning] Couldn't find file 'little_distal_lvs.vtp'.
[2022-05-27 09:44:56.468] [warning] Couldn't find file 'metacarpal1_lvs.vtp'.
[2022-05-27 09:44:56.468] [warning] Couldn't find file 'thumb_proximal_lvs.vtp'.
[2022-05-27 09:44:56.468] [warning] Couldn't find file 'thumb_distal_lvs.vtp'.
[2022-05-27 09:44:56.909] [info] Loaded model subject1_withMTJ_locked_scaled_custom from file C:\Users\u0150099\Documents\master_thesis\3dpredictsim\OpenSimModel\subject1\Fal_s1_mtjc2_sc_FDB2_MTc5_cspx10_oy2.osim
[2022-05-27 09:44:56.910] [warning] Couldn't find file 'sacrum.vtp'.
[2022-05-27 09:44:56.910] [warning] Couldn't find file 'pelvis.vtp'.
[2022-05-27 09:44:56.910] [warning] Couldn't find file 'l_pelvis.vtp'.
[2022-05-27 09:44:56.910] [warning] Couldn't find file 'femur_r.vtp'.
[2022-05-27 09:44:56.910] [warning] Couldn't find file 'tibia_r.vtp'.
[2022-05-27 09:44:56.910] [warning] Couldn't find file 'fibula_r.vtp'.
[2022-05-27 09:44:56.910] [warning] Couldn't find file 'talus_rv.vtp'.
[2022-05-27 09:44:56.910] [warning] Couldn't find file 'calcaneous_rv.vtp'.
[2022-05-27 09:44:56.910] [warning] Couldn't find file 'model_r_midfoot.stl'.
[2022-05-27 09:44:56.910] [warning] Couldn't find file 'model_r_forefoot.stl'.
[2022-05-27 09:44:56.910] [warning] Couldn't find file 'model_r_toes.stl'.
[2022-05-27 09:44:56.910] [warning] Couldn't find file 'femur_l.vtp'.
[2022-05-27 09:44:56.911] [warning] Couldn't find file 'tibia_l.vtp'.
[2022-05-27 09:44:56.911] [warning] Couldn't find file 'fibula_l.vtp'.
[2022-05-27 09:44:56.911] [warning] Couldn't find file 'talus_lv.vtp'.
[2022-05-27 09:44:56.911] [warning] Couldn't find file 'calcaneous_lv.vtp'.
[2022-05-27 09:44:56.911] [warning] Couldn't find file 'model_l_midfoot.stl'.
[2022-05-27 09:44:56.911] [warning] Couldn't find file 'model_l_forefoot.stl'.
[2022-05-27 09:44:56.911] [warning] Couldn't find file 'model_l_toes.stl'.
[2022-05-27 09:44:56.911] [warning] Couldn't find file 'hat_spine.vtp'.
[2022-05-27 09:44:56.911] [warning] Couldn't find file 'hat_jaw.vtp'.
[2022-05-27 09:44:56.911] [warning] Couldn't find file 'hat_skull.vtp'.
[2022-05-27 09:44:56.911] [warning] Couldn't find file 'hat_ribs_scap.vtp'.
[2022-05-27 09:44:56.911] [warning] Couldn't find file 'humerus_rv.vtp'.
[2022-05-27 09:44:56.911] [warning] Couldn't find file 'ulna_rv.vtp'.
[2022-05-27 09:44:56.911] [warning] Couldn't find file 'radius_rv.vtp'.
[2022-05-27 09:44:56.911] [warning] Couldn't find file 'pisiform_rvs.vtp'.
[2022-05-27 09:44:56.911] [warning] Couldn't find file 'lunate_rvs.vtp'.
[2022-05-27 09:44:56.911] [warning] Couldn't find file 'scaphoid_rvs.vtp'.
[2022-05-27 09:44:56.912] [warning] Couldn't find file 'triquetrum_rvs.vtp'.
[2022-05-27 09:44:56.912] [warning] Couldn't find file 'hamate_rvs.vtp'.
[2022-05-27 09:44:56.912] [warning] Couldn't find file 'capitate_rvs.vtp'.
[2022-05-27 09:44:56.912] [warning] Couldn't find file 'trapezoid_rvs.vtp'.
[2022-05-27 09:44:56.912] [warning] Couldn't find file 'trapezium_rvs.vtp'.
[2022-05-27 09:44:56.912] [warning] Couldn't find file 'metacarpal2_rvs.vtp'.
[2022-05-27 09:44:56.912] [warning] Couldn't find file 'index_proximal_rvs.vtp'.
[2022-05-27 09:44:56.912] [warning] Couldn't find file 'index_medial_rvs.vtp'.
[2022-05-27 09:44:56.912] [warning] Couldn't find file 'index_distal_rvs.vtp'.
[2022-05-27 09:44:56.912] [warning] Couldn't find file 'metacarpal3_rvs.vtp'.
[2022-05-27 09:44:56.912] [warning] Couldn't find file 'middle_proximal_rvs.vtp'.
[2022-05-27 09:44:56.912] [warning] Couldn't find file 'middle_medial_rvs.vtp'.
[2022-05-27 09:44:56.912] [warning] Couldn't find file 'middle_distal_rvs.vtp'.
[2022-05-27 09:44:56.912] [warning] Couldn't find file 'metacarpal4_rvs.vtp'.
[2022-05-27 09:44:56.912] [warning] Couldn't find file 'ring_proximal_rvs.vtp'.
[2022-05-27 09:44:56.912] [warning] Couldn't find file 'ring_medial_rvs.vtp'.
[2022-05-27 09:44:56.912] [warning] Couldn't find file 'ring_distal_rvs.vtp'.
[2022-05-27 09:44:56.913] [warning] Couldn't find file 'metacarpal5_rvs.vtp'.
[2022-05-27 09:44:56.913] [warning] Couldn't find file 'little_proximal_rvs.vtp'.
[2022-05-27 09:44:56.913] [warning] Couldn't find file 'little_medial_rvs.vtp'.
[2022-05-27 09:44:56.913] [warning] Couldn't find file 'little_distal_rvs.vtp'.
[2022-05-27 09:44:56.913] [warning] Couldn't find file 'metacarpal1_rvs.vtp'.
[2022-05-27 09:44:56.913] [warning] Couldn't find file 'thumb_proximal_rvs.vtp'.
[2022-05-27 09:44:56.913] [warning] Couldn't find file 'thumb_distal_rvs.vtp'.
[2022-05-27 09:44:56.913] [warning] Couldn't find file 'humerus_lv.vtp'.
[2022-05-27 09:44:56.913] [warning] Couldn't find file 'ulna_lv.vtp'.
[2022-05-27 09:44:56.913] [warning] Couldn't find file 'radius_lv.vtp'.
[2022-05-27 09:44:56.913] [warning] Couldn't find file 'pisiform_lvs.vtp'.
[2022-05-27 09:44:56.913] [warning] Couldn't find file 'lunate_lvs.vtp'.
[2022-05-27 09:44:56.913] [warning] Couldn't find file 'scaphoid_lvs.vtp'.
[2022-05-27 09:44:56.913] [warning] Couldn't find file 'triquetrum_lvs.vtp'.
[2022-05-27 09:44:56.913] [warning] Couldn't find file 'hamate_lvs.vtp'.
[2022-05-27 09:44:56.913] [warning] Couldn't find file 'capitate_lvs.vtp'.
[2022-05-27 09:44:56.913] [warning] Couldn't find file 'trapezoid_lvs.vtp'.
[2022-05-27 09:44:56.914] [warning] Couldn't find file 'trapezium_lvs.vtp'.
[2022-05-27 09:44:56.914] [warning] Couldn't find file 'metacarpal2_lvs.vtp'.
[2022-05-27 09:44:56.914] [warning] Couldn't find file 'index_proximal_lvs.vtp'.
[2022-05-27 09:44:56.914] [warning] Couldn't find file 'index_medial_lvs.vtp'.
[2022-05-27 09:44:56.914] [warning] Couldn't find file 'index_distal_lvs.vtp'.
[2022-05-27 09:44:56.914] [warning] Couldn't find file 'metacarpal3_lvs.vtp'.
[2022-05-27 09:44:56.914] [warning] Couldn't find file 'middle_proximal_lvs.vtp'.
[2022-05-27 09:44:56.914] [warning] Couldn't find file 'middle_medial_lvs.vtp'.
[2022-05-27 09:44:56.914] [warning] Couldn't find file 'middle_distal_lvs.vtp'.
[2022-05-27 09:44:56.914] [warning] Couldn't find file 'metacarpal4_lvs.vtp'.
[2022-05-27 09:44:56.914] [warning] Couldn't find file 'ring_proximal_lvs.vtp'.
[2022-05-27 09:44:56.914] [warning] Couldn't find file 'ring_medial_lvs.vtp'.
[2022-05-27 09:44:56.914] [warning] Couldn't find file 'ring_distal_lvs.vtp'.
[2022-05-27 09:44:56.914] [warning] Couldn't find file 'metacarpal5_lvs.vtp'.
[2022-05-27 09:44:56.914] [warning] Couldn't find file 'little_proximal_lvs.vtp'.
[2022-05-27 09:44:56.914] [warning] Couldn't find file 'little_medial_lvs.vtp'.
[2022-05-27 09:44:56.914] [warning] Couldn't find file 'little_distal_lvs.vtp'.
[2022-05-27 09:44:56.914] [warning] Couldn't find file 'metacarpal1_lvs.vtp'.
[2022-05-27 09:44:56.914] [warning] Couldn't find file 'thumb_proximal_lvs.vtp'.
[2022-05-27 09:44:56.915] [warning] Couldn't find file 'thumb_distal_lvs.vtp'.
[2022-05-27 09:48:45.983] [info] Loaded model subject1_withMTJ_locked_scaled_custom from file C:\Users\u0150099\Documents\master_thesis\3dpredictsim\OpenSimModel\subject1\Fal_s1_mtjc2_sc_FDB2_MTc5_cspx10_oy2.osim
[2022-05-27 09:48:45.984] [warning] Couldn't find file 'sacrum.vtp'.
[2022-05-27 09:48:45.984] [warning] Couldn't find file 'pelvis.vtp'.
[2022-05-27 09:48:45.984] [warning] Couldn't find file 'l_pelvis.vtp'.
[2022-05-27 09:48:45.984] [warning] Couldn't find file 'femur_r.vtp'.
[2022-05-27 09:48:45.984] [warning] Couldn't find file 'tibia_r.vtp'.
[2022-05-27 09:48:45.984] [warning] Couldn't find file 'fibula_r.vtp'.
[2022-05-27 09:48:45.984] [warning] Couldn't find file 'talus_rv.vtp'.
[2022-05-27 09:48:45.984] [warning] Couldn't find file 'calcaneous_rv.vtp'.
[2022-05-27 09:48:45.985] [warning] Couldn't find file 'model_r_midfoot.stl'.
[2022-05-27 09:48:45.985] [warning] Couldn't find file 'model_r_forefoot.stl'.
[2022-05-27 09:48:45.985] [warning] Couldn't find file 'model_r_toes.stl'.
[2022-05-27 09:48:45.985] [warning] Couldn't find file 'femur_l.vtp'.
[2022-05-27 09:48:45.985] [warning] Couldn't find file 'tibia_l.vtp'.
[2022-05-27 09:48:45.985] [warning] Couldn't find file 'fibula_l.vtp'.
[2022-05-27 09:48:45.985] [warning] Couldn't find file 'talus_lv.vtp'.
[2022-05-27 09:48:45.985] [warning] Couldn't find file 'calcaneous_lv.vtp'.
[2022-05-27 09:48:45.985] [warning] Couldn't find file 'model_l_midfoot.stl'.
[2022-05-27 09:48:45.985] [warning] Couldn't find file 'model_l_forefoot.stl'.
[2022-05-27 09:48:45.985] [warning] Couldn't find file 'model_l_toes.stl'.
[2022-05-27 09:48:45.985] [warning] Couldn't find file 'hat_spine.vtp'.
[2022-05-27 09:48:45.985] [warning] Couldn't find file 'hat_jaw.vtp'.
[2022-05-27 09:48:45.985] [warning] Couldn't find file 'hat_skull.vtp'.
[2022-05-27 09:48:45.985] [warning] Couldn't find file 'hat_ribs_scap.vtp'.
[2022-05-27 09:48:45.985] [warning] Couldn't find file 'humerus_rv.vtp'.
[2022-05-27 09:48:45.986] [warning] Couldn't find file 'ulna_rv.vtp'.
[2022-05-27 09:48:45.986] [warning] Couldn't find file 'radius_rv.vtp'.
[2022-05-27 09:48:45.986] [warning] Couldn't find file 'pisiform_rvs.vtp'.
[2022-05-27 09:48:45.986] [warning] Couldn't find file 'lunate_rvs.vtp'.
[2022-05-27 09:48:45.986] [warning] Couldn't find file 'scaphoid_rvs.vtp'.
[2022-05-27 09:48:45.986] [warning] Couldn't find file 'triquetrum_rvs.vtp'.
[2022-05-27 09:48:45.986] [warning] Couldn't find file 'hamate_rvs.vtp'.
[2022-05-27 09:48:45.986] [warning] Couldn't find file 'capitate_rvs.vtp'.
[2022-05-27 09:48:45.986] [warning] Couldn't find file 'trapezoid_rvs.vtp'.
[2022-05-27 09:48:45.986] [warning] Couldn't find file 'trapezium_rvs.vtp'.
[2022-05-27 09:48:45.986] [warning] Couldn't find file 'metacarpal2_rvs.vtp'.
[2022-05-27 09:48:45.986] [warning] Couldn't find file 'index_proximal_rvs.vtp'.
[2022-05-27 09:48:45.986] [warning] Couldn't find file 'index_medial_rvs.vtp'.
[2022-05-27 09:48:45.986] [warning] Couldn't find file 'index_distal_rvs.vtp'.
[2022-05-27 09:48:45.986] [warning] Couldn't find file 'metacarpal3_rvs.vtp'.
[2022-05-27 09:48:45.986] [warning] Couldn't find file 'middle_proximal_rvs.vtp'.
[2022-05-27 09:48:45.986] [warning] Couldn't find file 'middle_medial_rvs.vtp'.
[2022-05-27 09:48:45.986] [warning] Couldn't find file 'middle_distal_rvs.vtp'.
[2022-05-27 09:48:45.987] [warning] Couldn't find file 'metacarpal4_rvs.vtp'.
[2022-05-27 09:48:45.987] [warning] Couldn't find file 'ring_proximal_rvs.vtp'.
[2022-05-27 09:48:45.987] [warning] Couldn't find file 'ring_medial_rvs.vtp'.
[2022-05-27 09:48:45.987] [warning] Couldn't find file 'ring_distal_rvs.vtp'.
[2022-05-27 09:48:45.987] [warning] Couldn't find file 'metacarpal5_rvs.vtp'.
[2022-05-27 09:48:45.987] [warning] Couldn't find file 'little_proximal_rvs.vtp'.
[2022-05-27 09:48:45.987] [warning] Couldn't find file 'little_medial_rvs.vtp'.
[2022-05-27 09:48:45.987] [warning] Couldn't find file 'little_distal_rvs.vtp'.
[2022-05-27 09:48:45.987] [warning] Couldn't find file 'metacarpal1_rvs.vtp'.
[2022-05-27 09:48:45.987] [warning] Couldn't find file 'thumb_proximal_rvs.vtp'.
[2022-05-27 09:48:45.987] [warning] Couldn't find file 'thumb_distal_rvs.vtp'.
[2022-05-27 09:48:45.987] [warning] Couldn't find file 'humerus_lv.vtp'.
[2022-05-27 09:48:45.987] [warning] Couldn't find file 'ulna_lv.vtp'.
[2022-05-27 09:48:45.987] [warning] Couldn't find file 'radius_lv.vtp'.
[2022-05-27 09:48:45.987] [warning] Couldn't find file 'pisiform_lvs.vtp'.
[2022-05-27 09:48:45.987] [warning] Couldn't find file 'lunate_lvs.vtp'.
[2022-05-27 09:48:45.987] [warning] Couldn't find file 'scaphoid_lvs.vtp'.
[2022-05-27 09:48:45.988] [warning] Couldn't find file 'triquetrum_lvs.vtp'.
[2022-05-27 09:48:45.988] [warning] Couldn't find file 'hamate_lvs.vtp'.
[2022-05-27 09:48:45.988] [warning] Couldn't find file 'capitate_lvs.vtp'.
[2022-05-27 09:48:45.988] [warning] Couldn't find file 'trapezoid_lvs.vtp'.
[2022-05-27 09:48:45.988] [warning] Couldn't find file 'trapezium_lvs.vtp'.
[2022-05-27 09:48:45.988] [warning] Couldn't find file 'metacarpal2_lvs.vtp'.
[2022-05-27 09:48:45.988] [warning] Couldn't find file 'index_proximal_lvs.vtp'.
[2022-05-27 09:48:45.988] [warning] Couldn't find file 'index_medial_lvs.vtp'.
[2022-05-27 09:48:45.988] [warning] Couldn't find file 'index_distal_lvs.vtp'.
[2022-05-27 09:48:45.988] [warning] Couldn't find file 'metacarpal3_lvs.vtp'.
[2022-05-27 09:48:45.988] [warning] Couldn't find file 'middle_proximal_lvs.vtp'.
[2022-05-27 09:48:45.988] [warning] Couldn't find file 'middle_medial_lvs.vtp'.
[2022-05-27 09:48:45.988] [warning] Couldn't find file 'middle_distal_lvs.vtp'.
[2022-05-27 09:48:45.988] [warning] Couldn't find file 'metacarpal4_lvs.vtp'.
[2022-05-27 09:48:45.988] [warning] Couldn't find file 'ring_proximal_lvs.vtp'.
[2022-05-27 09:48:45.988] [warning] Couldn't find file 'ring_medial_lvs.vtp'.
[2022-05-27 09:48:45.988] [warning] Couldn't find file 'ring_distal_lvs.vtp'.
[2022-05-27 09:48:45.988] [warning] Couldn't find file 'metacarpal5_lvs.vtp'.
[2022-05-27 09:48:45.989] [warning] Couldn't find file 'little_proximal_lvs.vtp'.
[2022-05-27 09:48:45.989] [warning] Couldn't find file 'little_medial_lvs.vtp'.
[2022-05-27 09:48:45.989] [warning] Couldn't find file 'little_distal_lvs.vtp'.
[2022-05-27 09:48:45.989] [warning] Couldn't find file 'metacarpal1_lvs.vtp'.
[2022-05-27 09:48:45.989] [warning] Couldn't find file 'thumb_proximal_lvs.vtp'.
[2022-05-27 09:48:45.989] [warning] Couldn't find file 'thumb_distal_lvs.vtp'.
[2022-05-27 09:48:46.449] [info] Loaded model subject1_withMTJ_locked_scaled_custom from file C:\Users\u0150099\Documents\master_thesis\3dpredictsim\OpenSimModel\subject1\Fal_s1_mtjc2_sc_FDB2_MTc5_cspx10_oy2.osim
[2022-05-27 09:48:46.449] [warning] Couldn't find file 'sacrum.vtp'.
[2022-05-27 09:48:46.450] [warning] Couldn't find file 'pelvis.vtp'.
[2022-05-27 09:48:46.450] [warning] Couldn't find file 'l_pelvis.vtp'.
[2022-05-27 09:48:46.450] [warning] Couldn't find file 'femur_r.vtp'.
[2022-05-27 09:48:46.450] [warning] Couldn't find file 'tibia_r.vtp'.
[2022-05-27 09:48:46.450] [warning] Couldn't find file 'fibula_r.vtp'.
[2022-05-27 09:48:46.450] [warning] Couldn't find file 'talus_rv.vtp'.
[2022-05-27 09:48:46.450] [warning] Couldn't find file 'calcaneous_rv.vtp'.
[2022-05-27 09:48:46.450] [warning] Couldn't find file 'model_r_midfoot.stl'.
[2022-05-27 09:48:46.450] [warning] Couldn't find file 'model_r_forefoot.stl'.
[2022-05-27 09:48:46.450] [warning] Couldn't find file 'model_r_toes.stl'.
[2022-05-27 09:48:46.450] [warning] Couldn't find file 'femur_l.vtp'.
[2022-05-27 09:48:46.450] [warning] Couldn't find file 'tibia_l.vtp'.
[2022-05-27 09:48:46.450] [warning] Couldn't find file 'fibula_l.vtp'.
[2022-05-27 09:48:46.450] [warning] Couldn't find file 'talus_lv.vtp'.
[2022-05-27 09:48:46.450] [warning] Couldn't find file 'calcaneous_lv.vtp'.
[2022-05-27 09:48:46.450] [warning] Couldn't find file 'model_l_midfoot.stl'.
[2022-05-27 09:48:46.451] [warning] Couldn't find file 'model_l_forefoot.stl'.
[2022-05-27 09:48:46.451] [warning] Couldn't find file 'model_l_toes.stl'.
[2022-05-27 09:48:46.451] [warning] Couldn't find file 'hat_spine.vtp'.
[2022-05-27 09:48:46.451] [warning] Couldn't find file 'hat_jaw.vtp'.
[2022-05-27 09:48:46.451] [warning] Couldn't find file 'hat_skull.vtp'.
[2022-05-27 09:48:46.451] [warning] Couldn't find file 'hat_ribs_scap.vtp'.
[2022-05-27 09:48:46.451] [warning] Couldn't find file 'humerus_rv.vtp'.
[2022-05-27 09:48:46.451] [warning] Couldn't find file 'ulna_rv.vtp'.
[2022-05-27 09:48:46.451] [warning] Couldn't find file 'radius_rv.vtp'.
[2022-05-27 09:48:46.451] [warning] Couldn't find file 'pisiform_rvs.vtp'.
[2022-05-27 09:48:46.451] [warning] Couldn't find file 'lunate_rvs.vtp'.
[2022-05-27 09:48:46.451] [warning] Couldn't find file 'scaphoid_rvs.vtp'.
[2022-05-27 09:48:46.451] [warning] Couldn't find file 'triquetrum_rvs.vtp'.
[2022-05-27 09:48:46.451] [warning] Couldn't find file 'hamate_rvs.vtp'.
[2022-05-27 09:48:46.451] [warning] Couldn't find file 'capitate_rvs.vtp'.
[2022-05-27 09:48:46.451] [warning] Couldn't find file 'trapezoid_rvs.vtp'.
[2022-05-27 09:48:46.451] [warning] Couldn't find file 'trapezium_rvs.vtp'.
[2022-05-27 09:48:46.452] [warning] Couldn't find file 'metacarpal2_rvs.vtp'.
[2022-05-27 09:48:46.452] [warning] Couldn't find file 'index_proximal_rvs.vtp'.
[2022-05-27 09:48:46.452] [warning] Couldn't find file 'index_medial_rvs.vtp'.
[2022-05-27 09:48:46.452] [warning] Couldn't find file 'index_distal_rvs.vtp'.
[2022-05-27 09:48:46.452] [warning] Couldn't find file 'metacarpal3_rvs.vtp'.
[2022-05-27 09:48:46.452] [warning] Couldn't find file 'middle_proximal_rvs.vtp'.
[2022-05-27 09:48:46.452] [warning] Couldn't find file 'middle_medial_rvs.vtp'.
[2022-05-27 09:48:46.452] [warning] Couldn't find file 'middle_distal_rvs.vtp'.
[2022-05-27 09:48:46.452] [warning] Couldn't find file 'metacarpal4_rvs.vtp'.
[2022-05-27 09:48:46.452] [warning] Couldn't find file 'ring_proximal_rvs.vtp'.
[2022-05-27 09:48:46.452] [warning] Couldn't find file 'ring_medial_rvs.vtp'.
[2022-05-27 09:48:46.452] [warning] Couldn't find file 'ring_distal_rvs.vtp'.
[2022-05-27 09:48:46.452] [warning] Couldn't find file 'metacarpal5_rvs.vtp'.
[2022-05-27 09:48:46.452] [warning] Couldn't find file 'little_proximal_rvs.vtp'.
[2022-05-27 09:48:46.452] [warning] Couldn't find file 'little_medial_rvs.vtp'.
[2022-05-27 09:48:46.452] [warning] Couldn't find file 'little_distal_rvs.vtp'.
[2022-05-27 09:48:46.452] [warning] Couldn't find file 'metacarpal1_rvs.vtp'.
[2022-05-27 09:48:46.452] [warning] Couldn't find file 'thumb_proximal_rvs.vtp'.
[2022-05-27 09:48:46.453] [warning] Couldn't find file 'thumb_distal_rvs.vtp'.
[2022-05-27 09:48:46.453] [warning] Couldn't find file 'humerus_lv.vtp'.
[2022-05-27 09:48:46.453] [warning] Couldn't find file 'ulna_lv.vtp'.
[2022-05-27 09:48:46.453] [warning] Couldn't find file 'radius_lv.vtp'.
[2022-05-27 09:48:46.453] [warning] Couldn't find file 'pisiform_lvs.vtp'.
[2022-05-27 09:48:46.453] [warning] Couldn't find file 'lunate_lvs.vtp'.
[2022-05-27 09:48:46.453] [warning] Couldn't find file 'scaphoid_lvs.vtp'.
[2022-05-27 09:48:46.453] [warning] Couldn't find file 'triquetrum_lvs.vtp'.
[2022-05-27 09:48:46.453] [warning] Couldn't find file 'hamate_lvs.vtp'.
[2022-05-27 09:48:46.453] [warning] Couldn't find file 'capitate_lvs.vtp'.
[2022-05-27 09:48:46.453] [warning] Couldn't find file 'trapezoid_lvs.vtp'.
[2022-05-27 09:48:46.453] [warning] Couldn't find file 'trapezium_lvs.vtp'.
[2022-05-27 09:48:46.453] [warning] Couldn't find file 'metacarpal2_lvs.vtp'.
[2022-05-27 09:48:46.453] [warning] Couldn't find file 'index_proximal_lvs.vtp'.
[2022-05-27 09:48:46.453] [warning] Couldn't find file 'index_medial_lvs.vtp'.
[2022-05-27 09:48:46.453] [warning] Couldn't find file 'index_distal_lvs.vtp'.
[2022-05-27 09:48:46.453] [warning] Couldn't find file 'metacarpal3_lvs.vtp'.
[2022-05-27 09:48:46.454] [warning] Couldn't find file 'middle_proximal_lvs.vtp'.
[2022-05-27 09:48:46.454] [warning] Couldn't find file 'middle_medial_lvs.vtp'.
[2022-05-27 09:48:46.454] [warning] Couldn't find file 'middle_distal_lvs.vtp'.
[2022-05-27 09:48:46.454] [warning] Couldn't find file 'metacarpal4_lvs.vtp'.
[2022-05-27 09:48:46.454] [warning] Couldn't find file 'ring_proximal_lvs.vtp'.
[2022-05-27 09:48:46.454] [warning] Couldn't find file 'ring_medial_lvs.vtp'.
[2022-05-27 09:48:46.454] [warning] Couldn't find file 'ring_distal_lvs.vtp'.
[2022-05-27 09:48:46.454] [warning] Couldn't find file 'metacarpal5_lvs.vtp'.
[2022-05-27 09:48:46.454] [warning] Couldn't find file 'little_proximal_lvs.vtp'.
[2022-05-27 09:48:46.454] [warning] Couldn't find file 'little_medial_lvs.vtp'.
[2022-05-27 09:48:46.454] [warning] Couldn't find file 'little_distal_lvs.vtp'.
[2022-05-27 09:48:46.454] [warning] Couldn't find file 'metacarpal1_lvs.vtp'.
[2022-05-27 09:48:46.454] [warning] Couldn't find file 'thumb_proximal_lvs.vtp'.
[2022-05-27 09:48:46.454] [warning] Couldn't find file 'thumb_distal_lvs.vtp'.
[2022-05-27 09:58:47.475] [info] Loaded model subject1_withMTJ_locked_scaled_custom from file C:\Users\u0150099\Documents\master_thesis\3dpredictsim\OpenSimModel\subject1\Fal_s1_mtjc2_sc_MTc5_cspx10_oy2.osim
[2022-05-27 09:58:47.475] [warning] Couldn't find file 'sacrum.vtp'.
[2022-05-27 09:58:47.475] [warning] Couldn't find file 'pelvis.vtp'.
[2022-05-27 09:58:47.475] [warning] Couldn't find file 'l_pelvis.vtp'.
[2022-05-27 09:58:47.475] [warning] Couldn't find file 'femur_r.vtp'.
[2022-05-27 09:58:47.475] [warning] Couldn't find file 'tibia_r.vtp'.
[2022-05-27 09:58:47.476] [warning] Couldn't find file 'fibula_r.vtp'.
[2022-05-27 09:58:47.476] [warning] Couldn't find file 'talus_rv.vtp'.
[2022-05-27 09:58:47.476] [warning] Couldn't find file 'calcaneous_rv.vtp'.
[2022-05-27 09:58:47.476] [warning] Couldn't find file 'model_r_midfoot.stl'.
[2022-05-27 09:58:47.476] [warning] Couldn't find file 'model_r_forefoot.stl'.
[2022-05-27 09:58:47.476] [warning] Couldn't find file 'model_r_toes.stl'.
[2022-05-27 09:58:47.476] [warning] Couldn't find file 'femur_l.vtp'.
[2022-05-27 09:58:47.476] [warning] Couldn't find file 'tibia_l.vtp'.
[2022-05-27 09:58:47.476] [warning] Couldn't find file 'fibula_l.vtp'.
[2022-05-27 09:58:47.476] [warning] Couldn't find file 'talus_lv.vtp'.
[2022-05-27 09:58:47.476] [warning] Couldn't find file 'calcaneous_lv.vtp'.
[2022-05-27 09:58:47.476] [warning] Couldn't find file 'model_l_midfoot.stl'.
[2022-05-27 09:58:47.476] [warning] Couldn't find file 'model_l_forefoot.stl'.
[2022-05-27 09:58:47.477] [warning] Couldn't find file 'model_l_toes.stl'.
[2022-05-27 09:58:47.477] [warning] Couldn't find file 'hat_spine.vtp'.
[2022-05-27 09:58:47.477] [warning] Couldn't find file 'hat_jaw.vtp'.
[2022-05-27 09:58:47.477] [warning] Couldn't find file 'hat_skull.vtp'.
[2022-05-27 09:58:47.477] [warning] Couldn't find file 'hat_ribs_scap.vtp'.
[2022-05-27 09:58:47.477] [warning] Couldn't find file 'humerus_rv.vtp'.
[2022-05-27 09:58:47.477] [warning] Couldn't find file 'ulna_rv.vtp'.
[2022-05-27 09:58:47.477] [warning] Couldn't find file 'radius_rv.vtp'.
[2022-05-27 09:58:47.477] [warning] Couldn't find file 'pisiform_rvs.vtp'.
[2022-05-27 09:58:47.477] [warning] Couldn't find file 'lunate_rvs.vtp'.
[2022-05-27 09:58:47.477] [warning] Couldn't find file 'scaphoid_rvs.vtp'.
[2022-05-27 09:58:47.477] [warning] Couldn't find file 'triquetrum_rvs.vtp'.
[2022-05-27 09:58:47.477] [warning] Couldn't find file 'hamate_rvs.vtp'.
[2022-05-27 09:58:47.477] [warning] Couldn't find file 'capitate_rvs.vtp'.
[2022-05-27 09:58:47.477] [warning] Couldn't find file 'trapezoid_rvs.vtp'.
[2022-05-27 09:58:47.478] [warning] Couldn't find file 'trapezium_rvs.vtp'.
[2022-05-27 09:58:47.478] [warning] Couldn't find file 'metacarpal2_rvs.vtp'.
[2022-05-27 09:58:47.478] [warning] Couldn't find file 'index_proximal_rvs.vtp'.
[2022-05-27 09:58:47.478] [warning] Couldn't find file 'index_medial_rvs.vtp'.
[2022-05-27 09:58:47.478] [warning] Couldn't find file 'index_distal_rvs.vtp'.
[2022-05-27 09:58:47.478] [warning] Couldn't find file 'metacarpal3_rvs.vtp'.
[2022-05-27 09:58:47.478] [warning] Couldn't find file 'middle_proximal_rvs.vtp'.
[2022-05-27 09:58:47.478] [warning] Couldn't find file 'middle_medial_rvs.vtp'.
[2022-05-27 09:58:47.478] [warning] Couldn't find file 'middle_distal_rvs.vtp'.
[2022-05-27 09:58:47.478] [warning] Couldn't find file 'metacarpal4_rvs.vtp'.
[2022-05-27 09:58:47.478] [warning] Couldn't find file 'ring_proximal_rvs.vtp'.
[2022-05-27 09:58:47.478] [warning] Couldn't find file 'ring_medial_rvs.vtp'.
[2022-05-27 09:58:47.478] [warning] Couldn't find file 'ring_distal_rvs.vtp'.
[2022-05-27 09:58:47.478] [warning] Couldn't find file 'metacarpal5_rvs.vtp'.
[2022-05-27 09:58:47.478] [warning] Couldn't find file 'little_proximal_rvs.vtp'.
[2022-05-27 09:58:47.479] [warning] Couldn't find file 'little_medial_rvs.vtp'.
[2022-05-27 09:58:47.479] [warning] Couldn't find file 'little_distal_rvs.vtp'.
[2022-05-27 09:58:47.479] [warning] Couldn't find file 'metacarpal1_rvs.vtp'.
[2022-05-27 09:58:47.479] [warning] Couldn't find file 'thumb_proximal_rvs.vtp'.
[2022-05-27 09:58:47.479] [warning] Couldn't find file 'thumb_distal_rvs.vtp'.
[2022-05-27 09:58:47.479] [warning] Couldn't find file 'humerus_lv.vtp'.
[2022-05-27 09:58:47.479] [warning] Couldn't find file 'ulna_lv.vtp'.
[2022-05-27 09:58:47.479] [warning] Couldn't find file 'radius_lv.vtp'.
[2022-05-27 09:58:47.479] [warning] Couldn't find file 'pisiform_lvs.vtp'.
[2022-05-27 09:58:47.479] [warning] Couldn't find file 'lunate_lvs.vtp'.
[2022-05-27 09:58:47.479] [warning] Couldn't find file 'scaphoid_lvs.vtp'.
[2022-05-27 09:58:47.479] [warning] Couldn't find file 'triquetrum_lvs.vtp'.
[2022-05-27 09:58:47.479] [warning] Couldn't find file 'hamate_lvs.vtp'.
[2022-05-27 09:58:47.479] [warning] Couldn't find file 'capitate_lvs.vtp'.
[2022-05-27 09:58:47.480] [warning] Couldn't find file 'trapezoid_lvs.vtp'.
[2022-05-27 09:58:47.480] [warning] Couldn't find file 'trapezium_lvs.vtp'.
[2022-05-27 09:58:47.480] [warning] Couldn't find file 'metacarpal2_lvs.vtp'.
[2022-05-27 09:58:47.480] [warning] Couldn't find file 'index_proximal_lvs.vtp'.
[2022-05-27 09:58:47.480] [warning] Couldn't find file 'index_medial_lvs.vtp'.
[2022-05-27 09:58:47.480] [warning] Couldn't find file 'index_distal_lvs.vtp'.
[2022-05-27 09:58:47.480] [warning] Couldn't find file 'metacarpal3_lvs.vtp'.
[2022-05-27 09:58:47.480] [warning] Couldn't find file 'middle_proximal_lvs.vtp'.
[2022-05-27 09:58:47.480] [warning] Couldn't find file 'middle_medial_lvs.vtp'.
[2022-05-27 09:58:47.480] [warning] Couldn't find file 'middle_distal_lvs.vtp'.
[2022-05-27 09:58:47.480] [warning] Couldn't find file 'metacarpal4_lvs.vtp'.
[2022-05-27 09:58:47.480] [warning] Couldn't find file 'ring_proximal_lvs.vtp'.
[2022-05-27 09:58:47.480] [warning] Couldn't find file 'ring_medial_lvs.vtp'.
[2022-05-27 09:58:47.480] [warning] Couldn't find file 'ring_distal_lvs.vtp'.
[2022-05-27 09:58:47.480] [warning] Couldn't find file 'metacarpal5_lvs.vtp'.
[2022-05-27 09:58:47.480] [warning] Couldn't find file 'little_proximal_lvs.vtp'.
[2022-05-27 09:58:47.481] [warning] Couldn't find file 'little_medial_lvs.vtp'.
[2022-05-27 09:58:47.481] [warning] Couldn't find file 'little_distal_lvs.vtp'.
[2022-05-27 09:58:47.481] [warning] Couldn't find file 'metacarpal1_lvs.vtp'.
[2022-05-27 09:58:47.481] [warning] Couldn't find file 'thumb_proximal_lvs.vtp'.
[2022-05-27 09:58:47.481] [warning] Couldn't find file 'thumb_distal_lvs.vtp'.
[2022-05-27 10:17:40.765] [info] Loaded model subject1_withMTJ_locked_scaled_custom from file C:\Users\u0150099\Documents\master_thesis\3dpredictsim\OpenSimModel\subject1\Fal_s1_mtjc2_sc_FDB2_MTc5_cspx10_oy2.osim
[2022-05-27 10:17:40.765] [warning] Couldn't find file 'sacrum.vtp'.
[2022-05-27 10:17:40.765] [warning] Couldn't find file 'pelvis.vtp'.
[2022-05-27 10:17:40.765] [warning] Couldn't find file 'l_pelvis.vtp'.
[2022-05-27 10:17:40.765] [warning] Couldn't find file 'femur_r.vtp'.
[2022-05-27 10:17:40.765] [warning] Couldn't find file 'tibia_r.vtp'.
[2022-05-27 10:17:40.765] [warning] Couldn't find file 'fibula_r.vtp'.
[2022-05-27 10:17:40.766] [warning] Couldn't find file 'talus_rv.vtp'.
[2022-05-27 10:17:40.766] [warning] Couldn't find file 'calcaneous_rv.vtp'.
[2022-05-27 10:17:40.766] [warning] Couldn't find file 'model_r_midfoot.stl'.
[2022-05-27 10:17:40.766] [warning] Couldn't find file 'model_r_forefoot.stl'.
[2022-05-27 10:17:40.766] [warning] Couldn't find file 'model_r_toes.stl'.
[2022-05-27 10:17:40.766] [warning] Couldn't find file 'femur_l.vtp'.
[2022-05-27 10:17:40.766] [warning] Couldn't find file 'tibia_l.vtp'.
[2022-05-27 10:17:40.766] [warning] Couldn't find file 'fibula_l.vtp'.
[2022-05-27 10:17:40.766] [warning] Couldn't find file 'talus_lv.vtp'.
[2022-05-27 10:17:40.766] [warning] Couldn't find file 'calcaneous_lv.vtp'.
[2022-05-27 10:17:40.766] [warning] Couldn't find file 'model_l_midfoot.stl'.
[2022-05-27 10:17:40.766] [warning] Couldn't find file 'model_l_forefoot.stl'.
[2022-05-27 10:17:40.766] [warning] Couldn't find file 'model_l_toes.stl'.
[2022-05-27 10:17:40.766] [warning] Couldn't find file 'hat_spine.vtp'.
[2022-05-27 10:17:40.766] [warning] Couldn't find file 'hat_jaw.vtp'.
[2022-05-27 10:17:40.766] [warning] Couldn't find file 'hat_skull.vtp'.
[2022-05-27 10:17:40.766] [warning] Couldn't find file 'hat_ribs_scap.vtp'.
[2022-05-27 10:17:40.767] [warning] Couldn't find file 'humerus_rv.vtp'.
[2022-05-27 10:17:40.767] [warning] Couldn't find file 'ulna_rv.vtp'.
[2022-05-27 10:17:40.767] [warning] Couldn't find file 'radius_rv.vtp'.
[2022-05-27 10:17:40.767] [warning] Couldn't find file 'pisiform_rvs.vtp'.
[2022-05-27 10:17:40.767] [warning] Couldn't find file 'lunate_rvs.vtp'.
[2022-05-27 10:17:40.767] [warning] Couldn't find file 'scaphoid_rvs.vtp'.
[2022-05-27 10:17:40.767] [warning] Couldn't find file 'triquetrum_rvs.vtp'.
[2022-05-27 10:17:40.767] [warning] Couldn't find file 'hamate_rvs.vtp'.
[2022-05-27 10:17:40.767] [warning] Couldn't find file 'capitate_rvs.vtp'.
[2022-05-27 10:17:40.767] [warning] Couldn't find file 'trapezoid_rvs.vtp'.
[2022-05-27 10:17:40.767] [warning] Couldn't find file 'trapezium_rvs.vtp'.
[2022-05-27 10:17:40.767] [warning] Couldn't find file 'metacarpal2_rvs.vtp'.
[2022-05-27 10:17:40.767] [warning] Couldn't find file 'index_proximal_rvs.vtp'.
[2022-05-27 10:17:40.767] [warning] Couldn't find file 'index_medial_rvs.vtp'.
[2022-05-27 10:17:40.767] [warning] Couldn't find file 'index_distal_rvs.vtp'.
[2022-05-27 10:17:40.767] [warning] Couldn't find file 'metacarpal3_rvs.vtp'.
[2022-05-27 10:17:40.767] [warning] Couldn't find file 'middle_proximal_rvs.vtp'.
[2022-05-27 10:17:40.767] [warning] Couldn't find file 'middle_medial_rvs.vtp'.
[2022-05-27 10:17:40.767] [warning] Couldn't find file 'middle_distal_rvs.vtp'.
[2022-05-27 10:17:40.768] [warning] Couldn't find file 'metacarpal4_rvs.vtp'.
[2022-05-27 10:17:40.768] [warning] Couldn't find file 'ring_proximal_rvs.vtp'.
[2022-05-27 10:17:40.768] [warning] Couldn't find file 'ring_medial_rvs.vtp'.
[2022-05-27 10:17:40.768] [warning] Couldn't find file 'ring_distal_rvs.vtp'.
[2022-05-27 10:17:40.768] [warning] Couldn't find file 'metacarpal5_rvs.vtp'.
[2022-05-27 10:17:40.768] [warning] Couldn't find file 'little_proximal_rvs.vtp'.
[2022-05-27 10:17:40.768] [warning] Couldn't find file 'little_medial_rvs.vtp'.
[2022-05-27 10:17:40.768] [warning] Couldn't find file 'little_distal_rvs.vtp'.
[2022-05-27 10:17:40.768] [warning] Couldn't find file 'metacarpal1_rvs.vtp'.
[2022-05-27 10:17:40.768] [warning] Couldn't find file 'thumb_proximal_rvs.vtp'.
[2022-05-27 10:17:40.768] [warning] Couldn't find file 'thumb_distal_rvs.vtp'.
[2022-05-27 10:17:40.768] [warning] Couldn't find file 'humerus_lv.vtp'.
[2022-05-27 10:17:40.768] [warning] Couldn't find file 'ulna_lv.vtp'.
[2022-05-27 10:17:40.768] [warning] Couldn't find file 'radius_lv.vtp'.
[2022-05-27 10:17:40.768] [warning] Couldn't find file 'pisiform_lvs.vtp'.
[2022-05-27 10:17:40.768] [warning] Couldn't find file 'lunate_lvs.vtp'.
[2022-05-27 10:17:40.768] [warning] Couldn't find file 'scaphoid_lvs.vtp'.
[2022-05-27 10:17:40.768] [warning] Couldn't find file 'triquetrum_lvs.vtp'.
[2022-05-27 10:17:40.769] [warning] Couldn't find file 'hamate_lvs.vtp'.
[2022-05-27 10:17:40.769] [warning] Couldn't find file 'capitate_lvs.vtp'.
[2022-05-27 10:17:40.769] [warning] Couldn't find file 'trapezoid_lvs.vtp'.
[2022-05-27 10:17:40.769] [warning] Couldn't find file 'trapezium_lvs.vtp'.
[2022-05-27 10:17:40.769] [warning] Couldn't find file 'metacarpal2_lvs.vtp'.
[2022-05-27 10:17:40.769] [warning] Couldn't find file 'index_proximal_lvs.vtp'.
[2022-05-27 10:17:40.769] [warning] Couldn't find file 'index_medial_lvs.vtp'.
[2022-05-27 10:17:40.769] [warning] Couldn't find file 'index_distal_lvs.vtp'.
[2022-05-27 10:17:40.769] [warning] Couldn't find file 'metacarpal3_lvs.vtp'.
[2022-05-27 10:17:40.769] [warning] Couldn't find file 'middle_proximal_lvs.vtp'.
[2022-05-27 10:17:40.769] [warning] Couldn't find file 'middle_medial_lvs.vtp'.
[2022-05-27 10:17:40.769] [warning] Couldn't find file 'middle_distal_lvs.vtp'.
[2022-05-27 10:17:40.769] [warning] Couldn't find file 'metacarpal4_lvs.vtp'.
[2022-05-27 10:17:40.769] [warning] Couldn't find file 'ring_proximal_lvs.vtp'.
[2022-05-27 10:17:40.769] [warning] Couldn't find file 'ring_medial_lvs.vtp'.
[2022-05-27 10:17:40.769] [warning] Couldn't find file 'ring_distal_lvs.vtp'.
[2022-05-27 10:17:40.769] [warning] Couldn't find file 'metacarpal5_lvs.vtp'.
[2022-05-27 10:17:40.769] [warning] Couldn't find file 'little_proximal_lvs.vtp'.
[2022-05-27 10:17:40.769] [warning] Couldn't find file 'little_medial_lvs.vtp'.
[2022-05-27 10:17:40.770] [warning] Couldn't find file 'little_distal_lvs.vtp'.
[2022-05-27 10:17:40.770] [warning] Couldn't find file 'metacarpal1_lvs.vtp'.
[2022-05-27 10:17:40.770] [warning] Couldn't find file 'thumb_proximal_lvs.vtp'.
[2022-05-27 10:17:40.770] [warning] Couldn't find file 'thumb_distal_lvs.vtp'.
[2022-05-27 10:17:41.223] [info] Loaded model subject1_withMTJ_locked_scaled_custom from file C:\Users\u0150099\Documents\master_thesis\3dpredictsim\OpenSimModel\subject1\Fal_s1_mtjc2_sc_FDB2_MTc5_cspx10_oy2.osim
[2022-05-27 10:17:41.223] [warning] Couldn't find file 'sacrum.vtp'.
[2022-05-27 10:17:41.224] [warning] Couldn't find file 'pelvis.vtp'.
[2022-05-27 10:17:41.224] [warning] Couldn't find file 'l_pelvis.vtp'.
[2022-05-27 10:17:41.224] [warning] Couldn't find file 'femur_r.vtp'.
[2022-05-27 10:17:41.224] [warning] Couldn't find file 'tibia_r.vtp'.
[2022-05-27 10:17:41.224] [warning] Couldn't find file 'fibula_r.vtp'.
[2022-05-27 10:17:41.224] [warning] Couldn't find file 'talus_rv.vtp'.
[2022-05-27 10:17:41.224] [warning] Couldn't find file 'calcaneous_rv.vtp'.
[2022-05-27 10:17:41.224] [warning] Couldn't find file 'model_r_midfoot.stl'.
[2022-05-27 10:17:41.224] [warning] Couldn't find file 'model_r_forefoot.stl'.
[2022-05-27 10:17:41.224] [warning] Couldn't find file 'model_r_toes.stl'.
[2022-05-27 10:17:41.224] [warning] Couldn't find file 'femur_l.vtp'.
[2022-05-27 10:17:41.224] [warning] Couldn't find file 'tibia_l.vtp'.
[2022-05-27 10:17:41.224] [warning] Couldn't find file 'fibula_l.vtp'.
[2022-05-27 10:17:41.224] [warning] Couldn't find file 'talus_lv.vtp'.
[2022-05-27 10:17:41.224] [warning] Couldn't find file 'calcaneous_lv.vtp'.
[2022-05-27 10:17:41.224] [warning] Couldn't find file 'model_l_midfoot.stl'.
[2022-05-27 10:17:41.225] [warning] Couldn't find file 'model_l_forefoot.stl'.
[2022-05-27 10:17:41.225] [warning] Couldn't find file 'model_l_toes.stl'.
[2022-05-27 10:17:41.225] [warning] Couldn't find file 'hat_spine.vtp'.
[2022-05-27 10:17:41.225] [warning] Couldn't find file 'hat_jaw.vtp'.
[2022-05-27 10:17:41.225] [warning] Couldn't find file 'hat_skull.vtp'.
[2022-05-27 10:17:41.225] [warning] Couldn't find file 'hat_ribs_scap.vtp'.
[2022-05-27 10:17:41.225] [warning] Couldn't find file 'humerus_rv.vtp'.
[2022-05-27 10:17:41.225] [warning] Couldn't find file 'ulna_rv.vtp'.
[2022-05-27 10:17:41.225] [warning] Couldn't find file 'radius_rv.vtp'.
[2022-05-27 10:17:41.225] [warning] Couldn't find file 'pisiform_rvs.vtp'.
[2022-05-27 10:17:41.225] [warning] Couldn't find file 'lunate_rvs.vtp'.
[2022-05-27 10:17:41.225] [warning] Couldn't find file 'scaphoid_rvs.vtp'.
[2022-05-27 10:17:41.225] [warning] Couldn't find file 'triquetrum_rvs.vtp'.
[2022-05-27 10:17:41.225] [warning] Couldn't find file 'hamate_rvs.vtp'.
[2022-05-27 10:17:41.225] [warning] Couldn't find file 'capitate_rvs.vtp'.
[2022-05-27 10:17:41.225] [warning] Couldn't find file 'trapezoid_rvs.vtp'.
[2022-05-27 10:17:41.225] [warning] Couldn't find file 'trapezium_rvs.vtp'.
[2022-05-27 10:17:41.226] [warning] Couldn't find file 'metacarpal2_rvs.vtp'.
[2022-05-27 10:17:41.226] [warning] Couldn't find file 'index_proximal_rvs.vtp'.
[2022-05-27 10:17:41.226] [warning] Couldn't find file 'index_medial_rvs.vtp'.
[2022-05-27 10:17:41.226] [warning] Couldn't find file 'index_distal_rvs.vtp'.
[2022-05-27 10:17:41.226] [warning] Couldn't find file 'metacarpal3_rvs.vtp'.
[2022-05-27 10:17:41.226] [warning] Couldn't find file 'middle_proximal_rvs.vtp'.
[2022-05-27 10:17:41.226] [warning] Couldn't find file 'middle_medial_rvs.vtp'.
[2022-05-27 10:17:41.226] [warning] Couldn't find file 'middle_distal_rvs.vtp'.
[2022-05-27 10:17:41.226] [warning] Couldn't find file 'metacarpal4_rvs.vtp'.
[2022-05-27 10:17:41.226] [warning] Couldn't find file 'ring_proximal_rvs.vtp'.
[2022-05-27 10:17:41.226] [warning] Couldn't find file 'ring_medial_rvs.vtp'.
[2022-05-27 10:17:41.226] [warning] Couldn't find file 'ring_distal_rvs.vtp'.
[2022-05-27 10:17:41.226] [warning] Couldn't find file 'metacarpal5_rvs.vtp'.
[2022-05-27 10:17:41.226] [warning] Couldn't find file 'little_proximal_rvs.vtp'.
[2022-05-27 10:17:41.226] [warning] Couldn't find file 'little_medial_rvs.vtp'.
[2022-05-27 10:17:41.226] [warning] Couldn't find file 'little_distal_rvs.vtp'.
[2022-05-27 10:17:41.226] [warning] Couldn't find file 'metacarpal1_rvs.vtp'.
[2022-05-27 10:17:41.227] [warning] Couldn't find file 'thumb_proximal_rvs.vtp'.
[2022-05-27 10:17:41.227] [warning] Couldn't find file 'thumb_distal_rvs.vtp'.
[2022-05-27 10:17:41.227] [warning] Couldn't find file 'humerus_lv.vtp'.
[2022-05-27 10:17:41.227] [warning] Couldn't find file 'ulna_lv.vtp'.
[2022-05-27 10:17:41.227] [warning] Couldn't find file 'radius_lv.vtp'.
[2022-05-27 10:17:41.227] [warning] Couldn't find file 'pisiform_lvs.vtp'.
[2022-05-27 10:17:41.227] [warning] Couldn't find file 'lunate_lvs.vtp'.
[2022-05-27 10:17:41.227] [warning] Couldn't find file 'scaphoid_lvs.vtp'.
[2022-05-27 10:17:41.227] [warning] Couldn't find file 'triquetrum_lvs.vtp'.
[2022-05-27 10:17:41.227] [warning] Couldn't find file 'hamate_lvs.vtp'.
[2022-05-27 10:17:41.227] [warning] Couldn't find file 'capitate_lvs.vtp'.
[2022-05-27 10:17:41.227] [warning] Couldn't find file 'trapezoid_lvs.vtp'.
[2022-05-27 10:17:41.227] [warning] Couldn't find file 'trapezium_lvs.vtp'.
[2022-05-27 10:17:41.227] [warning] Couldn't find file 'metacarpal2_lvs.vtp'.
[2022-05-27 10:17:41.227] [warning] Couldn't find file 'index_proximal_lvs.vtp'.
[2022-05-27 10:17:41.227] [warning] Couldn't find file 'index_medial_lvs.vtp'.
[2022-05-27 10:17:41.227] [warning] Couldn't find file 'index_distal_lvs.vtp'.
[2022-05-27 10:17:41.227] [warning] Couldn't find file 'metacarpal3_lvs.vtp'.
[2022-05-27 10:17:41.228] [warning] Couldn't find file 'middle_proximal_lvs.vtp'.
[2022-05-27 10:17:41.228] [warning] Couldn't find file 'middle_medial_lvs.vtp'.
[2022-05-27 10:17:41.228] [warning] Couldn't find file 'middle_distal_lvs.vtp'.
[2022-05-27 10:17:41.228] [warning] Couldn't find file 'metacarpal4_lvs.vtp'.
[2022-05-27 10:17:41.228] [warning] Couldn't find file 'ring_proximal_lvs.vtp'.
[2022-05-27 10:17:41.228] [warning] Couldn't find file 'ring_medial_lvs.vtp'.
[2022-05-27 10:17:41.228] [warning] Couldn't find file 'ring_distal_lvs.vtp'.
[2022-05-27 10:17:41.228] [warning] Couldn't find file 'metacarpal5_lvs.vtp'.
[2022-05-27 10:17:41.228] [warning] Couldn't find file 'little_proximal_lvs.vtp'.
[2022-05-27 10:17:41.228] [warning] Couldn't find file 'little_medial_lvs.vtp'.
[2022-05-27 10:17:41.228] [warning] Couldn't find file 'little_distal_lvs.vtp'.
[2022-05-27 10:17:41.228] [warning] Couldn't find file 'metacarpal1_lvs.vtp'.
[2022-05-27 10:17:41.228] [warning] Couldn't find file 'thumb_proximal_lvs.vtp'.
[2022-05-27 10:17:41.228] [warning] Couldn't find file 'thumb_distal_lvs.vtp'.
[2022-05-27 10:22:50.150] [info] Loaded model subject1_withMTJ_locked_scaled_custom from file C:\Users\u0150099\Documents\master_thesis\3dpredictsim\OpenSimModel\subject1\Fal_s1_mtjc2_sc_FDB2_MTc5_cspx10_oy2.osim
[2022-05-27 10:22:50.151] [warning] Couldn't find file 'sacrum.vtp'.
[2022-05-27 10:22:50.151] [warning] Couldn't find file 'pelvis.vtp'.
[2022-05-27 10:22:50.151] [warning] Couldn't find file 'l_pelvis.vtp'.
[2022-05-27 10:22:50.151] [warning] Couldn't find file 'femur_r.vtp'.
[2022-05-27 10:22:50.151] [warning] Couldn't find file 'tibia_r.vtp'.
[2022-05-27 10:22:50.151] [warning] Couldn't find file 'fibula_r.vtp'.
[2022-05-27 10:22:50.151] [warning] Couldn't find file 'talus_rv.vtp'.
[2022-05-27 10:22:50.151] [warning] Couldn't find file 'calcaneous_rv.vtp'.
[2022-05-27 10:22:50.151] [warning] Couldn't find file 'model_r_midfoot.stl'.
[2022-05-27 10:22:50.151] [warning] Couldn't find file 'model_r_forefoot.stl'.
[2022-05-27 10:22:50.151] [warning] Couldn't find file 'model_r_toes.stl'.
[2022-05-27 10:22:50.151] [warning] Couldn't find file 'femur_l.vtp'.
[2022-05-27 10:22:50.152] [warning] Couldn't find file 'tibia_l.vtp'.
[2022-05-27 10:22:50.152] [warning] Couldn't find file 'fibula_l.vtp'.
[2022-05-27 10:22:50.152] [warning] Couldn't find file 'talus_lv.vtp'.
[2022-05-27 10:22:50.152] [warning] Couldn't find file 'calcaneous_lv.vtp'.
[2022-05-27 10:22:50.152] [warning] Couldn't find file 'model_l_midfoot.stl'.
[2022-05-27 10:22:50.152] [warning] Couldn't find file 'model_l_forefoot.stl'.
[2022-05-27 10:22:50.152] [warning] Couldn't find file 'model_l_toes.stl'.
[2022-05-27 10:22:50.152] [warning] Couldn't find file 'hat_spine.vtp'.
[2022-05-27 10:22:50.152] [warning] Couldn't find file 'hat_jaw.vtp'.
[2022-05-27 10:22:50.152] [warning] Couldn't find file 'hat_skull.vtp'.
[2022-05-27 10:22:50.152] [warning] Couldn't find file 'hat_ribs_scap.vtp'.
[2022-05-27 10:22:50.152] [warning] Couldn't find file 'humerus_rv.vtp'.
[2022-05-27 10:22:50.152] [warning] Couldn't find file 'ulna_rv.vtp'.
[2022-05-27 10:22:50.152] [warning] Couldn't find file 'radius_rv.vtp'.
[2022-05-27 10:22:50.152] [warning] Couldn't find file 'pisiform_rvs.vtp'.
[2022-05-27 10:22:50.152] [warning] Couldn't find file 'lunate_rvs.vtp'.
[2022-05-27 10:22:50.153] [warning] Couldn't find file 'scaphoid_rvs.vtp'.
[2022-05-27 10:22:50.153] [warning] Couldn't find file 'triquetrum_rvs.vtp'.
[2022-05-27 10:22:50.153] [warning] Couldn't find file 'hamate_rvs.vtp'.
[2022-05-27 10:22:50.153] [warning] Couldn't find file 'capitate_rvs.vtp'.
[2022-05-27 10:22:50.153] [warning] Couldn't find file 'trapezoid_rvs.vtp'.
[2022-05-27 10:22:50.153] [warning] Couldn't find file 'trapezium_rvs.vtp'.
[2022-05-27 10:22:50.153] [warning] Couldn't find file 'metacarpal2_rvs.vtp'.
[2022-05-27 10:22:50.153] [warning] Couldn't find file 'index_proximal_rvs.vtp'.
[2022-05-27 10:22:50.153] [warning] Couldn't find file 'index_medial_rvs.vtp'.
[2022-05-27 10:22:50.153] [warning] Couldn't find file 'index_distal_rvs.vtp'.
[2022-05-27 10:22:50.153] [warning] Couldn't find file 'metacarpal3_rvs.vtp'.
[2022-05-27 10:22:50.153] [warning] Couldn't find file 'middle_proximal_rvs.vtp'.
[2022-05-27 10:22:50.153] [warning] Couldn't find file 'middle_medial_rvs.vtp'.
[2022-05-27 10:22:50.153] [warning] Couldn't find file 'middle_distal_rvs.vtp'.
[2022-05-27 10:22:50.153] [warning] Couldn't find file 'metacarpal4_rvs.vtp'.
[2022-05-27 10:22:50.153] [warning] Couldn't find file 'ring_proximal_rvs.vtp'.
[2022-05-27 10:22:50.153] [warning] Couldn't find file 'ring_medial_rvs.vtp'.
[2022-05-27 10:22:50.153] [warning] Couldn't find file 'ring_distal_rvs.vtp'.
[2022-05-27 10:22:50.154] [warning] Couldn't find file 'metacarpal5_rvs.vtp'.
[2022-05-27 10:22:50.154] [warning] Couldn't find file 'little_proximal_rvs.vtp'.
[2022-05-27 10:22:50.154] [warning] Couldn't find file 'little_medial_rvs.vtp'.
[2022-05-27 10:22:50.154] [warning] Couldn't find file 'little_distal_rvs.vtp'.
[2022-05-27 10:22:50.154] [warning] Couldn't find file 'metacarpal1_rvs.vtp'.
[2022-05-27 10:22:50.154] [warning] Couldn't find file 'thumb_proximal_rvs.vtp'.
[2022-05-27 10:22:50.154] [warning] Couldn't find file 'thumb_distal_rvs.vtp'.
[2022-05-27 10:22:50.154] [warning] Couldn't find file 'humerus_lv.vtp'.
[2022-05-27 10:22:50.154] [warning] Couldn't find file 'ulna_lv.vtp'.
[2022-05-27 10:22:50.154] [warning] Couldn't find file 'radius_lv.vtp'.
[2022-05-27 10:22:50.154] [warning] Couldn't find file 'pisiform_lvs.vtp'.
[2022-05-27 10:22:50.154] [warning] Couldn't find file 'lunate_lvs.vtp'.
[2022-05-27 10:22:50.154] [warning] Couldn't find file 'scaphoid_lvs.vtp'.
[2022-05-27 10:22:50.154] [warning] Couldn't find file 'triquetrum_lvs.vtp'.
[2022-05-27 10:22:50.154] [warning] Couldn't find file 'hamate_lvs.vtp'.
[2022-05-27 10:22:50.154] [warning] Couldn't find file 'capitate_lvs.vtp'.
[2022-05-27 10:22:50.154] [warning] Couldn't find file 'trapezoid_lvs.vtp'.
[2022-05-27 10:22:50.155] [warning] Couldn't find file 'trapezium_lvs.vtp'.
[2022-05-27 10:22:50.155] [warning] Couldn't find file 'metacarpal2_lvs.vtp'.
[2022-05-27 10:22:50.155] [warning] Couldn't find file 'index_proximal_lvs.vtp'.
[2022-05-27 10:22:50.155] [warning] Couldn't find file 'index_medial_lvs.vtp'.
[2022-05-27 10:22:50.155] [warning] Couldn't find file 'index_distal_lvs.vtp'.
[2022-05-27 10:22:50.155] [warning] Couldn't find file 'metacarpal3_lvs.vtp'.
[2022-05-27 10:22:50.155] [warning] Couldn't find file 'middle_proximal_lvs.vtp'.
[2022-05-27 10:22:50.155] [warning] Couldn't find file 'middle_medial_lvs.vtp'.
[2022-05-27 10:22:50.155] [warning] Couldn't find file 'middle_distal_lvs.vtp'.
[2022-05-27 10:22:50.155] [warning] Couldn't find file 'metacarpal4_lvs.vtp'.
[2022-05-27 10:22:50.155] [warning] Couldn't find file 'ring_proximal_lvs.vtp'.
[2022-05-27 10:22:50.155] [warning] Couldn't find file 'ring_medial_lvs.vtp'.
[2022-05-27 10:22:50.155] [warning] Couldn't find file 'ring_distal_lvs.vtp'.
[2022-05-27 10:22:50.155] [warning] Couldn't find file 'metacarpal5_lvs.vtp'.
[2022-05-27 10:22:50.155] [warning] Couldn't find file 'little_proximal_lvs.vtp'.
[2022-05-27 10:22:50.155] [warning] Couldn't find file 'little_medial_lvs.vtp'.
[2022-05-27 10:22:50.155] [warning] Couldn't find file 'little_distal_lvs.vtp'.
[2022-05-27 10:22:50.155] [warning] Couldn't find file 'metacarpal1_lvs.vtp'.
[2022-05-27 10:22:50.156] [warning] Couldn't find file 'thumb_proximal_lvs.vtp'.
[2022-05-27 10:22:50.156] [warning] Couldn't find file 'thumb_distal_lvs.vtp'.
[2022-05-27 10:22:50.646] [info] Loaded model subject1_withMTJ_locked_scaled_custom from file C:\Users\u0150099\Documents\master_thesis\3dpredictsim\OpenSimModel\subject1\Fal_s1_mtjc2_sc_FDB2_MTc5_cspx10_oy2.osim
[2022-05-27 10:22:50.646] [warning] Couldn't find file 'sacrum.vtp'.
[2022-05-27 10:22:50.647] [warning] Couldn't find file 'pelvis.vtp'.
[2022-05-27 10:22:50.647] [warning] Couldn't find file 'l_pelvis.vtp'.
[2022-05-27 10:22:50.647] [warning] Couldn't find file 'femur_r.vtp'.
[2022-05-27 10:22:50.647] [warning] Couldn't find file 'tibia_r.vtp'.
[2022-05-27 10:22:50.647] [warning] Couldn't find file 'fibula_r.vtp'.
[2022-05-27 10:22:50.647] [warning] Couldn't find file 'talus_rv.vtp'.
[2022-05-27 10:22:50.647] [warning] Couldn't find file 'calcaneous_rv.vtp'.
[2022-05-27 10:22:50.647] [warning] Couldn't find file 'model_r_midfoot.stl'.
[2022-05-27 10:22:50.647] [warning] Couldn't find file 'model_r_forefoot.stl'.
[2022-05-27 10:22:50.647] [warning] Couldn't find file 'model_r_toes.stl'.
[2022-05-27 10:22:50.647] [warning] Couldn't find file 'femur_l.vtp'.
[2022-05-27 10:22:50.647] [warning] Couldn't find file 'tibia_l.vtp'.
[2022-05-27 10:22:50.647] [warning] Couldn't find file 'fibula_l.vtp'.
[2022-05-27 10:22:50.647] [warning] Couldn't find file 'talus_lv.vtp'.
[2022-05-27 10:22:50.647] [warning] Couldn't find file 'calcaneous_lv.vtp'.
[2022-05-27 10:22:50.647] [warning] Couldn't find file 'model_l_midfoot.stl'.
[2022-05-27 10:22:50.648] [warning] Couldn't find file 'model_l_forefoot.stl'.
[2022-05-27 10:22:50.648] [warning] Couldn't find file 'model_l_toes.stl'.
[2022-05-27 10:22:50.648] [warning] Couldn't find file 'hat_spine.vtp'.
[2022-05-27 10:22:50.648] [warning] Couldn't find file 'hat_jaw.vtp'.
[2022-05-27 10:22:50.648] [warning] Couldn't find file 'hat_skull.vtp'.
[2022-05-27 10:22:50.648] [warning] Couldn't find file 'hat_ribs_scap.vtp'.
[2022-05-27 10:22:50.648] [warning] Couldn't find file 'humerus_rv.vtp'.
[2022-05-27 10:22:50.648] [warning] Couldn't find file 'ulna_rv.vtp'.
[2022-05-27 10:22:50.648] [warning] Couldn't find file 'radius_rv.vtp'.
[2022-05-27 10:22:50.648] [warning] Couldn't find file 'pisiform_rvs.vtp'.
[2022-05-27 10:22:50.648] [warning] Couldn't find file 'lunate_rvs.vtp'.
[2022-05-27 10:22:50.648] [warning] Couldn't find file 'scaphoid_rvs.vtp'.
[2022-05-27 10:22:50.648] [warning] Couldn't find file 'triquetrum_rvs.vtp'.
[2022-05-27 10:22:50.648] [warning] Couldn't find file 'hamate_rvs.vtp'.
[2022-05-27 10:22:50.648] [warning] Couldn't find file 'capitate_rvs.vtp'.
[2022-05-27 10:22:50.648] [warning] Couldn't find file 'trapezoid_rvs.vtp'.
[2022-05-27 10:22:50.648] [warning] Couldn't find file 'trapezium_rvs.vtp'.
[2022-05-27 10:22:50.649] [warning] Couldn't find file 'metacarpal2_rvs.vtp'.
[2022-05-27 10:22:50.649] [warning] Couldn't find file 'index_proximal_rvs.vtp'.
[2022-05-27 10:22:50.649] [warning] Couldn't find file 'index_medial_rvs.vtp'.
[2022-05-27 10:22:50.649] [warning] Couldn't find file 'index_distal_rvs.vtp'.
[2022-05-27 10:22:50.649] [warning] Couldn't find file 'metacarpal3_rvs.vtp'.
[2022-05-27 10:22:50.649] [warning] Couldn't find file 'middle_proximal_rvs.vtp'.
[2022-05-27 10:22:50.649] [warning] Couldn't find file 'middle_medial_rvs.vtp'.
[2022-05-27 10:22:50.649] [warning] Couldn't find file 'middle_distal_rvs.vtp'.
[2022-05-27 10:22:50.649] [warning] Couldn't find file 'metacarpal4_rvs.vtp'.
[2022-05-27 10:22:50.649] [warning] Couldn't find file 'ring_proximal_rvs.vtp'.
[2022-05-27 10:22:50.649] [warning] Couldn't find file 'ring_medial_rvs.vtp'.
[2022-05-27 10:22:50.649] [warning] Couldn't find file 'ring_distal_rvs.vtp'.
[2022-05-27 10:22:50.649] [warning] Couldn't find file 'metacarpal5_rvs.vtp'.
[2022-05-27 10:22:50.649] [warning] Couldn't find file 'little_proximal_rvs.vtp'.
[2022-05-27 10:22:50.649] [warning] Couldn't find file 'little_medial_rvs.vtp'.
[2022-05-27 10:22:50.649] [warning] Couldn't find file 'little_distal_rvs.vtp'.
[2022-05-27 10:22:50.649] [warning] Couldn't find file 'metacarpal1_rvs.vtp'.
[2022-05-27 10:22:50.650] [warning] Couldn't find file 'thumb_proximal_rvs.vtp'.
[2022-05-27 10:22:50.650] [warning] Couldn't find file 'thumb_distal_rvs.vtp'.
[2022-05-27 10:22:50.650] [warning] Couldn't find file 'humerus_lv.vtp'.
[2022-05-27 10:22:50.650] [warning] Couldn't find file 'ulna_lv.vtp'.
[2022-05-27 10:22:50.650] [warning] Couldn't find file 'radius_lv.vtp'.
[2022-05-27 10:22:50.650] [warning] Couldn't find file 'pisiform_lvs.vtp'.
[2022-05-27 10:22:50.650] [warning] Couldn't find file 'lunate_lvs.vtp'.
[2022-05-27 10:22:50.650] [warning] Couldn't find file 'scaphoid_lvs.vtp'.
[2022-05-27 10:22:50.650] [warning] Couldn't find file 'triquetrum_lvs.vtp'.
[2022-05-27 10:22:50.650] [warning] Couldn't find file 'hamate_lvs.vtp'.
[2022-05-27 10:22:50.650] [warning] Couldn't find file 'capitate_lvs.vtp'.
[2022-05-27 10:22:50.650] [warning] Couldn't find file 'trapezoid_lvs.vtp'.
[2022-05-27 10:22:50.650] [warning] Couldn't find file 'trapezium_lvs.vtp'.
[2022-05-27 10:22:50.650] [warning] Couldn't find file 'metacarpal2_lvs.vtp'.
[2022-05-27 10:22:50.650] [warning] Couldn't find file 'index_proximal_lvs.vtp'.
[2022-05-27 10:22:50.650] [warning] Couldn't find file 'index_medial_lvs.vtp'.
[2022-05-27 10:22:50.651] [warning] Couldn't find file 'index_distal_lvs.vtp'.
[2022-05-27 10:22:50.651] [warning] Couldn't find file 'metacarpal3_lvs.vtp'.
[2022-05-27 10:22:50.651] [warning] Couldn't find file 'middle_proximal_lvs.vtp'.
[2022-05-27 10:22:50.651] [warning] Couldn't find file 'middle_medial_lvs.vtp'.
[2022-05-27 10:22:50.651] [warning] Couldn't find file 'middle_distal_lvs.vtp'.
[2022-05-27 10:22:50.651] [warning] Couldn't find file 'metacarpal4_lvs.vtp'.
[2022-05-27 10:22:50.651] [warning] Couldn't find file 'ring_proximal_lvs.vtp'.
[2022-05-27 10:22:50.651] [warning] Couldn't find file 'ring_medial_lvs.vtp'.
[2022-05-27 10:22:50.651] [warning] Couldn't find file 'ring_distal_lvs.vtp'.
[2022-05-27 10:22:50.651] [warning] Couldn't find file 'metacarpal5_lvs.vtp'.
[2022-05-27 10:22:50.651] [warning] Couldn't find file 'little_proximal_lvs.vtp'.
[2022-05-27 10:22:50.651] [warning] Couldn't find file 'little_medial_lvs.vtp'.
[2022-05-27 10:22:50.651] [warning] Couldn't find file 'little_distal_lvs.vtp'.
[2022-05-27 10:22:50.651] [warning] Couldn't find file 'metacarpal1_lvs.vtp'.
[2022-05-27 10:22:50.651] [warning] Couldn't find file 'thumb_proximal_lvs.vtp'.
[2022-05-27 10:22:50.651] [warning] Couldn't find file 'thumb_distal_lvs.vtp'.
[2022-05-27 10:24:56.266] [info] Loaded model subject1_withMTJ_locked_scaled_custom from file C:\Users\u0150099\Documents\master_thesis\3dpredictsim\OpenSimModel\subject1\Fal_s1_mtjc2_sc_FDB2_MTc5_cspx10_oy2.osim
[2022-05-27 10:24:56.267] [warning] Couldn't find file 'sacrum.vtp'.
[2022-05-27 10:24:56.267] [warning] Couldn't find file 'pelvis.vtp'.
[2022-05-27 10:24:56.267] [warning] Couldn't find file 'l_pelvis.vtp'.
[2022-05-27 10:24:56.267] [warning] Couldn't find file 'femur_r.vtp'.
[2022-05-27 10:24:56.267] [warning] Couldn't find file 'tibia_r.vtp'.
[2022-05-27 10:24:56.267] [warning] Couldn't find file 'fibula_r.vtp'.
[2022-05-27 10:24:56.267] [warning] Couldn't find file 'talus_rv.vtp'.
[2022-05-27 10:24:56.267] [warning] Couldn't find file 'calcaneous_rv.vtp'.
[2022-05-27 10:24:56.267] [warning] Couldn't find file 'model_r_midfoot.stl'.
[2022-05-27 10:24:56.267] [warning] Couldn't find file 'model_r_forefoot.stl'.
[2022-05-27 10:24:56.267] [warning] Couldn't find file 'model_r_toes.stl'.
[2022-05-27 10:24:56.267] [warning] Couldn't find file 'femur_l.vtp'.
[2022-05-27 10:24:56.267] [warning] Couldn't find file 'tibia_l.vtp'.
[2022-05-27 10:24:56.267] [warning] Couldn't find file 'fibula_l.vtp'.
[2022-05-27 10:24:56.268] [warning] Couldn't find file 'talus_lv.vtp'.
[2022-05-27 10:24:56.268] [warning] Couldn't find file 'calcaneous_lv.vtp'.
[2022-05-27 10:24:56.268] [warning] Couldn't find file 'model_l_midfoot.stl'.
[2022-05-27 10:24:56.268] [warning] Couldn't find file 'model_l_forefoot.stl'.
[2022-05-27 10:24:56.268] [warning] Couldn't find file 'model_l_toes.stl'.
[2022-05-27 10:24:56.268] [warning] Couldn't find file 'hat_spine.vtp'.
[2022-05-27 10:24:56.268] [warning] Couldn't find file 'hat_jaw.vtp'.
[2022-05-27 10:24:56.268] [warning] Couldn't find file 'hat_skull.vtp'.
[2022-05-27 10:24:56.268] [warning] Couldn't find file 'hat_ribs_scap.vtp'.
[2022-05-27 10:24:56.268] [warning] Couldn't find file 'humerus_rv.vtp'.
[2022-05-27 10:24:56.268] [warning] Couldn't find file 'ulna_rv.vtp'.
[2022-05-27 10:24:56.268] [warning] Couldn't find file 'radius_rv.vtp'.
[2022-05-27 10:24:56.268] [warning] Couldn't find file 'pisiform_rvs.vtp'.
[2022-05-27 10:24:56.268] [warning] Couldn't find file 'lunate_rvs.vtp'.
[2022-05-27 10:24:56.268] [warning] Couldn't find file 'scaphoid_rvs.vtp'.
[2022-05-27 10:24:56.268] [warning] Couldn't find file 'triquetrum_rvs.vtp'.
[2022-05-27 10:24:56.268] [warning] Couldn't find file 'hamate_rvs.vtp'.
[2022-05-27 10:24:56.269] [warning] Couldn't find file 'capitate_rvs.vtp'.
[2022-05-27 10:24:56.269] [warning] Couldn't find file 'trapezoid_rvs.vtp'.
[2022-05-27 10:24:56.269] [warning] Couldn't find file 'trapezium_rvs.vtp'.
[2022-05-27 10:24:56.269] [warning] Couldn't find file 'metacarpal2_rvs.vtp'.
[2022-05-27 10:24:56.269] [warning] Couldn't find file 'index_proximal_rvs.vtp'.
[2022-05-27 10:24:56.269] [warning] Couldn't find file 'index_medial_rvs.vtp'.
[2022-05-27 10:24:56.269] [warning] Couldn't find file 'index_distal_rvs.vtp'.
[2022-05-27 10:24:56.269] [warning] Couldn't find file 'metacarpal3_rvs.vtp'.
[2022-05-27 10:24:56.269] [warning] Couldn't find file 'middle_proximal_rvs.vtp'.
[2022-05-27 10:24:56.269] [warning] Couldn't find file 'middle_medial_rvs.vtp'.
[2022-05-27 10:24:56.269] [warning] Couldn't find file 'middle_distal_rvs.vtp'.
[2022-05-27 10:24:56.269] [warning] Couldn't find file 'metacarpal4_rvs.vtp'.
[2022-05-27 10:24:56.269] [warning] Couldn't find file 'ring_proximal_rvs.vtp'.
[2022-05-27 10:24:56.269] [warning] Couldn't find file 'ring_medial_rvs.vtp'.
[2022-05-27 10:24:56.269] [warning] Couldn't find file 'ring_distal_rvs.vtp'.
[2022-05-27 10:24:56.269] [warning] Couldn't find file 'metacarpal5_rvs.vtp'.
[2022-05-27 10:24:56.269] [warning] Couldn't find file 'little_proximal_rvs.vtp'.
[2022-05-27 10:24:56.270] [warning] Couldn't find file 'little_medial_rvs.vtp'.
[2022-05-27 10:24:56.270] [warning] Couldn't find file 'little_distal_rvs.vtp'.
[2022-05-27 10:24:56.270] [warning] Couldn't find file 'metacarpal1_rvs.vtp'.
[2022-05-27 10:24:56.270] [warning] Couldn't find file 'thumb_proximal_rvs.vtp'.
[2022-05-27 10:24:56.270] [warning] Couldn't find file 'thumb_distal_rvs.vtp'.
[2022-05-27 10:24:56.270] [warning] Couldn't find file 'humerus_lv.vtp'.
[2022-05-27 10:24:56.270] [warning] Couldn't find file 'ulna_lv.vtp'.
[2022-05-27 10:24:56.270] [warning] Couldn't find file 'radius_lv.vtp'.
[2022-05-27 10:24:56.270] [warning] Couldn't find file 'pisiform_lvs.vtp'.
[2022-05-27 10:24:56.270] [warning] Couldn't find file 'lunate_lvs.vtp'.
[2022-05-27 10:24:56.270] [warning] Couldn't find file 'scaphoid_lvs.vtp'.
[2022-05-27 10:24:56.270] [warning] Couldn't find file 'triquetrum_lvs.vtp'.
[2022-05-27 10:24:56.270] [warning] Couldn't find file 'hamate_lvs.vtp'.
[2022-05-27 10:24:56.270] [warning] Couldn't find file 'capitate_lvs.vtp'.
[2022-05-27 10:24:56.270] [warning] Couldn't find file 'trapezoid_lvs.vtp'.
[2022-05-27 10:24:56.270] [warning] Couldn't find file 'trapezium_lvs.vtp'.
[2022-05-27 10:24:56.270] [warning] Couldn't find file 'metacarpal2_lvs.vtp'.
[2022-05-27 10:24:56.270] [warning] Couldn't find file 'index_proximal_lvs.vtp'.
[2022-05-27 10:24:56.270] [warning] Couldn't find file 'index_medial_lvs.vtp'.
[2022-05-27 10:24:56.271] [warning] Couldn't find file 'index_distal_lvs.vtp'.
[2022-05-27 10:24:56.271] [warning] Couldn't find file 'metacarpal3_lvs.vtp'.
[2022-05-27 10:24:56.271] [warning] Couldn't find file 'middle_proximal_lvs.vtp'.
[2022-05-27 10:24:56.271] [warning] Couldn't find file 'middle_medial_lvs.vtp'.
[2022-05-27 10:24:56.271] [warning] Couldn't find file 'middle_distal_lvs.vtp'.
[2022-05-27 10:24:56.271] [warning] Couldn't find file 'metacarpal4_lvs.vtp'.
[2022-05-27 10:24:56.271] [warning] Couldn't find file 'ring_proximal_lvs.vtp'.
[2022-05-27 10:24:56.271] [warning] Couldn't find file 'ring_medial_lvs.vtp'.
[2022-05-27 10:24:56.271] [warning] Couldn't find file 'ring_distal_lvs.vtp'.
[2022-05-27 10:24:56.271] [warning] Couldn't find file 'metacarpal5_lvs.vtp'.
[2022-05-27 10:24:56.271] [warning] Couldn't find file 'little_proximal_lvs.vtp'.
[2022-05-27 10:24:56.271] [warning] Couldn't find file 'little_medial_lvs.vtp'.
[2022-05-27 10:24:56.271] [warning] Couldn't find file 'little_distal_lvs.vtp'.
[2022-05-27 10:24:56.271] [warning] Couldn't find file 'metacarpal1_lvs.vtp'.
[2022-05-27 10:24:56.271] [warning] Couldn't find file 'thumb_proximal_lvs.vtp'.
[2022-05-27 10:24:56.271] [warning] Couldn't find file 'thumb_distal_lvs.vtp'.
[2022-05-27 10:24:56.725] [info] Loaded model subject1_withMTJ_locked_scaled_custom from file C:\Users\u0150099\Documents\master_thesis\3dpredictsim\OpenSimModel\subject1\Fal_s1_mtjc2_sc_FDB2_MTc5_cspx10_oy2.osim
[2022-05-27 10:24:56.726] [warning] Couldn't find file 'sacrum.vtp'.
[2022-05-27 10:24:56.726] [warning] Couldn't find file 'pelvis.vtp'.
[2022-05-27 10:24:56.726] [warning] Couldn't find file 'l_pelvis.vtp'.
[2022-05-27 10:24:56.726] [warning] Couldn't find file 'femur_r.vtp'.
[2022-05-27 10:24:56.726] [warning] Couldn't find file 'tibia_r.vtp'.
[2022-05-27 10:24:56.726] [warning] Couldn't find file 'fibula_r.vtp'.
[2022-05-27 10:24:56.726] [warning] Couldn't find file 'talus_rv.vtp'.
[2022-05-27 10:24:56.726] [warning] Couldn't find file 'calcaneous_rv.vtp'.
[2022-05-27 10:24:56.726] [warning] Couldn't find file 'model_r_midfoot.stl'.
[2022-05-27 10:24:56.726] [warning] Couldn't find file 'model_r_forefoot.stl'.
[2022-05-27 10:24:56.726] [warning] Couldn't find file 'model_r_toes.stl'.
[2022-05-27 10:24:56.726] [warning] Couldn't find file 'femur_l.vtp'.
[2022-05-27 10:24:56.726] [warning] Couldn't find file 'tibia_l.vtp'.
[2022-05-27 10:24:56.726] [warning] Couldn't find file 'fibula_l.vtp'.
[2022-05-27 10:24:56.726] [warning] Couldn't find file 'talus_lv.vtp'.
[2022-05-27 10:24:56.727] [warning] Couldn't find file 'calcaneous_lv.vtp'.
[2022-05-27 10:24:56.727] [warning] Couldn't find file 'model_l_midfoot.stl'.
[2022-05-27 10:24:56.727] [warning] Couldn't find file 'model_l_forefoot.stl'.
[2022-05-27 10:24:56.727] [warning] Couldn't find file 'model_l_toes.stl'.
[2022-05-27 10:24:56.727] [warning] Couldn't find file 'hat_spine.vtp'.
[2022-05-27 10:24:56.727] [warning] Couldn't find file 'hat_jaw.vtp'.
[2022-05-27 10:24:56.727] [warning] Couldn't find file 'hat_skull.vtp'.
[2022-05-27 10:24:56.727] [warning] Couldn't find file 'hat_ribs_scap.vtp'.
[2022-05-27 10:24:56.727] [warning] Couldn't find file 'humerus_rv.vtp'.
[2022-05-27 10:24:56.727] [warning] Couldn't find file 'ulna_rv.vtp'.
[2022-05-27 10:24:56.727] [warning] Couldn't find file 'radius_rv.vtp'.
[2022-05-27 10:24:56.727] [warning] Couldn't find file 'pisiform_rvs.vtp'.
[2022-05-27 10:24:56.727] [warning] Couldn't find file 'lunate_rvs.vtp'.
[2022-05-27 10:24:56.727] [warning] Couldn't find file 'scaphoid_rvs.vtp'.
[2022-05-27 10:24:56.727] [warning] Couldn't find file 'triquetrum_rvs.vtp'.
[2022-05-27 10:24:56.727] [warning] Couldn't find file 'hamate_rvs.vtp'.
[2022-05-27 10:24:56.727] [warning] Couldn't find file 'capitate_rvs.vtp'.
[2022-05-27 10:24:56.727] [warning] Couldn't find file 'trapezoid_rvs.vtp'.
[2022-05-27 10:24:56.728] [warning] Couldn't find file 'trapezium_rvs.vtp'.
[2022-05-27 10:24:56.728] [warning] Couldn't find file 'metacarpal2_rvs.vtp'.
[2022-05-27 10:24:56.728] [warning] Couldn't find file 'index_proximal_rvs.vtp'.
[2022-05-27 10:24:56.728] [warning] Couldn't find file 'index_medial_rvs.vtp'.
[2022-05-27 10:24:56.728] [warning] Couldn't find file 'index_distal_rvs.vtp'.
[2022-05-27 10:24:56.728] [warning] Couldn't find file 'metacarpal3_rvs.vtp'.
[2022-05-27 10:24:56.728] [warning] Couldn't find file 'middle_proximal_rvs.vtp'.
[2022-05-27 10:24:56.728] [warning] Couldn't find file 'middle_medial_rvs.vtp'.
[2022-05-27 10:24:56.728] [warning] Couldn't find file 'middle_distal_rvs.vtp'.
[2022-05-27 10:24:56.728] [warning] Couldn't find file 'metacarpal4_rvs.vtp'.
[2022-05-27 10:24:56.728] [warning] Couldn't find file 'ring_proximal_rvs.vtp'.
[2022-05-27 10:24:56.728] [warning] Couldn't find file 'ring_medial_rvs.vtp'.
[2022-05-27 10:24:56.728] [warning] Couldn't find file 'ring_distal_rvs.vtp'.
[2022-05-27 10:24:56.728] [warning] Couldn't find file 'metacarpal5_rvs.vtp'.
[2022-05-27 10:24:56.728] [warning] Couldn't find file 'little_proximal_rvs.vtp'.
[2022-05-27 10:24:56.728] [warning] Couldn't find file 'little_medial_rvs.vtp'.
[2022-05-27 10:24:56.728] [warning] Couldn't find file 'little_distal_rvs.vtp'.
[2022-05-27 10:24:56.728] [warning] Couldn't find file 'metacarpal1_rvs.vtp'.
[2022-05-27 10:24:56.729] [warning] Couldn't find file 'thumb_proximal_rvs.vtp'.
[2022-05-27 10:24:56.729] [warning] Couldn't find file 'thumb_distal_rvs.vtp'.
[2022-05-27 10:24:56.729] [warning] Couldn't find file 'humerus_lv.vtp'.
[2022-05-27 10:24:56.729] [warning] Couldn't find file 'ulna_lv.vtp'.
[2022-05-27 10:24:56.729] [warning] Couldn't find file 'radius_lv.vtp'.
[2022-05-27 10:24:56.729] [warning] Couldn't find file 'pisiform_lvs.vtp'.
[2022-05-27 10:24:56.729] [warning] Couldn't find file 'lunate_lvs.vtp'.
[2022-05-27 10:24:56.729] [warning] Couldn't find file 'scaphoid_lvs.vtp'.
[2022-05-27 10:24:56.729] [warning] Couldn't find file 'triquetrum_lvs.vtp'.
[2022-05-27 10:24:56.729] [warning] Couldn't find file 'hamate_lvs.vtp'.
[2022-05-27 10:24:56.729] [warning] Couldn't find file 'capitate_lvs.vtp'.
[2022-05-27 10:24:56.729] [warning] Couldn't find file 'trapezoid_lvs.vtp'.
[2022-05-27 10:24:56.729] [warning] Couldn't find file 'trapezium_lvs.vtp'.
[2022-05-27 10:24:56.729] [warning] Couldn't find file 'metacarpal2_lvs.vtp'.
[2022-05-27 10:24:56.729] [warning] Couldn't find file 'index_proximal_lvs.vtp'.
[2022-05-27 10:24:56.729] [warning] Couldn't find file 'index_medial_lvs.vtp'.
[2022-05-27 10:24:56.729] [warning] Couldn't find file 'index_distal_lvs.vtp'.
[2022-05-27 10:24:56.729] [warning] Couldn't find file 'metacarpal3_lvs.vtp'.
[2022-05-27 10:24:56.729] [warning] Couldn't find file 'middle_proximal_lvs.vtp'.
[2022-05-27 10:24:56.730] [warning] Couldn't find file 'middle_medial_lvs.vtp'.
[2022-05-27 10:24:56.730] [warning] Couldn't find file 'middle_distal_lvs.vtp'.
[2022-05-27 10:24:56.730] [warning] Couldn't find file 'metacarpal4_lvs.vtp'.
[2022-05-27 10:24:56.730] [warning] Couldn't find file 'ring_proximal_lvs.vtp'.
[2022-05-27 10:24:56.730] [warning] Couldn't find file 'ring_medial_lvs.vtp'.
[2022-05-27 10:24:56.730] [warning] Couldn't find file 'ring_distal_lvs.vtp'.
[2022-05-27 10:24:56.730] [warning] Couldn't find file 'metacarpal5_lvs.vtp'.
[2022-05-27 10:24:56.730] [warning] Couldn't find file 'little_proximal_lvs.vtp'.
[2022-05-27 10:24:56.730] [warning] Couldn't find file 'little_medial_lvs.vtp'.
[2022-05-27 10:24:56.730] [warning] Couldn't find file 'little_distal_lvs.vtp'.
[2022-05-27 10:24:56.730] [warning] Couldn't find file 'metacarpal1_lvs.vtp'.
[2022-05-27 10:24:56.730] [warning] Couldn't find file 'thumb_proximal_lvs.vtp'.
[2022-05-27 10:24:56.730] [warning] Couldn't find file 'thumb_distal_lvs.vtp'.
[2022-06-02 15:56:06.230] [info] Loaded model subject1_withMTJ_locked_scaled_custom from file C:\Users\u0150099\Documents\master_thesis\3dpredictsim\OpenSimModel\subject1\Fal_s1_mtjc2_sc_FDB2_MTc5_cspx10_oy2.osim
[2022-06-02 15:56:06.231] [warning] Couldn't find file 'sacrum.vtp'.
[2022-06-02 15:56:06.231] [warning] Couldn't find file 'pelvis.vtp'.
[2022-06-02 15:56:06.231] [warning] Couldn't find file 'l_pelvis.vtp'.
[2022-06-02 15:56:06.231] [warning] Couldn't find file 'femur_r.vtp'.
[2022-06-02 15:56:06.232] [warning] Couldn't find file 'tibia_r.vtp'.
[2022-06-02 15:56:06.232] [warning] Couldn't find file 'fibula_r.vtp'.
[2022-06-02 15:56:06.232] [warning] Couldn't find file 'talus_rv.vtp'.
[2022-06-02 15:56:06.232] [warning] Couldn't find file 'calcaneous_rv.vtp'.
[2022-06-02 15:56:06.232] [warning] Couldn't find file 'model_r_midfoot.stl'.
[2022-06-02 15:56:06.232] [warning] Couldn't find file 'model_r_forefoot.stl'.
[2022-06-02 15:56:06.232] [warning] Couldn't find file 'model_r_toes.stl'.
[2022-06-02 15:56:06.232] [warning] Couldn't find file 'femur_l.vtp'.
[2022-06-02 15:56:06.232] [warning] Couldn't find file 'tibia_l.vtp'.
[2022-06-02 15:56:06.232] [warning] Couldn't find file 'fibula_l.vtp'.
[2022-06-02 15:56:06.232] [warning] Couldn't find file 'talus_lv.vtp'.
[2022-06-02 15:56:06.232] [warning] Couldn't find file 'calcaneous_lv.vtp'.
[2022-06-02 15:56:06.232] [warning] Couldn't find file 'model_l_midfoot.stl'.
[2022-06-02 15:56:06.232] [warning] Couldn't find file 'model_l_forefoot.stl'.
[2022-06-02 15:56:06.232] [warning] Couldn't find file 'model_l_toes.stl'.
[2022-06-02 15:56:06.232] [warning] Couldn't find file 'hat_spine.vtp'.
[2022-06-02 15:56:06.232] [warning] Couldn't find file 'hat_jaw.vtp'.
[2022-06-02 15:56:06.233] [warning] Couldn't find file 'hat_skull.vtp'.
[2022-06-02 15:56:06.233] [warning] Couldn't find file 'hat_ribs_scap.vtp'.
[2022-06-02 15:56:06.233] [warning] Couldn't find file 'humerus_rv.vtp'.
[2022-06-02 15:56:06.233] [warning] Couldn't find file 'ulna_rv.vtp'.
[2022-06-02 15:56:06.233] [warning] Couldn't find file 'radius_rv.vtp'.
[2022-06-02 15:56:06.233] [warning] Couldn't find file 'pisiform_rvs.vtp'.
[2022-06-02 15:56:06.233] [warning] Couldn't find file 'lunate_rvs.vtp'.
[2022-06-02 15:56:06.233] [warning] Couldn't find file 'scaphoid_rvs.vtp'.
[2022-06-02 15:56:06.233] [warning] Couldn't find file 'triquetrum_rvs.vtp'.
[2022-06-02 15:56:06.233] [warning] Couldn't find file 'hamate_rvs.vtp'.
[2022-06-02 15:56:06.233] [warning] Couldn't find file 'capitate_rvs.vtp'.
[2022-06-02 15:56:06.233] [warning] Couldn't find file 'trapezoid_rvs.vtp'.
[2022-06-02 15:56:06.233] [warning] Couldn't find file 'trapezium_rvs.vtp'.
[2022-06-02 15:56:06.233] [warning] Couldn't find file 'metacarpal2_rvs.vtp'.
[2022-06-02 15:56:06.233] [warning] Couldn't find file 'index_proximal_rvs.vtp'.
[2022-06-02 15:56:06.233] [warning] Couldn't find file 'index_medial_rvs.vtp'.
[2022-06-02 15:56:06.233] [warning] Couldn't find file 'index_distal_rvs.vtp'.
[2022-06-02 15:56:06.234] [warning] Couldn't find file 'metacarpal3_rvs.vtp'.
[2022-06-02 15:56:06.234] [warning] Couldn't find file 'middle_proximal_rvs.vtp'.
[2022-06-02 15:56:06.234] [warning] Couldn't find file 'middle_medial_rvs.vtp'.
[2022-06-02 15:56:06.234] [warning] Couldn't find file 'middle_distal_rvs.vtp'.
[2022-06-02 15:56:06.234] [warning] Couldn't find file 'metacarpal4_rvs.vtp'.
[2022-06-02 15:56:06.234] [warning] Couldn't find file 'ring_proximal_rvs.vtp'.
[2022-06-02 15:56:06.234] [warning] Couldn't find file 'ring_medial_rvs.vtp'.
[2022-06-02 15:56:06.234] [warning] Couldn't find file 'ring_distal_rvs.vtp'.
[2022-06-02 15:56:06.234] [warning] Couldn't find file 'metacarpal5_rvs.vtp'.
[2022-06-02 15:56:06.234] [warning] Couldn't find file 'little_proximal_rvs.vtp'.
[2022-06-02 15:56:06.234] [warning] Couldn't find file 'little_medial_rvs.vtp'.
[2022-06-02 15:56:06.234] [warning] Couldn't find file 'little_distal_rvs.vtp'.
[2022-06-02 15:56:06.234] [warning] Couldn't find file 'metacarpal1_rvs.vtp'.
[2022-06-02 15:56:06.234] [warning] Couldn't find file 'thumb_proximal_rvs.vtp'.
[2022-06-02 15:56:06.234] [warning] Couldn't find file 'thumb_distal_rvs.vtp'.
[2022-06-02 15:56:06.234] [warning] Couldn't find file 'humerus_lv.vtp'.
[2022-06-02 15:56:06.234] [warning] Couldn't find file 'ulna_lv.vtp'.
[2022-06-02 15:56:06.235] [warning] Couldn't find file 'radius_lv.vtp'.
[2022-06-02 15:56:06.235] [warning] Couldn't find file 'pisiform_lvs.vtp'.
[2022-06-02 15:56:06.235] [warning] Couldn't find file 'lunate_lvs.vtp'.
[2022-06-02 15:56:06.235] [warning] Couldn't find file 'scaphoid_lvs.vtp'.
[2022-06-02 15:56:06.235] [warning] Couldn't find file 'triquetrum_lvs.vtp'.
[2022-06-02 15:56:06.235] [warning] Couldn't find file 'hamate_lvs.vtp'.
[2022-06-02 15:56:06.235] [warning] Couldn't find file 'capitate_lvs.vtp'.
[2022-06-02 15:56:06.235] [warning] Couldn't find file 'trapezoid_lvs.vtp'.
[2022-06-02 15:56:06.235] [warning] Couldn't find file 'trapezium_lvs.vtp'.
[2022-06-02 15:56:06.235] [warning] Couldn't find file 'metacarpal2_lvs.vtp'.
[2022-06-02 15:56:06.235] [warning] Couldn't find file 'index_proximal_lvs.vtp'.
[2022-06-02 15:56:06.235] [warning] Couldn't find file 'index_medial_lvs.vtp'.
[2022-06-02 15:56:06.235] [warning] Couldn't find file 'index_distal_lvs.vtp'.
[2022-06-02 15:56:06.235] [warning] Couldn't find file 'metacarpal3_lvs.vtp'.
[2022-06-02 15:56:06.235] [warning] Couldn't find file 'middle_proximal_lvs.vtp'.
[2022-06-02 15:56:06.235] [warning] Couldn't find file 'middle_medial_lvs.vtp'.
[2022-06-02 15:56:06.235] [warning] Couldn't find file 'middle_distal_lvs.vtp'.
[2022-06-02 15:56:06.235] [warning] Couldn't find file 'metacarpal4_lvs.vtp'.
[2022-06-02 15:56:06.236] [warning] Couldn't find file 'ring_proximal_lvs.vtp'.
[2022-06-02 15:56:06.236] [warning] Couldn't find file 'ring_medial_lvs.vtp'.
[2022-06-02 15:56:06.236] [warning] Couldn't find file 'ring_distal_lvs.vtp'.
[2022-06-02 15:56:06.236] [warning] Couldn't find file 'metacarpal5_lvs.vtp'.
[2022-06-02 15:56:06.236] [warning] Couldn't find file 'little_proximal_lvs.vtp'.
[2022-06-02 15:56:06.236] [warning] Couldn't find file 'little_medial_lvs.vtp'.
[2022-06-02 15:56:06.236] [warning] Couldn't find file 'little_distal_lvs.vtp'.
[2022-06-02 15:56:06.236] [warning] Couldn't find file 'metacarpal1_lvs.vtp'.
[2022-06-02 15:56:06.236] [warning] Couldn't find file 'thumb_proximal_lvs.vtp'.
[2022-06-02 15:56:06.236] [warning] Couldn't find file 'thumb_distal_lvs.vtp'.
[2022-06-02 15:56:06.847] [info] Loaded model subject1_withMTJ_locked_scaled_custom from file C:\Users\u0150099\Documents\master_thesis\3dpredictsim\OpenSimModel\subject1\Fal_s1_mtjc2_sc_FDB2_MTc5_cspx10_oy2.osim
[2022-06-02 15:56:06.847] [warning] Couldn't find file 'sacrum.vtp'.
[2022-06-02 15:56:06.847] [warning] Couldn't find file 'pelvis.vtp'.
[2022-06-02 15:56:06.847] [warning] Couldn't find file 'l_pelvis.vtp'.
[2022-06-02 15:56:06.847] [warning] Couldn't find file 'femur_r.vtp'.
[2022-06-02 15:56:06.847] [warning] Couldn't find file 'tibia_r.vtp'.
[2022-06-02 15:56:06.847] [warning] Couldn't find file 'fibula_r.vtp'.
[2022-06-02 15:56:06.848] [warning] Couldn't find file 'talus_rv.vtp'.
[2022-06-02 15:56:06.848] [warning] Couldn't find file 'calcaneous_rv.vtp'.
[2022-06-02 15:56:06.848] [warning] Couldn't find file 'model_r_midfoot.stl'.
[2022-06-02 15:56:06.848] [warning] Couldn't find file 'model_r_forefoot.stl'.
[2022-06-02 15:56:06.848] [warning] Couldn't find file 'model_r_toes.stl'.
[2022-06-02 15:56:06.848] [warning] Couldn't find file 'femur_l.vtp'.
[2022-06-02 15:56:06.848] [warning] Couldn't find file 'tibia_l.vtp'.
[2022-06-02 15:56:06.848] [warning] Couldn't find file 'fibula_l.vtp'.
[2022-06-02 15:56:06.848] [warning] Couldn't find file 'talus_lv.vtp'.
[2022-06-02 15:56:06.848] [warning] Couldn't find file 'calcaneous_lv.vtp'.
[2022-06-02 15:56:06.848] [warning] Couldn't find file 'model_l_midfoot.stl'.
[2022-06-02 15:56:06.848] [warning] Couldn't find file 'model_l_forefoot.stl'.
[2022-06-02 15:56:06.848] [warning] Couldn't find file 'model_l_toes.stl'.
[2022-06-02 15:56:06.848] [warning] Couldn't find file 'hat_spine.vtp'.
[2022-06-02 15:56:06.848] [warning] Couldn't find file 'hat_jaw.vtp'.
[2022-06-02 15:56:06.848] [warning] Couldn't find file 'hat_skull.vtp'.
[2022-06-02 15:56:06.848] [warning] Couldn't find file 'hat_ribs_scap.vtp'.
[2022-06-02 15:56:06.849] [warning] Couldn't find file 'humerus_rv.vtp'.
[2022-06-02 15:56:06.849] [warning] Couldn't find file 'ulna_rv.vtp'.
[2022-06-02 15:56:06.849] [warning] Couldn't find file 'radius_rv.vtp'.
[2022-06-02 15:56:06.849] [warning] Couldn't find file 'pisiform_rvs.vtp'.
[2022-06-02 15:56:06.849] [warning] Couldn't find file 'lunate_rvs.vtp'.
[2022-06-02 15:56:06.849] [warning] Couldn't find file 'scaphoid_rvs.vtp'.
[2022-06-02 15:56:06.849] [warning] Couldn't find file 'triquetrum_rvs.vtp'.
[2022-06-02 15:56:06.849] [warning] Couldn't find file 'hamate_rvs.vtp'.
[2022-06-02 15:56:06.849] [warning] Couldn't find file 'capitate_rvs.vtp'.
[2022-06-02 15:56:06.849] [warning] Couldn't find file 'trapezoid_rvs.vtp'.
[2022-06-02 15:56:06.849] [warning] Couldn't find file 'trapezium_rvs.vtp'.
[2022-06-02 15:56:06.849] [warning] Couldn't find file 'metacarpal2_rvs.vtp'.
[2022-06-02 15:56:06.849] [warning] Couldn't find file 'index_proximal_rvs.vtp'.
[2022-06-02 15:56:06.849] [warning] Couldn't find file 'index_medial_rvs.vtp'.
[2022-06-02 15:56:06.849] [warning] Couldn't find file 'index_distal_rvs.vtp'.
[2022-06-02 15:56:06.849] [warning] Couldn't find file 'metacarpal3_rvs.vtp'.
[2022-06-02 15:56:06.849] [warning] Couldn't find file 'middle_proximal_rvs.vtp'.
[2022-06-02 15:56:06.849] [warning] Couldn't find file 'middle_medial_rvs.vtp'.
[2022-06-02 15:56:06.850] [warning] Couldn't find file 'middle_distal_rvs.vtp'.
[2022-06-02 15:56:06.850] [warning] Couldn't find file 'metacarpal4_rvs.vtp'.
[2022-06-02 15:56:06.850] [warning] Couldn't find file 'ring_proximal_rvs.vtp'.
[2022-06-02 15:56:06.850] [warning] Couldn't find file 'ring_medial_rvs.vtp'.
[2022-06-02 15:56:06.850] [warning] Couldn't find file 'ring_distal_rvs.vtp'.
[2022-06-02 15:56:06.850] [warning] Couldn't find file 'metacarpal5_rvs.vtp'.
[2022-06-02 15:56:06.850] [warning] Couldn't find file 'little_proximal_rvs.vtp'.
[2022-06-02 15:56:06.850] [warning] Couldn't find file 'little_medial_rvs.vtp'.
[2022-06-02 15:56:06.850] [warning] Couldn't find file 'little_distal_rvs.vtp'.
[2022-06-02 15:56:06.850] [warning] Couldn't find file 'metacarpal1_rvs.vtp'.
[2022-06-02 15:56:06.850] [warning] Couldn't find file 'thumb_proximal_rvs.vtp'.
[2022-06-02 15:56:06.850] [warning] Couldn't find file 'thumb_distal_rvs.vtp'.
[2022-06-02 15:56:06.850] [warning] Couldn't find file 'humerus_lv.vtp'.
[2022-06-02 15:56:06.850] [warning] Couldn't find file 'ulna_lv.vtp'.
[2022-06-02 15:56:06.850] [warning] Couldn't find file 'radius_lv.vtp'.
[2022-06-02 15:56:06.850] [warning] Couldn't find file 'pisiform_lvs.vtp'.
[2022-06-02 15:56:06.850] [warning] Couldn't find file 'lunate_lvs.vtp'.
[2022-06-02 15:56:06.851] [warning] Couldn't find file 'scaphoid_lvs.vtp'.
[2022-06-02 15:56:06.851] [warning] Couldn't find file 'triquetrum_lvs.vtp'.
[2022-06-02 15:56:06.851] [warning] Couldn't find file 'hamate_lvs.vtp'.
[2022-06-02 15:56:06.851] [warning] Couldn't find file 'capitate_lvs.vtp'.
[2022-06-02 15:56:06.851] [warning] Couldn't find file 'trapezoid_lvs.vtp'.
[2022-06-02 15:56:06.851] [warning] Couldn't find file 'trapezium_lvs.vtp'.
[2022-06-02 15:56:06.851] [warning] Couldn't find file 'metacarpal2_lvs.vtp'.
[2022-06-02 15:56:06.851] [warning] Couldn't find file 'index_proximal_lvs.vtp'.
[2022-06-02 15:56:06.851] [warning] Couldn't find file 'index_medial_lvs.vtp'.
[2022-06-02 15:56:06.851] [warning] Couldn't find file 'index_distal_lvs.vtp'.
[2022-06-02 15:56:06.851] [warning] Couldn't find file 'metacarpal3_lvs.vtp'.
[2022-06-02 15:56:06.851] [warning] Couldn't find file 'middle_proximal_lvs.vtp'.
[2022-06-02 15:56:06.851] [warning] Couldn't find file 'middle_medial_lvs.vtp'.
[2022-06-02 15:56:06.851] [warning] Couldn't find file 'middle_distal_lvs.vtp'.
[2022-06-02 15:56:06.851] [warning] Couldn't find file 'metacarpal4_lvs.vtp'.
[2022-06-02 15:56:06.851] [warning] Couldn't find file 'ring_proximal_lvs.vtp'.
[2022-06-02 15:56:06.851] [warning] Couldn't find file 'ring_medial_lvs.vtp'.
[2022-06-02 15:56:06.851] [warning] Couldn't find file 'ring_distal_lvs.vtp'.
[2022-06-02 15:56:06.851] [warning] Couldn't find file 'metacarpal5_lvs.vtp'.
[2022-06-02 15:56:06.852] [warning] Couldn't find file 'little_proximal_lvs.vtp'.
[2022-06-02 15:56:06.852] [warning] Couldn't find file 'little_medial_lvs.vtp'.
[2022-06-02 15:56:06.852] [warning] Couldn't find file 'little_distal_lvs.vtp'.
[2022-06-02 15:56:06.852] [warning] Couldn't find file 'metacarpal1_lvs.vtp'.
[2022-06-02 15:56:06.852] [warning] Couldn't find file 'thumb_proximal_lvs.vtp'.
[2022-06-02 15:56:06.852] [warning] Couldn't find file 'thumb_distal_lvs.vtp'.
