name C:\Users\u0150099\Documents\master_thesis\3dpredictsim\Results\debug\Fal_s1_mtjc5_sc_cspx10_oy2_MTc2_MTPm_k1_d01_MTJm_nl_MG_exp5_table_d01_PF_Natali2010_x5_ls146_ig21.mot
datacolumns 128
datarows 200
range 0.000000 2.101267
endheader
time	pelvis_tilt	pelvis_list	pelvis_rotation	pelvis_tx	pelvis_ty	pelvis_tz	hip_flexion_l	hip_adduction_l	hip_rotation_l	hip_flexion_r	hip_adduction_r	hip_rotation_r	knee_angle_l	knee_angle_r	ankle_angle_l	ankle_angle_r	subtalar_angle_l	subtalar_angle_r	mtj_angle_l	mtj_angle_r	mtp_angle_l	mtp_angle_r	lumbar_extension	lumbar_bending	lumbar_rotation	arm_flex_l	arm_add_l	arm_rot_l	arm_flex_r	arm_add_r	arm_rot_r	elbow_flex_l	elbow_flex_r	pro_sup_l	pro_sup_r	glut_med1_l/activation	glut_med2_l/activation	glut_med3_l/activation	glut_min1_l/activation	glut_min2_l/activation	glut_min3_l/activation	semimem_l/activation	semiten_l/activation	bifemlh_l/activation	bifemsh_l/activation	sar_l/activation	add_long_l/activation	add_brev_l/activation	add_mag1_l/activation	add_mag2_l/activation	add_mag3_l/activation	tfl_l/activation	pect_l/activation	grac_l/activation	glut_max1_l/activation	glut_max2_l/activation	glut_max3_l/activation	iliacus_l/activation	psoas_l/activation	quad_fem_l/activation	gem_l/activation	peri_l/activation	rect_fem_l/activation	vas_med_l/activation	vas_int_l/activation	vas_lat_l/activation	med_gas_l/activation	lat_gas_l/activation	soleus_l/activation	tib_post_l/activation	flex_dig_l/activation	flex_hal_l/activation	tib_ant_l/activation	per_brev_l/activation	per_long_l/activation	per_tert_l/activation	ext_dig_l/activation	ext_hal_l/activation	ercspn_l/activation	intobl_l/activation	extobl_l/activation	glut_med1_r/activation	glut_med2_r/activation	glut_med3_r/activation	glut_min1_r/activation	glut_min2_r/activation	glut_min3_r/activation	semimem_r/activation	semiten_r/activation	bifemlh_r/activation	bifemsh_r/activation	sar_r/activation	add_long_r/activation	add_brev_r/activation	add_mag1_r/activation	add_mag2_r/activation	add_mag3_r/activation	tfl_r/activation	pect_r/activation	grac_r/activation	glut_max1_r/activation	glut_max2_r/activation	glut_max3_r/activation	iliacus_r/activation	psoas_r/activation	quad_fem_r/activation	gem_r/activation	peri_r/activation	rect_fem_r/activation	vas_med_r/activation	vas_int_r/activation	vas_lat_r/activation	med_gas_r/activation	lat_gas_r/activation	soleus_r/activation	tib_post_r/activation	flex_dig_r/activation	flex_hal_r/activation	tib_ant_r/activation	per_brev_r/activation	per_long_r/activation	per_tert_r/activation	ext_dig_r/activation	ext_hal_r/activation	ercspn_r/activation	intobl_r/activation	extobl_r/activation	
          0.00000000	         -2.92592365	         -1.46870224	          3.53455537	          0.00000000	          0.90863833	         -0.00329962	        -18.37251707	          0.71466883	          7.85437999	         29.64301687	          2.15551462	         -3.13621781	         -4.41828020	        -11.31237479	          8.28327229	         10.53017476	          5.83906970	          1.32363724	         -0.22046192	          4.05358728	          9.46529023	         -9.72376415	         -4.00712257	          0.28890944	         -1.61670940	          6.56869087	        -13.57099347	         19.38651050	         -5.79881995	        -13.48334768	          5.89296898	         32.29527564	         22.78485565	         86.51662706	         86.51662706	          0.37232974	          0.11245395	          0.09562638	          0.51590605	          0.26419984	          0.11963908	          0.05000151	          0.05000029	          0.05000023	          0.10249392	          0.11871951	          0.05000015	          0.05000022	          0.05000040	          0.05000140	          0.05000088	          0.68268495	          0.05000104	          0.05000112	          0.06169734	          0.05387146	          0.05000489	          0.39365899	          0.77930130	          0.05799734	          0.06914250	          0.08845091	          0.31770150	          0.05001227	          0.05001209	          0.05000855	          0.50185137	          0.56046028	          0.36705891	          0.28964291	          0.54179613	          0.37328178	          0.05000001	          0.05879869	          0.06870399	          0.05000023	          0.07790020	          0.09931770	          0.05000003	          0.05000008	          0.05000004	          0.05000024	          0.05000937	          0.05000084	          0.05879566	          0.05014146	          0.05000653	          0.22521405	          0.06846990	          0.32689953	          0.05933506	          0.05000178	          0.14720409	          0.13392223	          0.11480147	          0.08723767	          0.12122718	          0.05000062	          0.05005839	          0.10700358	          0.05000333	          0.05000114	          0.08419596	          0.05073477	          0.08817693	          0.11822599	          0.05018624	          0.05306888	          0.05000043	          0.05000141	          0.05000128	          0.05000086	          0.06402341	          0.05000026	          0.05000009	          0.05000022	          0.07949361	          0.05000794	          0.38433908	          0.12968791	          0.05003619	          0.26131868	          0.52104301	          0.15405152	          0.08674177	          0.09963295	          0.10553858	
          0.01055913	         -2.92941001	         -1.58393068	          3.89079102	          0.01598992	          0.90794983	         -0.00305240	        -18.43228432	          0.37801807	          7.53396636	         29.37618978	          2.44791015	         -3.00093571	         -6.02308314	        -11.16659607	          7.98429320	         10.35306560	          7.22910227	          1.25360370	         -1.31464074	          4.15181806	         11.92738169	         -9.89863514	         -3.88736792	          0.48170244	         -1.72761911	          6.41523480	        -13.51347093	         19.38296599	         -6.52465490	        -13.46144172	          5.66241441	         33.48282314	         22.37522146	         86.51662706	         86.51662706	          0.36057446	          0.09562530	          0.08131597	          0.43870862	          0.22466256	          0.10173519	          0.05000126	          0.05000024	          0.05000019	          0.08715579	          0.10095336	          0.10159608	          0.05000015	          0.05000017	          0.05000055	          0.05000049	          0.58057102	          0.05000150	          0.05000056	          0.05246786	          0.05000338	          0.05000102	          0.33474830	          0.77430216	          0.05000024	          0.05879575	          0.07521432	          0.30827024	          0.05000047	          0.05000044	          0.05000047	          0.43910719	          0.48479265	          0.35405872	          0.24629818	          0.56552153	          0.34229096	          0.05408423	          0.05000009	          0.05842253	          0.05000011	          0.06624249	          0.08445488	          0.05000004	          0.05000002	          0.05000003	          0.13723368	          0.05000014	          0.05818876	          0.05000012	          0.05000017	          0.05000030	          0.21683368	          0.05880244	          0.31242602	          0.06914661	          0.05949242	          0.16669603	          0.18509298	          0.10272640	          0.07418577	          0.15749296	          0.05879854	          0.06861055	          0.12305567	          0.05000937	          0.05879901	          0.11976039	          0.05345993	          0.07498285	          0.24964165	          0.05000675	          0.05000063	          0.05000018	          0.05000142	          0.05000118	          0.05000100	          0.06373295	          0.05000060	          0.05000011	          0.05103722	          0.07132552	          0.05688658	          0.39340323	          0.13134303	          0.05255214	          0.24569493	          0.54905309	          0.21077535	          0.07980698	          0.10495389	          0.08974483	
          0.02111826	         -2.93017632	         -1.69773638	          4.23084743	          0.03229783	          0.90739346	         -0.00277556	        -18.40961658	          0.02933530	          7.18521482	         29.12652861	          2.74329095	         -2.82642573	         -7.74963626	        -11.69870336	          7.46601589	          9.87086119	          8.64305233	          1.20990089	         -2.48538114	          4.26056003	         14.56327477	        -10.09311692	         -3.74598773	          0.68043372	         -1.83455638	          6.17381615	        -13.47154010	         19.37932167	         -7.29099408	        -13.45043635	          5.57479874	         34.69642381	         22.03569934	         86.51662706	         86.51662706	          0.31897664	          0.08131505	          0.06914710	          0.37305635	          0.19104199	          0.08651060	          0.05000412	          0.05000034	          0.05000027	          0.07411300	          0.08584583	          0.19624841	          0.15095232	          0.05001264	          0.05001451	          0.05000185	          0.54703796	          0.08140389	          0.05000334	          0.05000174	          0.05000126	          0.05000170	          0.28465347	          0.65842858	          0.05000025	          0.05000147	          0.06395857	          0.26213810	          0.13913043	          0.17862798	          0.11996535	          0.37339509	          0.41224378	          0.32529450	          0.20943984	          0.58507068	          0.29107167	          0.17720923	          0.11103415	          0.05758952	          0.05000026	          0.05632936	          0.07181627	          0.05000004	          0.05000077	          0.05000003	          0.11669704	          0.05879917	          0.05000014	          0.05880075	          0.05879951	          0.05002992	          0.18438476	          0.05000294	          0.26922746	          0.05879931	          0.05493079	          0.14815353	          0.15739435	          0.08735369	          0.25110685	          0.19235298	          0.05000061	          0.05835683	          0.10464142	          0.05000033	          0.05000014	          0.18980223	          0.06914778	          0.06914724	          0.51427935	          0.09566604	          0.05000044	          0.06914699	          0.05000082	          0.05000128	          0.05000120	          0.08131573	          0.05000022	          0.05000002	          0.05000007	          0.06914723	          0.06914638	          0.42692415	          0.18741064	          0.07712321	          0.27137018	          0.57609645	          0.17923305	          0.06786394	          0.08924765	          0.07631459	
          0.03167739	         -2.92843566	         -1.81062766	          4.54580339	          0.04887355	          0.90691084	         -0.00248884	        -18.30827887	         -0.32317689	          6.81269914	         28.86457704	          3.00115456	         -2.61731648	         -9.59413653	        -12.82227630	          6.75315076	          9.07087162	         10.02929540	          1.15596564	         -3.60097591	          4.29085788	         17.03017957	        -10.27941297	         -3.58701209	          0.88530971	         -1.93440228	          5.84581287	        -13.45114496	         19.38688708	         -8.07790951	        -13.45230282	          5.60403994	         35.94962586	         21.74469685	         86.51662706	         86.51662706	          0.27124478	          0.06914632	          0.05879929	          0.31722895	          0.16245271	          0.07356436	          0.05000157	          0.05000079	          0.05000107	          0.06302206	          0.07299912	          0.29801865	          0.44413395	          0.05879983	          0.05880521	          0.15551824	          0.46517530	          0.06922638	          0.05001775	          0.05003665	          0.05002273	          0.05004462	          0.24205529	          0.61121404	          0.05541005	          0.05000173	          0.05438724	          0.22290934	          0.15551847	          0.15551852	          0.13427583	          0.31751676	          0.35055178	          0.27662614	          0.17809732	          0.49752625	          0.24751326	          0.36115548	          0.18778841	          0.06262949	          0.05000006	          0.05000003	          0.06106902	          0.08862875	          0.05000026	          0.05029552	          0.20475564	          0.05000010	          0.05000116	          0.05000130	          0.05000028	          0.05000016	          0.15679176	          0.05000014	          0.22893778	          0.05000020	          0.05880004	          0.12598273	          0.36829048	          0.34082816	          0.22878267	          0.24253995	          0.05000048	          0.06915151	          0.08901243	          0.05000103	          0.18734291	          0.26277208	          0.05880010	          0.05879962	          0.56209501	          0.08135007	          0.09030166	          0.05879928	          0.07836723	          0.08513632	          0.06692450	          0.06914701	          0.06914706	          0.06889229	          0.05000005	          0.05879952	          0.05879936	          0.49797919	          0.17120917	          0.07552970	          0.23075985	          0.62387566	          0.15241098	          0.05770816	          0.10784839	          0.06489417	
          0.04223652	         -2.92456017	         -1.93078898	          4.82135516	          0.06558256	          0.90647849	         -0.00218301	        -18.05826380	         -0.66992237	          6.44247590	         28.50834281	          3.22543675	         -2.39350616	        -11.68974350	        -13.96693655	          5.91791726	          8.17519946	         11.34580577	          1.14230528	         -4.56300779	          4.44921296	         19.04788472	        -10.32821899	         -3.42039761	          1.10326578	         -2.02654294	          5.44071848	        -13.45157525	         19.38386552	         -8.83822672	        -13.47052474	          5.76342006	         37.24410468	         21.45575985	         86.51662706	         86.51662706	          0.23065394	          0.05879863	          0.05000003	          0.43533705	          0.13814180	          0.06255552	          0.05020607	          0.05000029	          0.05000014	          0.05359089	          0.06207491	          0.36448653	          0.62306574	          0.05000077	          0.05000756	          0.13224585	          0.54649648	          0.05886739	          0.05000019	          0.05000052	          0.05000033	          0.05000031	          0.20583191	          0.60398742	          0.05000002	          0.05000011	          0.05000003	          0.18955347	          0.13224556	          0.13224556	          0.11418181	          0.27000058	          0.29809195	          0.23522922	          0.15144519	          0.42307208	          0.21047330	          0.48270483	          0.19561770	          0.06914709	          0.09572178	          0.05000015	          0.05193009	          0.10670717	          0.05000000	          0.05000004	          0.35240779	          0.32662883	          0.32715929	          0.22503790	          0.21870927	          0.20095854	          0.13332800	          0.11996540	          0.19467741	          0.05879744	          0.05000083	          0.10712955	          0.31317616	          0.30960027	          0.33502874	          0.27902124	          0.05000033	          0.05880339	          0.14254013	          0.27229901	          0.27369078	          0.32377929	          0.05000073	          0.05000034	          0.47797820	          0.06917629	          0.07678837	          0.05000006	          0.06664021	          0.07549365	          0.05691027	          0.05879921	          0.05879926	          0.05858260	          0.08495152	          0.05000028	          0.05000025	          0.55614737	          0.14558785	          0.06422674	          0.54855211	          0.77926202	          0.50257163	          0.09146761	          0.11245603	          0.05518281	
          0.05279564	         -2.92056582	         -2.04078759	          5.04462978	          0.08207361	          0.90623241	         -0.00183942	        -17.53413469	         -0.98459007	          6.09145737	         28.16674427	          3.43679064	         -2.23715312	        -14.22171899	        -15.05043795	          4.99235173	          6.97945735	         12.63914393	          1.07211569	         -5.24536151	          4.60405407	         20.24861569	        -10.41515675	         -3.28002027	          1.31736129	         -2.10555728	          5.02099777	        -13.46135813	         19.36125455	         -9.48104580	        -13.49705562	          6.07471169	         38.51832598	         21.08724790	         86.51662706	         86.51662706	          0.19613676	          0.05000003	          0.05000001	          0.37018924	          0.11746901	          0.05319416	          0.05000234	          0.05000014	          0.05000016	          0.05000004	          0.05278553	          0.38238872	          0.70107564	          0.34157237	          0.13231276	          0.11245562	          0.55567796	          0.05005842	          0.05000013	          0.05000071	          0.05000054	          0.05000077	          0.17502932	          0.54768062	          0.05000003	          0.05000014	          0.05000007	          0.17647550	          0.11245519	          0.11245519	          0.09709466	          0.22959517	          0.25348269	          0.20002732	          0.14307147	          0.35975972	          0.20050869	          0.48021864	          0.16634367	          0.05879930	          0.08139711	          0.05000011	          0.05000003	          0.13580476	          0.05000000	          0.05000004	          0.41710826	          0.42574054	          0.42689756	          0.19136170	          0.18598037	          0.17093654	          0.11337557	          0.12115920	          0.16554408	          0.05000031	          0.05000015	          0.09109776	          0.32132416	          0.43250973	          0.41586604	          0.30493657	          0.05000022	          0.05000446	          0.14412653	          0.35919561	          0.32947675	          0.36921214	          0.05000003	          0.05000004	          0.40646121	          0.05882438	          0.06529965	          0.05000004	          0.21766814	          0.22088463	          0.18823405	          0.05000001	          0.05000006	          0.05000000	          0.07223866	          0.05000027	          0.05000035	          0.58602418	          0.12380079	          0.05461533	          0.73240993	          0.84654327	          0.70807186	          0.12001366	          0.09562707	          0.05000002	
          0.06335477	         -2.91634115	         -2.13221300	          5.21731907	          0.09822098	          0.90627269	         -0.00147447	        -16.71118337	         -1.25627002	          5.79129250	         27.83834125	          3.64005967	         -2.13245515	        -17.19432248	        -16.09883090	          3.94219034	          5.73651015	         13.88838602	          0.94463823	         -5.60572694	          4.75042833	         20.41399144	        -10.49443245	         -3.17101963	          1.51940025	         -2.17110909	          4.61772524	        -13.46736036	         19.31993730	         -9.97455664	        -13.52666840	          6.52689528	         39.71718099	         20.60674385	         86.51662706	         86.51662706	          0.16678503	          0.05000075	          0.05000073	          0.31479072	          0.09988993	          0.05000095	          0.05008401	          0.05000267	          0.05411247	          0.05000013	          0.05000054	          0.35713778	          0.74637309	          0.43847790	          0.11251394	          0.09562679	          0.57543691	          0.13473245	          0.05001469	          0.05003543	          0.05016219	          0.06914813	          0.14883632	          0.46732725	          0.05692287	          0.05005444	          0.05000183	          0.15006609	          0.09562636	          0.09562636	          0.08256452	          0.19523640	          0.21554918	          0.17009336	          0.17014499	          0.30592196	          0.20819156	          0.42029325	          0.14145045	          0.05000003	          0.06921611	          0.05000019	          0.34594268	          0.16294266	          0.05000002	          0.05000003	          0.46655164	          0.46219303	          0.47383403	          0.16272488	          0.15814888	          0.14535681	          0.09640901	          0.10302902	          0.14077054	          0.05000022	          0.05000035	          0.07746526	          0.33517118	          0.41642830	          0.40921302	          0.31312118	          0.05000031	          0.05001481	          0.12255859	          0.37895849	          0.34150301	          0.37345153	          0.05000010	          0.05000010	          0.36534055	          0.05002213	          0.05608408	          0.05000010	          0.35123173	          0.34628988	          0.30082829	          0.05000003	          0.05000011	          0.05000001	          0.06142826	          0.05000062	          0.05000076	          0.61216866	          0.10527434	          0.05000125	          0.80054084	          0.90994014	          0.79224821	          0.12832394	          0.08131654	          0.05000004	
          0.07391390	         -2.91116971	         -2.20955488	          5.34611638	          0.11406537	          0.90661546	         -0.00109559	        -15.63986204	         -1.49184266	          5.56575736	         27.44686082	          3.84512226	         -2.03678277	        -20.48235251	        -17.04114764	          2.67135114	          4.70829864	         15.04055184	          0.77991876	         -5.68292993	          4.87042888	         19.65904142	        -10.55342608	         -3.08036165	          1.71040117	         -2.22593974	          4.23216494	        -13.46618527	         19.26789631	        -10.33367968	        -13.55477124	          7.07404534	         40.81561193	         20.03355861	         86.51662706	         86.51662706	          0.14182578	          0.05000021	          0.05000016	          0.26768260	          0.08494157	          0.05000046	          0.05372419	          0.05000039	          0.05000063	          0.05000011	          0.05000129	          0.32470837	          0.66846069	          0.37286327	          0.09567670	          0.08131635	          0.59874894	          0.31017190	          0.05933563	          0.05000475	          0.05000295	          0.05880069	          0.12656314	          0.39739205	          0.14580637	          0.05000272	          0.05000021	          0.12760891	          0.08131595	          0.08131594	          0.07020880	          0.16601940	          0.18329240	          0.14463900	          0.16283694	          0.26014096	          0.17703620	          0.35739664	          0.12028251	          0.06437373	          0.05885798	          0.05000032	          0.61615043	          0.17300486	          0.05000003	          0.05000003	          0.52275000	          0.49321781	          0.50534284	          0.13837363	          0.13448255	          0.12360588	          0.08198151	          0.08761148	          0.11970435	          0.05000024	          0.05000041	          0.06587297	          0.28501664	          0.35733013	          0.37707090	          0.31474208	          0.05000035	          0.05001617	          0.10421821	          0.38125174	          0.33711397	          0.35947538	          0.05000011	          0.05000012	          0.31840062	          0.05002793	          0.07113628	          0.05000016	          0.38902731	          0.45896294	          0.33131792	          0.05000004	          0.05000012	          0.05000001	          0.05223574	          0.05000054	          0.05000064	          0.64135376	          0.09481545	          0.05357260	          0.84927580	          0.94714615	          0.87807553	          0.12704019	          0.06914758	          0.05000005	
          0.08447303	         -2.90490768	         -2.27523954	          5.43837440	          0.12963534	          0.90723668	         -0.00070674	        -14.37647811	         -1.69679457	          5.38242280	         26.96615296	          4.05426808	         -1.92877977	        -23.95732794	        -17.84460194	          1.12122077	          3.92447342	         16.03869741	          0.59516065	         -5.46848006	          4.95791035	         18.05606656	        -10.60860038	         -3.00063987	          1.88902665	         -2.27285899	          3.86799721	        -13.46012937	         19.22085897	        -10.57960420	        -13.57713495	          7.65581479	         41.79979952	         19.40668075	         86.51662706	         86.51662706	          0.12060166	          0.05000013	          0.05000012	          0.22762440	          0.07223039	          0.05000068	          0.06509756	          0.05000018	          0.05000029	          0.05000011	          0.07576694	          0.27611640	          0.56842613	          0.31706474	          0.08135892	          0.06914745	          0.62689066	          0.33732292	          0.06786692	          0.05000204	          0.05000109	          0.05000168	          0.11052567	          0.33792260	          0.23148772	          0.05001076	          0.05001558	          0.13547559	          0.06914708	          0.06914708	          0.05970211	          0.14117470	          0.15586283	          0.12299386	          0.15564832	          0.22121106	          0.15054304	          0.30391246	          0.10228238	          0.09478507	          0.05004994	          0.21520821	          0.77472847	          0.17905964	          0.05423999	          0.05000003	          0.58317061	          0.52249550	          0.52548123	          0.11766760	          0.11436207	          0.15666410	          0.06971311	          0.07451058	          0.10179075	          0.05000025	          0.05000057	          0.05601558	          0.24236520	          0.30386832	          0.35303132	          0.31605737	          0.05000032	          0.05001314	          0.08862248	          0.38289924	          0.32779623	          0.34133785	          0.05000013	          0.05000012	          0.27075286	          0.05000382	          0.08080003	          0.05000017	          0.43354371	          0.46303729	          0.37345684	          0.05000004	          0.05000011	          0.05000002	          0.05000140	          0.05000045	          0.05000055	          0.65079883	          0.08087245	          0.05039911	          0.91153232	          0.96898141	          0.92844557	          0.12044427	          0.05879969	          0.05000006	
          0.09503216	         -2.89765404	         -2.33318885	          5.50311635	          0.14494303	          0.90807490	         -0.00031080	        -12.98132182	         -1.87350544	          5.20350824	         26.40419438	          4.27031572	         -1.79456750	        -27.48701990	        -18.52016588	         -0.66003734	          3.36171102	         16.78550809	          0.39861957	         -4.95372994	          5.01853044	         15.82770683	        -10.67092087	         -2.92878226	          2.05501093	         -2.31431390	          3.53092373	        -13.45338008	         19.19199246	        -10.73326058	        -13.59221484	          8.22170961	         42.66613056	         18.76722942	         86.51662706	         86.51662706	          0.10255372	          0.05001577	          0.05090283	          0.19359084	          0.07006000	          0.05881080	          0.07291443	          0.05000079	          0.05000105	          0.05000031	          0.18727164	          0.24041838	          0.48336160	          0.26961637	          0.06918375	          0.05879962	          0.63716883	          0.28685818	          0.09380009	          0.05000645	          0.05000149	          0.05000036	          0.13919874	          0.28735273	          0.23687204	          0.10359689	          0.05867574	          0.11520179	          0.05879928	          0.05879927	          0.05076773	          0.12004800	          0.13253807	          0.10458791	          0.13235588	          0.18810708	          0.12801474	          0.26619169	          0.08697590	          0.08060055	          0.06947868	          0.29530699	          0.86779374	          0.17617963	          0.07947102	          0.05000003	          0.62623380	          0.53483933	          0.52857624	          0.10006085	          0.09726242	          0.18363988	          0.05928073	          0.06952158	          0.08655796	          0.05000018	          0.05000030	          0.05000083	          0.21130374	          0.27617199	          0.32157333	          0.30108750	          0.05000040	          0.05000603	          0.07536124	          0.37543283	          0.31063093	          0.30896107	          0.05000009	          0.05000010	          0.23023618	          0.05000630	          0.08736084	          0.05000020	          0.45864941	          0.53253177	          0.36224238	          0.05000002	          0.05000007	          0.05000001	          0.05310087	          0.05000028	          0.05000033	          0.65589909	          0.07122682	          0.05312705	          0.94807996	          0.98179597	          0.95800649	          0.11633781	          0.05000036	          0.05000005	
          0.10559129	         -2.88970326	         -2.38576660	          5.55077069	          0.15997744	          0.90905101	          0.00009052	        -11.49350066	         -2.01829471	          5.01287981	         25.77685113	          4.49398681	         -1.62671157	        -31.00023458	        -19.08344417	         -2.20137263	          2.96605573	         17.23090793	          0.19888457	         -4.17545584	          5.05683106	         13.46163760	        -10.73432024	         -2.86709604	          2.20558403	         -2.34882443	          3.23047613	        -13.44992568	         19.18822577	        -10.81204903	        -13.59987086	          8.74177073	         43.41969069	         18.14879106	         86.51662706	         86.51662706	          0.08720664	          0.05000019	          0.05000029	          0.16462052	          0.05957586	          0.05001022	          0.07853995	          0.05000073	          0.05000148	          0.05000228	          0.18509299	          0.24642545	          0.41647355	          0.22927076	          0.05883073	          0.05000042	          0.64884725	          0.43861363	          0.15624293	          0.05000200	          0.05000082	          0.05000034	          0.15054636	          0.24435064	          0.21263935	          0.09029468	          0.05001651	          0.17051948	          0.05000005	          0.05000004	          0.05000002	          0.10208294	          0.15128645	          0.08893641	          0.12810635	          0.22959894	          0.20492251	          0.29833716	          0.07396005	          0.06914780	          0.05908128	          0.25111451	          0.73792899	          0.16269583	          0.08951198	          0.05000003	          0.65975022	          0.53947625	          0.52829418	          0.08509157	          0.10275677	          0.19579491	          0.05646499	          0.08201640	          0.07864868	          0.05000020	          0.05000031	          0.05000078	          0.19454364	          0.29599256	          0.32898607	          0.29388017	          0.05000029	          0.05000468	          0.06408671	          0.37545495	          0.30066095	          0.29507101	          0.05000008	          0.05000008	          0.19578248	          0.05000588	          0.08311543	          0.05000012	          0.43126251	          0.51393316	          0.41558192	          0.05000002	          0.05000006	          0.05000001	          0.06342359	          0.05000027	          0.05000031	          0.65661900	          0.06750929	          0.05624831	          0.96952872	          0.98931651	          0.97535503	          0.11439418	          0.05000002	          0.05000007	
          0.11615042	         -2.88153612	         -2.42891387	          5.58708347	          0.17475530	          0.91012868	          0.00048987	         -9.95335395	         -2.12827862	          4.80470684	         25.09480939	          4.72028332	         -1.41850852	        -34.37234334	        -19.55294478	         -2.90246405	          2.72327883	         17.45436797	          0.00118590	         -3.36678762	          5.07502368	         11.22512155	        -10.77649724	         -2.81635350	          2.33533880	         -2.37468776	          2.96786307	        -13.44999358	         19.20485637	        -10.82737449	        -13.59992278	          9.20461757	         44.06254209	         17.56586883	         86.51662706	         86.51662706	          0.07415625	          0.05000020	          0.05000018	          0.13998805	          0.05066098	          0.05000077	          0.07095213	          0.05000079	          0.05000070	          0.05001000	          0.20989919	          0.24440653	          0.37327862	          0.19496188	          0.05002714	          0.05000017	          0.65116169	          0.46976198	          0.16305877	          0.05000156	          0.05000059	          0.05000020	          0.16024790	          0.20778402	          0.18081815	          0.07678384	          0.05000073	          0.18264368	          0.05000004	          0.05000004	          0.05000002	          0.08680636	          0.13161567	          0.07562714	          0.12742187	          0.22030912	          0.17425785	          0.31628378	          0.06289205	          0.05879990	          0.05023997	          0.34486378	          0.73063583	          0.14796060	          0.08633674	          0.05000004	          0.68688400	          0.53134291	          0.51171671	          0.07235992	          0.08738891	          0.19898985	          0.05712686	          0.08664264	          0.07510529	          0.05000019	          0.05000031	          0.05000066	          0.18706337	          0.28725149	          0.32131667	          0.28068759	          0.05000030	          0.05000451	          0.05450568	          0.36218797	          0.28377815	          0.27437395	          0.05000007	          0.05000008	          0.16648418	          0.05000962	          0.07067978	          0.05000012	          0.48098215	          0.48377616	          0.36361374	          0.05000002	          0.05000006	          0.05000000	          0.07070074	          0.05000024	          0.05000025	          0.65818298	          0.08357355	          0.06914743	          0.82624173	          0.99373011	          0.98553639	          0.11310813	          0.05000003	          0.05000008	
          0.12670955	         -2.87328685	         -2.46192926	          5.61333274	          0.18931553	          0.91130443	          0.00088147	         -8.38365541	         -2.21083263	          4.57595060	         24.36902207	          4.94810650	         -1.16512946	        -37.50213535	        -19.95497428	         -3.07611879	          2.65413046	         17.46432756	         -0.18749801	         -2.61099017	          5.08790353	          9.07761363	        -10.77307754	         -2.77441974	          2.44579297	         -2.39142292	          2.73678173	        -13.45167137	         19.23291567	        -10.78619161	        -13.59356098	          9.61146288	         44.59507569	         17.02192540	         86.51662706	         86.51662706	          0.06305885	          0.05000016	          0.05000014	          0.11908769	          0.05000216	          0.05000085	          0.06036169	          0.08113593	          0.05001016	          0.08025825	          0.23249590	          0.23783043	          0.37066262	          0.16578715	          0.05000109	          0.05000015	          0.64955770	          0.47661584	          0.20885547	          0.05000125	          0.05000047	          0.05000015	          0.15831756	          0.18005828	          0.15375891	          0.06529456	          0.05000073	          0.24495388	          0.05000003	          0.05000002	          0.05000001	          0.07381594	          0.11192018	          0.06430960	          0.10845137	          0.18734601	          0.14818134	          0.31810098	          0.05348035	          0.05000059	          0.05000044	          0.36517960	          0.65190831	          0.13820357	          0.08905335	          0.05000005	          0.70401388	          0.52077267	          0.49486694	          0.07116636	          0.08462627	          0.21834729	          0.06126332	          0.09158820	          0.07583787	          0.05000021	          0.05000031	          0.05000120	          0.21497592	          0.30013012	          0.32073748	          0.26924110	          0.05000029	          0.05000655	          0.05041440	          0.34906228	          0.26849710	          0.25971024	          0.05000008	          0.05000008	          0.14157011	          0.05000297	          0.06010599	          0.05000012	          0.44342944	          0.52891047	          0.39831661	          0.05000003	          0.05000007	          0.05000001	          0.09847913	          0.05000032	          0.05000027	          0.62652534	          0.07106703	          0.05879973	          0.70259536	          0.99632027	          0.99151118	          0.10726687	          0.05000004	          0.05000008	
          0.13726867	         -2.86531855	         -2.48592436	          5.62963210	          0.20368156	          0.91257650	          0.00126231	         -6.78722046	         -2.27014346	          4.32941843	         23.59577268	          5.17639565	         -0.86812895	        -40.36157532	        -20.28983866	         -2.92025067	          2.80722754	         17.28740335	         -0.36186673	         -1.91300391	          5.10773013	          7.03247559	        -10.71229318	         -2.74075189	          2.53958450	         -2.39842838	          2.53187501	        -13.45437694	         19.26589031	        -10.69211197	        -13.58275244	          9.96999688	         45.02241190	         16.51980044	         86.51662706	         86.51662706	          0.05362221	          0.05000016	          0.05000012	          0.15243888	          0.05000269	          0.05000069	          0.05212185	          0.11127854	          0.05054390	          0.09341379	          0.23496666	          0.22759001	          0.36240769	          0.14097833	          0.05000152	          0.05000015	          0.64242542	          0.46195173	          0.23027496	          0.05000117	          0.05000041	          0.05000013	          0.15044428	          0.15979257	          0.13074905	          0.05552490	          0.05000043	          0.28590648	          0.05000003	          0.05000003	          0.05000002	          0.06357184	          0.09561027	          0.05468575	          0.11165912	          0.19587102	          0.13055394	          0.31847460	          0.05000012	          0.05000007	          0.05000049	          0.37732632	          0.56601920	          0.12657678	          0.08989071	          0.05000005	          0.71458026	          0.50928806	          0.47718599	          0.16120174	          0.16280509	          0.25470237	          0.06511041	          0.09524565	          0.07662907	          0.05000020	          0.05000030	          0.05000079	          0.18280653	          0.26468870	          0.30192597	          0.25472117	          0.05000030	          0.05000483	          0.05005757	          0.33539768	          0.25195023	          0.24096787	          0.05000007	          0.05000007	          0.12038436	          0.05000238	          0.05111566	          0.05000011	          0.47762695	          0.55365813	          0.41626263	          0.05000005	          0.05000013	          0.05000003	          0.14206714	          0.05887331	          0.05546340	          0.57514705	          0.06043194	          0.05000046	          0.59745248	          0.95849909	          0.85102700	          0.10205191	          0.05000004	          0.05000009	
          0.14782780	         -2.85848286	         -2.49938360	          5.63561335	          0.21785760	          0.91397123	          0.00162714	         -5.16396701	         -2.30760957	          4.06448917	         22.76315291	          5.39941156	         -0.53362808	        -42.93373180	        -20.53626902	         -2.53495807	          3.19509052	         16.94930628	         -0.52893206	         -1.25359355	          5.11341534	          5.10052507	        -10.61640477	         -2.71705071	          2.61662609	         -2.39499571	          2.35252555	        -13.45617443	         19.30031406	        -10.54279059	        -13.56794311	         10.29157575	         45.34226154	         16.05539892	         86.51662706	         86.51662706	          0.05000023	          0.05000014	          0.05000010	          0.19864680	          0.05000240	          0.05000059	          0.06058491	          0.13644701	          0.09840083	          0.11075576	          0.23134803	          0.21737588	          0.35832033	          0.11988211	          0.05000137	          0.05000014	          0.63011810	          0.44245585	          0.25192729	          0.05000100	          0.05000034	          0.05000010	          0.13968676	          0.14403718	          0.11118259	          0.05000316	          0.05000038	          0.31204525	          0.05000003	          0.05000003	          0.05000002	          0.05656854	          0.08130381	          0.05000004	          0.10731337	          0.20532454	          0.11899303	          0.32060667	          0.05000026	          0.05000012	          0.05696559	          0.38048255	          0.52168965	          0.11824850	          0.08951608	          0.05000006	          0.71530520	          0.49091882	          0.45126431	          0.24502206	          0.23373796	          0.28588542	          0.07202796	          0.10168203	          0.07944545	          0.05000021	          0.05000031	          0.05000064	          0.15545031	          0.22860123	          0.27637273	          0.23699783	          0.05000032	          0.05000369	          0.05000947	          0.31592302	          0.23100153	          0.21639404	          0.05000007	          0.05000008	          0.10236902	          0.05000200	          0.05000670	          0.05000011	          0.48914293	          0.56831847	          0.42681360	          0.05000008	          0.05000022	          0.05000006	          0.14287355	          0.05008879	          0.05450573	          0.51972884	          0.05138846	          0.05000024	          0.50804418	          0.81507267	          0.75154108	          0.09493605	          0.05000004	          0.05000010	
          0.15838693	         -2.85362451	         -2.50107859	          5.63045837	          0.23183790	          0.91550996	          0.00197364	         -3.50875283	         -2.32382346	          3.78205096	         21.86142242	          5.61224089	         -0.16529016	        -45.22193185	        -20.66026083	         -1.99028136	          3.73030579	         16.47399660	         -0.67260396	         -0.62542540	          5.08351213	          3.28793390	        -10.51589234	         -2.70596965	          2.67674944	         -2.38084504	          2.19949055	        -13.45561361	         19.33308370	        -10.33411570	        -13.54949127	         10.58905503	         45.55250196	         15.62451496	         86.51662706	         86.51662706	          0.05000035	          0.05000015	          0.05000010	          0.22108501	          0.05000223	          0.05000055	          0.06576647	          0.15043539	          0.08400842	          0.12936641	          0.22636020	          0.20530992	          0.34775482	          0.10194272	          0.05000150	          0.05000015	          0.61439921	          0.41813350	          0.27223058	          0.05000095	          0.05000030	          0.05000010	          0.12861960	          0.13102553	          0.09454424	          0.05000318	          0.05000034	          0.32241526	          0.05000003	          0.05000003	          0.05000002	          0.05001142	          0.06913735	          0.05000004	          0.09146368	          0.22008570	          0.12125007	          0.32577971	          0.05000041	          0.05000012	          0.08799574	          0.37450962	          0.52688390	          0.10994292	          0.08979710	          0.05000007	          0.70789536	          0.46603938	          0.41905129	          0.30183300	          0.28507692	          0.31705961	          0.08077943	          0.11218127	          0.08412214	          0.05000029	          0.05000032	          0.05000061	          0.13218776	          0.19451066	          0.24615839	          0.21957293	          0.05000034	          0.05000374	          0.05670684	          0.29201003	          0.20730161	          0.19068231	          0.05000007	          0.05000008	          0.08704966	          0.05000176	          0.05000875	          0.05000008	          0.49051162	          0.57045932	          0.42806238	          0.05000008	          0.05000021	          0.05000006	          0.15336184	          0.05002403	          0.05002149	          0.47223820	          0.05000035	          0.05000022	          0.43201579	          0.73698001	          0.64574883	          0.08982869	          0.05000005	          0.05000010	
          0.16894606	         -2.85112583	         -2.48909362	          5.61368723	          0.24562774	          0.91717959	          0.00229970	         -1.81845322	         -2.31847940	          3.48330874	         20.88268809	          5.80875668	          0.23249070	        -47.23813887	        -20.63308280	         -1.33565770	          4.31956586	         15.88525610	         -0.78473653	         -0.03056855	          5.02286983	          1.59890070	        -10.41209606	         -2.70898790	          2.71880550	         -2.35570987	          2.07091292	        -13.45337009	         19.36140979	        -10.06744351	        -13.52868077	         10.87106706	         45.65836116	         15.22994798	         86.51662706	         86.51662706	          0.05000041	          0.05000014	          0.05000009	          0.26194914	          0.05000237	          0.05000053	          0.06242156	          0.14895995	          0.07144001	          0.14784667	          0.22096707	          0.19170983	          0.33363235	          0.08668772	          0.05000139	          0.05000014	          0.59678447	          0.39418852	          0.28663686	          0.05000083	          0.05000025	          0.05000009	          0.11862410	          0.12055924	          0.08039581	          0.05000223	          0.05000031	          0.31783175	          0.05000003	          0.05000003	          0.05000002	          0.05000025	          0.05879124	          0.05000002	          0.07777720	          0.20909167	          0.10311587	          0.32732208	          0.05000022	          0.05000010	          0.09863072	          0.36850909	          0.54719461	          0.10318430	          0.08800924	          0.05000008	          0.69508098	          0.43897638	          0.38090629	          0.36138097	          0.33837520	          0.34663520	          0.08641899	          0.11997418	          0.08749852	          0.05000061	          0.05000037	          0.05000054	          0.11240631	          0.16547603	          0.22017757	          0.20613068	          0.05000034	          0.05000333	          0.05884592	          0.26982355	          0.18536297	          0.16983049	          0.05000008	          0.05000008	          0.07402283	          0.05000164	          0.05000485	          0.05000007	          0.47729922	          0.55667545	          0.41715082	          0.05000006	          0.05000015	          0.05000002	          0.16159320	          0.05003741	          0.05003113	          0.42053858	          0.05000044	          0.05000024	          0.36736505	          0.64865684	          0.54911514	          0.08568881	          0.05000005	          0.05000011	
          0.17950519	         -2.85087713	         -2.46194559	          5.58466731	          0.25924193	          0.91893907	          0.00260386	         -0.09346563	         -2.29203717	          3.17022725	         19.82626627	          5.98310336	          0.65436666	        -48.99798709	        -20.44597148	         -0.60322416	          4.90056228	         15.20534399	         -0.86427190	          0.52841986	          4.94134839	          0.03367717	        -10.28735982	         -2.72631813	          2.74213987	         -2.31940589	          1.96280298	        -13.45109907	         19.38166430	         -9.74765905	        -13.50744337	         11.14159710	         45.66936754	         14.87785968	         86.51662706	         86.51662706	          0.05000048	          0.05000014	          0.05000009	          0.30736237	          0.05000276	          0.05000053	          0.05382118	          0.13224558	          0.06075006	          0.16568336	          0.21691464	          0.17953491	          0.31268277	          0.07371549	          0.05000125	          0.05000014	          0.57656539	          0.37388891	          0.29575730	          0.05000073	          0.05000021	          0.05000008	          0.11036372	          0.11198647	          0.06836471	          0.05000212	          0.05000031	          0.29997477	          0.05000004	          0.05000004	          0.05000002	          0.05000024	          0.05000040	          0.05000003	          0.06617172	          0.18451980	          0.08769210	          0.33048189	          0.05000022	          0.05000010	          0.09715964	          0.36109519	          0.54951892	          0.09882498	          0.08404924	          0.05000009	          0.67854168	          0.41575182	          0.34056305	          0.42798953	          0.39368015	          0.37632557	          0.08706223	          0.11945291	          0.08723939	          0.05000023	          0.05000031	          0.05000047	          0.09558513	          0.14704642	          0.21991089	          0.19727324	          0.05000036	          0.05000269	          0.05004257	          0.25446288	          0.17094361	          0.15958987	          0.05000007	          0.05000007	          0.06294548	          0.05000127	          0.05000277	          0.05000009	          0.44881894	          0.52599440	          0.39301460	          0.05000017	          0.05000044	          0.05000826	          0.17107442	          0.05000102	          0.05000186	          0.37099164	          0.05000055	          0.05000041	          0.31238929	          0.56668860	          0.46694128	          0.08234533	          0.05000006	          0.05000011	
          0.19006432	         -2.85240033	         -2.41911147	          5.54210506	          0.27269982	          0.92073344	          0.00288571	          1.66259361	         -2.24629825	          2.84538909	         18.69935512	          6.13052420	          1.09301714	        -50.51715112	        -20.10885193	          0.18395982	          5.43334819	         14.45478268	         -0.91324843	          1.04774436	          4.86118613	         -1.40665278	        -10.12133358	         -2.75720136	          2.74728126	         -2.27197317	          1.87007115	        -13.44991283	         19.38764709	         -9.38037101	        -13.48771489	         11.39994441	         45.59508652	         14.57387622	         86.51662706	         86.51662706	          0.05000063	          0.05000015	          0.05000009	          0.36149331	          0.05000508	          0.05000057	          0.05011838	          0.11245522	          0.05165966	          0.18333453	          0.21370586	          0.16831219	          0.28380493	          0.06268451	          0.05000100	          0.05000013	          0.55534908	          0.35349472	          0.29821902	          0.05000063	          0.05000018	          0.05000007	          0.10461282	          0.10628389	          0.05813411	          0.05000196	          0.05000031	          0.27245579	          0.05000005	          0.05000004	          0.05000003	          0.05000012	          0.05000030	          0.05000002	          0.05917582	          0.15690889	          0.07457512	          0.33571477	          0.05000021	          0.05000009	          0.11708619	          0.35421269	          0.55737497	          0.09600477	          0.07641006	          0.05000010	          0.65931947	          0.39820899	          0.30327185	          0.51260242	          0.45466066	          0.40407805	          0.08681356	          0.11799309	          0.08659463	          0.05000027	          0.05000032	          0.05000040	          0.08128117	          0.12507558	          0.20410546	          0.19286030	          0.05000037	          0.05000229	          0.05000496	          0.24404092	          0.16102061	          0.15344373	          0.05000007	          0.05000007	          0.05352591	          0.05000110	          0.05000224	          0.05000009	          0.40668287	          0.48042151	          0.35714322	          0.05000007	          0.05000018	          0.06265711	          0.17902967	          0.05000465	          0.05000405	          0.33328301	          0.05000110	          0.05031197	          0.26564102	          0.53207131	          0.39706423	          0.07979486	          0.05000006	          0.05000012	
          0.20062345	         -2.85500655	         -2.36082640	          5.48386318	          0.28602018	          0.92250284	          0.00314508	          3.44442470	         -2.18394500	          2.51199161	         17.51517126	          6.24795578	          1.54135851	        -51.81228332	        -19.64243845	          1.00983652	          5.88328433	         13.65215561	         -0.94163769	          1.52316848	          4.78833968	         -2.71489716	         -9.89912045	         -2.80038099	          2.73603303	         -2.21382665	          1.78717867	        -13.44970717	         19.36980897	         -8.97036401	        -13.47128793	         11.64092881	         45.44371053	         14.32204996	         86.51662706	         86.51662706	          0.05000051	          0.05000016	          0.05000010	          0.38671575	          0.05000548	          0.05000060	          0.05004960	          0.09562642	          0.05000092	          0.20122656	          0.21245235	          0.16016051	          0.24830080	          0.05330454	          0.05000087	          0.05000012	          0.53307301	          0.33661970	          0.29450796	          0.05000056	          0.05000016	          0.05000007	          0.10195060	          0.10393073	          0.05000043	          0.05000211	          0.05000031	          0.23518476	          0.05000006	          0.05000005	          0.05000004	          0.05000011	          0.05000026	          0.05000002	          0.05391494	          0.13342803	          0.06342313	          0.34024761	          0.05000023	          0.05000010	          0.14260769	          0.34719317	          0.56353743	          0.09584000	          0.06654370	          0.05000010	          0.63765408	          0.38407194	          0.27104260	          0.59834271	          0.50673228	          0.42663649	          0.08058629	          0.10959025	          0.08190057	          0.05000018	          0.05000029	          0.05000032	          0.06911783	          0.10638910	          0.20402878	          0.19176174	          0.05000040	          0.05000180	          0.05000160	          0.23948858	          0.15751259	          0.15364566	          0.05000006	          0.05000006	          0.05000039	          0.05000089	          0.05000178	          0.05000013	          0.35944022	          0.42732047	          0.31590580	          0.05000006	          0.05000013	          0.08248654	          0.18638118	          0.05000625	          0.05000320	          0.30243233	          0.05000240	          0.06142539	          0.22589688	          0.47339977	          0.33764410	          0.07792027	          0.05000006	          0.05000011	
          0.21118258	         -2.85791129	         -2.28763118	          5.40721538	          0.29922076	          0.92419138	          0.00338179	          5.24641000	         -2.10719256	          2.17303888	         16.28799897	          6.33439421	          1.99427216	        -52.90293259	        -19.07497622	          1.86423064	          6.25586246	         12.81713961	         -0.95885269	          1.94882536	          4.71426284	         -3.87994463	         -9.62515513	         -2.85411690	          2.71072623	         -2.14585236	          1.70865470	        -13.44980121	         19.31819453	         -8.52121913	        -13.45941892	         11.85625631	         45.22157412	         14.12449010	         86.51662706	         86.51662706	          0.05000294	          0.05000016	          0.05000009	          0.35370109	          0.05024136	          0.05000064	          0.05002115	          0.08131603	          0.05000055	          0.22069355	          0.21284249	          0.15503545	          0.21412610	          0.05000104	          0.05000068	          0.05000011	          0.50828522	          0.32617731	          0.28451504	          0.05000046	          0.05000013	          0.05000006	          0.10175156	          0.10337420	          0.05000037	          0.05000145	          0.05000028	          0.19998955	          0.05000007	          0.05000007	          0.05000004	          0.05000008	          0.05000019	          0.05000001	          0.05001855	          0.11346079	          0.05394837	          0.34475628	          0.05000020	          0.05000009	          0.16548213	          0.34293025	          0.57253168	          0.09694429	          0.05667719	          0.05000010	          0.61378009	          0.37122337	          0.24562875	          0.64213091	          0.54023527	          0.44297340	          0.07103389	          0.09569522	          0.07511262	          0.05000013	          0.05000026	          0.05000026	          0.05877493	          0.09048869	          0.19668959	          0.19189205	          0.05000042	          0.05000143	          0.05000091	          0.23831929	          0.15834529	          0.15819876	          0.05000005	          0.05000005	          0.05000046	          0.05000081	          0.05000133	          0.05000015	          0.32089030	          0.37545677	          0.27834541	          0.05000005	          0.05000012	          0.10055451	          0.19374607	          0.05000755	          0.05000391	          0.27670800	          0.06728556	          0.07582543	          0.19251936	          0.40275594	          0.28711611	          0.07591939	          0.05000006	          0.05000010	
          0.22174170	         -2.86044742	         -2.20023346	          5.30961091	          0.31231884	          0.92575550	          0.00359507	          7.06272101	         -2.01732715	          1.82894906	         15.02713080	          6.39034212	          2.44964380	        -53.80858953	        -18.42904165	          2.74030714	          6.57881770	         11.96677368	         -0.97194535	          2.31626276	          4.63463520	         -4.88754414	         -9.30756841	         -2.91634086	          2.67366548	         -2.06916744	          1.63008666	        -13.44981287	         19.22713462	         -8.03578135	        -13.45251111	         12.03671997	         44.93279006	         13.98168266	         86.51662706	         86.51662706	          0.05000320	          0.05000016	          0.05000009	          0.30077071	          0.05827188	          0.05000068	          0.05001214	          0.06914718	          0.05000036	          0.24160198	          0.21413496	          0.15142334	          0.18765965	          0.05000101	          0.05000057	          0.05000010	          0.48149553	          0.31632869	          0.27364215	          0.05000039	          0.05000011	          0.05000005	          0.10069891	          0.10273467	          0.05000034	          0.05000159	          0.05000029	          0.17006126	          0.05000008	          0.05000008	          0.05000005	          0.05000010	          0.05000023	          0.05000002	          0.05000069	          0.09648156	          0.05000551	          0.34688084	          0.05000014	          0.05000010	          0.21582321	          0.33991999	          0.57437650	          0.09772825	          0.05225078	          0.05000011	          0.58642545	          0.35865177	          0.23179896	          0.65908890	          0.55974722	          0.46190704	          0.06108482	          0.08138155	          0.06756494	          0.05000010	          0.05000025	          0.05000024	          0.05000133	          0.07695561	          0.16727993	          0.18759151	          0.05000050	          0.05000129	          0.05000067	          0.23445808	          0.15652621	          0.15610320	          0.05000005	          0.05000005	          0.05000040	          0.05000080	          0.05000148	          0.05257946	          0.29396781	          0.33230061	          0.25030944	          0.05000011	          0.05000017	          0.11797026	          0.20183342	          0.05000284	          0.05000291	          0.25250972	          0.09047096	          0.08685227	          0.16371312	          0.35091406	          0.24414963	          0.07372353	          0.05000006	          0.05000010	
          0.23230083	         -2.86223081	         -2.09976914	          5.18990844	          0.32533052	          0.92716741	          0.00378465	          8.88699269	         -1.91582260	          1.48061254	         13.73502570	          6.41665598	          2.90686916	        -54.54450842	        -17.71287645	          3.62950439	          6.86837152	         11.11856766	         -0.98549295	          2.61596605	          4.55901678	         -5.71628735	         -8.95463618	         -2.98516463	          2.62666083	         -1.98472680	          1.54896169	        -13.44975699	         19.09565088	         -7.51722665	        -13.44984871	         12.17454414	         44.57953439	         13.89397082	         86.51662706	         86.51662706	          0.05000210	          0.05000017	          0.05000010	          0.25576081	          0.05966199	          0.05000071	          0.05000677	          0.05879940	          0.05000026	          0.26109281	          0.21608811	          0.14647337	          0.16971111	          0.05000090	          0.05000053	          0.05000010	          0.45319375	          0.30752239	          0.25285605	          0.05000034	          0.05000010	          0.05000005	          0.09832905	          0.10047998	          0.05000037	          0.05000178	          0.05000031	          0.14461171	          0.05000009	          0.05000009	          0.05000007	          0.05000006	          0.05000014	          0.05000001	          0.05000046	          0.08204322	          0.05000063	          0.34611892	          0.05000216	          0.05000015	          0.28482399	          0.33916088	          0.58792057	          0.09763369	          0.05228930	          0.05000011	          0.55854650	          0.34991343	          0.23148733	          0.67358538	          0.57845649	          0.48259154	          0.05707309	          0.06963232	          0.06430818	          0.05000010	          0.05000027	          0.05000020	          0.05000086	          0.06544344	          0.14225060	          0.18390497	          0.05000053	          0.05000111	          0.05000060	          0.23172275	          0.15417234	          0.15338623	          0.05000005	          0.05000005	          0.05000035	          0.05000079	          0.05000181	          0.07722454	          0.26934186	          0.29630964	          0.22628199	          0.06963891	          0.05000015	          0.13278937	          0.20969099	          0.05001205	          0.05000560	          0.23370660	          0.10450195	          0.09484905	          0.15060694	          0.35032348	          0.20761314	          0.07064314	          0.05000006	          0.05000010	
          0.24285996	         -2.86316502	         -1.98770239	          5.04825052	          0.33827011	          0.92841453	          0.00395168	         10.71114316	         -1.80475402	          1.13008877	         12.41057245	          6.41429772	          3.36559382	        -55.11864737	        -16.92591545	          4.52117924	          7.12950895	         10.28422512	         -1.00355219	          2.84378293	          4.48926054	         -6.34682469	         -8.57552246	         -3.05921023	          2.57085169	         -1.89321409	          1.46417386	        -13.44975409	         18.92493047	         -6.96919446	        -13.44999265	         12.26626252	         44.16296624	         13.86247730	         86.51662706	         86.51662706	          0.05000198	          0.05000017	          0.05000010	          0.21748650	          0.05258222	          0.05000075	          0.05000529	          0.05000030	          0.05000020	          0.27858664	          0.21329600	          0.14392561	          0.15689304	          0.05000079	          0.05000048	          0.05000009	          0.42507007	          0.29496909	          0.21503953	          0.05000030	          0.05000009	          0.05000005	          0.09648129	          0.09950624	          0.05000032	          0.05000154	          0.05000034	          0.12297068	          0.05000010	          0.05000010	          0.05000007	          0.05000005	          0.05000013	          0.05000001	          0.05000016	          0.06976557	          0.05000061	          0.33893629	          0.05000009	          0.05000019	          0.33358314	          0.34868153	          0.60081625	          0.09681998	          0.05366863	          0.05000012	          0.52950372	          0.34278587	          0.23970891	          0.68454196	          0.59943855	          0.50754118	          0.05228306	          0.05922178	          0.05951288	          0.05000011	          0.05000029	          0.05000018	          0.05000062	          0.05565524	          0.12096483	          0.17488348	          0.05000059	          0.05000099	          0.05000055	          0.22806193	          0.15039934	          0.14628606	          0.05000005	          0.05000005	          0.05000034	          0.05000086	          0.05000730	          0.09918128	          0.24656608	          0.26493441	          0.20511901	          0.09705400	          0.05000010	          0.14690541	          0.21809296	          0.05000426	          0.05000348	          0.21100990	          0.11719914	          0.10307377	          0.13293216	          0.33487191	          0.17654484	          0.06741692	          0.05000006	          0.05000010	
          0.25341909	         -2.86333265	         -1.86563135	          4.88541451	          0.35114976	          0.92949708	          0.00409765	         12.52550869	         -1.68647759	          0.78067232	         11.05332696	          6.38408682	          3.82551118	        -55.53164065	        -16.06724303	          5.39593390	          7.36050950	          9.47456286	         -1.02748044	          2.99639383	          4.42242208	         -6.77483726	         -8.18473296	         -3.13754450	          2.50712225	         -1.79518466	          1.37547150	        -13.44977958	         18.71733214	         -6.39543670	        -13.45162793	         12.31482813	         43.68359689	         13.88938320	         86.51662706	         86.51662706	          0.05000028	          0.05000017	          0.05000012	          0.18493987	          0.05000426	          0.05000075	          0.05000353	          0.05000018	          0.05000015	          0.28444231	          0.21985949	          0.14335193	          0.14178080	          0.05000080	          0.05000044	          0.05000009	          0.39795891	          0.29213381	          0.18286033	          0.05000029	          0.05000009	          0.05000005	          0.09605556	          0.10006866	          0.05000071	          0.05000954	          0.05000051	          0.10456822	          0.05000012	          0.05000012	          0.05000009	          0.05000008	          0.05000016	          0.05000002	          0.05000011	          0.05932529	          0.05000049	          0.34250557	          0.05011591	          0.05000070	          0.40947721	          0.33954614	          0.56076428	          0.09627869	          0.05726397	          0.05000012	          0.50059291	          0.33527657	          0.24601552	          0.69875286	          0.62317485	          0.52665883	          0.05000205	          0.05036204	          0.05299229	          0.05000010	          0.05000030	          0.05000016	          0.05000046	          0.05000839	          0.10286383	          0.16224291	          0.05000175	          0.05000087	          0.05000047	          0.22409157	          0.14575118	          0.13399581	          0.05000005	          0.05000005	          0.05000032	          0.05000088	          0.07180898	          0.11999491	          0.22554348	          0.23730491	          0.18666228	          0.12678450	          0.05000662	          0.16019317	          0.22675665	          0.05000321	          0.05000327	          0.18054089	          0.11957356	          0.10801944	          0.11304209	          0.32152594	          0.15013279	          0.06395979	          0.05000006	          0.05000010	
          0.26397822	         -2.86292606	         -1.73445288	          4.70248237	          0.36398184	          0.93042390	          0.00422451	         14.31862002	         -1.56265898	          0.43630356	          9.66223100	          6.32566671	          4.28486405	        -55.78017788	        -15.13416353	          6.24047325	          7.55481013	          8.69811675	         -1.05746055	          3.08792271	          4.36077905	         -7.04925315	         -7.78992757	         -3.21933874	          2.43517691	         -1.69109734	          1.28286263	        -13.44990388	         18.47589602	         -5.80018182	        -13.45352489	         12.32847909	         43.14167192	         13.97799400	         86.51662706	         86.51662706	          0.05000027	          0.05000017	          0.05000013	          0.15726381	          0.05000267	          0.05000075	          0.05000282	          0.05000016	          0.05000012	          0.27155499	          0.22531980	          0.14332561	          0.12358677	          0.05000071	          0.05000040	          0.05000008	          0.37127249	          0.28408687	          0.15549592	          0.05000026	          0.05000009	          0.05000005	          0.09731168	          0.10155485	          0.05000075	          0.05002250	          0.05000059	          0.08891968	          0.05000014	          0.05000014	          0.05000010	          0.05000005	          0.05000010	          0.05000001	          0.05000011	          0.05044745	          0.05000052	          0.34659299	          0.05883390	          0.05000057	          0.44527114	          0.34092779	          0.55049088	          0.09602441	          0.05950675	          0.05000013	          0.47136762	          0.32791859	          0.25011761	          0.71397074	          0.64251995	          0.53952847	          0.05000133	          0.05000207	          0.05001023	          0.05000011	          0.05000034	          0.05000014	          0.05000035	          0.05000457	          0.08747141	          0.14868168	          0.09320930	          0.05000076	          0.05000045	          0.22002811	          0.14182846	          0.12413276	          0.05000005	          0.05000006	          0.05000031	          0.05000096	          0.12022583	          0.13793085	          0.20360370	          0.21040335	          0.16846747	          0.15533547	          0.09680350	          0.17120179	          0.23473330	          0.05000557	          0.05000402	          0.15352348	          0.12743509	          0.11468415	          0.11934976	          0.31086504	          0.14265973	          0.06088341	          0.05000006	          0.05000010	
          0.27453735	         -2.86211949	         -1.59485307	          4.50046708	          0.37678113	          0.93120845	          0.00433433	         16.07492977	         -1.43517812	          0.10005242	          8.23778216	          6.23871694	          4.74141658	        -55.85080053	        -14.12758051	          7.03684131	          7.70787972	          7.95685768	         -1.09376068	          3.14082807	          4.30209860	         -7.22064706	         -7.39607507	         -3.30341024	          2.35456812	         -1.58152709	          1.18593070	        -13.45003872	         18.20361823	         -5.18796771	        -13.45464366	         12.31849832	         42.53708748	         14.13159200	         86.51662706	         86.51662706	          0.05000020	          0.05000017	          0.05000014	          0.13372945	          0.05000141	          0.05000071	          0.05000212	          0.05000014	          0.05000010	          0.25152414	          0.22951487	          0.14301218	          0.11226481	          0.05000077	          0.05000040	          0.05000008	          0.34442667	          0.27527621	          0.13222629	          0.05000025	          0.05000009	          0.05000006	          0.09660566	          0.10125201	          0.05000181	          0.06035923	          0.05000071	          0.07561296	          0.05000021	          0.05000021	          0.05000016	          0.05000005	          0.05000011	          0.05000001	          0.05000010	          0.05000045	          0.05000046	          0.34848121	          0.06924919	          0.05000167	          0.47318908	          0.34135184	          0.53438148	          0.09553805	          0.06108896	          0.05000013	          0.44022111	          0.31755264	          0.25063713	          0.71910591	          0.64715358	          0.54489891	          0.05000156	          0.05000197	          0.05000732	          0.05000011	          0.05000036	          0.05000012	          0.05000030	          0.05000330	          0.07438252	          0.13232181	          0.13899070	          0.05000068	          0.05000041	          0.21524637	          0.13946851	          0.11443543	          0.05000005	          0.05000005	          0.05000027	          0.05000092	          0.16102358	          0.15338932	          0.17542446	          0.17893687	          0.14945200	          0.18687164	          0.14449805	          0.18152468	          0.24270678	          0.05000229	          0.05000237	          0.13054890	          0.14101559	          0.12218851	          0.11608713	          0.30219263	          0.14416484	          0.05849211	          0.05000006	          0.05000010	
          0.28509648	         -2.86107388	         -1.44736658	          4.28007824	          0.38956348	          0.93186134	          0.00442851	         17.77602973	         -1.30538968	         -0.22508051	          6.78266818	          6.12306183	          5.19285932	        -55.72335586	        -13.05319306	          7.76792064	          7.82033620	          7.25616476	         -1.13359812	          3.17200353	          4.24276843	         -7.33025628	         -7.01098441	         -3.38836770	          2.26507589	         -1.46699400	          1.08388599	        -13.45002826	         17.90341992	         -4.56343379	        -13.45445284	         12.29794188	         41.87021030	         14.35306397	         86.51662706	         86.51662706	          0.05000021	          0.05000017	          0.05000014	          0.11371699	          0.05000153	          0.05000073	          0.05000160	          0.05000012	          0.05000008	          0.21388380	          0.23504057	          0.14561733	          0.10983527	          0.05000067	          0.05000037	          0.05000009	          0.31902752	          0.27035048	          0.11243887	          0.05000023	          0.05000008	          0.05000006	          0.09734117	          0.10180986	          0.05000092	          0.11268734	          0.05000088	          0.06429767	          0.05000025	          0.05000026	          0.05000021	          0.05000005	          0.05000010	          0.05000001	          0.05000010	          0.05000054	          0.05000044	          0.35134288	          0.08115644	          0.05000233	          0.48373300	          0.34132801	          0.51311022	          0.09402059	          0.05947079	          0.05000016	          0.40626471	          0.30161994	          0.24768754	          0.69671132	          0.63408317	          0.54223595	          0.05000791	          0.05000283	          0.05013218	          0.05000012	          0.05000042	          0.05000012	          0.05000030	          0.05000289	          0.06325267	          0.11252065	          0.18271250	          0.05000068	          0.05000043	          0.20226429	          0.13226522	          0.09731263	          0.05000006	          0.05000006	          0.05000028	          0.05000100	          0.20006000	          0.15099428	          0.14917270	          0.15215942	          0.12708722	          0.21851499	          0.19086162	          0.19031502	          0.25119969	          0.05000173	          0.05000208	          0.11101239	          0.15355841	          0.12868231	          0.10706911	          0.29555955	          0.15697506	          0.05518004	          0.05000007	          0.05000011	
          0.29565561	         -2.85990859	         -1.29327264	          4.04156903	          0.40234329	          0.93238476	          0.00450828	         19.40212634	         -1.17492112	         -0.53744702	          5.30177843	          5.97967881	          5.63689095	        -55.37274097	        -11.92068918	          8.41659708	          7.89185717	          6.59937449	         -1.17361074	          3.19244143	          4.18011667	         -7.40761979	         -6.63403754	         -3.47300199	          2.16779267	         -1.34815728	          0.97556151	        -13.44978910	         17.57789794	         -3.93040825	        -13.45314643	         12.28125171	         41.14273012	         14.64401942	         86.51662706	         86.51662706	          0.05000015	          0.05000017	          0.05000017	          0.09669938	          0.05000086	          0.05000065	          0.05000115	          0.05000010	          0.05000006	          0.18187627	          0.23645345	          0.15376288	          0.11189008	          0.05000081	          0.05000039	          0.05000009	          0.30047069	          0.25937645	          0.09561260	          0.05000024	          0.05000009	          0.05000007	          0.10301812	          0.10815288	          0.05399649	          0.17032650	          0.05000096	          0.05756187	          0.05000038	          0.05000039	          0.05000028	          0.05000005	          0.05000011	          0.05000001	          0.05000011	          0.05000052	          0.05000045	          0.35228050	          0.09099201	          0.05000344	          0.47998314	          0.34032182	          0.48605375	          0.09292736	          0.05923426	          0.05000013	          0.36398470	          0.27791837	          0.23988374	          0.66748139	          0.61250201	          0.52826627	          0.05000077	          0.05000095	          0.05000069	          0.05000015	          0.05000050	          0.05000012	          0.05000025	          0.05000207	          0.05378926	          0.09568220	          0.22689453	          0.05000063	          0.05000043	          0.18836442	          0.11722626	          0.08275029	          0.05000007	          0.05000007	          0.05000027	          0.05000119	          0.23230266	          0.12839860	          0.12684926	          0.12938900	          0.10806889	          0.25041439	          0.23559165	          0.19739106	          0.25948804	          0.05000154	          0.05000242	          0.09439950	          0.16317126	          0.13394141	          0.09104882	          0.29113569	          0.17548080	          0.05246714	          0.05000006	          0.05000010	
          0.30621474	         -2.85864491	         -1.13487173	          3.78557369	          0.41512990	          0.93276815	          0.00457546	         20.93780792	         -1.04550567	         -0.83507477	          3.80248179	          5.81135753	          6.07069650	        -54.78145557	        -10.74414746	          8.96908573	          7.92206841	          5.99037447	         -1.21277087	          3.20958912	          4.11364912	         -7.47252680	         -6.25985279	         -3.55658046	          2.06491854	         -1.22577177	          0.86043418	        -13.44973670	         17.23006699	         -3.29150613	        -13.45136986	         12.28401809	         40.35802306	         15.00380793	         86.51662706	         86.51662706	          0.05000016	          0.05000017	          0.05000017	          0.08222845	          0.05000090	          0.05000064	          0.05000090	          0.05000009	          0.05000006	          0.15465863	          0.23767327	          0.15943763	          0.13300781	          0.05000093	          0.05000042	          0.05000009	          0.27862293	          0.24941722	          0.08130436	          0.05000023	          0.05000009	          0.05000007	          0.10539605	          0.11124162	          0.08036653	          0.18420126	          0.05000096	          0.05362600	          0.05000059	          0.05000062	          0.05000039	          0.05000005	          0.05000012	          0.05000001	          0.05000013	          0.05000058	          0.05000050	          0.35137739	          0.09731559	          0.05000712	          0.46510834	          0.33914111	          0.45836499	          0.09210822	          0.05924137	          0.05000013	          0.32422777	          0.25291623	          0.22862629	          0.61169474	          0.57600999	          0.50808967	          0.05000203	          0.05000131	          0.05000106	          0.05000019	          0.05000069	          0.05000012	          0.05000024	          0.05000182	          0.05000510	          0.08136358	          0.26215525	          0.05000065	          0.05000047	          0.16028355	          0.09969092	          0.07036707	          0.05000009	          0.05000009	          0.05000032	          0.05000168	          0.25366733	          0.10918391	          0.10786645	          0.11002612	          0.09189656	          0.28232552	          0.27932447	          0.20284570	          0.26705033	          0.05000157	          0.05000346	          0.08027272	          0.16916328	          0.13795524	          0.07742498	          0.28804235	          0.19234786	          0.05167180	          0.05000006	          0.05000010	
          0.31677386	         -2.85727643	         -0.97506155	          3.51290496	          0.42793150	          0.93299277	          0.00463110	         22.37054355	         -0.91854707	         -1.11807991	          2.29106212	          5.62196893	          6.48927069	        -53.93808861	         -9.53518436	          9.41619428	          7.90967255	          5.43210665	         -1.25278460	          3.22776533	          4.04532026	         -7.53738460	         -5.88439136	         -3.63819139	          1.95947894	         -1.10017111	          0.73817907	        -13.45017959	         16.86285689	         -2.64832152	        -13.45004645	         12.32209999	         39.52027727	         15.42791673	         86.51662706	         86.51662706	          0.05000016	          0.05000018	          0.05000018	          0.06992311	          0.05000086	          0.05000065	          0.05000069	          0.05000009	          0.05000005	          0.13151409	          0.24225502	          0.16845775	          0.15552737	          0.05000103	          0.05000044	          0.05000010	          0.25882371	          0.24369395	          0.06913737	          0.05000024	          0.05000010	          0.05000008	          0.10930823	          0.11531790	          0.11700523	          0.18668338	          0.05000107	          0.05048664	          0.05000093	          0.05000098	          0.05000045	          0.05000007	          0.05000015	          0.05000002	          0.05000014	          0.05000086	          0.05000066	          0.35023911	          0.10303597	          0.05000890	          0.44200826	          0.33836584	          0.42931734	          0.09088965	          0.06114772	          0.05000015	          0.28699397	          0.22551942	          0.21341019	          0.55760941	          0.53538367	          0.48777995	          0.05382739	          0.05000315	          0.05000180	          0.05000030	          0.05000101	          0.05000014	          0.05000027	          0.05000174	          0.05000572	          0.06918771	          0.29485219	          0.05000075	          0.05000060	          0.13630550	          0.08477342	          0.05983693	          0.05000012	          0.05000012	          0.05000035	          0.05000211	          0.27254577	          0.09284466	          0.09172439	          0.09356085	          0.07814439	          0.31414440	          0.32110644	          0.20656350	          0.27432265	          0.05000222	          0.05000945	          0.06826000	          0.17091273	          0.13969860	          0.06585230	          0.28637497	          0.20800433	          0.05153356	          0.05000007	          0.05000010	
          0.32733299	         -2.85583391	         -0.81690849	          3.22502578	          0.44075529	          0.93303855	          0.00467543	         23.69040052	         -0.79523841	         -1.38793439	          0.77126471	          5.41577582	          6.88758252	        -52.83612835	         -8.30151552	          9.75466199	          7.85621846	          4.92912133	         -1.29531220	          3.24878477	          3.97661666	         -7.61002834	         -5.50549785	         -3.71699552	          1.85464353	         -0.97153304	          0.60896286	        -13.45121883	         16.47917904	         -2.00179174	        -13.44970714	         12.40694722	         38.63354099	         15.90883015	         86.51662706	         86.51662706	          0.05000016	          0.05000019	          0.05000019	          0.05945929	          0.05000082	          0.05000063	          0.05000048	          0.05000008	          0.05000005	          0.11183311	          0.25075297	          0.17877865	          0.17159411	          0.05000113	          0.05000046	          0.05000011	          0.24153649	          0.23536375	          0.05879127	          0.05000024	          0.05000011	          0.05000009	          0.11634313	          0.12205113	          0.15229534	          0.18409893	          0.05000098	          0.05000173	          0.05000077	          0.05000078	          0.05000032	          0.05000008	          0.05000017	          0.05000003	          0.05000016	          0.05000113	          0.05000081	          0.34803022	          0.10543128	          0.05000935	          0.41908916	          0.34196791	          0.39294243	          0.08918030	          0.06444753	          0.05000014	          0.25837926	          0.20258340	          0.20131421	          0.52036599	          0.50807415	          0.47228790	          0.06284010	          0.05005327	          0.05000206	          0.05000167	          0.05000688	          0.05000016	          0.05000028	          0.05000158	          0.05000421	          0.05883396	          0.32590030	          0.05000093	          0.05000089	          0.11591487	          0.07208819	          0.05088267	          0.05000024	          0.05000024	          0.05000044	          0.05000395	          0.28385586	          0.07895056	          0.07799798	          0.07955961	          0.06645024	          0.34536522	          0.35860958	          0.20839555	          0.28030680	          0.05000353	          0.05005566	          0.05804500	          0.17236604	          0.14108094	          0.05878152	          0.28687477	          0.22253915	          0.05193008	          0.05000006	          0.05000011	
          0.33789212	         -2.85441809	         -0.66294634	          2.92390638	          0.45360671	          0.93288932	          0.00470836	         24.89073507	         -0.67638832	         -1.64643778	         -0.75336472	          5.19673888	          7.26107230	        -51.47447598	         -7.05143207	          9.98704072	          7.76441288	          4.48457723	         -1.34188612	          3.27359325	          3.90893475	         -7.69567479	         -5.11894323	         -3.79248499	          1.75286563	         -0.83992523	          0.47361359	        -13.45270232	         16.08160594	         -1.35253296	        -13.45012113	         12.54255135	         37.70120094	         16.43758489	         86.51662706	         86.51662706	          0.05000017	          0.05000021	          0.05000021	          0.05056148	          0.05000084	          0.05000067	          0.05000032	          0.05000008	          0.05000005	          0.09509738	          0.26237221	          0.18547038	          0.17365570	          0.05000137	          0.05000052	          0.05000013	          0.22660158	          0.21944352	          0.05000059	          0.05000026	          0.05000012	          0.05000010	          0.12515812	          0.13011320	          0.17112712	          0.18227359	          0.05000106	          0.05000060	          0.05000058	          0.05000056	          0.05000023	          0.05000009	          0.05000018	          0.05000004	          0.05000019	          0.05000120	          0.05000090	          0.34767918	          0.10953488	          0.05004568	          0.39713314	          0.34890486	          0.35455809	          0.08802778	          0.06634515	          0.05000014	          0.24279515	          0.19216979	          0.19595207	          0.51352118	          0.50022920	          0.46183521	          0.06738028	          0.05006601	          0.05000185	          0.07570189	          0.05010321	          0.05000016	          0.05000027	          0.05000143	          0.05000393	          0.05002975	          0.35565443	          0.05000094	          0.05000096	          0.09859590	          0.06130307	          0.05000090	          0.05000029	          0.05000029	          0.05000045	          0.05000497	          0.28780024	          0.06713572	          0.06632576	          0.06765369	          0.05650621	          0.37652791	          0.39339501	          0.20904687	          0.28506580	          0.05000215	          0.05002752	          0.05000081	          0.17754496	          0.14372889	          0.05000101	          0.28870663	          0.23136145	          0.05158554	          0.05000006	          0.05000011	
          0.34845125	         -2.85315782	         -0.51514288	          2.61130050	          0.46648864	          0.93253558	          0.00473056	         25.96810101	         -0.56266043	         -1.89348719	         -2.27401390	          4.96881848	          7.60618383	        -49.85831870	         -5.80413180	         10.12632941	          7.64233388	          4.09655268	         -1.39026176	          3.30344012	          3.84209123	         -7.79505370	         -4.72058797	         -3.86455908	          1.65587879	         -0.70565181	          0.33298855	        -13.45424225	         15.67127477	         -0.70053219	        -13.45075757	         12.72927508	         36.72628988	         17.00529736	         86.51662706	         86.51662706	          0.05000018	          0.05000022	          0.05000023	          0.05000077	          0.05000090	          0.05000073	          0.05000020	          0.05000008	          0.05000004	          0.08086615	          0.27663967	          0.19087222	          0.16306514	          0.05000127	          0.05000052	          0.05000013	          0.21286416	          0.20180477	          0.05000082	          0.05000027	          0.05000013	          0.05000011	          0.13600898	          0.13949703	          0.18213611	          0.18507643	          0.05000131	          0.05000045	          0.05000039	          0.05000037	          0.05000016	          0.05000010	          0.05000021	          0.05000005	          0.05000023	          0.05000149	          0.05000110	          0.34942165	          0.11246604	          0.05110923	          0.37442433	          0.35778019	          0.32165927	          0.08757759	          0.06652087	          0.05000015	          0.23755604	          0.19088694	          0.19420464	          0.52266467	          0.50388370	          0.45555204	          0.06963449	          0.05002541	          0.05000126	          0.12852559	          0.05009470	          0.05000017	          0.05000027	          0.05000134	          0.05000397	          0.05000082	          0.38470881	          0.05000095	          0.05000098	          0.08565841	          0.05216795	          0.05000147	          0.05000035	          0.05000035	          0.05000045	          0.05000529	          0.28768317	          0.05708902	          0.05640043	          0.05752963	          0.05000079	          0.40755504	          0.42761883	          0.20859756	          0.28949662	          0.05000120	          0.05000422	          0.05000019	          0.19131520	          0.14619734	          0.05000887	          0.29191802	          0.24121043	          0.05048738	          0.05000007	          0.05000011	
          0.35901038	         -2.85218058	         -0.37448052	          2.28837962	          0.47940348	          0.93197304	          0.00474323	         26.92249104	         -0.45402684	         -2.12732895	         -3.77717248	          4.73563460	          7.92022213	        -48.00115530	         -4.58805275	         10.19473921	          7.50371290	          3.75880830	         -1.43478371	          3.33890196	          3.77319133	         -7.90586213	         -4.30603126	         -3.93325366	          1.56431105	         -0.56921618	          0.18705911	        -13.45542637	         15.24723219	         -0.04567908	        -13.45117774	         12.96662086	         35.71300653	         17.60445857	         86.51662706	         86.51662706	          0.05000019	          0.05000025	          0.05000026	          0.05000109	          0.05000095	          0.05000079	          0.05000013	          0.05000008	          0.05000005	          0.06876462	          0.29171620	          0.19628082	          0.15030191	          0.05000137	          0.05000056	          0.05000015	          0.19945171	          0.18206578	          0.05000075	          0.05000030	          0.05000015	          0.05000012	          0.14895133	          0.14962919	          0.19539038	          0.17966512	          0.05000132	          0.05000031	          0.05000029	          0.05000027	          0.05000012	          0.05000011	          0.05000022	          0.05000006	          0.05000029	          0.05000166	          0.05000130	          0.35231718	          0.11346147	          0.05284770	          0.35187306	          0.36821175	          0.29501989	          0.08729602	          0.06799115	          0.05000015	          0.23728606	          0.19029435	          0.19026177	          0.53596460	          0.50836932	          0.44631581	          0.07365188	          0.05163532	          0.05000131	          0.17863518	          0.07231065	          0.05000017	          0.05000027	          0.05000120	          0.05000372	          0.05000120	          0.41252740	          0.05000092	          0.05000099	          0.08361843	          0.05021644	          0.05000155	          0.05000039	          0.05000040	          0.05000044	          0.05000521	          0.28153976	          0.05000032	          0.05000103	          0.05000100	          0.05000123	          0.43811589	          0.46224458	          0.20762111	          0.29382578	          0.05000140	          0.05000395	          0.05000020	          0.19489473	          0.14555821	          0.05010221	          0.29552672	          0.24311789	          0.05000046	          0.05000007	          0.05000011	
          0.36956951	         -2.85159579	         -0.24113356	          1.95625833	          0.49235809	          0.93120191	          0.00474671	         27.75654979	         -0.34966037	         -2.34630895	         -5.25265855	          4.50002160	          8.20056004	        -45.92345895	         -3.42496026	         10.21409498	          7.35873873	          3.46473627	         -1.47114855	          3.37909286	          3.69876361	         -8.02479285	         -3.86832038	         -3.99811084	          1.47790793	         -0.43097808	          0.03432297	        -13.45572343	         14.80637049	          0.61066612	        -13.45117924	         13.25285126	         34.66763692	         18.22957227	         86.51662706	         86.51662706	          0.05000021	          0.05000027	          0.05000028	          0.05000109	          0.05000099	          0.05000083	          0.05000010	          0.05000009	          0.05000005	          0.05847411	          0.30039956	          0.20074662	          0.14472804	          0.05000182	          0.05000065	          0.05000017	          0.18529546	          0.16773099	          0.05000083	          0.05000032	          0.05000016	          0.05000014	          0.16120046	          0.15853647	          0.21121679	          0.17671908	          0.05000151	          0.05000022	          0.05000022	          0.05000021	          0.05000009	          0.05000013	          0.05000027	          0.05000008	          0.05000037	          0.05000198	          0.05000160	          0.35577253	          0.11394294	          0.05419415	          0.33092555	          0.37943517	          0.27457023	          0.08717624	          0.06930910	          0.05000030	          0.24023988	          0.19011064	          0.18505151	          0.54599282	          0.50921268	          0.43514520	          0.07978546	          0.05709609	          0.05000222	          0.24513985	          0.08943298	          0.05000016	          0.05000026	          0.05000110	          0.05000363	          0.05000126	          0.43891875	          0.05000088	          0.05000101	          0.07127370	          0.05008304	          0.05000191	          0.05000038	          0.05000039	          0.05000045	          0.05000553	          0.27251321	          0.05000032	          0.05000160	          0.05000157	          0.05000128	          0.46819299	          0.49618353	          0.20715218	          0.29856231	          0.05000143	          0.05000288	          0.05000021	          0.19391654	          0.14426461	          0.05635780	          0.29915160	          0.24813680	          0.05000017	          0.05000008	          0.05000010	
          0.38012864	         -2.85147108	         -0.11475795	          1.61580371	          0.50536346	          0.93022568	          0.00474034	         28.47453204	         -0.24766989	         -2.54863309	         -6.69220005	          4.26418454	          8.44445142	        -43.65039029	         -2.33396232	         10.20186753	          7.21685894	          3.20832740	         -1.49547030	          3.42262392	          3.62259449	         -8.14817484	         -3.40655427	         -4.05818358	          1.39593984	         -0.29098233	         -0.12848364	        -13.45462245	         14.34335099	          1.26574661	        -13.45087579	         13.58485011	         33.59983047	         18.87706253	         86.51662706	         86.51662706	          0.05000021	          0.05000028	          0.05000031	          0.05000107	          0.05000099	          0.05000085	          0.05000008	          0.05000010	          0.05000005	          0.05000024	          0.28922218	          0.20719854	          0.13993855	          0.05000180	          0.05000069	          0.05000019	          0.17027741	          0.16102934	          0.05000088	          0.05000034	          0.05000017	          0.05000016	          0.17359771	          0.16635224	          0.22797875	          0.17251681	          0.05000153	          0.05000018	          0.05000019	          0.05000017	          0.05000008	          0.05000013	          0.05000027	          0.05000008	          0.05000043	          0.05000222	          0.05000185	          0.35960093	          0.11451278	          0.05574870	          0.30938695	          0.39123293	          0.25685258	          0.08859709	          0.07081407	          0.05000079	          0.24706417	          0.18600053	          0.17365201	          0.55034932	          0.50622071	          0.42597362	          0.08399739	          0.06211255	          0.05000342	          0.31126428	          0.11087652	          0.05000018	          0.05000029	          0.05000109	          0.05000382	          0.05000131	          0.46465400	          0.05000103	          0.05000124	          0.06067159	          0.05001794	          0.05000185	          0.05000054	          0.05000053	          0.05000042	          0.05000412	          0.26184468	          0.05000026	          0.05000136	          0.05000134	          0.05000119	          0.49693551	          0.52856099	          0.20694664	          0.30338440	          0.05000298	          0.05000421	          0.05000591	          0.19042709	          0.14138749	          0.05000741	          0.30259589	          0.24949684	          0.05000013	          0.05000009	          0.05000009	
          0.39068777	         -2.85178202	          0.00514159	          1.26788443	          0.51843477	          0.92905100	          0.00472337	         29.08201114	         -0.14578855	         -2.73223001	         -8.08857010	          4.02995084	          8.65115963	        -41.21077749	         -1.33378281	         10.16885508	          7.09681823	          2.98377017	         -1.50059403	          3.46726388	          3.54103230	         -8.27269234	         -2.92887691	         -4.11199970	          1.31741774	         -0.14936195	         -0.30617878	        -13.45217864	         13.85262808	          1.91530096	        -13.45041371	         13.95706266	         32.52233356	         19.54554626	         86.51662706	         86.51662706	          0.05000024	          0.05000032	          0.05000035	          0.05000114	          0.05000108	          0.05000098	          0.05000006	          0.05000010	          0.05000005	          0.05000027	          0.28645185	          0.20660227	          0.14092286	          0.05000247	          0.05000081	          0.05000021	          0.15774261	          0.14004515	          0.05000084	          0.05000039	          0.05000020	          0.05000019	          0.18385318	          0.17226002	          0.24069775	          0.16442445	          0.05000221	          0.05000017	          0.05000018	          0.05000017	          0.05000008	          0.05000014	          0.05000029	          0.05000010	          0.05000052	          0.05000248	          0.05000211	          0.36347986	          0.11551035	          0.05724926	          0.28749579	          0.40329788	          0.23996442	          0.08904624	          0.07174932	          0.05000247	          0.25264739	          0.18538087	          0.16716993	          0.56620499	          0.50937006	          0.41494420	          0.08360456	          0.06432245	          0.05000156	          0.37500486	          0.13413785	          0.05000018	          0.05000027	          0.05000097	          0.05000347	          0.05000121	          0.48933091	          0.05000099	          0.05000119	          0.05236934	          0.05002900	          0.05000220	          0.05000084	          0.05000058	          0.05000043	          0.05000505	          0.24912000	          0.05000026	          0.05000155	          0.05000153	          0.05000132	          0.52473495	          0.56087996	          0.20872308	          0.30922564	          0.05000096	          0.05000156	          0.06419554	          0.18917705	          0.14123013	          0.13034721	          0.30711260	          0.28012056	          0.05000010	          0.05000009	          0.05000009	
          0.40124689	         -2.85242890	          0.11990111	          0.91339958	          0.53158650	          0.92768306	          0.00469444	         29.58916665	         -0.04163491	         -2.89619643	         -9.43211544	          3.79807238	          8.81938693	        -38.64356805	         -0.44809217	         10.12199054	          7.01161383	          2.78640498	         -1.48123098	          3.51247004	          3.46943814	         -8.39545348	         -2.44514444	         -4.15838922	          1.24053419	         -0.00625354	         -0.50415214	        -13.44988776	         13.33182827	          2.55349935	        -13.45014504	         14.35970698	         31.45160283	         20.23786966	         86.51662706	         86.51662706	          0.05000024	          0.05000035	          0.05000041	          0.05000115	          0.05000111	          0.05000100	          0.05000006	          0.05000011	          0.05000006	          0.05000024	          0.27103124	          0.20935848	          0.14286678	          0.05000409	          0.05000095	          0.05000024	          0.14256837	          0.12391826	          0.05000082	          0.05000044	          0.05000023	          0.05000022	          0.19229204	          0.17650922	          0.25279281	          0.15292431	          0.05000175	          0.05000016	          0.05000018	          0.05000016	          0.05000007	          0.05000013	          0.05000029	          0.05000010	          0.05000057	          0.05000272	          0.05000237	          0.36784711	          0.11702429	          0.05874536	          0.26481844	          0.41555784	          0.22539763	          0.08998487	          0.07305356	          0.05385176	          0.26074980	          0.18313225	          0.15716976	          0.58305676	          0.51282560	          0.40542321	          0.08241031	          0.06696323	          0.05000091	          0.44038802	          0.13826659	          0.05000020	          0.05000029	          0.05000094	          0.05000348	          0.05000123	          0.51293278	          0.05000111	          0.05000129	          0.05011400	          0.05001363	          0.05000228	          0.05000125	          0.06146301	          0.05000040	          0.05000394	          0.23577349	          0.05000026	          0.05000157	          0.05000156	          0.05000134	          0.55102959	          0.59087519	          0.21201045	          0.31487559	          0.05000107	          0.05000148	          0.07787443	          0.18727379	          0.13951053	          0.16175384	          0.30988401	          0.29914821	          0.05000010	          0.05000009	          0.05000008	
          0.41180602	         -2.85342231	          0.23104358	          0.55322589	          0.54483207	          0.92613402	          0.00465279	         30.00626380	          0.06718770	         -3.03957376	        -10.71122179	          3.56826341	          8.94968284	        -35.98611274	          0.29874975	         10.06479102	          6.97191120	          2.61128610	         -1.42396167	          3.55725585	          3.40237331	         -8.51444030	         -1.94736493	         -4.19670282	          1.16304693	          0.13793629	         -0.72785604	        -13.45060250	         12.78409788	          3.17346680	        -13.45012870	         14.77937921	         30.40586536	         20.96003324	         86.51662706	         86.51662706	          0.05000028	          0.05000040	          0.05000047	          0.05000124	          0.05000121	          0.05000116	          0.05000006	          0.05000013	          0.05000007	          0.05000028	          0.23047337	          0.20490409	          0.14660646	          0.05000562	          0.05000120	          0.05000029	          0.12125464	          0.11347998	          0.05000100	          0.05000051	          0.05000028	          0.05000027	          0.19310313	          0.17462985	          0.25981532	          0.13838848	          0.05000246	          0.05000013	          0.05000016	          0.05000014	          0.05000007	          0.05000016	          0.05000033	          0.05000012	          0.05000064	          0.05000295	          0.05000265	          0.37273362	          0.11897885	          0.06014466	          0.24376855	          0.42818663	          0.21268926	          0.08687544	          0.07724713	          0.06565842	          0.27221384	          0.18572478	          0.15421478	          0.58712464	          0.51199213	          0.39718683	          0.09180396	          0.07471176	          0.05000278	          0.40508148	          0.17735922	          0.05000021	          0.05000029	          0.05000086	          0.05000327	          0.05000116	          0.53464538	          0.05000122	          0.05000178	          0.05008504	          0.05001054	          0.05000224	          0.05015835	          0.12944485	          0.05000044	          0.05000487	          0.22139775	          0.05000018	          0.05000123	          0.05000122	          0.05000109	          0.57551802	          0.61920026	          0.21814769	          0.32095772	          0.05000106	          0.05000156	          0.09296857	          0.18233108	          0.13791643	          0.19960990	          0.31106340	          0.32156391	          0.05000008	          0.05000010	          0.05000009	
          0.42236515	         -2.85507190	          0.34018703	          0.18843108	          0.55818491	          0.92442683	          0.00459878	         30.33913454	          0.18312070	         -3.16155369	        -11.91819546	          3.33947830	          9.04183115	        -33.26504783	          0.89150918	         10.00184811	          6.98524276	          2.45438320	         -1.31600277	          3.60147733	          3.33292777	         -8.62806368	         -1.42745949	         -4.22720607	          1.08219668	          0.28263433	         -0.98268273	        -13.45878568	         12.22068223	          3.76681115	        -13.45005113	         15.19985675	         29.40503659	         21.72148394	         86.51662706	         86.51662706	          0.05000032	          0.05000046	          0.05000050	          0.05000157	          0.05000145	          0.05000128	          0.05000007	          0.05000017	          0.05000009	          0.05000038	          0.19598383	          0.20455811	          0.16143718	          0.05001916	          0.05000158	          0.05000037	          0.10311195	          0.10540178	          0.05000133	          0.05000056	          0.05000031	          0.05000032	          0.18937803	          0.16999442	          0.26717075	          0.11774948	          0.05000278	          0.05000011	          0.05000015	          0.05000013	          0.05000006	          0.05000014	          0.05000031	          0.05000010	          0.05000065	          0.05000317	          0.05000287	          0.37844391	          0.12177661	          0.06146669	          0.22072506	          0.44095380	          0.20388547	          0.08480196	          0.07993915	          0.07751843	          0.28850827	          0.19157626	          0.15162416	          0.58878388	          0.51040431	          0.38527121	          0.09434268	          0.07815175	          0.05000289	          0.42861137	          0.15090154	          0.05000020	          0.05000031	          0.05000083	          0.05000328	          0.05000145	          0.55573889	          0.05000116	          0.05000153	          0.05009209	          0.05001533	          0.05000302	          0.05000202	          0.19860236	          0.05000042	          0.05000429	          0.20359111	          0.05000018	          0.05000149	          0.05000147	          0.05000130	          0.59815257	          0.64616856	          0.22756074	          0.32698515	          0.05000117	          0.05000197	          0.10264948	          0.16681577	          0.13804086	          0.21502308	          0.30814244	          0.33171322	          0.05000010	          0.05000010	          0.05000009	
          0.43292428	         -2.85766067	          0.44874694	         -0.17997548	          0.57165756	          0.92259370	          0.00453320	         30.59106851	          0.30876037	         -3.26156961	        -13.03936020	          3.11109369	          9.09598175	        -30.50166401	          1.30271018	          9.93846140	          7.05906781	          2.31149268	         -1.14130286	          3.64512599	          3.25923064	         -8.73512574	         -0.87138162	         -4.25051522	          0.99529261	          0.42708337	         -1.27338377	        -13.47945854	         11.66009419	          4.32477914	        -13.44975968	         15.60733920	         28.46796595	         22.53276577	         86.51662706	         86.51662706	          0.05000029	          0.05000042	          0.05000050	          0.05000120	          0.05000118	          0.05000112	          0.05000009	          0.05000021	          0.05000010	          0.05000052	          0.16665532	          0.20718120	          0.18417295	          0.05011050	          0.05000282	          0.05000043	          0.08768240	          0.09284598	          0.05000218	          0.05000059	          0.05000034	          0.05000041	          0.18023101	          0.16194756	          0.27040357	          0.10014657	          0.05000169	          0.05000011	          0.05000014	          0.05000012	          0.05000006	          0.05000043	          0.05000077	          0.05000036	          0.05000078	          0.05000471	          0.05000487	          0.38473366	          0.12382017	          0.06221466	          0.20430338	          0.45344295	          0.20069443	          0.08391000	          0.08513478	          0.09140218	          0.30186645	          0.19283577	          0.14117451	          0.59082195	          0.50210184	          0.37386258	          0.09569184	          0.08099699	          0.05000441	          0.44083686	          0.14313227	          0.05000020	          0.05000030	          0.05000077	          0.05000327	          0.05000164	          0.57557716	          0.05000115	          0.05000140	          0.05005214	          0.05001148	          0.05000323	          0.05000217	          0.27422037	          0.05000036	          0.05000317	          0.19227603	          0.05000018	          0.05000158	          0.05000157	          0.05000138	          0.61768320	          0.66882810	          0.23990665	          0.33289841	          0.05000314	          0.05502908	          0.10287805	          0.14185294	          0.13662023	          0.18289256	          0.30474818	          0.33475617	          0.05000007	          0.05000010	          0.05000009	
          0.44348341	         -2.86142456	          0.55754556	         -0.55072327	          0.58526611	          0.92067652	          0.00445703	         30.76375221	          0.44648203	         -3.33895671	        -14.06233861	          2.88180184	          9.11371635	        -27.71772983	          1.51000231	          9.88174237	          7.19619441	          2.17941199	         -0.87910311	          3.68992444	          3.16962597	         -8.83405660	         -0.26723811	         -4.26702020	          0.89987403	          0.57043927	         -1.60433594	        -13.51611299	         11.12014956	          4.83799968	        -13.45000418	         15.99659166	         27.61011088	         23.40439678	         86.51662706	         86.51662706	          0.05000042	          0.05000061	          0.05000070	          0.05000170	          0.05000161	          0.05000153	          0.05000011	          0.05000029	          0.05000015	          0.05000052	          0.14171567	          0.19151082	          0.19078486	          0.11889644	          0.05001418	          0.05000127	          0.07456152	          0.07901292	          0.05000386	          0.05000084	          0.05000050	          0.05000064	          0.16772314	          0.15301746	          0.26028924	          0.08517317	          0.05000302	          0.05000010	          0.05000015	          0.05000013	          0.05000007	          0.05000223	          0.05000286	          0.05000226	          0.05000102	          0.05000391	          0.05000518	          0.39204115	          0.12335590	          0.06156759	          0.20586234	          0.46756977	          0.21119546	          0.08011314	          0.09362333	          0.10729581	          0.31608682	          0.19391654	          0.13366040	          0.58787007	          0.49742724	          0.35485352	          0.10080904	          0.08499037	          0.05001181	          0.37489773	          0.15315071	          0.05000022	          0.05000032	          0.05000077	          0.05000311	          0.05000154	          0.59476642	          0.05000129	          0.05000196	          0.05006435	          0.05001390	          0.05000354	          0.08231993	          0.35445061	          0.05000041	          0.05000388	          0.17545492	          0.05000014	          0.05000128	          0.05000127	          0.05000116	          0.63342365	          0.68858626	          0.25562565	          0.33960278	          0.07275599	          0.10873164	          0.09338013	          0.12062500	          0.12826781	          0.15552317	          0.28494023	          0.34027095	          0.05000008	          0.05000010	          0.05000009	
          0.45404254	         -2.86670367	          0.66680145	         -0.92226990	          0.59903209	          0.91872697	          0.00437000	         30.85740522	          0.59829486	         -3.39405243	        -14.98459994	          2.64907861	          9.09580270	        -24.94410673	          1.51192310	          9.84218803	          7.38414999	          2.05535589	         -0.51202619	          3.73811526	          3.05033224	         -8.92520684	          0.39561837	         -4.27698066	          0.79406802	          0.71227845	         -1.97921003	        -13.56828137	         10.60803735	          5.29644417	        -13.45363834	         16.37581745	         26.84116775	         24.34645592	         86.51662706	         86.51662706	          0.05000051	          0.05000080	          0.05000107	          0.05000184	          0.05000187	          0.05000197	          0.05000016	          0.05000045	          0.05000017	          0.05000049	          0.12050819	          0.17311649	          0.18853158	          0.15512472	          0.09327638	          0.06063774	          0.06340409	          0.06722957	          0.05000464	          0.05000156	          0.05000107	          0.05505001	          0.15095501	          0.14154729	          0.24611331	          0.07243604	          0.05000331	          0.05000010	          0.05000016	          0.05000014	          0.05000008	          0.05000016	          0.05000037	          0.05000009	          0.05000086	          0.05000175	          0.05000192	          0.40059269	          0.11976017	          0.05921246	          0.24061527	          0.48362683	          0.23627325	          0.07582838	          0.09853209	          0.12344811	          0.33317969	          0.20229528	          0.13548348	          0.59611640	          0.50287876	          0.33858070	          0.10616245	          0.08629686	          0.05099990	          0.31879489	          0.15828335	          0.05000021	          0.05000029	          0.05000065	          0.05000274	          0.05000146	          0.61261348	          0.05000122	          0.05000238	          0.05005546	          0.05001212	          0.05000344	          0.14222029	          0.43255790	          0.05000040	          0.05000366	          0.16285168	          0.05000010	          0.05000100	          0.05000098	          0.05000092	          0.64390732	          0.70172156	          0.27402534	          0.34495173	          0.13379642	          0.15652306	          0.07940595	          0.10257375	          0.13174493	          0.13224939	          0.24229922	          0.30891534	          0.05000006	          0.05000010	          0.05000010	
          0.46460167	         -2.87375817	          0.77713264	         -1.29410290	          0.61297991	          0.91680642	          0.00427118	         30.87133518	          0.76601479	         -3.42720065	        -15.80360440	          2.41011401	          9.04013386	        -22.22915404	          1.30671585	          9.83544533	          7.60643906	          1.93698276	         -0.02519421	          3.78728902	          2.88262913	         -9.01378409	          1.14003815	         -4.28032072	          0.67612527	          0.85220909	         -2.40044839	        -13.62949744	         10.10994926	          5.69245824	        -13.46502472	         16.76886581	         26.16122000	         25.36383498	         86.51662706	         86.51662706	          0.05000070	          0.05000123	          0.05000157	          0.05000300	          0.05000275	          0.05000270	          0.05000039	          0.05000097	          0.05764409	          0.05000097	          0.10247440	          0.16357203	          0.17928268	          0.16812641	          0.11841124	          0.07826807	          0.05391666	          0.05727133	          0.05006881	          0.05000250	          0.05000223	          0.07683000	          0.12836647	          0.12036558	          0.21684850	          0.06160385	          0.05000628	          0.05000010	          0.05000017	          0.05000015	          0.05000009	          0.05000007	          0.05000016	          0.05000004	          0.05000045	          0.05000130	          0.05000116	          0.40739352	          0.11890300	          0.05448674	          0.29400782	          0.49601969	          0.25330331	          0.07278044	          0.09633477	          0.13427086	          0.35260993	          0.21560637	          0.14446636	          0.61738668	          0.52000657	          0.31643046	          0.09031190	          0.08037535	          0.05116345	          0.27108754	          0.17910627	          0.05000023	          0.05000033	          0.05000067	          0.05000275	          0.05000161	          0.62927485	          0.05000134	          0.05000197	          0.05004197	          0.05001095	          0.05000358	          0.21340302	          0.50874313	          0.05000037	          0.05000319	          0.16894312	          0.05000039	          0.05000108	          0.05000106	          0.05000100	          0.64758219	          0.70707331	          0.29332334	          0.34790992	          0.19577331	          0.20958640	          0.06752296	          0.08722382	          0.13874924	          0.11245844	          0.20603933	          0.26268663	          0.05000006	          0.05000013	          0.05000009	
          0.47516080	         -2.88252956	          0.88954772	         -1.66729306	          0.62713985	          0.91498031	          0.00415821	         30.80277069	          0.95106366	         -3.43781809	        -16.51504141	          2.16219366	          8.94106661	        -19.63053124	          0.88941918	          9.88136281	          7.83867944	          1.82216850	          0.59093968	          3.83182909	          2.66011419	         -9.10761665	          1.98955560	         -4.27542814	          0.54500859	          0.98977725	         -2.86888667	        -13.68492606	          9.58000767	          6.02193825	        -13.48979325	         17.21546430	         25.55629041	         26.45257556	         86.51662706	         86.51662706	          0.05000138	          0.05000137	          0.05000122	          0.05000522	          0.05000402	          0.05000316	          0.05000029	          0.05000167	          0.12852149	          0.05000083	          0.08713935	          0.16241525	          0.18094990	          0.16807046	          0.13335345	          0.08952756	          0.05000309	          0.05107192	          0.05007667	          0.05000297	          0.05000321	          0.08581148	          0.10915810	          0.10235434	          0.18440233	          0.05239045	          0.05000196	          0.05000011	          0.05000022	          0.05000019	          0.05000011	          0.05000008	          0.05000019	          0.05000005	          0.05000041	          0.05000292	          0.05000178	          0.40971632	          0.11990778	          0.05305159	          0.30963281	          0.50116006	          0.24588634	          0.07329787	          0.09789219	          0.13762261	          0.36134777	          0.21464661	          0.14255387	          0.61047389	          0.50439739	          0.26907953	          0.07679800	          0.06835053	          0.05001054	          0.23051950	          0.20483978	          0.05000021	          0.05000027	          0.05000055	          0.05000219	          0.05000127	          0.64433344	          0.05000131	          0.05000223	          0.05003755	          0.05000814	          0.05000272	          0.28376618	          0.58011573	          0.05000035	          0.05000331	          0.16157797	          0.08245181	          0.05000082	          0.05000080	          0.05000078	          0.64588621	          0.70702373	          0.31503505	          0.34897136	          0.25285847	          0.25228484	          0.05741832	          0.07417094	          0.11798573	          0.09562917	          0.17520569	          0.22337581	          0.05000004	          0.05000014	          0.05000009	
          0.48571992	         -2.89250406	          1.00438587	         -2.04238529	          0.64154572	          0.91330472	          0.00402821	         30.65639591	          1.15459942	         -3.42575983	        -17.11702317	          1.90227519	          8.79708811	        -17.22415000	          0.25962343	          9.99407198	          8.05366027	          1.71127118	          1.34611227	          3.86970528	          2.37422333	         -9.21069634	          2.96501787	         -4.25917736	          0.40018981	          1.12448700	         -3.38111037	        -13.70996553	          8.92777503	          6.28318974	        -13.53491820	         17.76801029	         24.99501570	         27.60134384	         86.51662706	         86.51662706	          0.05000084	          0.05000114	          0.05000107	          0.05000440	          0.05000301	          0.05000242	          0.08686101	          0.05000055	          0.19001974	          0.05000040	          0.07409921	          0.17000998	          0.19145000	          0.16870431	          0.13297810	          0.09415131	          0.05000246	          0.05390964	          0.05000999	          0.05000194	          0.05000146	          0.08362650	          0.09282485	          0.08704480	          0.15913345	          0.05005783	          0.05000595	          0.05000017	          0.05000035	          0.05000031	          0.05000019	          0.05000006	          0.05000014	          0.05000004	          0.05000058	          0.05000113	          0.05000113	          0.40464297	          0.11989004	          0.05202529	          0.30108820	          0.50591080	          0.21406373	          0.08096913	          0.10159620	          0.13520435	          0.37497481	          0.19887898	          0.12124856	          0.56462855	          0.47033591	          0.22881248	          0.06530573	          0.05812243	          0.05000056	          0.19602242	          0.18628330	          0.05000027	          0.05000034	          0.05000065	          0.05000251	          0.05000141	          0.65801917	          0.05000171	          0.05000230	          0.05003781	          0.05000995	          0.05000351	          0.35376669	          0.64437084	          0.05000048	          0.05000358	          0.15909553	          0.12020022	          0.05000103	          0.05000102	          0.05000098	          0.63685548	          0.69922699	          0.33746354	          0.34734759	          0.32257839	          0.29922611	          0.05000057	          0.06307142	          0.10032932	          0.08131837	          0.14898629	          0.18994780	          0.05000007	          0.05000008	          0.05000007	
          0.49627905	         -2.90270125	          1.12022446	         -2.41915476	          0.65622890	          0.91182024	          0.00387977	         30.44774789	          1.37660938	         -3.39000976	        -17.60486180	          1.62829196	          8.61544815	        -15.10278258	         -0.58947904	         10.16214419	          8.24068827	          1.60331325	          2.25873780	          3.90451052	          1.96058995	         -9.32323096	          4.15198724	         -4.22747332	          0.24219264	          1.25479931	         -3.92832817	        -13.66717461	          7.99400377	          6.48066014	        -13.60914176	         18.50101216	         24.42629475	         28.78721619	         86.51662706	         86.51662706	          0.05000220	          0.05000260	          0.05000282	          0.05000439	          0.05000487	          0.05000439	          0.14354478	          0.05000074	          0.24669266	          0.05000039	          0.06301055	          0.17423489	          0.18172492	          0.16326890	          0.12565926	          0.09301203	          0.05010011	          0.05014168	          0.05000758	          0.05000939	          0.05001034	          0.07723617	          0.07893464	          0.07405055	          0.13688681	          0.05002330	          0.05000169	          0.05000051	          0.05000127	          0.05000106	          0.05000060	          0.05000011	          0.05000024	          0.05000011	          0.05000051	          0.05005858	          0.05000389	          0.39798147	          0.12258669	          0.05064314	          0.28876532	          0.50409008	          0.18202957	          0.08723872	          0.09455640	          0.13216303	          0.37959012	          0.18288423	          0.12485406	          0.58962877	          0.42966821	          0.19457108	          0.05553340	          0.05000086	          0.05000047	          0.16668781	          0.18703429	          0.05000031	          0.05000039	          0.05000071	          0.05000302	          0.05000190	          0.66947565	          0.05000199	          0.05000152	          0.05004781	          0.05001321	          0.05000424	          0.41543233	          0.69886831	          0.05000045	          0.05000438	          0.14384873	          0.16004578	          0.05000241	          0.05000237	          0.05000222	          0.61590275	          0.67759318	          0.35370739	          0.34127507	          0.36477948	          0.33189762	          0.05000010	          0.05659920	          0.10223517	          0.06914917	          0.12669059	          0.16152225	          0.05000007	          0.05000009	          0.05000008	
          0.50683818	         -2.91210737	          1.23628388	         -2.79562625	          0.67121842	          0.91055020	          0.00371014	         30.19602505	          1.61734377	         -3.33040107	        -17.97418269	          1.33926851	          8.39693855	        -13.35730274	         -1.66213450	         10.34944798	          8.36686222	          1.50051735	          3.32461228	          3.94033904	          1.40300633	         -9.44270292	          5.60313751	         -4.17608798	          0.07379290	          1.38028268	         -4.50562119	        -13.58307524	          7.00380166	          6.60331200	        -13.65183033	         19.09624658	         23.83298717	         29.96316807	         86.51662706	         86.51662706	          0.05000162	          0.05000203	          0.05000136	          0.05001034	          0.05000557	          0.05000340	          0.18525300	          0.05000061	          0.29210706	          0.05000034	          0.05358150	          0.16114843	          0.17519071	          0.14589340	          0.11320800	          0.09708093	          0.05002593	          0.05019322	          0.05000652	          0.05000459	          0.05000401	          0.07407211	          0.06712272	          0.08689787	          0.12161785	          0.05002645	          0.05000290	          0.05000122	          0.05000671	          0.05000438	          0.05000103	          0.05000012	          0.05000022	          0.05000009	          0.05000027	          0.06781219	          0.05000753	          0.38995843	          0.12744086	          0.05143469	          0.26627416	          0.50409570	          0.15478924	          0.09032717	          0.09338867	          0.12756245	          0.39159404	          0.15551711	          0.13224557	          0.60946151	          0.36537256	          0.16545377	          0.05000122	          0.05000035	          0.05000025	          0.14174310	          0.16417949	          0.05000017	          0.05000023	          0.05000041	          0.05000153	          0.05000109	          0.67824378	          0.05000095	          0.05000078	          0.05009120	          0.05001598	          0.05000328	          0.44644605	          0.73951078	          0.05000034	          0.05001019	          0.12232231	          0.20534823	          0.05000656	          0.05000654	          0.05000486	          0.58639155	          0.64762733	          0.36630376	          0.33246357	          0.42122378	          0.36223307	          0.05000006	          0.05000034	          0.09350361	          0.05880108	          0.10773143	          0.13735057	          0.05000005	          0.05000006	          0.05000005	
          0.51739731	         -2.92000770	          1.35253902	         -3.16821878	          0.68653299	          0.90949537	          0.00351753	         29.92183221	          1.87729706	         -3.24630240	        -18.22637164	          1.03514667	          8.14196586	        -12.06982392	         -2.94876000	         10.49542265	          8.39455089	          1.40604736	          4.52588491	          3.98347517	          0.68435216	         -9.57394480	          7.36136198	         -4.10290923	         -0.10324183	          1.50114665	         -5.12599332	        -13.52187466	          6.31936227	          6.63202271	        -13.62642250	         19.33045944	         23.27450917	         31.12546722	         86.51662706	         86.51662706	          0.05000525	          0.05000134	          0.05000155	          0.05000421	          0.05000299	          0.05000294	          0.21415223	          0.05000116	          0.31999110	          0.05000030	          0.05000226	          0.16223202	          0.15747847	          0.13498439	          0.10257024	          0.10724113	          0.05002905	          0.05037844	          0.05003204	          0.05000344	          0.05000305	          0.07463789	          0.05707926	          0.10368834	          0.11216700	          0.05000608	          0.05000097	          0.05000253	          0.05358765	          0.05187300	          0.05001973	          0.05000034	          0.05000059	          0.05000277	          0.05000038	          0.07121623	          0.05001061	          0.38294158	          0.12706729	          0.05023253	          0.25361889	          0.51002191	          0.13162590	          0.08807203	          0.09809317	          0.12338481	          0.38980617	          0.13224417	          0.11245521	          0.59082120	          0.31069507	          0.14069378	          0.05000120	          0.05000028	          0.05000024	          0.12053135	          0.13961206	          0.05000015	          0.05000019	          0.05000034	          0.05000125	          0.05000085	          0.68232863	          0.05000084	          0.05000081	          0.07254116	          0.06326013	          0.05000568	          0.44355752	          0.76569057	          0.05487578	          0.08130960	          0.10401695	          0.25744776	          0.05478383	          0.05736788	          0.05011836	          0.54661179	          0.60537182	          0.37158922	          0.31532193	          0.46932528	          0.37509554	          0.05000003	          0.05000023	          0.08079474	          0.05000159	          0.09160950	          0.11679616	          0.05000006	          0.05000006	          0.05000005	
          0.52795644	         -2.92592365	          1.46870224	         -3.53455537	          0.70218207	          0.90863833	          0.00329962	         29.64301687	          2.15551462	         -3.13621781	        -18.37251707	          0.71466883	          7.85437999	        -11.31237479	         -4.41828020	         10.53017476	          8.28327229	          1.32363724	          5.83906970	          4.05358728	         -0.22046192	         -9.72376415	          9.46529023	         -4.00712257	         -0.28890944	          1.61670940	         -5.79881995	        -13.48334768	          5.89296898	          6.56869087	        -13.57099347	         19.38651050	         22.78485565	         32.29527564	         86.51662706	         86.51662706	          0.05000024	          0.05000937	          0.05000084	          0.05879566	          0.05014146	          0.05000653	          0.22521405	          0.06846990	          0.32689953	          0.05933506	          0.05000178	          0.14720409	          0.13392223	          0.11480147	          0.08723767	          0.12122718	          0.05000062	          0.05005839	          0.10700358	          0.05000333	          0.05000114	          0.08419596	          0.05073477	          0.08817693	          0.11822599	          0.05018624	          0.05306888	          0.05000043	          0.05000141	          0.05000128	          0.05000086	          0.06402341	          0.05000026	          0.05000009	          0.05000022	          0.07949361	          0.05000794	          0.38433908	          0.12968791	          0.05003619	          0.26131868	          0.52104301	          0.15405152	          0.08674177	          0.09963295	          0.10553858	          0.37232974	          0.11245395	          0.09562638	          0.51590605	          0.26419984	          0.11963908	          0.05000151	          0.05000029	          0.05000023	          0.10249392	          0.11871951	          0.05000015	          0.05000022	          0.05000040	          0.05000140	          0.05000088	          0.68268495	          0.05000104	          0.05000112	          0.06169734	          0.05387146	          0.05000489	          0.39365899	          0.77930130	          0.05799734	          0.06914250	          0.08845091	          0.31770150	          0.05001227	          0.05001209	          0.05000855	          0.50185137	          0.56046028	          0.36705891	          0.28964291	          0.54179613	          0.37328178	          0.05000001	          0.05879869	          0.06870399	          0.05000023	          0.07790020	          0.09931770	          0.05000003	          0.05000008	          0.05000004	
          0.53851557	         -2.92941001	          1.58393068	         -3.89079102	          0.71817199	          0.90794983	          0.00305240	         29.37618978	          2.44791015	         -3.00093571	        -18.43228432	          0.37801807	          7.53396636	        -11.16659607	         -6.02308314	         10.35306560	          7.98429320	          1.25360370	          7.22910227	          4.15181806	         -1.31464074	         -9.89863514	         11.92738169	         -3.88736792	         -0.48170244	          1.72761911	         -6.52465490	        -13.46144172	          5.66241441	          6.41523480	        -13.51347093	         19.38296599	         22.37522146	         33.48282314	         86.51662706	         86.51662706	          0.13723368	          0.05000014	          0.05818876	          0.05000012	          0.05000017	          0.05000030	          0.21683368	          0.05880244	          0.31242602	          0.06914661	          0.05949242	          0.16669603	          0.18509298	          0.10272640	          0.07418577	          0.15749296	          0.05879854	          0.06861055	          0.12305567	          0.05000937	          0.05879901	          0.11976039	          0.05345993	          0.07498285	          0.24964165	          0.05000675	          0.05000063	          0.05000018	          0.05000142	          0.05000118	          0.05000100	          0.06373295	          0.05000060	          0.05000011	          0.05103722	          0.07132552	          0.05688658	          0.39340323	          0.13134303	          0.05255214	          0.24569493	          0.54905309	          0.21077535	          0.07980698	          0.10495389	          0.08974483	          0.36057446	          0.09562530	          0.08131597	          0.43870862	          0.22466256	          0.10173519	          0.05000126	          0.05000024	          0.05000019	          0.08715579	          0.10095336	          0.10159608	          0.05000015	          0.05000017	          0.05000055	          0.05000049	          0.58057102	          0.05000150	          0.05000056	          0.05246786	          0.05000338	          0.05000102	          0.33474830	          0.77430216	          0.05000024	          0.05879575	          0.07521432	          0.30827024	          0.05000047	          0.05000044	          0.05000047	          0.43910719	          0.48479265	          0.35405872	          0.24629818	          0.56552153	          0.34229096	          0.05408423	          0.05000009	          0.05842253	          0.05000011	          0.06624249	          0.08445488	          0.05000004	          0.05000002	          0.05000003	
          0.54907470	         -2.93017632	          1.69773638	         -4.23084743	          0.73447989	          0.90739346	          0.00277556	         29.12652861	          2.74329095	         -2.82642573	        -18.40961658	          0.02933530	          7.18521482	        -11.69870336	         -7.74963626	          9.87086119	          7.46601589	          1.20990089	          8.64305233	          4.26056003	         -2.48538114	        -10.09311692	         14.56327477	         -3.74598773	         -0.68043372	          1.83455638	         -7.29099408	        -13.45043635	          5.57479874	          6.17381615	        -13.47154010	         19.37932167	         22.03569934	         34.69642381	         86.51662706	         86.51662706	          0.11669704	          0.05879917	          0.05000014	          0.05880075	          0.05879951	          0.05002992	          0.18438476	          0.05000294	          0.26922746	          0.05879931	          0.05493079	          0.14815353	          0.15739435	          0.08735369	          0.25110685	          0.19235298	          0.05000061	          0.05835683	          0.10464142	          0.05000033	          0.05000014	          0.18980223	          0.06914778	          0.06914724	          0.51427935	          0.09566604	          0.05000044	          0.06914699	          0.05000082	          0.05000128	          0.05000120	          0.08131573	          0.05000022	          0.05000002	          0.05000007	          0.06914723	          0.06914638	          0.42692415	          0.18741064	          0.07712321	          0.27137018	          0.57609645	          0.17923305	          0.06786394	          0.08924765	          0.07631459	          0.31897664	          0.08131505	          0.06914710	          0.37305635	          0.19104199	          0.08651060	          0.05000412	          0.05000034	          0.05000027	          0.07411300	          0.08584583	          0.19624841	          0.15095232	          0.05001264	          0.05001451	          0.05000185	          0.54703796	          0.08140389	          0.05000334	          0.05000174	          0.05000126	          0.05000170	          0.28465347	          0.65842858	          0.05000025	          0.05000147	          0.06395857	          0.26213810	          0.13913043	          0.17862798	          0.11996535	          0.37339509	          0.41224378	          0.32529450	          0.20943984	          0.58507068	          0.29107167	          0.17720923	          0.11103415	          0.05758952	          0.05000026	          0.05632936	          0.07181627	          0.05000004	          0.05000077	          0.05000003	
          0.55963383	         -2.92843566	          1.81062766	         -4.54580339	          0.75105561	          0.90691084	          0.00248884	         28.86457704	          3.00115456	         -2.61731648	        -18.30827887	         -0.32317689	          6.81269914	        -12.82227630	         -9.59413653	          9.07087162	          6.75315076	          1.15596564	         10.02929540	          4.29085788	         -3.60097591	        -10.27941297	         17.03017957	         -3.58701209	         -0.88530971	          1.93440228	         -8.07790951	        -13.45230282	          5.60403994	          5.84581287	        -13.45114496	         19.38688708	         21.74469685	         35.94962586	         86.51662706	         86.51662706	          0.20475564	          0.05000010	          0.05000116	          0.05000130	          0.05000028	          0.05000016	          0.15679176	          0.05000014	          0.22893778	          0.05000020	          0.05880004	          0.12598273	          0.36829048	          0.34082816	          0.22878267	          0.24253995	          0.05000048	          0.06915151	          0.08901243	          0.05000103	          0.18734291	          0.26277208	          0.05880010	          0.05879962	          0.56209501	          0.08135007	          0.09030166	          0.05879928	          0.07836723	          0.08513632	          0.06692450	          0.06914701	          0.06914706	          0.06889229	          0.05000005	          0.05879952	          0.05879936	          0.49797919	          0.17120917	          0.07552970	          0.23075985	          0.62387566	          0.15241098	          0.05770816	          0.10784839	          0.06489417	          0.27124478	          0.06914632	          0.05879929	          0.31722895	          0.16245271	          0.07356436	          0.05000157	          0.05000079	          0.05000107	          0.06302206	          0.07299912	          0.29801865	          0.44413395	          0.05879983	          0.05880521	          0.15551824	          0.46517530	          0.06922638	          0.05001775	          0.05003665	          0.05002273	          0.05004462	          0.24205529	          0.61121404	          0.05541005	          0.05000173	          0.05438724	          0.22290934	          0.15551847	          0.15551852	          0.13427583	          0.31751676	          0.35055178	          0.27662614	          0.17809732	          0.49752625	          0.24751326	          0.36115548	          0.18778841	          0.06262949	          0.05000006	          0.05000003	          0.06106902	          0.08862875	          0.05000026	          0.05029552	
          0.57019296	         -2.92456017	          1.93078898	         -4.82135516	          0.76776463	          0.90647849	          0.00218301	         28.50834281	          3.22543675	         -2.39350616	        -18.05826380	         -0.66992237	          6.44247590	        -13.96693655	        -11.68974350	          8.17519946	          5.91791726	          1.14230528	         11.34580577	          4.44921296	         -4.56300779	        -10.32821899	         19.04788472	         -3.42039761	         -1.10326578	          2.02654294	         -8.83822672	        -13.47052474	          5.76342006	          5.44071848	        -13.45157525	         19.38386552	         21.45575985	         37.24410468	         86.51662706	         86.51662706	          0.35240779	          0.32662883	          0.32715929	          0.22503790	          0.21870927	          0.20095854	          0.13332800	          0.11996540	          0.19467741	          0.05879744	          0.05000083	          0.10712955	          0.31317616	          0.30960027	          0.33502874	          0.27902124	          0.05000033	          0.05880339	          0.14254013	          0.27229901	          0.27369078	          0.32377929	          0.05000073	          0.05000034	          0.47797820	          0.06917629	          0.07678837	          0.05000006	          0.06664021	          0.07549365	          0.05691027	          0.05879921	          0.05879926	          0.05858260	          0.08495152	          0.05000028	          0.05000025	          0.55614737	          0.14558785	          0.06422674	          0.54855211	          0.77926202	          0.50257163	          0.09146761	          0.11245603	          0.05518281	          0.23065394	          0.05879863	          0.05000003	          0.43533705	          0.13814180	          0.06255552	          0.05020607	          0.05000029	          0.05000014	          0.05359089	          0.06207491	          0.36448653	          0.62306574	          0.05000077	          0.05000756	          0.13224585	          0.54649648	          0.05886739	          0.05000019	          0.05000052	          0.05000033	          0.05000031	          0.20583191	          0.60398742	          0.05000002	          0.05000011	          0.05000003	          0.18955347	          0.13224556	          0.13224556	          0.11418181	          0.27000058	          0.29809195	          0.23522922	          0.15144519	          0.42307208	          0.21047330	          0.48270483	          0.19561770	          0.06914709	          0.09572178	          0.05000015	          0.05193009	          0.10670717	          0.05000000	          0.05000004	
          0.58075208	         -2.92056582	          2.04078759	         -5.04462978	          0.78425567	          0.90623241	          0.00183942	         28.16674427	          3.43679064	         -2.23715312	        -17.53413469	         -0.98459007	          6.09145737	        -15.05043795	        -14.22171899	          6.97945735	          4.99235173	          1.07211569	         12.63914393	          4.60405407	         -5.24536151	        -10.41515675	         20.24861569	         -3.28002027	         -1.31736129	          2.10555728	         -9.48104580	        -13.49705562	          6.07471169	          5.02099777	        -13.46135813	         19.36125455	         21.08724790	         38.51832598	         86.51662706	         86.51662706	          0.41710826	          0.42574054	          0.42689756	          0.19136170	          0.18598037	          0.17093654	          0.11337557	          0.12115920	          0.16554408	          0.05000031	          0.05000015	          0.09109776	          0.32132416	          0.43250973	          0.41586604	          0.30493657	          0.05000022	          0.05000446	          0.14412653	          0.35919561	          0.32947675	          0.36921214	          0.05000003	          0.05000004	          0.40646121	          0.05882438	          0.06529965	          0.05000004	          0.21766814	          0.22088463	          0.18823405	          0.05000001	          0.05000006	          0.05000000	          0.07223866	          0.05000027	          0.05000035	          0.58602418	          0.12380079	          0.05461533	          0.73240993	          0.84654327	          0.70807186	          0.12001366	          0.09562707	          0.05000002	          0.19613676	          0.05000003	          0.05000001	          0.37018924	          0.11746901	          0.05319416	          0.05000234	          0.05000014	          0.05000016	          0.05000004	          0.05278553	          0.38238872	          0.70107564	          0.34157237	          0.13231276	          0.11245562	          0.55567796	          0.05005842	          0.05000013	          0.05000071	          0.05000054	          0.05000077	          0.17502932	          0.54768062	          0.05000003	          0.05000014	          0.05000007	          0.17647550	          0.11245519	          0.11245519	          0.09709466	          0.22959517	          0.25348269	          0.20002732	          0.14307147	          0.35975972	          0.20050869	          0.48021864	          0.16634367	          0.05879930	          0.08139711	          0.05000011	          0.05000003	          0.13580476	          0.05000000	          0.05000004	
          0.59131121	         -2.91634115	          2.13221300	         -5.21731907	          0.80040305	          0.90627269	          0.00147447	         27.83834125	          3.64005967	         -2.13245515	        -16.71118337	         -1.25627002	          5.79129250	        -16.09883090	        -17.19432248	          5.73651015	          3.94219034	          0.94463823	         13.88838602	          4.75042833	         -5.60572694	        -10.49443245	         20.41399144	         -3.17101963	         -1.51940025	          2.17110909	         -9.97455664	        -13.52666840	          6.52689528	          4.61772524	        -13.46736036	         19.31993730	         20.60674385	         39.71718099	         86.51662706	         86.51662706	          0.46655164	          0.46219303	          0.47383403	          0.16272488	          0.15814888	          0.14535681	          0.09640901	          0.10302902	          0.14077054	          0.05000022	          0.05000035	          0.07746526	          0.33517118	          0.41642830	          0.40921302	          0.31312118	          0.05000031	          0.05001481	          0.12255859	          0.37895849	          0.34150301	          0.37345153	          0.05000010	          0.05000010	          0.36534055	          0.05002213	          0.05608408	          0.05000010	          0.35123173	          0.34628988	          0.30082829	          0.05000003	          0.05000011	          0.05000001	          0.06142826	          0.05000062	          0.05000076	          0.61216866	          0.10527434	          0.05000125	          0.80054084	          0.90994014	          0.79224821	          0.12832394	          0.08131654	          0.05000004	          0.16678503	          0.05000075	          0.05000073	          0.31479072	          0.09988993	          0.05000095	          0.05008401	          0.05000267	          0.05411247	          0.05000013	          0.05000054	          0.35713778	          0.74637309	          0.43847790	          0.11251394	          0.09562679	          0.57543691	          0.13473245	          0.05001469	          0.05003543	          0.05016219	          0.06914813	          0.14883632	          0.46732725	          0.05692287	          0.05005444	          0.05000183	          0.15006609	          0.09562636	          0.09562636	          0.08256452	          0.19523640	          0.21554918	          0.17009336	          0.17014499	          0.30592196	          0.20819156	          0.42029325	          0.14145045	          0.05000003	          0.06921611	          0.05000019	          0.34594268	          0.16294266	          0.05000002	          0.05000003	
          0.60187034	         -2.91116971	          2.20955488	         -5.34611638	          0.81624744	          0.90661546	          0.00109559	         27.44686082	          3.84512226	         -2.03678277	        -15.63986204	         -1.49184266	          5.56575736	        -17.04114764	        -20.48235251	          4.70829864	          2.67135114	          0.77991876	         15.04055184	          4.87042888	         -5.68292993	        -10.55342608	         19.65904142	         -3.08036165	         -1.71040117	          2.22593974	        -10.33367968	        -13.55477124	          7.07404534	          4.23216494	        -13.46618527	         19.26789631	         20.03355861	         40.81561193	         86.51662706	         86.51662706	          0.52275000	          0.49321781	          0.50534284	          0.13837363	          0.13448255	          0.12360588	          0.08198151	          0.08761148	          0.11970435	          0.05000024	          0.05000041	          0.06587297	          0.28501664	          0.35733013	          0.37707090	          0.31474208	          0.05000035	          0.05001617	          0.10421821	          0.38125174	          0.33711397	          0.35947538	          0.05000011	          0.05000012	          0.31840062	          0.05002793	          0.07113628	          0.05000016	          0.38902731	          0.45896294	          0.33131792	          0.05000004	          0.05000012	          0.05000001	          0.05223574	          0.05000054	          0.05000064	          0.64135376	          0.09481545	          0.05357260	          0.84927580	          0.94714615	          0.87807553	          0.12704019	          0.06914758	          0.05000005	          0.14182578	          0.05000021	          0.05000016	          0.26768260	          0.08494157	          0.05000046	          0.05372419	          0.05000039	          0.05000063	          0.05000011	          0.05000129	          0.32470837	          0.66846069	          0.37286327	          0.09567670	          0.08131635	          0.59874894	          0.31017190	          0.05933563	          0.05000475	          0.05000295	          0.05880069	          0.12656314	          0.39739205	          0.14580637	          0.05000272	          0.05000021	          0.12760891	          0.08131595	          0.08131594	          0.07020880	          0.16601940	          0.18329240	          0.14463900	          0.16283694	          0.26014096	          0.17703620	          0.35739664	          0.12028251	          0.06437373	          0.05885798	          0.05000032	          0.61615043	          0.17300486	          0.05000003	          0.05000003	
          0.61242947	         -2.90490768	          2.27523954	         -5.43837440	          0.83181741	          0.90723668	          0.00070674	         26.96615296	          4.05426808	         -1.92877977	        -14.37647811	         -1.69679457	          5.38242280	        -17.84460194	        -23.95732794	          3.92447342	          1.12122077	          0.59516065	         16.03869741	          4.95791035	         -5.46848006	        -10.60860038	         18.05606656	         -3.00063987	         -1.88902665	          2.27285899	        -10.57960420	        -13.57713495	          7.65581479	          3.86799721	        -13.46012937	         19.22085897	         19.40668075	         41.79979952	         86.51662706	         86.51662706	          0.58317061	          0.52249550	          0.52548123	          0.11766760	          0.11436207	          0.15666410	          0.06971311	          0.07451058	          0.10179075	          0.05000025	          0.05000057	          0.05601558	          0.24236520	          0.30386832	          0.35303132	          0.31605737	          0.05000032	          0.05001314	          0.08862248	          0.38289924	          0.32779623	          0.34133785	          0.05000013	          0.05000012	          0.27075286	          0.05000382	          0.08080003	          0.05000017	          0.43354371	          0.46303729	          0.37345684	          0.05000004	          0.05000011	          0.05000002	          0.05000140	          0.05000045	          0.05000055	          0.65079883	          0.08087245	          0.05039911	          0.91153232	          0.96898141	          0.92844557	          0.12044427	          0.05879969	          0.05000006	          0.12060166	          0.05000013	          0.05000012	          0.22762440	          0.07223039	          0.05000068	          0.06509756	          0.05000018	          0.05000029	          0.05000011	          0.07576694	          0.27611640	          0.56842613	          0.31706474	          0.08135892	          0.06914745	          0.62689066	          0.33732292	          0.06786692	          0.05000204	          0.05000109	          0.05000168	          0.11052567	          0.33792260	          0.23148772	          0.05001076	          0.05001558	          0.13547559	          0.06914708	          0.06914708	          0.05970211	          0.14117470	          0.15586283	          0.12299386	          0.15564832	          0.22121106	          0.15054304	          0.30391246	          0.10228238	          0.09478507	          0.05004994	          0.21520821	          0.77472847	          0.17905964	          0.05423999	          0.05000003	
          0.62298860	         -2.89765404	          2.33318885	         -5.50311635	          0.84712509	          0.90807490	          0.00031080	         26.40419438	          4.27031572	         -1.79456750	        -12.98132182	         -1.87350544	          5.20350824	        -18.52016588	        -27.48701990	          3.36171102	         -0.66003734	          0.39861957	         16.78550809	          5.01853044	         -4.95372994	        -10.67092087	         15.82770683	         -2.92878226	         -2.05501093	          2.31431390	        -10.73326058	        -13.59221484	          8.22170961	          3.53092373	        -13.45338008	         19.19199246	         18.76722942	         42.66613056	         86.51662706	         86.51662706	          0.62623380	          0.53483933	          0.52857624	          0.10006085	          0.09726242	          0.18363988	          0.05928073	          0.06952158	          0.08655796	          0.05000018	          0.05000030	          0.05000083	          0.21130374	          0.27617199	          0.32157333	          0.30108750	          0.05000040	          0.05000603	          0.07536124	          0.37543283	          0.31063093	          0.30896107	          0.05000009	          0.05000010	          0.23023618	          0.05000630	          0.08736084	          0.05000020	          0.45864941	          0.53253177	          0.36224238	          0.05000002	          0.05000007	          0.05000001	          0.05310087	          0.05000028	          0.05000033	          0.65589909	          0.07122682	          0.05312705	          0.94807996	          0.98179597	          0.95800649	          0.11633781	          0.05000036	          0.05000005	          0.10255372	          0.05001577	          0.05090283	          0.19359084	          0.07006000	          0.05881080	          0.07291443	          0.05000079	          0.05000105	          0.05000031	          0.18727164	          0.24041838	          0.48336160	          0.26961637	          0.06918375	          0.05879962	          0.63716883	          0.28685818	          0.09380009	          0.05000645	          0.05000149	          0.05000036	          0.13919874	          0.28735273	          0.23687204	          0.10359689	          0.05867574	          0.11520179	          0.05879928	          0.05879927	          0.05076773	          0.12004800	          0.13253807	          0.10458791	          0.13235588	          0.18810708	          0.12801474	          0.26619169	          0.08697590	          0.08060055	          0.06947868	          0.29530699	          0.86779374	          0.17617963	          0.07947102	          0.05000003	
          0.63354773	         -2.88970326	          2.38576660	         -5.55077069	          0.86215951	          0.90905101	         -0.00009052	         25.77685113	          4.49398681	         -1.62671157	        -11.49350066	         -2.01829471	          5.01287981	        -19.08344417	        -31.00023458	          2.96605573	         -2.20137263	          0.19888457	         17.23090793	          5.05683106	         -4.17545584	        -10.73432024	         13.46163760	         -2.86709604	         -2.20558403	          2.34882443	        -10.81204903	        -13.59987086	          8.74177073	          3.23047613	        -13.44992568	         19.18822577	         18.14879106	         43.41969069	         86.51662706	         86.51662706	          0.65975022	          0.53947625	          0.52829418	          0.08509157	          0.10275677	          0.19579491	          0.05646499	          0.08201640	          0.07864868	          0.05000020	          0.05000031	          0.05000078	          0.19454364	          0.29599256	          0.32898607	          0.29388017	          0.05000029	          0.05000468	          0.06408671	          0.37545495	          0.30066095	          0.29507101	          0.05000008	          0.05000008	          0.19578248	          0.05000588	          0.08311543	          0.05000012	          0.43126251	          0.51393316	          0.41558192	          0.05000002	          0.05000006	          0.05000001	          0.06342359	          0.05000027	          0.05000031	          0.65661900	          0.06750929	          0.05624831	          0.96952872	          0.98931651	          0.97535503	          0.11439418	          0.05000002	          0.05000007	          0.08720664	          0.05000019	          0.05000029	          0.16462052	          0.05957586	          0.05001022	          0.07853995	          0.05000073	          0.05000148	          0.05000228	          0.18509299	          0.24642545	          0.41647355	          0.22927076	          0.05883073	          0.05000042	          0.64884725	          0.43861363	          0.15624293	          0.05000200	          0.05000082	          0.05000034	          0.15054636	          0.24435064	          0.21263935	          0.09029468	          0.05001651	          0.17051948	          0.05000005	          0.05000004	          0.05000002	          0.10208294	          0.15128645	          0.08893641	          0.12810635	          0.22959894	          0.20492251	          0.29833716	          0.07396005	          0.06914780	          0.05908128	          0.25111451	          0.73792899	          0.16269583	          0.08951198	          0.05000003	
          0.64410686	         -2.88153612	          2.42891387	         -5.58708347	          0.87693736	          0.91012868	         -0.00048987	         25.09480939	          4.72028332	         -1.41850852	         -9.95335395	         -2.12827862	          4.80470684	        -19.55294478	        -34.37234334	          2.72327883	         -2.90246405	          0.00118590	         17.45436797	          5.07502368	         -3.36678762	        -10.77649724	         11.22512155	         -2.81635350	         -2.33533880	          2.37468776	        -10.82737449	        -13.59992278	          9.20461757	          2.96786307	        -13.44999358	         19.20485637	         17.56586883	         44.06254209	         86.51662706	         86.51662706	          0.68688400	          0.53134291	          0.51171671	          0.07235992	          0.08738891	          0.19898985	          0.05712686	          0.08664264	          0.07510529	          0.05000019	          0.05000031	          0.05000066	          0.18706337	          0.28725149	          0.32131667	          0.28068759	          0.05000030	          0.05000451	          0.05450568	          0.36218797	          0.28377815	          0.27437395	          0.05000007	          0.05000008	          0.16648418	          0.05000962	          0.07067978	          0.05000012	          0.48098215	          0.48377616	          0.36361374	          0.05000002	          0.05000006	          0.05000000	          0.07070074	          0.05000024	          0.05000025	          0.65818298	          0.08357355	          0.06914743	          0.82624173	          0.99373011	          0.98553639	          0.11310813	          0.05000003	          0.05000008	          0.07415625	          0.05000020	          0.05000018	          0.13998805	          0.05066098	          0.05000077	          0.07095213	          0.05000079	          0.05000070	          0.05001000	          0.20989919	          0.24440653	          0.37327862	          0.19496188	          0.05002714	          0.05000017	          0.65116169	          0.46976198	          0.16305877	          0.05000156	          0.05000059	          0.05000020	          0.16024790	          0.20778402	          0.18081815	          0.07678384	          0.05000073	          0.18264368	          0.05000004	          0.05000004	          0.05000002	          0.08680636	          0.13161567	          0.07562714	          0.12742187	          0.22030912	          0.17425785	          0.31628378	          0.06289205	          0.05879990	          0.05023997	          0.34486378	          0.73063583	          0.14796060	          0.08633674	          0.05000004	
          0.65466599	         -2.87328685	          2.46192926	         -5.61333274	          0.89149759	          0.91130443	         -0.00088147	         24.36902207	          4.94810650	         -1.16512946	         -8.38365541	         -2.21083263	          4.57595060	        -19.95497428	        -37.50213535	          2.65413046	         -3.07611879	         -0.18749801	         17.46432756	          5.08790353	         -2.61099017	        -10.77307754	          9.07761363	         -2.77441974	         -2.44579297	          2.39142292	        -10.78619161	        -13.59356098	          9.61146288	          2.73678173	        -13.45167137	         19.23291567	         17.02192540	         44.59507569	         86.51662706	         86.51662706	          0.70401388	          0.52077267	          0.49486694	          0.07116636	          0.08462627	          0.21834729	          0.06126332	          0.09158820	          0.07583787	          0.05000021	          0.05000031	          0.05000120	          0.21497592	          0.30013012	          0.32073748	          0.26924110	          0.05000029	          0.05000655	          0.05041440	          0.34906228	          0.26849710	          0.25971024	          0.05000008	          0.05000008	          0.14157011	          0.05000297	          0.06010599	          0.05000012	          0.44342944	          0.52891047	          0.39831661	          0.05000003	          0.05000007	          0.05000001	          0.09847913	          0.05000032	          0.05000027	          0.62652534	          0.07106703	          0.05879973	          0.70259536	          0.99632027	          0.99151118	          0.10726687	          0.05000004	          0.05000008	          0.06305885	          0.05000016	          0.05000014	          0.11908769	          0.05000216	          0.05000085	          0.06036169	          0.08113593	          0.05001016	          0.08025825	          0.23249590	          0.23783043	          0.37066262	          0.16578715	          0.05000109	          0.05000015	          0.64955770	          0.47661584	          0.20885547	          0.05000125	          0.05000047	          0.05000015	          0.15831756	          0.18005828	          0.15375891	          0.06529456	          0.05000073	          0.24495388	          0.05000003	          0.05000002	          0.05000001	          0.07381594	          0.11192018	          0.06430960	          0.10845137	          0.18734601	          0.14818134	          0.31810098	          0.05348035	          0.05000059	          0.05000044	          0.36517960	          0.65190831	          0.13820357	          0.08905335	          0.05000005	
          0.66522511	         -2.86531855	          2.48592436	         -5.62963210	          0.90586362	          0.91257650	         -0.00126231	         23.59577268	          5.17639565	         -0.86812895	         -6.78722046	         -2.27014346	          4.32941843	        -20.28983866	        -40.36157532	          2.80722754	         -2.92025067	         -0.36186673	         17.28740335	          5.10773013	         -1.91300391	        -10.71229318	          7.03247559	         -2.74075189	         -2.53958450	          2.39842838	        -10.69211197	        -13.58275244	          9.96999688	          2.53187501	        -13.45437694	         19.26589031	         16.51980044	         45.02241190	         86.51662706	         86.51662706	          0.71458026	          0.50928806	          0.47718599	          0.16120174	          0.16280509	          0.25470237	          0.06511041	          0.09524565	          0.07662907	          0.05000020	          0.05000030	          0.05000079	          0.18280653	          0.26468870	          0.30192597	          0.25472117	          0.05000030	          0.05000483	          0.05005757	          0.33539768	          0.25195023	          0.24096787	          0.05000007	          0.05000007	          0.12038436	          0.05000238	          0.05111566	          0.05000011	          0.47762695	          0.55365813	          0.41626263	          0.05000005	          0.05000013	          0.05000003	          0.14206714	          0.05887331	          0.05546340	          0.57514705	          0.06043194	          0.05000046	          0.59745248	          0.95849909	          0.85102700	          0.10205191	          0.05000004	          0.05000009	          0.05362221	          0.05000016	          0.05000012	          0.15243888	          0.05000269	          0.05000069	          0.05212185	          0.11127854	          0.05054390	          0.09341379	          0.23496666	          0.22759001	          0.36240769	          0.14097833	          0.05000152	          0.05000015	          0.64242542	          0.46195173	          0.23027496	          0.05000117	          0.05000041	          0.05000013	          0.15044428	          0.15979257	          0.13074905	          0.05552490	          0.05000043	          0.28590648	          0.05000003	          0.05000003	          0.05000002	          0.06357184	          0.09561027	          0.05468575	          0.11165912	          0.19587102	          0.13055394	          0.31847460	          0.05000012	          0.05000007	          0.05000049	          0.37732632	          0.56601920	          0.12657678	          0.08989071	          0.05000005	
          0.67578424	         -2.85848286	          2.49938360	         -5.63561335	          0.92003966	          0.91397123	         -0.00162714	         22.76315291	          5.39941156	         -0.53362808	         -5.16396701	         -2.30760957	          4.06448917	        -20.53626902	        -42.93373180	          3.19509052	         -2.53495807	         -0.52893206	         16.94930628	          5.11341534	         -1.25359355	        -10.61640477	          5.10052507	         -2.71705071	         -2.61662609	          2.39499571	        -10.54279059	        -13.56794311	         10.29157575	          2.35252555	        -13.45617443	         19.30031406	         16.05539892	         45.34226154	         86.51662706	         86.51662706	          0.71530520	          0.49091882	          0.45126431	          0.24502206	          0.23373796	          0.28588542	          0.07202796	          0.10168203	          0.07944545	          0.05000021	          0.05000031	          0.05000064	          0.15545031	          0.22860123	          0.27637273	          0.23699783	          0.05000032	          0.05000369	          0.05000947	          0.31592302	          0.23100153	          0.21639404	          0.05000007	          0.05000008	          0.10236902	          0.05000200	          0.05000670	          0.05000011	          0.48914293	          0.56831847	          0.42681360	          0.05000008	          0.05000022	          0.05000006	          0.14287355	          0.05008879	          0.05450573	          0.51972884	          0.05138846	          0.05000024	          0.50804418	          0.81507267	          0.75154108	          0.09493605	          0.05000004	          0.05000010	          0.05000023	          0.05000014	          0.05000010	          0.19864680	          0.05000240	          0.05000059	          0.06058491	          0.13644701	          0.09840083	          0.11075576	          0.23134803	          0.21737588	          0.35832033	          0.11988211	          0.05000137	          0.05000014	          0.63011810	          0.44245585	          0.25192729	          0.05000100	          0.05000034	          0.05000010	          0.13968676	          0.14403718	          0.11118259	          0.05000316	          0.05000038	          0.31204525	          0.05000003	          0.05000003	          0.05000002	          0.05656854	          0.08130381	          0.05000004	          0.10731337	          0.20532454	          0.11899303	          0.32060667	          0.05000026	          0.05000012	          0.05696559	          0.38048255	          0.52168965	          0.11824850	          0.08951608	          0.05000006	
          0.68634337	         -2.85362451	          2.50107859	         -5.63045837	          0.93401997	          0.91550996	         -0.00197364	         21.86142242	          5.61224089	         -0.16529016	         -3.50875283	         -2.32382346	          3.78205096	        -20.66026083	        -45.22193185	          3.73030579	         -1.99028136	         -0.67260396	         16.47399660	          5.08351213	         -0.62542540	        -10.51589234	          3.28793390	         -2.70596965	         -2.67674944	          2.38084504	        -10.33411570	        -13.54949127	         10.58905503	          2.19949055	        -13.45561361	         19.33308370	         15.62451496	         45.55250196	         86.51662706	         86.51662706	          0.70789536	          0.46603938	          0.41905129	          0.30183300	          0.28507692	          0.31705961	          0.08077943	          0.11218127	          0.08412214	          0.05000029	          0.05000032	          0.05000061	          0.13218776	          0.19451066	          0.24615839	          0.21957293	          0.05000034	          0.05000374	          0.05670684	          0.29201003	          0.20730161	          0.19068231	          0.05000007	          0.05000008	          0.08704966	          0.05000176	          0.05000875	          0.05000008	          0.49051162	          0.57045932	          0.42806238	          0.05000008	          0.05000021	          0.05000006	          0.15336184	          0.05002403	          0.05002149	          0.47223820	          0.05000035	          0.05000022	          0.43201579	          0.73698001	          0.64574883	          0.08982869	          0.05000005	          0.05000010	          0.05000035	          0.05000015	          0.05000010	          0.22108501	          0.05000223	          0.05000055	          0.06576647	          0.15043539	          0.08400842	          0.12936641	          0.22636020	          0.20530992	          0.34775482	          0.10194272	          0.05000150	          0.05000015	          0.61439921	          0.41813350	          0.27223058	          0.05000095	          0.05000030	          0.05000010	          0.12861960	          0.13102553	          0.09454424	          0.05000318	          0.05000034	          0.32241526	          0.05000003	          0.05000003	          0.05000002	          0.05001142	          0.06913735	          0.05000004	          0.09146368	          0.22008570	          0.12125007	          0.32577971	          0.05000041	          0.05000012	          0.08799574	          0.37450962	          0.52688390	          0.10994292	          0.08979710	          0.05000007	
          0.69690250	         -2.85112583	          2.48909362	         -5.61368723	          0.94780980	          0.91717959	         -0.00229970	         20.88268809	          5.80875668	          0.23249070	         -1.81845322	         -2.31847940	          3.48330874	        -20.63308280	        -47.23813887	          4.31956586	         -1.33565770	         -0.78473653	         15.88525610	          5.02286983	         -0.03056855	        -10.41209606	          1.59890070	         -2.70898790	         -2.71880550	          2.35570987	        -10.06744351	        -13.52868077	         10.87106706	          2.07091292	        -13.45337009	         19.36140979	         15.22994798	         45.65836116	         86.51662706	         86.51662706	          0.69508098	          0.43897638	          0.38090629	          0.36138097	          0.33837520	          0.34663520	          0.08641899	          0.11997418	          0.08749852	          0.05000061	          0.05000037	          0.05000054	          0.11240631	          0.16547603	          0.22017757	          0.20613068	          0.05000034	          0.05000333	          0.05884592	          0.26982355	          0.18536297	          0.16983049	          0.05000008	          0.05000008	          0.07402283	          0.05000164	          0.05000485	          0.05000007	          0.47729922	          0.55667545	          0.41715082	          0.05000006	          0.05000015	          0.05000002	          0.16159320	          0.05003741	          0.05003113	          0.42053858	          0.05000044	          0.05000024	          0.36736505	          0.64865684	          0.54911514	          0.08568881	          0.05000005	          0.05000011	          0.05000041	          0.05000014	          0.05000009	          0.26194914	          0.05000237	          0.05000053	          0.06242156	          0.14895995	          0.07144001	          0.14784667	          0.22096707	          0.19170983	          0.33363235	          0.08668772	          0.05000139	          0.05000014	          0.59678447	          0.39418852	          0.28663686	          0.05000083	          0.05000025	          0.05000009	          0.11862410	          0.12055924	          0.08039581	          0.05000223	          0.05000031	          0.31783175	          0.05000003	          0.05000003	          0.05000002	          0.05000025	          0.05879124	          0.05000002	          0.07777720	          0.20909167	          0.10311587	          0.32732208	          0.05000022	          0.05000010	          0.09863072	          0.36850909	          0.54719461	          0.10318430	          0.08800924	          0.05000008	
          0.70746163	         -2.85087713	          2.46194559	         -5.58466731	          0.96142400	          0.91893907	         -0.00260386	         19.82626627	          5.98310336	          0.65436666	         -0.09346563	         -2.29203717	          3.17022725	        -20.44597148	        -48.99798709	          4.90056228	         -0.60322416	         -0.86427190	         15.20534399	          4.94134839	          0.52841986	        -10.28735982	          0.03367717	         -2.72631813	         -2.74213987	          2.31940589	         -9.74765905	        -13.50744337	         11.14159710	          1.96280298	        -13.45109907	         19.38166430	         14.87785968	         45.66936754	         86.51662706	         86.51662706	          0.67854168	          0.41575182	          0.34056305	          0.42798953	          0.39368015	          0.37632557	          0.08706223	          0.11945291	          0.08723939	          0.05000023	          0.05000031	          0.05000047	          0.09558513	          0.14704642	          0.21991089	          0.19727324	          0.05000036	          0.05000269	          0.05004257	          0.25446288	          0.17094361	          0.15958987	          0.05000007	          0.05000007	          0.06294548	          0.05000127	          0.05000277	          0.05000009	          0.44881894	          0.52599440	          0.39301460	          0.05000017	          0.05000044	          0.05000826	          0.17107442	          0.05000102	          0.05000186	          0.37099164	          0.05000055	          0.05000041	          0.31238929	          0.56668860	          0.46694128	          0.08234533	          0.05000006	          0.05000011	          0.05000048	          0.05000014	          0.05000009	          0.30736237	          0.05000276	          0.05000053	          0.05382118	          0.13224558	          0.06075006	          0.16568336	          0.21691464	          0.17953491	          0.31268277	          0.07371549	          0.05000125	          0.05000014	          0.57656539	          0.37388891	          0.29575730	          0.05000073	          0.05000021	          0.05000008	          0.11036372	          0.11198647	          0.06836471	          0.05000212	          0.05000031	          0.29997477	          0.05000004	          0.05000004	          0.05000002	          0.05000024	          0.05000040	          0.05000003	          0.06617172	          0.18451980	          0.08769210	          0.33048189	          0.05000022	          0.05000010	          0.09715964	          0.36109519	          0.54951892	          0.09882498	          0.08404924	          0.05000009	
          0.71802076	         -2.85240033	          2.41911147	         -5.54210506	          0.97488188	          0.92073344	         -0.00288571	         18.69935512	          6.13052420	          1.09301714	          1.66259361	         -2.24629825	          2.84538909	        -20.10885193	        -50.51715112	          5.43334819	          0.18395982	         -0.91324843	         14.45478268	          4.86118613	          1.04774436	        -10.12133358	         -1.40665278	         -2.75720136	         -2.74728126	          2.27197317	         -9.38037101	        -13.48771489	         11.39994441	          1.87007115	        -13.44991283	         19.38764709	         14.57387622	         45.59508652	         86.51662706	         86.51662706	          0.65931947	          0.39820899	          0.30327185	          0.51260242	          0.45466066	          0.40407805	          0.08681356	          0.11799309	          0.08659463	          0.05000027	          0.05000032	          0.05000040	          0.08128117	          0.12507558	          0.20410546	          0.19286030	          0.05000037	          0.05000229	          0.05000496	          0.24404092	          0.16102061	          0.15344373	          0.05000007	          0.05000007	          0.05352591	          0.05000110	          0.05000224	          0.05000009	          0.40668287	          0.48042151	          0.35714322	          0.05000007	          0.05000018	          0.06265711	          0.17902967	          0.05000465	          0.05000405	          0.33328301	          0.05000110	          0.05031197	          0.26564102	          0.53207131	          0.39706423	          0.07979486	          0.05000006	          0.05000012	          0.05000063	          0.05000015	          0.05000009	          0.36149331	          0.05000508	          0.05000057	          0.05011838	          0.11245522	          0.05165966	          0.18333453	          0.21370586	          0.16831219	          0.28380493	          0.06268451	          0.05000100	          0.05000013	          0.55534908	          0.35349472	          0.29821902	          0.05000063	          0.05000018	          0.05000007	          0.10461282	          0.10628389	          0.05813411	          0.05000196	          0.05000031	          0.27245579	          0.05000005	          0.05000004	          0.05000003	          0.05000012	          0.05000030	          0.05000002	          0.05917582	          0.15690889	          0.07457512	          0.33571477	          0.05000021	          0.05000009	          0.11708619	          0.35421269	          0.55737497	          0.09600477	          0.07641006	          0.05000010	
          0.72857989	         -2.85500655	          2.36082640	         -5.48386318	          0.98820225	          0.92250284	         -0.00314508	         17.51517126	          6.24795578	          1.54135851	          3.44442470	         -2.18394500	          2.51199161	        -19.64243845	        -51.81228332	          5.88328433	          1.00983652	         -0.94163769	         13.65215561	          4.78833968	          1.52316848	         -9.89912045	         -2.71489716	         -2.80038099	         -2.73603303	          2.21382665	         -8.97036401	        -13.47128793	         11.64092881	          1.78717867	        -13.44970717	         19.36980897	         14.32204996	         45.44371053	         86.51662706	         86.51662706	          0.63765408	          0.38407194	          0.27104260	          0.59834271	          0.50673228	          0.42663649	          0.08058629	          0.10959025	          0.08190057	          0.05000018	          0.05000029	          0.05000032	          0.06911783	          0.10638910	          0.20402878	          0.19176174	          0.05000040	          0.05000180	          0.05000160	          0.23948858	          0.15751259	          0.15364566	          0.05000006	          0.05000006	          0.05000039	          0.05000089	          0.05000178	          0.05000013	          0.35944022	          0.42732047	          0.31590580	          0.05000006	          0.05000013	          0.08248654	          0.18638118	          0.05000625	          0.05000320	          0.30243233	          0.05000240	          0.06142539	          0.22589688	          0.47339977	          0.33764410	          0.07792027	          0.05000006	          0.05000011	          0.05000051	          0.05000016	          0.05000010	          0.38671575	          0.05000548	          0.05000060	          0.05004960	          0.09562642	          0.05000092	          0.20122656	          0.21245235	          0.16016051	          0.24830080	          0.05330454	          0.05000087	          0.05000012	          0.53307301	          0.33661970	          0.29450796	          0.05000056	          0.05000016	          0.05000007	          0.10195060	          0.10393073	          0.05000043	          0.05000211	          0.05000031	          0.23518476	          0.05000006	          0.05000005	          0.05000004	          0.05000011	          0.05000026	          0.05000002	          0.05391494	          0.13342803	          0.06342313	          0.34024761	          0.05000023	          0.05000010	          0.14260769	          0.34719317	          0.56353743	          0.09584000	          0.06654370	          0.05000010	
          0.73913902	         -2.85791129	          2.28763118	         -5.40721538	          1.00140283	          0.92419138	         -0.00338179	         16.28799897	          6.33439421	          1.99427216	          5.24641000	         -2.10719256	          2.17303888	        -19.07497622	        -52.90293259	          6.25586246	          1.86423064	         -0.95885269	         12.81713961	          4.71426284	          1.94882536	         -9.62515513	         -3.87994463	         -2.85411690	         -2.71072623	          2.14585236	         -8.52121913	        -13.45941892	         11.85625631	          1.70865470	        -13.44980121	         19.31819453	         14.12449010	         45.22157412	         86.51662706	         86.51662706	          0.61378009	          0.37122337	          0.24562875	          0.64213091	          0.54023527	          0.44297340	          0.07103389	          0.09569522	          0.07511262	          0.05000013	          0.05000026	          0.05000026	          0.05877493	          0.09048869	          0.19668959	          0.19189205	          0.05000042	          0.05000143	          0.05000091	          0.23831929	          0.15834529	          0.15819876	          0.05000005	          0.05000005	          0.05000046	          0.05000081	          0.05000133	          0.05000015	          0.32089030	          0.37545677	          0.27834541	          0.05000005	          0.05000012	          0.10055451	          0.19374607	          0.05000755	          0.05000391	          0.27670800	          0.06728556	          0.07582543	          0.19251936	          0.40275594	          0.28711611	          0.07591939	          0.05000006	          0.05000010	          0.05000294	          0.05000016	          0.05000009	          0.35370109	          0.05024136	          0.05000064	          0.05002115	          0.08131603	          0.05000055	          0.22069355	          0.21284249	          0.15503545	          0.21412610	          0.05000104	          0.05000068	          0.05000011	          0.50828522	          0.32617731	          0.28451504	          0.05000046	          0.05000013	          0.05000006	          0.10175156	          0.10337420	          0.05000037	          0.05000145	          0.05000028	          0.19998955	          0.05000007	          0.05000007	          0.05000004	          0.05000008	          0.05000019	          0.05000001	          0.05001855	          0.11346079	          0.05394837	          0.34475628	          0.05000020	          0.05000009	          0.16548213	          0.34293025	          0.57253168	          0.09694429	          0.05667719	          0.05000010	
          0.74969814	         -2.86044742	          2.20023346	         -5.30961091	          1.01450091	          0.92575550	         -0.00359507	         15.02713080	          6.39034212	          2.44964380	          7.06272101	         -2.01732715	          1.82894906	        -18.42904165	        -53.80858953	          6.57881770	          2.74030714	         -0.97194535	         11.96677368	          4.63463520	          2.31626276	         -9.30756841	         -4.88754414	         -2.91634086	         -2.67366548	          2.06916744	         -8.03578135	        -13.45251111	         12.03671997	          1.63008666	        -13.44981287	         19.22713462	         13.98168266	         44.93279006	         86.51662706	         86.51662706	          0.58642545	          0.35865177	          0.23179896	          0.65908890	          0.55974722	          0.46190704	          0.06108482	          0.08138155	          0.06756494	          0.05000010	          0.05000025	          0.05000024	          0.05000133	          0.07695561	          0.16727993	          0.18759151	          0.05000050	          0.05000129	          0.05000067	          0.23445808	          0.15652621	          0.15610320	          0.05000005	          0.05000005	          0.05000040	          0.05000080	          0.05000148	          0.05257946	          0.29396781	          0.33230061	          0.25030944	          0.05000011	          0.05000017	          0.11797026	          0.20183342	          0.05000284	          0.05000291	          0.25250972	          0.09047096	          0.08685227	          0.16371312	          0.35091406	          0.24414963	          0.07372353	          0.05000006	          0.05000010	          0.05000320	          0.05000016	          0.05000009	          0.30077071	          0.05827188	          0.05000068	          0.05001214	          0.06914718	          0.05000036	          0.24160198	          0.21413496	          0.15142334	          0.18765965	          0.05000101	          0.05000057	          0.05000010	          0.48149553	          0.31632869	          0.27364215	          0.05000039	          0.05000011	          0.05000005	          0.10069891	          0.10273467	          0.05000034	          0.05000159	          0.05000029	          0.17006126	          0.05000008	          0.05000008	          0.05000005	          0.05000010	          0.05000023	          0.05000002	          0.05000069	          0.09648156	          0.05000551	          0.34688084	          0.05000014	          0.05000010	          0.21582321	          0.33991999	          0.57437650	          0.09772825	          0.05225078	          0.05000011	
          0.76025727	         -2.86223081	          2.09976914	         -5.18990844	          1.02751259	          0.92716741	         -0.00378465	         13.73502570	          6.41665598	          2.90686916	          8.88699269	         -1.91582260	          1.48061254	        -17.71287645	        -54.54450842	          6.86837152	          3.62950439	         -0.98549295	         11.11856766	          4.55901678	          2.61596605	         -8.95463618	         -5.71628735	         -2.98516463	         -2.62666083	          1.98472680	         -7.51722665	        -13.44984871	         12.17454414	          1.54896169	        -13.44975699	         19.09565088	         13.89397082	         44.57953439	         86.51662706	         86.51662706	          0.55854650	          0.34991343	          0.23148733	          0.67358538	          0.57845649	          0.48259154	          0.05707309	          0.06963232	          0.06430818	          0.05000010	          0.05000027	          0.05000020	          0.05000086	          0.06544344	          0.14225060	          0.18390497	          0.05000053	          0.05000111	          0.05000060	          0.23172275	          0.15417234	          0.15338623	          0.05000005	          0.05000005	          0.05000035	          0.05000079	          0.05000181	          0.07722454	          0.26934186	          0.29630964	          0.22628199	          0.06963891	          0.05000015	          0.13278937	          0.20969099	          0.05001205	          0.05000560	          0.23370660	          0.10450195	          0.09484905	          0.15060694	          0.35032348	          0.20761314	          0.07064314	          0.05000006	          0.05000010	          0.05000210	          0.05000017	          0.05000010	          0.25576081	          0.05966199	          0.05000071	          0.05000677	          0.05879940	          0.05000026	          0.26109281	          0.21608811	          0.14647337	          0.16971111	          0.05000090	          0.05000053	          0.05000010	          0.45319375	          0.30752239	          0.25285605	          0.05000034	          0.05000010	          0.05000005	          0.09832905	          0.10047998	          0.05000037	          0.05000178	          0.05000031	          0.14461171	          0.05000009	          0.05000009	          0.05000007	          0.05000006	          0.05000014	          0.05000001	          0.05000046	          0.08204322	          0.05000063	          0.34611892	          0.05000216	          0.05000015	          0.28482399	          0.33916088	          0.58792057	          0.09763369	          0.05228930	          0.05000011	
          0.77081640	         -2.86316502	          1.98770239	         -5.04825052	          1.04045218	          0.92841453	         -0.00395168	         12.41057245	          6.41429772	          3.36559382	         10.71114316	         -1.80475402	          1.13008877	        -16.92591545	        -55.11864737	          7.12950895	          4.52117924	         -1.00355219	         10.28422512	          4.48926054	          2.84378293	         -8.57552246	         -6.34682469	         -3.05921023	         -2.57085169	          1.89321409	         -6.96919446	        -13.44999265	         12.26626252	          1.46417386	        -13.44975409	         18.92493047	         13.86247730	         44.16296624	         86.51662706	         86.51662706	          0.52950372	          0.34278587	          0.23970891	          0.68454196	          0.59943855	          0.50754118	          0.05228306	          0.05922178	          0.05951288	          0.05000011	          0.05000029	          0.05000018	          0.05000062	          0.05565524	          0.12096483	          0.17488348	          0.05000059	          0.05000099	          0.05000055	          0.22806193	          0.15039934	          0.14628606	          0.05000005	          0.05000005	          0.05000034	          0.05000086	          0.05000730	          0.09918128	          0.24656608	          0.26493441	          0.20511901	          0.09705400	          0.05000010	          0.14690541	          0.21809296	          0.05000426	          0.05000348	          0.21100990	          0.11719914	          0.10307377	          0.13293216	          0.33487191	          0.17654484	          0.06741692	          0.05000006	          0.05000010	          0.05000198	          0.05000017	          0.05000010	          0.21748650	          0.05258222	          0.05000075	          0.05000529	          0.05000030	          0.05000020	          0.27858664	          0.21329600	          0.14392561	          0.15689304	          0.05000079	          0.05000048	          0.05000009	          0.42507007	          0.29496909	          0.21503953	          0.05000030	          0.05000009	          0.05000005	          0.09648129	          0.09950624	          0.05000032	          0.05000154	          0.05000034	          0.12297068	          0.05000010	          0.05000010	          0.05000007	          0.05000005	          0.05000013	          0.05000001	          0.05000016	          0.06976557	          0.05000061	          0.33893629	          0.05000009	          0.05000019	          0.33358314	          0.34868153	          0.60081625	          0.09681998	          0.05366863	          0.05000012	
          0.78137553	         -2.86333265	          1.86563135	         -4.88541451	          1.05333183	          0.92949708	         -0.00409765	         11.05332696	          6.38408682	          3.82551118	         12.52550869	         -1.68647759	          0.78067232	        -16.06724303	        -55.53164065	          7.36050950	          5.39593390	         -1.02748044	          9.47456286	          4.42242208	          2.99639383	         -8.18473296	         -6.77483726	         -3.13754450	         -2.50712225	          1.79518466	         -6.39543670	        -13.45162793	         12.31482813	          1.37547150	        -13.44977958	         18.71733214	         13.88938320	         43.68359689	         86.51662706	         86.51662706	          0.50059291	          0.33527657	          0.24601552	          0.69875286	          0.62317485	          0.52665883	          0.05000205	          0.05036204	          0.05299229	          0.05000010	          0.05000030	          0.05000016	          0.05000046	          0.05000839	          0.10286383	          0.16224291	          0.05000175	          0.05000087	          0.05000047	          0.22409157	          0.14575118	          0.13399581	          0.05000005	          0.05000005	          0.05000032	          0.05000088	          0.07180898	          0.11999491	          0.22554348	          0.23730491	          0.18666228	          0.12678450	          0.05000662	          0.16019317	          0.22675665	          0.05000321	          0.05000327	          0.18054089	          0.11957356	          0.10801944	          0.11304209	          0.32152594	          0.15013279	          0.06395979	          0.05000006	          0.05000010	          0.05000028	          0.05000017	          0.05000012	          0.18493987	          0.05000426	          0.05000075	          0.05000353	          0.05000018	          0.05000015	          0.28444231	          0.21985949	          0.14335193	          0.14178080	          0.05000080	          0.05000044	          0.05000009	          0.39795891	          0.29213381	          0.18286033	          0.05000029	          0.05000009	          0.05000005	          0.09605556	          0.10006866	          0.05000071	          0.05000954	          0.05000051	          0.10456822	          0.05000012	          0.05000012	          0.05000009	          0.05000008	          0.05000016	          0.05000002	          0.05000011	          0.05932529	          0.05000049	          0.34250557	          0.05011591	          0.05000070	          0.40947721	          0.33954614	          0.56076428	          0.09627869	          0.05726397	          0.05000012	
          0.79193466	         -2.86292606	          1.73445288	         -4.70248237	          1.06616390	          0.93042390	         -0.00422451	          9.66223100	          6.32566671	          4.28486405	         14.31862002	         -1.56265898	          0.43630356	        -15.13416353	        -55.78017788	          7.55481013	          6.24047325	         -1.05746055	          8.69811675	          4.36077905	          3.08792271	         -7.78992757	         -7.04925315	         -3.21933874	         -2.43517691	          1.69109734	         -5.80018182	        -13.45352489	         12.32847909	          1.28286263	        -13.44990388	         18.47589602	         13.97799400	         43.14167192	         86.51662706	         86.51662706	          0.47136762	          0.32791859	          0.25011761	          0.71397074	          0.64251995	          0.53952847	          0.05000133	          0.05000207	          0.05001023	          0.05000011	          0.05000034	          0.05000014	          0.05000035	          0.05000457	          0.08747141	          0.14868168	          0.09320930	          0.05000076	          0.05000045	          0.22002811	          0.14182846	          0.12413276	          0.05000005	          0.05000006	          0.05000031	          0.05000096	          0.12022583	          0.13793085	          0.20360370	          0.21040335	          0.16846747	          0.15533547	          0.09680350	          0.17120179	          0.23473330	          0.05000557	          0.05000402	          0.15352348	          0.12743509	          0.11468415	          0.11934976	          0.31086504	          0.14265973	          0.06088341	          0.05000006	          0.05000010	          0.05000027	          0.05000017	          0.05000013	          0.15726381	          0.05000267	          0.05000075	          0.05000282	          0.05000016	          0.05000012	          0.27155499	          0.22531980	          0.14332561	          0.12358677	          0.05000071	          0.05000040	          0.05000008	          0.37127249	          0.28408687	          0.15549592	          0.05000026	          0.05000009	          0.05000005	          0.09731168	          0.10155485	          0.05000075	          0.05002250	          0.05000059	          0.08891968	          0.05000014	          0.05000014	          0.05000010	          0.05000005	          0.05000010	          0.05000001	          0.05000011	          0.05044745	          0.05000052	          0.34659299	          0.05883390	          0.05000057	          0.44527114	          0.34092779	          0.55049088	          0.09602441	          0.05950675	          0.05000013	
          0.80249379	         -2.86211949	          1.59485307	         -4.50046708	          1.07896320	          0.93120845	         -0.00433433	          8.23778216	          6.23871694	          4.74141658	         16.07492977	         -1.43517812	          0.10005242	        -14.12758051	        -55.85080053	          7.70787972	          7.03684131	         -1.09376068	          7.95685768	          4.30209860	          3.14082807	         -7.39607507	         -7.22064706	         -3.30341024	         -2.35456812	          1.58152709	         -5.18796771	        -13.45464366	         12.31849832	          1.18593070	        -13.45003872	         18.20361823	         14.13159200	         42.53708748	         86.51662706	         86.51662706	          0.44022111	          0.31755264	          0.25063713	          0.71910591	          0.64715358	          0.54489891	          0.05000156	          0.05000197	          0.05000732	          0.05000011	          0.05000036	          0.05000012	          0.05000030	          0.05000330	          0.07438252	          0.13232181	          0.13899070	          0.05000068	          0.05000041	          0.21524637	          0.13946851	          0.11443543	          0.05000005	          0.05000005	          0.05000027	          0.05000092	          0.16102358	          0.15338932	          0.17542446	          0.17893687	          0.14945200	          0.18687164	          0.14449805	          0.18152468	          0.24270678	          0.05000229	          0.05000237	          0.13054890	          0.14101559	          0.12218851	          0.11608713	          0.30219263	          0.14416484	          0.05849211	          0.05000006	          0.05000010	          0.05000020	          0.05000017	          0.05000014	          0.13372945	          0.05000141	          0.05000071	          0.05000212	          0.05000014	          0.05000010	          0.25152414	          0.22951487	          0.14301218	          0.11226481	          0.05000077	          0.05000040	          0.05000008	          0.34442667	          0.27527621	          0.13222629	          0.05000025	          0.05000009	          0.05000006	          0.09660566	          0.10125201	          0.05000181	          0.06035923	          0.05000071	          0.07561296	          0.05000021	          0.05000021	          0.05000016	          0.05000005	          0.05000011	          0.05000001	          0.05000010	          0.05000045	          0.05000046	          0.34848121	          0.06924919	          0.05000167	          0.47318908	          0.34135184	          0.53438148	          0.09553805	          0.06108896	          0.05000013	
          0.81305292	         -2.86107388	          1.44736658	         -4.28007824	          1.09174555	          0.93186134	         -0.00442851	          6.78266818	          6.12306183	          5.19285932	         17.77602973	         -1.30538968	         -0.22508051	        -13.05319306	        -55.72335586	          7.82033620	          7.76792064	         -1.13359812	          7.25616476	          4.24276843	          3.17200353	         -7.01098441	         -7.33025628	         -3.38836770	         -2.26507589	          1.46699400	         -4.56343379	        -13.45445284	         12.29794188	          1.08388599	        -13.45002826	         17.90341992	         14.35306397	         41.87021030	         86.51662706	         86.51662706	          0.40626471	          0.30161994	          0.24768754	          0.69671132	          0.63408317	          0.54223595	          0.05000791	          0.05000283	          0.05013218	          0.05000012	          0.05000042	          0.05000012	          0.05000030	          0.05000289	          0.06325267	          0.11252065	          0.18271250	          0.05000068	          0.05000043	          0.20226429	          0.13226522	          0.09731263	          0.05000006	          0.05000006	          0.05000028	          0.05000100	          0.20006000	          0.15099428	          0.14917270	          0.15215942	          0.12708722	          0.21851499	          0.19086162	          0.19031502	          0.25119969	          0.05000173	          0.05000208	          0.11101239	          0.15355841	          0.12868231	          0.10706911	          0.29555955	          0.15697506	          0.05518004	          0.05000007	          0.05000011	          0.05000021	          0.05000017	          0.05000014	          0.11371699	          0.05000153	          0.05000073	          0.05000160	          0.05000012	          0.05000008	          0.21388380	          0.23504057	          0.14561733	          0.10983527	          0.05000067	          0.05000037	          0.05000009	          0.31902752	          0.27035048	          0.11243887	          0.05000023	          0.05000008	          0.05000006	          0.09734117	          0.10180986	          0.05000092	          0.11268734	          0.05000088	          0.06429767	          0.05000025	          0.05000026	          0.05000021	          0.05000005	          0.05000010	          0.05000001	          0.05000010	          0.05000054	          0.05000044	          0.35134288	          0.08115644	          0.05000233	          0.48373300	          0.34132801	          0.51311022	          0.09402059	          0.05947079	          0.05000016	
          0.82361205	         -2.85990859	          1.29327264	         -4.04156903	          1.10452535	          0.93238476	         -0.00450828	          5.30177843	          5.97967881	          5.63689095	         19.40212634	         -1.17492112	         -0.53744702	        -11.92068918	        -55.37274097	          7.89185717	          8.41659708	         -1.17361074	          6.59937449	          4.18011667	          3.19244143	         -6.63403754	         -7.40761979	         -3.47300199	         -2.16779267	          1.34815728	         -3.93040825	        -13.45314643	         12.28125171	          0.97556151	        -13.44978910	         17.57789794	         14.64401942	         41.14273012	         86.51662706	         86.51662706	          0.36398470	          0.27791837	          0.23988374	          0.66748139	          0.61250201	          0.52826627	          0.05000077	          0.05000095	          0.05000069	          0.05000015	          0.05000050	          0.05000012	          0.05000025	          0.05000207	          0.05378926	          0.09568220	          0.22689453	          0.05000063	          0.05000043	          0.18836442	          0.11722626	          0.08275029	          0.05000007	          0.05000007	          0.05000027	          0.05000119	          0.23230266	          0.12839860	          0.12684926	          0.12938900	          0.10806889	          0.25041439	          0.23559165	          0.19739106	          0.25948804	          0.05000154	          0.05000242	          0.09439950	          0.16317126	          0.13394141	          0.09104882	          0.29113569	          0.17548080	          0.05246714	          0.05000006	          0.05000010	          0.05000015	          0.05000017	          0.05000017	          0.09669938	          0.05000086	          0.05000065	          0.05000115	          0.05000010	          0.05000006	          0.18187627	          0.23645345	          0.15376288	          0.11189008	          0.05000081	          0.05000039	          0.05000009	          0.30047069	          0.25937645	          0.09561260	          0.05000024	          0.05000009	          0.05000007	          0.10301812	          0.10815288	          0.05399649	          0.17032650	          0.05000096	          0.05756187	          0.05000038	          0.05000039	          0.05000028	          0.05000005	          0.05000011	          0.05000001	          0.05000011	          0.05000052	          0.05000045	          0.35228050	          0.09099201	          0.05000344	          0.47998314	          0.34032182	          0.48605375	          0.09292736	          0.05923426	          0.05000013	
          0.83417118	         -2.85864491	          1.13487173	         -3.78557369	          1.11731196	          0.93276815	         -0.00457546	          3.80248179	          5.81135753	          6.07069650	         20.93780792	         -1.04550567	         -0.83507477	        -10.74414746	        -54.78145557	          7.92206841	          8.96908573	         -1.21277087	          5.99037447	          4.11364912	          3.20958912	         -6.25985279	         -7.47252680	         -3.55658046	         -2.06491854	          1.22577177	         -3.29150613	        -13.45136986	         12.28401809	          0.86043418	        -13.44973670	         17.23006699	         15.00380793	         40.35802306	         86.51662706	         86.51662706	          0.32422777	          0.25291623	          0.22862629	          0.61169474	          0.57600999	          0.50808967	          0.05000203	          0.05000131	          0.05000106	          0.05000019	          0.05000069	          0.05000012	          0.05000024	          0.05000182	          0.05000510	          0.08136358	          0.26215525	          0.05000065	          0.05000047	          0.16028355	          0.09969092	          0.07036707	          0.05000009	          0.05000009	          0.05000032	          0.05000168	          0.25366733	          0.10918391	          0.10786645	          0.11002612	          0.09189656	          0.28232552	          0.27932447	          0.20284570	          0.26705033	          0.05000157	          0.05000346	          0.08027272	          0.16916328	          0.13795524	          0.07742498	          0.28804235	          0.19234786	          0.05167180	          0.05000006	          0.05000010	          0.05000016	          0.05000017	          0.05000017	          0.08222845	          0.05000090	          0.05000064	          0.05000090	          0.05000009	          0.05000006	          0.15465863	          0.23767327	          0.15943763	          0.13300781	          0.05000093	          0.05000042	          0.05000009	          0.27862293	          0.24941722	          0.08130436	          0.05000023	          0.05000009	          0.05000007	          0.10539605	          0.11124162	          0.08036653	          0.18420126	          0.05000096	          0.05362600	          0.05000059	          0.05000062	          0.05000039	          0.05000005	          0.05000012	          0.05000001	          0.05000013	          0.05000058	          0.05000050	          0.35137739	          0.09731559	          0.05000712	          0.46510834	          0.33914111	          0.45836499	          0.09210822	          0.05924137	          0.05000013	
          0.84473030	         -2.85727643	          0.97506155	         -3.51290496	          1.13011356	          0.93299277	         -0.00463110	          2.29106212	          5.62196893	          6.48927069	         22.37054355	         -0.91854707	         -1.11807991	         -9.53518436	        -53.93808861	          7.90967255	          9.41619428	         -1.25278460	          5.43210665	          4.04532026	          3.22776533	         -5.88439136	         -7.53738460	         -3.63819139	         -1.95947894	          1.10017111	         -2.64832152	        -13.45004645	         12.32209999	          0.73817907	        -13.45017959	         16.86285689	         15.42791673	         39.52027727	         86.51662706	         86.51662706	          0.28699397	          0.22551942	          0.21341019	          0.55760941	          0.53538367	          0.48777995	          0.05382739	          0.05000315	          0.05000180	          0.05000030	          0.05000101	          0.05000014	          0.05000027	          0.05000174	          0.05000572	          0.06918771	          0.29485219	          0.05000075	          0.05000060	          0.13630550	          0.08477342	          0.05983693	          0.05000012	          0.05000012	          0.05000035	          0.05000211	          0.27254577	          0.09284466	          0.09172439	          0.09356085	          0.07814439	          0.31414440	          0.32110644	          0.20656350	          0.27432265	          0.05000222	          0.05000945	          0.06826000	          0.17091273	          0.13969860	          0.06585230	          0.28637497	          0.20800433	          0.05153356	          0.05000007	          0.05000010	          0.05000016	          0.05000018	          0.05000018	          0.06992311	          0.05000086	          0.05000065	          0.05000069	          0.05000009	          0.05000005	          0.13151409	          0.24225502	          0.16845775	          0.15552737	          0.05000103	          0.05000044	          0.05000010	          0.25882371	          0.24369395	          0.06913737	          0.05000024	          0.05000010	          0.05000008	          0.10930823	          0.11531790	          0.11700523	          0.18668338	          0.05000107	          0.05048664	          0.05000093	          0.05000098	          0.05000045	          0.05000007	          0.05000015	          0.05000002	          0.05000014	          0.05000086	          0.05000066	          0.35023911	          0.10303597	          0.05000890	          0.44200826	          0.33836584	          0.42931734	          0.09088965	          0.06114772	          0.05000015	
          0.85528943	         -2.85583391	          0.81690849	         -3.22502578	          1.14293736	          0.93303855	         -0.00467543	          0.77126471	          5.41577582	          6.88758252	         23.69040052	         -0.79523841	         -1.38793439	         -8.30151552	        -52.83612835	          7.85621846	          9.75466199	         -1.29531220	          4.92912133	          3.97661666	          3.24878477	         -5.50549785	         -7.61002834	         -3.71699552	         -1.85464353	          0.97153304	         -2.00179174	        -13.44970714	         12.40694722	          0.60896286	        -13.45121883	         16.47917904	         15.90883015	         38.63354099	         86.51662706	         86.51662706	          0.25837926	          0.20258340	          0.20131421	          0.52036599	          0.50807415	          0.47228790	          0.06284010	          0.05005327	          0.05000206	          0.05000167	          0.05000688	          0.05000016	          0.05000028	          0.05000158	          0.05000421	          0.05883396	          0.32590030	          0.05000093	          0.05000089	          0.11591487	          0.07208819	          0.05088267	          0.05000024	          0.05000024	          0.05000044	          0.05000395	          0.28385586	          0.07895056	          0.07799798	          0.07955961	          0.06645024	          0.34536522	          0.35860958	          0.20839555	          0.28030680	          0.05000353	          0.05005566	          0.05804500	          0.17236604	          0.14108094	          0.05878152	          0.28687477	          0.22253915	          0.05193008	          0.05000006	          0.05000011	          0.05000016	          0.05000019	          0.05000019	          0.05945929	          0.05000082	          0.05000063	          0.05000048	          0.05000008	          0.05000005	          0.11183311	          0.25075297	          0.17877865	          0.17159411	          0.05000113	          0.05000046	          0.05000011	          0.24153649	          0.23536375	          0.05879127	          0.05000024	          0.05000011	          0.05000009	          0.11634313	          0.12205113	          0.15229534	          0.18409893	          0.05000098	          0.05000173	          0.05000077	          0.05000078	          0.05000032	          0.05000008	          0.05000017	          0.05000003	          0.05000016	          0.05000113	          0.05000081	          0.34803022	          0.10543128	          0.05000935	          0.41908916	          0.34196791	          0.39294243	          0.08918030	          0.06444753	          0.05000014	
          0.86584856	         -2.85441809	          0.66294634	         -2.92390638	          1.15578877	          0.93288932	         -0.00470836	         -0.75336472	          5.19673888	          7.26107230	         24.89073507	         -0.67638832	         -1.64643778	         -7.05143207	        -51.47447598	          7.76441288	          9.98704072	         -1.34188612	          4.48457723	          3.90893475	          3.27359325	         -5.11894323	         -7.69567479	         -3.79248499	         -1.75286563	          0.83992523	         -1.35253296	        -13.45012113	         12.54255135	          0.47361359	        -13.45270232	         16.08160594	         16.43758489	         37.70120094	         86.51662706	         86.51662706	          0.24279515	          0.19216979	          0.19595207	          0.51352118	          0.50022920	          0.46183521	          0.06738028	          0.05006601	          0.05000185	          0.07570189	          0.05010321	          0.05000016	          0.05000027	          0.05000143	          0.05000393	          0.05002975	          0.35565443	          0.05000094	          0.05000096	          0.09859590	          0.06130307	          0.05000090	          0.05000029	          0.05000029	          0.05000045	          0.05000497	          0.28780024	          0.06713572	          0.06632576	          0.06765369	          0.05650621	          0.37652791	          0.39339501	          0.20904687	          0.28506580	          0.05000215	          0.05002752	          0.05000081	          0.17754496	          0.14372889	          0.05000101	          0.28870663	          0.23136145	          0.05158554	          0.05000006	          0.05000011	          0.05000017	          0.05000021	          0.05000021	          0.05056148	          0.05000084	          0.05000067	          0.05000032	          0.05000008	          0.05000005	          0.09509738	          0.26237221	          0.18547038	          0.17365570	          0.05000137	          0.05000052	          0.05000013	          0.22660158	          0.21944352	          0.05000059	          0.05000026	          0.05000012	          0.05000010	          0.12515812	          0.13011320	          0.17112712	          0.18227359	          0.05000106	          0.05000060	          0.05000058	          0.05000056	          0.05000023	          0.05000009	          0.05000018	          0.05000004	          0.05000019	          0.05000120	          0.05000090	          0.34767918	          0.10953488	          0.05004568	          0.39713314	          0.34890486	          0.35455809	          0.08802778	          0.06634515	          0.05000014	
          0.87640769	         -2.85315782	          0.51514288	         -2.61130050	          1.16867071	          0.93253558	         -0.00473056	         -2.27401390	          4.96881848	          7.60618383	         25.96810101	         -0.56266043	         -1.89348719	         -5.80413180	        -49.85831870	          7.64233388	         10.12632941	         -1.39026176	          4.09655268	          3.84209123	          3.30344012	         -4.72058797	         -7.79505370	         -3.86455908	         -1.65587879	          0.70565181	         -0.70053219	        -13.45075757	         12.72927508	          0.33298855	        -13.45424225	         15.67127477	         17.00529736	         36.72628988	         86.51662706	         86.51662706	          0.23755604	          0.19088694	          0.19420464	          0.52266467	          0.50388370	          0.45555204	          0.06963449	          0.05002541	          0.05000126	          0.12852559	          0.05009470	          0.05000017	          0.05000027	          0.05000134	          0.05000397	          0.05000082	          0.38470881	          0.05000095	          0.05000098	          0.08565841	          0.05216795	          0.05000147	          0.05000035	          0.05000035	          0.05000045	          0.05000529	          0.28768317	          0.05708902	          0.05640043	          0.05752963	          0.05000079	          0.40755504	          0.42761883	          0.20859756	          0.28949662	          0.05000120	          0.05000422	          0.05000019	          0.19131520	          0.14619734	          0.05000887	          0.29191802	          0.24121043	          0.05048738	          0.05000007	          0.05000011	          0.05000018	          0.05000022	          0.05000023	          0.05000077	          0.05000090	          0.05000073	          0.05000020	          0.05000008	          0.05000004	          0.08086615	          0.27663967	          0.19087222	          0.16306514	          0.05000127	          0.05000052	          0.05000013	          0.21286416	          0.20180477	          0.05000082	          0.05000027	          0.05000013	          0.05000011	          0.13600898	          0.13949703	          0.18213611	          0.18507643	          0.05000131	          0.05000045	          0.05000039	          0.05000037	          0.05000016	          0.05000010	          0.05000021	          0.05000005	          0.05000023	          0.05000149	          0.05000110	          0.34942165	          0.11246604	          0.05110923	          0.37442433	          0.35778019	          0.32165927	          0.08757759	          0.06652087	          0.05000015	
          0.88696682	         -2.85218058	          0.37448052	         -2.28837962	          1.18158555	          0.93197304	         -0.00474323	         -3.77717248	          4.73563460	          7.92022213	         26.92249104	         -0.45402684	         -2.12732895	         -4.58805275	        -48.00115530	          7.50371290	         10.19473921	         -1.43478371	          3.75880830	          3.77319133	          3.33890196	         -4.30603126	         -7.90586213	         -3.93325366	         -1.56431105	          0.56921618	         -0.04567908	        -13.45117774	         12.96662086	          0.18705911	        -13.45542637	         15.24723219	         17.60445857	         35.71300653	         86.51662706	         86.51662706	          0.23728606	          0.19029435	          0.19026177	          0.53596460	          0.50836932	          0.44631581	          0.07365188	          0.05163532	          0.05000131	          0.17863518	          0.07231065	          0.05000017	          0.05000027	          0.05000120	          0.05000372	          0.05000120	          0.41252740	          0.05000092	          0.05000099	          0.08361843	          0.05021644	          0.05000155	          0.05000039	          0.05000040	          0.05000044	          0.05000521	          0.28153976	          0.05000032	          0.05000103	          0.05000100	          0.05000123	          0.43811589	          0.46224458	          0.20762111	          0.29382578	          0.05000140	          0.05000395	          0.05000020	          0.19489473	          0.14555821	          0.05010221	          0.29552672	          0.24311789	          0.05000046	          0.05000007	          0.05000011	          0.05000019	          0.05000025	          0.05000026	          0.05000109	          0.05000095	          0.05000079	          0.05000013	          0.05000008	          0.05000005	          0.06876462	          0.29171620	          0.19628082	          0.15030191	          0.05000137	          0.05000056	          0.05000015	          0.19945171	          0.18206578	          0.05000075	          0.05000030	          0.05000015	          0.05000012	          0.14895133	          0.14962919	          0.19539038	          0.17966512	          0.05000132	          0.05000031	          0.05000029	          0.05000027	          0.05000012	          0.05000011	          0.05000022	          0.05000006	          0.05000029	          0.05000166	          0.05000130	          0.35231718	          0.11346147	          0.05284770	          0.35187306	          0.36821175	          0.29501989	          0.08729602	          0.06799115	          0.05000015	
          0.89752595	         -2.85159579	          0.24113356	         -1.95625833	          1.19454016	          0.93120191	         -0.00474671	         -5.25265855	          4.50002160	          8.20056004	         27.75654979	         -0.34966037	         -2.34630895	         -3.42496026	        -45.92345895	          7.35873873	         10.21409498	         -1.47114855	          3.46473627	          3.69876361	          3.37909286	         -3.86832038	         -8.02479285	         -3.99811084	         -1.47790793	          0.43097808	          0.61066612	        -13.45117924	         13.25285126	          0.03432297	        -13.45572343	         14.80637049	         18.22957227	         34.66763692	         86.51662706	         86.51662706	          0.24023988	          0.19011064	          0.18505151	          0.54599282	          0.50921268	          0.43514520	          0.07978546	          0.05709609	          0.05000222	          0.24513985	          0.08943298	          0.05000016	          0.05000026	          0.05000110	          0.05000363	          0.05000126	          0.43891875	          0.05000088	          0.05000101	          0.07127370	          0.05008304	          0.05000191	          0.05000038	          0.05000039	          0.05000045	          0.05000553	          0.27251321	          0.05000032	          0.05000160	          0.05000157	          0.05000128	          0.46819299	          0.49618353	          0.20715218	          0.29856231	          0.05000143	          0.05000288	          0.05000021	          0.19391654	          0.14426461	          0.05635780	          0.29915160	          0.24813680	          0.05000017	          0.05000008	          0.05000010	          0.05000021	          0.05000027	          0.05000028	          0.05000109	          0.05000099	          0.05000083	          0.05000010	          0.05000009	          0.05000005	          0.05847411	          0.30039956	          0.20074662	          0.14472804	          0.05000182	          0.05000065	          0.05000017	          0.18529546	          0.16773099	          0.05000083	          0.05000032	          0.05000016	          0.05000014	          0.16120046	          0.15853647	          0.21121679	          0.17671908	          0.05000151	          0.05000022	          0.05000022	          0.05000021	          0.05000009	          0.05000013	          0.05000027	          0.05000008	          0.05000037	          0.05000198	          0.05000160	          0.35577253	          0.11394294	          0.05419415	          0.33092555	          0.37943517	          0.27457023	          0.08717624	          0.06930910	          0.05000030	
          0.90808508	         -2.85147108	          0.11475795	         -1.61580371	          1.20754552	          0.93022568	         -0.00474034	         -6.69220005	          4.26418454	          8.44445142	         28.47453204	         -0.24766989	         -2.54863309	         -2.33396232	        -43.65039029	          7.21685894	         10.20186753	         -1.49547030	          3.20832740	          3.62259449	          3.42262392	         -3.40655427	         -8.14817484	         -4.05818358	         -1.39593984	          0.29098233	          1.26574661	        -13.45087579	         13.58485011	         -0.12848364	        -13.45462245	         14.34335099	         18.87706253	         33.59983047	         86.51662706	         86.51662706	          0.24706417	          0.18600053	          0.17365201	          0.55034932	          0.50622071	          0.42597362	          0.08399739	          0.06211255	          0.05000342	          0.31126428	          0.11087652	          0.05000018	          0.05000029	          0.05000109	          0.05000382	          0.05000131	          0.46465400	          0.05000103	          0.05000124	          0.06067159	          0.05001794	          0.05000185	          0.05000054	          0.05000053	          0.05000042	          0.05000412	          0.26184468	          0.05000026	          0.05000136	          0.05000134	          0.05000119	          0.49693551	          0.52856099	          0.20694664	          0.30338440	          0.05000298	          0.05000421	          0.05000591	          0.19042709	          0.14138749	          0.05000741	          0.30259589	          0.24949684	          0.05000013	          0.05000009	          0.05000009	          0.05000021	          0.05000028	          0.05000031	          0.05000107	          0.05000099	          0.05000085	          0.05000008	          0.05000010	          0.05000005	          0.05000024	          0.28922218	          0.20719854	          0.13993855	          0.05000180	          0.05000069	          0.05000019	          0.17027741	          0.16102934	          0.05000088	          0.05000034	          0.05000017	          0.05000016	          0.17359771	          0.16635224	          0.22797875	          0.17251681	          0.05000153	          0.05000018	          0.05000019	          0.05000017	          0.05000008	          0.05000013	          0.05000027	          0.05000008	          0.05000043	          0.05000222	          0.05000185	          0.35960093	          0.11451278	          0.05574870	          0.30938695	          0.39123293	          0.25685258	          0.08859709	          0.07081407	          0.05000079	
          0.91864421	         -2.85178202	         -0.00514159	         -1.26788443	          1.22061683	          0.92905100	         -0.00472337	         -8.08857010	          4.02995084	          8.65115963	         29.08201114	         -0.14578855	         -2.73223001	         -1.33378281	        -41.21077749	          7.09681823	         10.16885508	         -1.50059403	          2.98377017	          3.54103230	          3.46726388	         -2.92887691	         -8.27269234	         -4.11199970	         -1.31741774	          0.14936195	          1.91530096	        -13.45041371	         13.95706266	         -0.30617878	        -13.45217864	         13.85262808	         19.54554626	         32.52233356	         86.51662706	         86.51662706	          0.25264739	          0.18538087	          0.16716993	          0.56620499	          0.50937006	          0.41494420	          0.08360456	          0.06432245	          0.05000156	          0.37500486	          0.13413785	          0.05000018	          0.05000027	          0.05000097	          0.05000347	          0.05000121	          0.48933091	          0.05000099	          0.05000119	          0.05236934	          0.05002900	          0.05000220	          0.05000084	          0.05000058	          0.05000043	          0.05000505	          0.24912000	          0.05000026	          0.05000155	          0.05000153	          0.05000132	          0.52473495	          0.56087996	          0.20872308	          0.30922564	          0.05000096	          0.05000156	          0.06419554	          0.18917705	          0.14123013	          0.13034721	          0.30711260	          0.28012056	          0.05000010	          0.05000009	          0.05000009	          0.05000024	          0.05000032	          0.05000035	          0.05000114	          0.05000108	          0.05000098	          0.05000006	          0.05000010	          0.05000005	          0.05000027	          0.28645185	          0.20660227	          0.14092286	          0.05000247	          0.05000081	          0.05000021	          0.15774261	          0.14004515	          0.05000084	          0.05000039	          0.05000020	          0.05000019	          0.18385318	          0.17226002	          0.24069775	          0.16442445	          0.05000221	          0.05000017	          0.05000018	          0.05000017	          0.05000008	          0.05000014	          0.05000029	          0.05000010	          0.05000052	          0.05000248	          0.05000211	          0.36347986	          0.11551035	          0.05724926	          0.28749579	          0.40329788	          0.23996442	          0.08904624	          0.07174932	          0.05000247	
          0.92920333	         -2.85242890	         -0.11990111	         -0.91339958	          1.23376856	          0.92768306	         -0.00469444	         -9.43211544	          3.79807238	          8.81938693	         29.58916665	         -0.04163491	         -2.89619643	         -0.44809217	        -38.64356805	          7.01161383	         10.12199054	         -1.48123098	          2.78640498	          3.46943814	          3.51247004	         -2.44514444	         -8.39545348	         -4.15838922	         -1.24053419	          0.00625354	          2.55349935	        -13.45014504	         14.35970698	         -0.50415214	        -13.44988776	         13.33182827	         20.23786966	         31.45160283	         86.51662706	         86.51662706	          0.26074980	          0.18313225	          0.15716976	          0.58305676	          0.51282560	          0.40542321	          0.08241031	          0.06696323	          0.05000091	          0.44038802	          0.13826659	          0.05000020	          0.05000029	          0.05000094	          0.05000348	          0.05000123	          0.51293278	          0.05000111	          0.05000129	          0.05011400	          0.05001363	          0.05000228	          0.05000125	          0.06146301	          0.05000040	          0.05000394	          0.23577349	          0.05000026	          0.05000157	          0.05000156	          0.05000134	          0.55102959	          0.59087519	          0.21201045	          0.31487559	          0.05000107	          0.05000148	          0.07787443	          0.18727379	          0.13951053	          0.16175384	          0.30988401	          0.29914821	          0.05000010	          0.05000009	          0.05000008	          0.05000024	          0.05000035	          0.05000041	          0.05000115	          0.05000111	          0.05000100	          0.05000006	          0.05000011	          0.05000006	          0.05000024	          0.27103124	          0.20935848	          0.14286678	          0.05000409	          0.05000095	          0.05000024	          0.14256837	          0.12391826	          0.05000082	          0.05000044	          0.05000023	          0.05000022	          0.19229204	          0.17650922	          0.25279281	          0.15292431	          0.05000175	          0.05000016	          0.05000018	          0.05000016	          0.05000007	          0.05000013	          0.05000029	          0.05000010	          0.05000057	          0.05000272	          0.05000237	          0.36784711	          0.11702429	          0.05874536	          0.26481844	          0.41555784	          0.22539763	          0.08998487	          0.07305356	          0.05385176	
          0.93976246	         -2.85342231	         -0.23104358	         -0.55322589	          1.24701414	          0.92613402	         -0.00465279	        -10.71122179	          3.56826341	          8.94968284	         30.00626380	          0.06718770	         -3.03957376	          0.29874975	        -35.98611274	          6.97191120	         10.06479102	         -1.42396167	          2.61128610	          3.40237331	          3.55725585	         -1.94736493	         -8.51444030	         -4.19670282	         -1.16304693	         -0.13793629	          3.17346680	        -13.45012870	         14.77937921	         -0.72785604	        -13.45060250	         12.78409788	         20.96003324	         30.40586536	         86.51662706	         86.51662706	          0.27221384	          0.18572478	          0.15421478	          0.58712464	          0.51199213	          0.39718683	          0.09180396	          0.07471176	          0.05000278	          0.40508148	          0.17735922	          0.05000021	          0.05000029	          0.05000086	          0.05000327	          0.05000116	          0.53464538	          0.05000122	          0.05000178	          0.05008504	          0.05001054	          0.05000224	          0.05015835	          0.12944485	          0.05000044	          0.05000487	          0.22139775	          0.05000018	          0.05000123	          0.05000122	          0.05000109	          0.57551802	          0.61920026	          0.21814769	          0.32095772	          0.05000106	          0.05000156	          0.09296857	          0.18233108	          0.13791643	          0.19960990	          0.31106340	          0.32156391	          0.05000008	          0.05000010	          0.05000009	          0.05000028	          0.05000040	          0.05000047	          0.05000124	          0.05000121	          0.05000116	          0.05000006	          0.05000013	          0.05000007	          0.05000028	          0.23047337	          0.20490409	          0.14660646	          0.05000562	          0.05000120	          0.05000029	          0.12125464	          0.11347998	          0.05000100	          0.05000051	          0.05000028	          0.05000027	          0.19310313	          0.17462985	          0.25981532	          0.13838848	          0.05000246	          0.05000013	          0.05000016	          0.05000014	          0.05000007	          0.05000016	          0.05000033	          0.05000012	          0.05000064	          0.05000295	          0.05000265	          0.37273362	          0.11897885	          0.06014466	          0.24376855	          0.42818663	          0.21268926	          0.08687544	          0.07724713	          0.06565842	
          0.95032159	         -2.85507190	         -0.34018703	         -0.18843108	          1.26036697	          0.92442683	         -0.00459878	        -11.91819546	          3.33947830	          9.04183115	         30.33913454	          0.18312070	         -3.16155369	          0.89150918	        -33.26504783	          6.98524276	         10.00184811	         -1.31600277	          2.45438320	          3.33292777	          3.60147733	         -1.42745949	         -8.62806368	         -4.22720607	         -1.08219668	         -0.28263433	          3.76681115	        -13.45005113	         15.19985675	         -0.98268273	        -13.45878568	         12.22068223	         21.72148394	         29.40503659	         86.51662706	         86.51662706	          0.28850827	          0.19157626	          0.15162416	          0.58878388	          0.51040431	          0.38527121	          0.09434268	          0.07815175	          0.05000289	          0.42861137	          0.15090154	          0.05000020	          0.05000031	          0.05000083	          0.05000328	          0.05000145	          0.55573889	          0.05000116	          0.05000153	          0.05009209	          0.05001533	          0.05000302	          0.05000202	          0.19860236	          0.05000042	          0.05000429	          0.20359111	          0.05000018	          0.05000149	          0.05000147	          0.05000130	          0.59815257	          0.64616856	          0.22756074	          0.32698515	          0.05000117	          0.05000197	          0.10264948	          0.16681577	          0.13804086	          0.21502308	          0.30814244	          0.33171322	          0.05000010	          0.05000010	          0.05000009	          0.05000032	          0.05000046	          0.05000050	          0.05000157	          0.05000145	          0.05000128	          0.05000007	          0.05000017	          0.05000009	          0.05000038	          0.19598383	          0.20455811	          0.16143718	          0.05001916	          0.05000158	          0.05000037	          0.10311195	          0.10540178	          0.05000133	          0.05000056	          0.05000031	          0.05000032	          0.18937803	          0.16999442	          0.26717075	          0.11774948	          0.05000278	          0.05000011	          0.05000015	          0.05000013	          0.05000006	          0.05000014	          0.05000031	          0.05000010	          0.05000065	          0.05000317	          0.05000287	          0.37844391	          0.12177661	          0.06146669	          0.22072506	          0.44095380	          0.20388547	          0.08480196	          0.07993915	          0.07751843	
          0.96088072	         -2.85766067	         -0.44874694	          0.17997548	          1.27383963	          0.92259370	         -0.00453320	        -13.03936020	          3.11109369	          9.09598175	         30.59106851	          0.30876037	         -3.26156961	          1.30271018	        -30.50166401	          7.05906781	          9.93846140	         -1.14130286	          2.31149268	          3.25923064	          3.64512599	         -0.87138162	         -8.73512574	         -4.25051522	         -0.99529261	         -0.42708337	          4.32477914	        -13.44975968	         15.60733920	         -1.27338377	        -13.47945854	         11.66009419	         22.53276577	         28.46796595	         86.51662706	         86.51662706	          0.30186645	          0.19283577	          0.14117451	          0.59082195	          0.50210184	          0.37386258	          0.09569184	          0.08099699	          0.05000441	          0.44083686	          0.14313227	          0.05000020	          0.05000030	          0.05000077	          0.05000327	          0.05000164	          0.57557716	          0.05000115	          0.05000140	          0.05005214	          0.05001148	          0.05000323	          0.05000217	          0.27422037	          0.05000036	          0.05000317	          0.19227603	          0.05000018	          0.05000158	          0.05000157	          0.05000138	          0.61768320	          0.66882810	          0.23990665	          0.33289841	          0.05000314	          0.05502908	          0.10287805	          0.14185294	          0.13662023	          0.18289256	          0.30474818	          0.33475617	          0.05000007	          0.05000010	          0.05000009	          0.05000029	          0.05000042	          0.05000050	          0.05000120	          0.05000118	          0.05000112	          0.05000009	          0.05000021	          0.05000010	          0.05000052	          0.16665532	          0.20718120	          0.18417295	          0.05011050	          0.05000282	          0.05000043	          0.08768240	          0.09284598	          0.05000218	          0.05000059	          0.05000034	          0.05000041	          0.18023101	          0.16194756	          0.27040357	          0.10014657	          0.05000169	          0.05000011	          0.05000014	          0.05000012	          0.05000006	          0.05000043	          0.05000077	          0.05000036	          0.05000078	          0.05000471	          0.05000487	          0.38473366	          0.12382017	          0.06221466	          0.20430338	          0.45344295	          0.20069443	          0.08391000	          0.08513478	          0.09140218	
          0.97143985	         -2.86142456	         -0.55754556	          0.55072327	          1.28744817	          0.92067652	         -0.00445703	        -14.06233861	          2.88180184	          9.11371635	         30.76375221	          0.44648203	         -3.33895671	          1.51000231	        -27.71772983	          7.19619441	          9.88174237	         -0.87910311	          2.17941199	          3.16962597	          3.68992444	         -0.26723811	         -8.83405660	         -4.26702020	         -0.89987403	         -0.57043927	          4.83799968	        -13.45000418	         15.99659166	         -1.60433594	        -13.51611299	         11.12014956	         23.40439678	         27.61011088	         86.51662706	         86.51662706	          0.31608682	          0.19391654	          0.13366040	          0.58787007	          0.49742724	          0.35485352	          0.10080904	          0.08499037	          0.05001181	          0.37489773	          0.15315071	          0.05000022	          0.05000032	          0.05000077	          0.05000311	          0.05000154	          0.59476642	          0.05000129	          0.05000196	          0.05006435	          0.05001390	          0.05000354	          0.08231993	          0.35445061	          0.05000041	          0.05000388	          0.17545492	          0.05000014	          0.05000128	          0.05000127	          0.05000116	          0.63342365	          0.68858626	          0.25562565	          0.33960278	          0.07275599	          0.10873164	          0.09338013	          0.12062500	          0.12826781	          0.15552317	          0.28494023	          0.34027095	          0.05000008	          0.05000010	          0.05000009	          0.05000042	          0.05000061	          0.05000070	          0.05000170	          0.05000161	          0.05000153	          0.05000011	          0.05000029	          0.05000015	          0.05000052	          0.14171567	          0.19151082	          0.19078486	          0.11889644	          0.05001418	          0.05000127	          0.07456152	          0.07901292	          0.05000386	          0.05000084	          0.05000050	          0.05000064	          0.16772314	          0.15301746	          0.26028924	          0.08517317	          0.05000302	          0.05000010	          0.05000015	          0.05000013	          0.05000007	          0.05000223	          0.05000286	          0.05000226	          0.05000102	          0.05000391	          0.05000518	          0.39204115	          0.12335590	          0.06156759	          0.20586234	          0.46756977	          0.21119546	          0.08011314	          0.09362333	          0.10729581	
          0.98199898	         -2.86670367	         -0.66680145	          0.92226990	          1.30121415	          0.91872697	         -0.00437000	        -14.98459994	          2.64907861	          9.09580270	         30.85740522	          0.59829486	         -3.39405243	          1.51192310	        -24.94410673	          7.38414999	          9.84218803	         -0.51202619	          2.05535589	          3.05033224	          3.73811526	          0.39561837	         -8.92520684	         -4.27698066	         -0.79406802	         -0.71227845	          5.29644417	        -13.45363834	         16.37581745	         -1.97921003	        -13.56828137	         10.60803735	         24.34645592	         26.84116775	         86.51662706	         86.51662706	          0.33317969	          0.20229528	          0.13548348	          0.59611640	          0.50287876	          0.33858070	          0.10616245	          0.08629686	          0.05099990	          0.31879489	          0.15828335	          0.05000021	          0.05000029	          0.05000065	          0.05000274	          0.05000146	          0.61261348	          0.05000122	          0.05000238	          0.05005546	          0.05001212	          0.05000344	          0.14222029	          0.43255790	          0.05000040	          0.05000366	          0.16285168	          0.05000010	          0.05000100	          0.05000098	          0.05000092	          0.64390732	          0.70172156	          0.27402534	          0.34495173	          0.13379642	          0.15652306	          0.07940595	          0.10257375	          0.13174493	          0.13224939	          0.24229922	          0.30891534	          0.05000006	          0.05000010	          0.05000010	          0.05000051	          0.05000080	          0.05000107	          0.05000184	          0.05000187	          0.05000197	          0.05000016	          0.05000045	          0.05000017	          0.05000049	          0.12050819	          0.17311649	          0.18853158	          0.15512472	          0.09327638	          0.06063774	          0.06340409	          0.06722957	          0.05000464	          0.05000156	          0.05000107	          0.05505001	          0.15095501	          0.14154729	          0.24611331	          0.07243604	          0.05000331	          0.05000010	          0.05000016	          0.05000014	          0.05000008	          0.05000016	          0.05000037	          0.05000009	          0.05000086	          0.05000175	          0.05000192	          0.40059269	          0.11976017	          0.05921246	          0.24061527	          0.48362683	          0.23627325	          0.07582838	          0.09853209	          0.12344811	
          0.99255811	         -2.87375817	         -0.77713264	          1.29410290	          1.31516198	          0.91680642	         -0.00427118	        -15.80360440	          2.41011401	          9.04013386	         30.87133518	          0.76601479	         -3.42720065	          1.30671585	        -22.22915404	          7.60643906	          9.83544533	         -0.02519421	          1.93698276	          2.88262913	          3.78728902	          1.14003815	         -9.01378409	         -4.28032072	         -0.67612527	         -0.85220909	          5.69245824	        -13.46502472	         16.76886581	         -2.40044839	        -13.62949744	         10.10994926	         25.36383498	         26.16122000	         86.51662706	         86.51662706	          0.35260993	          0.21560637	          0.14446636	          0.61738668	          0.52000657	          0.31643046	          0.09031190	          0.08037535	          0.05116345	          0.27108754	          0.17910627	          0.05000023	          0.05000033	          0.05000067	          0.05000275	          0.05000161	          0.62927485	          0.05000134	          0.05000197	          0.05004197	          0.05001095	          0.05000358	          0.21340302	          0.50874313	          0.05000037	          0.05000319	          0.16894312	          0.05000039	          0.05000108	          0.05000106	          0.05000100	          0.64758219	          0.70707331	          0.29332334	          0.34790992	          0.19577331	          0.20958640	          0.06752296	          0.08722382	          0.13874924	          0.11245844	          0.20603933	          0.26268663	          0.05000006	          0.05000013	          0.05000009	          0.05000070	          0.05000123	          0.05000157	          0.05000300	          0.05000275	          0.05000270	          0.05000039	          0.05000097	          0.05764409	          0.05000097	          0.10247440	          0.16357203	          0.17928268	          0.16812641	          0.11841124	          0.07826807	          0.05391666	          0.05727133	          0.05006881	          0.05000250	          0.05000223	          0.07683000	          0.12836647	          0.12036558	          0.21684850	          0.06160385	          0.05000628	          0.05000010	          0.05000017	          0.05000015	          0.05000009	          0.05000007	          0.05000016	          0.05000004	          0.05000045	          0.05000130	          0.05000116	          0.40739352	          0.11890300	          0.05448674	          0.29400782	          0.49601969	          0.25330331	          0.07278044	          0.09633477	          0.13427086	
          1.00311724	         -2.88252956	         -0.88954772	          1.66729306	          1.32932191	          0.91498031	         -0.00415821	        -16.51504141	          2.16219366	          8.94106661	         30.80277069	          0.95106366	         -3.43781809	          0.88941918	        -19.63053124	          7.83867944	          9.88136281	          0.59093968	          1.82216850	          2.66011419	          3.83182909	          1.98955560	         -9.10761665	         -4.27542814	         -0.54500859	         -0.98977725	          6.02193825	        -13.48979325	         17.21546430	         -2.86888667	        -13.68492606	          9.58000767	         26.45257556	         25.55629041	         86.51662706	         86.51662706	          0.36134777	          0.21464661	          0.14255387	          0.61047389	          0.50439739	          0.26907953	          0.07679800	          0.06835053	          0.05001054	          0.23051950	          0.20483978	          0.05000021	          0.05000027	          0.05000055	          0.05000219	          0.05000127	          0.64433344	          0.05000131	          0.05000223	          0.05003755	          0.05000814	          0.05000272	          0.28376618	          0.58011573	          0.05000035	          0.05000331	          0.16157797	          0.08245181	          0.05000082	          0.05000080	          0.05000078	          0.64588621	          0.70702373	          0.31503505	          0.34897136	          0.25285847	          0.25228484	          0.05741832	          0.07417094	          0.11798573	          0.09562917	          0.17520569	          0.22337581	          0.05000004	          0.05000014	          0.05000009	          0.05000138	          0.05000137	          0.05000122	          0.05000522	          0.05000402	          0.05000316	          0.05000029	          0.05000167	          0.12852149	          0.05000083	          0.08713935	          0.16241525	          0.18094990	          0.16807046	          0.13335345	          0.08952756	          0.05000309	          0.05107192	          0.05007667	          0.05000297	          0.05000321	          0.08581148	          0.10915810	          0.10235434	          0.18440233	          0.05239045	          0.05000196	          0.05000011	          0.05000022	          0.05000019	          0.05000011	          0.05000008	          0.05000019	          0.05000005	          0.05000041	          0.05000292	          0.05000178	          0.40971632	          0.11990778	          0.05305159	          0.30963281	          0.50116006	          0.24588634	          0.07329787	          0.09789219	          0.13762261	
          1.01367636	         -2.89250406	         -1.00438587	          2.04238529	          1.34372778	          0.91330472	         -0.00402821	        -17.11702317	          1.90227519	          8.79708811	         30.65639591	          1.15459942	         -3.42575983	          0.25962343	        -17.22415000	          8.05366027	          9.99407198	          1.34611227	          1.71127118	          2.37422333	          3.86970528	          2.96501787	         -9.21069634	         -4.25917736	         -0.40018981	         -1.12448700	          6.28318974	        -13.53491820	         17.76801029	         -3.38111037	        -13.70996553	          8.92777503	         27.60134384	         24.99501570	         86.51662706	         86.51662706	          0.37497481	          0.19887898	          0.12124856	          0.56462855	          0.47033591	          0.22881248	          0.06530573	          0.05812243	          0.05000056	          0.19602242	          0.18628330	          0.05000027	          0.05000034	          0.05000065	          0.05000251	          0.05000141	          0.65801917	          0.05000171	          0.05000230	          0.05003781	          0.05000995	          0.05000351	          0.35376669	          0.64437084	          0.05000048	          0.05000358	          0.15909553	          0.12020022	          0.05000103	          0.05000102	          0.05000098	          0.63685548	          0.69922699	          0.33746354	          0.34734759	          0.32257839	          0.29922611	          0.05000057	          0.06307142	          0.10032932	          0.08131837	          0.14898629	          0.18994780	          0.05000007	          0.05000008	          0.05000007	          0.05000084	          0.05000114	          0.05000107	          0.05000440	          0.05000301	          0.05000242	          0.08686101	          0.05000055	          0.19001974	          0.05000040	          0.07409921	          0.17000998	          0.19145000	          0.16870431	          0.13297810	          0.09415131	          0.05000246	          0.05390964	          0.05000999	          0.05000194	          0.05000146	          0.08362650	          0.09282485	          0.08704480	          0.15913345	          0.05005783	          0.05000595	          0.05000017	          0.05000035	          0.05000031	          0.05000019	          0.05000006	          0.05000014	          0.05000004	          0.05000058	          0.05000113	          0.05000113	          0.40464297	          0.11989004	          0.05202529	          0.30108820	          0.50591080	          0.21406373	          0.08096913	          0.10159620	          0.13520435	
          1.02423549	         -2.90270125	         -1.12022446	          2.41915476	          1.35841096	          0.91182024	         -0.00387977	        -17.60486180	          1.62829196	          8.61544815	         30.44774789	          1.37660938	         -3.39000976	         -0.58947904	        -15.10278258	          8.24068827	         10.16214419	          2.25873780	          1.60331325	          1.96058995	          3.90451052	          4.15198724	         -9.32323096	         -4.22747332	         -0.24219264	         -1.25479931	          6.48066014	        -13.60914176	         18.50101216	         -3.92832817	        -13.66717461	          7.99400377	         28.78721619	         24.42629475	         86.51662706	         86.51662706	          0.37959012	          0.18288423	          0.12485406	          0.58962877	          0.42966821	          0.19457108	          0.05553340	          0.05000086	          0.05000047	          0.16668781	          0.18703429	          0.05000031	          0.05000039	          0.05000071	          0.05000302	          0.05000190	          0.66947565	          0.05000199	          0.05000152	          0.05004781	          0.05001321	          0.05000424	          0.41543233	          0.69886831	          0.05000045	          0.05000438	          0.14384873	          0.16004578	          0.05000241	          0.05000237	          0.05000222	          0.61590275	          0.67759318	          0.35370739	          0.34127507	          0.36477948	          0.33189762	          0.05000010	          0.05659920	          0.10223517	          0.06914917	          0.12669059	          0.16152225	          0.05000007	          0.05000009	          0.05000008	          0.05000220	          0.05000260	          0.05000282	          0.05000439	          0.05000487	          0.05000439	          0.14354478	          0.05000074	          0.24669266	          0.05000039	          0.06301055	          0.17423489	          0.18172492	          0.16326890	          0.12565926	          0.09301203	          0.05010011	          0.05014168	          0.05000758	          0.05000939	          0.05001034	          0.07723617	          0.07893464	          0.07405055	          0.13688681	          0.05002330	          0.05000169	          0.05000051	          0.05000127	          0.05000106	          0.05000060	          0.05000011	          0.05000024	          0.05000011	          0.05000051	          0.05005858	          0.05000389	          0.39798147	          0.12258669	          0.05064314	          0.28876532	          0.50409008	          0.18202957	          0.08723872	          0.09455640	          0.13216303	
          1.03479462	         -2.91210737	         -1.23628388	          2.79562625	          1.37340048	          0.91055020	         -0.00371014	        -17.97418269	          1.33926851	          8.39693855	         30.19602505	          1.61734377	         -3.33040107	         -1.66213450	        -13.35730274	          8.36686222	         10.34944798	          3.32461228	          1.50051735	          1.40300633	          3.94033904	          5.60313751	         -9.44270292	         -4.17608798	         -0.07379290	         -1.38028268	          6.60331200	        -13.65183033	         19.09624658	         -4.50562119	        -13.58307524	          7.00380166	         29.96316807	         23.83298717	         86.51662706	         86.51662706	          0.39159404	          0.15551711	          0.13224557	          0.60946151	          0.36537256	          0.16545377	          0.05000122	          0.05000035	          0.05000025	          0.14174310	          0.16417949	          0.05000017	          0.05000023	          0.05000041	          0.05000153	          0.05000109	          0.67824378	          0.05000095	          0.05000078	          0.05009120	          0.05001598	          0.05000328	          0.44644605	          0.73951078	          0.05000034	          0.05001019	          0.12232231	          0.20534823	          0.05000656	          0.05000654	          0.05000486	          0.58639155	          0.64762733	          0.36630376	          0.33246357	          0.42122378	          0.36223307	          0.05000006	          0.05000034	          0.09350361	          0.05880108	          0.10773143	          0.13735057	          0.05000005	          0.05000006	          0.05000005	          0.05000162	          0.05000203	          0.05000136	          0.05001034	          0.05000557	          0.05000340	          0.18525300	          0.05000061	          0.29210706	          0.05000034	          0.05358150	          0.16114843	          0.17519071	          0.14589340	          0.11320800	          0.09708093	          0.05002593	          0.05019322	          0.05000652	          0.05000459	          0.05000401	          0.07407211	          0.06712272	          0.08689787	          0.12161785	          0.05002645	          0.05000290	          0.05000122	          0.05000671	          0.05000438	          0.05000103	          0.05000012	          0.05000022	          0.05000009	          0.05000027	          0.06781219	          0.05000753	          0.38995843	          0.12744086	          0.05143469	          0.26627416	          0.50409570	          0.15478924	          0.09032717	          0.09338867	          0.12756245	
          1.04535375	         -2.92000770	         -1.35253902	          3.16821878	          1.38871505	          0.90949537	         -0.00351753	        -18.22637164	          1.03514667	          8.14196586	         29.92183221	          1.87729706	         -3.24630240	         -2.94876000	        -12.06982392	          8.39455089	         10.49542265	          4.52588491	          1.40604736	          0.68435216	          3.98347517	          7.36136198	         -9.57394480	         -4.10290923	          0.10324183	         -1.50114665	          6.63202271	        -13.62642250	         19.33045944	         -5.12599332	        -13.52187466	          6.31936227	         31.12546722	         23.27450917	         86.51662706	         86.51662706	          0.38980617	          0.13224417	          0.11245521	          0.59082120	          0.31069507	          0.14069378	          0.05000120	          0.05000028	          0.05000024	          0.12053135	          0.13961206	          0.05000015	          0.05000019	          0.05000034	          0.05000125	          0.05000085	          0.68232863	          0.05000084	          0.05000081	          0.07254116	          0.06326013	          0.05000568	          0.44355752	          0.76569057	          0.05487578	          0.08130960	          0.10401695	          0.25744776	          0.05478383	          0.05736788	          0.05011836	          0.54661179	          0.60537182	          0.37158922	          0.31532193	          0.46932528	          0.37509554	          0.05000003	          0.05000023	          0.08079474	          0.05000159	          0.09160950	          0.11679616	          0.05000006	          0.05000006	          0.05000005	          0.05000525	          0.05000134	          0.05000155	          0.05000421	          0.05000299	          0.05000294	          0.21415223	          0.05000116	          0.31999110	          0.05000030	          0.05000226	          0.16223202	          0.15747847	          0.13498439	          0.10257024	          0.10724113	          0.05002905	          0.05037844	          0.05003204	          0.05000344	          0.05000305	          0.07463789	          0.05707926	          0.10368834	          0.11216700	          0.05000608	          0.05000097	          0.05000253	          0.05358765	          0.05187300	          0.05001973	          0.05000034	          0.05000059	          0.05000277	          0.05000038	          0.07121623	          0.05001061	          0.38294158	          0.12706729	          0.05023253	          0.25361889	          0.51002191	          0.13162590	          0.08807203	          0.09809317	          0.12338481	
          1.05591288	         -2.92592365	         -1.46870224	          3.53455537	          1.40436413	          0.90863833	         -0.00329962	        -18.37251707	          0.71466883	          7.85437999	         29.64301687	          2.15551462	         -3.13621781	         -4.41828020	        -11.31237479	          8.28327229	         10.53017476	          5.83906970	          1.32363724	         -0.22046192	          4.05358728	          9.46529023	         -9.72376415	         -4.00712257	          0.28890944	         -1.61670940	          6.56869087	        -13.57099347	         19.38651050	         -5.79881995	        -13.48334768	          5.89296898	         32.29527564	         22.78485565	         86.51662706	         86.51662706	          0.37232974	          0.11245395	          0.09562638	          0.51590605	          0.26419984	          0.11963908	          0.05000151	          0.05000029	          0.05000023	          0.10249392	          0.11871951	          0.05000015	          0.05000022	          0.05000040	          0.05000140	          0.05000088	          0.68268495	          0.05000104	          0.05000112	          0.06169734	          0.05387146	          0.05000489	          0.39365899	          0.77930130	          0.05799734	          0.06914250	          0.08845091	          0.31770150	          0.05001227	          0.05001209	          0.05000855	          0.50185137	          0.56046028	          0.36705891	          0.28964291	          0.54179613	          0.37328178	          0.05000001	          0.05879869	          0.06870399	          0.05000023	          0.07790020	          0.09931770	          0.05000003	          0.05000008	          0.05000004	          0.05000024	          0.05000937	          0.05000084	          0.05879566	          0.05014146	          0.05000653	          0.22521405	          0.06846990	          0.32689953	          0.05933506	          0.05000178	          0.14720409	          0.13392223	          0.11480147	          0.08723767	          0.12122718	          0.05000062	          0.05005839	          0.10700358	          0.05000333	          0.05000114	          0.08419596	          0.05073477	          0.08817693	          0.11822599	          0.05018624	          0.05306888	          0.05000043	          0.05000141	          0.05000128	          0.05000086	          0.06402341	          0.05000026	          0.05000009	          0.05000022	          0.07949361	          0.05000794	          0.38433908	          0.12968791	          0.05003619	          0.26131868	          0.52104301	          0.15405152	          0.08674177	          0.09963295	          0.10553858	
          1.06647201	         -2.92941001	         -1.58393068	          3.89079102	          1.42035405	          0.90794983	         -0.00305240	        -18.43228432	          0.37801807	          7.53396636	         29.37618978	          2.44791015	         -3.00093571	         -6.02308314	        -11.16659607	          7.98429320	         10.35306560	          7.22910227	          1.25360370	         -1.31464074	          4.15181806	         11.92738169	         -9.89863514	         -3.88736792	          0.48170244	         -1.72761911	          6.41523480	        -13.51347093	         19.38296599	         -6.52465490	        -13.46144172	          5.66241441	         33.48282314	         22.37522146	         86.51662706	         86.51662706	          0.36057446	          0.09562530	          0.08131597	          0.43870862	          0.22466256	          0.10173519	          0.05000126	          0.05000024	          0.05000019	          0.08715579	          0.10095336	          0.10159608	          0.05000015	          0.05000017	          0.05000055	          0.05000049	          0.58057102	          0.05000150	          0.05000056	          0.05246786	          0.05000338	          0.05000102	          0.33474830	          0.77430216	          0.05000024	          0.05879575	          0.07521432	          0.30827024	          0.05000047	          0.05000044	          0.05000047	          0.43910719	          0.48479265	          0.35405872	          0.24629818	          0.56552153	          0.34229096	          0.05408423	          0.05000009	          0.05842253	          0.05000011	          0.06624249	          0.08445488	          0.05000004	          0.05000002	          0.05000003	          0.13723368	          0.05000014	          0.05818876	          0.05000012	          0.05000017	          0.05000030	          0.21683368	          0.05880244	          0.31242602	          0.06914661	          0.05949242	          0.16669603	          0.18509298	          0.10272640	          0.07418577	          0.15749296	          0.05879854	          0.06861055	          0.12305567	          0.05000937	          0.05879901	          0.11976039	          0.05345993	          0.07498285	          0.24964165	          0.05000675	          0.05000063	          0.05000018	          0.05000142	          0.05000118	          0.05000100	          0.06373295	          0.05000060	          0.05000011	          0.05103722	          0.07132552	          0.05688658	          0.39340323	          0.13134303	          0.05255214	          0.24569493	          0.54905309	          0.21077535	          0.07980698	          0.10495389	          0.08974483	
          1.07703114	         -2.93017632	         -1.69773638	          4.23084743	          1.43666196	          0.90739346	         -0.00277556	        -18.40961658	          0.02933530	          7.18521482	         29.12652861	          2.74329095	         -2.82642573	         -7.74963626	        -11.69870336	          7.46601589	          9.87086119	          8.64305233	          1.20990089	         -2.48538114	          4.26056003	         14.56327477	        -10.09311692	         -3.74598773	          0.68043372	         -1.83455638	          6.17381615	        -13.47154010	         19.37932167	         -7.29099408	        -13.45043635	          5.57479874	         34.69642381	         22.03569934	         86.51662706	         86.51662706	          0.31897664	          0.08131505	          0.06914710	          0.37305635	          0.19104199	          0.08651060	          0.05000412	          0.05000034	          0.05000027	          0.07411300	          0.08584583	          0.19624841	          0.15095232	          0.05001264	          0.05001451	          0.05000185	          0.54703796	          0.08140389	          0.05000334	          0.05000174	          0.05000126	          0.05000170	          0.28465347	          0.65842858	          0.05000025	          0.05000147	          0.06395857	          0.26213810	          0.13913043	          0.17862798	          0.11996535	          0.37339509	          0.41224378	          0.32529450	          0.20943984	          0.58507068	          0.29107167	          0.17720923	          0.11103415	          0.05758952	          0.05000026	          0.05632936	          0.07181627	          0.05000004	          0.05000077	          0.05000003	          0.11669704	          0.05879917	          0.05000014	          0.05880075	          0.05879951	          0.05002992	          0.18438476	          0.05000294	          0.26922746	          0.05879931	          0.05493079	          0.14815353	          0.15739435	          0.08735369	          0.25110685	          0.19235298	          0.05000061	          0.05835683	          0.10464142	          0.05000033	          0.05000014	          0.18980223	          0.06914778	          0.06914724	          0.51427935	          0.09566604	          0.05000044	          0.06914699	          0.05000082	          0.05000128	          0.05000120	          0.08131573	          0.05000022	          0.05000002	          0.05000007	          0.06914723	          0.06914638	          0.42692415	          0.18741064	          0.07712321	          0.27137018	          0.57609645	          0.17923305	          0.06786394	          0.08924765	          0.07631459	
          1.08759027	         -2.92843566	         -1.81062766	          4.54580339	          1.45323768	          0.90691084	         -0.00248884	        -18.30827887	         -0.32317689	          6.81269914	         28.86457704	          3.00115456	         -2.61731648	         -9.59413653	        -12.82227630	          6.75315076	          9.07087162	         10.02929540	          1.15596564	         -3.60097591	          4.29085788	         17.03017957	        -10.27941297	         -3.58701209	          0.88530971	         -1.93440228	          5.84581287	        -13.45114496	         19.38688708	         -8.07790951	        -13.45230282	          5.60403994	         35.94962586	         21.74469685	         86.51662706	         86.51662706	          0.27124478	          0.06914632	          0.05879929	          0.31722895	          0.16245271	          0.07356436	          0.05000157	          0.05000079	          0.05000107	          0.06302206	          0.07299912	          0.29801865	          0.44413395	          0.05879983	          0.05880521	          0.15551824	          0.46517530	          0.06922638	          0.05001775	          0.05003665	          0.05002273	          0.05004462	          0.24205529	          0.61121404	          0.05541005	          0.05000173	          0.05438724	          0.22290934	          0.15551847	          0.15551852	          0.13427583	          0.31751676	          0.35055178	          0.27662614	          0.17809732	          0.49752625	          0.24751326	          0.36115548	          0.18778841	          0.06262949	          0.05000006	          0.05000003	          0.06106902	          0.08862875	          0.05000026	          0.05029552	          0.20475564	          0.05000010	          0.05000116	          0.05000130	          0.05000028	          0.05000016	          0.15679176	          0.05000014	          0.22893778	          0.05000020	          0.05880004	          0.12598273	          0.36829048	          0.34082816	          0.22878267	          0.24253995	          0.05000048	          0.06915151	          0.08901243	          0.05000103	          0.18734291	          0.26277208	          0.05880010	          0.05879962	          0.56209501	          0.08135007	          0.09030166	          0.05879928	          0.07836723	          0.08513632	          0.06692450	          0.06914701	          0.06914706	          0.06889229	          0.05000005	          0.05879952	          0.05879936	          0.49797919	          0.17120917	          0.07552970	          0.23075985	          0.62387566	          0.15241098	          0.05770816	          0.10784839	          0.06489417	
          1.09814940	         -2.92456017	         -1.93078898	          4.82135516	          1.46994670	          0.90647849	         -0.00218301	        -18.05826380	         -0.66992237	          6.44247590	         28.50834281	          3.22543675	         -2.39350616	        -11.68974350	        -13.96693655	          5.91791726	          8.17519946	         11.34580577	          1.14230528	         -4.56300779	          4.44921296	         19.04788472	        -10.32821899	         -3.42039761	          1.10326578	         -2.02654294	          5.44071848	        -13.45157525	         19.38386552	         -8.83822672	        -13.47052474	          5.76342006	         37.24410468	         21.45575985	         86.51662706	         86.51662706	          0.23065394	          0.05879863	          0.05000003	          0.43533705	          0.13814180	          0.06255552	          0.05020607	          0.05000029	          0.05000014	          0.05359089	          0.06207491	          0.36448653	          0.62306574	          0.05000077	          0.05000756	          0.13224585	          0.54649648	          0.05886739	          0.05000019	          0.05000052	          0.05000033	          0.05000031	          0.20583191	          0.60398742	          0.05000002	          0.05000011	          0.05000003	          0.18955347	          0.13224556	          0.13224556	          0.11418181	          0.27000058	          0.29809195	          0.23522922	          0.15144519	          0.42307208	          0.21047330	          0.48270483	          0.19561770	          0.06914709	          0.09572178	          0.05000015	          0.05193009	          0.10670717	          0.05000000	          0.05000004	          0.35240779	          0.32662883	          0.32715929	          0.22503790	          0.21870927	          0.20095854	          0.13332800	          0.11996540	          0.19467741	          0.05879744	          0.05000083	          0.10712955	          0.31317616	          0.30960027	          0.33502874	          0.27902124	          0.05000033	          0.05880339	          0.14254013	          0.27229901	          0.27369078	          0.32377929	          0.05000073	          0.05000034	          0.47797820	          0.06917629	          0.07678837	          0.05000006	          0.06664021	          0.07549365	          0.05691027	          0.05879921	          0.05879926	          0.05858260	          0.08495152	          0.05000028	          0.05000025	          0.55614737	          0.14558785	          0.06422674	          0.54855211	          0.77926202	          0.50257163	          0.09146761	          0.11245603	          0.05518281	
          1.10870852	         -2.92056582	         -2.04078759	          5.04462978	          1.48643774	          0.90623241	         -0.00183942	        -17.53413469	         -0.98459007	          6.09145737	         28.16674427	          3.43679064	         -2.23715312	        -14.22171899	        -15.05043795	          4.99235173	          6.97945735	         12.63914393	          1.07211569	         -5.24536151	          4.60405407	         20.24861569	        -10.41515675	         -3.28002027	          1.31736129	         -2.10555728	          5.02099777	        -13.46135813	         19.36125455	         -9.48104580	        -13.49705562	          6.07471169	         38.51832598	         21.08724790	         86.51662706	         86.51662706	          0.19613676	          0.05000003	          0.05000001	          0.37018924	          0.11746901	          0.05319416	          0.05000234	          0.05000014	          0.05000016	          0.05000004	          0.05278553	          0.38238872	          0.70107564	          0.34157237	          0.13231276	          0.11245562	          0.55567796	          0.05005842	          0.05000013	          0.05000071	          0.05000054	          0.05000077	          0.17502932	          0.54768062	          0.05000003	          0.05000014	          0.05000007	          0.17647550	          0.11245519	          0.11245519	          0.09709466	          0.22959517	          0.25348269	          0.20002732	          0.14307147	          0.35975972	          0.20050869	          0.48021864	          0.16634367	          0.05879930	          0.08139711	          0.05000011	          0.05000003	          0.13580476	          0.05000000	          0.05000004	          0.41710826	          0.42574054	          0.42689756	          0.19136170	          0.18598037	          0.17093654	          0.11337557	          0.12115920	          0.16554408	          0.05000031	          0.05000015	          0.09109776	          0.32132416	          0.43250973	          0.41586604	          0.30493657	          0.05000022	          0.05000446	          0.14412653	          0.35919561	          0.32947675	          0.36921214	          0.05000003	          0.05000004	          0.40646121	          0.05882438	          0.06529965	          0.05000004	          0.21766814	          0.22088463	          0.18823405	          0.05000001	          0.05000006	          0.05000000	          0.07223866	          0.05000027	          0.05000035	          0.58602418	          0.12380079	          0.05461533	          0.73240993	          0.84654327	          0.70807186	          0.12001366	          0.09562707	          0.05000002	
          1.11926765	         -2.91634115	         -2.13221300	          5.21731907	          1.50258511	          0.90627269	         -0.00147447	        -16.71118337	         -1.25627002	          5.79129250	         27.83834125	          3.64005967	         -2.13245515	        -17.19432248	        -16.09883090	          3.94219034	          5.73651015	         13.88838602	          0.94463823	         -5.60572694	          4.75042833	         20.41399144	        -10.49443245	         -3.17101963	          1.51940025	         -2.17110909	          4.61772524	        -13.46736036	         19.31993730	         -9.97455664	        -13.52666840	          6.52689528	         39.71718099	         20.60674385	         86.51662706	         86.51662706	          0.16678503	          0.05000075	          0.05000073	          0.31479072	          0.09988993	          0.05000095	          0.05008401	          0.05000267	          0.05411247	          0.05000013	          0.05000054	          0.35713778	          0.74637309	          0.43847790	          0.11251394	          0.09562679	          0.57543691	          0.13473245	          0.05001469	          0.05003543	          0.05016219	          0.06914813	          0.14883632	          0.46732725	          0.05692287	          0.05005444	          0.05000183	          0.15006609	          0.09562636	          0.09562636	          0.08256452	          0.19523640	          0.21554918	          0.17009336	          0.17014499	          0.30592196	          0.20819156	          0.42029325	          0.14145045	          0.05000003	          0.06921611	          0.05000019	          0.34594268	          0.16294266	          0.05000002	          0.05000003	          0.46655164	          0.46219303	          0.47383403	          0.16272488	          0.15814888	          0.14535681	          0.09640901	          0.10302902	          0.14077054	          0.05000022	          0.05000035	          0.07746526	          0.33517118	          0.41642830	          0.40921302	          0.31312118	          0.05000031	          0.05001481	          0.12255859	          0.37895849	          0.34150301	          0.37345153	          0.05000010	          0.05000010	          0.36534055	          0.05002213	          0.05608408	          0.05000010	          0.35123173	          0.34628988	          0.30082829	          0.05000003	          0.05000011	          0.05000001	          0.06142826	          0.05000062	          0.05000076	          0.61216866	          0.10527434	          0.05000125	          0.80054084	          0.90994014	          0.79224821	          0.12832394	          0.08131654	          0.05000004	
          1.12982678	         -2.91116971	         -2.20955488	          5.34611638	          1.51842950	          0.90661546	         -0.00109559	        -15.63986204	         -1.49184266	          5.56575736	         27.44686082	          3.84512226	         -2.03678277	        -20.48235251	        -17.04114764	          2.67135114	          4.70829864	         15.04055184	          0.77991876	         -5.68292993	          4.87042888	         19.65904142	        -10.55342608	         -3.08036165	          1.71040117	         -2.22593974	          4.23216494	        -13.46618527	         19.26789631	        -10.33367968	        -13.55477124	          7.07404534	         40.81561193	         20.03355861	         86.51662706	         86.51662706	          0.14182578	          0.05000021	          0.05000016	          0.26768260	          0.08494157	          0.05000046	          0.05372419	          0.05000039	          0.05000063	          0.05000011	          0.05000129	          0.32470837	          0.66846069	          0.37286327	          0.09567670	          0.08131635	          0.59874894	          0.31017190	          0.05933563	          0.05000475	          0.05000295	          0.05880069	          0.12656314	          0.39739205	          0.14580637	          0.05000272	          0.05000021	          0.12760891	          0.08131595	          0.08131594	          0.07020880	          0.16601940	          0.18329240	          0.14463900	          0.16283694	          0.26014096	          0.17703620	          0.35739664	          0.12028251	          0.06437373	          0.05885798	          0.05000032	          0.61615043	          0.17300486	          0.05000003	          0.05000003	          0.52275000	          0.49321781	          0.50534284	          0.13837363	          0.13448255	          0.12360588	          0.08198151	          0.08761148	          0.11970435	          0.05000024	          0.05000041	          0.06587297	          0.28501664	          0.35733013	          0.37707090	          0.31474208	          0.05000035	          0.05001617	          0.10421821	          0.38125174	          0.33711397	          0.35947538	          0.05000011	          0.05000012	          0.31840062	          0.05002793	          0.07113628	          0.05000016	          0.38902731	          0.45896294	          0.33131792	          0.05000004	          0.05000012	          0.05000001	          0.05223574	          0.05000054	          0.05000064	          0.64135376	          0.09481545	          0.05357260	          0.84927580	          0.94714615	          0.87807553	          0.12704019	          0.06914758	          0.05000005	
          1.14038591	         -2.90490768	         -2.27523954	          5.43837440	          1.53399947	          0.90723668	         -0.00070674	        -14.37647811	         -1.69679457	          5.38242280	         26.96615296	          4.05426808	         -1.92877977	        -23.95732794	        -17.84460194	          1.12122077	          3.92447342	         16.03869741	          0.59516065	         -5.46848006	          4.95791035	         18.05606656	        -10.60860038	         -3.00063987	          1.88902665	         -2.27285899	          3.86799721	        -13.46012937	         19.22085897	        -10.57960420	        -13.57713495	          7.65581479	         41.79979952	         19.40668075	         86.51662706	         86.51662706	          0.12060166	          0.05000013	          0.05000012	          0.22762440	          0.07223039	          0.05000068	          0.06509756	          0.05000018	          0.05000029	          0.05000011	          0.07576694	          0.27611640	          0.56842613	          0.31706474	          0.08135892	          0.06914745	          0.62689066	          0.33732292	          0.06786692	          0.05000204	          0.05000109	          0.05000168	          0.11052567	          0.33792260	          0.23148772	          0.05001076	          0.05001558	          0.13547559	          0.06914708	          0.06914708	          0.05970211	          0.14117470	          0.15586283	          0.12299386	          0.15564832	          0.22121106	          0.15054304	          0.30391246	          0.10228238	          0.09478507	          0.05004994	          0.21520821	          0.77472847	          0.17905964	          0.05423999	          0.05000003	          0.58317061	          0.52249550	          0.52548123	          0.11766760	          0.11436207	          0.15666410	          0.06971311	          0.07451058	          0.10179075	          0.05000025	          0.05000057	          0.05601558	          0.24236520	          0.30386832	          0.35303132	          0.31605737	          0.05000032	          0.05001314	          0.08862248	          0.38289924	          0.32779623	          0.34133785	          0.05000013	          0.05000012	          0.27075286	          0.05000382	          0.08080003	          0.05000017	          0.43354371	          0.46303729	          0.37345684	          0.05000004	          0.05000011	          0.05000002	          0.05000140	          0.05000045	          0.05000055	          0.65079883	          0.08087245	          0.05039911	          0.91153232	          0.96898141	          0.92844557	          0.12044427	          0.05879969	          0.05000006	
          1.15094504	         -2.89765404	         -2.33318885	          5.50311635	          1.54930716	          0.90807490	         -0.00031080	        -12.98132182	         -1.87350544	          5.20350824	         26.40419438	          4.27031572	         -1.79456750	        -27.48701990	        -18.52016588	         -0.66003734	          3.36171102	         16.78550809	          0.39861957	         -4.95372994	          5.01853044	         15.82770683	        -10.67092087	         -2.92878226	          2.05501093	         -2.31431390	          3.53092373	        -13.45338008	         19.19199246	        -10.73326058	        -13.59221484	          8.22170961	         42.66613056	         18.76722942	         86.51662706	         86.51662706	          0.10255372	          0.05001577	          0.05090283	          0.19359084	          0.07006000	          0.05881080	          0.07291443	          0.05000079	          0.05000105	          0.05000031	          0.18727164	          0.24041838	          0.48336160	          0.26961637	          0.06918375	          0.05879962	          0.63716883	          0.28685818	          0.09380009	          0.05000645	          0.05000149	          0.05000036	          0.13919874	          0.28735273	          0.23687204	          0.10359689	          0.05867574	          0.11520179	          0.05879928	          0.05879927	          0.05076773	          0.12004800	          0.13253807	          0.10458791	          0.13235588	          0.18810708	          0.12801474	          0.26619169	          0.08697590	          0.08060055	          0.06947868	          0.29530699	          0.86779374	          0.17617963	          0.07947102	          0.05000003	          0.62623380	          0.53483933	          0.52857624	          0.10006085	          0.09726242	          0.18363988	          0.05928073	          0.06952158	          0.08655796	          0.05000018	          0.05000030	          0.05000083	          0.21130374	          0.27617199	          0.32157333	          0.30108750	          0.05000040	          0.05000603	          0.07536124	          0.37543283	          0.31063093	          0.30896107	          0.05000009	          0.05000010	          0.23023618	          0.05000630	          0.08736084	          0.05000020	          0.45864941	          0.53253177	          0.36224238	          0.05000002	          0.05000007	          0.05000001	          0.05310087	          0.05000028	          0.05000033	          0.65589909	          0.07122682	          0.05312705	          0.94807996	          0.98179597	          0.95800649	          0.11633781	          0.05000036	          0.05000005	
          1.16150417	         -2.88970326	         -2.38576660	          5.55077069	          1.56434157	          0.90905101	          0.00009052	        -11.49350066	         -2.01829471	          5.01287981	         25.77685113	          4.49398681	         -1.62671157	        -31.00023458	        -19.08344417	         -2.20137263	          2.96605573	         17.23090793	          0.19888457	         -4.17545584	          5.05683106	         13.46163760	        -10.73432024	         -2.86709604	          2.20558403	         -2.34882443	          3.23047613	        -13.44992568	         19.18822577	        -10.81204903	        -13.59987086	          8.74177073	         43.41969069	         18.14879106	         86.51662706	         86.51662706	          0.08720664	          0.05000019	          0.05000029	          0.16462052	          0.05957586	          0.05001022	          0.07853995	          0.05000073	          0.05000148	          0.05000228	          0.18509299	          0.24642545	          0.41647355	          0.22927076	          0.05883073	          0.05000042	          0.64884725	          0.43861363	          0.15624293	          0.05000200	          0.05000082	          0.05000034	          0.15054636	          0.24435064	          0.21263935	          0.09029468	          0.05001651	          0.17051948	          0.05000005	          0.05000004	          0.05000002	          0.10208294	          0.15128645	          0.08893641	          0.12810635	          0.22959894	          0.20492251	          0.29833716	          0.07396005	          0.06914780	          0.05908128	          0.25111451	          0.73792899	          0.16269583	          0.08951198	          0.05000003	          0.65975022	          0.53947625	          0.52829418	          0.08509157	          0.10275677	          0.19579491	          0.05646499	          0.08201640	          0.07864868	          0.05000020	          0.05000031	          0.05000078	          0.19454364	          0.29599256	          0.32898607	          0.29388017	          0.05000029	          0.05000468	          0.06408671	          0.37545495	          0.30066095	          0.29507101	          0.05000008	          0.05000008	          0.19578248	          0.05000588	          0.08311543	          0.05000012	          0.43126251	          0.51393316	          0.41558192	          0.05000002	          0.05000006	          0.05000001	          0.06342359	          0.05000027	          0.05000031	          0.65661900	          0.06750929	          0.05624831	          0.96952872	          0.98931651	          0.97535503	          0.11439418	          0.05000002	          0.05000007	
          1.17206330	         -2.88153612	         -2.42891387	          5.58708347	          1.57911943	          0.91012868	          0.00048987	         -9.95335395	         -2.12827862	          4.80470684	         25.09480939	          4.72028332	         -1.41850852	        -34.37234334	        -19.55294478	         -2.90246405	          2.72327883	         17.45436797	          0.00118590	         -3.36678762	          5.07502368	         11.22512155	        -10.77649724	         -2.81635350	          2.33533880	         -2.37468776	          2.96786307	        -13.44999358	         19.20485637	        -10.82737449	        -13.59992278	          9.20461757	         44.06254209	         17.56586883	         86.51662706	         86.51662706	          0.07415625	          0.05000020	          0.05000018	          0.13998805	          0.05066098	          0.05000077	          0.07095213	          0.05000079	          0.05000070	          0.05001000	          0.20989919	          0.24440653	          0.37327862	          0.19496188	          0.05002714	          0.05000017	          0.65116169	          0.46976198	          0.16305877	          0.05000156	          0.05000059	          0.05000020	          0.16024790	          0.20778402	          0.18081815	          0.07678384	          0.05000073	          0.18264368	          0.05000004	          0.05000004	          0.05000002	          0.08680636	          0.13161567	          0.07562714	          0.12742187	          0.22030912	          0.17425785	          0.31628378	          0.06289205	          0.05879990	          0.05023997	          0.34486378	          0.73063583	          0.14796060	          0.08633674	          0.05000004	          0.68688400	          0.53134291	          0.51171671	          0.07235992	          0.08738891	          0.19898985	          0.05712686	          0.08664264	          0.07510529	          0.05000019	          0.05000031	          0.05000066	          0.18706337	          0.28725149	          0.32131667	          0.28068759	          0.05000030	          0.05000451	          0.05450568	          0.36218797	          0.28377815	          0.27437395	          0.05000007	          0.05000008	          0.16648418	          0.05000962	          0.07067978	          0.05000012	          0.48098215	          0.48377616	          0.36361374	          0.05000002	          0.05000006	          0.05000000	          0.07070074	          0.05000024	          0.05000025	          0.65818298	          0.08357355	          0.06914743	          0.82624173	          0.99373011	          0.98553639	          0.11310813	          0.05000003	          0.05000008	
          1.18262243	         -2.87328685	         -2.46192926	          5.61333274	          1.59367966	          0.91130443	          0.00088147	         -8.38365541	         -2.21083263	          4.57595060	         24.36902207	          4.94810650	         -1.16512946	        -37.50213535	        -19.95497428	         -3.07611879	          2.65413046	         17.46432756	         -0.18749801	         -2.61099017	          5.08790353	          9.07761363	        -10.77307754	         -2.77441974	          2.44579297	         -2.39142292	          2.73678173	        -13.45167137	         19.23291567	        -10.78619161	        -13.59356098	          9.61146288	         44.59507569	         17.02192540	         86.51662706	         86.51662706	          0.06305885	          0.05000016	          0.05000014	          0.11908769	          0.05000216	          0.05000085	          0.06036169	          0.08113593	          0.05001016	          0.08025825	          0.23249590	          0.23783043	          0.37066262	          0.16578715	          0.05000109	          0.05000015	          0.64955770	          0.47661584	          0.20885547	          0.05000125	          0.05000047	          0.05000015	          0.15831756	          0.18005828	          0.15375891	          0.06529456	          0.05000073	          0.24495388	          0.05000003	          0.05000002	          0.05000001	          0.07381594	          0.11192018	          0.06430960	          0.10845137	          0.18734601	          0.14818134	          0.31810098	          0.05348035	          0.05000059	          0.05000044	          0.36517960	          0.65190831	          0.13820357	          0.08905335	          0.05000005	          0.70401388	          0.52077267	          0.49486694	          0.07116636	          0.08462627	          0.21834729	          0.06126332	          0.09158820	          0.07583787	          0.05000021	          0.05000031	          0.05000120	          0.21497592	          0.30013012	          0.32073748	          0.26924110	          0.05000029	          0.05000655	          0.05041440	          0.34906228	          0.26849710	          0.25971024	          0.05000008	          0.05000008	          0.14157011	          0.05000297	          0.06010599	          0.05000012	          0.44342944	          0.52891047	          0.39831661	          0.05000003	          0.05000007	          0.05000001	          0.09847913	          0.05000032	          0.05000027	          0.62652534	          0.07106703	          0.05879973	          0.70259536	          0.99632027	          0.99151118	          0.10726687	          0.05000004	          0.05000008	
          1.19318155	         -2.86531855	         -2.48592436	          5.62963210	          1.60804569	          0.91257650	          0.00126231	         -6.78722046	         -2.27014346	          4.32941843	         23.59577268	          5.17639565	         -0.86812895	        -40.36157532	        -20.28983866	         -2.92025067	          2.80722754	         17.28740335	         -0.36186673	         -1.91300391	          5.10773013	          7.03247559	        -10.71229318	         -2.74075189	          2.53958450	         -2.39842838	          2.53187501	        -13.45437694	         19.26589031	        -10.69211197	        -13.58275244	          9.96999688	         45.02241190	         16.51980044	         86.51662706	         86.51662706	          0.05362221	          0.05000016	          0.05000012	          0.15243888	          0.05000269	          0.05000069	          0.05212185	          0.11127854	          0.05054390	          0.09341379	          0.23496666	          0.22759001	          0.36240769	          0.14097833	          0.05000152	          0.05000015	          0.64242542	          0.46195173	          0.23027496	          0.05000117	          0.05000041	          0.05000013	          0.15044428	          0.15979257	          0.13074905	          0.05552490	          0.05000043	          0.28590648	          0.05000003	          0.05000003	          0.05000002	          0.06357184	          0.09561027	          0.05468575	          0.11165912	          0.19587102	          0.13055394	          0.31847460	          0.05000012	          0.05000007	          0.05000049	          0.37732632	          0.56601920	          0.12657678	          0.08989071	          0.05000005	          0.71458026	          0.50928806	          0.47718599	          0.16120174	          0.16280509	          0.25470237	          0.06511041	          0.09524565	          0.07662907	          0.05000020	          0.05000030	          0.05000079	          0.18280653	          0.26468870	          0.30192597	          0.25472117	          0.05000030	          0.05000483	          0.05005757	          0.33539768	          0.25195023	          0.24096787	          0.05000007	          0.05000007	          0.12038436	          0.05000238	          0.05111566	          0.05000011	          0.47762695	          0.55365813	          0.41626263	          0.05000005	          0.05000013	          0.05000003	          0.14206714	          0.05887331	          0.05546340	          0.57514705	          0.06043194	          0.05000046	          0.59745248	          0.95849909	          0.85102700	          0.10205191	          0.05000004	          0.05000009	
          1.20374068	         -2.85848286	         -2.49938360	          5.63561335	          1.62222173	          0.91397123	          0.00162714	         -5.16396701	         -2.30760957	          4.06448917	         22.76315291	          5.39941156	         -0.53362808	        -42.93373180	        -20.53626902	         -2.53495807	          3.19509052	         16.94930628	         -0.52893206	         -1.25359355	          5.11341534	          5.10052507	        -10.61640477	         -2.71705071	          2.61662609	         -2.39499571	          2.35252555	        -13.45617443	         19.30031406	        -10.54279059	        -13.56794311	         10.29157575	         45.34226154	         16.05539892	         86.51662706	         86.51662706	          0.05000023	          0.05000014	          0.05000010	          0.19864680	          0.05000240	          0.05000059	          0.06058491	          0.13644701	          0.09840083	          0.11075576	          0.23134803	          0.21737588	          0.35832033	          0.11988211	          0.05000137	          0.05000014	          0.63011810	          0.44245585	          0.25192729	          0.05000100	          0.05000034	          0.05000010	          0.13968676	          0.14403718	          0.11118259	          0.05000316	          0.05000038	          0.31204525	          0.05000003	          0.05000003	          0.05000002	          0.05656854	          0.08130381	          0.05000004	          0.10731337	          0.20532454	          0.11899303	          0.32060667	          0.05000026	          0.05000012	          0.05696559	          0.38048255	          0.52168965	          0.11824850	          0.08951608	          0.05000006	          0.71530520	          0.49091882	          0.45126431	          0.24502206	          0.23373796	          0.28588542	          0.07202796	          0.10168203	          0.07944545	          0.05000021	          0.05000031	          0.05000064	          0.15545031	          0.22860123	          0.27637273	          0.23699783	          0.05000032	          0.05000369	          0.05000947	          0.31592302	          0.23100153	          0.21639404	          0.05000007	          0.05000008	          0.10236902	          0.05000200	          0.05000670	          0.05000011	          0.48914293	          0.56831847	          0.42681360	          0.05000008	          0.05000022	          0.05000006	          0.14287355	          0.05008879	          0.05450573	          0.51972884	          0.05138846	          0.05000024	          0.50804418	          0.81507267	          0.75154108	          0.09493605	          0.05000004	          0.05000010	
          1.21429981	         -2.85362451	         -2.50107859	          5.63045837	          1.63620203	          0.91550996	          0.00197364	         -3.50875283	         -2.32382346	          3.78205096	         21.86142242	          5.61224089	         -0.16529016	        -45.22193185	        -20.66026083	         -1.99028136	          3.73030579	         16.47399660	         -0.67260396	         -0.62542540	          5.08351213	          3.28793390	        -10.51589234	         -2.70596965	          2.67674944	         -2.38084504	          2.19949055	        -13.45561361	         19.33308370	        -10.33411570	        -13.54949127	         10.58905503	         45.55250196	         15.62451496	         86.51662706	         86.51662706	          0.05000035	          0.05000015	          0.05000010	          0.22108501	          0.05000223	          0.05000055	          0.06576647	          0.15043539	          0.08400842	          0.12936641	          0.22636020	          0.20530992	          0.34775482	          0.10194272	          0.05000150	          0.05000015	          0.61439921	          0.41813350	          0.27223058	          0.05000095	          0.05000030	          0.05000010	          0.12861960	          0.13102553	          0.09454424	          0.05000318	          0.05000034	          0.32241526	          0.05000003	          0.05000003	          0.05000002	          0.05001142	          0.06913735	          0.05000004	          0.09146368	          0.22008570	          0.12125007	          0.32577971	          0.05000041	          0.05000012	          0.08799574	          0.37450962	          0.52688390	          0.10994292	          0.08979710	          0.05000007	          0.70789536	          0.46603938	          0.41905129	          0.30183300	          0.28507692	          0.31705961	          0.08077943	          0.11218127	          0.08412214	          0.05000029	          0.05000032	          0.05000061	          0.13218776	          0.19451066	          0.24615839	          0.21957293	          0.05000034	          0.05000374	          0.05670684	          0.29201003	          0.20730161	          0.19068231	          0.05000007	          0.05000008	          0.08704966	          0.05000176	          0.05000875	          0.05000008	          0.49051162	          0.57045932	          0.42806238	          0.05000008	          0.05000021	          0.05000006	          0.15336184	          0.05002403	          0.05002149	          0.47223820	          0.05000035	          0.05000022	          0.43201579	          0.73698001	          0.64574883	          0.08982869	          0.05000005	          0.05000010	
          1.22485894	         -2.85112583	         -2.48909362	          5.61368723	          1.64999187	          0.91717959	          0.00229970	         -1.81845322	         -2.31847940	          3.48330874	         20.88268809	          5.80875668	          0.23249070	        -47.23813887	        -20.63308280	         -1.33565770	          4.31956586	         15.88525610	         -0.78473653	         -0.03056855	          5.02286983	          1.59890070	        -10.41209606	         -2.70898790	          2.71880550	         -2.35570987	          2.07091292	        -13.45337009	         19.36140979	        -10.06744351	        -13.52868077	         10.87106706	         45.65836116	         15.22994798	         86.51662706	         86.51662706	          0.05000041	          0.05000014	          0.05000009	          0.26194914	          0.05000237	          0.05000053	          0.06242156	          0.14895995	          0.07144001	          0.14784667	          0.22096707	          0.19170983	          0.33363235	          0.08668772	          0.05000139	          0.05000014	          0.59678447	          0.39418852	          0.28663686	          0.05000083	          0.05000025	          0.05000009	          0.11862410	          0.12055924	          0.08039581	          0.05000223	          0.05000031	          0.31783175	          0.05000003	          0.05000003	          0.05000002	          0.05000025	          0.05879124	          0.05000002	          0.07777720	          0.20909167	          0.10311587	          0.32732208	          0.05000022	          0.05000010	          0.09863072	          0.36850909	          0.54719461	          0.10318430	          0.08800924	          0.05000008	          0.69508098	          0.43897638	          0.38090629	          0.36138097	          0.33837520	          0.34663520	          0.08641899	          0.11997418	          0.08749852	          0.05000061	          0.05000037	          0.05000054	          0.11240631	          0.16547603	          0.22017757	          0.20613068	          0.05000034	          0.05000333	          0.05884592	          0.26982355	          0.18536297	          0.16983049	          0.05000008	          0.05000008	          0.07402283	          0.05000164	          0.05000485	          0.05000007	          0.47729922	          0.55667545	          0.41715082	          0.05000006	          0.05000015	          0.05000002	          0.16159320	          0.05003741	          0.05003113	          0.42053858	          0.05000044	          0.05000024	          0.36736505	          0.64865684	          0.54911514	          0.08568881	          0.05000005	          0.05000011	
          1.23541807	         -2.85087713	         -2.46194559	          5.58466731	          1.66360606	          0.91893907	          0.00260386	         -0.09346563	         -2.29203717	          3.17022725	         19.82626627	          5.98310336	          0.65436666	        -48.99798709	        -20.44597148	         -0.60322416	          4.90056228	         15.20534399	         -0.86427190	          0.52841986	          4.94134839	          0.03367717	        -10.28735982	         -2.72631813	          2.74213987	         -2.31940589	          1.96280298	        -13.45109907	         19.38166430	         -9.74765905	        -13.50744337	         11.14159710	         45.66936754	         14.87785968	         86.51662706	         86.51662706	          0.05000048	          0.05000014	          0.05000009	          0.30736237	          0.05000276	          0.05000053	          0.05382118	          0.13224558	          0.06075006	          0.16568336	          0.21691464	          0.17953491	          0.31268277	          0.07371549	          0.05000125	          0.05000014	          0.57656539	          0.37388891	          0.29575730	          0.05000073	          0.05000021	          0.05000008	          0.11036372	          0.11198647	          0.06836471	          0.05000212	          0.05000031	          0.29997477	          0.05000004	          0.05000004	          0.05000002	          0.05000024	          0.05000040	          0.05000003	          0.06617172	          0.18451980	          0.08769210	          0.33048189	          0.05000022	          0.05000010	          0.09715964	          0.36109519	          0.54951892	          0.09882498	          0.08404924	          0.05000009	          0.67854168	          0.41575182	          0.34056305	          0.42798953	          0.39368015	          0.37632557	          0.08706223	          0.11945291	          0.08723939	          0.05000023	          0.05000031	          0.05000047	          0.09558513	          0.14704642	          0.21991089	          0.19727324	          0.05000036	          0.05000269	          0.05004257	          0.25446288	          0.17094361	          0.15958987	          0.05000007	          0.05000007	          0.06294548	          0.05000127	          0.05000277	          0.05000009	          0.44881894	          0.52599440	          0.39301460	          0.05000017	          0.05000044	          0.05000826	          0.17107442	          0.05000102	          0.05000186	          0.37099164	          0.05000055	          0.05000041	          0.31238929	          0.56668860	          0.46694128	          0.08234533	          0.05000006	          0.05000011	
          1.24597720	         -2.85240033	         -2.41911147	          5.54210506	          1.67706395	          0.92073344	          0.00288571	          1.66259361	         -2.24629825	          2.84538909	         18.69935512	          6.13052420	          1.09301714	        -50.51715112	        -20.10885193	          0.18395982	          5.43334819	         14.45478268	         -0.91324843	          1.04774436	          4.86118613	         -1.40665278	        -10.12133358	         -2.75720136	          2.74728126	         -2.27197317	          1.87007115	        -13.44991283	         19.38764709	         -9.38037101	        -13.48771489	         11.39994441	         45.59508652	         14.57387622	         86.51662706	         86.51662706	          0.05000063	          0.05000015	          0.05000009	          0.36149331	          0.05000508	          0.05000057	          0.05011838	          0.11245522	          0.05165966	          0.18333453	          0.21370586	          0.16831219	          0.28380493	          0.06268451	          0.05000100	          0.05000013	          0.55534908	          0.35349472	          0.29821902	          0.05000063	          0.05000018	          0.05000007	          0.10461282	          0.10628389	          0.05813411	          0.05000196	          0.05000031	          0.27245579	          0.05000005	          0.05000004	          0.05000003	          0.05000012	          0.05000030	          0.05000002	          0.05917582	          0.15690889	          0.07457512	          0.33571477	          0.05000021	          0.05000009	          0.11708619	          0.35421269	          0.55737497	          0.09600477	          0.07641006	          0.05000010	          0.65931947	          0.39820899	          0.30327185	          0.51260242	          0.45466066	          0.40407805	          0.08681356	          0.11799309	          0.08659463	          0.05000027	          0.05000032	          0.05000040	          0.08128117	          0.12507558	          0.20410546	          0.19286030	          0.05000037	          0.05000229	          0.05000496	          0.24404092	          0.16102061	          0.15344373	          0.05000007	          0.05000007	          0.05352591	          0.05000110	          0.05000224	          0.05000009	          0.40668287	          0.48042151	          0.35714322	          0.05000007	          0.05000018	          0.06265711	          0.17902967	          0.05000465	          0.05000405	          0.33328301	          0.05000110	          0.05031197	          0.26564102	          0.53207131	          0.39706423	          0.07979486	          0.05000006	          0.05000012	
          1.25653633	         -2.85500655	         -2.36082640	          5.48386318	          1.69038431	          0.92250284	          0.00314508	          3.44442470	         -2.18394500	          2.51199161	         17.51517126	          6.24795578	          1.54135851	        -51.81228332	        -19.64243845	          1.00983652	          5.88328433	         13.65215561	         -0.94163769	          1.52316848	          4.78833968	         -2.71489716	         -9.89912045	         -2.80038099	          2.73603303	         -2.21382665	          1.78717867	        -13.44970717	         19.36980897	         -8.97036401	        -13.47128793	         11.64092881	         45.44371053	         14.32204996	         86.51662706	         86.51662706	          0.05000051	          0.05000016	          0.05000010	          0.38671575	          0.05000548	          0.05000060	          0.05004960	          0.09562642	          0.05000092	          0.20122656	          0.21245235	          0.16016051	          0.24830080	          0.05330454	          0.05000087	          0.05000012	          0.53307301	          0.33661970	          0.29450796	          0.05000056	          0.05000016	          0.05000007	          0.10195060	          0.10393073	          0.05000043	          0.05000211	          0.05000031	          0.23518476	          0.05000006	          0.05000005	          0.05000004	          0.05000011	          0.05000026	          0.05000002	          0.05391494	          0.13342803	          0.06342313	          0.34024761	          0.05000023	          0.05000010	          0.14260769	          0.34719317	          0.56353743	          0.09584000	          0.06654370	          0.05000010	          0.63765408	          0.38407194	          0.27104260	          0.59834271	          0.50673228	          0.42663649	          0.08058629	          0.10959025	          0.08190057	          0.05000018	          0.05000029	          0.05000032	          0.06911783	          0.10638910	          0.20402878	          0.19176174	          0.05000040	          0.05000180	          0.05000160	          0.23948858	          0.15751259	          0.15364566	          0.05000006	          0.05000006	          0.05000039	          0.05000089	          0.05000178	          0.05000013	          0.35944022	          0.42732047	          0.31590580	          0.05000006	          0.05000013	          0.08248654	          0.18638118	          0.05000625	          0.05000320	          0.30243233	          0.05000240	          0.06142539	          0.22589688	          0.47339977	          0.33764410	          0.07792027	          0.05000006	          0.05000011	
          1.26709546	         -2.85791129	         -2.28763118	          5.40721538	          1.70358489	          0.92419138	          0.00338179	          5.24641000	         -2.10719256	          2.17303888	         16.28799897	          6.33439421	          1.99427216	        -52.90293259	        -19.07497622	          1.86423064	          6.25586246	         12.81713961	         -0.95885269	          1.94882536	          4.71426284	         -3.87994463	         -9.62515513	         -2.85411690	          2.71072623	         -2.14585236	          1.70865470	        -13.44980121	         19.31819453	         -8.52121913	        -13.45941892	         11.85625631	         45.22157412	         14.12449010	         86.51662706	         86.51662706	          0.05000294	          0.05000016	          0.05000009	          0.35370109	          0.05024136	          0.05000064	          0.05002115	          0.08131603	          0.05000055	          0.22069355	          0.21284249	          0.15503545	          0.21412610	          0.05000104	          0.05000068	          0.05000011	          0.50828522	          0.32617731	          0.28451504	          0.05000046	          0.05000013	          0.05000006	          0.10175156	          0.10337420	          0.05000037	          0.05000145	          0.05000028	          0.19998955	          0.05000007	          0.05000007	          0.05000004	          0.05000008	          0.05000019	          0.05000001	          0.05001855	          0.11346079	          0.05394837	          0.34475628	          0.05000020	          0.05000009	          0.16548213	          0.34293025	          0.57253168	          0.09694429	          0.05667719	          0.05000010	          0.61378009	          0.37122337	          0.24562875	          0.64213091	          0.54023527	          0.44297340	          0.07103389	          0.09569522	          0.07511262	          0.05000013	          0.05000026	          0.05000026	          0.05877493	          0.09048869	          0.19668959	          0.19189205	          0.05000042	          0.05000143	          0.05000091	          0.23831929	          0.15834529	          0.15819876	          0.05000005	          0.05000005	          0.05000046	          0.05000081	          0.05000133	          0.05000015	          0.32089030	          0.37545677	          0.27834541	          0.05000005	          0.05000012	          0.10055451	          0.19374607	          0.05000755	          0.05000391	          0.27670800	          0.06728556	          0.07582543	          0.19251936	          0.40275594	          0.28711611	          0.07591939	          0.05000006	          0.05000010	
          1.27765458	         -2.86044742	         -2.20023346	          5.30961091	          1.71668297	          0.92575550	          0.00359507	          7.06272101	         -2.01732715	          1.82894906	         15.02713080	          6.39034212	          2.44964380	        -53.80858953	        -18.42904165	          2.74030714	          6.57881770	         11.96677368	         -0.97194535	          2.31626276	          4.63463520	         -4.88754414	         -9.30756841	         -2.91634086	          2.67366548	         -2.06916744	          1.63008666	        -13.44981287	         19.22713462	         -8.03578135	        -13.45251111	         12.03671997	         44.93279006	         13.98168266	         86.51662706	         86.51662706	          0.05000320	          0.05000016	          0.05000009	          0.30077071	          0.05827188	          0.05000068	          0.05001214	          0.06914718	          0.05000036	          0.24160198	          0.21413496	          0.15142334	          0.18765965	          0.05000101	          0.05000057	          0.05000010	          0.48149553	          0.31632869	          0.27364215	          0.05000039	          0.05000011	          0.05000005	          0.10069891	          0.10273467	          0.05000034	          0.05000159	          0.05000029	          0.17006126	          0.05000008	          0.05000008	          0.05000005	          0.05000010	          0.05000023	          0.05000002	          0.05000069	          0.09648156	          0.05000551	          0.34688084	          0.05000014	          0.05000010	          0.21582321	          0.33991999	          0.57437650	          0.09772825	          0.05225078	          0.05000011	          0.58642545	          0.35865177	          0.23179896	          0.65908890	          0.55974722	          0.46190704	          0.06108482	          0.08138155	          0.06756494	          0.05000010	          0.05000025	          0.05000024	          0.05000133	          0.07695561	          0.16727993	          0.18759151	          0.05000050	          0.05000129	          0.05000067	          0.23445808	          0.15652621	          0.15610320	          0.05000005	          0.05000005	          0.05000040	          0.05000080	          0.05000148	          0.05257946	          0.29396781	          0.33230061	          0.25030944	          0.05000011	          0.05000017	          0.11797026	          0.20183342	          0.05000284	          0.05000291	          0.25250972	          0.09047096	          0.08685227	          0.16371312	          0.35091406	          0.24414963	          0.07372353	          0.05000006	          0.05000010	
          1.28821371	         -2.86223081	         -2.09976914	          5.18990844	          1.72969465	          0.92716741	          0.00378465	          8.88699269	         -1.91582260	          1.48061254	         13.73502570	          6.41665598	          2.90686916	        -54.54450842	        -17.71287645	          3.62950439	          6.86837152	         11.11856766	         -0.98549295	          2.61596605	          4.55901678	         -5.71628735	         -8.95463618	         -2.98516463	          2.62666083	         -1.98472680	          1.54896169	        -13.44975699	         19.09565088	         -7.51722665	        -13.44984871	         12.17454414	         44.57953439	         13.89397082	         86.51662706	         86.51662706	          0.05000210	          0.05000017	          0.05000010	          0.25576081	          0.05966199	          0.05000071	          0.05000677	          0.05879940	          0.05000026	          0.26109281	          0.21608811	          0.14647337	          0.16971111	          0.05000090	          0.05000053	          0.05000010	          0.45319375	          0.30752239	          0.25285605	          0.05000034	          0.05000010	          0.05000005	          0.09832905	          0.10047998	          0.05000037	          0.05000178	          0.05000031	          0.14461171	          0.05000009	          0.05000009	          0.05000007	          0.05000006	          0.05000014	          0.05000001	          0.05000046	          0.08204322	          0.05000063	          0.34611892	          0.05000216	          0.05000015	          0.28482399	          0.33916088	          0.58792057	          0.09763369	          0.05228930	          0.05000011	          0.55854650	          0.34991343	          0.23148733	          0.67358538	          0.57845649	          0.48259154	          0.05707309	          0.06963232	          0.06430818	          0.05000010	          0.05000027	          0.05000020	          0.05000086	          0.06544344	          0.14225060	          0.18390497	          0.05000053	          0.05000111	          0.05000060	          0.23172275	          0.15417234	          0.15338623	          0.05000005	          0.05000005	          0.05000035	          0.05000079	          0.05000181	          0.07722454	          0.26934186	          0.29630964	          0.22628199	          0.06963891	          0.05000015	          0.13278937	          0.20969099	          0.05001205	          0.05000560	          0.23370660	          0.10450195	          0.09484905	          0.15060694	          0.35032348	          0.20761314	          0.07064314	          0.05000006	          0.05000010	
          1.29877284	         -2.86316502	         -1.98770239	          5.04825052	          1.74263424	          0.92841453	          0.00395168	         10.71114316	         -1.80475402	          1.13008877	         12.41057245	          6.41429772	          3.36559382	        -55.11864737	        -16.92591545	          4.52117924	          7.12950895	         10.28422512	         -1.00355219	          2.84378293	          4.48926054	         -6.34682469	         -8.57552246	         -3.05921023	          2.57085169	         -1.89321409	          1.46417386	        -13.44975409	         18.92493047	         -6.96919446	        -13.44999265	         12.26626252	         44.16296624	         13.86247730	         86.51662706	         86.51662706	          0.05000198	          0.05000017	          0.05000010	          0.21748650	          0.05258222	          0.05000075	          0.05000529	          0.05000030	          0.05000020	          0.27858664	          0.21329600	          0.14392561	          0.15689304	          0.05000079	          0.05000048	          0.05000009	          0.42507007	          0.29496909	          0.21503953	          0.05000030	          0.05000009	          0.05000005	          0.09648129	          0.09950624	          0.05000032	          0.05000154	          0.05000034	          0.12297068	          0.05000010	          0.05000010	          0.05000007	          0.05000005	          0.05000013	          0.05000001	          0.05000016	          0.06976557	          0.05000061	          0.33893629	          0.05000009	          0.05000019	          0.33358314	          0.34868153	          0.60081625	          0.09681998	          0.05366863	          0.05000012	          0.52950372	          0.34278587	          0.23970891	          0.68454196	          0.59943855	          0.50754118	          0.05228306	          0.05922178	          0.05951288	          0.05000011	          0.05000029	          0.05000018	          0.05000062	          0.05565524	          0.12096483	          0.17488348	          0.05000059	          0.05000099	          0.05000055	          0.22806193	          0.15039934	          0.14628606	          0.05000005	          0.05000005	          0.05000034	          0.05000086	          0.05000730	          0.09918128	          0.24656608	          0.26493441	          0.20511901	          0.09705400	          0.05000010	          0.14690541	          0.21809296	          0.05000426	          0.05000348	          0.21100990	          0.11719914	          0.10307377	          0.13293216	          0.33487191	          0.17654484	          0.06741692	          0.05000006	          0.05000010	
          1.30933197	         -2.86333265	         -1.86563135	          4.88541451	          1.75551389	          0.92949708	          0.00409765	         12.52550869	         -1.68647759	          0.78067232	         11.05332696	          6.38408682	          3.82551118	        -55.53164065	        -16.06724303	          5.39593390	          7.36050950	          9.47456286	         -1.02748044	          2.99639383	          4.42242208	         -6.77483726	         -8.18473296	         -3.13754450	          2.50712225	         -1.79518466	          1.37547150	        -13.44977958	         18.71733214	         -6.39543670	        -13.45162793	         12.31482813	         43.68359689	         13.88938320	         86.51662706	         86.51662706	          0.05000028	          0.05000017	          0.05000012	          0.18493987	          0.05000426	          0.05000075	          0.05000353	          0.05000018	          0.05000015	          0.28444231	          0.21985949	          0.14335193	          0.14178080	          0.05000080	          0.05000044	          0.05000009	          0.39795891	          0.29213381	          0.18286033	          0.05000029	          0.05000009	          0.05000005	          0.09605556	          0.10006866	          0.05000071	          0.05000954	          0.05000051	          0.10456822	          0.05000012	          0.05000012	          0.05000009	          0.05000008	          0.05000016	          0.05000002	          0.05000011	          0.05932529	          0.05000049	          0.34250557	          0.05011591	          0.05000070	          0.40947721	          0.33954614	          0.56076428	          0.09627869	          0.05726397	          0.05000012	          0.50059291	          0.33527657	          0.24601552	          0.69875286	          0.62317485	          0.52665883	          0.05000205	          0.05036204	          0.05299229	          0.05000010	          0.05000030	          0.05000016	          0.05000046	          0.05000839	          0.10286383	          0.16224291	          0.05000175	          0.05000087	          0.05000047	          0.22409157	          0.14575118	          0.13399581	          0.05000005	          0.05000005	          0.05000032	          0.05000088	          0.07180898	          0.11999491	          0.22554348	          0.23730491	          0.18666228	          0.12678450	          0.05000662	          0.16019317	          0.22675665	          0.05000321	          0.05000327	          0.18054089	          0.11957356	          0.10801944	          0.11304209	          0.32152594	          0.15013279	          0.06395979	          0.05000006	          0.05000010	
          1.31989110	         -2.86292606	         -1.73445288	          4.70248237	          1.76834597	          0.93042390	          0.00422451	         14.31862002	         -1.56265898	          0.43630356	          9.66223100	          6.32566671	          4.28486405	        -55.78017788	        -15.13416353	          6.24047325	          7.55481013	          8.69811675	         -1.05746055	          3.08792271	          4.36077905	         -7.04925315	         -7.78992757	         -3.21933874	          2.43517691	         -1.69109734	          1.28286263	        -13.44990388	         18.47589602	         -5.80018182	        -13.45352489	         12.32847909	         43.14167192	         13.97799400	         86.51662706	         86.51662706	          0.05000027	          0.05000017	          0.05000013	          0.15726381	          0.05000267	          0.05000075	          0.05000282	          0.05000016	          0.05000012	          0.27155499	          0.22531980	          0.14332561	          0.12358677	          0.05000071	          0.05000040	          0.05000008	          0.37127249	          0.28408687	          0.15549592	          0.05000026	          0.05000009	          0.05000005	          0.09731168	          0.10155485	          0.05000075	          0.05002250	          0.05000059	          0.08891968	          0.05000014	          0.05000014	          0.05000010	          0.05000005	          0.05000010	          0.05000001	          0.05000011	          0.05044745	          0.05000052	          0.34659299	          0.05883390	          0.05000057	          0.44527114	          0.34092779	          0.55049088	          0.09602441	          0.05950675	          0.05000013	          0.47136762	          0.32791859	          0.25011761	          0.71397074	          0.64251995	          0.53952847	          0.05000133	          0.05000207	          0.05001023	          0.05000011	          0.05000034	          0.05000014	          0.05000035	          0.05000457	          0.08747141	          0.14868168	          0.09320930	          0.05000076	          0.05000045	          0.22002811	          0.14182846	          0.12413276	          0.05000005	          0.05000006	          0.05000031	          0.05000096	          0.12022583	          0.13793085	          0.20360370	          0.21040335	          0.16846747	          0.15533547	          0.09680350	          0.17120179	          0.23473330	          0.05000557	          0.05000402	          0.15352348	          0.12743509	          0.11468415	          0.11934976	          0.31086504	          0.14265973	          0.06088341	          0.05000006	          0.05000010	
          1.33045023	         -2.86211949	         -1.59485307	          4.50046708	          1.78114526	          0.93120845	          0.00433433	         16.07492977	         -1.43517812	          0.10005242	          8.23778216	          6.23871694	          4.74141658	        -55.85080053	        -14.12758051	          7.03684131	          7.70787972	          7.95685768	         -1.09376068	          3.14082807	          4.30209860	         -7.22064706	         -7.39607507	         -3.30341024	          2.35456812	         -1.58152709	          1.18593070	        -13.45003872	         18.20361823	         -5.18796771	        -13.45464366	         12.31849832	         42.53708748	         14.13159200	         86.51662706	         86.51662706	          0.05000020	          0.05000017	          0.05000014	          0.13372945	          0.05000141	          0.05000071	          0.05000212	          0.05000014	          0.05000010	          0.25152414	          0.22951487	          0.14301218	          0.11226481	          0.05000077	          0.05000040	          0.05000008	          0.34442667	          0.27527621	          0.13222629	          0.05000025	          0.05000009	          0.05000006	          0.09660566	          0.10125201	          0.05000181	          0.06035923	          0.05000071	          0.07561296	          0.05000021	          0.05000021	          0.05000016	          0.05000005	          0.05000011	          0.05000001	          0.05000010	          0.05000045	          0.05000046	          0.34848121	          0.06924919	          0.05000167	          0.47318908	          0.34135184	          0.53438148	          0.09553805	          0.06108896	          0.05000013	          0.44022111	          0.31755264	          0.25063713	          0.71910591	          0.64715358	          0.54489891	          0.05000156	          0.05000197	          0.05000732	          0.05000011	          0.05000036	          0.05000012	          0.05000030	          0.05000330	          0.07438252	          0.13232181	          0.13899070	          0.05000068	          0.05000041	          0.21524637	          0.13946851	          0.11443543	          0.05000005	          0.05000005	          0.05000027	          0.05000092	          0.16102358	          0.15338932	          0.17542446	          0.17893687	          0.14945200	          0.18687164	          0.14449805	          0.18152468	          0.24270678	          0.05000229	          0.05000237	          0.13054890	          0.14101559	          0.12218851	          0.11608713	          0.30219263	          0.14416484	          0.05849211	          0.05000006	          0.05000010	
          1.34100936	         -2.86107388	         -1.44736658	          4.28007824	          1.79392761	          0.93186134	          0.00442851	         17.77602973	         -1.30538968	         -0.22508051	          6.78266818	          6.12306183	          5.19285932	        -55.72335586	        -13.05319306	          7.76792064	          7.82033620	          7.25616476	         -1.13359812	          3.17200353	          4.24276843	         -7.33025628	         -7.01098441	         -3.38836770	          2.26507589	         -1.46699400	          1.08388599	        -13.45002826	         17.90341992	         -4.56343379	        -13.45445284	         12.29794188	         41.87021030	         14.35306397	         86.51662706	         86.51662706	          0.05000021	          0.05000017	          0.05000014	          0.11371699	          0.05000153	          0.05000073	          0.05000160	          0.05000012	          0.05000008	          0.21388380	          0.23504057	          0.14561733	          0.10983527	          0.05000067	          0.05000037	          0.05000009	          0.31902752	          0.27035048	          0.11243887	          0.05000023	          0.05000008	          0.05000006	          0.09734117	          0.10180986	          0.05000092	          0.11268734	          0.05000088	          0.06429767	          0.05000025	          0.05000026	          0.05000021	          0.05000005	          0.05000010	          0.05000001	          0.05000010	          0.05000054	          0.05000044	          0.35134288	          0.08115644	          0.05000233	          0.48373300	          0.34132801	          0.51311022	          0.09402059	          0.05947079	          0.05000016	          0.40626471	          0.30161994	          0.24768754	          0.69671132	          0.63408317	          0.54223595	          0.05000791	          0.05000283	          0.05013218	          0.05000012	          0.05000042	          0.05000012	          0.05000030	          0.05000289	          0.06325267	          0.11252065	          0.18271250	          0.05000068	          0.05000043	          0.20226429	          0.13226522	          0.09731263	          0.05000006	          0.05000006	          0.05000028	          0.05000100	          0.20006000	          0.15099428	          0.14917270	          0.15215942	          0.12708722	          0.21851499	          0.19086162	          0.19031502	          0.25119969	          0.05000173	          0.05000208	          0.11101239	          0.15355841	          0.12868231	          0.10706911	          0.29555955	          0.15697506	          0.05518004	          0.05000007	          0.05000011	
          1.35156849	         -2.85990859	         -1.29327264	          4.04156903	          1.80670742	          0.93238476	          0.00450828	         19.40212634	         -1.17492112	         -0.53744702	          5.30177843	          5.97967881	          5.63689095	        -55.37274097	        -11.92068918	          8.41659708	          7.89185717	          6.59937449	         -1.17361074	          3.19244143	          4.18011667	         -7.40761979	         -6.63403754	         -3.47300199	          2.16779267	         -1.34815728	          0.97556151	        -13.44978910	         17.57789794	         -3.93040825	        -13.45314643	         12.28125171	         41.14273012	         14.64401942	         86.51662706	         86.51662706	          0.05000015	          0.05000017	          0.05000017	          0.09669938	          0.05000086	          0.05000065	          0.05000115	          0.05000010	          0.05000006	          0.18187627	          0.23645345	          0.15376288	          0.11189008	          0.05000081	          0.05000039	          0.05000009	          0.30047069	          0.25937645	          0.09561260	          0.05000024	          0.05000009	          0.05000007	          0.10301812	          0.10815288	          0.05399649	          0.17032650	          0.05000096	          0.05756187	          0.05000038	          0.05000039	          0.05000028	          0.05000005	          0.05000011	          0.05000001	          0.05000011	          0.05000052	          0.05000045	          0.35228050	          0.09099201	          0.05000344	          0.47998314	          0.34032182	          0.48605375	          0.09292736	          0.05923426	          0.05000013	          0.36398470	          0.27791837	          0.23988374	          0.66748139	          0.61250201	          0.52826627	          0.05000077	          0.05000095	          0.05000069	          0.05000015	          0.05000050	          0.05000012	          0.05000025	          0.05000207	          0.05378926	          0.09568220	          0.22689453	          0.05000063	          0.05000043	          0.18836442	          0.11722626	          0.08275029	          0.05000007	          0.05000007	          0.05000027	          0.05000119	          0.23230266	          0.12839860	          0.12684926	          0.12938900	          0.10806889	          0.25041439	          0.23559165	          0.19739106	          0.25948804	          0.05000154	          0.05000242	          0.09439950	          0.16317126	          0.13394141	          0.09104882	          0.29113569	          0.17548080	          0.05246714	          0.05000006	          0.05000010	
          1.36212762	         -2.85864491	         -1.13487173	          3.78557369	          1.81949403	          0.93276815	          0.00457546	         20.93780792	         -1.04550567	         -0.83507477	          3.80248179	          5.81135753	          6.07069650	        -54.78145557	        -10.74414746	          8.96908573	          7.92206841	          5.99037447	         -1.21277087	          3.20958912	          4.11364912	         -7.47252680	         -6.25985279	         -3.55658046	          2.06491854	         -1.22577177	          0.86043418	        -13.44973670	         17.23006699	         -3.29150613	        -13.45136986	         12.28401809	         40.35802306	         15.00380793	         86.51662706	         86.51662706	          0.05000016	          0.05000017	          0.05000017	          0.08222845	          0.05000090	          0.05000064	          0.05000090	          0.05000009	          0.05000006	          0.15465863	          0.23767327	          0.15943763	          0.13300781	          0.05000093	          0.05000042	          0.05000009	          0.27862293	          0.24941722	          0.08130436	          0.05000023	          0.05000009	          0.05000007	          0.10539605	          0.11124162	          0.08036653	          0.18420126	          0.05000096	          0.05362600	          0.05000059	          0.05000062	          0.05000039	          0.05000005	          0.05000012	          0.05000001	          0.05000013	          0.05000058	          0.05000050	          0.35137739	          0.09731559	          0.05000712	          0.46510834	          0.33914111	          0.45836499	          0.09210822	          0.05924137	          0.05000013	          0.32422777	          0.25291623	          0.22862629	          0.61169474	          0.57600999	          0.50808967	          0.05000203	          0.05000131	          0.05000106	          0.05000019	          0.05000069	          0.05000012	          0.05000024	          0.05000182	          0.05000510	          0.08136358	          0.26215525	          0.05000065	          0.05000047	          0.16028355	          0.09969092	          0.07036707	          0.05000009	          0.05000009	          0.05000032	          0.05000168	          0.25366733	          0.10918391	          0.10786645	          0.11002612	          0.09189656	          0.28232552	          0.27932447	          0.20284570	          0.26705033	          0.05000157	          0.05000346	          0.08027272	          0.16916328	          0.13795524	          0.07742498	          0.28804235	          0.19234786	          0.05167180	          0.05000006	          0.05000010	
          1.37268674	         -2.85727643	         -0.97506155	          3.51290496	          1.83229563	          0.93299277	          0.00463110	         22.37054355	         -0.91854707	         -1.11807991	          2.29106212	          5.62196893	          6.48927069	        -53.93808861	         -9.53518436	          9.41619428	          7.90967255	          5.43210665	         -1.25278460	          3.22776533	          4.04532026	         -7.53738460	         -5.88439136	         -3.63819139	          1.95947894	         -1.10017111	          0.73817907	        -13.45017959	         16.86285689	         -2.64832152	        -13.45004645	         12.32209999	         39.52027727	         15.42791673	         86.51662706	         86.51662706	          0.05000016	          0.05000018	          0.05000018	          0.06992311	          0.05000086	          0.05000065	          0.05000069	          0.05000009	          0.05000005	          0.13151409	          0.24225502	          0.16845775	          0.15552737	          0.05000103	          0.05000044	          0.05000010	          0.25882371	          0.24369395	          0.06913737	          0.05000024	          0.05000010	          0.05000008	          0.10930823	          0.11531790	          0.11700523	          0.18668338	          0.05000107	          0.05048664	          0.05000093	          0.05000098	          0.05000045	          0.05000007	          0.05000015	          0.05000002	          0.05000014	          0.05000086	          0.05000066	          0.35023911	          0.10303597	          0.05000890	          0.44200826	          0.33836584	          0.42931734	          0.09088965	          0.06114772	          0.05000015	          0.28699397	          0.22551942	          0.21341019	          0.55760941	          0.53538367	          0.48777995	          0.05382739	          0.05000315	          0.05000180	          0.05000030	          0.05000101	          0.05000014	          0.05000027	          0.05000174	          0.05000572	          0.06918771	          0.29485219	          0.05000075	          0.05000060	          0.13630550	          0.08477342	          0.05983693	          0.05000012	          0.05000012	          0.05000035	          0.05000211	          0.27254577	          0.09284466	          0.09172439	          0.09356085	          0.07814439	          0.31414440	          0.32110644	          0.20656350	          0.27432265	          0.05000222	          0.05000945	          0.06826000	          0.17091273	          0.13969860	          0.06585230	          0.28637497	          0.20800433	          0.05153356	          0.05000007	          0.05000010	
          1.38324587	         -2.85583391	         -0.81690849	          3.22502578	          1.84511942	          0.93303855	          0.00467543	         23.69040052	         -0.79523841	         -1.38793439	          0.77126471	          5.41577582	          6.88758252	        -52.83612835	         -8.30151552	          9.75466199	          7.85621846	          4.92912133	         -1.29531220	          3.24878477	          3.97661666	         -7.61002834	         -5.50549785	         -3.71699552	          1.85464353	         -0.97153304	          0.60896286	        -13.45121883	         16.47917904	         -2.00179174	        -13.44970714	         12.40694722	         38.63354099	         15.90883015	         86.51662706	         86.51662706	          0.05000016	          0.05000019	          0.05000019	          0.05945929	          0.05000082	          0.05000063	          0.05000048	          0.05000008	          0.05000005	          0.11183311	          0.25075297	          0.17877865	          0.17159411	          0.05000113	          0.05000046	          0.05000011	          0.24153649	          0.23536375	          0.05879127	          0.05000024	          0.05000011	          0.05000009	          0.11634313	          0.12205113	          0.15229534	          0.18409893	          0.05000098	          0.05000173	          0.05000077	          0.05000078	          0.05000032	          0.05000008	          0.05000017	          0.05000003	          0.05000016	          0.05000113	          0.05000081	          0.34803022	          0.10543128	          0.05000935	          0.41908916	          0.34196791	          0.39294243	          0.08918030	          0.06444753	          0.05000014	          0.25837926	          0.20258340	          0.20131421	          0.52036599	          0.50807415	          0.47228790	          0.06284010	          0.05005327	          0.05000206	          0.05000167	          0.05000688	          0.05000016	          0.05000028	          0.05000158	          0.05000421	          0.05883396	          0.32590030	          0.05000093	          0.05000089	          0.11591487	          0.07208819	          0.05088267	          0.05000024	          0.05000024	          0.05000044	          0.05000395	          0.28385586	          0.07895056	          0.07799798	          0.07955961	          0.06645024	          0.34536522	          0.35860958	          0.20839555	          0.28030680	          0.05000353	          0.05005566	          0.05804500	          0.17236604	          0.14108094	          0.05878152	          0.28687477	          0.22253915	          0.05193008	          0.05000006	          0.05000011	
          1.39380500	         -2.85441809	         -0.66294634	          2.92390638	          1.85797084	          0.93288932	          0.00470836	         24.89073507	         -0.67638832	         -1.64643778	         -0.75336472	          5.19673888	          7.26107230	        -51.47447598	         -7.05143207	          9.98704072	          7.76441288	          4.48457723	         -1.34188612	          3.27359325	          3.90893475	         -7.69567479	         -5.11894323	         -3.79248499	          1.75286563	         -0.83992523	          0.47361359	        -13.45270232	         16.08160594	         -1.35253296	        -13.45012113	         12.54255135	         37.70120094	         16.43758489	         86.51662706	         86.51662706	          0.05000017	          0.05000021	          0.05000021	          0.05056148	          0.05000084	          0.05000067	          0.05000032	          0.05000008	          0.05000005	          0.09509738	          0.26237221	          0.18547038	          0.17365570	          0.05000137	          0.05000052	          0.05000013	          0.22660158	          0.21944352	          0.05000059	          0.05000026	          0.05000012	          0.05000010	          0.12515812	          0.13011320	          0.17112712	          0.18227359	          0.05000106	          0.05000060	          0.05000058	          0.05000056	          0.05000023	          0.05000009	          0.05000018	          0.05000004	          0.05000019	          0.05000120	          0.05000090	          0.34767918	          0.10953488	          0.05004568	          0.39713314	          0.34890486	          0.35455809	          0.08802778	          0.06634515	          0.05000014	          0.24279515	          0.19216979	          0.19595207	          0.51352118	          0.50022920	          0.46183521	          0.06738028	          0.05006601	          0.05000185	          0.07570189	          0.05010321	          0.05000016	          0.05000027	          0.05000143	          0.05000393	          0.05002975	          0.35565443	          0.05000094	          0.05000096	          0.09859590	          0.06130307	          0.05000090	          0.05000029	          0.05000029	          0.05000045	          0.05000497	          0.28780024	          0.06713572	          0.06632576	          0.06765369	          0.05650621	          0.37652791	          0.39339501	          0.20904687	          0.28506580	          0.05000215	          0.05002752	          0.05000081	          0.17754496	          0.14372889	          0.05000101	          0.28870663	          0.23136145	          0.05158554	          0.05000006	          0.05000011	
          1.40436413	         -2.85315782	         -0.51514288	          2.61130050	          1.87085278	          0.93253558	          0.00473056	         25.96810101	         -0.56266043	         -1.89348719	         -2.27401390	          4.96881848	          7.60618383	        -49.85831870	         -5.80413180	         10.12632941	          7.64233388	          4.09655268	         -1.39026176	          3.30344012	          3.84209123	         -7.79505370	         -4.72058797	         -3.86455908	          1.65587879	         -0.70565181	          0.33298855	        -13.45424225	         15.67127477	         -0.70053219	        -13.45075757	         12.72927508	         36.72628988	         17.00529736	         86.51662706	         86.51662706	          0.05000018	          0.05000022	          0.05000023	          0.05000077	          0.05000090	          0.05000073	          0.05000020	          0.05000008	          0.05000004	          0.08086615	          0.27663967	          0.19087222	          0.16306514	          0.05000127	          0.05000052	          0.05000013	          0.21286416	          0.20180477	          0.05000082	          0.05000027	          0.05000013	          0.05000011	          0.13600898	          0.13949703	          0.18213611	          0.18507643	          0.05000131	          0.05000045	          0.05000039	          0.05000037	          0.05000016	          0.05000010	          0.05000021	          0.05000005	          0.05000023	          0.05000149	          0.05000110	          0.34942165	          0.11246604	          0.05110923	          0.37442433	          0.35778019	          0.32165927	          0.08757759	          0.06652087	          0.05000015	          0.23755604	          0.19088694	          0.19420464	          0.52266467	          0.50388370	          0.45555204	          0.06963449	          0.05002541	          0.05000126	          0.12852559	          0.05009470	          0.05000017	          0.05000027	          0.05000134	          0.05000397	          0.05000082	          0.38470881	          0.05000095	          0.05000098	          0.08565841	          0.05216795	          0.05000147	          0.05000035	          0.05000035	          0.05000045	          0.05000529	          0.28768317	          0.05708902	          0.05640043	          0.05752963	          0.05000079	          0.40755504	          0.42761883	          0.20859756	          0.28949662	          0.05000120	          0.05000422	          0.05000019	          0.19131520	          0.14619734	          0.05000887	          0.29191802	          0.24121043	          0.05048738	          0.05000007	          0.05000011	
          1.41492326	         -2.85218058	         -0.37448052	          2.28837962	          1.88376761	          0.93197304	          0.00474323	         26.92249104	         -0.45402684	         -2.12732895	         -3.77717248	          4.73563460	          7.92022213	        -48.00115530	         -4.58805275	         10.19473921	          7.50371290	          3.75880830	         -1.43478371	          3.33890196	          3.77319133	         -7.90586213	         -4.30603126	         -3.93325366	          1.56431105	         -0.56921618	          0.18705911	        -13.45542637	         15.24723219	         -0.04567908	        -13.45117774	         12.96662086	         35.71300653	         17.60445857	         86.51662706	         86.51662706	          0.05000019	          0.05000025	          0.05000026	          0.05000109	          0.05000095	          0.05000079	          0.05000013	          0.05000008	          0.05000005	          0.06876462	          0.29171620	          0.19628082	          0.15030191	          0.05000137	          0.05000056	          0.05000015	          0.19945171	          0.18206578	          0.05000075	          0.05000030	          0.05000015	          0.05000012	          0.14895133	          0.14962919	          0.19539038	          0.17966512	          0.05000132	          0.05000031	          0.05000029	          0.05000027	          0.05000012	          0.05000011	          0.05000022	          0.05000006	          0.05000029	          0.05000166	          0.05000130	          0.35231718	          0.11346147	          0.05284770	          0.35187306	          0.36821175	          0.29501989	          0.08729602	          0.06799115	          0.05000015	          0.23728606	          0.19029435	          0.19026177	          0.53596460	          0.50836932	          0.44631581	          0.07365188	          0.05163532	          0.05000131	          0.17863518	          0.07231065	          0.05000017	          0.05000027	          0.05000120	          0.05000372	          0.05000120	          0.41252740	          0.05000092	          0.05000099	          0.08361843	          0.05021644	          0.05000155	          0.05000039	          0.05000040	          0.05000044	          0.05000521	          0.28153976	          0.05000032	          0.05000103	          0.05000100	          0.05000123	          0.43811589	          0.46224458	          0.20762111	          0.29382578	          0.05000140	          0.05000395	          0.05000020	          0.19489473	          0.14555821	          0.05010221	          0.29552672	          0.24311789	          0.05000046	          0.05000007	          0.05000011	
          1.42548239	         -2.85159579	         -0.24113356	          1.95625833	          1.89672222	          0.93120191	          0.00474671	         27.75654979	         -0.34966037	         -2.34630895	         -5.25265855	          4.50002160	          8.20056004	        -45.92345895	         -3.42496026	         10.21409498	          7.35873873	          3.46473627	         -1.47114855	          3.37909286	          3.69876361	         -8.02479285	         -3.86832038	         -3.99811084	          1.47790793	         -0.43097808	          0.03432297	        -13.45572343	         14.80637049	          0.61066612	        -13.45117924	         13.25285126	         34.66763692	         18.22957227	         86.51662706	         86.51662706	          0.05000021	          0.05000027	          0.05000028	          0.05000109	          0.05000099	          0.05000083	          0.05000010	          0.05000009	          0.05000005	          0.05847411	          0.30039956	          0.20074662	          0.14472804	          0.05000182	          0.05000065	          0.05000017	          0.18529546	          0.16773099	          0.05000083	          0.05000032	          0.05000016	          0.05000014	          0.16120046	          0.15853647	          0.21121679	          0.17671908	          0.05000151	          0.05000022	          0.05000022	          0.05000021	          0.05000009	          0.05000013	          0.05000027	          0.05000008	          0.05000037	          0.05000198	          0.05000160	          0.35577253	          0.11394294	          0.05419415	          0.33092555	          0.37943517	          0.27457023	          0.08717624	          0.06930910	          0.05000030	          0.24023988	          0.19011064	          0.18505151	          0.54599282	          0.50921268	          0.43514520	          0.07978546	          0.05709609	          0.05000222	          0.24513985	          0.08943298	          0.05000016	          0.05000026	          0.05000110	          0.05000363	          0.05000126	          0.43891875	          0.05000088	          0.05000101	          0.07127370	          0.05008304	          0.05000191	          0.05000038	          0.05000039	          0.05000045	          0.05000553	          0.27251321	          0.05000032	          0.05000160	          0.05000157	          0.05000128	          0.46819299	          0.49618353	          0.20715218	          0.29856231	          0.05000143	          0.05000288	          0.05000021	          0.19391654	          0.14426461	          0.05635780	          0.29915160	          0.24813680	          0.05000017	          0.05000008	          0.05000010	
          1.43604152	         -2.85147108	         -0.11475795	          1.61580371	          1.90972759	          0.93022568	          0.00474034	         28.47453204	         -0.24766989	         -2.54863309	         -6.69220005	          4.26418454	          8.44445142	        -43.65039029	         -2.33396232	         10.20186753	          7.21685894	          3.20832740	         -1.49547030	          3.42262392	          3.62259449	         -8.14817484	         -3.40655427	         -4.05818358	          1.39593984	         -0.29098233	         -0.12848364	        -13.45462245	         14.34335099	          1.26574661	        -13.45087579	         13.58485011	         33.59983047	         18.87706253	         86.51662706	         86.51662706	          0.05000021	          0.05000028	          0.05000031	          0.05000107	          0.05000099	          0.05000085	          0.05000008	          0.05000010	          0.05000005	          0.05000024	          0.28922218	          0.20719854	          0.13993855	          0.05000180	          0.05000069	          0.05000019	          0.17027741	          0.16102934	          0.05000088	          0.05000034	          0.05000017	          0.05000016	          0.17359771	          0.16635224	          0.22797875	          0.17251681	          0.05000153	          0.05000018	          0.05000019	          0.05000017	          0.05000008	          0.05000013	          0.05000027	          0.05000008	          0.05000043	          0.05000222	          0.05000185	          0.35960093	          0.11451278	          0.05574870	          0.30938695	          0.39123293	          0.25685258	          0.08859709	          0.07081407	          0.05000079	          0.24706417	          0.18600053	          0.17365201	          0.55034932	          0.50622071	          0.42597362	          0.08399739	          0.06211255	          0.05000342	          0.31126428	          0.11087652	          0.05000018	          0.05000029	          0.05000109	          0.05000382	          0.05000131	          0.46465400	          0.05000103	          0.05000124	          0.06067159	          0.05001794	          0.05000185	          0.05000054	          0.05000053	          0.05000042	          0.05000412	          0.26184468	          0.05000026	          0.05000136	          0.05000134	          0.05000119	          0.49693551	          0.52856099	          0.20694664	          0.30338440	          0.05000298	          0.05000421	          0.05000591	          0.19042709	          0.14138749	          0.05000741	          0.30259589	          0.24949684	          0.05000013	          0.05000009	          0.05000009	
          1.44660065	         -2.85178202	          0.00514159	          1.26788443	          1.92279890	          0.92905100	          0.00472337	         29.08201114	         -0.14578855	         -2.73223001	         -8.08857010	          4.02995084	          8.65115963	        -41.21077749	         -1.33378281	         10.16885508	          7.09681823	          2.98377017	         -1.50059403	          3.46726388	          3.54103230	         -8.27269234	         -2.92887691	         -4.11199970	          1.31741774	         -0.14936195	         -0.30617878	        -13.45217864	         13.85262808	          1.91530096	        -13.45041371	         13.95706266	         32.52233356	         19.54554626	         86.51662706	         86.51662706	          0.05000024	          0.05000032	          0.05000035	          0.05000114	          0.05000108	          0.05000098	          0.05000006	          0.05000010	          0.05000005	          0.05000027	          0.28645185	          0.20660227	          0.14092286	          0.05000247	          0.05000081	          0.05000021	          0.15774261	          0.14004515	          0.05000084	          0.05000039	          0.05000020	          0.05000019	          0.18385318	          0.17226002	          0.24069775	          0.16442445	          0.05000221	          0.05000017	          0.05000018	          0.05000017	          0.05000008	          0.05000014	          0.05000029	          0.05000010	          0.05000052	          0.05000248	          0.05000211	          0.36347986	          0.11551035	          0.05724926	          0.28749579	          0.40329788	          0.23996442	          0.08904624	          0.07174932	          0.05000247	          0.25264739	          0.18538087	          0.16716993	          0.56620499	          0.50937006	          0.41494420	          0.08360456	          0.06432245	          0.05000156	          0.37500486	          0.13413785	          0.05000018	          0.05000027	          0.05000097	          0.05000347	          0.05000121	          0.48933091	          0.05000099	          0.05000119	          0.05236934	          0.05002900	          0.05000220	          0.05000084	          0.05000058	          0.05000043	          0.05000505	          0.24912000	          0.05000026	          0.05000155	          0.05000153	          0.05000132	          0.52473495	          0.56087996	          0.20872308	          0.30922564	          0.05000096	          0.05000156	          0.06419554	          0.18917705	          0.14123013	          0.13034721	          0.30711260	          0.28012056	          0.05000010	          0.05000009	          0.05000009	
          1.45715977	         -2.85242890	          0.11990111	          0.91339958	          1.93595063	          0.92768306	          0.00469444	         29.58916665	         -0.04163491	         -2.89619643	         -9.43211544	          3.79807238	          8.81938693	        -38.64356805	         -0.44809217	         10.12199054	          7.01161383	          2.78640498	         -1.48123098	          3.51247004	          3.46943814	         -8.39545348	         -2.44514444	         -4.15838922	          1.24053419	         -0.00625354	         -0.50415214	        -13.44988776	         13.33182827	          2.55349935	        -13.45014504	         14.35970698	         31.45160283	         20.23786966	         86.51662706	         86.51662706	          0.05000024	          0.05000035	          0.05000041	          0.05000115	          0.05000111	          0.05000100	          0.05000006	          0.05000011	          0.05000006	          0.05000024	          0.27103124	          0.20935848	          0.14286678	          0.05000409	          0.05000095	          0.05000024	          0.14256837	          0.12391826	          0.05000082	          0.05000044	          0.05000023	          0.05000022	          0.19229204	          0.17650922	          0.25279281	          0.15292431	          0.05000175	          0.05000016	          0.05000018	          0.05000016	          0.05000007	          0.05000013	          0.05000029	          0.05000010	          0.05000057	          0.05000272	          0.05000237	          0.36784711	          0.11702429	          0.05874536	          0.26481844	          0.41555784	          0.22539763	          0.08998487	          0.07305356	          0.05385176	          0.26074980	          0.18313225	          0.15716976	          0.58305676	          0.51282560	          0.40542321	          0.08241031	          0.06696323	          0.05000091	          0.44038802	          0.13826659	          0.05000020	          0.05000029	          0.05000094	          0.05000348	          0.05000123	          0.51293278	          0.05000111	          0.05000129	          0.05011400	          0.05001363	          0.05000228	          0.05000125	          0.06146301	          0.05000040	          0.05000394	          0.23577349	          0.05000026	          0.05000157	          0.05000156	          0.05000134	          0.55102959	          0.59087519	          0.21201045	          0.31487559	          0.05000107	          0.05000148	          0.07787443	          0.18727379	          0.13951053	          0.16175384	          0.30988401	          0.29914821	          0.05000010	          0.05000009	          0.05000008	
          1.46771890	         -2.85342231	          0.23104358	          0.55322589	          1.94919620	          0.92613402	          0.00465279	         30.00626380	          0.06718770	         -3.03957376	        -10.71122179	          3.56826341	          8.94968284	        -35.98611274	          0.29874975	         10.06479102	          6.97191120	          2.61128610	         -1.42396167	          3.55725585	          3.40237331	         -8.51444030	         -1.94736493	         -4.19670282	          1.16304693	          0.13793629	         -0.72785604	        -13.45060250	         12.78409788	          3.17346680	        -13.45012870	         14.77937921	         30.40586536	         20.96003324	         86.51662706	         86.51662706	          0.05000028	          0.05000040	          0.05000047	          0.05000124	          0.05000121	          0.05000116	          0.05000006	          0.05000013	          0.05000007	          0.05000028	          0.23047337	          0.20490409	          0.14660646	          0.05000562	          0.05000120	          0.05000029	          0.12125464	          0.11347998	          0.05000100	          0.05000051	          0.05000028	          0.05000027	          0.19310313	          0.17462985	          0.25981532	          0.13838848	          0.05000246	          0.05000013	          0.05000016	          0.05000014	          0.05000007	          0.05000016	          0.05000033	          0.05000012	          0.05000064	          0.05000295	          0.05000265	          0.37273362	          0.11897885	          0.06014466	          0.24376855	          0.42818663	          0.21268926	          0.08687544	          0.07724713	          0.06565842	          0.27221384	          0.18572478	          0.15421478	          0.58712464	          0.51199213	          0.39718683	          0.09180396	          0.07471176	          0.05000278	          0.40508148	          0.17735922	          0.05000021	          0.05000029	          0.05000086	          0.05000327	          0.05000116	          0.53464538	          0.05000122	          0.05000178	          0.05008504	          0.05001054	          0.05000224	          0.05015835	          0.12944485	          0.05000044	          0.05000487	          0.22139775	          0.05000018	          0.05000123	          0.05000122	          0.05000109	          0.57551802	          0.61920026	          0.21814769	          0.32095772	          0.05000106	          0.05000156	          0.09296857	          0.18233108	          0.13791643	          0.19960990	          0.31106340	          0.32156391	          0.05000008	          0.05000010	          0.05000009	
          1.47827803	         -2.85507190	          0.34018703	          0.18843108	          1.96254904	          0.92442683	          0.00459878	         30.33913454	          0.18312070	         -3.16155369	        -11.91819546	          3.33947830	          9.04183115	        -33.26504783	          0.89150918	         10.00184811	          6.98524276	          2.45438320	         -1.31600277	          3.60147733	          3.33292777	         -8.62806368	         -1.42745949	         -4.22720607	          1.08219668	          0.28263433	         -0.98268273	        -13.45878568	         12.22068223	          3.76681115	        -13.45005113	         15.19985675	         29.40503659	         21.72148394	         86.51662706	         86.51662706	          0.05000032	          0.05000046	          0.05000050	          0.05000157	          0.05000145	          0.05000128	          0.05000007	          0.05000017	          0.05000009	          0.05000038	          0.19598383	          0.20455811	          0.16143718	          0.05001916	          0.05000158	          0.05000037	          0.10311195	          0.10540178	          0.05000133	          0.05000056	          0.05000031	          0.05000032	          0.18937803	          0.16999442	          0.26717075	          0.11774948	          0.05000278	          0.05000011	          0.05000015	          0.05000013	          0.05000006	          0.05000014	          0.05000031	          0.05000010	          0.05000065	          0.05000317	          0.05000287	          0.37844391	          0.12177661	          0.06146669	          0.22072506	          0.44095380	          0.20388547	          0.08480196	          0.07993915	          0.07751843	          0.28850827	          0.19157626	          0.15162416	          0.58878388	          0.51040431	          0.38527121	          0.09434268	          0.07815175	          0.05000289	          0.42861137	          0.15090154	          0.05000020	          0.05000031	          0.05000083	          0.05000328	          0.05000145	          0.55573889	          0.05000116	          0.05000153	          0.05009209	          0.05001533	          0.05000302	          0.05000202	          0.19860236	          0.05000042	          0.05000429	          0.20359111	          0.05000018	          0.05000149	          0.05000147	          0.05000130	          0.59815257	          0.64616856	          0.22756074	          0.32698515	          0.05000117	          0.05000197	          0.10264948	          0.16681577	          0.13804086	          0.21502308	          0.30814244	          0.33171322	          0.05000010	          0.05000010	          0.05000009	
          1.48883716	         -2.85766067	          0.44874694	         -0.17997548	          1.97602169	          0.92259370	          0.00453320	         30.59106851	          0.30876037	         -3.26156961	        -13.03936020	          3.11109369	          9.09598175	        -30.50166401	          1.30271018	          9.93846140	          7.05906781	          2.31149268	         -1.14130286	          3.64512599	          3.25923064	         -8.73512574	         -0.87138162	         -4.25051522	          0.99529261	          0.42708337	         -1.27338377	        -13.47945854	         11.66009419	          4.32477914	        -13.44975968	         15.60733920	         28.46796595	         22.53276577	         86.51662706	         86.51662706	          0.05000029	          0.05000042	          0.05000050	          0.05000120	          0.05000118	          0.05000112	          0.05000009	          0.05000021	          0.05000010	          0.05000052	          0.16665532	          0.20718120	          0.18417295	          0.05011050	          0.05000282	          0.05000043	          0.08768240	          0.09284598	          0.05000218	          0.05000059	          0.05000034	          0.05000041	          0.18023101	          0.16194756	          0.27040357	          0.10014657	          0.05000169	          0.05000011	          0.05000014	          0.05000012	          0.05000006	          0.05000043	          0.05000077	          0.05000036	          0.05000078	          0.05000471	          0.05000487	          0.38473366	          0.12382017	          0.06221466	          0.20430338	          0.45344295	          0.20069443	          0.08391000	          0.08513478	          0.09140218	          0.30186645	          0.19283577	          0.14117451	          0.59082195	          0.50210184	          0.37386258	          0.09569184	          0.08099699	          0.05000441	          0.44083686	          0.14313227	          0.05000020	          0.05000030	          0.05000077	          0.05000327	          0.05000164	          0.57557716	          0.05000115	          0.05000140	          0.05005214	          0.05001148	          0.05000323	          0.05000217	          0.27422037	          0.05000036	          0.05000317	          0.19227603	          0.05000018	          0.05000158	          0.05000157	          0.05000138	          0.61768320	          0.66882810	          0.23990665	          0.33289841	          0.05000314	          0.05502908	          0.10287805	          0.14185294	          0.13662023	          0.18289256	          0.30474818	          0.33475617	          0.05000007	          0.05000010	          0.05000009	
          1.49939629	         -2.86142456	          0.55754556	         -0.55072327	          1.98963024	          0.92067652	          0.00445703	         30.76375221	          0.44648203	         -3.33895671	        -14.06233861	          2.88180184	          9.11371635	        -27.71772983	          1.51000231	          9.88174237	          7.19619441	          2.17941199	         -0.87910311	          3.68992444	          3.16962597	         -8.83405660	         -0.26723811	         -4.26702020	          0.89987403	          0.57043927	         -1.60433594	        -13.51611299	         11.12014956	          4.83799968	        -13.45000418	         15.99659166	         27.61011088	         23.40439678	         86.51662706	         86.51662706	          0.05000042	          0.05000061	          0.05000070	          0.05000170	          0.05000161	          0.05000153	          0.05000011	          0.05000029	          0.05000015	          0.05000052	          0.14171567	          0.19151082	          0.19078486	          0.11889644	          0.05001418	          0.05000127	          0.07456152	          0.07901292	          0.05000386	          0.05000084	          0.05000050	          0.05000064	          0.16772314	          0.15301746	          0.26028924	          0.08517317	          0.05000302	          0.05000010	          0.05000015	          0.05000013	          0.05000007	          0.05000223	          0.05000286	          0.05000226	          0.05000102	          0.05000391	          0.05000518	          0.39204115	          0.12335590	          0.06156759	          0.20586234	          0.46756977	          0.21119546	          0.08011314	          0.09362333	          0.10729581	          0.31608682	          0.19391654	          0.13366040	          0.58787007	          0.49742724	          0.35485352	          0.10080904	          0.08499037	          0.05001181	          0.37489773	          0.15315071	          0.05000022	          0.05000032	          0.05000077	          0.05000311	          0.05000154	          0.59476642	          0.05000129	          0.05000196	          0.05006435	          0.05001390	          0.05000354	          0.08231993	          0.35445061	          0.05000041	          0.05000388	          0.17545492	          0.05000014	          0.05000128	          0.05000127	          0.05000116	          0.63342365	          0.68858626	          0.25562565	          0.33960278	          0.07275599	          0.10873164	          0.09338013	          0.12062500	          0.12826781	          0.15552317	          0.28494023	          0.34027095	          0.05000008	          0.05000010	          0.05000009	
          1.50995542	         -2.86670367	          0.66680145	         -0.92226990	          2.00339622	          0.91872697	          0.00437000	         30.85740522	          0.59829486	         -3.39405243	        -14.98459994	          2.64907861	          9.09580270	        -24.94410673	          1.51192310	          9.84218803	          7.38414999	          2.05535589	         -0.51202619	          3.73811526	          3.05033224	         -8.92520684	          0.39561837	         -4.27698066	          0.79406802	          0.71227845	         -1.97921003	        -13.56828137	         10.60803735	          5.29644417	        -13.45363834	         16.37581745	         26.84116775	         24.34645592	         86.51662706	         86.51662706	          0.05000051	          0.05000080	          0.05000107	          0.05000184	          0.05000187	          0.05000197	          0.05000016	          0.05000045	          0.05000017	          0.05000049	          0.12050819	          0.17311649	          0.18853158	          0.15512472	          0.09327638	          0.06063774	          0.06340409	          0.06722957	          0.05000464	          0.05000156	          0.05000107	          0.05505001	          0.15095501	          0.14154729	          0.24611331	          0.07243604	          0.05000331	          0.05000010	          0.05000016	          0.05000014	          0.05000008	          0.05000016	          0.05000037	          0.05000009	          0.05000086	          0.05000175	          0.05000192	          0.40059269	          0.11976017	          0.05921246	          0.24061527	          0.48362683	          0.23627325	          0.07582838	          0.09853209	          0.12344811	          0.33317969	          0.20229528	          0.13548348	          0.59611640	          0.50287876	          0.33858070	          0.10616245	          0.08629686	          0.05099990	          0.31879489	          0.15828335	          0.05000021	          0.05000029	          0.05000065	          0.05000274	          0.05000146	          0.61261348	          0.05000122	          0.05000238	          0.05005546	          0.05001212	          0.05000344	          0.14222029	          0.43255790	          0.05000040	          0.05000366	          0.16285168	          0.05000010	          0.05000100	          0.05000098	          0.05000092	          0.64390732	          0.70172156	          0.27402534	          0.34495173	          0.13379642	          0.15652306	          0.07940595	          0.10257375	          0.13174493	          0.13224939	          0.24229922	          0.30891534	          0.05000006	          0.05000010	          0.05000010	
          1.52051455	         -2.87375817	          0.77713264	         -1.29410290	          2.01734404	          0.91680642	          0.00427118	         30.87133518	          0.76601479	         -3.42720065	        -15.80360440	          2.41011401	          9.04013386	        -22.22915404	          1.30671585	          9.83544533	          7.60643906	          1.93698276	         -0.02519421	          3.78728902	          2.88262913	         -9.01378409	          1.14003815	         -4.28032072	          0.67612527	          0.85220909	         -2.40044839	        -13.62949744	         10.10994926	          5.69245824	        -13.46502472	         16.76886581	         26.16122000	         25.36383498	         86.51662706	         86.51662706	          0.05000070	          0.05000123	          0.05000157	          0.05000300	          0.05000275	          0.05000270	          0.05000039	          0.05000097	          0.05764409	          0.05000097	          0.10247440	          0.16357203	          0.17928268	          0.16812641	          0.11841124	          0.07826807	          0.05391666	          0.05727133	          0.05006881	          0.05000250	          0.05000223	          0.07683000	          0.12836647	          0.12036558	          0.21684850	          0.06160385	          0.05000628	          0.05000010	          0.05000017	          0.05000015	          0.05000009	          0.05000007	          0.05000016	          0.05000004	          0.05000045	          0.05000130	          0.05000116	          0.40739352	          0.11890300	          0.05448674	          0.29400782	          0.49601969	          0.25330331	          0.07278044	          0.09633477	          0.13427086	          0.35260993	          0.21560637	          0.14446636	          0.61738668	          0.52000657	          0.31643046	          0.09031190	          0.08037535	          0.05116345	          0.27108754	          0.17910627	          0.05000023	          0.05000033	          0.05000067	          0.05000275	          0.05000161	          0.62927485	          0.05000134	          0.05000197	          0.05004197	          0.05001095	          0.05000358	          0.21340302	          0.50874313	          0.05000037	          0.05000319	          0.16894312	          0.05000039	          0.05000108	          0.05000106	          0.05000100	          0.64758219	          0.70707331	          0.29332334	          0.34790992	          0.19577331	          0.20958640	          0.06752296	          0.08722382	          0.13874924	          0.11245844	          0.20603933	          0.26268663	          0.05000006	          0.05000013	          0.05000009	
          1.53107368	         -2.88252956	          0.88954772	         -1.66729306	          2.03150398	          0.91498031	          0.00415821	         30.80277069	          0.95106366	         -3.43781809	        -16.51504141	          2.16219366	          8.94106661	        -19.63053124	          0.88941918	          9.88136281	          7.83867944	          1.82216850	          0.59093968	          3.83182909	          2.66011419	         -9.10761665	          1.98955560	         -4.27542814	          0.54500859	          0.98977725	         -2.86888667	        -13.68492606	          9.58000767	          6.02193825	        -13.48979325	         17.21546430	         25.55629041	         26.45257556	         86.51662706	         86.51662706	          0.05000138	          0.05000137	          0.05000122	          0.05000522	          0.05000402	          0.05000316	          0.05000029	          0.05000167	          0.12852149	          0.05000083	          0.08713935	          0.16241525	          0.18094990	          0.16807046	          0.13335345	          0.08952756	          0.05000309	          0.05107192	          0.05007667	          0.05000297	          0.05000321	          0.08581148	          0.10915810	          0.10235434	          0.18440233	          0.05239045	          0.05000196	          0.05000011	          0.05000022	          0.05000019	          0.05000011	          0.05000008	          0.05000019	          0.05000005	          0.05000041	          0.05000292	          0.05000178	          0.40971632	          0.11990778	          0.05305159	          0.30963281	          0.50116006	          0.24588634	          0.07329787	          0.09789219	          0.13762261	          0.36134777	          0.21464661	          0.14255387	          0.61047389	          0.50439739	          0.26907953	          0.07679800	          0.06835053	          0.05001054	          0.23051950	          0.20483978	          0.05000021	          0.05000027	          0.05000055	          0.05000219	          0.05000127	          0.64433344	          0.05000131	          0.05000223	          0.05003755	          0.05000814	          0.05000272	          0.28376618	          0.58011573	          0.05000035	          0.05000331	          0.16157797	          0.08245181	          0.05000082	          0.05000080	          0.05000078	          0.64588621	          0.70702373	          0.31503505	          0.34897136	          0.25285847	          0.25228484	          0.05741832	          0.07417094	          0.11798573	          0.09562917	          0.17520569	          0.22337581	          0.05000004	          0.05000014	          0.05000009	
          1.54163280	         -2.89250406	          1.00438587	         -2.04238529	          2.04590985	          0.91330472	          0.00402821	         30.65639591	          1.15459942	         -3.42575983	        -17.11702317	          1.90227519	          8.79708811	        -17.22415000	          0.25962343	          9.99407198	          8.05366027	          1.71127118	          1.34611227	          3.86970528	          2.37422333	         -9.21069634	          2.96501787	         -4.25917736	          0.40018981	          1.12448700	         -3.38111037	        -13.70996553	          8.92777503	          6.28318974	        -13.53491820	         17.76801029	         24.99501570	         27.60134384	         86.51662706	         86.51662706	          0.05000084	          0.05000114	          0.05000107	          0.05000440	          0.05000301	          0.05000242	          0.08686101	          0.05000055	          0.19001974	          0.05000040	          0.07409921	          0.17000998	          0.19145000	          0.16870431	          0.13297810	          0.09415131	          0.05000246	          0.05390964	          0.05000999	          0.05000194	          0.05000146	          0.08362650	          0.09282485	          0.08704480	          0.15913345	          0.05005783	          0.05000595	          0.05000017	          0.05000035	          0.05000031	          0.05000019	          0.05000006	          0.05000014	          0.05000004	          0.05000058	          0.05000113	          0.05000113	          0.40464297	          0.11989004	          0.05202529	          0.30108820	          0.50591080	          0.21406373	          0.08096913	          0.10159620	          0.13520435	          0.37497481	          0.19887898	          0.12124856	          0.56462855	          0.47033591	          0.22881248	          0.06530573	          0.05812243	          0.05000056	          0.19602242	          0.18628330	          0.05000027	          0.05000034	          0.05000065	          0.05000251	          0.05000141	          0.65801917	          0.05000171	          0.05000230	          0.05003781	          0.05000995	          0.05000351	          0.35376669	          0.64437084	          0.05000048	          0.05000358	          0.15909553	          0.12020022	          0.05000103	          0.05000102	          0.05000098	          0.63685548	          0.69922699	          0.33746354	          0.34734759	          0.32257839	          0.29922611	          0.05000057	          0.06307142	          0.10032932	          0.08131837	          0.14898629	          0.18994780	          0.05000007	          0.05000008	          0.05000007	
          1.55219193	         -2.90270125	          1.12022446	         -2.41915476	          2.06059303	          0.91182024	          0.00387977	         30.44774789	          1.37660938	         -3.39000976	        -17.60486180	          1.62829196	          8.61544815	        -15.10278258	         -0.58947904	         10.16214419	          8.24068827	          1.60331325	          2.25873780	          3.90451052	          1.96058995	         -9.32323096	          4.15198724	         -4.22747332	          0.24219264	          1.25479931	         -3.92832817	        -13.66717461	          7.99400377	          6.48066014	        -13.60914176	         18.50101216	         24.42629475	         28.78721619	         86.51662706	         86.51662706	          0.05000220	          0.05000260	          0.05000282	          0.05000439	          0.05000487	          0.05000439	          0.14354478	          0.05000074	          0.24669266	          0.05000039	          0.06301055	          0.17423489	          0.18172492	          0.16326890	          0.12565926	          0.09301203	          0.05010011	          0.05014168	          0.05000758	          0.05000939	          0.05001034	          0.07723617	          0.07893464	          0.07405055	          0.13688681	          0.05002330	          0.05000169	          0.05000051	          0.05000127	          0.05000106	          0.05000060	          0.05000011	          0.05000024	          0.05000011	          0.05000051	          0.05005858	          0.05000389	          0.39798147	          0.12258669	          0.05064314	          0.28876532	          0.50409008	          0.18202957	          0.08723872	          0.09455640	          0.13216303	          0.37959012	          0.18288423	          0.12485406	          0.58962877	          0.42966821	          0.19457108	          0.05553340	          0.05000086	          0.05000047	          0.16668781	          0.18703429	          0.05000031	          0.05000039	          0.05000071	          0.05000302	          0.05000190	          0.66947565	          0.05000199	          0.05000152	          0.05004781	          0.05001321	          0.05000424	          0.41543233	          0.69886831	          0.05000045	          0.05000438	          0.14384873	          0.16004578	          0.05000241	          0.05000237	          0.05000222	          0.61590275	          0.67759318	          0.35370739	          0.34127507	          0.36477948	          0.33189762	          0.05000010	          0.05659920	          0.10223517	          0.06914917	          0.12669059	          0.16152225	          0.05000007	          0.05000009	          0.05000008	
          1.56275106	         -2.91210737	          1.23628388	         -2.79562625	          2.07558255	          0.91055020	          0.00371014	         30.19602505	          1.61734377	         -3.33040107	        -17.97418269	          1.33926851	          8.39693855	        -13.35730274	         -1.66213450	         10.34944798	          8.36686222	          1.50051735	          3.32461228	          3.94033904	          1.40300633	         -9.44270292	          5.60313751	         -4.17608798	          0.07379290	          1.38028268	         -4.50562119	        -13.58307524	          7.00380166	          6.60331200	        -13.65183033	         19.09624658	         23.83298717	         29.96316807	         86.51662706	         86.51662706	          0.05000162	          0.05000203	          0.05000136	          0.05001034	          0.05000557	          0.05000340	          0.18525300	          0.05000061	          0.29210706	          0.05000034	          0.05358150	          0.16114843	          0.17519071	          0.14589340	          0.11320800	          0.09708093	          0.05002593	          0.05019322	          0.05000652	          0.05000459	          0.05000401	          0.07407211	          0.06712272	          0.08689787	          0.12161785	          0.05002645	          0.05000290	          0.05000122	          0.05000671	          0.05000438	          0.05000103	          0.05000012	          0.05000022	          0.05000009	          0.05000027	          0.06781219	          0.05000753	          0.38995843	          0.12744086	          0.05143469	          0.26627416	          0.50409570	          0.15478924	          0.09032717	          0.09338867	          0.12756245	          0.39159404	          0.15551711	          0.13224557	          0.60946151	          0.36537256	          0.16545377	          0.05000122	          0.05000035	          0.05000025	          0.14174310	          0.16417949	          0.05000017	          0.05000023	          0.05000041	          0.05000153	          0.05000109	          0.67824378	          0.05000095	          0.05000078	          0.05009120	          0.05001598	          0.05000328	          0.44644605	          0.73951078	          0.05000034	          0.05001019	          0.12232231	          0.20534823	          0.05000656	          0.05000654	          0.05000486	          0.58639155	          0.64762733	          0.36630376	          0.33246357	          0.42122378	          0.36223307	          0.05000006	          0.05000034	          0.09350361	          0.05880108	          0.10773143	          0.13735057	          0.05000005	          0.05000006	          0.05000005	
          1.57331019	         -2.92000770	          1.35253902	         -3.16821878	          2.09089712	          0.90949537	          0.00351753	         29.92183221	          1.87729706	         -3.24630240	        -18.22637164	          1.03514667	          8.14196586	        -12.06982392	         -2.94876000	         10.49542265	          8.39455089	          1.40604736	          4.52588491	          3.98347517	          0.68435216	         -9.57394480	          7.36136198	         -4.10290923	         -0.10324183	          1.50114665	         -5.12599332	        -13.52187466	          6.31936227	          6.63202271	        -13.62642250	         19.33045944	         23.27450917	         31.12546722	         86.51662706	         86.51662706	          0.05000525	          0.05000134	          0.05000155	          0.05000421	          0.05000299	          0.05000294	          0.21415223	          0.05000116	          0.31999110	          0.05000030	          0.05000226	          0.16223202	          0.15747847	          0.13498439	          0.10257024	          0.10724113	          0.05002905	          0.05037844	          0.05003204	          0.05000344	          0.05000305	          0.07463789	          0.05707926	          0.10368834	          0.11216700	          0.05000608	          0.05000097	          0.05000253	          0.05358765	          0.05187300	          0.05001973	          0.05000034	          0.05000059	          0.05000277	          0.05000038	          0.07121623	          0.05001061	          0.38294158	          0.12706729	          0.05023253	          0.25361889	          0.51002191	          0.13162590	          0.08807203	          0.09809317	          0.12338481	          0.38980617	          0.13224417	          0.11245521	          0.59082120	          0.31069507	          0.14069378	          0.05000120	          0.05000028	          0.05000024	          0.12053135	          0.13961206	          0.05000015	          0.05000019	          0.05000034	          0.05000125	          0.05000085	          0.68232863	          0.05000084	          0.05000081	          0.07254116	          0.06326013	          0.05000568	          0.44355752	          0.76569057	          0.05487578	          0.08130960	          0.10401695	          0.25744776	          0.05478383	          0.05736788	          0.05011836	          0.54661179	          0.60537182	          0.37158922	          0.31532193	          0.46932528	          0.37509554	          0.05000003	          0.05000023	          0.08079474	          0.05000159	          0.09160950	          0.11679616	          0.05000006	          0.05000006	          0.05000005	
          1.58386932	         -2.92592365	          1.46870224	         -3.53455537	          2.10654620	          0.90863833	          0.00329962	         29.64301687	          2.15551462	         -3.13621781	        -18.37251707	          0.71466883	          7.85437999	        -11.31237479	         -4.41828020	         10.53017476	          8.28327229	          1.32363724	          5.83906970	          4.05358728	         -0.22046192	         -9.72376415	          9.46529023	         -4.00712257	         -0.28890944	          1.61670940	         -5.79881995	        -13.48334768	          5.89296898	          6.56869087	        -13.57099347	         19.38651050	         22.78485565	         32.29527564	         86.51662706	         86.51662706	          0.05000024	          0.05000937	          0.05000084	          0.05879566	          0.05014146	          0.05000653	          0.22521405	          0.06846990	          0.32689953	          0.05933506	          0.05000178	          0.14720409	          0.13392223	          0.11480147	          0.08723767	          0.12122718	          0.05000062	          0.05005839	          0.10700358	          0.05000333	          0.05000114	          0.08419596	          0.05073477	          0.08817693	          0.11822599	          0.05018624	          0.05306888	          0.05000043	          0.05000141	          0.05000128	          0.05000086	          0.06402341	          0.05000026	          0.05000009	          0.05000022	          0.07949361	          0.05000794	          0.38433908	          0.12968791	          0.05003619	          0.26131868	          0.52104301	          0.15405152	          0.08674177	          0.09963295	          0.10553858	          0.37232974	          0.11245395	          0.09562638	          0.51590605	          0.26419984	          0.11963908	          0.05000151	          0.05000029	          0.05000023	          0.10249392	          0.11871951	          0.05000015	          0.05000022	          0.05000040	          0.05000140	          0.05000088	          0.68268495	          0.05000104	          0.05000112	          0.06169734	          0.05387146	          0.05000489	          0.39365899	          0.77930130	          0.05799734	          0.06914250	          0.08845091	          0.31770150	          0.05001227	          0.05001209	          0.05000855	          0.50185137	          0.56046028	          0.36705891	          0.28964291	          0.54179613	          0.37328178	          0.05000001	          0.05879869	          0.06870399	          0.05000023	          0.07790020	          0.09931770	          0.05000003	          0.05000008	          0.05000004	
          1.59442845	         -2.92941001	          1.58393068	         -3.89079102	          2.12253612	          0.90794983	          0.00305240	         29.37618978	          2.44791015	         -3.00093571	        -18.43228432	          0.37801807	          7.53396636	        -11.16659607	         -6.02308314	         10.35306560	          7.98429320	          1.25360370	          7.22910227	          4.15181806	         -1.31464074	         -9.89863514	         11.92738169	         -3.88736792	         -0.48170244	          1.72761911	         -6.52465490	        -13.46144172	          5.66241441	          6.41523480	        -13.51347093	         19.38296599	         22.37522146	         33.48282314	         86.51662706	         86.51662706	          0.13723368	          0.05000014	          0.05818876	          0.05000012	          0.05000017	          0.05000030	          0.21683368	          0.05880244	          0.31242602	          0.06914661	          0.05949242	          0.16669603	          0.18509298	          0.10272640	          0.07418577	          0.15749296	          0.05879854	          0.06861055	          0.12305567	          0.05000937	          0.05879901	          0.11976039	          0.05345993	          0.07498285	          0.24964165	          0.05000675	          0.05000063	          0.05000018	          0.05000142	          0.05000118	          0.05000100	          0.06373295	          0.05000060	          0.05000011	          0.05103722	          0.07132552	          0.05688658	          0.39340323	          0.13134303	          0.05255214	          0.24569493	          0.54905309	          0.21077535	          0.07980698	          0.10495389	          0.08974483	          0.36057446	          0.09562530	          0.08131597	          0.43870862	          0.22466256	          0.10173519	          0.05000126	          0.05000024	          0.05000019	          0.08715579	          0.10095336	          0.10159608	          0.05000015	          0.05000017	          0.05000055	          0.05000049	          0.58057102	          0.05000150	          0.05000056	          0.05246786	          0.05000338	          0.05000102	          0.33474830	          0.77430216	          0.05000024	          0.05879575	          0.07521432	          0.30827024	          0.05000047	          0.05000044	          0.05000047	          0.43910719	          0.48479265	          0.35405872	          0.24629818	          0.56552153	          0.34229096	          0.05408423	          0.05000009	          0.05842253	          0.05000011	          0.06624249	          0.08445488	          0.05000004	          0.05000002	          0.05000003	
          1.60498758	         -2.93017632	          1.69773638	         -4.23084743	          2.13884402	          0.90739346	          0.00277556	         29.12652861	          2.74329095	         -2.82642573	        -18.40961658	          0.02933530	          7.18521482	        -11.69870336	         -7.74963626	          9.87086119	          7.46601589	          1.20990089	          8.64305233	          4.26056003	         -2.48538114	        -10.09311692	         14.56327477	         -3.74598773	         -0.68043372	          1.83455638	         -7.29099408	        -13.45043635	          5.57479874	          6.17381615	        -13.47154010	         19.37932167	         22.03569934	         34.69642381	         86.51662706	         86.51662706	          0.11669704	          0.05879917	          0.05000014	          0.05880075	          0.05879951	          0.05002992	          0.18438476	          0.05000294	          0.26922746	          0.05879931	          0.05493079	          0.14815353	          0.15739435	          0.08735369	          0.25110685	          0.19235298	          0.05000061	          0.05835683	          0.10464142	          0.05000033	          0.05000014	          0.18980223	          0.06914778	          0.06914724	          0.51427935	          0.09566604	          0.05000044	          0.06914699	          0.05000082	          0.05000128	          0.05000120	          0.08131573	          0.05000022	          0.05000002	          0.05000007	          0.06914723	          0.06914638	          0.42692415	          0.18741064	          0.07712321	          0.27137018	          0.57609645	          0.17923305	          0.06786394	          0.08924765	          0.07631459	          0.31897664	          0.08131505	          0.06914710	          0.37305635	          0.19104199	          0.08651060	          0.05000412	          0.05000034	          0.05000027	          0.07411300	          0.08584583	          0.19624841	          0.15095232	          0.05001264	          0.05001451	          0.05000185	          0.54703796	          0.08140389	          0.05000334	          0.05000174	          0.05000126	          0.05000170	          0.28465347	          0.65842858	          0.05000025	          0.05000147	          0.06395857	          0.26213810	          0.13913043	          0.17862798	          0.11996535	          0.37339509	          0.41224378	          0.32529450	          0.20943984	          0.58507068	          0.29107167	          0.17720923	          0.11103415	          0.05758952	          0.05000026	          0.05632936	          0.07181627	          0.05000004	          0.05000077	          0.05000003	
          1.61554671	         -2.92843566	          1.81062766	         -4.54580339	          2.15541975	          0.90691084	          0.00248884	         28.86457704	          3.00115456	         -2.61731648	        -18.30827887	         -0.32317689	          6.81269914	        -12.82227630	         -9.59413653	          9.07087162	          6.75315076	          1.15596564	         10.02929540	          4.29085788	         -3.60097591	        -10.27941297	         17.03017957	         -3.58701209	         -0.88530971	          1.93440228	         -8.07790951	        -13.45230282	          5.60403994	          5.84581287	        -13.45114496	         19.38688708	         21.74469685	         35.94962586	         86.51662706	         86.51662706	          0.20475564	          0.05000010	          0.05000116	          0.05000130	          0.05000028	          0.05000016	          0.15679176	          0.05000014	          0.22893778	          0.05000020	          0.05880004	          0.12598273	          0.36829048	          0.34082816	          0.22878267	          0.24253995	          0.05000048	          0.06915151	          0.08901243	          0.05000103	          0.18734291	          0.26277208	          0.05880010	          0.05879962	          0.56209501	          0.08135007	          0.09030166	          0.05879928	          0.07836723	          0.08513632	          0.06692450	          0.06914701	          0.06914706	          0.06889229	          0.05000005	          0.05879952	          0.05879936	          0.49797919	          0.17120917	          0.07552970	          0.23075985	          0.62387566	          0.15241098	          0.05770816	          0.10784839	          0.06489417	          0.27124478	          0.06914632	          0.05879929	          0.31722895	          0.16245271	          0.07356436	          0.05000157	          0.05000079	          0.05000107	          0.06302206	          0.07299912	          0.29801865	          0.44413395	          0.05879983	          0.05880521	          0.15551824	          0.46517530	          0.06922638	          0.05001775	          0.05003665	          0.05002273	          0.05004462	          0.24205529	          0.61121404	          0.05541005	          0.05000173	          0.05438724	          0.22290934	          0.15551847	          0.15551852	          0.13427583	          0.31751676	          0.35055178	          0.27662614	          0.17809732	          0.49752625	          0.24751326	          0.36115548	          0.18778841	          0.06262949	          0.05000006	          0.05000003	          0.06106902	          0.08862875	          0.05000026	          0.05029552	
          1.62610584	         -2.92456017	          1.93078898	         -4.82135516	          2.17212876	          0.90647849	          0.00218301	         28.50834281	          3.22543675	         -2.39350616	        -18.05826380	         -0.66992237	          6.44247590	        -13.96693655	        -11.68974350	          8.17519946	          5.91791726	          1.14230528	         11.34580577	          4.44921296	         -4.56300779	        -10.32821899	         19.04788472	         -3.42039761	         -1.10326578	          2.02654294	         -8.83822672	        -13.47052474	          5.76342006	          5.44071848	        -13.45157525	         19.38386552	         21.45575985	         37.24410468	         86.51662706	         86.51662706	          0.35240779	          0.32662883	          0.32715929	          0.22503790	          0.21870927	          0.20095854	          0.13332800	          0.11996540	          0.19467741	          0.05879744	          0.05000083	          0.10712955	          0.31317616	          0.30960027	          0.33502874	          0.27902124	          0.05000033	          0.05880339	          0.14254013	          0.27229901	          0.27369078	          0.32377929	          0.05000073	          0.05000034	          0.47797820	          0.06917629	          0.07678837	          0.05000006	          0.06664021	          0.07549365	          0.05691027	          0.05879921	          0.05879926	          0.05858260	          0.08495152	          0.05000028	          0.05000025	          0.55614737	          0.14558785	          0.06422674	          0.54855211	          0.77926202	          0.50257163	          0.09146761	          0.11245603	          0.05518281	          0.23065394	          0.05879863	          0.05000003	          0.43533705	          0.13814180	          0.06255552	          0.05020607	          0.05000029	          0.05000014	          0.05359089	          0.06207491	          0.36448653	          0.62306574	          0.05000077	          0.05000756	          0.13224585	          0.54649648	          0.05886739	          0.05000019	          0.05000052	          0.05000033	          0.05000031	          0.20583191	          0.60398742	          0.05000002	          0.05000011	          0.05000003	          0.18955347	          0.13224556	          0.13224556	          0.11418181	          0.27000058	          0.29809195	          0.23522922	          0.15144519	          0.42307208	          0.21047330	          0.48270483	          0.19561770	          0.06914709	          0.09572178	          0.05000015	          0.05193009	          0.10670717	          0.05000000	          0.05000004	
          1.63666496	         -2.92056582	          2.04078759	         -5.04462978	          2.18861980	          0.90623241	          0.00183942	         28.16674427	          3.43679064	         -2.23715312	        -17.53413469	         -0.98459007	          6.09145737	        -15.05043795	        -14.22171899	          6.97945735	          4.99235173	          1.07211569	         12.63914393	          4.60405407	         -5.24536151	        -10.41515675	         20.24861569	         -3.28002027	         -1.31736129	          2.10555728	         -9.48104580	        -13.49705562	          6.07471169	          5.02099777	        -13.46135813	         19.36125455	         21.08724790	         38.51832598	         86.51662706	         86.51662706	          0.41710826	          0.42574054	          0.42689756	          0.19136170	          0.18598037	          0.17093654	          0.11337557	          0.12115920	          0.16554408	          0.05000031	          0.05000015	          0.09109776	          0.32132416	          0.43250973	          0.41586604	          0.30493657	          0.05000022	          0.05000446	          0.14412653	          0.35919561	          0.32947675	          0.36921214	          0.05000003	          0.05000004	          0.40646121	          0.05882438	          0.06529965	          0.05000004	          0.21766814	          0.22088463	          0.18823405	          0.05000001	          0.05000006	          0.05000000	          0.07223866	          0.05000027	          0.05000035	          0.58602418	          0.12380079	          0.05461533	          0.73240993	          0.84654327	          0.70807186	          0.12001366	          0.09562707	          0.05000002	          0.19613676	          0.05000003	          0.05000001	          0.37018924	          0.11746901	          0.05319416	          0.05000234	          0.05000014	          0.05000016	          0.05000004	          0.05278553	          0.38238872	          0.70107564	          0.34157237	          0.13231276	          0.11245562	          0.55567796	          0.05005842	          0.05000013	          0.05000071	          0.05000054	          0.05000077	          0.17502932	          0.54768062	          0.05000003	          0.05000014	          0.05000007	          0.17647550	          0.11245519	          0.11245519	          0.09709466	          0.22959517	          0.25348269	          0.20002732	          0.14307147	          0.35975972	          0.20050869	          0.48021864	          0.16634367	          0.05879930	          0.08139711	          0.05000011	          0.05000003	          0.13580476	          0.05000000	          0.05000004	
          1.64722409	         -2.91634115	          2.13221300	         -5.21731907	          2.20476718	          0.90627269	          0.00147447	         27.83834125	          3.64005967	         -2.13245515	        -16.71118337	         -1.25627002	          5.79129250	        -16.09883090	        -17.19432248	          5.73651015	          3.94219034	          0.94463823	         13.88838602	          4.75042833	         -5.60572694	        -10.49443245	         20.41399144	         -3.17101963	         -1.51940025	          2.17110909	         -9.97455664	        -13.52666840	          6.52689528	          4.61772524	        -13.46736036	         19.31993730	         20.60674385	         39.71718099	         86.51662706	         86.51662706	          0.46655164	          0.46219303	          0.47383403	          0.16272488	          0.15814888	          0.14535681	          0.09640901	          0.10302902	          0.14077054	          0.05000022	          0.05000035	          0.07746526	          0.33517118	          0.41642830	          0.40921302	          0.31312118	          0.05000031	          0.05001481	          0.12255859	          0.37895849	          0.34150301	          0.37345153	          0.05000010	          0.05000010	          0.36534055	          0.05002213	          0.05608408	          0.05000010	          0.35123173	          0.34628988	          0.30082829	          0.05000003	          0.05000011	          0.05000001	          0.06142826	          0.05000062	          0.05000076	          0.61216866	          0.10527434	          0.05000125	          0.80054084	          0.90994014	          0.79224821	          0.12832394	          0.08131654	          0.05000004	          0.16678503	          0.05000075	          0.05000073	          0.31479072	          0.09988993	          0.05000095	          0.05008401	          0.05000267	          0.05411247	          0.05000013	          0.05000054	          0.35713778	          0.74637309	          0.43847790	          0.11251394	          0.09562679	          0.57543691	          0.13473245	          0.05001469	          0.05003543	          0.05016219	          0.06914813	          0.14883632	          0.46732725	          0.05692287	          0.05005444	          0.05000183	          0.15006609	          0.09562636	          0.09562636	          0.08256452	          0.19523640	          0.21554918	          0.17009336	          0.17014499	          0.30592196	          0.20819156	          0.42029325	          0.14145045	          0.05000003	          0.06921611	          0.05000019	          0.34594268	          0.16294266	          0.05000002	          0.05000003	
          1.65778322	         -2.91116971	          2.20955488	         -5.34611638	          2.22061157	          0.90661546	          0.00109559	         27.44686082	          3.84512226	         -2.03678277	        -15.63986204	         -1.49184266	          5.56575736	        -17.04114764	        -20.48235251	          4.70829864	          2.67135114	          0.77991876	         15.04055184	          4.87042888	         -5.68292993	        -10.55342608	         19.65904142	         -3.08036165	         -1.71040117	          2.22593974	        -10.33367968	        -13.55477124	          7.07404534	          4.23216494	        -13.46618527	         19.26789631	         20.03355861	         40.81561193	         86.51662706	         86.51662706	          0.52275000	          0.49321781	          0.50534284	          0.13837363	          0.13448255	          0.12360588	          0.08198151	          0.08761148	          0.11970435	          0.05000024	          0.05000041	          0.06587297	          0.28501664	          0.35733013	          0.37707090	          0.31474208	          0.05000035	          0.05001617	          0.10421821	          0.38125174	          0.33711397	          0.35947538	          0.05000011	          0.05000012	          0.31840062	          0.05002793	          0.07113628	          0.05000016	          0.38902731	          0.45896294	          0.33131792	          0.05000004	          0.05000012	          0.05000001	          0.05223574	          0.05000054	          0.05000064	          0.64135376	          0.09481545	          0.05357260	          0.84927580	          0.94714615	          0.87807553	          0.12704019	          0.06914758	          0.05000005	          0.14182578	          0.05000021	          0.05000016	          0.26768260	          0.08494157	          0.05000046	          0.05372419	          0.05000039	          0.05000063	          0.05000011	          0.05000129	          0.32470837	          0.66846069	          0.37286327	          0.09567670	          0.08131635	          0.59874894	          0.31017190	          0.05933563	          0.05000475	          0.05000295	          0.05880069	          0.12656314	          0.39739205	          0.14580637	          0.05000272	          0.05000021	          0.12760891	          0.08131595	          0.08131594	          0.07020880	          0.16601940	          0.18329240	          0.14463900	          0.16283694	          0.26014096	          0.17703620	          0.35739664	          0.12028251	          0.06437373	          0.05885798	          0.05000032	          0.61615043	          0.17300486	          0.05000003	          0.05000003	
          1.66834235	         -2.90490768	          2.27523954	         -5.43837440	          2.23618154	          0.90723668	          0.00070674	         26.96615296	          4.05426808	         -1.92877977	        -14.37647811	         -1.69679457	          5.38242280	        -17.84460194	        -23.95732794	          3.92447342	          1.12122077	          0.59516065	         16.03869741	          4.95791035	         -5.46848006	        -10.60860038	         18.05606656	         -3.00063987	         -1.88902665	          2.27285899	        -10.57960420	        -13.57713495	          7.65581479	          3.86799721	        -13.46012937	         19.22085897	         19.40668075	         41.79979952	         86.51662706	         86.51662706	          0.58317061	          0.52249550	          0.52548123	          0.11766760	          0.11436207	          0.15666410	          0.06971311	          0.07451058	          0.10179075	          0.05000025	          0.05000057	          0.05601558	          0.24236520	          0.30386832	          0.35303132	          0.31605737	          0.05000032	          0.05001314	          0.08862248	          0.38289924	          0.32779623	          0.34133785	          0.05000013	          0.05000012	          0.27075286	          0.05000382	          0.08080003	          0.05000017	          0.43354371	          0.46303729	          0.37345684	          0.05000004	          0.05000011	          0.05000002	          0.05000140	          0.05000045	          0.05000055	          0.65079883	          0.08087245	          0.05039911	          0.91153232	          0.96898141	          0.92844557	          0.12044427	          0.05879969	          0.05000006	          0.12060166	          0.05000013	          0.05000012	          0.22762440	          0.07223039	          0.05000068	          0.06509756	          0.05000018	          0.05000029	          0.05000011	          0.07576694	          0.27611640	          0.56842613	          0.31706474	          0.08135892	          0.06914745	          0.62689066	          0.33732292	          0.06786692	          0.05000204	          0.05000109	          0.05000168	          0.11052567	          0.33792260	          0.23148772	          0.05001076	          0.05001558	          0.13547559	          0.06914708	          0.06914708	          0.05970211	          0.14117470	          0.15586283	          0.12299386	          0.15564832	          0.22121106	          0.15054304	          0.30391246	          0.10228238	          0.09478507	          0.05004994	          0.21520821	          0.77472847	          0.17905964	          0.05423999	          0.05000003	
          1.67890148	         -2.89765404	          2.33318885	         -5.50311635	          2.25148922	          0.90807490	          0.00031080	         26.40419438	          4.27031572	         -1.79456750	        -12.98132182	         -1.87350544	          5.20350824	        -18.52016588	        -27.48701990	          3.36171102	         -0.66003734	          0.39861957	         16.78550809	          5.01853044	         -4.95372994	        -10.67092087	         15.82770683	         -2.92878226	         -2.05501093	          2.31431390	        -10.73326058	        -13.59221484	          8.22170961	          3.53092373	        -13.45338008	         19.19199246	         18.76722942	         42.66613056	         86.51662706	         86.51662706	          0.62623380	          0.53483933	          0.52857624	          0.10006085	          0.09726242	          0.18363988	          0.05928073	          0.06952158	          0.08655796	          0.05000018	          0.05000030	          0.05000083	          0.21130374	          0.27617199	          0.32157333	          0.30108750	          0.05000040	          0.05000603	          0.07536124	          0.37543283	          0.31063093	          0.30896107	          0.05000009	          0.05000010	          0.23023618	          0.05000630	          0.08736084	          0.05000020	          0.45864941	          0.53253177	          0.36224238	          0.05000002	          0.05000007	          0.05000001	          0.05310087	          0.05000028	          0.05000033	          0.65589909	          0.07122682	          0.05312705	          0.94807996	          0.98179597	          0.95800649	          0.11633781	          0.05000036	          0.05000005	          0.10255372	          0.05001577	          0.05090283	          0.19359084	          0.07006000	          0.05881080	          0.07291443	          0.05000079	          0.05000105	          0.05000031	          0.18727164	          0.24041838	          0.48336160	          0.26961637	          0.06918375	          0.05879962	          0.63716883	          0.28685818	          0.09380009	          0.05000645	          0.05000149	          0.05000036	          0.13919874	          0.28735273	          0.23687204	          0.10359689	          0.05867574	          0.11520179	          0.05879928	          0.05879927	          0.05076773	          0.12004800	          0.13253807	          0.10458791	          0.13235588	          0.18810708	          0.12801474	          0.26619169	          0.08697590	          0.08060055	          0.06947868	          0.29530699	          0.86779374	          0.17617963	          0.07947102	          0.05000003	
          1.68946061	         -2.88970326	          2.38576660	         -5.55077069	          2.26652364	          0.90905101	         -0.00009052	         25.77685113	          4.49398681	         -1.62671157	        -11.49350066	         -2.01829471	          5.01287981	        -19.08344417	        -31.00023458	          2.96605573	         -2.20137263	          0.19888457	         17.23090793	          5.05683106	         -4.17545584	        -10.73432024	         13.46163760	         -2.86709604	         -2.20558403	          2.34882443	        -10.81204903	        -13.59987086	          8.74177073	          3.23047613	        -13.44992568	         19.18822577	         18.14879106	         43.41969069	         86.51662706	         86.51662706	          0.65975022	          0.53947625	          0.52829418	          0.08509157	          0.10275677	          0.19579491	          0.05646499	          0.08201640	          0.07864868	          0.05000020	          0.05000031	          0.05000078	          0.19454364	          0.29599256	          0.32898607	          0.29388017	          0.05000029	          0.05000468	          0.06408671	          0.37545495	          0.30066095	          0.29507101	          0.05000008	          0.05000008	          0.19578248	          0.05000588	          0.08311543	          0.05000012	          0.43126251	          0.51393316	          0.41558192	          0.05000002	          0.05000006	          0.05000001	          0.06342359	          0.05000027	          0.05000031	          0.65661900	          0.06750929	          0.05624831	          0.96952872	          0.98931651	          0.97535503	          0.11439418	          0.05000002	          0.05000007	          0.08720664	          0.05000019	          0.05000029	          0.16462052	          0.05957586	          0.05001022	          0.07853995	          0.05000073	          0.05000148	          0.05000228	          0.18509299	          0.24642545	          0.41647355	          0.22927076	          0.05883073	          0.05000042	          0.64884725	          0.43861363	          0.15624293	          0.05000200	          0.05000082	          0.05000034	          0.15054636	          0.24435064	          0.21263935	          0.09029468	          0.05001651	          0.17051948	          0.05000005	          0.05000004	          0.05000002	          0.10208294	          0.15128645	          0.08893641	          0.12810635	          0.22959894	          0.20492251	          0.29833716	          0.07396005	          0.06914780	          0.05908128	          0.25111451	          0.73792899	          0.16269583	          0.08951198	          0.05000003	
          1.70001974	         -2.88153612	          2.42891387	         -5.58708347	          2.28130149	          0.91012868	         -0.00048987	         25.09480939	          4.72028332	         -1.41850852	         -9.95335395	         -2.12827862	          4.80470684	        -19.55294478	        -34.37234334	          2.72327883	         -2.90246405	          0.00118590	         17.45436797	          5.07502368	         -3.36678762	        -10.77649724	         11.22512155	         -2.81635350	         -2.33533880	          2.37468776	        -10.82737449	        -13.59992278	          9.20461757	          2.96786307	        -13.44999358	         19.20485637	         17.56586883	         44.06254209	         86.51662706	         86.51662706	          0.68688400	          0.53134291	          0.51171671	          0.07235992	          0.08738891	          0.19898985	          0.05712686	          0.08664264	          0.07510529	          0.05000019	          0.05000031	          0.05000066	          0.18706337	          0.28725149	          0.32131667	          0.28068759	          0.05000030	          0.05000451	          0.05450568	          0.36218797	          0.28377815	          0.27437395	          0.05000007	          0.05000008	          0.16648418	          0.05000962	          0.07067978	          0.05000012	          0.48098215	          0.48377616	          0.36361374	          0.05000002	          0.05000006	          0.05000000	          0.07070074	          0.05000024	          0.05000025	          0.65818298	          0.08357355	          0.06914743	          0.82624173	          0.99373011	          0.98553639	          0.11310813	          0.05000003	          0.05000008	          0.07415625	          0.05000020	          0.05000018	          0.13998805	          0.05066098	          0.05000077	          0.07095213	          0.05000079	          0.05000070	          0.05001000	          0.20989919	          0.24440653	          0.37327862	          0.19496188	          0.05002714	          0.05000017	          0.65116169	          0.46976198	          0.16305877	          0.05000156	          0.05000059	          0.05000020	          0.16024790	          0.20778402	          0.18081815	          0.07678384	          0.05000073	          0.18264368	          0.05000004	          0.05000004	          0.05000002	          0.08680636	          0.13161567	          0.07562714	          0.12742187	          0.22030912	          0.17425785	          0.31628378	          0.06289205	          0.05879990	          0.05023997	          0.34486378	          0.73063583	          0.14796060	          0.08633674	          0.05000004	
          1.71057887	         -2.87328685	          2.46192926	         -5.61333274	          2.29586172	          0.91130443	         -0.00088147	         24.36902207	          4.94810650	         -1.16512946	         -8.38365541	         -2.21083263	          4.57595060	        -19.95497428	        -37.50213535	          2.65413046	         -3.07611879	         -0.18749801	         17.46432756	          5.08790353	         -2.61099017	        -10.77307754	          9.07761363	         -2.77441974	         -2.44579297	          2.39142292	        -10.78619161	        -13.59356098	          9.61146288	          2.73678173	        -13.45167137	         19.23291567	         17.02192540	         44.59507569	         86.51662706	         86.51662706	          0.70401388	          0.52077267	          0.49486694	          0.07116636	          0.08462627	          0.21834729	          0.06126332	          0.09158820	          0.07583787	          0.05000021	          0.05000031	          0.05000120	          0.21497592	          0.30013012	          0.32073748	          0.26924110	          0.05000029	          0.05000655	          0.05041440	          0.34906228	          0.26849710	          0.25971024	          0.05000008	          0.05000008	          0.14157011	          0.05000297	          0.06010599	          0.05000012	          0.44342944	          0.52891047	          0.39831661	          0.05000003	          0.05000007	          0.05000001	          0.09847913	          0.05000032	          0.05000027	          0.62652534	          0.07106703	          0.05879973	          0.70259536	          0.99632027	          0.99151118	          0.10726687	          0.05000004	          0.05000008	          0.06305885	          0.05000016	          0.05000014	          0.11908769	          0.05000216	          0.05000085	          0.06036169	          0.08113593	          0.05001016	          0.08025825	          0.23249590	          0.23783043	          0.37066262	          0.16578715	          0.05000109	          0.05000015	          0.64955770	          0.47661584	          0.20885547	          0.05000125	          0.05000047	          0.05000015	          0.15831756	          0.18005828	          0.15375891	          0.06529456	          0.05000073	          0.24495388	          0.05000003	          0.05000002	          0.05000001	          0.07381594	          0.11192018	          0.06430960	          0.10845137	          0.18734601	          0.14818134	          0.31810098	          0.05348035	          0.05000059	          0.05000044	          0.36517960	          0.65190831	          0.13820357	          0.08905335	          0.05000005	
          1.72113799	         -2.86531855	          2.48592436	         -5.62963210	          2.31022775	          0.91257650	         -0.00126231	         23.59577268	          5.17639565	         -0.86812895	         -6.78722046	         -2.27014346	          4.32941843	        -20.28983866	        -40.36157532	          2.80722754	         -2.92025067	         -0.36186673	         17.28740335	          5.10773013	         -1.91300391	        -10.71229318	          7.03247559	         -2.74075189	         -2.53958450	          2.39842838	        -10.69211197	        -13.58275244	          9.96999688	          2.53187501	        -13.45437694	         19.26589031	         16.51980044	         45.02241190	         86.51662706	         86.51662706	          0.71458026	          0.50928806	          0.47718599	          0.16120174	          0.16280509	          0.25470237	          0.06511041	          0.09524565	          0.07662907	          0.05000020	          0.05000030	          0.05000079	          0.18280653	          0.26468870	          0.30192597	          0.25472117	          0.05000030	          0.05000483	          0.05005757	          0.33539768	          0.25195023	          0.24096787	          0.05000007	          0.05000007	          0.12038436	          0.05000238	          0.05111566	          0.05000011	          0.47762695	          0.55365813	          0.41626263	          0.05000005	          0.05000013	          0.05000003	          0.14206714	          0.05887331	          0.05546340	          0.57514705	          0.06043194	          0.05000046	          0.59745248	          0.95849909	          0.85102700	          0.10205191	          0.05000004	          0.05000009	          0.05362221	          0.05000016	          0.05000012	          0.15243888	          0.05000269	          0.05000069	          0.05212185	          0.11127854	          0.05054390	          0.09341379	          0.23496666	          0.22759001	          0.36240769	          0.14097833	          0.05000152	          0.05000015	          0.64242542	          0.46195173	          0.23027496	          0.05000117	          0.05000041	          0.05000013	          0.15044428	          0.15979257	          0.13074905	          0.05552490	          0.05000043	          0.28590648	          0.05000003	          0.05000003	          0.05000002	          0.06357184	          0.09561027	          0.05468575	          0.11165912	          0.19587102	          0.13055394	          0.31847460	          0.05000012	          0.05000007	          0.05000049	          0.37732632	          0.56601920	          0.12657678	          0.08989071	          0.05000005	
          1.73169712	         -2.85848286	          2.49938360	         -5.63561335	          2.32440379	          0.91397123	         -0.00162714	         22.76315291	          5.39941156	         -0.53362808	         -5.16396701	         -2.30760957	          4.06448917	        -20.53626902	        -42.93373180	          3.19509052	         -2.53495807	         -0.52893206	         16.94930628	          5.11341534	         -1.25359355	        -10.61640477	          5.10052507	         -2.71705071	         -2.61662609	          2.39499571	        -10.54279059	        -13.56794311	         10.29157575	          2.35252555	        -13.45617443	         19.30031406	         16.05539892	         45.34226154	         86.51662706	         86.51662706	          0.71530520	          0.49091882	          0.45126431	          0.24502206	          0.23373796	          0.28588542	          0.07202796	          0.10168203	          0.07944545	          0.05000021	          0.05000031	          0.05000064	          0.15545031	          0.22860123	          0.27637273	          0.23699783	          0.05000032	          0.05000369	          0.05000947	          0.31592302	          0.23100153	          0.21639404	          0.05000007	          0.05000008	          0.10236902	          0.05000200	          0.05000670	          0.05000011	          0.48914293	          0.56831847	          0.42681360	          0.05000008	          0.05000022	          0.05000006	          0.14287355	          0.05008879	          0.05450573	          0.51972884	          0.05138846	          0.05000024	          0.50804418	          0.81507267	          0.75154108	          0.09493605	          0.05000004	          0.05000010	          0.05000023	          0.05000014	          0.05000010	          0.19864680	          0.05000240	          0.05000059	          0.06058491	          0.13644701	          0.09840083	          0.11075576	          0.23134803	          0.21737588	          0.35832033	          0.11988211	          0.05000137	          0.05000014	          0.63011810	          0.44245585	          0.25192729	          0.05000100	          0.05000034	          0.05000010	          0.13968676	          0.14403718	          0.11118259	          0.05000316	          0.05000038	          0.31204525	          0.05000003	          0.05000003	          0.05000002	          0.05656854	          0.08130381	          0.05000004	          0.10731337	          0.20532454	          0.11899303	          0.32060667	          0.05000026	          0.05000012	          0.05696559	          0.38048255	          0.52168965	          0.11824850	          0.08951608	          0.05000006	
          1.74225625	         -2.85362451	          2.50107859	         -5.63045837	          2.33838410	          0.91550996	         -0.00197364	         21.86142242	          5.61224089	         -0.16529016	         -3.50875283	         -2.32382346	          3.78205096	        -20.66026083	        -45.22193185	          3.73030579	         -1.99028136	         -0.67260396	         16.47399660	          5.08351213	         -0.62542540	        -10.51589234	          3.28793390	         -2.70596965	         -2.67674944	          2.38084504	        -10.33411570	        -13.54949127	         10.58905503	          2.19949055	        -13.45561361	         19.33308370	         15.62451496	         45.55250196	         86.51662706	         86.51662706	          0.70789536	          0.46603938	          0.41905129	          0.30183300	          0.28507692	          0.31705961	          0.08077943	          0.11218127	          0.08412214	          0.05000029	          0.05000032	          0.05000061	          0.13218776	          0.19451066	          0.24615839	          0.21957293	          0.05000034	          0.05000374	          0.05670684	          0.29201003	          0.20730161	          0.19068231	          0.05000007	          0.05000008	          0.08704966	          0.05000176	          0.05000875	          0.05000008	          0.49051162	          0.57045932	          0.42806238	          0.05000008	          0.05000021	          0.05000006	          0.15336184	          0.05002403	          0.05002149	          0.47223820	          0.05000035	          0.05000022	          0.43201579	          0.73698001	          0.64574883	          0.08982869	          0.05000005	          0.05000010	          0.05000035	          0.05000015	          0.05000010	          0.22108501	          0.05000223	          0.05000055	          0.06576647	          0.15043539	          0.08400842	          0.12936641	          0.22636020	          0.20530992	          0.34775482	          0.10194272	          0.05000150	          0.05000015	          0.61439921	          0.41813350	          0.27223058	          0.05000095	          0.05000030	          0.05000010	          0.12861960	          0.13102553	          0.09454424	          0.05000318	          0.05000034	          0.32241526	          0.05000003	          0.05000003	          0.05000002	          0.05001142	          0.06913735	          0.05000004	          0.09146368	          0.22008570	          0.12125007	          0.32577971	          0.05000041	          0.05000012	          0.08799574	          0.37450962	          0.52688390	          0.10994292	          0.08979710	          0.05000007	
          1.75281538	         -2.85112583	          2.48909362	         -5.61368723	          2.35217393	          0.91717959	         -0.00229970	         20.88268809	          5.80875668	          0.23249070	         -1.81845322	         -2.31847940	          3.48330874	        -20.63308280	        -47.23813887	          4.31956586	         -1.33565770	         -0.78473653	         15.88525610	          5.02286983	         -0.03056855	        -10.41209606	          1.59890070	         -2.70898790	         -2.71880550	          2.35570987	        -10.06744351	        -13.52868077	         10.87106706	          2.07091292	        -13.45337009	         19.36140979	         15.22994798	         45.65836116	         86.51662706	         86.51662706	          0.69508098	          0.43897638	          0.38090629	          0.36138097	          0.33837520	          0.34663520	          0.08641899	          0.11997418	          0.08749852	          0.05000061	          0.05000037	          0.05000054	          0.11240631	          0.16547603	          0.22017757	          0.20613068	          0.05000034	          0.05000333	          0.05884592	          0.26982355	          0.18536297	          0.16983049	          0.05000008	          0.05000008	          0.07402283	          0.05000164	          0.05000485	          0.05000007	          0.47729922	          0.55667545	          0.41715082	          0.05000006	          0.05000015	          0.05000002	          0.16159320	          0.05003741	          0.05003113	          0.42053858	          0.05000044	          0.05000024	          0.36736505	          0.64865684	          0.54911514	          0.08568881	          0.05000005	          0.05000011	          0.05000041	          0.05000014	          0.05000009	          0.26194914	          0.05000237	          0.05000053	          0.06242156	          0.14895995	          0.07144001	          0.14784667	          0.22096707	          0.19170983	          0.33363235	          0.08668772	          0.05000139	          0.05000014	          0.59678447	          0.39418852	          0.28663686	          0.05000083	          0.05000025	          0.05000009	          0.11862410	          0.12055924	          0.08039581	          0.05000223	          0.05000031	          0.31783175	          0.05000003	          0.05000003	          0.05000002	          0.05000025	          0.05879124	          0.05000002	          0.07777720	          0.20909167	          0.10311587	          0.32732208	          0.05000022	          0.05000010	          0.09863072	          0.36850909	          0.54719461	          0.10318430	          0.08800924	          0.05000008	
          1.76337451	         -2.85087713	          2.46194559	         -5.58466731	          2.36578813	          0.91893907	         -0.00260386	         19.82626627	          5.98310336	          0.65436666	         -0.09346563	         -2.29203717	          3.17022725	        -20.44597148	        -48.99798709	          4.90056228	         -0.60322416	         -0.86427190	         15.20534399	          4.94134839	          0.52841986	        -10.28735982	          0.03367717	         -2.72631813	         -2.74213987	          2.31940589	         -9.74765905	        -13.50744337	         11.14159710	          1.96280298	        -13.45109907	         19.38166430	         14.87785968	         45.66936754	         86.51662706	         86.51662706	          0.67854168	          0.41575182	          0.34056305	          0.42798953	          0.39368015	          0.37632557	          0.08706223	          0.11945291	          0.08723939	          0.05000023	          0.05000031	          0.05000047	          0.09558513	          0.14704642	          0.21991089	          0.19727324	          0.05000036	          0.05000269	          0.05004257	          0.25446288	          0.17094361	          0.15958987	          0.05000007	          0.05000007	          0.06294548	          0.05000127	          0.05000277	          0.05000009	          0.44881894	          0.52599440	          0.39301460	          0.05000017	          0.05000044	          0.05000826	          0.17107442	          0.05000102	          0.05000186	          0.37099164	          0.05000055	          0.05000041	          0.31238929	          0.56668860	          0.46694128	          0.08234533	          0.05000006	          0.05000011	          0.05000048	          0.05000014	          0.05000009	          0.30736237	          0.05000276	          0.05000053	          0.05382118	          0.13224558	          0.06075006	          0.16568336	          0.21691464	          0.17953491	          0.31268277	          0.07371549	          0.05000125	          0.05000014	          0.57656539	          0.37388891	          0.29575730	          0.05000073	          0.05000021	          0.05000008	          0.11036372	          0.11198647	          0.06836471	          0.05000212	          0.05000031	          0.29997477	          0.05000004	          0.05000004	          0.05000002	          0.05000024	          0.05000040	          0.05000003	          0.06617172	          0.18451980	          0.08769210	          0.33048189	          0.05000022	          0.05000010	          0.09715964	          0.36109519	          0.54951892	          0.09882498	          0.08404924	          0.05000009	
          1.77393364	         -2.85240033	          2.41911147	         -5.54210506	          2.37924601	          0.92073344	         -0.00288571	         18.69935512	          6.13052420	          1.09301714	          1.66259361	         -2.24629825	          2.84538909	        -20.10885193	        -50.51715112	          5.43334819	          0.18395982	         -0.91324843	         14.45478268	          4.86118613	          1.04774436	        -10.12133358	         -1.40665278	         -2.75720136	         -2.74728126	          2.27197317	         -9.38037101	        -13.48771489	         11.39994441	          1.87007115	        -13.44991283	         19.38764709	         14.57387622	         45.59508652	         86.51662706	         86.51662706	          0.65931947	          0.39820899	          0.30327185	          0.51260242	          0.45466066	          0.40407805	          0.08681356	          0.11799309	          0.08659463	          0.05000027	          0.05000032	          0.05000040	          0.08128117	          0.12507558	          0.20410546	          0.19286030	          0.05000037	          0.05000229	          0.05000496	          0.24404092	          0.16102061	          0.15344373	          0.05000007	          0.05000007	          0.05352591	          0.05000110	          0.05000224	          0.05000009	          0.40668287	          0.48042151	          0.35714322	          0.05000007	          0.05000018	          0.06265711	          0.17902967	          0.05000465	          0.05000405	          0.33328301	          0.05000110	          0.05031197	          0.26564102	          0.53207131	          0.39706423	          0.07979486	          0.05000006	          0.05000012	          0.05000063	          0.05000015	          0.05000009	          0.36149331	          0.05000508	          0.05000057	          0.05011838	          0.11245522	          0.05165966	          0.18333453	          0.21370586	          0.16831219	          0.28380493	          0.06268451	          0.05000100	          0.05000013	          0.55534908	          0.35349472	          0.29821902	          0.05000063	          0.05000018	          0.05000007	          0.10461282	          0.10628389	          0.05813411	          0.05000196	          0.05000031	          0.27245579	          0.05000005	          0.05000004	          0.05000003	          0.05000012	          0.05000030	          0.05000002	          0.05917582	          0.15690889	          0.07457512	          0.33571477	          0.05000021	          0.05000009	          0.11708619	          0.35421269	          0.55737497	          0.09600477	          0.07641006	          0.05000010	
          1.78449277	         -2.85500655	          2.36082640	         -5.48386318	          2.39256638	          0.92250284	         -0.00314508	         17.51517126	          6.24795578	          1.54135851	          3.44442470	         -2.18394500	          2.51199161	        -19.64243845	        -51.81228332	          5.88328433	          1.00983652	         -0.94163769	         13.65215561	          4.78833968	          1.52316848	         -9.89912045	         -2.71489716	         -2.80038099	         -2.73603303	          2.21382665	         -8.97036401	        -13.47128793	         11.64092881	          1.78717867	        -13.44970717	         19.36980897	         14.32204996	         45.44371053	         86.51662706	         86.51662706	          0.63765408	          0.38407194	          0.27104260	          0.59834271	          0.50673228	          0.42663649	          0.08058629	          0.10959025	          0.08190057	          0.05000018	          0.05000029	          0.05000032	          0.06911783	          0.10638910	          0.20402878	          0.19176174	          0.05000040	          0.05000180	          0.05000160	          0.23948858	          0.15751259	          0.15364566	          0.05000006	          0.05000006	          0.05000039	          0.05000089	          0.05000178	          0.05000013	          0.35944022	          0.42732047	          0.31590580	          0.05000006	          0.05000013	          0.08248654	          0.18638118	          0.05000625	          0.05000320	          0.30243233	          0.05000240	          0.06142539	          0.22589688	          0.47339977	          0.33764410	          0.07792027	          0.05000006	          0.05000011	          0.05000051	          0.05000016	          0.05000010	          0.38671575	          0.05000548	          0.05000060	          0.05004960	          0.09562642	          0.05000092	          0.20122656	          0.21245235	          0.16016051	          0.24830080	          0.05330454	          0.05000087	          0.05000012	          0.53307301	          0.33661970	          0.29450796	          0.05000056	          0.05000016	          0.05000007	          0.10195060	          0.10393073	          0.05000043	          0.05000211	          0.05000031	          0.23518476	          0.05000006	          0.05000005	          0.05000004	          0.05000011	          0.05000026	          0.05000002	          0.05391494	          0.13342803	          0.06342313	          0.34024761	          0.05000023	          0.05000010	          0.14260769	          0.34719317	          0.56353743	          0.09584000	          0.06654370	          0.05000010	
          1.79505190	         -2.85791129	          2.28763118	         -5.40721538	          2.40576696	          0.92419138	         -0.00338179	         16.28799897	          6.33439421	          1.99427216	          5.24641000	         -2.10719256	          2.17303888	        -19.07497622	        -52.90293259	          6.25586246	          1.86423064	         -0.95885269	         12.81713961	          4.71426284	          1.94882536	         -9.62515513	         -3.87994463	         -2.85411690	         -2.71072623	          2.14585236	         -8.52121913	        -13.45941892	         11.85625631	          1.70865470	        -13.44980121	         19.31819453	         14.12449010	         45.22157412	         86.51662706	         86.51662706	          0.61378009	          0.37122337	          0.24562875	          0.64213091	          0.54023527	          0.44297340	          0.07103389	          0.09569522	          0.07511262	          0.05000013	          0.05000026	          0.05000026	          0.05877493	          0.09048869	          0.19668959	          0.19189205	          0.05000042	          0.05000143	          0.05000091	          0.23831929	          0.15834529	          0.15819876	          0.05000005	          0.05000005	          0.05000046	          0.05000081	          0.05000133	          0.05000015	          0.32089030	          0.37545677	          0.27834541	          0.05000005	          0.05000012	          0.10055451	          0.19374607	          0.05000755	          0.05000391	          0.27670800	          0.06728556	          0.07582543	          0.19251936	          0.40275594	          0.28711611	          0.07591939	          0.05000006	          0.05000010	          0.05000294	          0.05000016	          0.05000009	          0.35370109	          0.05024136	          0.05000064	          0.05002115	          0.08131603	          0.05000055	          0.22069355	          0.21284249	          0.15503545	          0.21412610	          0.05000104	          0.05000068	          0.05000011	          0.50828522	          0.32617731	          0.28451504	          0.05000046	          0.05000013	          0.05000006	          0.10175156	          0.10337420	          0.05000037	          0.05000145	          0.05000028	          0.19998955	          0.05000007	          0.05000007	          0.05000004	          0.05000008	          0.05000019	          0.05000001	          0.05001855	          0.11346079	          0.05394837	          0.34475628	          0.05000020	          0.05000009	          0.16548213	          0.34293025	          0.57253168	          0.09694429	          0.05667719	          0.05000010	
          1.80561102	         -2.86044742	          2.20023346	         -5.30961091	          2.41886504	          0.92575550	         -0.00359507	         15.02713080	          6.39034212	          2.44964380	          7.06272101	         -2.01732715	          1.82894906	        -18.42904165	        -53.80858953	          6.57881770	          2.74030714	         -0.97194535	         11.96677368	          4.63463520	          2.31626276	         -9.30756841	         -4.88754414	         -2.91634086	         -2.67366548	          2.06916744	         -8.03578135	        -13.45251111	         12.03671997	          1.63008666	        -13.44981287	         19.22713462	         13.98168266	         44.93279006	         86.51662706	         86.51662706	          0.58642545	          0.35865177	          0.23179896	          0.65908890	          0.55974722	          0.46190704	          0.06108482	          0.08138155	          0.06756494	          0.05000010	          0.05000025	          0.05000024	          0.05000133	          0.07695561	          0.16727993	          0.18759151	          0.05000050	          0.05000129	          0.05000067	          0.23445808	          0.15652621	          0.15610320	          0.05000005	          0.05000005	          0.05000040	          0.05000080	          0.05000148	          0.05257946	          0.29396781	          0.33230061	          0.25030944	          0.05000011	          0.05000017	          0.11797026	          0.20183342	          0.05000284	          0.05000291	          0.25250972	          0.09047096	          0.08685227	          0.16371312	          0.35091406	          0.24414963	          0.07372353	          0.05000006	          0.05000010	          0.05000320	          0.05000016	          0.05000009	          0.30077071	          0.05827188	          0.05000068	          0.05001214	          0.06914718	          0.05000036	          0.24160198	          0.21413496	          0.15142334	          0.18765965	          0.05000101	          0.05000057	          0.05000010	          0.48149553	          0.31632869	          0.27364215	          0.05000039	          0.05000011	          0.05000005	          0.10069891	          0.10273467	          0.05000034	          0.05000159	          0.05000029	          0.17006126	          0.05000008	          0.05000008	          0.05000005	          0.05000010	          0.05000023	          0.05000002	          0.05000069	          0.09648156	          0.05000551	          0.34688084	          0.05000014	          0.05000010	          0.21582321	          0.33991999	          0.57437650	          0.09772825	          0.05225078	          0.05000011	
          1.81617015	         -2.86223081	          2.09976914	         -5.18990844	          2.43187672	          0.92716741	         -0.00378465	         13.73502570	          6.41665598	          2.90686916	          8.88699269	         -1.91582260	          1.48061254	        -17.71287645	        -54.54450842	          6.86837152	          3.62950439	         -0.98549295	         11.11856766	          4.55901678	          2.61596605	         -8.95463618	         -5.71628735	         -2.98516463	         -2.62666083	          1.98472680	         -7.51722665	        -13.44984871	         12.17454414	          1.54896169	        -13.44975699	         19.09565088	         13.89397082	         44.57953439	         86.51662706	         86.51662706	          0.55854650	          0.34991343	          0.23148733	          0.67358538	          0.57845649	          0.48259154	          0.05707309	          0.06963232	          0.06430818	          0.05000010	          0.05000027	          0.05000020	          0.05000086	          0.06544344	          0.14225060	          0.18390497	          0.05000053	          0.05000111	          0.05000060	          0.23172275	          0.15417234	          0.15338623	          0.05000005	          0.05000005	          0.05000035	          0.05000079	          0.05000181	          0.07722454	          0.26934186	          0.29630964	          0.22628199	          0.06963891	          0.05000015	          0.13278937	          0.20969099	          0.05001205	          0.05000560	          0.23370660	          0.10450195	          0.09484905	          0.15060694	          0.35032348	          0.20761314	          0.07064314	          0.05000006	          0.05000010	          0.05000210	          0.05000017	          0.05000010	          0.25576081	          0.05966199	          0.05000071	          0.05000677	          0.05879940	          0.05000026	          0.26109281	          0.21608811	          0.14647337	          0.16971111	          0.05000090	          0.05000053	          0.05000010	          0.45319375	          0.30752239	          0.25285605	          0.05000034	          0.05000010	          0.05000005	          0.09832905	          0.10047998	          0.05000037	          0.05000178	          0.05000031	          0.14461171	          0.05000009	          0.05000009	          0.05000007	          0.05000006	          0.05000014	          0.05000001	          0.05000046	          0.08204322	          0.05000063	          0.34611892	          0.05000216	          0.05000015	          0.28482399	          0.33916088	          0.58792057	          0.09763369	          0.05228930	          0.05000011	
          1.82672928	         -2.86316502	          1.98770239	         -5.04825052	          2.44481631	          0.92841453	         -0.00395168	         12.41057245	          6.41429772	          3.36559382	         10.71114316	         -1.80475402	          1.13008877	        -16.92591545	        -55.11864737	          7.12950895	          4.52117924	         -1.00355219	         10.28422512	          4.48926054	          2.84378293	         -8.57552246	         -6.34682469	         -3.05921023	         -2.57085169	          1.89321409	         -6.96919446	        -13.44999265	         12.26626252	          1.46417386	        -13.44975409	         18.92493047	         13.86247730	         44.16296624	         86.51662706	         86.51662706	          0.52950372	          0.34278587	          0.23970891	          0.68454196	          0.59943855	          0.50754118	          0.05228306	          0.05922178	          0.05951288	          0.05000011	          0.05000029	          0.05000018	          0.05000062	          0.05565524	          0.12096483	          0.17488348	          0.05000059	          0.05000099	          0.05000055	          0.22806193	          0.15039934	          0.14628606	          0.05000005	          0.05000005	          0.05000034	          0.05000086	          0.05000730	          0.09918128	          0.24656608	          0.26493441	          0.20511901	          0.09705400	          0.05000010	          0.14690541	          0.21809296	          0.05000426	          0.05000348	          0.21100990	          0.11719914	          0.10307377	          0.13293216	          0.33487191	          0.17654484	          0.06741692	          0.05000006	          0.05000010	          0.05000198	          0.05000017	          0.05000010	          0.21748650	          0.05258222	          0.05000075	          0.05000529	          0.05000030	          0.05000020	          0.27858664	          0.21329600	          0.14392561	          0.15689304	          0.05000079	          0.05000048	          0.05000009	          0.42507007	          0.29496909	          0.21503953	          0.05000030	          0.05000009	          0.05000005	          0.09648129	          0.09950624	          0.05000032	          0.05000154	          0.05000034	          0.12297068	          0.05000010	          0.05000010	          0.05000007	          0.05000005	          0.05000013	          0.05000001	          0.05000016	          0.06976557	          0.05000061	          0.33893629	          0.05000009	          0.05000019	          0.33358314	          0.34868153	          0.60081625	          0.09681998	          0.05366863	          0.05000012	
          1.83728841	         -2.86333265	          1.86563135	         -4.88541451	          2.45769596	          0.92949708	         -0.00409765	         11.05332696	          6.38408682	          3.82551118	         12.52550869	         -1.68647759	          0.78067232	        -16.06724303	        -55.53164065	          7.36050950	          5.39593390	         -1.02748044	          9.47456286	          4.42242208	          2.99639383	         -8.18473296	         -6.77483726	         -3.13754450	         -2.50712225	          1.79518466	         -6.39543670	        -13.45162793	         12.31482813	          1.37547150	        -13.44977958	         18.71733214	         13.88938320	         43.68359689	         86.51662706	         86.51662706	          0.50059291	          0.33527657	          0.24601552	          0.69875286	          0.62317485	          0.52665883	          0.05000205	          0.05036204	          0.05299229	          0.05000010	          0.05000030	          0.05000016	          0.05000046	          0.05000839	          0.10286383	          0.16224291	          0.05000175	          0.05000087	          0.05000047	          0.22409157	          0.14575118	          0.13399581	          0.05000005	          0.05000005	          0.05000032	          0.05000088	          0.07180898	          0.11999491	          0.22554348	          0.23730491	          0.18666228	          0.12678450	          0.05000662	          0.16019317	          0.22675665	          0.05000321	          0.05000327	          0.18054089	          0.11957356	          0.10801944	          0.11304209	          0.32152594	          0.15013279	          0.06395979	          0.05000006	          0.05000010	          0.05000028	          0.05000017	          0.05000012	          0.18493987	          0.05000426	          0.05000075	          0.05000353	          0.05000018	          0.05000015	          0.28444231	          0.21985949	          0.14335193	          0.14178080	          0.05000080	          0.05000044	          0.05000009	          0.39795891	          0.29213381	          0.18286033	          0.05000029	          0.05000009	          0.05000005	          0.09605556	          0.10006866	          0.05000071	          0.05000954	          0.05000051	          0.10456822	          0.05000012	          0.05000012	          0.05000009	          0.05000008	          0.05000016	          0.05000002	          0.05000011	          0.05932529	          0.05000049	          0.34250557	          0.05011591	          0.05000070	          0.40947721	          0.33954614	          0.56076428	          0.09627869	          0.05726397	          0.05000012	
          1.84784754	         -2.86292606	          1.73445288	         -4.70248237	          2.47052803	          0.93042390	         -0.00422451	          9.66223100	          6.32566671	          4.28486405	         14.31862002	         -1.56265898	          0.43630356	        -15.13416353	        -55.78017788	          7.55481013	          6.24047325	         -1.05746055	          8.69811675	          4.36077905	          3.08792271	         -7.78992757	         -7.04925315	         -3.21933874	         -2.43517691	          1.69109734	         -5.80018182	        -13.45352489	         12.32847909	          1.28286263	        -13.44990388	         18.47589602	         13.97799400	         43.14167192	         86.51662706	         86.51662706	          0.47136762	          0.32791859	          0.25011761	          0.71397074	          0.64251995	          0.53952847	          0.05000133	          0.05000207	          0.05001023	          0.05000011	          0.05000034	          0.05000014	          0.05000035	          0.05000457	          0.08747141	          0.14868168	          0.09320930	          0.05000076	          0.05000045	          0.22002811	          0.14182846	          0.12413276	          0.05000005	          0.05000006	          0.05000031	          0.05000096	          0.12022583	          0.13793085	          0.20360370	          0.21040335	          0.16846747	          0.15533547	          0.09680350	          0.17120179	          0.23473330	          0.05000557	          0.05000402	          0.15352348	          0.12743509	          0.11468415	          0.11934976	          0.31086504	          0.14265973	          0.06088341	          0.05000006	          0.05000010	          0.05000027	          0.05000017	          0.05000013	          0.15726381	          0.05000267	          0.05000075	          0.05000282	          0.05000016	          0.05000012	          0.27155499	          0.22531980	          0.14332561	          0.12358677	          0.05000071	          0.05000040	          0.05000008	          0.37127249	          0.28408687	          0.15549592	          0.05000026	          0.05000009	          0.05000005	          0.09731168	          0.10155485	          0.05000075	          0.05002250	          0.05000059	          0.08891968	          0.05000014	          0.05000014	          0.05000010	          0.05000005	          0.05000010	          0.05000001	          0.05000011	          0.05044745	          0.05000052	          0.34659299	          0.05883390	          0.05000057	          0.44527114	          0.34092779	          0.55049088	          0.09602441	          0.05950675	          0.05000013	
          1.85840667	         -2.86211949	          1.59485307	         -4.50046708	          2.48332733	          0.93120845	         -0.00433433	          8.23778216	          6.23871694	          4.74141658	         16.07492977	         -1.43517812	          0.10005242	        -14.12758051	        -55.85080053	          7.70787972	          7.03684131	         -1.09376068	          7.95685768	          4.30209860	          3.14082807	         -7.39607507	         -7.22064706	         -3.30341024	         -2.35456812	          1.58152709	         -5.18796771	        -13.45464366	         12.31849832	          1.18593070	        -13.45003872	         18.20361823	         14.13159200	         42.53708748	         86.51662706	         86.51662706	          0.44022111	          0.31755264	          0.25063713	          0.71910591	          0.64715358	          0.54489891	          0.05000156	          0.05000197	          0.05000732	          0.05000011	          0.05000036	          0.05000012	          0.05000030	          0.05000330	          0.07438252	          0.13232181	          0.13899070	          0.05000068	          0.05000041	          0.21524637	          0.13946851	          0.11443543	          0.05000005	          0.05000005	          0.05000027	          0.05000092	          0.16102358	          0.15338932	          0.17542446	          0.17893687	          0.14945200	          0.18687164	          0.14449805	          0.18152468	          0.24270678	          0.05000229	          0.05000237	          0.13054890	          0.14101559	          0.12218851	          0.11608713	          0.30219263	          0.14416484	          0.05849211	          0.05000006	          0.05000010	          0.05000020	          0.05000017	          0.05000014	          0.13372945	          0.05000141	          0.05000071	          0.05000212	          0.05000014	          0.05000010	          0.25152414	          0.22951487	          0.14301218	          0.11226481	          0.05000077	          0.05000040	          0.05000008	          0.34442667	          0.27527621	          0.13222629	          0.05000025	          0.05000009	          0.05000006	          0.09660566	          0.10125201	          0.05000181	          0.06035923	          0.05000071	          0.07561296	          0.05000021	          0.05000021	          0.05000016	          0.05000005	          0.05000011	          0.05000001	          0.05000010	          0.05000045	          0.05000046	          0.34848121	          0.06924919	          0.05000167	          0.47318908	          0.34135184	          0.53438148	          0.09553805	          0.06108896	          0.05000013	
          1.86896580	         -2.86107388	          1.44736658	         -4.28007824	          2.49610968	          0.93186134	         -0.00442851	          6.78266818	          6.12306183	          5.19285932	         17.77602973	         -1.30538968	         -0.22508051	        -13.05319306	        -55.72335586	          7.82033620	          7.76792064	         -1.13359812	          7.25616476	          4.24276843	          3.17200353	         -7.01098441	         -7.33025628	         -3.38836770	         -2.26507589	          1.46699400	         -4.56343379	        -13.45445284	         12.29794188	          1.08388599	        -13.45002826	         17.90341992	         14.35306397	         41.87021030	         86.51662706	         86.51662706	          0.40626471	          0.30161994	          0.24768754	          0.69671132	          0.63408317	          0.54223595	          0.05000791	          0.05000283	          0.05013218	          0.05000012	          0.05000042	          0.05000012	          0.05000030	          0.05000289	          0.06325267	          0.11252065	          0.18271250	          0.05000068	          0.05000043	          0.20226429	          0.13226522	          0.09731263	          0.05000006	          0.05000006	          0.05000028	          0.05000100	          0.20006000	          0.15099428	          0.14917270	          0.15215942	          0.12708722	          0.21851499	          0.19086162	          0.19031502	          0.25119969	          0.05000173	          0.05000208	          0.11101239	          0.15355841	          0.12868231	          0.10706911	          0.29555955	          0.15697506	          0.05518004	          0.05000007	          0.05000011	          0.05000021	          0.05000017	          0.05000014	          0.11371699	          0.05000153	          0.05000073	          0.05000160	          0.05000012	          0.05000008	          0.21388380	          0.23504057	          0.14561733	          0.10983527	          0.05000067	          0.05000037	          0.05000009	          0.31902752	          0.27035048	          0.11243887	          0.05000023	          0.05000008	          0.05000006	          0.09734117	          0.10180986	          0.05000092	          0.11268734	          0.05000088	          0.06429767	          0.05000025	          0.05000026	          0.05000021	          0.05000005	          0.05000010	          0.05000001	          0.05000010	          0.05000054	          0.05000044	          0.35134288	          0.08115644	          0.05000233	          0.48373300	          0.34132801	          0.51311022	          0.09402059	          0.05947079	          0.05000016	
          1.87952493	         -2.85990859	          1.29327264	         -4.04156903	          2.50888948	          0.93238476	         -0.00450828	          5.30177843	          5.97967881	          5.63689095	         19.40212634	         -1.17492112	         -0.53744702	        -11.92068918	        -55.37274097	          7.89185717	          8.41659708	         -1.17361074	          6.59937449	          4.18011667	          3.19244143	         -6.63403754	         -7.40761979	         -3.47300199	         -2.16779267	          1.34815728	         -3.93040825	        -13.45314643	         12.28125171	          0.97556151	        -13.44978910	         17.57789794	         14.64401942	         41.14273012	         86.51662706	         86.51662706	          0.36398470	          0.27791837	          0.23988374	          0.66748139	          0.61250201	          0.52826627	          0.05000077	          0.05000095	          0.05000069	          0.05000015	          0.05000050	          0.05000012	          0.05000025	          0.05000207	          0.05378926	          0.09568220	          0.22689453	          0.05000063	          0.05000043	          0.18836442	          0.11722626	          0.08275029	          0.05000007	          0.05000007	          0.05000027	          0.05000119	          0.23230266	          0.12839860	          0.12684926	          0.12938900	          0.10806889	          0.25041439	          0.23559165	          0.19739106	          0.25948804	          0.05000154	          0.05000242	          0.09439950	          0.16317126	          0.13394141	          0.09104882	          0.29113569	          0.17548080	          0.05246714	          0.05000006	          0.05000010	          0.05000015	          0.05000017	          0.05000017	          0.09669938	          0.05000086	          0.05000065	          0.05000115	          0.05000010	          0.05000006	          0.18187627	          0.23645345	          0.15376288	          0.11189008	          0.05000081	          0.05000039	          0.05000009	          0.30047069	          0.25937645	          0.09561260	          0.05000024	          0.05000009	          0.05000007	          0.10301812	          0.10815288	          0.05399649	          0.17032650	          0.05000096	          0.05756187	          0.05000038	          0.05000039	          0.05000028	          0.05000005	          0.05000011	          0.05000001	          0.05000011	          0.05000052	          0.05000045	          0.35228050	          0.09099201	          0.05000344	          0.47998314	          0.34032182	          0.48605375	          0.09292736	          0.05923426	          0.05000013	
          1.89008406	         -2.85864491	          1.13487173	         -3.78557369	          2.52167609	          0.93276815	         -0.00457546	          3.80248179	          5.81135753	          6.07069650	         20.93780792	         -1.04550567	         -0.83507477	        -10.74414746	        -54.78145557	          7.92206841	          8.96908573	         -1.21277087	          5.99037447	          4.11364912	          3.20958912	         -6.25985279	         -7.47252680	         -3.55658046	         -2.06491854	          1.22577177	         -3.29150613	        -13.45136986	         12.28401809	          0.86043418	        -13.44973670	         17.23006699	         15.00380793	         40.35802306	         86.51662706	         86.51662706	          0.32422777	          0.25291623	          0.22862629	          0.61169474	          0.57600999	          0.50808967	          0.05000203	          0.05000131	          0.05000106	          0.05000019	          0.05000069	          0.05000012	          0.05000024	          0.05000182	          0.05000510	          0.08136358	          0.26215525	          0.05000065	          0.05000047	          0.16028355	          0.09969092	          0.07036707	          0.05000009	          0.05000009	          0.05000032	          0.05000168	          0.25366733	          0.10918391	          0.10786645	          0.11002612	          0.09189656	          0.28232552	          0.27932447	          0.20284570	          0.26705033	          0.05000157	          0.05000346	          0.08027272	          0.16916328	          0.13795524	          0.07742498	          0.28804235	          0.19234786	          0.05167180	          0.05000006	          0.05000010	          0.05000016	          0.05000017	          0.05000017	          0.08222845	          0.05000090	          0.05000064	          0.05000090	          0.05000009	          0.05000006	          0.15465863	          0.23767327	          0.15943763	          0.13300781	          0.05000093	          0.05000042	          0.05000009	          0.27862293	          0.24941722	          0.08130436	          0.05000023	          0.05000009	          0.05000007	          0.10539605	          0.11124162	          0.08036653	          0.18420126	          0.05000096	          0.05362600	          0.05000059	          0.05000062	          0.05000039	          0.05000005	          0.05000012	          0.05000001	          0.05000013	          0.05000058	          0.05000050	          0.35137739	          0.09731559	          0.05000712	          0.46510834	          0.33914111	          0.45836499	          0.09210822	          0.05924137	          0.05000013	
          1.90064318	         -2.85727643	          0.97506155	         -3.51290496	          2.53447769	          0.93299277	         -0.00463110	          2.29106212	          5.62196893	          6.48927069	         22.37054355	         -0.91854707	         -1.11807991	         -9.53518436	        -53.93808861	          7.90967255	          9.41619428	         -1.25278460	          5.43210665	          4.04532026	          3.22776533	         -5.88439136	         -7.53738460	         -3.63819139	         -1.95947894	          1.10017111	         -2.64832152	        -13.45004645	         12.32209999	          0.73817907	        -13.45017959	         16.86285689	         15.42791673	         39.52027727	         86.51662706	         86.51662706	          0.28699397	          0.22551942	          0.21341019	          0.55760941	          0.53538367	          0.48777995	          0.05382739	          0.05000315	          0.05000180	          0.05000030	          0.05000101	          0.05000014	          0.05000027	          0.05000174	          0.05000572	          0.06918771	          0.29485219	          0.05000075	          0.05000060	          0.13630550	          0.08477342	          0.05983693	          0.05000012	          0.05000012	          0.05000035	          0.05000211	          0.27254577	          0.09284466	          0.09172439	          0.09356085	          0.07814439	          0.31414440	          0.32110644	          0.20656350	          0.27432265	          0.05000222	          0.05000945	          0.06826000	          0.17091273	          0.13969860	          0.06585230	          0.28637497	          0.20800433	          0.05153356	          0.05000007	          0.05000010	          0.05000016	          0.05000018	          0.05000018	          0.06992311	          0.05000086	          0.05000065	          0.05000069	          0.05000009	          0.05000005	          0.13151409	          0.24225502	          0.16845775	          0.15552737	          0.05000103	          0.05000044	          0.05000010	          0.25882371	          0.24369395	          0.06913737	          0.05000024	          0.05000010	          0.05000008	          0.10930823	          0.11531790	          0.11700523	          0.18668338	          0.05000107	          0.05048664	          0.05000093	          0.05000098	          0.05000045	          0.05000007	          0.05000015	          0.05000002	          0.05000014	          0.05000086	          0.05000066	          0.35023911	          0.10303597	          0.05000890	          0.44200826	          0.33836584	          0.42931734	          0.09088965	          0.06114772	          0.05000015	
          1.91120231	         -2.85583391	          0.81690849	         -3.22502578	          2.54730149	          0.93303855	         -0.00467543	          0.77126471	          5.41577582	          6.88758252	         23.69040052	         -0.79523841	         -1.38793439	         -8.30151552	        -52.83612835	          7.85621846	          9.75466199	         -1.29531220	          4.92912133	          3.97661666	          3.24878477	         -5.50549785	         -7.61002834	         -3.71699552	         -1.85464353	          0.97153304	         -2.00179174	        -13.44970714	         12.40694722	          0.60896286	        -13.45121883	         16.47917904	         15.90883015	         38.63354099	         86.51662706	         86.51662706	          0.25837926	          0.20258340	          0.20131421	          0.52036599	          0.50807415	          0.47228790	          0.06284010	          0.05005327	          0.05000206	          0.05000167	          0.05000688	          0.05000016	          0.05000028	          0.05000158	          0.05000421	          0.05883396	          0.32590030	          0.05000093	          0.05000089	          0.11591487	          0.07208819	          0.05088267	          0.05000024	          0.05000024	          0.05000044	          0.05000395	          0.28385586	          0.07895056	          0.07799798	          0.07955961	          0.06645024	          0.34536522	          0.35860958	          0.20839555	          0.28030680	          0.05000353	          0.05005566	          0.05804500	          0.17236604	          0.14108094	          0.05878152	          0.28687477	          0.22253915	          0.05193008	          0.05000006	          0.05000011	          0.05000016	          0.05000019	          0.05000019	          0.05945929	          0.05000082	          0.05000063	          0.05000048	          0.05000008	          0.05000005	          0.11183311	          0.25075297	          0.17877865	          0.17159411	          0.05000113	          0.05000046	          0.05000011	          0.24153649	          0.23536375	          0.05879127	          0.05000024	          0.05000011	          0.05000009	          0.11634313	          0.12205113	          0.15229534	          0.18409893	          0.05000098	          0.05000173	          0.05000077	          0.05000078	          0.05000032	          0.05000008	          0.05000017	          0.05000003	          0.05000016	          0.05000113	          0.05000081	          0.34803022	          0.10543128	          0.05000935	          0.41908916	          0.34196791	          0.39294243	          0.08918030	          0.06444753	          0.05000014	
          1.92176144	         -2.85441809	          0.66294634	         -2.92390638	          2.56015290	          0.93288932	         -0.00470836	         -0.75336472	          5.19673888	          7.26107230	         24.89073507	         -0.67638832	         -1.64643778	         -7.05143207	        -51.47447598	          7.76441288	          9.98704072	         -1.34188612	          4.48457723	          3.90893475	          3.27359325	         -5.11894323	         -7.69567479	         -3.79248499	         -1.75286563	          0.83992523	         -1.35253296	        -13.45012113	         12.54255135	          0.47361359	        -13.45270232	         16.08160594	         16.43758489	         37.70120094	         86.51662706	         86.51662706	          0.24279515	          0.19216979	          0.19595207	          0.51352118	          0.50022920	          0.46183521	          0.06738028	          0.05006601	          0.05000185	          0.07570189	          0.05010321	          0.05000016	          0.05000027	          0.05000143	          0.05000393	          0.05002975	          0.35565443	          0.05000094	          0.05000096	          0.09859590	          0.06130307	          0.05000090	          0.05000029	          0.05000029	          0.05000045	          0.05000497	          0.28780024	          0.06713572	          0.06632576	          0.06765369	          0.05650621	          0.37652791	          0.39339501	          0.20904687	          0.28506580	          0.05000215	          0.05002752	          0.05000081	          0.17754496	          0.14372889	          0.05000101	          0.28870663	          0.23136145	          0.05158554	          0.05000006	          0.05000011	          0.05000017	          0.05000021	          0.05000021	          0.05056148	          0.05000084	          0.05000067	          0.05000032	          0.05000008	          0.05000005	          0.09509738	          0.26237221	          0.18547038	          0.17365570	          0.05000137	          0.05000052	          0.05000013	          0.22660158	          0.21944352	          0.05000059	          0.05000026	          0.05000012	          0.05000010	          0.12515812	          0.13011320	          0.17112712	          0.18227359	          0.05000106	          0.05000060	          0.05000058	          0.05000056	          0.05000023	          0.05000009	          0.05000018	          0.05000004	          0.05000019	          0.05000120	          0.05000090	          0.34767918	          0.10953488	          0.05004568	          0.39713314	          0.34890486	          0.35455809	          0.08802778	          0.06634515	          0.05000014	
          1.93232057	         -2.85315782	          0.51514288	         -2.61130050	          2.57303484	          0.93253558	         -0.00473056	         -2.27401390	          4.96881848	          7.60618383	         25.96810101	         -0.56266043	         -1.89348719	         -5.80413180	        -49.85831870	          7.64233388	         10.12632941	         -1.39026176	          4.09655268	          3.84209123	          3.30344012	         -4.72058797	         -7.79505370	         -3.86455908	         -1.65587879	          0.70565181	         -0.70053219	        -13.45075757	         12.72927508	          0.33298855	        -13.45424225	         15.67127477	         17.00529736	         36.72628988	         86.51662706	         86.51662706	          0.23755604	          0.19088694	          0.19420464	          0.52266467	          0.50388370	          0.45555204	          0.06963449	          0.05002541	          0.05000126	          0.12852559	          0.05009470	          0.05000017	          0.05000027	          0.05000134	          0.05000397	          0.05000082	          0.38470881	          0.05000095	          0.05000098	          0.08565841	          0.05216795	          0.05000147	          0.05000035	          0.05000035	          0.05000045	          0.05000529	          0.28768317	          0.05708902	          0.05640043	          0.05752963	          0.05000079	          0.40755504	          0.42761883	          0.20859756	          0.28949662	          0.05000120	          0.05000422	          0.05000019	          0.19131520	          0.14619734	          0.05000887	          0.29191802	          0.24121043	          0.05048738	          0.05000007	          0.05000011	          0.05000018	          0.05000022	          0.05000023	          0.05000077	          0.05000090	          0.05000073	          0.05000020	          0.05000008	          0.05000004	          0.08086615	          0.27663967	          0.19087222	          0.16306514	          0.05000127	          0.05000052	          0.05000013	          0.21286416	          0.20180477	          0.05000082	          0.05000027	          0.05000013	          0.05000011	          0.13600898	          0.13949703	          0.18213611	          0.18507643	          0.05000131	          0.05000045	          0.05000039	          0.05000037	          0.05000016	          0.05000010	          0.05000021	          0.05000005	          0.05000023	          0.05000149	          0.05000110	          0.34942165	          0.11246604	          0.05110923	          0.37442433	          0.35778019	          0.32165927	          0.08757759	          0.06652087	          0.05000015	
          1.94287970	         -2.85218058	          0.37448052	         -2.28837962	          2.58594968	          0.93197304	         -0.00474323	         -3.77717248	          4.73563460	          7.92022213	         26.92249104	         -0.45402684	         -2.12732895	         -4.58805275	        -48.00115530	          7.50371290	         10.19473921	         -1.43478371	          3.75880830	          3.77319133	          3.33890196	         -4.30603126	         -7.90586213	         -3.93325366	         -1.56431105	          0.56921618	         -0.04567908	        -13.45117774	         12.96662086	          0.18705911	        -13.45542637	         15.24723219	         17.60445857	         35.71300653	         86.51662706	         86.51662706	          0.23728606	          0.19029435	          0.19026177	          0.53596460	          0.50836932	          0.44631581	          0.07365188	          0.05163532	          0.05000131	          0.17863518	          0.07231065	          0.05000017	          0.05000027	          0.05000120	          0.05000372	          0.05000120	          0.41252740	          0.05000092	          0.05000099	          0.08361843	          0.05021644	          0.05000155	          0.05000039	          0.05000040	          0.05000044	          0.05000521	          0.28153976	          0.05000032	          0.05000103	          0.05000100	          0.05000123	          0.43811589	          0.46224458	          0.20762111	          0.29382578	          0.05000140	          0.05000395	          0.05000020	          0.19489473	          0.14555821	          0.05010221	          0.29552672	          0.24311789	          0.05000046	          0.05000007	          0.05000011	          0.05000019	          0.05000025	          0.05000026	          0.05000109	          0.05000095	          0.05000079	          0.05000013	          0.05000008	          0.05000005	          0.06876462	          0.29171620	          0.19628082	          0.15030191	          0.05000137	          0.05000056	          0.05000015	          0.19945171	          0.18206578	          0.05000075	          0.05000030	          0.05000015	          0.05000012	          0.14895133	          0.14962919	          0.19539038	          0.17966512	          0.05000132	          0.05000031	          0.05000029	          0.05000027	          0.05000012	          0.05000011	          0.05000022	          0.05000006	          0.05000029	          0.05000166	          0.05000130	          0.35231718	          0.11346147	          0.05284770	          0.35187306	          0.36821175	          0.29501989	          0.08729602	          0.06799115	          0.05000015	
          1.95343883	         -2.85159579	          0.24113356	         -1.95625833	          2.59890429	          0.93120191	         -0.00474671	         -5.25265855	          4.50002160	          8.20056004	         27.75654979	         -0.34966037	         -2.34630895	         -3.42496026	        -45.92345895	          7.35873873	         10.21409498	         -1.47114855	          3.46473627	          3.69876361	          3.37909286	         -3.86832038	         -8.02479285	         -3.99811084	         -1.47790793	          0.43097808	          0.61066612	        -13.45117924	         13.25285126	          0.03432297	        -13.45572343	         14.80637049	         18.22957227	         34.66763692	         86.51662706	         86.51662706	          0.24023988	          0.19011064	          0.18505151	          0.54599282	          0.50921268	          0.43514520	          0.07978546	          0.05709609	          0.05000222	          0.24513985	          0.08943298	          0.05000016	          0.05000026	          0.05000110	          0.05000363	          0.05000126	          0.43891875	          0.05000088	          0.05000101	          0.07127370	          0.05008304	          0.05000191	          0.05000038	          0.05000039	          0.05000045	          0.05000553	          0.27251321	          0.05000032	          0.05000160	          0.05000157	          0.05000128	          0.46819299	          0.49618353	          0.20715218	          0.29856231	          0.05000143	          0.05000288	          0.05000021	          0.19391654	          0.14426461	          0.05635780	          0.29915160	          0.24813680	          0.05000017	          0.05000008	          0.05000010	          0.05000021	          0.05000027	          0.05000028	          0.05000109	          0.05000099	          0.05000083	          0.05000010	          0.05000009	          0.05000005	          0.05847411	          0.30039956	          0.20074662	          0.14472804	          0.05000182	          0.05000065	          0.05000017	          0.18529546	          0.16773099	          0.05000083	          0.05000032	          0.05000016	          0.05000014	          0.16120046	          0.15853647	          0.21121679	          0.17671908	          0.05000151	          0.05000022	          0.05000022	          0.05000021	          0.05000009	          0.05000013	          0.05000027	          0.05000008	          0.05000037	          0.05000198	          0.05000160	          0.35577253	          0.11394294	          0.05419415	          0.33092555	          0.37943517	          0.27457023	          0.08717624	          0.06930910	          0.05000030	
          1.96399796	         -2.85147108	          0.11475795	         -1.61580371	          2.61190966	          0.93022568	         -0.00474034	         -6.69220005	          4.26418454	          8.44445142	         28.47453204	         -0.24766989	         -2.54863309	         -2.33396232	        -43.65039029	          7.21685894	         10.20186753	         -1.49547030	          3.20832740	          3.62259449	          3.42262392	         -3.40655427	         -8.14817484	         -4.05818358	         -1.39593984	          0.29098233	          1.26574661	        -13.45087579	         13.58485011	         -0.12848364	        -13.45462245	         14.34335099	         18.87706253	         33.59983047	         86.51662706	         86.51662706	          0.24706417	          0.18600053	          0.17365201	          0.55034932	          0.50622071	          0.42597362	          0.08399739	          0.06211255	          0.05000342	          0.31126428	          0.11087652	          0.05000018	          0.05000029	          0.05000109	          0.05000382	          0.05000131	          0.46465400	          0.05000103	          0.05000124	          0.06067159	          0.05001794	          0.05000185	          0.05000054	          0.05000053	          0.05000042	          0.05000412	          0.26184468	          0.05000026	          0.05000136	          0.05000134	          0.05000119	          0.49693551	          0.52856099	          0.20694664	          0.30338440	          0.05000298	          0.05000421	          0.05000591	          0.19042709	          0.14138749	          0.05000741	          0.30259589	          0.24949684	          0.05000013	          0.05000009	          0.05000009	          0.05000021	          0.05000028	          0.05000031	          0.05000107	          0.05000099	          0.05000085	          0.05000008	          0.05000010	          0.05000005	          0.05000024	          0.28922218	          0.20719854	          0.13993855	          0.05000180	          0.05000069	          0.05000019	          0.17027741	          0.16102934	          0.05000088	          0.05000034	          0.05000017	          0.05000016	          0.17359771	          0.16635224	          0.22797875	          0.17251681	          0.05000153	          0.05000018	          0.05000019	          0.05000017	          0.05000008	          0.05000013	          0.05000027	          0.05000008	          0.05000043	          0.05000222	          0.05000185	          0.35960093	          0.11451278	          0.05574870	          0.30938695	          0.39123293	          0.25685258	          0.08859709	          0.07081407	          0.05000079	
          1.97455709	         -2.85178202	         -0.00514159	         -1.26788443	          2.62498097	          0.92905100	         -0.00472337	         -8.08857010	          4.02995084	          8.65115963	         29.08201114	         -0.14578855	         -2.73223001	         -1.33378281	        -41.21077749	          7.09681823	         10.16885508	         -1.50059403	          2.98377017	          3.54103230	          3.46726388	         -2.92887691	         -8.27269234	         -4.11199970	         -1.31741774	          0.14936195	          1.91530096	        -13.45041371	         13.95706266	         -0.30617878	        -13.45217864	         13.85262808	         19.54554626	         32.52233356	         86.51662706	         86.51662706	          0.25264739	          0.18538087	          0.16716993	          0.56620499	          0.50937006	          0.41494420	          0.08360456	          0.06432245	          0.05000156	          0.37500486	          0.13413785	          0.05000018	          0.05000027	          0.05000097	          0.05000347	          0.05000121	          0.48933091	          0.05000099	          0.05000119	          0.05236934	          0.05002900	          0.05000220	          0.05000084	          0.05000058	          0.05000043	          0.05000505	          0.24912000	          0.05000026	          0.05000155	          0.05000153	          0.05000132	          0.52473495	          0.56087996	          0.20872308	          0.30922564	          0.05000096	          0.05000156	          0.06419554	          0.18917705	          0.14123013	          0.13034721	          0.30711260	          0.28012056	          0.05000010	          0.05000009	          0.05000009	          0.05000024	          0.05000032	          0.05000035	          0.05000114	          0.05000108	          0.05000098	          0.05000006	          0.05000010	          0.05000005	          0.05000027	          0.28645185	          0.20660227	          0.14092286	          0.05000247	          0.05000081	          0.05000021	          0.15774261	          0.14004515	          0.05000084	          0.05000039	          0.05000020	          0.05000019	          0.18385318	          0.17226002	          0.24069775	          0.16442445	          0.05000221	          0.05000017	          0.05000018	          0.05000017	          0.05000008	          0.05000014	          0.05000029	          0.05000010	          0.05000052	          0.05000248	          0.05000211	          0.36347986	          0.11551035	          0.05724926	          0.28749579	          0.40329788	          0.23996442	          0.08904624	          0.07174932	          0.05000247	
          1.98511621	         -2.85242890	         -0.11990111	         -0.91339958	          2.63813269	          0.92768306	         -0.00469444	         -9.43211544	          3.79807238	          8.81938693	         29.58916665	         -0.04163491	         -2.89619643	         -0.44809217	        -38.64356805	          7.01161383	         10.12199054	         -1.48123098	          2.78640498	          3.46943814	          3.51247004	         -2.44514444	         -8.39545348	         -4.15838922	         -1.24053419	          0.00625354	          2.55349935	        -13.45014504	         14.35970698	         -0.50415214	        -13.44988776	         13.33182827	         20.23786966	         31.45160283	         86.51662706	         86.51662706	          0.26074980	          0.18313225	          0.15716976	          0.58305676	          0.51282560	          0.40542321	          0.08241031	          0.06696323	          0.05000091	          0.44038802	          0.13826659	          0.05000020	          0.05000029	          0.05000094	          0.05000348	          0.05000123	          0.51293278	          0.05000111	          0.05000129	          0.05011400	          0.05001363	          0.05000228	          0.05000125	          0.06146301	          0.05000040	          0.05000394	          0.23577349	          0.05000026	          0.05000157	          0.05000156	          0.05000134	          0.55102959	          0.59087519	          0.21201045	          0.31487559	          0.05000107	          0.05000148	          0.07787443	          0.18727379	          0.13951053	          0.16175384	          0.30988401	          0.29914821	          0.05000010	          0.05000009	          0.05000008	          0.05000024	          0.05000035	          0.05000041	          0.05000115	          0.05000111	          0.05000100	          0.05000006	          0.05000011	          0.05000006	          0.05000024	          0.27103124	          0.20935848	          0.14286678	          0.05000409	          0.05000095	          0.05000024	          0.14256837	          0.12391826	          0.05000082	          0.05000044	          0.05000023	          0.05000022	          0.19229204	          0.17650922	          0.25279281	          0.15292431	          0.05000175	          0.05000016	          0.05000018	          0.05000016	          0.05000007	          0.05000013	          0.05000029	          0.05000010	          0.05000057	          0.05000272	          0.05000237	          0.36784711	          0.11702429	          0.05874536	          0.26481844	          0.41555784	          0.22539763	          0.08998487	          0.07305356	          0.05385176	
          1.99567534	         -2.85342231	         -0.23104358	         -0.55322589	          2.65137827	          0.92613402	         -0.00465279	        -10.71122179	          3.56826341	          8.94968284	         30.00626380	          0.06718770	         -3.03957376	          0.29874975	        -35.98611274	          6.97191120	         10.06479102	         -1.42396167	          2.61128610	          3.40237331	          3.55725585	         -1.94736493	         -8.51444030	         -4.19670282	         -1.16304693	         -0.13793629	          3.17346680	        -13.45012870	         14.77937921	         -0.72785604	        -13.45060250	         12.78409788	         20.96003324	         30.40586536	         86.51662706	         86.51662706	          0.27221384	          0.18572478	          0.15421478	          0.58712464	          0.51199213	          0.39718683	          0.09180396	          0.07471176	          0.05000278	          0.40508148	          0.17735922	          0.05000021	          0.05000029	          0.05000086	          0.05000327	          0.05000116	          0.53464538	          0.05000122	          0.05000178	          0.05008504	          0.05001054	          0.05000224	          0.05015835	          0.12944485	          0.05000044	          0.05000487	          0.22139775	          0.05000018	          0.05000123	          0.05000122	          0.05000109	          0.57551802	          0.61920026	          0.21814769	          0.32095772	          0.05000106	          0.05000156	          0.09296857	          0.18233108	          0.13791643	          0.19960990	          0.31106340	          0.32156391	          0.05000008	          0.05000010	          0.05000009	          0.05000028	          0.05000040	          0.05000047	          0.05000124	          0.05000121	          0.05000116	          0.05000006	          0.05000013	          0.05000007	          0.05000028	          0.23047337	          0.20490409	          0.14660646	          0.05000562	          0.05000120	          0.05000029	          0.12125464	          0.11347998	          0.05000100	          0.05000051	          0.05000028	          0.05000027	          0.19310313	          0.17462985	          0.25981532	          0.13838848	          0.05000246	          0.05000013	          0.05000016	          0.05000014	          0.05000007	          0.05000016	          0.05000033	          0.05000012	          0.05000064	          0.05000295	          0.05000265	          0.37273362	          0.11897885	          0.06014466	          0.24376855	          0.42818663	          0.21268926	          0.08687544	          0.07724713	          0.06565842	
          2.00623447	         -2.85507190	         -0.34018703	         -0.18843108	          2.66473110	          0.92442683	         -0.00459878	        -11.91819546	          3.33947830	          9.04183115	         30.33913454	          0.18312070	         -3.16155369	          0.89150918	        -33.26504783	          6.98524276	         10.00184811	         -1.31600277	          2.45438320	          3.33292777	          3.60147733	         -1.42745949	         -8.62806368	         -4.22720607	         -1.08219668	         -0.28263433	          3.76681115	        -13.45005113	         15.19985675	         -0.98268273	        -13.45878568	         12.22068223	         21.72148394	         29.40503659	         86.51662706	         86.51662706	          0.28850827	          0.19157626	          0.15162416	          0.58878388	          0.51040431	          0.38527121	          0.09434268	          0.07815175	          0.05000289	          0.42861137	          0.15090154	          0.05000020	          0.05000031	          0.05000083	          0.05000328	          0.05000145	          0.55573889	          0.05000116	          0.05000153	          0.05009209	          0.05001533	          0.05000302	          0.05000202	          0.19860236	          0.05000042	          0.05000429	          0.20359111	          0.05000018	          0.05000149	          0.05000147	          0.05000130	          0.59815257	          0.64616856	          0.22756074	          0.32698515	          0.05000117	          0.05000197	          0.10264948	          0.16681577	          0.13804086	          0.21502308	          0.30814244	          0.33171322	          0.05000010	          0.05000010	          0.05000009	          0.05000032	          0.05000046	          0.05000050	          0.05000157	          0.05000145	          0.05000128	          0.05000007	          0.05000017	          0.05000009	          0.05000038	          0.19598383	          0.20455811	          0.16143718	          0.05001916	          0.05000158	          0.05000037	          0.10311195	          0.10540178	          0.05000133	          0.05000056	          0.05000031	          0.05000032	          0.18937803	          0.16999442	          0.26717075	          0.11774948	          0.05000278	          0.05000011	          0.05000015	          0.05000013	          0.05000006	          0.05000014	          0.05000031	          0.05000010	          0.05000065	          0.05000317	          0.05000287	          0.37844391	          0.12177661	          0.06146669	          0.22072506	          0.44095380	          0.20388547	          0.08480196	          0.07993915	          0.07751843	
          2.01679360	         -2.85766067	         -0.44874694	          0.17997548	          2.67820376	          0.92259370	         -0.00453320	        -13.03936020	          3.11109369	          9.09598175	         30.59106851	          0.30876037	         -3.26156961	          1.30271018	        -30.50166401	          7.05906781	          9.93846140	         -1.14130286	          2.31149268	          3.25923064	          3.64512599	         -0.87138162	         -8.73512574	         -4.25051522	         -0.99529261	         -0.42708337	          4.32477914	        -13.44975968	         15.60733920	         -1.27338377	        -13.47945854	         11.66009419	         22.53276577	         28.46796595	         86.51662706	         86.51662706	          0.30186645	          0.19283577	          0.14117451	          0.59082195	          0.50210184	          0.37386258	          0.09569184	          0.08099699	          0.05000441	          0.44083686	          0.14313227	          0.05000020	          0.05000030	          0.05000077	          0.05000327	          0.05000164	          0.57557716	          0.05000115	          0.05000140	          0.05005214	          0.05001148	          0.05000323	          0.05000217	          0.27422037	          0.05000036	          0.05000317	          0.19227603	          0.05000018	          0.05000158	          0.05000157	          0.05000138	          0.61768320	          0.66882810	          0.23990665	          0.33289841	          0.05000314	          0.05502908	          0.10287805	          0.14185294	          0.13662023	          0.18289256	          0.30474818	          0.33475617	          0.05000007	          0.05000010	          0.05000009	          0.05000029	          0.05000042	          0.05000050	          0.05000120	          0.05000118	          0.05000112	          0.05000009	          0.05000021	          0.05000010	          0.05000052	          0.16665532	          0.20718120	          0.18417295	          0.05011050	          0.05000282	          0.05000043	          0.08768240	          0.09284598	          0.05000218	          0.05000059	          0.05000034	          0.05000041	          0.18023101	          0.16194756	          0.27040357	          0.10014657	          0.05000169	          0.05000011	          0.05000014	          0.05000012	          0.05000006	          0.05000043	          0.05000077	          0.05000036	          0.05000078	          0.05000471	          0.05000487	          0.38473366	          0.12382017	          0.06221466	          0.20430338	          0.45344295	          0.20069443	          0.08391000	          0.08513478	          0.09140218	
          2.02735273	         -2.86142456	         -0.55754556	          0.55072327	          2.69181230	          0.92067652	         -0.00445703	        -14.06233861	          2.88180184	          9.11371635	         30.76375221	          0.44648203	         -3.33895671	          1.51000231	        -27.71772983	          7.19619441	          9.88174237	         -0.87910311	          2.17941199	          3.16962597	          3.68992444	         -0.26723811	         -8.83405660	         -4.26702020	         -0.89987403	         -0.57043927	          4.83799968	        -13.45000418	         15.99659166	         -1.60433594	        -13.51611299	         11.12014956	         23.40439678	         27.61011088	         86.51662706	         86.51662706	          0.31608682	          0.19391654	          0.13366040	          0.58787007	          0.49742724	          0.35485352	          0.10080904	          0.08499037	          0.05001181	          0.37489773	          0.15315071	          0.05000022	          0.05000032	          0.05000077	          0.05000311	          0.05000154	          0.59476642	          0.05000129	          0.05000196	          0.05006435	          0.05001390	          0.05000354	          0.08231993	          0.35445061	          0.05000041	          0.05000388	          0.17545492	          0.05000014	          0.05000128	          0.05000127	          0.05000116	          0.63342365	          0.68858626	          0.25562565	          0.33960278	          0.07275599	          0.10873164	          0.09338013	          0.12062500	          0.12826781	          0.15552317	          0.28494023	          0.34027095	          0.05000008	          0.05000010	          0.05000009	          0.05000042	          0.05000061	          0.05000070	          0.05000170	          0.05000161	          0.05000153	          0.05000011	          0.05000029	          0.05000015	          0.05000052	          0.14171567	          0.19151082	          0.19078486	          0.11889644	          0.05001418	          0.05000127	          0.07456152	          0.07901292	          0.05000386	          0.05000084	          0.05000050	          0.05000064	          0.16772314	          0.15301746	          0.26028924	          0.08517317	          0.05000302	          0.05000010	          0.05000015	          0.05000013	          0.05000007	          0.05000223	          0.05000286	          0.05000226	          0.05000102	          0.05000391	          0.05000518	          0.39204115	          0.12335590	          0.06156759	          0.20586234	          0.46756977	          0.21119546	          0.08011314	          0.09362333	          0.10729581	
          2.03791186	         -2.86670367	         -0.66680145	          0.92226990	          2.70557828	          0.91872697	         -0.00437000	        -14.98459994	          2.64907861	          9.09580270	         30.85740522	          0.59829486	         -3.39405243	          1.51192310	        -24.94410673	          7.38414999	          9.84218803	         -0.51202619	          2.05535589	          3.05033224	          3.73811526	          0.39561837	         -8.92520684	         -4.27698066	         -0.79406802	         -0.71227845	          5.29644417	        -13.45363834	         16.37581745	         -1.97921003	        -13.56828137	         10.60803735	         24.34645592	         26.84116775	         86.51662706	         86.51662706	          0.33317969	          0.20229528	          0.13548348	          0.59611640	          0.50287876	          0.33858070	          0.10616245	          0.08629686	          0.05099990	          0.31879489	          0.15828335	          0.05000021	          0.05000029	          0.05000065	          0.05000274	          0.05000146	          0.61261348	          0.05000122	          0.05000238	          0.05005546	          0.05001212	          0.05000344	          0.14222029	          0.43255790	          0.05000040	          0.05000366	          0.16285168	          0.05000010	          0.05000100	          0.05000098	          0.05000092	          0.64390732	          0.70172156	          0.27402534	          0.34495173	          0.13379642	          0.15652306	          0.07940595	          0.10257375	          0.13174493	          0.13224939	          0.24229922	          0.30891534	          0.05000006	          0.05000010	          0.05000010	          0.05000051	          0.05000080	          0.05000107	          0.05000184	          0.05000187	          0.05000197	          0.05000016	          0.05000045	          0.05000017	          0.05000049	          0.12050819	          0.17311649	          0.18853158	          0.15512472	          0.09327638	          0.06063774	          0.06340409	          0.06722957	          0.05000464	          0.05000156	          0.05000107	          0.05505001	          0.15095501	          0.14154729	          0.24611331	          0.07243604	          0.05000331	          0.05000010	          0.05000016	          0.05000014	          0.05000008	          0.05000016	          0.05000037	          0.05000009	          0.05000086	          0.05000175	          0.05000192	          0.40059269	          0.11976017	          0.05921246	          0.24061527	          0.48362683	          0.23627325	          0.07582838	          0.09853209	          0.12344811	
          2.04847099	         -2.87375817	         -0.77713264	          1.29410290	          2.71952611	          0.91680642	         -0.00427118	        -15.80360440	          2.41011401	          9.04013386	         30.87133518	          0.76601479	         -3.42720065	          1.30671585	        -22.22915404	          7.60643906	          9.83544533	         -0.02519421	          1.93698276	          2.88262913	          3.78728902	          1.14003815	         -9.01378409	         -4.28032072	         -0.67612527	         -0.85220909	          5.69245824	        -13.46502472	         16.76886581	         -2.40044839	        -13.62949744	         10.10994926	         25.36383498	         26.16122000	         86.51662706	         86.51662706	          0.35260993	          0.21560637	          0.14446636	          0.61738668	          0.52000657	          0.31643046	          0.09031190	          0.08037535	          0.05116345	          0.27108754	          0.17910627	          0.05000023	          0.05000033	          0.05000067	          0.05000275	          0.05000161	          0.62927485	          0.05000134	          0.05000197	          0.05004197	          0.05001095	          0.05000358	          0.21340302	          0.50874313	          0.05000037	          0.05000319	          0.16894312	          0.05000039	          0.05000108	          0.05000106	          0.05000100	          0.64758219	          0.70707331	          0.29332334	          0.34790992	          0.19577331	          0.20958640	          0.06752296	          0.08722382	          0.13874924	          0.11245844	          0.20603933	          0.26268663	          0.05000006	          0.05000013	          0.05000009	          0.05000070	          0.05000123	          0.05000157	          0.05000300	          0.05000275	          0.05000270	          0.05000039	          0.05000097	          0.05764409	          0.05000097	          0.10247440	          0.16357203	          0.17928268	          0.16812641	          0.11841124	          0.07826807	          0.05391666	          0.05727133	          0.05006881	          0.05000250	          0.05000223	          0.07683000	          0.12836647	          0.12036558	          0.21684850	          0.06160385	          0.05000628	          0.05000010	          0.05000017	          0.05000015	          0.05000009	          0.05000007	          0.05000016	          0.05000004	          0.05000045	          0.05000130	          0.05000116	          0.40739352	          0.11890300	          0.05448674	          0.29400782	          0.49601969	          0.25330331	          0.07278044	          0.09633477	          0.13427086	
          2.05903012	         -2.88252956	         -0.88954772	          1.66729306	          2.73368605	          0.91498031	         -0.00415821	        -16.51504141	          2.16219366	          8.94106661	         30.80277069	          0.95106366	         -3.43781809	          0.88941918	        -19.63053124	          7.83867944	          9.88136281	          0.59093968	          1.82216850	          2.66011419	          3.83182909	          1.98955560	         -9.10761665	         -4.27542814	         -0.54500859	         -0.98977725	          6.02193825	        -13.48979325	         17.21546430	         -2.86888667	        -13.68492606	          9.58000767	         26.45257556	         25.55629041	         86.51662706	         86.51662706	          0.36134777	          0.21464661	          0.14255387	          0.61047389	          0.50439739	          0.26907953	          0.07679800	          0.06835053	          0.05001054	          0.23051950	          0.20483978	          0.05000021	          0.05000027	          0.05000055	          0.05000219	          0.05000127	          0.64433344	          0.05000131	          0.05000223	          0.05003755	          0.05000814	          0.05000272	          0.28376618	          0.58011573	          0.05000035	          0.05000331	          0.16157797	          0.08245181	          0.05000082	          0.05000080	          0.05000078	          0.64588621	          0.70702373	          0.31503505	          0.34897136	          0.25285847	          0.25228484	          0.05741832	          0.07417094	          0.11798573	          0.09562917	          0.17520569	          0.22337581	          0.05000004	          0.05000014	          0.05000009	          0.05000138	          0.05000137	          0.05000122	          0.05000522	          0.05000402	          0.05000316	          0.05000029	          0.05000167	          0.12852149	          0.05000083	          0.08713935	          0.16241525	          0.18094990	          0.16807046	          0.13335345	          0.08952756	          0.05000309	          0.05107192	          0.05007667	          0.05000297	          0.05000321	          0.08581148	          0.10915810	          0.10235434	          0.18440233	          0.05239045	          0.05000196	          0.05000011	          0.05000022	          0.05000019	          0.05000011	          0.05000008	          0.05000019	          0.05000005	          0.05000041	          0.05000292	          0.05000178	          0.40971632	          0.11990778	          0.05305159	          0.30963281	          0.50116006	          0.24588634	          0.07329787	          0.09789219	          0.13762261	
          2.06958924	         -2.89250406	         -1.00438587	          2.04238529	          2.74809191	          0.91330472	         -0.00402821	        -17.11702317	          1.90227519	          8.79708811	         30.65639591	          1.15459942	         -3.42575983	          0.25962343	        -17.22415000	          8.05366027	          9.99407198	          1.34611227	          1.71127118	          2.37422333	          3.86970528	          2.96501787	         -9.21069634	         -4.25917736	         -0.40018981	         -1.12448700	          6.28318974	        -13.53491820	         17.76801029	         -3.38111037	        -13.70996553	          8.92777503	         27.60134384	         24.99501570	         86.51662706	         86.51662706	          0.37497481	          0.19887898	          0.12124856	          0.56462855	          0.47033591	          0.22881248	          0.06530573	          0.05812243	          0.05000056	          0.19602242	          0.18628330	          0.05000027	          0.05000034	          0.05000065	          0.05000251	          0.05000141	          0.65801917	          0.05000171	          0.05000230	          0.05003781	          0.05000995	          0.05000351	          0.35376669	          0.64437084	          0.05000048	          0.05000358	          0.15909553	          0.12020022	          0.05000103	          0.05000102	          0.05000098	          0.63685548	          0.69922699	          0.33746354	          0.34734759	          0.32257839	          0.29922611	          0.05000057	          0.06307142	          0.10032932	          0.08131837	          0.14898629	          0.18994780	          0.05000007	          0.05000008	          0.05000007	          0.05000084	          0.05000114	          0.05000107	          0.05000440	          0.05000301	          0.05000242	          0.08686101	          0.05000055	          0.19001974	          0.05000040	          0.07409921	          0.17000998	          0.19145000	          0.16870431	          0.13297810	          0.09415131	          0.05000246	          0.05390964	          0.05000999	          0.05000194	          0.05000146	          0.08362650	          0.09282485	          0.08704480	          0.15913345	          0.05005783	          0.05000595	          0.05000017	          0.05000035	          0.05000031	          0.05000019	          0.05000006	          0.05000014	          0.05000004	          0.05000058	          0.05000113	          0.05000113	          0.40464297	          0.11989004	          0.05202529	          0.30108820	          0.50591080	          0.21406373	          0.08096913	          0.10159620	          0.13520435	
          2.08014837	         -2.90270125	         -1.12022446	          2.41915476	          2.76277509	          0.91182024	         -0.00387977	        -17.60486180	          1.62829196	          8.61544815	         30.44774789	          1.37660938	         -3.39000976	         -0.58947904	        -15.10278258	          8.24068827	         10.16214419	          2.25873780	          1.60331325	          1.96058995	          3.90451052	          4.15198724	         -9.32323096	         -4.22747332	         -0.24219264	         -1.25479931	          6.48066014	        -13.60914176	         18.50101216	         -3.92832817	        -13.66717461	          7.99400377	         28.78721619	         24.42629475	         86.51662706	         86.51662706	          0.37959012	          0.18288423	          0.12485406	          0.58962877	          0.42966821	          0.19457108	          0.05553340	          0.05000086	          0.05000047	          0.16668781	          0.18703429	          0.05000031	          0.05000039	          0.05000071	          0.05000302	          0.05000190	          0.66947565	          0.05000199	          0.05000152	          0.05004781	          0.05001321	          0.05000424	          0.41543233	          0.69886831	          0.05000045	          0.05000438	          0.14384873	          0.16004578	          0.05000241	          0.05000237	          0.05000222	          0.61590275	          0.67759318	          0.35370739	          0.34127507	          0.36477948	          0.33189762	          0.05000010	          0.05659920	          0.10223517	          0.06914917	          0.12669059	          0.16152225	          0.05000007	          0.05000009	          0.05000008	          0.05000220	          0.05000260	          0.05000282	          0.05000439	          0.05000487	          0.05000439	          0.14354478	          0.05000074	          0.24669266	          0.05000039	          0.06301055	          0.17423489	          0.18172492	          0.16326890	          0.12565926	          0.09301203	          0.05010011	          0.05014168	          0.05000758	          0.05000939	          0.05001034	          0.07723617	          0.07893464	          0.07405055	          0.13688681	          0.05002330	          0.05000169	          0.05000051	          0.05000127	          0.05000106	          0.05000060	          0.05000011	          0.05000024	          0.05000011	          0.05000051	          0.05005858	          0.05000389	          0.39798147	          0.12258669	          0.05064314	          0.28876532	          0.50409008	          0.18202957	          0.08723872	          0.09455640	          0.13216303	
          2.09070750	         -2.91210737	         -1.23628388	          2.79562625	          2.77776461	          0.91055020	         -0.00371014	        -17.97418269	          1.33926851	          8.39693855	         30.19602505	          1.61734377	         -3.33040107	         -1.66213450	        -13.35730274	          8.36686222	         10.34944798	          3.32461228	          1.50051735	          1.40300633	          3.94033904	          5.60313751	         -9.44270292	         -4.17608798	         -0.07379290	         -1.38028268	          6.60331200	        -13.65183033	         19.09624658	         -4.50562119	        -13.58307524	          7.00380166	         29.96316807	         23.83298717	         86.51662706	         86.51662706	          0.39159404	          0.15551711	          0.13224557	          0.60946151	          0.36537256	          0.16545377	          0.05000122	          0.05000035	          0.05000025	          0.14174310	          0.16417949	          0.05000017	          0.05000023	          0.05000041	          0.05000153	          0.05000109	          0.67824378	          0.05000095	          0.05000078	          0.05009120	          0.05001598	          0.05000328	          0.44644605	          0.73951078	          0.05000034	          0.05001019	          0.12232231	          0.20534823	          0.05000656	          0.05000654	          0.05000486	          0.58639155	          0.64762733	          0.36630376	          0.33246357	          0.42122378	          0.36223307	          0.05000006	          0.05000034	          0.09350361	          0.05880108	          0.10773143	          0.13735057	          0.05000005	          0.05000006	          0.05000005	          0.05000162	          0.05000203	          0.05000136	          0.05001034	          0.05000557	          0.05000340	          0.18525300	          0.05000061	          0.29210706	          0.05000034	          0.05358150	          0.16114843	          0.17519071	          0.14589340	          0.11320800	          0.09708093	          0.05002593	          0.05019322	          0.05000652	          0.05000459	          0.05000401	          0.07407211	          0.06712272	          0.08689787	          0.12161785	          0.05002645	          0.05000290	          0.05000122	          0.05000671	          0.05000438	          0.05000103	          0.05000012	          0.05000022	          0.05000009	          0.05000027	          0.06781219	          0.05000753	          0.38995843	          0.12744086	          0.05143469	          0.26627416	          0.50409570	          0.15478924	          0.09032717	          0.09338867	          0.12756245	
          2.10126663	         -2.92000770	         -1.35253902	          3.16821878	          2.79307918	          0.90949537	         -0.00351753	        -18.22637164	          1.03514667	          8.14196586	         29.92183221	          1.87729706	         -3.24630240	         -2.94876000	        -12.06982392	          8.39455089	         10.49542265	          4.52588491	          1.40604736	          0.68435216	          3.98347517	          7.36136198	         -9.57394480	         -4.10290923	          0.10324183	         -1.50114665	          6.63202271	        -13.62642250	         19.33045944	         -5.12599332	        -13.52187466	          6.31936227	         31.12546722	         23.27450917	         86.51662706	         86.51662706	          0.38980617	          0.13224417	          0.11245521	          0.59082120	          0.31069507	          0.14069378	          0.05000120	          0.05000028	          0.05000024	          0.12053135	          0.13961206	          0.05000015	          0.05000019	          0.05000034	          0.05000125	          0.05000085	          0.68232863	          0.05000084	          0.05000081	          0.07254116	          0.06326013	          0.05000568	          0.44355752	          0.76569057	          0.05487578	          0.08130960	          0.10401695	          0.25744776	          0.05478383	          0.05736788	          0.05011836	          0.54661179	          0.60537182	          0.37158922	          0.31532193	          0.46932528	          0.37509554	          0.05000003	          0.05000023	          0.08079474	          0.05000159	          0.09160950	          0.11679616	          0.05000006	          0.05000006	          0.05000005	          0.05000525	          0.05000134	          0.05000155	          0.05000421	          0.05000299	          0.05000294	          0.21415223	          0.05000116	          0.31999110	          0.05000030	          0.05000226	          0.16223202	          0.15747847	          0.13498439	          0.10257024	          0.10724113	          0.05002905	          0.05037844	          0.05003204	          0.05000344	          0.05000305	          0.07463789	          0.05707926	          0.10368834	          0.11216700	          0.05000608	          0.05000097	          0.05000253	          0.05358765	          0.05187300	          0.05001973	          0.05000034	          0.05000059	          0.05000277	          0.05000038	          0.07121623	          0.05001061	          0.38294158	          0.12706729	          0.05023253	          0.25361889	          0.51002191	          0.13162590	          0.08807203	          0.09809317	          0.12338481	
