name C:\Users\u0150099\Documents\master_thesis\3dpredictsim\Results\debug\Fal_s1_mtjc2_sc_cspx10_oy2_ATx70_Fpsl10_MTc2_MTPm_k1_d01_MTJm_nl_MG_exp5_table_d01_PF_Natali2010_x3_ls146_ig21.mot
datacolumns 128
datarows 200
range 0.000000 2.133109
endheader
time	pelvis_tilt	pelvis_list	pelvis_rotation	pelvis_tx	pelvis_ty	pelvis_tz	hip_flexion_l	hip_adduction_l	hip_rotation_l	hip_flexion_r	hip_adduction_r	hip_rotation_r	knee_angle_l	knee_angle_r	ankle_angle_l	ankle_angle_r	subtalar_angle_l	subtalar_angle_r	mtj_angle_l	mtj_angle_r	mtp_angle_l	mtp_angle_r	lumbar_extension	lumbar_bending	lumbar_rotation	arm_flex_l	arm_add_l	arm_rot_l	arm_flex_r	arm_add_r	arm_rot_r	elbow_flex_l	elbow_flex_r	pro_sup_l	pro_sup_r	glut_med1_l/activation	glut_med2_l/activation	glut_med3_l/activation	glut_min1_l/activation	glut_min2_l/activation	glut_min3_l/activation	semimem_l/activation	semiten_l/activation	bifemlh_l/activation	bifemsh_l/activation	sar_l/activation	add_long_l/activation	add_brev_l/activation	add_mag1_l/activation	add_mag2_l/activation	add_mag3_l/activation	tfl_l/activation	pect_l/activation	grac_l/activation	glut_max1_l/activation	glut_max2_l/activation	glut_max3_l/activation	iliacus_l/activation	psoas_l/activation	quad_fem_l/activation	gem_l/activation	peri_l/activation	rect_fem_l/activation	vas_med_l/activation	vas_int_l/activation	vas_lat_l/activation	med_gas_l/activation	lat_gas_l/activation	soleus_l/activation	tib_post_l/activation	flex_dig_l/activation	flex_hal_l/activation	tib_ant_l/activation	per_brev_l/activation	per_long_l/activation	per_tert_l/activation	ext_dig_l/activation	ext_hal_l/activation	ercspn_l/activation	intobl_l/activation	extobl_l/activation	glut_med1_r/activation	glut_med2_r/activation	glut_med3_r/activation	glut_min1_r/activation	glut_min2_r/activation	glut_min3_r/activation	semimem_r/activation	semiten_r/activation	bifemlh_r/activation	bifemsh_r/activation	sar_r/activation	add_long_r/activation	add_brev_r/activation	add_mag1_r/activation	add_mag2_r/activation	add_mag3_r/activation	tfl_r/activation	pect_r/activation	grac_r/activation	glut_max1_r/activation	glut_max2_r/activation	glut_max3_r/activation	iliacus_r/activation	psoas_r/activation	quad_fem_r/activation	gem_r/activation	peri_r/activation	rect_fem_r/activation	vas_med_r/activation	vas_int_r/activation	vas_lat_r/activation	med_gas_r/activation	lat_gas_r/activation	soleus_r/activation	tib_post_r/activation	flex_dig_r/activation	flex_hal_r/activation	tib_ant_r/activation	per_brev_r/activation	per_long_r/activation	per_tert_r/activation	ext_dig_r/activation	ext_hal_r/activation	ercspn_r/activation	intobl_r/activation	extobl_r/activation	
          0.00000000	         -2.92689780	         -1.35636364	          2.95405629	          0.00000000	          0.90865178	         -0.00311798	        -16.27593313	          1.99889481	          9.79944227	         29.02522593	          2.91682896	         -2.54496381	        -11.30573238	        -10.50431663	          6.20789160	          7.80113857	          0.95548943	          0.56873408	         -1.70043435	          2.66972526	         17.74608067	         -7.21054367	         -3.97535679	          0.51522514	         -1.78273458	          4.42255206	        -13.74513912	         19.38771566	         -5.32912914	        -13.48157338	          4.79765493	         34.34613836	         26.81748224	         86.51662706	         86.51662706	          0.38232635	          0.05893264	          0.05000001	          0.55191487	          0.17842539	          0.07602227	          0.05000059	          0.05000007	          0.05000005	          0.06756728	          0.09649378	          0.05000014	          0.05000007	          0.05000014	          0.05000044	          0.05000031	          0.48989127	          0.05000053	          0.05000013	          0.05000043	          0.05000026	          0.05000023	          0.38555533	          0.78897428	          0.05000002	          0.05000010	          0.05000002	          0.37445168	          0.11534463	          0.12495405	          0.10092452	          0.37906263	          0.44993506	          0.31205058	          0.42463671	          0.27159794	          0.46415341	          0.05000000	          0.06946105	          0.22295144	          0.05000003	          0.05000000	          0.09626931	          0.05000000	          0.05000000	          0.05000000	          0.06946087	          0.05000009	          0.05893261	          0.05000004	          0.05000006	          0.05000023	          0.27150942	          0.06946108	          0.30261459	          0.05727923	          0.05000041	          0.10616464	          0.15788514	          0.11101816	          0.15650673	          0.16007304	          0.05000296	          0.05000345	          0.10056060	          0.05893285	          0.07990186	          0.11888655	          0.05000004	          0.05000009	          0.16020436	          0.05000024	          0.05000011	          0.05000004	          0.05000071	          0.05000064	          0.05000049	          0.05860807	          0.05000005	          0.05000001	          0.05000006	          0.08428741	          0.05000041	          0.32127649	          0.05000025	          0.12306497	          0.37692827	          0.61704236	          0.34516373	          0.06009819	          0.07668082	          0.10835378	
          0.01071914	         -2.92962348	         -1.42440097	          3.23201435	          0.01680901	          0.90802113	         -0.00291912	        -16.50431488	          1.69025693	          9.68672348	         28.63421970	          3.24390501	         -2.49038939	        -12.52804262	        -10.65041069	          5.30619229	          7.46877690	          1.74728864	          0.56073523	         -2.81623708	          2.72960838	         20.60516374	         -7.19646868	         -3.80761340	          0.68048304	         -1.88812696	          4.07420504	        -13.69844604	         19.33789222	         -6.04809301	        -13.45591426	          4.34877498	         35.54955574	         26.35303966	         86.51662706	         86.51662706	          0.32437593	          0.05000003	          0.05000000	          0.46825931	          0.15138086	          0.06449934	          0.05000056	          0.05000006	          0.05000003	          0.05732590	          0.08186798	          0.10288798	          0.05112328	          0.05000020	          0.05000051	          0.05000034	          0.49207841	          0.05897045	          0.05000007	          0.05000018	          0.05000011	          0.05000012	          0.32711541	          0.73272721	          0.05000000	          0.05000004	          0.05000002	          0.35684292	          0.14178947	          0.14541606	          0.12357054	          0.32160682	          0.38173689	          0.26475201	          0.37318480	          0.23043110	          0.39380058	          0.05000000	          0.05893261	          0.18915793	          0.05000001	          0.05000000	          0.08167745	          0.05000000	          0.05000005	          0.07113366	          0.05893261	          0.05893262	          0.05000006	          0.05893263	          0.05893262	          0.05893254	          0.24080230	          0.05893266	          0.26668276	          0.05893261	          0.05000011	          0.12620579	          0.19926063	          0.09419084	          0.13278489	          0.17403905	          0.05000003	          0.06436632	          0.08531846	          0.05000029	          0.06779094	          0.18778204	          0.05004194	          0.05000011	          0.33422300	          0.20117001	          0.11078298	          0.05000001	          0.05000003	          0.05000002	          0.05000002	          0.06029633	          0.05000711	          0.05000003	          0.05000042	          0.08187042	          0.08187038	          0.33102975	          0.05172926	          0.15601528	          0.38802845	          0.63592457	          0.37647717	          0.05098891	          0.06505805	          0.09193023	
          0.02143828	         -2.93017650	         -1.50475105	          3.49632071	          0.03389881	          0.90744682	         -0.00269429	        -16.65300127	          1.35572215	          9.52480142	         28.24693687	          3.52882455	         -2.41815649	        -13.83818300	        -11.45970730	          4.19965649	          6.70547692	          2.59298086	          0.57008301	         -4.02364597	          2.73667602	         23.66630797	         -7.14605228	         -3.62569248	          0.85761176	         -1.98636515	          3.64470240	        -13.65773783	         19.23733137	         -6.78137057	        -13.45113507	          4.09490954	         36.79456282	         25.88412237	         86.51662706	         86.51662706	          0.27520918	          0.05893253	          0.05893260	          0.39728368	          0.12843556	          0.05653748	          0.05000131	          0.05000023	          0.05000078	          0.05000002	          0.06945907	          0.19698916	          0.13025809	          0.05893267	          0.05893215	          0.05893317	          0.41749261	          0.05003228	          0.05001112	          0.05892251	          0.05893219	          0.05893246	          0.27753342	          0.67189030	          0.05893260	          0.05893259	          0.05000030	          0.30500709	          0.15857320	          0.16881793	          0.14458026	          0.27285978	          0.32387573	          0.22462265	          0.31661992	          0.19550389	          0.33411092	          0.05000000	          0.05000000	          0.16048663	          0.05000000	          0.05000000	          0.06929732	          0.06161126	          0.06926371	          0.06946105	          0.05000000	          0.05000002	          0.14482926	          0.05000002	          0.05000002	          0.05000003	          0.20430309	          0.05000004	          0.22626075	          0.05000001	          0.06946104	          0.10707647	          0.31980037	          0.33473985	          0.23197784	          0.20674362	          0.05000107	          0.06946153	          0.07238650	          0.10182243	          0.12866920	          0.19465926	          0.06946088	          0.06946105	          0.54645504	          0.17067801	          0.09399125	          0.06944308	          0.09260964	          0.09340947	          0.07001041	          0.06838239	          0.06946104	          0.06812061	          0.05000000	          0.06946106	          0.06946104	          0.40668561	          0.11207324	          0.13732753	          0.56938850	          0.68245833	          0.34159662	          0.05000000	          0.05519698	          0.07799606	
          0.03215742	         -2.92917547	         -1.62203007	          3.74620963	          0.05119373	          0.90695271	         -0.00247672	        -16.70341266	          0.98418722	          9.32302090	         27.80032147	          3.74020208	         -2.27386267	        -15.25103112	        -12.50818285	          2.84417768	          5.79396704	          3.43555428	          0.60588978	         -5.26790753	          2.83602566	         26.85065729	         -7.05376604	         -3.43228196	          1.07367418	         -2.07498667	          3.14807996	        -13.61722114	         19.11174025	         -7.50750748	        -13.47236850	          4.02234219	         38.07058162	         25.38656759	         86.51662706	         86.51662706	          0.25710059	          0.05000000	          0.05000000	          0.33709543	          0.10896817	          0.05000002	          0.05000055	          0.05000004	          0.05000001	          0.05000056	          0.05893265	          0.24778417	          0.11051467	          0.05000013	          0.05000021	          0.05000055	          0.49158098	          0.06945999	          0.05000006	          0.05000011	          0.05000006	          0.05000005	          0.23546675	          0.71191248	          0.05000000	          0.05000003	          0.05000000	          0.25877614	          0.13453774	          0.14322964	          0.12266575	          0.23150149	          0.27478479	          0.19057583	          0.26862876	          0.16587071	          0.28346861	          0.11792122	          0.09485771	          0.13616115	          0.05000003	          0.05000004	          0.05879370	          0.09224395	          0.05876517	          0.05893261	          0.34988937	          0.35384264	          0.41215447	          0.44586981	          0.31700144	          0.26889879	          0.18085488	          0.15120173	          0.20192219	          0.09649646	          0.05893271	          0.09084656	          0.27132720	          0.28400222	          0.19681625	          0.25575534	          0.05000008	          0.05893425	          0.21361640	          0.24803513	          0.21983551	          0.25764628	          0.05893262	          0.05893262	          0.46362700	          0.14480780	          0.13669949	          0.05891736	          0.07857248	          0.07925108	          0.05939870	          0.05801744	          0.05893260	          0.05779534	          0.06946109	          0.05893262	          0.05893260	          0.45905710	          0.09508592	          0.11651239	          0.48308435	          0.81480233	          0.61600388	          0.07849550	          0.09649675	          0.06617393	
          0.04287657	         -2.92900224	         -1.74475474	          3.96324245	          0.06837133	          0.90671163	         -0.00221552	        -16.54382525	          0.62193718	          9.09497003	         27.38467238	          3.92907782	         -2.18947107	        -16.92539013	        -13.53393625	          1.24020589	          4.51175531	          4.33970602	          0.62344703	         -6.48789202	          3.03453054	         29.89634862	         -7.06317064	         -3.25696093	          1.29385898	         -2.15115474	          2.64403183	        -13.57936923	         18.98264993	         -8.13738054	        -13.49837219	          4.13451832	         39.31009891	         24.78103096	         86.51662706	         86.51662706	          0.21813099	          0.05000008	          0.05000004	          0.28600074	          0.09245151	          0.05000016	          0.05000533	          0.05000024	          0.05001090	          0.05000002	          0.05000015	          0.31445464	          0.24445284	          0.29090600	          0.13406116	          0.11378720	          0.47551560	          0.05893177	          0.05000013	          0.05000081	          0.05000099	          0.09650077	          0.19977626	          0.67287033	          0.05000002	          0.05000030	          0.05000018	          0.26579112	          0.13405539	          0.13405539	          0.12337683	          0.19641202	          0.23313472	          0.16168960	          0.22791179	          0.14072912	          0.24050233	          0.28213697	          0.10353620	          0.12073890	          0.37980938	          0.23368184	          0.05000002	          0.12230050	          0.05000000	          0.05000000	          0.43697965	          0.46030822	          0.43174586	          0.37828786	          0.26895265	          0.22814109	          0.15344210	          0.15143657	          0.17131618	          0.08187017	          0.05000011	          0.07707665	          0.23020146	          0.40659906	          0.41481022	          0.31640212	          0.05000005	          0.05000156	          0.20842900	          0.36002984	          0.30687137	          0.35744646	          0.05000001	          0.05000002	          0.39335350	          0.12285881	          0.11597953	          0.05000000	          0.16381391	          0.19228747	          0.13921303	          0.05000000	          0.05000000	          0.05000000	          0.05893265	          0.05000001	          0.05000001	          0.54619480	          0.11822758	          0.17755049	          0.59622745	          0.89198842	          0.77604455	          0.09886718	          0.08187041	          0.05614373	
          0.05359571	         -2.92929285	         -1.85920251	          4.14508540	          0.08522966	          0.90677055	         -0.00192218	        -16.11808117	          0.30577093	          8.90222093	         27.02737339	          4.12186277	         -2.13198823	        -18.95458026	        -14.59585896	         -0.56223068	          3.14397747	          5.32472870	          0.62289350	         -7.50354411	          3.23323835	         32.31360316	         -7.12036788	         -3.11382206	          1.50644298	         -2.21770773	          2.17316493	        -13.54171075	         18.87056517	         -8.63111746	        -13.52537478	          4.41492644	         40.46863066	         24.05414749	         86.51662706	         86.51662706	          0.18506814	          0.05000010	          0.05000004	          0.24265065	          0.07843834	          0.05000010	          0.05000218	          0.05000055	          0.05916166	          0.05000001	          0.05000008	          0.35159080	          0.55934705	          0.37339750	          0.11374183	          0.09654014	          0.49212703	          0.05000015	          0.05000009	          0.05386780	          0.06948695	          0.08187438	          0.16949550	          0.63383413	          0.16774483	          0.05000056	          0.05000014	          0.22550437	          0.11373616	          0.11373617	          0.10467619	          0.16664118	          0.19779770	          0.13718175	          0.19336643	          0.11939833	          0.20404861	          0.29642884	          0.08784288	          0.10243832	          0.32224039	          0.32595675	          0.44593797	          0.13640804	          0.05000000	          0.05000000	          0.52304467	          0.51813218	          0.49641593	          0.32094950	          0.22818662	          0.19356118	          0.13018437	          0.13899315	          0.14534924	          0.06946083	          0.05000003	          0.06539391	          0.34787408	          0.49176893	          0.45642817	          0.33239729	          0.05000005	          0.05000032	          0.17683726	          0.41866642	          0.35401421	          0.39285014	          0.05000000	          0.05000001	          0.40276152	          0.10423673	          0.09840030	          0.05000001	          0.32584472	          0.34528773	          0.27717840	          0.05000000	          0.05000001	          0.05000000	          0.05000005	          0.05000013	          0.05000014	          0.63215920	          0.17224167	          0.15063870	          0.51867130	          0.93700514	          0.86938398	          0.10411348	          0.06946104	          0.05000000	
          0.06431485	         -2.92960872	         -1.96336791	          4.29550188	          0.10171544	          0.90705915	         -0.00162041	        -15.42410029	          0.05270575	          8.75046524	         26.63594598	          4.32336123	         -2.05571646	        -21.33295306	        -15.61057839	         -2.52367278	          2.10687065	          6.36880635	          0.60130470	         -8.20943624	          3.37726474	         33.90809436	         -7.19870959	         -3.00229216	          1.70878213	         -2.27461624	          1.74781510	        -13.50667945	         18.79017386	         -8.99676662	        -13.55620190	          4.82539836	         41.54286268	         23.24402423	         86.51662706	         86.51662706	          0.15701674	          0.05000018	          0.05001627	          0.20587130	          0.06654924	          0.05000072	          0.05000462	          0.05000017	          0.05019444	          0.05000004	          0.05000027	          0.32905994	          0.52930427	          0.31680042	          0.09650171	          0.08190724	          0.51790296	          0.18065309	          0.08109573	          0.05000244	          0.05895474	          0.06946445	          0.14380451	          0.56338856	          0.19722124	          0.08790796	          0.06946194	          0.28348430	          0.09649679	          0.09649679	          0.08881007	          0.14138281	          0.16781683	          0.11638865	          0.22246843	          0.10130072	          0.18497632	          0.25149811	          0.07452824	          0.11395609	          0.27339732	          0.45272333	          0.67685818	          0.15734311	          0.05971481	          0.05000000	          0.59194454	          0.57001113	          0.54126718	          0.27230221	          0.19359978	          0.21461474	          0.11047113	          0.13814355	          0.13100113	          0.05893244	          0.05000008	          0.05893242	          0.33022919	          0.41727913	          0.46159967	          0.35345057	          0.05000005	          0.05000737	          0.15003431	          0.45074818	          0.37786578	          0.41595416	          0.05000002	          0.05000001	          0.34171362	          0.08843726	          0.11364355	          0.05000001	          0.33644620	          0.38073317	          0.29191473	          0.05000000	          0.05000001	          0.05000000	          0.05000006	          0.05000008	          0.05000010	          0.65396221	          0.14613446	          0.14466323	          0.63881006	          0.96325994	          0.92382170	          0.10420130	          0.05893259	          0.05000001	
          0.07503399	         -2.93006226	         -2.06205724	          4.42338270	          0.11782809	          0.90753840	         -0.00130913	        -14.52987884	         -0.14793572	          8.60631569	         26.18169138	          4.53598994	         -1.95282143	        -23.89599059	        -16.52648295	         -4.50817843	          1.35625963	          7.32154175	          0.56570712	         -8.53721101	          3.48893184	         34.52555467	         -7.34112975	         -2.91716551	          1.89979164	         -2.32426438	          1.37438976	        -13.47797973	         18.75103662	         -9.24903687	        -13.58608870	          5.32428464	         42.52586868	         22.38152779	         86.51662706	         86.51662706	          0.13321719	          0.05000124	          0.05893272	          0.17466682	          0.06067559	          0.05893353	          0.05000074	          0.05000007	          0.05000009	          0.05000004	          0.10949156	          0.30874508	          0.44907593	          0.26878195	          0.08187469	          0.06949229	          0.53257475	          0.25269637	          0.06880763	          0.05000139	          0.05001893	          0.05893552	          0.14823288	          0.48365248	          0.16732779	          0.07458392	          0.05893348	          0.26559535	          0.08187045	          0.08187045	          0.07534882	          0.11995294	          0.14238026	          0.09874722	          0.22008307	          0.08594623	          0.25870987	          0.21337768	          0.06323175	          0.09668339	          0.23195756	          0.42732517	          0.81153619	          0.16350986	          0.08097161	          0.05000000	          0.65705278	          0.59652582	          0.55692686	          0.23102849	          0.16425534	          0.21088232	          0.09372675	          0.12435578	          0.11221056	          0.05000005	          0.05000007	          0.05000012	          0.28017530	          0.35403105	          0.41170453	          0.34951276	          0.05000006	          0.05000049	          0.12729331	          0.45471224	          0.37656492	          0.39931243	          0.05000001	          0.05000001	          0.28991897	          0.07503261	          0.09649691	          0.05000001	          0.36669500	          0.40399697	          0.31293947	          0.05000000	          0.05000001	          0.05000000	          0.05000004	          0.05000004	          0.05000005	          0.69429231	          0.14675111	          0.15275564	          0.64428659	          0.97857235	          0.95557105	          0.10971972	          0.05000000	          0.05000001	
          0.08575313	         -2.93017368	         -2.15471628	          4.53929225	          0.13359243	          0.90818279	         -0.00098231	        -13.50387634	         -0.30646927	          8.44810592	         25.67668568	          4.75778788	         -1.81714537	        -26.51067034	        -17.36136431	         -5.88698348	          0.85829029	          8.09508426	          0.51525012	         -8.54676821	          3.57075178	         34.51841629	         -7.55010328	         -2.85393091	          2.07218516	         -2.36587105	          1.05767061	        -13.45925199	         18.75853361	         -9.40793549	        -13.60752784	          5.87242330	         43.41150223	         21.49503031	         86.51662706	         86.51662706	          0.11302502	          0.05000009	          0.05000014	          0.20198062	          0.05477927	          0.05000099	          0.05000179	          0.05000012	          0.05000016	          0.05000012	          0.15616613	          0.29487914	          0.38101497	          0.22804181	          0.06946474	          0.05895912	          0.54728914	          0.35166360	          0.11364707	          0.05000059	          0.05000023	          0.05000251	          0.16816425	          0.41034364	          0.14196537	          0.06327912	          0.05000078	          0.22533821	          0.06946107	          0.06946107	          0.06392795	          0.10177127	          0.13941881	          0.08377977	          0.18672436	          0.12125376	          0.21949639	          0.22091344	          0.05364750	          0.08202876	          0.19679896	          0.36255405	          0.75636357	          0.15546619	          0.09683130	          0.05000000	          0.69016811	          0.59391221	          0.55090801	          0.19601077	          0.13935868	          0.17891835	          0.07952032	          0.10961340	          0.09520468	          0.05000006	          0.05000007	          0.05000026	          0.25625567	          0.33251290	          0.38376039	          0.33685517	          0.05000006	          0.05000088	          0.10800084	          0.43590293	          0.36054167	          0.37533111	          0.05000001	          0.05000001	          0.24597503	          0.06365994	          0.08187162	          0.05000001	          0.38297282	          0.42662018	          0.32915210	          0.05000000	          0.05000001	          0.05000000	          0.05000010	          0.05000004	          0.05000005	          0.72862106	          0.15800360	          0.14928636	          0.60646794	          0.98750289	          0.97408800	          0.12010559	          0.05000000	          0.05000001	
          0.09647227	         -2.92976386	         -2.23947323	          4.65261076	          0.14903194	          0.90898228	         -0.00064279	        -12.36484118	         -0.43782227	          8.25930180	         25.12937688	          4.98758353	         -1.63669304	        -29.06732797	        -18.13178760	         -6.33937723	          0.61343471	          8.67281766	          0.45420460	         -8.48167752	          3.62899879	         34.35895268	         -7.76895630	         -2.80999439	          2.22246502	         -2.39857924	          0.80000183	        -13.45096954	         18.81105472	         -9.49079796	        -13.61560049	          6.43731042	         44.19594668	         20.60875058	         86.51662706	         86.51662706	          0.09589344	          0.05000007	          0.05000004	          0.19379459	          0.05000166	          0.05000030	          0.05000264	          0.05000018	          0.05000021	          0.05000054	          0.17095325	          0.27537662	          0.36828555	          0.19347681	          0.05893586	          0.05002251	          0.55166438	          0.38598992	          0.13734820	          0.05000044	          0.05000021	          0.05000009	          0.16065946	          0.34814646	          0.12044721	          0.05368798	          0.05000024	          0.19118297	          0.05893262	          0.05893262	          0.05423817	          0.08689381	          0.12806004	          0.07111552	          0.15842193	          0.10287497	          0.18622661	          0.23427904	          0.05000007	          0.06959541	          0.16696949	          0.47548668	          0.78777664	          0.14886957	          0.09158463	          0.05000000	          0.73526089	          0.58508426	          0.52663214	          0.16630081	          0.11823570	          0.15179930	          0.06746757	          0.10048325	          0.08352108	          0.05000005	          0.05000007	          0.05000014	          0.22737624	          0.35102186	          0.37253182	          0.32506443	          0.05000006	          0.05000069	          0.09163144	          0.41099184	          0.33854991	          0.34787164	          0.05000001	          0.05000001	          0.20869179	          0.05666824	          0.06946214	          0.05000002	          0.39018762	          0.43720298	          0.33497500	          0.05000000	          0.05000001	          0.05000000	          0.05000057	          0.05000002	          0.05000002	          0.73320093	          0.13405543	          0.13943900	          0.51943527	          0.99271140	          0.98488751	          0.12635923	          0.05000000	          0.05000001	
          0.10719142	         -2.92847624	         -2.31675210	          4.76419718	          0.16417796	          0.90992797	         -0.00030010	        -11.10882149	         -0.54945494	          8.04011780	         24.54201859	          5.22695935	         -1.40216054	        -31.53613990	        -18.84917849	         -6.22829125	          0.65288447	          9.09885754	          0.38486413	         -8.40216879	          3.69757493	         34.08725984	         -7.92565679	         -2.78169323	          2.35437806	         -2.42100246	          0.59460571	        -13.44998081	         18.89539221	         -9.50984035	        -13.61201167	          7.00174299	         44.88258197	         19.74249243	         86.51662706	         86.51662706	          0.08135857	          0.05000006	          0.05000005	          0.18473885	          0.05000116	          0.05000027	          0.05000158	          0.05000022	          0.05000022	          0.05005003	          0.17685943	          0.25368623	          0.36312340	          0.16415095	          0.05000295	          0.05000006	          0.55492493	          0.39442402	          0.15180092	          0.05000043	          0.05000019	          0.05000009	          0.15312288	          0.29537672	          0.10219063	          0.05000080	          0.05000012	          0.16220475	          0.05000002	          0.05000002	          0.05000000	          0.07372316	          0.10864974	          0.06246218	          0.13440954	          0.08728195	          0.15799964	          0.23678666	          0.05000015	          0.05904664	          0.14166139	          0.47625607	          0.79378528	          0.14960790	          0.08605669	          0.05000000	          0.76911049	          0.58146599	          0.50398574	          0.14629879	          0.10031530	          0.14570356	          0.05912535	          0.09044895	          0.07404754	          0.05000005	          0.05000007	          0.05000105	          0.23977196	          0.30497882	          0.34598297	          0.30839771	          0.05000007	          0.05000152	          0.07774291	          0.38343265	          0.31266675	          0.31606224	          0.05000002	          0.05000002	          0.17705968	          0.05000033	          0.05893363	          0.05000002	          0.42945293	          0.45801578	          0.37241452	          0.05000000	          0.05000001	          0.05000000	          0.12873868	          0.05000017	          0.05000013	          0.70787261	          0.11373620	          0.11830376	          0.44070272	          0.99574910	          0.99118600	          0.12262155	          0.05000000	          0.05000001	
          0.11791056	         -2.92635142	         -2.38777274	          4.87011164	          0.17905924	          0.91102370	          0.00003967	         -9.73732931	         -0.64306402	          7.79242709	         23.90167352	          5.47343749	         -1.12645054	        -33.91950027	        -19.49607011	         -5.78762382	          1.01134596	          9.38493554	          0.29429324	         -8.31955840	          3.79529095	         33.72040983	         -7.98888678	         -2.76549602	          2.47190503	         -2.43245567	          0.43148406	        -13.45221837	         18.99379069	         -9.47095852	        -13.59985159	          7.55901034	         45.47559894	         18.90916124	         86.51662706	         86.51662706	          0.06902680	          0.05000005	          0.05000003	          0.28338662	          0.05000084	          0.05000022	          0.05000605	          0.06535796	          0.05000036	          0.06790765	          0.18396606	          0.23374979	          0.34843097	          0.13927009	          0.05000061	          0.05000007	          0.55344932	          0.39366211	          0.17224048	          0.05000035	          0.05000015	          0.05000006	          0.14359442	          0.25060547	          0.08670126	          0.05000068	          0.05000011	          0.13761889	          0.05000001	          0.05000001	          0.05000000	          0.06981471	          0.09449508	          0.05356296	          0.12002779	          0.07405264	          0.13405113	          0.22966257	          0.05197795	          0.05009681	          0.12018958	          0.47049394	          0.76223414	          0.14526102	          0.07737583	          0.05000000	          0.79600756	          0.57547601	          0.47969642	          0.20332643	          0.18653963	          0.18982983	          0.05052107	          0.07957875	          0.06424086	          0.05000004	          0.05000007	          0.05000018	          0.20342900	          0.25875443	          0.31020390	          0.28811442	          0.05000009	          0.05000074	          0.06595935	          0.35628216	          0.28459656	          0.27923496	          0.05000001	          0.05000001	          0.15022216	          0.05000039	          0.05000100	          0.05000003	          0.43869405	          0.53988513	          0.37140078	          0.05000001	          0.05000003	          0.05000000	          0.15996078	          0.05355462	          0.05773527	          0.64376324	          0.09649683	          0.10037206	          0.37390392	          0.84483215	          0.92242696	          0.11666982	          0.05000000	          0.05000001	
          0.12862970	         -2.92413264	         -2.45054293	          4.96587627	          0.19368731	          0.91229575	          0.00037128	         -8.25916249	         -0.71910933	          7.51777776	         23.19039986	          5.72086857	         -0.81748403	        -36.20472711	        -20.02833448	         -5.14778821	          1.61902501	          9.54494031	          0.18126409	         -8.22244544	          3.85412593	         33.28207946	         -8.01331153	         -2.76059276	          2.57545724	         -2.43279944	          0.30530234	        -13.45358257	         19.09360219	         -9.37463892	        -13.58059218	          8.10302740	         45.97199084	         18.11631222	         86.51662706	         86.51662706	          0.05856426	          0.05000004	          0.05000002	          0.42013554	          0.05000640	          0.05000017	          0.05003096	          0.10212394	          0.05000052	          0.08919742	          0.19593547	          0.21758729	          0.33949186	          0.11816051	          0.05000053	          0.05000006	          0.54533126	          0.39714959	          0.19926668	          0.05000028	          0.05000011	          0.05000004	          0.13422639	          0.21262035	          0.07355967	          0.05000042	          0.05000007	          0.16145443	          0.05000000	          0.05000000	          0.05000000	          0.05972195	          0.08017230	          0.05000001	          0.10900879	          0.06321081	          0.11373258	          0.23367449	          0.05000014	          0.05000004	          0.10197304	          0.45532353	          0.74633234	          0.13757255	          0.07394688	          0.05000001	          0.80911694	          0.56154279	          0.45705286	          0.28780074	          0.23707571	          0.23214283	          0.05346448	          0.07964106	          0.06414523	          0.05000004	          0.05000008	          0.05000028	          0.17259464	          0.21953676	          0.28313411	          0.26709762	          0.05000009	          0.05000092	          0.05596201	          0.32992235	          0.25693491	          0.24618448	          0.05000001	          0.05000002	          0.12745249	          0.05000033	          0.05000035	          0.05000003	          0.48824817	          0.47529623	          0.41591785	          0.05000003	          0.05000009	          0.05000003	          0.17063359	          0.05000135	          0.05774738	          0.57029595	          0.08187049	          0.08515834	          0.31723005	          0.77704507	          0.78261175	          0.11112667	          0.05000000	          0.05000001	
          0.13934884	         -2.92257485	         -2.50156781	          5.04888860	          0.20807948	          0.91375007	          0.00069014	         -6.69015323	         -0.77933763	          7.21722859	         22.38907422	          5.96237149	         -0.47611706	        -38.36262907	        -20.39022038	         -4.38547092	          2.32594275	          9.58938475	          0.07015547	         -8.10537341	          3.87252649	         32.78296648	         -8.00929292	         -2.76652814	          2.66341941	         -2.42217089	          0.21101972	        -13.45275592	         19.18817858	         -9.22563339	        -13.55558594	          8.62343366	         46.37233361	         17.37698435	         86.51662706	         86.51662706	          0.05116974	          0.05000004	          0.05000002	          0.53999539	          0.05001935	          0.05000016	          0.05210528	          0.12942587	          0.05012617	          0.11091917	          0.20180013	          0.19953481	          0.33504991	          0.10025057	          0.05000049	          0.05000005	          0.53772630	          0.38355357	          0.22283277	          0.05000024	          0.05000008	          0.05000003	          0.12530634	          0.18039277	          0.06240999	          0.05000031	          0.05000006	          0.17926595	          0.05000000	          0.05000000	          0.05000000	          0.05066975	          0.06802037	          0.05000000	          0.10112375	          0.05536175	          0.09649379	          0.23740397	          0.05000008	          0.05000003	          0.10365880	          0.43831401	          0.74262124	          0.12704872	          0.06345311	          0.05000001	          0.80865809	          0.53575585	          0.42653087	          0.35530945	          0.28006544	          0.26919773	          0.06363367	          0.09076861	          0.07010669	          0.05000004	          0.05000007	          0.05000020	          0.14643393	          0.18626145	          0.26966332	          0.24509983	          0.05000008	          0.05000075	          0.05000074	          0.30319632	          0.22673615	          0.21183335	          0.05000001	          0.05000001	          0.10813409	          0.05000030	          0.05000038	          0.05000002	          0.42318305	          0.51089916	          0.37439390	          0.05000003	          0.05000009	          0.06444430	          0.18483847	          0.05000023	          0.05000030	          0.49982397	          0.06946113	          0.07225063	          0.26914646	          0.74848449	          0.67424149	          0.10393126	          0.05000000	          0.05000002	
          0.15006798	         -2.92194950	         -2.53733008	          5.11634729	          0.22225693	          0.91534941	          0.00099185	         -5.04833038	         -0.82546671	          6.89163607	         21.49702124	          6.18994929	         -0.10554424	        -40.36427572	        -20.56414063	         -3.55013074	          3.00542007	          9.53066970	         -0.02638409	         -7.96926861	          3.88010135	         32.22975270	         -7.96373465	         -2.78334485	          2.73466693	         -2.40095266	          0.14119931	        -13.45098883	         19.27137077	         -9.03173659	        -13.52850250	          9.10996175	         46.68661203	         16.70952393	         86.51662706	         86.51662706	          0.07044329	          0.05000004	          0.05000002	          0.58762221	          0.06715157	          0.05000015	          0.05788082	          0.14372063	          0.05263522	          0.13101909	          0.21021538	          0.19065660	          0.31738610	          0.08505531	          0.05000039	          0.05000004	          0.52436665	          0.38125988	          0.24726439	          0.05000021	          0.05000007	          0.05000002	          0.11946012	          0.15305004	          0.05295032	          0.05000032	          0.05000006	          0.18610680	          0.05000000	          0.05000000	          0.05000000	          0.05000006	          0.05771035	          0.05000000	          0.09349823	          0.05022553	          0.08186794	          0.24202823	          0.05000009	          0.05000003	          0.12645666	          0.42066266	          0.74989453	          0.11828408	          0.06014732	          0.05000001	          0.79878770	          0.50019155	          0.38731417	          0.41414998	          0.33755548	          0.31852059	          0.07534968	          0.10360139	          0.07589696	          0.05000007	          0.05000008	          0.05000024	          0.12423847	          0.15802939	          0.22879112	          0.21562607	          0.05000010	          0.05000082	          0.05031376	          0.26343082	          0.19236916	          0.17972512	          0.05000002	          0.05000002	          0.09174386	          0.05000026	          0.05000028	          0.05000002	          0.42583445	          0.50428346	          0.38021033	          0.05000003	          0.05000006	          0.07922700	          0.19909004	          0.05000027	          0.05000027	          0.44054189	          0.05893275	          0.06131336	          0.22835116	          0.69381973	          0.62835996	          0.09751974	          0.05000000	          0.05000002	
          0.16078712	         -2.92227099	         -2.55544248	          5.16602485	          0.23624478	          0.91703793	          0.00127505	         -3.34851531	         -0.85944221	          6.54511698	         20.51182630	          6.39632533	          0.28859143	        -42.19540248	        -20.54110140	         -2.67239881	          3.61228689	          9.38249900	         -0.10302410	         -7.81722154	          3.88569994	         31.62764026	         -7.85673305	         -2.81078812	          2.78824334	         -2.36912895	          0.08863091	        -13.45000639	         19.33721774	         -8.80123398	        -13.50286669	          9.55438571	         46.92548641	         16.12911606	         86.51662706	         86.51662706	          0.07875502	          0.05000004	          0.05000002	          0.61322229	          0.08576577	          0.05000016	          0.06035222	          0.14330918	          0.05150003	          0.14998245	          0.21185217	          0.18183719	          0.30311581	          0.07216325	          0.05000036	          0.05000004	          0.51033332	          0.36938305	          0.26609374	          0.05000019	          0.05000006	          0.05000002	          0.11311260	          0.12985180	          0.05000007	          0.05000033	          0.05000006	          0.18421831	          0.05000000	          0.05000000	          0.05000000	          0.05000005	          0.05000010	          0.05000000	          0.08227082	          0.05000121	          0.06945900	          0.24767170	          0.05000007	          0.05000003	          0.14244425	          0.40486104	          0.76050543	          0.11145001	          0.05268188	          0.05000001	          0.77639576	          0.46654270	          0.35907174	          0.46663991	          0.40219482	          0.37801081	          0.08355223	          0.11305325	          0.08092148	          0.05000014	          0.05000010	          0.05000015	          0.10540725	          0.13407648	          0.19411330	          0.18961945	          0.05000011	          0.05000067	          0.05897821	          0.23876857	          0.16321171	          0.15248367	          0.05000002	          0.05000002	          0.07783795	          0.05000029	          0.05000051	          0.05000001	          0.40897579	          0.48742539	          0.36624522	          0.05000003	          0.05000005	          0.09789975	          0.21524353	          0.05000048	          0.05000038	          0.39494715	          0.05000026	          0.06791999	          0.19375590	          0.64822462	          0.54421402	          0.08970950	          0.05000001	          0.05000002	
          0.17150627	         -2.92348783	         -2.55498741	          5.19530989	          0.25005974	          0.91876475	          0.00154018	         -1.60156598	         -0.88240524	          6.18328427	         19.44039310	          6.57649664	          0.69846752	        -43.85242813	        -20.33624689	         -1.77309112	          4.14878899	          9.15733912	         -0.16654766	         -7.65086706	          3.88803931	         30.98216481	         -7.68966562	         -2.84917035	          2.82448488	         -2.32687963	          0.04829129	        -13.44972008	         19.37782182	         -8.53759535	        -13.48147021	          9.95340261	         47.09432072	         15.64167862	         86.51662706	         86.51662706	          0.08682859	          0.05000004	          0.05000002	          0.62614201	          0.11221676	          0.05000017	          0.05278747	          0.13405549	          0.05000085	          0.16591980	          0.21078933	          0.17386073	          0.28307141	          0.06122529	          0.05000029	          0.05000003	          0.49372834	          0.35572410	          0.27729012	          0.05000016	          0.05000005	          0.05000001	          0.10769179	          0.11419963	          0.05000010	          0.05000034	          0.05000007	          0.17419598	          0.05000000	          0.05000000	          0.05000000	          0.05000003	          0.05000008	          0.05000000	          0.07110447	          0.05000069	          0.05893096	          0.25386269	          0.05000007	          0.05000003	          0.15619182	          0.39182645	          0.77501257	          0.10699235	          0.05000012	          0.05000002	          0.74715063	          0.43952436	          0.33995480	          0.50556547	          0.45985557	          0.43040473	          0.08642566	          0.11588770	          0.08257093	          0.05000020	          0.05000010	          0.05000011	          0.08943033	          0.11375419	          0.16469253	          0.17128575	          0.05000011	          0.05000056	          0.05006313	          0.22859969	          0.14629255	          0.12937149	          0.05000002	          0.05000002	          0.06603981	          0.05000032	          0.05000118	          0.05000001	          0.37739733	          0.45337239	          0.33942293	          0.06384692	          0.05000004	          0.11518223	          0.22957462	          0.05000089	          0.05000049	          0.35659588	          0.05000017	          0.07815207	          0.19537725	          0.60826478	          0.47502527	          0.08601558	          0.05000001	          0.05000002	
          0.18222541	         -2.92534638	         -2.53561014	          5.20284222	          0.26371240	          0.92048131	          0.00178875	          0.18359219	         -0.89616223	          5.81146724	         18.30113824	          6.72724352	          1.11749064	        -45.33683725	        -19.98538945	         -0.86571001	          4.62389823	          8.86801996	         -0.22235263	         -7.47249654	          3.88851108	         30.29687798	         -7.47287200	         -2.89882723	          2.84377198	         -2.27432561	          0.01788606	        -13.44971087	         19.38713376	         -8.24217632	        -13.46571263	         10.30555152	         47.19514867	         15.24686956	         86.51662706	         86.51662706	          0.08319778	          0.05000004	          0.05000002	          0.63599848	          0.14472459	          0.05000019	          0.05007760	          0.11373628	          0.05000036	          0.18157210	          0.21021939	          0.16680142	          0.25736541	          0.05194528	          0.05000026	          0.05000003	          0.47574248	          0.34235421	          0.28397264	          0.05000015	          0.05000004	          0.05000001	          0.10364019	          0.10685657	          0.05000009	          0.05000036	          0.05000007	          0.15807295	          0.05000001	          0.05000000	          0.05000000	          0.05000002	          0.05000006	          0.05000000	          0.06141915	          0.05000061	          0.05000031	          0.25945016	          0.05000006	          0.05000003	          0.17273599	          0.38109877	          0.78392177	          0.10495517	          0.05000007	          0.05000002	          0.71406129	          0.41975997	          0.32621005	          0.55265747	          0.51006371	          0.46984421	          0.08368952	          0.11130514	          0.08033134	          0.05000009	          0.05000009	          0.05000008	          0.07587509	          0.09651222	          0.13978617	          0.16255066	          0.05000012	          0.05000045	          0.05000053	          0.22777892	          0.14262888	          0.12338917	          0.05000001	          0.05000001	          0.05602997	          0.05000030	          0.05000539	          0.05000002	          0.33785812	          0.40973523	          0.30483722	          0.08288690	          0.05000004	          0.13261211	          0.24302066	          0.05000059	          0.05000043	          0.32294982	          0.05000017	          0.09661283	          0.20931670	          0.57226962	          0.40673284	          0.08586797	          0.05000001	          0.05000002	
          0.19294455	         -2.92740025	         -2.49707058	          5.18861917	          0.27721525	          0.92214118	          0.00202215	          1.99911980	         -0.90270977	          5.43418475	         17.11174938	          6.84664922	          1.54183258	        -46.65369640	        -19.52299031	          0.04168106	          5.04564496	          8.52678372	         -0.27334919	         -7.28499805	          3.88709008	         29.57491279	         -7.21881056	         -2.95911745	          2.84603860	         -2.21156823	         -0.00433081	        -13.44973228	         19.36030499	         -7.91661609	        -13.45570105	         10.60919975	         47.22987659	         14.94115561	         86.51662706	         86.51662706	          0.08835673	          0.05000004	          0.05000002	          0.57057731	          0.18082166	          0.05000020	          0.05000835	          0.09649690	          0.05000017	          0.19814246	          0.21122062	          0.16252723	          0.22565727	          0.05000026	          0.05000021	          0.05000002	          0.45617084	          0.33462438	          0.28693494	          0.05000012	          0.05000003	          0.05000001	          0.10208981	          0.10374999	          0.05000009	          0.05000038	          0.05000008	          0.13917558	          0.05000001	          0.05000001	          0.05000000	          0.05000002	          0.05000005	          0.05000000	          0.05267742	          0.05000050	          0.05000035	          0.26385483	          0.05000006	          0.05000003	          0.19130770	          0.37362149	          0.79087265	          0.10560748	          0.05000004	          0.05000002	          0.67878871	          0.40424284	          0.31453589	          0.59259277	          0.54782672	          0.49982688	          0.07665274	          0.09988294	          0.07514264	          0.05000005	          0.05000009	          0.05000007	          0.06437447	          0.08188371	          0.13571432	          0.16099027	          0.05000013	          0.05000038	          0.05000032	          0.23079522	          0.14462467	          0.12771379	          0.05000001	          0.05000001	          0.05000011	          0.05000028	          0.05017617	          0.05000003	          0.29888708	          0.36315577	          0.26889505	          0.10383206	          0.05000004	          0.14908083	          0.25626503	          0.05000039	          0.05000034	          0.29170544	          0.05000102	          0.11726761	          0.21858108	          0.54013335	          0.34540051	          0.08667021	          0.05000001	          0.05000002	
          0.20366369	         -2.92912013	         -2.43913337	          5.15277449	          0.29058464	          0.92370394	          0.00224126	          3.83761323	         -0.90279143	          5.05440286	         15.88369900	          6.93354423	          1.96867966	        -47.81104749	        -18.97248884	          0.94367994	          5.42051033	          8.14576293	         -0.32172424	         -7.08899726	          3.88529524	         28.81854064	         -6.93490566	         -3.02838011	          2.83094753	         -2.13892675	         -0.02135691	        -13.44973258	         19.29217474	         -7.56261350	        -13.45073944	         10.86269633	         47.20213807	         14.71900266	         86.51662706	         86.51662706	          0.09144567	          0.05000005	          0.05000002	          0.48409328	          0.15800567	          0.05000024	          0.05000187	          0.08187055	          0.05000011	          0.21606646	          0.21464978	          0.15726667	          0.19145582	          0.05000024	          0.05000017	          0.05000002	          0.43515890	          0.32259482	          0.28530424	          0.05000011	          0.05000003	          0.05000001	          0.10095572	          0.10238930	          0.05000009	          0.05000040	          0.05000008	          0.11918667	          0.05000001	          0.05000001	          0.05000000	          0.05000001	          0.05000004	          0.05000000	          0.05000018	          0.05000031	          0.05000028	          0.26601507	          0.05000007	          0.05000003	          0.23490166	          0.36983036	          0.79276295	          0.10690477	          0.05000004	          0.05000002	          0.64132757	          0.38897852	          0.30208980	          0.61479359	          0.56845376	          0.51841778	          0.06730580	          0.08476676	          0.06870087	          0.05000004	          0.05000008	          0.05000006	          0.05461706	          0.06947253	          0.13387893	          0.16151190	          0.05000014	          0.05000033	          0.05000022	          0.23244490	          0.14698241	          0.13296207	          0.05000001	          0.05000001	          0.05000013	          0.05000026	          0.06410917	          0.05000005	          0.27204570	          0.32061872	          0.23937390	          0.12596841	          0.05000003	          0.16441253	          0.26962711	          0.05000038	          0.05000035	          0.26352965	          0.06173505	          0.13351218	          0.21336783	          0.51148851	          0.29541014	          0.08698458	          0.05000002	          0.05000001	
          0.21438283	         -2.93007180	         -2.36178311	          5.09528401	          0.30383799	          0.92513976	          0.00244556	          5.69222311	         -0.89521878	          4.67361618	         14.62141674	          6.98739206	          2.39623974	        -48.81878231	        -18.34435658	          1.83455879	          5.75421667	          7.73625960	         -0.37059029	         -6.88434365	          3.88498923	         28.02829493	         -6.62504375	         -3.10462176	          2.79839546	         -2.05684753	         -0.03643494	        -13.44971159	         19.17922257	         -7.18176848	        -13.44970711	         11.06400739	         47.11566948	         14.57447964	         86.51662706	         86.51662706	          0.07758527	          0.05000005	          0.05000002	          0.41071771	          0.13405653	          0.05000024	          0.05000136	          0.06946116	          0.05000007	          0.23512551	          0.21472166	          0.15547809	          0.16334831	          0.05000020	          0.05000015	          0.05000002	          0.41202788	          0.31626080	          0.28252345	          0.05000009	          0.05000002	          0.05000001	          0.10011270	          0.10141308	          0.05000008	          0.05000037	          0.05000008	          0.10112125	          0.05000001	          0.05000001	          0.05000000	          0.05000001	          0.05000004	          0.05000000	          0.05000008	          0.05000022	          0.05000021	          0.26717380	          0.05000010	          0.05000004	          0.29091415	          0.36882550	          0.79088845	          0.10790045	          0.05000004	          0.05000002	          0.60310219	          0.37334459	          0.28973023	          0.62265547	          0.58025109	          0.53151487	          0.05713664	          0.07191865	          0.06165208	          0.05000003	          0.05000007	          0.05000005	          0.05000012	          0.05894264	          0.11369459	          0.16119261	          0.05000015	          0.05000029	          0.05000016	          0.23196806	          0.14827467	          0.13651894	          0.05000001	          0.05000001	          0.05000012	          0.05000026	          0.08555375	          0.05000009	          0.25672312	          0.28862505	          0.22035510	          0.14944773	          0.05000046	          0.17902788	          0.28310753	          0.05000035	          0.05000036	          0.23632283	          0.07563947	          0.14865670	          0.19037009	          0.48481747	          0.27156049	          0.08535135	          0.05000002	          0.05000001	
          0.22510197	         -2.93003167	         -2.26560398	          5.01614337	          0.31699108	          0.92643250	          0.00263372	          7.55704705	         -0.87822783	          4.29089793	         13.32339300	          7.00810976	          2.82500421	        -49.68713139	        -17.63715398	          2.70712699	          6.04611068	          7.30861331	         -0.41961393	         -6.67064773	          3.89155752	         27.20327253	         -6.29229106	         -3.18611867	          2.74884529	         -1.96604999	         -0.05188332	        -13.44974552	         19.02118085	         -6.77548737	        -13.45129925	         11.21197413	         46.97243498	         14.50263488	         86.51662706	         86.51662706	          0.06582549	          0.05000005	          0.05000002	          0.34846387	          0.11373723	          0.05000026	          0.05000105	          0.05893272	          0.05000005	          0.25244815	          0.21313979	          0.15380899	          0.14746826	          0.05000018	          0.05000013	          0.05000002	          0.38787140	          0.30767242	          0.27690786	          0.05000008	          0.05000002	          0.05000001	          0.09809703	          0.09981601	          0.05000008	          0.05000041	          0.05000009	          0.08579403	          0.05000001	          0.05000001	          0.05000001	          0.05000001	          0.05000003	          0.05000000	          0.05000005	          0.05000016	          0.05000016	          0.26727111	          0.05000013	          0.05000007	          0.34837986	          0.36997045	          0.78473719	          0.10855490	          0.05000005	          0.05000002	          0.56587773	          0.36048423	          0.28199852	          0.64158431	          0.59640317	          0.54503801	          0.05023326	          0.06101814	          0.05651122	          0.05000002	          0.05000007	          0.05000004	          0.05000014	          0.05000870	          0.09646458	          0.15741911	          0.05000018	          0.05000026	          0.05000015	          0.23004266	          0.14708939	          0.13493082	          0.05000001	          0.05000001	          0.05000010	          0.05000025	          0.11718046	          0.05706967	          0.23979568	          0.26024343	          0.20251534	          0.17135461	          0.08208495	          0.19157300	          0.29628701	          0.05000087	          0.05000055	          0.20050270	          0.07616332	          0.16124409	          0.16151606	          0.46338595	          0.25783131	          0.08172074	          0.05000001	          0.05000001	
          0.23582112	         -2.92897990	         -2.15194641	          4.91538247	          0.33005584	          0.92757963	          0.00280491	          9.42521933	         -0.85055969	          3.90609518	         11.98891276	          6.99607748	          3.25557631	        -50.42183043	        -16.84989285	          3.55358957	          6.29622154	          6.87082499	         -0.46900968	         -6.44701344	          3.90418541	         26.34048737	         -5.94746683	         -3.27177378	          2.68341176	         -1.86745920	         -0.06823698	        -13.44985454	         18.82127217	         -6.34458655	        -13.45415987	         11.30845370	         46.77116705	         14.49949892	         86.51662706	         86.51662706	          0.05584816	          0.05000005	          0.05000003	          0.29564604	          0.09649776	          0.05000026	          0.05000087	          0.05000013	          0.05000004	          0.26589440	          0.21095689	          0.15032260	          0.14235666	          0.05000019	          0.05000013	          0.05000002	          0.36283286	          0.29640785	          0.25871742	          0.05000008	          0.05000002	          0.05000001	          0.09387197	          0.09672976	          0.05000011	          0.05000065	          0.05000012	          0.07279005	          0.05000001	          0.05000001	          0.05000001	          0.05000001	          0.05000003	          0.05000000	          0.05000003	          0.05000012	          0.05000012	          0.26693288	          0.05000060	          0.05000023	          0.40170678	          0.37227069	          0.77352216	          0.10821966	          0.05000010	          0.05000002	          0.52909910	          0.34979830	          0.27729853	          0.66908046	          0.61850470	          0.55706418	          0.05000050	          0.05177225	          0.05282797	          0.05000002	          0.05000008	          0.05000004	          0.05000011	          0.05000097	          0.08184403	          0.15091575	          0.05000021	          0.05000023	          0.05000013	          0.22722568	          0.14485684	          0.13013870	          0.05000001	          0.05000001	          0.05000009	          0.05000025	          0.15001854	          0.07738215	          0.22053598	          0.23054995	          0.18458025	          0.19534806	          0.11648018	          0.20343676	          0.30979701	          0.05000062	          0.05000055	          0.17011184	          0.08088178	          0.17610662	          0.13703464	          0.44485695	          0.26084128	          0.07751845	          0.05000001	          0.05000002	
          0.24654026	         -2.92697886	         -2.02250767	          4.79322938	          0.34304357	          0.92858712	          0.00295862	         11.28658872	         -0.81206147	          3.51977321	         10.62014789	          6.95232894	          3.68829077	        -51.02026147	        -15.98847113	          4.36504314	          6.51730812	          6.42913670	         -0.52024075	         -6.21230581	          3.91670233	         25.43498262	         -5.61247960	         -3.36070498	          2.60356033	         -1.76208579	         -0.08462420	        -13.44985992	         18.58541874	         -5.89004446	        -13.45698189	         11.35865874	         46.50719661	         14.56198438	         86.51662706	         86.51662706	          0.05000009	          0.05000005	          0.05000003	          0.25083398	          0.08187131	          0.05000025	          0.05000072	          0.05000006	          0.05000004	          0.27170370	          0.20885436	          0.14830750	          0.13833564	          0.05000019	          0.05000012	          0.05000002	          0.33966838	          0.28632295	          0.21950317	          0.05000007	          0.05000002	          0.05000001	          0.09087855	          0.09421831	          0.05000015	          0.05000072	          0.05000015	          0.06184557	          0.05000002	          0.05000002	          0.05000001	          0.05000001	          0.05000003	          0.05000000	          0.05000003	          0.05000010	          0.05000011	          0.26977894	          0.05687705	          0.05000083	          0.43499212	          0.37504666	          0.75710563	          0.10795125	          0.05000095	          0.05000002	          0.49075625	          0.33937344	          0.27577893	          0.69270034	          0.63622774	          0.56472937	          0.05000042	          0.05000053	          0.05039473	          0.05000002	          0.05000008	          0.05000003	          0.05000009	          0.05000088	          0.06943931	          0.13412720	          0.05000046	          0.05000020	          0.05000011	          0.22518685	          0.14408363	          0.11723305	          0.05000001	          0.05000001	          0.05000008	          0.05000024	          0.18320667	          0.09471660	          0.18816088	          0.19560493	          0.15975161	          0.21995436	          0.15299987	          0.21463047	          0.32233424	          0.05000045	          0.05000052	          0.14432742	          0.09386185	          0.19044662	          0.11626390	          0.42836668	          0.27325915	          0.07395817	          0.05000001	          0.05000002	
          0.25725940	         -2.92404636	         -1.87920261	          4.65004980	          0.35596522	          0.92946016	          0.00309538	         13.12804665	         -0.76386446	          3.13329071	          9.22588947	          6.87855038	          4.12160993	        -51.47318166	        -15.07012122	          5.13233099	          6.71368882	          5.98737657	         -0.57510953	         -5.96419189	          3.92557972	         24.48059294	         -5.29344525	         -3.45209469	          2.51092878	         -1.65082670	         -0.09929163	        -13.44976232	         18.32123988	         -5.41317411	        -13.45872500	         11.37159824	         46.17442019	         14.68757368	         86.51662706	         86.51662706	          0.05000007	          0.05000005	          0.05000003	          0.21281423	          0.06946185	          0.05000025	          0.05000058	          0.05000005	          0.05000003	          0.25823822	          0.20972212	          0.14769723	          0.13297107	          0.05000019	          0.05000011	          0.05000002	          0.31829032	          0.27794252	          0.18623245	          0.05000007	          0.05000002	          0.05000001	          0.08947561	          0.09353597	          0.05000025	          0.05002276	          0.05000022	          0.05631038	          0.05000002	          0.05000002	          0.05000001	          0.05000001	          0.05000002	          0.05000000	          0.05000003	          0.05000011	          0.05000011	          0.27551829	          0.07057124	          0.05000047	          0.45896841	          0.37684208	          0.73772919	          0.10688442	          0.05072919	          0.05000002	          0.44919351	          0.32503195	          0.27250736	          0.69635547	          0.63984199	          0.56276538	          0.05000054	          0.05000050	          0.05000208	          0.05000002	          0.05000009	          0.05000003	          0.05000007	          0.05000070	          0.05891502	          0.11379719	          0.08947995	          0.05000019	          0.05000011	          0.21766728	          0.13804293	          0.09946379	          0.05000001	          0.05000001	          0.05000007	          0.05000025	          0.21213175	          0.09649673	          0.15964075	          0.16595646	          0.13553757	          0.24473774	          0.18802591	          0.22496328	          0.33475718	          0.05000041	          0.05000053	          0.12245123	          0.10713350	          0.20407197	          0.09864144	          0.41428219	          0.29295156	          0.07022715	          0.05000001	          0.05000002	
          0.26797854	         -2.92019896	         -1.72475937	          4.48631393	          0.36883238	          0.93019846	          0.00321745	         14.93301068	         -0.70848192	          2.75028254	          7.81767873	          6.77773056	          4.55294548	        -51.76113980	        -14.11602116	          5.84686381	          6.88473040	          5.54861197	         -0.63455423	         -5.70030191	          3.92858795	         23.46984413	         -4.98634140	         -3.54513750	          2.40786311	         -1.53442288	         -0.11043406	        -13.44970710	         18.03635742	         -4.91567396	        -13.45874355	         11.35986772	         45.76700320	         14.87393881	         86.51662706	         86.51662706	          0.05000005	          0.05000004	          0.05000004	          0.18055727	          0.05893334	          0.05000021	          0.05000045	          0.05000004	          0.05000002	          0.22267235	          0.21098447	          0.15461089	          0.13874225	          0.05000020	          0.05000011	          0.05000002	          0.30089847	          0.27536360	          0.15800462	          0.05000006	          0.05000002	          0.05000001	          0.09261982	          0.09722211	          0.05000040	          0.10821059	          0.05000025	          0.05558510	          0.05000003	          0.05000003	          0.05000002	          0.05000001	          0.05000002	          0.05000000	          0.05000002	          0.05000013	          0.05000011	          0.28071503	          0.08268118	          0.05000052	          0.48076350	          0.37722077	          0.71460880	          0.10504510	          0.05000046	          0.05000002	          0.40231819	          0.30304431	          0.26565514	          0.66438422	          0.62345883	          0.54952414	          0.05000024	          0.05000029	          0.05000022	          0.05000003	          0.05000011	          0.05000003	          0.05000006	          0.05000056	          0.05000115	          0.09654861	          0.13540126	          0.05000018	          0.05000011	          0.19740676	          0.11721689	          0.08438778	          0.05000001	          0.05000001	          0.05000008	          0.05000031	          0.23454151	          0.08187050	          0.13544348	          0.14080189	          0.11499370	          0.26981694	          0.22320175	          0.23464262	          0.34686952	          0.05000042	          0.05000068	          0.10389088	          0.11729584	          0.21540269	          0.08369006	          0.40216645	          0.31438308	          0.06539295	          0.05000001	          0.05000002	
          0.27869768	         -2.91547483	         -1.56298218	          4.30231155	          0.38165714	          0.93079509	          0.00332805	         16.68253423	         -0.64884925	          2.37492041	          6.40661818	          6.65465279	          4.97944748	        -51.85528283	        -13.14661762	          6.49868740	          7.02917764	          5.11613023	         -0.69996265	         -5.41935658	          3.92562238	         22.39398073	         -4.68258339	         -3.63901196	          2.29791943	         -1.41364332	         -0.11680683	        -13.44977261	         17.73741371	         -4.39906233	        -13.45708993	         11.33983085	         45.28015573	         15.11822347	         86.51662706	         86.51662706	          0.05000004	          0.05000004	          0.05000004	          0.15318960	          0.05000072	          0.05000019	          0.05000034	          0.05000003	          0.05000001	          0.18892117	          0.21219937	          0.16031115	          0.15941392	          0.05000022	          0.05000011	          0.05000002	          0.28226047	          0.27180235	          0.13405536	          0.05000006	          0.05000002	          0.05000001	          0.09392435	          0.09875496	          0.06094448	          0.15657417	          0.05000030	          0.05438507	          0.05000006	          0.05000006	          0.05000004	          0.05000001	          0.05000003	          0.05000000	          0.05000002	          0.05000018	          0.05000013	          0.28521706	          0.09502150	          0.05000026	          0.48673780	          0.37754297	          0.68459162	          0.10370636	          0.05000614	          0.05000002	          0.35557559	          0.27510751	          0.25258623	          0.62073526	          0.59045388	          0.52705789	          0.05000103	          0.05000047	          0.05000031	          0.05000005	          0.05000017	          0.05000003	          0.05000006	          0.05000048	          0.05000099	          0.08191443	          0.16951224	          0.05000019	          0.05000013	          0.16748624	          0.09945010	          0.07159687	          0.05000002	          0.05000002	          0.05000008	          0.05000037	          0.24880803	          0.06946114	          0.11491386	          0.11946008	          0.09756372	          0.29385194	          0.25538746	          0.24326916	          0.35837699	          0.05000046	          0.05000095	          0.08814379	          0.12440222	          0.22608520	          0.07100492	          0.39243205	          0.34035858	          0.06195762	          0.05000001	          0.05000002	
          0.28941682	         -2.90990390	         -1.39834804	          4.09853195	          0.39445400	          0.93123752	          0.00342951	         18.35815998	         -0.58769283	          2.00988084	          4.99899804	          6.51486483	          5.39816529	        -51.72796871	        -12.17365734	          7.07546429	          7.14533528	          4.69449462	         -0.77375820	         -5.11923153	          3.91781569	         21.24309021	         -4.37395797	         -3.73235443	          2.18551083	         -1.28910848	         -0.11774856	        -13.44989766	         17.43073745	         -3.86519669	        -13.45447300	         11.33022343	         44.71018121	         15.41665263	         86.51662706	         86.51662706	          0.05000004	          0.05000004	          0.05000004	          0.12997015	          0.05000023	          0.05000018	          0.05000025	          0.05000002	          0.05000001	          0.16028576	          0.21362105	          0.17008042	          0.18714528	          0.05000023	          0.05000011	          0.05000002	          0.26535496	          0.27190247	          0.11373616	          0.05000006	          0.05000002	          0.05000001	          0.09672278	          0.10138897	          0.09373511	          0.17060294	          0.05000028	          0.05323920	          0.05000010	          0.05000011	          0.05000009	          0.05000001	          0.05000003	          0.05000000	          0.05000002	          0.05000018	          0.05000013	          0.28730754	          0.10278518	          0.05030878	          0.48679400	          0.37955526	          0.64802417	          0.10230931	          0.05115084	          0.05000003	          0.31327094	          0.24428753	          0.23470141	          0.56547606	          0.54892444	          0.50177866	          0.05573815	          0.05000077	          0.05000039	          0.05000011	          0.05000034	          0.05000004	          0.05000007	          0.05000046	          0.05000079	          0.06949841	          0.19912526	          0.05000023	          0.05000018	          0.14210022	          0.08437621	          0.06074472	          0.05000003	          0.05000004	          0.05000010	          0.05000050	          0.25647008	          0.05893270	          0.09749599	          0.10135312	          0.08277567	          0.31707203	          0.28479106	          0.25094560	          0.36930719	          0.05000051	          0.05000152	          0.07478355	          0.12959682	          0.23502996	          0.06024251	          0.38496911	          0.36823404	          0.05984743	          0.05000001	          0.05000002	
          0.30013597	         -2.90354217	         -1.23518483	          3.87590352	          0.40723741	          0.93151154	          0.00352302	         19.94411614	         -0.52712078	          1.65518968	          3.59792707	          6.36383802	          5.80616830	        -51.35855430	        -11.20427474	          7.56325668	          7.23444200	          4.28895020	         -0.85887839	         -4.79751653	          3.90600128	         20.00821864	         -4.05369174	         -3.82365543	          2.07495222	         -1.16125320	         -0.11285745	        -13.45000562	         17.12232576	         -3.31609373	        -13.45189167	         11.34993726	         44.05492353	         15.76474713	         86.51662706	         86.51662706	          0.05000004	          0.05000004	          0.05000004	          0.11027014	          0.05000023	          0.05000017	          0.05000019	          0.05000002	          0.05000001	          0.13599071	          0.21346695	          0.18030104	          0.20843874	          0.05000025	          0.05000011	          0.05000002	          0.25160164	          0.26432122	          0.09649681	          0.05000005	          0.05000002	          0.05000001	          0.10101945	          0.10565045	          0.12846755	          0.16819392	          0.05000027	          0.05235219	          0.05000018	          0.05000019	          0.05000013	          0.05000001	          0.05000003	          0.05000000	          0.05000003	          0.05000022	          0.05000015	          0.29050845	          0.11540952	          0.05000019	          0.47101913	          0.38219037	          0.60711523	          0.10081110	          0.05262565	          0.05000003	          0.27987058	          0.21981916	          0.22046818	          0.51991866	          0.51176389	          0.47637799	          0.06005535	          0.05002145	          0.05000032	          0.06452255	          0.05000243	          0.05000004	          0.05000007	          0.05000044	          0.05000071	          0.05896433	          0.22571459	          0.05000026	          0.05000025	          0.12056224	          0.07158715	          0.05153749	          0.05000007	          0.05000008	          0.05000011	          0.05000070	          0.25753546	          0.05000014	          0.08271820	          0.08599069	          0.07022909	          0.33934262	          0.31111386	          0.25764727	          0.37937378	          0.05000055	          0.05000896	          0.06344836	          0.13732350	          0.24362648	          0.05111143	          0.37947566	          0.39344268	          0.05839191	          0.05000001	          0.05000002	
          0.31085511	         -2.89650669	         -1.07688182	          3.63561211	          0.42001762	          0.93160529	          0.00360925	         21.42754041	         -0.46819773	          1.31032719	          2.21032922	          6.20653353	          6.20069040	        -50.73290625	        -10.25352185	          7.95084951	          7.30107366	          3.90492290	         -0.95801586	         -4.45372390	          3.89034876	         18.68470189	         -3.71433115	         -3.91195885	          1.96961699	         -1.03054481	         -0.10161910	        -13.45013253	         16.81743057	         -2.75314247	        -13.45019541	         11.41504356	         43.31387808	         16.15766759	         86.51662706	         86.51662706	          0.05000004	          0.05000004	          0.05000004	          0.09355614	          0.05000022	          0.05000017	          0.05000014	          0.05000002	          0.05000001	          0.11537814	          0.21205742	          0.18805563	          0.22538364	          0.05000029	          0.05000012	          0.05000002	          0.23844721	          0.24923469	          0.08187048	          0.05000006	          0.05000002	          0.05000001	          0.10435076	          0.10994887	          0.15653862	          0.17154585	          0.05000028	          0.05011014	          0.05000037	          0.05000039	          0.05000019	          0.05000001	          0.05000003	          0.05000000	          0.05000003	          0.05000021	          0.05000015	          0.29203232	          0.10349085	          0.06072562	          0.45961724	          0.38642300	          0.55969794	          0.09844884	          0.05195102	          0.05000003	          0.25964920	          0.20755454	          0.21178689	          0.48824603	          0.48400401	          0.45376480	          0.06291112	          0.05024224	          0.05000037	          0.11974280	          0.05000260	          0.05000004	          0.05000007	          0.05000045	          0.05000077	          0.05002698	          0.25206828	          0.05000026	          0.05000026	          0.10232232	          0.06073693	          0.05000019	          0.05000007	          0.05000007	          0.05000012	          0.05000076	          0.25333813	          0.05000009	          0.07018034	          0.07295681	          0.05958425	          0.36102300	          0.33554902	          0.26359924	          0.38894529	          0.05000051	          0.05000793	          0.05383129	          0.15208413	          0.25171184	          0.05000023	          0.37558805	          0.41675053	          0.05701548	          0.05000001	          0.05000002	
          0.32157425	         -2.88899073	         -0.92518023	          3.37862282	          0.43280018	          0.93151239	          0.00368792	         22.79755904	         -0.41057093	          0.97462893	          0.84970350	          6.04696890	          6.57910939	        -49.84162429	         -9.34871031	          8.23125832	          7.35251584	          3.54917101	         -1.07224414	         -4.08622967	          3.87288980	         17.27403562	         -3.35116012	         -3.99701974	          1.87143851	         -0.89749322	         -0.08368466	        -13.45021362	         16.51981893	         -2.17688410	        -13.44970710	         11.53493341	         42.48819432	         16.59030626	         86.51662706	         86.51662706	          0.05000004	          0.05000005	          0.05000005	          0.07937554	          0.05000022	          0.05000017	          0.05000009	          0.05000002	          0.05000001	          0.09788989	          0.21763689	          0.19723888	          0.22993761	          0.05000033	          0.05000013	          0.05000002	          0.22781653	          0.23609290	          0.06946112	          0.05000006	          0.05000002	          0.05000002	          0.11128202	          0.11715389	          0.17727411	          0.17179172	          0.05000028	          0.05000035	          0.05000037	          0.05000038	          0.05000013	          0.05000001	          0.05000004	          0.05000000	          0.05000004	          0.05000026	          0.05000019	          0.29222413	          0.12836861	          0.05152154	          0.43052158	          0.39206023	          0.51708553	          0.09627398	          0.05413120	          0.05000003	          0.24939514	          0.20093998	          0.20439190	          0.47007728	          0.46683297	          0.43578222	          0.06433448	          0.05055352	          0.05000035	          0.17180742	          0.05000731	          0.05000005	          0.05000008	          0.05000045	          0.05000080	          0.05000022	          0.27771391	          0.05000027	          0.05000029	          0.09331503	          0.05154185	          0.05000029	          0.05000009	          0.05000009	          0.05000013	          0.05000080	          0.24639305	          0.05000009	          0.05954290	          0.06189852	          0.05055291	          0.38198191	          0.35853250	          0.26898530	          0.39848828	          0.05000038	          0.05000102	          0.05000004	          0.17104195	          0.25923429	          0.05000030	          0.37338297	          0.44391939	          0.05664987	          0.05000001	          0.05000002	
          0.33229339	         -2.88123454	         -0.78056639	          3.10641107	          0.44559267	          0.93123187	          0.00375816	         24.04620200	         -0.35332338	          0.64745743	         -0.47381917	          5.88750531	          6.94003936	        -48.68204951	         -8.51126205	          8.40312108	          7.39975006	          3.22644623	         -1.20064727	         -3.69761025	          3.85201234	         15.78123759	         -2.96425965	         -4.07846666	          1.78077223	         -0.76249607	         -0.05942808	        -13.45013899	         16.23186032	         -1.58927334	        -13.44986851	         11.70925442	         41.58076446	         17.05900306	         86.51662706	         86.51662706	          0.05000004	          0.05000005	          0.05000005	          0.06734436	          0.05000022	          0.05000018	          0.05000006	          0.05000001	          0.05000000	          0.08305239	          0.22922796	          0.20433564	          0.22176789	          0.05000033	          0.05000013	          0.05000003	          0.21869673	          0.22186832	          0.05893271	          0.05000006	          0.05000002	          0.05000002	          0.12090009	          0.12640731	          0.18857601	          0.16911823	          0.05000030	          0.05000022	          0.05000025	          0.05000025	          0.05000008	          0.05000001	          0.05000004	          0.05000000	          0.05000005	          0.05000030	          0.05000021	          0.29530380	          0.10891161	          0.06860015	          0.40790492	          0.40066788	          0.46564645	          0.09461853	          0.05693359	          0.05000003	          0.24742605	          0.19776471	          0.19727971	          0.47032015	          0.46068578	          0.42295511	          0.06537805	          0.05083553	          0.05000032	          0.22515741	          0.05006080	          0.05000005	          0.05000008	          0.05000045	          0.05000082	          0.05000030	          0.30259660	          0.05000029	          0.05000031	          0.08173503	          0.05000826	          0.05000030	          0.05000011	          0.05000011	          0.05000013	          0.05000077	          0.23830207	          0.05000008	          0.05051783	          0.05251641	          0.05000014	          0.40216250	          0.38103862	          0.27446472	          0.40824651	          0.05000030	          0.05000064	          0.05000005	          0.19235288	          0.26573392	          0.05000034	          0.37156641	          0.46832527	          0.05591207	          0.05000001	          0.05000002	
          0.34301253	         -2.87350651	         -0.64284461	          2.82062743	          0.45840485	          0.93076515	          0.00381965	         25.16936008	         -0.29545164	          0.32918937	         -1.75454337	          5.72891714	          7.28289260	        -47.26061251	         -7.75435430	          8.47296313	          7.45156873	          2.93698390	         -1.33905147	         -3.28786186	          3.82571523	         14.21440086	         -2.55045005	         -4.15583777	          1.69681874	         -0.62592251	         -0.03067488	        -13.44992708	         15.95329254	         -0.99373099	        -13.45008788	         11.93361513	         40.59774484	         17.56280624	         86.51662706	         86.51662706	          0.05000004	          0.05000005	          0.05000006	          0.05713681	          0.05000023	          0.05000019	          0.05000003	          0.05000001	          0.05000000	          0.07046386	          0.24451105	          0.21034854	          0.20325998	          0.05000033	          0.05000014	          0.05000003	          0.21049162	          0.20339212	          0.05000025	          0.05000007	          0.05000003	          0.05000002	          0.13318707	          0.13742213	          0.19156483	          0.17106913	          0.05000033	          0.05000014	          0.05000015	          0.05000014	          0.05000005	          0.05000002	          0.05000004	          0.05000001	          0.05000005	          0.05000032	          0.05000025	          0.29505200	          0.13154716	          0.05820247	          0.37744787	          0.41058919	          0.42276830	          0.09291236	          0.06003297	          0.05000003	          0.25072252	          0.19761845	          0.19066785	          0.48241287	          0.46288380	          0.41242707	          0.06640435	          0.05145599	          0.05000031	          0.27819042	          0.06897513	          0.05000005	          0.05000008	          0.05000043	          0.05000081	          0.05000029	          0.32669015	          0.05000029	          0.05000032	          0.06984303	          0.05000329	          0.05000031	          0.05000013	          0.05000013	          0.05000012	          0.05000075	          0.22625506	          0.05000008	          0.05000017	          0.05000016	          0.05000019	          0.42160290	          0.40321393	          0.28044723	          0.41843796	          0.05000026	          0.05000045	          0.05000007	          0.21159019	          0.27120875	          0.05000048	          0.36940447	          0.48750128	          0.05396115	          0.05000001	          0.05000002	
          0.35373167	         -2.86611643	         -0.51136043	          2.52278622	          0.47124713	          0.93011456	          0.00387288	         26.16730954	         -0.23582541	          0.02130450	         -2.99005705	          5.57112089	          7.60726215	        -45.59338085	         -7.08464592	          8.45536280	          7.51366046	          2.67726613	         -1.48281159	         -2.85977588	          3.79332318	         12.58371568	         -2.10649633	         -4.22883570	          1.61798596	         -0.48818867	         -0.00096608	        -13.44975811	         15.68024345	         -0.39462047	        -13.45014430	         12.20259795	         39.54947553	         18.10357348	         86.51662706	         86.51662706	          0.05000004	          0.05000006	          0.05000006	          0.05000019	          0.05000023	          0.05000020	          0.05000002	          0.05000001	          0.05000000	          0.05978342	          0.26151829	          0.21689680	          0.18908828	          0.05000033	          0.05000014	          0.05000003	          0.20230294	          0.19181956	          0.05000018	          0.05000007	          0.05000003	          0.05000002	          0.14732804	          0.14907754	          0.20366889	          0.16676001	          0.05000035	          0.05000011	          0.05000011	          0.05000010	          0.05000004	          0.05000002	          0.05000005	          0.05000001	          0.05000007	          0.05000046	          0.05000030	          0.29937011	          0.11160832	          0.07566415	          0.34980010	          0.42262609	          0.37450225	          0.09117489	          0.06292351	          0.05000003	          0.25756605	          0.19650149	          0.18129811	          0.49225477	          0.46437674	          0.40553265	          0.06812113	          0.05289591	          0.05000031	          0.32763809	          0.09026867	          0.05000006	          0.05000009	          0.05000043	          0.05000084	          0.05000029	          0.34965940	          0.05000032	          0.05000037	          0.05928549	          0.05000105	          0.05000031	          0.05000019	          0.05000019	          0.05000012	          0.05000068	          0.21502023	          0.05000007	          0.05000021	          0.05000020	          0.05000018	          0.44011270	          0.42483031	          0.28713196	          0.42945022	          0.05000023	          0.05000034	          0.05000009	          0.22696623	          0.27583798	          0.05000166	          0.36662399	          0.50749075	          0.05236356	          0.05000001	          0.05000002	
          0.36445082	         -2.85935978	         -0.38487101	          2.21419496	          0.48413125	          0.92928353	          0.00391764	         27.04430761	         -0.17243220	         -0.27515318	         -4.17943658	          5.41332748	          7.91280914	        -43.70489788	         -6.50637915	          8.36802952	          7.59109300	          2.44495098	         -1.62726637	         -2.41520572	          3.75610819	         10.90199754	         -1.63316356	         -4.29710034	          1.54210043	         -0.34966473	          0.02433620	        -13.44972651	         15.40488131	          0.20316232	        -13.45012641	         12.50994458	         38.45041990	         18.68421832	         86.51662706	         86.51662706	          0.05000005	          0.05000006	          0.05000007	          0.05000027	          0.05000024	          0.05000021	          0.05000001	          0.05000001	          0.05000000	          0.05072186	          0.28026646	          0.22183338	          0.16977080	          0.05000035	          0.05000015	          0.05000003	          0.19391883	          0.17715727	          0.05000018	          0.05000007	          0.05000003	          0.05000003	          0.16265799	          0.16068014	          0.21042630	          0.17167335	          0.05000039	          0.05000008	          0.05000008	          0.05000008	          0.05000003	          0.05000002	          0.05000005	          0.05000001	          0.05000008	          0.05000040	          0.05000035	          0.30106561	          0.13282768	          0.06464407	          0.31994755	          0.43696227	          0.33368129	          0.09026597	          0.06651965	          0.05000003	          0.26654251	          0.19762568	          0.17410578	          0.51075667	          0.47278756	          0.40057477	          0.06970411	          0.05432745	          0.05000030	          0.37125188	          0.12175232	          0.05000006	          0.05000008	          0.05000040	          0.05000080	          0.05000028	          0.37186804	          0.05000032	          0.05000037	          0.05040350	          0.05000100	          0.05000031	          0.05000015	          0.05000016	          0.05000011	          0.05000063	          0.19920414	          0.05000006	          0.05000020	          0.05000020	          0.05000018	          0.45774079	          0.44574261	          0.29473800	          0.44121466	          0.05000019	          0.05000027	          0.05000013	          0.23872072	          0.27993124	          0.07159529	          0.36282071	          0.53033111	          0.05006987	          0.05000001	          0.05000002	
          0.37516996	         -2.85347994	         -0.26198292	          1.89606839	          0.49707102	          0.92827748	          0.00395426	         27.80817445	         -0.10317298	         -0.55839106	         -5.32248410	          5.25446152	          8.19910467	        -41.62692678	         -6.02248211	          8.23009176	          7.68722849	          2.23573833	         -1.76810246	         -1.95830465	          3.71506684	          9.18303481	         -1.13164688	         -4.36007940	          1.46659851	         -0.21071232	          0.03774930	        -13.44997798	         15.11431768	          0.79459879	        -13.45002030	         12.84945282	         37.31980396	         19.30706107	         86.51662706	         86.51662706	          0.05000005	          0.05000006	          0.05000007	          0.05000024	          0.05000023	          0.05000021	          0.05000001	          0.05000001	          0.05000000	          0.05000004	          0.28663439	          0.22636378	          0.16465515	          0.05000038	          0.05000016	          0.05000004	          0.18616661	          0.16529369	          0.05000017	          0.05000008	          0.05000004	          0.05000003	          0.17877974	          0.17203190	          0.22883747	          0.17012821	          0.05000041	          0.05000008	          0.05000007	          0.05000006	          0.05000002	          0.05000002	          0.05000006	          0.05000002	          0.05000010	          0.05000057	          0.05000041	          0.30564401	          0.11269503	          0.08076043	          0.29547313	          0.45269919	          0.28978957	          0.08928500	          0.07207004	          0.05000005	          0.27501220	          0.19793409	          0.16652988	          0.52337614	          0.47854032	          0.39495542	          0.07199949	          0.05776455	          0.05000026	          0.40697338	          0.14957504	          0.05000006	          0.05000009	          0.05000038	          0.05000079	          0.05000025	          0.39312446	          0.05000035	          0.05000046	          0.05005059	          0.05000092	          0.05000032	          0.05013541	          0.05283126	          0.05000012	          0.05000068	          0.18144711	          0.05000005	          0.05000017	          0.05000016	          0.05000016	          0.47439025	          0.46632505	          0.30342594	          0.45367472	          0.05000017	          0.05000024	          0.05000024	          0.24644052	          0.28368463	          0.10918996	          0.35753734	          0.55153305	          0.05000006	          0.05000001	          0.05000002	
          0.38588910	         -2.84865912	         -0.14085011	          1.56985791	          0.51008382	          0.92710496	          0.00398119	         28.46959280	         -0.02491926	         -0.82765154	         -6.41942465	          5.09283457	          8.46500634	        -39.39826713	         -5.63503956	          8.05944716	          7.80264429	          2.04734848	         -1.90202649	         -1.49239213	          3.66927989	          7.44237231	         -0.59899163	         -4.41668802	          1.38858629	         -0.07129329	          0.03017642	        -13.45019501	         14.79065323	          1.37396871	        -13.44992235	         13.21474394	         36.18053312	         19.97341555	         86.51662706	         86.51662706	          0.05000005	          0.05000007	          0.05000008	          0.05000026	          0.05000024	          0.05000022	          0.05000001	          0.05000002	          0.05000001	          0.05000006	          0.27041540	          0.22941441	          0.16205982	          0.05000042	          0.05000018	          0.05000004	          0.17431554	          0.15010585	          0.05000018	          0.05000009	          0.05000004	          0.05000004	          0.19126626	          0.17992187	          0.24332805	          0.16647274	          0.05000043	          0.05000006	          0.05000006	          0.05000005	          0.05000002	          0.05000002	          0.05000006	          0.05000001	          0.05000012	          0.05000048	          0.05000045	          0.30976965	          0.12296005	          0.07432058	          0.26809478	          0.47088013	          0.25135873	          0.08896501	          0.07802046	          0.05000011	          0.28595188	          0.20310038	          0.16419018	          0.53367229	          0.48371474	          0.39006806	          0.07928226	          0.06371432	          0.05000041	          0.43006557	          0.14508688	          0.05000006	          0.05000009	          0.05000036	          0.05000079	          0.05000028	          0.41178851	          0.05000034	          0.05000048	          0.05003673	          0.05000095	          0.05000035	          0.05000397	          0.07404094	          0.05000011	          0.05000063	          0.15789288	          0.05000004	          0.05000017	          0.05000016	          0.05000016	          0.49011084	          0.48602348	          0.31340330	          0.46635911	          0.05000015	          0.05000022	          0.05000033	          0.25533627	          0.28779296	          0.14278519	          0.34979023	          0.56481968	          0.05000003	          0.05000001	          0.05000002	
          0.39660824	         -2.84504524	         -0.02002786	          1.23696514	          0.52319006	          0.92578063	          0.00399669	         29.03834033	          0.06550754	         -1.08112500	         -7.46926614	          4.92697266	          8.70895644	        -37.05606520	         -5.34784967	          7.86999316	          7.93512643	          1.87542733	         -2.02467032	         -1.02177286	          3.61558003	          5.69659506	         -0.02782650	         -4.46549428	          1.30560745	          0.06893543	         -0.00850327	        -13.44989260	         14.41317803	          1.93507510	        -13.44992994	         13.59931924	         35.05777581	         20.68385180	         86.51662706	         86.51662706	          0.05000005	          0.05000007	          0.05000009	          0.05000024	          0.05000023	          0.05000022	          0.05000001	          0.05000002	          0.05000001	          0.05000005	          0.26096059	          0.23117836	          0.16950547	          0.05000062	          0.05000021	          0.05000005	          0.16145633	          0.14076908	          0.05000019	          0.05000009	          0.05000005	          0.05000004	          0.20009193	          0.18459149	          0.25925140	          0.15555963	          0.05000040	          0.05000005	          0.05000005	          0.05000005	          0.05000002	          0.05000003	          0.05000007	          0.05000002	          0.05000013	          0.05000062	          0.05000053	          0.31432284	          0.11423023	          0.08217247	          0.24501965	          0.48955150	          0.21584468	          0.08758172	          0.08449150	          0.05361584	          0.29638005	          0.20734531	          0.16001249	          0.54189091	          0.48588672	          0.38609713	          0.08329288	          0.06687638	          0.05000051	          0.43950175	          0.14676011	          0.05000006	          0.05000009	          0.05000035	          0.05000079	          0.05000030	          0.42966053	          0.05000035	          0.05000052	          0.05000637	          0.05000085	          0.05000037	          0.05043024	          0.10450795	          0.05000010	          0.05000058	          0.13403289	          0.05000004	          0.05000016	          0.05000016	          0.05000015	          0.50461056	          0.50504132	          0.32452551	          0.47963675	          0.05000014	          0.05000023	          0.05000020	          0.26104027	          0.29136242	          0.15679040	          0.34003373	          0.56917770	          0.05000002	          0.05000002	          0.05000002	
          0.40732738	         -2.84282727	          0.10195415	          0.89900810	          0.53640991	          0.92432572	          0.00399942	         29.52300530	          0.17113735	         -1.31767775	         -8.46979458	          4.75500287	          8.93056546	        -34.63432696	         -5.16606564	          7.67388954	          8.08048931	          1.71793327	         -2.12949514	         -0.55174929	          3.55043282	          3.96724007	          0.58941381	         -4.50551859	          1.21503677	          0.20993017	         -0.08794678	        -13.44990043	         13.96560719	          2.47122091	        -13.44998668	         13.99526277	         33.97743365	         21.44023934	         86.51662706	         86.51662706	          0.05000005	          0.05000008	          0.05000009	          0.05000025	          0.05000024	          0.05000023	          0.05000001	          0.05000002	          0.05000001	          0.05000006	          0.22174194	          0.23058154	          0.17520777	          0.05000072	          0.05000023	          0.05000006	          0.14728140	          0.13430772	          0.05000021	          0.05000010	          0.05000005	          0.05000005	          0.20473228	          0.18536710	          0.26770507	          0.15514617	          0.05000047	          0.05000004	          0.05000005	          0.05000004	          0.05000001	          0.05000003	          0.05000007	          0.05000002	          0.05000014	          0.05000065	          0.05000057	          0.31919159	          0.11574463	          0.08168301	          0.22313858	          0.50936658	          0.18505854	          0.08568861	          0.09056460	          0.06196918	          0.30697034	          0.21222275	          0.15590827	          0.54590398	          0.48778071	          0.37769193	          0.08268137	          0.06691298	          0.05000047	          0.43344161	          0.15090478	          0.05000006	          0.05000008	          0.05000032	          0.05000076	          0.05000030	          0.44825445	          0.05000033	          0.05000048	          0.05001837	          0.05000105	          0.05000042	          0.06057930	          0.14350773	          0.05000011	          0.05000062	          0.11371972	          0.05000004	          0.05000017	          0.05000016	          0.05000016	          0.51788732	          0.52401416	          0.33687932	          0.49274028	          0.05000013	          0.05000793	          0.05001664	          0.26639786	          0.29505721	          0.15792377	          0.32442261	          0.55748415	          0.05000002	          0.05000002	          0.05000002	
          0.41804652	         -2.84224962	          0.22596832	          0.55764848	          0.54976304	          0.92276837	          0.00398993	         29.92869155	          0.29417689	         -1.53592969	         -9.41724653	          4.57567975	          9.13019218	        -32.15897339	         -5.09647499	          7.48105121	          8.22968420	          1.57152106	         -2.20855072	         -0.08815827	          3.47275463	          2.27769289	          1.25596691	         -4.53629094	          1.11459162	          0.35121781	         -0.21631185	        -13.45348827	         13.44422316	          2.97512790	        -13.44987087	         14.39367534	         32.96426852	         22.24633508	         86.51662706	         86.51662706	          0.05000005	          0.05000008	          0.05000009	          0.05000024	          0.05000023	          0.05000022	          0.05000001	          0.05000002	          0.05000001	          0.05000006	          0.18813189	          0.23229008	          0.19212607	          0.05000132	          0.05000029	          0.05000007	          0.12832256	          0.13146036	          0.05000023	          0.05000010	          0.05000005	          0.05000006	          0.20268513	          0.18097948	          0.27883897	          0.13423116	          0.05000041	          0.05000004	          0.05000005	          0.05000004	          0.05000001	          0.05000004	          0.05000010	          0.05000003	          0.05000016	          0.05000094	          0.05000077	          0.32368075	          0.11412533	          0.08400594	          0.20325045	          0.52903589	          0.16189063	          0.08393823	          0.09798923	          0.07299800	          0.31632225	          0.21418112	          0.14218914	          0.54563752	          0.48386630	          0.36948042	          0.07960198	          0.06529795	          0.05000051	          0.41207726	          0.14820023	          0.05000007	          0.05000009	          0.05000032	          0.05000078	          0.05000032	          0.46518841	          0.05000038	          0.05000051	          0.05000175	          0.05000079	          0.05000042	          0.07249706	          0.19444635	          0.05000010	          0.05000054	          0.09648606	          0.05000004	          0.05000017	          0.05000017	          0.05000016	          0.52887488	          0.54041797	          0.34957829	          0.50545238	          0.05000011	          0.11517767	          0.05000009	          0.27245094	          0.29924002	          0.13404870	          0.27524881	          0.54252578	          0.05000002	          0.05000002	          0.05000002	
          0.42876566	         -2.84356887	          0.35215959	          0.21489615	          0.56327079	          0.92114402	          0.00396941	         30.25725048	          0.43639663	         -1.73491785	        -10.30898265	          4.38767231	          9.30921498	        -29.65028908	         -5.14262438	          7.30179413	          8.37085523	          1.43479682	         -2.25086948	          0.36326070	          3.37843281	          0.65543910	          1.97277883	         -4.55750761	          1.00250460	          0.49210070	         -0.39973642	        -13.46579776	         12.86042702	          3.43870107	        -13.44972481	         14.78803904	         32.03956801	         23.10693872	         86.51662706	         86.51662706	          0.05000005	          0.05000009	          0.05000011	          0.05000024	          0.05000024	          0.05000023	          0.05000001	          0.05000003	          0.05000001	          0.05000006	          0.15961615	          0.22567610	          0.20713246	          0.07947952	          0.05000034	          0.05000008	          0.10887361	          0.11162247	          0.05000028	          0.05000012	          0.05000007	          0.05000008	          0.19274993	          0.17221004	          0.28091624	          0.11391373	          0.05000040	          0.05000004	          0.05000005	          0.05000004	          0.05000002	          0.05000004	          0.05000010	          0.05000003	          0.05000020	          0.05000054	          0.05000059	          0.32842761	          0.11096575	          0.08589603	          0.19336797	          0.54944228	          0.14846084	          0.08026472	          0.10537639	          0.08604178	          0.32261183	          0.22028344	          0.12813957	          0.54583674	          0.48568964	          0.35605918	          0.07733403	          0.06371806	          0.05000035	          0.34961760	          0.13995459	          0.05000006	          0.05000008	          0.05000029	          0.05000075	          0.05000035	          0.48595370	          0.05000032	          0.05000045	          0.05002022	          0.05000138	          0.05000054	          0.10541479	          0.25179142	          0.05000010	          0.05000062	          0.08186234	          0.05000005	          0.05000018	          0.05000017	          0.05000017	          0.53763040	          0.55655285	          0.36264906	          0.51789944	          0.05000014	          0.17600882	          0.05000008	          0.27103730	          0.30101327	          0.11373087	          0.23352842	          0.49813220	          0.05000001	          0.05000001	          0.05000002	
          0.43948481	         -2.84706346	          0.47980863	         -0.12723877	          0.57695674	          0.91949332	          0.00393834	         30.50721382	          0.59907667	         -1.91397321	        -11.14555348	          4.18986662	          9.46803622	        -27.12679901	         -5.30172437	          7.14783204	          8.49247699	          1.30632231	         -2.24761078	          0.79716347	          3.25628541	         -0.87234644	          2.75397715	         -4.56902321	          0.87814547	          0.63218129	         -0.64270177	        -13.49156760	         12.23404660	          3.85344462	        -13.45122892	         15.17951338	         31.21969385	         24.02721014	         86.51662706	         86.51662706	          0.05000007	          0.05000011	          0.05000014	          0.05000028	          0.05000027	          0.05000027	          0.05000001	          0.05000004	          0.05000001	          0.05000005	          0.13542262	          0.20876238	          0.21774157	          0.13920095	          0.05030898	          0.05000025	          0.09237146	          0.09475527	          0.05000031	          0.05000017	          0.05000010	          0.05000012	          0.17482149	          0.15943802	          0.27207046	          0.09665167	          0.05000040	          0.05000004	          0.05000006	          0.05000005	          0.05000002	          0.05000004	          0.05000009	          0.05000002	          0.05000017	          0.05000063	          0.05000059	          0.33416105	          0.10725070	          0.08660295	          0.20158329	          0.56807882	          0.14912401	          0.07525556	          0.11283800	          0.09967785	          0.32886213	          0.22219042	          0.10871720	          0.54248938	          0.48102462	          0.33371834	          0.08370015	          0.06535912	          0.05000057	          0.29662495	          0.14952204	          0.05000005	          0.05000008	          0.05000026	          0.05000070	          0.05000034	          0.50276358	          0.05000031	          0.05000048	          0.05002303	          0.05000131	          0.05000053	          0.13497804	          0.30868865	          0.05000010	          0.05000066	          0.06945452	          0.07403965	          0.05000015	          0.05000014	          0.05000014	          0.54350413	          0.57108406	          0.37536978	          0.52860247	          0.05000024	          0.23309479	          0.05000009	          0.25333403	          0.30276613	          0.09649251	          0.19813173	          0.42262868	          0.05000001	          0.05000001	          0.05000002	
          0.45020395	         -2.85293616	          0.60739031	         -0.46668918	          0.59084727	          0.91785822	          0.00389694	         30.67510316	          0.78263806	         -2.07303686	        -11.93143497	          3.98160767	          9.60563665	        -24.61312358	         -5.56318371	          7.03515095	          8.57817359	          1.18519591	         -2.19185437	          1.20533084	          3.09265180	         -2.27889045	          3.62136859	         -4.57062452	          0.74191553	          0.77120179	         -0.94818604	        -13.53322944	         11.58449627	          4.21085845	        -13.45774592	         15.57816042	         30.51401341	         25.01192220	         86.51662706	         86.51662706	          0.05000009	          0.05000015	          0.05000019	          0.05000034	          0.05000033	          0.05000032	          0.05000001	          0.05000005	          0.05000002	          0.05000005	          0.11489619	          0.19149225	          0.21275986	          0.18300921	          0.10435669	          0.06489463	          0.07837051	          0.08047567	          0.05000033	          0.05000026	          0.05000019	          0.05005295	          0.15542198	          0.14605775	          0.26450145	          0.08200586	          0.05000054	          0.05000004	          0.05000007	          0.05000006	          0.05000002	          0.05000003	          0.05000007	          0.05000002	          0.05000014	          0.05000060	          0.05000053	          0.33966951	          0.09961129	          0.08719461	          0.23432481	          0.58499265	          0.16665368	          0.07193278	          0.11970537	          0.11118880	          0.33735378	          0.20174251	          0.09223861	          0.53617196	          0.45426010	          0.28315337	          0.07134430	          0.06533487	          0.05000066	          0.25166452	          0.15365761	          0.05000006	          0.05000009	          0.05000026	          0.05000072	          0.05000037	          0.51950415	          0.05000035	          0.05000055	          0.05000303	          0.05000098	          0.05000052	          0.15995653	          0.36465930	          0.05000009	          0.05000049	          0.05892723	          0.10408077	          0.05000014	          0.05000013	          0.05000013	          0.54635856	          0.58359230	          0.38719789	          0.53624545	          0.05000263	          0.28189655	          0.05000011	          0.21493596	          0.30565444	          0.08186705	          0.16810023	          0.35856944	          0.05000001	          0.05000002	          0.05000002	
          0.46092309	         -2.86115091	          0.73194877	         -0.80129389	          0.60497272	          0.91627954	          0.00384596	         30.75350183	          0.98646364	         -2.21188399	        -12.67135690	          3.76339101	          9.72125407	        -22.13534566	         -5.91662756	          6.98487855	          8.61058421	          1.07111290	         -2.07549697	          1.57623977	          2.86948665	         -3.53830359	          4.61187910	         -4.56135613	          0.59576493	          0.90884397	         -1.31723676	        -13.58917122	         10.92313957	          4.50296962	        -13.47354187	         16.00022017	         29.92151741	         26.06312973	         86.51662706	         86.51662706	          0.05000009	          0.05000015	          0.05000018	          0.05000035	          0.05000033	          0.05000031	          0.05000002	          0.05000007	          0.05000002	          0.05000007	          0.09748102	          0.19017383	          0.20720200	          0.20177869	          0.14086669	          0.08634525	          0.06649175	          0.07474932	          0.05000052	          0.05000026	          0.05000020	          0.07269555	          0.13350378	          0.12392165	          0.24566834	          0.06958022	          0.05000042	          0.05000003	          0.05000006	          0.05000006	          0.05000003	          0.05000002	          0.05000005	          0.05000001	          0.05000009	          0.05000053	          0.05000039	          0.34441220	          0.09096794	          0.08778059	          0.28249077	          0.59794821	          0.19188589	          0.07093269	          0.12283293	          0.11813533	          0.34700345	          0.17244240	          0.07825773	          0.52520536	          0.42557844	          0.24023662	          0.06053072	          0.05893247	          0.05000044	          0.21351888	          0.13378784	          0.05000008	          0.05000011	          0.05000028	          0.05000077	          0.05000039	          0.53481896	          0.05000047	          0.05000065	          0.05000151	          0.05000073	          0.05000049	          0.18011144	          0.42261806	          0.05000008	          0.05000042	          0.05000019	          0.13769856	          0.05000011	          0.05000010	          0.05000011	          0.54560836	          0.59632431	          0.39695902	          0.54231346	          0.05893279	          0.32651957	          0.05010990	          0.18235746	          0.30780651	          0.06945830	          0.14262071	          0.30421987	          0.05000001	          0.05000002	          0.05000002	
          0.47164223	         -2.87134598	          0.84927878	         -1.12932223	          0.61936920	          0.91479414	          0.00378568	         30.72979048	          1.20898182	         -2.32942307	        -13.36839288	          3.53701529	          9.81374684	        -19.71090779	         -6.35529237	          7.01643164	          8.57380787	          0.96390381	         -1.89322026	          1.89505002	          2.56233757	         -4.62705413	          5.76938442	         -4.53876092	          0.44350044	          1.04471959	         -1.74912483	        -13.65193043	         10.24482999	          4.72300152	        -13.50336560	         16.46670584	         29.42868968	         27.17799281	         86.51662706	         86.51662706	          0.05000011	          0.05000015	          0.05000018	          0.05000035	          0.05000033	          0.05000033	          0.05000003	          0.05000008	          0.10721373	          0.05000007	          0.08270552	          0.18641237	          0.21159371	          0.19403489	          0.15131034	          0.10055902	          0.05641366	          0.06738391	          0.05000066	          0.05000027	          0.05000022	          0.08868687	          0.11326829	          0.10513855	          0.21284940	          0.05903750	          0.05000052	          0.05000004	          0.05000007	          0.05000006	          0.05000003	          0.05000001	          0.05000003	          0.05000001	          0.05000008	          0.05000056	          0.05000039	          0.34264553	          0.08235403	          0.09077372	          0.31140952	          0.60608556	          0.20929153	          0.07296051	          0.11988015	          0.11800906	          0.35099767	          0.15495163	          0.06639600	          0.52363868	          0.40916988	          0.20382351	          0.05135602	          0.05000021	          0.05000012	          0.18115510	          0.11351132	          0.05000007	          0.05000010	          0.05000026	          0.05000075	          0.05000047	          0.55257055	          0.05000040	          0.05000024	          0.05000138	          0.05000079	          0.05000054	          0.21523666	          0.48422050	          0.05000007	          0.05000041	          0.05000284	          0.17417144	          0.05000092	          0.05000101	          0.05000057	          0.53495580	          0.58265776	          0.39797697	          0.54429148	          0.05000022	          0.36963397	          0.05000001	          0.15471695	          0.31525705	          0.05893032	          0.12100320	          0.25810829	          0.05000001	          0.05000002	          0.05000001	
          0.48236137	         -2.88269687	          0.95636339	         -1.45017458	          0.63407157	          0.91342786	          0.00371486	         30.60209208	          1.44909327	         -2.42437751	        -14.01851700	          3.30441542	          9.88150937	        -17.38678572	         -6.88652045	          7.13597095	          8.45576394	          0.86478559	         -1.63851145	          2.15232167	          2.15690755	         -5.52270140	          7.12291636	         -4.49934770	          0.28847245	          1.17828284	         -2.24062253	        -13.70683067	          9.51714708	          4.86724943	        -13.55218622	         17.00447869	         29.00896693	         28.34787787	         86.51662706	         86.51662706	          0.05000014	          0.05000023	          0.05000030	          0.05000041	          0.05000039	          0.05000039	          0.11386142	          0.05000006	          0.16772982	          0.05000003	          0.07016960	          0.18279812	          0.21517168	          0.19091773	          0.15142086	          0.10403721	          0.05412218	          0.05722219	          0.05000032	          0.05000069	          0.05000137	          0.09279968	          0.09609989	          0.08920242	          0.18970885	          0.05009442	          0.05000045	          0.05000013	          0.05000048	          0.05000033	          0.05000011	          0.05000001	          0.05000003	          0.05000001	          0.05000009	          0.05000127	          0.05000043	          0.33642267	          0.08015868	          0.09235346	          0.30814832	          0.60671872	          0.21798459	          0.07835149	          0.11473468	          0.11565168	          0.35198206	          0.13405508	          0.05633236	          0.52429769	          0.39090041	          0.17292939	          0.05000039	          0.05000011	          0.05000007	          0.15369681	          0.11944356	          0.05000006	          0.05000008	          0.05000022	          0.05000066	          0.05000043	          0.56906336	          0.05000031	          0.05000022	          0.05000693	          0.05000127	          0.05000063	          0.29752979	          0.54961661	          0.05000008	          0.05000045	          0.05000034	          0.21314699	          0.06627237	          0.07004180	          0.05836695	          0.52313748	          0.57855700	          0.39754651	          0.53935049	          0.22036955	          0.41571186	          0.05000001	          0.13126599	          0.31791254	          0.05000008	          0.10266234	          0.21898596	          0.05000001	          0.05000001	          0.05000001	
          0.49308051	         -2.89412523	          1.05330256	         -1.76433605	          0.64910403	          0.91219585	          0.00363104	         30.38896413	          1.70782887	         -2.49712429	        -14.60779233	          3.06489156	          9.92426122	        -15.26396367	         -7.53430826	          7.32838388	          8.25008754	          0.77580109	         -1.30109609	          2.35006947	          1.63629636	         -6.21323977	          8.71379158	         -4.43992823	          0.13086617	          1.30846369	         -2.78487665	        -13.73002747	          8.66506120	          4.93720803	        -13.62472868	         17.64931148	         28.62281572	         29.55731587	         86.51662706	         86.51662706	          0.05000014	          0.05000024	          0.05000025	          0.05000059	          0.05000047	          0.05000039	          0.17096276	          0.05000005	          0.22404289	          0.05000003	          0.05953380	          0.17942723	          0.19935413	          0.17615250	          0.14353646	          0.10750012	          0.05013874	          0.05164019	          0.05000030	          0.05000051	          0.05000047	          0.08946417	          0.08153375	          0.07568177	          0.16141222	          0.05005498	          0.05000068	          0.05392952	          0.06016039	          0.05803097	          0.05000119	          0.05000003	          0.05000007	          0.05000027	          0.05000012	          0.05000024	          0.05000024	          0.32538363	          0.06800888	          0.09969405	          0.31847497	          0.60631474	          0.23732324	          0.08060914	          0.11242507	          0.11607420	          0.36429447	          0.11373608	          0.05826033	          0.53938424	          0.34434914	          0.14671796	          0.05000041	          0.05000008	          0.05000005	          0.13040047	          0.13844762	          0.05000007	          0.05000009	          0.05000021	          0.05000064	          0.05000034	          0.58125446	          0.05000038	          0.05000022	          0.05000230	          0.05000100	          0.05000057	          0.37572121	          0.61092204	          0.05000009	          0.05000050	          0.05000041	          0.25553957	          0.10358632	          0.11055450	          0.08639628	          0.50798601	          0.57539453	          0.39457043	          0.53188797	          0.23025677	          0.45400354	          0.05000001	          0.11136957	          0.30361202	          0.05000008	          0.08710146	          0.18579353	          0.05000001	          0.05000001	          0.05000001	
          0.50379966	         -2.90474716	          1.13998343	         -2.07315886	          0.66448709	          0.91110882	          0.00353293	         30.10934258	          1.98407634	         -2.54584737	        -15.12965271	          2.81701663	          9.93888851	        -13.43739328	         -8.30538628	          7.55060116	          7.94441319	          0.70070387	         -0.87580838	          2.48569617	          0.98202214	         -6.68504789	         10.58059895	         -4.35788124	         -0.02897297	          1.43419981	         -3.37268006	        -13.68414341	          7.54737132	          4.93889361	        -13.72629338	         18.45087015	         28.21896716	         30.78363064	         86.51662706	         86.51662706	          0.05000027	          0.05000036	          0.05000040	          0.05000059	          0.05000060	          0.05000058	          0.22044504	          0.05000011	          0.27042848	          0.05000006	          0.05051017	          0.17347762	          0.17642030	          0.16901835	          0.14075495	          0.11357567	          0.05000883	          0.05022517	          0.05000048	          0.05000091	          0.05000097	          0.08712483	          0.06917546	          0.06421048	          0.14096919	          0.05000234	          0.05000041	          0.05299831	          0.06420533	          0.06247691	          0.05375985	          0.05000002	          0.05000006	          0.05000002	          0.05000012	          0.06312075	          0.05000051	          0.31797821	          0.05770067	          0.10626041	          0.32956589	          0.60163314	          0.23097508	          0.07855587	          0.10564116	          0.12226467	          0.36797039	          0.09649677	          0.05723194	          0.55220241	          0.29215517	          0.12447947	          0.05000056	          0.05000010	          0.05000008	          0.11063523	          0.14815379	          0.05000009	          0.05000011	          0.05000025	          0.05000075	          0.05000043	          0.59178352	          0.05000053	          0.05000028	          0.05000318	          0.05000105	          0.05000062	          0.44262323	          0.66529704	          0.05000011	          0.05000065	          0.05000100	          0.30213773	          0.13318759	          0.14345115	          0.10909045	          0.48396163	          0.55448130	          0.38320794	          0.51586020	          0.27431599	          0.47784536	          0.05000001	          0.09448891	          0.28730666	          0.05000007	          0.07389920	          0.15763218	          0.05000002	          0.05000002	          0.05000001	
          0.51451880	         -2.91398136	          1.21745083	         -2.37509393	          0.68023571	          0.91016801	          0.00341741	         29.77758612	          2.27805165	         -2.57057330	        -15.58300108	          2.55896928	          9.92419003	        -11.98279047	         -9.19467616	          7.74798148	          7.51404659	          0.64018415	         -0.35739750	          2.56409258	          0.20564814	         -6.97554658	         12.71049565	         -4.25209744	         -0.18961100	          1.55518475	         -3.99163683	        -13.59481722	          6.36809357	          4.86050610	        -13.79223129	         19.08457329	         27.76418785	         31.98627500	         86.51662706	         86.51662706	          0.05000033	          0.05000028	          0.05000034	          0.05000039	          0.05000038	          0.05000047	          0.25621522	          0.05000034	          0.30132557	          0.05000008	          0.05000033	          0.14748301	          0.16722325	          0.15309844	          0.13662663	          0.12351775	          0.05000048	          0.05021268	          0.05000350	          0.05000084	          0.05000091	          0.09070832	          0.05869037	          0.05447795	          0.12366867	          0.05000082	          0.05000026	          0.05000026	          0.05747246	          0.05633897	          0.05001211	          0.05000001	          0.05000002	          0.05000000	          0.05000008	          0.09160750	          0.05084766	          0.31190360	          0.05503149	          0.11225378	          0.33339657	          0.59840737	          0.23528915	          0.07292444	          0.10187517	          0.12712481	          0.37764927	          0.08187045	          0.05761828	          0.54911570	          0.24787229	          0.10561172	          0.05000045	          0.05000007	          0.05000006	          0.09386588	          0.13404992	          0.05000007	          0.05000009	          0.05000018	          0.05000055	          0.05000031	          0.59694369	          0.05000041	          0.05000021	          0.05000140	          0.05000076	          0.05000047	          0.48325982	          0.71294867	          0.05000008	          0.05000048	          0.05000096	          0.35382519	          0.14728057	          0.15909855	          0.12488963	          0.45529002	          0.53052130	          0.36668945	          0.49349352	          0.29067157	          0.49129445	          0.05000000	          0.08016691	          0.27634618	          0.05000003	          0.06269805	          0.13373935	          0.05000001	          0.05000001	          0.05000001	
          0.52523794	         -2.92150238	          1.28849540	         -2.66824000	          0.69635106	          0.90935769	          0.00328113	         29.41084253	          2.59032630	         -2.57035768	        -15.96715696	          2.28753390	          9.87715105	        -10.97847762	        -10.19419488	          7.85964385	          6.93972772	          0.59446563	          0.25361047	          2.61612738	         -0.69002933	         -7.14202585	         15.10254604	         -4.12397259	         -0.35135670	          1.67181982	         -4.64218494	        -13.52667503	          5.46044635	          4.68612360	        -13.78571046	         19.33873633	         27.28914562	         33.16533088	         86.51662706	         86.51662706	          0.05000009	          0.05000087	          0.05000025	          0.05337312	          0.05000344	          0.05000077	          0.27304128	          0.07374234	          0.31214667	          0.05000018	          0.05000035	          0.12512975	          0.14853416	          0.12996373	          0.12399663	          0.13296178	          0.05000016	          0.05006552	          0.09340835	          0.05000099	          0.05252732	          0.10271888	          0.05000022	          0.05000019	          0.11420978	          0.05890228	          0.05607913	          0.05000010	          0.05000078	          0.05000072	          0.05000042	          0.05000025	          0.05000020	          0.05143730	          0.05000024	          0.08905092	          0.05207353	          0.30965897	          0.05331516	          0.11749349	          0.33229456	          0.59984475	          0.25732864	          0.06539708	          0.09038002	          0.12771142	          0.38726800	          0.06946108	          0.05362199	          0.55614321	          0.21030148	          0.08960381	          0.05000053	          0.05000008	          0.05000006	          0.07963832	          0.11373239	          0.05000006	          0.05000008	          0.05000016	          0.05000052	          0.05000030	          0.56299277	          0.05000035	          0.05000022	          0.05000471	          0.05000114	          0.05000056	          0.45443563	          0.75454091	          0.05000010	          0.05000054	          0.05000009	          0.40786173	          0.12496091	          0.13498615	          0.10596493	          0.42213854	          0.50324037	          0.34370293	          0.45913841	          0.28685146	          0.47844780	          0.05000000	          0.06801576	          0.26278222	          0.05000002	          0.05319469	          0.11346803	          0.05000000	          0.05000001	          0.05000001	
          0.53595708	         -2.92689780	          1.35636364	         -2.95405629	          0.71282292	          0.90865178	          0.00311798	         29.02522593	          2.91682896	         -2.54496381	        -16.27593313	          1.99889481	          9.79944227	        -10.50431663	        -11.30573238	          7.80113857	          6.20789160	          0.56873408	          0.95548943	          2.66972526	         -1.70043435	         -7.21054367	         17.74608067	         -3.97535679	         -0.51522514	          1.78273458	         -5.32912914	        -13.48157338	          4.79765493	          4.42255206	        -13.74513912	         19.38771566	         26.81748224	         34.34613836	         86.51662706	         86.51662706	          0.06946087	          0.05000009	          0.05893261	          0.05000004	          0.05000006	          0.05000023	          0.27150942	          0.06946108	          0.30261459	          0.05727923	          0.05000041	          0.10616464	          0.15788514	          0.11101816	          0.15650673	          0.16007304	          0.05000296	          0.05000345	          0.10056060	          0.05893285	          0.07990186	          0.11888655	          0.05000004	          0.05000009	          0.16020436	          0.05000024	          0.05000011	          0.05000004	          0.05000071	          0.05000064	          0.05000049	          0.05860807	          0.05000005	          0.05000001	          0.05000006	          0.08428741	          0.05000041	          0.32127649	          0.05000025	          0.12306497	          0.37692827	          0.61704236	          0.34516373	          0.06009819	          0.07668082	          0.10835378	          0.38232635	          0.05893264	          0.05000001	          0.55191487	          0.17842539	          0.07602227	          0.05000059	          0.05000007	          0.05000005	          0.06756728	          0.09649378	          0.05000014	          0.05000007	          0.05000014	          0.05000044	          0.05000031	          0.48989127	          0.05000053	          0.05000013	          0.05000043	          0.05000026	          0.05000023	          0.38555533	          0.78897428	          0.05000002	          0.05000010	          0.05000002	          0.37445168	          0.11534463	          0.12495405	          0.10092452	          0.37906263	          0.44993506	          0.31205058	          0.42463671	          0.27159794	          0.46415341	          0.05000000	          0.06946105	          0.22295144	          0.05000003	          0.05000000	          0.09626931	          0.05000000	          0.05000000	          0.05000000	
          0.54667622	         -2.92962348	          1.42440097	         -3.23201435	          0.72963193	          0.90802113	          0.00291912	         28.63421970	          3.24390501	         -2.49038939	        -16.50431488	          1.69025693	          9.68672348	        -10.65041069	        -12.52804262	          7.46877690	          5.30619229	          0.56073523	          1.74728864	          2.72960838	         -2.81623708	         -7.19646868	         20.60516374	         -3.80761340	         -0.68048304	          1.88812696	         -6.04809301	        -13.45591426	          4.34877498	          4.07420504	        -13.69844604	         19.33789222	         26.35303966	         35.54955574	         86.51662706	         86.51662706	          0.05893261	          0.05893262	          0.05000006	          0.05893263	          0.05893262	          0.05893254	          0.24080230	          0.05893266	          0.26668276	          0.05893261	          0.05000011	          0.12620579	          0.19926063	          0.09419084	          0.13278489	          0.17403905	          0.05000003	          0.06436632	          0.08531846	          0.05000029	          0.06779094	          0.18778204	          0.05004194	          0.05000011	          0.33422300	          0.20117001	          0.11078298	          0.05000001	          0.05000003	          0.05000002	          0.05000002	          0.06029633	          0.05000711	          0.05000003	          0.05000042	          0.08187042	          0.08187038	          0.33102975	          0.05172926	          0.15601528	          0.38802845	          0.63592457	          0.37647717	          0.05098891	          0.06505805	          0.09193023	          0.32437593	          0.05000003	          0.05000000	          0.46825931	          0.15138086	          0.06449934	          0.05000056	          0.05000006	          0.05000003	          0.05732590	          0.08186798	          0.10288798	          0.05112328	          0.05000020	          0.05000051	          0.05000034	          0.49207841	          0.05897045	          0.05000007	          0.05000018	          0.05000011	          0.05000012	          0.32711541	          0.73272721	          0.05000000	          0.05000004	          0.05000002	          0.35684292	          0.14178947	          0.14541606	          0.12357054	          0.32160682	          0.38173689	          0.26475201	          0.37318480	          0.23043110	          0.39380058	          0.05000000	          0.05893261	          0.18915793	          0.05000001	          0.05000000	          0.08167745	          0.05000000	          0.05000005	          0.07113366	
          0.55739536	         -2.93017650	          1.50475105	         -3.49632071	          0.74672173	          0.90744682	          0.00269429	         28.24693687	          3.52882455	         -2.41815649	        -16.65300127	          1.35572215	          9.52480142	        -11.45970730	        -13.83818300	          6.70547692	          4.19965649	          0.57008301	          2.59298086	          2.73667602	         -4.02364597	         -7.14605228	         23.66630797	         -3.62569248	         -0.85761176	          1.98636515	         -6.78137057	        -13.45113507	          4.09490954	          3.64470240	        -13.65773783	         19.23733137	         25.88412237	         36.79456282	         86.51662706	         86.51662706	          0.05000000	          0.05000002	          0.14482926	          0.05000002	          0.05000002	          0.05000003	          0.20430309	          0.05000004	          0.22626075	          0.05000001	          0.06946104	          0.10707647	          0.31980037	          0.33473985	          0.23197784	          0.20674362	          0.05000107	          0.06946153	          0.07238650	          0.10182243	          0.12866920	          0.19465926	          0.06946088	          0.06946105	          0.54645504	          0.17067801	          0.09399125	          0.06944308	          0.09260964	          0.09340947	          0.07001041	          0.06838239	          0.06946104	          0.06812061	          0.05000000	          0.06946106	          0.06946104	          0.40668561	          0.11207324	          0.13732753	          0.56938850	          0.68245833	          0.34159662	          0.05000000	          0.05519698	          0.07799606	          0.27520918	          0.05893253	          0.05893260	          0.39728368	          0.12843556	          0.05653748	          0.05000131	          0.05000023	          0.05000078	          0.05000002	          0.06945907	          0.19698916	          0.13025809	          0.05893267	          0.05893215	          0.05893317	          0.41749261	          0.05003228	          0.05001112	          0.05892251	          0.05893219	          0.05893246	          0.27753342	          0.67189030	          0.05893260	          0.05893259	          0.05000030	          0.30500709	          0.15857320	          0.16881793	          0.14458026	          0.27285978	          0.32387573	          0.22462265	          0.31661992	          0.19550389	          0.33411092	          0.05000000	          0.05000000	          0.16048663	          0.05000000	          0.05000000	          0.06929732	          0.06161126	          0.06926371	          0.06946105	
          0.56811451	         -2.92917547	          1.62203007	         -3.74620963	          0.76401665	          0.90695271	          0.00247672	         27.80032147	          3.74020208	         -2.27386267	        -16.70341266	          0.98418722	          9.32302090	        -12.50818285	        -15.25103112	          5.79396704	          2.84417768	          0.60588978	          3.43555428	          2.83602566	         -5.26790753	         -7.05376604	         26.85065729	         -3.43228196	         -1.07367418	          2.07498667	         -7.50750748	        -13.47236850	          4.02234219	          3.14807996	        -13.61722114	         19.11174025	         25.38656759	         38.07058162	         86.51662706	         86.51662706	          0.34988937	          0.35384264	          0.41215447	          0.44586981	          0.31700144	          0.26889879	          0.18085488	          0.15120173	          0.20192219	          0.09649646	          0.05893271	          0.09084656	          0.27132720	          0.28400222	          0.19681625	          0.25575534	          0.05000008	          0.05893425	          0.21361640	          0.24803513	          0.21983551	          0.25764628	          0.05893262	          0.05893262	          0.46362700	          0.14480780	          0.13669949	          0.05891736	          0.07857248	          0.07925108	          0.05939870	          0.05801744	          0.05893260	          0.05779534	          0.06946109	          0.05893262	          0.05893260	          0.45905710	          0.09508592	          0.11651239	          0.48308435	          0.81480233	          0.61600388	          0.07849550	          0.09649675	          0.06617393	          0.25710059	          0.05000000	          0.05000000	          0.33709543	          0.10896817	          0.05000002	          0.05000055	          0.05000004	          0.05000001	          0.05000056	          0.05893265	          0.24778417	          0.11051467	          0.05000013	          0.05000021	          0.05000055	          0.49158098	          0.06945999	          0.05000006	          0.05000011	          0.05000006	          0.05000005	          0.23546675	          0.71191248	          0.05000000	          0.05000003	          0.05000000	          0.25877614	          0.13453774	          0.14322964	          0.12266575	          0.23150149	          0.27478479	          0.19057583	          0.26862876	          0.16587071	          0.28346861	          0.11792122	          0.09485771	          0.13616115	          0.05000003	          0.05000004	          0.05879370	          0.09224395	          0.05876517	          0.05893261	
          0.57883365	         -2.92900224	          1.74475474	         -3.96324245	          0.78119424	          0.90671163	          0.00221552	         27.38467238	          3.92907782	         -2.18947107	        -16.54382525	          0.62193718	          9.09497003	        -13.53393625	        -16.92539013	          4.51175531	          1.24020589	          0.62344703	          4.33970602	          3.03453054	         -6.48789202	         -7.06317064	         29.89634862	         -3.25696093	         -1.29385898	          2.15115474	         -8.13738054	        -13.49837219	          4.13451832	          2.64403183	        -13.57936923	         18.98264993	         24.78103096	         39.31009891	         86.51662706	         86.51662706	          0.43697965	          0.46030822	          0.43174586	          0.37828786	          0.26895265	          0.22814109	          0.15344210	          0.15143657	          0.17131618	          0.08187017	          0.05000011	          0.07707665	          0.23020146	          0.40659906	          0.41481022	          0.31640212	          0.05000005	          0.05000156	          0.20842900	          0.36002984	          0.30687137	          0.35744646	          0.05000001	          0.05000002	          0.39335350	          0.12285881	          0.11597953	          0.05000000	          0.16381391	          0.19228747	          0.13921303	          0.05000000	          0.05000000	          0.05000000	          0.05893265	          0.05000001	          0.05000001	          0.54619480	          0.11822758	          0.17755049	          0.59622745	          0.89198842	          0.77604455	          0.09886718	          0.08187041	          0.05614373	          0.21813099	          0.05000008	          0.05000004	          0.28600074	          0.09245151	          0.05000016	          0.05000533	          0.05000024	          0.05001090	          0.05000002	          0.05000015	          0.31445464	          0.24445284	          0.29090600	          0.13406116	          0.11378720	          0.47551560	          0.05893177	          0.05000013	          0.05000081	          0.05000099	          0.09650077	          0.19977626	          0.67287033	          0.05000002	          0.05000030	          0.05000018	          0.26579112	          0.13405539	          0.13405539	          0.12337683	          0.19641202	          0.23313472	          0.16168960	          0.22791179	          0.14072912	          0.24050233	          0.28213697	          0.10353620	          0.12073890	          0.37980938	          0.23368184	          0.05000002	          0.12230050	          0.05000000	          0.05000000	
          0.58955279	         -2.92929285	          1.85920251	         -4.14508540	          0.79805257	          0.90677055	          0.00192218	         27.02737339	          4.12186277	         -2.13198823	        -16.11808117	          0.30577093	          8.90222093	        -14.59585896	        -18.95458026	          3.14397747	         -0.56223068	          0.62289350	          5.32472870	          3.23323835	         -7.50354411	         -7.12036788	         32.31360316	         -3.11382206	         -1.50644298	          2.21770773	         -8.63111746	        -13.52537478	          4.41492644	          2.17316493	        -13.54171075	         18.87056517	         24.05414749	         40.46863066	         86.51662706	         86.51662706	          0.52304467	          0.51813218	          0.49641593	          0.32094950	          0.22818662	          0.19356118	          0.13018437	          0.13899315	          0.14534924	          0.06946083	          0.05000003	          0.06539391	          0.34787408	          0.49176893	          0.45642817	          0.33239729	          0.05000005	          0.05000032	          0.17683726	          0.41866642	          0.35401421	          0.39285014	          0.05000000	          0.05000001	          0.40276152	          0.10423673	          0.09840030	          0.05000001	          0.32584472	          0.34528773	          0.27717840	          0.05000000	          0.05000001	          0.05000000	          0.05000005	          0.05000013	          0.05000014	          0.63215920	          0.17224167	          0.15063870	          0.51867130	          0.93700514	          0.86938398	          0.10411348	          0.06946104	          0.05000000	          0.18506814	          0.05000010	          0.05000004	          0.24265065	          0.07843834	          0.05000010	          0.05000218	          0.05000055	          0.05916166	          0.05000001	          0.05000008	          0.35159080	          0.55934705	          0.37339750	          0.11374183	          0.09654014	          0.49212703	          0.05000015	          0.05000009	          0.05386780	          0.06948695	          0.08187438	          0.16949550	          0.63383413	          0.16774483	          0.05000056	          0.05000014	          0.22550437	          0.11373616	          0.11373617	          0.10467619	          0.16664118	          0.19779770	          0.13718175	          0.19336643	          0.11939833	          0.20404861	          0.29642884	          0.08784288	          0.10243832	          0.32224039	          0.32595675	          0.44593797	          0.13640804	          0.05000000	          0.05000000	
          0.60027193	         -2.92960872	          1.96336791	         -4.29550188	          0.81453836	          0.90705915	          0.00162041	         26.63594598	          4.32336123	         -2.05571646	        -15.42410029	          0.05270575	          8.75046524	        -15.61057839	        -21.33295306	          2.10687065	         -2.52367278	          0.60130470	          6.36880635	          3.37726474	         -8.20943624	         -7.19870959	         33.90809436	         -3.00229216	         -1.70878213	          2.27461624	         -8.99676662	        -13.55620190	          4.82539836	          1.74781510	        -13.50667945	         18.79017386	         23.24402423	         41.54286268	         86.51662706	         86.51662706	          0.59194454	          0.57001113	          0.54126718	          0.27230221	          0.19359978	          0.21461474	          0.11047113	          0.13814355	          0.13100113	          0.05893244	          0.05000008	          0.05893242	          0.33022919	          0.41727913	          0.46159967	          0.35345057	          0.05000005	          0.05000737	          0.15003431	          0.45074818	          0.37786578	          0.41595416	          0.05000002	          0.05000001	          0.34171362	          0.08843726	          0.11364355	          0.05000001	          0.33644620	          0.38073317	          0.29191473	          0.05000000	          0.05000001	          0.05000000	          0.05000006	          0.05000008	          0.05000010	          0.65396221	          0.14613446	          0.14466323	          0.63881006	          0.96325994	          0.92382170	          0.10420130	          0.05893259	          0.05000001	          0.15701674	          0.05000018	          0.05001627	          0.20587130	          0.06654924	          0.05000072	          0.05000462	          0.05000017	          0.05019444	          0.05000004	          0.05000027	          0.32905994	          0.52930427	          0.31680042	          0.09650171	          0.08190724	          0.51790296	          0.18065309	          0.08109573	          0.05000244	          0.05895474	          0.06946445	          0.14380451	          0.56338856	          0.19722124	          0.08790796	          0.06946194	          0.28348430	          0.09649679	          0.09649679	          0.08881007	          0.14138281	          0.16781683	          0.11638865	          0.22246843	          0.10130072	          0.18497632	          0.25149811	          0.07452824	          0.11395609	          0.27339732	          0.45272333	          0.67685818	          0.15734311	          0.05971481	          0.05000000	
          0.61099107	         -2.93006226	          2.06205724	         -4.42338270	          0.83065101	          0.90753840	          0.00130913	         26.18169138	          4.53598994	         -1.95282143	        -14.52987884	         -0.14793572	          8.60631569	        -16.52648295	        -23.89599059	          1.35625963	         -4.50817843	          0.56570712	          7.32154175	          3.48893184	         -8.53721101	         -7.34112975	         34.52555467	         -2.91716551	         -1.89979164	          2.32426438	         -9.24903687	        -13.58608870	          5.32428464	          1.37438976	        -13.47797973	         18.75103662	         22.38152779	         42.52586868	         86.51662706	         86.51662706	          0.65705278	          0.59652582	          0.55692686	          0.23102849	          0.16425534	          0.21088232	          0.09372675	          0.12435578	          0.11221056	          0.05000005	          0.05000007	          0.05000012	          0.28017530	          0.35403105	          0.41170453	          0.34951276	          0.05000006	          0.05000049	          0.12729331	          0.45471224	          0.37656492	          0.39931243	          0.05000001	          0.05000001	          0.28991897	          0.07503261	          0.09649691	          0.05000001	          0.36669500	          0.40399697	          0.31293947	          0.05000000	          0.05000001	          0.05000000	          0.05000004	          0.05000004	          0.05000005	          0.69429231	          0.14675111	          0.15275564	          0.64428659	          0.97857235	          0.95557105	          0.10971972	          0.05000000	          0.05000001	          0.13321719	          0.05000124	          0.05893272	          0.17466682	          0.06067559	          0.05893353	          0.05000074	          0.05000007	          0.05000009	          0.05000004	          0.10949156	          0.30874508	          0.44907593	          0.26878195	          0.08187469	          0.06949229	          0.53257475	          0.25269637	          0.06880763	          0.05000139	          0.05001893	          0.05893552	          0.14823288	          0.48365248	          0.16732779	          0.07458392	          0.05893348	          0.26559535	          0.08187045	          0.08187045	          0.07534882	          0.11995294	          0.14238026	          0.09874722	          0.22008307	          0.08594623	          0.25870987	          0.21337768	          0.06323175	          0.09668339	          0.23195756	          0.42732517	          0.81153619	          0.16350986	          0.08097161	          0.05000000	
          0.62171021	         -2.93017368	          2.15471628	         -4.53929225	          0.84641535	          0.90818279	          0.00098231	         25.67668568	          4.75778788	         -1.81714537	        -13.50387634	         -0.30646927	          8.44810592	        -17.36136431	        -26.51067034	          0.85829029	         -5.88698348	          0.51525012	          8.09508426	          3.57075178	         -8.54676821	         -7.55010328	         34.51841629	         -2.85393091	         -2.07218516	          2.36587105	         -9.40793549	        -13.60752784	          5.87242330	          1.05767061	        -13.45925199	         18.75853361	         21.49503031	         43.41150223	         86.51662706	         86.51662706	          0.69016811	          0.59391221	          0.55090801	          0.19601077	          0.13935868	          0.17891835	          0.07952032	          0.10961340	          0.09520468	          0.05000006	          0.05000007	          0.05000026	          0.25625567	          0.33251290	          0.38376039	          0.33685517	          0.05000006	          0.05000088	          0.10800084	          0.43590293	          0.36054167	          0.37533111	          0.05000001	          0.05000001	          0.24597503	          0.06365994	          0.08187162	          0.05000001	          0.38297282	          0.42662018	          0.32915210	          0.05000000	          0.05000001	          0.05000000	          0.05000010	          0.05000004	          0.05000005	          0.72862106	          0.15800360	          0.14928636	          0.60646794	          0.98750289	          0.97408800	          0.12010559	          0.05000000	          0.05000001	          0.11302502	          0.05000009	          0.05000014	          0.20198062	          0.05477927	          0.05000099	          0.05000179	          0.05000012	          0.05000016	          0.05000012	          0.15616613	          0.29487914	          0.38101497	          0.22804181	          0.06946474	          0.05895912	          0.54728914	          0.35166360	          0.11364707	          0.05000059	          0.05000023	          0.05000251	          0.16816425	          0.41034364	          0.14196537	          0.06327912	          0.05000078	          0.22533821	          0.06946107	          0.06946107	          0.06392795	          0.10177127	          0.13941881	          0.08377977	          0.18672436	          0.12125376	          0.21949639	          0.22091344	          0.05364750	          0.08202876	          0.19679896	          0.36255405	          0.75636357	          0.15546619	          0.09683130	          0.05000000	
          0.63242936	         -2.92976386	          2.23947323	         -4.65261076	          0.86185486	          0.90898228	          0.00064279	         25.12937688	          4.98758353	         -1.63669304	        -12.36484118	         -0.43782227	          8.25930180	        -18.13178760	        -29.06732797	          0.61343471	         -6.33937723	          0.45420460	          8.67281766	          3.62899879	         -8.48167752	         -7.76895630	         34.35895268	         -2.80999439	         -2.22246502	          2.39857924	         -9.49079796	        -13.61560049	          6.43731042	          0.80000183	        -13.45096954	         18.81105472	         20.60875058	         44.19594668	         86.51662706	         86.51662706	          0.73526089	          0.58508426	          0.52663214	          0.16630081	          0.11823570	          0.15179930	          0.06746757	          0.10048325	          0.08352108	          0.05000005	          0.05000007	          0.05000014	          0.22737624	          0.35102186	          0.37253182	          0.32506443	          0.05000006	          0.05000069	          0.09163144	          0.41099184	          0.33854991	          0.34787164	          0.05000001	          0.05000001	          0.20869179	          0.05666824	          0.06946214	          0.05000002	          0.39018762	          0.43720298	          0.33497500	          0.05000000	          0.05000001	          0.05000000	          0.05000057	          0.05000002	          0.05000002	          0.73320093	          0.13405543	          0.13943900	          0.51943527	          0.99271140	          0.98488751	          0.12635923	          0.05000000	          0.05000001	          0.09589344	          0.05000007	          0.05000004	          0.19379459	          0.05000166	          0.05000030	          0.05000264	          0.05000018	          0.05000021	          0.05000054	          0.17095325	          0.27537662	          0.36828555	          0.19347681	          0.05893586	          0.05002251	          0.55166438	          0.38598992	          0.13734820	          0.05000044	          0.05000021	          0.05000009	          0.16065946	          0.34814646	          0.12044721	          0.05368798	          0.05000024	          0.19118297	          0.05893262	          0.05893262	          0.05423817	          0.08689381	          0.12806004	          0.07111552	          0.15842193	          0.10287497	          0.18622661	          0.23427904	          0.05000007	          0.06959541	          0.16696949	          0.47548668	          0.78777664	          0.14886957	          0.09158463	          0.05000000	
          0.64314850	         -2.92847624	          2.31675210	         -4.76419718	          0.87700088	          0.90992797	          0.00030010	         24.54201859	          5.22695935	         -1.40216054	        -11.10882149	         -0.54945494	          8.04011780	        -18.84917849	        -31.53613990	          0.65288447	         -6.22829125	          0.38486413	          9.09885754	          3.69757493	         -8.40216879	         -7.92565679	         34.08725984	         -2.78169323	         -2.35437806	          2.42100246	         -9.50984035	        -13.61201167	          7.00174299	          0.59460571	        -13.44998081	         18.89539221	         19.74249243	         44.88258197	         86.51662706	         86.51662706	          0.76911049	          0.58146599	          0.50398574	          0.14629879	          0.10031530	          0.14570356	          0.05912535	          0.09044895	          0.07404754	          0.05000005	          0.05000007	          0.05000105	          0.23977196	          0.30497882	          0.34598297	          0.30839771	          0.05000007	          0.05000152	          0.07774291	          0.38343265	          0.31266675	          0.31606224	          0.05000002	          0.05000002	          0.17705968	          0.05000033	          0.05893363	          0.05000002	          0.42945293	          0.45801578	          0.37241452	          0.05000000	          0.05000001	          0.05000000	          0.12873868	          0.05000017	          0.05000013	          0.70787261	          0.11373620	          0.11830376	          0.44070272	          0.99574910	          0.99118600	          0.12262155	          0.05000000	          0.05000001	          0.08135857	          0.05000006	          0.05000005	          0.18473885	          0.05000116	          0.05000027	          0.05000158	          0.05000022	          0.05000022	          0.05005003	          0.17685943	          0.25368623	          0.36312340	          0.16415095	          0.05000295	          0.05000006	          0.55492493	          0.39442402	          0.15180092	          0.05000043	          0.05000019	          0.05000009	          0.15312288	          0.29537672	          0.10219063	          0.05000080	          0.05000012	          0.16220475	          0.05000002	          0.05000002	          0.05000000	          0.07372316	          0.10864974	          0.06246218	          0.13440954	          0.08728195	          0.15799964	          0.23678666	          0.05000015	          0.05904664	          0.14166139	          0.47625607	          0.79378528	          0.14960790	          0.08605669	          0.05000000	
          0.65386764	         -2.92635142	          2.38777274	         -4.87011164	          0.89188215	          0.91102370	         -0.00003967	         23.90167352	          5.47343749	         -1.12645054	         -9.73732931	         -0.64306402	          7.79242709	        -19.49607011	        -33.91950027	          1.01134596	         -5.78762382	          0.29429324	          9.38493554	          3.79529095	         -8.31955840	         -7.98888678	         33.72040983	         -2.76549602	         -2.47190503	          2.43245567	         -9.47095852	        -13.59985159	          7.55901034	          0.43148406	        -13.45221837	         18.99379069	         18.90916124	         45.47559894	         86.51662706	         86.51662706	          0.79600756	          0.57547601	          0.47969642	          0.20332643	          0.18653963	          0.18982983	          0.05052107	          0.07957875	          0.06424086	          0.05000004	          0.05000007	          0.05000018	          0.20342900	          0.25875443	          0.31020390	          0.28811442	          0.05000009	          0.05000074	          0.06595935	          0.35628216	          0.28459656	          0.27923496	          0.05000001	          0.05000001	          0.15022216	          0.05000039	          0.05000100	          0.05000003	          0.43869405	          0.53988513	          0.37140078	          0.05000001	          0.05000003	          0.05000000	          0.15996078	          0.05355462	          0.05773527	          0.64376324	          0.09649683	          0.10037206	          0.37390392	          0.84483215	          0.92242696	          0.11666982	          0.05000000	          0.05000001	          0.06902680	          0.05000005	          0.05000003	          0.28338662	          0.05000084	          0.05000022	          0.05000605	          0.06535796	          0.05000036	          0.06790765	          0.18396606	          0.23374979	          0.34843097	          0.13927009	          0.05000061	          0.05000007	          0.55344932	          0.39366211	          0.17224048	          0.05000035	          0.05000015	          0.05000006	          0.14359442	          0.25060547	          0.08670126	          0.05000068	          0.05000011	          0.13761889	          0.05000001	          0.05000001	          0.05000000	          0.06981471	          0.09449508	          0.05356296	          0.12002779	          0.07405264	          0.13405113	          0.22966257	          0.05197795	          0.05009681	          0.12018958	          0.47049394	          0.76223414	          0.14526102	          0.07737583	          0.05000000	
          0.66458678	         -2.92413264	          2.45054293	         -4.96587627	          0.90651023	          0.91229575	         -0.00037128	         23.19039986	          5.72086857	         -0.81748403	         -8.25916249	         -0.71910933	          7.51777776	        -20.02833448	        -36.20472711	          1.61902501	         -5.14778821	          0.18126409	          9.54494031	          3.85412593	         -8.22244544	         -8.01331153	         33.28207946	         -2.76059276	         -2.57545724	          2.43279944	         -9.37463892	        -13.58059218	          8.10302740	          0.30530234	        -13.45358257	         19.09360219	         18.11631222	         45.97199084	         86.51662706	         86.51662706	          0.80911694	          0.56154279	          0.45705286	          0.28780074	          0.23707571	          0.23214283	          0.05346448	          0.07964106	          0.06414523	          0.05000004	          0.05000008	          0.05000028	          0.17259464	          0.21953676	          0.28313411	          0.26709762	          0.05000009	          0.05000092	          0.05596201	          0.32992235	          0.25693491	          0.24618448	          0.05000001	          0.05000002	          0.12745249	          0.05000033	          0.05000035	          0.05000003	          0.48824817	          0.47529623	          0.41591785	          0.05000003	          0.05000009	          0.05000003	          0.17063359	          0.05000135	          0.05774738	          0.57029595	          0.08187049	          0.08515834	          0.31723005	          0.77704507	          0.78261175	          0.11112667	          0.05000000	          0.05000001	          0.05856426	          0.05000004	          0.05000002	          0.42013554	          0.05000640	          0.05000017	          0.05003096	          0.10212394	          0.05000052	          0.08919742	          0.19593547	          0.21758729	          0.33949186	          0.11816051	          0.05000053	          0.05000006	          0.54533126	          0.39714959	          0.19926668	          0.05000028	          0.05000011	          0.05000004	          0.13422639	          0.21262035	          0.07355967	          0.05000042	          0.05000007	          0.16145443	          0.05000000	          0.05000000	          0.05000000	          0.05972195	          0.08017230	          0.05000001	          0.10900879	          0.06321081	          0.11373258	          0.23367449	          0.05000014	          0.05000004	          0.10197304	          0.45532353	          0.74633234	          0.13757255	          0.07394688	          0.05000001	
          0.67530592	         -2.92257485	          2.50156781	         -5.04888860	          0.92090239	          0.91375007	         -0.00069014	         22.38907422	          5.96237149	         -0.47611706	         -6.69015323	         -0.77933763	          7.21722859	        -20.39022038	        -38.36262907	          2.32594275	         -4.38547092	          0.07015547	          9.58938475	          3.87252649	         -8.10537341	         -8.00929292	         32.78296648	         -2.76652814	         -2.66341941	          2.42217089	         -9.22563339	        -13.55558594	          8.62343366	          0.21101972	        -13.45275592	         19.18817858	         17.37698435	         46.37233361	         86.51662706	         86.51662706	          0.80865809	          0.53575585	          0.42653087	          0.35530945	          0.28006544	          0.26919773	          0.06363367	          0.09076861	          0.07010669	          0.05000004	          0.05000007	          0.05000020	          0.14643393	          0.18626145	          0.26966332	          0.24509983	          0.05000008	          0.05000075	          0.05000074	          0.30319632	          0.22673615	          0.21183335	          0.05000001	          0.05000001	          0.10813409	          0.05000030	          0.05000038	          0.05000002	          0.42318305	          0.51089916	          0.37439390	          0.05000003	          0.05000009	          0.06444430	          0.18483847	          0.05000023	          0.05000030	          0.49982397	          0.06946113	          0.07225063	          0.26914646	          0.74848449	          0.67424149	          0.10393126	          0.05000000	          0.05000002	          0.05116974	          0.05000004	          0.05000002	          0.53999539	          0.05001935	          0.05000016	          0.05210528	          0.12942587	          0.05012617	          0.11091917	          0.20180013	          0.19953481	          0.33504991	          0.10025057	          0.05000049	          0.05000005	          0.53772630	          0.38355357	          0.22283277	          0.05000024	          0.05000008	          0.05000003	          0.12530634	          0.18039277	          0.06240999	          0.05000031	          0.05000006	          0.17926595	          0.05000000	          0.05000000	          0.05000000	          0.05066975	          0.06802037	          0.05000000	          0.10112375	          0.05536175	          0.09649379	          0.23740397	          0.05000008	          0.05000003	          0.10365880	          0.43831401	          0.74262124	          0.12704872	          0.06345311	          0.05000001	
          0.68602506	         -2.92194950	          2.53733008	         -5.11634729	          0.93507984	          0.91534941	         -0.00099185	         21.49702124	          6.18994929	         -0.10554424	         -5.04833038	         -0.82546671	          6.89163607	        -20.56414063	        -40.36427572	          3.00542007	         -3.55013074	         -0.02638409	          9.53066970	          3.88010135	         -7.96926861	         -7.96373465	         32.22975270	         -2.78334485	         -2.73466693	          2.40095266	         -9.03173659	        -13.52850250	          9.10996175	          0.14119931	        -13.45098883	         19.27137077	         16.70952393	         46.68661203	         86.51662706	         86.51662706	          0.79878770	          0.50019155	          0.38731417	          0.41414998	          0.33755548	          0.31852059	          0.07534968	          0.10360139	          0.07589696	          0.05000007	          0.05000008	          0.05000024	          0.12423847	          0.15802939	          0.22879112	          0.21562607	          0.05000010	          0.05000082	          0.05031376	          0.26343082	          0.19236916	          0.17972512	          0.05000002	          0.05000002	          0.09174386	          0.05000026	          0.05000028	          0.05000002	          0.42583445	          0.50428346	          0.38021033	          0.05000003	          0.05000006	          0.07922700	          0.19909004	          0.05000027	          0.05000027	          0.44054189	          0.05893275	          0.06131336	          0.22835116	          0.69381973	          0.62835996	          0.09751974	          0.05000000	          0.05000002	          0.07044329	          0.05000004	          0.05000002	          0.58762221	          0.06715157	          0.05000015	          0.05788082	          0.14372063	          0.05263522	          0.13101909	          0.21021538	          0.19065660	          0.31738610	          0.08505531	          0.05000039	          0.05000004	          0.52436665	          0.38125988	          0.24726439	          0.05000021	          0.05000007	          0.05000002	          0.11946012	          0.15305004	          0.05295032	          0.05000032	          0.05000006	          0.18610680	          0.05000000	          0.05000000	          0.05000000	          0.05000006	          0.05771035	          0.05000000	          0.09349823	          0.05022553	          0.08186794	          0.24202823	          0.05000009	          0.05000003	          0.12645666	          0.42066266	          0.74989453	          0.11828408	          0.06014732	          0.05000001	
          0.69674421	         -2.92227099	          2.55544248	         -5.16602485	          0.94906770	          0.91703793	         -0.00127505	         20.51182630	          6.39632533	          0.28859143	         -3.34851531	         -0.85944221	          6.54511698	        -20.54110140	        -42.19540248	          3.61228689	         -2.67239881	         -0.10302410	          9.38249900	          3.88569994	         -7.81722154	         -7.85673305	         31.62764026	         -2.81078812	         -2.78824334	          2.36912895	         -8.80123398	        -13.50286669	          9.55438571	          0.08863091	        -13.45000639	         19.33721774	         16.12911606	         46.92548641	         86.51662706	         86.51662706	          0.77639576	          0.46654270	          0.35907174	          0.46663991	          0.40219482	          0.37801081	          0.08355223	          0.11305325	          0.08092148	          0.05000014	          0.05000010	          0.05000015	          0.10540725	          0.13407648	          0.19411330	          0.18961945	          0.05000011	          0.05000067	          0.05897821	          0.23876857	          0.16321171	          0.15248367	          0.05000002	          0.05000002	          0.07783795	          0.05000029	          0.05000051	          0.05000001	          0.40897579	          0.48742539	          0.36624522	          0.05000003	          0.05000005	          0.09789975	          0.21524353	          0.05000048	          0.05000038	          0.39494715	          0.05000026	          0.06791999	          0.19375590	          0.64822462	          0.54421402	          0.08970950	          0.05000001	          0.05000002	          0.07875502	          0.05000004	          0.05000002	          0.61322229	          0.08576577	          0.05000016	          0.06035222	          0.14330918	          0.05150003	          0.14998245	          0.21185217	          0.18183719	          0.30311581	          0.07216325	          0.05000036	          0.05000004	          0.51033332	          0.36938305	          0.26609374	          0.05000019	          0.05000006	          0.05000002	          0.11311260	          0.12985180	          0.05000007	          0.05000033	          0.05000006	          0.18421831	          0.05000000	          0.05000000	          0.05000000	          0.05000005	          0.05000010	          0.05000000	          0.08227082	          0.05000121	          0.06945900	          0.24767170	          0.05000007	          0.05000003	          0.14244425	          0.40486104	          0.76050543	          0.11145001	          0.05268188	          0.05000001	
          0.70746335	         -2.92348783	          2.55498741	         -5.19530989	          0.96288266	          0.91876475	         -0.00154018	         19.44039310	          6.57649664	          0.69846752	         -1.60156598	         -0.88240524	          6.18328427	        -20.33624689	        -43.85242813	          4.14878899	         -1.77309112	         -0.16654766	          9.15733912	          3.88803931	         -7.65086706	         -7.68966562	         30.98216481	         -2.84917035	         -2.82448488	          2.32687963	         -8.53759535	        -13.48147021	          9.95340261	          0.04829129	        -13.44972008	         19.37782182	         15.64167862	         47.09432072	         86.51662706	         86.51662706	          0.74715063	          0.43952436	          0.33995480	          0.50556547	          0.45985557	          0.43040473	          0.08642566	          0.11588770	          0.08257093	          0.05000020	          0.05000010	          0.05000011	          0.08943033	          0.11375419	          0.16469253	          0.17128575	          0.05000011	          0.05000056	          0.05006313	          0.22859969	          0.14629255	          0.12937149	          0.05000002	          0.05000002	          0.06603981	          0.05000032	          0.05000118	          0.05000001	          0.37739733	          0.45337239	          0.33942293	          0.06384692	          0.05000004	          0.11518223	          0.22957462	          0.05000089	          0.05000049	          0.35659588	          0.05000017	          0.07815207	          0.19537725	          0.60826478	          0.47502527	          0.08601558	          0.05000001	          0.05000002	          0.08682859	          0.05000004	          0.05000002	          0.62614201	          0.11221676	          0.05000017	          0.05278747	          0.13405549	          0.05000085	          0.16591980	          0.21078933	          0.17386073	          0.28307141	          0.06122529	          0.05000029	          0.05000003	          0.49372834	          0.35572410	          0.27729012	          0.05000016	          0.05000005	          0.05000001	          0.10769179	          0.11419963	          0.05000010	          0.05000034	          0.05000007	          0.17419598	          0.05000000	          0.05000000	          0.05000000	          0.05000003	          0.05000008	          0.05000000	          0.07110447	          0.05000069	          0.05893096	          0.25386269	          0.05000007	          0.05000003	          0.15619182	          0.39182645	          0.77501257	          0.10699235	          0.05000012	          0.05000002	
          0.71818249	         -2.92534638	          2.53561014	         -5.20284222	          0.97653531	          0.92048131	         -0.00178875	         18.30113824	          6.72724352	          1.11749064	          0.18359219	         -0.89616223	          5.81146724	        -19.98538945	        -45.33683725	          4.62389823	         -0.86571001	         -0.22235263	          8.86801996	          3.88851108	         -7.47249654	         -7.47287200	         30.29687798	         -2.89882723	         -2.84377198	          2.27432561	         -8.24217632	        -13.46571263	         10.30555152	          0.01788606	        -13.44971087	         19.38713376	         15.24686956	         47.19514867	         86.51662706	         86.51662706	          0.71406129	          0.41975997	          0.32621005	          0.55265747	          0.51006371	          0.46984421	          0.08368952	          0.11130514	          0.08033134	          0.05000009	          0.05000009	          0.05000008	          0.07587509	          0.09651222	          0.13978617	          0.16255066	          0.05000012	          0.05000045	          0.05000053	          0.22777892	          0.14262888	          0.12338917	          0.05000001	          0.05000001	          0.05602997	          0.05000030	          0.05000539	          0.05000002	          0.33785812	          0.40973523	          0.30483722	          0.08288690	          0.05000004	          0.13261211	          0.24302066	          0.05000059	          0.05000043	          0.32294982	          0.05000017	          0.09661283	          0.20931670	          0.57226962	          0.40673284	          0.08586797	          0.05000001	          0.05000002	          0.08319778	          0.05000004	          0.05000002	          0.63599848	          0.14472459	          0.05000019	          0.05007760	          0.11373628	          0.05000036	          0.18157210	          0.21021939	          0.16680142	          0.25736541	          0.05194528	          0.05000026	          0.05000003	          0.47574248	          0.34235421	          0.28397264	          0.05000015	          0.05000004	          0.05000001	          0.10364019	          0.10685657	          0.05000009	          0.05000036	          0.05000007	          0.15807295	          0.05000001	          0.05000000	          0.05000000	          0.05000002	          0.05000006	          0.05000000	          0.06141915	          0.05000061	          0.05000031	          0.25945016	          0.05000006	          0.05000003	          0.17273599	          0.38109877	          0.78392177	          0.10495517	          0.05000007	          0.05000002	
          0.72890163	         -2.92740025	          2.49707058	         -5.18861917	          0.99003817	          0.92214118	         -0.00202215	         17.11174938	          6.84664922	          1.54183258	          1.99911980	         -0.90270977	          5.43418475	        -19.52299031	        -46.65369640	          5.04564496	          0.04168106	         -0.27334919	          8.52678372	          3.88709008	         -7.28499805	         -7.21881056	         29.57491279	         -2.95911745	         -2.84603860	          2.21156823	         -7.91661609	        -13.45570105	         10.60919975	         -0.00433081	        -13.44973228	         19.36030499	         14.94115561	         47.22987659	         86.51662706	         86.51662706	          0.67878871	          0.40424284	          0.31453589	          0.59259277	          0.54782672	          0.49982688	          0.07665274	          0.09988294	          0.07514264	          0.05000005	          0.05000009	          0.05000007	          0.06437447	          0.08188371	          0.13571432	          0.16099027	          0.05000013	          0.05000038	          0.05000032	          0.23079522	          0.14462467	          0.12771379	          0.05000001	          0.05000001	          0.05000011	          0.05000028	          0.05017617	          0.05000003	          0.29888708	          0.36315577	          0.26889505	          0.10383206	          0.05000004	          0.14908083	          0.25626503	          0.05000039	          0.05000034	          0.29170544	          0.05000102	          0.11726761	          0.21858108	          0.54013335	          0.34540051	          0.08667021	          0.05000001	          0.05000002	          0.08835673	          0.05000004	          0.05000002	          0.57057731	          0.18082166	          0.05000020	          0.05000835	          0.09649690	          0.05000017	          0.19814246	          0.21122062	          0.16252723	          0.22565727	          0.05000026	          0.05000021	          0.05000002	          0.45617084	          0.33462438	          0.28693494	          0.05000012	          0.05000003	          0.05000001	          0.10208981	          0.10374999	          0.05000009	          0.05000038	          0.05000008	          0.13917558	          0.05000001	          0.05000001	          0.05000000	          0.05000002	          0.05000005	          0.05000000	          0.05267742	          0.05000050	          0.05000035	          0.26385483	          0.05000006	          0.05000003	          0.19130770	          0.37362149	          0.79087265	          0.10560748	          0.05000004	          0.05000002	
          0.73962077	         -2.92912013	          2.43913337	         -5.15277449	          1.00340756	          0.92370394	         -0.00224126	         15.88369900	          6.93354423	          1.96867966	          3.83761323	         -0.90279143	          5.05440286	        -18.97248884	        -47.81104749	          5.42051033	          0.94367994	         -0.32172424	          8.14576293	          3.88529524	         -7.08899726	         -6.93490566	         28.81854064	         -3.02838011	         -2.83094753	          2.13892675	         -7.56261350	        -13.45073944	         10.86269633	         -0.02135691	        -13.44973258	         19.29217474	         14.71900266	         47.20213807	         86.51662706	         86.51662706	          0.64132757	          0.38897852	          0.30208980	          0.61479359	          0.56845376	          0.51841778	          0.06730580	          0.08476676	          0.06870087	          0.05000004	          0.05000008	          0.05000006	          0.05461706	          0.06947253	          0.13387893	          0.16151190	          0.05000014	          0.05000033	          0.05000022	          0.23244490	          0.14698241	          0.13296207	          0.05000001	          0.05000001	          0.05000013	          0.05000026	          0.06410917	          0.05000005	          0.27204570	          0.32061872	          0.23937390	          0.12596841	          0.05000003	          0.16441253	          0.26962711	          0.05000038	          0.05000035	          0.26352965	          0.06173505	          0.13351218	          0.21336783	          0.51148851	          0.29541014	          0.08698458	          0.05000002	          0.05000001	          0.09144567	          0.05000005	          0.05000002	          0.48409328	          0.15800567	          0.05000024	          0.05000187	          0.08187055	          0.05000011	          0.21606646	          0.21464978	          0.15726667	          0.19145582	          0.05000024	          0.05000017	          0.05000002	          0.43515890	          0.32259482	          0.28530424	          0.05000011	          0.05000003	          0.05000001	          0.10095572	          0.10238930	          0.05000009	          0.05000040	          0.05000008	          0.11918667	          0.05000001	          0.05000001	          0.05000000	          0.05000001	          0.05000004	          0.05000000	          0.05000018	          0.05000031	          0.05000028	          0.26601507	          0.05000007	          0.05000003	          0.23490166	          0.36983036	          0.79276295	          0.10690477	          0.05000004	          0.05000002	
          0.75033991	         -2.93007180	          2.36178311	         -5.09528401	          1.01666090	          0.92513976	         -0.00244556	         14.62141674	          6.98739206	          2.39623974	          5.69222311	         -0.89521878	          4.67361618	        -18.34435658	        -48.81878231	          5.75421667	          1.83455879	         -0.37059029	          7.73625960	          3.88498923	         -6.88434365	         -6.62504375	         28.02829493	         -3.10462176	         -2.79839546	          2.05684753	         -7.18176848	        -13.44970711	         11.06400739	         -0.03643494	        -13.44971159	         19.17922257	         14.57447964	         47.11566948	         86.51662706	         86.51662706	          0.60310219	          0.37334459	          0.28973023	          0.62265547	          0.58025109	          0.53151487	          0.05713664	          0.07191865	          0.06165208	          0.05000003	          0.05000007	          0.05000005	          0.05000012	          0.05894264	          0.11369459	          0.16119261	          0.05000015	          0.05000029	          0.05000016	          0.23196806	          0.14827467	          0.13651894	          0.05000001	          0.05000001	          0.05000012	          0.05000026	          0.08555375	          0.05000009	          0.25672312	          0.28862505	          0.22035510	          0.14944773	          0.05000046	          0.17902788	          0.28310753	          0.05000035	          0.05000036	          0.23632283	          0.07563947	          0.14865670	          0.19037009	          0.48481747	          0.27156049	          0.08535135	          0.05000002	          0.05000001	          0.07758527	          0.05000005	          0.05000002	          0.41071771	          0.13405653	          0.05000024	          0.05000136	          0.06946116	          0.05000007	          0.23512551	          0.21472166	          0.15547809	          0.16334831	          0.05000020	          0.05000015	          0.05000002	          0.41202788	          0.31626080	          0.28252345	          0.05000009	          0.05000002	          0.05000001	          0.10011270	          0.10141308	          0.05000008	          0.05000037	          0.05000008	          0.10112125	          0.05000001	          0.05000001	          0.05000000	          0.05000001	          0.05000004	          0.05000000	          0.05000008	          0.05000022	          0.05000021	          0.26717380	          0.05000010	          0.05000004	          0.29091415	          0.36882550	          0.79088845	          0.10790045	          0.05000004	          0.05000002	
          0.76105906	         -2.93003167	          2.26560398	         -5.01614337	          1.02981399	          0.92643250	         -0.00263372	         13.32339300	          7.00810976	          2.82500421	          7.55704705	         -0.87822783	          4.29089793	        -17.63715398	        -49.68713139	          6.04611068	          2.70712699	         -0.41961393	          7.30861331	          3.89155752	         -6.67064773	         -6.29229106	         27.20327253	         -3.18611867	         -2.74884529	          1.96604999	         -6.77548737	        -13.45129925	         11.21197413	         -0.05188332	        -13.44974552	         19.02118085	         14.50263488	         46.97243498	         86.51662706	         86.51662706	          0.56587773	          0.36048423	          0.28199852	          0.64158431	          0.59640317	          0.54503801	          0.05023326	          0.06101814	          0.05651122	          0.05000002	          0.05000007	          0.05000004	          0.05000014	          0.05000870	          0.09646458	          0.15741911	          0.05000018	          0.05000026	          0.05000015	          0.23004266	          0.14708939	          0.13493082	          0.05000001	          0.05000001	          0.05000010	          0.05000025	          0.11718046	          0.05706967	          0.23979568	          0.26024343	          0.20251534	          0.17135461	          0.08208495	          0.19157300	          0.29628701	          0.05000087	          0.05000055	          0.20050270	          0.07616332	          0.16124409	          0.16151606	          0.46338595	          0.25783131	          0.08172074	          0.05000001	          0.05000001	          0.06582549	          0.05000005	          0.05000002	          0.34846387	          0.11373723	          0.05000026	          0.05000105	          0.05893272	          0.05000005	          0.25244815	          0.21313979	          0.15380899	          0.14746826	          0.05000018	          0.05000013	          0.05000002	          0.38787140	          0.30767242	          0.27690786	          0.05000008	          0.05000002	          0.05000001	          0.09809703	          0.09981601	          0.05000008	          0.05000041	          0.05000009	          0.08579403	          0.05000001	          0.05000001	          0.05000001	          0.05000001	          0.05000003	          0.05000000	          0.05000005	          0.05000016	          0.05000016	          0.26727111	          0.05000013	          0.05000007	          0.34837986	          0.36997045	          0.78473719	          0.10855490	          0.05000005	          0.05000002	
          0.77177820	         -2.92897990	          2.15194641	         -4.91538247	          1.04287875	          0.92757963	         -0.00280491	         11.98891276	          6.99607748	          3.25557631	          9.42521933	         -0.85055969	          3.90609518	        -16.84989285	        -50.42183043	          6.29622154	          3.55358957	         -0.46900968	          6.87082499	          3.90418541	         -6.44701344	         -5.94746683	         26.34048737	         -3.27177378	         -2.68341176	          1.86745920	         -6.34458655	        -13.45415987	         11.30845370	         -0.06823698	        -13.44985454	         18.82127217	         14.49949892	         46.77116705	         86.51662706	         86.51662706	          0.52909910	          0.34979830	          0.27729853	          0.66908046	          0.61850470	          0.55706418	          0.05000050	          0.05177225	          0.05282797	          0.05000002	          0.05000008	          0.05000004	          0.05000011	          0.05000097	          0.08184403	          0.15091575	          0.05000021	          0.05000023	          0.05000013	          0.22722568	          0.14485684	          0.13013870	          0.05000001	          0.05000001	          0.05000009	          0.05000025	          0.15001854	          0.07738215	          0.22053598	          0.23054995	          0.18458025	          0.19534806	          0.11648018	          0.20343676	          0.30979701	          0.05000062	          0.05000055	          0.17011184	          0.08088178	          0.17610662	          0.13703464	          0.44485695	          0.26084128	          0.07751845	          0.05000001	          0.05000002	          0.05584816	          0.05000005	          0.05000003	          0.29564604	          0.09649776	          0.05000026	          0.05000087	          0.05000013	          0.05000004	          0.26589440	          0.21095689	          0.15032260	          0.14235666	          0.05000019	          0.05000013	          0.05000002	          0.36283286	          0.29640785	          0.25871742	          0.05000008	          0.05000002	          0.05000001	          0.09387197	          0.09672976	          0.05000011	          0.05000065	          0.05000012	          0.07279005	          0.05000001	          0.05000001	          0.05000001	          0.05000001	          0.05000003	          0.05000000	          0.05000003	          0.05000012	          0.05000012	          0.26693288	          0.05000060	          0.05000023	          0.40170678	          0.37227069	          0.77352216	          0.10821966	          0.05000010	          0.05000002	
          0.78249734	         -2.92697886	          2.02250767	         -4.79322938	          1.05586649	          0.92858712	         -0.00295862	         10.62014789	          6.95232894	          3.68829077	         11.28658872	         -0.81206147	          3.51977321	        -15.98847113	        -51.02026147	          6.51730812	          4.36504314	         -0.52024075	          6.42913670	          3.91670233	         -6.21230581	         -5.61247960	         25.43498262	         -3.36070498	         -2.60356033	          1.76208579	         -5.89004446	        -13.45698189	         11.35865874	         -0.08462420	        -13.44985992	         18.58541874	         14.56198438	         46.50719661	         86.51662706	         86.51662706	          0.49075625	          0.33937344	          0.27577893	          0.69270034	          0.63622774	          0.56472937	          0.05000042	          0.05000053	          0.05039473	          0.05000002	          0.05000008	          0.05000003	          0.05000009	          0.05000088	          0.06943931	          0.13412720	          0.05000046	          0.05000020	          0.05000011	          0.22518685	          0.14408363	          0.11723305	          0.05000001	          0.05000001	          0.05000008	          0.05000024	          0.18320667	          0.09471660	          0.18816088	          0.19560493	          0.15975161	          0.21995436	          0.15299987	          0.21463047	          0.32233424	          0.05000045	          0.05000052	          0.14432742	          0.09386185	          0.19044662	          0.11626390	          0.42836668	          0.27325915	          0.07395817	          0.05000001	          0.05000002	          0.05000009	          0.05000005	          0.05000003	          0.25083398	          0.08187131	          0.05000025	          0.05000072	          0.05000006	          0.05000004	          0.27170370	          0.20885436	          0.14830750	          0.13833564	          0.05000019	          0.05000012	          0.05000002	          0.33966838	          0.28632295	          0.21950317	          0.05000007	          0.05000002	          0.05000001	          0.09087855	          0.09421831	          0.05000015	          0.05000072	          0.05000015	          0.06184557	          0.05000002	          0.05000002	          0.05000001	          0.05000001	          0.05000003	          0.05000000	          0.05000003	          0.05000010	          0.05000011	          0.26977894	          0.05687705	          0.05000083	          0.43499212	          0.37504666	          0.75710563	          0.10795125	          0.05000095	          0.05000002	
          0.79321648	         -2.92404636	          1.87920261	         -4.65004980	          1.06878814	          0.92946016	         -0.00309538	          9.22588947	          6.87855038	          4.12160993	         13.12804665	         -0.76386446	          3.13329071	        -15.07012122	        -51.47318166	          6.71368882	          5.13233099	         -0.57510953	          5.98737657	          3.92557972	         -5.96419189	         -5.29344525	         24.48059294	         -3.45209469	         -2.51092878	          1.65082670	         -5.41317411	        -13.45872500	         11.37159824	         -0.09929163	        -13.44976232	         18.32123988	         14.68757368	         46.17442019	         86.51662706	         86.51662706	          0.44919351	          0.32503195	          0.27250736	          0.69635547	          0.63984199	          0.56276538	          0.05000054	          0.05000050	          0.05000208	          0.05000002	          0.05000009	          0.05000003	          0.05000007	          0.05000070	          0.05891502	          0.11379719	          0.08947995	          0.05000019	          0.05000011	          0.21766728	          0.13804293	          0.09946379	          0.05000001	          0.05000001	          0.05000007	          0.05000025	          0.21213175	          0.09649673	          0.15964075	          0.16595646	          0.13553757	          0.24473774	          0.18802591	          0.22496328	          0.33475718	          0.05000041	          0.05000053	          0.12245123	          0.10713350	          0.20407197	          0.09864144	          0.41428219	          0.29295156	          0.07022715	          0.05000001	          0.05000002	          0.05000007	          0.05000005	          0.05000003	          0.21281423	          0.06946185	          0.05000025	          0.05000058	          0.05000005	          0.05000003	          0.25823822	          0.20972212	          0.14769723	          0.13297107	          0.05000019	          0.05000011	          0.05000002	          0.31829032	          0.27794252	          0.18623245	          0.05000007	          0.05000002	          0.05000001	          0.08947561	          0.09353597	          0.05000025	          0.05002276	          0.05000022	          0.05631038	          0.05000002	          0.05000002	          0.05000001	          0.05000001	          0.05000002	          0.05000000	          0.05000003	          0.05000011	          0.05000011	          0.27551829	          0.07057124	          0.05000047	          0.45896841	          0.37684208	          0.73772919	          0.10688442	          0.05072919	          0.05000002	
          0.80393562	         -2.92019896	          1.72475937	         -4.48631393	          1.08165530	          0.93019846	         -0.00321745	          7.81767873	          6.77773056	          4.55294548	         14.93301068	         -0.70848192	          2.75028254	        -14.11602116	        -51.76113980	          6.88473040	          5.84686381	         -0.63455423	          5.54861197	          3.92858795	         -5.70030191	         -4.98634140	         23.46984413	         -3.54513750	         -2.40786311	          1.53442288	         -4.91567396	        -13.45874355	         11.35986772	         -0.11043406	        -13.44970710	         18.03635742	         14.87393881	         45.76700320	         86.51662706	         86.51662706	          0.40231819	          0.30304431	          0.26565514	          0.66438422	          0.62345883	          0.54952414	          0.05000024	          0.05000029	          0.05000022	          0.05000003	          0.05000011	          0.05000003	          0.05000006	          0.05000056	          0.05000115	          0.09654861	          0.13540126	          0.05000018	          0.05000011	          0.19740676	          0.11721689	          0.08438778	          0.05000001	          0.05000001	          0.05000008	          0.05000031	          0.23454151	          0.08187050	          0.13544348	          0.14080189	          0.11499370	          0.26981694	          0.22320175	          0.23464262	          0.34686952	          0.05000042	          0.05000068	          0.10389088	          0.11729584	          0.21540269	          0.08369006	          0.40216645	          0.31438308	          0.06539295	          0.05000001	          0.05000002	          0.05000005	          0.05000004	          0.05000004	          0.18055727	          0.05893334	          0.05000021	          0.05000045	          0.05000004	          0.05000002	          0.22267235	          0.21098447	          0.15461089	          0.13874225	          0.05000020	          0.05000011	          0.05000002	          0.30089847	          0.27536360	          0.15800462	          0.05000006	          0.05000002	          0.05000001	          0.09261982	          0.09722211	          0.05000040	          0.10821059	          0.05000025	          0.05558510	          0.05000003	          0.05000003	          0.05000002	          0.05000001	          0.05000002	          0.05000000	          0.05000002	          0.05000013	          0.05000011	          0.28071503	          0.08268118	          0.05000052	          0.48076350	          0.37722077	          0.71460880	          0.10504510	          0.05000046	          0.05000002	
          0.81465476	         -2.91547483	          1.56298218	         -4.30231155	          1.09448006	          0.93079509	         -0.00332805	          6.40661818	          6.65465279	          4.97944748	         16.68253423	         -0.64884925	          2.37492041	        -13.14661762	        -51.85528283	          7.02917764	          6.49868740	         -0.69996265	          5.11613023	          3.92562238	         -5.41935658	         -4.68258339	         22.39398073	         -3.63901196	         -2.29791943	          1.41364332	         -4.39906233	        -13.45708993	         11.33983085	         -0.11680683	        -13.44977261	         17.73741371	         15.11822347	         45.28015573	         86.51662706	         86.51662706	          0.35557559	          0.27510751	          0.25258623	          0.62073526	          0.59045388	          0.52705789	          0.05000103	          0.05000047	          0.05000031	          0.05000005	          0.05000017	          0.05000003	          0.05000006	          0.05000048	          0.05000099	          0.08191443	          0.16951224	          0.05000019	          0.05000013	          0.16748624	          0.09945010	          0.07159687	          0.05000002	          0.05000002	          0.05000008	          0.05000037	          0.24880803	          0.06946114	          0.11491386	          0.11946008	          0.09756372	          0.29385194	          0.25538746	          0.24326916	          0.35837699	          0.05000046	          0.05000095	          0.08814379	          0.12440222	          0.22608520	          0.07100492	          0.39243205	          0.34035858	          0.06195762	          0.05000001	          0.05000002	          0.05000004	          0.05000004	          0.05000004	          0.15318960	          0.05000072	          0.05000019	          0.05000034	          0.05000003	          0.05000001	          0.18892117	          0.21219937	          0.16031115	          0.15941392	          0.05000022	          0.05000011	          0.05000002	          0.28226047	          0.27180235	          0.13405536	          0.05000006	          0.05000002	          0.05000001	          0.09392435	          0.09875496	          0.06094448	          0.15657417	          0.05000030	          0.05438507	          0.05000006	          0.05000006	          0.05000004	          0.05000001	          0.05000003	          0.05000000	          0.05000002	          0.05000018	          0.05000013	          0.28521706	          0.09502150	          0.05000026	          0.48673780	          0.37754297	          0.68459162	          0.10370636	          0.05000614	          0.05000002	
          0.82537390	         -2.90990390	          1.39834804	         -4.09853195	          1.10727691	          0.93123752	         -0.00342951	          4.99899804	          6.51486483	          5.39816529	         18.35815998	         -0.58769283	          2.00988084	        -12.17365734	        -51.72796871	          7.14533528	          7.07546429	         -0.77375820	          4.69449462	          3.91781569	         -5.11923153	         -4.37395797	         21.24309021	         -3.73235443	         -2.18551083	          1.28910848	         -3.86519669	        -13.45447300	         11.33022343	         -0.11774856	        -13.44989766	         17.43073745	         15.41665263	         44.71018121	         86.51662706	         86.51662706	          0.31327094	          0.24428753	          0.23470141	          0.56547606	          0.54892444	          0.50177866	          0.05573815	          0.05000077	          0.05000039	          0.05000011	          0.05000034	          0.05000004	          0.05000007	          0.05000046	          0.05000079	          0.06949841	          0.19912526	          0.05000023	          0.05000018	          0.14210022	          0.08437621	          0.06074472	          0.05000003	          0.05000004	          0.05000010	          0.05000050	          0.25647008	          0.05893270	          0.09749599	          0.10135312	          0.08277567	          0.31707203	          0.28479106	          0.25094560	          0.36930719	          0.05000051	          0.05000152	          0.07478355	          0.12959682	          0.23502996	          0.06024251	          0.38496911	          0.36823404	          0.05984743	          0.05000001	          0.05000002	          0.05000004	          0.05000004	          0.05000004	          0.12997015	          0.05000023	          0.05000018	          0.05000025	          0.05000002	          0.05000001	          0.16028576	          0.21362105	          0.17008042	          0.18714528	          0.05000023	          0.05000011	          0.05000002	          0.26535496	          0.27190247	          0.11373616	          0.05000006	          0.05000002	          0.05000001	          0.09672278	          0.10138897	          0.09373511	          0.17060294	          0.05000028	          0.05323920	          0.05000010	          0.05000011	          0.05000009	          0.05000001	          0.05000003	          0.05000000	          0.05000002	          0.05000018	          0.05000013	          0.28730754	          0.10278518	          0.05030878	          0.48679400	          0.37955526	          0.64802417	          0.10230931	          0.05115084	          0.05000003	
          0.83609305	         -2.90354217	          1.23518483	         -3.87590352	          1.12006033	          0.93151154	         -0.00352302	          3.59792707	          6.36383802	          5.80616830	         19.94411614	         -0.52712078	          1.65518968	        -11.20427474	        -51.35855430	          7.23444200	          7.56325668	         -0.85887839	          4.28895020	          3.90600128	         -4.79751653	         -4.05369174	         20.00821864	         -3.82365543	         -2.07495222	          1.16125320	         -3.31609373	        -13.45189167	         11.34993726	         -0.11285745	        -13.45000562	         17.12232576	         15.76474713	         44.05492353	         86.51662706	         86.51662706	          0.27987058	          0.21981916	          0.22046818	          0.51991866	          0.51176389	          0.47637799	          0.06005535	          0.05002145	          0.05000032	          0.06452255	          0.05000243	          0.05000004	          0.05000007	          0.05000044	          0.05000071	          0.05896433	          0.22571459	          0.05000026	          0.05000025	          0.12056224	          0.07158715	          0.05153749	          0.05000007	          0.05000008	          0.05000011	          0.05000070	          0.25753546	          0.05000014	          0.08271820	          0.08599069	          0.07022909	          0.33934262	          0.31111386	          0.25764727	          0.37937378	          0.05000055	          0.05000896	          0.06344836	          0.13732350	          0.24362648	          0.05111143	          0.37947566	          0.39344268	          0.05839191	          0.05000001	          0.05000002	          0.05000004	          0.05000004	          0.05000004	          0.11027014	          0.05000023	          0.05000017	          0.05000019	          0.05000002	          0.05000001	          0.13599071	          0.21346695	          0.18030104	          0.20843874	          0.05000025	          0.05000011	          0.05000002	          0.25160164	          0.26432122	          0.09649681	          0.05000005	          0.05000002	          0.05000001	          0.10101945	          0.10565045	          0.12846755	          0.16819392	          0.05000027	          0.05235219	          0.05000018	          0.05000019	          0.05000013	          0.05000001	          0.05000003	          0.05000000	          0.05000003	          0.05000022	          0.05000015	          0.29050845	          0.11540952	          0.05000019	          0.47101913	          0.38219037	          0.60711523	          0.10081110	          0.05262565	          0.05000003	
          0.84681219	         -2.89650669	          1.07688182	         -3.63561211	          1.13284054	          0.93160529	         -0.00360925	          2.21032922	          6.20653353	          6.20069040	         21.42754041	         -0.46819773	          1.31032719	        -10.25352185	        -50.73290625	          7.30107366	          7.95084951	         -0.95801586	          3.90492290	          3.89034876	         -4.45372390	         -3.71433115	         18.68470189	         -3.91195885	         -1.96961699	          1.03054481	         -2.75314247	        -13.45019541	         11.41504356	         -0.10161910	        -13.45013253	         16.81743057	         16.15766759	         43.31387808	         86.51662706	         86.51662706	          0.25964920	          0.20755454	          0.21178689	          0.48824603	          0.48400401	          0.45376480	          0.06291112	          0.05024224	          0.05000037	          0.11974280	          0.05000260	          0.05000004	          0.05000007	          0.05000045	          0.05000077	          0.05002698	          0.25206828	          0.05000026	          0.05000026	          0.10232232	          0.06073693	          0.05000019	          0.05000007	          0.05000007	          0.05000012	          0.05000076	          0.25333813	          0.05000009	          0.07018034	          0.07295681	          0.05958425	          0.36102300	          0.33554902	          0.26359924	          0.38894529	          0.05000051	          0.05000793	          0.05383129	          0.15208413	          0.25171184	          0.05000023	          0.37558805	          0.41675053	          0.05701548	          0.05000001	          0.05000002	          0.05000004	          0.05000004	          0.05000004	          0.09355614	          0.05000022	          0.05000017	          0.05000014	          0.05000002	          0.05000001	          0.11537814	          0.21205742	          0.18805563	          0.22538364	          0.05000029	          0.05000012	          0.05000002	          0.23844721	          0.24923469	          0.08187048	          0.05000006	          0.05000002	          0.05000001	          0.10435076	          0.10994887	          0.15653862	          0.17154585	          0.05000028	          0.05011014	          0.05000037	          0.05000039	          0.05000019	          0.05000001	          0.05000003	          0.05000000	          0.05000003	          0.05000021	          0.05000015	          0.29203232	          0.10349085	          0.06072562	          0.45961724	          0.38642300	          0.55969794	          0.09844884	          0.05195102	          0.05000003	
          0.85753133	         -2.88899073	          0.92518023	         -3.37862282	          1.14562310	          0.93151239	         -0.00368792	          0.84970350	          6.04696890	          6.57910939	         22.79755904	         -0.41057093	          0.97462893	         -9.34871031	        -49.84162429	          7.35251584	          8.23125832	         -1.07224414	          3.54917101	          3.87288980	         -4.08622967	         -3.35116012	         17.27403562	         -3.99701974	         -1.87143851	          0.89749322	         -2.17688410	        -13.44970710	         11.53493341	         -0.08368466	        -13.45021362	         16.51981893	         16.59030626	         42.48819432	         86.51662706	         86.51662706	          0.24939514	          0.20093998	          0.20439190	          0.47007728	          0.46683297	          0.43578222	          0.06433448	          0.05055352	          0.05000035	          0.17180742	          0.05000731	          0.05000005	          0.05000008	          0.05000045	          0.05000080	          0.05000022	          0.27771391	          0.05000027	          0.05000029	          0.09331503	          0.05154185	          0.05000029	          0.05000009	          0.05000009	          0.05000013	          0.05000080	          0.24639305	          0.05000009	          0.05954290	          0.06189852	          0.05055291	          0.38198191	          0.35853250	          0.26898530	          0.39848828	          0.05000038	          0.05000102	          0.05000004	          0.17104195	          0.25923429	          0.05000030	          0.37338297	          0.44391939	          0.05664987	          0.05000001	          0.05000002	          0.05000004	          0.05000005	          0.05000005	          0.07937554	          0.05000022	          0.05000017	          0.05000009	          0.05000002	          0.05000001	          0.09788989	          0.21763689	          0.19723888	          0.22993761	          0.05000033	          0.05000013	          0.05000002	          0.22781653	          0.23609290	          0.06946112	          0.05000006	          0.05000002	          0.05000002	          0.11128202	          0.11715389	          0.17727411	          0.17179172	          0.05000028	          0.05000035	          0.05000037	          0.05000038	          0.05000013	          0.05000001	          0.05000004	          0.05000000	          0.05000004	          0.05000026	          0.05000019	          0.29222413	          0.12836861	          0.05152154	          0.43052158	          0.39206023	          0.51708553	          0.09627398	          0.05413120	          0.05000003	
          0.86825047	         -2.88123454	          0.78056639	         -3.10641107	          1.15841558	          0.93123187	         -0.00375816	         -0.47381917	          5.88750531	          6.94003936	         24.04620200	         -0.35332338	          0.64745743	         -8.51126205	        -48.68204951	          7.39975006	          8.40312108	         -1.20064727	          3.22644623	          3.85201234	         -3.69761025	         -2.96425965	         15.78123759	         -4.07846666	         -1.78077223	          0.76249607	         -1.58927334	        -13.44986851	         11.70925442	         -0.05942808	        -13.45013899	         16.23186032	         17.05900306	         41.58076446	         86.51662706	         86.51662706	          0.24742605	          0.19776471	          0.19727971	          0.47032015	          0.46068578	          0.42295511	          0.06537805	          0.05083553	          0.05000032	          0.22515741	          0.05006080	          0.05000005	          0.05000008	          0.05000045	          0.05000082	          0.05000030	          0.30259660	          0.05000029	          0.05000031	          0.08173503	          0.05000826	          0.05000030	          0.05000011	          0.05000011	          0.05000013	          0.05000077	          0.23830207	          0.05000008	          0.05051783	          0.05251641	          0.05000014	          0.40216250	          0.38103862	          0.27446472	          0.40824651	          0.05000030	          0.05000064	          0.05000005	          0.19235288	          0.26573392	          0.05000034	          0.37156641	          0.46832527	          0.05591207	          0.05000001	          0.05000002	          0.05000004	          0.05000005	          0.05000005	          0.06734436	          0.05000022	          0.05000018	          0.05000006	          0.05000001	          0.05000000	          0.08305239	          0.22922796	          0.20433564	          0.22176789	          0.05000033	          0.05000013	          0.05000003	          0.21869673	          0.22186832	          0.05893271	          0.05000006	          0.05000002	          0.05000002	          0.12090009	          0.12640731	          0.18857601	          0.16911823	          0.05000030	          0.05000022	          0.05000025	          0.05000025	          0.05000008	          0.05000001	          0.05000004	          0.05000000	          0.05000005	          0.05000030	          0.05000021	          0.29530380	          0.10891161	          0.06860015	          0.40790492	          0.40066788	          0.46564645	          0.09461853	          0.05693359	          0.05000003	
          0.87896961	         -2.87350651	          0.64284461	         -2.82062743	          1.17122777	          0.93076515	         -0.00381965	         -1.75454337	          5.72891714	          7.28289260	         25.16936008	         -0.29545164	          0.32918937	         -7.75435430	        -47.26061251	          7.45156873	          8.47296313	         -1.33905147	          2.93698390	          3.82571523	         -3.28786186	         -2.55045005	         14.21440086	         -4.15583777	         -1.69681874	          0.62592251	         -0.99373099	        -13.45008788	         11.93361513	         -0.03067488	        -13.44992708	         15.95329254	         17.56280624	         40.59774484	         86.51662706	         86.51662706	          0.25072252	          0.19761845	          0.19066785	          0.48241287	          0.46288380	          0.41242707	          0.06640435	          0.05145599	          0.05000031	          0.27819042	          0.06897513	          0.05000005	          0.05000008	          0.05000043	          0.05000081	          0.05000029	          0.32669015	          0.05000029	          0.05000032	          0.06984303	          0.05000329	          0.05000031	          0.05000013	          0.05000013	          0.05000012	          0.05000075	          0.22625506	          0.05000008	          0.05000017	          0.05000016	          0.05000019	          0.42160290	          0.40321393	          0.28044723	          0.41843796	          0.05000026	          0.05000045	          0.05000007	          0.21159019	          0.27120875	          0.05000048	          0.36940447	          0.48750128	          0.05396115	          0.05000001	          0.05000002	          0.05000004	          0.05000005	          0.05000006	          0.05713681	          0.05000023	          0.05000019	          0.05000003	          0.05000001	          0.05000000	          0.07046386	          0.24451105	          0.21034854	          0.20325998	          0.05000033	          0.05000014	          0.05000003	          0.21049162	          0.20339212	          0.05000025	          0.05000007	          0.05000003	          0.05000002	          0.13318707	          0.13742213	          0.19156483	          0.17106913	          0.05000033	          0.05000014	          0.05000015	          0.05000014	          0.05000005	          0.05000002	          0.05000004	          0.05000001	          0.05000005	          0.05000032	          0.05000025	          0.29505200	          0.13154716	          0.05820247	          0.37744787	          0.41058919	          0.42276830	          0.09291236	          0.06003297	          0.05000003	
          0.88968875	         -2.86611643	          0.51136043	         -2.52278622	          1.18407005	          0.93011456	         -0.00387288	         -2.99005705	          5.57112089	          7.60726215	         26.16730954	         -0.23582541	          0.02130450	         -7.08464592	        -45.59338085	          7.51366046	          8.45536280	         -1.48281159	          2.67726613	          3.79332318	         -2.85977588	         -2.10649633	         12.58371568	         -4.22883570	         -1.61798596	          0.48818867	         -0.39462047	        -13.45014430	         12.20259795	         -0.00096608	        -13.44975811	         15.68024345	         18.10357348	         39.54947553	         86.51662706	         86.51662706	          0.25756605	          0.19650149	          0.18129811	          0.49225477	          0.46437674	          0.40553265	          0.06812113	          0.05289591	          0.05000031	          0.32763809	          0.09026867	          0.05000006	          0.05000009	          0.05000043	          0.05000084	          0.05000029	          0.34965940	          0.05000032	          0.05000037	          0.05928549	          0.05000105	          0.05000031	          0.05000019	          0.05000019	          0.05000012	          0.05000068	          0.21502023	          0.05000007	          0.05000021	          0.05000020	          0.05000018	          0.44011270	          0.42483031	          0.28713196	          0.42945022	          0.05000023	          0.05000034	          0.05000009	          0.22696623	          0.27583798	          0.05000166	          0.36662399	          0.50749075	          0.05236356	          0.05000001	          0.05000002	          0.05000004	          0.05000006	          0.05000006	          0.05000019	          0.05000023	          0.05000020	          0.05000002	          0.05000001	          0.05000000	          0.05978342	          0.26151829	          0.21689680	          0.18908828	          0.05000033	          0.05000014	          0.05000003	          0.20230294	          0.19181956	          0.05000018	          0.05000007	          0.05000003	          0.05000002	          0.14732804	          0.14907754	          0.20366889	          0.16676001	          0.05000035	          0.05000011	          0.05000011	          0.05000010	          0.05000004	          0.05000002	          0.05000005	          0.05000001	          0.05000007	          0.05000046	          0.05000030	          0.29937011	          0.11160832	          0.07566415	          0.34980010	          0.42262609	          0.37450225	          0.09117489	          0.06292351	          0.05000003	
          0.90040790	         -2.85935978	          0.38487101	         -2.21419496	          1.19695417	          0.92928353	         -0.00391764	         -4.17943658	          5.41332748	          7.91280914	         27.04430761	         -0.17243220	         -0.27515318	         -6.50637915	        -43.70489788	          7.59109300	          8.36802952	         -1.62726637	          2.44495098	          3.75610819	         -2.41520572	         -1.63316356	         10.90199754	         -4.29710034	         -1.54210043	          0.34966473	          0.20316232	        -13.45012641	         12.50994458	          0.02433620	        -13.44972651	         15.40488131	         18.68421832	         38.45041990	         86.51662706	         86.51662706	          0.26654251	          0.19762568	          0.17410578	          0.51075667	          0.47278756	          0.40057477	          0.06970411	          0.05432745	          0.05000030	          0.37125188	          0.12175232	          0.05000006	          0.05000008	          0.05000040	          0.05000080	          0.05000028	          0.37186804	          0.05000032	          0.05000037	          0.05040350	          0.05000100	          0.05000031	          0.05000015	          0.05000016	          0.05000011	          0.05000063	          0.19920414	          0.05000006	          0.05000020	          0.05000020	          0.05000018	          0.45774079	          0.44574261	          0.29473800	          0.44121466	          0.05000019	          0.05000027	          0.05000013	          0.23872072	          0.27993124	          0.07159529	          0.36282071	          0.53033111	          0.05006987	          0.05000001	          0.05000002	          0.05000005	          0.05000006	          0.05000007	          0.05000027	          0.05000024	          0.05000021	          0.05000001	          0.05000001	          0.05000000	          0.05072186	          0.28026646	          0.22183338	          0.16977080	          0.05000035	          0.05000015	          0.05000003	          0.19391883	          0.17715727	          0.05000018	          0.05000007	          0.05000003	          0.05000003	          0.16265799	          0.16068014	          0.21042630	          0.17167335	          0.05000039	          0.05000008	          0.05000008	          0.05000008	          0.05000003	          0.05000002	          0.05000005	          0.05000001	          0.05000008	          0.05000040	          0.05000035	          0.30106561	          0.13282768	          0.06464407	          0.31994755	          0.43696227	          0.33368129	          0.09026597	          0.06651965	          0.05000003	
          0.91112704	         -2.85347994	          0.26198292	         -1.89606839	          1.20989393	          0.92827748	         -0.00395426	         -5.32248410	          5.25446152	          8.19910467	         27.80817445	         -0.10317298	         -0.55839106	         -6.02248211	        -41.62692678	          7.68722849	          8.23009176	         -1.76810246	          2.23573833	          3.71506684	         -1.95830465	         -1.13164688	          9.18303481	         -4.36007940	         -1.46659851	          0.21071232	          0.79459879	        -13.45002030	         12.84945282	          0.03774930	        -13.44997798	         15.11431768	         19.30706107	         37.31980396	         86.51662706	         86.51662706	          0.27501220	          0.19793409	          0.16652988	          0.52337614	          0.47854032	          0.39495542	          0.07199949	          0.05776455	          0.05000026	          0.40697338	          0.14957504	          0.05000006	          0.05000009	          0.05000038	          0.05000079	          0.05000025	          0.39312446	          0.05000035	          0.05000046	          0.05005059	          0.05000092	          0.05000032	          0.05013541	          0.05283126	          0.05000012	          0.05000068	          0.18144711	          0.05000005	          0.05000017	          0.05000016	          0.05000016	          0.47439025	          0.46632505	          0.30342594	          0.45367472	          0.05000017	          0.05000024	          0.05000024	          0.24644052	          0.28368463	          0.10918996	          0.35753734	          0.55153305	          0.05000006	          0.05000001	          0.05000002	          0.05000005	          0.05000006	          0.05000007	          0.05000024	          0.05000023	          0.05000021	          0.05000001	          0.05000001	          0.05000000	          0.05000004	          0.28663439	          0.22636378	          0.16465515	          0.05000038	          0.05000016	          0.05000004	          0.18616661	          0.16529369	          0.05000017	          0.05000008	          0.05000004	          0.05000003	          0.17877974	          0.17203190	          0.22883747	          0.17012821	          0.05000041	          0.05000008	          0.05000007	          0.05000006	          0.05000002	          0.05000002	          0.05000006	          0.05000002	          0.05000010	          0.05000057	          0.05000041	          0.30564401	          0.11269503	          0.08076043	          0.29547313	          0.45269919	          0.28978957	          0.08928500	          0.07207004	          0.05000005	
          0.92184618	         -2.84865912	          0.14085011	         -1.56985791	          1.22290673	          0.92710496	         -0.00398119	         -6.41942465	          5.09283457	          8.46500634	         28.46959280	         -0.02491926	         -0.82765154	         -5.63503956	        -39.39826713	          7.80264429	          8.05944716	         -1.90202649	          2.04734848	          3.66927989	         -1.49239213	         -0.59899163	          7.44237231	         -4.41668802	         -1.38858629	          0.07129329	          1.37396871	        -13.44992235	         13.21474394	          0.03017642	        -13.45019501	         14.79065323	         19.97341555	         36.18053312	         86.51662706	         86.51662706	          0.28595188	          0.20310038	          0.16419018	          0.53367229	          0.48371474	          0.39006806	          0.07928226	          0.06371432	          0.05000041	          0.43006557	          0.14508688	          0.05000006	          0.05000009	          0.05000036	          0.05000079	          0.05000028	          0.41178851	          0.05000034	          0.05000048	          0.05003673	          0.05000095	          0.05000035	          0.05000397	          0.07404094	          0.05000011	          0.05000063	          0.15789288	          0.05000004	          0.05000017	          0.05000016	          0.05000016	          0.49011084	          0.48602348	          0.31340330	          0.46635911	          0.05000015	          0.05000022	          0.05000033	          0.25533627	          0.28779296	          0.14278519	          0.34979023	          0.56481968	          0.05000003	          0.05000001	          0.05000002	          0.05000005	          0.05000007	          0.05000008	          0.05000026	          0.05000024	          0.05000022	          0.05000001	          0.05000002	          0.05000001	          0.05000006	          0.27041540	          0.22941441	          0.16205982	          0.05000042	          0.05000018	          0.05000004	          0.17431554	          0.15010585	          0.05000018	          0.05000009	          0.05000004	          0.05000004	          0.19126626	          0.17992187	          0.24332805	          0.16647274	          0.05000043	          0.05000006	          0.05000006	          0.05000005	          0.05000002	          0.05000002	          0.05000006	          0.05000001	          0.05000012	          0.05000048	          0.05000045	          0.30976965	          0.12296005	          0.07432058	          0.26809478	          0.47088013	          0.25135873	          0.08896501	          0.07802046	          0.05000011	
          0.93256532	         -2.84504524	          0.02002786	         -1.23696514	          1.23601298	          0.92578063	         -0.00399669	         -7.46926614	          4.92697266	          8.70895644	         29.03834033	          0.06550754	         -1.08112500	         -5.34784967	        -37.05606520	          7.93512643	          7.86999316	         -2.02467032	          1.87542733	          3.61558003	         -1.02177286	         -0.02782650	          5.69659506	         -4.46549428	         -1.30560745	         -0.06893543	          1.93507510	        -13.44992994	         13.59931924	         -0.00850327	        -13.44989260	         14.41317803	         20.68385180	         35.05777581	         86.51662706	         86.51662706	          0.29638005	          0.20734531	          0.16001249	          0.54189091	          0.48588672	          0.38609713	          0.08329288	          0.06687638	          0.05000051	          0.43950175	          0.14676011	          0.05000006	          0.05000009	          0.05000035	          0.05000079	          0.05000030	          0.42966053	          0.05000035	          0.05000052	          0.05000637	          0.05000085	          0.05000037	          0.05043024	          0.10450795	          0.05000010	          0.05000058	          0.13403289	          0.05000004	          0.05000016	          0.05000016	          0.05000015	          0.50461056	          0.50504132	          0.32452551	          0.47963675	          0.05000014	          0.05000023	          0.05000020	          0.26104027	          0.29136242	          0.15679040	          0.34003373	          0.56917770	          0.05000002	          0.05000002	          0.05000002	          0.05000005	          0.05000007	          0.05000009	          0.05000024	          0.05000023	          0.05000022	          0.05000001	          0.05000002	          0.05000001	          0.05000005	          0.26096059	          0.23117836	          0.16950547	          0.05000062	          0.05000021	          0.05000005	          0.16145633	          0.14076908	          0.05000019	          0.05000009	          0.05000005	          0.05000004	          0.20009193	          0.18459149	          0.25925140	          0.15555963	          0.05000040	          0.05000005	          0.05000005	          0.05000005	          0.05000002	          0.05000003	          0.05000007	          0.05000002	          0.05000013	          0.05000062	          0.05000053	          0.31432284	          0.11423023	          0.08217247	          0.24501965	          0.48955150	          0.21584468	          0.08758172	          0.08449150	          0.05361584	
          0.94328446	         -2.84282727	         -0.10195415	         -0.89900810	          1.24923282	          0.92432572	         -0.00399942	         -8.46979458	          4.75500287	          8.93056546	         29.52300530	          0.17113735	         -1.31767775	         -5.16606564	        -34.63432696	          8.08048931	          7.67388954	         -2.12949514	          1.71793327	          3.55043282	         -0.55174929	          0.58941381	          3.96724007	         -4.50551859	         -1.21503677	         -0.20993017	          2.47122091	        -13.44998668	         13.99526277	         -0.08794678	        -13.44990043	         13.96560719	         21.44023934	         33.97743365	         86.51662706	         86.51662706	          0.30697034	          0.21222275	          0.15590827	          0.54590398	          0.48778071	          0.37769193	          0.08268137	          0.06691298	          0.05000047	          0.43344161	          0.15090478	          0.05000006	          0.05000008	          0.05000032	          0.05000076	          0.05000030	          0.44825445	          0.05000033	          0.05000048	          0.05001837	          0.05000105	          0.05000042	          0.06057930	          0.14350773	          0.05000011	          0.05000062	          0.11371972	          0.05000004	          0.05000017	          0.05000016	          0.05000016	          0.51788732	          0.52401416	          0.33687932	          0.49274028	          0.05000013	          0.05000793	          0.05001664	          0.26639786	          0.29505721	          0.15792377	          0.32442261	          0.55748415	          0.05000002	          0.05000002	          0.05000002	          0.05000005	          0.05000008	          0.05000009	          0.05000025	          0.05000024	          0.05000023	          0.05000001	          0.05000002	          0.05000001	          0.05000006	          0.22174194	          0.23058154	          0.17520777	          0.05000072	          0.05000023	          0.05000006	          0.14728140	          0.13430772	          0.05000021	          0.05000010	          0.05000005	          0.05000005	          0.20473228	          0.18536710	          0.26770507	          0.15514617	          0.05000047	          0.05000004	          0.05000005	          0.05000004	          0.05000001	          0.05000003	          0.05000007	          0.05000002	          0.05000014	          0.05000065	          0.05000057	          0.31919159	          0.11574463	          0.08168301	          0.22313858	          0.50936658	          0.18505854	          0.08568861	          0.09056460	          0.06196918	
          0.95400360	         -2.84224962	         -0.22596832	         -0.55764848	          1.26258596	          0.92276837	         -0.00398993	         -9.41724653	          4.57567975	          9.13019218	         29.92869155	          0.29417689	         -1.53592969	         -5.09647499	        -32.15897339	          8.22968420	          7.48105121	         -2.20855072	          1.57152106	          3.47275463	         -0.08815827	          1.25596691	          2.27769289	         -4.53629094	         -1.11459162	         -0.35121781	          2.97512790	        -13.44987087	         14.39367534	         -0.21631185	        -13.45348827	         13.44422316	         22.24633508	         32.96426852	         86.51662706	         86.51662706	          0.31632225	          0.21418112	          0.14218914	          0.54563752	          0.48386630	          0.36948042	          0.07960198	          0.06529795	          0.05000051	          0.41207726	          0.14820023	          0.05000007	          0.05000009	          0.05000032	          0.05000078	          0.05000032	          0.46518841	          0.05000038	          0.05000051	          0.05000175	          0.05000079	          0.05000042	          0.07249706	          0.19444635	          0.05000010	          0.05000054	          0.09648606	          0.05000004	          0.05000017	          0.05000017	          0.05000016	          0.52887488	          0.54041797	          0.34957829	          0.50545238	          0.05000011	          0.11517767	          0.05000009	          0.27245094	          0.29924002	          0.13404870	          0.27524881	          0.54252578	          0.05000002	          0.05000002	          0.05000002	          0.05000005	          0.05000008	          0.05000009	          0.05000024	          0.05000023	          0.05000022	          0.05000001	          0.05000002	          0.05000001	          0.05000006	          0.18813189	          0.23229008	          0.19212607	          0.05000132	          0.05000029	          0.05000007	          0.12832256	          0.13146036	          0.05000023	          0.05000010	          0.05000005	          0.05000006	          0.20268513	          0.18097948	          0.27883897	          0.13423116	          0.05000041	          0.05000004	          0.05000005	          0.05000004	          0.05000001	          0.05000004	          0.05000010	          0.05000003	          0.05000016	          0.05000094	          0.05000077	          0.32368075	          0.11412533	          0.08400594	          0.20325045	          0.52903589	          0.16189063	          0.08393823	          0.09798923	          0.07299800	
          0.96472275	         -2.84356887	         -0.35215959	         -0.21489615	          1.27609371	          0.92114402	         -0.00396941	        -10.30898265	          4.38767231	          9.30921498	         30.25725048	          0.43639663	         -1.73491785	         -5.14262438	        -29.65028908	          8.37085523	          7.30179413	         -2.25086948	          1.43479682	          3.37843281	          0.36326070	          1.97277883	          0.65543910	         -4.55750761	         -1.00250460	         -0.49210070	          3.43870107	        -13.44972481	         14.78803904	         -0.39973642	        -13.46579776	         12.86042702	         23.10693872	         32.03956801	         86.51662706	         86.51662706	          0.32261183	          0.22028344	          0.12813957	          0.54583674	          0.48568964	          0.35605918	          0.07733403	          0.06371806	          0.05000035	          0.34961760	          0.13995459	          0.05000006	          0.05000008	          0.05000029	          0.05000075	          0.05000035	          0.48595370	          0.05000032	          0.05000045	          0.05002022	          0.05000138	          0.05000054	          0.10541479	          0.25179142	          0.05000010	          0.05000062	          0.08186234	          0.05000005	          0.05000018	          0.05000017	          0.05000017	          0.53763040	          0.55655285	          0.36264906	          0.51789944	          0.05000014	          0.17600882	          0.05000008	          0.27103730	          0.30101327	          0.11373087	          0.23352842	          0.49813220	          0.05000001	          0.05000001	          0.05000002	          0.05000005	          0.05000009	          0.05000011	          0.05000024	          0.05000024	          0.05000023	          0.05000001	          0.05000003	          0.05000001	          0.05000006	          0.15961615	          0.22567610	          0.20713246	          0.07947952	          0.05000034	          0.05000008	          0.10887361	          0.11162247	          0.05000028	          0.05000012	          0.05000007	          0.05000008	          0.19274993	          0.17221004	          0.28091624	          0.11391373	          0.05000040	          0.05000004	          0.05000005	          0.05000004	          0.05000002	          0.05000004	          0.05000010	          0.05000003	          0.05000020	          0.05000054	          0.05000059	          0.32842761	          0.11096575	          0.08589603	          0.19336797	          0.54944228	          0.14846084	          0.08026472	          0.10537639	          0.08604178	
          0.97544189	         -2.84706346	         -0.47980863	          0.12723877	          1.28977966	          0.91949332	         -0.00393834	        -11.14555348	          4.18986662	          9.46803622	         30.50721382	          0.59907667	         -1.91397321	         -5.30172437	        -27.12679901	          8.49247699	          7.14783204	         -2.24761078	          1.30632231	          3.25628541	          0.79716347	          2.75397715	         -0.87234644	         -4.56902321	         -0.87814547	         -0.63218129	          3.85344462	        -13.45122892	         15.17951338	         -0.64270177	        -13.49156760	         12.23404660	         24.02721014	         31.21969385	         86.51662706	         86.51662706	          0.32886213	          0.22219042	          0.10871720	          0.54248938	          0.48102462	          0.33371834	          0.08370015	          0.06535912	          0.05000057	          0.29662495	          0.14952204	          0.05000005	          0.05000008	          0.05000026	          0.05000070	          0.05000034	          0.50276358	          0.05000031	          0.05000048	          0.05002303	          0.05000131	          0.05000053	          0.13497804	          0.30868865	          0.05000010	          0.05000066	          0.06945452	          0.07403965	          0.05000015	          0.05000014	          0.05000014	          0.54350413	          0.57108406	          0.37536978	          0.52860247	          0.05000024	          0.23309479	          0.05000009	          0.25333403	          0.30276613	          0.09649251	          0.19813173	          0.42262868	          0.05000001	          0.05000001	          0.05000002	          0.05000007	          0.05000011	          0.05000014	          0.05000028	          0.05000027	          0.05000027	          0.05000001	          0.05000004	          0.05000001	          0.05000005	          0.13542262	          0.20876238	          0.21774157	          0.13920095	          0.05030898	          0.05000025	          0.09237146	          0.09475527	          0.05000031	          0.05000017	          0.05000010	          0.05000012	          0.17482149	          0.15943802	          0.27207046	          0.09665167	          0.05000040	          0.05000004	          0.05000006	          0.05000005	          0.05000002	          0.05000004	          0.05000009	          0.05000002	          0.05000017	          0.05000063	          0.05000059	          0.33416105	          0.10725070	          0.08660295	          0.20158329	          0.56807882	          0.14912401	          0.07525556	          0.11283800	          0.09967785	
          0.98616103	         -2.85293616	         -0.60739031	          0.46668918	          1.30367019	          0.91785822	         -0.00389694	        -11.93143497	          3.98160767	          9.60563665	         30.67510316	          0.78263806	         -2.07303686	         -5.56318371	        -24.61312358	          8.57817359	          7.03515095	         -2.19185437	          1.18519591	          3.09265180	          1.20533084	          3.62136859	         -2.27889045	         -4.57062452	         -0.74191553	         -0.77120179	          4.21085845	        -13.45774592	         15.57816042	         -0.94818604	        -13.53322944	         11.58449627	         25.01192220	         30.51401341	         86.51662706	         86.51662706	          0.33735378	          0.20174251	          0.09223861	          0.53617196	          0.45426010	          0.28315337	          0.07134430	          0.06533487	          0.05000066	          0.25166452	          0.15365761	          0.05000006	          0.05000009	          0.05000026	          0.05000072	          0.05000037	          0.51950415	          0.05000035	          0.05000055	          0.05000303	          0.05000098	          0.05000052	          0.15995653	          0.36465930	          0.05000009	          0.05000049	          0.05892723	          0.10408077	          0.05000014	          0.05000013	          0.05000013	          0.54635856	          0.58359230	          0.38719789	          0.53624545	          0.05000263	          0.28189655	          0.05000011	          0.21493596	          0.30565444	          0.08186705	          0.16810023	          0.35856944	          0.05000001	          0.05000002	          0.05000002	          0.05000009	          0.05000015	          0.05000019	          0.05000034	          0.05000033	          0.05000032	          0.05000001	          0.05000005	          0.05000002	          0.05000005	          0.11489619	          0.19149225	          0.21275986	          0.18300921	          0.10435669	          0.06489463	          0.07837051	          0.08047567	          0.05000033	          0.05000026	          0.05000019	          0.05005295	          0.15542198	          0.14605775	          0.26450145	          0.08200586	          0.05000054	          0.05000004	          0.05000007	          0.05000006	          0.05000002	          0.05000003	          0.05000007	          0.05000002	          0.05000014	          0.05000060	          0.05000053	          0.33966951	          0.09961129	          0.08719461	          0.23432481	          0.58499265	          0.16665368	          0.07193278	          0.11970537	          0.11118880	
          0.99688017	         -2.86115091	         -0.73194877	          0.80129389	          1.31779564	          0.91627954	         -0.00384596	        -12.67135690	          3.76339101	          9.72125407	         30.75350183	          0.98646364	         -2.21188399	         -5.91662756	        -22.13534566	          8.61058421	          6.98487855	         -2.07549697	          1.07111290	          2.86948665	          1.57623977	          4.61187910	         -3.53830359	         -4.56135613	         -0.59576493	         -0.90884397	          4.50296962	        -13.47354187	         16.00022017	         -1.31723676	        -13.58917122	         10.92313957	         26.06312973	         29.92151741	         86.51662706	         86.51662706	          0.34700345	          0.17244240	          0.07825773	          0.52520536	          0.42557844	          0.24023662	          0.06053072	          0.05893247	          0.05000044	          0.21351888	          0.13378784	          0.05000008	          0.05000011	          0.05000028	          0.05000077	          0.05000039	          0.53481896	          0.05000047	          0.05000065	          0.05000151	          0.05000073	          0.05000049	          0.18011144	          0.42261806	          0.05000008	          0.05000042	          0.05000019	          0.13769856	          0.05000011	          0.05000010	          0.05000011	          0.54560836	          0.59632431	          0.39695902	          0.54231346	          0.05893279	          0.32651957	          0.05010990	          0.18235746	          0.30780651	          0.06945830	          0.14262071	          0.30421987	          0.05000001	          0.05000002	          0.05000002	          0.05000009	          0.05000015	          0.05000018	          0.05000035	          0.05000033	          0.05000031	          0.05000002	          0.05000007	          0.05000002	          0.05000007	          0.09748102	          0.19017383	          0.20720200	          0.20177869	          0.14086669	          0.08634525	          0.06649175	          0.07474932	          0.05000052	          0.05000026	          0.05000020	          0.07269555	          0.13350378	          0.12392165	          0.24566834	          0.06958022	          0.05000042	          0.05000003	          0.05000006	          0.05000006	          0.05000003	          0.05000002	          0.05000005	          0.05000001	          0.05000009	          0.05000053	          0.05000039	          0.34441220	          0.09096794	          0.08778059	          0.28249077	          0.59794821	          0.19188589	          0.07093269	          0.12283293	          0.11813533	
          1.00759931	         -2.87134598	         -0.84927878	          1.12932223	          1.33219212	          0.91479414	         -0.00378568	        -13.36839288	          3.53701529	          9.81374684	         30.72979048	          1.20898182	         -2.32942307	         -6.35529237	        -19.71090779	          8.57380787	          7.01643164	         -1.89322026	          0.96390381	          2.56233757	          1.89505002	          5.76938442	         -4.62705413	         -4.53876092	         -0.44350044	         -1.04471959	          4.72300152	        -13.50336560	         16.46670584	         -1.74912483	        -13.65193043	         10.24482999	         27.17799281	         29.42868968	         86.51662706	         86.51662706	          0.35099767	          0.15495163	          0.06639600	          0.52363868	          0.40916988	          0.20382351	          0.05135602	          0.05000021	          0.05000012	          0.18115510	          0.11351132	          0.05000007	          0.05000010	          0.05000026	          0.05000075	          0.05000047	          0.55257055	          0.05000040	          0.05000024	          0.05000138	          0.05000079	          0.05000054	          0.21523666	          0.48422050	          0.05000007	          0.05000041	          0.05000284	          0.17417144	          0.05000092	          0.05000101	          0.05000057	          0.53495580	          0.58265776	          0.39797697	          0.54429148	          0.05000022	          0.36963397	          0.05000001	          0.15471695	          0.31525705	          0.05893032	          0.12100320	          0.25810829	          0.05000001	          0.05000002	          0.05000001	          0.05000011	          0.05000015	          0.05000018	          0.05000035	          0.05000033	          0.05000033	          0.05000003	          0.05000008	          0.10721373	          0.05000007	          0.08270552	          0.18641237	          0.21159371	          0.19403489	          0.15131034	          0.10055902	          0.05641366	          0.06738391	          0.05000066	          0.05000027	          0.05000022	          0.08868687	          0.11326829	          0.10513855	          0.21284940	          0.05903750	          0.05000052	          0.05000004	          0.05000007	          0.05000006	          0.05000003	          0.05000001	          0.05000003	          0.05000001	          0.05000008	          0.05000056	          0.05000039	          0.34264553	          0.08235403	          0.09077372	          0.31140952	          0.60608556	          0.20929153	          0.07296051	          0.11988015	          0.11800906	
          1.01831845	         -2.88269687	         -0.95636339	          1.45017458	          1.34689449	          0.91342786	         -0.00371486	        -14.01851700	          3.30441542	          9.88150937	         30.60209208	          1.44909327	         -2.42437751	         -6.88652045	        -17.38678572	          8.45576394	          7.13597095	         -1.63851145	          0.86478559	          2.15690755	          2.15232167	          7.12291636	         -5.52270140	         -4.49934770	         -0.28847245	         -1.17828284	          4.86724943	        -13.55218622	         17.00447869	         -2.24062253	        -13.70683067	          9.51714708	         28.34787787	         29.00896693	         86.51662706	         86.51662706	          0.35198206	          0.13405508	          0.05633236	          0.52429769	          0.39090041	          0.17292939	          0.05000039	          0.05000011	          0.05000007	          0.15369681	          0.11944356	          0.05000006	          0.05000008	          0.05000022	          0.05000066	          0.05000043	          0.56906336	          0.05000031	          0.05000022	          0.05000693	          0.05000127	          0.05000063	          0.29752979	          0.54961661	          0.05000008	          0.05000045	          0.05000034	          0.21314699	          0.06627237	          0.07004180	          0.05836695	          0.52313748	          0.57855700	          0.39754651	          0.53935049	          0.22036955	          0.41571186	          0.05000001	          0.13126599	          0.31791254	          0.05000008	          0.10266234	          0.21898596	          0.05000001	          0.05000001	          0.05000001	          0.05000014	          0.05000023	          0.05000030	          0.05000041	          0.05000039	          0.05000039	          0.11386142	          0.05000006	          0.16772982	          0.05000003	          0.07016960	          0.18279812	          0.21517168	          0.19091773	          0.15142086	          0.10403721	          0.05412218	          0.05722219	          0.05000032	          0.05000069	          0.05000137	          0.09279968	          0.09609989	          0.08920242	          0.18970885	          0.05009442	          0.05000045	          0.05000013	          0.05000048	          0.05000033	          0.05000011	          0.05000001	          0.05000003	          0.05000001	          0.05000009	          0.05000127	          0.05000043	          0.33642267	          0.08015868	          0.09235346	          0.30814832	          0.60671872	          0.21798459	          0.07835149	          0.11473468	          0.11565168	
          1.02903760	         -2.89412523	         -1.05330256	          1.76433605	          1.36192695	          0.91219585	         -0.00363104	        -14.60779233	          3.06489156	          9.92426122	         30.38896413	          1.70782887	         -2.49712429	         -7.53430826	        -15.26396367	          8.25008754	          7.32838388	         -1.30109609	          0.77580109	          1.63629636	          2.35006947	          8.71379158	         -6.21323977	         -4.43992823	         -0.13086617	         -1.30846369	          4.93720803	        -13.62472868	         17.64931148	         -2.78487665	        -13.73002747	          8.66506120	         29.55731587	         28.62281572	         86.51662706	         86.51662706	          0.36429447	          0.11373608	          0.05826033	          0.53938424	          0.34434914	          0.14671796	          0.05000041	          0.05000008	          0.05000005	          0.13040047	          0.13844762	          0.05000007	          0.05000009	          0.05000021	          0.05000064	          0.05000034	          0.58125446	          0.05000038	          0.05000022	          0.05000230	          0.05000100	          0.05000057	          0.37572121	          0.61092204	          0.05000009	          0.05000050	          0.05000041	          0.25553957	          0.10358632	          0.11055450	          0.08639628	          0.50798601	          0.57539453	          0.39457043	          0.53188797	          0.23025677	          0.45400354	          0.05000001	          0.11136957	          0.30361202	          0.05000008	          0.08710146	          0.18579353	          0.05000001	          0.05000001	          0.05000001	          0.05000014	          0.05000024	          0.05000025	          0.05000059	          0.05000047	          0.05000039	          0.17096276	          0.05000005	          0.22404289	          0.05000003	          0.05953380	          0.17942723	          0.19935413	          0.17615250	          0.14353646	          0.10750012	          0.05013874	          0.05164019	          0.05000030	          0.05000051	          0.05000047	          0.08946417	          0.08153375	          0.07568177	          0.16141222	          0.05005498	          0.05000068	          0.05392952	          0.06016039	          0.05803097	          0.05000119	          0.05000003	          0.05000007	          0.05000027	          0.05000012	          0.05000024	          0.05000024	          0.32538363	          0.06800888	          0.09969405	          0.31847497	          0.60631474	          0.23732324	          0.08060914	          0.11242507	          0.11607420	
          1.03975674	         -2.90474716	         -1.13998343	          2.07315886	          1.37731001	          0.91110882	         -0.00353293	        -15.12965271	          2.81701663	          9.93888851	         30.10934258	          1.98407634	         -2.54584737	         -8.30538628	        -13.43739328	          7.94441319	          7.55060116	         -0.87580838	          0.70070387	          0.98202214	          2.48569617	         10.58059895	         -6.68504789	         -4.35788124	          0.02897297	         -1.43419981	          4.93889361	        -13.72629338	         18.45087015	         -3.37268006	        -13.68414341	          7.54737132	         30.78363064	         28.21896716	         86.51662706	         86.51662706	          0.36797039	          0.09649677	          0.05723194	          0.55220241	          0.29215517	          0.12447947	          0.05000056	          0.05000010	          0.05000008	          0.11063523	          0.14815379	          0.05000009	          0.05000011	          0.05000025	          0.05000075	          0.05000043	          0.59178352	          0.05000053	          0.05000028	          0.05000318	          0.05000105	          0.05000062	          0.44262323	          0.66529704	          0.05000011	          0.05000065	          0.05000100	          0.30213773	          0.13318759	          0.14345115	          0.10909045	          0.48396163	          0.55448130	          0.38320794	          0.51586020	          0.27431599	          0.47784536	          0.05000001	          0.09448891	          0.28730666	          0.05000007	          0.07389920	          0.15763218	          0.05000002	          0.05000002	          0.05000001	          0.05000027	          0.05000036	          0.05000040	          0.05000059	          0.05000060	          0.05000058	          0.22044504	          0.05000011	          0.27042848	          0.05000006	          0.05051017	          0.17347762	          0.17642030	          0.16901835	          0.14075495	          0.11357567	          0.05000883	          0.05022517	          0.05000048	          0.05000091	          0.05000097	          0.08712483	          0.06917546	          0.06421048	          0.14096919	          0.05000234	          0.05000041	          0.05299831	          0.06420533	          0.06247691	          0.05375985	          0.05000002	          0.05000006	          0.05000002	          0.05000012	          0.06312075	          0.05000051	          0.31797821	          0.05770067	          0.10626041	          0.32956589	          0.60163314	          0.23097508	          0.07855587	          0.10564116	          0.12226467	
          1.05047588	         -2.91398136	         -1.21745083	          2.37509393	          1.39305863	          0.91016801	         -0.00341741	        -15.58300108	          2.55896928	          9.92419003	         29.77758612	          2.27805165	         -2.57057330	         -9.19467616	        -11.98279047	          7.51404659	          7.74798148	         -0.35739750	          0.64018415	          0.20564814	          2.56409258	         12.71049565	         -6.97554658	         -4.25209744	          0.18961100	         -1.55518475	          4.86050610	        -13.79223129	         19.08457329	         -3.99163683	        -13.59481722	          6.36809357	         31.98627500	         27.76418785	         86.51662706	         86.51662706	          0.37764927	          0.08187045	          0.05761828	          0.54911570	          0.24787229	          0.10561172	          0.05000045	          0.05000007	          0.05000006	          0.09386588	          0.13404992	          0.05000007	          0.05000009	          0.05000018	          0.05000055	          0.05000031	          0.59694369	          0.05000041	          0.05000021	          0.05000140	          0.05000076	          0.05000047	          0.48325982	          0.71294867	          0.05000008	          0.05000048	          0.05000096	          0.35382519	          0.14728057	          0.15909855	          0.12488963	          0.45529002	          0.53052130	          0.36668945	          0.49349352	          0.29067157	          0.49129445	          0.05000000	          0.08016691	          0.27634618	          0.05000003	          0.06269805	          0.13373935	          0.05000001	          0.05000001	          0.05000001	          0.05000033	          0.05000028	          0.05000034	          0.05000039	          0.05000038	          0.05000047	          0.25621522	          0.05000034	          0.30132557	          0.05000008	          0.05000033	          0.14748301	          0.16722325	          0.15309844	          0.13662663	          0.12351775	          0.05000048	          0.05021268	          0.05000350	          0.05000084	          0.05000091	          0.09070832	          0.05869037	          0.05447795	          0.12366867	          0.05000082	          0.05000026	          0.05000026	          0.05747246	          0.05633897	          0.05001211	          0.05000001	          0.05000002	          0.05000000	          0.05000008	          0.09160750	          0.05084766	          0.31190360	          0.05503149	          0.11225378	          0.33339657	          0.59840737	          0.23528915	          0.07292444	          0.10187517	          0.12712481	
          1.06119502	         -2.92150238	         -1.28849540	          2.66824000	          1.40917398	          0.90935769	         -0.00328113	        -15.96715696	          2.28753390	          9.87715105	         29.41084253	          2.59032630	         -2.57035768	        -10.19419488	        -10.97847762	          6.93972772	          7.85964385	          0.25361047	          0.59446563	         -0.69002933	          2.61612738	         15.10254604	         -7.14202585	         -4.12397259	          0.35135670	         -1.67181982	          4.68612360	        -13.78571046	         19.33873633	         -4.64218494	        -13.52667503	          5.46044635	         33.16533088	         27.28914562	         86.51662706	         86.51662706	          0.38726800	          0.06946108	          0.05362199	          0.55614321	          0.21030148	          0.08960381	          0.05000053	          0.05000008	          0.05000006	          0.07963832	          0.11373239	          0.05000006	          0.05000008	          0.05000016	          0.05000052	          0.05000030	          0.56299277	          0.05000035	          0.05000022	          0.05000471	          0.05000114	          0.05000056	          0.45443563	          0.75454091	          0.05000010	          0.05000054	          0.05000009	          0.40786173	          0.12496091	          0.13498615	          0.10596493	          0.42213854	          0.50324037	          0.34370293	          0.45913841	          0.28685146	          0.47844780	          0.05000000	          0.06801576	          0.26278222	          0.05000002	          0.05319469	          0.11346803	          0.05000000	          0.05000001	          0.05000001	          0.05000009	          0.05000087	          0.05000025	          0.05337312	          0.05000344	          0.05000077	          0.27304128	          0.07374234	          0.31214667	          0.05000018	          0.05000035	          0.12512975	          0.14853416	          0.12996373	          0.12399663	          0.13296178	          0.05000016	          0.05006552	          0.09340835	          0.05000099	          0.05252732	          0.10271888	          0.05000022	          0.05000019	          0.11420978	          0.05890228	          0.05607913	          0.05000010	          0.05000078	          0.05000072	          0.05000042	          0.05000025	          0.05000020	          0.05143730	          0.05000024	          0.08905092	          0.05207353	          0.30965897	          0.05331516	          0.11749349	          0.33229456	          0.59984475	          0.25732864	          0.06539708	          0.09038002	          0.12771142	
          1.07191416	         -2.92689780	         -1.35636364	          2.95405629	          1.42564584	          0.90865178	         -0.00311798	        -16.27593313	          1.99889481	          9.79944227	         29.02522593	          2.91682896	         -2.54496381	        -11.30573238	        -10.50431663	          6.20789160	          7.80113857	          0.95548943	          0.56873408	         -1.70043435	          2.66972526	         17.74608067	         -7.21054367	         -3.97535679	          0.51522514	         -1.78273458	          4.42255206	        -13.74513912	         19.38771566	         -5.32912914	        -13.48157338	          4.79765493	         34.34613836	         26.81748224	         86.51662706	         86.51662706	          0.38232635	          0.05893264	          0.05000001	          0.55191487	          0.17842539	          0.07602227	          0.05000059	          0.05000007	          0.05000005	          0.06756728	          0.09649378	          0.05000014	          0.05000007	          0.05000014	          0.05000044	          0.05000031	          0.48989127	          0.05000053	          0.05000013	          0.05000043	          0.05000026	          0.05000023	          0.38555533	          0.78897428	          0.05000002	          0.05000010	          0.05000002	          0.37445168	          0.11534463	          0.12495405	          0.10092452	          0.37906263	          0.44993506	          0.31205058	          0.42463671	          0.27159794	          0.46415341	          0.05000000	          0.06946105	          0.22295144	          0.05000003	          0.05000000	          0.09626931	          0.05000000	          0.05000000	          0.05000000	          0.06946087	          0.05000009	          0.05893261	          0.05000004	          0.05000006	          0.05000023	          0.27150942	          0.06946108	          0.30261459	          0.05727923	          0.05000041	          0.10616464	          0.15788514	          0.11101816	          0.15650673	          0.16007304	          0.05000296	          0.05000345	          0.10056060	          0.05893285	          0.07990186	          0.11888655	          0.05000004	          0.05000009	          0.16020436	          0.05000024	          0.05000011	          0.05000004	          0.05000071	          0.05000064	          0.05000049	          0.05860807	          0.05000005	          0.05000001	          0.05000006	          0.08428741	          0.05000041	          0.32127649	          0.05000025	          0.12306497	          0.37692827	          0.61704236	          0.34516373	          0.06009819	          0.07668082	          0.10835378	
          1.08263330	         -2.92962348	         -1.42440097	          3.23201435	          1.44245484	          0.90802113	         -0.00291912	        -16.50431488	          1.69025693	          9.68672348	         28.63421970	          3.24390501	         -2.49038939	        -12.52804262	        -10.65041069	          5.30619229	          7.46877690	          1.74728864	          0.56073523	         -2.81623708	          2.72960838	         20.60516374	         -7.19646868	         -3.80761340	          0.68048304	         -1.88812696	          4.07420504	        -13.69844604	         19.33789222	         -6.04809301	        -13.45591426	          4.34877498	         35.54955574	         26.35303966	         86.51662706	         86.51662706	          0.32437593	          0.05000003	          0.05000000	          0.46825931	          0.15138086	          0.06449934	          0.05000056	          0.05000006	          0.05000003	          0.05732590	          0.08186798	          0.10288798	          0.05112328	          0.05000020	          0.05000051	          0.05000034	          0.49207841	          0.05897045	          0.05000007	          0.05000018	          0.05000011	          0.05000012	          0.32711541	          0.73272721	          0.05000000	          0.05000004	          0.05000002	          0.35684292	          0.14178947	          0.14541606	          0.12357054	          0.32160682	          0.38173689	          0.26475201	          0.37318480	          0.23043110	          0.39380058	          0.05000000	          0.05893261	          0.18915793	          0.05000001	          0.05000000	          0.08167745	          0.05000000	          0.05000005	          0.07113366	          0.05893261	          0.05893262	          0.05000006	          0.05893263	          0.05893262	          0.05893254	          0.24080230	          0.05893266	          0.26668276	          0.05893261	          0.05000011	          0.12620579	          0.19926063	          0.09419084	          0.13278489	          0.17403905	          0.05000003	          0.06436632	          0.08531846	          0.05000029	          0.06779094	          0.18778204	          0.05004194	          0.05000011	          0.33422300	          0.20117001	          0.11078298	          0.05000001	          0.05000003	          0.05000002	          0.05000002	          0.06029633	          0.05000711	          0.05000003	          0.05000042	          0.08187042	          0.08187038	          0.33102975	          0.05172926	          0.15601528	          0.38802845	          0.63592457	          0.37647717	          0.05098891	          0.06505805	          0.09193023	
          1.09335245	         -2.93017650	         -1.50475105	          3.49632071	          1.45954465	          0.90744682	         -0.00269429	        -16.65300127	          1.35572215	          9.52480142	         28.24693687	          3.52882455	         -2.41815649	        -13.83818300	        -11.45970730	          4.19965649	          6.70547692	          2.59298086	          0.57008301	         -4.02364597	          2.73667602	         23.66630797	         -7.14605228	         -3.62569248	          0.85761176	         -1.98636515	          3.64470240	        -13.65773783	         19.23733137	         -6.78137057	        -13.45113507	          4.09490954	         36.79456282	         25.88412237	         86.51662706	         86.51662706	          0.27520918	          0.05893253	          0.05893260	          0.39728368	          0.12843556	          0.05653748	          0.05000131	          0.05000023	          0.05000078	          0.05000002	          0.06945907	          0.19698916	          0.13025809	          0.05893267	          0.05893215	          0.05893317	          0.41749261	          0.05003228	          0.05001112	          0.05892251	          0.05893219	          0.05893246	          0.27753342	          0.67189030	          0.05893260	          0.05893259	          0.05000030	          0.30500709	          0.15857320	          0.16881793	          0.14458026	          0.27285978	          0.32387573	          0.22462265	          0.31661992	          0.19550389	          0.33411092	          0.05000000	          0.05000000	          0.16048663	          0.05000000	          0.05000000	          0.06929732	          0.06161126	          0.06926371	          0.06946105	          0.05000000	          0.05000002	          0.14482926	          0.05000002	          0.05000002	          0.05000003	          0.20430309	          0.05000004	          0.22626075	          0.05000001	          0.06946104	          0.10707647	          0.31980037	          0.33473985	          0.23197784	          0.20674362	          0.05000107	          0.06946153	          0.07238650	          0.10182243	          0.12866920	          0.19465926	          0.06946088	          0.06946105	          0.54645504	          0.17067801	          0.09399125	          0.06944308	          0.09260964	          0.09340947	          0.07001041	          0.06838239	          0.06946104	          0.06812061	          0.05000000	          0.06946106	          0.06946104	          0.40668561	          0.11207324	          0.13732753	          0.56938850	          0.68245833	          0.34159662	          0.05000000	          0.05519698	          0.07799606	
          1.10407159	         -2.92917547	         -1.62203007	          3.74620963	          1.47683957	          0.90695271	         -0.00247672	        -16.70341266	          0.98418722	          9.32302090	         27.80032147	          3.74020208	         -2.27386267	        -15.25103112	        -12.50818285	          2.84417768	          5.79396704	          3.43555428	          0.60588978	         -5.26790753	          2.83602566	         26.85065729	         -7.05376604	         -3.43228196	          1.07367418	         -2.07498667	          3.14807996	        -13.61722114	         19.11174025	         -7.50750748	        -13.47236850	          4.02234219	         38.07058162	         25.38656759	         86.51662706	         86.51662706	          0.25710059	          0.05000000	          0.05000000	          0.33709543	          0.10896817	          0.05000002	          0.05000055	          0.05000004	          0.05000001	          0.05000056	          0.05893265	          0.24778417	          0.11051467	          0.05000013	          0.05000021	          0.05000055	          0.49158098	          0.06945999	          0.05000006	          0.05000011	          0.05000006	          0.05000005	          0.23546675	          0.71191248	          0.05000000	          0.05000003	          0.05000000	          0.25877614	          0.13453774	          0.14322964	          0.12266575	          0.23150149	          0.27478479	          0.19057583	          0.26862876	          0.16587071	          0.28346861	          0.11792122	          0.09485771	          0.13616115	          0.05000003	          0.05000004	          0.05879370	          0.09224395	          0.05876517	          0.05893261	          0.34988937	          0.35384264	          0.41215447	          0.44586981	          0.31700144	          0.26889879	          0.18085488	          0.15120173	          0.20192219	          0.09649646	          0.05893271	          0.09084656	          0.27132720	          0.28400222	          0.19681625	          0.25575534	          0.05000008	          0.05893425	          0.21361640	          0.24803513	          0.21983551	          0.25764628	          0.05893262	          0.05893262	          0.46362700	          0.14480780	          0.13669949	          0.05891736	          0.07857248	          0.07925108	          0.05939870	          0.05801744	          0.05893260	          0.05779534	          0.06946109	          0.05893262	          0.05893260	          0.45905710	          0.09508592	          0.11651239	          0.48308435	          0.81480233	          0.61600388	          0.07849550	          0.09649675	          0.06617393	
          1.11479073	         -2.92900224	         -1.74475474	          3.96324245	          1.49401716	          0.90671163	         -0.00221552	        -16.54382525	          0.62193718	          9.09497003	         27.38467238	          3.92907782	         -2.18947107	        -16.92539013	        -13.53393625	          1.24020589	          4.51175531	          4.33970602	          0.62344703	         -6.48789202	          3.03453054	         29.89634862	         -7.06317064	         -3.25696093	          1.29385898	         -2.15115474	          2.64403183	        -13.57936923	         18.98264993	         -8.13738054	        -13.49837219	          4.13451832	         39.31009891	         24.78103096	         86.51662706	         86.51662706	          0.21813099	          0.05000008	          0.05000004	          0.28600074	          0.09245151	          0.05000016	          0.05000533	          0.05000024	          0.05001090	          0.05000002	          0.05000015	          0.31445464	          0.24445284	          0.29090600	          0.13406116	          0.11378720	          0.47551560	          0.05893177	          0.05000013	          0.05000081	          0.05000099	          0.09650077	          0.19977626	          0.67287033	          0.05000002	          0.05000030	          0.05000018	          0.26579112	          0.13405539	          0.13405539	          0.12337683	          0.19641202	          0.23313472	          0.16168960	          0.22791179	          0.14072912	          0.24050233	          0.28213697	          0.10353620	          0.12073890	          0.37980938	          0.23368184	          0.05000002	          0.12230050	          0.05000000	          0.05000000	          0.43697965	          0.46030822	          0.43174586	          0.37828786	          0.26895265	          0.22814109	          0.15344210	          0.15143657	          0.17131618	          0.08187017	          0.05000011	          0.07707665	          0.23020146	          0.40659906	          0.41481022	          0.31640212	          0.05000005	          0.05000156	          0.20842900	          0.36002984	          0.30687137	          0.35744646	          0.05000001	          0.05000002	          0.39335350	          0.12285881	          0.11597953	          0.05000000	          0.16381391	          0.19228747	          0.13921303	          0.05000000	          0.05000000	          0.05000000	          0.05893265	          0.05000001	          0.05000001	          0.54619480	          0.11822758	          0.17755049	          0.59622745	          0.89198842	          0.77604455	          0.09886718	          0.08187041	          0.05614373	
          1.12550987	         -2.92929285	         -1.85920251	          4.14508540	          1.51087549	          0.90677055	         -0.00192218	        -16.11808117	          0.30577093	          8.90222093	         27.02737339	          4.12186277	         -2.13198823	        -18.95458026	        -14.59585896	         -0.56223068	          3.14397747	          5.32472870	          0.62289350	         -7.50354411	          3.23323835	         32.31360316	         -7.12036788	         -3.11382206	          1.50644298	         -2.21770773	          2.17316493	        -13.54171075	         18.87056517	         -8.63111746	        -13.52537478	          4.41492644	         40.46863066	         24.05414749	         86.51662706	         86.51662706	          0.18506814	          0.05000010	          0.05000004	          0.24265065	          0.07843834	          0.05000010	          0.05000218	          0.05000055	          0.05916166	          0.05000001	          0.05000008	          0.35159080	          0.55934705	          0.37339750	          0.11374183	          0.09654014	          0.49212703	          0.05000015	          0.05000009	          0.05386780	          0.06948695	          0.08187438	          0.16949550	          0.63383413	          0.16774483	          0.05000056	          0.05000014	          0.22550437	          0.11373616	          0.11373617	          0.10467619	          0.16664118	          0.19779770	          0.13718175	          0.19336643	          0.11939833	          0.20404861	          0.29642884	          0.08784288	          0.10243832	          0.32224039	          0.32595675	          0.44593797	          0.13640804	          0.05000000	          0.05000000	          0.52304467	          0.51813218	          0.49641593	          0.32094950	          0.22818662	          0.19356118	          0.13018437	          0.13899315	          0.14534924	          0.06946083	          0.05000003	          0.06539391	          0.34787408	          0.49176893	          0.45642817	          0.33239729	          0.05000005	          0.05000032	          0.17683726	          0.41866642	          0.35401421	          0.39285014	          0.05000000	          0.05000001	          0.40276152	          0.10423673	          0.09840030	          0.05000001	          0.32584472	          0.34528773	          0.27717840	          0.05000000	          0.05000001	          0.05000000	          0.05000005	          0.05000013	          0.05000014	          0.63215920	          0.17224167	          0.15063870	          0.51867130	          0.93700514	          0.86938398	          0.10411348	          0.06946104	          0.05000000	
          1.13622901	         -2.92960872	         -1.96336791	          4.29550188	          1.52736128	          0.90705915	         -0.00162041	        -15.42410029	          0.05270575	          8.75046524	         26.63594598	          4.32336123	         -2.05571646	        -21.33295306	        -15.61057839	         -2.52367278	          2.10687065	          6.36880635	          0.60130470	         -8.20943624	          3.37726474	         33.90809436	         -7.19870959	         -3.00229216	          1.70878213	         -2.27461624	          1.74781510	        -13.50667945	         18.79017386	         -8.99676662	        -13.55620190	          4.82539836	         41.54286268	         23.24402423	         86.51662706	         86.51662706	          0.15701674	          0.05000018	          0.05001627	          0.20587130	          0.06654924	          0.05000072	          0.05000462	          0.05000017	          0.05019444	          0.05000004	          0.05000027	          0.32905994	          0.52930427	          0.31680042	          0.09650171	          0.08190724	          0.51790296	          0.18065309	          0.08109573	          0.05000244	          0.05895474	          0.06946445	          0.14380451	          0.56338856	          0.19722124	          0.08790796	          0.06946194	          0.28348430	          0.09649679	          0.09649679	          0.08881007	          0.14138281	          0.16781683	          0.11638865	          0.22246843	          0.10130072	          0.18497632	          0.25149811	          0.07452824	          0.11395609	          0.27339732	          0.45272333	          0.67685818	          0.15734311	          0.05971481	          0.05000000	          0.59194454	          0.57001113	          0.54126718	          0.27230221	          0.19359978	          0.21461474	          0.11047113	          0.13814355	          0.13100113	          0.05893244	          0.05000008	          0.05893242	          0.33022919	          0.41727913	          0.46159967	          0.35345057	          0.05000005	          0.05000737	          0.15003431	          0.45074818	          0.37786578	          0.41595416	          0.05000002	          0.05000001	          0.34171362	          0.08843726	          0.11364355	          0.05000001	          0.33644620	          0.38073317	          0.29191473	          0.05000000	          0.05000001	          0.05000000	          0.05000006	          0.05000008	          0.05000010	          0.65396221	          0.14613446	          0.14466323	          0.63881006	          0.96325994	          0.92382170	          0.10420130	          0.05893259	          0.05000001	
          1.14694815	         -2.93006226	         -2.06205724	          4.42338270	          1.54347393	          0.90753840	         -0.00130913	        -14.52987884	         -0.14793572	          8.60631569	         26.18169138	          4.53598994	         -1.95282143	        -23.89599059	        -16.52648295	         -4.50817843	          1.35625963	          7.32154175	          0.56570712	         -8.53721101	          3.48893184	         34.52555467	         -7.34112975	         -2.91716551	          1.89979164	         -2.32426438	          1.37438976	        -13.47797973	         18.75103662	         -9.24903687	        -13.58608870	          5.32428464	         42.52586868	         22.38152779	         86.51662706	         86.51662706	          0.13321719	          0.05000124	          0.05893272	          0.17466682	          0.06067559	          0.05893353	          0.05000074	          0.05000007	          0.05000009	          0.05000004	          0.10949156	          0.30874508	          0.44907593	          0.26878195	          0.08187469	          0.06949229	          0.53257475	          0.25269637	          0.06880763	          0.05000139	          0.05001893	          0.05893552	          0.14823288	          0.48365248	          0.16732779	          0.07458392	          0.05893348	          0.26559535	          0.08187045	          0.08187045	          0.07534882	          0.11995294	          0.14238026	          0.09874722	          0.22008307	          0.08594623	          0.25870987	          0.21337768	          0.06323175	          0.09668339	          0.23195756	          0.42732517	          0.81153619	          0.16350986	          0.08097161	          0.05000000	          0.65705278	          0.59652582	          0.55692686	          0.23102849	          0.16425534	          0.21088232	          0.09372675	          0.12435578	          0.11221056	          0.05000005	          0.05000007	          0.05000012	          0.28017530	          0.35403105	          0.41170453	          0.34951276	          0.05000006	          0.05000049	          0.12729331	          0.45471224	          0.37656492	          0.39931243	          0.05000001	          0.05000001	          0.28991897	          0.07503261	          0.09649691	          0.05000001	          0.36669500	          0.40399697	          0.31293947	          0.05000000	          0.05000001	          0.05000000	          0.05000004	          0.05000004	          0.05000005	          0.69429231	          0.14675111	          0.15275564	          0.64428659	          0.97857235	          0.95557105	          0.10971972	          0.05000000	          0.05000001	
          1.15766730	         -2.93017368	         -2.15471628	          4.53929225	          1.55923826	          0.90818279	         -0.00098231	        -13.50387634	         -0.30646927	          8.44810592	         25.67668568	          4.75778788	         -1.81714537	        -26.51067034	        -17.36136431	         -5.88698348	          0.85829029	          8.09508426	          0.51525012	         -8.54676821	          3.57075178	         34.51841629	         -7.55010328	         -2.85393091	          2.07218516	         -2.36587105	          1.05767061	        -13.45925199	         18.75853361	         -9.40793549	        -13.60752784	          5.87242330	         43.41150223	         21.49503031	         86.51662706	         86.51662706	          0.11302502	          0.05000009	          0.05000014	          0.20198062	          0.05477927	          0.05000099	          0.05000179	          0.05000012	          0.05000016	          0.05000012	          0.15616613	          0.29487914	          0.38101497	          0.22804181	          0.06946474	          0.05895912	          0.54728914	          0.35166360	          0.11364707	          0.05000059	          0.05000023	          0.05000251	          0.16816425	          0.41034364	          0.14196537	          0.06327912	          0.05000078	          0.22533821	          0.06946107	          0.06946107	          0.06392795	          0.10177127	          0.13941881	          0.08377977	          0.18672436	          0.12125376	          0.21949639	          0.22091344	          0.05364750	          0.08202876	          0.19679896	          0.36255405	          0.75636357	          0.15546619	          0.09683130	          0.05000000	          0.69016811	          0.59391221	          0.55090801	          0.19601077	          0.13935868	          0.17891835	          0.07952032	          0.10961340	          0.09520468	          0.05000006	          0.05000007	          0.05000026	          0.25625567	          0.33251290	          0.38376039	          0.33685517	          0.05000006	          0.05000088	          0.10800084	          0.43590293	          0.36054167	          0.37533111	          0.05000001	          0.05000001	          0.24597503	          0.06365994	          0.08187162	          0.05000001	          0.38297282	          0.42662018	          0.32915210	          0.05000000	          0.05000001	          0.05000000	          0.05000010	          0.05000004	          0.05000005	          0.72862106	          0.15800360	          0.14928636	          0.60646794	          0.98750289	          0.97408800	          0.12010559	          0.05000000	          0.05000001	
          1.16838644	         -2.92976386	         -2.23947323	          4.65261076	          1.57467778	          0.90898228	         -0.00064279	        -12.36484118	         -0.43782227	          8.25930180	         25.12937688	          4.98758353	         -1.63669304	        -29.06732797	        -18.13178760	         -6.33937723	          0.61343471	          8.67281766	          0.45420460	         -8.48167752	          3.62899879	         34.35895268	         -7.76895630	         -2.80999439	          2.22246502	         -2.39857924	          0.80000183	        -13.45096954	         18.81105472	         -9.49079796	        -13.61560049	          6.43731042	         44.19594668	         20.60875058	         86.51662706	         86.51662706	          0.09589344	          0.05000007	          0.05000004	          0.19379459	          0.05000166	          0.05000030	          0.05000264	          0.05000018	          0.05000021	          0.05000054	          0.17095325	          0.27537662	          0.36828555	          0.19347681	          0.05893586	          0.05002251	          0.55166438	          0.38598992	          0.13734820	          0.05000044	          0.05000021	          0.05000009	          0.16065946	          0.34814646	          0.12044721	          0.05368798	          0.05000024	          0.19118297	          0.05893262	          0.05893262	          0.05423817	          0.08689381	          0.12806004	          0.07111552	          0.15842193	          0.10287497	          0.18622661	          0.23427904	          0.05000007	          0.06959541	          0.16696949	          0.47548668	          0.78777664	          0.14886957	          0.09158463	          0.05000000	          0.73526089	          0.58508426	          0.52663214	          0.16630081	          0.11823570	          0.15179930	          0.06746757	          0.10048325	          0.08352108	          0.05000005	          0.05000007	          0.05000014	          0.22737624	          0.35102186	          0.37253182	          0.32506443	          0.05000006	          0.05000069	          0.09163144	          0.41099184	          0.33854991	          0.34787164	          0.05000001	          0.05000001	          0.20869179	          0.05666824	          0.06946214	          0.05000002	          0.39018762	          0.43720298	          0.33497500	          0.05000000	          0.05000001	          0.05000000	          0.05000057	          0.05000002	          0.05000002	          0.73320093	          0.13405543	          0.13943900	          0.51943527	          0.99271140	          0.98488751	          0.12635923	          0.05000000	          0.05000001	
          1.17910558	         -2.92847624	         -2.31675210	          4.76419718	          1.58982380	          0.90992797	         -0.00030010	        -11.10882149	         -0.54945494	          8.04011780	         24.54201859	          5.22695935	         -1.40216054	        -31.53613990	        -18.84917849	         -6.22829125	          0.65288447	          9.09885754	          0.38486413	         -8.40216879	          3.69757493	         34.08725984	         -7.92565679	         -2.78169323	          2.35437806	         -2.42100246	          0.59460571	        -13.44998081	         18.89539221	         -9.50984035	        -13.61201167	          7.00174299	         44.88258197	         19.74249243	         86.51662706	         86.51662706	          0.08135857	          0.05000006	          0.05000005	          0.18473885	          0.05000116	          0.05000027	          0.05000158	          0.05000022	          0.05000022	          0.05005003	          0.17685943	          0.25368623	          0.36312340	          0.16415095	          0.05000295	          0.05000006	          0.55492493	          0.39442402	          0.15180092	          0.05000043	          0.05000019	          0.05000009	          0.15312288	          0.29537672	          0.10219063	          0.05000080	          0.05000012	          0.16220475	          0.05000002	          0.05000002	          0.05000000	          0.07372316	          0.10864974	          0.06246218	          0.13440954	          0.08728195	          0.15799964	          0.23678666	          0.05000015	          0.05904664	          0.14166139	          0.47625607	          0.79378528	          0.14960790	          0.08605669	          0.05000000	          0.76911049	          0.58146599	          0.50398574	          0.14629879	          0.10031530	          0.14570356	          0.05912535	          0.09044895	          0.07404754	          0.05000005	          0.05000007	          0.05000105	          0.23977196	          0.30497882	          0.34598297	          0.30839771	          0.05000007	          0.05000152	          0.07774291	          0.38343265	          0.31266675	          0.31606224	          0.05000002	          0.05000002	          0.17705968	          0.05000033	          0.05893363	          0.05000002	          0.42945293	          0.45801578	          0.37241452	          0.05000000	          0.05000001	          0.05000000	          0.12873868	          0.05000017	          0.05000013	          0.70787261	          0.11373620	          0.11830376	          0.44070272	          0.99574910	          0.99118600	          0.12262155	          0.05000000	          0.05000001	
          1.18982472	         -2.92635142	         -2.38777274	          4.87011164	          1.60470507	          0.91102370	          0.00003967	         -9.73732931	         -0.64306402	          7.79242709	         23.90167352	          5.47343749	         -1.12645054	        -33.91950027	        -19.49607011	         -5.78762382	          1.01134596	          9.38493554	          0.29429324	         -8.31955840	          3.79529095	         33.72040983	         -7.98888678	         -2.76549602	          2.47190503	         -2.43245567	          0.43148406	        -13.45221837	         18.99379069	         -9.47095852	        -13.59985159	          7.55901034	         45.47559894	         18.90916124	         86.51662706	         86.51662706	          0.06902680	          0.05000005	          0.05000003	          0.28338662	          0.05000084	          0.05000022	          0.05000605	          0.06535796	          0.05000036	          0.06790765	          0.18396606	          0.23374979	          0.34843097	          0.13927009	          0.05000061	          0.05000007	          0.55344932	          0.39366211	          0.17224048	          0.05000035	          0.05000015	          0.05000006	          0.14359442	          0.25060547	          0.08670126	          0.05000068	          0.05000011	          0.13761889	          0.05000001	          0.05000001	          0.05000000	          0.06981471	          0.09449508	          0.05356296	          0.12002779	          0.07405264	          0.13405113	          0.22966257	          0.05197795	          0.05009681	          0.12018958	          0.47049394	          0.76223414	          0.14526102	          0.07737583	          0.05000000	          0.79600756	          0.57547601	          0.47969642	          0.20332643	          0.18653963	          0.18982983	          0.05052107	          0.07957875	          0.06424086	          0.05000004	          0.05000007	          0.05000018	          0.20342900	          0.25875443	          0.31020390	          0.28811442	          0.05000009	          0.05000074	          0.06595935	          0.35628216	          0.28459656	          0.27923496	          0.05000001	          0.05000001	          0.15022216	          0.05000039	          0.05000100	          0.05000003	          0.43869405	          0.53988513	          0.37140078	          0.05000001	          0.05000003	          0.05000000	          0.15996078	          0.05355462	          0.05773527	          0.64376324	          0.09649683	          0.10037206	          0.37390392	          0.84483215	          0.92242696	          0.11666982	          0.05000000	          0.05000001	
          1.20054386	         -2.92413264	         -2.45054293	          4.96587627	          1.61933315	          0.91229575	          0.00037128	         -8.25916249	         -0.71910933	          7.51777776	         23.19039986	          5.72086857	         -0.81748403	        -36.20472711	        -20.02833448	         -5.14778821	          1.61902501	          9.54494031	          0.18126409	         -8.22244544	          3.85412593	         33.28207946	         -8.01331153	         -2.76059276	          2.57545724	         -2.43279944	          0.30530234	        -13.45358257	         19.09360219	         -9.37463892	        -13.58059218	          8.10302740	         45.97199084	         18.11631222	         86.51662706	         86.51662706	          0.05856426	          0.05000004	          0.05000002	          0.42013554	          0.05000640	          0.05000017	          0.05003096	          0.10212394	          0.05000052	          0.08919742	          0.19593547	          0.21758729	          0.33949186	          0.11816051	          0.05000053	          0.05000006	          0.54533126	          0.39714959	          0.19926668	          0.05000028	          0.05000011	          0.05000004	          0.13422639	          0.21262035	          0.07355967	          0.05000042	          0.05000007	          0.16145443	          0.05000000	          0.05000000	          0.05000000	          0.05972195	          0.08017230	          0.05000001	          0.10900879	          0.06321081	          0.11373258	          0.23367449	          0.05000014	          0.05000004	          0.10197304	          0.45532353	          0.74633234	          0.13757255	          0.07394688	          0.05000001	          0.80911694	          0.56154279	          0.45705286	          0.28780074	          0.23707571	          0.23214283	          0.05346448	          0.07964106	          0.06414523	          0.05000004	          0.05000008	          0.05000028	          0.17259464	          0.21953676	          0.28313411	          0.26709762	          0.05000009	          0.05000092	          0.05596201	          0.32992235	          0.25693491	          0.24618448	          0.05000001	          0.05000002	          0.12745249	          0.05000033	          0.05000035	          0.05000003	          0.48824817	          0.47529623	          0.41591785	          0.05000003	          0.05000009	          0.05000003	          0.17063359	          0.05000135	          0.05774738	          0.57029595	          0.08187049	          0.08515834	          0.31723005	          0.77704507	          0.78261175	          0.11112667	          0.05000000	          0.05000001	
          1.21126300	         -2.92257485	         -2.50156781	          5.04888860	          1.63372531	          0.91375007	          0.00069014	         -6.69015323	         -0.77933763	          7.21722859	         22.38907422	          5.96237149	         -0.47611706	        -38.36262907	        -20.39022038	         -4.38547092	          2.32594275	          9.58938475	          0.07015547	         -8.10537341	          3.87252649	         32.78296648	         -8.00929292	         -2.76652814	          2.66341941	         -2.42217089	          0.21101972	        -13.45275592	         19.18817858	         -9.22563339	        -13.55558594	          8.62343366	         46.37233361	         17.37698435	         86.51662706	         86.51662706	          0.05116974	          0.05000004	          0.05000002	          0.53999539	          0.05001935	          0.05000016	          0.05210528	          0.12942587	          0.05012617	          0.11091917	          0.20180013	          0.19953481	          0.33504991	          0.10025057	          0.05000049	          0.05000005	          0.53772630	          0.38355357	          0.22283277	          0.05000024	          0.05000008	          0.05000003	          0.12530634	          0.18039277	          0.06240999	          0.05000031	          0.05000006	          0.17926595	          0.05000000	          0.05000000	          0.05000000	          0.05066975	          0.06802037	          0.05000000	          0.10112375	          0.05536175	          0.09649379	          0.23740397	          0.05000008	          0.05000003	          0.10365880	          0.43831401	          0.74262124	          0.12704872	          0.06345311	          0.05000001	          0.80865809	          0.53575585	          0.42653087	          0.35530945	          0.28006544	          0.26919773	          0.06363367	          0.09076861	          0.07010669	          0.05000004	          0.05000007	          0.05000020	          0.14643393	          0.18626145	          0.26966332	          0.24509983	          0.05000008	          0.05000075	          0.05000074	          0.30319632	          0.22673615	          0.21183335	          0.05000001	          0.05000001	          0.10813409	          0.05000030	          0.05000038	          0.05000002	          0.42318305	          0.51089916	          0.37439390	          0.05000003	          0.05000009	          0.06444430	          0.18483847	          0.05000023	          0.05000030	          0.49982397	          0.06946113	          0.07225063	          0.26914646	          0.74848449	          0.67424149	          0.10393126	          0.05000000	          0.05000002	
          1.22198214	         -2.92194950	         -2.53733008	          5.11634729	          1.64790276	          0.91534941	          0.00099185	         -5.04833038	         -0.82546671	          6.89163607	         21.49702124	          6.18994929	         -0.10554424	        -40.36427572	        -20.56414063	         -3.55013074	          3.00542007	          9.53066970	         -0.02638409	         -7.96926861	          3.88010135	         32.22975270	         -7.96373465	         -2.78334485	          2.73466693	         -2.40095266	          0.14119931	        -13.45098883	         19.27137077	         -9.03173659	        -13.52850250	          9.10996175	         46.68661203	         16.70952393	         86.51662706	         86.51662706	          0.07044329	          0.05000004	          0.05000002	          0.58762221	          0.06715157	          0.05000015	          0.05788082	          0.14372063	          0.05263522	          0.13101909	          0.21021538	          0.19065660	          0.31738610	          0.08505531	          0.05000039	          0.05000004	          0.52436665	          0.38125988	          0.24726439	          0.05000021	          0.05000007	          0.05000002	          0.11946012	          0.15305004	          0.05295032	          0.05000032	          0.05000006	          0.18610680	          0.05000000	          0.05000000	          0.05000000	          0.05000006	          0.05771035	          0.05000000	          0.09349823	          0.05022553	          0.08186794	          0.24202823	          0.05000009	          0.05000003	          0.12645666	          0.42066266	          0.74989453	          0.11828408	          0.06014732	          0.05000001	          0.79878770	          0.50019155	          0.38731417	          0.41414998	          0.33755548	          0.31852059	          0.07534968	          0.10360139	          0.07589696	          0.05000007	          0.05000008	          0.05000024	          0.12423847	          0.15802939	          0.22879112	          0.21562607	          0.05000010	          0.05000082	          0.05031376	          0.26343082	          0.19236916	          0.17972512	          0.05000002	          0.05000002	          0.09174386	          0.05000026	          0.05000028	          0.05000002	          0.42583445	          0.50428346	          0.38021033	          0.05000003	          0.05000006	          0.07922700	          0.19909004	          0.05000027	          0.05000027	          0.44054189	          0.05893275	          0.06131336	          0.22835116	          0.69381973	          0.62835996	          0.09751974	          0.05000000	          0.05000002	
          1.23270129	         -2.92227099	         -2.55544248	          5.16602485	          1.66189061	          0.91703793	          0.00127505	         -3.34851531	         -0.85944221	          6.54511698	         20.51182630	          6.39632533	          0.28859143	        -42.19540248	        -20.54110140	         -2.67239881	          3.61228689	          9.38249900	         -0.10302410	         -7.81722154	          3.88569994	         31.62764026	         -7.85673305	         -2.81078812	          2.78824334	         -2.36912895	          0.08863091	        -13.45000639	         19.33721774	         -8.80123398	        -13.50286669	          9.55438571	         46.92548641	         16.12911606	         86.51662706	         86.51662706	          0.07875502	          0.05000004	          0.05000002	          0.61322229	          0.08576577	          0.05000016	          0.06035222	          0.14330918	          0.05150003	          0.14998245	          0.21185217	          0.18183719	          0.30311581	          0.07216325	          0.05000036	          0.05000004	          0.51033332	          0.36938305	          0.26609374	          0.05000019	          0.05000006	          0.05000002	          0.11311260	          0.12985180	          0.05000007	          0.05000033	          0.05000006	          0.18421831	          0.05000000	          0.05000000	          0.05000000	          0.05000005	          0.05000010	          0.05000000	          0.08227082	          0.05000121	          0.06945900	          0.24767170	          0.05000007	          0.05000003	          0.14244425	          0.40486104	          0.76050543	          0.11145001	          0.05268188	          0.05000001	          0.77639576	          0.46654270	          0.35907174	          0.46663991	          0.40219482	          0.37801081	          0.08355223	          0.11305325	          0.08092148	          0.05000014	          0.05000010	          0.05000015	          0.10540725	          0.13407648	          0.19411330	          0.18961945	          0.05000011	          0.05000067	          0.05897821	          0.23876857	          0.16321171	          0.15248367	          0.05000002	          0.05000002	          0.07783795	          0.05000029	          0.05000051	          0.05000001	          0.40897579	          0.48742539	          0.36624522	          0.05000003	          0.05000005	          0.09789975	          0.21524353	          0.05000048	          0.05000038	          0.39494715	          0.05000026	          0.06791999	          0.19375590	          0.64822462	          0.54421402	          0.08970950	          0.05000001	          0.05000002	
          1.24342043	         -2.92348783	         -2.55498741	          5.19530989	          1.67570557	          0.91876475	          0.00154018	         -1.60156598	         -0.88240524	          6.18328427	         19.44039310	          6.57649664	          0.69846752	        -43.85242813	        -20.33624689	         -1.77309112	          4.14878899	          9.15733912	         -0.16654766	         -7.65086706	          3.88803931	         30.98216481	         -7.68966562	         -2.84917035	          2.82448488	         -2.32687963	          0.04829129	        -13.44972008	         19.37782182	         -8.53759535	        -13.48147021	          9.95340261	         47.09432072	         15.64167862	         86.51662706	         86.51662706	          0.08682859	          0.05000004	          0.05000002	          0.62614201	          0.11221676	          0.05000017	          0.05278747	          0.13405549	          0.05000085	          0.16591980	          0.21078933	          0.17386073	          0.28307141	          0.06122529	          0.05000029	          0.05000003	          0.49372834	          0.35572410	          0.27729012	          0.05000016	          0.05000005	          0.05000001	          0.10769179	          0.11419963	          0.05000010	          0.05000034	          0.05000007	          0.17419598	          0.05000000	          0.05000000	          0.05000000	          0.05000003	          0.05000008	          0.05000000	          0.07110447	          0.05000069	          0.05893096	          0.25386269	          0.05000007	          0.05000003	          0.15619182	          0.39182645	          0.77501257	          0.10699235	          0.05000012	          0.05000002	          0.74715063	          0.43952436	          0.33995480	          0.50556547	          0.45985557	          0.43040473	          0.08642566	          0.11588770	          0.08257093	          0.05000020	          0.05000010	          0.05000011	          0.08943033	          0.11375419	          0.16469253	          0.17128575	          0.05000011	          0.05000056	          0.05006313	          0.22859969	          0.14629255	          0.12937149	          0.05000002	          0.05000002	          0.06603981	          0.05000032	          0.05000118	          0.05000001	          0.37739733	          0.45337239	          0.33942293	          0.06384692	          0.05000004	          0.11518223	          0.22957462	          0.05000089	          0.05000049	          0.35659588	          0.05000017	          0.07815207	          0.19537725	          0.60826478	          0.47502527	          0.08601558	          0.05000001	          0.05000002	
          1.25413957	         -2.92534638	         -2.53561014	          5.20284222	          1.68935823	          0.92048131	          0.00178875	          0.18359219	         -0.89616223	          5.81146724	         18.30113824	          6.72724352	          1.11749064	        -45.33683725	        -19.98538945	         -0.86571001	          4.62389823	          8.86801996	         -0.22235263	         -7.47249654	          3.88851108	         30.29687798	         -7.47287200	         -2.89882723	          2.84377198	         -2.27432561	          0.01788606	        -13.44971087	         19.38713376	         -8.24217632	        -13.46571263	         10.30555152	         47.19514867	         15.24686956	         86.51662706	         86.51662706	          0.08319778	          0.05000004	          0.05000002	          0.63599848	          0.14472459	          0.05000019	          0.05007760	          0.11373628	          0.05000036	          0.18157210	          0.21021939	          0.16680142	          0.25736541	          0.05194528	          0.05000026	          0.05000003	          0.47574248	          0.34235421	          0.28397264	          0.05000015	          0.05000004	          0.05000001	          0.10364019	          0.10685657	          0.05000009	          0.05000036	          0.05000007	          0.15807295	          0.05000001	          0.05000000	          0.05000000	          0.05000002	          0.05000006	          0.05000000	          0.06141915	          0.05000061	          0.05000031	          0.25945016	          0.05000006	          0.05000003	          0.17273599	          0.38109877	          0.78392177	          0.10495517	          0.05000007	          0.05000002	          0.71406129	          0.41975997	          0.32621005	          0.55265747	          0.51006371	          0.46984421	          0.08368952	          0.11130514	          0.08033134	          0.05000009	          0.05000009	          0.05000008	          0.07587509	          0.09651222	          0.13978617	          0.16255066	          0.05000012	          0.05000045	          0.05000053	          0.22777892	          0.14262888	          0.12338917	          0.05000001	          0.05000001	          0.05602997	          0.05000030	          0.05000539	          0.05000002	          0.33785812	          0.40973523	          0.30483722	          0.08288690	          0.05000004	          0.13261211	          0.24302066	          0.05000059	          0.05000043	          0.32294982	          0.05000017	          0.09661283	          0.20931670	          0.57226962	          0.40673284	          0.08586797	          0.05000001	          0.05000002	
          1.26485871	         -2.92740025	         -2.49707058	          5.18861917	          1.70286108	          0.92214118	          0.00202215	          1.99911980	         -0.90270977	          5.43418475	         17.11174938	          6.84664922	          1.54183258	        -46.65369640	        -19.52299031	          0.04168106	          5.04564496	          8.52678372	         -0.27334919	         -7.28499805	          3.88709008	         29.57491279	         -7.21881056	         -2.95911745	          2.84603860	         -2.21156823	         -0.00433081	        -13.44973228	         19.36030499	         -7.91661609	        -13.45570105	         10.60919975	         47.22987659	         14.94115561	         86.51662706	         86.51662706	          0.08835673	          0.05000004	          0.05000002	          0.57057731	          0.18082166	          0.05000020	          0.05000835	          0.09649690	          0.05000017	          0.19814246	          0.21122062	          0.16252723	          0.22565727	          0.05000026	          0.05000021	          0.05000002	          0.45617084	          0.33462438	          0.28693494	          0.05000012	          0.05000003	          0.05000001	          0.10208981	          0.10374999	          0.05000009	          0.05000038	          0.05000008	          0.13917558	          0.05000001	          0.05000001	          0.05000000	          0.05000002	          0.05000005	          0.05000000	          0.05267742	          0.05000050	          0.05000035	          0.26385483	          0.05000006	          0.05000003	          0.19130770	          0.37362149	          0.79087265	          0.10560748	          0.05000004	          0.05000002	          0.67878871	          0.40424284	          0.31453589	          0.59259277	          0.54782672	          0.49982688	          0.07665274	          0.09988294	          0.07514264	          0.05000005	          0.05000009	          0.05000007	          0.06437447	          0.08188371	          0.13571432	          0.16099027	          0.05000013	          0.05000038	          0.05000032	          0.23079522	          0.14462467	          0.12771379	          0.05000001	          0.05000001	          0.05000011	          0.05000028	          0.05017617	          0.05000003	          0.29888708	          0.36315577	          0.26889505	          0.10383206	          0.05000004	          0.14908083	          0.25626503	          0.05000039	          0.05000034	          0.29170544	          0.05000102	          0.11726761	          0.21858108	          0.54013335	          0.34540051	          0.08667021	          0.05000001	          0.05000002	
          1.27557785	         -2.92912013	         -2.43913337	          5.15277449	          1.71623048	          0.92370394	          0.00224126	          3.83761323	         -0.90279143	          5.05440286	         15.88369900	          6.93354423	          1.96867966	        -47.81104749	        -18.97248884	          0.94367994	          5.42051033	          8.14576293	         -0.32172424	         -7.08899726	          3.88529524	         28.81854064	         -6.93490566	         -3.02838011	          2.83094753	         -2.13892675	         -0.02135691	        -13.44973258	         19.29217474	         -7.56261350	        -13.45073944	         10.86269633	         47.20213807	         14.71900266	         86.51662706	         86.51662706	          0.09144567	          0.05000005	          0.05000002	          0.48409328	          0.15800567	          0.05000024	          0.05000187	          0.08187055	          0.05000011	          0.21606646	          0.21464978	          0.15726667	          0.19145582	          0.05000024	          0.05000017	          0.05000002	          0.43515890	          0.32259482	          0.28530424	          0.05000011	          0.05000003	          0.05000001	          0.10095572	          0.10238930	          0.05000009	          0.05000040	          0.05000008	          0.11918667	          0.05000001	          0.05000001	          0.05000000	          0.05000001	          0.05000004	          0.05000000	          0.05000018	          0.05000031	          0.05000028	          0.26601507	          0.05000007	          0.05000003	          0.23490166	          0.36983036	          0.79276295	          0.10690477	          0.05000004	          0.05000002	          0.64132757	          0.38897852	          0.30208980	          0.61479359	          0.56845376	          0.51841778	          0.06730580	          0.08476676	          0.06870087	          0.05000004	          0.05000008	          0.05000006	          0.05461706	          0.06947253	          0.13387893	          0.16151190	          0.05000014	          0.05000033	          0.05000022	          0.23244490	          0.14698241	          0.13296207	          0.05000001	          0.05000001	          0.05000013	          0.05000026	          0.06410917	          0.05000005	          0.27204570	          0.32061872	          0.23937390	          0.12596841	          0.05000003	          0.16441253	          0.26962711	          0.05000038	          0.05000035	          0.26352965	          0.06173505	          0.13351218	          0.21336783	          0.51148851	          0.29541014	          0.08698458	          0.05000002	          0.05000001	
          1.28629699	         -2.93007180	         -2.36178311	          5.09528401	          1.72948382	          0.92513976	          0.00244556	          5.69222311	         -0.89521878	          4.67361618	         14.62141674	          6.98739206	          2.39623974	        -48.81878231	        -18.34435658	          1.83455879	          5.75421667	          7.73625960	         -0.37059029	         -6.88434365	          3.88498923	         28.02829493	         -6.62504375	         -3.10462176	          2.79839546	         -2.05684753	         -0.03643494	        -13.44971159	         19.17922257	         -7.18176848	        -13.44970711	         11.06400739	         47.11566948	         14.57447964	         86.51662706	         86.51662706	          0.07758527	          0.05000005	          0.05000002	          0.41071771	          0.13405653	          0.05000024	          0.05000136	          0.06946116	          0.05000007	          0.23512551	          0.21472166	          0.15547809	          0.16334831	          0.05000020	          0.05000015	          0.05000002	          0.41202788	          0.31626080	          0.28252345	          0.05000009	          0.05000002	          0.05000001	          0.10011270	          0.10141308	          0.05000008	          0.05000037	          0.05000008	          0.10112125	          0.05000001	          0.05000001	          0.05000000	          0.05000001	          0.05000004	          0.05000000	          0.05000008	          0.05000022	          0.05000021	          0.26717380	          0.05000010	          0.05000004	          0.29091415	          0.36882550	          0.79088845	          0.10790045	          0.05000004	          0.05000002	          0.60310219	          0.37334459	          0.28973023	          0.62265547	          0.58025109	          0.53151487	          0.05713664	          0.07191865	          0.06165208	          0.05000003	          0.05000007	          0.05000005	          0.05000012	          0.05894264	          0.11369459	          0.16119261	          0.05000015	          0.05000029	          0.05000016	          0.23196806	          0.14827467	          0.13651894	          0.05000001	          0.05000001	          0.05000012	          0.05000026	          0.08555375	          0.05000009	          0.25672312	          0.28862505	          0.22035510	          0.14944773	          0.05000046	          0.17902788	          0.28310753	          0.05000035	          0.05000036	          0.23632283	          0.07563947	          0.14865670	          0.19037009	          0.48481747	          0.27156049	          0.08535135	          0.05000002	          0.05000001	
          1.29701614	         -2.93003167	         -2.26560398	          5.01614337	          1.74263691	          0.92643250	          0.00263372	          7.55704705	         -0.87822783	          4.29089793	         13.32339300	          7.00810976	          2.82500421	        -49.68713139	        -17.63715398	          2.70712699	          6.04611068	          7.30861331	         -0.41961393	         -6.67064773	          3.89155752	         27.20327253	         -6.29229106	         -3.18611867	          2.74884529	         -1.96604999	         -0.05188332	        -13.44974552	         19.02118085	         -6.77548737	        -13.45129925	         11.21197413	         46.97243498	         14.50263488	         86.51662706	         86.51662706	          0.06582549	          0.05000005	          0.05000002	          0.34846387	          0.11373723	          0.05000026	          0.05000105	          0.05893272	          0.05000005	          0.25244815	          0.21313979	          0.15380899	          0.14746826	          0.05000018	          0.05000013	          0.05000002	          0.38787140	          0.30767242	          0.27690786	          0.05000008	          0.05000002	          0.05000001	          0.09809703	          0.09981601	          0.05000008	          0.05000041	          0.05000009	          0.08579403	          0.05000001	          0.05000001	          0.05000001	          0.05000001	          0.05000003	          0.05000000	          0.05000005	          0.05000016	          0.05000016	          0.26727111	          0.05000013	          0.05000007	          0.34837986	          0.36997045	          0.78473719	          0.10855490	          0.05000005	          0.05000002	          0.56587773	          0.36048423	          0.28199852	          0.64158431	          0.59640317	          0.54503801	          0.05023326	          0.06101814	          0.05651122	          0.05000002	          0.05000007	          0.05000004	          0.05000014	          0.05000870	          0.09646458	          0.15741911	          0.05000018	          0.05000026	          0.05000015	          0.23004266	          0.14708939	          0.13493082	          0.05000001	          0.05000001	          0.05000010	          0.05000025	          0.11718046	          0.05706967	          0.23979568	          0.26024343	          0.20251534	          0.17135461	          0.08208495	          0.19157300	          0.29628701	          0.05000087	          0.05000055	          0.20050270	          0.07616332	          0.16124409	          0.16151606	          0.46338595	          0.25783131	          0.08172074	          0.05000001	          0.05000001	
          1.30773528	         -2.92897990	         -2.15194641	          4.91538247	          1.75570167	          0.92757963	          0.00280491	          9.42521933	         -0.85055969	          3.90609518	         11.98891276	          6.99607748	          3.25557631	        -50.42183043	        -16.84989285	          3.55358957	          6.29622154	          6.87082499	         -0.46900968	         -6.44701344	          3.90418541	         26.34048737	         -5.94746683	         -3.27177378	          2.68341176	         -1.86745920	         -0.06823698	        -13.44985454	         18.82127217	         -6.34458655	        -13.45415987	         11.30845370	         46.77116705	         14.49949892	         86.51662706	         86.51662706	          0.05584816	          0.05000005	          0.05000003	          0.29564604	          0.09649776	          0.05000026	          0.05000087	          0.05000013	          0.05000004	          0.26589440	          0.21095689	          0.15032260	          0.14235666	          0.05000019	          0.05000013	          0.05000002	          0.36283286	          0.29640785	          0.25871742	          0.05000008	          0.05000002	          0.05000001	          0.09387197	          0.09672976	          0.05000011	          0.05000065	          0.05000012	          0.07279005	          0.05000001	          0.05000001	          0.05000001	          0.05000001	          0.05000003	          0.05000000	          0.05000003	          0.05000012	          0.05000012	          0.26693288	          0.05000060	          0.05000023	          0.40170678	          0.37227069	          0.77352216	          0.10821966	          0.05000010	          0.05000002	          0.52909910	          0.34979830	          0.27729853	          0.66908046	          0.61850470	          0.55706418	          0.05000050	          0.05177225	          0.05282797	          0.05000002	          0.05000008	          0.05000004	          0.05000011	          0.05000097	          0.08184403	          0.15091575	          0.05000021	          0.05000023	          0.05000013	          0.22722568	          0.14485684	          0.13013870	          0.05000001	          0.05000001	          0.05000009	          0.05000025	          0.15001854	          0.07738215	          0.22053598	          0.23054995	          0.18458025	          0.19534806	          0.11648018	          0.20343676	          0.30979701	          0.05000062	          0.05000055	          0.17011184	          0.08088178	          0.17610662	          0.13703464	          0.44485695	          0.26084128	          0.07751845	          0.05000001	          0.05000002	
          1.31845442	         -2.92697886	         -2.02250767	          4.79322938	          1.76868941	          0.92858712	          0.00295862	         11.28658872	         -0.81206147	          3.51977321	         10.62014789	          6.95232894	          3.68829077	        -51.02026147	        -15.98847113	          4.36504314	          6.51730812	          6.42913670	         -0.52024075	         -6.21230581	          3.91670233	         25.43498262	         -5.61247960	         -3.36070498	          2.60356033	         -1.76208579	         -0.08462420	        -13.44985992	         18.58541874	         -5.89004446	        -13.45698189	         11.35865874	         46.50719661	         14.56198438	         86.51662706	         86.51662706	          0.05000009	          0.05000005	          0.05000003	          0.25083398	          0.08187131	          0.05000025	          0.05000072	          0.05000006	          0.05000004	          0.27170370	          0.20885436	          0.14830750	          0.13833564	          0.05000019	          0.05000012	          0.05000002	          0.33966838	          0.28632295	          0.21950317	          0.05000007	          0.05000002	          0.05000001	          0.09087855	          0.09421831	          0.05000015	          0.05000072	          0.05000015	          0.06184557	          0.05000002	          0.05000002	          0.05000001	          0.05000001	          0.05000003	          0.05000000	          0.05000003	          0.05000010	          0.05000011	          0.26977894	          0.05687705	          0.05000083	          0.43499212	          0.37504666	          0.75710563	          0.10795125	          0.05000095	          0.05000002	          0.49075625	          0.33937344	          0.27577893	          0.69270034	          0.63622774	          0.56472937	          0.05000042	          0.05000053	          0.05039473	          0.05000002	          0.05000008	          0.05000003	          0.05000009	          0.05000088	          0.06943931	          0.13412720	          0.05000046	          0.05000020	          0.05000011	          0.22518685	          0.14408363	          0.11723305	          0.05000001	          0.05000001	          0.05000008	          0.05000024	          0.18320667	          0.09471660	          0.18816088	          0.19560493	          0.15975161	          0.21995436	          0.15299987	          0.21463047	          0.32233424	          0.05000045	          0.05000052	          0.14432742	          0.09386185	          0.19044662	          0.11626390	          0.42836668	          0.27325915	          0.07395817	          0.05000001	          0.05000002	
          1.32917356	         -2.92404636	         -1.87920261	          4.65004980	          1.78161106	          0.92946016	          0.00309538	         13.12804665	         -0.76386446	          3.13329071	          9.22588947	          6.87855038	          4.12160993	        -51.47318166	        -15.07012122	          5.13233099	          6.71368882	          5.98737657	         -0.57510953	         -5.96419189	          3.92557972	         24.48059294	         -5.29344525	         -3.45209469	          2.51092878	         -1.65082670	         -0.09929163	        -13.44976232	         18.32123988	         -5.41317411	        -13.45872500	         11.37159824	         46.17442019	         14.68757368	         86.51662706	         86.51662706	          0.05000007	          0.05000005	          0.05000003	          0.21281423	          0.06946185	          0.05000025	          0.05000058	          0.05000005	          0.05000003	          0.25823822	          0.20972212	          0.14769723	          0.13297107	          0.05000019	          0.05000011	          0.05000002	          0.31829032	          0.27794252	          0.18623245	          0.05000007	          0.05000002	          0.05000001	          0.08947561	          0.09353597	          0.05000025	          0.05002276	          0.05000022	          0.05631038	          0.05000002	          0.05000002	          0.05000001	          0.05000001	          0.05000002	          0.05000000	          0.05000003	          0.05000011	          0.05000011	          0.27551829	          0.07057124	          0.05000047	          0.45896841	          0.37684208	          0.73772919	          0.10688442	          0.05072919	          0.05000002	          0.44919351	          0.32503195	          0.27250736	          0.69635547	          0.63984199	          0.56276538	          0.05000054	          0.05000050	          0.05000208	          0.05000002	          0.05000009	          0.05000003	          0.05000007	          0.05000070	          0.05891502	          0.11379719	          0.08947995	          0.05000019	          0.05000011	          0.21766728	          0.13804293	          0.09946379	          0.05000001	          0.05000001	          0.05000007	          0.05000025	          0.21213175	          0.09649673	          0.15964075	          0.16595646	          0.13553757	          0.24473774	          0.18802591	          0.22496328	          0.33475718	          0.05000041	          0.05000053	          0.12245123	          0.10713350	          0.20407197	          0.09864144	          0.41428219	          0.29295156	          0.07022715	          0.05000001	          0.05000002	
          1.33989270	         -2.92019896	         -1.72475937	          4.48631393	          1.79447821	          0.93019846	          0.00321745	         14.93301068	         -0.70848192	          2.75028254	          7.81767873	          6.77773056	          4.55294548	        -51.76113980	        -14.11602116	          5.84686381	          6.88473040	          5.54861197	         -0.63455423	         -5.70030191	          3.92858795	         23.46984413	         -4.98634140	         -3.54513750	          2.40786311	         -1.53442288	         -0.11043406	        -13.44970710	         18.03635742	         -4.91567396	        -13.45874355	         11.35986772	         45.76700320	         14.87393881	         86.51662706	         86.51662706	          0.05000005	          0.05000004	          0.05000004	          0.18055727	          0.05893334	          0.05000021	          0.05000045	          0.05000004	          0.05000002	          0.22267235	          0.21098447	          0.15461089	          0.13874225	          0.05000020	          0.05000011	          0.05000002	          0.30089847	          0.27536360	          0.15800462	          0.05000006	          0.05000002	          0.05000001	          0.09261982	          0.09722211	          0.05000040	          0.10821059	          0.05000025	          0.05558510	          0.05000003	          0.05000003	          0.05000002	          0.05000001	          0.05000002	          0.05000000	          0.05000002	          0.05000013	          0.05000011	          0.28071503	          0.08268118	          0.05000052	          0.48076350	          0.37722077	          0.71460880	          0.10504510	          0.05000046	          0.05000002	          0.40231819	          0.30304431	          0.26565514	          0.66438422	          0.62345883	          0.54952414	          0.05000024	          0.05000029	          0.05000022	          0.05000003	          0.05000011	          0.05000003	          0.05000006	          0.05000056	          0.05000115	          0.09654861	          0.13540126	          0.05000018	          0.05000011	          0.19740676	          0.11721689	          0.08438778	          0.05000001	          0.05000001	          0.05000008	          0.05000031	          0.23454151	          0.08187050	          0.13544348	          0.14080189	          0.11499370	          0.26981694	          0.22320175	          0.23464262	          0.34686952	          0.05000042	          0.05000068	          0.10389088	          0.11729584	          0.21540269	          0.08369006	          0.40216645	          0.31438308	          0.06539295	          0.05000001	          0.05000002	
          1.35061184	         -2.91547483	         -1.56298218	          4.30231155	          1.80730298	          0.93079509	          0.00332805	         16.68253423	         -0.64884925	          2.37492041	          6.40661818	          6.65465279	          4.97944748	        -51.85528283	        -13.14661762	          6.49868740	          7.02917764	          5.11613023	         -0.69996265	         -5.41935658	          3.92562238	         22.39398073	         -4.68258339	         -3.63901196	          2.29791943	         -1.41364332	         -0.11680683	        -13.44977261	         17.73741371	         -4.39906233	        -13.45708993	         11.33983085	         45.28015573	         15.11822347	         86.51662706	         86.51662706	          0.05000004	          0.05000004	          0.05000004	          0.15318960	          0.05000072	          0.05000019	          0.05000034	          0.05000003	          0.05000001	          0.18892117	          0.21219937	          0.16031115	          0.15941392	          0.05000022	          0.05000011	          0.05000002	          0.28226047	          0.27180235	          0.13405536	          0.05000006	          0.05000002	          0.05000001	          0.09392435	          0.09875496	          0.06094448	          0.15657417	          0.05000030	          0.05438507	          0.05000006	          0.05000006	          0.05000004	          0.05000001	          0.05000003	          0.05000000	          0.05000002	          0.05000018	          0.05000013	          0.28521706	          0.09502150	          0.05000026	          0.48673780	          0.37754297	          0.68459162	          0.10370636	          0.05000614	          0.05000002	          0.35557559	          0.27510751	          0.25258623	          0.62073526	          0.59045388	          0.52705789	          0.05000103	          0.05000047	          0.05000031	          0.05000005	          0.05000017	          0.05000003	          0.05000006	          0.05000048	          0.05000099	          0.08191443	          0.16951224	          0.05000019	          0.05000013	          0.16748624	          0.09945010	          0.07159687	          0.05000002	          0.05000002	          0.05000008	          0.05000037	          0.24880803	          0.06946114	          0.11491386	          0.11946008	          0.09756372	          0.29385194	          0.25538746	          0.24326916	          0.35837699	          0.05000046	          0.05000095	          0.08814379	          0.12440222	          0.22608520	          0.07100492	          0.39243205	          0.34035858	          0.06195762	          0.05000001	          0.05000002	
          1.36133099	         -2.90990390	         -1.39834804	          4.09853195	          1.82009983	          0.93123752	          0.00342951	         18.35815998	         -0.58769283	          2.00988084	          4.99899804	          6.51486483	          5.39816529	        -51.72796871	        -12.17365734	          7.07546429	          7.14533528	          4.69449462	         -0.77375820	         -5.11923153	          3.91781569	         21.24309021	         -4.37395797	         -3.73235443	          2.18551083	         -1.28910848	         -0.11774856	        -13.44989766	         17.43073745	         -3.86519669	        -13.45447300	         11.33022343	         44.71018121	         15.41665263	         86.51662706	         86.51662706	          0.05000004	          0.05000004	          0.05000004	          0.12997015	          0.05000023	          0.05000018	          0.05000025	          0.05000002	          0.05000001	          0.16028576	          0.21362105	          0.17008042	          0.18714528	          0.05000023	          0.05000011	          0.05000002	          0.26535496	          0.27190247	          0.11373616	          0.05000006	          0.05000002	          0.05000001	          0.09672278	          0.10138897	          0.09373511	          0.17060294	          0.05000028	          0.05323920	          0.05000010	          0.05000011	          0.05000009	          0.05000001	          0.05000003	          0.05000000	          0.05000002	          0.05000018	          0.05000013	          0.28730754	          0.10278518	          0.05030878	          0.48679400	          0.37955526	          0.64802417	          0.10230931	          0.05115084	          0.05000003	          0.31327094	          0.24428753	          0.23470141	          0.56547606	          0.54892444	          0.50177866	          0.05573815	          0.05000077	          0.05000039	          0.05000011	          0.05000034	          0.05000004	          0.05000007	          0.05000046	          0.05000079	          0.06949841	          0.19912526	          0.05000023	          0.05000018	          0.14210022	          0.08437621	          0.06074472	          0.05000003	          0.05000004	          0.05000010	          0.05000050	          0.25647008	          0.05893270	          0.09749599	          0.10135312	          0.08277567	          0.31707203	          0.28479106	          0.25094560	          0.36930719	          0.05000051	          0.05000152	          0.07478355	          0.12959682	          0.23502996	          0.06024251	          0.38496911	          0.36823404	          0.05984743	          0.05000001	          0.05000002	
          1.37205013	         -2.90354217	         -1.23518483	          3.87590352	          1.83288325	          0.93151154	          0.00352302	         19.94411614	         -0.52712078	          1.65518968	          3.59792707	          6.36383802	          5.80616830	        -51.35855430	        -11.20427474	          7.56325668	          7.23444200	          4.28895020	         -0.85887839	         -4.79751653	          3.90600128	         20.00821864	         -4.05369174	         -3.82365543	          2.07495222	         -1.16125320	         -0.11285745	        -13.45000562	         17.12232576	         -3.31609373	        -13.45189167	         11.34993726	         44.05492353	         15.76474713	         86.51662706	         86.51662706	          0.05000004	          0.05000004	          0.05000004	          0.11027014	          0.05000023	          0.05000017	          0.05000019	          0.05000002	          0.05000001	          0.13599071	          0.21346695	          0.18030104	          0.20843874	          0.05000025	          0.05000011	          0.05000002	          0.25160164	          0.26432122	          0.09649681	          0.05000005	          0.05000002	          0.05000001	          0.10101945	          0.10565045	          0.12846755	          0.16819392	          0.05000027	          0.05235219	          0.05000018	          0.05000019	          0.05000013	          0.05000001	          0.05000003	          0.05000000	          0.05000003	          0.05000022	          0.05000015	          0.29050845	          0.11540952	          0.05000019	          0.47101913	          0.38219037	          0.60711523	          0.10081110	          0.05262565	          0.05000003	          0.27987058	          0.21981916	          0.22046818	          0.51991866	          0.51176389	          0.47637799	          0.06005535	          0.05002145	          0.05000032	          0.06452255	          0.05000243	          0.05000004	          0.05000007	          0.05000044	          0.05000071	          0.05896433	          0.22571459	          0.05000026	          0.05000025	          0.12056224	          0.07158715	          0.05153749	          0.05000007	          0.05000008	          0.05000011	          0.05000070	          0.25753546	          0.05000014	          0.08271820	          0.08599069	          0.07022909	          0.33934262	          0.31111386	          0.25764727	          0.37937378	          0.05000055	          0.05000896	          0.06344836	          0.13732350	          0.24362648	          0.05111143	          0.37947566	          0.39344268	          0.05839191	          0.05000001	          0.05000002	
          1.38276927	         -2.89650669	         -1.07688182	          3.63561211	          1.84566346	          0.93160529	          0.00360925	         21.42754041	         -0.46819773	          1.31032719	          2.21032922	          6.20653353	          6.20069040	        -50.73290625	        -10.25352185	          7.95084951	          7.30107366	          3.90492290	         -0.95801586	         -4.45372390	          3.89034876	         18.68470189	         -3.71433115	         -3.91195885	          1.96961699	         -1.03054481	         -0.10161910	        -13.45013253	         16.81743057	         -2.75314247	        -13.45019541	         11.41504356	         43.31387808	         16.15766759	         86.51662706	         86.51662706	          0.05000004	          0.05000004	          0.05000004	          0.09355614	          0.05000022	          0.05000017	          0.05000014	          0.05000002	          0.05000001	          0.11537814	          0.21205742	          0.18805563	          0.22538364	          0.05000029	          0.05000012	          0.05000002	          0.23844721	          0.24923469	          0.08187048	          0.05000006	          0.05000002	          0.05000001	          0.10435076	          0.10994887	          0.15653862	          0.17154585	          0.05000028	          0.05011014	          0.05000037	          0.05000039	          0.05000019	          0.05000001	          0.05000003	          0.05000000	          0.05000003	          0.05000021	          0.05000015	          0.29203232	          0.10349085	          0.06072562	          0.45961724	          0.38642300	          0.55969794	          0.09844884	          0.05195102	          0.05000003	          0.25964920	          0.20755454	          0.21178689	          0.48824603	          0.48400401	          0.45376480	          0.06291112	          0.05024224	          0.05000037	          0.11974280	          0.05000260	          0.05000004	          0.05000007	          0.05000045	          0.05000077	          0.05002698	          0.25206828	          0.05000026	          0.05000026	          0.10232232	          0.06073693	          0.05000019	          0.05000007	          0.05000007	          0.05000012	          0.05000076	          0.25333813	          0.05000009	          0.07018034	          0.07295681	          0.05958425	          0.36102300	          0.33554902	          0.26359924	          0.38894529	          0.05000051	          0.05000793	          0.05383129	          0.15208413	          0.25171184	          0.05000023	          0.37558805	          0.41675053	          0.05701548	          0.05000001	          0.05000002	
          1.39348841	         -2.88899073	         -0.92518023	          3.37862282	          1.85844602	          0.93151239	          0.00368792	         22.79755904	         -0.41057093	          0.97462893	          0.84970350	          6.04696890	          6.57910939	        -49.84162429	         -9.34871031	          8.23125832	          7.35251584	          3.54917101	         -1.07224414	         -4.08622967	          3.87288980	         17.27403562	         -3.35116012	         -3.99701974	          1.87143851	         -0.89749322	         -0.08368466	        -13.45021362	         16.51981893	         -2.17688410	        -13.44970710	         11.53493341	         42.48819432	         16.59030626	         86.51662706	         86.51662706	          0.05000004	          0.05000005	          0.05000005	          0.07937554	          0.05000022	          0.05000017	          0.05000009	          0.05000002	          0.05000001	          0.09788989	          0.21763689	          0.19723888	          0.22993761	          0.05000033	          0.05000013	          0.05000002	          0.22781653	          0.23609290	          0.06946112	          0.05000006	          0.05000002	          0.05000002	          0.11128202	          0.11715389	          0.17727411	          0.17179172	          0.05000028	          0.05000035	          0.05000037	          0.05000038	          0.05000013	          0.05000001	          0.05000004	          0.05000000	          0.05000004	          0.05000026	          0.05000019	          0.29222413	          0.12836861	          0.05152154	          0.43052158	          0.39206023	          0.51708553	          0.09627398	          0.05413120	          0.05000003	          0.24939514	          0.20093998	          0.20439190	          0.47007728	          0.46683297	          0.43578222	          0.06433448	          0.05055352	          0.05000035	          0.17180742	          0.05000731	          0.05000005	          0.05000008	          0.05000045	          0.05000080	          0.05000022	          0.27771391	          0.05000027	          0.05000029	          0.09331503	          0.05154185	          0.05000029	          0.05000009	          0.05000009	          0.05000013	          0.05000080	          0.24639305	          0.05000009	          0.05954290	          0.06189852	          0.05055291	          0.38198191	          0.35853250	          0.26898530	          0.39848828	          0.05000038	          0.05000102	          0.05000004	          0.17104195	          0.25923429	          0.05000030	          0.37338297	          0.44391939	          0.05664987	          0.05000001	          0.05000002	
          1.40420755	         -2.88123454	         -0.78056639	          3.10641107	          1.87123850	          0.93123187	          0.00375816	         24.04620200	         -0.35332338	          0.64745743	         -0.47381917	          5.88750531	          6.94003936	        -48.68204951	         -8.51126205	          8.40312108	          7.39975006	          3.22644623	         -1.20064727	         -3.69761025	          3.85201234	         15.78123759	         -2.96425965	         -4.07846666	          1.78077223	         -0.76249607	         -0.05942808	        -13.45013899	         16.23186032	         -1.58927334	        -13.44986851	         11.70925442	         41.58076446	         17.05900306	         86.51662706	         86.51662706	          0.05000004	          0.05000005	          0.05000005	          0.06734436	          0.05000022	          0.05000018	          0.05000006	          0.05000001	          0.05000000	          0.08305239	          0.22922796	          0.20433564	          0.22176789	          0.05000033	          0.05000013	          0.05000003	          0.21869673	          0.22186832	          0.05893271	          0.05000006	          0.05000002	          0.05000002	          0.12090009	          0.12640731	          0.18857601	          0.16911823	          0.05000030	          0.05000022	          0.05000025	          0.05000025	          0.05000008	          0.05000001	          0.05000004	          0.05000000	          0.05000005	          0.05000030	          0.05000021	          0.29530380	          0.10891161	          0.06860015	          0.40790492	          0.40066788	          0.46564645	          0.09461853	          0.05693359	          0.05000003	          0.24742605	          0.19776471	          0.19727971	          0.47032015	          0.46068578	          0.42295511	          0.06537805	          0.05083553	          0.05000032	          0.22515741	          0.05006080	          0.05000005	          0.05000008	          0.05000045	          0.05000082	          0.05000030	          0.30259660	          0.05000029	          0.05000031	          0.08173503	          0.05000826	          0.05000030	          0.05000011	          0.05000011	          0.05000013	          0.05000077	          0.23830207	          0.05000008	          0.05051783	          0.05251641	          0.05000014	          0.40216250	          0.38103862	          0.27446472	          0.40824651	          0.05000030	          0.05000064	          0.05000005	          0.19235288	          0.26573392	          0.05000034	          0.37156641	          0.46832527	          0.05591207	          0.05000001	          0.05000002	
          1.41492669	         -2.87350651	         -0.64284461	          2.82062743	          1.88405068	          0.93076515	          0.00381965	         25.16936008	         -0.29545164	          0.32918937	         -1.75454337	          5.72891714	          7.28289260	        -47.26061251	         -7.75435430	          8.47296313	          7.45156873	          2.93698390	         -1.33905147	         -3.28786186	          3.82571523	         14.21440086	         -2.55045005	         -4.15583777	          1.69681874	         -0.62592251	         -0.03067488	        -13.44992708	         15.95329254	         -0.99373099	        -13.45008788	         11.93361513	         40.59774484	         17.56280624	         86.51662706	         86.51662706	          0.05000004	          0.05000005	          0.05000006	          0.05713681	          0.05000023	          0.05000019	          0.05000003	          0.05000001	          0.05000000	          0.07046386	          0.24451105	          0.21034854	          0.20325998	          0.05000033	          0.05000014	          0.05000003	          0.21049162	          0.20339212	          0.05000025	          0.05000007	          0.05000003	          0.05000002	          0.13318707	          0.13742213	          0.19156483	          0.17106913	          0.05000033	          0.05000014	          0.05000015	          0.05000014	          0.05000005	          0.05000002	          0.05000004	          0.05000001	          0.05000005	          0.05000032	          0.05000025	          0.29505200	          0.13154716	          0.05820247	          0.37744787	          0.41058919	          0.42276830	          0.09291236	          0.06003297	          0.05000003	          0.25072252	          0.19761845	          0.19066785	          0.48241287	          0.46288380	          0.41242707	          0.06640435	          0.05145599	          0.05000031	          0.27819042	          0.06897513	          0.05000005	          0.05000008	          0.05000043	          0.05000081	          0.05000029	          0.32669015	          0.05000029	          0.05000032	          0.06984303	          0.05000329	          0.05000031	          0.05000013	          0.05000013	          0.05000012	          0.05000075	          0.22625506	          0.05000008	          0.05000017	          0.05000016	          0.05000019	          0.42160290	          0.40321393	          0.28044723	          0.41843796	          0.05000026	          0.05000045	          0.05000007	          0.21159019	          0.27120875	          0.05000048	          0.36940447	          0.48750128	          0.05396115	          0.05000001	          0.05000002	
          1.42564584	         -2.86611643	         -0.51136043	          2.52278622	          1.89689297	          0.93011456	          0.00387288	         26.16730954	         -0.23582541	          0.02130450	         -2.99005705	          5.57112089	          7.60726215	        -45.59338085	         -7.08464592	          8.45536280	          7.51366046	          2.67726613	         -1.48281159	         -2.85977588	          3.79332318	         12.58371568	         -2.10649633	         -4.22883570	          1.61798596	         -0.48818867	         -0.00096608	        -13.44975811	         15.68024345	         -0.39462047	        -13.45014430	         12.20259795	         39.54947553	         18.10357348	         86.51662706	         86.51662706	          0.05000004	          0.05000006	          0.05000006	          0.05000019	          0.05000023	          0.05000020	          0.05000002	          0.05000001	          0.05000000	          0.05978342	          0.26151829	          0.21689680	          0.18908828	          0.05000033	          0.05000014	          0.05000003	          0.20230294	          0.19181956	          0.05000018	          0.05000007	          0.05000003	          0.05000002	          0.14732804	          0.14907754	          0.20366889	          0.16676001	          0.05000035	          0.05000011	          0.05000011	          0.05000010	          0.05000004	          0.05000002	          0.05000005	          0.05000001	          0.05000007	          0.05000046	          0.05000030	          0.29937011	          0.11160832	          0.07566415	          0.34980010	          0.42262609	          0.37450225	          0.09117489	          0.06292351	          0.05000003	          0.25756605	          0.19650149	          0.18129811	          0.49225477	          0.46437674	          0.40553265	          0.06812113	          0.05289591	          0.05000031	          0.32763809	          0.09026867	          0.05000006	          0.05000009	          0.05000043	          0.05000084	          0.05000029	          0.34965940	          0.05000032	          0.05000037	          0.05928549	          0.05000105	          0.05000031	          0.05000019	          0.05000019	          0.05000012	          0.05000068	          0.21502023	          0.05000007	          0.05000021	          0.05000020	          0.05000018	          0.44011270	          0.42483031	          0.28713196	          0.42945022	          0.05000023	          0.05000034	          0.05000009	          0.22696623	          0.27583798	          0.05000166	          0.36662399	          0.50749075	          0.05236356	          0.05000001	          0.05000002	
          1.43636498	         -2.85935978	         -0.38487101	          2.21419496	          1.90977709	          0.92928353	          0.00391764	         27.04430761	         -0.17243220	         -0.27515318	         -4.17943658	          5.41332748	          7.91280914	        -43.70489788	         -6.50637915	          8.36802952	          7.59109300	          2.44495098	         -1.62726637	         -2.41520572	          3.75610819	         10.90199754	         -1.63316356	         -4.29710034	          1.54210043	         -0.34966473	          0.02433620	        -13.44972651	         15.40488131	          0.20316232	        -13.45012641	         12.50994458	         38.45041990	         18.68421832	         86.51662706	         86.51662706	          0.05000005	          0.05000006	          0.05000007	          0.05000027	          0.05000024	          0.05000021	          0.05000001	          0.05000001	          0.05000000	          0.05072186	          0.28026646	          0.22183338	          0.16977080	          0.05000035	          0.05000015	          0.05000003	          0.19391883	          0.17715727	          0.05000018	          0.05000007	          0.05000003	          0.05000003	          0.16265799	          0.16068014	          0.21042630	          0.17167335	          0.05000039	          0.05000008	          0.05000008	          0.05000008	          0.05000003	          0.05000002	          0.05000005	          0.05000001	          0.05000008	          0.05000040	          0.05000035	          0.30106561	          0.13282768	          0.06464407	          0.31994755	          0.43696227	          0.33368129	          0.09026597	          0.06651965	          0.05000003	          0.26654251	          0.19762568	          0.17410578	          0.51075667	          0.47278756	          0.40057477	          0.06970411	          0.05432745	          0.05000030	          0.37125188	          0.12175232	          0.05000006	          0.05000008	          0.05000040	          0.05000080	          0.05000028	          0.37186804	          0.05000032	          0.05000037	          0.05040350	          0.05000100	          0.05000031	          0.05000015	          0.05000016	          0.05000011	          0.05000063	          0.19920414	          0.05000006	          0.05000020	          0.05000020	          0.05000018	          0.45774079	          0.44574261	          0.29473800	          0.44121466	          0.05000019	          0.05000027	          0.05000013	          0.23872072	          0.27993124	          0.07159529	          0.36282071	          0.53033111	          0.05006987	          0.05000001	          0.05000002	
          1.44708412	         -2.85347994	         -0.26198292	          1.89606839	          1.92271685	          0.92827748	          0.00395426	         27.80817445	         -0.10317298	         -0.55839106	         -5.32248410	          5.25446152	          8.19910467	        -41.62692678	         -6.02248211	          8.23009176	          7.68722849	          2.23573833	         -1.76810246	         -1.95830465	          3.71506684	          9.18303481	         -1.13164688	         -4.36007940	          1.46659851	         -0.21071232	          0.03774930	        -13.44997798	         15.11431768	          0.79459879	        -13.45002030	         12.84945282	         37.31980396	         19.30706107	         86.51662706	         86.51662706	          0.05000005	          0.05000006	          0.05000007	          0.05000024	          0.05000023	          0.05000021	          0.05000001	          0.05000001	          0.05000000	          0.05000004	          0.28663439	          0.22636378	          0.16465515	          0.05000038	          0.05000016	          0.05000004	          0.18616661	          0.16529369	          0.05000017	          0.05000008	          0.05000004	          0.05000003	          0.17877974	          0.17203190	          0.22883747	          0.17012821	          0.05000041	          0.05000008	          0.05000007	          0.05000006	          0.05000002	          0.05000002	          0.05000006	          0.05000002	          0.05000010	          0.05000057	          0.05000041	          0.30564401	          0.11269503	          0.08076043	          0.29547313	          0.45269919	          0.28978957	          0.08928500	          0.07207004	          0.05000005	          0.27501220	          0.19793409	          0.16652988	          0.52337614	          0.47854032	          0.39495542	          0.07199949	          0.05776455	          0.05000026	          0.40697338	          0.14957504	          0.05000006	          0.05000009	          0.05000038	          0.05000079	          0.05000025	          0.39312446	          0.05000035	          0.05000046	          0.05005059	          0.05000092	          0.05000032	          0.05013541	          0.05283126	          0.05000012	          0.05000068	          0.18144711	          0.05000005	          0.05000017	          0.05000016	          0.05000016	          0.47439025	          0.46632505	          0.30342594	          0.45367472	          0.05000017	          0.05000024	          0.05000024	          0.24644052	          0.28368463	          0.10918996	          0.35753734	          0.55153305	          0.05000006	          0.05000001	          0.05000002	
          1.45780326	         -2.84865912	         -0.14085011	          1.56985791	          1.93572965	          0.92710496	          0.00398119	         28.46959280	         -0.02491926	         -0.82765154	         -6.41942465	          5.09283457	          8.46500634	        -39.39826713	         -5.63503956	          8.05944716	          7.80264429	          2.04734848	         -1.90202649	         -1.49239213	          3.66927989	          7.44237231	         -0.59899163	         -4.41668802	          1.38858629	         -0.07129329	          0.03017642	        -13.45019501	         14.79065323	          1.37396871	        -13.44992235	         13.21474394	         36.18053312	         19.97341555	         86.51662706	         86.51662706	          0.05000005	          0.05000007	          0.05000008	          0.05000026	          0.05000024	          0.05000022	          0.05000001	          0.05000002	          0.05000001	          0.05000006	          0.27041540	          0.22941441	          0.16205982	          0.05000042	          0.05000018	          0.05000004	          0.17431554	          0.15010585	          0.05000018	          0.05000009	          0.05000004	          0.05000004	          0.19126626	          0.17992187	          0.24332805	          0.16647274	          0.05000043	          0.05000006	          0.05000006	          0.05000005	          0.05000002	          0.05000002	          0.05000006	          0.05000001	          0.05000012	          0.05000048	          0.05000045	          0.30976965	          0.12296005	          0.07432058	          0.26809478	          0.47088013	          0.25135873	          0.08896501	          0.07802046	          0.05000011	          0.28595188	          0.20310038	          0.16419018	          0.53367229	          0.48371474	          0.39006806	          0.07928226	          0.06371432	          0.05000041	          0.43006557	          0.14508688	          0.05000006	          0.05000009	          0.05000036	          0.05000079	          0.05000028	          0.41178851	          0.05000034	          0.05000048	          0.05003673	          0.05000095	          0.05000035	          0.05000397	          0.07404094	          0.05000011	          0.05000063	          0.15789288	          0.05000004	          0.05000017	          0.05000016	          0.05000016	          0.49011084	          0.48602348	          0.31340330	          0.46635911	          0.05000015	          0.05000022	          0.05000033	          0.25533627	          0.28779296	          0.14278519	          0.34979023	          0.56481968	          0.05000003	          0.05000001	          0.05000002	
          1.46852240	         -2.84504524	         -0.02002786	          1.23696514	          1.94883590	          0.92578063	          0.00399669	         29.03834033	          0.06550754	         -1.08112500	         -7.46926614	          4.92697266	          8.70895644	        -37.05606520	         -5.34784967	          7.86999316	          7.93512643	          1.87542733	         -2.02467032	         -1.02177286	          3.61558003	          5.69659506	         -0.02782650	         -4.46549428	          1.30560745	          0.06893543	         -0.00850327	        -13.44989260	         14.41317803	          1.93507510	        -13.44992994	         13.59931924	         35.05777581	         20.68385180	         86.51662706	         86.51662706	          0.05000005	          0.05000007	          0.05000009	          0.05000024	          0.05000023	          0.05000022	          0.05000001	          0.05000002	          0.05000001	          0.05000005	          0.26096059	          0.23117836	          0.16950547	          0.05000062	          0.05000021	          0.05000005	          0.16145633	          0.14076908	          0.05000019	          0.05000009	          0.05000005	          0.05000004	          0.20009193	          0.18459149	          0.25925140	          0.15555963	          0.05000040	          0.05000005	          0.05000005	          0.05000005	          0.05000002	          0.05000003	          0.05000007	          0.05000002	          0.05000013	          0.05000062	          0.05000053	          0.31432284	          0.11423023	          0.08217247	          0.24501965	          0.48955150	          0.21584468	          0.08758172	          0.08449150	          0.05361584	          0.29638005	          0.20734531	          0.16001249	          0.54189091	          0.48588672	          0.38609713	          0.08329288	          0.06687638	          0.05000051	          0.43950175	          0.14676011	          0.05000006	          0.05000009	          0.05000035	          0.05000079	          0.05000030	          0.42966053	          0.05000035	          0.05000052	          0.05000637	          0.05000085	          0.05000037	          0.05043024	          0.10450795	          0.05000010	          0.05000058	          0.13403289	          0.05000004	          0.05000016	          0.05000016	          0.05000015	          0.50461056	          0.50504132	          0.32452551	          0.47963675	          0.05000014	          0.05000023	          0.05000020	          0.26104027	          0.29136242	          0.15679040	          0.34003373	          0.56917770	          0.05000002	          0.05000002	          0.05000002	
          1.47924154	         -2.84282727	          0.10195415	          0.89900810	          1.96205574	          0.92432572	          0.00399942	         29.52300530	          0.17113735	         -1.31767775	         -8.46979458	          4.75500287	          8.93056546	        -34.63432696	         -5.16606564	          7.67388954	          8.08048931	          1.71793327	         -2.12949514	         -0.55174929	          3.55043282	          3.96724007	          0.58941381	         -4.50551859	          1.21503677	          0.20993017	         -0.08794678	        -13.44990043	         13.96560719	          2.47122091	        -13.44998668	         13.99526277	         33.97743365	         21.44023934	         86.51662706	         86.51662706	          0.05000005	          0.05000008	          0.05000009	          0.05000025	          0.05000024	          0.05000023	          0.05000001	          0.05000002	          0.05000001	          0.05000006	          0.22174194	          0.23058154	          0.17520777	          0.05000072	          0.05000023	          0.05000006	          0.14728140	          0.13430772	          0.05000021	          0.05000010	          0.05000005	          0.05000005	          0.20473228	          0.18536710	          0.26770507	          0.15514617	          0.05000047	          0.05000004	          0.05000005	          0.05000004	          0.05000001	          0.05000003	          0.05000007	          0.05000002	          0.05000014	          0.05000065	          0.05000057	          0.31919159	          0.11574463	          0.08168301	          0.22313858	          0.50936658	          0.18505854	          0.08568861	          0.09056460	          0.06196918	          0.30697034	          0.21222275	          0.15590827	          0.54590398	          0.48778071	          0.37769193	          0.08268137	          0.06691298	          0.05000047	          0.43344161	          0.15090478	          0.05000006	          0.05000008	          0.05000032	          0.05000076	          0.05000030	          0.44825445	          0.05000033	          0.05000048	          0.05001837	          0.05000105	          0.05000042	          0.06057930	          0.14350773	          0.05000011	          0.05000062	          0.11371972	          0.05000004	          0.05000017	          0.05000016	          0.05000016	          0.51788732	          0.52401416	          0.33687932	          0.49274028	          0.05000013	          0.05000793	          0.05001664	          0.26639786	          0.29505721	          0.15792377	          0.32442261	          0.55748415	          0.05000002	          0.05000002	          0.05000002	
          1.48996069	         -2.84224962	          0.22596832	          0.55764848	          1.97540888	          0.92276837	          0.00398993	         29.92869155	          0.29417689	         -1.53592969	         -9.41724653	          4.57567975	          9.13019218	        -32.15897339	         -5.09647499	          7.48105121	          8.22968420	          1.57152106	         -2.20855072	         -0.08815827	          3.47275463	          2.27769289	          1.25596691	         -4.53629094	          1.11459162	          0.35121781	         -0.21631185	        -13.45348827	         13.44422316	          2.97512790	        -13.44987087	         14.39367534	         32.96426852	         22.24633508	         86.51662706	         86.51662706	          0.05000005	          0.05000008	          0.05000009	          0.05000024	          0.05000023	          0.05000022	          0.05000001	          0.05000002	          0.05000001	          0.05000006	          0.18813189	          0.23229008	          0.19212607	          0.05000132	          0.05000029	          0.05000007	          0.12832256	          0.13146036	          0.05000023	          0.05000010	          0.05000005	          0.05000006	          0.20268513	          0.18097948	          0.27883897	          0.13423116	          0.05000041	          0.05000004	          0.05000005	          0.05000004	          0.05000001	          0.05000004	          0.05000010	          0.05000003	          0.05000016	          0.05000094	          0.05000077	          0.32368075	          0.11412533	          0.08400594	          0.20325045	          0.52903589	          0.16189063	          0.08393823	          0.09798923	          0.07299800	          0.31632225	          0.21418112	          0.14218914	          0.54563752	          0.48386630	          0.36948042	          0.07960198	          0.06529795	          0.05000051	          0.41207726	          0.14820023	          0.05000007	          0.05000009	          0.05000032	          0.05000078	          0.05000032	          0.46518841	          0.05000038	          0.05000051	          0.05000175	          0.05000079	          0.05000042	          0.07249706	          0.19444635	          0.05000010	          0.05000054	          0.09648606	          0.05000004	          0.05000017	          0.05000017	          0.05000016	          0.52887488	          0.54041797	          0.34957829	          0.50545238	          0.05000011	          0.11517767	          0.05000009	          0.27245094	          0.29924002	          0.13404870	          0.27524881	          0.54252578	          0.05000002	          0.05000002	          0.05000002	
          1.50067983	         -2.84356887	          0.35215959	          0.21489615	          1.98891663	          0.92114402	          0.00396941	         30.25725048	          0.43639663	         -1.73491785	        -10.30898265	          4.38767231	          9.30921498	        -29.65028908	         -5.14262438	          7.30179413	          8.37085523	          1.43479682	         -2.25086948	          0.36326070	          3.37843281	          0.65543910	          1.97277883	         -4.55750761	          1.00250460	          0.49210070	         -0.39973642	        -13.46579776	         12.86042702	          3.43870107	        -13.44972481	         14.78803904	         32.03956801	         23.10693872	         86.51662706	         86.51662706	          0.05000005	          0.05000009	          0.05000011	          0.05000024	          0.05000024	          0.05000023	          0.05000001	          0.05000003	          0.05000001	          0.05000006	          0.15961615	          0.22567610	          0.20713246	          0.07947952	          0.05000034	          0.05000008	          0.10887361	          0.11162247	          0.05000028	          0.05000012	          0.05000007	          0.05000008	          0.19274993	          0.17221004	          0.28091624	          0.11391373	          0.05000040	          0.05000004	          0.05000005	          0.05000004	          0.05000002	          0.05000004	          0.05000010	          0.05000003	          0.05000020	          0.05000054	          0.05000059	          0.32842761	          0.11096575	          0.08589603	          0.19336797	          0.54944228	          0.14846084	          0.08026472	          0.10537639	          0.08604178	          0.32261183	          0.22028344	          0.12813957	          0.54583674	          0.48568964	          0.35605918	          0.07733403	          0.06371806	          0.05000035	          0.34961760	          0.13995459	          0.05000006	          0.05000008	          0.05000029	          0.05000075	          0.05000035	          0.48595370	          0.05000032	          0.05000045	          0.05002022	          0.05000138	          0.05000054	          0.10541479	          0.25179142	          0.05000010	          0.05000062	          0.08186234	          0.05000005	          0.05000018	          0.05000017	          0.05000017	          0.53763040	          0.55655285	          0.36264906	          0.51789944	          0.05000014	          0.17600882	          0.05000008	          0.27103730	          0.30101327	          0.11373087	          0.23352842	          0.49813220	          0.05000001	          0.05000001	          0.05000002	
          1.51139897	         -2.84706346	          0.47980863	         -0.12723877	          2.00260258	          0.91949332	          0.00393834	         30.50721382	          0.59907667	         -1.91397321	        -11.14555348	          4.18986662	          9.46803622	        -27.12679901	         -5.30172437	          7.14783204	          8.49247699	          1.30632231	         -2.24761078	          0.79716347	          3.25628541	         -0.87234644	          2.75397715	         -4.56902321	          0.87814547	          0.63218129	         -0.64270177	        -13.49156760	         12.23404660	          3.85344462	        -13.45122892	         15.17951338	         31.21969385	         24.02721014	         86.51662706	         86.51662706	          0.05000007	          0.05000011	          0.05000014	          0.05000028	          0.05000027	          0.05000027	          0.05000001	          0.05000004	          0.05000001	          0.05000005	          0.13542262	          0.20876238	          0.21774157	          0.13920095	          0.05030898	          0.05000025	          0.09237146	          0.09475527	          0.05000031	          0.05000017	          0.05000010	          0.05000012	          0.17482149	          0.15943802	          0.27207046	          0.09665167	          0.05000040	          0.05000004	          0.05000006	          0.05000005	          0.05000002	          0.05000004	          0.05000009	          0.05000002	          0.05000017	          0.05000063	          0.05000059	          0.33416105	          0.10725070	          0.08660295	          0.20158329	          0.56807882	          0.14912401	          0.07525556	          0.11283800	          0.09967785	          0.32886213	          0.22219042	          0.10871720	          0.54248938	          0.48102462	          0.33371834	          0.08370015	          0.06535912	          0.05000057	          0.29662495	          0.14952204	          0.05000005	          0.05000008	          0.05000026	          0.05000070	          0.05000034	          0.50276358	          0.05000031	          0.05000048	          0.05002303	          0.05000131	          0.05000053	          0.13497804	          0.30868865	          0.05000010	          0.05000066	          0.06945452	          0.07403965	          0.05000015	          0.05000014	          0.05000014	          0.54350413	          0.57108406	          0.37536978	          0.52860247	          0.05000024	          0.23309479	          0.05000009	          0.25333403	          0.30276613	          0.09649251	          0.19813173	          0.42262868	          0.05000001	          0.05000001	          0.05000002	
          1.52211811	         -2.85293616	          0.60739031	         -0.46668918	          2.01649310	          0.91785822	          0.00389694	         30.67510316	          0.78263806	         -2.07303686	        -11.93143497	          3.98160767	          9.60563665	        -24.61312358	         -5.56318371	          7.03515095	          8.57817359	          1.18519591	         -2.19185437	          1.20533084	          3.09265180	         -2.27889045	          3.62136859	         -4.57062452	          0.74191553	          0.77120179	         -0.94818604	        -13.53322944	         11.58449627	          4.21085845	        -13.45774592	         15.57816042	         30.51401341	         25.01192220	         86.51662706	         86.51662706	          0.05000009	          0.05000015	          0.05000019	          0.05000034	          0.05000033	          0.05000032	          0.05000001	          0.05000005	          0.05000002	          0.05000005	          0.11489619	          0.19149225	          0.21275986	          0.18300921	          0.10435669	          0.06489463	          0.07837051	          0.08047567	          0.05000033	          0.05000026	          0.05000019	          0.05005295	          0.15542198	          0.14605775	          0.26450145	          0.08200586	          0.05000054	          0.05000004	          0.05000007	          0.05000006	          0.05000002	          0.05000003	          0.05000007	          0.05000002	          0.05000014	          0.05000060	          0.05000053	          0.33966951	          0.09961129	          0.08719461	          0.23432481	          0.58499265	          0.16665368	          0.07193278	          0.11970537	          0.11118880	          0.33735378	          0.20174251	          0.09223861	          0.53617196	          0.45426010	          0.28315337	          0.07134430	          0.06533487	          0.05000066	          0.25166452	          0.15365761	          0.05000006	          0.05000009	          0.05000026	          0.05000072	          0.05000037	          0.51950415	          0.05000035	          0.05000055	          0.05000303	          0.05000098	          0.05000052	          0.15995653	          0.36465930	          0.05000009	          0.05000049	          0.05892723	          0.10408077	          0.05000014	          0.05000013	          0.05000013	          0.54635856	          0.58359230	          0.38719789	          0.53624545	          0.05000263	          0.28189655	          0.05000011	          0.21493596	          0.30565444	          0.08186705	          0.16810023	          0.35856944	          0.05000001	          0.05000002	          0.05000002	
          1.53283725	         -2.86115091	          0.73194877	         -0.80129389	          2.03061856	          0.91627954	          0.00384596	         30.75350183	          0.98646364	         -2.21188399	        -12.67135690	          3.76339101	          9.72125407	        -22.13534566	         -5.91662756	          6.98487855	          8.61058421	          1.07111290	         -2.07549697	          1.57623977	          2.86948665	         -3.53830359	          4.61187910	         -4.56135613	          0.59576493	          0.90884397	         -1.31723676	        -13.58917122	         10.92313957	          4.50296962	        -13.47354187	         16.00022017	         29.92151741	         26.06312973	         86.51662706	         86.51662706	          0.05000009	          0.05000015	          0.05000018	          0.05000035	          0.05000033	          0.05000031	          0.05000002	          0.05000007	          0.05000002	          0.05000007	          0.09748102	          0.19017383	          0.20720200	          0.20177869	          0.14086669	          0.08634525	          0.06649175	          0.07474932	          0.05000052	          0.05000026	          0.05000020	          0.07269555	          0.13350378	          0.12392165	          0.24566834	          0.06958022	          0.05000042	          0.05000003	          0.05000006	          0.05000006	          0.05000003	          0.05000002	          0.05000005	          0.05000001	          0.05000009	          0.05000053	          0.05000039	          0.34441220	          0.09096794	          0.08778059	          0.28249077	          0.59794821	          0.19188589	          0.07093269	          0.12283293	          0.11813533	          0.34700345	          0.17244240	          0.07825773	          0.52520536	          0.42557844	          0.24023662	          0.06053072	          0.05893247	          0.05000044	          0.21351888	          0.13378784	          0.05000008	          0.05000011	          0.05000028	          0.05000077	          0.05000039	          0.53481896	          0.05000047	          0.05000065	          0.05000151	          0.05000073	          0.05000049	          0.18011144	          0.42261806	          0.05000008	          0.05000042	          0.05000019	          0.13769856	          0.05000011	          0.05000010	          0.05000011	          0.54560836	          0.59632431	          0.39695902	          0.54231346	          0.05893279	          0.32651957	          0.05010990	          0.18235746	          0.30780651	          0.06945830	          0.14262071	          0.30421987	          0.05000001	          0.05000002	          0.05000002	
          1.54355639	         -2.87134598	          0.84927878	         -1.12932223	          2.04501504	          0.91479414	          0.00378568	         30.72979048	          1.20898182	         -2.32942307	        -13.36839288	          3.53701529	          9.81374684	        -19.71090779	         -6.35529237	          7.01643164	          8.57380787	          0.96390381	         -1.89322026	          1.89505002	          2.56233757	         -4.62705413	          5.76938442	         -4.53876092	          0.44350044	          1.04471959	         -1.74912483	        -13.65193043	         10.24482999	          4.72300152	        -13.50336560	         16.46670584	         29.42868968	         27.17799281	         86.51662706	         86.51662706	          0.05000011	          0.05000015	          0.05000018	          0.05000035	          0.05000033	          0.05000033	          0.05000003	          0.05000008	          0.10721373	          0.05000007	          0.08270552	          0.18641237	          0.21159371	          0.19403489	          0.15131034	          0.10055902	          0.05641366	          0.06738391	          0.05000066	          0.05000027	          0.05000022	          0.08868687	          0.11326829	          0.10513855	          0.21284940	          0.05903750	          0.05000052	          0.05000004	          0.05000007	          0.05000006	          0.05000003	          0.05000001	          0.05000003	          0.05000001	          0.05000008	          0.05000056	          0.05000039	          0.34264553	          0.08235403	          0.09077372	          0.31140952	          0.60608556	          0.20929153	          0.07296051	          0.11988015	          0.11800906	          0.35099767	          0.15495163	          0.06639600	          0.52363868	          0.40916988	          0.20382351	          0.05135602	          0.05000021	          0.05000012	          0.18115510	          0.11351132	          0.05000007	          0.05000010	          0.05000026	          0.05000075	          0.05000047	          0.55257055	          0.05000040	          0.05000024	          0.05000138	          0.05000079	          0.05000054	          0.21523666	          0.48422050	          0.05000007	          0.05000041	          0.05000284	          0.17417144	          0.05000092	          0.05000101	          0.05000057	          0.53495580	          0.58265776	          0.39797697	          0.54429148	          0.05000022	          0.36963397	          0.05000001	          0.15471695	          0.31525705	          0.05893032	          0.12100320	          0.25810829	          0.05000001	          0.05000002	          0.05000001	
          1.55427554	         -2.88269687	          0.95636339	         -1.45017458	          2.05971741	          0.91342786	          0.00371486	         30.60209208	          1.44909327	         -2.42437751	        -14.01851700	          3.30441542	          9.88150937	        -17.38678572	         -6.88652045	          7.13597095	          8.45576394	          0.86478559	         -1.63851145	          2.15232167	          2.15690755	         -5.52270140	          7.12291636	         -4.49934770	          0.28847245	          1.17828284	         -2.24062253	        -13.70683067	          9.51714708	          4.86724943	        -13.55218622	         17.00447869	         29.00896693	         28.34787787	         86.51662706	         86.51662706	          0.05000014	          0.05000023	          0.05000030	          0.05000041	          0.05000039	          0.05000039	          0.11386142	          0.05000006	          0.16772982	          0.05000003	          0.07016960	          0.18279812	          0.21517168	          0.19091773	          0.15142086	          0.10403721	          0.05412218	          0.05722219	          0.05000032	          0.05000069	          0.05000137	          0.09279968	          0.09609989	          0.08920242	          0.18970885	          0.05009442	          0.05000045	          0.05000013	          0.05000048	          0.05000033	          0.05000011	          0.05000001	          0.05000003	          0.05000001	          0.05000009	          0.05000127	          0.05000043	          0.33642267	          0.08015868	          0.09235346	          0.30814832	          0.60671872	          0.21798459	          0.07835149	          0.11473468	          0.11565168	          0.35198206	          0.13405508	          0.05633236	          0.52429769	          0.39090041	          0.17292939	          0.05000039	          0.05000011	          0.05000007	          0.15369681	          0.11944356	          0.05000006	          0.05000008	          0.05000022	          0.05000066	          0.05000043	          0.56906336	          0.05000031	          0.05000022	          0.05000693	          0.05000127	          0.05000063	          0.29752979	          0.54961661	          0.05000008	          0.05000045	          0.05000034	          0.21314699	          0.06627237	          0.07004180	          0.05836695	          0.52313748	          0.57855700	          0.39754651	          0.53935049	          0.22036955	          0.41571186	          0.05000001	          0.13126599	          0.31791254	          0.05000008	          0.10266234	          0.21898596	          0.05000001	          0.05000001	          0.05000001	
          1.56499468	         -2.89412523	          1.05330256	         -1.76433605	          2.07474986	          0.91219585	          0.00363104	         30.38896413	          1.70782887	         -2.49712429	        -14.60779233	          3.06489156	          9.92426122	        -15.26396367	         -7.53430826	          7.32838388	          8.25008754	          0.77580109	         -1.30109609	          2.35006947	          1.63629636	         -6.21323977	          8.71379158	         -4.43992823	          0.13086617	          1.30846369	         -2.78487665	        -13.73002747	          8.66506120	          4.93720803	        -13.62472868	         17.64931148	         28.62281572	         29.55731587	         86.51662706	         86.51662706	          0.05000014	          0.05000024	          0.05000025	          0.05000059	          0.05000047	          0.05000039	          0.17096276	          0.05000005	          0.22404289	          0.05000003	          0.05953380	          0.17942723	          0.19935413	          0.17615250	          0.14353646	          0.10750012	          0.05013874	          0.05164019	          0.05000030	          0.05000051	          0.05000047	          0.08946417	          0.08153375	          0.07568177	          0.16141222	          0.05005498	          0.05000068	          0.05392952	          0.06016039	          0.05803097	          0.05000119	          0.05000003	          0.05000007	          0.05000027	          0.05000012	          0.05000024	          0.05000024	          0.32538363	          0.06800888	          0.09969405	          0.31847497	          0.60631474	          0.23732324	          0.08060914	          0.11242507	          0.11607420	          0.36429447	          0.11373608	          0.05826033	          0.53938424	          0.34434914	          0.14671796	          0.05000041	          0.05000008	          0.05000005	          0.13040047	          0.13844762	          0.05000007	          0.05000009	          0.05000021	          0.05000064	          0.05000034	          0.58125446	          0.05000038	          0.05000022	          0.05000230	          0.05000100	          0.05000057	          0.37572121	          0.61092204	          0.05000009	          0.05000050	          0.05000041	          0.25553957	          0.10358632	          0.11055450	          0.08639628	          0.50798601	          0.57539453	          0.39457043	          0.53188797	          0.23025677	          0.45400354	          0.05000001	          0.11136957	          0.30361202	          0.05000008	          0.08710146	          0.18579353	          0.05000001	          0.05000001	          0.05000001	
          1.57571382	         -2.90474716	          1.13998343	         -2.07315886	          2.09013293	          0.91110882	          0.00353293	         30.10934258	          1.98407634	         -2.54584737	        -15.12965271	          2.81701663	          9.93888851	        -13.43739328	         -8.30538628	          7.55060116	          7.94441319	          0.70070387	         -0.87580838	          2.48569617	          0.98202214	         -6.68504789	         10.58059895	         -4.35788124	         -0.02897297	          1.43419981	         -3.37268006	        -13.68414341	          7.54737132	          4.93889361	        -13.72629338	         18.45087015	         28.21896716	         30.78363064	         86.51662706	         86.51662706	          0.05000027	          0.05000036	          0.05000040	          0.05000059	          0.05000060	          0.05000058	          0.22044504	          0.05000011	          0.27042848	          0.05000006	          0.05051017	          0.17347762	          0.17642030	          0.16901835	          0.14075495	          0.11357567	          0.05000883	          0.05022517	          0.05000048	          0.05000091	          0.05000097	          0.08712483	          0.06917546	          0.06421048	          0.14096919	          0.05000234	          0.05000041	          0.05299831	          0.06420533	          0.06247691	          0.05375985	          0.05000002	          0.05000006	          0.05000002	          0.05000012	          0.06312075	          0.05000051	          0.31797821	          0.05770067	          0.10626041	          0.32956589	          0.60163314	          0.23097508	          0.07855587	          0.10564116	          0.12226467	          0.36797039	          0.09649677	          0.05723194	          0.55220241	          0.29215517	          0.12447947	          0.05000056	          0.05000010	          0.05000008	          0.11063523	          0.14815379	          0.05000009	          0.05000011	          0.05000025	          0.05000075	          0.05000043	          0.59178352	          0.05000053	          0.05000028	          0.05000318	          0.05000105	          0.05000062	          0.44262323	          0.66529704	          0.05000011	          0.05000065	          0.05000100	          0.30213773	          0.13318759	          0.14345115	          0.10909045	          0.48396163	          0.55448130	          0.38320794	          0.51586020	          0.27431599	          0.47784536	          0.05000001	          0.09448891	          0.28730666	          0.05000007	          0.07389920	          0.15763218	          0.05000002	          0.05000002	          0.05000001	
          1.58643296	         -2.91398136	          1.21745083	         -2.37509393	          2.10588155	          0.91016801	          0.00341741	         29.77758612	          2.27805165	         -2.57057330	        -15.58300108	          2.55896928	          9.92419003	        -11.98279047	         -9.19467616	          7.74798148	          7.51404659	          0.64018415	         -0.35739750	          2.56409258	          0.20564814	         -6.97554658	         12.71049565	         -4.25209744	         -0.18961100	          1.55518475	         -3.99163683	        -13.59481722	          6.36809357	          4.86050610	        -13.79223129	         19.08457329	         27.76418785	         31.98627500	         86.51662706	         86.51662706	          0.05000033	          0.05000028	          0.05000034	          0.05000039	          0.05000038	          0.05000047	          0.25621522	          0.05000034	          0.30132557	          0.05000008	          0.05000033	          0.14748301	          0.16722325	          0.15309844	          0.13662663	          0.12351775	          0.05000048	          0.05021268	          0.05000350	          0.05000084	          0.05000091	          0.09070832	          0.05869037	          0.05447795	          0.12366867	          0.05000082	          0.05000026	          0.05000026	          0.05747246	          0.05633897	          0.05001211	          0.05000001	          0.05000002	          0.05000000	          0.05000008	          0.09160750	          0.05084766	          0.31190360	          0.05503149	          0.11225378	          0.33339657	          0.59840737	          0.23528915	          0.07292444	          0.10187517	          0.12712481	          0.37764927	          0.08187045	          0.05761828	          0.54911570	          0.24787229	          0.10561172	          0.05000045	          0.05000007	          0.05000006	          0.09386588	          0.13404992	          0.05000007	          0.05000009	          0.05000018	          0.05000055	          0.05000031	          0.59694369	          0.05000041	          0.05000021	          0.05000140	          0.05000076	          0.05000047	          0.48325982	          0.71294867	          0.05000008	          0.05000048	          0.05000096	          0.35382519	          0.14728057	          0.15909855	          0.12488963	          0.45529002	          0.53052130	          0.36668945	          0.49349352	          0.29067157	          0.49129445	          0.05000000	          0.08016691	          0.27634618	          0.05000003	          0.06269805	          0.13373935	          0.05000001	          0.05000001	          0.05000001	
          1.59715210	         -2.92150238	          1.28849540	         -2.66824000	          2.12199689	          0.90935769	          0.00328113	         29.41084253	          2.59032630	         -2.57035768	        -15.96715696	          2.28753390	          9.87715105	        -10.97847762	        -10.19419488	          7.85964385	          6.93972772	          0.59446563	          0.25361047	          2.61612738	         -0.69002933	         -7.14202585	         15.10254604	         -4.12397259	         -0.35135670	          1.67181982	         -4.64218494	        -13.52667503	          5.46044635	          4.68612360	        -13.78571046	         19.33873633	         27.28914562	         33.16533088	         86.51662706	         86.51662706	          0.05000009	          0.05000087	          0.05000025	          0.05337312	          0.05000344	          0.05000077	          0.27304128	          0.07374234	          0.31214667	          0.05000018	          0.05000035	          0.12512975	          0.14853416	          0.12996373	          0.12399663	          0.13296178	          0.05000016	          0.05006552	          0.09340835	          0.05000099	          0.05252732	          0.10271888	          0.05000022	          0.05000019	          0.11420978	          0.05890228	          0.05607913	          0.05000010	          0.05000078	          0.05000072	          0.05000042	          0.05000025	          0.05000020	          0.05143730	          0.05000024	          0.08905092	          0.05207353	          0.30965897	          0.05331516	          0.11749349	          0.33229456	          0.59984475	          0.25732864	          0.06539708	          0.09038002	          0.12771142	          0.38726800	          0.06946108	          0.05362199	          0.55614321	          0.21030148	          0.08960381	          0.05000053	          0.05000008	          0.05000006	          0.07963832	          0.11373239	          0.05000006	          0.05000008	          0.05000016	          0.05000052	          0.05000030	          0.56299277	          0.05000035	          0.05000022	          0.05000471	          0.05000114	          0.05000056	          0.45443563	          0.75454091	          0.05000010	          0.05000054	          0.05000009	          0.40786173	          0.12496091	          0.13498615	          0.10596493	          0.42213854	          0.50324037	          0.34370293	          0.45913841	          0.28685146	          0.47844780	          0.05000000	          0.06801576	          0.26278222	          0.05000002	          0.05319469	          0.11346803	          0.05000000	          0.05000001	          0.05000001	
          1.60787124	         -2.92689780	          1.35636364	         -2.95405629	          2.13846875	          0.90865178	          0.00311798	         29.02522593	          2.91682896	         -2.54496381	        -16.27593313	          1.99889481	          9.79944227	        -10.50431663	        -11.30573238	          7.80113857	          6.20789160	          0.56873408	          0.95548943	          2.66972526	         -1.70043435	         -7.21054367	         17.74608067	         -3.97535679	         -0.51522514	          1.78273458	         -5.32912914	        -13.48157338	          4.79765493	          4.42255206	        -13.74513912	         19.38771566	         26.81748224	         34.34613836	         86.51662706	         86.51662706	          0.06946087	          0.05000009	          0.05893261	          0.05000004	          0.05000006	          0.05000023	          0.27150942	          0.06946108	          0.30261459	          0.05727923	          0.05000041	          0.10616464	          0.15788514	          0.11101816	          0.15650673	          0.16007304	          0.05000296	          0.05000345	          0.10056060	          0.05893285	          0.07990186	          0.11888655	          0.05000004	          0.05000009	          0.16020436	          0.05000024	          0.05000011	          0.05000004	          0.05000071	          0.05000064	          0.05000049	          0.05860807	          0.05000005	          0.05000001	          0.05000006	          0.08428741	          0.05000041	          0.32127649	          0.05000025	          0.12306497	          0.37692827	          0.61704236	          0.34516373	          0.06009819	          0.07668082	          0.10835378	          0.38232635	          0.05893264	          0.05000001	          0.55191487	          0.17842539	          0.07602227	          0.05000059	          0.05000007	          0.05000005	          0.06756728	          0.09649378	          0.05000014	          0.05000007	          0.05000014	          0.05000044	          0.05000031	          0.48989127	          0.05000053	          0.05000013	          0.05000043	          0.05000026	          0.05000023	          0.38555533	          0.78897428	          0.05000002	          0.05000010	          0.05000002	          0.37445168	          0.11534463	          0.12495405	          0.10092452	          0.37906263	          0.44993506	          0.31205058	          0.42463671	          0.27159794	          0.46415341	          0.05000000	          0.06946105	          0.22295144	          0.05000003	          0.05000000	          0.09626931	          0.05000000	          0.05000000	          0.05000000	
          1.61859038	         -2.92962348	          1.42440097	         -3.23201435	          2.15527776	          0.90802113	          0.00291912	         28.63421970	          3.24390501	         -2.49038939	        -16.50431488	          1.69025693	          9.68672348	        -10.65041069	        -12.52804262	          7.46877690	          5.30619229	          0.56073523	          1.74728864	          2.72960838	         -2.81623708	         -7.19646868	         20.60516374	         -3.80761340	         -0.68048304	          1.88812696	         -6.04809301	        -13.45591426	          4.34877498	          4.07420504	        -13.69844604	         19.33789222	         26.35303966	         35.54955574	         86.51662706	         86.51662706	          0.05893261	          0.05893262	          0.05000006	          0.05893263	          0.05893262	          0.05893254	          0.24080230	          0.05893266	          0.26668276	          0.05893261	          0.05000011	          0.12620579	          0.19926063	          0.09419084	          0.13278489	          0.17403905	          0.05000003	          0.06436632	          0.08531846	          0.05000029	          0.06779094	          0.18778204	          0.05004194	          0.05000011	          0.33422300	          0.20117001	          0.11078298	          0.05000001	          0.05000003	          0.05000002	          0.05000002	          0.06029633	          0.05000711	          0.05000003	          0.05000042	          0.08187042	          0.08187038	          0.33102975	          0.05172926	          0.15601528	          0.38802845	          0.63592457	          0.37647717	          0.05098891	          0.06505805	          0.09193023	          0.32437593	          0.05000003	          0.05000000	          0.46825931	          0.15138086	          0.06449934	          0.05000056	          0.05000006	          0.05000003	          0.05732590	          0.08186798	          0.10288798	          0.05112328	          0.05000020	          0.05000051	          0.05000034	          0.49207841	          0.05897045	          0.05000007	          0.05000018	          0.05000011	          0.05000012	          0.32711541	          0.73272721	          0.05000000	          0.05000004	          0.05000002	          0.35684292	          0.14178947	          0.14541606	          0.12357054	          0.32160682	          0.38173689	          0.26475201	          0.37318480	          0.23043110	          0.39380058	          0.05000000	          0.05893261	          0.18915793	          0.05000001	          0.05000000	          0.08167745	          0.05000000	          0.05000005	          0.07113366	
          1.62930953	         -2.93017650	          1.50475105	         -3.49632071	          2.17236757	          0.90744682	          0.00269429	         28.24693687	          3.52882455	         -2.41815649	        -16.65300127	          1.35572215	          9.52480142	        -11.45970730	        -13.83818300	          6.70547692	          4.19965649	          0.57008301	          2.59298086	          2.73667602	         -4.02364597	         -7.14605228	         23.66630797	         -3.62569248	         -0.85761176	          1.98636515	         -6.78137057	        -13.45113507	          4.09490954	          3.64470240	        -13.65773783	         19.23733137	         25.88412237	         36.79456282	         86.51662706	         86.51662706	          0.05000000	          0.05000002	          0.14482926	          0.05000002	          0.05000002	          0.05000003	          0.20430309	          0.05000004	          0.22626075	          0.05000001	          0.06946104	          0.10707647	          0.31980037	          0.33473985	          0.23197784	          0.20674362	          0.05000107	          0.06946153	          0.07238650	          0.10182243	          0.12866920	          0.19465926	          0.06946088	          0.06946105	          0.54645504	          0.17067801	          0.09399125	          0.06944308	          0.09260964	          0.09340947	          0.07001041	          0.06838239	          0.06946104	          0.06812061	          0.05000000	          0.06946106	          0.06946104	          0.40668561	          0.11207324	          0.13732753	          0.56938850	          0.68245833	          0.34159662	          0.05000000	          0.05519698	          0.07799606	          0.27520918	          0.05893253	          0.05893260	          0.39728368	          0.12843556	          0.05653748	          0.05000131	          0.05000023	          0.05000078	          0.05000002	          0.06945907	          0.19698916	          0.13025809	          0.05893267	          0.05893215	          0.05893317	          0.41749261	          0.05003228	          0.05001112	          0.05892251	          0.05893219	          0.05893246	          0.27753342	          0.67189030	          0.05893260	          0.05893259	          0.05000030	          0.30500709	          0.15857320	          0.16881793	          0.14458026	          0.27285978	          0.32387573	          0.22462265	          0.31661992	          0.19550389	          0.33411092	          0.05000000	          0.05000000	          0.16048663	          0.05000000	          0.05000000	          0.06929732	          0.06161126	          0.06926371	          0.06946105	
          1.64002867	         -2.92917547	          1.62203007	         -3.74620963	          2.18966248	          0.90695271	          0.00247672	         27.80032147	          3.74020208	         -2.27386267	        -16.70341266	          0.98418722	          9.32302090	        -12.50818285	        -15.25103112	          5.79396704	          2.84417768	          0.60588978	          3.43555428	          2.83602566	         -5.26790753	         -7.05376604	         26.85065729	         -3.43228196	         -1.07367418	          2.07498667	         -7.50750748	        -13.47236850	          4.02234219	          3.14807996	        -13.61722114	         19.11174025	         25.38656759	         38.07058162	         86.51662706	         86.51662706	          0.34988937	          0.35384264	          0.41215447	          0.44586981	          0.31700144	          0.26889879	          0.18085488	          0.15120173	          0.20192219	          0.09649646	          0.05893271	          0.09084656	          0.27132720	          0.28400222	          0.19681625	          0.25575534	          0.05000008	          0.05893425	          0.21361640	          0.24803513	          0.21983551	          0.25764628	          0.05893262	          0.05893262	          0.46362700	          0.14480780	          0.13669949	          0.05891736	          0.07857248	          0.07925108	          0.05939870	          0.05801744	          0.05893260	          0.05779534	          0.06946109	          0.05893262	          0.05893260	          0.45905710	          0.09508592	          0.11651239	          0.48308435	          0.81480233	          0.61600388	          0.07849550	          0.09649675	          0.06617393	          0.25710059	          0.05000000	          0.05000000	          0.33709543	          0.10896817	          0.05000002	          0.05000055	          0.05000004	          0.05000001	          0.05000056	          0.05893265	          0.24778417	          0.11051467	          0.05000013	          0.05000021	          0.05000055	          0.49158098	          0.06945999	          0.05000006	          0.05000011	          0.05000006	          0.05000005	          0.23546675	          0.71191248	          0.05000000	          0.05000003	          0.05000000	          0.25877614	          0.13453774	          0.14322964	          0.12266575	          0.23150149	          0.27478479	          0.19057583	          0.26862876	          0.16587071	          0.28346861	          0.11792122	          0.09485771	          0.13616115	          0.05000003	          0.05000004	          0.05879370	          0.09224395	          0.05876517	          0.05893261	
          1.65074781	         -2.92900224	          1.74475474	         -3.96324245	          2.20684008	          0.90671163	          0.00221552	         27.38467238	          3.92907782	         -2.18947107	        -16.54382525	          0.62193718	          9.09497003	        -13.53393625	        -16.92539013	          4.51175531	          1.24020589	          0.62344703	          4.33970602	          3.03453054	         -6.48789202	         -7.06317064	         29.89634862	         -3.25696093	         -1.29385898	          2.15115474	         -8.13738054	        -13.49837219	          4.13451832	          2.64403183	        -13.57936923	         18.98264993	         24.78103096	         39.31009891	         86.51662706	         86.51662706	          0.43697965	          0.46030822	          0.43174586	          0.37828786	          0.26895265	          0.22814109	          0.15344210	          0.15143657	          0.17131618	          0.08187017	          0.05000011	          0.07707665	          0.23020146	          0.40659906	          0.41481022	          0.31640212	          0.05000005	          0.05000156	          0.20842900	          0.36002984	          0.30687137	          0.35744646	          0.05000001	          0.05000002	          0.39335350	          0.12285881	          0.11597953	          0.05000000	          0.16381391	          0.19228747	          0.13921303	          0.05000000	          0.05000000	          0.05000000	          0.05893265	          0.05000001	          0.05000001	          0.54619480	          0.11822758	          0.17755049	          0.59622745	          0.89198842	          0.77604455	          0.09886718	          0.08187041	          0.05614373	          0.21813099	          0.05000008	          0.05000004	          0.28600074	          0.09245151	          0.05000016	          0.05000533	          0.05000024	          0.05001090	          0.05000002	          0.05000015	          0.31445464	          0.24445284	          0.29090600	          0.13406116	          0.11378720	          0.47551560	          0.05893177	          0.05000013	          0.05000081	          0.05000099	          0.09650077	          0.19977626	          0.67287033	          0.05000002	          0.05000030	          0.05000018	          0.26579112	          0.13405539	          0.13405539	          0.12337683	          0.19641202	          0.23313472	          0.16168960	          0.22791179	          0.14072912	          0.24050233	          0.28213697	          0.10353620	          0.12073890	          0.37980938	          0.23368184	          0.05000002	          0.12230050	          0.05000000	          0.05000000	
          1.66146695	         -2.92929285	          1.85920251	         -4.14508540	          2.22369841	          0.90677055	          0.00192218	         27.02737339	          4.12186277	         -2.13198823	        -16.11808117	          0.30577093	          8.90222093	        -14.59585896	        -18.95458026	          3.14397747	         -0.56223068	          0.62289350	          5.32472870	          3.23323835	         -7.50354411	         -7.12036788	         32.31360316	         -3.11382206	         -1.50644298	          2.21770773	         -8.63111746	        -13.52537478	          4.41492644	          2.17316493	        -13.54171075	         18.87056517	         24.05414749	         40.46863066	         86.51662706	         86.51662706	          0.52304467	          0.51813218	          0.49641593	          0.32094950	          0.22818662	          0.19356118	          0.13018437	          0.13899315	          0.14534924	          0.06946083	          0.05000003	          0.06539391	          0.34787408	          0.49176893	          0.45642817	          0.33239729	          0.05000005	          0.05000032	          0.17683726	          0.41866642	          0.35401421	          0.39285014	          0.05000000	          0.05000001	          0.40276152	          0.10423673	          0.09840030	          0.05000001	          0.32584472	          0.34528773	          0.27717840	          0.05000000	          0.05000001	          0.05000000	          0.05000005	          0.05000013	          0.05000014	          0.63215920	          0.17224167	          0.15063870	          0.51867130	          0.93700514	          0.86938398	          0.10411348	          0.06946104	          0.05000000	          0.18506814	          0.05000010	          0.05000004	          0.24265065	          0.07843834	          0.05000010	          0.05000218	          0.05000055	          0.05916166	          0.05000001	          0.05000008	          0.35159080	          0.55934705	          0.37339750	          0.11374183	          0.09654014	          0.49212703	          0.05000015	          0.05000009	          0.05386780	          0.06948695	          0.08187438	          0.16949550	          0.63383413	          0.16774483	          0.05000056	          0.05000014	          0.22550437	          0.11373616	          0.11373617	          0.10467619	          0.16664118	          0.19779770	          0.13718175	          0.19336643	          0.11939833	          0.20404861	          0.29642884	          0.08784288	          0.10243832	          0.32224039	          0.32595675	          0.44593797	          0.13640804	          0.05000000	          0.05000000	
          1.67218609	         -2.92960872	          1.96336791	         -4.29550188	          2.24018420	          0.90705915	          0.00162041	         26.63594598	          4.32336123	         -2.05571646	        -15.42410029	          0.05270575	          8.75046524	        -15.61057839	        -21.33295306	          2.10687065	         -2.52367278	          0.60130470	          6.36880635	          3.37726474	         -8.20943624	         -7.19870959	         33.90809436	         -3.00229216	         -1.70878213	          2.27461624	         -8.99676662	        -13.55620190	          4.82539836	          1.74781510	        -13.50667945	         18.79017386	         23.24402423	         41.54286268	         86.51662706	         86.51662706	          0.59194454	          0.57001113	          0.54126718	          0.27230221	          0.19359978	          0.21461474	          0.11047113	          0.13814355	          0.13100113	          0.05893244	          0.05000008	          0.05893242	          0.33022919	          0.41727913	          0.46159967	          0.35345057	          0.05000005	          0.05000737	          0.15003431	          0.45074818	          0.37786578	          0.41595416	          0.05000002	          0.05000001	          0.34171362	          0.08843726	          0.11364355	          0.05000001	          0.33644620	          0.38073317	          0.29191473	          0.05000000	          0.05000001	          0.05000000	          0.05000006	          0.05000008	          0.05000010	          0.65396221	          0.14613446	          0.14466323	          0.63881006	          0.96325994	          0.92382170	          0.10420130	          0.05893259	          0.05000001	          0.15701674	          0.05000018	          0.05001627	          0.20587130	          0.06654924	          0.05000072	          0.05000462	          0.05000017	          0.05019444	          0.05000004	          0.05000027	          0.32905994	          0.52930427	          0.31680042	          0.09650171	          0.08190724	          0.51790296	          0.18065309	          0.08109573	          0.05000244	          0.05895474	          0.06946445	          0.14380451	          0.56338856	          0.19722124	          0.08790796	          0.06946194	          0.28348430	          0.09649679	          0.09649679	          0.08881007	          0.14138281	          0.16781683	          0.11638865	          0.22246843	          0.10130072	          0.18497632	          0.25149811	          0.07452824	          0.11395609	          0.27339732	          0.45272333	          0.67685818	          0.15734311	          0.05971481	          0.05000000	
          1.68290523	         -2.93006226	          2.06205724	         -4.42338270	          2.25629685	          0.90753840	          0.00130913	         26.18169138	          4.53598994	         -1.95282143	        -14.52987884	         -0.14793572	          8.60631569	        -16.52648295	        -23.89599059	          1.35625963	         -4.50817843	          0.56570712	          7.32154175	          3.48893184	         -8.53721101	         -7.34112975	         34.52555467	         -2.91716551	         -1.89979164	          2.32426438	         -9.24903687	        -13.58608870	          5.32428464	          1.37438976	        -13.47797973	         18.75103662	         22.38152779	         42.52586868	         86.51662706	         86.51662706	          0.65705278	          0.59652582	          0.55692686	          0.23102849	          0.16425534	          0.21088232	          0.09372675	          0.12435578	          0.11221056	          0.05000005	          0.05000007	          0.05000012	          0.28017530	          0.35403105	          0.41170453	          0.34951276	          0.05000006	          0.05000049	          0.12729331	          0.45471224	          0.37656492	          0.39931243	          0.05000001	          0.05000001	          0.28991897	          0.07503261	          0.09649691	          0.05000001	          0.36669500	          0.40399697	          0.31293947	          0.05000000	          0.05000001	          0.05000000	          0.05000004	          0.05000004	          0.05000005	          0.69429231	          0.14675111	          0.15275564	          0.64428659	          0.97857235	          0.95557105	          0.10971972	          0.05000000	          0.05000001	          0.13321719	          0.05000124	          0.05893272	          0.17466682	          0.06067559	          0.05893353	          0.05000074	          0.05000007	          0.05000009	          0.05000004	          0.10949156	          0.30874508	          0.44907593	          0.26878195	          0.08187469	          0.06949229	          0.53257475	          0.25269637	          0.06880763	          0.05000139	          0.05001893	          0.05893552	          0.14823288	          0.48365248	          0.16732779	          0.07458392	          0.05893348	          0.26559535	          0.08187045	          0.08187045	          0.07534882	          0.11995294	          0.14238026	          0.09874722	          0.22008307	          0.08594623	          0.25870987	          0.21337768	          0.06323175	          0.09668339	          0.23195756	          0.42732517	          0.81153619	          0.16350986	          0.08097161	          0.05000000	
          1.69362438	         -2.93017368	          2.15471628	         -4.53929225	          2.27206118	          0.90818279	          0.00098231	         25.67668568	          4.75778788	         -1.81714537	        -13.50387634	         -0.30646927	          8.44810592	        -17.36136431	        -26.51067034	          0.85829029	         -5.88698348	          0.51525012	          8.09508426	          3.57075178	         -8.54676821	         -7.55010328	         34.51841629	         -2.85393091	         -2.07218516	          2.36587105	         -9.40793549	        -13.60752784	          5.87242330	          1.05767061	        -13.45925199	         18.75853361	         21.49503031	         43.41150223	         86.51662706	         86.51662706	          0.69016811	          0.59391221	          0.55090801	          0.19601077	          0.13935868	          0.17891835	          0.07952032	          0.10961340	          0.09520468	          0.05000006	          0.05000007	          0.05000026	          0.25625567	          0.33251290	          0.38376039	          0.33685517	          0.05000006	          0.05000088	          0.10800084	          0.43590293	          0.36054167	          0.37533111	          0.05000001	          0.05000001	          0.24597503	          0.06365994	          0.08187162	          0.05000001	          0.38297282	          0.42662018	          0.32915210	          0.05000000	          0.05000001	          0.05000000	          0.05000010	          0.05000004	          0.05000005	          0.72862106	          0.15800360	          0.14928636	          0.60646794	          0.98750289	          0.97408800	          0.12010559	          0.05000000	          0.05000001	          0.11302502	          0.05000009	          0.05000014	          0.20198062	          0.05477927	          0.05000099	          0.05000179	          0.05000012	          0.05000016	          0.05000012	          0.15616613	          0.29487914	          0.38101497	          0.22804181	          0.06946474	          0.05895912	          0.54728914	          0.35166360	          0.11364707	          0.05000059	          0.05000023	          0.05000251	          0.16816425	          0.41034364	          0.14196537	          0.06327912	          0.05000078	          0.22533821	          0.06946107	          0.06946107	          0.06392795	          0.10177127	          0.13941881	          0.08377977	          0.18672436	          0.12125376	          0.21949639	          0.22091344	          0.05364750	          0.08202876	          0.19679896	          0.36255405	          0.75636357	          0.15546619	          0.09683130	          0.05000000	
          1.70434352	         -2.92976386	          2.23947323	         -4.65261076	          2.28750069	          0.90898228	          0.00064279	         25.12937688	          4.98758353	         -1.63669304	        -12.36484118	         -0.43782227	          8.25930180	        -18.13178760	        -29.06732797	          0.61343471	         -6.33937723	          0.45420460	          8.67281766	          3.62899879	         -8.48167752	         -7.76895630	         34.35895268	         -2.80999439	         -2.22246502	          2.39857924	         -9.49079796	        -13.61560049	          6.43731042	          0.80000183	        -13.45096954	         18.81105472	         20.60875058	         44.19594668	         86.51662706	         86.51662706	          0.73526089	          0.58508426	          0.52663214	          0.16630081	          0.11823570	          0.15179930	          0.06746757	          0.10048325	          0.08352108	          0.05000005	          0.05000007	          0.05000014	          0.22737624	          0.35102186	          0.37253182	          0.32506443	          0.05000006	          0.05000069	          0.09163144	          0.41099184	          0.33854991	          0.34787164	          0.05000001	          0.05000001	          0.20869179	          0.05666824	          0.06946214	          0.05000002	          0.39018762	          0.43720298	          0.33497500	          0.05000000	          0.05000001	          0.05000000	          0.05000057	          0.05000002	          0.05000002	          0.73320093	          0.13405543	          0.13943900	          0.51943527	          0.99271140	          0.98488751	          0.12635923	          0.05000000	          0.05000001	          0.09589344	          0.05000007	          0.05000004	          0.19379459	          0.05000166	          0.05000030	          0.05000264	          0.05000018	          0.05000021	          0.05000054	          0.17095325	          0.27537662	          0.36828555	          0.19347681	          0.05893586	          0.05002251	          0.55166438	          0.38598992	          0.13734820	          0.05000044	          0.05000021	          0.05000009	          0.16065946	          0.34814646	          0.12044721	          0.05368798	          0.05000024	          0.19118297	          0.05893262	          0.05893262	          0.05423817	          0.08689381	          0.12806004	          0.07111552	          0.15842193	          0.10287497	          0.18622661	          0.23427904	          0.05000007	          0.06959541	          0.16696949	          0.47548668	          0.78777664	          0.14886957	          0.09158463	          0.05000000	
          1.71506266	         -2.92847624	          2.31675210	         -4.76419718	          2.30264671	          0.90992797	          0.00030010	         24.54201859	          5.22695935	         -1.40216054	        -11.10882149	         -0.54945494	          8.04011780	        -18.84917849	        -31.53613990	          0.65288447	         -6.22829125	          0.38486413	          9.09885754	          3.69757493	         -8.40216879	         -7.92565679	         34.08725984	         -2.78169323	         -2.35437806	          2.42100246	         -9.50984035	        -13.61201167	          7.00174299	          0.59460571	        -13.44998081	         18.89539221	         19.74249243	         44.88258197	         86.51662706	         86.51662706	          0.76911049	          0.58146599	          0.50398574	          0.14629879	          0.10031530	          0.14570356	          0.05912535	          0.09044895	          0.07404754	          0.05000005	          0.05000007	          0.05000105	          0.23977196	          0.30497882	          0.34598297	          0.30839771	          0.05000007	          0.05000152	          0.07774291	          0.38343265	          0.31266675	          0.31606224	          0.05000002	          0.05000002	          0.17705968	          0.05000033	          0.05893363	          0.05000002	          0.42945293	          0.45801578	          0.37241452	          0.05000000	          0.05000001	          0.05000000	          0.12873868	          0.05000017	          0.05000013	          0.70787261	          0.11373620	          0.11830376	          0.44070272	          0.99574910	          0.99118600	          0.12262155	          0.05000000	          0.05000001	          0.08135857	          0.05000006	          0.05000005	          0.18473885	          0.05000116	          0.05000027	          0.05000158	          0.05000022	          0.05000022	          0.05005003	          0.17685943	          0.25368623	          0.36312340	          0.16415095	          0.05000295	          0.05000006	          0.55492493	          0.39442402	          0.15180092	          0.05000043	          0.05000019	          0.05000009	          0.15312288	          0.29537672	          0.10219063	          0.05000080	          0.05000012	          0.16220475	          0.05000002	          0.05000002	          0.05000000	          0.07372316	          0.10864974	          0.06246218	          0.13440954	          0.08728195	          0.15799964	          0.23678666	          0.05000015	          0.05904664	          0.14166139	          0.47625607	          0.79378528	          0.14960790	          0.08605669	          0.05000000	
          1.72578180	         -2.92635142	          2.38777274	         -4.87011164	          2.31752799	          0.91102370	         -0.00003967	         23.90167352	          5.47343749	         -1.12645054	         -9.73732931	         -0.64306402	          7.79242709	        -19.49607011	        -33.91950027	          1.01134596	         -5.78762382	          0.29429324	          9.38493554	          3.79529095	         -8.31955840	         -7.98888678	         33.72040983	         -2.76549602	         -2.47190503	          2.43245567	         -9.47095852	        -13.59985159	          7.55901034	          0.43148406	        -13.45221837	         18.99379069	         18.90916124	         45.47559894	         86.51662706	         86.51662706	          0.79600756	          0.57547601	          0.47969642	          0.20332643	          0.18653963	          0.18982983	          0.05052107	          0.07957875	          0.06424086	          0.05000004	          0.05000007	          0.05000018	          0.20342900	          0.25875443	          0.31020390	          0.28811442	          0.05000009	          0.05000074	          0.06595935	          0.35628216	          0.28459656	          0.27923496	          0.05000001	          0.05000001	          0.15022216	          0.05000039	          0.05000100	          0.05000003	          0.43869405	          0.53988513	          0.37140078	          0.05000001	          0.05000003	          0.05000000	          0.15996078	          0.05355462	          0.05773527	          0.64376324	          0.09649683	          0.10037206	          0.37390392	          0.84483215	          0.92242696	          0.11666982	          0.05000000	          0.05000001	          0.06902680	          0.05000005	          0.05000003	          0.28338662	          0.05000084	          0.05000022	          0.05000605	          0.06535796	          0.05000036	          0.06790765	          0.18396606	          0.23374979	          0.34843097	          0.13927009	          0.05000061	          0.05000007	          0.55344932	          0.39366211	          0.17224048	          0.05000035	          0.05000015	          0.05000006	          0.14359442	          0.25060547	          0.08670126	          0.05000068	          0.05000011	          0.13761889	          0.05000001	          0.05000001	          0.05000000	          0.06981471	          0.09449508	          0.05356296	          0.12002779	          0.07405264	          0.13405113	          0.22966257	          0.05197795	          0.05009681	          0.12018958	          0.47049394	          0.76223414	          0.14526102	          0.07737583	          0.05000000	
          1.73650094	         -2.92413264	          2.45054293	         -4.96587627	          2.33215607	          0.91229575	         -0.00037128	         23.19039986	          5.72086857	         -0.81748403	         -8.25916249	         -0.71910933	          7.51777776	        -20.02833448	        -36.20472711	          1.61902501	         -5.14778821	          0.18126409	          9.54494031	          3.85412593	         -8.22244544	         -8.01331153	         33.28207946	         -2.76059276	         -2.57545724	          2.43279944	         -9.37463892	        -13.58059218	          8.10302740	          0.30530234	        -13.45358257	         19.09360219	         18.11631222	         45.97199084	         86.51662706	         86.51662706	          0.80911694	          0.56154279	          0.45705286	          0.28780074	          0.23707571	          0.23214283	          0.05346448	          0.07964106	          0.06414523	          0.05000004	          0.05000008	          0.05000028	          0.17259464	          0.21953676	          0.28313411	          0.26709762	          0.05000009	          0.05000092	          0.05596201	          0.32992235	          0.25693491	          0.24618448	          0.05000001	          0.05000002	          0.12745249	          0.05000033	          0.05000035	          0.05000003	          0.48824817	          0.47529623	          0.41591785	          0.05000003	          0.05000009	          0.05000003	          0.17063359	          0.05000135	          0.05774738	          0.57029595	          0.08187049	          0.08515834	          0.31723005	          0.77704507	          0.78261175	          0.11112667	          0.05000000	          0.05000001	          0.05856426	          0.05000004	          0.05000002	          0.42013554	          0.05000640	          0.05000017	          0.05003096	          0.10212394	          0.05000052	          0.08919742	          0.19593547	          0.21758729	          0.33949186	          0.11816051	          0.05000053	          0.05000006	          0.54533126	          0.39714959	          0.19926668	          0.05000028	          0.05000011	          0.05000004	          0.13422639	          0.21262035	          0.07355967	          0.05000042	          0.05000007	          0.16145443	          0.05000000	          0.05000000	          0.05000000	          0.05972195	          0.08017230	          0.05000001	          0.10900879	          0.06321081	          0.11373258	          0.23367449	          0.05000014	          0.05000004	          0.10197304	          0.45532353	          0.74633234	          0.13757255	          0.07394688	          0.05000001	
          1.74722008	         -2.92257485	          2.50156781	         -5.04888860	          2.34654823	          0.91375007	         -0.00069014	         22.38907422	          5.96237149	         -0.47611706	         -6.69015323	         -0.77933763	          7.21722859	        -20.39022038	        -38.36262907	          2.32594275	         -4.38547092	          0.07015547	          9.58938475	          3.87252649	         -8.10537341	         -8.00929292	         32.78296648	         -2.76652814	         -2.66341941	          2.42217089	         -9.22563339	        -13.55558594	          8.62343366	          0.21101972	        -13.45275592	         19.18817858	         17.37698435	         46.37233361	         86.51662706	         86.51662706	          0.80865809	          0.53575585	          0.42653087	          0.35530945	          0.28006544	          0.26919773	          0.06363367	          0.09076861	          0.07010669	          0.05000004	          0.05000007	          0.05000020	          0.14643393	          0.18626145	          0.26966332	          0.24509983	          0.05000008	          0.05000075	          0.05000074	          0.30319632	          0.22673615	          0.21183335	          0.05000001	          0.05000001	          0.10813409	          0.05000030	          0.05000038	          0.05000002	          0.42318305	          0.51089916	          0.37439390	          0.05000003	          0.05000009	          0.06444430	          0.18483847	          0.05000023	          0.05000030	          0.49982397	          0.06946113	          0.07225063	          0.26914646	          0.74848449	          0.67424149	          0.10393126	          0.05000000	          0.05000002	          0.05116974	          0.05000004	          0.05000002	          0.53999539	          0.05001935	          0.05000016	          0.05210528	          0.12942587	          0.05012617	          0.11091917	          0.20180013	          0.19953481	          0.33504991	          0.10025057	          0.05000049	          0.05000005	          0.53772630	          0.38355357	          0.22283277	          0.05000024	          0.05000008	          0.05000003	          0.12530634	          0.18039277	          0.06240999	          0.05000031	          0.05000006	          0.17926595	          0.05000000	          0.05000000	          0.05000000	          0.05066975	          0.06802037	          0.05000000	          0.10112375	          0.05536175	          0.09649379	          0.23740397	          0.05000008	          0.05000003	          0.10365880	          0.43831401	          0.74262124	          0.12704872	          0.06345311	          0.05000001	
          1.75793923	         -2.92194950	          2.53733008	         -5.11634729	          2.36072568	          0.91534941	         -0.00099185	         21.49702124	          6.18994929	         -0.10554424	         -5.04833038	         -0.82546671	          6.89163607	        -20.56414063	        -40.36427572	          3.00542007	         -3.55013074	         -0.02638409	          9.53066970	          3.88010135	         -7.96926861	         -7.96373465	         32.22975270	         -2.78334485	         -2.73466693	          2.40095266	         -9.03173659	        -13.52850250	          9.10996175	          0.14119931	        -13.45098883	         19.27137077	         16.70952393	         46.68661203	         86.51662706	         86.51662706	          0.79878770	          0.50019155	          0.38731417	          0.41414998	          0.33755548	          0.31852059	          0.07534968	          0.10360139	          0.07589696	          0.05000007	          0.05000008	          0.05000024	          0.12423847	          0.15802939	          0.22879112	          0.21562607	          0.05000010	          0.05000082	          0.05031376	          0.26343082	          0.19236916	          0.17972512	          0.05000002	          0.05000002	          0.09174386	          0.05000026	          0.05000028	          0.05000002	          0.42583445	          0.50428346	          0.38021033	          0.05000003	          0.05000006	          0.07922700	          0.19909004	          0.05000027	          0.05000027	          0.44054189	          0.05893275	          0.06131336	          0.22835116	          0.69381973	          0.62835996	          0.09751974	          0.05000000	          0.05000002	          0.07044329	          0.05000004	          0.05000002	          0.58762221	          0.06715157	          0.05000015	          0.05788082	          0.14372063	          0.05263522	          0.13101909	          0.21021538	          0.19065660	          0.31738610	          0.08505531	          0.05000039	          0.05000004	          0.52436665	          0.38125988	          0.24726439	          0.05000021	          0.05000007	          0.05000002	          0.11946012	          0.15305004	          0.05295032	          0.05000032	          0.05000006	          0.18610680	          0.05000000	          0.05000000	          0.05000000	          0.05000006	          0.05771035	          0.05000000	          0.09349823	          0.05022553	          0.08186794	          0.24202823	          0.05000009	          0.05000003	          0.12645666	          0.42066266	          0.74989453	          0.11828408	          0.06014732	          0.05000001	
          1.76865837	         -2.92227099	          2.55544248	         -5.16602485	          2.37471353	          0.91703793	         -0.00127505	         20.51182630	          6.39632533	          0.28859143	         -3.34851531	         -0.85944221	          6.54511698	        -20.54110140	        -42.19540248	          3.61228689	         -2.67239881	         -0.10302410	          9.38249900	          3.88569994	         -7.81722154	         -7.85673305	         31.62764026	         -2.81078812	         -2.78824334	          2.36912895	         -8.80123398	        -13.50286669	          9.55438571	          0.08863091	        -13.45000639	         19.33721774	         16.12911606	         46.92548641	         86.51662706	         86.51662706	          0.77639576	          0.46654270	          0.35907174	          0.46663991	          0.40219482	          0.37801081	          0.08355223	          0.11305325	          0.08092148	          0.05000014	          0.05000010	          0.05000015	          0.10540725	          0.13407648	          0.19411330	          0.18961945	          0.05000011	          0.05000067	          0.05897821	          0.23876857	          0.16321171	          0.15248367	          0.05000002	          0.05000002	          0.07783795	          0.05000029	          0.05000051	          0.05000001	          0.40897579	          0.48742539	          0.36624522	          0.05000003	          0.05000005	          0.09789975	          0.21524353	          0.05000048	          0.05000038	          0.39494715	          0.05000026	          0.06791999	          0.19375590	          0.64822462	          0.54421402	          0.08970950	          0.05000001	          0.05000002	          0.07875502	          0.05000004	          0.05000002	          0.61322229	          0.08576577	          0.05000016	          0.06035222	          0.14330918	          0.05150003	          0.14998245	          0.21185217	          0.18183719	          0.30311581	          0.07216325	          0.05000036	          0.05000004	          0.51033332	          0.36938305	          0.26609374	          0.05000019	          0.05000006	          0.05000002	          0.11311260	          0.12985180	          0.05000007	          0.05000033	          0.05000006	          0.18421831	          0.05000000	          0.05000000	          0.05000000	          0.05000005	          0.05000010	          0.05000000	          0.08227082	          0.05000121	          0.06945900	          0.24767170	          0.05000007	          0.05000003	          0.14244425	          0.40486104	          0.76050543	          0.11145001	          0.05268188	          0.05000001	
          1.77937751	         -2.92348783	          2.55498741	         -5.19530989	          2.38852849	          0.91876475	         -0.00154018	         19.44039310	          6.57649664	          0.69846752	         -1.60156598	         -0.88240524	          6.18328427	        -20.33624689	        -43.85242813	          4.14878899	         -1.77309112	         -0.16654766	          9.15733912	          3.88803931	         -7.65086706	         -7.68966562	         30.98216481	         -2.84917035	         -2.82448488	          2.32687963	         -8.53759535	        -13.48147021	          9.95340261	          0.04829129	        -13.44972008	         19.37782182	         15.64167862	         47.09432072	         86.51662706	         86.51662706	          0.74715063	          0.43952436	          0.33995480	          0.50556547	          0.45985557	          0.43040473	          0.08642566	          0.11588770	          0.08257093	          0.05000020	          0.05000010	          0.05000011	          0.08943033	          0.11375419	          0.16469253	          0.17128575	          0.05000011	          0.05000056	          0.05006313	          0.22859969	          0.14629255	          0.12937149	          0.05000002	          0.05000002	          0.06603981	          0.05000032	          0.05000118	          0.05000001	          0.37739733	          0.45337239	          0.33942293	          0.06384692	          0.05000004	          0.11518223	          0.22957462	          0.05000089	          0.05000049	          0.35659588	          0.05000017	          0.07815207	          0.19537725	          0.60826478	          0.47502527	          0.08601558	          0.05000001	          0.05000002	          0.08682859	          0.05000004	          0.05000002	          0.62614201	          0.11221676	          0.05000017	          0.05278747	          0.13405549	          0.05000085	          0.16591980	          0.21078933	          0.17386073	          0.28307141	          0.06122529	          0.05000029	          0.05000003	          0.49372834	          0.35572410	          0.27729012	          0.05000016	          0.05000005	          0.05000001	          0.10769179	          0.11419963	          0.05000010	          0.05000034	          0.05000007	          0.17419598	          0.05000000	          0.05000000	          0.05000000	          0.05000003	          0.05000008	          0.05000000	          0.07110447	          0.05000069	          0.05893096	          0.25386269	          0.05000007	          0.05000003	          0.15619182	          0.39182645	          0.77501257	          0.10699235	          0.05000012	          0.05000002	
          1.79009665	         -2.92534638	          2.53561014	         -5.20284222	          2.40218115	          0.92048131	         -0.00178875	         18.30113824	          6.72724352	          1.11749064	          0.18359219	         -0.89616223	          5.81146724	        -19.98538945	        -45.33683725	          4.62389823	         -0.86571001	         -0.22235263	          8.86801996	          3.88851108	         -7.47249654	         -7.47287200	         30.29687798	         -2.89882723	         -2.84377198	          2.27432561	         -8.24217632	        -13.46571263	         10.30555152	          0.01788606	        -13.44971087	         19.38713376	         15.24686956	         47.19514867	         86.51662706	         86.51662706	          0.71406129	          0.41975997	          0.32621005	          0.55265747	          0.51006371	          0.46984421	          0.08368952	          0.11130514	          0.08033134	          0.05000009	          0.05000009	          0.05000008	          0.07587509	          0.09651222	          0.13978617	          0.16255066	          0.05000012	          0.05000045	          0.05000053	          0.22777892	          0.14262888	          0.12338917	          0.05000001	          0.05000001	          0.05602997	          0.05000030	          0.05000539	          0.05000002	          0.33785812	          0.40973523	          0.30483722	          0.08288690	          0.05000004	          0.13261211	          0.24302066	          0.05000059	          0.05000043	          0.32294982	          0.05000017	          0.09661283	          0.20931670	          0.57226962	          0.40673284	          0.08586797	          0.05000001	          0.05000002	          0.08319778	          0.05000004	          0.05000002	          0.63599848	          0.14472459	          0.05000019	          0.05007760	          0.11373628	          0.05000036	          0.18157210	          0.21021939	          0.16680142	          0.25736541	          0.05194528	          0.05000026	          0.05000003	          0.47574248	          0.34235421	          0.28397264	          0.05000015	          0.05000004	          0.05000001	          0.10364019	          0.10685657	          0.05000009	          0.05000036	          0.05000007	          0.15807295	          0.05000001	          0.05000000	          0.05000000	          0.05000002	          0.05000006	          0.05000000	          0.06141915	          0.05000061	          0.05000031	          0.25945016	          0.05000006	          0.05000003	          0.17273599	          0.38109877	          0.78392177	          0.10495517	          0.05000007	          0.05000002	
          1.80081579	         -2.92740025	          2.49707058	         -5.18861917	          2.41568400	          0.92214118	         -0.00202215	         17.11174938	          6.84664922	          1.54183258	          1.99911980	         -0.90270977	          5.43418475	        -19.52299031	        -46.65369640	          5.04564496	          0.04168106	         -0.27334919	          8.52678372	          3.88709008	         -7.28499805	         -7.21881056	         29.57491279	         -2.95911745	         -2.84603860	          2.21156823	         -7.91661609	        -13.45570105	         10.60919975	         -0.00433081	        -13.44973228	         19.36030499	         14.94115561	         47.22987659	         86.51662706	         86.51662706	          0.67878871	          0.40424284	          0.31453589	          0.59259277	          0.54782672	          0.49982688	          0.07665274	          0.09988294	          0.07514264	          0.05000005	          0.05000009	          0.05000007	          0.06437447	          0.08188371	          0.13571432	          0.16099027	          0.05000013	          0.05000038	          0.05000032	          0.23079522	          0.14462467	          0.12771379	          0.05000001	          0.05000001	          0.05000011	          0.05000028	          0.05017617	          0.05000003	          0.29888708	          0.36315577	          0.26889505	          0.10383206	          0.05000004	          0.14908083	          0.25626503	          0.05000039	          0.05000034	          0.29170544	          0.05000102	          0.11726761	          0.21858108	          0.54013335	          0.34540051	          0.08667021	          0.05000001	          0.05000002	          0.08835673	          0.05000004	          0.05000002	          0.57057731	          0.18082166	          0.05000020	          0.05000835	          0.09649690	          0.05000017	          0.19814246	          0.21122062	          0.16252723	          0.22565727	          0.05000026	          0.05000021	          0.05000002	          0.45617084	          0.33462438	          0.28693494	          0.05000012	          0.05000003	          0.05000001	          0.10208981	          0.10374999	          0.05000009	          0.05000038	          0.05000008	          0.13917558	          0.05000001	          0.05000001	          0.05000000	          0.05000002	          0.05000005	          0.05000000	          0.05267742	          0.05000050	          0.05000035	          0.26385483	          0.05000006	          0.05000003	          0.19130770	          0.37362149	          0.79087265	          0.10560748	          0.05000004	          0.05000002	
          1.81153493	         -2.92912013	          2.43913337	         -5.15277449	          2.42905340	          0.92370394	         -0.00224126	         15.88369900	          6.93354423	          1.96867966	          3.83761323	         -0.90279143	          5.05440286	        -18.97248884	        -47.81104749	          5.42051033	          0.94367994	         -0.32172424	          8.14576293	          3.88529524	         -7.08899726	         -6.93490566	         28.81854064	         -3.02838011	         -2.83094753	          2.13892675	         -7.56261350	        -13.45073944	         10.86269633	         -0.02135691	        -13.44973258	         19.29217474	         14.71900266	         47.20213807	         86.51662706	         86.51662706	          0.64132757	          0.38897852	          0.30208980	          0.61479359	          0.56845376	          0.51841778	          0.06730580	          0.08476676	          0.06870087	          0.05000004	          0.05000008	          0.05000006	          0.05461706	          0.06947253	          0.13387893	          0.16151190	          0.05000014	          0.05000033	          0.05000022	          0.23244490	          0.14698241	          0.13296207	          0.05000001	          0.05000001	          0.05000013	          0.05000026	          0.06410917	          0.05000005	          0.27204570	          0.32061872	          0.23937390	          0.12596841	          0.05000003	          0.16441253	          0.26962711	          0.05000038	          0.05000035	          0.26352965	          0.06173505	          0.13351218	          0.21336783	          0.51148851	          0.29541014	          0.08698458	          0.05000002	          0.05000001	          0.09144567	          0.05000005	          0.05000002	          0.48409328	          0.15800567	          0.05000024	          0.05000187	          0.08187055	          0.05000011	          0.21606646	          0.21464978	          0.15726667	          0.19145582	          0.05000024	          0.05000017	          0.05000002	          0.43515890	          0.32259482	          0.28530424	          0.05000011	          0.05000003	          0.05000001	          0.10095572	          0.10238930	          0.05000009	          0.05000040	          0.05000008	          0.11918667	          0.05000001	          0.05000001	          0.05000000	          0.05000001	          0.05000004	          0.05000000	          0.05000018	          0.05000031	          0.05000028	          0.26601507	          0.05000007	          0.05000003	          0.23490166	          0.36983036	          0.79276295	          0.10690477	          0.05000004	          0.05000002	
          1.82225408	         -2.93007180	          2.36178311	         -5.09528401	          2.44230674	          0.92513976	         -0.00244556	         14.62141674	          6.98739206	          2.39623974	          5.69222311	         -0.89521878	          4.67361618	        -18.34435658	        -48.81878231	          5.75421667	          1.83455879	         -0.37059029	          7.73625960	          3.88498923	         -6.88434365	         -6.62504375	         28.02829493	         -3.10462176	         -2.79839546	          2.05684753	         -7.18176848	        -13.44970711	         11.06400739	         -0.03643494	        -13.44971159	         19.17922257	         14.57447964	         47.11566948	         86.51662706	         86.51662706	          0.60310219	          0.37334459	          0.28973023	          0.62265547	          0.58025109	          0.53151487	          0.05713664	          0.07191865	          0.06165208	          0.05000003	          0.05000007	          0.05000005	          0.05000012	          0.05894264	          0.11369459	          0.16119261	          0.05000015	          0.05000029	          0.05000016	          0.23196806	          0.14827467	          0.13651894	          0.05000001	          0.05000001	          0.05000012	          0.05000026	          0.08555375	          0.05000009	          0.25672312	          0.28862505	          0.22035510	          0.14944773	          0.05000046	          0.17902788	          0.28310753	          0.05000035	          0.05000036	          0.23632283	          0.07563947	          0.14865670	          0.19037009	          0.48481747	          0.27156049	          0.08535135	          0.05000002	          0.05000001	          0.07758527	          0.05000005	          0.05000002	          0.41071771	          0.13405653	          0.05000024	          0.05000136	          0.06946116	          0.05000007	          0.23512551	          0.21472166	          0.15547809	          0.16334831	          0.05000020	          0.05000015	          0.05000002	          0.41202788	          0.31626080	          0.28252345	          0.05000009	          0.05000002	          0.05000001	          0.10011270	          0.10141308	          0.05000008	          0.05000037	          0.05000008	          0.10112125	          0.05000001	          0.05000001	          0.05000000	          0.05000001	          0.05000004	          0.05000000	          0.05000008	          0.05000022	          0.05000021	          0.26717380	          0.05000010	          0.05000004	          0.29091415	          0.36882550	          0.79088845	          0.10790045	          0.05000004	          0.05000002	
          1.83297322	         -2.93003167	          2.26560398	         -5.01614337	          2.45545983	          0.92643250	         -0.00263372	         13.32339300	          7.00810976	          2.82500421	          7.55704705	         -0.87822783	          4.29089793	        -17.63715398	        -49.68713139	          6.04611068	          2.70712699	         -0.41961393	          7.30861331	          3.89155752	         -6.67064773	         -6.29229106	         27.20327253	         -3.18611867	         -2.74884529	          1.96604999	         -6.77548737	        -13.45129925	         11.21197413	         -0.05188332	        -13.44974552	         19.02118085	         14.50263488	         46.97243498	         86.51662706	         86.51662706	          0.56587773	          0.36048423	          0.28199852	          0.64158431	          0.59640317	          0.54503801	          0.05023326	          0.06101814	          0.05651122	          0.05000002	          0.05000007	          0.05000004	          0.05000014	          0.05000870	          0.09646458	          0.15741911	          0.05000018	          0.05000026	          0.05000015	          0.23004266	          0.14708939	          0.13493082	          0.05000001	          0.05000001	          0.05000010	          0.05000025	          0.11718046	          0.05706967	          0.23979568	          0.26024343	          0.20251534	          0.17135461	          0.08208495	          0.19157300	          0.29628701	          0.05000087	          0.05000055	          0.20050270	          0.07616332	          0.16124409	          0.16151606	          0.46338595	          0.25783131	          0.08172074	          0.05000001	          0.05000001	          0.06582549	          0.05000005	          0.05000002	          0.34846387	          0.11373723	          0.05000026	          0.05000105	          0.05893272	          0.05000005	          0.25244815	          0.21313979	          0.15380899	          0.14746826	          0.05000018	          0.05000013	          0.05000002	          0.38787140	          0.30767242	          0.27690786	          0.05000008	          0.05000002	          0.05000001	          0.09809703	          0.09981601	          0.05000008	          0.05000041	          0.05000009	          0.08579403	          0.05000001	          0.05000001	          0.05000001	          0.05000001	          0.05000003	          0.05000000	          0.05000005	          0.05000016	          0.05000016	          0.26727111	          0.05000013	          0.05000007	          0.34837986	          0.36997045	          0.78473719	          0.10855490	          0.05000005	          0.05000002	
          1.84369236	         -2.92897990	          2.15194641	         -4.91538247	          2.46852459	          0.92757963	         -0.00280491	         11.98891276	          6.99607748	          3.25557631	          9.42521933	         -0.85055969	          3.90609518	        -16.84989285	        -50.42183043	          6.29622154	          3.55358957	         -0.46900968	          6.87082499	          3.90418541	         -6.44701344	         -5.94746683	         26.34048737	         -3.27177378	         -2.68341176	          1.86745920	         -6.34458655	        -13.45415987	         11.30845370	         -0.06823698	        -13.44985454	         18.82127217	         14.49949892	         46.77116705	         86.51662706	         86.51662706	          0.52909910	          0.34979830	          0.27729853	          0.66908046	          0.61850470	          0.55706418	          0.05000050	          0.05177225	          0.05282797	          0.05000002	          0.05000008	          0.05000004	          0.05000011	          0.05000097	          0.08184403	          0.15091575	          0.05000021	          0.05000023	          0.05000013	          0.22722568	          0.14485684	          0.13013870	          0.05000001	          0.05000001	          0.05000009	          0.05000025	          0.15001854	          0.07738215	          0.22053598	          0.23054995	          0.18458025	          0.19534806	          0.11648018	          0.20343676	          0.30979701	          0.05000062	          0.05000055	          0.17011184	          0.08088178	          0.17610662	          0.13703464	          0.44485695	          0.26084128	          0.07751845	          0.05000001	          0.05000002	          0.05584816	          0.05000005	          0.05000003	          0.29564604	          0.09649776	          0.05000026	          0.05000087	          0.05000013	          0.05000004	          0.26589440	          0.21095689	          0.15032260	          0.14235666	          0.05000019	          0.05000013	          0.05000002	          0.36283286	          0.29640785	          0.25871742	          0.05000008	          0.05000002	          0.05000001	          0.09387197	          0.09672976	          0.05000011	          0.05000065	          0.05000012	          0.07279005	          0.05000001	          0.05000001	          0.05000001	          0.05000001	          0.05000003	          0.05000000	          0.05000003	          0.05000012	          0.05000012	          0.26693288	          0.05000060	          0.05000023	          0.40170678	          0.37227069	          0.77352216	          0.10821966	          0.05000010	          0.05000002	
          1.85441150	         -2.92697886	          2.02250767	         -4.79322938	          2.48151233	          0.92858712	         -0.00295862	         10.62014789	          6.95232894	          3.68829077	         11.28658872	         -0.81206147	          3.51977321	        -15.98847113	        -51.02026147	          6.51730812	          4.36504314	         -0.52024075	          6.42913670	          3.91670233	         -6.21230581	         -5.61247960	         25.43498262	         -3.36070498	         -2.60356033	          1.76208579	         -5.89004446	        -13.45698189	         11.35865874	         -0.08462420	        -13.44985992	         18.58541874	         14.56198438	         46.50719661	         86.51662706	         86.51662706	          0.49075625	          0.33937344	          0.27577893	          0.69270034	          0.63622774	          0.56472937	          0.05000042	          0.05000053	          0.05039473	          0.05000002	          0.05000008	          0.05000003	          0.05000009	          0.05000088	          0.06943931	          0.13412720	          0.05000046	          0.05000020	          0.05000011	          0.22518685	          0.14408363	          0.11723305	          0.05000001	          0.05000001	          0.05000008	          0.05000024	          0.18320667	          0.09471660	          0.18816088	          0.19560493	          0.15975161	          0.21995436	          0.15299987	          0.21463047	          0.32233424	          0.05000045	          0.05000052	          0.14432742	          0.09386185	          0.19044662	          0.11626390	          0.42836668	          0.27325915	          0.07395817	          0.05000001	          0.05000002	          0.05000009	          0.05000005	          0.05000003	          0.25083398	          0.08187131	          0.05000025	          0.05000072	          0.05000006	          0.05000004	          0.27170370	          0.20885436	          0.14830750	          0.13833564	          0.05000019	          0.05000012	          0.05000002	          0.33966838	          0.28632295	          0.21950317	          0.05000007	          0.05000002	          0.05000001	          0.09087855	          0.09421831	          0.05000015	          0.05000072	          0.05000015	          0.06184557	          0.05000002	          0.05000002	          0.05000001	          0.05000001	          0.05000003	          0.05000000	          0.05000003	          0.05000010	          0.05000011	          0.26977894	          0.05687705	          0.05000083	          0.43499212	          0.37504666	          0.75710563	          0.10795125	          0.05000095	          0.05000002	
          1.86513064	         -2.92404636	          1.87920261	         -4.65004980	          2.49443398	          0.92946016	         -0.00309538	          9.22588947	          6.87855038	          4.12160993	         13.12804665	         -0.76386446	          3.13329071	        -15.07012122	        -51.47318166	          6.71368882	          5.13233099	         -0.57510953	          5.98737657	          3.92557972	         -5.96419189	         -5.29344525	         24.48059294	         -3.45209469	         -2.51092878	          1.65082670	         -5.41317411	        -13.45872500	         11.37159824	         -0.09929163	        -13.44976232	         18.32123988	         14.68757368	         46.17442019	         86.51662706	         86.51662706	          0.44919351	          0.32503195	          0.27250736	          0.69635547	          0.63984199	          0.56276538	          0.05000054	          0.05000050	          0.05000208	          0.05000002	          0.05000009	          0.05000003	          0.05000007	          0.05000070	          0.05891502	          0.11379719	          0.08947995	          0.05000019	          0.05000011	          0.21766728	          0.13804293	          0.09946379	          0.05000001	          0.05000001	          0.05000007	          0.05000025	          0.21213175	          0.09649673	          0.15964075	          0.16595646	          0.13553757	          0.24473774	          0.18802591	          0.22496328	          0.33475718	          0.05000041	          0.05000053	          0.12245123	          0.10713350	          0.20407197	          0.09864144	          0.41428219	          0.29295156	          0.07022715	          0.05000001	          0.05000002	          0.05000007	          0.05000005	          0.05000003	          0.21281423	          0.06946185	          0.05000025	          0.05000058	          0.05000005	          0.05000003	          0.25823822	          0.20972212	          0.14769723	          0.13297107	          0.05000019	          0.05000011	          0.05000002	          0.31829032	          0.27794252	          0.18623245	          0.05000007	          0.05000002	          0.05000001	          0.08947561	          0.09353597	          0.05000025	          0.05002276	          0.05000022	          0.05631038	          0.05000002	          0.05000002	          0.05000001	          0.05000001	          0.05000002	          0.05000000	          0.05000003	          0.05000011	          0.05000011	          0.27551829	          0.07057124	          0.05000047	          0.45896841	          0.37684208	          0.73772919	          0.10688442	          0.05072919	          0.05000002	
          1.87584978	         -2.92019896	          1.72475937	         -4.48631393	          2.50730113	          0.93019846	         -0.00321745	          7.81767873	          6.77773056	          4.55294548	         14.93301068	         -0.70848192	          2.75028254	        -14.11602116	        -51.76113980	          6.88473040	          5.84686381	         -0.63455423	          5.54861197	          3.92858795	         -5.70030191	         -4.98634140	         23.46984413	         -3.54513750	         -2.40786311	          1.53442288	         -4.91567396	        -13.45874355	         11.35986772	         -0.11043406	        -13.44970710	         18.03635742	         14.87393881	         45.76700320	         86.51662706	         86.51662706	          0.40231819	          0.30304431	          0.26565514	          0.66438422	          0.62345883	          0.54952414	          0.05000024	          0.05000029	          0.05000022	          0.05000003	          0.05000011	          0.05000003	          0.05000006	          0.05000056	          0.05000115	          0.09654861	          0.13540126	          0.05000018	          0.05000011	          0.19740676	          0.11721689	          0.08438778	          0.05000001	          0.05000001	          0.05000008	          0.05000031	          0.23454151	          0.08187050	          0.13544348	          0.14080189	          0.11499370	          0.26981694	          0.22320175	          0.23464262	          0.34686952	          0.05000042	          0.05000068	          0.10389088	          0.11729584	          0.21540269	          0.08369006	          0.40216645	          0.31438308	          0.06539295	          0.05000001	          0.05000002	          0.05000005	          0.05000004	          0.05000004	          0.18055727	          0.05893334	          0.05000021	          0.05000045	          0.05000004	          0.05000002	          0.22267235	          0.21098447	          0.15461089	          0.13874225	          0.05000020	          0.05000011	          0.05000002	          0.30089847	          0.27536360	          0.15800462	          0.05000006	          0.05000002	          0.05000001	          0.09261982	          0.09722211	          0.05000040	          0.10821059	          0.05000025	          0.05558510	          0.05000003	          0.05000003	          0.05000002	          0.05000001	          0.05000002	          0.05000000	          0.05000002	          0.05000013	          0.05000011	          0.28071503	          0.08268118	          0.05000052	          0.48076350	          0.37722077	          0.71460880	          0.10504510	          0.05000046	          0.05000002	
          1.88656893	         -2.91547483	          1.56298218	         -4.30231155	          2.52012589	          0.93079509	         -0.00332805	          6.40661818	          6.65465279	          4.97944748	         16.68253423	         -0.64884925	          2.37492041	        -13.14661762	        -51.85528283	          7.02917764	          6.49868740	         -0.69996265	          5.11613023	          3.92562238	         -5.41935658	         -4.68258339	         22.39398073	         -3.63901196	         -2.29791943	          1.41364332	         -4.39906233	        -13.45708993	         11.33983085	         -0.11680683	        -13.44977261	         17.73741371	         15.11822347	         45.28015573	         86.51662706	         86.51662706	          0.35557559	          0.27510751	          0.25258623	          0.62073526	          0.59045388	          0.52705789	          0.05000103	          0.05000047	          0.05000031	          0.05000005	          0.05000017	          0.05000003	          0.05000006	          0.05000048	          0.05000099	          0.08191443	          0.16951224	          0.05000019	          0.05000013	          0.16748624	          0.09945010	          0.07159687	          0.05000002	          0.05000002	          0.05000008	          0.05000037	          0.24880803	          0.06946114	          0.11491386	          0.11946008	          0.09756372	          0.29385194	          0.25538746	          0.24326916	          0.35837699	          0.05000046	          0.05000095	          0.08814379	          0.12440222	          0.22608520	          0.07100492	          0.39243205	          0.34035858	          0.06195762	          0.05000001	          0.05000002	          0.05000004	          0.05000004	          0.05000004	          0.15318960	          0.05000072	          0.05000019	          0.05000034	          0.05000003	          0.05000001	          0.18892117	          0.21219937	          0.16031115	          0.15941392	          0.05000022	          0.05000011	          0.05000002	          0.28226047	          0.27180235	          0.13405536	          0.05000006	          0.05000002	          0.05000001	          0.09392435	          0.09875496	          0.06094448	          0.15657417	          0.05000030	          0.05438507	          0.05000006	          0.05000006	          0.05000004	          0.05000001	          0.05000003	          0.05000000	          0.05000002	          0.05000018	          0.05000013	          0.28521706	          0.09502150	          0.05000026	          0.48673780	          0.37754297	          0.68459162	          0.10370636	          0.05000614	          0.05000002	
          1.89728807	         -2.90990390	          1.39834804	         -4.09853195	          2.53292275	          0.93123752	         -0.00342951	          4.99899804	          6.51486483	          5.39816529	         18.35815998	         -0.58769283	          2.00988084	        -12.17365734	        -51.72796871	          7.14533528	          7.07546429	         -0.77375820	          4.69449462	          3.91781569	         -5.11923153	         -4.37395797	         21.24309021	         -3.73235443	         -2.18551083	          1.28910848	         -3.86519669	        -13.45447300	         11.33022343	         -0.11774856	        -13.44989766	         17.43073745	         15.41665263	         44.71018121	         86.51662706	         86.51662706	          0.31327094	          0.24428753	          0.23470141	          0.56547606	          0.54892444	          0.50177866	          0.05573815	          0.05000077	          0.05000039	          0.05000011	          0.05000034	          0.05000004	          0.05000007	          0.05000046	          0.05000079	          0.06949841	          0.19912526	          0.05000023	          0.05000018	          0.14210022	          0.08437621	          0.06074472	          0.05000003	          0.05000004	          0.05000010	          0.05000050	          0.25647008	          0.05893270	          0.09749599	          0.10135312	          0.08277567	          0.31707203	          0.28479106	          0.25094560	          0.36930719	          0.05000051	          0.05000152	          0.07478355	          0.12959682	          0.23502996	          0.06024251	          0.38496911	          0.36823404	          0.05984743	          0.05000001	          0.05000002	          0.05000004	          0.05000004	          0.05000004	          0.12997015	          0.05000023	          0.05000018	          0.05000025	          0.05000002	          0.05000001	          0.16028576	          0.21362105	          0.17008042	          0.18714528	          0.05000023	          0.05000011	          0.05000002	          0.26535496	          0.27190247	          0.11373616	          0.05000006	          0.05000002	          0.05000001	          0.09672278	          0.10138897	          0.09373511	          0.17060294	          0.05000028	          0.05323920	          0.05000010	          0.05000011	          0.05000009	          0.05000001	          0.05000003	          0.05000000	          0.05000002	          0.05000018	          0.05000013	          0.28730754	          0.10278518	          0.05030878	          0.48679400	          0.37955526	          0.64802417	          0.10230931	          0.05115084	          0.05000003	
          1.90800721	         -2.90354217	          1.23518483	         -3.87590352	          2.54570617	          0.93151154	         -0.00352302	          3.59792707	          6.36383802	          5.80616830	         19.94411614	         -0.52712078	          1.65518968	        -11.20427474	        -51.35855430	          7.23444200	          7.56325668	         -0.85887839	          4.28895020	          3.90600128	         -4.79751653	         -4.05369174	         20.00821864	         -3.82365543	         -2.07495222	          1.16125320	         -3.31609373	        -13.45189167	         11.34993726	         -0.11285745	        -13.45000562	         17.12232576	         15.76474713	         44.05492353	         86.51662706	         86.51662706	          0.27987058	          0.21981916	          0.22046818	          0.51991866	          0.51176389	          0.47637799	          0.06005535	          0.05002145	          0.05000032	          0.06452255	          0.05000243	          0.05000004	          0.05000007	          0.05000044	          0.05000071	          0.05896433	          0.22571459	          0.05000026	          0.05000025	          0.12056224	          0.07158715	          0.05153749	          0.05000007	          0.05000008	          0.05000011	          0.05000070	          0.25753546	          0.05000014	          0.08271820	          0.08599069	          0.07022909	          0.33934262	          0.31111386	          0.25764727	          0.37937378	          0.05000055	          0.05000896	          0.06344836	          0.13732350	          0.24362648	          0.05111143	          0.37947566	          0.39344268	          0.05839191	          0.05000001	          0.05000002	          0.05000004	          0.05000004	          0.05000004	          0.11027014	          0.05000023	          0.05000017	          0.05000019	          0.05000002	          0.05000001	          0.13599071	          0.21346695	          0.18030104	          0.20843874	          0.05000025	          0.05000011	          0.05000002	          0.25160164	          0.26432122	          0.09649681	          0.05000005	          0.05000002	          0.05000001	          0.10101945	          0.10565045	          0.12846755	          0.16819392	          0.05000027	          0.05235219	          0.05000018	          0.05000019	          0.05000013	          0.05000001	          0.05000003	          0.05000000	          0.05000003	          0.05000022	          0.05000015	          0.29050845	          0.11540952	          0.05000019	          0.47101913	          0.38219037	          0.60711523	          0.10081110	          0.05262565	          0.05000003	
          1.91872635	         -2.89650669	          1.07688182	         -3.63561211	          2.55848638	          0.93160529	         -0.00360925	          2.21032922	          6.20653353	          6.20069040	         21.42754041	         -0.46819773	          1.31032719	        -10.25352185	        -50.73290625	          7.30107366	          7.95084951	         -0.95801586	          3.90492290	          3.89034876	         -4.45372390	         -3.71433115	         18.68470189	         -3.91195885	         -1.96961699	          1.03054481	         -2.75314247	        -13.45019541	         11.41504356	         -0.10161910	        -13.45013253	         16.81743057	         16.15766759	         43.31387808	         86.51662706	         86.51662706	          0.25964920	          0.20755454	          0.21178689	          0.48824603	          0.48400401	          0.45376480	          0.06291112	          0.05024224	          0.05000037	          0.11974280	          0.05000260	          0.05000004	          0.05000007	          0.05000045	          0.05000077	          0.05002698	          0.25206828	          0.05000026	          0.05000026	          0.10232232	          0.06073693	          0.05000019	          0.05000007	          0.05000007	          0.05000012	          0.05000076	          0.25333813	          0.05000009	          0.07018034	          0.07295681	          0.05958425	          0.36102300	          0.33554902	          0.26359924	          0.38894529	          0.05000051	          0.05000793	          0.05383129	          0.15208413	          0.25171184	          0.05000023	          0.37558805	          0.41675053	          0.05701548	          0.05000001	          0.05000002	          0.05000004	          0.05000004	          0.05000004	          0.09355614	          0.05000022	          0.05000017	          0.05000014	          0.05000002	          0.05000001	          0.11537814	          0.21205742	          0.18805563	          0.22538364	          0.05000029	          0.05000012	          0.05000002	          0.23844721	          0.24923469	          0.08187048	          0.05000006	          0.05000002	          0.05000001	          0.10435076	          0.10994887	          0.15653862	          0.17154585	          0.05000028	          0.05011014	          0.05000037	          0.05000039	          0.05000019	          0.05000001	          0.05000003	          0.05000000	          0.05000003	          0.05000021	          0.05000015	          0.29203232	          0.10349085	          0.06072562	          0.45961724	          0.38642300	          0.55969794	          0.09844884	          0.05195102	          0.05000003	
          1.92944549	         -2.88899073	          0.92518023	         -3.37862282	          2.57126893	          0.93151239	         -0.00368792	          0.84970350	          6.04696890	          6.57910939	         22.79755904	         -0.41057093	          0.97462893	         -9.34871031	        -49.84162429	          7.35251584	          8.23125832	         -1.07224414	          3.54917101	          3.87288980	         -4.08622967	         -3.35116012	         17.27403562	         -3.99701974	         -1.87143851	          0.89749322	         -2.17688410	        -13.44970710	         11.53493341	         -0.08368466	        -13.45021362	         16.51981893	         16.59030626	         42.48819432	         86.51662706	         86.51662706	          0.24939514	          0.20093998	          0.20439190	          0.47007728	          0.46683297	          0.43578222	          0.06433448	          0.05055352	          0.05000035	          0.17180742	          0.05000731	          0.05000005	          0.05000008	          0.05000045	          0.05000080	          0.05000022	          0.27771391	          0.05000027	          0.05000029	          0.09331503	          0.05154185	          0.05000029	          0.05000009	          0.05000009	          0.05000013	          0.05000080	          0.24639305	          0.05000009	          0.05954290	          0.06189852	          0.05055291	          0.38198191	          0.35853250	          0.26898530	          0.39848828	          0.05000038	          0.05000102	          0.05000004	          0.17104195	          0.25923429	          0.05000030	          0.37338297	          0.44391939	          0.05664987	          0.05000001	          0.05000002	          0.05000004	          0.05000005	          0.05000005	          0.07937554	          0.05000022	          0.05000017	          0.05000009	          0.05000002	          0.05000001	          0.09788989	          0.21763689	          0.19723888	          0.22993761	          0.05000033	          0.05000013	          0.05000002	          0.22781653	          0.23609290	          0.06946112	          0.05000006	          0.05000002	          0.05000002	          0.11128202	          0.11715389	          0.17727411	          0.17179172	          0.05000028	          0.05000035	          0.05000037	          0.05000038	          0.05000013	          0.05000001	          0.05000004	          0.05000000	          0.05000004	          0.05000026	          0.05000019	          0.29222413	          0.12836861	          0.05152154	          0.43052158	          0.39206023	          0.51708553	          0.09627398	          0.05413120	          0.05000003	
          1.94016463	         -2.88123454	          0.78056639	         -3.10641107	          2.58406142	          0.93123187	         -0.00375816	         -0.47381917	          5.88750531	          6.94003936	         24.04620200	         -0.35332338	          0.64745743	         -8.51126205	        -48.68204951	          7.39975006	          8.40312108	         -1.20064727	          3.22644623	          3.85201234	         -3.69761025	         -2.96425965	         15.78123759	         -4.07846666	         -1.78077223	          0.76249607	         -1.58927334	        -13.44986851	         11.70925442	         -0.05942808	        -13.45013899	         16.23186032	         17.05900306	         41.58076446	         86.51662706	         86.51662706	          0.24742605	          0.19776471	          0.19727971	          0.47032015	          0.46068578	          0.42295511	          0.06537805	          0.05083553	          0.05000032	          0.22515741	          0.05006080	          0.05000005	          0.05000008	          0.05000045	          0.05000082	          0.05000030	          0.30259660	          0.05000029	          0.05000031	          0.08173503	          0.05000826	          0.05000030	          0.05000011	          0.05000011	          0.05000013	          0.05000077	          0.23830207	          0.05000008	          0.05051783	          0.05251641	          0.05000014	          0.40216250	          0.38103862	          0.27446472	          0.40824651	          0.05000030	          0.05000064	          0.05000005	          0.19235288	          0.26573392	          0.05000034	          0.37156641	          0.46832527	          0.05591207	          0.05000001	          0.05000002	          0.05000004	          0.05000005	          0.05000005	          0.06734436	          0.05000022	          0.05000018	          0.05000006	          0.05000001	          0.05000000	          0.08305239	          0.22922796	          0.20433564	          0.22176789	          0.05000033	          0.05000013	          0.05000003	          0.21869673	          0.22186832	          0.05893271	          0.05000006	          0.05000002	          0.05000002	          0.12090009	          0.12640731	          0.18857601	          0.16911823	          0.05000030	          0.05000022	          0.05000025	          0.05000025	          0.05000008	          0.05000001	          0.05000004	          0.05000000	          0.05000005	          0.05000030	          0.05000021	          0.29530380	          0.10891161	          0.06860015	          0.40790492	          0.40066788	          0.46564645	          0.09461853	          0.05693359	          0.05000003	
          1.95088378	         -2.87350651	          0.64284461	         -2.82062743	          2.59687360	          0.93076515	         -0.00381965	         -1.75454337	          5.72891714	          7.28289260	         25.16936008	         -0.29545164	          0.32918937	         -7.75435430	        -47.26061251	          7.45156873	          8.47296313	         -1.33905147	          2.93698390	          3.82571523	         -3.28786186	         -2.55045005	         14.21440086	         -4.15583777	         -1.69681874	          0.62592251	         -0.99373099	        -13.45008788	         11.93361513	         -0.03067488	        -13.44992708	         15.95329254	         17.56280624	         40.59774484	         86.51662706	         86.51662706	          0.25072252	          0.19761845	          0.19066785	          0.48241287	          0.46288380	          0.41242707	          0.06640435	          0.05145599	          0.05000031	          0.27819042	          0.06897513	          0.05000005	          0.05000008	          0.05000043	          0.05000081	          0.05000029	          0.32669015	          0.05000029	          0.05000032	          0.06984303	          0.05000329	          0.05000031	          0.05000013	          0.05000013	          0.05000012	          0.05000075	          0.22625506	          0.05000008	          0.05000017	          0.05000016	          0.05000019	          0.42160290	          0.40321393	          0.28044723	          0.41843796	          0.05000026	          0.05000045	          0.05000007	          0.21159019	          0.27120875	          0.05000048	          0.36940447	          0.48750128	          0.05396115	          0.05000001	          0.05000002	          0.05000004	          0.05000005	          0.05000006	          0.05713681	          0.05000023	          0.05000019	          0.05000003	          0.05000001	          0.05000000	          0.07046386	          0.24451105	          0.21034854	          0.20325998	          0.05000033	          0.05000014	          0.05000003	          0.21049162	          0.20339212	          0.05000025	          0.05000007	          0.05000003	          0.05000002	          0.13318707	          0.13742213	          0.19156483	          0.17106913	          0.05000033	          0.05000014	          0.05000015	          0.05000014	          0.05000005	          0.05000002	          0.05000004	          0.05000001	          0.05000005	          0.05000032	          0.05000025	          0.29505200	          0.13154716	          0.05820247	          0.37744787	          0.41058919	          0.42276830	          0.09291236	          0.06003297	          0.05000003	
          1.96160292	         -2.86611643	          0.51136043	         -2.52278622	          2.60971589	          0.93011456	         -0.00387288	         -2.99005705	          5.57112089	          7.60726215	         26.16730954	         -0.23582541	          0.02130450	         -7.08464592	        -45.59338085	          7.51366046	          8.45536280	         -1.48281159	          2.67726613	          3.79332318	         -2.85977588	         -2.10649633	         12.58371568	         -4.22883570	         -1.61798596	          0.48818867	         -0.39462047	        -13.45014430	         12.20259795	         -0.00096608	        -13.44975811	         15.68024345	         18.10357348	         39.54947553	         86.51662706	         86.51662706	          0.25756605	          0.19650149	          0.18129811	          0.49225477	          0.46437674	          0.40553265	          0.06812113	          0.05289591	          0.05000031	          0.32763809	          0.09026867	          0.05000006	          0.05000009	          0.05000043	          0.05000084	          0.05000029	          0.34965940	          0.05000032	          0.05000037	          0.05928549	          0.05000105	          0.05000031	          0.05000019	          0.05000019	          0.05000012	          0.05000068	          0.21502023	          0.05000007	          0.05000021	          0.05000020	          0.05000018	          0.44011270	          0.42483031	          0.28713196	          0.42945022	          0.05000023	          0.05000034	          0.05000009	          0.22696623	          0.27583798	          0.05000166	          0.36662399	          0.50749075	          0.05236356	          0.05000001	          0.05000002	          0.05000004	          0.05000006	          0.05000006	          0.05000019	          0.05000023	          0.05000020	          0.05000002	          0.05000001	          0.05000000	          0.05978342	          0.26151829	          0.21689680	          0.18908828	          0.05000033	          0.05000014	          0.05000003	          0.20230294	          0.19181956	          0.05000018	          0.05000007	          0.05000003	          0.05000002	          0.14732804	          0.14907754	          0.20366889	          0.16676001	          0.05000035	          0.05000011	          0.05000011	          0.05000010	          0.05000004	          0.05000002	          0.05000005	          0.05000001	          0.05000007	          0.05000046	          0.05000030	          0.29937011	          0.11160832	          0.07566415	          0.34980010	          0.42262609	          0.37450225	          0.09117489	          0.06292351	          0.05000003	
          1.97232206	         -2.85935978	          0.38487101	         -2.21419496	          2.62260001	          0.92928353	         -0.00391764	         -4.17943658	          5.41332748	          7.91280914	         27.04430761	         -0.17243220	         -0.27515318	         -6.50637915	        -43.70489788	          7.59109300	          8.36802952	         -1.62726637	          2.44495098	          3.75610819	         -2.41520572	         -1.63316356	         10.90199754	         -4.29710034	         -1.54210043	          0.34966473	          0.20316232	        -13.45012641	         12.50994458	          0.02433620	        -13.44972651	         15.40488131	         18.68421832	         38.45041990	         86.51662706	         86.51662706	          0.26654251	          0.19762568	          0.17410578	          0.51075667	          0.47278756	          0.40057477	          0.06970411	          0.05432745	          0.05000030	          0.37125188	          0.12175232	          0.05000006	          0.05000008	          0.05000040	          0.05000080	          0.05000028	          0.37186804	          0.05000032	          0.05000037	          0.05040350	          0.05000100	          0.05000031	          0.05000015	          0.05000016	          0.05000011	          0.05000063	          0.19920414	          0.05000006	          0.05000020	          0.05000020	          0.05000018	          0.45774079	          0.44574261	          0.29473800	          0.44121466	          0.05000019	          0.05000027	          0.05000013	          0.23872072	          0.27993124	          0.07159529	          0.36282071	          0.53033111	          0.05006987	          0.05000001	          0.05000002	          0.05000005	          0.05000006	          0.05000007	          0.05000027	          0.05000024	          0.05000021	          0.05000001	          0.05000001	          0.05000000	          0.05072186	          0.28026646	          0.22183338	          0.16977080	          0.05000035	          0.05000015	          0.05000003	          0.19391883	          0.17715727	          0.05000018	          0.05000007	          0.05000003	          0.05000003	          0.16265799	          0.16068014	          0.21042630	          0.17167335	          0.05000039	          0.05000008	          0.05000008	          0.05000008	          0.05000003	          0.05000002	          0.05000005	          0.05000001	          0.05000008	          0.05000040	          0.05000035	          0.30106561	          0.13282768	          0.06464407	          0.31994755	          0.43696227	          0.33368129	          0.09026597	          0.06651965	          0.05000003	
          1.98304120	         -2.85347994	          0.26198292	         -1.89606839	          2.63553977	          0.92827748	         -0.00395426	         -5.32248410	          5.25446152	          8.19910467	         27.80817445	         -0.10317298	         -0.55839106	         -6.02248211	        -41.62692678	          7.68722849	          8.23009176	         -1.76810246	          2.23573833	          3.71506684	         -1.95830465	         -1.13164688	          9.18303481	         -4.36007940	         -1.46659851	          0.21071232	          0.79459879	        -13.45002030	         12.84945282	          0.03774930	        -13.44997798	         15.11431768	         19.30706107	         37.31980396	         86.51662706	         86.51662706	          0.27501220	          0.19793409	          0.16652988	          0.52337614	          0.47854032	          0.39495542	          0.07199949	          0.05776455	          0.05000026	          0.40697338	          0.14957504	          0.05000006	          0.05000009	          0.05000038	          0.05000079	          0.05000025	          0.39312446	          0.05000035	          0.05000046	          0.05005059	          0.05000092	          0.05000032	          0.05013541	          0.05283126	          0.05000012	          0.05000068	          0.18144711	          0.05000005	          0.05000017	          0.05000016	          0.05000016	          0.47439025	          0.46632505	          0.30342594	          0.45367472	          0.05000017	          0.05000024	          0.05000024	          0.24644052	          0.28368463	          0.10918996	          0.35753734	          0.55153305	          0.05000006	          0.05000001	          0.05000002	          0.05000005	          0.05000006	          0.05000007	          0.05000024	          0.05000023	          0.05000021	          0.05000001	          0.05000001	          0.05000000	          0.05000004	          0.28663439	          0.22636378	          0.16465515	          0.05000038	          0.05000016	          0.05000004	          0.18616661	          0.16529369	          0.05000017	          0.05000008	          0.05000004	          0.05000003	          0.17877974	          0.17203190	          0.22883747	          0.17012821	          0.05000041	          0.05000008	          0.05000007	          0.05000006	          0.05000002	          0.05000002	          0.05000006	          0.05000002	          0.05000010	          0.05000057	          0.05000041	          0.30564401	          0.11269503	          0.08076043	          0.29547313	          0.45269919	          0.28978957	          0.08928500	          0.07207004	          0.05000005	
          1.99376034	         -2.84865912	          0.14085011	         -1.56985791	          2.64855257	          0.92710496	         -0.00398119	         -6.41942465	          5.09283457	          8.46500634	         28.46959280	         -0.02491926	         -0.82765154	         -5.63503956	        -39.39826713	          7.80264429	          8.05944716	         -1.90202649	          2.04734848	          3.66927989	         -1.49239213	         -0.59899163	          7.44237231	         -4.41668802	         -1.38858629	          0.07129329	          1.37396871	        -13.44992235	         13.21474394	          0.03017642	        -13.45019501	         14.79065323	         19.97341555	         36.18053312	         86.51662706	         86.51662706	          0.28595188	          0.20310038	          0.16419018	          0.53367229	          0.48371474	          0.39006806	          0.07928226	          0.06371432	          0.05000041	          0.43006557	          0.14508688	          0.05000006	          0.05000009	          0.05000036	          0.05000079	          0.05000028	          0.41178851	          0.05000034	          0.05000048	          0.05003673	          0.05000095	          0.05000035	          0.05000397	          0.07404094	          0.05000011	          0.05000063	          0.15789288	          0.05000004	          0.05000017	          0.05000016	          0.05000016	          0.49011084	          0.48602348	          0.31340330	          0.46635911	          0.05000015	          0.05000022	          0.05000033	          0.25533627	          0.28779296	          0.14278519	          0.34979023	          0.56481968	          0.05000003	          0.05000001	          0.05000002	          0.05000005	          0.05000007	          0.05000008	          0.05000026	          0.05000024	          0.05000022	          0.05000001	          0.05000002	          0.05000001	          0.05000006	          0.27041540	          0.22941441	          0.16205982	          0.05000042	          0.05000018	          0.05000004	          0.17431554	          0.15010585	          0.05000018	          0.05000009	          0.05000004	          0.05000004	          0.19126626	          0.17992187	          0.24332805	          0.16647274	          0.05000043	          0.05000006	          0.05000006	          0.05000005	          0.05000002	          0.05000002	          0.05000006	          0.05000001	          0.05000012	          0.05000048	          0.05000045	          0.30976965	          0.12296005	          0.07432058	          0.26809478	          0.47088013	          0.25135873	          0.08896501	          0.07802046	          0.05000011	
          2.00447948	         -2.84504524	          0.02002786	         -1.23696514	          2.66165881	          0.92578063	         -0.00399669	         -7.46926614	          4.92697266	          8.70895644	         29.03834033	          0.06550754	         -1.08112500	         -5.34784967	        -37.05606520	          7.93512643	          7.86999316	         -2.02467032	          1.87542733	          3.61558003	         -1.02177286	         -0.02782650	          5.69659506	         -4.46549428	         -1.30560745	         -0.06893543	          1.93507510	        -13.44992994	         13.59931924	         -0.00850327	        -13.44989260	         14.41317803	         20.68385180	         35.05777581	         86.51662706	         86.51662706	          0.29638005	          0.20734531	          0.16001249	          0.54189091	          0.48588672	          0.38609713	          0.08329288	          0.06687638	          0.05000051	          0.43950175	          0.14676011	          0.05000006	          0.05000009	          0.05000035	          0.05000079	          0.05000030	          0.42966053	          0.05000035	          0.05000052	          0.05000637	          0.05000085	          0.05000037	          0.05043024	          0.10450795	          0.05000010	          0.05000058	          0.13403289	          0.05000004	          0.05000016	          0.05000016	          0.05000015	          0.50461056	          0.50504132	          0.32452551	          0.47963675	          0.05000014	          0.05000023	          0.05000020	          0.26104027	          0.29136242	          0.15679040	          0.34003373	          0.56917770	          0.05000002	          0.05000002	          0.05000002	          0.05000005	          0.05000007	          0.05000009	          0.05000024	          0.05000023	          0.05000022	          0.05000001	          0.05000002	          0.05000001	          0.05000005	          0.26096059	          0.23117836	          0.16950547	          0.05000062	          0.05000021	          0.05000005	          0.16145633	          0.14076908	          0.05000019	          0.05000009	          0.05000005	          0.05000004	          0.20009193	          0.18459149	          0.25925140	          0.15555963	          0.05000040	          0.05000005	          0.05000005	          0.05000005	          0.05000002	          0.05000003	          0.05000007	          0.05000002	          0.05000013	          0.05000062	          0.05000053	          0.31432284	          0.11423023	          0.08217247	          0.24501965	          0.48955150	          0.21584468	          0.08758172	          0.08449150	          0.05361584	
          2.01519862	         -2.84282727	         -0.10195415	         -0.89900810	          2.67487866	          0.92432572	         -0.00399942	         -8.46979458	          4.75500287	          8.93056546	         29.52300530	          0.17113735	         -1.31767775	         -5.16606564	        -34.63432696	          8.08048931	          7.67388954	         -2.12949514	          1.71793327	          3.55043282	         -0.55174929	          0.58941381	          3.96724007	         -4.50551859	         -1.21503677	         -0.20993017	          2.47122091	        -13.44998668	         13.99526277	         -0.08794678	        -13.44990043	         13.96560719	         21.44023934	         33.97743365	         86.51662706	         86.51662706	          0.30697034	          0.21222275	          0.15590827	          0.54590398	          0.48778071	          0.37769193	          0.08268137	          0.06691298	          0.05000047	          0.43344161	          0.15090478	          0.05000006	          0.05000008	          0.05000032	          0.05000076	          0.05000030	          0.44825445	          0.05000033	          0.05000048	          0.05001837	          0.05000105	          0.05000042	          0.06057930	          0.14350773	          0.05000011	          0.05000062	          0.11371972	          0.05000004	          0.05000017	          0.05000016	          0.05000016	          0.51788732	          0.52401416	          0.33687932	          0.49274028	          0.05000013	          0.05000793	          0.05001664	          0.26639786	          0.29505721	          0.15792377	          0.32442261	          0.55748415	          0.05000002	          0.05000002	          0.05000002	          0.05000005	          0.05000008	          0.05000009	          0.05000025	          0.05000024	          0.05000023	          0.05000001	          0.05000002	          0.05000001	          0.05000006	          0.22174194	          0.23058154	          0.17520777	          0.05000072	          0.05000023	          0.05000006	          0.14728140	          0.13430772	          0.05000021	          0.05000010	          0.05000005	          0.05000005	          0.20473228	          0.18536710	          0.26770507	          0.15514617	          0.05000047	          0.05000004	          0.05000005	          0.05000004	          0.05000001	          0.05000003	          0.05000007	          0.05000002	          0.05000014	          0.05000065	          0.05000057	          0.31919159	          0.11574463	          0.08168301	          0.22313858	          0.50936658	          0.18505854	          0.08568861	          0.09056460	          0.06196918	
          2.02591777	         -2.84224962	         -0.22596832	         -0.55764848	          2.68823180	          0.92276837	         -0.00398993	         -9.41724653	          4.57567975	          9.13019218	         29.92869155	          0.29417689	         -1.53592969	         -5.09647499	        -32.15897339	          8.22968420	          7.48105121	         -2.20855072	          1.57152106	          3.47275463	         -0.08815827	          1.25596691	          2.27769289	         -4.53629094	         -1.11459162	         -0.35121781	          2.97512790	        -13.44987087	         14.39367534	         -0.21631185	        -13.45348827	         13.44422316	         22.24633508	         32.96426852	         86.51662706	         86.51662706	          0.31632225	          0.21418112	          0.14218914	          0.54563752	          0.48386630	          0.36948042	          0.07960198	          0.06529795	          0.05000051	          0.41207726	          0.14820023	          0.05000007	          0.05000009	          0.05000032	          0.05000078	          0.05000032	          0.46518841	          0.05000038	          0.05000051	          0.05000175	          0.05000079	          0.05000042	          0.07249706	          0.19444635	          0.05000010	          0.05000054	          0.09648606	          0.05000004	          0.05000017	          0.05000017	          0.05000016	          0.52887488	          0.54041797	          0.34957829	          0.50545238	          0.05000011	          0.11517767	          0.05000009	          0.27245094	          0.29924002	          0.13404870	          0.27524881	          0.54252578	          0.05000002	          0.05000002	          0.05000002	          0.05000005	          0.05000008	          0.05000009	          0.05000024	          0.05000023	          0.05000022	          0.05000001	          0.05000002	          0.05000001	          0.05000006	          0.18813189	          0.23229008	          0.19212607	          0.05000132	          0.05000029	          0.05000007	          0.12832256	          0.13146036	          0.05000023	          0.05000010	          0.05000005	          0.05000006	          0.20268513	          0.18097948	          0.27883897	          0.13423116	          0.05000041	          0.05000004	          0.05000005	          0.05000004	          0.05000001	          0.05000004	          0.05000010	          0.05000003	          0.05000016	          0.05000094	          0.05000077	          0.32368075	          0.11412533	          0.08400594	          0.20325045	          0.52903589	          0.16189063	          0.08393823	          0.09798923	          0.07299800	
          2.03663691	         -2.84356887	         -0.35215959	         -0.21489615	          2.70173955	          0.92114402	         -0.00396941	        -10.30898265	          4.38767231	          9.30921498	         30.25725048	          0.43639663	         -1.73491785	         -5.14262438	        -29.65028908	          8.37085523	          7.30179413	         -2.25086948	          1.43479682	          3.37843281	          0.36326070	          1.97277883	          0.65543910	         -4.55750761	         -1.00250460	         -0.49210070	          3.43870107	        -13.44972481	         14.78803904	         -0.39973642	        -13.46579776	         12.86042702	         23.10693872	         32.03956801	         86.51662706	         86.51662706	          0.32261183	          0.22028344	          0.12813957	          0.54583674	          0.48568964	          0.35605918	          0.07733403	          0.06371806	          0.05000035	          0.34961760	          0.13995459	          0.05000006	          0.05000008	          0.05000029	          0.05000075	          0.05000035	          0.48595370	          0.05000032	          0.05000045	          0.05002022	          0.05000138	          0.05000054	          0.10541479	          0.25179142	          0.05000010	          0.05000062	          0.08186234	          0.05000005	          0.05000018	          0.05000017	          0.05000017	          0.53763040	          0.55655285	          0.36264906	          0.51789944	          0.05000014	          0.17600882	          0.05000008	          0.27103730	          0.30101327	          0.11373087	          0.23352842	          0.49813220	          0.05000001	          0.05000001	          0.05000002	          0.05000005	          0.05000009	          0.05000011	          0.05000024	          0.05000024	          0.05000023	          0.05000001	          0.05000003	          0.05000001	          0.05000006	          0.15961615	          0.22567610	          0.20713246	          0.07947952	          0.05000034	          0.05000008	          0.10887361	          0.11162247	          0.05000028	          0.05000012	          0.05000007	          0.05000008	          0.19274993	          0.17221004	          0.28091624	          0.11391373	          0.05000040	          0.05000004	          0.05000005	          0.05000004	          0.05000002	          0.05000004	          0.05000010	          0.05000003	          0.05000020	          0.05000054	          0.05000059	          0.32842761	          0.11096575	          0.08589603	          0.19336797	          0.54944228	          0.14846084	          0.08026472	          0.10537639	          0.08604178	
          2.04735605	         -2.84706346	         -0.47980863	          0.12723877	          2.71542550	          0.91949332	         -0.00393834	        -11.14555348	          4.18986662	          9.46803622	         30.50721382	          0.59907667	         -1.91397321	         -5.30172437	        -27.12679901	          8.49247699	          7.14783204	         -2.24761078	          1.30632231	          3.25628541	          0.79716347	          2.75397715	         -0.87234644	         -4.56902321	         -0.87814547	         -0.63218129	          3.85344462	        -13.45122892	         15.17951338	         -0.64270177	        -13.49156760	         12.23404660	         24.02721014	         31.21969385	         86.51662706	         86.51662706	          0.32886213	          0.22219042	          0.10871720	          0.54248938	          0.48102462	          0.33371834	          0.08370015	          0.06535912	          0.05000057	          0.29662495	          0.14952204	          0.05000005	          0.05000008	          0.05000026	          0.05000070	          0.05000034	          0.50276358	          0.05000031	          0.05000048	          0.05002303	          0.05000131	          0.05000053	          0.13497804	          0.30868865	          0.05000010	          0.05000066	          0.06945452	          0.07403965	          0.05000015	          0.05000014	          0.05000014	          0.54350413	          0.57108406	          0.37536978	          0.52860247	          0.05000024	          0.23309479	          0.05000009	          0.25333403	          0.30276613	          0.09649251	          0.19813173	          0.42262868	          0.05000001	          0.05000001	          0.05000002	          0.05000007	          0.05000011	          0.05000014	          0.05000028	          0.05000027	          0.05000027	          0.05000001	          0.05000004	          0.05000001	          0.05000005	          0.13542262	          0.20876238	          0.21774157	          0.13920095	          0.05030898	          0.05000025	          0.09237146	          0.09475527	          0.05000031	          0.05000017	          0.05000010	          0.05000012	          0.17482149	          0.15943802	          0.27207046	          0.09665167	          0.05000040	          0.05000004	          0.05000006	          0.05000005	          0.05000002	          0.05000004	          0.05000009	          0.05000002	          0.05000017	          0.05000063	          0.05000059	          0.33416105	          0.10725070	          0.08660295	          0.20158329	          0.56807882	          0.14912401	          0.07525556	          0.11283800	          0.09967785	
          2.05807519	         -2.85293616	         -0.60739031	          0.46668918	          2.72931602	          0.91785822	         -0.00389694	        -11.93143497	          3.98160767	          9.60563665	         30.67510316	          0.78263806	         -2.07303686	         -5.56318371	        -24.61312358	          8.57817359	          7.03515095	         -2.19185437	          1.18519591	          3.09265180	          1.20533084	          3.62136859	         -2.27889045	         -4.57062452	         -0.74191553	         -0.77120179	          4.21085845	        -13.45774592	         15.57816042	         -0.94818604	        -13.53322944	         11.58449627	         25.01192220	         30.51401341	         86.51662706	         86.51662706	          0.33735378	          0.20174251	          0.09223861	          0.53617196	          0.45426010	          0.28315337	          0.07134430	          0.06533487	          0.05000066	          0.25166452	          0.15365761	          0.05000006	          0.05000009	          0.05000026	          0.05000072	          0.05000037	          0.51950415	          0.05000035	          0.05000055	          0.05000303	          0.05000098	          0.05000052	          0.15995653	          0.36465930	          0.05000009	          0.05000049	          0.05892723	          0.10408077	          0.05000014	          0.05000013	          0.05000013	          0.54635856	          0.58359230	          0.38719789	          0.53624545	          0.05000263	          0.28189655	          0.05000011	          0.21493596	          0.30565444	          0.08186705	          0.16810023	          0.35856944	          0.05000001	          0.05000002	          0.05000002	          0.05000009	          0.05000015	          0.05000019	          0.05000034	          0.05000033	          0.05000032	          0.05000001	          0.05000005	          0.05000002	          0.05000005	          0.11489619	          0.19149225	          0.21275986	          0.18300921	          0.10435669	          0.06489463	          0.07837051	          0.08047567	          0.05000033	          0.05000026	          0.05000019	          0.05005295	          0.15542198	          0.14605775	          0.26450145	          0.08200586	          0.05000054	          0.05000004	          0.05000007	          0.05000006	          0.05000002	          0.05000003	          0.05000007	          0.05000002	          0.05000014	          0.05000060	          0.05000053	          0.33966951	          0.09961129	          0.08719461	          0.23432481	          0.58499265	          0.16665368	          0.07193278	          0.11970537	          0.11118880	
          2.06879433	         -2.86115091	         -0.73194877	          0.80129389	          2.74344147	          0.91627954	         -0.00384596	        -12.67135690	          3.76339101	          9.72125407	         30.75350183	          0.98646364	         -2.21188399	         -5.91662756	        -22.13534566	          8.61058421	          6.98487855	         -2.07549697	          1.07111290	          2.86948665	          1.57623977	          4.61187910	         -3.53830359	         -4.56135613	         -0.59576493	         -0.90884397	          4.50296962	        -13.47354187	         16.00022017	         -1.31723676	        -13.58917122	         10.92313957	         26.06312973	         29.92151741	         86.51662706	         86.51662706	          0.34700345	          0.17244240	          0.07825773	          0.52520536	          0.42557844	          0.24023662	          0.06053072	          0.05893247	          0.05000044	          0.21351888	          0.13378784	          0.05000008	          0.05000011	          0.05000028	          0.05000077	          0.05000039	          0.53481896	          0.05000047	          0.05000065	          0.05000151	          0.05000073	          0.05000049	          0.18011144	          0.42261806	          0.05000008	          0.05000042	          0.05000019	          0.13769856	          0.05000011	          0.05000010	          0.05000011	          0.54560836	          0.59632431	          0.39695902	          0.54231346	          0.05893279	          0.32651957	          0.05010990	          0.18235746	          0.30780651	          0.06945830	          0.14262071	          0.30421987	          0.05000001	          0.05000002	          0.05000002	          0.05000009	          0.05000015	          0.05000018	          0.05000035	          0.05000033	          0.05000031	          0.05000002	          0.05000007	          0.05000002	          0.05000007	          0.09748102	          0.19017383	          0.20720200	          0.20177869	          0.14086669	          0.08634525	          0.06649175	          0.07474932	          0.05000052	          0.05000026	          0.05000020	          0.07269555	          0.13350378	          0.12392165	          0.24566834	          0.06958022	          0.05000042	          0.05000003	          0.05000006	          0.05000006	          0.05000003	          0.05000002	          0.05000005	          0.05000001	          0.05000009	          0.05000053	          0.05000039	          0.34441220	          0.09096794	          0.08778059	          0.28249077	          0.59794821	          0.19188589	          0.07093269	          0.12283293	          0.11813533	
          2.07951347	         -2.87134598	         -0.84927878	          1.12932223	          2.75783796	          0.91479414	         -0.00378568	        -13.36839288	          3.53701529	          9.81374684	         30.72979048	          1.20898182	         -2.32942307	         -6.35529237	        -19.71090779	          8.57380787	          7.01643164	         -1.89322026	          0.96390381	          2.56233757	          1.89505002	          5.76938442	         -4.62705413	         -4.53876092	         -0.44350044	         -1.04471959	          4.72300152	        -13.50336560	         16.46670584	         -1.74912483	        -13.65193043	         10.24482999	         27.17799281	         29.42868968	         86.51662706	         86.51662706	          0.35099767	          0.15495163	          0.06639600	          0.52363868	          0.40916988	          0.20382351	          0.05135602	          0.05000021	          0.05000012	          0.18115510	          0.11351132	          0.05000007	          0.05000010	          0.05000026	          0.05000075	          0.05000047	          0.55257055	          0.05000040	          0.05000024	          0.05000138	          0.05000079	          0.05000054	          0.21523666	          0.48422050	          0.05000007	          0.05000041	          0.05000284	          0.17417144	          0.05000092	          0.05000101	          0.05000057	          0.53495580	          0.58265776	          0.39797697	          0.54429148	          0.05000022	          0.36963397	          0.05000001	          0.15471695	          0.31525705	          0.05893032	          0.12100320	          0.25810829	          0.05000001	          0.05000002	          0.05000001	          0.05000011	          0.05000015	          0.05000018	          0.05000035	          0.05000033	          0.05000033	          0.05000003	          0.05000008	          0.10721373	          0.05000007	          0.08270552	          0.18641237	          0.21159371	          0.19403489	          0.15131034	          0.10055902	          0.05641366	          0.06738391	          0.05000066	          0.05000027	          0.05000022	          0.08868687	          0.11326829	          0.10513855	          0.21284940	          0.05903750	          0.05000052	          0.05000004	          0.05000007	          0.05000006	          0.05000003	          0.05000001	          0.05000003	          0.05000001	          0.05000008	          0.05000056	          0.05000039	          0.34264553	          0.08235403	          0.09077372	          0.31140952	          0.60608556	          0.20929153	          0.07296051	          0.11988015	          0.11800906	
          2.09023262	         -2.88269687	         -0.95636339	          1.45017458	          2.77254032	          0.91342786	         -0.00371486	        -14.01851700	          3.30441542	          9.88150937	         30.60209208	          1.44909327	         -2.42437751	         -6.88652045	        -17.38678572	          8.45576394	          7.13597095	         -1.63851145	          0.86478559	          2.15690755	          2.15232167	          7.12291636	         -5.52270140	         -4.49934770	         -0.28847245	         -1.17828284	          4.86724943	        -13.55218622	         17.00447869	         -2.24062253	        -13.70683067	          9.51714708	         28.34787787	         29.00896693	         86.51662706	         86.51662706	          0.35198206	          0.13405508	          0.05633236	          0.52429769	          0.39090041	          0.17292939	          0.05000039	          0.05000011	          0.05000007	          0.15369681	          0.11944356	          0.05000006	          0.05000008	          0.05000022	          0.05000066	          0.05000043	          0.56906336	          0.05000031	          0.05000022	          0.05000693	          0.05000127	          0.05000063	          0.29752979	          0.54961661	          0.05000008	          0.05000045	          0.05000034	          0.21314699	          0.06627237	          0.07004180	          0.05836695	          0.52313748	          0.57855700	          0.39754651	          0.53935049	          0.22036955	          0.41571186	          0.05000001	          0.13126599	          0.31791254	          0.05000008	          0.10266234	          0.21898596	          0.05000001	          0.05000001	          0.05000001	          0.05000014	          0.05000023	          0.05000030	          0.05000041	          0.05000039	          0.05000039	          0.11386142	          0.05000006	          0.16772982	          0.05000003	          0.07016960	          0.18279812	          0.21517168	          0.19091773	          0.15142086	          0.10403721	          0.05412218	          0.05722219	          0.05000032	          0.05000069	          0.05000137	          0.09279968	          0.09609989	          0.08920242	          0.18970885	          0.05009442	          0.05000045	          0.05000013	          0.05000048	          0.05000033	          0.05000011	          0.05000001	          0.05000003	          0.05000001	          0.05000009	          0.05000127	          0.05000043	          0.33642267	          0.08015868	          0.09235346	          0.30814832	          0.60671872	          0.21798459	          0.07835149	          0.11473468	          0.11565168	
          2.10095176	         -2.89412523	         -1.05330256	          1.76433605	          2.78757278	          0.91219585	         -0.00363104	        -14.60779233	          3.06489156	          9.92426122	         30.38896413	          1.70782887	         -2.49712429	         -7.53430826	        -15.26396367	          8.25008754	          7.32838388	         -1.30109609	          0.77580109	          1.63629636	          2.35006947	          8.71379158	         -6.21323977	         -4.43992823	         -0.13086617	         -1.30846369	          4.93720803	        -13.62472868	         17.64931148	         -2.78487665	        -13.73002747	          8.66506120	         29.55731587	         28.62281572	         86.51662706	         86.51662706	          0.36429447	          0.11373608	          0.05826033	          0.53938424	          0.34434914	          0.14671796	          0.05000041	          0.05000008	          0.05000005	          0.13040047	          0.13844762	          0.05000007	          0.05000009	          0.05000021	          0.05000064	          0.05000034	          0.58125446	          0.05000038	          0.05000022	          0.05000230	          0.05000100	          0.05000057	          0.37572121	          0.61092204	          0.05000009	          0.05000050	          0.05000041	          0.25553957	          0.10358632	          0.11055450	          0.08639628	          0.50798601	          0.57539453	          0.39457043	          0.53188797	          0.23025677	          0.45400354	          0.05000001	          0.11136957	          0.30361202	          0.05000008	          0.08710146	          0.18579353	          0.05000001	          0.05000001	          0.05000001	          0.05000014	          0.05000024	          0.05000025	          0.05000059	          0.05000047	          0.05000039	          0.17096276	          0.05000005	          0.22404289	          0.05000003	          0.05953380	          0.17942723	          0.19935413	          0.17615250	          0.14353646	          0.10750012	          0.05013874	          0.05164019	          0.05000030	          0.05000051	          0.05000047	          0.08946417	          0.08153375	          0.07568177	          0.16141222	          0.05005498	          0.05000068	          0.05392952	          0.06016039	          0.05803097	          0.05000119	          0.05000003	          0.05000007	          0.05000027	          0.05000012	          0.05000024	          0.05000024	          0.32538363	          0.06800888	          0.09969405	          0.31847497	          0.60631474	          0.23732324	          0.08060914	          0.11242507	          0.11607420	
          2.11167090	         -2.90474716	         -1.13998343	          2.07315886	          2.80295585	          0.91110882	         -0.00353293	        -15.12965271	          2.81701663	          9.93888851	         30.10934258	          1.98407634	         -2.54584737	         -8.30538628	        -13.43739328	          7.94441319	          7.55060116	         -0.87580838	          0.70070387	          0.98202214	          2.48569617	         10.58059895	         -6.68504789	         -4.35788124	          0.02897297	         -1.43419981	          4.93889361	        -13.72629338	         18.45087015	         -3.37268006	        -13.68414341	          7.54737132	         30.78363064	         28.21896716	         86.51662706	         86.51662706	          0.36797039	          0.09649677	          0.05723194	          0.55220241	          0.29215517	          0.12447947	          0.05000056	          0.05000010	          0.05000008	          0.11063523	          0.14815379	          0.05000009	          0.05000011	          0.05000025	          0.05000075	          0.05000043	          0.59178352	          0.05000053	          0.05000028	          0.05000318	          0.05000105	          0.05000062	          0.44262323	          0.66529704	          0.05000011	          0.05000065	          0.05000100	          0.30213773	          0.13318759	          0.14345115	          0.10909045	          0.48396163	          0.55448130	          0.38320794	          0.51586020	          0.27431599	          0.47784536	          0.05000001	          0.09448891	          0.28730666	          0.05000007	          0.07389920	          0.15763218	          0.05000002	          0.05000002	          0.05000001	          0.05000027	          0.05000036	          0.05000040	          0.05000059	          0.05000060	          0.05000058	          0.22044504	          0.05000011	          0.27042848	          0.05000006	          0.05051017	          0.17347762	          0.17642030	          0.16901835	          0.14075495	          0.11357567	          0.05000883	          0.05022517	          0.05000048	          0.05000091	          0.05000097	          0.08712483	          0.06917546	          0.06421048	          0.14096919	          0.05000234	          0.05000041	          0.05299831	          0.06420533	          0.06247691	          0.05375985	          0.05000002	          0.05000006	          0.05000002	          0.05000012	          0.06312075	          0.05000051	          0.31797821	          0.05770067	          0.10626041	          0.32956589	          0.60163314	          0.23097508	          0.07855587	          0.10564116	          0.12226467	
          2.12239004	         -2.91398136	         -1.21745083	          2.37509393	          2.81870447	          0.91016801	         -0.00341741	        -15.58300108	          2.55896928	          9.92419003	         29.77758612	          2.27805165	         -2.57057330	         -9.19467616	        -11.98279047	          7.51404659	          7.74798148	         -0.35739750	          0.64018415	          0.20564814	          2.56409258	         12.71049565	         -6.97554658	         -4.25209744	          0.18961100	         -1.55518475	          4.86050610	        -13.79223129	         19.08457329	         -3.99163683	        -13.59481722	          6.36809357	         31.98627500	         27.76418785	         86.51662706	         86.51662706	          0.37764927	          0.08187045	          0.05761828	          0.54911570	          0.24787229	          0.10561172	          0.05000045	          0.05000007	          0.05000006	          0.09386588	          0.13404992	          0.05000007	          0.05000009	          0.05000018	          0.05000055	          0.05000031	          0.59694369	          0.05000041	          0.05000021	          0.05000140	          0.05000076	          0.05000047	          0.48325982	          0.71294867	          0.05000008	          0.05000048	          0.05000096	          0.35382519	          0.14728057	          0.15909855	          0.12488963	          0.45529002	          0.53052130	          0.36668945	          0.49349352	          0.29067157	          0.49129445	          0.05000000	          0.08016691	          0.27634618	          0.05000003	          0.06269805	          0.13373935	          0.05000001	          0.05000001	          0.05000001	          0.05000033	          0.05000028	          0.05000034	          0.05000039	          0.05000038	          0.05000047	          0.25621522	          0.05000034	          0.30132557	          0.05000008	          0.05000033	          0.14748301	          0.16722325	          0.15309844	          0.13662663	          0.12351775	          0.05000048	          0.05021268	          0.05000350	          0.05000084	          0.05000091	          0.09070832	          0.05869037	          0.05447795	          0.12366867	          0.05000082	          0.05000026	          0.05000026	          0.05747246	          0.05633897	          0.05001211	          0.05000001	          0.05000002	          0.05000000	          0.05000008	          0.09160750	          0.05084766	          0.31190360	          0.05503149	          0.11225378	          0.33339657	          0.59840737	          0.23528915	          0.07292444	          0.10187517	          0.12712481	
          2.13310918	         -2.92150238	         -1.28849540	          2.66824000	          2.83481981	          0.90935769	         -0.00328113	        -15.96715696	          2.28753390	          9.87715105	         29.41084253	          2.59032630	         -2.57035768	        -10.19419488	        -10.97847762	          6.93972772	          7.85964385	          0.25361047	          0.59446563	         -0.69002933	          2.61612738	         15.10254604	         -7.14202585	         -4.12397259	          0.35135670	         -1.67181982	          4.68612360	        -13.78571046	         19.33873633	         -4.64218494	        -13.52667503	          5.46044635	         33.16533088	         27.28914562	         86.51662706	         86.51662706	          0.38726800	          0.06946108	          0.05362199	          0.55614321	          0.21030148	          0.08960381	          0.05000053	          0.05000008	          0.05000006	          0.07963832	          0.11373239	          0.05000006	          0.05000008	          0.05000016	          0.05000052	          0.05000030	          0.56299277	          0.05000035	          0.05000022	          0.05000471	          0.05000114	          0.05000056	          0.45443563	          0.75454091	          0.05000010	          0.05000054	          0.05000009	          0.40786173	          0.12496091	          0.13498615	          0.10596493	          0.42213854	          0.50324037	          0.34370293	          0.45913841	          0.28685146	          0.47844780	          0.05000000	          0.06801576	          0.26278222	          0.05000002	          0.05319469	          0.11346803	          0.05000000	          0.05000001	          0.05000001	          0.05000009	          0.05000087	          0.05000025	          0.05337312	          0.05000344	          0.05000077	          0.27304128	          0.07374234	          0.31214667	          0.05000018	          0.05000035	          0.12512975	          0.14853416	          0.12996373	          0.12399663	          0.13296178	          0.05000016	          0.05006552	          0.09340835	          0.05000099	          0.05252732	          0.10271888	          0.05000022	          0.05000019	          0.11420978	          0.05890228	          0.05607913	          0.05000010	          0.05000078	          0.05000072	          0.05000042	          0.05000025	          0.05000020	          0.05143730	          0.05000024	          0.08905092	          0.05207353	          0.30965897	          0.05331516	          0.11749349	          0.33229456	          0.59984475	          0.25732864	          0.06539708	          0.09038002	          0.12771142	
