name C:\Users\u0150099\Documents\master_thesis\3dpredictsim\Results\debug\Fal_s1_mtjc4_sc_cspx10_oy2_MTc2_MTPm_k1_d01_MTJm_nl_MG_exp5_table_d01_PF_Natali2010_x5_ls146_ig21.mot
datacolumns 128
datarows 200
range 0.000000 2.086409
endheader
time	pelvis_tilt	pelvis_list	pelvis_rotation	pelvis_tx	pelvis_ty	pelvis_tz	hip_flexion_l	hip_adduction_l	hip_rotation_l	hip_flexion_r	hip_adduction_r	hip_rotation_r	knee_angle_l	knee_angle_r	ankle_angle_l	ankle_angle_r	subtalar_angle_l	subtalar_angle_r	mtj_angle_l	mtj_angle_r	mtp_angle_l	mtp_angle_r	lumbar_extension	lumbar_bending	lumbar_rotation	arm_flex_l	arm_add_l	arm_rot_l	arm_flex_r	arm_add_r	arm_rot_r	elbow_flex_l	elbow_flex_r	pro_sup_l	pro_sup_r	glut_med1_l/activation	glut_med2_l/activation	glut_med3_l/activation	glut_min1_l/activation	glut_min2_l/activation	glut_min3_l/activation	semimem_l/activation	semiten_l/activation	bifemlh_l/activation	bifemsh_l/activation	sar_l/activation	add_long_l/activation	add_brev_l/activation	add_mag1_l/activation	add_mag2_l/activation	add_mag3_l/activation	tfl_l/activation	pect_l/activation	grac_l/activation	glut_max1_l/activation	glut_max2_l/activation	glut_max3_l/activation	iliacus_l/activation	psoas_l/activation	quad_fem_l/activation	gem_l/activation	peri_l/activation	rect_fem_l/activation	vas_med_l/activation	vas_int_l/activation	vas_lat_l/activation	med_gas_l/activation	lat_gas_l/activation	soleus_l/activation	tib_post_l/activation	flex_dig_l/activation	flex_hal_l/activation	tib_ant_l/activation	per_brev_l/activation	per_long_l/activation	per_tert_l/activation	ext_dig_l/activation	ext_hal_l/activation	ercspn_l/activation	intobl_l/activation	extobl_l/activation	glut_med1_r/activation	glut_med2_r/activation	glut_med3_r/activation	glut_min1_r/activation	glut_min2_r/activation	glut_min3_r/activation	semimem_r/activation	semiten_r/activation	bifemlh_r/activation	bifemsh_r/activation	sar_r/activation	add_long_r/activation	add_brev_r/activation	add_mag1_r/activation	add_mag2_r/activation	add_mag3_r/activation	tfl_r/activation	pect_r/activation	grac_r/activation	glut_max1_r/activation	glut_max2_r/activation	glut_max3_r/activation	iliacus_r/activation	psoas_r/activation	quad_fem_r/activation	gem_r/activation	peri_r/activation	rect_fem_r/activation	vas_med_r/activation	vas_int_r/activation	vas_lat_r/activation	med_gas_r/activation	lat_gas_r/activation	soleus_r/activation	tib_post_r/activation	flex_dig_r/activation	flex_hal_r/activation	tib_ant_r/activation	per_brev_r/activation	per_long_r/activation	per_tert_r/activation	ext_dig_r/activation	ext_hal_r/activation	ercspn_r/activation	intobl_r/activation	extobl_r/activation	
          0.00000000	         -2.92907213	         -0.95244274	          2.18924325	          0.00000000	          0.91063625	         -0.00311276	        -17.65999571	          2.11694812	          8.53011660	         28.56275507	          2.42678142	         -2.28989817	         -6.58254127	         -9.81916033	          6.81885471	          9.48840838	          3.59875738	          2.39147373	         -1.80631239	          2.55475300	         14.19012449	         -7.59552881	         -4.17404147	          0.39240423	         -1.86602758	          4.40846276	        -13.74021403	         19.38239029	         -4.87970652	        -13.46793037	          5.07010468	         32.73522466	         26.47254784	         86.51662706	         86.51662706	          0.43757617	          0.09522136	          0.05873714	          0.57931863	          0.21531446	          0.09522218	          0.05000455	          0.05000059	          0.05000043	          0.08530076	          0.09858694	          0.05000036	          0.05000038	          0.05000091	          0.05000292	          0.05000149	          0.55454822	          0.05000160	          0.05000209	          0.05114128	          0.05001638	          0.05000460	          0.31603474	          0.75800591	          0.05000132	          0.05000646	          0.05628463	          0.22560901	          0.05000140	          0.05000133	          0.05000125	          0.38669740	          0.47611858	          0.33207106	          0.40636958	          0.28384908	          0.43139369	          0.05000006	          0.06228688	          0.19738170	          0.05000029	          0.05873769	          0.11984139	          0.05000007	          0.05000008	          0.05000006	          0.05000109	          0.05000139	          0.05000270	          0.05000219	          0.05000221	          0.05000186	          0.11878934	          0.06692100	          0.35185190	          0.06852647	          0.05000269	          0.16078063	          0.16784905	          0.11320656	          0.13046981	          0.10650407	          0.05000947	          0.05322996	          0.15192362	          0.05000363	          0.05000517	          0.07133664	          0.05000661	          0.05329007	          0.12964217	          0.05000775	          0.05000100	          0.05000478	          0.05000460	          0.05000484	          0.05000376	          0.06056241	          0.05000095	          0.05000032	          0.05596767	          0.05388752	          0.05000566	          0.30278603	          0.05873672	          0.07913836	          0.20780000	          0.56999502	          0.24320661	          0.06900024	          0.07302456	          0.09720296	
          0.01048447	         -2.93017584	         -1.03202864	          2.42786920	          0.01621219	          0.91034574	         -0.00286841	        -17.56516812	          1.88469864	          8.36806160	         28.14010584	          2.79350271	         -2.21809759	         -8.44389073	         -9.80353582	          6.28706819	          9.19631329	          4.68297431	          2.34085159	         -2.87506928	          2.58658239	         17.17869618	         -7.60941941	         -4.01973742	          0.58640756	         -1.98424994	          4.07691467	        -13.69031423	         19.31589760	         -5.53567702	        -13.45040632	          4.63044631	         33.86082661	         26.10510051	         86.51662706	         86.51662706	          0.38181448	          0.08105736	          0.05000012	          0.49314684	          0.18328684	          0.08105807	          0.05000450	          0.05000074	          0.05000044	          0.07261243	          0.08392255	          0.08948627	          0.05000185	          0.05000106	          0.05000340	          0.05000420	          0.47206247	          0.05002194	          0.05000059	          0.05000177	          0.05000116	          0.05000123	          0.26902509	          0.72561260	          0.05000008	          0.05000029	          0.05000009	          0.19205012	          0.08101631	          0.07915613	          0.07046403	          0.32917671	          0.40529666	          0.28625238	          0.38142091	          0.25506101	          0.39765491	          0.05000001	          0.05873750	          0.16802150	          0.05000041	          0.05000057	          0.10201520	          0.05000004	          0.05000009	          0.05000124	          0.05873712	          0.05873709	          0.05000075	          0.05873708	          0.05873711	          0.05873689	          0.10117326	          0.05873762	          0.31819083	          0.06883458	          0.05000065	          0.13686659	          0.22330383	          0.09636839	          0.13694766	          0.13801671	          0.05000331	          0.05001911	          0.16028884	          0.05871077	          0.05000401	          0.11256547	          0.05000036	          0.05000027	          0.27325430	          0.05000176	          0.07366147	          0.05000010	          0.05000141	          0.05000118	          0.05000095	          0.06055735	          0.05551492	          0.05120898	          0.05000330	          0.06074043	          0.05925990	          0.32817521	          0.05000040	          0.10686964	          0.25465836	          0.61061750	          0.31481713	          0.05873662	          0.06216229	          0.08274420	
          0.02096893	         -2.92900819	         -1.12186798	          2.65602475	          0.03268495	          0.91009565	         -0.00259770	        -17.36901814	          1.63079410	          8.16263985	         27.72264417	          3.13228064	         -2.13132621	        -10.44218640	        -10.36133515	          5.53970227	          8.58060255	          5.83676239	          2.29551816	         -4.02015218	          2.64619556	         20.39156192	         -7.68916635	         -3.84937555	          0.79112273	         -2.09411308	          3.67136574	        -13.64716126	         19.20896900	         -6.20797634	        -13.45607376	          4.37842099	         35.02697641	         25.74000963	         86.51662706	         86.51662706	          0.32502026	          0.06900029	          0.05873701	          0.41979215	          0.15602328	          0.06900092	          0.05001001	          0.05000082	          0.05000141	          0.06181148	          0.07143946	          0.14417948	          0.21847092	          0.06899388	          0.05004554	          0.05205192	          0.52829945	          0.07723467	          0.05000968	          0.05000634	          0.05000457	          0.05000743	          0.22900804	          0.66585627	          0.05000399	          0.05873790	          0.05873708	          0.17137756	          0.15436964	          0.15436983	          0.13927647	          0.28021213	          0.34500936	          0.24367274	          0.33491982	          0.21712143	          0.33850521	          0.05000006	          0.05000042	          0.14302856	          0.05000014	          0.05000005	          0.08684062	          0.06115483	          0.06900090	          0.05183261	          0.05000010	          0.05000021	          0.09406367	          0.05000017	          0.05000025	          0.05000032	          0.08612393	          0.05000061	          0.27086048	          0.05859617	          0.06900500	          0.11773706	          0.20831066	          0.46812215	          0.30529097	          0.13748046	          0.05000035	          0.08105356	          0.13645028	          0.05000308	          0.05873667	          0.18252547	          0.06900100	          0.06900109	          0.57224191	          0.15909331	          0.09355086	          0.06900093	          0.05022817	          0.15295449	          0.12639178	          0.06900149	          0.06902296	          0.06900088	          0.05000008	          0.06900120	          0.06900121	          0.38994424	          0.13017535	          0.09097303	          0.41095178	          0.62214415	          0.32279092	          0.05000002	          0.05291575	          0.07043614	
          0.03145340	         -2.92596810	         -1.24046024	          2.87191460	          0.04937499	          0.90986295	         -0.00234203	        -17.07711836	          1.34624437	          7.91682661	         27.23434288	          3.38926298	         -1.95979283	        -12.54615441	        -11.20762573	          4.51085379	          7.71826040	          6.98208056	          2.24890021	         -5.17933838	          2.70663836	         23.73887603	         -7.83990375	         -3.66452585	          1.02672924	         -2.19311685	          3.19831688	        -13.60712227	         19.08351879	         -6.88222900	        -13.49177219	          4.29826152	         36.23350524	         25.35947250	         86.51662706	         86.51662706	          0.29004852	          0.05873667	          0.05000020	          0.35734920	          0.13281513	          0.05873720	          0.05000323	          0.05000140	          0.05000107	          0.05261719	          0.06081321	          0.20023149	          0.40358483	          0.05873721	          0.05873169	          0.13089139	          0.54146241	          0.06899674	          0.05000261	          0.05001452	          0.05001259	          0.05001919	          0.19494348	          0.64224710	          0.05000075	          0.05000127	          0.05000012	          0.14588543	          0.13140766	          0.13140777	          0.11855950	          0.23853097	          0.29368971	          0.20742675	          0.28510105	          0.18482499	          0.28815324	          0.08586217	          0.05000062	          0.12175429	          0.05000014	          0.05000098	          0.07392326	          0.08659160	          0.05873712	          0.05000088	          0.36448852	          0.05000045	          0.44249101	          0.19126575	          0.05000121	          0.37277143	          0.10704575	          0.05001715	          0.23195586	          0.05000078	          0.05874079	          0.10022405	          0.36456212	          0.39848990	          0.25988419	          0.24094280	          0.05000098	          0.06900185	          0.15959366	          0.05000026	          0.05000027	          0.25428547	          0.05873733	          0.05873734	          0.48712180	          0.13542857	          0.16010393	          0.05873717	          0.12078371	          0.13020359	          0.10759185	          0.05873764	          0.05875595	          0.05873713	          0.05000040	          0.05873746	          0.05873758	          0.47205489	          0.11081221	          0.08673432	          0.34982361	          0.72679133	          0.60139878	          0.05000037	          0.08528760	          0.05995888	
          0.04193787	         -2.92296869	         -1.37753659	          3.06089108	          0.06604228	          0.90973958	         -0.00206248	        -16.60679771	          1.05280391	          7.65482161	         26.69397110	          3.60136808	         -1.80265027	        -14.88080265	        -12.00636843	          3.22771067	          6.73249331	          8.12950436	          2.23301051	         -6.29408951	          2.87750131	         26.98069240	         -7.97346871	         -3.48793998	          1.27939493	         -2.28255719	          2.69663280	        -13.57283158	         18.95003787	         -7.48927574	        -13.54426599	          4.39185222	         37.44014519	         24.90413267	         86.51662706	         86.51662706	          0.24690427	          0.05000007	          0.05000002	          0.30419453	          0.11305917	          0.05000031	          0.05853727	          0.05000073	          0.05000036	          0.05000034	          0.05176773	          0.25305433	          0.57143360	          0.05000104	          0.05000407	          0.11142654	          0.55554102	          0.05873647	          0.05000046	          0.05000067	          0.05000044	          0.05000048	          0.16594596	          0.59049051	          0.05000004	          0.05000022	          0.05000016	          0.18768298	          0.11186118	          0.11186125	          0.10092415	          0.20304982	          0.25000379	          0.17657231	          0.24269285	          0.15733257	          0.24529102	          0.23938512	          0.10535648	          0.11092059	          0.37677919	          0.25118065	          0.45491621	          0.11589801	          0.05000006	          0.05000009	          0.45071894	          0.40611686	          0.48128446	          0.25754767	          0.36165284	          0.31732350	          0.09520856	          0.14245229	          0.19745285	          0.05873346	          0.05000335	          0.08531591	          0.31033410	          0.33921568	          0.32374025	          0.26592457	          0.05000055	          0.05873828	          0.13585588	          0.32701453	          0.25040688	          0.30519272	          0.05000028	          0.05000030	          0.41466343	          0.11528397	          0.13628899	          0.05000014	          0.13470693	          0.16285362	          0.10866628	          0.05000050	          0.05001611	          0.05000006	          0.07778244	          0.05000042	          0.05000054	          0.49129126	          0.09432911	          0.07383279	          0.61730434	          0.83919102	          0.76538574	          0.08388277	          0.07260124	          0.05104010	
          0.05242234	         -2.92141657	         -1.50747683	          3.21194590	          0.08235864	          0.90986244	         -0.00173306	        -15.87754841	          0.78569770	          7.40772392	         26.21620094	          3.80443246	         -1.71566288	        -17.55118150	        -12.80730465	          1.70290523	          5.41981244	          9.31644468	          2.16520147	         -7.20239242	          3.05345246	         29.68101386	         -8.24598755	         -3.34866644	          1.52065919	         -2.35857942	          2.23388825	        -13.54066949	         18.82975256	         -7.95105044	        -13.59772791	          4.65928633	         38.57140808	         24.31326341	         86.51662706	         86.51662706	          0.21017764	          0.05000148	          0.05000132	          0.25894615	          0.09624193	          0.05000135	          0.05000849	          0.05000137	          0.05012948	          0.05000014	          0.05000058	          0.26262731	          0.72697866	          0.39911713	          0.11188786	          0.09485276	          0.56574064	          0.05000233	          0.05000117	          0.05873581	          0.06900327	          0.08105806	          0.14126177	          0.51618475	          0.07429399	          0.05001803	          0.05000119	          0.19681708	          0.09522212	          0.09522216	          0.08591193	          0.17284644	          0.21281608	          0.15030743	          0.20659681	          0.13392960	          0.20880454	          0.25382000	          0.08968510	          0.09821382	          0.32073439	          0.34759733	          0.67916701	          0.14154287	          0.05000006	          0.05000007	          0.52894382	          0.49515657	          0.54413628	          0.21923990	          0.30785827	          0.31291528	          0.08286024	          0.13451350	          0.16808211	          0.05000036	          0.05000030	          0.07262542	          0.34024404	          0.42447192	          0.41542062	          0.30048746	          0.05000043	          0.05000481	          0.12943372	          0.39210540	          0.30750271	          0.35295618	          0.05000009	          0.05000009	          0.35298333	          0.09813591	          0.11943135	          0.05000011	          0.28163620	          0.30258607	          0.23632144	          0.05000004	          0.05000010	          0.05000001	          0.06621264	          0.05000052	          0.05000068	          0.53108674	          0.08029799	          0.07381237	          0.72276714	          0.90534878	          0.86190741	          0.11077487	          0.06180192	          0.05000009	
          0.06290680	         -2.92050292	         -1.62428687	          3.33316497	          0.09825781	          0.91021615	         -0.00138445	        -14.91494019	          0.55698701	          7.21126043	         25.77175353	          4.00505769	         -1.64000225	        -20.48080048	        -13.62532762	         -0.04848863	          4.17998093	         10.50719184	          2.06517897	         -7.86121859	          3.21777846	         31.59576208	         -8.53071589	         -3.24489418	          1.74552716	         -2.42442292	          1.83170919	        -13.50964494	         18.74778949	         -8.26827310	        -13.65016680	          5.05900451	         39.59890203	         23.60836802	         86.51662706	         86.51662706	          0.17891405	          0.05000054	          0.05000040	          0.22042853	          0.08192637	          0.05000123	          0.05003044	          0.05000158	          0.05000323	          0.05000029	          0.05000157	          0.25936006	          0.66766834	          0.33974953	          0.09524563	          0.08074372	          0.59143579	          0.23840282	          0.06841119	          0.05000989	          0.05874040	          0.06900127	          0.12024941	          0.43940312	          0.22680809	          0.05014538	          0.05000984	          0.16754200	          0.08105799	          0.08105803	          0.07313268	          0.14713578	          0.18116000	          0.12794940	          0.19356260	          0.11400778	          0.17774553	          0.21606467	          0.07634464	          0.10685283	          0.27302626	          0.48400712	          0.81115966	          0.16590279	          0.05000409	          0.05000006	          0.58373633	          0.53574570	          0.55985423	          0.18662927	          0.26206543	          0.26637197	          0.07258665	          0.12099648	          0.14308029	          0.05000049	          0.05000060	          0.06182272	          0.28963692	          0.38301178	          0.40653184	          0.30862182	          0.05000060	          0.05000747	          0.11018179	          0.40955994	          0.32617038	          0.35806124	          0.05000017	          0.05000018	          0.30047818	          0.08353868	          0.10812888	          0.05000021	          0.38793557	          0.41260950	          0.32073177	          0.05000007	          0.05000020	          0.05000003	          0.05636429	          0.05000071	          0.05000091	          0.55861362	          0.06835431	          0.07219101	          0.77113844	          0.94428885	          0.91871947	          0.11134712	          0.05260899	          0.05000014	
          0.07339127	         -2.91966532	         -1.72905228	          3.43147686	          0.11376895	          0.91075937	         -0.00102818	        -13.77848473	          0.36981210	          7.02909667	         25.29877519	          4.20637181	         -1.54705733	        -23.54525824	        -14.39010787	         -1.85109585	          3.16523893	         11.58090763	          1.94518263	         -8.24177275	          3.35150990	         32.67945260	         -8.81715359	         -3.16718097	          1.95175919	         -2.48310360	          1.48963832	        -13.48305502	         18.71448988	         -8.46160125	        -13.69823821	          5.54266630	         40.51803339	         22.82683768	         86.51662706	         86.51662706	          0.15230089	          0.05000244	          0.05873481	          0.18764140	          0.06974119	          0.05866830	          0.05000876	          0.05000075	          0.05000103	          0.05000052	          0.13820699	          0.24725786	          0.56835404	          0.28921258	          0.08107848	          0.06873333	          0.60447529	          0.31141400	          0.09758183	          0.05000707	          0.05000490	          0.05873775	          0.12868220	          0.37404258	          0.19307139	          0.05875222	          0.05839099	          0.25459305	          0.06900076	          0.06900079	          0.06225432	          0.12524954	          0.15421273	          0.10891711	          0.21645326	          0.09704933	          0.23557000	          0.18392536	          0.06498860	          0.09095866	          0.23241408	          0.53889853	          0.88884971	          0.17707116	          0.08070519	          0.05000008	          0.64950067	          0.57624202	          0.58540681	          0.15886965	          0.22308464	          0.28803341	          0.07088175	          0.11152608	          0.12179793	          0.05000045	          0.05000082	          0.05262701	          0.24655460	          0.32604230	          0.37503162	          0.31926411	          0.05000061	          0.05000583	          0.09379311	          0.42751931	          0.33857464	          0.35957880	          0.05000017	          0.05000017	          0.25578302	          0.07111287	          0.11789908	          0.05000023	          0.40540672	          0.45187574	          0.33445472	          0.05000007	          0.05000018	          0.05000003	          0.05258244	          0.05000065	          0.05000079	          0.57459586	          0.05818876	          0.07349261	          0.80975921	          0.96720873	          0.95215871	          0.11628645	          0.05000005	          0.05000012	
          0.08387574	         -2.91874378	         -1.82208595	          3.51662073	          0.12893697	          0.91146904	         -0.00065983	        -12.54484822	          0.21872488	          6.83962933	         24.77914635	          4.40700221	         -1.43205788	        -26.57825447	        -15.07823414	         -3.10398900	          2.37579039	         12.44889129	          1.81128564	         -8.35400739	          3.45733869	         33.15235343	         -9.09666468	         -3.10860405	          2.13280370	         -2.53392841	          1.20703495	        -13.46471656	         18.73306568	         -8.55592039	        -13.73459303	          6.06615357	         41.32739899	         22.00269548	         86.51662706	         86.51662706	          0.12964640	          0.05000051	          0.05000034	          0.21763197	          0.05936844	          0.05000192	          0.05000756	          0.05000055	          0.05000072	          0.05000042	          0.16502545	          0.24860935	          0.48381339	          0.24619301	          0.06901878	          0.05850953	          0.61716374	          0.39011922	          0.09455913	          0.05000346	          0.05000162	          0.05000133	          0.15428919	          0.31840434	          0.16435249	          0.05001487	          0.05000074	          0.24130763	          0.05873704	          0.05873706	          0.05299411	          0.10661888	          0.13127722	          0.09271585	          0.19368700	          0.11616496	          0.20053851	          0.19390709	          0.05532165	          0.07742870	          0.19784284	          0.45873844	          0.91791152	          0.16537890	          0.09941926	          0.05000007	          0.67976850	          0.57830675	          0.57494553	          0.13523956	          0.18990210	          0.24519076	          0.06171714	          0.09929205	          0.10368119	          0.05000049	          0.05000068	          0.05000153	          0.20997298	          0.28958055	          0.36128120	          0.31476030	          0.05000063	          0.05000649	          0.07984278	          0.40965003	          0.32799679	          0.34388703	          0.05000020	          0.05000019	          0.21773620	          0.06053555	          0.11185774	          0.05000026	          0.41907297	          0.46510801	          0.34788541	          0.05000006	          0.05000016	          0.05000003	          0.05770148	          0.05000062	          0.05000073	          0.58286016	          0.05000410	          0.07582081	          0.82025734	          0.98069923	          0.97184083	          0.12009455	          0.05000006	          0.05000017	
          0.09436021	         -2.91785187	         -1.90158360	          3.59814518	          0.14380085	          0.91234562	         -0.00027979	        -11.25558243	          0.09044657	          6.62779862	         24.21339578	          4.60380157	         -1.29048272	        -29.42309320	        -15.69184175	         -3.51974513	          1.79667191	         13.09022717	          1.66814595	         -8.37978005	          3.53764860	         33.35714346	         -9.35531307	         -3.06623653	          2.28401083	         -2.57592083	          0.98273716	        -13.45497522	         18.79773108	         -8.57144892	        -13.75318975	          6.59591708	         42.02578460	         21.16151610	         86.51662706	         86.51662706	          0.11036174	          0.05000049	          0.05000039	          0.18526458	          0.05053902	          0.05000193	          0.05001987	          0.05000163	          0.05000181	          0.05001132	          0.18428180	          0.25584650	          0.41433528	          0.20957269	          0.05875324	          0.05000054	          0.61760613	          0.43046945	          0.15353117	          0.05000320	          0.05000152	          0.05000081	          0.15622603	          0.27104225	          0.13990553	          0.05001257	          0.05000202	          0.20541547	          0.05000014	          0.05000014	          0.05000007	          0.09075956	          0.11481767	          0.07892452	          0.16487657	          0.09888586	          0.17070903	          0.20663198	          0.05000029	          0.06591143	          0.16841410	          0.59205719	          0.94971374	          0.15312972	          0.10184735	          0.05000008	          0.71097679	          0.56669450	          0.55771577	          0.11512328	          0.16165498	          0.20872105	          0.05254904	          0.08648840	          0.08825946	          0.05000040	          0.05000066	          0.05000140	          0.20799069	          0.29732368	          0.33453877	          0.30372905	          0.05000072	          0.05000551	          0.06796814	          0.38939257	          0.31250589	          0.32016884	          0.05000017	          0.05000019	          0.19982722	          0.05153330	          0.09522166	          0.05000036	          0.42766065	          0.47144225	          0.35454506	          0.05000007	          0.05000017	          0.05000003	          0.06805681	          0.05000065	          0.05000074	          0.59204440	          0.05648370	          0.07402252	          0.80463977	          0.98863964	          0.98342558	          0.12493769	          0.05000007	          0.05000016	
          0.10484467	         -2.91684627	         -1.96932315	          3.67919378	          0.15838975	          0.91337274	          0.00010240	         -9.90195062	         -0.02232073	          6.39495967	         23.60237903	          4.79940524	         -1.11135417	        -32.07334880	        -16.23455650	         -3.42423170	          1.42791319	         13.55696683	          1.52378144	         -8.36851815	          3.59670429	         33.34661535	         -9.57762765	         -3.03828454	          2.41002411	         -2.60702036	          0.81062289	        -13.45063165	         18.89295305	         -8.52235097	        -13.75576618	          7.11598023	         42.62031840	         20.32506723	         86.51662706	         86.51662706	          0.09394565	          0.05000050	          0.05000040	          0.16059898	          0.05000628	          0.05000211	          0.05001631	          0.05000516	          0.05000200	          0.05965299	          0.19817490	          0.24977256	          0.37899849	          0.17839950	          0.05001558	          0.05000057	          0.61729001	          0.43257210	          0.17569519	          0.05000305	          0.05000135	          0.05000063	          0.15603576	          0.23072531	          0.11909496	          0.05001234	          0.05000138	          0.21223480	          0.05000012	          0.05000011	          0.05000008	          0.07725951	          0.10146577	          0.06718465	          0.14304236	          0.08417714	          0.14531660	          0.20598731	          0.05000128	          0.05610754	          0.14336306	          0.58351813	          0.92477135	          0.14456234	          0.09832439	          0.05000008	          0.73149940	          0.54953615	          0.53801612	          0.09799941	          0.13760972	          0.17767779	          0.05165774	          0.08396188	          0.07838941	          0.05000046	          0.05000075	          0.05000143	          0.19531369	          0.28883239	          0.32137132	          0.29431081	          0.05000067	          0.05000606	          0.05786253	          0.37291557	          0.29846784	          0.30345760	          0.05000018	          0.05000019	          0.17010420	          0.05872633	          0.08105947	          0.05000035	          0.41735455	          0.46009808	          0.34911062	          0.05000006	          0.05000015	          0.05000003	          0.08017433	          0.05000060	          0.05000063	          0.61057599	          0.09529741	          0.08108588	          0.68500665	          0.99331331	          0.99024422	          0.12440620	          0.05000007	          0.05000019	
          0.11532914	         -2.91544616	         -2.02721701	          3.75937240	          0.17274126	          0.91451574	          0.00047819	         -8.48685519	         -0.12242106	          6.14244892	         22.94866237	          4.99623039	         -0.88876297	        -34.52932636	        -16.71493593	         -2.98611975	          1.27017222	         13.86820270	          1.38187891	         -8.33117694	          3.64104652	         33.17305439	         -9.74883267	         -3.02173813	          2.51615172	         -2.62655680	          0.67826026	        -13.44977522	         18.99979824	         -8.42061964	        -13.74680700	          7.62031029	         43.12674066	         19.51250537	         86.51662706	         86.51662706	          0.07997146	          0.05000043	          0.05000033	          0.19908405	          0.05000598	          0.05000184	          0.05003555	          0.07826003	          0.05000409	          0.08443316	          0.21442807	          0.23922916	          0.38094348	          0.15186327	          0.05000434	          0.05000048	          0.60982136	          0.43372591	          0.20997540	          0.05000255	          0.05000108	          0.05000048	          0.15111219	          0.19640579	          0.10137989	          0.05000831	          0.05000119	          0.24775957	          0.05000010	          0.05000009	          0.05000006	          0.07175687	          0.09518497	          0.05719107	          0.12729589	          0.07165695	          0.12370125	          0.20276595	          0.05000748	          0.05000154	          0.12204029	          0.57593630	          0.88605852	          0.13735049	          0.09555337	          0.05000010	          0.75155211	          0.53311394	          0.50836369	          0.08342461	          0.11714258	          0.16280528	          0.05463989	          0.08671444	          0.07511107	          0.05000040	          0.05000067	          0.05000197	          0.19174669	          0.28843369	          0.33126887	          0.28494352	          0.05000063	          0.05000657	          0.05002053	          0.35270065	          0.28196484	          0.28746019	          0.05000017	          0.05000018	          0.14480168	          0.05000570	          0.06900285	          0.05000030	          0.41465004	          0.45895016	          0.34706920	          0.05000006	          0.05000015	          0.05000002	          0.10043452	          0.05000047	          0.05000045	          0.58545118	          0.08112278	          0.06902488	          0.58311345	          0.99606414	          0.99425738	          0.11898951	          0.05000008	          0.05000020	
          0.12581361	         -2.91364118	         -2.07721758	          3.83724231	          0.18688758	          0.91574719	          0.00084442	         -7.01768258	         -0.21293553	          5.87276962	         22.25034531	          5.19475427	         -0.62453357	        -36.77628492	        -17.13391942	         -2.33333200	          1.34296503	         14.03680564	          1.25033265	         -8.26582123	          3.69384898	         32.86807761	         -9.85206170	         -3.01447029	          2.60643690	         -2.63436144	          0.57417486	        -13.45171500	         19.10280889	         -8.27469570	        -13.72987766	          8.10659981	         43.55976256	         18.73796306	         86.51662706	         86.51662706	          0.06807596	          0.05000041	          0.05000030	          0.27066962	          0.05000717	          0.05000162	          0.05004578	          0.10688224	          0.05000670	          0.10338913	          0.22310271	          0.23038927	          0.36736434	          0.12927423	          0.05000395	          0.05000043	          0.59630281	          0.43038254	          0.23687783	          0.05000229	          0.05000091	          0.05000037	          0.14368168	          0.16723253	          0.08629990	          0.05000594	          0.05000083	          0.27817665	          0.05000010	          0.05000009	          0.05000006	          0.06462227	          0.08102772	          0.05000218	          0.11923128	          0.06100009	          0.10530116	          0.20466041	          0.05000133	          0.05000047	          0.10388906	          0.55159142	          0.85123386	          0.12882316	          0.09653796	          0.05000011	          0.76569039	          0.52227473	          0.48521062	          0.15476743	          0.13623613	          0.22151151	          0.05591441	          0.08620327	          0.07199498	          0.05000046	          0.05000071	          0.05000272	          0.16322562	          0.24553383	          0.30804878	          0.27075493	          0.05000071	          0.05000765	          0.05007222	          0.33365543	          0.26242819	          0.26421325	          0.05000019	          0.05000019	          0.12326280	          0.05000313	          0.05873995	          0.05000032	          0.45636174	          0.50154074	          0.37694063	          0.05000009	          0.05000025	          0.05000005	          0.15607835	          0.05001307	          0.05000994	          0.55764105	          0.06905598	          0.05875760	          0.49637627	          0.99005769	          0.97074233	          0.11487794	          0.05000009	          0.05000021	
          0.13629808	         -2.91198499	         -2.11830743	          3.91130783	          0.20084568	          0.91707324	          0.00119613	         -5.50034801	         -0.29471472	          5.58668980	         21.49238117	          5.39001612	         -0.32800977	        -38.79956037	        -17.46729463	         -1.54091220	          1.67098318	         14.07616670	          1.11475014	         -8.16835686	          3.74583138	         32.45431393	         -9.90117660	         -3.01622904	          2.68140049	         -2.62963797	          0.49367103	        -13.45432458	         19.19389266	         -8.08749690	        -13.70627224	          8.57432395	         43.92144991	         18.00629288	         86.51662706	         86.51662706	          0.05795012	          0.05000037	          0.05000024	          0.38724269	          0.05001027	          0.05000140	          0.05348871	          0.12707552	          0.05003872	          0.12656903	          0.22138149	          0.21828001	          0.35637996	          0.11004527	          0.05000357	          0.05000041	          0.58015077	          0.41131823	          0.25851706	          0.05000195	          0.05000073	          0.05000030	          0.13392750	          0.14583524	          0.07346303	          0.05000353	          0.05000073	          0.29117851	          0.05000009	          0.05000009	          0.05000006	          0.05500997	          0.06897523	          0.05000004	          0.10807027	          0.05192857	          0.08963807	          0.21240116	          0.05000062	          0.05000029	          0.11592302	          0.52701821	          0.85956718	          0.12155955	          0.09061847	          0.05000013	          0.76938228	          0.50901952	          0.46129292	          0.25047255	          0.23604813	          0.27171479	          0.05936890	          0.08721557	          0.07151597	          0.05000036	          0.05000065	          0.05000112	          0.13894640	          0.20901309	          0.27910547	          0.25286619	          0.05000076	          0.05000472	          0.05000404	          0.31846313	          0.24267382	          0.23759720	          0.05000016	          0.05000017	          0.10492779	          0.05000320	          0.05000642	          0.05000034	          0.45220501	          0.52008926	          0.38665908	          0.05000018	          0.05000047	          0.05000021	          0.16093613	          0.05000488	          0.05001561	          0.50168441	          0.05878415	          0.05001763	          0.42254113	          0.84279048	          0.86221321	          0.10587800	          0.05000010	          0.05000021	
          0.14678254	         -2.91127378	         -2.14973266	          3.97924670	          0.21461330	          0.91851392	          0.00153142	         -3.93666342	         -0.36880456	          5.28591555	         20.66666949	          5.57831454	         -0.00290036	        -40.59349662	        -17.68639373	         -0.66769466	          2.17838273	         13.99584243	          0.98673309	         -8.04307561	          3.76530590	         31.93817984	         -9.92626642	         -3.02900965	          2.74178981	         -2.61253265	          0.43654512	        -13.45512955	         19.26849677	         -7.85606286	        -13.67653061	          9.02609592	         44.20681425	         17.31734901	         86.51662706	         86.51662706	          0.05000165	          0.05000038	          0.05000023	          0.45728839	          0.05001624	          0.05000139	          0.06052352	          0.13345259	          0.05254549	          0.14943115	          0.21845331	          0.20563029	          0.33603235	          0.09367659	          0.05000324	          0.05000039	          0.56137395	          0.38969296	          0.27734719	          0.05000179	          0.05000063	          0.05000026	          0.12443790	          0.13009625	          0.06253566	          0.05000313	          0.05000067	          0.29170423	          0.05000010	          0.05000009	          0.05000006	          0.05000049	          0.05871569	          0.05000007	          0.09705555	          0.05000683	          0.07630489	          0.21568301	          0.05000065	          0.05000029	          0.12618063	          0.49954883	          0.85032847	          0.11437413	          0.08656361	          0.05000015	          0.76381040	          0.48770100	          0.43189049	          0.32078489	          0.29467831	          0.31668148	          0.06707465	          0.09572801	          0.07419373	          0.05000050	          0.05000070	          0.05000121	          0.11827860	          0.17792418	          0.24178064	          0.23176642	          0.05000082	          0.05000499	          0.05001013	          0.29428290	          0.21689877	          0.20554685	          0.05000017	          0.05000018	          0.08932009	          0.05000292	          0.05000641	          0.05000026	          0.45931372	          0.52733319	          0.39100685	          0.05000019	          0.05000047	          0.05000016	          0.17280779	          0.05000324	          0.05000517	          0.45335732	          0.05004068	          0.05000082	          0.35968892	          0.76710491	          0.73403092	          0.09939695	          0.05000011	          0.05000022	
          0.15726701	         -2.91196241	         -2.16956494	          4.03900239	          0.22819476	          0.92006107	          0.00184817	         -2.32842353	         -0.43426183	          4.97246025	         19.76650619	          5.75465277	          0.34667483	        -42.16512675	        -17.76248375	          0.25766027	          2.76443089	         13.81128014	          0.87575648	         -7.89258562	          3.75379486	         31.33266715	         -9.92894336	         -3.05411898	          2.78699204	         -2.58322860	          0.40150874	        -13.45388650	         19.32528791	         -7.58137710	        -13.64223452	          9.46270416	         44.41534634	         16.67681403	         86.51662706	         86.51662706	          0.05000388	          0.05000040	          0.05000023	          0.50527315	          0.05003886	          0.05000148	          0.05527925	          0.12881122	          0.05001157	          0.17120287	          0.21524422	          0.19244305	          0.30926141	          0.07974276	          0.05000280	          0.05000036	          0.54026733	          0.36676939	          0.29053971	          0.05000162	          0.05000054	          0.05000022	          0.11534502	          0.11817898	          0.05323383	          0.05000304	          0.05000068	          0.27993788	          0.05000010	          0.05000010	          0.05000007	          0.05000030	          0.05000063	          0.05000005	          0.08702263	          0.05000433	          0.06495509	          0.22207869	          0.05000059	          0.05000026	          0.14736432	          0.47551080	          0.86365575	          0.10836165	          0.08396429	          0.05000016	          0.75105569	          0.46293282	          0.39919511	          0.36898549	          0.34924454	          0.35970095	          0.07373086	          0.10324844	          0.07704542	          0.05000075	          0.05000081	          0.05000104	          0.10068507	          0.15145941	          0.20583818	          0.21073980	          0.05000089	          0.05000461	          0.05001359	          0.26931608	          0.19021663	          0.17498305	          0.05000019	          0.05000019	          0.07603403	          0.05000311	          0.05000835	          0.05000022	          0.45463975	          0.52284800	          0.38714611	          0.05000015	          0.05000039	          0.05000010	          0.18315560	          0.05017123	          0.05003381	          0.40864479	          0.05000048	          0.05000037	          0.30618596	          0.69906672	          0.62484637	          0.09446380	          0.05000012	          0.05000023	
          0.16775148	         -2.91407276	         -2.17610538	          4.08934457	          0.24160462	          0.92167945	          0.00214514	         -0.67903158	         -0.49078561	          4.64844769	         18.78915141	          5.91402088	          0.71685413	        -43.52735640	        -17.68213289	          1.21136594	          3.36160860	         13.53580658	          0.78585442	         -7.71792332	          3.72098382	         30.64553920	         -9.90087398	         -3.09162061	          2.81619295	         -2.54181278	          0.38596694	        -13.45185093	         19.36441429	         -7.26871237	        -13.60560447	          9.88222215	         44.55017237	         16.09460897	         86.51662706	         86.51662706	          0.05001089	          0.05000041	          0.05000023	          0.55679556	          0.07583807	          0.05000152	          0.05018909	          0.10965118	          0.05000421	          0.19249686	          0.21156489	          0.18164593	          0.28290882	          0.06788168	          0.05000248	          0.05000034	          0.51738365	          0.34807399	          0.29851629	          0.05000146	          0.05000047	          0.05000020	          0.10751864	          0.10937209	          0.05000072	          0.05000283	          0.05000064	          0.25813842	          0.05000012	          0.05000011	          0.05000008	          0.05000018	          0.05000045	          0.05000004	          0.07626271	          0.05000282	          0.05529386	          0.22968631	          0.05000052	          0.05000024	          0.17568998	          0.45426907	          0.87525970	          0.10351468	          0.07905106	          0.05000018	          0.73439716	          0.44070960	          0.36460486	          0.43783477	          0.41129490	          0.40223674	          0.07594432	          0.10598350	          0.07779516	          0.05000094	          0.05000084	          0.05000095	          0.08570853	          0.12893120	          0.17842404	          0.19587725	          0.05000092	          0.05000433	          0.05001434	          0.25064302	          0.16993533	          0.15403317	          0.05000019	          0.05000019	          0.06472429	          0.05000272	          0.05000852	          0.05000021	          0.43601135	          0.50300144	          0.37151197	          0.05000014	          0.05000034	          0.05000009	          0.19250134	          0.05001120	          0.05000749	          0.36333609	          0.05000086	          0.05000071	          0.26064168	          0.62182406	          0.53190195	          0.09044568	          0.05000013	          0.05000024	
          0.17823595	         -2.91727693	         -2.16843256	          4.12891647	          0.25486183	          0.92331931	          0.00242189	          1.00685554	         -0.53949231	          4.31604885	         17.73920999	          6.05245353	          1.10400343	        -44.69636909	        -17.45098077	          2.17725814	          3.93395982	         13.18327871	          0.71974214	         -7.52307835	          3.67356563	         29.88300135	         -9.83342360	         -3.14078851	          2.82946935	         -2.48857264	          0.38659042	        -13.45030710	         19.38521419	         -6.92433835	        -13.56917168	         10.28085492	         44.61494686	         15.58064990	         86.51662706	         86.51662706	          0.05547296	          0.05000040	          0.05000022	          0.58041175	          0.10263309	          0.05000150	          0.05002875	          0.09334088	          0.05000183	          0.21118636	          0.20726034	          0.17437442	          0.24331747	          0.05778533	          0.05000225	          0.05000031	          0.49414090	          0.33914101	          0.29950943	          0.05000125	          0.05000039	          0.05000017	          0.10245243	          0.10402640	          0.05000084	          0.05000275	          0.05000066	          0.22805617	          0.05000013	          0.05000013	          0.05000009	          0.05000015	          0.05000036	          0.05000003	          0.06560495	          0.05000257	          0.05000210	          0.23565573	          0.05000052	          0.05000024	          0.19878472	          0.43485777	          0.87643459	          0.10135866	          0.07192843	          0.05000019	          0.71427153	          0.42307170	          0.33110451	          0.51932145	          0.47743979	          0.43885477	          0.07209511	          0.10021470	          0.07406034	          0.05000063	          0.05000080	          0.05000075	          0.07295975	          0.10975405	          0.16562537	          0.18604104	          0.05000100	          0.05000359	          0.05000447	          0.24040446	          0.15870801	          0.14438745	          0.05000017	          0.05000017	          0.05509700	          0.05000240	          0.05000585	          0.05000026	          0.40380109	          0.46819414	          0.34438701	          0.05000016	          0.05000037	          0.05000009	          0.20296739	          0.05000532	          0.05000535	          0.32213665	          0.05000174	          0.05755205	          0.22187235	          0.53350587	          0.45278266	          0.08744891	          0.05000014	          0.05000025	
          0.18872041	         -2.92099646	         -2.14619752	          4.15569385	          0.26798740	          0.92492719	          0.00267862	          2.72338982	         -0.58211346	          3.97736174	         16.62694760	          6.16713408	          1.50275820	        -45.69040984	        -17.08768633	          3.14633979	          4.46118302	         12.76737243	          0.67273936	         -7.31060323	          3.61769642	         29.05052848	         -9.71557313	         -3.20013754	          2.82766598	         -2.42407850	          0.39948153	        -13.44973520	         19.38486751	         -6.55370207	        -13.53532173	         10.65396390	         44.61203847	         15.14221822	         86.51662706	         86.51662706	          0.05602403	          0.05000043	          0.05000024	          0.58734255	          0.13777076	          0.05000173	          0.05001465	          0.07945666	          0.05000100	          0.22701050	          0.20448321	          0.16624749	          0.20712642	          0.05000234	          0.05000190	          0.05000029	          0.47072504	          0.32266244	          0.28953451	          0.05000114	          0.05000035	          0.05000016	          0.09897878	          0.10079388	          0.05000085	          0.05000309	          0.05000075	          0.19413329	          0.05000016	          0.05000015	          0.05000011	          0.05000013	          0.05000032	          0.05000003	          0.05634627	          0.05000230	          0.05000270	          0.24074523	          0.05000052	          0.05000025	          0.22190010	          0.41838206	          0.87202456	          0.10071621	          0.06340146	          0.05000020	          0.68986600	          0.40835829	          0.30279493	          0.59793912	          0.53525341	          0.46952314	          0.06463578	          0.08791373	          0.06787154	          0.05000037	          0.05000070	          0.05000063	          0.06210737	          0.09342958	          0.16337493	          0.17852742	          0.05000114	          0.05000305	          0.05000222	          0.23508875	          0.15328625	          0.14006022	          0.05000015	          0.05000016	          0.05000088	          0.05000207	          0.05000495	          0.05000047	          0.36273106	          0.42260556	          0.30939971	          0.05000023	          0.05000049	          0.05334306	          0.21388775	          0.05000292	          0.05000367	          0.28806419	          0.05000326	          0.07388293	          0.18887051	          0.46435647	          0.38543220	          0.08501677	          0.05000014	          0.05000024	
          0.19920488	         -2.92457388	         -2.10943911	          4.16704593	          0.28100217	          0.92645204	          0.00291544	          4.46352425	         -0.62006339	          3.63507251	         15.46562329	          6.25620091	          1.90625769	        -46.52702469	        -16.61630157	          4.10990012	          4.92368310	         12.30152181	          0.63464539	         -7.08139712	          3.56609392	         28.15137885	         -9.53697762	         -3.26776885	          2.81220910	         -2.34908343	          0.42009057	        -13.44973413	         19.35789619	         -6.16098850	        -13.50618474	         10.99703432	         44.54352406	         14.78382096	         86.51662706	         86.51662706	          0.06729109	          0.05000047	          0.05000026	          0.51727530	          0.18760886	          0.05000205	          0.05000923	          0.06763771	          0.05000061	          0.24266162	          0.20374072	          0.15921557	          0.17631771	          0.05000215	          0.05000155	          0.05000026	          0.44755685	          0.30697866	          0.27073305	          0.05000103	          0.05000031	          0.05000015	          0.09829829	          0.10055483	          0.05000086	          0.05000327	          0.05000079	          0.16525629	          0.05000019	          0.05000018	          0.05000013	          0.05000011	          0.05000028	          0.05000003	          0.05000452	          0.05000194	          0.05000243	          0.24499458	          0.05000050	          0.05000025	          0.25343426	          0.40564292	          0.85812949	          0.10082681	          0.05398525	          0.05000020	          0.66181512	          0.39492892	          0.28197726	          0.66299623	          0.58011449	          0.49345902	          0.05725270	          0.07698003	          0.06199099	          0.05000036	          0.05000070	          0.05000054	          0.05286945	          0.07953347	          0.14019059	          0.17284972	          0.05000130	          0.05000266	          0.05000189	          0.23098752	          0.14961698	          0.13626071	          0.05000015	          0.05000015	          0.05000095	          0.05000193	          0.05000497	          0.05000052	          0.31972675	          0.37215654	          0.27208058	          0.05000012	          0.05000029	          0.06886424	          0.22353159	          0.05002309	          0.05000765	          0.26349235	          0.05670015	          0.08546696	          0.17286621	          0.44133371	          0.32809999	          0.08255274	          0.05000014	          0.05000022	
          0.20968935	         -2.92744093	         -2.05840272	          4.16020691	          0.29392548	          0.92785033	          0.00313267	          6.21930671	         -0.65421472	          3.29173300	         14.26729497	          6.31898246	          2.30914345	        -47.22064768	        -16.05960778	          5.05743359	          5.31601005	         11.79773108	          0.59376209	         -6.83587552	          3.51954490	         27.18564539	         -9.29392299	         -3.34174641	          2.78463249	         -2.26455199	          0.44340336	        -13.44978915	         19.29781609	         -5.74912178	        -13.48333712	         11.30681338	         44.41263157	         14.50758425	         86.51662706	         86.51662706	          0.08323558	          0.05000051	          0.05000028	          0.44033422	          0.16170175	          0.05000260	          0.05000687	          0.05757686	          0.05000046	          0.25978123	          0.20940420	          0.14947050	          0.15009159	          0.05000157	          0.05000126	          0.05000023	          0.42123784	          0.28838558	          0.24542222	          0.05000092	          0.05000028	          0.05000013	          0.09573485	          0.09818114	          0.05000083	          0.05000388	          0.05000097	          0.14067468	          0.05000021	          0.05000021	          0.05000015	          0.05000011	          0.05000026	          0.05000003	          0.05000077	          0.05000142	          0.05000161	          0.24743604	          0.05000067	          0.05000034	          0.31512187	          0.39579821	          0.83241038	          0.10090508	          0.05000131	          0.05000023	          0.63271334	          0.38222346	          0.26741205	          0.69323861	          0.60600676	          0.51220167	          0.05232583	          0.06559012	          0.05774852	          0.05000027	          0.05000067	          0.05000048	          0.05000129	          0.06770476	          0.11935627	          0.16982469	          0.05000142	          0.05000241	          0.05000139	          0.22761701	          0.14768289	          0.13627452	          0.05000014	          0.05000014	          0.05000082	          0.05000176	          0.05000361	          0.07106590	          0.28809803	          0.32588710	          0.24272770	          0.05000102	          0.05000044	          0.08719882	          0.23391148	          0.05004057	          0.05000916	          0.24416249	          0.07267579	          0.09776688	          0.16213359	          0.42099733	          0.27929593	          0.07911486	          0.05000016	          0.05000022	
          0.22017382	         -2.92930588	         -1.99382869	          4.13334300	          0.30677606	          0.92909356	          0.00333177	          7.98212602	         -0.68492538	          2.95078755	         13.03525898	          6.35577545	          2.70726489	        -47.78116577	        -15.42650877	          5.97662528	          5.64978989	         11.26729861	          0.54382035	         -6.57305919	          3.48012281	         26.15190173	         -9.00153878	         -3.42030926	          2.74604312	         -2.17114272	          0.46528445	        -13.44977686	         19.20058653	         -5.32090603	        -13.46715081	         11.58141921	         44.22250834	         14.31400482	         86.51662706	         86.51662706	          0.08105653	          0.05000051	          0.05000029	          0.37483600	          0.13765148	          0.05000274	          0.05000535	          0.05000039	          0.05000034	          0.27472276	          0.21000486	          0.14844698	          0.12776691	          0.05000143	          0.05000112	          0.05000022	          0.39676627	          0.28327999	          0.20894233	          0.05000082	          0.05000025	          0.05000013	          0.09604042	          0.09800392	          0.05000083	          0.05000362	          0.05000088	          0.11974956	          0.05000024	          0.05000024	          0.05000017	          0.05000010	          0.05000022	          0.05000003	          0.05000059	          0.05000118	          0.05000133	          0.25019768	          0.05000086	          0.05000041	          0.36905837	          0.38813540	          0.80392830	          0.10036337	          0.05000054	          0.05000026	          0.59870789	          0.37083154	          0.26870757	          0.69126745	          0.61497170	          0.52909106	          0.05004797	          0.05847561	          0.05552990	          0.05000030	          0.05000072	          0.05000042	          0.05000123	          0.05763650	          0.10160710	          0.16473770	          0.05000149	          0.05000216	          0.05000133	          0.22723320	          0.14662527	          0.13401730	          0.05000014	          0.05000014	          0.05000079	          0.05000195	          0.05239515	          0.09390538	          0.26189139	          0.28830521	          0.21870952	          0.07612337	          0.05000032	          0.09988729	          0.24451650	          0.05001151	          0.05000657	          0.22664485	          0.09195719	          0.10929889	          0.17716459	          0.40213630	          0.23775180	          0.07573121	          0.05000020	          0.05000021	
          0.23065828	         -2.93013429	         -1.91685178	          4.08598911	          0.31956707	          0.93016931	          0.00351413	          9.74474944	         -0.71205795	          2.61462887	         11.77062465	          6.36771395	          3.09863341	        -48.21642130	        -14.72157998	          6.85293889	          5.93643406	         10.71992651	          0.47867427	         -6.29122455	          3.44771392	         25.04537493	         -8.67848194	         -3.50249503	          2.69728638	         -2.06935159	          0.48375324	        -13.44979393	         19.06546170	         -4.87876788	        -13.45697229	         11.81945987	         43.97532727	         14.20298157	         86.51662706	         86.51662706	          0.06900128	          0.05000052	          0.05000027	          0.31908009	          0.11717704	          0.05000274	          0.05000431	          0.05000041	          0.05000027	          0.28401583	          0.20629905	          0.15076810	          0.10876406	          0.05000127	          0.05000101	          0.05000021	          0.37094279	          0.28006326	          0.17787456	          0.05000071	          0.05000022	          0.05000012	          0.09551930	          0.09772609	          0.05000067	          0.05000333	          0.05000090	          0.10193703	          0.05000029	          0.05000028	          0.05000020	          0.05000009	          0.05000021	          0.05000002	          0.05000041	          0.05000122	          0.05000118	          0.25235956	          0.05000099	          0.05000052	          0.41251881	          0.37971158	          0.76993506	          0.09978266	          0.05000045	          0.05000027	          0.56714457	          0.35717040	          0.26340754	          0.68434039	          0.62246487	          0.53978017	          0.05000400	          0.05035064	          0.05181591	          0.05000027	          0.05000072	          0.05000038	          0.05000106	          0.05000796	          0.08649664	          0.15719612	          0.05000180	          0.05000196	          0.05000119	          0.22328232	          0.14446393	          0.12973564	          0.05000014	          0.05000014	          0.05000084	          0.05000207	          0.09051439	          0.11576103	          0.24106680	          0.25904535	          0.20052756	          0.10349954	          0.05000038	          0.11337577	          0.25519544	          0.05000458	          0.05000432	          0.20951838	          0.11192747	          0.12076098	          0.17188373	          0.38541505	          0.20238996	          0.07213671	          0.05000021	          0.05000020	
          0.24114275	         -2.93001860	         -1.82866259	          4.01832185	          0.33230942	          0.93107790	          0.00367983	         11.49992323	         -0.73516116	          2.28304161	         10.47386011	          6.35591275	          3.48569076	        -48.53185641	        -13.94798321	          7.67211671	          6.18712723	         10.16316771	          0.40106358	         -5.98835930	          3.42322874	         23.85918791	         -8.33911948	         -3.58759886	          2.63920751	         -1.95992870	          0.49790911	        -13.44978458	         18.89397500	         -4.42498452	        -13.45169221	         12.01949011	         43.67177218	         14.17440229	         86.51662706	         86.51662706	          0.05873802	          0.05000050	          0.05000029	          0.27161760	          0.09974764	          0.05000248	          0.05000359	          0.05000035	          0.05000022	          0.28397783	          0.20347213	          0.15562489	          0.09292693	          0.05000135	          0.05000098	          0.05000021	          0.34647004	          0.28078224	          0.15142075	          0.05000066	          0.05000022	          0.05000012	          0.09523315	          0.09838238	          0.05000085	          0.05000456	          0.05000101	          0.08677412	          0.05000034	          0.05000033	          0.05000023	          0.05000012	          0.05000025	          0.05000003	          0.05000027	          0.05000156	          0.05000106	          0.25402987	          0.05000220	          0.05000091	          0.45215616	          0.37120495	          0.72821421	          0.09989828	          0.05000084	          0.05000027	          0.53432515	          0.34439202	          0.26021001	          0.68987461	          0.63212042	          0.54807982	          0.05000242	          0.05000441	          0.05000646	          0.05000028	          0.05000078	          0.05000035	          0.05000088	          0.05000755	          0.07363311	          0.14747357	          0.05000178	          0.05000179	          0.05000111	          0.21779600	          0.14050504	          0.12185036	          0.05000014	          0.05000014	          0.05000078	          0.05000215	          0.12527001	          0.13624027	          0.22138507	          0.23345813	          0.18385865	          0.13279895	          0.06984733	          0.12549036	          0.26596708	          0.05000342	          0.05000354	          0.19313576	          0.12601244	          0.13019836	          0.16865039	          0.37050537	          0.19961452	          0.06826982	          0.05000017	          0.05000020	
          0.25162722	         -2.92908250	         -1.72999965	          3.93067220	          0.34501586	          0.93182836	          0.00382863	         13.23766291	         -0.75333892	          1.95611408	          9.14474781	          6.32050406	          3.87140468	        -48.72511689	        -13.10687877	          8.41695734	          6.40475800	          9.60522016	          0.31526855	         -5.66223341	          3.40561835	         22.58510411	         -7.99133648	         -3.67468093	          2.57205664	         -1.84390522	          0.50684365	        -13.44976574	         18.68896360	         -3.96219015	        -13.44982899	         12.18062471	         43.31175572	         14.22849910	         86.51662706	         86.51662706	          0.05000190	          0.05000049	          0.05000031	          0.23121503	          0.08491071	          0.05000233	          0.05000311	          0.05000033	          0.05000020	          0.27576193	          0.20588956	          0.15739443	          0.08483671	          0.05000135	          0.05000094	          0.05000021	          0.32238096	          0.27481923	          0.12889884	          0.05000062	          0.05000021	          0.05000013	          0.09479764	          0.09867859	          0.05000098	          0.05000520	          0.05000123	          0.07386672	          0.05000039	          0.05000039	          0.05000028	          0.05000013	          0.05000027	          0.05000004	          0.05000025	          0.05000150	          0.05000102	          0.25424933	          0.05039506	          0.05000193	          0.47513922	          0.36570414	          0.67548379	          0.09988265	          0.05000090	          0.05000027	          0.50200125	          0.33279024	          0.25781913	          0.69921261	          0.64233799	          0.55563459	          0.05000222	          0.05000429	          0.05000337	          0.05000029	          0.05000083	          0.05000032	          0.05000079	          0.05000623	          0.06268301	          0.13688125	          0.06661168	          0.05000166	          0.05000107	          0.21038843	          0.13582753	          0.11504217	          0.05000014	          0.05000014	          0.05000073	          0.05000217	          0.16066117	          0.15422413	          0.20108115	          0.20898062	          0.16737468	          0.16217056	          0.11493228	          0.13670518	          0.27710624	          0.05000284	          0.05000297	          0.17332889	          0.13573968	          0.13789489	          0.16665413	          0.35812761	          0.20113883	          0.06469808	          0.05000016	          0.05000021	
          0.26211169	         -2.92746248	         -1.62103658	          3.82327792	          0.35770086	          0.93243384	          0.00396036	         14.94529792	         -0.76546435	          1.63438955	          7.78286859	          6.26048094	          4.25671660	        -48.78672459	        -12.19789720	          9.06710104	          6.58597428	          9.05184559	          0.22452819	         -5.30981232	          3.38915603	         21.21196887	         -7.63914525	         -3.76257830	          2.49542563	         -1.72219248	          0.50956195	        -13.44973005	         18.45372886	         -3.49330015	        -13.44982703	         12.30465862	         42.89473484	         14.36526008	         86.51662706	         86.51662706	          0.05000061	          0.05000046	          0.05000037	          0.19682225	          0.07228071	          0.05000217	          0.05000256	          0.05000030	          0.05000018	          0.27232564	          0.20897664	          0.15518794	          0.07984168	          0.05000148	          0.05000092	          0.05000021	          0.29856953	          0.26540326	          0.10972637	          0.05000061	          0.05000022	          0.05000014	          0.09190381	          0.09645351	          0.05000225	          0.05017686	          0.05000210	          0.06287944	          0.05000054	          0.05000054	          0.05000041	          0.05000014	          0.05000029	          0.05000004	          0.05000028	          0.05000175	          0.05000112	          0.25610334	          0.05590458	          0.05000177	          0.47566558	          0.36077350	          0.61978674	          0.10077476	          0.05151774	          0.05000029	          0.46981377	          0.32295522	          0.25693325	          0.71446281	          0.65277654	          0.55706789	          0.05000573	          0.05000436	          0.05001358	          0.05000031	          0.05000097	          0.05000029	          0.05000063	          0.05000453	          0.05336258	          0.12486986	          0.10781364	          0.05000150	          0.05000099	          0.20532422	          0.13129309	          0.10689674	          0.05000015	          0.05000015	          0.05000067	          0.05000222	          0.18752431	          0.16875766	          0.17419765	          0.17851238	          0.14942651	          0.19315333	          0.15906189	          0.14721640	          0.28766913	          0.05000341	          0.05000324	          0.14755046	          0.13920568	          0.14465849	          0.15437572	          0.34648394	          0.19849890	          0.06179769	          0.05000014	          0.05000022	
          0.27259615	         -2.92527900	         -1.50193596	          3.69652608	          0.37037920	          0.93290648	          0.00407601	         16.60892551	         -0.77082024	          1.32033736	          6.38845202	          6.17489131	          4.64175339	        -48.70451464	        -11.22227400	          9.60704519	          6.72930085	          8.50748916	          0.13178242	         -4.92756493	          3.36856172	         19.73265998	         -7.28357518	         -3.85001479	          2.40865466	         -1.59567006	          0.50533302	        -13.44974138	         18.19171084	         -3.02104123	        -13.45020387	         12.39815909	         42.41964942	         14.58349543	         86.51662706	         86.51662706	          0.05000053	          0.05000045	          0.05000038	          0.16754533	          0.06152946	          0.05000194	          0.05000212	          0.05000028	          0.05000016	          0.23182640	          0.21714922	          0.16505463	          0.08211402	          0.05000139	          0.05000085	          0.05000020	          0.28101100	          0.26636954	          0.09340556	          0.05000056	          0.05000021	          0.05000014	          0.09708998	          0.10185432	          0.05000213	          0.11827645	          0.05000223	          0.05417102	          0.05000056	          0.05000055	          0.05000043	          0.05000015	          0.05000031	          0.05000005	          0.05000028	          0.05000191	          0.05000119	          0.25778126	          0.05878387	          0.05000233	          0.47283857	          0.35811873	          0.56237191	          0.09990443	          0.05000289	          0.05000030	          0.42984176	          0.30514137	          0.25006028	          0.70347190	          0.64106283	          0.54760076	          0.05000230	          0.05000269	          0.05000262	          0.05000032	          0.05000100	          0.05000028	          0.05000063	          0.05000444	          0.05001062	          0.10629778	          0.14740207	          0.05000145	          0.05000098	          0.19587115	          0.12773939	          0.09515719	          0.05000016	          0.05000016	          0.05000064	          0.05000227	          0.21631419	          0.15437287	          0.14828747	          0.15196009	          0.12720272	          0.22496421	          0.20560251	          0.15719229	          0.29862846	          0.05000296	          0.05000302	          0.12560277	          0.14751384	          0.15287222	          0.13141741	          0.33702197	          0.20647412	          0.05778956	          0.05000015	          0.05000021	
          0.28308062	         -2.92263466	         -1.37349563	          3.55026741	          0.38306323	          0.93325300	          0.00417682	         18.21114364	         -0.76877734	          1.01613977	          4.96645292	          6.06407194	          5.02474050	        -48.45327211	        -10.19064779	         10.02595455	          6.83730699	          7.97700139	          0.04023082	         -4.51527354	          3.34326013	         18.14515884	         -6.93047190	         -3.93611344	          2.31217861	         -1.46512598	          0.49337913	        -13.44972654	         17.90577228	         -2.54663575	        -13.45023223	         12.47359353	         41.88605411	         14.87952619	         86.51662706	         86.51662706	          0.05000040	          0.05000044	          0.05000044	          0.14262332	          0.05237767	          0.05000179	          0.05000163	          0.05000025	          0.05000014	          0.19734272	          0.22272550	          0.17354155	          0.10172451	          0.05000147	          0.05000084	          0.05000020	          0.26441949	          0.26158515	          0.07951233	          0.05000056	          0.05000022	          0.05000015	          0.10154928	          0.10695604	          0.05827436	          0.17222384	          0.05000268	          0.05199884	          0.05000063	          0.05000063	          0.05000046	          0.05000017	          0.05000036	          0.05000005	          0.05000034	          0.05000232	          0.05000139	          0.25867751	          0.06107379	          0.05000221	          0.45427520	          0.35646216	          0.50550874	          0.09912636	          0.05000702	          0.05000028	          0.38519478	          0.28217857	          0.24019484	          0.66783227	          0.61304166	          0.52744568	          0.05000186	          0.05000220	          0.05000170	          0.05000034	          0.05000113	          0.05000027	          0.05000057	          0.05000387	          0.05001021	          0.09048689	          0.18427965	          0.05000137	          0.05000097	          0.18021557	          0.11423426	          0.08100631	          0.05000017	          0.05000017	          0.05000066	          0.05000260	          0.23665236	          0.13141048	          0.12623036	          0.12935664	          0.10828207	          0.25746043	          0.25175280	          0.16602334	          0.30967780	          0.05000281	          0.05000334	          0.10691966	          0.15179896	          0.15926347	          0.11187041	          0.32914614	          0.22292790	          0.05487404	          0.05000014	          0.05000020	
          0.29356509	         -2.91960152	         -1.23778322	          3.38479997	          0.39576119	          0.93346785	          0.00426379	         19.73657290	         -0.75899403	          0.72341030	          3.52487168	          5.93033711	          5.40339504	        -48.00991489	         -9.11778193	         10.32146872	          6.90857703	          7.46577386	         -0.05040326	         -4.07340742	          3.31581773	         16.45294271	         -6.58250645	         -4.02028030	          2.20795954	         -1.33130426	          0.47345285	        -13.44973974	         17.59874802	         -2.07010080	        -13.44994744	         12.54713833	         41.29490579	         15.24693210	         86.51662706	         86.51662706	          0.05000038	          0.05000043	          0.05000043	          0.12140843	          0.05000172	          0.05000163	          0.05000121	          0.05000024	          0.05000013	          0.16798836	          0.22628220	          0.18109240	          0.13840485	          0.05000166	          0.05000088	          0.05000021	          0.24718487	          0.25709122	          0.06768575	          0.05000054	          0.05000022	          0.05000016	          0.10450500	          0.10978304	          0.08743642	          0.18818319	          0.05000277	          0.05000904	          0.05000077	          0.05000076	          0.05000052	          0.05000020	          0.05000041	          0.05000007	          0.05000040	          0.05000258	          0.05000163	          0.25867605	          0.06050288	          0.05000290	          0.42981401	          0.35702629	          0.44999482	          0.09795949	          0.05166115	          0.05000029	          0.34040206	          0.25385502	          0.22448202	          0.60648291	          0.57004792	          0.50119742	          0.05000248	          0.05000276	          0.05000190	          0.05000046	          0.05000154	          0.05000028	          0.05000056	          0.05000355	          0.05000806	          0.07702758	          0.21588044	          0.05000142	          0.05000109	          0.15341663	          0.09724455	          0.06895823	          0.05000020	          0.05000021	          0.05000075	          0.05000323	          0.25156873	          0.11186348	          0.10745402	          0.11011524	          0.09217555	          0.29007504	          0.29578389	          0.17361208	          0.32036788	          0.05000311	          0.05000448	          0.09101560	          0.15445097	          0.16461046	          0.09523052	          0.32303087	          0.24218304	          0.05352791	          0.05000014	          0.05000021	
          0.30404956	         -2.91623363	         -1.09801322	          3.20116043	          0.40847986	          0.93353547	          0.00433715	         21.17288025	         -0.74178597	          0.44157144	          2.06942518	          5.77746016	          5.77449858	        -47.35873317	         -8.01367042	         10.49682398	          6.94108319	          6.97917976	         -0.14272684	         -3.60419346	          3.28759900	         14.66556444	         -6.23742141	         -4.10184980	          2.09925089	         -1.19457448	          0.44582246	        -13.44977502	         17.27366218	         -1.59087882	        -13.44973060	         12.63462081	         40.64814528	         15.67615355	         86.51662706	         86.51662706	          0.05000038	          0.05000043	          0.05000043	          0.10334923	          0.05000206	          0.05000155	          0.05000084	          0.05000023	          0.05000013	          0.14300039	          0.22944235	          0.19005448	          0.17431925	          0.05000191	          0.05000094	          0.05000023	          0.23114384	          0.25360899	          0.05761870	          0.05000054	          0.05000023	          0.05000018	          0.10727999	          0.11261307	          0.12310672	          0.18839773	          0.05000260	          0.05000187	          0.05000100	          0.05000099	          0.05000061	          0.05000023	          0.05000047	          0.05000009	          0.05000050	          0.05000290	          0.05000198	          0.25919352	          0.05965881	          0.05000285	          0.39997522	          0.35965124	          0.39642916	          0.09643985	          0.05631059	          0.05000032	          0.29840695	          0.22272893	          0.20596770	          0.54616326	          0.52456767	          0.47763017	          0.05117935	          0.05000562	          0.05000295	          0.05000073	          0.05000247	          0.05000033	          0.05000062	          0.05000348	          0.05000706	          0.06557026	          0.24548246	          0.05000168	          0.05000139	          0.13059895	          0.08278055	          0.05870192	          0.05000029	          0.05000030	          0.05000082	          0.05000389	          0.26638824	          0.09522403	          0.09147057	          0.09373593	          0.07846478	          0.32252132	          0.33845291	          0.17980264	          0.33032485	          0.05000335	          0.05000662	          0.07747724	          0.15457567	          0.16924740	          0.08106568	          0.31872740	          0.26455875	          0.05364482	          0.05000014	          0.05000022	
          0.31453402	         -2.91257607	         -0.95798358	          3.00134547	          0.42122584	          0.93343638	          0.00439666	         22.51053819	         -0.71809929	          0.16929173	          0.60204664	          5.60981720	          6.13473135	        -46.49079825	         -6.88203325	         10.55999525	          6.93449348	          6.52339974	         -0.23959120	         -3.11167712	          3.25837721	         12.79805085	         -5.88989835	         -4.18007637	          1.98976796	         -1.05491506	          0.41146782	        -13.44976259	         16.93415559	         -1.10864321	        -13.44974073	         12.74688898	         39.94778676	         16.15577617	         86.51662706	         86.51662706	          0.05000038	          0.05000044	          0.05000045	          0.08797634	          0.05000190	          0.05000152	          0.05000053	          0.05000021	          0.05000012	          0.12172934	          0.23279548	          0.19871109	          0.19258152	          0.05000208	          0.05000098	          0.05000025	          0.21916756	          0.24511179	          0.05000238	          0.05000055	          0.05000024	          0.05000019	          0.11291899	          0.11795098	          0.15293840	          0.17943410	          0.05000235	          0.05000168	          0.05000123	          0.05000120	          0.05000063	          0.05000025	          0.05000051	          0.05000013	          0.05000059	          0.05000250	          0.05000213	          0.25984847	          0.05811911	          0.05000580	          0.37425091	          0.36591028	          0.34400151	          0.09553734	          0.06221851	          0.05000030	          0.26425593	          0.19707001	          0.19265515	          0.50895043	          0.49513054	          0.45988623	          0.05545946	          0.05002062	          0.05000259	          0.05000981	          0.05001314	          0.05000040	          0.05000064	          0.05000321	          0.05000597	          0.05581734	          0.27410453	          0.05000209	          0.05000207	          0.11117550	          0.07046804	          0.05000172	          0.05000066	          0.05000066	          0.05000099	          0.05000570	          0.27500509	          0.08105967	          0.07786465	          0.07979303	          0.06679350	          0.35425698	          0.37726822	          0.18428883	          0.33900437	          0.05000397	          0.05001159	          0.06595272	          0.15672758	          0.17390238	          0.06900786	          0.31615394	          0.28124839	          0.05481263	          0.05000014	          0.05000022	
          0.32501849	         -2.90865943	         -0.82122405	          2.78785202	          0.43400515	          0.93315265	          0.00444256	         23.74328741	         -0.68941072	         -0.09456921	         -0.87543970	          5.43170610	          6.48123626	        -45.40504132	         -5.72809019	         10.52598828	          6.89219887	          6.10135482	         -0.34286349	         -2.60080393	          3.22512662	         10.86993097	         -5.52985021	         -4.25421228	          1.88269097	         -0.91233972	          0.37188218	        -13.44973266	         16.58429721	         -0.62347149	        -13.45000687	         12.89085273	         39.19527029	         16.67499735	         86.51662706	         86.51662706	          0.05000040	          0.05000048	          0.05000049	          0.07489019	          0.05000193	          0.05000159	          0.05000035	          0.05000020	          0.05000011	          0.10362232	          0.23366263	          0.20209410	          0.19346465	          0.05000233	          0.05000107	          0.05000027	          0.20815685	          0.22472098	          0.05000232	          0.05000058	          0.05000027	          0.05000022	          0.11816099	          0.12335893	          0.16386180	          0.17847109	          0.05000269	          0.05000117	          0.05000137	          0.05000131	          0.05000058	          0.05000019	          0.05000041	          0.05000011	          0.05000089	          0.05000205	          0.05000206	          0.26098232	          0.05615987	          0.05000884	          0.35354259	          0.37619824	          0.29283423	          0.09569444	          0.06251839	          0.05000029	          0.24536531	          0.18780188	          0.18800136	          0.50218513	          0.48724566	          0.44899484	          0.05421883	          0.05000925	          0.05000202	          0.10715477	          0.05003101	          0.05000040	          0.05000063	          0.05000305	          0.05000595	          0.05000172	          0.30148651	          0.05000206	          0.05000208	          0.09464616	          0.05998825	          0.05000251	          0.05000075	          0.05000075	          0.05000102	          0.05000630	          0.27654357	          0.06900228	          0.06628270	          0.06792422	          0.05685856	          0.38642065	          0.41394961	          0.18790805	          0.34683250	          0.05000399	          0.05001497	          0.05614252	          0.16509290	          0.17844909	          0.05874383	          0.31457115	          0.28813598	          0.05471555	          0.05000013	          0.05000021	
          0.33550296	         -2.90450783	         -0.69035931	          2.56217149	          0.44681874	          0.93267260	          0.00447624	         24.86795958	         -0.65692060	         -0.34877727	         -2.35046516	          5.24748383	          6.81121870	        -44.10758471	         -4.57778937	         10.41562005	          6.82106395	          5.71032402	         -0.45070943	         -2.07651404	          3.19060477	          8.90408020	         -5.14985476	         -4.32407732	          1.78041873	         -0.76723039	          0.32858688	        -13.44973906	         16.22741151	         -0.13421628	        -13.45062423	         13.07156476	         38.39172357	         17.22416735	         86.51662706	         86.51662706	          0.05000042	          0.05000051	          0.05000054	          0.06375067	          0.05000197	          0.05000166	          0.05000025	          0.05000020	          0.05000011	          0.08820870	          0.23780153	          0.20594315	          0.18448192	          0.05000248	          0.05000112	          0.05000030	          0.19855690	          0.20465090	          0.05000192	          0.05000062	          0.05000030	          0.05000024	          0.12645039	          0.13070490	          0.17127109	          0.17659606	          0.05000286	          0.05000101	          0.05000122	          0.05000113	          0.05000048	          0.05000021	          0.05000046	          0.05000012	          0.05000098	          0.05000271	          0.05000273	          0.26505049	          0.05540281	          0.05000821	          0.33305857	          0.38694078	          0.24927586	          0.09598035	          0.06432065	          0.05000028	          0.23427494	          0.18493050	          0.18686771	          0.50642314	          0.48871023	          0.43893592	          0.05113310	          0.05000652	          0.05000158	          0.16128054	          0.07608783	          0.05000040	          0.05000061	          0.05000279	          0.05000571	          0.05000209	          0.32783908	          0.05000202	          0.05000210	          0.08068183	          0.05107256	          0.05000264	          0.05000096	          0.05000101	          0.05000107	          0.05000714	          0.27326213	          0.05873849	          0.05642387	          0.05782120	          0.05000182	          0.41821110	          0.45015094	          0.19009881	          0.35425090	          0.05000308	          0.05000873	          0.05000065	          0.17610631	          0.18292590	          0.05000778	          0.31512086	          0.30108471	          0.05483008	          0.05000013	          0.05000021	
          0.34598743	         -2.90018795	         -0.56671057	          2.32567929	          0.45967014	          0.93199401	          0.00449894	         25.88359971	         -0.62107013	         -0.59195521	         -3.81083711	          5.06080279	          7.12212564	        -42.61024912	         -3.45647074	         10.25377681	          6.73218267	          5.34687678	         -0.56225545	         -1.54537410	          3.15416736	          6.92866341	         -4.74997935	         -4.38925585	          1.68386811	         -0.62006974	          0.28256668	        -13.44980744	         15.86653312	          0.35893705	        -13.45143457	         13.29008727	         37.53810024	         17.79649036	         86.51662706	         86.51662706	          0.05000044	          0.05000056	          0.05000059	          0.05426840	          0.05000204	          0.05000174	          0.05000019	          0.05000020	          0.05000011	          0.07508784	          0.24548945	          0.21084606	          0.17800818	          0.05000259	          0.05000119	          0.05000032	          0.18870158	          0.18972691	          0.05000176	          0.05000066	          0.05000032	          0.05000027	          0.13642150	          0.13872146	          0.18214593	          0.17314449	          0.05000297	          0.05000085	          0.05000101	          0.05000093	          0.05000039	          0.05000039	          0.05000076	          0.05000026	          0.05000076	          0.05124863	          0.05000463	          0.27093469	          0.05629574	          0.05001192	          0.30824957	          0.40016756	          0.21219659	          0.09652580	          0.06631021	          0.05000028	          0.22904844	          0.18264908	          0.18397954	          0.51345658	          0.48968883	          0.42981582	          0.05001514	          0.05000518	          0.05000138	          0.22634448	          0.09996921	          0.05000041	          0.05000063	          0.05000269	          0.05000575	          0.05000204	          0.35287371	          0.05000211	          0.05000219	          0.06876706	          0.05001418	          0.05000282	          0.05000126	          0.05000139	          0.05000104	          0.05000710	          0.26776782	          0.05000183	          0.05000229	          0.05000225	          0.05000269	          0.44941782	          0.48578819	          0.19167343	          0.36170641	          0.05000229	          0.05000485	          0.05000045	          0.18859100	          0.18638866	          0.05000583	          0.31661052	          0.31688690	          0.05533912	          0.05000013	          0.05000021	
          0.35647189	         -2.89578963	         -0.45046281	          2.07979778	          0.47256561	          0.93112138	          0.00451127	         26.79174975	         -0.58107590	         -0.82325596	         -5.24484041	          4.87431875	          7.41173477	        -40.93024812	         -2.38931671	         10.06161150	          6.63808058	          5.01030181	         -0.67513158	         -1.01608985	          3.11461209	          4.97252284	         -4.32851274	         -4.44913778	          1.59263306	         -0.47123326	          0.23374531	        -13.44991614	         15.50299437	          0.85408054	        -13.45219582	         13.54373549	         36.63720625	         18.38835569	         86.51662706	         86.51662706	          0.05000047	          0.05000059	          0.05000063	          0.05000172	          0.05000207	          0.05000182	          0.05000015	          0.05000020	          0.05000011	          0.06391871	          0.25484446	          0.21488249	          0.17436613	          0.05000280	          0.05000127	          0.05000035	          0.17631407	          0.17988195	          0.05000166	          0.05000070	          0.05000035	          0.05000030	          0.14546266	          0.14520975	          0.19502755	          0.16395420	          0.05000319	          0.05000066	          0.05000085	          0.05000076	          0.05000032	          0.05000052	          0.05000097	          0.05000036	          0.05000088	          0.06633069	          0.05000944	          0.27721711	          0.05979181	          0.05000265	          0.28463251	          0.41630337	          0.18063281	          0.09676330	          0.06888660	          0.05000030	          0.22910779	          0.17976089	          0.17781052	          0.52011969	          0.48837890	          0.41954083	          0.05277739	          0.05000753	          0.05000157	          0.29850229	          0.13501451	          0.05000044	          0.05000065	          0.05000260	          0.05000573	          0.05000207	          0.37573351	          0.05000228	          0.05000244	          0.05857454	          0.05001099	          0.05000287	          0.05000171	          0.05000153	          0.05000107	          0.05000699	          0.25838276	          0.05000083	          0.05000299	          0.05000296	          0.05000253	          0.48000341	          0.52115652	          0.19336654	          0.36933851	          0.05000276	          0.05000474	          0.05000035	          0.19252554	          0.18726577	          0.05001050	          0.31787620	          0.32397464	          0.05498680	          0.05000014	          0.05000021	
          0.36695636	         -2.89145926	         -0.34114081	          1.82584090	          0.48551372	          0.93006396	          0.00451365	         27.59559072	         -0.53535998	         -1.04178798	         -6.64288586	          4.68965941	          7.67841353	        -39.08794753	         -1.39671323	          9.85207401	          6.54834719	          4.69949241	         -0.78592315	         -0.49570539	          3.06897501	          3.06031814	         -3.87990544	         -4.50307757	          1.50546076	         -0.32107995	          0.18018446	        -13.45002679	         15.13437857	          1.34794507	        -13.45261901	         13.82693834	         35.69577131	         18.99890170	         86.51662706	         86.51662706	          0.05000046	          0.05000061	          0.05000069	          0.05000219	          0.05000202	          0.05000181	          0.05000013	          0.05000021	          0.05000011	          0.05441103	          0.26120539	          0.21940441	          0.17163788	          0.05000319	          0.05000138	          0.05000038	          0.16486990	          0.16678444	          0.05000163	          0.05000074	          0.05000038	          0.05000033	          0.15544201	          0.15147817	          0.20824964	          0.15711891	          0.05000302	          0.05000062	          0.05000072	          0.05000064	          0.05000028	          0.05000038	          0.05000076	          0.05000024	          0.05000107	          0.06883291	          0.05000874	          0.27990164	          0.05961950	          0.05000330	          0.26372485	          0.43541667	          0.15376413	          0.09699367	          0.07043829	          0.05000028	          0.23160810	          0.17630889	          0.16975509	          0.53356770	          0.49014700	          0.41071277	          0.05546640	          0.05000613	          0.05000121	          0.37209468	          0.16820944	          0.05000048	          0.05000067	          0.05000247	          0.05000565	          0.05000194	          0.39768391	          0.05000246	          0.05000261	          0.05004526	          0.05000836	          0.05000294	          0.05001959	          0.05099471	          0.05000099	          0.05000634	          0.24822974	          0.05000087	          0.05000289	          0.05000287	          0.05000256	          0.50958087	          0.55598637	          0.19591231	          0.37764129	          0.05000330	          0.05000492	          0.05073383	          0.19192952	          0.18767316	          0.06328498	          0.31876030	          0.33492717	          0.05384902	          0.05000013	          0.05000020	
          0.37744083	         -2.88738628	         -0.23811238	          1.56484743	          0.49852397	          0.92883356	          0.00450652	         28.29944306	         -0.48220802	         -1.24626343	         -7.99654594	          4.50804636	          7.92140229	        -37.10559757	         -0.49720717	          9.63236278	          6.47472359	          4.41318473	         -0.88998082	          0.01001854	          3.01901020	          1.21942289	         -3.41011920	         -4.55064710	          1.42094725	         -0.17009346	          0.11748766	        -13.44999021	         14.75235318	          1.83653290	        -13.45252188	         14.13251154	         34.72609076	         19.62937428	         86.51662706	         86.51662706	          0.05000053	          0.05000069	          0.05000075	          0.05000241	          0.05000224	          0.05000201	          0.05000013	          0.05000024	          0.05000013	          0.05000046	          0.23932339	          0.21678278	          0.17581899	          0.05000407	          0.05000166	          0.05000047	          0.14889983	          0.14884081	          0.05000178	          0.05000083	          0.05000043	          0.05000040	          0.15982721	          0.15316768	          0.21939553	          0.14867350	          0.05000368	          0.05000045	          0.05000061	          0.05000054	          0.05000024	          0.05000044	          0.05000086	          0.05000028	          0.05000104	          0.06720218	          0.05001063	          0.28260970	          0.05831624	          0.05000512	          0.24133918	          0.45515949	          0.13089214	          0.09346772	          0.07257405	          0.05000034	          0.23897470	          0.18058672	          0.17119676	          0.53402097	          0.49053389	          0.40085969	          0.06982497	          0.05829757	          0.05000216	          0.36444301	          0.17337970	          0.05000049	          0.05000067	          0.05000232	          0.05000554	          0.05000205	          0.41533339	          0.05000254	          0.05000305	          0.05005656	          0.05000885	          0.05000328	          0.06268907	          0.08726714	          0.05000108	          0.05000690	          0.23340457	          0.05000050	          0.05000261	          0.05000259	          0.05000232	          0.53761956	          0.58931320	          0.19964350	          0.38627582	          0.05000201	          0.05000300	          0.06185743	          0.19665473	          0.19014375	          0.14190425	          0.31982222	          0.36263744	          0.05000995	          0.05000015	          0.05000023	
          0.38792530	         -2.88389908	         -0.14019574	          1.29763315	          0.51160562	          0.92744323	          0.00449013	         28.90687914	         -0.41917505	         -1.43542549	         -9.29816633	          4.33046545	          8.13852864	        -35.00408779	          0.29270505	          9.41105517	          6.42575223	          4.15080260	         -0.98486730	          0.49273110	          2.96915527	         -0.52092133	         -2.92521042	         -4.59201986	          1.33717179	         -0.01855945	          0.03891779	        -13.44976535	         14.34218989	          2.31511696	        -13.45190722	         14.45215963	         33.74724936	         20.28323970	         86.51662706	         86.51662706	          0.05000055	          0.05000075	          0.05000085	          0.05000241	          0.05000228	          0.05000207	          0.05000013	          0.05000026	          0.05000014	          0.05000063	          0.21103298	          0.21931348	          0.19082902	          0.05000544	          0.05000196	          0.05000053	          0.13375182	          0.13623754	          0.05000193	          0.05000093	          0.05000050	          0.05000047	          0.16477860	          0.15487846	          0.23705545	          0.13190618	          0.05000357	          0.05000041	          0.05000054	          0.05000048	          0.05000022	          0.05000054	          0.05000102	          0.05000035	          0.05000105	          0.06782410	          0.05001264	          0.28526608	          0.05731032	          0.05000589	          0.21427627	          0.47587996	          0.11142234	          0.09306916	          0.07516822	          0.05000054	          0.24782640	          0.18086171	          0.16336872	          0.53696657	          0.48466892	          0.38829020	          0.07811994	          0.06707225	          0.05000257	          0.41174273	          0.15887237	          0.05000052	          0.05000071	          0.05000233	          0.05000583	          0.05000234	          0.42828586	          0.05000261	          0.05000338	          0.05003239	          0.05000944	          0.05000401	          0.05633706	          0.12349273	          0.05000102	          0.05000637	          0.21780767	          0.05000046	          0.05000269	          0.05000267	          0.05000239	          0.56417672	          0.62117412	          0.20532145	          0.39532854	          0.05000169	          0.05000240	          0.07725122	          0.20195385	          0.19198473	          0.19524157	          0.31904933	          0.37911063	          0.05000044	          0.05000016	          0.05000020	
          0.39840976	         -2.88112879	         -0.04608164	          1.02514150	          0.52477240	          0.92590991	          0.00446299	         29.42106268	         -0.34287611	         -1.60831418	        -10.53626170	          4.15756178	          8.32884363	        -32.80459777	          0.94784230	          9.19506832	          6.41101200	          3.91185452	         -1.06345407	          0.94309080	          2.91689127	         -2.13081870	         -2.41161510	         -4.62650179	          1.25228735	          0.13350728	         -0.06399660	        -13.44993987	         13.88917655	          2.77781778	        -13.45100848	         14.77792820	         32.78291355	         20.96411563	         86.51662706	         86.51662706	          0.05000058	          0.05000081	          0.05000093	          0.05000239	          0.05000228	          0.05000210	          0.05000014	          0.05000031	          0.05000016	          0.05000064	          0.17964946	          0.22130965	          0.21449838	          0.05001196	          0.05000274	          0.05000064	          0.11386830	          0.12345675	          0.05000229	          0.05000105	          0.05000058	          0.05000060	          0.16658731	          0.15386285	          0.25486931	          0.11239476	          0.05000327	          0.05000037	          0.05000049	          0.05000043	          0.05000020	          0.05000117	          0.05000179	          0.05000080	          0.05000107	          0.06070336	          0.05003823	          0.28901353	          0.05675980	          0.05000338	          0.18655541	          0.49667869	          0.09484870	          0.09299499	          0.08043166	          0.05000267	          0.25863897	          0.18327007	          0.15723278	          0.53483943	          0.47818563	          0.37328740	          0.08588019	          0.07543760	          0.05000319	          0.44198847	          0.13987316	          0.05000051	          0.05000072	          0.05000225	          0.05000590	          0.05000264	          0.42247892	          0.05000256	          0.05000357	          0.05003462	          0.05001079	          0.05000478	          0.05000817	          0.17364736	          0.05000103	          0.05000615	          0.19588756	          0.05000041	          0.05000271	          0.05000269	          0.05000241	          0.58845088	          0.65103737	          0.21332253	          0.40513091	          0.05000143	          0.05000229	          0.09230031	          0.20435072	          0.19387170	          0.23098128	          0.31576875	          0.39621961	          0.05000025	          0.05000018	          0.05000019	
          0.40889423	         -2.87917155	          0.04550413	          0.74886544	          0.53804166	          0.92425837	          0.00442351	         29.84377517	         -0.24951245	         -1.76438523	        -11.69890072	          3.98953052	          8.49196153	        -30.52591396	          1.44359871	          8.99186211	          6.43828972	          3.69605258	         -1.11693156	          1.35141075	          2.85466630	         -3.57860421	         -1.85025365	         -4.65300021	          1.16416255	          0.28624001	         -0.19993870	        -13.45323755	         13.38740230	          3.21711258	        -13.45009991	         15.10205600	         31.85964090	         21.67710557	         86.51662706	         86.51662706	          0.05000062	          0.05000085	          0.05000096	          0.05000247	          0.05000232	          0.05000213	          0.05000016	          0.05000037	          0.05000019	          0.05000075	          0.15292809	          0.22072352	          0.22980895	          0.06672917	          0.05000403	          0.05000089	          0.09693270	          0.11975725	          0.05000287	          0.05000113	          0.05000065	          0.05000076	          0.16234721	          0.14785963	          0.26138787	          0.09569107	          0.05000316	          0.05000032	          0.05000045	          0.05000040	          0.05000019	          0.05000068	          0.05000123	          0.05000040	          0.05000116	          0.05167834	          0.05000621	          0.29123639	          0.05330481	          0.05003757	          0.16725063	          0.51900186	          0.08074078	          0.09223672	          0.08580606	          0.05675833	          0.27225162	          0.18786676	          0.15240499	          0.53658866	          0.47202653	          0.36124507	          0.09405859	          0.08280747	          0.05000517	          0.45792044	          0.13708641	          0.05000052	          0.05000075	          0.05000216	          0.05000591	          0.05000295	          0.42230329	          0.05000266	          0.05000352	          0.05002445	          0.05000963	          0.05000496	          0.05000761	          0.24109751	          0.05000094	          0.05000549	          0.17794418	          0.05000037	          0.05000281	          0.05000279	          0.05000251	          0.60974547	          0.67797586	          0.22419691	          0.41582745	          0.05000127	          0.05000300	          0.10289615	          0.20441617	          0.19575623	          0.23684718	          0.31076276	          0.40870773	          0.05000023	          0.05000019	          0.05000019	
          0.41937870	         -2.87823580	          0.13558248	          0.47041377	          0.55143059	          0.92252290	          0.00437187	         30.17467201	         -0.13576120	         -1.90306041	        -12.77390579	          3.82617720	          8.62829706	        -28.18412217	          1.75650610	          8.81070582	          6.51080297	          3.50189290	         -1.13359852	          1.70943122	          2.77614423	         -4.83243434	         -1.22146183	         -4.67107051	          1.07042526	          0.43929431	         -0.37710514	        -13.46449736	         12.84181833	          3.62479550	        -13.44970910	         15.41933218	         31.00466580	         22.42992573	         86.51662706	         86.51662706	          0.05000070	          0.05000094	          0.05000104	          0.05000268	          0.05000248	          0.05000230	          0.05000019	          0.05000046	          0.05000024	          0.05000088	          0.13018087	          0.21463216	          0.23270368	          0.13164109	          0.05000760	          0.05000090	          0.08251538	          0.10448555	          0.05000376	          0.05000126	          0.05000075	          0.05000092	          0.15292056	          0.13866253	          0.25796761	          0.08146635	          0.05000359	          0.05000030	          0.05000042	          0.05000038	          0.05000019	          0.05000088	          0.05000167	          0.05000051	          0.05000224	          0.05000682	          0.05000947	          0.29655797	          0.05308012	          0.05000208	          0.15159500	          0.53884305	          0.08112937	          0.08945820	          0.09327995	          0.06887586	          0.28455292	          0.18985337	          0.14488442	          0.53098689	          0.46318366	          0.34960604	          0.10104822	          0.08859402	          0.05039621	          0.42694504	          0.13646669	          0.05000058	          0.05000080	          0.05000218	          0.05000602	          0.05000306	          0.45187744	          0.05000296	          0.05000424	          0.05001905	          0.05000894	          0.05000522	          0.07104622	          0.31745330	          0.05000093	          0.05000523	          0.16032903	          0.05000031	          0.05000260	          0.05000257	          0.05000235	          0.62719708	          0.70108039	          0.23768658	          0.42708916	          0.05000130	          0.06670819	          0.10819436	          0.20003669	          0.19720452	          0.20162011	          0.29399307	          0.41674959	          0.05000023	          0.05000018	          0.05000019	
          0.42986317	         -2.87870751	          0.22468184	          0.19147387	          0.56495703	          0.92074823	          0.00430865	         30.41101758	          0.00127366	         -2.02421792	        -13.75280301	          3.66633062	          8.73887812	        -25.79642736	          1.87268923	          8.66564196	          6.62478179	          3.32798999	         -1.09843986	          2.00721326	          2.66943689	         -5.85648308	         -0.50573640	         -4.68101285	          0.96893356	          0.59215339	         -0.60249752	        -13.48857864	         12.26429916	          3.99182656	        -13.45157262	         15.73079757	         30.24209671	         23.23323881	         86.51662706	         86.51662706	          0.05000084	          0.05000121	          0.05000147	          0.05000270	          0.05000264	          0.05000258	          0.05000024	          0.05000064	          0.05000033	          0.05000077	          0.11081709	          0.20487386	          0.23055464	          0.18165551	          0.09555423	          0.05324147	          0.07024238	          0.08898708	          0.05000481	          0.05000197	          0.05000132	          0.05000365	          0.14004804	          0.12892025	          0.25355277	          0.06935511	          0.05000291	          0.05000029	          0.05000046	          0.05000040	          0.05000021	          0.05000321	          0.05000346	          0.05000125	          0.05000154	          0.05873671	          0.05000860	          0.30387905	          0.05873697	          0.05000147	          0.15219530	          0.55522644	          0.11788959	          0.08405148	          0.10192432	          0.08562204	          0.29891075	          0.19477045	          0.14249152	          0.52572464	          0.45786008	          0.33046675	          0.10820900	          0.09197057	          0.05353853	          0.36343855	          0.12329044	          0.05000054	          0.05000077	          0.05000206	          0.05000598	          0.05000341	          0.47229350	          0.05000265	          0.05000508	          0.05002868	          0.05001210	          0.05000641	          0.12806949	          0.39546081	          0.05000101	          0.05000568	          0.13649102	          0.05000025	          0.05000224	          0.05000221	          0.05000206	          0.63979734	          0.71922681	          0.25410181	          0.43822301	          0.05000147	          0.12888895	          0.09856369	          0.17738520	          0.19894713	          0.17163009	          0.25026227	          0.41069634	          0.05000015	          0.05000019	          0.05000019	
          0.44034763	         -2.88108751	          0.31264227	         -0.08629594	          0.57864114	          0.91898973	          0.00423403	         30.54830325	          0.16389687	         -2.12822407	        -14.63170151	          3.50833594	          8.82429864	        -23.38696793	          1.78823882	          8.57597855	          6.76790884	          3.17130167	         -0.99618943	          2.23697590	          2.52028568	         -6.62064290	          0.31952789	         -4.68348087	          0.85827122	          0.74441090	         -0.88146218	        -13.52793255	         11.66640528	          4.30868194	        -13.45903284	         16.04595445	         29.58901574	         24.09899630	         86.51662706	         86.51662706	          0.05000097	          0.05000138	          0.05000143	          0.05000405	          0.05000335	          0.05000284	          0.05000041	          0.05000106	          0.05000038	          0.05000135	          0.09433363	          0.19578995	          0.22467632	          0.20344748	          0.13651927	          0.07550256	          0.05979493	          0.07959298	          0.05001237	          0.05000206	          0.05000143	          0.06968030	          0.12740182	          0.11867000	          0.23909004	          0.05904911	          0.05000468	          0.05000026	          0.05000042	          0.05000038	          0.05000021	          0.05000063	          0.05000124	          0.05000031	          0.05000107	          0.05000141	          0.05000189	          0.30570199	          0.05000074	          0.05710373	          0.16112116	          0.57345672	          0.17690087	          0.08064381	          0.10771137	          0.09675239	          0.31721517	          0.19966736	          0.14011403	          0.51495088	          0.45065153	          0.31549017	          0.10101447	          0.08900845	          0.05660396	          0.30937787	          0.13921986	          0.05000067	          0.05000088	          0.05000212	          0.05000602	          0.05000323	          0.49022655	          0.05000344	          0.05000805	          0.05001764	          0.05000882	          0.05000563	          0.18439531	          0.46963091	          0.05000106	          0.05000567	          0.11895994	          0.05000022	          0.05000196	          0.05000194	          0.05000183	          0.64597172	          0.73025859	          0.27250381	          0.44879782	          0.05000126	          0.17602615	          0.08390264	          0.15729266	          0.20393224	          0.14610062	          0.21303620	          0.40904401	          0.05000018	          0.05000021	          0.05000021	
          0.45083210	         -2.88557713	          0.39905912	         -0.36159309	          0.59251177	          0.91730833	          0.00414804	         30.57962235	          0.35345734	         -2.21437187	        -15.40900320	          3.35088006	          8.88357748	        -20.98594443	          1.50181020	          8.54853040	          6.92451006	          3.03437438	         -0.81392609	          2.39134715	          2.31773900	         -7.12107037	          1.27546991	         -4.67756162	          0.73759979	          0.89570459	         -1.21780030	        -13.58096464	         11.05307644	          4.56581224	        -13.47600995	         16.38095077	         29.05095345	         25.03590578	         86.51662706	         86.51662706	          0.05000117	          0.05000159	          0.05000184	          0.05000324	          0.05000313	          0.05000310	          0.05000030	          0.05000091	          0.11198314	          0.05000075	          0.08030205	          0.19199381	          0.21352218	          0.20931315	          0.15954205	          0.09144754	          0.05090329	          0.07135783	          0.05000666	          0.05000299	          0.05000280	          0.09272131	          0.11822775	          0.11048326	          0.20981604	          0.05027502	          0.05000361	          0.05000033	          0.05000060	          0.05000053	          0.05000029	          0.05000022	          0.05000048	          0.05000016	          0.05000195	          0.05000418	          0.05000434	          0.30756189	          0.05584789	          0.05000112	          0.18570585	          0.58024226	          0.18277866	          0.08301183	          0.10643094	          0.10118628	          0.33362566	          0.20381929	          0.13941650	          0.50553472	          0.44385026	          0.29274226	          0.08599037	          0.07577101	          0.05052082	          0.26335846	          0.15622691	          0.05000068	          0.05000088	          0.05000208	          0.05000602	          0.05000340	          0.50890418	          0.05000345	          0.05000672	          0.05001901	          0.05000951	          0.05000605	          0.25856517	          0.54352189	          0.05000112	          0.05000599	          0.10738141	          0.05000028	          0.05000209	          0.05000206	          0.05000195	          0.64456668	          0.73261045	          0.29096155	          0.45723655	          0.05000146	          0.23062890	          0.07142231	          0.13389701	          0.21025880	          0.12436853	          0.18134741	          0.36999829	          0.05000015	          0.05000019	          0.05000018	
          0.46131657	         -2.89177413	          0.48391381	         -0.63421568	          0.60660277	          0.91575918	          0.00404980	         30.50688147	          0.57114104	         -2.28281433	        -16.07804788	          3.19271178	          8.91581231	        -18.65733555	          1.00086564	          8.59980840	          7.08370244	          2.91049004	         -0.53751346	          2.48091046	          2.04689387	         -7.41772450	          2.38808814	         -4.66043574	          0.60635541	          1.04540300	         -1.61311139	        -13.64053981	         10.41447131	          4.75620008	        -13.50652752	         16.75908213	         28.61906985	         26.04529557	         86.51662706	         86.51662706	          0.05000140	          0.05000185	          0.05000199	          0.05000393	          0.05000352	          0.05000327	          0.05000026	          0.05000077	          0.17646131	          0.05000053	          0.06835773	          0.19679133	          0.21484506	          0.20803763	          0.16768357	          0.09841617	          0.05000646	          0.06305080	          0.05000463	          0.05000390	          0.05000483	          0.09725682	          0.10757250	          0.09522238	          0.17932974	          0.05001641	          0.05000332	          0.05000048	          0.05000105	          0.05000090	          0.05000047	          0.05000018	          0.05000041	          0.05000018	          0.05000252	          0.05002441	          0.05000891	          0.30931345	          0.05557878	          0.05310811	          0.20347854	          0.58292937	          0.20036372	          0.08646579	          0.10562669	          0.10346920	          0.35369739	          0.20721980	          0.13383034	          0.51576164	          0.44042562	          0.25025466	          0.07320037	          0.06450099	          0.05000237	          0.22418431	          0.15182316	          0.05000071	          0.05000088	          0.05000198	          0.05000577	          0.05000335	          0.52691510	          0.05000360	          0.05000514	          0.05001671	          0.05000867	          0.05000572	          0.31945350	          0.60983200	          0.05000103	          0.05000560	          0.10379361	          0.05000027	          0.05000222	          0.05000219	          0.05000209	          0.63650212	          0.72841851	          0.31087625	          0.46505436	          0.07845175	          0.28838561	          0.06079844	          0.11398022	          0.21121329	          0.10586901	          0.15437226	          0.31496208	          0.05000017	          0.05000016	          0.05000016	
          0.47180103	         -2.89902375	          0.56736629	         -0.90413099	          0.62094575	          0.91438713	          0.00393791	         30.33888613	          0.81760277	         -2.33333657	        -16.62957197	          3.03232803	          8.92083918	        -16.47235950	          0.26903467	          8.73156075	          7.23032911	          2.79790376	         -0.15340585	          2.52589566	          1.69507574	         -7.57164963	          3.68599549	         -4.62878457	          0.46399831	          1.19264355	         -2.06480090	        -13.69231874	          9.71541517	          4.87645381	        -13.55465945	         17.21158350	         28.26847101	         27.12029292	         86.51662706	         86.51662706	          0.05000131	          0.05000178	          0.05000178	          0.05000430	          0.05000356	          0.05000293	          0.05000024	          0.05000085	          0.23793394	          0.05000053	          0.05819050	          0.20926782	          0.21737410	          0.20489447	          0.16597111	          0.09853955	          0.05000603	          0.06050167	          0.05000516	          0.05000373	          0.05000368	          0.08927322	          0.09408032	          0.08628823	          0.15399340	          0.05001516	          0.05000254	          0.05000075	          0.05000195	          0.05000161	          0.05000081	          0.05000018	          0.05000039	          0.05000018	          0.05000120	          0.05000665	          0.05000483	          0.30930928	          0.05205711	          0.05485880	          0.22594695	          0.58178621	          0.20434857	          0.08905429	          0.10666225	          0.10586935	          0.37686215	          0.20348107	          0.11974001	          0.52056720	          0.43295765	          0.21303169	          0.06231281	          0.05490737	          0.05000124	          0.19083724	          0.14984618	          0.05000069	          0.05000088	          0.05000189	          0.05000569	          0.05000347	          0.54410684	          0.05000351	          0.05000398	          0.05001787	          0.05000930	          0.05000600	          0.35496393	          0.66744490	          0.05000101	          0.05000520	          0.09132678	          0.05859165	          0.05000269	          0.05000266	          0.05000253	          0.62065446	          0.71708430	          0.33121084	          0.47018313	          0.16889218	          0.34028370	          0.05175521	          0.09702593	          0.20741861	          0.09012123	          0.13140962	          0.26811212	          0.05000017	          0.05000014	          0.05000014	
          0.48228550	         -2.90664793	          0.64859111	         -1.17095309	          0.63556885	          0.91322367	          0.00381101	         30.08729643	          1.09191657	         -2.36523021	        -17.05959604	          2.86832084	          8.89905887	        -14.49182054	         -0.69746794	          8.92856666	          7.34481745	          2.69584009	          0.34966391	          2.54373716	          1.23619119	         -7.63657110	          5.22094497	         -4.57959966	          0.31089107	          1.33652571	         -2.56538319	        -13.71221044	          8.88059753	          4.92732567	        -13.62525176	         17.78154312	         27.95715462	         28.24549176	         86.51662706	         86.51662706	          0.05000126	          0.05000143	          0.05000132	          0.05000418	          0.05000321	          0.05000273	          0.05000087	          0.05000106	          0.29195907	          0.05000070	          0.05000332	          0.21454099	          0.22380112	          0.18659171	          0.15359996	          0.09555584	          0.05000458	          0.07749428	          0.05001117	          0.05000242	          0.05000183	          0.07607261	          0.08623625	          0.07345986	          0.13115465	          0.05001666	          0.05000320	          0.05000096	          0.05000191	          0.05000171	          0.05000103	          0.05000013	          0.05000030	          0.05000012	          0.05000102	          0.05000714	          0.05000388	          0.30726960	          0.05019030	          0.05637528	          0.24514768	          0.57628986	          0.20651999	          0.08809949	          0.11098958	          0.10867459	          0.40263363	          0.18134124	          0.10541075	          0.51554015	          0.41003468	          0.18134431	          0.05304533	          0.05000154	          0.05000096	          0.16245050	          0.15689732	          0.05000081	          0.05000097	          0.05000196	          0.05000569	          0.05000323	          0.56023471	          0.05000421	          0.05000380	          0.05001529	          0.05000824	          0.05000566	          0.36345501	          0.71232492	          0.05000111	          0.05000516	          0.08884761	          0.09582930	          0.05000288	          0.05000283	          0.05000269	          0.59273396	          0.69025857	          0.34495312	          0.47066657	          0.19137949	          0.37950107	          0.05000018	          0.08259356	          0.21471587	          0.07671591	          0.11186264	          0.22823098	          0.05000018	          0.05000013	          0.05000014	
          0.49276997	         -2.91404392	          0.72654911	         -1.43452337	          0.65049564	          0.91228228	          0.00366803	         29.76586368	          1.39173164	         -2.37743300	        -17.37320097	          2.69841160	          8.84951714	        -12.77008445	         -1.88279130	          9.15701036	          7.39209582	          2.60354866	          0.97736797	          2.54652546	          0.66712040	         -7.65117806	          7.00870378	         -4.51052288	          0.14757539	          1.47615545	         -3.10298571	        -13.66361519	          7.77466314	          4.91509545	        -13.72473286	         18.52992886	         27.62730911	         29.39667104	         86.51662706	         86.51662706	          0.05000221	          0.05000248	          0.05000229	          0.05000514	          0.05000451	          0.05000379	          0.08533454	          0.05000196	          0.33333372	          0.05000083	          0.05000335	          0.22046786	          0.21051098	          0.18171841	          0.14670740	          0.09133651	          0.05001134	          0.06598917	          0.05003347	          0.05000553	          0.05000516	          0.06798619	          0.07341073	          0.07252270	          0.11308139	          0.05001156	          0.05000275	          0.05000442	          0.05004111	          0.05001963	          0.05000508	          0.05000023	          0.05000049	          0.05000020	          0.05000157	          0.05001394	          0.05000627	          0.30293168	          0.05043432	          0.05891748	          0.24144030	          0.56937341	          0.20323615	          0.08684443	          0.10393011	          0.11292475	          0.42018808	          0.15436867	          0.09522146	          0.55965968	          0.34905771	          0.15437002	          0.05000478	          0.05000142	          0.05000094	          0.13828624	          0.15419210	          0.05000076	          0.05000093	          0.05000195	          0.05000612	          0.05000412	          0.57565814	          0.05000372	          0.05000294	          0.05002258	          0.05001204	          0.05000707	          0.39467703	          0.74417314	          0.05000114	          0.05000630	          0.09124448	          0.13675095	          0.05000556	          0.05000550	          0.05000512	          0.55595175	          0.65552139	          0.35442194	          0.46691157	          0.24100026	          0.41774824	          0.05000020	          0.07030797	          0.21376518	          0.06530461	          0.09522325	          0.19428206	          0.05000017	          0.05000017	          0.05000016	
          0.50325444	         -2.92058536	          0.80202556	         -1.69286772	          0.66574143	          0.91155726	          0.00350573	         29.39325480	          1.71622397	         -2.36961246	        -17.57303467	          2.51947760	          8.77152364	        -11.37441245	         -3.27452500	          9.37212472	          7.34112458	          2.52179769	          1.73117890	          2.54311766	         -0.02351902	         -7.63890990	          9.08487010	         -4.42011653	         -0.02452611	          1.61128670	         -3.66447018	        -13.57390149	          6.61099075	          4.83159011	        -13.78980485	         19.12953816	         27.24629401	         30.52649937	         86.51662706	         86.51662706	          0.05000160	          0.05000168	          0.05000148	          0.05000481	          0.05000366	          0.05000278	          0.10815605	          0.05000358	          0.35900349	          0.05000115	          0.05000406	          0.21501531	          0.19243555	          0.15620873	          0.13355854	          0.08930538	          0.05000508	          0.07180146	          0.09609075	          0.05000287	          0.05000208	          0.05857542	          0.06253729	          0.06173854	          0.10251520	          0.05000840	          0.05000187	          0.05000237	          0.05000676	          0.05000603	          0.05000325	          0.05000022	          0.05000050	          0.05000014	          0.05000113	          0.05002896	          0.05000570	          0.29809142	          0.05000301	          0.06471582	          0.22491534	          0.56292318	          0.19509925	          0.08520798	          0.09759476	          0.11476646	          0.43544344	          0.13140686	          0.08105801	          0.56332248	          0.29713690	          0.13140793	          0.05000330	          0.05000077	          0.05000062	          0.11771638	          0.13604851	          0.05000048	          0.05000063	          0.05000131	          0.05000420	          0.05000267	          0.58772627	          0.05000248	          0.05000206	          0.05011687	          0.05001832	          0.05000633	          0.39994842	          0.76153965	          0.05000178	          0.05003047	          0.07767319	          0.18449176	          0.05001030	          0.05001045	          0.05000845	          0.51170289	          0.61179907	          0.35598012	          0.45586423	          0.27169817	          0.44213169	          0.05000010	          0.05984983	          0.21149050	          0.05559077	          0.08105894	          0.16538296	          0.05000014	          0.05000014	          0.05000011	
          0.51373890	         -2.92574947	          0.87669068	         -1.94395551	          0.68131395	          0.91102259	          0.00332223	         28.98737646	          2.06343391	         -2.34108127	        -17.66386910	          2.32780303	          8.66503126	        -10.37004153	         -4.85384101	          9.50545656	          7.16126890	          2.44979819	          2.60702409	          2.54168373	         -0.84661134	         -7.61624003	         11.47562610	         -4.30810214	         -0.20465345	          1.74170070	         -4.25426412	        -13.50812126	          5.71985753	          4.66141268	        -13.78250060	         19.35542612	         26.85362810	         31.63087272	         86.51662706	         86.51662706	          0.05000145	          0.05000167	          0.05000138	          0.05000587	          0.05000409	          0.05000333	          0.12047398	          0.06210322	          0.36584560	          0.05000164	          0.05000790	          0.18883420	          0.17096692	          0.13298126	          0.12016400	          0.09595127	          0.05000186	          0.06251558	          0.12254595	          0.05000249	          0.05000153	          0.05571806	          0.05874284	          0.05255755	          0.09971324	          0.05002335	          0.05000445	          0.05000073	          0.05000688	          0.05000635	          0.05000396	          0.05000199	          0.05000196	          0.05088987	          0.05000596	          0.05504931	          0.05001259	          0.29895959	          0.05259280	          0.06827704	          0.21920450	          0.56540632	          0.21496728	          0.07979269	          0.08578485	          0.11418807	          0.44555972	          0.11186038	          0.06900085	          0.58662627	          0.25293853	          0.11186131	          0.05000389	          0.05000085	          0.05000067	          0.10020627	          0.11581347	          0.05000083	          0.05000083	          0.05000150	          0.05000438	          0.05000217	          0.60067046	          0.05000504	          0.05000324	          0.05001064	          0.05000690	          0.05000430	          0.37125852	          0.76428604	          0.05000156	          0.05000903	          0.06611968	          0.23432292	          0.05000223	          0.05000214	          0.05000213	          0.45426930	          0.55931572	          0.34715970	          0.43779435	          0.29463245	          0.44960461	          0.05000008	          0.05094738	          0.21707417	          0.05000033	          0.06900155	          0.14078254	          0.05000013	          0.05000012	          0.05000013	
          0.52422337	         -2.92907213	          0.95244274	         -2.18924325	          0.69721708	          0.91063625	          0.00311276	         28.56275507	          2.42678142	         -2.28989817	        -17.65999571	          2.11694812	          8.53011660	         -9.81916033	         -6.58254127	          9.48840838	          6.81885471	          2.39147373	          3.59875738	          2.55475300	         -1.80631239	         -7.59552881	         14.19012449	         -4.17404147	         -0.39240423	          1.86602758	         -4.87970652	        -13.46793037	          5.07010468	          4.40846276	        -13.74021403	         19.38239029	         26.47254784	         32.73522466	         86.51662706	         86.51662706	          0.05000109	          0.05000139	          0.05000270	          0.05000219	          0.05000221	          0.05000186	          0.11878934	          0.06692100	          0.35185190	          0.06852647	          0.05000269	          0.16078063	          0.16784905	          0.11320656	          0.13046981	          0.10650407	          0.05000947	          0.05322996	          0.15192362	          0.05000363	          0.05000517	          0.07133664	          0.05000661	          0.05329007	          0.12964217	          0.05000775	          0.05000100	          0.05000478	          0.05000460	          0.05000484	          0.05000376	          0.06056241	          0.05000095	          0.05000032	          0.05596767	          0.05388752	          0.05000566	          0.30278603	          0.05873672	          0.07913836	          0.20780000	          0.56999502	          0.24320661	          0.06900024	          0.07302456	          0.09720296	          0.43757617	          0.09522136	          0.05873714	          0.57931863	          0.21531446	          0.09522218	          0.05000455	          0.05000059	          0.05000043	          0.08530076	          0.09858694	          0.05000036	          0.05000038	          0.05000091	          0.05000292	          0.05000149	          0.55454822	          0.05000160	          0.05000209	          0.05114128	          0.05001638	          0.05000460	          0.31603474	          0.75800591	          0.05000132	          0.05000646	          0.05628463	          0.22560901	          0.05000140	          0.05000133	          0.05000125	          0.38669740	          0.47611858	          0.33207106	          0.40636958	          0.28384908	          0.43139369	          0.05000006	          0.06228688	          0.19738170	          0.05000029	          0.05873769	          0.11984139	          0.05000007	          0.05000008	          0.05000006	
          0.53470784	         -2.93017584	          1.03202864	         -2.42786920	          0.71342928	          0.91034574	          0.00286841	         28.14010584	          2.79350271	         -2.21809759	        -17.56516812	          1.88469864	          8.36806160	         -9.80353582	         -8.44389073	          9.19631329	          6.28706819	          2.34085159	          4.68297431	          2.58658239	         -2.87506928	         -7.60941941	         17.17869618	         -4.01973742	         -0.58640756	          1.98424994	         -5.53567702	        -13.45040632	          4.63044631	          4.07691467	        -13.69031423	         19.31589760	         26.10510051	         33.86082661	         86.51662706	         86.51662706	          0.05873712	          0.05873709	          0.05000075	          0.05873708	          0.05873711	          0.05873689	          0.10117326	          0.05873762	          0.31819083	          0.06883458	          0.05000065	          0.13686659	          0.22330383	          0.09636839	          0.13694766	          0.13801671	          0.05000331	          0.05001911	          0.16028884	          0.05871077	          0.05000401	          0.11256547	          0.05000036	          0.05000027	          0.27325430	          0.05000176	          0.07366147	          0.05000010	          0.05000141	          0.05000118	          0.05000095	          0.06055735	          0.05551492	          0.05120898	          0.05000330	          0.06074043	          0.05925990	          0.32817521	          0.05000040	          0.10686964	          0.25465836	          0.61061750	          0.31481713	          0.05873662	          0.06216229	          0.08274420	          0.38181448	          0.08105736	          0.05000012	          0.49314684	          0.18328684	          0.08105807	          0.05000450	          0.05000074	          0.05000044	          0.07261243	          0.08392255	          0.08948627	          0.05000185	          0.05000106	          0.05000340	          0.05000420	          0.47206247	          0.05002194	          0.05000059	          0.05000177	          0.05000116	          0.05000123	          0.26902509	          0.72561260	          0.05000008	          0.05000029	          0.05000009	          0.19205012	          0.08101631	          0.07915613	          0.07046403	          0.32917671	          0.40529666	          0.28625238	          0.38142091	          0.25506101	          0.39765491	          0.05000001	          0.05873750	          0.16802150	          0.05000041	          0.05000057	          0.10201520	          0.05000004	          0.05000009	          0.05000124	
          0.54519231	         -2.92900819	          1.12186798	         -2.65602475	          0.72990204	          0.91009565	          0.00259770	         27.72264417	          3.13228064	         -2.13132621	        -17.36901814	          1.63079410	          8.16263985	        -10.36133515	        -10.44218640	          8.58060255	          5.53970227	          2.29551816	          5.83676239	          2.64619556	         -4.02015218	         -7.68916635	         20.39156192	         -3.84937555	         -0.79112273	          2.09411308	         -6.20797634	        -13.45607376	          4.37842099	          3.67136574	        -13.64716126	         19.20896900	         25.74000963	         35.02697641	         86.51662706	         86.51662706	          0.05000010	          0.05000021	          0.09406367	          0.05000017	          0.05000025	          0.05000032	          0.08612393	          0.05000061	          0.27086048	          0.05859617	          0.06900500	          0.11773706	          0.20831066	          0.46812215	          0.30529097	          0.13748046	          0.05000035	          0.08105356	          0.13645028	          0.05000308	          0.05873667	          0.18252547	          0.06900100	          0.06900109	          0.57224191	          0.15909331	          0.09355086	          0.06900093	          0.05022817	          0.15295449	          0.12639178	          0.06900149	          0.06902296	          0.06900088	          0.05000008	          0.06900120	          0.06900121	          0.38994424	          0.13017535	          0.09097303	          0.41095178	          0.62214415	          0.32279092	          0.05000002	          0.05291575	          0.07043614	          0.32502026	          0.06900029	          0.05873701	          0.41979215	          0.15602328	          0.06900092	          0.05001001	          0.05000082	          0.05000141	          0.06181148	          0.07143946	          0.14417948	          0.21847092	          0.06899388	          0.05004554	          0.05205192	          0.52829945	          0.07723467	          0.05000968	          0.05000634	          0.05000457	          0.05000743	          0.22900804	          0.66585627	          0.05000399	          0.05873790	          0.05873708	          0.17137756	          0.15436964	          0.15436983	          0.13927647	          0.28021213	          0.34500936	          0.24367274	          0.33491982	          0.21712143	          0.33850521	          0.05000006	          0.05000042	          0.14302856	          0.05000014	          0.05000005	          0.08684062	          0.06115483	          0.06900090	          0.05183261	
          0.55567677	         -2.92596810	          1.24046024	         -2.87191460	          0.74659208	          0.90986295	          0.00234203	         27.23434288	          3.38926298	         -1.95979283	        -17.07711836	          1.34624437	          7.91682661	        -11.20762573	        -12.54615441	          7.71826040	          4.51085379	          2.24890021	          6.98208056	          2.70663836	         -5.17933838	         -7.83990375	         23.73887603	         -3.66452585	         -1.02672924	          2.19311685	         -6.88222900	        -13.49177219	          4.29826152	          3.19831688	        -13.60712227	         19.08351879	         25.35947250	         36.23350524	         86.51662706	         86.51662706	          0.36448852	          0.05000045	          0.44249101	          0.19126575	          0.05000121	          0.37277143	          0.10704575	          0.05001715	          0.23195586	          0.05000078	          0.05874079	          0.10022405	          0.36456212	          0.39848990	          0.25988419	          0.24094280	          0.05000098	          0.06900185	          0.15959366	          0.05000026	          0.05000027	          0.25428547	          0.05873733	          0.05873734	          0.48712180	          0.13542857	          0.16010393	          0.05873717	          0.12078371	          0.13020359	          0.10759185	          0.05873764	          0.05875595	          0.05873713	          0.05000040	          0.05873746	          0.05873758	          0.47205489	          0.11081221	          0.08673432	          0.34982361	          0.72679133	          0.60139878	          0.05000037	          0.08528760	          0.05995888	          0.29004852	          0.05873667	          0.05000020	          0.35734920	          0.13281513	          0.05873720	          0.05000323	          0.05000140	          0.05000107	          0.05261719	          0.06081321	          0.20023149	          0.40358483	          0.05873721	          0.05873169	          0.13089139	          0.54146241	          0.06899674	          0.05000261	          0.05001452	          0.05001259	          0.05001919	          0.19494348	          0.64224710	          0.05000075	          0.05000127	          0.05000012	          0.14588543	          0.13140766	          0.13140777	          0.11855950	          0.23853097	          0.29368971	          0.20742675	          0.28510105	          0.18482499	          0.28815324	          0.08586217	          0.05000062	          0.12175429	          0.05000014	          0.05000098	          0.07392326	          0.08659160	          0.05873712	          0.05000088	
          0.56616124	         -2.92296869	          1.37753659	         -3.06089108	          0.76325936	          0.90973958	          0.00206248	         26.69397110	          3.60136808	         -1.80265027	        -16.60679771	          1.05280391	          7.65482161	        -12.00636843	        -14.88080265	          6.73249331	          3.22771067	          2.23301051	          8.12950436	          2.87750131	         -6.29408951	         -7.97346871	         26.98069240	         -3.48793998	         -1.27939493	          2.28255719	         -7.48927574	        -13.54426599	          4.39185222	          2.69663280	        -13.57283158	         18.95003787	         24.90413267	         37.44014519	         86.51662706	         86.51662706	          0.45071894	          0.40611686	          0.48128446	          0.25754767	          0.36165284	          0.31732350	          0.09520856	          0.14245229	          0.19745285	          0.05873346	          0.05000335	          0.08531591	          0.31033410	          0.33921568	          0.32374025	          0.26592457	          0.05000055	          0.05873828	          0.13585588	          0.32701453	          0.25040688	          0.30519272	          0.05000028	          0.05000030	          0.41466343	          0.11528397	          0.13628899	          0.05000014	          0.13470693	          0.16285362	          0.10866628	          0.05000050	          0.05001611	          0.05000006	          0.07778244	          0.05000042	          0.05000054	          0.49129126	          0.09432911	          0.07383279	          0.61730434	          0.83919102	          0.76538574	          0.08388277	          0.07260124	          0.05104010	          0.24690427	          0.05000007	          0.05000002	          0.30419453	          0.11305917	          0.05000031	          0.05853727	          0.05000073	          0.05000036	          0.05000034	          0.05176773	          0.25305433	          0.57143360	          0.05000104	          0.05000407	          0.11142654	          0.55554102	          0.05873647	          0.05000046	          0.05000067	          0.05000044	          0.05000048	          0.16594596	          0.59049051	          0.05000004	          0.05000022	          0.05000016	          0.18768298	          0.11186118	          0.11186125	          0.10092415	          0.20304982	          0.25000379	          0.17657231	          0.24269285	          0.15733257	          0.24529102	          0.23938512	          0.10535648	          0.11092059	          0.37677919	          0.25118065	          0.45491621	          0.11589801	          0.05000006	          0.05000009	
          0.57664571	         -2.92141657	          1.50747683	         -3.21194590	          0.77957573	          0.90986244	          0.00173306	         26.21620094	          3.80443246	         -1.71566288	        -15.87754841	          0.78569770	          7.40772392	        -12.80730465	        -17.55118150	          5.41981244	          1.70290523	          2.16520147	          9.31644468	          3.05345246	         -7.20239242	         -8.24598755	         29.68101386	         -3.34866644	         -1.52065919	          2.35857942	         -7.95105044	        -13.59772791	          4.65928633	          2.23388825	        -13.54066949	         18.82975256	         24.31326341	         38.57140808	         86.51662706	         86.51662706	          0.52894382	          0.49515657	          0.54413628	          0.21923990	          0.30785827	          0.31291528	          0.08286024	          0.13451350	          0.16808211	          0.05000036	          0.05000030	          0.07262542	          0.34024404	          0.42447192	          0.41542062	          0.30048746	          0.05000043	          0.05000481	          0.12943372	          0.39210540	          0.30750271	          0.35295618	          0.05000009	          0.05000009	          0.35298333	          0.09813591	          0.11943135	          0.05000011	          0.28163620	          0.30258607	          0.23632144	          0.05000004	          0.05000010	          0.05000001	          0.06621264	          0.05000052	          0.05000068	          0.53108674	          0.08029799	          0.07381237	          0.72276714	          0.90534878	          0.86190741	          0.11077487	          0.06180192	          0.05000009	          0.21017764	          0.05000148	          0.05000132	          0.25894615	          0.09624193	          0.05000135	          0.05000849	          0.05000137	          0.05012948	          0.05000014	          0.05000058	          0.26262731	          0.72697866	          0.39911713	          0.11188786	          0.09485276	          0.56574064	          0.05000233	          0.05000117	          0.05873581	          0.06900327	          0.08105806	          0.14126177	          0.51618475	          0.07429399	          0.05001803	          0.05000119	          0.19681708	          0.09522212	          0.09522216	          0.08591193	          0.17284644	          0.21281608	          0.15030743	          0.20659681	          0.13392960	          0.20880454	          0.25382000	          0.08968510	          0.09821382	          0.32073439	          0.34759733	          0.67916701	          0.14154287	          0.05000006	          0.05000007	
          0.58713018	         -2.92050292	          1.62428687	         -3.33316497	          0.79547490	          0.91021615	          0.00138445	         25.77175353	          4.00505769	         -1.64000225	        -14.91494019	          0.55698701	          7.21126043	        -13.62532762	        -20.48080048	          4.17998093	         -0.04848863	          2.06517897	         10.50719184	          3.21777846	         -7.86121859	         -8.53071589	         31.59576208	         -3.24489418	         -1.74552716	          2.42442292	         -8.26827310	        -13.65016680	          5.05900451	          1.83170919	        -13.50964494	         18.74778949	         23.60836802	         39.59890203	         86.51662706	         86.51662706	          0.58373633	          0.53574570	          0.55985423	          0.18662927	          0.26206543	          0.26637197	          0.07258665	          0.12099648	          0.14308029	          0.05000049	          0.05000060	          0.06182272	          0.28963692	          0.38301178	          0.40653184	          0.30862182	          0.05000060	          0.05000747	          0.11018179	          0.40955994	          0.32617038	          0.35806124	          0.05000017	          0.05000018	          0.30047818	          0.08353868	          0.10812888	          0.05000021	          0.38793557	          0.41260950	          0.32073177	          0.05000007	          0.05000020	          0.05000003	          0.05636429	          0.05000071	          0.05000091	          0.55861362	          0.06835431	          0.07219101	          0.77113844	          0.94428885	          0.91871947	          0.11134712	          0.05260899	          0.05000014	          0.17891405	          0.05000054	          0.05000040	          0.22042853	          0.08192637	          0.05000123	          0.05003044	          0.05000158	          0.05000323	          0.05000029	          0.05000157	          0.25936006	          0.66766834	          0.33974953	          0.09524563	          0.08074372	          0.59143579	          0.23840282	          0.06841119	          0.05000989	          0.05874040	          0.06900127	          0.12024941	          0.43940312	          0.22680809	          0.05014538	          0.05000984	          0.16754200	          0.08105799	          0.08105803	          0.07313268	          0.14713578	          0.18116000	          0.12794940	          0.19356260	          0.11400778	          0.17774553	          0.21606467	          0.07634464	          0.10685283	          0.27302626	          0.48400712	          0.81115966	          0.16590279	          0.05000409	          0.05000006	
          0.59761464	         -2.91966532	          1.72905228	         -3.43147686	          0.81098603	          0.91075937	          0.00102818	         25.29877519	          4.20637181	         -1.54705733	        -13.77848473	          0.36981210	          7.02909667	        -14.39010787	        -23.54525824	          3.16523893	         -1.85109585	          1.94518263	         11.58090763	          3.35150990	         -8.24177275	         -8.81715359	         32.67945260	         -3.16718097	         -1.95175919	          2.48310360	         -8.46160125	        -13.69823821	          5.54266630	          1.48963832	        -13.48305502	         18.71448988	         22.82683768	         40.51803339	         86.51662706	         86.51662706	          0.64950067	          0.57624202	          0.58540681	          0.15886965	          0.22308464	          0.28803341	          0.07088175	          0.11152608	          0.12179793	          0.05000045	          0.05000082	          0.05262701	          0.24655460	          0.32604230	          0.37503162	          0.31926411	          0.05000061	          0.05000583	          0.09379311	          0.42751931	          0.33857464	          0.35957880	          0.05000017	          0.05000017	          0.25578302	          0.07111287	          0.11789908	          0.05000023	          0.40540672	          0.45187574	          0.33445472	          0.05000007	          0.05000018	          0.05000003	          0.05258244	          0.05000065	          0.05000079	          0.57459586	          0.05818876	          0.07349261	          0.80975921	          0.96720873	          0.95215871	          0.11628645	          0.05000005	          0.05000012	          0.15230089	          0.05000244	          0.05873481	          0.18764140	          0.06974119	          0.05866830	          0.05000876	          0.05000075	          0.05000103	          0.05000052	          0.13820699	          0.24725786	          0.56835404	          0.28921258	          0.08107848	          0.06873333	          0.60447529	          0.31141400	          0.09758183	          0.05000707	          0.05000490	          0.05873775	          0.12868220	          0.37404258	          0.19307139	          0.05875222	          0.05839099	          0.25459305	          0.06900076	          0.06900079	          0.06225432	          0.12524954	          0.15421273	          0.10891711	          0.21645326	          0.09704933	          0.23557000	          0.18392536	          0.06498860	          0.09095866	          0.23241408	          0.53889853	          0.88884971	          0.17707116	          0.08070519	          0.05000008	
          0.60809911	         -2.91874378	          1.82208595	         -3.51662073	          0.82615406	          0.91146904	          0.00065983	         24.77914635	          4.40700221	         -1.43205788	        -12.54484822	          0.21872488	          6.83962933	        -15.07823414	        -26.57825447	          2.37579039	         -3.10398900	          1.81128564	         12.44889129	          3.45733869	         -8.35400739	         -9.09666468	         33.15235343	         -3.10860405	         -2.13280370	          2.53392841	         -8.55592039	        -13.73459303	          6.06615357	          1.20703495	        -13.46471656	         18.73306568	         22.00269548	         41.32739899	         86.51662706	         86.51662706	          0.67976850	          0.57830675	          0.57494553	          0.13523956	          0.18990210	          0.24519076	          0.06171714	          0.09929205	          0.10368119	          0.05000049	          0.05000068	          0.05000153	          0.20997298	          0.28958055	          0.36128120	          0.31476030	          0.05000063	          0.05000649	          0.07984278	          0.40965003	          0.32799679	          0.34388703	          0.05000020	          0.05000019	          0.21773620	          0.06053555	          0.11185774	          0.05000026	          0.41907297	          0.46510801	          0.34788541	          0.05000006	          0.05000016	          0.05000003	          0.05770148	          0.05000062	          0.05000073	          0.58286016	          0.05000410	          0.07582081	          0.82025734	          0.98069923	          0.97184083	          0.12009455	          0.05000006	          0.05000017	          0.12964640	          0.05000051	          0.05000034	          0.21763197	          0.05936844	          0.05000192	          0.05000756	          0.05000055	          0.05000072	          0.05000042	          0.16502545	          0.24860935	          0.48381339	          0.24619301	          0.06901878	          0.05850953	          0.61716374	          0.39011922	          0.09455913	          0.05000346	          0.05000162	          0.05000133	          0.15428919	          0.31840434	          0.16435249	          0.05001487	          0.05000074	          0.24130763	          0.05873704	          0.05873706	          0.05299411	          0.10661888	          0.13127722	          0.09271585	          0.19368700	          0.11616496	          0.20053851	          0.19390709	          0.05532165	          0.07742870	          0.19784284	          0.45873844	          0.91791152	          0.16537890	          0.09941926	          0.05000007	
          0.61858358	         -2.91785187	          1.90158360	         -3.59814518	          0.84101793	          0.91234562	          0.00027979	         24.21339578	          4.60380157	         -1.29048272	        -11.25558243	          0.09044657	          6.62779862	        -15.69184175	        -29.42309320	          1.79667191	         -3.51974513	          1.66814595	         13.09022717	          3.53764860	         -8.37978005	         -9.35531307	         33.35714346	         -3.06623653	         -2.28401083	          2.57592083	         -8.57144892	        -13.75318975	          6.59591708	          0.98273716	        -13.45497522	         18.79773108	         21.16151610	         42.02578460	         86.51662706	         86.51662706	          0.71097679	          0.56669450	          0.55771577	          0.11512328	          0.16165498	          0.20872105	          0.05254904	          0.08648840	          0.08825946	          0.05000040	          0.05000066	          0.05000140	          0.20799069	          0.29732368	          0.33453877	          0.30372905	          0.05000072	          0.05000551	          0.06796814	          0.38939257	          0.31250589	          0.32016884	          0.05000017	          0.05000019	          0.19982722	          0.05153330	          0.09522166	          0.05000036	          0.42766065	          0.47144225	          0.35454506	          0.05000007	          0.05000017	          0.05000003	          0.06805681	          0.05000065	          0.05000074	          0.59204440	          0.05648370	          0.07402252	          0.80463977	          0.98863964	          0.98342558	          0.12493769	          0.05000007	          0.05000016	          0.11036174	          0.05000049	          0.05000039	          0.18526458	          0.05053902	          0.05000193	          0.05001987	          0.05000163	          0.05000181	          0.05001132	          0.18428180	          0.25584650	          0.41433528	          0.20957269	          0.05875324	          0.05000054	          0.61760613	          0.43046945	          0.15353117	          0.05000320	          0.05000152	          0.05000081	          0.15622603	          0.27104225	          0.13990553	          0.05001257	          0.05000202	          0.20541547	          0.05000014	          0.05000014	          0.05000007	          0.09075956	          0.11481767	          0.07892452	          0.16487657	          0.09888586	          0.17070903	          0.20663198	          0.05000029	          0.06591143	          0.16841410	          0.59205719	          0.94971374	          0.15312972	          0.10184735	          0.05000008	
          0.62906805	         -2.91684627	          1.96932315	         -3.67919378	          0.85560684	          0.91337274	         -0.00010240	         23.60237903	          4.79940524	         -1.11135417	         -9.90195062	         -0.02232073	          6.39495967	        -16.23455650	        -32.07334880	          1.42791319	         -3.42423170	          1.52378144	         13.55696683	          3.59670429	         -8.36851815	         -9.57762765	         33.34661535	         -3.03828454	         -2.41002411	          2.60702036	         -8.52235097	        -13.75576618	          7.11598023	          0.81062289	        -13.45063165	         18.89295305	         20.32506723	         42.62031840	         86.51662706	         86.51662706	          0.73149940	          0.54953615	          0.53801612	          0.09799941	          0.13760972	          0.17767779	          0.05165774	          0.08396188	          0.07838941	          0.05000046	          0.05000075	          0.05000143	          0.19531369	          0.28883239	          0.32137132	          0.29431081	          0.05000067	          0.05000606	          0.05786253	          0.37291557	          0.29846784	          0.30345760	          0.05000018	          0.05000019	          0.17010420	          0.05872633	          0.08105947	          0.05000035	          0.41735455	          0.46009808	          0.34911062	          0.05000006	          0.05000015	          0.05000003	          0.08017433	          0.05000060	          0.05000063	          0.61057599	          0.09529741	          0.08108588	          0.68500665	          0.99331331	          0.99024422	          0.12440620	          0.05000007	          0.05000019	          0.09394565	          0.05000050	          0.05000040	          0.16059898	          0.05000628	          0.05000211	          0.05001631	          0.05000516	          0.05000200	          0.05965299	          0.19817490	          0.24977256	          0.37899849	          0.17839950	          0.05001558	          0.05000057	          0.61729001	          0.43257210	          0.17569519	          0.05000305	          0.05000135	          0.05000063	          0.15603576	          0.23072531	          0.11909496	          0.05001234	          0.05000138	          0.21223480	          0.05000012	          0.05000011	          0.05000008	          0.07725951	          0.10146577	          0.06718465	          0.14304236	          0.08417714	          0.14531660	          0.20598731	          0.05000128	          0.05610754	          0.14336306	          0.58351813	          0.92477135	          0.14456234	          0.09832439	          0.05000008	
          0.63955251	         -2.91544616	          2.02721701	         -3.75937240	          0.86995835	          0.91451574	         -0.00047819	         22.94866237	          4.99623039	         -0.88876297	         -8.48685519	         -0.12242106	          6.14244892	        -16.71493593	        -34.52932636	          1.27017222	         -2.98611975	          1.38187891	         13.86820270	          3.64104652	         -8.33117694	         -9.74883267	         33.17305439	         -3.02173813	         -2.51615172	          2.62655680	         -8.42061964	        -13.74680700	          7.62031029	          0.67826026	        -13.44977522	         18.99979824	         19.51250537	         43.12674066	         86.51662706	         86.51662706	          0.75155211	          0.53311394	          0.50836369	          0.08342461	          0.11714258	          0.16280528	          0.05463989	          0.08671444	          0.07511107	          0.05000040	          0.05000067	          0.05000197	          0.19174669	          0.28843369	          0.33126887	          0.28494352	          0.05000063	          0.05000657	          0.05002053	          0.35270065	          0.28196484	          0.28746019	          0.05000017	          0.05000018	          0.14480168	          0.05000570	          0.06900285	          0.05000030	          0.41465004	          0.45895016	          0.34706920	          0.05000006	          0.05000015	          0.05000002	          0.10043452	          0.05000047	          0.05000045	          0.58545118	          0.08112278	          0.06902488	          0.58311345	          0.99606414	          0.99425738	          0.11898951	          0.05000008	          0.05000020	          0.07997146	          0.05000043	          0.05000033	          0.19908405	          0.05000598	          0.05000184	          0.05003555	          0.07826003	          0.05000409	          0.08443316	          0.21442807	          0.23922916	          0.38094348	          0.15186327	          0.05000434	          0.05000048	          0.60982136	          0.43372591	          0.20997540	          0.05000255	          0.05000108	          0.05000048	          0.15111219	          0.19640579	          0.10137989	          0.05000831	          0.05000119	          0.24775957	          0.05000010	          0.05000009	          0.05000006	          0.07175687	          0.09518497	          0.05719107	          0.12729589	          0.07165695	          0.12370125	          0.20276595	          0.05000748	          0.05000154	          0.12204029	          0.57593630	          0.88605852	          0.13735049	          0.09555337	          0.05000010	
          0.65003698	         -2.91364118	          2.07721758	         -3.83724231	          0.88410467	          0.91574719	         -0.00084442	         22.25034531	          5.19475427	         -0.62453357	         -7.01768258	         -0.21293553	          5.87276962	        -17.13391942	        -36.77628492	          1.34296503	         -2.33333200	          1.25033265	         14.03680564	          3.69384898	         -8.26582123	         -9.85206170	         32.86807761	         -3.01447029	         -2.60643690	          2.63436144	         -8.27469570	        -13.72987766	          8.10659981	          0.57417486	        -13.45171500	         19.10280889	         18.73796306	         43.55976256	         86.51662706	         86.51662706	          0.76569039	          0.52227473	          0.48521062	          0.15476743	          0.13623613	          0.22151151	          0.05591441	          0.08620327	          0.07199498	          0.05000046	          0.05000071	          0.05000272	          0.16322562	          0.24553383	          0.30804878	          0.27075493	          0.05000071	          0.05000765	          0.05007222	          0.33365543	          0.26242819	          0.26421325	          0.05000019	          0.05000019	          0.12326280	          0.05000313	          0.05873995	          0.05000032	          0.45636174	          0.50154074	          0.37694063	          0.05000009	          0.05000025	          0.05000005	          0.15607835	          0.05001307	          0.05000994	          0.55764105	          0.06905598	          0.05875760	          0.49637627	          0.99005769	          0.97074233	          0.11487794	          0.05000009	          0.05000021	          0.06807596	          0.05000041	          0.05000030	          0.27066962	          0.05000717	          0.05000162	          0.05004578	          0.10688224	          0.05000670	          0.10338913	          0.22310271	          0.23038927	          0.36736434	          0.12927423	          0.05000395	          0.05000043	          0.59630281	          0.43038254	          0.23687783	          0.05000229	          0.05000091	          0.05000037	          0.14368168	          0.16723253	          0.08629990	          0.05000594	          0.05000083	          0.27817665	          0.05000010	          0.05000009	          0.05000006	          0.06462227	          0.08102772	          0.05000218	          0.11923128	          0.06100009	          0.10530116	          0.20466041	          0.05000133	          0.05000047	          0.10388906	          0.55159142	          0.85123386	          0.12882316	          0.09653796	          0.05000011	
          0.66052145	         -2.91198499	          2.11830743	         -3.91130783	          0.89806277	          0.91707324	         -0.00119613	         21.49238117	          5.39001612	         -0.32800977	         -5.50034801	         -0.29471472	          5.58668980	        -17.46729463	        -38.79956037	          1.67098318	         -1.54091220	          1.11475014	         14.07616670	          3.74583138	         -8.16835686	         -9.90117660	         32.45431393	         -3.01622904	         -2.68140049	          2.62963797	         -8.08749690	        -13.70627224	          8.57432395	          0.49367103	        -13.45432458	         19.19389266	         18.00629288	         43.92144991	         86.51662706	         86.51662706	          0.76938228	          0.50901952	          0.46129292	          0.25047255	          0.23604813	          0.27171479	          0.05936890	          0.08721557	          0.07151597	          0.05000036	          0.05000065	          0.05000112	          0.13894640	          0.20901309	          0.27910547	          0.25286619	          0.05000076	          0.05000472	          0.05000404	          0.31846313	          0.24267382	          0.23759720	          0.05000016	          0.05000017	          0.10492779	          0.05000320	          0.05000642	          0.05000034	          0.45220501	          0.52008926	          0.38665908	          0.05000018	          0.05000047	          0.05000021	          0.16093613	          0.05000488	          0.05001561	          0.50168441	          0.05878415	          0.05001763	          0.42254113	          0.84279048	          0.86221321	          0.10587800	          0.05000010	          0.05000021	          0.05795012	          0.05000037	          0.05000024	          0.38724269	          0.05001027	          0.05000140	          0.05348871	          0.12707552	          0.05003872	          0.12656903	          0.22138149	          0.21828001	          0.35637996	          0.11004527	          0.05000357	          0.05000041	          0.58015077	          0.41131823	          0.25851706	          0.05000195	          0.05000073	          0.05000030	          0.13392750	          0.14583524	          0.07346303	          0.05000353	          0.05000073	          0.29117851	          0.05000009	          0.05000009	          0.05000006	          0.05500997	          0.06897523	          0.05000004	          0.10807027	          0.05192857	          0.08963807	          0.21240116	          0.05000062	          0.05000029	          0.11592302	          0.52701821	          0.85956718	          0.12155955	          0.09061847	          0.05000013	
          0.67100592	         -2.91127378	          2.14973266	         -3.97924670	          0.91183039	          0.91851392	         -0.00153142	         20.66666949	          5.57831454	         -0.00290036	         -3.93666342	         -0.36880456	          5.28591555	        -17.68639373	        -40.59349662	          2.17838273	         -0.66769466	          0.98673309	         13.99584243	          3.76530590	         -8.04307561	         -9.92626642	         31.93817984	         -3.02900965	         -2.74178981	          2.61253265	         -7.85606286	        -13.67653061	          9.02609592	          0.43654512	        -13.45512955	         19.26849677	         17.31734901	         44.20681425	         86.51662706	         86.51662706	          0.76381040	          0.48770100	          0.43189049	          0.32078489	          0.29467831	          0.31668148	          0.06707465	          0.09572801	          0.07419373	          0.05000050	          0.05000070	          0.05000121	          0.11827860	          0.17792418	          0.24178064	          0.23176642	          0.05000082	          0.05000499	          0.05001013	          0.29428290	          0.21689877	          0.20554685	          0.05000017	          0.05000018	          0.08932009	          0.05000292	          0.05000641	          0.05000026	          0.45931372	          0.52733319	          0.39100685	          0.05000019	          0.05000047	          0.05000016	          0.17280779	          0.05000324	          0.05000517	          0.45335732	          0.05004068	          0.05000082	          0.35968892	          0.76710491	          0.73403092	          0.09939695	          0.05000011	          0.05000022	          0.05000165	          0.05000038	          0.05000023	          0.45728839	          0.05001624	          0.05000139	          0.06052352	          0.13345259	          0.05254549	          0.14943115	          0.21845331	          0.20563029	          0.33603235	          0.09367659	          0.05000324	          0.05000039	          0.56137395	          0.38969296	          0.27734719	          0.05000179	          0.05000063	          0.05000026	          0.12443790	          0.13009625	          0.06253566	          0.05000313	          0.05000067	          0.29170423	          0.05000010	          0.05000009	          0.05000006	          0.05000049	          0.05871569	          0.05000007	          0.09705555	          0.05000683	          0.07630489	          0.21568301	          0.05000065	          0.05000029	          0.12618063	          0.49954883	          0.85032847	          0.11437413	          0.08656361	          0.05000015	
          0.68149038	         -2.91196241	          2.16956494	         -4.03900239	          0.92541185	          0.92006107	         -0.00184817	         19.76650619	          5.75465277	          0.34667483	         -2.32842353	         -0.43426183	          4.97246025	        -17.76248375	        -42.16512675	          2.76443089	          0.25766027	          0.87575648	         13.81128014	          3.75379486	         -7.89258562	         -9.92894336	         31.33266715	         -3.05411898	         -2.78699204	          2.58322860	         -7.58137710	        -13.64223452	          9.46270416	          0.40150874	        -13.45388650	         19.32528791	         16.67681403	         44.41534634	         86.51662706	         86.51662706	          0.75105569	          0.46293282	          0.39919511	          0.36898549	          0.34924454	          0.35970095	          0.07373086	          0.10324844	          0.07704542	          0.05000075	          0.05000081	          0.05000104	          0.10068507	          0.15145941	          0.20583818	          0.21073980	          0.05000089	          0.05000461	          0.05001359	          0.26931608	          0.19021663	          0.17498305	          0.05000019	          0.05000019	          0.07603403	          0.05000311	          0.05000835	          0.05000022	          0.45463975	          0.52284800	          0.38714611	          0.05000015	          0.05000039	          0.05000010	          0.18315560	          0.05017123	          0.05003381	          0.40864479	          0.05000048	          0.05000037	          0.30618596	          0.69906672	          0.62484637	          0.09446380	          0.05000012	          0.05000023	          0.05000388	          0.05000040	          0.05000023	          0.50527315	          0.05003886	          0.05000148	          0.05527925	          0.12881122	          0.05001157	          0.17120287	          0.21524422	          0.19244305	          0.30926141	          0.07974276	          0.05000280	          0.05000036	          0.54026733	          0.36676939	          0.29053971	          0.05000162	          0.05000054	          0.05000022	          0.11534502	          0.11817898	          0.05323383	          0.05000304	          0.05000068	          0.27993788	          0.05000010	          0.05000010	          0.05000007	          0.05000030	          0.05000063	          0.05000005	          0.08702263	          0.05000433	          0.06495509	          0.22207869	          0.05000059	          0.05000026	          0.14736432	          0.47551080	          0.86365575	          0.10836165	          0.08396429	          0.05000016	
          0.69197485	         -2.91407276	          2.17610538	         -4.08934457	          0.93882170	          0.92167945	         -0.00214514	         18.78915141	          5.91402088	          0.71685413	         -0.67903158	         -0.49078561	          4.64844769	        -17.68213289	        -43.52735640	          3.36160860	          1.21136594	          0.78585442	         13.53580658	          3.72098382	         -7.71792332	         -9.90087398	         30.64553920	         -3.09162061	         -2.81619295	          2.54181278	         -7.26871237	        -13.60560447	          9.88222215	          0.38596694	        -13.45185093	         19.36441429	         16.09460897	         44.55017237	         86.51662706	         86.51662706	          0.73439716	          0.44070960	          0.36460486	          0.43783477	          0.41129490	          0.40223674	          0.07594432	          0.10598350	          0.07779516	          0.05000094	          0.05000084	          0.05000095	          0.08570853	          0.12893120	          0.17842404	          0.19587725	          0.05000092	          0.05000433	          0.05001434	          0.25064302	          0.16993533	          0.15403317	          0.05000019	          0.05000019	          0.06472429	          0.05000272	          0.05000852	          0.05000021	          0.43601135	          0.50300144	          0.37151197	          0.05000014	          0.05000034	          0.05000009	          0.19250134	          0.05001120	          0.05000749	          0.36333609	          0.05000086	          0.05000071	          0.26064168	          0.62182406	          0.53190195	          0.09044568	          0.05000013	          0.05000024	          0.05001089	          0.05000041	          0.05000023	          0.55679556	          0.07583807	          0.05000152	          0.05018909	          0.10965118	          0.05000421	          0.19249686	          0.21156489	          0.18164593	          0.28290882	          0.06788168	          0.05000248	          0.05000034	          0.51738365	          0.34807399	          0.29851629	          0.05000146	          0.05000047	          0.05000020	          0.10751864	          0.10937209	          0.05000072	          0.05000283	          0.05000064	          0.25813842	          0.05000012	          0.05000011	          0.05000008	          0.05000018	          0.05000045	          0.05000004	          0.07626271	          0.05000282	          0.05529386	          0.22968631	          0.05000052	          0.05000024	          0.17568998	          0.45426907	          0.87525970	          0.10351468	          0.07905106	          0.05000018	
          0.70245932	         -2.91727693	          2.16843256	         -4.12891647	          0.95207891	          0.92331931	         -0.00242189	         17.73920999	          6.05245353	          1.10400343	          1.00685554	         -0.53949231	          4.31604885	        -17.45098077	        -44.69636909	          3.93395982	          2.17725814	          0.71974214	         13.18327871	          3.67356563	         -7.52307835	         -9.83342360	         29.88300135	         -3.14078851	         -2.82946935	          2.48857264	         -6.92433835	        -13.56917168	         10.28085492	          0.38659042	        -13.45030710	         19.38521419	         15.58064990	         44.61494686	         86.51662706	         86.51662706	          0.71427153	          0.42307170	          0.33110451	          0.51932145	          0.47743979	          0.43885477	          0.07209511	          0.10021470	          0.07406034	          0.05000063	          0.05000080	          0.05000075	          0.07295975	          0.10975405	          0.16562537	          0.18604104	          0.05000100	          0.05000359	          0.05000447	          0.24040446	          0.15870801	          0.14438745	          0.05000017	          0.05000017	          0.05509700	          0.05000240	          0.05000585	          0.05000026	          0.40380109	          0.46819414	          0.34438701	          0.05000016	          0.05000037	          0.05000009	          0.20296739	          0.05000532	          0.05000535	          0.32213665	          0.05000174	          0.05755205	          0.22187235	          0.53350587	          0.45278266	          0.08744891	          0.05000014	          0.05000025	          0.05547296	          0.05000040	          0.05000022	          0.58041175	          0.10263309	          0.05000150	          0.05002875	          0.09334088	          0.05000183	          0.21118636	          0.20726034	          0.17437442	          0.24331747	          0.05778533	          0.05000225	          0.05000031	          0.49414090	          0.33914101	          0.29950943	          0.05000125	          0.05000039	          0.05000017	          0.10245243	          0.10402640	          0.05000084	          0.05000275	          0.05000066	          0.22805617	          0.05000013	          0.05000013	          0.05000009	          0.05000015	          0.05000036	          0.05000003	          0.06560495	          0.05000257	          0.05000210	          0.23565573	          0.05000052	          0.05000024	          0.19878472	          0.43485777	          0.87643459	          0.10135866	          0.07192843	          0.05000019	
          0.71294379	         -2.92099646	          2.14619752	         -4.15569385	          0.96520448	          0.92492719	         -0.00267862	         16.62694760	          6.16713408	          1.50275820	          2.72338982	         -0.58211346	          3.97736174	        -17.08768633	        -45.69040984	          4.46118302	          3.14633979	          0.67273936	         12.76737243	          3.61769642	         -7.31060323	         -9.71557313	         29.05052848	         -3.20013754	         -2.82766598	          2.42407850	         -6.55370207	        -13.53532173	         10.65396390	          0.39948153	        -13.44973520	         19.38486751	         15.14221822	         44.61203847	         86.51662706	         86.51662706	          0.68986600	          0.40835829	          0.30279493	          0.59793912	          0.53525341	          0.46952314	          0.06463578	          0.08791373	          0.06787154	          0.05000037	          0.05000070	          0.05000063	          0.06210737	          0.09342958	          0.16337493	          0.17852742	          0.05000114	          0.05000305	          0.05000222	          0.23508875	          0.15328625	          0.14006022	          0.05000015	          0.05000016	          0.05000088	          0.05000207	          0.05000495	          0.05000047	          0.36273106	          0.42260556	          0.30939971	          0.05000023	          0.05000049	          0.05334306	          0.21388775	          0.05000292	          0.05000367	          0.28806419	          0.05000326	          0.07388293	          0.18887051	          0.46435647	          0.38543220	          0.08501677	          0.05000014	          0.05000024	          0.05602403	          0.05000043	          0.05000024	          0.58734255	          0.13777076	          0.05000173	          0.05001465	          0.07945666	          0.05000100	          0.22701050	          0.20448321	          0.16624749	          0.20712642	          0.05000234	          0.05000190	          0.05000029	          0.47072504	          0.32266244	          0.28953451	          0.05000114	          0.05000035	          0.05000016	          0.09897878	          0.10079388	          0.05000085	          0.05000309	          0.05000075	          0.19413329	          0.05000016	          0.05000015	          0.05000011	          0.05000013	          0.05000032	          0.05000003	          0.05634627	          0.05000230	          0.05000270	          0.24074523	          0.05000052	          0.05000025	          0.22190010	          0.41838206	          0.87202456	          0.10071621	          0.06340146	          0.05000020	
          0.72342825	         -2.92457388	          2.10943911	         -4.16704593	          0.97821926	          0.92645204	         -0.00291544	         15.46562329	          6.25620091	          1.90625769	          4.46352425	         -0.62006339	          3.63507251	        -16.61630157	        -46.52702469	          4.92368310	          4.10990012	          0.63464539	         12.30152181	          3.56609392	         -7.08139712	         -9.53697762	         28.15137885	         -3.26776885	         -2.81220910	          2.34908343	         -6.16098850	        -13.50618474	         10.99703432	          0.42009057	        -13.44973413	         19.35789619	         14.78382096	         44.54352406	         86.51662706	         86.51662706	          0.66181512	          0.39492892	          0.28197726	          0.66299623	          0.58011449	          0.49345902	          0.05725270	          0.07698003	          0.06199099	          0.05000036	          0.05000070	          0.05000054	          0.05286945	          0.07953347	          0.14019059	          0.17284972	          0.05000130	          0.05000266	          0.05000189	          0.23098752	          0.14961698	          0.13626071	          0.05000015	          0.05000015	          0.05000095	          0.05000193	          0.05000497	          0.05000052	          0.31972675	          0.37215654	          0.27208058	          0.05000012	          0.05000029	          0.06886424	          0.22353159	          0.05002309	          0.05000765	          0.26349235	          0.05670015	          0.08546696	          0.17286621	          0.44133371	          0.32809999	          0.08255274	          0.05000014	          0.05000022	          0.06729109	          0.05000047	          0.05000026	          0.51727530	          0.18760886	          0.05000205	          0.05000923	          0.06763771	          0.05000061	          0.24266162	          0.20374072	          0.15921557	          0.17631771	          0.05000215	          0.05000155	          0.05000026	          0.44755685	          0.30697866	          0.27073305	          0.05000103	          0.05000031	          0.05000015	          0.09829829	          0.10055483	          0.05000086	          0.05000327	          0.05000079	          0.16525629	          0.05000019	          0.05000018	          0.05000013	          0.05000011	          0.05000028	          0.05000003	          0.05000452	          0.05000194	          0.05000243	          0.24499458	          0.05000050	          0.05000025	          0.25343426	          0.40564292	          0.85812949	          0.10082681	          0.05398525	          0.05000020	
          0.73391272	         -2.92744093	          2.05840272	         -4.16020691	          0.99114257	          0.92785033	         -0.00313267	         14.26729497	          6.31898246	          2.30914345	          6.21930671	         -0.65421472	          3.29173300	        -16.05960778	        -47.22064768	          5.31601005	          5.05743359	          0.59376209	         11.79773108	          3.51954490	         -6.83587552	         -9.29392299	         27.18564539	         -3.34174641	         -2.78463249	          2.26455199	         -5.74912178	        -13.48333712	         11.30681338	          0.44340336	        -13.44978915	         19.29781609	         14.50758425	         44.41263157	         86.51662706	         86.51662706	          0.63271334	          0.38222346	          0.26741205	          0.69323861	          0.60600676	          0.51220167	          0.05232583	          0.06559012	          0.05774852	          0.05000027	          0.05000067	          0.05000048	          0.05000129	          0.06770476	          0.11935627	          0.16982469	          0.05000142	          0.05000241	          0.05000139	          0.22761701	          0.14768289	          0.13627452	          0.05000014	          0.05000014	          0.05000082	          0.05000176	          0.05000361	          0.07106590	          0.28809803	          0.32588710	          0.24272770	          0.05000102	          0.05000044	          0.08719882	          0.23391148	          0.05004057	          0.05000916	          0.24416249	          0.07267579	          0.09776688	          0.16213359	          0.42099733	          0.27929593	          0.07911486	          0.05000016	          0.05000022	          0.08323558	          0.05000051	          0.05000028	          0.44033422	          0.16170175	          0.05000260	          0.05000687	          0.05757686	          0.05000046	          0.25978123	          0.20940420	          0.14947050	          0.15009159	          0.05000157	          0.05000126	          0.05000023	          0.42123784	          0.28838558	          0.24542222	          0.05000092	          0.05000028	          0.05000013	          0.09573485	          0.09818114	          0.05000083	          0.05000388	          0.05000097	          0.14067468	          0.05000021	          0.05000021	          0.05000015	          0.05000011	          0.05000026	          0.05000003	          0.05000077	          0.05000142	          0.05000161	          0.24743604	          0.05000067	          0.05000034	          0.31512187	          0.39579821	          0.83241038	          0.10090508	          0.05000131	          0.05000023	
          0.74439719	         -2.92930588	          1.99382869	         -4.13334300	          1.00399315	          0.92909356	         -0.00333177	         13.03525898	          6.35577545	          2.70726489	          7.98212602	         -0.68492538	          2.95078755	        -15.42650877	        -47.78116577	          5.64978989	          5.97662528	          0.54382035	         11.26729861	          3.48012281	         -6.57305919	         -9.00153878	         26.15190173	         -3.42030926	         -2.74604312	          2.17114272	         -5.32090603	        -13.46715081	         11.58141921	          0.46528445	        -13.44977686	         19.20058653	         14.31400482	         44.22250834	         86.51662706	         86.51662706	          0.59870789	          0.37083154	          0.26870757	          0.69126745	          0.61497170	          0.52909106	          0.05004797	          0.05847561	          0.05552990	          0.05000030	          0.05000072	          0.05000042	          0.05000123	          0.05763650	          0.10160710	          0.16473770	          0.05000149	          0.05000216	          0.05000133	          0.22723320	          0.14662527	          0.13401730	          0.05000014	          0.05000014	          0.05000079	          0.05000195	          0.05239515	          0.09390538	          0.26189139	          0.28830521	          0.21870952	          0.07612337	          0.05000032	          0.09988729	          0.24451650	          0.05001151	          0.05000657	          0.22664485	          0.09195719	          0.10929889	          0.17716459	          0.40213630	          0.23775180	          0.07573121	          0.05000020	          0.05000021	          0.08105653	          0.05000051	          0.05000029	          0.37483600	          0.13765148	          0.05000274	          0.05000535	          0.05000039	          0.05000034	          0.27472276	          0.21000486	          0.14844698	          0.12776691	          0.05000143	          0.05000112	          0.05000022	          0.39676627	          0.28327999	          0.20894233	          0.05000082	          0.05000025	          0.05000013	          0.09604042	          0.09800392	          0.05000083	          0.05000362	          0.05000088	          0.11974956	          0.05000024	          0.05000024	          0.05000017	          0.05000010	          0.05000022	          0.05000003	          0.05000059	          0.05000118	          0.05000133	          0.25019768	          0.05000086	          0.05000041	          0.36905837	          0.38813540	          0.80392830	          0.10036337	          0.05000054	          0.05000026	
          0.75488166	         -2.93013429	          1.91685178	         -4.08598911	          1.01678415	          0.93016931	         -0.00351413	         11.77062465	          6.36771395	          3.09863341	          9.74474944	         -0.71205795	          2.61462887	        -14.72157998	        -48.21642130	          5.93643406	          6.85293889	          0.47867427	         10.71992651	          3.44771392	         -6.29122455	         -8.67848194	         25.04537493	         -3.50249503	         -2.69728638	          2.06935159	         -4.87876788	        -13.45697229	         11.81945987	          0.48375324	        -13.44979393	         19.06546170	         14.20298157	         43.97532727	         86.51662706	         86.51662706	          0.56714457	          0.35717040	          0.26340754	          0.68434039	          0.62246487	          0.53978017	          0.05000400	          0.05035064	          0.05181591	          0.05000027	          0.05000072	          0.05000038	          0.05000106	          0.05000796	          0.08649664	          0.15719612	          0.05000180	          0.05000196	          0.05000119	          0.22328232	          0.14446393	          0.12973564	          0.05000014	          0.05000014	          0.05000084	          0.05000207	          0.09051439	          0.11576103	          0.24106680	          0.25904535	          0.20052756	          0.10349954	          0.05000038	          0.11337577	          0.25519544	          0.05000458	          0.05000432	          0.20951838	          0.11192747	          0.12076098	          0.17188373	          0.38541505	          0.20238996	          0.07213671	          0.05000021	          0.05000020	          0.06900128	          0.05000052	          0.05000027	          0.31908009	          0.11717704	          0.05000274	          0.05000431	          0.05000041	          0.05000027	          0.28401583	          0.20629905	          0.15076810	          0.10876406	          0.05000127	          0.05000101	          0.05000021	          0.37094279	          0.28006326	          0.17787456	          0.05000071	          0.05000022	          0.05000012	          0.09551930	          0.09772609	          0.05000067	          0.05000333	          0.05000090	          0.10193703	          0.05000029	          0.05000028	          0.05000020	          0.05000009	          0.05000021	          0.05000002	          0.05000041	          0.05000122	          0.05000118	          0.25235956	          0.05000099	          0.05000052	          0.41251881	          0.37971158	          0.76993506	          0.09978266	          0.05000045	          0.05000027	
          0.76536612	         -2.93001860	          1.82866259	         -4.01832185	          1.02952651	          0.93107790	         -0.00367983	         10.47386011	          6.35591275	          3.48569076	         11.49992323	         -0.73516116	          2.28304161	        -13.94798321	        -48.53185641	          6.18712723	          7.67211671	          0.40106358	         10.16316771	          3.42322874	         -5.98835930	         -8.33911948	         23.85918791	         -3.58759886	         -2.63920751	          1.95992870	         -4.42498452	        -13.45169221	         12.01949011	          0.49790911	        -13.44978458	         18.89397500	         14.17440229	         43.67177218	         86.51662706	         86.51662706	          0.53432515	          0.34439202	          0.26021001	          0.68987461	          0.63212042	          0.54807982	          0.05000242	          0.05000441	          0.05000646	          0.05000028	          0.05000078	          0.05000035	          0.05000088	          0.05000755	          0.07363311	          0.14747357	          0.05000178	          0.05000179	          0.05000111	          0.21779600	          0.14050504	          0.12185036	          0.05000014	          0.05000014	          0.05000078	          0.05000215	          0.12527001	          0.13624027	          0.22138507	          0.23345813	          0.18385865	          0.13279895	          0.06984733	          0.12549036	          0.26596708	          0.05000342	          0.05000354	          0.19313576	          0.12601244	          0.13019836	          0.16865039	          0.37050537	          0.19961452	          0.06826982	          0.05000017	          0.05000020	          0.05873802	          0.05000050	          0.05000029	          0.27161760	          0.09974764	          0.05000248	          0.05000359	          0.05000035	          0.05000022	          0.28397783	          0.20347213	          0.15562489	          0.09292693	          0.05000135	          0.05000098	          0.05000021	          0.34647004	          0.28078224	          0.15142075	          0.05000066	          0.05000022	          0.05000012	          0.09523315	          0.09838238	          0.05000085	          0.05000456	          0.05000101	          0.08677412	          0.05000034	          0.05000033	          0.05000023	          0.05000012	          0.05000025	          0.05000003	          0.05000027	          0.05000156	          0.05000106	          0.25402987	          0.05000220	          0.05000091	          0.45215616	          0.37120495	          0.72821421	          0.09989828	          0.05000084	          0.05000027	
          0.77585059	         -2.92908250	          1.72999965	         -3.93067220	          1.04223294	          0.93182836	         -0.00382863	          9.14474781	          6.32050406	          3.87140468	         13.23766291	         -0.75333892	          1.95611408	        -13.10687877	        -48.72511689	          6.40475800	          8.41695734	          0.31526855	          9.60522016	          3.40561835	         -5.66223341	         -7.99133648	         22.58510411	         -3.67468093	         -2.57205664	          1.84390522	         -3.96219015	        -13.44982899	         12.18062471	          0.50684365	        -13.44976574	         18.68896360	         14.22849910	         43.31175572	         86.51662706	         86.51662706	          0.50200125	          0.33279024	          0.25781913	          0.69921261	          0.64233799	          0.55563459	          0.05000222	          0.05000429	          0.05000337	          0.05000029	          0.05000083	          0.05000032	          0.05000079	          0.05000623	          0.06268301	          0.13688125	          0.06661168	          0.05000166	          0.05000107	          0.21038843	          0.13582753	          0.11504217	          0.05000014	          0.05000014	          0.05000073	          0.05000217	          0.16066117	          0.15422413	          0.20108115	          0.20898062	          0.16737468	          0.16217056	          0.11493228	          0.13670518	          0.27710624	          0.05000284	          0.05000297	          0.17332889	          0.13573968	          0.13789489	          0.16665413	          0.35812761	          0.20113883	          0.06469808	          0.05000016	          0.05000021	          0.05000190	          0.05000049	          0.05000031	          0.23121503	          0.08491071	          0.05000233	          0.05000311	          0.05000033	          0.05000020	          0.27576193	          0.20588956	          0.15739443	          0.08483671	          0.05000135	          0.05000094	          0.05000021	          0.32238096	          0.27481923	          0.12889884	          0.05000062	          0.05000021	          0.05000013	          0.09479764	          0.09867859	          0.05000098	          0.05000520	          0.05000123	          0.07386672	          0.05000039	          0.05000039	          0.05000028	          0.05000013	          0.05000027	          0.05000004	          0.05000025	          0.05000150	          0.05000102	          0.25424933	          0.05039506	          0.05000193	          0.47513922	          0.36570414	          0.67548379	          0.09988265	          0.05000090	          0.05000027	
          0.78633506	         -2.92746248	          1.62103658	         -3.82327792	          1.05491794	          0.93243384	         -0.00396036	          7.78286859	          6.26048094	          4.25671660	         14.94529792	         -0.76546435	          1.63438955	        -12.19789720	        -48.78672459	          6.58597428	          9.06710104	          0.22452819	          9.05184559	          3.38915603	         -5.30981232	         -7.63914525	         21.21196887	         -3.76257830	         -2.49542563	          1.72219248	         -3.49330015	        -13.44982703	         12.30465862	          0.50956195	        -13.44973005	         18.45372886	         14.36526008	         42.89473484	         86.51662706	         86.51662706	          0.46981377	          0.32295522	          0.25693325	          0.71446281	          0.65277654	          0.55706789	          0.05000573	          0.05000436	          0.05001358	          0.05000031	          0.05000097	          0.05000029	          0.05000063	          0.05000453	          0.05336258	          0.12486986	          0.10781364	          0.05000150	          0.05000099	          0.20532422	          0.13129309	          0.10689674	          0.05000015	          0.05000015	          0.05000067	          0.05000222	          0.18752431	          0.16875766	          0.17419765	          0.17851238	          0.14942651	          0.19315333	          0.15906189	          0.14721640	          0.28766913	          0.05000341	          0.05000324	          0.14755046	          0.13920568	          0.14465849	          0.15437572	          0.34648394	          0.19849890	          0.06179769	          0.05000014	          0.05000022	          0.05000061	          0.05000046	          0.05000037	          0.19682225	          0.07228071	          0.05000217	          0.05000256	          0.05000030	          0.05000018	          0.27232564	          0.20897664	          0.15518794	          0.07984168	          0.05000148	          0.05000092	          0.05000021	          0.29856953	          0.26540326	          0.10972637	          0.05000061	          0.05000022	          0.05000014	          0.09190381	          0.09645351	          0.05000225	          0.05017686	          0.05000210	          0.06287944	          0.05000054	          0.05000054	          0.05000041	          0.05000014	          0.05000029	          0.05000004	          0.05000028	          0.05000175	          0.05000112	          0.25610334	          0.05590458	          0.05000177	          0.47566558	          0.36077350	          0.61978674	          0.10077476	          0.05151774	          0.05000029	
          0.79681953	         -2.92527900	          1.50193596	         -3.69652608	          1.06759629	          0.93290648	         -0.00407601	          6.38845202	          6.17489131	          4.64175339	         16.60892551	         -0.77082024	          1.32033736	        -11.22227400	        -48.70451464	          6.72930085	          9.60704519	          0.13178242	          8.50748916	          3.36856172	         -4.92756493	         -7.28357518	         19.73265998	         -3.85001479	         -2.40865466	          1.59567006	         -3.02104123	        -13.45020387	         12.39815909	          0.50533302	        -13.44974138	         18.19171084	         14.58349543	         42.41964942	         86.51662706	         86.51662706	          0.42984176	          0.30514137	          0.25006028	          0.70347190	          0.64106283	          0.54760076	          0.05000230	          0.05000269	          0.05000262	          0.05000032	          0.05000100	          0.05000028	          0.05000063	          0.05000444	          0.05001062	          0.10629778	          0.14740207	          0.05000145	          0.05000098	          0.19587115	          0.12773939	          0.09515719	          0.05000016	          0.05000016	          0.05000064	          0.05000227	          0.21631419	          0.15437287	          0.14828747	          0.15196009	          0.12720272	          0.22496421	          0.20560251	          0.15719229	          0.29862846	          0.05000296	          0.05000302	          0.12560277	          0.14751384	          0.15287222	          0.13141741	          0.33702197	          0.20647412	          0.05778956	          0.05000015	          0.05000021	          0.05000053	          0.05000045	          0.05000038	          0.16754533	          0.06152946	          0.05000194	          0.05000212	          0.05000028	          0.05000016	          0.23182640	          0.21714922	          0.16505463	          0.08211402	          0.05000139	          0.05000085	          0.05000020	          0.28101100	          0.26636954	          0.09340556	          0.05000056	          0.05000021	          0.05000014	          0.09708998	          0.10185432	          0.05000213	          0.11827645	          0.05000223	          0.05417102	          0.05000056	          0.05000055	          0.05000043	          0.05000015	          0.05000031	          0.05000005	          0.05000028	          0.05000191	          0.05000119	          0.25778126	          0.05878387	          0.05000233	          0.47283857	          0.35811873	          0.56237191	          0.09990443	          0.05000289	          0.05000030	
          0.80730399	         -2.92263466	          1.37349563	         -3.55026741	          1.08028032	          0.93325300	         -0.00417682	          4.96645292	          6.06407194	          5.02474050	         18.21114364	         -0.76877734	          1.01613977	        -10.19064779	        -48.45327211	          6.83730699	         10.02595455	          0.04023082	          7.97700139	          3.34326013	         -4.51527354	         -6.93047190	         18.14515884	         -3.93611344	         -2.31217861	          1.46512598	         -2.54663575	        -13.45023223	         12.47359353	          0.49337913	        -13.44972654	         17.90577228	         14.87952619	         41.88605411	         86.51662706	         86.51662706	          0.38519478	          0.28217857	          0.24019484	          0.66783227	          0.61304166	          0.52744568	          0.05000186	          0.05000220	          0.05000170	          0.05000034	          0.05000113	          0.05000027	          0.05000057	          0.05000387	          0.05001021	          0.09048689	          0.18427965	          0.05000137	          0.05000097	          0.18021557	          0.11423426	          0.08100631	          0.05000017	          0.05000017	          0.05000066	          0.05000260	          0.23665236	          0.13141048	          0.12623036	          0.12935664	          0.10828207	          0.25746043	          0.25175280	          0.16602334	          0.30967780	          0.05000281	          0.05000334	          0.10691966	          0.15179896	          0.15926347	          0.11187041	          0.32914614	          0.22292790	          0.05487404	          0.05000014	          0.05000020	          0.05000040	          0.05000044	          0.05000044	          0.14262332	          0.05237767	          0.05000179	          0.05000163	          0.05000025	          0.05000014	          0.19734272	          0.22272550	          0.17354155	          0.10172451	          0.05000147	          0.05000084	          0.05000020	          0.26441949	          0.26158515	          0.07951233	          0.05000056	          0.05000022	          0.05000015	          0.10154928	          0.10695604	          0.05827436	          0.17222384	          0.05000268	          0.05199884	          0.05000063	          0.05000063	          0.05000046	          0.05000017	          0.05000036	          0.05000005	          0.05000034	          0.05000232	          0.05000139	          0.25867751	          0.06107379	          0.05000221	          0.45427520	          0.35646216	          0.50550874	          0.09912636	          0.05000702	          0.05000028	
          0.81778846	         -2.91960152	          1.23778322	         -3.38479997	          1.09297827	          0.93346785	         -0.00426379	          3.52487168	          5.93033711	          5.40339504	         19.73657290	         -0.75899403	          0.72341030	         -9.11778193	        -48.00991489	          6.90857703	         10.32146872	         -0.05040326	          7.46577386	          3.31581773	         -4.07340742	         -6.58250645	         16.45294271	         -4.02028030	         -2.20795954	          1.33130426	         -2.07010080	        -13.44994744	         12.54713833	          0.47345285	        -13.44973974	         17.59874802	         15.24693210	         41.29490579	         86.51662706	         86.51662706	          0.34040206	          0.25385502	          0.22448202	          0.60648291	          0.57004792	          0.50119742	          0.05000248	          0.05000276	          0.05000190	          0.05000046	          0.05000154	          0.05000028	          0.05000056	          0.05000355	          0.05000806	          0.07702758	          0.21588044	          0.05000142	          0.05000109	          0.15341663	          0.09724455	          0.06895823	          0.05000020	          0.05000021	          0.05000075	          0.05000323	          0.25156873	          0.11186348	          0.10745402	          0.11011524	          0.09217555	          0.29007504	          0.29578389	          0.17361208	          0.32036788	          0.05000311	          0.05000448	          0.09101560	          0.15445097	          0.16461046	          0.09523052	          0.32303087	          0.24218304	          0.05352791	          0.05000014	          0.05000021	          0.05000038	          0.05000043	          0.05000043	          0.12140843	          0.05000172	          0.05000163	          0.05000121	          0.05000024	          0.05000013	          0.16798836	          0.22628220	          0.18109240	          0.13840485	          0.05000166	          0.05000088	          0.05000021	          0.24718487	          0.25709122	          0.06768575	          0.05000054	          0.05000022	          0.05000016	          0.10450500	          0.10978304	          0.08743642	          0.18818319	          0.05000277	          0.05000904	          0.05000077	          0.05000076	          0.05000052	          0.05000020	          0.05000041	          0.05000007	          0.05000040	          0.05000258	          0.05000163	          0.25867605	          0.06050288	          0.05000290	          0.42981401	          0.35702629	          0.44999482	          0.09795949	          0.05166115	          0.05000029	
          0.82827293	         -2.91623363	          1.09801322	         -3.20116043	          1.10569694	          0.93353547	         -0.00433715	          2.06942518	          5.77746016	          5.77449858	         21.17288025	         -0.74178597	          0.44157144	         -8.01367042	        -47.35873317	          6.94108319	         10.49682398	         -0.14272684	          6.97917976	          3.28759900	         -3.60419346	         -6.23742141	         14.66556444	         -4.10184980	         -2.09925089	          1.19457448	         -1.59087882	        -13.44973060	         12.63462081	          0.44582246	        -13.44977502	         17.27366218	         15.67615355	         40.64814528	         86.51662706	         86.51662706	          0.29840695	          0.22272893	          0.20596770	          0.54616326	          0.52456767	          0.47763017	          0.05117935	          0.05000562	          0.05000295	          0.05000073	          0.05000247	          0.05000033	          0.05000062	          0.05000348	          0.05000706	          0.06557026	          0.24548246	          0.05000168	          0.05000139	          0.13059895	          0.08278055	          0.05870192	          0.05000029	          0.05000030	          0.05000082	          0.05000389	          0.26638824	          0.09522403	          0.09147057	          0.09373593	          0.07846478	          0.32252132	          0.33845291	          0.17980264	          0.33032485	          0.05000335	          0.05000662	          0.07747724	          0.15457567	          0.16924740	          0.08106568	          0.31872740	          0.26455875	          0.05364482	          0.05000014	          0.05000022	          0.05000038	          0.05000043	          0.05000043	          0.10334923	          0.05000206	          0.05000155	          0.05000084	          0.05000023	          0.05000013	          0.14300039	          0.22944235	          0.19005448	          0.17431925	          0.05000191	          0.05000094	          0.05000023	          0.23114384	          0.25360899	          0.05761870	          0.05000054	          0.05000023	          0.05000018	          0.10727999	          0.11261307	          0.12310672	          0.18839773	          0.05000260	          0.05000187	          0.05000100	          0.05000099	          0.05000061	          0.05000023	          0.05000047	          0.05000009	          0.05000050	          0.05000290	          0.05000198	          0.25919352	          0.05965881	          0.05000285	          0.39997522	          0.35965124	          0.39642916	          0.09643985	          0.05631059	          0.05000032	
          0.83875740	         -2.91257607	          0.95798358	         -3.00134547	          1.11844293	          0.93343638	         -0.00439666	          0.60204664	          5.60981720	          6.13473135	         22.51053819	         -0.71809929	          0.16929173	         -6.88203325	        -46.49079825	          6.93449348	         10.55999525	         -0.23959120	          6.52339974	          3.25837721	         -3.11167712	         -5.88989835	         12.79805085	         -4.18007637	         -1.98976796	          1.05491506	         -1.10864321	        -13.44974073	         12.74688898	          0.41146782	        -13.44976259	         16.93415559	         16.15577617	         39.94778676	         86.51662706	         86.51662706	          0.26425593	          0.19707001	          0.19265515	          0.50895043	          0.49513054	          0.45988623	          0.05545946	          0.05002062	          0.05000259	          0.05000981	          0.05001314	          0.05000040	          0.05000064	          0.05000321	          0.05000597	          0.05581734	          0.27410453	          0.05000209	          0.05000207	          0.11117550	          0.07046804	          0.05000172	          0.05000066	          0.05000066	          0.05000099	          0.05000570	          0.27500509	          0.08105967	          0.07786465	          0.07979303	          0.06679350	          0.35425698	          0.37726822	          0.18428883	          0.33900437	          0.05000397	          0.05001159	          0.06595272	          0.15672758	          0.17390238	          0.06900786	          0.31615394	          0.28124839	          0.05481263	          0.05000014	          0.05000022	          0.05000038	          0.05000044	          0.05000045	          0.08797634	          0.05000190	          0.05000152	          0.05000053	          0.05000021	          0.05000012	          0.12172934	          0.23279548	          0.19871109	          0.19258152	          0.05000208	          0.05000098	          0.05000025	          0.21916756	          0.24511179	          0.05000238	          0.05000055	          0.05000024	          0.05000019	          0.11291899	          0.11795098	          0.15293840	          0.17943410	          0.05000235	          0.05000168	          0.05000123	          0.05000120	          0.05000063	          0.05000025	          0.05000051	          0.05000013	          0.05000059	          0.05000250	          0.05000213	          0.25984847	          0.05811911	          0.05000580	          0.37425091	          0.36591028	          0.34400151	          0.09553734	          0.06221851	          0.05000030	
          0.84924186	         -2.90865943	          0.82122405	         -2.78785202	          1.13122224	          0.93315265	         -0.00444256	         -0.87543970	          5.43170610	          6.48123626	         23.74328741	         -0.68941072	         -0.09456921	         -5.72809019	        -45.40504132	          6.89219887	         10.52598828	         -0.34286349	          6.10135482	          3.22512662	         -2.60080393	         -5.52985021	         10.86993097	         -4.25421228	         -1.88269097	          0.91233972	         -0.62347149	        -13.45000687	         12.89085273	          0.37188218	        -13.44973266	         16.58429721	         16.67499735	         39.19527029	         86.51662706	         86.51662706	          0.24536531	          0.18780188	          0.18800136	          0.50218513	          0.48724566	          0.44899484	          0.05421883	          0.05000925	          0.05000202	          0.10715477	          0.05003101	          0.05000040	          0.05000063	          0.05000305	          0.05000595	          0.05000172	          0.30148651	          0.05000206	          0.05000208	          0.09464616	          0.05998825	          0.05000251	          0.05000075	          0.05000075	          0.05000102	          0.05000630	          0.27654357	          0.06900228	          0.06628270	          0.06792422	          0.05685856	          0.38642065	          0.41394961	          0.18790805	          0.34683250	          0.05000399	          0.05001497	          0.05614252	          0.16509290	          0.17844909	          0.05874383	          0.31457115	          0.28813598	          0.05471555	          0.05000013	          0.05000021	          0.05000040	          0.05000048	          0.05000049	          0.07489019	          0.05000193	          0.05000159	          0.05000035	          0.05000020	          0.05000011	          0.10362232	          0.23366263	          0.20209410	          0.19346465	          0.05000233	          0.05000107	          0.05000027	          0.20815685	          0.22472098	          0.05000232	          0.05000058	          0.05000027	          0.05000022	          0.11816099	          0.12335893	          0.16386180	          0.17847109	          0.05000269	          0.05000117	          0.05000137	          0.05000131	          0.05000058	          0.05000019	          0.05000041	          0.05000011	          0.05000089	          0.05000205	          0.05000206	          0.26098232	          0.05615987	          0.05000884	          0.35354259	          0.37619824	          0.29283423	          0.09569444	          0.06251839	          0.05000029	
          0.85972633	         -2.90450783	          0.69035931	         -2.56217149	          1.14403582	          0.93267260	         -0.00447624	         -2.35046516	          5.24748383	          6.81121870	         24.86795958	         -0.65692060	         -0.34877727	         -4.57778937	        -44.10758471	          6.82106395	         10.41562005	         -0.45070943	          5.71032402	          3.19060477	         -2.07651404	         -5.14985476	          8.90408020	         -4.32407732	         -1.78041873	          0.76723039	         -0.13421628	        -13.45062423	         13.07156476	          0.32858688	        -13.44973906	         16.22741151	         17.22416735	         38.39172357	         86.51662706	         86.51662706	          0.23427494	          0.18493050	          0.18686771	          0.50642314	          0.48871023	          0.43893592	          0.05113310	          0.05000652	          0.05000158	          0.16128054	          0.07608783	          0.05000040	          0.05000061	          0.05000279	          0.05000571	          0.05000209	          0.32783908	          0.05000202	          0.05000210	          0.08068183	          0.05107256	          0.05000264	          0.05000096	          0.05000101	          0.05000107	          0.05000714	          0.27326213	          0.05873849	          0.05642387	          0.05782120	          0.05000182	          0.41821110	          0.45015094	          0.19009881	          0.35425090	          0.05000308	          0.05000873	          0.05000065	          0.17610631	          0.18292590	          0.05000778	          0.31512086	          0.30108471	          0.05483008	          0.05000013	          0.05000021	          0.05000042	          0.05000051	          0.05000054	          0.06375067	          0.05000197	          0.05000166	          0.05000025	          0.05000020	          0.05000011	          0.08820870	          0.23780153	          0.20594315	          0.18448192	          0.05000248	          0.05000112	          0.05000030	          0.19855690	          0.20465090	          0.05000192	          0.05000062	          0.05000030	          0.05000024	          0.12645039	          0.13070490	          0.17127109	          0.17659606	          0.05000286	          0.05000101	          0.05000122	          0.05000113	          0.05000048	          0.05000021	          0.05000046	          0.05000012	          0.05000098	          0.05000271	          0.05000273	          0.26505049	          0.05540281	          0.05000821	          0.33305857	          0.38694078	          0.24927586	          0.09598035	          0.06432065	          0.05000028	
          0.87021080	         -2.90018795	          0.56671057	         -2.32567929	          1.15688722	          0.93199401	         -0.00449894	         -3.81083711	          5.06080279	          7.12212564	         25.88359971	         -0.62107013	         -0.59195521	         -3.45647074	        -42.61024912	          6.73218267	         10.25377681	         -0.56225545	          5.34687678	          3.15416736	         -1.54537410	         -4.74997935	          6.92866341	         -4.38925585	         -1.68386811	          0.62006974	          0.35893705	        -13.45143457	         13.29008727	          0.28256668	        -13.44980744	         15.86653312	         17.79649036	         37.53810024	         86.51662706	         86.51662706	          0.22904844	          0.18264908	          0.18397954	          0.51345658	          0.48968883	          0.42981582	          0.05001514	          0.05000518	          0.05000138	          0.22634448	          0.09996921	          0.05000041	          0.05000063	          0.05000269	          0.05000575	          0.05000204	          0.35287371	          0.05000211	          0.05000219	          0.06876706	          0.05001418	          0.05000282	          0.05000126	          0.05000139	          0.05000104	          0.05000710	          0.26776782	          0.05000183	          0.05000229	          0.05000225	          0.05000269	          0.44941782	          0.48578819	          0.19167343	          0.36170641	          0.05000229	          0.05000485	          0.05000045	          0.18859100	          0.18638866	          0.05000583	          0.31661052	          0.31688690	          0.05533912	          0.05000013	          0.05000021	          0.05000044	          0.05000056	          0.05000059	          0.05426840	          0.05000204	          0.05000174	          0.05000019	          0.05000020	          0.05000011	          0.07508784	          0.24548945	          0.21084606	          0.17800818	          0.05000259	          0.05000119	          0.05000032	          0.18870158	          0.18972691	          0.05000176	          0.05000066	          0.05000032	          0.05000027	          0.13642150	          0.13872146	          0.18214593	          0.17314449	          0.05000297	          0.05000085	          0.05000101	          0.05000093	          0.05000039	          0.05000039	          0.05000076	          0.05000026	          0.05000076	          0.05124863	          0.05000463	          0.27093469	          0.05629574	          0.05001192	          0.30824957	          0.40016756	          0.21219659	          0.09652580	          0.06631021	          0.05000028	
          0.88069526	         -2.89578963	          0.45046281	         -2.07979778	          1.16978270	          0.93112138	         -0.00451127	         -5.24484041	          4.87431875	          7.41173477	         26.79174975	         -0.58107590	         -0.82325596	         -2.38931671	        -40.93024812	          6.63808058	         10.06161150	         -0.67513158	          5.01030181	          3.11461209	         -1.01608985	         -4.32851274	          4.97252284	         -4.44913778	         -1.59263306	          0.47123326	          0.85408054	        -13.45219582	         13.54373549	          0.23374531	        -13.44991614	         15.50299437	         18.38835569	         36.63720625	         86.51662706	         86.51662706	          0.22910779	          0.17976089	          0.17781052	          0.52011969	          0.48837890	          0.41954083	          0.05277739	          0.05000753	          0.05000157	          0.29850229	          0.13501451	          0.05000044	          0.05000065	          0.05000260	          0.05000573	          0.05000207	          0.37573351	          0.05000228	          0.05000244	          0.05857454	          0.05001099	          0.05000287	          0.05000171	          0.05000153	          0.05000107	          0.05000699	          0.25838276	          0.05000083	          0.05000299	          0.05000296	          0.05000253	          0.48000341	          0.52115652	          0.19336654	          0.36933851	          0.05000276	          0.05000474	          0.05000035	          0.19252554	          0.18726577	          0.05001050	          0.31787620	          0.32397464	          0.05498680	          0.05000014	          0.05000021	          0.05000047	          0.05000059	          0.05000063	          0.05000172	          0.05000207	          0.05000182	          0.05000015	          0.05000020	          0.05000011	          0.06391871	          0.25484446	          0.21488249	          0.17436613	          0.05000280	          0.05000127	          0.05000035	          0.17631407	          0.17988195	          0.05000166	          0.05000070	          0.05000035	          0.05000030	          0.14546266	          0.14520975	          0.19502755	          0.16395420	          0.05000319	          0.05000066	          0.05000085	          0.05000076	          0.05000032	          0.05000052	          0.05000097	          0.05000036	          0.05000088	          0.06633069	          0.05000944	          0.27721711	          0.05979181	          0.05000265	          0.28463251	          0.41630337	          0.18063281	          0.09676330	          0.06888660	          0.05000030	
          0.89117973	         -2.89145926	          0.34114081	         -1.82584090	          1.18273080	          0.93006396	         -0.00451365	         -6.64288586	          4.68965941	          7.67841353	         27.59559072	         -0.53535998	         -1.04178798	         -1.39671323	        -39.08794753	          6.54834719	          9.85207401	         -0.78592315	          4.69949241	          3.06897501	         -0.49570539	         -3.87990544	          3.06031814	         -4.50307757	         -1.50546076	          0.32107995	          1.34794507	        -13.45261901	         13.82693834	          0.18018446	        -13.45002679	         15.13437857	         18.99890170	         35.69577131	         86.51662706	         86.51662706	          0.23160810	          0.17630889	          0.16975509	          0.53356770	          0.49014700	          0.41071277	          0.05546640	          0.05000613	          0.05000121	          0.37209468	          0.16820944	          0.05000048	          0.05000067	          0.05000247	          0.05000565	          0.05000194	          0.39768391	          0.05000246	          0.05000261	          0.05004526	          0.05000836	          0.05000294	          0.05001959	          0.05099471	          0.05000099	          0.05000634	          0.24822974	          0.05000087	          0.05000289	          0.05000287	          0.05000256	          0.50958087	          0.55598637	          0.19591231	          0.37764129	          0.05000330	          0.05000492	          0.05073383	          0.19192952	          0.18767316	          0.06328498	          0.31876030	          0.33492717	          0.05384902	          0.05000013	          0.05000020	          0.05000046	          0.05000061	          0.05000069	          0.05000219	          0.05000202	          0.05000181	          0.05000013	          0.05000021	          0.05000011	          0.05441103	          0.26120539	          0.21940441	          0.17163788	          0.05000319	          0.05000138	          0.05000038	          0.16486990	          0.16678444	          0.05000163	          0.05000074	          0.05000038	          0.05000033	          0.15544201	          0.15147817	          0.20824964	          0.15711891	          0.05000302	          0.05000062	          0.05000072	          0.05000064	          0.05000028	          0.05000038	          0.05000076	          0.05000024	          0.05000107	          0.06883291	          0.05000874	          0.27990164	          0.05961950	          0.05000330	          0.26372485	          0.43541667	          0.15376413	          0.09699367	          0.07043829	          0.05000028	
          0.90166420	         -2.88738628	          0.23811238	         -1.56484743	          1.19574105	          0.92883356	         -0.00450652	         -7.99654594	          4.50804636	          7.92140229	         28.29944306	         -0.48220802	         -1.24626343	         -0.49720717	        -37.10559757	          6.47472359	          9.63236278	         -0.88998082	          4.41318473	          3.01901020	          0.01001854	         -3.41011920	          1.21942289	         -4.55064710	         -1.42094725	          0.17009346	          1.83653290	        -13.45252188	         14.13251154	          0.11748766	        -13.44999021	         14.75235318	         19.62937428	         34.72609076	         86.51662706	         86.51662706	          0.23897470	          0.18058672	          0.17119676	          0.53402097	          0.49053389	          0.40085969	          0.06982497	          0.05829757	          0.05000216	          0.36444301	          0.17337970	          0.05000049	          0.05000067	          0.05000232	          0.05000554	          0.05000205	          0.41533339	          0.05000254	          0.05000305	          0.05005656	          0.05000885	          0.05000328	          0.06268907	          0.08726714	          0.05000108	          0.05000690	          0.23340457	          0.05000050	          0.05000261	          0.05000259	          0.05000232	          0.53761956	          0.58931320	          0.19964350	          0.38627582	          0.05000201	          0.05000300	          0.06185743	          0.19665473	          0.19014375	          0.14190425	          0.31982222	          0.36263744	          0.05000995	          0.05000015	          0.05000023	          0.05000053	          0.05000069	          0.05000075	          0.05000241	          0.05000224	          0.05000201	          0.05000013	          0.05000024	          0.05000013	          0.05000046	          0.23932339	          0.21678278	          0.17581899	          0.05000407	          0.05000166	          0.05000047	          0.14889983	          0.14884081	          0.05000178	          0.05000083	          0.05000043	          0.05000040	          0.15982721	          0.15316768	          0.21939553	          0.14867350	          0.05000368	          0.05000045	          0.05000061	          0.05000054	          0.05000024	          0.05000044	          0.05000086	          0.05000028	          0.05000104	          0.06720218	          0.05001063	          0.28260970	          0.05831624	          0.05000512	          0.24133918	          0.45515949	          0.13089214	          0.09346772	          0.07257405	          0.05000034	
          0.91214867	         -2.88389908	          0.14019574	         -1.29763315	          1.20882271	          0.92744323	         -0.00449013	         -9.29816633	          4.33046545	          8.13852864	         28.90687914	         -0.41917505	         -1.43542549	          0.29270505	        -35.00408779	          6.42575223	          9.41105517	         -0.98486730	          4.15080260	          2.96915527	          0.49273110	         -2.92521042	         -0.52092133	         -4.59201986	         -1.33717179	          0.01855945	          2.31511696	        -13.45190722	         14.45215963	          0.03891779	        -13.44976535	         14.34218989	         20.28323970	         33.74724936	         86.51662706	         86.51662706	          0.24782640	          0.18086171	          0.16336872	          0.53696657	          0.48466892	          0.38829020	          0.07811994	          0.06707225	          0.05000257	          0.41174273	          0.15887237	          0.05000052	          0.05000071	          0.05000233	          0.05000583	          0.05000234	          0.42828586	          0.05000261	          0.05000338	          0.05003239	          0.05000944	          0.05000401	          0.05633706	          0.12349273	          0.05000102	          0.05000637	          0.21780767	          0.05000046	          0.05000269	          0.05000267	          0.05000239	          0.56417672	          0.62117412	          0.20532145	          0.39532854	          0.05000169	          0.05000240	          0.07725122	          0.20195385	          0.19198473	          0.19524157	          0.31904933	          0.37911063	          0.05000044	          0.05000016	          0.05000020	          0.05000055	          0.05000075	          0.05000085	          0.05000241	          0.05000228	          0.05000207	          0.05000013	          0.05000026	          0.05000014	          0.05000063	          0.21103298	          0.21931348	          0.19082902	          0.05000544	          0.05000196	          0.05000053	          0.13375182	          0.13623754	          0.05000193	          0.05000093	          0.05000050	          0.05000047	          0.16477860	          0.15487846	          0.23705545	          0.13190618	          0.05000357	          0.05000041	          0.05000054	          0.05000048	          0.05000022	          0.05000054	          0.05000102	          0.05000035	          0.05000105	          0.06782410	          0.05001264	          0.28526608	          0.05731032	          0.05000589	          0.21427627	          0.47587996	          0.11142234	          0.09306916	          0.07516822	          0.05000054	
          0.92263313	         -2.88112879	          0.04608164	         -1.02514150	          1.22198949	          0.92590991	         -0.00446299	        -10.53626170	          4.15756178	          8.32884363	         29.42106268	         -0.34287611	         -1.60831418	          0.94784230	        -32.80459777	          6.41101200	          9.19506832	         -1.06345407	          3.91185452	          2.91689127	          0.94309080	         -2.41161510	         -2.13081870	         -4.62650179	         -1.25228735	         -0.13350728	          2.77781778	        -13.45100848	         14.77792820	         -0.06399660	        -13.44993987	         13.88917655	         20.96411563	         32.78291355	         86.51662706	         86.51662706	          0.25863897	          0.18327007	          0.15723278	          0.53483943	          0.47818563	          0.37328740	          0.08588019	          0.07543760	          0.05000319	          0.44198847	          0.13987316	          0.05000051	          0.05000072	          0.05000225	          0.05000590	          0.05000264	          0.42247892	          0.05000256	          0.05000357	          0.05003462	          0.05001079	          0.05000478	          0.05000817	          0.17364736	          0.05000103	          0.05000615	          0.19588756	          0.05000041	          0.05000271	          0.05000269	          0.05000241	          0.58845088	          0.65103737	          0.21332253	          0.40513091	          0.05000143	          0.05000229	          0.09230031	          0.20435072	          0.19387170	          0.23098128	          0.31576875	          0.39621961	          0.05000025	          0.05000018	          0.05000019	          0.05000058	          0.05000081	          0.05000093	          0.05000239	          0.05000228	          0.05000210	          0.05000014	          0.05000031	          0.05000016	          0.05000064	          0.17964946	          0.22130965	          0.21449838	          0.05001196	          0.05000274	          0.05000064	          0.11386830	          0.12345675	          0.05000229	          0.05000105	          0.05000058	          0.05000060	          0.16658731	          0.15386285	          0.25486931	          0.11239476	          0.05000327	          0.05000037	          0.05000049	          0.05000043	          0.05000020	          0.05000117	          0.05000179	          0.05000080	          0.05000107	          0.06070336	          0.05003823	          0.28901353	          0.05675980	          0.05000338	          0.18655541	          0.49667869	          0.09484870	          0.09299499	          0.08043166	          0.05000267	
          0.93311760	         -2.87917155	         -0.04550413	         -0.74886544	          1.23525875	          0.92425837	         -0.00442351	        -11.69890072	          3.98953052	          8.49196153	         29.84377517	         -0.24951245	         -1.76438523	          1.44359871	        -30.52591396	          6.43828972	          8.99186211	         -1.11693156	          3.69605258	          2.85466630	          1.35141075	         -1.85025365	         -3.57860421	         -4.65300021	         -1.16416255	         -0.28624001	          3.21711258	        -13.45009991	         15.10205600	         -0.19993870	        -13.45323755	         13.38740230	         21.67710557	         31.85964090	         86.51662706	         86.51662706	          0.27225162	          0.18786676	          0.15240499	          0.53658866	          0.47202653	          0.36124507	          0.09405859	          0.08280747	          0.05000517	          0.45792044	          0.13708641	          0.05000052	          0.05000075	          0.05000216	          0.05000591	          0.05000295	          0.42230329	          0.05000266	          0.05000352	          0.05002445	          0.05000963	          0.05000496	          0.05000761	          0.24109751	          0.05000094	          0.05000549	          0.17794418	          0.05000037	          0.05000281	          0.05000279	          0.05000251	          0.60974547	          0.67797586	          0.22419691	          0.41582745	          0.05000127	          0.05000300	          0.10289615	          0.20441617	          0.19575623	          0.23684718	          0.31076276	          0.40870773	          0.05000023	          0.05000019	          0.05000019	          0.05000062	          0.05000085	          0.05000096	          0.05000247	          0.05000232	          0.05000213	          0.05000016	          0.05000037	          0.05000019	          0.05000075	          0.15292809	          0.22072352	          0.22980895	          0.06672917	          0.05000403	          0.05000089	          0.09693270	          0.11975725	          0.05000287	          0.05000113	          0.05000065	          0.05000076	          0.16234721	          0.14785963	          0.26138787	          0.09569107	          0.05000316	          0.05000032	          0.05000045	          0.05000040	          0.05000019	          0.05000068	          0.05000123	          0.05000040	          0.05000116	          0.05167834	          0.05000621	          0.29123639	          0.05330481	          0.05003757	          0.16725063	          0.51900186	          0.08074078	          0.09223672	          0.08580606	          0.05675833	
          0.94360207	         -2.87823580	         -0.13558248	         -0.47041377	          1.24864768	          0.92252290	         -0.00437187	        -12.77390579	          3.82617720	          8.62829706	         30.17467201	         -0.13576120	         -1.90306041	          1.75650610	        -28.18412217	          6.51080297	          8.81070582	         -1.13359852	          3.50189290	          2.77614423	          1.70943122	         -1.22146183	         -4.83243434	         -4.67107051	         -1.07042526	         -0.43929431	          3.62479550	        -13.44970910	         15.41933218	         -0.37710514	        -13.46449736	         12.84181833	         22.42992573	         31.00466580	         86.51662706	         86.51662706	          0.28455292	          0.18985337	          0.14488442	          0.53098689	          0.46318366	          0.34960604	          0.10104822	          0.08859402	          0.05039621	          0.42694504	          0.13646669	          0.05000058	          0.05000080	          0.05000218	          0.05000602	          0.05000306	          0.45187744	          0.05000296	          0.05000424	          0.05001905	          0.05000894	          0.05000522	          0.07104622	          0.31745330	          0.05000093	          0.05000523	          0.16032903	          0.05000031	          0.05000260	          0.05000257	          0.05000235	          0.62719708	          0.70108039	          0.23768658	          0.42708916	          0.05000130	          0.06670819	          0.10819436	          0.20003669	          0.19720452	          0.20162011	          0.29399307	          0.41674959	          0.05000023	          0.05000018	          0.05000019	          0.05000070	          0.05000094	          0.05000104	          0.05000268	          0.05000248	          0.05000230	          0.05000019	          0.05000046	          0.05000024	          0.05000088	          0.13018087	          0.21463216	          0.23270368	          0.13164109	          0.05000760	          0.05000090	          0.08251538	          0.10448555	          0.05000376	          0.05000126	          0.05000075	          0.05000092	          0.15292056	          0.13866253	          0.25796761	          0.08146635	          0.05000359	          0.05000030	          0.05000042	          0.05000038	          0.05000019	          0.05000088	          0.05000167	          0.05000051	          0.05000224	          0.05000682	          0.05000947	          0.29655797	          0.05308012	          0.05000208	          0.15159500	          0.53884305	          0.08112937	          0.08945820	          0.09327995	          0.06887586	
          0.95408654	         -2.87870751	         -0.22468184	         -0.19147387	          1.26217412	          0.92074823	         -0.00430865	        -13.75280301	          3.66633062	          8.73887812	         30.41101758	          0.00127366	         -2.02421792	          1.87268923	        -25.79642736	          6.62478179	          8.66564196	         -1.09843986	          3.32798999	          2.66943689	          2.00721326	         -0.50573640	         -5.85648308	         -4.68101285	         -0.96893356	         -0.59215339	          3.99182656	        -13.45157262	         15.73079757	         -0.60249752	        -13.48857864	         12.26429916	         23.23323881	         30.24209671	         86.51662706	         86.51662706	          0.29891075	          0.19477045	          0.14249152	          0.52572464	          0.45786008	          0.33046675	          0.10820900	          0.09197057	          0.05353853	          0.36343855	          0.12329044	          0.05000054	          0.05000077	          0.05000206	          0.05000598	          0.05000341	          0.47229350	          0.05000265	          0.05000508	          0.05002868	          0.05001210	          0.05000641	          0.12806949	          0.39546081	          0.05000101	          0.05000568	          0.13649102	          0.05000025	          0.05000224	          0.05000221	          0.05000206	          0.63979734	          0.71922681	          0.25410181	          0.43822301	          0.05000147	          0.12888895	          0.09856369	          0.17738520	          0.19894713	          0.17163009	          0.25026227	          0.41069634	          0.05000015	          0.05000019	          0.05000019	          0.05000084	          0.05000121	          0.05000147	          0.05000270	          0.05000264	          0.05000258	          0.05000024	          0.05000064	          0.05000033	          0.05000077	          0.11081709	          0.20487386	          0.23055464	          0.18165551	          0.09555423	          0.05324147	          0.07024238	          0.08898708	          0.05000481	          0.05000197	          0.05000132	          0.05000365	          0.14004804	          0.12892025	          0.25355277	          0.06935511	          0.05000291	          0.05000029	          0.05000046	          0.05000040	          0.05000021	          0.05000321	          0.05000346	          0.05000125	          0.05000154	          0.05873671	          0.05000860	          0.30387905	          0.05873697	          0.05000147	          0.15219530	          0.55522644	          0.11788959	          0.08405148	          0.10192432	          0.08562204	
          0.96457100	         -2.88108751	         -0.31264227	          0.08629594	          1.27585822	          0.91898973	         -0.00423403	        -14.63170151	          3.50833594	          8.82429864	         30.54830325	          0.16389687	         -2.12822407	          1.78823882	        -23.38696793	          6.76790884	          8.57597855	         -0.99618943	          3.17130167	          2.52028568	          2.23697590	          0.31952789	         -6.62064290	         -4.68348087	         -0.85827122	         -0.74441090	          4.30868194	        -13.45903284	         16.04595445	         -0.88146218	        -13.52793255	         11.66640528	         24.09899630	         29.58901574	         86.51662706	         86.51662706	          0.31721517	          0.19966736	          0.14011403	          0.51495088	          0.45065153	          0.31549017	          0.10101447	          0.08900845	          0.05660396	          0.30937787	          0.13921986	          0.05000067	          0.05000088	          0.05000212	          0.05000602	          0.05000323	          0.49022655	          0.05000344	          0.05000805	          0.05001764	          0.05000882	          0.05000563	          0.18439531	          0.46963091	          0.05000106	          0.05000567	          0.11895994	          0.05000022	          0.05000196	          0.05000194	          0.05000183	          0.64597172	          0.73025859	          0.27250381	          0.44879782	          0.05000126	          0.17602615	          0.08390264	          0.15729266	          0.20393224	          0.14610062	          0.21303620	          0.40904401	          0.05000018	          0.05000021	          0.05000021	          0.05000097	          0.05000138	          0.05000143	          0.05000405	          0.05000335	          0.05000284	          0.05000041	          0.05000106	          0.05000038	          0.05000135	          0.09433363	          0.19578995	          0.22467632	          0.20344748	          0.13651927	          0.07550256	          0.05979493	          0.07959298	          0.05001237	          0.05000206	          0.05000143	          0.06968030	          0.12740182	          0.11867000	          0.23909004	          0.05904911	          0.05000468	          0.05000026	          0.05000042	          0.05000038	          0.05000021	          0.05000063	          0.05000124	          0.05000031	          0.05000107	          0.05000141	          0.05000189	          0.30570199	          0.05000074	          0.05710373	          0.16112116	          0.57345672	          0.17690087	          0.08064381	          0.10771137	          0.09675239	
          0.97505547	         -2.88557713	         -0.39905912	          0.36159309	          1.28972885	          0.91730833	         -0.00414804	        -15.40900320	          3.35088006	          8.88357748	         30.57962235	          0.35345734	         -2.21437187	          1.50181020	        -20.98594443	          6.92451006	          8.54853040	         -0.81392609	          3.03437438	          2.31773900	          2.39134715	          1.27546991	         -7.12107037	         -4.67756162	         -0.73759979	         -0.89570459	          4.56581224	        -13.47600995	         16.38095077	         -1.21780030	        -13.58096464	         11.05307644	         25.03590578	         29.05095345	         86.51662706	         86.51662706	          0.33362566	          0.20381929	          0.13941650	          0.50553472	          0.44385026	          0.29274226	          0.08599037	          0.07577101	          0.05052082	          0.26335846	          0.15622691	          0.05000068	          0.05000088	          0.05000208	          0.05000602	          0.05000340	          0.50890418	          0.05000345	          0.05000672	          0.05001901	          0.05000951	          0.05000605	          0.25856517	          0.54352189	          0.05000112	          0.05000599	          0.10738141	          0.05000028	          0.05000209	          0.05000206	          0.05000195	          0.64456668	          0.73261045	          0.29096155	          0.45723655	          0.05000146	          0.23062890	          0.07142231	          0.13389701	          0.21025880	          0.12436853	          0.18134741	          0.36999829	          0.05000015	          0.05000019	          0.05000018	          0.05000117	          0.05000159	          0.05000184	          0.05000324	          0.05000313	          0.05000310	          0.05000030	          0.05000091	          0.11198314	          0.05000075	          0.08030205	          0.19199381	          0.21352218	          0.20931315	          0.15954205	          0.09144754	          0.05090329	          0.07135783	          0.05000666	          0.05000299	          0.05000280	          0.09272131	          0.11822775	          0.11048326	          0.20981604	          0.05027502	          0.05000361	          0.05000033	          0.05000060	          0.05000053	          0.05000029	          0.05000022	          0.05000048	          0.05000016	          0.05000195	          0.05000418	          0.05000434	          0.30756189	          0.05584789	          0.05000112	          0.18570585	          0.58024226	          0.18277866	          0.08301183	          0.10643094	          0.10118628	
          0.98553994	         -2.89177413	         -0.48391381	          0.63421568	          1.30381985	          0.91575918	         -0.00404980	        -16.07804788	          3.19271178	          8.91581231	         30.50688147	          0.57114104	         -2.28281433	          1.00086564	        -18.65733555	          7.08370244	          8.59980840	         -0.53751346	          2.91049004	          2.04689387	          2.48091046	          2.38808814	         -7.41772450	         -4.66043574	         -0.60635541	         -1.04540300	          4.75620008	        -13.50652752	         16.75908213	         -1.61311139	        -13.64053981	         10.41447131	         26.04529557	         28.61906985	         86.51662706	         86.51662706	          0.35369739	          0.20721980	          0.13383034	          0.51576164	          0.44042562	          0.25025466	          0.07320037	          0.06450099	          0.05000237	          0.22418431	          0.15182316	          0.05000071	          0.05000088	          0.05000198	          0.05000577	          0.05000335	          0.52691510	          0.05000360	          0.05000514	          0.05001671	          0.05000867	          0.05000572	          0.31945350	          0.60983200	          0.05000103	          0.05000560	          0.10379361	          0.05000027	          0.05000222	          0.05000219	          0.05000209	          0.63650212	          0.72841851	          0.31087625	          0.46505436	          0.07845175	          0.28838561	          0.06079844	          0.11398022	          0.21121329	          0.10586901	          0.15437226	          0.31496208	          0.05000017	          0.05000016	          0.05000016	          0.05000140	          0.05000185	          0.05000199	          0.05000393	          0.05000352	          0.05000327	          0.05000026	          0.05000077	          0.17646131	          0.05000053	          0.06835773	          0.19679133	          0.21484506	          0.20803763	          0.16768357	          0.09841617	          0.05000646	          0.06305080	          0.05000463	          0.05000390	          0.05000483	          0.09725682	          0.10757250	          0.09522238	          0.17932974	          0.05001641	          0.05000332	          0.05000048	          0.05000105	          0.05000090	          0.05000047	          0.05000018	          0.05000041	          0.05000018	          0.05000252	          0.05002441	          0.05000891	          0.30931345	          0.05557878	          0.05310811	          0.20347854	          0.58292937	          0.20036372	          0.08646579	          0.10562669	          0.10346920	
          0.99602441	         -2.89902375	         -0.56736629	          0.90413099	          1.31816283	          0.91438713	         -0.00393791	        -16.62957197	          3.03232803	          8.92083918	         30.33888613	          0.81760277	         -2.33333657	          0.26903467	        -16.47235950	          7.23032911	          8.73156075	         -0.15340585	          2.79790376	          1.69507574	          2.52589566	          3.68599549	         -7.57164963	         -4.62878457	         -0.46399831	         -1.19264355	          4.87645381	        -13.55465945	         17.21158350	         -2.06480090	        -13.69231874	          9.71541517	         27.12029292	         28.26847101	         86.51662706	         86.51662706	          0.37686215	          0.20348107	          0.11974001	          0.52056720	          0.43295765	          0.21303169	          0.06231281	          0.05490737	          0.05000124	          0.19083724	          0.14984618	          0.05000069	          0.05000088	          0.05000189	          0.05000569	          0.05000347	          0.54410684	          0.05000351	          0.05000398	          0.05001787	          0.05000930	          0.05000600	          0.35496393	          0.66744490	          0.05000101	          0.05000520	          0.09132678	          0.05859165	          0.05000269	          0.05000266	          0.05000253	          0.62065446	          0.71708430	          0.33121084	          0.47018313	          0.16889218	          0.34028370	          0.05175521	          0.09702593	          0.20741861	          0.09012123	          0.13140962	          0.26811212	          0.05000017	          0.05000014	          0.05000014	          0.05000131	          0.05000178	          0.05000178	          0.05000430	          0.05000356	          0.05000293	          0.05000024	          0.05000085	          0.23793394	          0.05000053	          0.05819050	          0.20926782	          0.21737410	          0.20489447	          0.16597111	          0.09853955	          0.05000603	          0.06050167	          0.05000516	          0.05000373	          0.05000368	          0.08927322	          0.09408032	          0.08628823	          0.15399340	          0.05001516	          0.05000254	          0.05000075	          0.05000195	          0.05000161	          0.05000081	          0.05000018	          0.05000039	          0.05000018	          0.05000120	          0.05000665	          0.05000483	          0.30930928	          0.05205711	          0.05485880	          0.22594695	          0.58178621	          0.20434857	          0.08905429	          0.10666225	          0.10586935	
          1.00650887	         -2.90664793	         -0.64859111	          1.17095309	          1.33278594	          0.91322367	         -0.00381101	        -17.05959604	          2.86832084	          8.89905887	         30.08729643	          1.09191657	         -2.36523021	         -0.69746794	        -14.49182054	          7.34481745	          8.92856666	          0.34966391	          2.69584009	          1.23619119	          2.54373716	          5.22094497	         -7.63657110	         -4.57959966	         -0.31089107	         -1.33652571	          4.92732567	        -13.62525176	         17.78154312	         -2.56538319	        -13.71221044	          8.88059753	         28.24549176	         27.95715462	         86.51662706	         86.51662706	          0.40263363	          0.18134124	          0.10541075	          0.51554015	          0.41003468	          0.18134431	          0.05304533	          0.05000154	          0.05000096	          0.16245050	          0.15689732	          0.05000081	          0.05000097	          0.05000196	          0.05000569	          0.05000323	          0.56023471	          0.05000421	          0.05000380	          0.05001529	          0.05000824	          0.05000566	          0.36345501	          0.71232492	          0.05000111	          0.05000516	          0.08884761	          0.09582930	          0.05000288	          0.05000283	          0.05000269	          0.59273396	          0.69025857	          0.34495312	          0.47066657	          0.19137949	          0.37950107	          0.05000018	          0.08259356	          0.21471587	          0.07671591	          0.11186264	          0.22823098	          0.05000018	          0.05000013	          0.05000014	          0.05000126	          0.05000143	          0.05000132	          0.05000418	          0.05000321	          0.05000273	          0.05000087	          0.05000106	          0.29195907	          0.05000070	          0.05000332	          0.21454099	          0.22380112	          0.18659171	          0.15359996	          0.09555584	          0.05000458	          0.07749428	          0.05001117	          0.05000242	          0.05000183	          0.07607261	          0.08623625	          0.07345986	          0.13115465	          0.05001666	          0.05000320	          0.05000096	          0.05000191	          0.05000171	          0.05000103	          0.05000013	          0.05000030	          0.05000012	          0.05000102	          0.05000714	          0.05000388	          0.30726960	          0.05019030	          0.05637528	          0.24514768	          0.57628986	          0.20651999	          0.08809949	          0.11098958	          0.10867459	
          1.01699334	         -2.91404392	         -0.72654911	          1.43452337	          1.34771273	          0.91228228	         -0.00366803	        -17.37320097	          2.69841160	          8.84951714	         29.76586368	          1.39173164	         -2.37743300	         -1.88279130	        -12.77008445	          7.39209582	          9.15701036	          0.97736797	          2.60354866	          0.66712040	          2.54652546	          7.00870378	         -7.65117806	         -4.51052288	         -0.14757539	         -1.47615545	          4.91509545	        -13.72473286	         18.52992886	         -3.10298571	        -13.66361519	          7.77466314	         29.39667104	         27.62730911	         86.51662706	         86.51662706	          0.42018808	          0.15436867	          0.09522146	          0.55965968	          0.34905771	          0.15437002	          0.05000478	          0.05000142	          0.05000094	          0.13828624	          0.15419210	          0.05000076	          0.05000093	          0.05000195	          0.05000612	          0.05000412	          0.57565814	          0.05000372	          0.05000294	          0.05002258	          0.05001204	          0.05000707	          0.39467703	          0.74417314	          0.05000114	          0.05000630	          0.09124448	          0.13675095	          0.05000556	          0.05000550	          0.05000512	          0.55595175	          0.65552139	          0.35442194	          0.46691157	          0.24100026	          0.41774824	          0.05000020	          0.07030797	          0.21376518	          0.06530461	          0.09522325	          0.19428206	          0.05000017	          0.05000017	          0.05000016	          0.05000221	          0.05000248	          0.05000229	          0.05000514	          0.05000451	          0.05000379	          0.08533454	          0.05000196	          0.33333372	          0.05000083	          0.05000335	          0.22046786	          0.21051098	          0.18171841	          0.14670740	          0.09133651	          0.05001134	          0.06598917	          0.05003347	          0.05000553	          0.05000516	          0.06798619	          0.07341073	          0.07252270	          0.11308139	          0.05001156	          0.05000275	          0.05000442	          0.05004111	          0.05001963	          0.05000508	          0.05000023	          0.05000049	          0.05000020	          0.05000157	          0.05001394	          0.05000627	          0.30293168	          0.05043432	          0.05891748	          0.24144030	          0.56937341	          0.20323615	          0.08684443	          0.10393011	          0.11292475	
          1.02747781	         -2.92058536	         -0.80202556	          1.69286772	          1.36295851	          0.91155726	         -0.00350573	        -17.57303467	          2.51947760	          8.77152364	         29.39325480	          1.71622397	         -2.36961246	         -3.27452500	        -11.37441245	          7.34112458	          9.37212472	          1.73117890	          2.52179769	         -0.02351902	          2.54311766	          9.08487010	         -7.63890990	         -4.42011653	          0.02452611	         -1.61128670	          4.83159011	        -13.78980485	         19.12953816	         -3.66447018	        -13.57390149	          6.61099075	         30.52649937	         27.24629401	         86.51662706	         86.51662706	          0.43544344	          0.13140686	          0.08105801	          0.56332248	          0.29713690	          0.13140793	          0.05000330	          0.05000077	          0.05000062	          0.11771638	          0.13604851	          0.05000048	          0.05000063	          0.05000131	          0.05000420	          0.05000267	          0.58772627	          0.05000248	          0.05000206	          0.05011687	          0.05001832	          0.05000633	          0.39994842	          0.76153965	          0.05000178	          0.05003047	          0.07767319	          0.18449176	          0.05001030	          0.05001045	          0.05000845	          0.51170289	          0.61179907	          0.35598012	          0.45586423	          0.27169817	          0.44213169	          0.05000010	          0.05984983	          0.21149050	          0.05559077	          0.08105894	          0.16538296	          0.05000014	          0.05000014	          0.05000011	          0.05000160	          0.05000168	          0.05000148	          0.05000481	          0.05000366	          0.05000278	          0.10815605	          0.05000358	          0.35900349	          0.05000115	          0.05000406	          0.21501531	          0.19243555	          0.15620873	          0.13355854	          0.08930538	          0.05000508	          0.07180146	          0.09609075	          0.05000287	          0.05000208	          0.05857542	          0.06253729	          0.06173854	          0.10251520	          0.05000840	          0.05000187	          0.05000237	          0.05000676	          0.05000603	          0.05000325	          0.05000022	          0.05000050	          0.05000014	          0.05000113	          0.05002896	          0.05000570	          0.29809142	          0.05000301	          0.06471582	          0.22491534	          0.56292318	          0.19509925	          0.08520798	          0.09759476	          0.11476646	
          1.03796228	         -2.92574947	         -0.87669068	          1.94395551	          1.37853104	          0.91102259	         -0.00332223	        -17.66386910	          2.32780303	          8.66503126	         28.98737646	          2.06343391	         -2.34108127	         -4.85384101	        -10.37004153	          7.16126890	          9.50545656	          2.60702409	          2.44979819	         -0.84661134	          2.54168373	         11.47562610	         -7.61624003	         -4.30810214	          0.20465345	         -1.74170070	          4.66141268	        -13.78250060	         19.35542612	         -4.25426412	        -13.50812126	          5.71985753	         31.63087272	         26.85362810	         86.51662706	         86.51662706	          0.44555972	          0.11186038	          0.06900085	          0.58662627	          0.25293853	          0.11186131	          0.05000389	          0.05000085	          0.05000067	          0.10020627	          0.11581347	          0.05000083	          0.05000083	          0.05000150	          0.05000438	          0.05000217	          0.60067046	          0.05000504	          0.05000324	          0.05001064	          0.05000690	          0.05000430	          0.37125852	          0.76428604	          0.05000156	          0.05000903	          0.06611968	          0.23432292	          0.05000223	          0.05000214	          0.05000213	          0.45426930	          0.55931572	          0.34715970	          0.43779435	          0.29463245	          0.44960461	          0.05000008	          0.05094738	          0.21707417	          0.05000033	          0.06900155	          0.14078254	          0.05000013	          0.05000012	          0.05000013	          0.05000145	          0.05000167	          0.05000138	          0.05000587	          0.05000409	          0.05000333	          0.12047398	          0.06210322	          0.36584560	          0.05000164	          0.05000790	          0.18883420	          0.17096692	          0.13298126	          0.12016400	          0.09595127	          0.05000186	          0.06251558	          0.12254595	          0.05000249	          0.05000153	          0.05571806	          0.05874284	          0.05255755	          0.09971324	          0.05002335	          0.05000445	          0.05000073	          0.05000688	          0.05000635	          0.05000396	          0.05000199	          0.05000196	          0.05088987	          0.05000596	          0.05504931	          0.05001259	          0.29895959	          0.05259280	          0.06827704	          0.21920450	          0.56540632	          0.21496728	          0.07979269	          0.08578485	          0.11418807	
          1.04844674	         -2.92907213	         -0.95244274	          2.18924325	          1.39443417	          0.91063625	         -0.00311276	        -17.65999571	          2.11694812	          8.53011660	         28.56275507	          2.42678142	         -2.28989817	         -6.58254127	         -9.81916033	          6.81885471	          9.48840838	          3.59875738	          2.39147373	         -1.80631239	          2.55475300	         14.19012449	         -7.59552881	         -4.17404147	          0.39240423	         -1.86602758	          4.40846276	        -13.74021403	         19.38239029	         -4.87970652	        -13.46793037	          5.07010468	         32.73522466	         26.47254784	         86.51662706	         86.51662706	          0.43757617	          0.09522136	          0.05873714	          0.57931863	          0.21531446	          0.09522218	          0.05000455	          0.05000059	          0.05000043	          0.08530076	          0.09858694	          0.05000036	          0.05000038	          0.05000091	          0.05000292	          0.05000149	          0.55454822	          0.05000160	          0.05000209	          0.05114128	          0.05001638	          0.05000460	          0.31603474	          0.75800591	          0.05000132	          0.05000646	          0.05628463	          0.22560901	          0.05000140	          0.05000133	          0.05000125	          0.38669740	          0.47611858	          0.33207106	          0.40636958	          0.28384908	          0.43139369	          0.05000006	          0.06228688	          0.19738170	          0.05000029	          0.05873769	          0.11984139	          0.05000007	          0.05000008	          0.05000006	          0.05000109	          0.05000139	          0.05000270	          0.05000219	          0.05000221	          0.05000186	          0.11878934	          0.06692100	          0.35185190	          0.06852647	          0.05000269	          0.16078063	          0.16784905	          0.11320656	          0.13046981	          0.10650407	          0.05000947	          0.05322996	          0.15192362	          0.05000363	          0.05000517	          0.07133664	          0.05000661	          0.05329007	          0.12964217	          0.05000775	          0.05000100	          0.05000478	          0.05000460	          0.05000484	          0.05000376	          0.06056241	          0.05000095	          0.05000032	          0.05596767	          0.05388752	          0.05000566	          0.30278603	          0.05873672	          0.07913836	          0.20780000	          0.56999502	          0.24320661	          0.06900024	          0.07302456	          0.09720296	
          1.05893121	         -2.93017584	         -1.03202864	          2.42786920	          1.41064636	          0.91034574	         -0.00286841	        -17.56516812	          1.88469864	          8.36806160	         28.14010584	          2.79350271	         -2.21809759	         -8.44389073	         -9.80353582	          6.28706819	          9.19631329	          4.68297431	          2.34085159	         -2.87506928	          2.58658239	         17.17869618	         -7.60941941	         -4.01973742	          0.58640756	         -1.98424994	          4.07691467	        -13.69031423	         19.31589760	         -5.53567702	        -13.45040632	          4.63044631	         33.86082661	         26.10510051	         86.51662706	         86.51662706	          0.38181448	          0.08105736	          0.05000012	          0.49314684	          0.18328684	          0.08105807	          0.05000450	          0.05000074	          0.05000044	          0.07261243	          0.08392255	          0.08948627	          0.05000185	          0.05000106	          0.05000340	          0.05000420	          0.47206247	          0.05002194	          0.05000059	          0.05000177	          0.05000116	          0.05000123	          0.26902509	          0.72561260	          0.05000008	          0.05000029	          0.05000009	          0.19205012	          0.08101631	          0.07915613	          0.07046403	          0.32917671	          0.40529666	          0.28625238	          0.38142091	          0.25506101	          0.39765491	          0.05000001	          0.05873750	          0.16802150	          0.05000041	          0.05000057	          0.10201520	          0.05000004	          0.05000009	          0.05000124	          0.05873712	          0.05873709	          0.05000075	          0.05873708	          0.05873711	          0.05873689	          0.10117326	          0.05873762	          0.31819083	          0.06883458	          0.05000065	          0.13686659	          0.22330383	          0.09636839	          0.13694766	          0.13801671	          0.05000331	          0.05001911	          0.16028884	          0.05871077	          0.05000401	          0.11256547	          0.05000036	          0.05000027	          0.27325430	          0.05000176	          0.07366147	          0.05000010	          0.05000141	          0.05000118	          0.05000095	          0.06055735	          0.05551492	          0.05120898	          0.05000330	          0.06074043	          0.05925990	          0.32817521	          0.05000040	          0.10686964	          0.25465836	          0.61061750	          0.31481713	          0.05873662	          0.06216229	          0.08274420	
          1.06941568	         -2.92900819	         -1.12186798	          2.65602475	          1.42711912	          0.91009565	         -0.00259770	        -17.36901814	          1.63079410	          8.16263985	         27.72264417	          3.13228064	         -2.13132621	        -10.44218640	        -10.36133515	          5.53970227	          8.58060255	          5.83676239	          2.29551816	         -4.02015218	          2.64619556	         20.39156192	         -7.68916635	         -3.84937555	          0.79112273	         -2.09411308	          3.67136574	        -13.64716126	         19.20896900	         -6.20797634	        -13.45607376	          4.37842099	         35.02697641	         25.74000963	         86.51662706	         86.51662706	          0.32502026	          0.06900029	          0.05873701	          0.41979215	          0.15602328	          0.06900092	          0.05001001	          0.05000082	          0.05000141	          0.06181148	          0.07143946	          0.14417948	          0.21847092	          0.06899388	          0.05004554	          0.05205192	          0.52829945	          0.07723467	          0.05000968	          0.05000634	          0.05000457	          0.05000743	          0.22900804	          0.66585627	          0.05000399	          0.05873790	          0.05873708	          0.17137756	          0.15436964	          0.15436983	          0.13927647	          0.28021213	          0.34500936	          0.24367274	          0.33491982	          0.21712143	          0.33850521	          0.05000006	          0.05000042	          0.14302856	          0.05000014	          0.05000005	          0.08684062	          0.06115483	          0.06900090	          0.05183261	          0.05000010	          0.05000021	          0.09406367	          0.05000017	          0.05000025	          0.05000032	          0.08612393	          0.05000061	          0.27086048	          0.05859617	          0.06900500	          0.11773706	          0.20831066	          0.46812215	          0.30529097	          0.13748046	          0.05000035	          0.08105356	          0.13645028	          0.05000308	          0.05873667	          0.18252547	          0.06900100	          0.06900109	          0.57224191	          0.15909331	          0.09355086	          0.06900093	          0.05022817	          0.15295449	          0.12639178	          0.06900149	          0.06902296	          0.06900088	          0.05000008	          0.06900120	          0.06900121	          0.38994424	          0.13017535	          0.09097303	          0.41095178	          0.62214415	          0.32279092	          0.05000002	          0.05291575	          0.07043614	
          1.07990015	         -2.92596810	         -1.24046024	          2.87191460	          1.44380916	          0.90986295	         -0.00234203	        -17.07711836	          1.34624437	          7.91682661	         27.23434288	          3.38926298	         -1.95979283	        -12.54615441	        -11.20762573	          4.51085379	          7.71826040	          6.98208056	          2.24890021	         -5.17933838	          2.70663836	         23.73887603	         -7.83990375	         -3.66452585	          1.02672924	         -2.19311685	          3.19831688	        -13.60712227	         19.08351879	         -6.88222900	        -13.49177219	          4.29826152	         36.23350524	         25.35947250	         86.51662706	         86.51662706	          0.29004852	          0.05873667	          0.05000020	          0.35734920	          0.13281513	          0.05873720	          0.05000323	          0.05000140	          0.05000107	          0.05261719	          0.06081321	          0.20023149	          0.40358483	          0.05873721	          0.05873169	          0.13089139	          0.54146241	          0.06899674	          0.05000261	          0.05001452	          0.05001259	          0.05001919	          0.19494348	          0.64224710	          0.05000075	          0.05000127	          0.05000012	          0.14588543	          0.13140766	          0.13140777	          0.11855950	          0.23853097	          0.29368971	          0.20742675	          0.28510105	          0.18482499	          0.28815324	          0.08586217	          0.05000062	          0.12175429	          0.05000014	          0.05000098	          0.07392326	          0.08659160	          0.05873712	          0.05000088	          0.36448852	          0.05000045	          0.44249101	          0.19126575	          0.05000121	          0.37277143	          0.10704575	          0.05001715	          0.23195586	          0.05000078	          0.05874079	          0.10022405	          0.36456212	          0.39848990	          0.25988419	          0.24094280	          0.05000098	          0.06900185	          0.15959366	          0.05000026	          0.05000027	          0.25428547	          0.05873733	          0.05873734	          0.48712180	          0.13542857	          0.16010393	          0.05873717	          0.12078371	          0.13020359	          0.10759185	          0.05873764	          0.05875595	          0.05873713	          0.05000040	          0.05873746	          0.05873758	          0.47205489	          0.11081221	          0.08673432	          0.34982361	          0.72679133	          0.60139878	          0.05000037	          0.08528760	          0.05995888	
          1.09038461	         -2.92296869	         -1.37753659	          3.06089108	          1.46047644	          0.90973958	         -0.00206248	        -16.60679771	          1.05280391	          7.65482161	         26.69397110	          3.60136808	         -1.80265027	        -14.88080265	        -12.00636843	          3.22771067	          6.73249331	          8.12950436	          2.23301051	         -6.29408951	          2.87750131	         26.98069240	         -7.97346871	         -3.48793998	          1.27939493	         -2.28255719	          2.69663280	        -13.57283158	         18.95003787	         -7.48927574	        -13.54426599	          4.39185222	         37.44014519	         24.90413267	         86.51662706	         86.51662706	          0.24690427	          0.05000007	          0.05000002	          0.30419453	          0.11305917	          0.05000031	          0.05853727	          0.05000073	          0.05000036	          0.05000034	          0.05176773	          0.25305433	          0.57143360	          0.05000104	          0.05000407	          0.11142654	          0.55554102	          0.05873647	          0.05000046	          0.05000067	          0.05000044	          0.05000048	          0.16594596	          0.59049051	          0.05000004	          0.05000022	          0.05000016	          0.18768298	          0.11186118	          0.11186125	          0.10092415	          0.20304982	          0.25000379	          0.17657231	          0.24269285	          0.15733257	          0.24529102	          0.23938512	          0.10535648	          0.11092059	          0.37677919	          0.25118065	          0.45491621	          0.11589801	          0.05000006	          0.05000009	          0.45071894	          0.40611686	          0.48128446	          0.25754767	          0.36165284	          0.31732350	          0.09520856	          0.14245229	          0.19745285	          0.05873346	          0.05000335	          0.08531591	          0.31033410	          0.33921568	          0.32374025	          0.26592457	          0.05000055	          0.05873828	          0.13585588	          0.32701453	          0.25040688	          0.30519272	          0.05000028	          0.05000030	          0.41466343	          0.11528397	          0.13628899	          0.05000014	          0.13470693	          0.16285362	          0.10866628	          0.05000050	          0.05001611	          0.05000006	          0.07778244	          0.05000042	          0.05000054	          0.49129126	          0.09432911	          0.07383279	          0.61730434	          0.83919102	          0.76538574	          0.08388277	          0.07260124	          0.05104010	
          1.10086908	         -2.92141657	         -1.50747683	          3.21194590	          1.47679281	          0.90986244	         -0.00173306	        -15.87754841	          0.78569770	          7.40772392	         26.21620094	          3.80443246	         -1.71566288	        -17.55118150	        -12.80730465	          1.70290523	          5.41981244	          9.31644468	          2.16520147	         -7.20239242	          3.05345246	         29.68101386	         -8.24598755	         -3.34866644	          1.52065919	         -2.35857942	          2.23388825	        -13.54066949	         18.82975256	         -7.95105044	        -13.59772791	          4.65928633	         38.57140808	         24.31326341	         86.51662706	         86.51662706	          0.21017764	          0.05000148	          0.05000132	          0.25894615	          0.09624193	          0.05000135	          0.05000849	          0.05000137	          0.05012948	          0.05000014	          0.05000058	          0.26262731	          0.72697866	          0.39911713	          0.11188786	          0.09485276	          0.56574064	          0.05000233	          0.05000117	          0.05873581	          0.06900327	          0.08105806	          0.14126177	          0.51618475	          0.07429399	          0.05001803	          0.05000119	          0.19681708	          0.09522212	          0.09522216	          0.08591193	          0.17284644	          0.21281608	          0.15030743	          0.20659681	          0.13392960	          0.20880454	          0.25382000	          0.08968510	          0.09821382	          0.32073439	          0.34759733	          0.67916701	          0.14154287	          0.05000006	          0.05000007	          0.52894382	          0.49515657	          0.54413628	          0.21923990	          0.30785827	          0.31291528	          0.08286024	          0.13451350	          0.16808211	          0.05000036	          0.05000030	          0.07262542	          0.34024404	          0.42447192	          0.41542062	          0.30048746	          0.05000043	          0.05000481	          0.12943372	          0.39210540	          0.30750271	          0.35295618	          0.05000009	          0.05000009	          0.35298333	          0.09813591	          0.11943135	          0.05000011	          0.28163620	          0.30258607	          0.23632144	          0.05000004	          0.05000010	          0.05000001	          0.06621264	          0.05000052	          0.05000068	          0.53108674	          0.08029799	          0.07381237	          0.72276714	          0.90534878	          0.86190741	          0.11077487	          0.06180192	          0.05000009	
          1.11135355	         -2.92050292	         -1.62428687	          3.33316497	          1.49269198	          0.91021615	         -0.00138445	        -14.91494019	          0.55698701	          7.21126043	         25.77175353	          4.00505769	         -1.64000225	        -20.48080048	        -13.62532762	         -0.04848863	          4.17998093	         10.50719184	          2.06517897	         -7.86121859	          3.21777846	         31.59576208	         -8.53071589	         -3.24489418	          1.74552716	         -2.42442292	          1.83170919	        -13.50964494	         18.74778949	         -8.26827310	        -13.65016680	          5.05900451	         39.59890203	         23.60836802	         86.51662706	         86.51662706	          0.17891405	          0.05000054	          0.05000040	          0.22042853	          0.08192637	          0.05000123	          0.05003044	          0.05000158	          0.05000323	          0.05000029	          0.05000157	          0.25936006	          0.66766834	          0.33974953	          0.09524563	          0.08074372	          0.59143579	          0.23840282	          0.06841119	          0.05000989	          0.05874040	          0.06900127	          0.12024941	          0.43940312	          0.22680809	          0.05014538	          0.05000984	          0.16754200	          0.08105799	          0.08105803	          0.07313268	          0.14713578	          0.18116000	          0.12794940	          0.19356260	          0.11400778	          0.17774553	          0.21606467	          0.07634464	          0.10685283	          0.27302626	          0.48400712	          0.81115966	          0.16590279	          0.05000409	          0.05000006	          0.58373633	          0.53574570	          0.55985423	          0.18662927	          0.26206543	          0.26637197	          0.07258665	          0.12099648	          0.14308029	          0.05000049	          0.05000060	          0.06182272	          0.28963692	          0.38301178	          0.40653184	          0.30862182	          0.05000060	          0.05000747	          0.11018179	          0.40955994	          0.32617038	          0.35806124	          0.05000017	          0.05000018	          0.30047818	          0.08353868	          0.10812888	          0.05000021	          0.38793557	          0.41260950	          0.32073177	          0.05000007	          0.05000020	          0.05000003	          0.05636429	          0.05000071	          0.05000091	          0.55861362	          0.06835431	          0.07219101	          0.77113844	          0.94428885	          0.91871947	          0.11134712	          0.05260899	          0.05000014	
          1.12183802	         -2.91966532	         -1.72905228	          3.43147686	          1.50820312	          0.91075937	         -0.00102818	        -13.77848473	          0.36981210	          7.02909667	         25.29877519	          4.20637181	         -1.54705733	        -23.54525824	        -14.39010787	         -1.85109585	          3.16523893	         11.58090763	          1.94518263	         -8.24177275	          3.35150990	         32.67945260	         -8.81715359	         -3.16718097	          1.95175919	         -2.48310360	          1.48963832	        -13.48305502	         18.71448988	         -8.46160125	        -13.69823821	          5.54266630	         40.51803339	         22.82683768	         86.51662706	         86.51662706	          0.15230089	          0.05000244	          0.05873481	          0.18764140	          0.06974119	          0.05866830	          0.05000876	          0.05000075	          0.05000103	          0.05000052	          0.13820699	          0.24725786	          0.56835404	          0.28921258	          0.08107848	          0.06873333	          0.60447529	          0.31141400	          0.09758183	          0.05000707	          0.05000490	          0.05873775	          0.12868220	          0.37404258	          0.19307139	          0.05875222	          0.05839099	          0.25459305	          0.06900076	          0.06900079	          0.06225432	          0.12524954	          0.15421273	          0.10891711	          0.21645326	          0.09704933	          0.23557000	          0.18392536	          0.06498860	          0.09095866	          0.23241408	          0.53889853	          0.88884971	          0.17707116	          0.08070519	          0.05000008	          0.64950067	          0.57624202	          0.58540681	          0.15886965	          0.22308464	          0.28803341	          0.07088175	          0.11152608	          0.12179793	          0.05000045	          0.05000082	          0.05262701	          0.24655460	          0.32604230	          0.37503162	          0.31926411	          0.05000061	          0.05000583	          0.09379311	          0.42751931	          0.33857464	          0.35957880	          0.05000017	          0.05000017	          0.25578302	          0.07111287	          0.11789908	          0.05000023	          0.40540672	          0.45187574	          0.33445472	          0.05000007	          0.05000018	          0.05000003	          0.05258244	          0.05000065	          0.05000079	          0.57459586	          0.05818876	          0.07349261	          0.80975921	          0.96720873	          0.95215871	          0.11628645	          0.05000005	          0.05000012	
          1.13232248	         -2.91874378	         -1.82208595	          3.51662073	          1.52337114	          0.91146904	         -0.00065983	        -12.54484822	          0.21872488	          6.83962933	         24.77914635	          4.40700221	         -1.43205788	        -26.57825447	        -15.07823414	         -3.10398900	          2.37579039	         12.44889129	          1.81128564	         -8.35400739	          3.45733869	         33.15235343	         -9.09666468	         -3.10860405	          2.13280370	         -2.53392841	          1.20703495	        -13.46471656	         18.73306568	         -8.55592039	        -13.73459303	          6.06615357	         41.32739899	         22.00269548	         86.51662706	         86.51662706	          0.12964640	          0.05000051	          0.05000034	          0.21763197	          0.05936844	          0.05000192	          0.05000756	          0.05000055	          0.05000072	          0.05000042	          0.16502545	          0.24860935	          0.48381339	          0.24619301	          0.06901878	          0.05850953	          0.61716374	          0.39011922	          0.09455913	          0.05000346	          0.05000162	          0.05000133	          0.15428919	          0.31840434	          0.16435249	          0.05001487	          0.05000074	          0.24130763	          0.05873704	          0.05873706	          0.05299411	          0.10661888	          0.13127722	          0.09271585	          0.19368700	          0.11616496	          0.20053851	          0.19390709	          0.05532165	          0.07742870	          0.19784284	          0.45873844	          0.91791152	          0.16537890	          0.09941926	          0.05000007	          0.67976850	          0.57830675	          0.57494553	          0.13523956	          0.18990210	          0.24519076	          0.06171714	          0.09929205	          0.10368119	          0.05000049	          0.05000068	          0.05000153	          0.20997298	          0.28958055	          0.36128120	          0.31476030	          0.05000063	          0.05000649	          0.07984278	          0.40965003	          0.32799679	          0.34388703	          0.05000020	          0.05000019	          0.21773620	          0.06053555	          0.11185774	          0.05000026	          0.41907297	          0.46510801	          0.34788541	          0.05000006	          0.05000016	          0.05000003	          0.05770148	          0.05000062	          0.05000073	          0.58286016	          0.05000410	          0.07582081	          0.82025734	          0.98069923	          0.97184083	          0.12009455	          0.05000006	          0.05000017	
          1.14280695	         -2.91785187	         -1.90158360	          3.59814518	          1.53823502	          0.91234562	         -0.00027979	        -11.25558243	          0.09044657	          6.62779862	         24.21339578	          4.60380157	         -1.29048272	        -29.42309320	        -15.69184175	         -3.51974513	          1.79667191	         13.09022717	          1.66814595	         -8.37978005	          3.53764860	         33.35714346	         -9.35531307	         -3.06623653	          2.28401083	         -2.57592083	          0.98273716	        -13.45497522	         18.79773108	         -8.57144892	        -13.75318975	          6.59591708	         42.02578460	         21.16151610	         86.51662706	         86.51662706	          0.11036174	          0.05000049	          0.05000039	          0.18526458	          0.05053902	          0.05000193	          0.05001987	          0.05000163	          0.05000181	          0.05001132	          0.18428180	          0.25584650	          0.41433528	          0.20957269	          0.05875324	          0.05000054	          0.61760613	          0.43046945	          0.15353117	          0.05000320	          0.05000152	          0.05000081	          0.15622603	          0.27104225	          0.13990553	          0.05001257	          0.05000202	          0.20541547	          0.05000014	          0.05000014	          0.05000007	          0.09075956	          0.11481767	          0.07892452	          0.16487657	          0.09888586	          0.17070903	          0.20663198	          0.05000029	          0.06591143	          0.16841410	          0.59205719	          0.94971374	          0.15312972	          0.10184735	          0.05000008	          0.71097679	          0.56669450	          0.55771577	          0.11512328	          0.16165498	          0.20872105	          0.05254904	          0.08648840	          0.08825946	          0.05000040	          0.05000066	          0.05000140	          0.20799069	          0.29732368	          0.33453877	          0.30372905	          0.05000072	          0.05000551	          0.06796814	          0.38939257	          0.31250589	          0.32016884	          0.05000017	          0.05000019	          0.19982722	          0.05153330	          0.09522166	          0.05000036	          0.42766065	          0.47144225	          0.35454506	          0.05000007	          0.05000017	          0.05000003	          0.06805681	          0.05000065	          0.05000074	          0.59204440	          0.05648370	          0.07402252	          0.80463977	          0.98863964	          0.98342558	          0.12493769	          0.05000007	          0.05000016	
          1.15329142	         -2.91684627	         -1.96932315	          3.67919378	          1.55282392	          0.91337274	          0.00010240	         -9.90195062	         -0.02232073	          6.39495967	         23.60237903	          4.79940524	         -1.11135417	        -32.07334880	        -16.23455650	         -3.42423170	          1.42791319	         13.55696683	          1.52378144	         -8.36851815	          3.59670429	         33.34661535	         -9.57762765	         -3.03828454	          2.41002411	         -2.60702036	          0.81062289	        -13.45063165	         18.89295305	         -8.52235097	        -13.75576618	          7.11598023	         42.62031840	         20.32506723	         86.51662706	         86.51662706	          0.09394565	          0.05000050	          0.05000040	          0.16059898	          0.05000628	          0.05000211	          0.05001631	          0.05000516	          0.05000200	          0.05965299	          0.19817490	          0.24977256	          0.37899849	          0.17839950	          0.05001558	          0.05000057	          0.61729001	          0.43257210	          0.17569519	          0.05000305	          0.05000135	          0.05000063	          0.15603576	          0.23072531	          0.11909496	          0.05001234	          0.05000138	          0.21223480	          0.05000012	          0.05000011	          0.05000008	          0.07725951	          0.10146577	          0.06718465	          0.14304236	          0.08417714	          0.14531660	          0.20598731	          0.05000128	          0.05610754	          0.14336306	          0.58351813	          0.92477135	          0.14456234	          0.09832439	          0.05000008	          0.73149940	          0.54953615	          0.53801612	          0.09799941	          0.13760972	          0.17767779	          0.05165774	          0.08396188	          0.07838941	          0.05000046	          0.05000075	          0.05000143	          0.19531369	          0.28883239	          0.32137132	          0.29431081	          0.05000067	          0.05000606	          0.05786253	          0.37291557	          0.29846784	          0.30345760	          0.05000018	          0.05000019	          0.17010420	          0.05872633	          0.08105947	          0.05000035	          0.41735455	          0.46009808	          0.34911062	          0.05000006	          0.05000015	          0.05000003	          0.08017433	          0.05000060	          0.05000063	          0.61057599	          0.09529741	          0.08108588	          0.68500665	          0.99331331	          0.99024422	          0.12440620	          0.05000007	          0.05000019	
          1.16377589	         -2.91544616	         -2.02721701	          3.75937240	          1.56717543	          0.91451574	          0.00047819	         -8.48685519	         -0.12242106	          6.14244892	         22.94866237	          4.99623039	         -0.88876297	        -34.52932636	        -16.71493593	         -2.98611975	          1.27017222	         13.86820270	          1.38187891	         -8.33117694	          3.64104652	         33.17305439	         -9.74883267	         -3.02173813	          2.51615172	         -2.62655680	          0.67826026	        -13.44977522	         18.99979824	         -8.42061964	        -13.74680700	          7.62031029	         43.12674066	         19.51250537	         86.51662706	         86.51662706	          0.07997146	          0.05000043	          0.05000033	          0.19908405	          0.05000598	          0.05000184	          0.05003555	          0.07826003	          0.05000409	          0.08443316	          0.21442807	          0.23922916	          0.38094348	          0.15186327	          0.05000434	          0.05000048	          0.60982136	          0.43372591	          0.20997540	          0.05000255	          0.05000108	          0.05000048	          0.15111219	          0.19640579	          0.10137989	          0.05000831	          0.05000119	          0.24775957	          0.05000010	          0.05000009	          0.05000006	          0.07175687	          0.09518497	          0.05719107	          0.12729589	          0.07165695	          0.12370125	          0.20276595	          0.05000748	          0.05000154	          0.12204029	          0.57593630	          0.88605852	          0.13735049	          0.09555337	          0.05000010	          0.75155211	          0.53311394	          0.50836369	          0.08342461	          0.11714258	          0.16280528	          0.05463989	          0.08671444	          0.07511107	          0.05000040	          0.05000067	          0.05000197	          0.19174669	          0.28843369	          0.33126887	          0.28494352	          0.05000063	          0.05000657	          0.05002053	          0.35270065	          0.28196484	          0.28746019	          0.05000017	          0.05000018	          0.14480168	          0.05000570	          0.06900285	          0.05000030	          0.41465004	          0.45895016	          0.34706920	          0.05000006	          0.05000015	          0.05000002	          0.10043452	          0.05000047	          0.05000045	          0.58545118	          0.08112278	          0.06902488	          0.58311345	          0.99606414	          0.99425738	          0.11898951	          0.05000008	          0.05000020	
          1.17426035	         -2.91364118	         -2.07721758	          3.83724231	          1.58132175	          0.91574719	          0.00084442	         -7.01768258	         -0.21293553	          5.87276962	         22.25034531	          5.19475427	         -0.62453357	        -36.77628492	        -17.13391942	         -2.33333200	          1.34296503	         14.03680564	          1.25033265	         -8.26582123	          3.69384898	         32.86807761	         -9.85206170	         -3.01447029	          2.60643690	         -2.63436144	          0.57417486	        -13.45171500	         19.10280889	         -8.27469570	        -13.72987766	          8.10659981	         43.55976256	         18.73796306	         86.51662706	         86.51662706	          0.06807596	          0.05000041	          0.05000030	          0.27066962	          0.05000717	          0.05000162	          0.05004578	          0.10688224	          0.05000670	          0.10338913	          0.22310271	          0.23038927	          0.36736434	          0.12927423	          0.05000395	          0.05000043	          0.59630281	          0.43038254	          0.23687783	          0.05000229	          0.05000091	          0.05000037	          0.14368168	          0.16723253	          0.08629990	          0.05000594	          0.05000083	          0.27817665	          0.05000010	          0.05000009	          0.05000006	          0.06462227	          0.08102772	          0.05000218	          0.11923128	          0.06100009	          0.10530116	          0.20466041	          0.05000133	          0.05000047	          0.10388906	          0.55159142	          0.85123386	          0.12882316	          0.09653796	          0.05000011	          0.76569039	          0.52227473	          0.48521062	          0.15476743	          0.13623613	          0.22151151	          0.05591441	          0.08620327	          0.07199498	          0.05000046	          0.05000071	          0.05000272	          0.16322562	          0.24553383	          0.30804878	          0.27075493	          0.05000071	          0.05000765	          0.05007222	          0.33365543	          0.26242819	          0.26421325	          0.05000019	          0.05000019	          0.12326280	          0.05000313	          0.05873995	          0.05000032	          0.45636174	          0.50154074	          0.37694063	          0.05000009	          0.05000025	          0.05000005	          0.15607835	          0.05001307	          0.05000994	          0.55764105	          0.06905598	          0.05875760	          0.49637627	          0.99005769	          0.97074233	          0.11487794	          0.05000009	          0.05000021	
          1.18474482	         -2.91198499	         -2.11830743	          3.91130783	          1.59527985	          0.91707324	          0.00119613	         -5.50034801	         -0.29471472	          5.58668980	         21.49238117	          5.39001612	         -0.32800977	        -38.79956037	        -17.46729463	         -1.54091220	          1.67098318	         14.07616670	          1.11475014	         -8.16835686	          3.74583138	         32.45431393	         -9.90117660	         -3.01622904	          2.68140049	         -2.62963797	          0.49367103	        -13.45432458	         19.19389266	         -8.08749690	        -13.70627224	          8.57432395	         43.92144991	         18.00629288	         86.51662706	         86.51662706	          0.05795012	          0.05000037	          0.05000024	          0.38724269	          0.05001027	          0.05000140	          0.05348871	          0.12707552	          0.05003872	          0.12656903	          0.22138149	          0.21828001	          0.35637996	          0.11004527	          0.05000357	          0.05000041	          0.58015077	          0.41131823	          0.25851706	          0.05000195	          0.05000073	          0.05000030	          0.13392750	          0.14583524	          0.07346303	          0.05000353	          0.05000073	          0.29117851	          0.05000009	          0.05000009	          0.05000006	          0.05500997	          0.06897523	          0.05000004	          0.10807027	          0.05192857	          0.08963807	          0.21240116	          0.05000062	          0.05000029	          0.11592302	          0.52701821	          0.85956718	          0.12155955	          0.09061847	          0.05000013	          0.76938228	          0.50901952	          0.46129292	          0.25047255	          0.23604813	          0.27171479	          0.05936890	          0.08721557	          0.07151597	          0.05000036	          0.05000065	          0.05000112	          0.13894640	          0.20901309	          0.27910547	          0.25286619	          0.05000076	          0.05000472	          0.05000404	          0.31846313	          0.24267382	          0.23759720	          0.05000016	          0.05000017	          0.10492779	          0.05000320	          0.05000642	          0.05000034	          0.45220501	          0.52008926	          0.38665908	          0.05000018	          0.05000047	          0.05000021	          0.16093613	          0.05000488	          0.05001561	          0.50168441	          0.05878415	          0.05001763	          0.42254113	          0.84279048	          0.86221321	          0.10587800	          0.05000010	          0.05000021	
          1.19522929	         -2.91127378	         -2.14973266	          3.97924670	          1.60904747	          0.91851392	          0.00153142	         -3.93666342	         -0.36880456	          5.28591555	         20.66666949	          5.57831454	         -0.00290036	        -40.59349662	        -17.68639373	         -0.66769466	          2.17838273	         13.99584243	          0.98673309	         -8.04307561	          3.76530590	         31.93817984	         -9.92626642	         -3.02900965	          2.74178981	         -2.61253265	          0.43654512	        -13.45512955	         19.26849677	         -7.85606286	        -13.67653061	          9.02609592	         44.20681425	         17.31734901	         86.51662706	         86.51662706	          0.05000165	          0.05000038	          0.05000023	          0.45728839	          0.05001624	          0.05000139	          0.06052352	          0.13345259	          0.05254549	          0.14943115	          0.21845331	          0.20563029	          0.33603235	          0.09367659	          0.05000324	          0.05000039	          0.56137395	          0.38969296	          0.27734719	          0.05000179	          0.05000063	          0.05000026	          0.12443790	          0.13009625	          0.06253566	          0.05000313	          0.05000067	          0.29170423	          0.05000010	          0.05000009	          0.05000006	          0.05000049	          0.05871569	          0.05000007	          0.09705555	          0.05000683	          0.07630489	          0.21568301	          0.05000065	          0.05000029	          0.12618063	          0.49954883	          0.85032847	          0.11437413	          0.08656361	          0.05000015	          0.76381040	          0.48770100	          0.43189049	          0.32078489	          0.29467831	          0.31668148	          0.06707465	          0.09572801	          0.07419373	          0.05000050	          0.05000070	          0.05000121	          0.11827860	          0.17792418	          0.24178064	          0.23176642	          0.05000082	          0.05000499	          0.05001013	          0.29428290	          0.21689877	          0.20554685	          0.05000017	          0.05000018	          0.08932009	          0.05000292	          0.05000641	          0.05000026	          0.45931372	          0.52733319	          0.39100685	          0.05000019	          0.05000047	          0.05000016	          0.17280779	          0.05000324	          0.05000517	          0.45335732	          0.05004068	          0.05000082	          0.35968892	          0.76710491	          0.73403092	          0.09939695	          0.05000011	          0.05000022	
          1.20571376	         -2.91196241	         -2.16956494	          4.03900239	          1.62262893	          0.92006107	          0.00184817	         -2.32842353	         -0.43426183	          4.97246025	         19.76650619	          5.75465277	          0.34667483	        -42.16512675	        -17.76248375	          0.25766027	          2.76443089	         13.81128014	          0.87575648	         -7.89258562	          3.75379486	         31.33266715	         -9.92894336	         -3.05411898	          2.78699204	         -2.58322860	          0.40150874	        -13.45388650	         19.32528791	         -7.58137710	        -13.64223452	          9.46270416	         44.41534634	         16.67681403	         86.51662706	         86.51662706	          0.05000388	          0.05000040	          0.05000023	          0.50527315	          0.05003886	          0.05000148	          0.05527925	          0.12881122	          0.05001157	          0.17120287	          0.21524422	          0.19244305	          0.30926141	          0.07974276	          0.05000280	          0.05000036	          0.54026733	          0.36676939	          0.29053971	          0.05000162	          0.05000054	          0.05000022	          0.11534502	          0.11817898	          0.05323383	          0.05000304	          0.05000068	          0.27993788	          0.05000010	          0.05000010	          0.05000007	          0.05000030	          0.05000063	          0.05000005	          0.08702263	          0.05000433	          0.06495509	          0.22207869	          0.05000059	          0.05000026	          0.14736432	          0.47551080	          0.86365575	          0.10836165	          0.08396429	          0.05000016	          0.75105569	          0.46293282	          0.39919511	          0.36898549	          0.34924454	          0.35970095	          0.07373086	          0.10324844	          0.07704542	          0.05000075	          0.05000081	          0.05000104	          0.10068507	          0.15145941	          0.20583818	          0.21073980	          0.05000089	          0.05000461	          0.05001359	          0.26931608	          0.19021663	          0.17498305	          0.05000019	          0.05000019	          0.07603403	          0.05000311	          0.05000835	          0.05000022	          0.45463975	          0.52284800	          0.38714611	          0.05000015	          0.05000039	          0.05000010	          0.18315560	          0.05017123	          0.05003381	          0.40864479	          0.05000048	          0.05000037	          0.30618596	          0.69906672	          0.62484637	          0.09446380	          0.05000012	          0.05000023	
          1.21619822	         -2.91407276	         -2.17610538	          4.08934457	          1.63603879	          0.92167945	          0.00214514	         -0.67903158	         -0.49078561	          4.64844769	         18.78915141	          5.91402088	          0.71685413	        -43.52735640	        -17.68213289	          1.21136594	          3.36160860	         13.53580658	          0.78585442	         -7.71792332	          3.72098382	         30.64553920	         -9.90087398	         -3.09162061	          2.81619295	         -2.54181278	          0.38596694	        -13.45185093	         19.36441429	         -7.26871237	        -13.60560447	          9.88222215	         44.55017237	         16.09460897	         86.51662706	         86.51662706	          0.05001089	          0.05000041	          0.05000023	          0.55679556	          0.07583807	          0.05000152	          0.05018909	          0.10965118	          0.05000421	          0.19249686	          0.21156489	          0.18164593	          0.28290882	          0.06788168	          0.05000248	          0.05000034	          0.51738365	          0.34807399	          0.29851629	          0.05000146	          0.05000047	          0.05000020	          0.10751864	          0.10937209	          0.05000072	          0.05000283	          0.05000064	          0.25813842	          0.05000012	          0.05000011	          0.05000008	          0.05000018	          0.05000045	          0.05000004	          0.07626271	          0.05000282	          0.05529386	          0.22968631	          0.05000052	          0.05000024	          0.17568998	          0.45426907	          0.87525970	          0.10351468	          0.07905106	          0.05000018	          0.73439716	          0.44070960	          0.36460486	          0.43783477	          0.41129490	          0.40223674	          0.07594432	          0.10598350	          0.07779516	          0.05000094	          0.05000084	          0.05000095	          0.08570853	          0.12893120	          0.17842404	          0.19587725	          0.05000092	          0.05000433	          0.05001434	          0.25064302	          0.16993533	          0.15403317	          0.05000019	          0.05000019	          0.06472429	          0.05000272	          0.05000852	          0.05000021	          0.43601135	          0.50300144	          0.37151197	          0.05000014	          0.05000034	          0.05000009	          0.19250134	          0.05001120	          0.05000749	          0.36333609	          0.05000086	          0.05000071	          0.26064168	          0.62182406	          0.53190195	          0.09044568	          0.05000013	          0.05000024	
          1.22668269	         -2.91727693	         -2.16843256	          4.12891647	          1.64929600	          0.92331931	          0.00242189	          1.00685554	         -0.53949231	          4.31604885	         17.73920999	          6.05245353	          1.10400343	        -44.69636909	        -17.45098077	          2.17725814	          3.93395982	         13.18327871	          0.71974214	         -7.52307835	          3.67356563	         29.88300135	         -9.83342360	         -3.14078851	          2.82946935	         -2.48857264	          0.38659042	        -13.45030710	         19.38521419	         -6.92433835	        -13.56917168	         10.28085492	         44.61494686	         15.58064990	         86.51662706	         86.51662706	          0.05547296	          0.05000040	          0.05000022	          0.58041175	          0.10263309	          0.05000150	          0.05002875	          0.09334088	          0.05000183	          0.21118636	          0.20726034	          0.17437442	          0.24331747	          0.05778533	          0.05000225	          0.05000031	          0.49414090	          0.33914101	          0.29950943	          0.05000125	          0.05000039	          0.05000017	          0.10245243	          0.10402640	          0.05000084	          0.05000275	          0.05000066	          0.22805617	          0.05000013	          0.05000013	          0.05000009	          0.05000015	          0.05000036	          0.05000003	          0.06560495	          0.05000257	          0.05000210	          0.23565573	          0.05000052	          0.05000024	          0.19878472	          0.43485777	          0.87643459	          0.10135866	          0.07192843	          0.05000019	          0.71427153	          0.42307170	          0.33110451	          0.51932145	          0.47743979	          0.43885477	          0.07209511	          0.10021470	          0.07406034	          0.05000063	          0.05000080	          0.05000075	          0.07295975	          0.10975405	          0.16562537	          0.18604104	          0.05000100	          0.05000359	          0.05000447	          0.24040446	          0.15870801	          0.14438745	          0.05000017	          0.05000017	          0.05509700	          0.05000240	          0.05000585	          0.05000026	          0.40380109	          0.46819414	          0.34438701	          0.05000016	          0.05000037	          0.05000009	          0.20296739	          0.05000532	          0.05000535	          0.32213665	          0.05000174	          0.05755205	          0.22187235	          0.53350587	          0.45278266	          0.08744891	          0.05000014	          0.05000025	
          1.23716716	         -2.92099646	         -2.14619752	          4.15569385	          1.66242157	          0.92492719	          0.00267862	          2.72338982	         -0.58211346	          3.97736174	         16.62694760	          6.16713408	          1.50275820	        -45.69040984	        -17.08768633	          3.14633979	          4.46118302	         12.76737243	          0.67273936	         -7.31060323	          3.61769642	         29.05052848	         -9.71557313	         -3.20013754	          2.82766598	         -2.42407850	          0.39948153	        -13.44973520	         19.38486751	         -6.55370207	        -13.53532173	         10.65396390	         44.61203847	         15.14221822	         86.51662706	         86.51662706	          0.05602403	          0.05000043	          0.05000024	          0.58734255	          0.13777076	          0.05000173	          0.05001465	          0.07945666	          0.05000100	          0.22701050	          0.20448321	          0.16624749	          0.20712642	          0.05000234	          0.05000190	          0.05000029	          0.47072504	          0.32266244	          0.28953451	          0.05000114	          0.05000035	          0.05000016	          0.09897878	          0.10079388	          0.05000085	          0.05000309	          0.05000075	          0.19413329	          0.05000016	          0.05000015	          0.05000011	          0.05000013	          0.05000032	          0.05000003	          0.05634627	          0.05000230	          0.05000270	          0.24074523	          0.05000052	          0.05000025	          0.22190010	          0.41838206	          0.87202456	          0.10071621	          0.06340146	          0.05000020	          0.68986600	          0.40835829	          0.30279493	          0.59793912	          0.53525341	          0.46952314	          0.06463578	          0.08791373	          0.06787154	          0.05000037	          0.05000070	          0.05000063	          0.06210737	          0.09342958	          0.16337493	          0.17852742	          0.05000114	          0.05000305	          0.05000222	          0.23508875	          0.15328625	          0.14006022	          0.05000015	          0.05000016	          0.05000088	          0.05000207	          0.05000495	          0.05000047	          0.36273106	          0.42260556	          0.30939971	          0.05000023	          0.05000049	          0.05334306	          0.21388775	          0.05000292	          0.05000367	          0.28806419	          0.05000326	          0.07388293	          0.18887051	          0.46435647	          0.38543220	          0.08501677	          0.05000014	          0.05000024	
          1.24765163	         -2.92457388	         -2.10943911	          4.16704593	          1.67543634	          0.92645204	          0.00291544	          4.46352425	         -0.62006339	          3.63507251	         15.46562329	          6.25620091	          1.90625769	        -46.52702469	        -16.61630157	          4.10990012	          4.92368310	         12.30152181	          0.63464539	         -7.08139712	          3.56609392	         28.15137885	         -9.53697762	         -3.26776885	          2.81220910	         -2.34908343	          0.42009057	        -13.44973413	         19.35789619	         -6.16098850	        -13.50618474	         10.99703432	         44.54352406	         14.78382096	         86.51662706	         86.51662706	          0.06729109	          0.05000047	          0.05000026	          0.51727530	          0.18760886	          0.05000205	          0.05000923	          0.06763771	          0.05000061	          0.24266162	          0.20374072	          0.15921557	          0.17631771	          0.05000215	          0.05000155	          0.05000026	          0.44755685	          0.30697866	          0.27073305	          0.05000103	          0.05000031	          0.05000015	          0.09829829	          0.10055483	          0.05000086	          0.05000327	          0.05000079	          0.16525629	          0.05000019	          0.05000018	          0.05000013	          0.05000011	          0.05000028	          0.05000003	          0.05000452	          0.05000194	          0.05000243	          0.24499458	          0.05000050	          0.05000025	          0.25343426	          0.40564292	          0.85812949	          0.10082681	          0.05398525	          0.05000020	          0.66181512	          0.39492892	          0.28197726	          0.66299623	          0.58011449	          0.49345902	          0.05725270	          0.07698003	          0.06199099	          0.05000036	          0.05000070	          0.05000054	          0.05286945	          0.07953347	          0.14019059	          0.17284972	          0.05000130	          0.05000266	          0.05000189	          0.23098752	          0.14961698	          0.13626071	          0.05000015	          0.05000015	          0.05000095	          0.05000193	          0.05000497	          0.05000052	          0.31972675	          0.37215654	          0.27208058	          0.05000012	          0.05000029	          0.06886424	          0.22353159	          0.05002309	          0.05000765	          0.26349235	          0.05670015	          0.08546696	          0.17286621	          0.44133371	          0.32809999	          0.08255274	          0.05000014	          0.05000022	
          1.25813609	         -2.92744093	         -2.05840272	          4.16020691	          1.68835965	          0.92785033	          0.00313267	          6.21930671	         -0.65421472	          3.29173300	         14.26729497	          6.31898246	          2.30914345	        -47.22064768	        -16.05960778	          5.05743359	          5.31601005	         11.79773108	          0.59376209	         -6.83587552	          3.51954490	         27.18564539	         -9.29392299	         -3.34174641	          2.78463249	         -2.26455199	          0.44340336	        -13.44978915	         19.29781609	         -5.74912178	        -13.48333712	         11.30681338	         44.41263157	         14.50758425	         86.51662706	         86.51662706	          0.08323558	          0.05000051	          0.05000028	          0.44033422	          0.16170175	          0.05000260	          0.05000687	          0.05757686	          0.05000046	          0.25978123	          0.20940420	          0.14947050	          0.15009159	          0.05000157	          0.05000126	          0.05000023	          0.42123784	          0.28838558	          0.24542222	          0.05000092	          0.05000028	          0.05000013	          0.09573485	          0.09818114	          0.05000083	          0.05000388	          0.05000097	          0.14067468	          0.05000021	          0.05000021	          0.05000015	          0.05000011	          0.05000026	          0.05000003	          0.05000077	          0.05000142	          0.05000161	          0.24743604	          0.05000067	          0.05000034	          0.31512187	          0.39579821	          0.83241038	          0.10090508	          0.05000131	          0.05000023	          0.63271334	          0.38222346	          0.26741205	          0.69323861	          0.60600676	          0.51220167	          0.05232583	          0.06559012	          0.05774852	          0.05000027	          0.05000067	          0.05000048	          0.05000129	          0.06770476	          0.11935627	          0.16982469	          0.05000142	          0.05000241	          0.05000139	          0.22761701	          0.14768289	          0.13627452	          0.05000014	          0.05000014	          0.05000082	          0.05000176	          0.05000361	          0.07106590	          0.28809803	          0.32588710	          0.24272770	          0.05000102	          0.05000044	          0.08719882	          0.23391148	          0.05004057	          0.05000916	          0.24416249	          0.07267579	          0.09776688	          0.16213359	          0.42099733	          0.27929593	          0.07911486	          0.05000016	          0.05000022	
          1.26862056	         -2.92930588	         -1.99382869	          4.13334300	          1.70121023	          0.92909356	          0.00333177	          7.98212602	         -0.68492538	          2.95078755	         13.03525898	          6.35577545	          2.70726489	        -47.78116577	        -15.42650877	          5.97662528	          5.64978989	         11.26729861	          0.54382035	         -6.57305919	          3.48012281	         26.15190173	         -9.00153878	         -3.42030926	          2.74604312	         -2.17114272	          0.46528445	        -13.44977686	         19.20058653	         -5.32090603	        -13.46715081	         11.58141921	         44.22250834	         14.31400482	         86.51662706	         86.51662706	          0.08105653	          0.05000051	          0.05000029	          0.37483600	          0.13765148	          0.05000274	          0.05000535	          0.05000039	          0.05000034	          0.27472276	          0.21000486	          0.14844698	          0.12776691	          0.05000143	          0.05000112	          0.05000022	          0.39676627	          0.28327999	          0.20894233	          0.05000082	          0.05000025	          0.05000013	          0.09604042	          0.09800392	          0.05000083	          0.05000362	          0.05000088	          0.11974956	          0.05000024	          0.05000024	          0.05000017	          0.05000010	          0.05000022	          0.05000003	          0.05000059	          0.05000118	          0.05000133	          0.25019768	          0.05000086	          0.05000041	          0.36905837	          0.38813540	          0.80392830	          0.10036337	          0.05000054	          0.05000026	          0.59870789	          0.37083154	          0.26870757	          0.69126745	          0.61497170	          0.52909106	          0.05004797	          0.05847561	          0.05552990	          0.05000030	          0.05000072	          0.05000042	          0.05000123	          0.05763650	          0.10160710	          0.16473770	          0.05000149	          0.05000216	          0.05000133	          0.22723320	          0.14662527	          0.13401730	          0.05000014	          0.05000014	          0.05000079	          0.05000195	          0.05239515	          0.09390538	          0.26189139	          0.28830521	          0.21870952	          0.07612337	          0.05000032	          0.09988729	          0.24451650	          0.05001151	          0.05000657	          0.22664485	          0.09195719	          0.10929889	          0.17716459	          0.40213630	          0.23775180	          0.07573121	          0.05000020	          0.05000021	
          1.27910503	         -2.93013429	         -1.91685178	          4.08598911	          1.71400124	          0.93016931	          0.00351413	          9.74474944	         -0.71205795	          2.61462887	         11.77062465	          6.36771395	          3.09863341	        -48.21642130	        -14.72157998	          6.85293889	          5.93643406	         10.71992651	          0.47867427	         -6.29122455	          3.44771392	         25.04537493	         -8.67848194	         -3.50249503	          2.69728638	         -2.06935159	          0.48375324	        -13.44979393	         19.06546170	         -4.87876788	        -13.45697229	         11.81945987	         43.97532727	         14.20298157	         86.51662706	         86.51662706	          0.06900128	          0.05000052	          0.05000027	          0.31908009	          0.11717704	          0.05000274	          0.05000431	          0.05000041	          0.05000027	          0.28401583	          0.20629905	          0.15076810	          0.10876406	          0.05000127	          0.05000101	          0.05000021	          0.37094279	          0.28006326	          0.17787456	          0.05000071	          0.05000022	          0.05000012	          0.09551930	          0.09772609	          0.05000067	          0.05000333	          0.05000090	          0.10193703	          0.05000029	          0.05000028	          0.05000020	          0.05000009	          0.05000021	          0.05000002	          0.05000041	          0.05000122	          0.05000118	          0.25235956	          0.05000099	          0.05000052	          0.41251881	          0.37971158	          0.76993506	          0.09978266	          0.05000045	          0.05000027	          0.56714457	          0.35717040	          0.26340754	          0.68434039	          0.62246487	          0.53978017	          0.05000400	          0.05035064	          0.05181591	          0.05000027	          0.05000072	          0.05000038	          0.05000106	          0.05000796	          0.08649664	          0.15719612	          0.05000180	          0.05000196	          0.05000119	          0.22328232	          0.14446393	          0.12973564	          0.05000014	          0.05000014	          0.05000084	          0.05000207	          0.09051439	          0.11576103	          0.24106680	          0.25904535	          0.20052756	          0.10349954	          0.05000038	          0.11337577	          0.25519544	          0.05000458	          0.05000432	          0.20951838	          0.11192747	          0.12076098	          0.17188373	          0.38541505	          0.20238996	          0.07213671	          0.05000021	          0.05000020	
          1.28958950	         -2.93001860	         -1.82866259	          4.01832185	          1.72674359	          0.93107790	          0.00367983	         11.49992323	         -0.73516116	          2.28304161	         10.47386011	          6.35591275	          3.48569076	        -48.53185641	        -13.94798321	          7.67211671	          6.18712723	         10.16316771	          0.40106358	         -5.98835930	          3.42322874	         23.85918791	         -8.33911948	         -3.58759886	          2.63920751	         -1.95992870	          0.49790911	        -13.44978458	         18.89397500	         -4.42498452	        -13.45169221	         12.01949011	         43.67177218	         14.17440229	         86.51662706	         86.51662706	          0.05873802	          0.05000050	          0.05000029	          0.27161760	          0.09974764	          0.05000248	          0.05000359	          0.05000035	          0.05000022	          0.28397783	          0.20347213	          0.15562489	          0.09292693	          0.05000135	          0.05000098	          0.05000021	          0.34647004	          0.28078224	          0.15142075	          0.05000066	          0.05000022	          0.05000012	          0.09523315	          0.09838238	          0.05000085	          0.05000456	          0.05000101	          0.08677412	          0.05000034	          0.05000033	          0.05000023	          0.05000012	          0.05000025	          0.05000003	          0.05000027	          0.05000156	          0.05000106	          0.25402987	          0.05000220	          0.05000091	          0.45215616	          0.37120495	          0.72821421	          0.09989828	          0.05000084	          0.05000027	          0.53432515	          0.34439202	          0.26021001	          0.68987461	          0.63212042	          0.54807982	          0.05000242	          0.05000441	          0.05000646	          0.05000028	          0.05000078	          0.05000035	          0.05000088	          0.05000755	          0.07363311	          0.14747357	          0.05000178	          0.05000179	          0.05000111	          0.21779600	          0.14050504	          0.12185036	          0.05000014	          0.05000014	          0.05000078	          0.05000215	          0.12527001	          0.13624027	          0.22138507	          0.23345813	          0.18385865	          0.13279895	          0.06984733	          0.12549036	          0.26596708	          0.05000342	          0.05000354	          0.19313576	          0.12601244	          0.13019836	          0.16865039	          0.37050537	          0.19961452	          0.06826982	          0.05000017	          0.05000020	
          1.30007396	         -2.92908250	         -1.72999965	          3.93067220	          1.73945003	          0.93182836	          0.00382863	         13.23766291	         -0.75333892	          1.95611408	          9.14474781	          6.32050406	          3.87140468	        -48.72511689	        -13.10687877	          8.41695734	          6.40475800	          9.60522016	          0.31526855	         -5.66223341	          3.40561835	         22.58510411	         -7.99133648	         -3.67468093	          2.57205664	         -1.84390522	          0.50684365	        -13.44976574	         18.68896360	         -3.96219015	        -13.44982899	         12.18062471	         43.31175572	         14.22849910	         86.51662706	         86.51662706	          0.05000190	          0.05000049	          0.05000031	          0.23121503	          0.08491071	          0.05000233	          0.05000311	          0.05000033	          0.05000020	          0.27576193	          0.20588956	          0.15739443	          0.08483671	          0.05000135	          0.05000094	          0.05000021	          0.32238096	          0.27481923	          0.12889884	          0.05000062	          0.05000021	          0.05000013	          0.09479764	          0.09867859	          0.05000098	          0.05000520	          0.05000123	          0.07386672	          0.05000039	          0.05000039	          0.05000028	          0.05000013	          0.05000027	          0.05000004	          0.05000025	          0.05000150	          0.05000102	          0.25424933	          0.05039506	          0.05000193	          0.47513922	          0.36570414	          0.67548379	          0.09988265	          0.05000090	          0.05000027	          0.50200125	          0.33279024	          0.25781913	          0.69921261	          0.64233799	          0.55563459	          0.05000222	          0.05000429	          0.05000337	          0.05000029	          0.05000083	          0.05000032	          0.05000079	          0.05000623	          0.06268301	          0.13688125	          0.06661168	          0.05000166	          0.05000107	          0.21038843	          0.13582753	          0.11504217	          0.05000014	          0.05000014	          0.05000073	          0.05000217	          0.16066117	          0.15422413	          0.20108115	          0.20898062	          0.16737468	          0.16217056	          0.11493228	          0.13670518	          0.27710624	          0.05000284	          0.05000297	          0.17332889	          0.13573968	          0.13789489	          0.16665413	          0.35812761	          0.20113883	          0.06469808	          0.05000016	          0.05000021	
          1.31055843	         -2.92746248	         -1.62103658	          3.82327792	          1.75213502	          0.93243384	          0.00396036	         14.94529792	         -0.76546435	          1.63438955	          7.78286859	          6.26048094	          4.25671660	        -48.78672459	        -12.19789720	          9.06710104	          6.58597428	          9.05184559	          0.22452819	         -5.30981232	          3.38915603	         21.21196887	         -7.63914525	         -3.76257830	          2.49542563	         -1.72219248	          0.50956195	        -13.44973005	         18.45372886	         -3.49330015	        -13.44982703	         12.30465862	         42.89473484	         14.36526008	         86.51662706	         86.51662706	          0.05000061	          0.05000046	          0.05000037	          0.19682225	          0.07228071	          0.05000217	          0.05000256	          0.05000030	          0.05000018	          0.27232564	          0.20897664	          0.15518794	          0.07984168	          0.05000148	          0.05000092	          0.05000021	          0.29856953	          0.26540326	          0.10972637	          0.05000061	          0.05000022	          0.05000014	          0.09190381	          0.09645351	          0.05000225	          0.05017686	          0.05000210	          0.06287944	          0.05000054	          0.05000054	          0.05000041	          0.05000014	          0.05000029	          0.05000004	          0.05000028	          0.05000175	          0.05000112	          0.25610334	          0.05590458	          0.05000177	          0.47566558	          0.36077350	          0.61978674	          0.10077476	          0.05151774	          0.05000029	          0.46981377	          0.32295522	          0.25693325	          0.71446281	          0.65277654	          0.55706789	          0.05000573	          0.05000436	          0.05001358	          0.05000031	          0.05000097	          0.05000029	          0.05000063	          0.05000453	          0.05336258	          0.12486986	          0.10781364	          0.05000150	          0.05000099	          0.20532422	          0.13129309	          0.10689674	          0.05000015	          0.05000015	          0.05000067	          0.05000222	          0.18752431	          0.16875766	          0.17419765	          0.17851238	          0.14942651	          0.19315333	          0.15906189	          0.14721640	          0.28766913	          0.05000341	          0.05000324	          0.14755046	          0.13920568	          0.14465849	          0.15437572	          0.34648394	          0.19849890	          0.06179769	          0.05000014	          0.05000022	
          1.32104290	         -2.92527900	         -1.50193596	          3.69652608	          1.76481337	          0.93290648	          0.00407601	         16.60892551	         -0.77082024	          1.32033736	          6.38845202	          6.17489131	          4.64175339	        -48.70451464	        -11.22227400	          9.60704519	          6.72930085	          8.50748916	          0.13178242	         -4.92756493	          3.36856172	         19.73265998	         -7.28357518	         -3.85001479	          2.40865466	         -1.59567006	          0.50533302	        -13.44974138	         18.19171084	         -3.02104123	        -13.45020387	         12.39815909	         42.41964942	         14.58349543	         86.51662706	         86.51662706	          0.05000053	          0.05000045	          0.05000038	          0.16754533	          0.06152946	          0.05000194	          0.05000212	          0.05000028	          0.05000016	          0.23182640	          0.21714922	          0.16505463	          0.08211402	          0.05000139	          0.05000085	          0.05000020	          0.28101100	          0.26636954	          0.09340556	          0.05000056	          0.05000021	          0.05000014	          0.09708998	          0.10185432	          0.05000213	          0.11827645	          0.05000223	          0.05417102	          0.05000056	          0.05000055	          0.05000043	          0.05000015	          0.05000031	          0.05000005	          0.05000028	          0.05000191	          0.05000119	          0.25778126	          0.05878387	          0.05000233	          0.47283857	          0.35811873	          0.56237191	          0.09990443	          0.05000289	          0.05000030	          0.42984176	          0.30514137	          0.25006028	          0.70347190	          0.64106283	          0.54760076	          0.05000230	          0.05000269	          0.05000262	          0.05000032	          0.05000100	          0.05000028	          0.05000063	          0.05000444	          0.05001062	          0.10629778	          0.14740207	          0.05000145	          0.05000098	          0.19587115	          0.12773939	          0.09515719	          0.05000016	          0.05000016	          0.05000064	          0.05000227	          0.21631419	          0.15437287	          0.14828747	          0.15196009	          0.12720272	          0.22496421	          0.20560251	          0.15719229	          0.29862846	          0.05000296	          0.05000302	          0.12560277	          0.14751384	          0.15287222	          0.13141741	          0.33702197	          0.20647412	          0.05778956	          0.05000015	          0.05000021	
          1.33152736	         -2.92263466	         -1.37349563	          3.55026741	          1.77749740	          0.93325300	          0.00417682	         18.21114364	         -0.76877734	          1.01613977	          4.96645292	          6.06407194	          5.02474050	        -48.45327211	        -10.19064779	         10.02595455	          6.83730699	          7.97700139	          0.04023082	         -4.51527354	          3.34326013	         18.14515884	         -6.93047190	         -3.93611344	          2.31217861	         -1.46512598	          0.49337913	        -13.44972654	         17.90577228	         -2.54663575	        -13.45023223	         12.47359353	         41.88605411	         14.87952619	         86.51662706	         86.51662706	          0.05000040	          0.05000044	          0.05000044	          0.14262332	          0.05237767	          0.05000179	          0.05000163	          0.05000025	          0.05000014	          0.19734272	          0.22272550	          0.17354155	          0.10172451	          0.05000147	          0.05000084	          0.05000020	          0.26441949	          0.26158515	          0.07951233	          0.05000056	          0.05000022	          0.05000015	          0.10154928	          0.10695604	          0.05827436	          0.17222384	          0.05000268	          0.05199884	          0.05000063	          0.05000063	          0.05000046	          0.05000017	          0.05000036	          0.05000005	          0.05000034	          0.05000232	          0.05000139	          0.25867751	          0.06107379	          0.05000221	          0.45427520	          0.35646216	          0.50550874	          0.09912636	          0.05000702	          0.05000028	          0.38519478	          0.28217857	          0.24019484	          0.66783227	          0.61304166	          0.52744568	          0.05000186	          0.05000220	          0.05000170	          0.05000034	          0.05000113	          0.05000027	          0.05000057	          0.05000387	          0.05001021	          0.09048689	          0.18427965	          0.05000137	          0.05000097	          0.18021557	          0.11423426	          0.08100631	          0.05000017	          0.05000017	          0.05000066	          0.05000260	          0.23665236	          0.13141048	          0.12623036	          0.12935664	          0.10828207	          0.25746043	          0.25175280	          0.16602334	          0.30967780	          0.05000281	          0.05000334	          0.10691966	          0.15179896	          0.15926347	          0.11187041	          0.32914614	          0.22292790	          0.05487404	          0.05000014	          0.05000020	
          1.34201183	         -2.91960152	         -1.23778322	          3.38479997	          1.79019536	          0.93346785	          0.00426379	         19.73657290	         -0.75899403	          0.72341030	          3.52487168	          5.93033711	          5.40339504	        -48.00991489	         -9.11778193	         10.32146872	          6.90857703	          7.46577386	         -0.05040326	         -4.07340742	          3.31581773	         16.45294271	         -6.58250645	         -4.02028030	          2.20795954	         -1.33130426	          0.47345285	        -13.44973974	         17.59874802	         -2.07010080	        -13.44994744	         12.54713833	         41.29490579	         15.24693210	         86.51662706	         86.51662706	          0.05000038	          0.05000043	          0.05000043	          0.12140843	          0.05000172	          0.05000163	          0.05000121	          0.05000024	          0.05000013	          0.16798836	          0.22628220	          0.18109240	          0.13840485	          0.05000166	          0.05000088	          0.05000021	          0.24718487	          0.25709122	          0.06768575	          0.05000054	          0.05000022	          0.05000016	          0.10450500	          0.10978304	          0.08743642	          0.18818319	          0.05000277	          0.05000904	          0.05000077	          0.05000076	          0.05000052	          0.05000020	          0.05000041	          0.05000007	          0.05000040	          0.05000258	          0.05000163	          0.25867605	          0.06050288	          0.05000290	          0.42981401	          0.35702629	          0.44999482	          0.09795949	          0.05166115	          0.05000029	          0.34040206	          0.25385502	          0.22448202	          0.60648291	          0.57004792	          0.50119742	          0.05000248	          0.05000276	          0.05000190	          0.05000046	          0.05000154	          0.05000028	          0.05000056	          0.05000355	          0.05000806	          0.07702758	          0.21588044	          0.05000142	          0.05000109	          0.15341663	          0.09724455	          0.06895823	          0.05000020	          0.05000021	          0.05000075	          0.05000323	          0.25156873	          0.11186348	          0.10745402	          0.11011524	          0.09217555	          0.29007504	          0.29578389	          0.17361208	          0.32036788	          0.05000311	          0.05000448	          0.09101560	          0.15445097	          0.16461046	          0.09523052	          0.32303087	          0.24218304	          0.05352791	          0.05000014	          0.05000021	
          1.35249630	         -2.91623363	         -1.09801322	          3.20116043	          1.80291403	          0.93353547	          0.00433715	         21.17288025	         -0.74178597	          0.44157144	          2.06942518	          5.77746016	          5.77449858	        -47.35873317	         -8.01367042	         10.49682398	          6.94108319	          6.97917976	         -0.14272684	         -3.60419346	          3.28759900	         14.66556444	         -6.23742141	         -4.10184980	          2.09925089	         -1.19457448	          0.44582246	        -13.44977502	         17.27366218	         -1.59087882	        -13.44973060	         12.63462081	         40.64814528	         15.67615355	         86.51662706	         86.51662706	          0.05000038	          0.05000043	          0.05000043	          0.10334923	          0.05000206	          0.05000155	          0.05000084	          0.05000023	          0.05000013	          0.14300039	          0.22944235	          0.19005448	          0.17431925	          0.05000191	          0.05000094	          0.05000023	          0.23114384	          0.25360899	          0.05761870	          0.05000054	          0.05000023	          0.05000018	          0.10727999	          0.11261307	          0.12310672	          0.18839773	          0.05000260	          0.05000187	          0.05000100	          0.05000099	          0.05000061	          0.05000023	          0.05000047	          0.05000009	          0.05000050	          0.05000290	          0.05000198	          0.25919352	          0.05965881	          0.05000285	          0.39997522	          0.35965124	          0.39642916	          0.09643985	          0.05631059	          0.05000032	          0.29840695	          0.22272893	          0.20596770	          0.54616326	          0.52456767	          0.47763017	          0.05117935	          0.05000562	          0.05000295	          0.05000073	          0.05000247	          0.05000033	          0.05000062	          0.05000348	          0.05000706	          0.06557026	          0.24548246	          0.05000168	          0.05000139	          0.13059895	          0.08278055	          0.05870192	          0.05000029	          0.05000030	          0.05000082	          0.05000389	          0.26638824	          0.09522403	          0.09147057	          0.09373593	          0.07846478	          0.32252132	          0.33845291	          0.17980264	          0.33032485	          0.05000335	          0.05000662	          0.07747724	          0.15457567	          0.16924740	          0.08106568	          0.31872740	          0.26455875	          0.05364482	          0.05000014	          0.05000022	
          1.36298077	         -2.91257607	         -0.95798358	          3.00134547	          1.81566001	          0.93343638	          0.00439666	         22.51053819	         -0.71809929	          0.16929173	          0.60204664	          5.60981720	          6.13473135	        -46.49079825	         -6.88203325	         10.55999525	          6.93449348	          6.52339974	         -0.23959120	         -3.11167712	          3.25837721	         12.79805085	         -5.88989835	         -4.18007637	          1.98976796	         -1.05491506	          0.41146782	        -13.44976259	         16.93415559	         -1.10864321	        -13.44974073	         12.74688898	         39.94778676	         16.15577617	         86.51662706	         86.51662706	          0.05000038	          0.05000044	          0.05000045	          0.08797634	          0.05000190	          0.05000152	          0.05000053	          0.05000021	          0.05000012	          0.12172934	          0.23279548	          0.19871109	          0.19258152	          0.05000208	          0.05000098	          0.05000025	          0.21916756	          0.24511179	          0.05000238	          0.05000055	          0.05000024	          0.05000019	          0.11291899	          0.11795098	          0.15293840	          0.17943410	          0.05000235	          0.05000168	          0.05000123	          0.05000120	          0.05000063	          0.05000025	          0.05000051	          0.05000013	          0.05000059	          0.05000250	          0.05000213	          0.25984847	          0.05811911	          0.05000580	          0.37425091	          0.36591028	          0.34400151	          0.09553734	          0.06221851	          0.05000030	          0.26425593	          0.19707001	          0.19265515	          0.50895043	          0.49513054	          0.45988623	          0.05545946	          0.05002062	          0.05000259	          0.05000981	          0.05001314	          0.05000040	          0.05000064	          0.05000321	          0.05000597	          0.05581734	          0.27410453	          0.05000209	          0.05000207	          0.11117550	          0.07046804	          0.05000172	          0.05000066	          0.05000066	          0.05000099	          0.05000570	          0.27500509	          0.08105967	          0.07786465	          0.07979303	          0.06679350	          0.35425698	          0.37726822	          0.18428883	          0.33900437	          0.05000397	          0.05001159	          0.06595272	          0.15672758	          0.17390238	          0.06900786	          0.31615394	          0.28124839	          0.05481263	          0.05000014	          0.05000022	
          1.37346523	         -2.90865943	         -0.82122405	          2.78785202	          1.82843932	          0.93315265	          0.00444256	         23.74328741	         -0.68941072	         -0.09456921	         -0.87543970	          5.43170610	          6.48123626	        -45.40504132	         -5.72809019	         10.52598828	          6.89219887	          6.10135482	         -0.34286349	         -2.60080393	          3.22512662	         10.86993097	         -5.52985021	         -4.25421228	          1.88269097	         -0.91233972	          0.37188218	        -13.44973266	         16.58429721	         -0.62347149	        -13.45000687	         12.89085273	         39.19527029	         16.67499735	         86.51662706	         86.51662706	          0.05000040	          0.05000048	          0.05000049	          0.07489019	          0.05000193	          0.05000159	          0.05000035	          0.05000020	          0.05000011	          0.10362232	          0.23366263	          0.20209410	          0.19346465	          0.05000233	          0.05000107	          0.05000027	          0.20815685	          0.22472098	          0.05000232	          0.05000058	          0.05000027	          0.05000022	          0.11816099	          0.12335893	          0.16386180	          0.17847109	          0.05000269	          0.05000117	          0.05000137	          0.05000131	          0.05000058	          0.05000019	          0.05000041	          0.05000011	          0.05000089	          0.05000205	          0.05000206	          0.26098232	          0.05615987	          0.05000884	          0.35354259	          0.37619824	          0.29283423	          0.09569444	          0.06251839	          0.05000029	          0.24536531	          0.18780188	          0.18800136	          0.50218513	          0.48724566	          0.44899484	          0.05421883	          0.05000925	          0.05000202	          0.10715477	          0.05003101	          0.05000040	          0.05000063	          0.05000305	          0.05000595	          0.05000172	          0.30148651	          0.05000206	          0.05000208	          0.09464616	          0.05998825	          0.05000251	          0.05000075	          0.05000075	          0.05000102	          0.05000630	          0.27654357	          0.06900228	          0.06628270	          0.06792422	          0.05685856	          0.38642065	          0.41394961	          0.18790805	          0.34683250	          0.05000399	          0.05001497	          0.05614252	          0.16509290	          0.17844909	          0.05874383	          0.31457115	          0.28813598	          0.05471555	          0.05000013	          0.05000021	
          1.38394970	         -2.90450783	         -0.69035931	          2.56217149	          1.84125291	          0.93267260	          0.00447624	         24.86795958	         -0.65692060	         -0.34877727	         -2.35046516	          5.24748383	          6.81121870	        -44.10758471	         -4.57778937	         10.41562005	          6.82106395	          5.71032402	         -0.45070943	         -2.07651404	          3.19060477	          8.90408020	         -5.14985476	         -4.32407732	          1.78041873	         -0.76723039	          0.32858688	        -13.44973906	         16.22741151	         -0.13421628	        -13.45062423	         13.07156476	         38.39172357	         17.22416735	         86.51662706	         86.51662706	          0.05000042	          0.05000051	          0.05000054	          0.06375067	          0.05000197	          0.05000166	          0.05000025	          0.05000020	          0.05000011	          0.08820870	          0.23780153	          0.20594315	          0.18448192	          0.05000248	          0.05000112	          0.05000030	          0.19855690	          0.20465090	          0.05000192	          0.05000062	          0.05000030	          0.05000024	          0.12645039	          0.13070490	          0.17127109	          0.17659606	          0.05000286	          0.05000101	          0.05000122	          0.05000113	          0.05000048	          0.05000021	          0.05000046	          0.05000012	          0.05000098	          0.05000271	          0.05000273	          0.26505049	          0.05540281	          0.05000821	          0.33305857	          0.38694078	          0.24927586	          0.09598035	          0.06432065	          0.05000028	          0.23427494	          0.18493050	          0.18686771	          0.50642314	          0.48871023	          0.43893592	          0.05113310	          0.05000652	          0.05000158	          0.16128054	          0.07608783	          0.05000040	          0.05000061	          0.05000279	          0.05000571	          0.05000209	          0.32783908	          0.05000202	          0.05000210	          0.08068183	          0.05107256	          0.05000264	          0.05000096	          0.05000101	          0.05000107	          0.05000714	          0.27326213	          0.05873849	          0.05642387	          0.05782120	          0.05000182	          0.41821110	          0.45015094	          0.19009881	          0.35425090	          0.05000308	          0.05000873	          0.05000065	          0.17610631	          0.18292590	          0.05000778	          0.31512086	          0.30108471	          0.05483008	          0.05000013	          0.05000021	
          1.39443417	         -2.90018795	         -0.56671057	          2.32567929	          1.85410431	          0.93199401	          0.00449894	         25.88359971	         -0.62107013	         -0.59195521	         -3.81083711	          5.06080279	          7.12212564	        -42.61024912	         -3.45647074	         10.25377681	          6.73218267	          5.34687678	         -0.56225545	         -1.54537410	          3.15416736	          6.92866341	         -4.74997935	         -4.38925585	          1.68386811	         -0.62006974	          0.28256668	        -13.44980744	         15.86653312	          0.35893705	        -13.45143457	         13.29008727	         37.53810024	         17.79649036	         86.51662706	         86.51662706	          0.05000044	          0.05000056	          0.05000059	          0.05426840	          0.05000204	          0.05000174	          0.05000019	          0.05000020	          0.05000011	          0.07508784	          0.24548945	          0.21084606	          0.17800818	          0.05000259	          0.05000119	          0.05000032	          0.18870158	          0.18972691	          0.05000176	          0.05000066	          0.05000032	          0.05000027	          0.13642150	          0.13872146	          0.18214593	          0.17314449	          0.05000297	          0.05000085	          0.05000101	          0.05000093	          0.05000039	          0.05000039	          0.05000076	          0.05000026	          0.05000076	          0.05124863	          0.05000463	          0.27093469	          0.05629574	          0.05001192	          0.30824957	          0.40016756	          0.21219659	          0.09652580	          0.06631021	          0.05000028	          0.22904844	          0.18264908	          0.18397954	          0.51345658	          0.48968883	          0.42981582	          0.05001514	          0.05000518	          0.05000138	          0.22634448	          0.09996921	          0.05000041	          0.05000063	          0.05000269	          0.05000575	          0.05000204	          0.35287371	          0.05000211	          0.05000219	          0.06876706	          0.05001418	          0.05000282	          0.05000126	          0.05000139	          0.05000104	          0.05000710	          0.26776782	          0.05000183	          0.05000229	          0.05000225	          0.05000269	          0.44941782	          0.48578819	          0.19167343	          0.36170641	          0.05000229	          0.05000485	          0.05000045	          0.18859100	          0.18638866	          0.05000583	          0.31661052	          0.31688690	          0.05533912	          0.05000013	          0.05000021	
          1.40491864	         -2.89578963	         -0.45046281	          2.07979778	          1.86699978	          0.93112138	          0.00451127	         26.79174975	         -0.58107590	         -0.82325596	         -5.24484041	          4.87431875	          7.41173477	        -40.93024812	         -2.38931671	         10.06161150	          6.63808058	          5.01030181	         -0.67513158	         -1.01608985	          3.11461209	          4.97252284	         -4.32851274	         -4.44913778	          1.59263306	         -0.47123326	          0.23374531	        -13.44991614	         15.50299437	          0.85408054	        -13.45219582	         13.54373549	         36.63720625	         18.38835569	         86.51662706	         86.51662706	          0.05000047	          0.05000059	          0.05000063	          0.05000172	          0.05000207	          0.05000182	          0.05000015	          0.05000020	          0.05000011	          0.06391871	          0.25484446	          0.21488249	          0.17436613	          0.05000280	          0.05000127	          0.05000035	          0.17631407	          0.17988195	          0.05000166	          0.05000070	          0.05000035	          0.05000030	          0.14546266	          0.14520975	          0.19502755	          0.16395420	          0.05000319	          0.05000066	          0.05000085	          0.05000076	          0.05000032	          0.05000052	          0.05000097	          0.05000036	          0.05000088	          0.06633069	          0.05000944	          0.27721711	          0.05979181	          0.05000265	          0.28463251	          0.41630337	          0.18063281	          0.09676330	          0.06888660	          0.05000030	          0.22910779	          0.17976089	          0.17781052	          0.52011969	          0.48837890	          0.41954083	          0.05277739	          0.05000753	          0.05000157	          0.29850229	          0.13501451	          0.05000044	          0.05000065	          0.05000260	          0.05000573	          0.05000207	          0.37573351	          0.05000228	          0.05000244	          0.05857454	          0.05001099	          0.05000287	          0.05000171	          0.05000153	          0.05000107	          0.05000699	          0.25838276	          0.05000083	          0.05000299	          0.05000296	          0.05000253	          0.48000341	          0.52115652	          0.19336654	          0.36933851	          0.05000276	          0.05000474	          0.05000035	          0.19252554	          0.18726577	          0.05001050	          0.31787620	          0.32397464	          0.05498680	          0.05000014	          0.05000021	
          1.41540310	         -2.89145926	         -0.34114081	          1.82584090	          1.87994788	          0.93006396	          0.00451365	         27.59559072	         -0.53535998	         -1.04178798	         -6.64288586	          4.68965941	          7.67841353	        -39.08794753	         -1.39671323	          9.85207401	          6.54834719	          4.69949241	         -0.78592315	         -0.49570539	          3.06897501	          3.06031814	         -3.87990544	         -4.50307757	          1.50546076	         -0.32107995	          0.18018446	        -13.45002679	         15.13437857	          1.34794507	        -13.45261901	         13.82693834	         35.69577131	         18.99890170	         86.51662706	         86.51662706	          0.05000046	          0.05000061	          0.05000069	          0.05000219	          0.05000202	          0.05000181	          0.05000013	          0.05000021	          0.05000011	          0.05441103	          0.26120539	          0.21940441	          0.17163788	          0.05000319	          0.05000138	          0.05000038	          0.16486990	          0.16678444	          0.05000163	          0.05000074	          0.05000038	          0.05000033	          0.15544201	          0.15147817	          0.20824964	          0.15711891	          0.05000302	          0.05000062	          0.05000072	          0.05000064	          0.05000028	          0.05000038	          0.05000076	          0.05000024	          0.05000107	          0.06883291	          0.05000874	          0.27990164	          0.05961950	          0.05000330	          0.26372485	          0.43541667	          0.15376413	          0.09699367	          0.07043829	          0.05000028	          0.23160810	          0.17630889	          0.16975509	          0.53356770	          0.49014700	          0.41071277	          0.05546640	          0.05000613	          0.05000121	          0.37209468	          0.16820944	          0.05000048	          0.05000067	          0.05000247	          0.05000565	          0.05000194	          0.39768391	          0.05000246	          0.05000261	          0.05004526	          0.05000836	          0.05000294	          0.05001959	          0.05099471	          0.05000099	          0.05000634	          0.24822974	          0.05000087	          0.05000289	          0.05000287	          0.05000256	          0.50958087	          0.55598637	          0.19591231	          0.37764129	          0.05000330	          0.05000492	          0.05073383	          0.19192952	          0.18767316	          0.06328498	          0.31876030	          0.33492717	          0.05384902	          0.05000013	          0.05000020	
          1.42588757	         -2.88738628	         -0.23811238	          1.56484743	          1.89295814	          0.92883356	          0.00450652	         28.29944306	         -0.48220802	         -1.24626343	         -7.99654594	          4.50804636	          7.92140229	        -37.10559757	         -0.49720717	          9.63236278	          6.47472359	          4.41318473	         -0.88998082	          0.01001854	          3.01901020	          1.21942289	         -3.41011920	         -4.55064710	          1.42094725	         -0.17009346	          0.11748766	        -13.44999021	         14.75235318	          1.83653290	        -13.45252188	         14.13251154	         34.72609076	         19.62937428	         86.51662706	         86.51662706	          0.05000053	          0.05000069	          0.05000075	          0.05000241	          0.05000224	          0.05000201	          0.05000013	          0.05000024	          0.05000013	          0.05000046	          0.23932339	          0.21678278	          0.17581899	          0.05000407	          0.05000166	          0.05000047	          0.14889983	          0.14884081	          0.05000178	          0.05000083	          0.05000043	          0.05000040	          0.15982721	          0.15316768	          0.21939553	          0.14867350	          0.05000368	          0.05000045	          0.05000061	          0.05000054	          0.05000024	          0.05000044	          0.05000086	          0.05000028	          0.05000104	          0.06720218	          0.05001063	          0.28260970	          0.05831624	          0.05000512	          0.24133918	          0.45515949	          0.13089214	          0.09346772	          0.07257405	          0.05000034	          0.23897470	          0.18058672	          0.17119676	          0.53402097	          0.49053389	          0.40085969	          0.06982497	          0.05829757	          0.05000216	          0.36444301	          0.17337970	          0.05000049	          0.05000067	          0.05000232	          0.05000554	          0.05000205	          0.41533339	          0.05000254	          0.05000305	          0.05005656	          0.05000885	          0.05000328	          0.06268907	          0.08726714	          0.05000108	          0.05000690	          0.23340457	          0.05000050	          0.05000261	          0.05000259	          0.05000232	          0.53761956	          0.58931320	          0.19964350	          0.38627582	          0.05000201	          0.05000300	          0.06185743	          0.19665473	          0.19014375	          0.14190425	          0.31982222	          0.36263744	          0.05000995	          0.05000015	          0.05000023	
          1.43637204	         -2.88389908	         -0.14019574	          1.29763315	          1.90603979	          0.92744323	          0.00449013	         28.90687914	         -0.41917505	         -1.43542549	         -9.29816633	          4.33046545	          8.13852864	        -35.00408779	          0.29270505	          9.41105517	          6.42575223	          4.15080260	         -0.98486730	          0.49273110	          2.96915527	         -0.52092133	         -2.92521042	         -4.59201986	          1.33717179	         -0.01855945	          0.03891779	        -13.44976535	         14.34218989	          2.31511696	        -13.45190722	         14.45215963	         33.74724936	         20.28323970	         86.51662706	         86.51662706	          0.05000055	          0.05000075	          0.05000085	          0.05000241	          0.05000228	          0.05000207	          0.05000013	          0.05000026	          0.05000014	          0.05000063	          0.21103298	          0.21931348	          0.19082902	          0.05000544	          0.05000196	          0.05000053	          0.13375182	          0.13623754	          0.05000193	          0.05000093	          0.05000050	          0.05000047	          0.16477860	          0.15487846	          0.23705545	          0.13190618	          0.05000357	          0.05000041	          0.05000054	          0.05000048	          0.05000022	          0.05000054	          0.05000102	          0.05000035	          0.05000105	          0.06782410	          0.05001264	          0.28526608	          0.05731032	          0.05000589	          0.21427627	          0.47587996	          0.11142234	          0.09306916	          0.07516822	          0.05000054	          0.24782640	          0.18086171	          0.16336872	          0.53696657	          0.48466892	          0.38829020	          0.07811994	          0.06707225	          0.05000257	          0.41174273	          0.15887237	          0.05000052	          0.05000071	          0.05000233	          0.05000583	          0.05000234	          0.42828586	          0.05000261	          0.05000338	          0.05003239	          0.05000944	          0.05000401	          0.05633706	          0.12349273	          0.05000102	          0.05000637	          0.21780767	          0.05000046	          0.05000269	          0.05000267	          0.05000239	          0.56417672	          0.62117412	          0.20532145	          0.39532854	          0.05000169	          0.05000240	          0.07725122	          0.20195385	          0.19198473	          0.19524157	          0.31904933	          0.37911063	          0.05000044	          0.05000016	          0.05000020	
          1.44685651	         -2.88112879	         -0.04608164	          1.02514150	          1.91920657	          0.92590991	          0.00446299	         29.42106268	         -0.34287611	         -1.60831418	        -10.53626170	          4.15756178	          8.32884363	        -32.80459777	          0.94784230	          9.19506832	          6.41101200	          3.91185452	         -1.06345407	          0.94309080	          2.91689127	         -2.13081870	         -2.41161510	         -4.62650179	          1.25228735	          0.13350728	         -0.06399660	        -13.44993987	         13.88917655	          2.77781778	        -13.45100848	         14.77792820	         32.78291355	         20.96411563	         86.51662706	         86.51662706	          0.05000058	          0.05000081	          0.05000093	          0.05000239	          0.05000228	          0.05000210	          0.05000014	          0.05000031	          0.05000016	          0.05000064	          0.17964946	          0.22130965	          0.21449838	          0.05001196	          0.05000274	          0.05000064	          0.11386830	          0.12345675	          0.05000229	          0.05000105	          0.05000058	          0.05000060	          0.16658731	          0.15386285	          0.25486931	          0.11239476	          0.05000327	          0.05000037	          0.05000049	          0.05000043	          0.05000020	          0.05000117	          0.05000179	          0.05000080	          0.05000107	          0.06070336	          0.05003823	          0.28901353	          0.05675980	          0.05000338	          0.18655541	          0.49667869	          0.09484870	          0.09299499	          0.08043166	          0.05000267	          0.25863897	          0.18327007	          0.15723278	          0.53483943	          0.47818563	          0.37328740	          0.08588019	          0.07543760	          0.05000319	          0.44198847	          0.13987316	          0.05000051	          0.05000072	          0.05000225	          0.05000590	          0.05000264	          0.42247892	          0.05000256	          0.05000357	          0.05003462	          0.05001079	          0.05000478	          0.05000817	          0.17364736	          0.05000103	          0.05000615	          0.19588756	          0.05000041	          0.05000271	          0.05000269	          0.05000241	          0.58845088	          0.65103737	          0.21332253	          0.40513091	          0.05000143	          0.05000229	          0.09230031	          0.20435072	          0.19387170	          0.23098128	          0.31576875	          0.39621961	          0.05000025	          0.05000018	          0.05000019	
          1.45734097	         -2.87917155	          0.04550413	          0.74886544	          1.93247583	          0.92425837	          0.00442351	         29.84377517	         -0.24951245	         -1.76438523	        -11.69890072	          3.98953052	          8.49196153	        -30.52591396	          1.44359871	          8.99186211	          6.43828972	          3.69605258	         -1.11693156	          1.35141075	          2.85466630	         -3.57860421	         -1.85025365	         -4.65300021	          1.16416255	          0.28624001	         -0.19993870	        -13.45323755	         13.38740230	          3.21711258	        -13.45009991	         15.10205600	         31.85964090	         21.67710557	         86.51662706	         86.51662706	          0.05000062	          0.05000085	          0.05000096	          0.05000247	          0.05000232	          0.05000213	          0.05000016	          0.05000037	          0.05000019	          0.05000075	          0.15292809	          0.22072352	          0.22980895	          0.06672917	          0.05000403	          0.05000089	          0.09693270	          0.11975725	          0.05000287	          0.05000113	          0.05000065	          0.05000076	          0.16234721	          0.14785963	          0.26138787	          0.09569107	          0.05000316	          0.05000032	          0.05000045	          0.05000040	          0.05000019	          0.05000068	          0.05000123	          0.05000040	          0.05000116	          0.05167834	          0.05000621	          0.29123639	          0.05330481	          0.05003757	          0.16725063	          0.51900186	          0.08074078	          0.09223672	          0.08580606	          0.05675833	          0.27225162	          0.18786676	          0.15240499	          0.53658866	          0.47202653	          0.36124507	          0.09405859	          0.08280747	          0.05000517	          0.45792044	          0.13708641	          0.05000052	          0.05000075	          0.05000216	          0.05000591	          0.05000295	          0.42230329	          0.05000266	          0.05000352	          0.05002445	          0.05000963	          0.05000496	          0.05000761	          0.24109751	          0.05000094	          0.05000549	          0.17794418	          0.05000037	          0.05000281	          0.05000279	          0.05000251	          0.60974547	          0.67797586	          0.22419691	          0.41582745	          0.05000127	          0.05000300	          0.10289615	          0.20441617	          0.19575623	          0.23684718	          0.31076276	          0.40870773	          0.05000023	          0.05000019	          0.05000019	
          1.46782544	         -2.87823580	          0.13558248	          0.47041377	          1.94586476	          0.92252290	          0.00437187	         30.17467201	         -0.13576120	         -1.90306041	        -12.77390579	          3.82617720	          8.62829706	        -28.18412217	          1.75650610	          8.81070582	          6.51080297	          3.50189290	         -1.13359852	          1.70943122	          2.77614423	         -4.83243434	         -1.22146183	         -4.67107051	          1.07042526	          0.43929431	         -0.37710514	        -13.46449736	         12.84181833	          3.62479550	        -13.44970910	         15.41933218	         31.00466580	         22.42992573	         86.51662706	         86.51662706	          0.05000070	          0.05000094	          0.05000104	          0.05000268	          0.05000248	          0.05000230	          0.05000019	          0.05000046	          0.05000024	          0.05000088	          0.13018087	          0.21463216	          0.23270368	          0.13164109	          0.05000760	          0.05000090	          0.08251538	          0.10448555	          0.05000376	          0.05000126	          0.05000075	          0.05000092	          0.15292056	          0.13866253	          0.25796761	          0.08146635	          0.05000359	          0.05000030	          0.05000042	          0.05000038	          0.05000019	          0.05000088	          0.05000167	          0.05000051	          0.05000224	          0.05000682	          0.05000947	          0.29655797	          0.05308012	          0.05000208	          0.15159500	          0.53884305	          0.08112937	          0.08945820	          0.09327995	          0.06887586	          0.28455292	          0.18985337	          0.14488442	          0.53098689	          0.46318366	          0.34960604	          0.10104822	          0.08859402	          0.05039621	          0.42694504	          0.13646669	          0.05000058	          0.05000080	          0.05000218	          0.05000602	          0.05000306	          0.45187744	          0.05000296	          0.05000424	          0.05001905	          0.05000894	          0.05000522	          0.07104622	          0.31745330	          0.05000093	          0.05000523	          0.16032903	          0.05000031	          0.05000260	          0.05000257	          0.05000235	          0.62719708	          0.70108039	          0.23768658	          0.42708916	          0.05000130	          0.06670819	          0.10819436	          0.20003669	          0.19720452	          0.20162011	          0.29399307	          0.41674959	          0.05000023	          0.05000018	          0.05000019	
          1.47830991	         -2.87870751	          0.22468184	          0.19147387	          1.95939120	          0.92074823	          0.00430865	         30.41101758	          0.00127366	         -2.02421792	        -13.75280301	          3.66633062	          8.73887812	        -25.79642736	          1.87268923	          8.66564196	          6.62478179	          3.32798999	         -1.09843986	          2.00721326	          2.66943689	         -5.85648308	         -0.50573640	         -4.68101285	          0.96893356	          0.59215339	         -0.60249752	        -13.48857864	         12.26429916	          3.99182656	        -13.45157262	         15.73079757	         30.24209671	         23.23323881	         86.51662706	         86.51662706	          0.05000084	          0.05000121	          0.05000147	          0.05000270	          0.05000264	          0.05000258	          0.05000024	          0.05000064	          0.05000033	          0.05000077	          0.11081709	          0.20487386	          0.23055464	          0.18165551	          0.09555423	          0.05324147	          0.07024238	          0.08898708	          0.05000481	          0.05000197	          0.05000132	          0.05000365	          0.14004804	          0.12892025	          0.25355277	          0.06935511	          0.05000291	          0.05000029	          0.05000046	          0.05000040	          0.05000021	          0.05000321	          0.05000346	          0.05000125	          0.05000154	          0.05873671	          0.05000860	          0.30387905	          0.05873697	          0.05000147	          0.15219530	          0.55522644	          0.11788959	          0.08405148	          0.10192432	          0.08562204	          0.29891075	          0.19477045	          0.14249152	          0.52572464	          0.45786008	          0.33046675	          0.10820900	          0.09197057	          0.05353853	          0.36343855	          0.12329044	          0.05000054	          0.05000077	          0.05000206	          0.05000598	          0.05000341	          0.47229350	          0.05000265	          0.05000508	          0.05002868	          0.05001210	          0.05000641	          0.12806949	          0.39546081	          0.05000101	          0.05000568	          0.13649102	          0.05000025	          0.05000224	          0.05000221	          0.05000206	          0.63979734	          0.71922681	          0.25410181	          0.43822301	          0.05000147	          0.12888895	          0.09856369	          0.17738520	          0.19894713	          0.17163009	          0.25026227	          0.41069634	          0.05000015	          0.05000019	          0.05000019	
          1.48879438	         -2.88108751	          0.31264227	         -0.08629594	          1.97307531	          0.91898973	          0.00423403	         30.54830325	          0.16389687	         -2.12822407	        -14.63170151	          3.50833594	          8.82429864	        -23.38696793	          1.78823882	          8.57597855	          6.76790884	          3.17130167	         -0.99618943	          2.23697590	          2.52028568	         -6.62064290	          0.31952789	         -4.68348087	          0.85827122	          0.74441090	         -0.88146218	        -13.52793255	         11.66640528	          4.30868194	        -13.45903284	         16.04595445	         29.58901574	         24.09899630	         86.51662706	         86.51662706	          0.05000097	          0.05000138	          0.05000143	          0.05000405	          0.05000335	          0.05000284	          0.05000041	          0.05000106	          0.05000038	          0.05000135	          0.09433363	          0.19578995	          0.22467632	          0.20344748	          0.13651927	          0.07550256	          0.05979493	          0.07959298	          0.05001237	          0.05000206	          0.05000143	          0.06968030	          0.12740182	          0.11867000	          0.23909004	          0.05904911	          0.05000468	          0.05000026	          0.05000042	          0.05000038	          0.05000021	          0.05000063	          0.05000124	          0.05000031	          0.05000107	          0.05000141	          0.05000189	          0.30570199	          0.05000074	          0.05710373	          0.16112116	          0.57345672	          0.17690087	          0.08064381	          0.10771137	          0.09675239	          0.31721517	          0.19966736	          0.14011403	          0.51495088	          0.45065153	          0.31549017	          0.10101447	          0.08900845	          0.05660396	          0.30937787	          0.13921986	          0.05000067	          0.05000088	          0.05000212	          0.05000602	          0.05000323	          0.49022655	          0.05000344	          0.05000805	          0.05001764	          0.05000882	          0.05000563	          0.18439531	          0.46963091	          0.05000106	          0.05000567	          0.11895994	          0.05000022	          0.05000196	          0.05000194	          0.05000183	          0.64597172	          0.73025859	          0.27250381	          0.44879782	          0.05000126	          0.17602615	          0.08390264	          0.15729266	          0.20393224	          0.14610062	          0.21303620	          0.40904401	          0.05000018	          0.05000021	          0.05000021	
          1.49927884	         -2.88557713	          0.39905912	         -0.36159309	          1.98694594	          0.91730833	          0.00414804	         30.57962235	          0.35345734	         -2.21437187	        -15.40900320	          3.35088006	          8.88357748	        -20.98594443	          1.50181020	          8.54853040	          6.92451006	          3.03437438	         -0.81392609	          2.39134715	          2.31773900	         -7.12107037	          1.27546991	         -4.67756162	          0.73759979	          0.89570459	         -1.21780030	        -13.58096464	         11.05307644	          4.56581224	        -13.47600995	         16.38095077	         29.05095345	         25.03590578	         86.51662706	         86.51662706	          0.05000117	          0.05000159	          0.05000184	          0.05000324	          0.05000313	          0.05000310	          0.05000030	          0.05000091	          0.11198314	          0.05000075	          0.08030205	          0.19199381	          0.21352218	          0.20931315	          0.15954205	          0.09144754	          0.05090329	          0.07135783	          0.05000666	          0.05000299	          0.05000280	          0.09272131	          0.11822775	          0.11048326	          0.20981604	          0.05027502	          0.05000361	          0.05000033	          0.05000060	          0.05000053	          0.05000029	          0.05000022	          0.05000048	          0.05000016	          0.05000195	          0.05000418	          0.05000434	          0.30756189	          0.05584789	          0.05000112	          0.18570585	          0.58024226	          0.18277866	          0.08301183	          0.10643094	          0.10118628	          0.33362566	          0.20381929	          0.13941650	          0.50553472	          0.44385026	          0.29274226	          0.08599037	          0.07577101	          0.05052082	          0.26335846	          0.15622691	          0.05000068	          0.05000088	          0.05000208	          0.05000602	          0.05000340	          0.50890418	          0.05000345	          0.05000672	          0.05001901	          0.05000951	          0.05000605	          0.25856517	          0.54352189	          0.05000112	          0.05000599	          0.10738141	          0.05000028	          0.05000209	          0.05000206	          0.05000195	          0.64456668	          0.73261045	          0.29096155	          0.45723655	          0.05000146	          0.23062890	          0.07142231	          0.13389701	          0.21025880	          0.12436853	          0.18134741	          0.36999829	          0.05000015	          0.05000019	          0.05000018	
          1.50976331	         -2.89177413	          0.48391381	         -0.63421568	          2.00103694	          0.91575918	          0.00404980	         30.50688147	          0.57114104	         -2.28281433	        -16.07804788	          3.19271178	          8.91581231	        -18.65733555	          1.00086564	          8.59980840	          7.08370244	          2.91049004	         -0.53751346	          2.48091046	          2.04689387	         -7.41772450	          2.38808814	         -4.66043574	          0.60635541	          1.04540300	         -1.61311139	        -13.64053981	         10.41447131	          4.75620008	        -13.50652752	         16.75908213	         28.61906985	         26.04529557	         86.51662706	         86.51662706	          0.05000140	          0.05000185	          0.05000199	          0.05000393	          0.05000352	          0.05000327	          0.05000026	          0.05000077	          0.17646131	          0.05000053	          0.06835773	          0.19679133	          0.21484506	          0.20803763	          0.16768357	          0.09841617	          0.05000646	          0.06305080	          0.05000463	          0.05000390	          0.05000483	          0.09725682	          0.10757250	          0.09522238	          0.17932974	          0.05001641	          0.05000332	          0.05000048	          0.05000105	          0.05000090	          0.05000047	          0.05000018	          0.05000041	          0.05000018	          0.05000252	          0.05002441	          0.05000891	          0.30931345	          0.05557878	          0.05310811	          0.20347854	          0.58292937	          0.20036372	          0.08646579	          0.10562669	          0.10346920	          0.35369739	          0.20721980	          0.13383034	          0.51576164	          0.44042562	          0.25025466	          0.07320037	          0.06450099	          0.05000237	          0.22418431	          0.15182316	          0.05000071	          0.05000088	          0.05000198	          0.05000577	          0.05000335	          0.52691510	          0.05000360	          0.05000514	          0.05001671	          0.05000867	          0.05000572	          0.31945350	          0.60983200	          0.05000103	          0.05000560	          0.10379361	          0.05000027	          0.05000222	          0.05000219	          0.05000209	          0.63650212	          0.72841851	          0.31087625	          0.46505436	          0.07845175	          0.28838561	          0.06079844	          0.11398022	          0.21121329	          0.10586901	          0.15437226	          0.31496208	          0.05000017	          0.05000016	          0.05000016	
          1.52024778	         -2.89902375	          0.56736629	         -0.90413099	          2.01537991	          0.91438713	          0.00393791	         30.33888613	          0.81760277	         -2.33333657	        -16.62957197	          3.03232803	          8.92083918	        -16.47235950	          0.26903467	          8.73156075	          7.23032911	          2.79790376	         -0.15340585	          2.52589566	          1.69507574	         -7.57164963	          3.68599549	         -4.62878457	          0.46399831	          1.19264355	         -2.06480090	        -13.69231874	          9.71541517	          4.87645381	        -13.55465945	         17.21158350	         28.26847101	         27.12029292	         86.51662706	         86.51662706	          0.05000131	          0.05000178	          0.05000178	          0.05000430	          0.05000356	          0.05000293	          0.05000024	          0.05000085	          0.23793394	          0.05000053	          0.05819050	          0.20926782	          0.21737410	          0.20489447	          0.16597111	          0.09853955	          0.05000603	          0.06050167	          0.05000516	          0.05000373	          0.05000368	          0.08927322	          0.09408032	          0.08628823	          0.15399340	          0.05001516	          0.05000254	          0.05000075	          0.05000195	          0.05000161	          0.05000081	          0.05000018	          0.05000039	          0.05000018	          0.05000120	          0.05000665	          0.05000483	          0.30930928	          0.05205711	          0.05485880	          0.22594695	          0.58178621	          0.20434857	          0.08905429	          0.10666225	          0.10586935	          0.37686215	          0.20348107	          0.11974001	          0.52056720	          0.43295765	          0.21303169	          0.06231281	          0.05490737	          0.05000124	          0.19083724	          0.14984618	          0.05000069	          0.05000088	          0.05000189	          0.05000569	          0.05000347	          0.54410684	          0.05000351	          0.05000398	          0.05001787	          0.05000930	          0.05000600	          0.35496393	          0.66744490	          0.05000101	          0.05000520	          0.09132678	          0.05859165	          0.05000269	          0.05000266	          0.05000253	          0.62065446	          0.71708430	          0.33121084	          0.47018313	          0.16889218	          0.34028370	          0.05175521	          0.09702593	          0.20741861	          0.09012123	          0.13140962	          0.26811212	          0.05000017	          0.05000014	          0.05000014	
          1.53073225	         -2.90664793	          0.64859111	         -1.17095309	          2.03000302	          0.91322367	          0.00381101	         30.08729643	          1.09191657	         -2.36523021	        -17.05959604	          2.86832084	          8.89905887	        -14.49182054	         -0.69746794	          8.92856666	          7.34481745	          2.69584009	          0.34966391	          2.54373716	          1.23619119	         -7.63657110	          5.22094497	         -4.57959966	          0.31089107	          1.33652571	         -2.56538319	        -13.71221044	          8.88059753	          4.92732567	        -13.62525176	         17.78154312	         27.95715462	         28.24549176	         86.51662706	         86.51662706	          0.05000126	          0.05000143	          0.05000132	          0.05000418	          0.05000321	          0.05000273	          0.05000087	          0.05000106	          0.29195907	          0.05000070	          0.05000332	          0.21454099	          0.22380112	          0.18659171	          0.15359996	          0.09555584	          0.05000458	          0.07749428	          0.05001117	          0.05000242	          0.05000183	          0.07607261	          0.08623625	          0.07345986	          0.13115465	          0.05001666	          0.05000320	          0.05000096	          0.05000191	          0.05000171	          0.05000103	          0.05000013	          0.05000030	          0.05000012	          0.05000102	          0.05000714	          0.05000388	          0.30726960	          0.05019030	          0.05637528	          0.24514768	          0.57628986	          0.20651999	          0.08809949	          0.11098958	          0.10867459	          0.40263363	          0.18134124	          0.10541075	          0.51554015	          0.41003468	          0.18134431	          0.05304533	          0.05000154	          0.05000096	          0.16245050	          0.15689732	          0.05000081	          0.05000097	          0.05000196	          0.05000569	          0.05000323	          0.56023471	          0.05000421	          0.05000380	          0.05001529	          0.05000824	          0.05000566	          0.36345501	          0.71232492	          0.05000111	          0.05000516	          0.08884761	          0.09582930	          0.05000288	          0.05000283	          0.05000269	          0.59273396	          0.69025857	          0.34495312	          0.47066657	          0.19137949	          0.37950107	          0.05000018	          0.08259356	          0.21471587	          0.07671591	          0.11186264	          0.22823098	          0.05000018	          0.05000013	          0.05000014	
          1.54121671	         -2.91404392	          0.72654911	         -1.43452337	          2.04492981	          0.91228228	          0.00366803	         29.76586368	          1.39173164	         -2.37743300	        -17.37320097	          2.69841160	          8.84951714	        -12.77008445	         -1.88279130	          9.15701036	          7.39209582	          2.60354866	          0.97736797	          2.54652546	          0.66712040	         -7.65117806	          7.00870378	         -4.51052288	          0.14757539	          1.47615545	         -3.10298571	        -13.66361519	          7.77466314	          4.91509545	        -13.72473286	         18.52992886	         27.62730911	         29.39667104	         86.51662706	         86.51662706	          0.05000221	          0.05000248	          0.05000229	          0.05000514	          0.05000451	          0.05000379	          0.08533454	          0.05000196	          0.33333372	          0.05000083	          0.05000335	          0.22046786	          0.21051098	          0.18171841	          0.14670740	          0.09133651	          0.05001134	          0.06598917	          0.05003347	          0.05000553	          0.05000516	          0.06798619	          0.07341073	          0.07252270	          0.11308139	          0.05001156	          0.05000275	          0.05000442	          0.05004111	          0.05001963	          0.05000508	          0.05000023	          0.05000049	          0.05000020	          0.05000157	          0.05001394	          0.05000627	          0.30293168	          0.05043432	          0.05891748	          0.24144030	          0.56937341	          0.20323615	          0.08684443	          0.10393011	          0.11292475	          0.42018808	          0.15436867	          0.09522146	          0.55965968	          0.34905771	          0.15437002	          0.05000478	          0.05000142	          0.05000094	          0.13828624	          0.15419210	          0.05000076	          0.05000093	          0.05000195	          0.05000612	          0.05000412	          0.57565814	          0.05000372	          0.05000294	          0.05002258	          0.05001204	          0.05000707	          0.39467703	          0.74417314	          0.05000114	          0.05000630	          0.09124448	          0.13675095	          0.05000556	          0.05000550	          0.05000512	          0.55595175	          0.65552139	          0.35442194	          0.46691157	          0.24100026	          0.41774824	          0.05000020	          0.07030797	          0.21376518	          0.06530461	          0.09522325	          0.19428206	          0.05000017	          0.05000017	          0.05000016	
          1.55170118	         -2.92058536	          0.80202556	         -1.69286772	          2.06017560	          0.91155726	          0.00350573	         29.39325480	          1.71622397	         -2.36961246	        -17.57303467	          2.51947760	          8.77152364	        -11.37441245	         -3.27452500	          9.37212472	          7.34112458	          2.52179769	          1.73117890	          2.54311766	         -0.02351902	         -7.63890990	          9.08487010	         -4.42011653	         -0.02452611	          1.61128670	         -3.66447018	        -13.57390149	          6.61099075	          4.83159011	        -13.78980485	         19.12953816	         27.24629401	         30.52649937	         86.51662706	         86.51662706	          0.05000160	          0.05000168	          0.05000148	          0.05000481	          0.05000366	          0.05000278	          0.10815605	          0.05000358	          0.35900349	          0.05000115	          0.05000406	          0.21501531	          0.19243555	          0.15620873	          0.13355854	          0.08930538	          0.05000508	          0.07180146	          0.09609075	          0.05000287	          0.05000208	          0.05857542	          0.06253729	          0.06173854	          0.10251520	          0.05000840	          0.05000187	          0.05000237	          0.05000676	          0.05000603	          0.05000325	          0.05000022	          0.05000050	          0.05000014	          0.05000113	          0.05002896	          0.05000570	          0.29809142	          0.05000301	          0.06471582	          0.22491534	          0.56292318	          0.19509925	          0.08520798	          0.09759476	          0.11476646	          0.43544344	          0.13140686	          0.08105801	          0.56332248	          0.29713690	          0.13140793	          0.05000330	          0.05000077	          0.05000062	          0.11771638	          0.13604851	          0.05000048	          0.05000063	          0.05000131	          0.05000420	          0.05000267	          0.58772627	          0.05000248	          0.05000206	          0.05011687	          0.05001832	          0.05000633	          0.39994842	          0.76153965	          0.05000178	          0.05003047	          0.07767319	          0.18449176	          0.05001030	          0.05001045	          0.05000845	          0.51170289	          0.61179907	          0.35598012	          0.45586423	          0.27169817	          0.44213169	          0.05000010	          0.05984983	          0.21149050	          0.05559077	          0.08105894	          0.16538296	          0.05000014	          0.05000014	          0.05000011	
          1.56218565	         -2.92574947	          0.87669068	         -1.94395551	          2.07574812	          0.91102259	          0.00332223	         28.98737646	          2.06343391	         -2.34108127	        -17.66386910	          2.32780303	          8.66503126	        -10.37004153	         -4.85384101	          9.50545656	          7.16126890	          2.44979819	          2.60702409	          2.54168373	         -0.84661134	         -7.61624003	         11.47562610	         -4.30810214	         -0.20465345	          1.74170070	         -4.25426412	        -13.50812126	          5.71985753	          4.66141268	        -13.78250060	         19.35542612	         26.85362810	         31.63087272	         86.51662706	         86.51662706	          0.05000145	          0.05000167	          0.05000138	          0.05000587	          0.05000409	          0.05000333	          0.12047398	          0.06210322	          0.36584560	          0.05000164	          0.05000790	          0.18883420	          0.17096692	          0.13298126	          0.12016400	          0.09595127	          0.05000186	          0.06251558	          0.12254595	          0.05000249	          0.05000153	          0.05571806	          0.05874284	          0.05255755	          0.09971324	          0.05002335	          0.05000445	          0.05000073	          0.05000688	          0.05000635	          0.05000396	          0.05000199	          0.05000196	          0.05088987	          0.05000596	          0.05504931	          0.05001259	          0.29895959	          0.05259280	          0.06827704	          0.21920450	          0.56540632	          0.21496728	          0.07979269	          0.08578485	          0.11418807	          0.44555972	          0.11186038	          0.06900085	          0.58662627	          0.25293853	          0.11186131	          0.05000389	          0.05000085	          0.05000067	          0.10020627	          0.11581347	          0.05000083	          0.05000083	          0.05000150	          0.05000438	          0.05000217	          0.60067046	          0.05000504	          0.05000324	          0.05001064	          0.05000690	          0.05000430	          0.37125852	          0.76428604	          0.05000156	          0.05000903	          0.06611968	          0.23432292	          0.05000223	          0.05000214	          0.05000213	          0.45426930	          0.55931572	          0.34715970	          0.43779435	          0.29463245	          0.44960461	          0.05000008	          0.05094738	          0.21707417	          0.05000033	          0.06900155	          0.14078254	          0.05000013	          0.05000012	          0.05000013	
          1.57267012	         -2.92907213	          0.95244274	         -2.18924325	          2.09165125	          0.91063625	          0.00311276	         28.56275507	          2.42678142	         -2.28989817	        -17.65999571	          2.11694812	          8.53011660	         -9.81916033	         -6.58254127	          9.48840838	          6.81885471	          2.39147373	          3.59875738	          2.55475300	         -1.80631239	         -7.59552881	         14.19012449	         -4.17404147	         -0.39240423	          1.86602758	         -4.87970652	        -13.46793037	          5.07010468	          4.40846276	        -13.74021403	         19.38239029	         26.47254784	         32.73522466	         86.51662706	         86.51662706	          0.05000109	          0.05000139	          0.05000270	          0.05000219	          0.05000221	          0.05000186	          0.11878934	          0.06692100	          0.35185190	          0.06852647	          0.05000269	          0.16078063	          0.16784905	          0.11320656	          0.13046981	          0.10650407	          0.05000947	          0.05322996	          0.15192362	          0.05000363	          0.05000517	          0.07133664	          0.05000661	          0.05329007	          0.12964217	          0.05000775	          0.05000100	          0.05000478	          0.05000460	          0.05000484	          0.05000376	          0.06056241	          0.05000095	          0.05000032	          0.05596767	          0.05388752	          0.05000566	          0.30278603	          0.05873672	          0.07913836	          0.20780000	          0.56999502	          0.24320661	          0.06900024	          0.07302456	          0.09720296	          0.43757617	          0.09522136	          0.05873714	          0.57931863	          0.21531446	          0.09522218	          0.05000455	          0.05000059	          0.05000043	          0.08530076	          0.09858694	          0.05000036	          0.05000038	          0.05000091	          0.05000292	          0.05000149	          0.55454822	          0.05000160	          0.05000209	          0.05114128	          0.05001638	          0.05000460	          0.31603474	          0.75800591	          0.05000132	          0.05000646	          0.05628463	          0.22560901	          0.05000140	          0.05000133	          0.05000125	          0.38669740	          0.47611858	          0.33207106	          0.40636958	          0.28384908	          0.43139369	          0.05000006	          0.06228688	          0.19738170	          0.05000029	          0.05873769	          0.11984139	          0.05000007	          0.05000008	          0.05000006	
          1.58315458	         -2.93017584	          1.03202864	         -2.42786920	          2.10786345	          0.91034574	          0.00286841	         28.14010584	          2.79350271	         -2.21809759	        -17.56516812	          1.88469864	          8.36806160	         -9.80353582	         -8.44389073	          9.19631329	          6.28706819	          2.34085159	          4.68297431	          2.58658239	         -2.87506928	         -7.60941941	         17.17869618	         -4.01973742	         -0.58640756	          1.98424994	         -5.53567702	        -13.45040632	          4.63044631	          4.07691467	        -13.69031423	         19.31589760	         26.10510051	         33.86082661	         86.51662706	         86.51662706	          0.05873712	          0.05873709	          0.05000075	          0.05873708	          0.05873711	          0.05873689	          0.10117326	          0.05873762	          0.31819083	          0.06883458	          0.05000065	          0.13686659	          0.22330383	          0.09636839	          0.13694766	          0.13801671	          0.05000331	          0.05001911	          0.16028884	          0.05871077	          0.05000401	          0.11256547	          0.05000036	          0.05000027	          0.27325430	          0.05000176	          0.07366147	          0.05000010	          0.05000141	          0.05000118	          0.05000095	          0.06055735	          0.05551492	          0.05120898	          0.05000330	          0.06074043	          0.05925990	          0.32817521	          0.05000040	          0.10686964	          0.25465836	          0.61061750	          0.31481713	          0.05873662	          0.06216229	          0.08274420	          0.38181448	          0.08105736	          0.05000012	          0.49314684	          0.18328684	          0.08105807	          0.05000450	          0.05000074	          0.05000044	          0.07261243	          0.08392255	          0.08948627	          0.05000185	          0.05000106	          0.05000340	          0.05000420	          0.47206247	          0.05002194	          0.05000059	          0.05000177	          0.05000116	          0.05000123	          0.26902509	          0.72561260	          0.05000008	          0.05000029	          0.05000009	          0.19205012	          0.08101631	          0.07915613	          0.07046403	          0.32917671	          0.40529666	          0.28625238	          0.38142091	          0.25506101	          0.39765491	          0.05000001	          0.05873750	          0.16802150	          0.05000041	          0.05000057	          0.10201520	          0.05000004	          0.05000009	          0.05000124	
          1.59363905	         -2.92900819	          1.12186798	         -2.65602475	          2.12433621	          0.91009565	          0.00259770	         27.72264417	          3.13228064	         -2.13132621	        -17.36901814	          1.63079410	          8.16263985	        -10.36133515	        -10.44218640	          8.58060255	          5.53970227	          2.29551816	          5.83676239	          2.64619556	         -4.02015218	         -7.68916635	         20.39156192	         -3.84937555	         -0.79112273	          2.09411308	         -6.20797634	        -13.45607376	          4.37842099	          3.67136574	        -13.64716126	         19.20896900	         25.74000963	         35.02697641	         86.51662706	         86.51662706	          0.05000010	          0.05000021	          0.09406367	          0.05000017	          0.05000025	          0.05000032	          0.08612393	          0.05000061	          0.27086048	          0.05859617	          0.06900500	          0.11773706	          0.20831066	          0.46812215	          0.30529097	          0.13748046	          0.05000035	          0.08105356	          0.13645028	          0.05000308	          0.05873667	          0.18252547	          0.06900100	          0.06900109	          0.57224191	          0.15909331	          0.09355086	          0.06900093	          0.05022817	          0.15295449	          0.12639178	          0.06900149	          0.06902296	          0.06900088	          0.05000008	          0.06900120	          0.06900121	          0.38994424	          0.13017535	          0.09097303	          0.41095178	          0.62214415	          0.32279092	          0.05000002	          0.05291575	          0.07043614	          0.32502026	          0.06900029	          0.05873701	          0.41979215	          0.15602328	          0.06900092	          0.05001001	          0.05000082	          0.05000141	          0.06181148	          0.07143946	          0.14417948	          0.21847092	          0.06899388	          0.05004554	          0.05205192	          0.52829945	          0.07723467	          0.05000968	          0.05000634	          0.05000457	          0.05000743	          0.22900804	          0.66585627	          0.05000399	          0.05873790	          0.05873708	          0.17137756	          0.15436964	          0.15436983	          0.13927647	          0.28021213	          0.34500936	          0.24367274	          0.33491982	          0.21712143	          0.33850521	          0.05000006	          0.05000042	          0.14302856	          0.05000014	          0.05000005	          0.08684062	          0.06115483	          0.06900090	          0.05183261	
          1.60412352	         -2.92596810	          1.24046024	         -2.87191460	          2.14102625	          0.90986295	          0.00234203	         27.23434288	          3.38926298	         -1.95979283	        -17.07711836	          1.34624437	          7.91682661	        -11.20762573	        -12.54615441	          7.71826040	          4.51085379	          2.24890021	          6.98208056	          2.70663836	         -5.17933838	         -7.83990375	         23.73887603	         -3.66452585	         -1.02672924	          2.19311685	         -6.88222900	        -13.49177219	          4.29826152	          3.19831688	        -13.60712227	         19.08351879	         25.35947250	         36.23350524	         86.51662706	         86.51662706	          0.36448852	          0.05000045	          0.44249101	          0.19126575	          0.05000121	          0.37277143	          0.10704575	          0.05001715	          0.23195586	          0.05000078	          0.05874079	          0.10022405	          0.36456212	          0.39848990	          0.25988419	          0.24094280	          0.05000098	          0.06900185	          0.15959366	          0.05000026	          0.05000027	          0.25428547	          0.05873733	          0.05873734	          0.48712180	          0.13542857	          0.16010393	          0.05873717	          0.12078371	          0.13020359	          0.10759185	          0.05873764	          0.05875595	          0.05873713	          0.05000040	          0.05873746	          0.05873758	          0.47205489	          0.11081221	          0.08673432	          0.34982361	          0.72679133	          0.60139878	          0.05000037	          0.08528760	          0.05995888	          0.29004852	          0.05873667	          0.05000020	          0.35734920	          0.13281513	          0.05873720	          0.05000323	          0.05000140	          0.05000107	          0.05261719	          0.06081321	          0.20023149	          0.40358483	          0.05873721	          0.05873169	          0.13089139	          0.54146241	          0.06899674	          0.05000261	          0.05001452	          0.05001259	          0.05001919	          0.19494348	          0.64224710	          0.05000075	          0.05000127	          0.05000012	          0.14588543	          0.13140766	          0.13140777	          0.11855950	          0.23853097	          0.29368971	          0.20742675	          0.28510105	          0.18482499	          0.28815324	          0.08586217	          0.05000062	          0.12175429	          0.05000014	          0.05000098	          0.07392326	          0.08659160	          0.05873712	          0.05000088	
          1.61460799	         -2.92296869	          1.37753659	         -3.06089108	          2.15769353	          0.90973958	          0.00206248	         26.69397110	          3.60136808	         -1.80265027	        -16.60679771	          1.05280391	          7.65482161	        -12.00636843	        -14.88080265	          6.73249331	          3.22771067	          2.23301051	          8.12950436	          2.87750131	         -6.29408951	         -7.97346871	         26.98069240	         -3.48793998	         -1.27939493	          2.28255719	         -7.48927574	        -13.54426599	          4.39185222	          2.69663280	        -13.57283158	         18.95003787	         24.90413267	         37.44014519	         86.51662706	         86.51662706	          0.45071894	          0.40611686	          0.48128446	          0.25754767	          0.36165284	          0.31732350	          0.09520856	          0.14245229	          0.19745285	          0.05873346	          0.05000335	          0.08531591	          0.31033410	          0.33921568	          0.32374025	          0.26592457	          0.05000055	          0.05873828	          0.13585588	          0.32701453	          0.25040688	          0.30519272	          0.05000028	          0.05000030	          0.41466343	          0.11528397	          0.13628899	          0.05000014	          0.13470693	          0.16285362	          0.10866628	          0.05000050	          0.05001611	          0.05000006	          0.07778244	          0.05000042	          0.05000054	          0.49129126	          0.09432911	          0.07383279	          0.61730434	          0.83919102	          0.76538574	          0.08388277	          0.07260124	          0.05104010	          0.24690427	          0.05000007	          0.05000002	          0.30419453	          0.11305917	          0.05000031	          0.05853727	          0.05000073	          0.05000036	          0.05000034	          0.05176773	          0.25305433	          0.57143360	          0.05000104	          0.05000407	          0.11142654	          0.55554102	          0.05873647	          0.05000046	          0.05000067	          0.05000044	          0.05000048	          0.16594596	          0.59049051	          0.05000004	          0.05000022	          0.05000016	          0.18768298	          0.11186118	          0.11186125	          0.10092415	          0.20304982	          0.25000379	          0.17657231	          0.24269285	          0.15733257	          0.24529102	          0.23938512	          0.10535648	          0.11092059	          0.37677919	          0.25118065	          0.45491621	          0.11589801	          0.05000006	          0.05000009	
          1.62509245	         -2.92141657	          1.50747683	         -3.21194590	          2.17400990	          0.90986244	          0.00173306	         26.21620094	          3.80443246	         -1.71566288	        -15.87754841	          0.78569770	          7.40772392	        -12.80730465	        -17.55118150	          5.41981244	          1.70290523	          2.16520147	          9.31644468	          3.05345246	         -7.20239242	         -8.24598755	         29.68101386	         -3.34866644	         -1.52065919	          2.35857942	         -7.95105044	        -13.59772791	          4.65928633	          2.23388825	        -13.54066949	         18.82975256	         24.31326341	         38.57140808	         86.51662706	         86.51662706	          0.52894382	          0.49515657	          0.54413628	          0.21923990	          0.30785827	          0.31291528	          0.08286024	          0.13451350	          0.16808211	          0.05000036	          0.05000030	          0.07262542	          0.34024404	          0.42447192	          0.41542062	          0.30048746	          0.05000043	          0.05000481	          0.12943372	          0.39210540	          0.30750271	          0.35295618	          0.05000009	          0.05000009	          0.35298333	          0.09813591	          0.11943135	          0.05000011	          0.28163620	          0.30258607	          0.23632144	          0.05000004	          0.05000010	          0.05000001	          0.06621264	          0.05000052	          0.05000068	          0.53108674	          0.08029799	          0.07381237	          0.72276714	          0.90534878	          0.86190741	          0.11077487	          0.06180192	          0.05000009	          0.21017764	          0.05000148	          0.05000132	          0.25894615	          0.09624193	          0.05000135	          0.05000849	          0.05000137	          0.05012948	          0.05000014	          0.05000058	          0.26262731	          0.72697866	          0.39911713	          0.11188786	          0.09485276	          0.56574064	          0.05000233	          0.05000117	          0.05873581	          0.06900327	          0.08105806	          0.14126177	          0.51618475	          0.07429399	          0.05001803	          0.05000119	          0.19681708	          0.09522212	          0.09522216	          0.08591193	          0.17284644	          0.21281608	          0.15030743	          0.20659681	          0.13392960	          0.20880454	          0.25382000	          0.08968510	          0.09821382	          0.32073439	          0.34759733	          0.67916701	          0.14154287	          0.05000006	          0.05000007	
          1.63557692	         -2.92050292	          1.62428687	         -3.33316497	          2.18990907	          0.91021615	          0.00138445	         25.77175353	          4.00505769	         -1.64000225	        -14.91494019	          0.55698701	          7.21126043	        -13.62532762	        -20.48080048	          4.17998093	         -0.04848863	          2.06517897	         10.50719184	          3.21777846	         -7.86121859	         -8.53071589	         31.59576208	         -3.24489418	         -1.74552716	          2.42442292	         -8.26827310	        -13.65016680	          5.05900451	          1.83170919	        -13.50964494	         18.74778949	         23.60836802	         39.59890203	         86.51662706	         86.51662706	          0.58373633	          0.53574570	          0.55985423	          0.18662927	          0.26206543	          0.26637197	          0.07258665	          0.12099648	          0.14308029	          0.05000049	          0.05000060	          0.06182272	          0.28963692	          0.38301178	          0.40653184	          0.30862182	          0.05000060	          0.05000747	          0.11018179	          0.40955994	          0.32617038	          0.35806124	          0.05000017	          0.05000018	          0.30047818	          0.08353868	          0.10812888	          0.05000021	          0.38793557	          0.41260950	          0.32073177	          0.05000007	          0.05000020	          0.05000003	          0.05636429	          0.05000071	          0.05000091	          0.55861362	          0.06835431	          0.07219101	          0.77113844	          0.94428885	          0.91871947	          0.11134712	          0.05260899	          0.05000014	          0.17891405	          0.05000054	          0.05000040	          0.22042853	          0.08192637	          0.05000123	          0.05003044	          0.05000158	          0.05000323	          0.05000029	          0.05000157	          0.25936006	          0.66766834	          0.33974953	          0.09524563	          0.08074372	          0.59143579	          0.23840282	          0.06841119	          0.05000989	          0.05874040	          0.06900127	          0.12024941	          0.43940312	          0.22680809	          0.05014538	          0.05000984	          0.16754200	          0.08105799	          0.08105803	          0.07313268	          0.14713578	          0.18116000	          0.12794940	          0.19356260	          0.11400778	          0.17774553	          0.21606467	          0.07634464	          0.10685283	          0.27302626	          0.48400712	          0.81115966	          0.16590279	          0.05000409	          0.05000006	
          1.64606139	         -2.91966532	          1.72905228	         -3.43147686	          2.20542020	          0.91075937	          0.00102818	         25.29877519	          4.20637181	         -1.54705733	        -13.77848473	          0.36981210	          7.02909667	        -14.39010787	        -23.54525824	          3.16523893	         -1.85109585	          1.94518263	         11.58090763	          3.35150990	         -8.24177275	         -8.81715359	         32.67945260	         -3.16718097	         -1.95175919	          2.48310360	         -8.46160125	        -13.69823821	          5.54266630	          1.48963832	        -13.48305502	         18.71448988	         22.82683768	         40.51803339	         86.51662706	         86.51662706	          0.64950067	          0.57624202	          0.58540681	          0.15886965	          0.22308464	          0.28803341	          0.07088175	          0.11152608	          0.12179793	          0.05000045	          0.05000082	          0.05262701	          0.24655460	          0.32604230	          0.37503162	          0.31926411	          0.05000061	          0.05000583	          0.09379311	          0.42751931	          0.33857464	          0.35957880	          0.05000017	          0.05000017	          0.25578302	          0.07111287	          0.11789908	          0.05000023	          0.40540672	          0.45187574	          0.33445472	          0.05000007	          0.05000018	          0.05000003	          0.05258244	          0.05000065	          0.05000079	          0.57459586	          0.05818876	          0.07349261	          0.80975921	          0.96720873	          0.95215871	          0.11628645	          0.05000005	          0.05000012	          0.15230089	          0.05000244	          0.05873481	          0.18764140	          0.06974119	          0.05866830	          0.05000876	          0.05000075	          0.05000103	          0.05000052	          0.13820699	          0.24725786	          0.56835404	          0.28921258	          0.08107848	          0.06873333	          0.60447529	          0.31141400	          0.09758183	          0.05000707	          0.05000490	          0.05873775	          0.12868220	          0.37404258	          0.19307139	          0.05875222	          0.05839099	          0.25459305	          0.06900076	          0.06900079	          0.06225432	          0.12524954	          0.15421273	          0.10891711	          0.21645326	          0.09704933	          0.23557000	          0.18392536	          0.06498860	          0.09095866	          0.23241408	          0.53889853	          0.88884971	          0.17707116	          0.08070519	          0.05000008	
          1.65654586	         -2.91874378	          1.82208595	         -3.51662073	          2.22058823	          0.91146904	          0.00065983	         24.77914635	          4.40700221	         -1.43205788	        -12.54484822	          0.21872488	          6.83962933	        -15.07823414	        -26.57825447	          2.37579039	         -3.10398900	          1.81128564	         12.44889129	          3.45733869	         -8.35400739	         -9.09666468	         33.15235343	         -3.10860405	         -2.13280370	          2.53392841	         -8.55592039	        -13.73459303	          6.06615357	          1.20703495	        -13.46471656	         18.73306568	         22.00269548	         41.32739899	         86.51662706	         86.51662706	          0.67976850	          0.57830675	          0.57494553	          0.13523956	          0.18990210	          0.24519076	          0.06171714	          0.09929205	          0.10368119	          0.05000049	          0.05000068	          0.05000153	          0.20997298	          0.28958055	          0.36128120	          0.31476030	          0.05000063	          0.05000649	          0.07984278	          0.40965003	          0.32799679	          0.34388703	          0.05000020	          0.05000019	          0.21773620	          0.06053555	          0.11185774	          0.05000026	          0.41907297	          0.46510801	          0.34788541	          0.05000006	          0.05000016	          0.05000003	          0.05770148	          0.05000062	          0.05000073	          0.58286016	          0.05000410	          0.07582081	          0.82025734	          0.98069923	          0.97184083	          0.12009455	          0.05000006	          0.05000017	          0.12964640	          0.05000051	          0.05000034	          0.21763197	          0.05936844	          0.05000192	          0.05000756	          0.05000055	          0.05000072	          0.05000042	          0.16502545	          0.24860935	          0.48381339	          0.24619301	          0.06901878	          0.05850953	          0.61716374	          0.39011922	          0.09455913	          0.05000346	          0.05000162	          0.05000133	          0.15428919	          0.31840434	          0.16435249	          0.05001487	          0.05000074	          0.24130763	          0.05873704	          0.05873706	          0.05299411	          0.10661888	          0.13127722	          0.09271585	          0.19368700	          0.11616496	          0.20053851	          0.19390709	          0.05532165	          0.07742870	          0.19784284	          0.45873844	          0.91791152	          0.16537890	          0.09941926	          0.05000007	
          1.66703032	         -2.91785187	          1.90158360	         -3.59814518	          2.23545210	          0.91234562	          0.00027979	         24.21339578	          4.60380157	         -1.29048272	        -11.25558243	          0.09044657	          6.62779862	        -15.69184175	        -29.42309320	          1.79667191	         -3.51974513	          1.66814595	         13.09022717	          3.53764860	         -8.37978005	         -9.35531307	         33.35714346	         -3.06623653	         -2.28401083	          2.57592083	         -8.57144892	        -13.75318975	          6.59591708	          0.98273716	        -13.45497522	         18.79773108	         21.16151610	         42.02578460	         86.51662706	         86.51662706	          0.71097679	          0.56669450	          0.55771577	          0.11512328	          0.16165498	          0.20872105	          0.05254904	          0.08648840	          0.08825946	          0.05000040	          0.05000066	          0.05000140	          0.20799069	          0.29732368	          0.33453877	          0.30372905	          0.05000072	          0.05000551	          0.06796814	          0.38939257	          0.31250589	          0.32016884	          0.05000017	          0.05000019	          0.19982722	          0.05153330	          0.09522166	          0.05000036	          0.42766065	          0.47144225	          0.35454506	          0.05000007	          0.05000017	          0.05000003	          0.06805681	          0.05000065	          0.05000074	          0.59204440	          0.05648370	          0.07402252	          0.80463977	          0.98863964	          0.98342558	          0.12493769	          0.05000007	          0.05000016	          0.11036174	          0.05000049	          0.05000039	          0.18526458	          0.05053902	          0.05000193	          0.05001987	          0.05000163	          0.05000181	          0.05001132	          0.18428180	          0.25584650	          0.41433528	          0.20957269	          0.05875324	          0.05000054	          0.61760613	          0.43046945	          0.15353117	          0.05000320	          0.05000152	          0.05000081	          0.15622603	          0.27104225	          0.13990553	          0.05001257	          0.05000202	          0.20541547	          0.05000014	          0.05000014	          0.05000007	          0.09075956	          0.11481767	          0.07892452	          0.16487657	          0.09888586	          0.17070903	          0.20663198	          0.05000029	          0.06591143	          0.16841410	          0.59205719	          0.94971374	          0.15312972	          0.10184735	          0.05000008	
          1.67751479	         -2.91684627	          1.96932315	         -3.67919378	          2.25004101	          0.91337274	         -0.00010240	         23.60237903	          4.79940524	         -1.11135417	         -9.90195062	         -0.02232073	          6.39495967	        -16.23455650	        -32.07334880	          1.42791319	         -3.42423170	          1.52378144	         13.55696683	          3.59670429	         -8.36851815	         -9.57762765	         33.34661535	         -3.03828454	         -2.41002411	          2.60702036	         -8.52235097	        -13.75576618	          7.11598023	          0.81062289	        -13.45063165	         18.89295305	         20.32506723	         42.62031840	         86.51662706	         86.51662706	          0.73149940	          0.54953615	          0.53801612	          0.09799941	          0.13760972	          0.17767779	          0.05165774	          0.08396188	          0.07838941	          0.05000046	          0.05000075	          0.05000143	          0.19531369	          0.28883239	          0.32137132	          0.29431081	          0.05000067	          0.05000606	          0.05786253	          0.37291557	          0.29846784	          0.30345760	          0.05000018	          0.05000019	          0.17010420	          0.05872633	          0.08105947	          0.05000035	          0.41735455	          0.46009808	          0.34911062	          0.05000006	          0.05000015	          0.05000003	          0.08017433	          0.05000060	          0.05000063	          0.61057599	          0.09529741	          0.08108588	          0.68500665	          0.99331331	          0.99024422	          0.12440620	          0.05000007	          0.05000019	          0.09394565	          0.05000050	          0.05000040	          0.16059898	          0.05000628	          0.05000211	          0.05001631	          0.05000516	          0.05000200	          0.05965299	          0.19817490	          0.24977256	          0.37899849	          0.17839950	          0.05001558	          0.05000057	          0.61729001	          0.43257210	          0.17569519	          0.05000305	          0.05000135	          0.05000063	          0.15603576	          0.23072531	          0.11909496	          0.05001234	          0.05000138	          0.21223480	          0.05000012	          0.05000011	          0.05000008	          0.07725951	          0.10146577	          0.06718465	          0.14304236	          0.08417714	          0.14531660	          0.20598731	          0.05000128	          0.05610754	          0.14336306	          0.58351813	          0.92477135	          0.14456234	          0.09832439	          0.05000008	
          1.68799926	         -2.91544616	          2.02721701	         -3.75937240	          2.26439252	          0.91451574	         -0.00047819	         22.94866237	          4.99623039	         -0.88876297	         -8.48685519	         -0.12242106	          6.14244892	        -16.71493593	        -34.52932636	          1.27017222	         -2.98611975	          1.38187891	         13.86820270	          3.64104652	         -8.33117694	         -9.74883267	         33.17305439	         -3.02173813	         -2.51615172	          2.62655680	         -8.42061964	        -13.74680700	          7.62031029	          0.67826026	        -13.44977522	         18.99979824	         19.51250537	         43.12674066	         86.51662706	         86.51662706	          0.75155211	          0.53311394	          0.50836369	          0.08342461	          0.11714258	          0.16280528	          0.05463989	          0.08671444	          0.07511107	          0.05000040	          0.05000067	          0.05000197	          0.19174669	          0.28843369	          0.33126887	          0.28494352	          0.05000063	          0.05000657	          0.05002053	          0.35270065	          0.28196484	          0.28746019	          0.05000017	          0.05000018	          0.14480168	          0.05000570	          0.06900285	          0.05000030	          0.41465004	          0.45895016	          0.34706920	          0.05000006	          0.05000015	          0.05000002	          0.10043452	          0.05000047	          0.05000045	          0.58545118	          0.08112278	          0.06902488	          0.58311345	          0.99606414	          0.99425738	          0.11898951	          0.05000008	          0.05000020	          0.07997146	          0.05000043	          0.05000033	          0.19908405	          0.05000598	          0.05000184	          0.05003555	          0.07826003	          0.05000409	          0.08443316	          0.21442807	          0.23922916	          0.38094348	          0.15186327	          0.05000434	          0.05000048	          0.60982136	          0.43372591	          0.20997540	          0.05000255	          0.05000108	          0.05000048	          0.15111219	          0.19640579	          0.10137989	          0.05000831	          0.05000119	          0.24775957	          0.05000010	          0.05000009	          0.05000006	          0.07175687	          0.09518497	          0.05719107	          0.12729589	          0.07165695	          0.12370125	          0.20276595	          0.05000748	          0.05000154	          0.12204029	          0.57593630	          0.88605852	          0.13735049	          0.09555337	          0.05000010	
          1.69848373	         -2.91364118	          2.07721758	         -3.83724231	          2.27853884	          0.91574719	         -0.00084442	         22.25034531	          5.19475427	         -0.62453357	         -7.01768258	         -0.21293553	          5.87276962	        -17.13391942	        -36.77628492	          1.34296503	         -2.33333200	          1.25033265	         14.03680564	          3.69384898	         -8.26582123	         -9.85206170	         32.86807761	         -3.01447029	         -2.60643690	          2.63436144	         -8.27469570	        -13.72987766	          8.10659981	          0.57417486	        -13.45171500	         19.10280889	         18.73796306	         43.55976256	         86.51662706	         86.51662706	          0.76569039	          0.52227473	          0.48521062	          0.15476743	          0.13623613	          0.22151151	          0.05591441	          0.08620327	          0.07199498	          0.05000046	          0.05000071	          0.05000272	          0.16322562	          0.24553383	          0.30804878	          0.27075493	          0.05000071	          0.05000765	          0.05007222	          0.33365543	          0.26242819	          0.26421325	          0.05000019	          0.05000019	          0.12326280	          0.05000313	          0.05873995	          0.05000032	          0.45636174	          0.50154074	          0.37694063	          0.05000009	          0.05000025	          0.05000005	          0.15607835	          0.05001307	          0.05000994	          0.55764105	          0.06905598	          0.05875760	          0.49637627	          0.99005769	          0.97074233	          0.11487794	          0.05000009	          0.05000021	          0.06807596	          0.05000041	          0.05000030	          0.27066962	          0.05000717	          0.05000162	          0.05004578	          0.10688224	          0.05000670	          0.10338913	          0.22310271	          0.23038927	          0.36736434	          0.12927423	          0.05000395	          0.05000043	          0.59630281	          0.43038254	          0.23687783	          0.05000229	          0.05000091	          0.05000037	          0.14368168	          0.16723253	          0.08629990	          0.05000594	          0.05000083	          0.27817665	          0.05000010	          0.05000009	          0.05000006	          0.06462227	          0.08102772	          0.05000218	          0.11923128	          0.06100009	          0.10530116	          0.20466041	          0.05000133	          0.05000047	          0.10388906	          0.55159142	          0.85123386	          0.12882316	          0.09653796	          0.05000011	
          1.70896819	         -2.91198499	          2.11830743	         -3.91130783	          2.29249693	          0.91707324	         -0.00119613	         21.49238117	          5.39001612	         -0.32800977	         -5.50034801	         -0.29471472	          5.58668980	        -17.46729463	        -38.79956037	          1.67098318	         -1.54091220	          1.11475014	         14.07616670	          3.74583138	         -8.16835686	         -9.90117660	         32.45431393	         -3.01622904	         -2.68140049	          2.62963797	         -8.08749690	        -13.70627224	          8.57432395	          0.49367103	        -13.45432458	         19.19389266	         18.00629288	         43.92144991	         86.51662706	         86.51662706	          0.76938228	          0.50901952	          0.46129292	          0.25047255	          0.23604813	          0.27171479	          0.05936890	          0.08721557	          0.07151597	          0.05000036	          0.05000065	          0.05000112	          0.13894640	          0.20901309	          0.27910547	          0.25286619	          0.05000076	          0.05000472	          0.05000404	          0.31846313	          0.24267382	          0.23759720	          0.05000016	          0.05000017	          0.10492779	          0.05000320	          0.05000642	          0.05000034	          0.45220501	          0.52008926	          0.38665908	          0.05000018	          0.05000047	          0.05000021	          0.16093613	          0.05000488	          0.05001561	          0.50168441	          0.05878415	          0.05001763	          0.42254113	          0.84279048	          0.86221321	          0.10587800	          0.05000010	          0.05000021	          0.05795012	          0.05000037	          0.05000024	          0.38724269	          0.05001027	          0.05000140	          0.05348871	          0.12707552	          0.05003872	          0.12656903	          0.22138149	          0.21828001	          0.35637996	          0.11004527	          0.05000357	          0.05000041	          0.58015077	          0.41131823	          0.25851706	          0.05000195	          0.05000073	          0.05000030	          0.13392750	          0.14583524	          0.07346303	          0.05000353	          0.05000073	          0.29117851	          0.05000009	          0.05000009	          0.05000006	          0.05500997	          0.06897523	          0.05000004	          0.10807027	          0.05192857	          0.08963807	          0.21240116	          0.05000062	          0.05000029	          0.11592302	          0.52701821	          0.85956718	          0.12155955	          0.09061847	          0.05000013	
          1.71945266	         -2.91127378	          2.14973266	         -3.97924670	          2.30626455	          0.91851392	         -0.00153142	         20.66666949	          5.57831454	         -0.00290036	         -3.93666342	         -0.36880456	          5.28591555	        -17.68639373	        -40.59349662	          2.17838273	         -0.66769466	          0.98673309	         13.99584243	          3.76530590	         -8.04307561	         -9.92626642	         31.93817984	         -3.02900965	         -2.74178981	          2.61253265	         -7.85606286	        -13.67653061	          9.02609592	          0.43654512	        -13.45512955	         19.26849677	         17.31734901	         44.20681425	         86.51662706	         86.51662706	          0.76381040	          0.48770100	          0.43189049	          0.32078489	          0.29467831	          0.31668148	          0.06707465	          0.09572801	          0.07419373	          0.05000050	          0.05000070	          0.05000121	          0.11827860	          0.17792418	          0.24178064	          0.23176642	          0.05000082	          0.05000499	          0.05001013	          0.29428290	          0.21689877	          0.20554685	          0.05000017	          0.05000018	          0.08932009	          0.05000292	          0.05000641	          0.05000026	          0.45931372	          0.52733319	          0.39100685	          0.05000019	          0.05000047	          0.05000016	          0.17280779	          0.05000324	          0.05000517	          0.45335732	          0.05004068	          0.05000082	          0.35968892	          0.76710491	          0.73403092	          0.09939695	          0.05000011	          0.05000022	          0.05000165	          0.05000038	          0.05000023	          0.45728839	          0.05001624	          0.05000139	          0.06052352	          0.13345259	          0.05254549	          0.14943115	          0.21845331	          0.20563029	          0.33603235	          0.09367659	          0.05000324	          0.05000039	          0.56137395	          0.38969296	          0.27734719	          0.05000179	          0.05000063	          0.05000026	          0.12443790	          0.13009625	          0.06253566	          0.05000313	          0.05000067	          0.29170423	          0.05000010	          0.05000009	          0.05000006	          0.05000049	          0.05871569	          0.05000007	          0.09705555	          0.05000683	          0.07630489	          0.21568301	          0.05000065	          0.05000029	          0.12618063	          0.49954883	          0.85032847	          0.11437413	          0.08656361	          0.05000015	
          1.72993713	         -2.91196241	          2.16956494	         -4.03900239	          2.31984602	          0.92006107	         -0.00184817	         19.76650619	          5.75465277	          0.34667483	         -2.32842353	         -0.43426183	          4.97246025	        -17.76248375	        -42.16512675	          2.76443089	          0.25766027	          0.87575648	         13.81128014	          3.75379486	         -7.89258562	         -9.92894336	         31.33266715	         -3.05411898	         -2.78699204	          2.58322860	         -7.58137710	        -13.64223452	          9.46270416	          0.40150874	        -13.45388650	         19.32528791	         16.67681403	         44.41534634	         86.51662706	         86.51662706	          0.75105569	          0.46293282	          0.39919511	          0.36898549	          0.34924454	          0.35970095	          0.07373086	          0.10324844	          0.07704542	          0.05000075	          0.05000081	          0.05000104	          0.10068507	          0.15145941	          0.20583818	          0.21073980	          0.05000089	          0.05000461	          0.05001359	          0.26931608	          0.19021663	          0.17498305	          0.05000019	          0.05000019	          0.07603403	          0.05000311	          0.05000835	          0.05000022	          0.45463975	          0.52284800	          0.38714611	          0.05000015	          0.05000039	          0.05000010	          0.18315560	          0.05017123	          0.05003381	          0.40864479	          0.05000048	          0.05000037	          0.30618596	          0.69906672	          0.62484637	          0.09446380	          0.05000012	          0.05000023	          0.05000388	          0.05000040	          0.05000023	          0.50527315	          0.05003886	          0.05000148	          0.05527925	          0.12881122	          0.05001157	          0.17120287	          0.21524422	          0.19244305	          0.30926141	          0.07974276	          0.05000280	          0.05000036	          0.54026733	          0.36676939	          0.29053971	          0.05000162	          0.05000054	          0.05000022	          0.11534502	          0.11817898	          0.05323383	          0.05000304	          0.05000068	          0.27993788	          0.05000010	          0.05000010	          0.05000007	          0.05000030	          0.05000063	          0.05000005	          0.08702263	          0.05000433	          0.06495509	          0.22207869	          0.05000059	          0.05000026	          0.14736432	          0.47551080	          0.86365575	          0.10836165	          0.08396429	          0.05000016	
          1.74042159	         -2.91407276	          2.17610538	         -4.08934457	          2.33325587	          0.92167945	         -0.00214514	         18.78915141	          5.91402088	          0.71685413	         -0.67903158	         -0.49078561	          4.64844769	        -17.68213289	        -43.52735640	          3.36160860	          1.21136594	          0.78585442	         13.53580658	          3.72098382	         -7.71792332	         -9.90087398	         30.64553920	         -3.09162061	         -2.81619295	          2.54181278	         -7.26871237	        -13.60560447	          9.88222215	          0.38596694	        -13.45185093	         19.36441429	         16.09460897	         44.55017237	         86.51662706	         86.51662706	          0.73439716	          0.44070960	          0.36460486	          0.43783477	          0.41129490	          0.40223674	          0.07594432	          0.10598350	          0.07779516	          0.05000094	          0.05000084	          0.05000095	          0.08570853	          0.12893120	          0.17842404	          0.19587725	          0.05000092	          0.05000433	          0.05001434	          0.25064302	          0.16993533	          0.15403317	          0.05000019	          0.05000019	          0.06472429	          0.05000272	          0.05000852	          0.05000021	          0.43601135	          0.50300144	          0.37151197	          0.05000014	          0.05000034	          0.05000009	          0.19250134	          0.05001120	          0.05000749	          0.36333609	          0.05000086	          0.05000071	          0.26064168	          0.62182406	          0.53190195	          0.09044568	          0.05000013	          0.05000024	          0.05001089	          0.05000041	          0.05000023	          0.55679556	          0.07583807	          0.05000152	          0.05018909	          0.10965118	          0.05000421	          0.19249686	          0.21156489	          0.18164593	          0.28290882	          0.06788168	          0.05000248	          0.05000034	          0.51738365	          0.34807399	          0.29851629	          0.05000146	          0.05000047	          0.05000020	          0.10751864	          0.10937209	          0.05000072	          0.05000283	          0.05000064	          0.25813842	          0.05000012	          0.05000011	          0.05000008	          0.05000018	          0.05000045	          0.05000004	          0.07626271	          0.05000282	          0.05529386	          0.22968631	          0.05000052	          0.05000024	          0.17568998	          0.45426907	          0.87525970	          0.10351468	          0.07905106	          0.05000018	
          1.75090606	         -2.91727693	          2.16843256	         -4.12891647	          2.34651308	          0.92331931	         -0.00242189	         17.73920999	          6.05245353	          1.10400343	          1.00685554	         -0.53949231	          4.31604885	        -17.45098077	        -44.69636909	          3.93395982	          2.17725814	          0.71974214	         13.18327871	          3.67356563	         -7.52307835	         -9.83342360	         29.88300135	         -3.14078851	         -2.82946935	          2.48857264	         -6.92433835	        -13.56917168	         10.28085492	          0.38659042	        -13.45030710	         19.38521419	         15.58064990	         44.61494686	         86.51662706	         86.51662706	          0.71427153	          0.42307170	          0.33110451	          0.51932145	          0.47743979	          0.43885477	          0.07209511	          0.10021470	          0.07406034	          0.05000063	          0.05000080	          0.05000075	          0.07295975	          0.10975405	          0.16562537	          0.18604104	          0.05000100	          0.05000359	          0.05000447	          0.24040446	          0.15870801	          0.14438745	          0.05000017	          0.05000017	          0.05509700	          0.05000240	          0.05000585	          0.05000026	          0.40380109	          0.46819414	          0.34438701	          0.05000016	          0.05000037	          0.05000009	          0.20296739	          0.05000532	          0.05000535	          0.32213665	          0.05000174	          0.05755205	          0.22187235	          0.53350587	          0.45278266	          0.08744891	          0.05000014	          0.05000025	          0.05547296	          0.05000040	          0.05000022	          0.58041175	          0.10263309	          0.05000150	          0.05002875	          0.09334088	          0.05000183	          0.21118636	          0.20726034	          0.17437442	          0.24331747	          0.05778533	          0.05000225	          0.05000031	          0.49414090	          0.33914101	          0.29950943	          0.05000125	          0.05000039	          0.05000017	          0.10245243	          0.10402640	          0.05000084	          0.05000275	          0.05000066	          0.22805617	          0.05000013	          0.05000013	          0.05000009	          0.05000015	          0.05000036	          0.05000003	          0.06560495	          0.05000257	          0.05000210	          0.23565573	          0.05000052	          0.05000024	          0.19878472	          0.43485777	          0.87643459	          0.10135866	          0.07192843	          0.05000019	
          1.76139053	         -2.92099646	          2.14619752	         -4.15569385	          2.35963865	          0.92492719	         -0.00267862	         16.62694760	          6.16713408	          1.50275820	          2.72338982	         -0.58211346	          3.97736174	        -17.08768633	        -45.69040984	          4.46118302	          3.14633979	          0.67273936	         12.76737243	          3.61769642	         -7.31060323	         -9.71557313	         29.05052848	         -3.20013754	         -2.82766598	          2.42407850	         -6.55370207	        -13.53532173	         10.65396390	          0.39948153	        -13.44973520	         19.38486751	         15.14221822	         44.61203847	         86.51662706	         86.51662706	          0.68986600	          0.40835829	          0.30279493	          0.59793912	          0.53525341	          0.46952314	          0.06463578	          0.08791373	          0.06787154	          0.05000037	          0.05000070	          0.05000063	          0.06210737	          0.09342958	          0.16337493	          0.17852742	          0.05000114	          0.05000305	          0.05000222	          0.23508875	          0.15328625	          0.14006022	          0.05000015	          0.05000016	          0.05000088	          0.05000207	          0.05000495	          0.05000047	          0.36273106	          0.42260556	          0.30939971	          0.05000023	          0.05000049	          0.05334306	          0.21388775	          0.05000292	          0.05000367	          0.28806419	          0.05000326	          0.07388293	          0.18887051	          0.46435647	          0.38543220	          0.08501677	          0.05000014	          0.05000024	          0.05602403	          0.05000043	          0.05000024	          0.58734255	          0.13777076	          0.05000173	          0.05001465	          0.07945666	          0.05000100	          0.22701050	          0.20448321	          0.16624749	          0.20712642	          0.05000234	          0.05000190	          0.05000029	          0.47072504	          0.32266244	          0.28953451	          0.05000114	          0.05000035	          0.05000016	          0.09897878	          0.10079388	          0.05000085	          0.05000309	          0.05000075	          0.19413329	          0.05000016	          0.05000015	          0.05000011	          0.05000013	          0.05000032	          0.05000003	          0.05634627	          0.05000230	          0.05000270	          0.24074523	          0.05000052	          0.05000025	          0.22190010	          0.41838206	          0.87202456	          0.10071621	          0.06340146	          0.05000020	
          1.77187500	         -2.92457388	          2.10943911	         -4.16704593	          2.37265343	          0.92645204	         -0.00291544	         15.46562329	          6.25620091	          1.90625769	          4.46352425	         -0.62006339	          3.63507251	        -16.61630157	        -46.52702469	          4.92368310	          4.10990012	          0.63464539	         12.30152181	          3.56609392	         -7.08139712	         -9.53697762	         28.15137885	         -3.26776885	         -2.81220910	          2.34908343	         -6.16098850	        -13.50618474	         10.99703432	          0.42009057	        -13.44973413	         19.35789619	         14.78382096	         44.54352406	         86.51662706	         86.51662706	          0.66181512	          0.39492892	          0.28197726	          0.66299623	          0.58011449	          0.49345902	          0.05725270	          0.07698003	          0.06199099	          0.05000036	          0.05000070	          0.05000054	          0.05286945	          0.07953347	          0.14019059	          0.17284972	          0.05000130	          0.05000266	          0.05000189	          0.23098752	          0.14961698	          0.13626071	          0.05000015	          0.05000015	          0.05000095	          0.05000193	          0.05000497	          0.05000052	          0.31972675	          0.37215654	          0.27208058	          0.05000012	          0.05000029	          0.06886424	          0.22353159	          0.05002309	          0.05000765	          0.26349235	          0.05670015	          0.08546696	          0.17286621	          0.44133371	          0.32809999	          0.08255274	          0.05000014	          0.05000022	          0.06729109	          0.05000047	          0.05000026	          0.51727530	          0.18760886	          0.05000205	          0.05000923	          0.06763771	          0.05000061	          0.24266162	          0.20374072	          0.15921557	          0.17631771	          0.05000215	          0.05000155	          0.05000026	          0.44755685	          0.30697866	          0.27073305	          0.05000103	          0.05000031	          0.05000015	          0.09829829	          0.10055483	          0.05000086	          0.05000327	          0.05000079	          0.16525629	          0.05000019	          0.05000018	          0.05000013	          0.05000011	          0.05000028	          0.05000003	          0.05000452	          0.05000194	          0.05000243	          0.24499458	          0.05000050	          0.05000025	          0.25343426	          0.40564292	          0.85812949	          0.10082681	          0.05398525	          0.05000020	
          1.78235946	         -2.92744093	          2.05840272	         -4.16020691	          2.38557674	          0.92785033	         -0.00313267	         14.26729497	          6.31898246	          2.30914345	          6.21930671	         -0.65421472	          3.29173300	        -16.05960778	        -47.22064768	          5.31601005	          5.05743359	          0.59376209	         11.79773108	          3.51954490	         -6.83587552	         -9.29392299	         27.18564539	         -3.34174641	         -2.78463249	          2.26455199	         -5.74912178	        -13.48333712	         11.30681338	          0.44340336	        -13.44978915	         19.29781609	         14.50758425	         44.41263157	         86.51662706	         86.51662706	          0.63271334	          0.38222346	          0.26741205	          0.69323861	          0.60600676	          0.51220167	          0.05232583	          0.06559012	          0.05774852	          0.05000027	          0.05000067	          0.05000048	          0.05000129	          0.06770476	          0.11935627	          0.16982469	          0.05000142	          0.05000241	          0.05000139	          0.22761701	          0.14768289	          0.13627452	          0.05000014	          0.05000014	          0.05000082	          0.05000176	          0.05000361	          0.07106590	          0.28809803	          0.32588710	          0.24272770	          0.05000102	          0.05000044	          0.08719882	          0.23391148	          0.05004057	          0.05000916	          0.24416249	          0.07267579	          0.09776688	          0.16213359	          0.42099733	          0.27929593	          0.07911486	          0.05000016	          0.05000022	          0.08323558	          0.05000051	          0.05000028	          0.44033422	          0.16170175	          0.05000260	          0.05000687	          0.05757686	          0.05000046	          0.25978123	          0.20940420	          0.14947050	          0.15009159	          0.05000157	          0.05000126	          0.05000023	          0.42123784	          0.28838558	          0.24542222	          0.05000092	          0.05000028	          0.05000013	          0.09573485	          0.09818114	          0.05000083	          0.05000388	          0.05000097	          0.14067468	          0.05000021	          0.05000021	          0.05000015	          0.05000011	          0.05000026	          0.05000003	          0.05000077	          0.05000142	          0.05000161	          0.24743604	          0.05000067	          0.05000034	          0.31512187	          0.39579821	          0.83241038	          0.10090508	          0.05000131	          0.05000023	
          1.79284393	         -2.92930588	          1.99382869	         -4.13334300	          2.39842732	          0.92909356	         -0.00333177	         13.03525898	          6.35577545	          2.70726489	          7.98212602	         -0.68492538	          2.95078755	        -15.42650877	        -47.78116577	          5.64978989	          5.97662528	          0.54382035	         11.26729861	          3.48012281	         -6.57305919	         -9.00153878	         26.15190173	         -3.42030926	         -2.74604312	          2.17114272	         -5.32090603	        -13.46715081	         11.58141921	          0.46528445	        -13.44977686	         19.20058653	         14.31400482	         44.22250834	         86.51662706	         86.51662706	          0.59870789	          0.37083154	          0.26870757	          0.69126745	          0.61497170	          0.52909106	          0.05004797	          0.05847561	          0.05552990	          0.05000030	          0.05000072	          0.05000042	          0.05000123	          0.05763650	          0.10160710	          0.16473770	          0.05000149	          0.05000216	          0.05000133	          0.22723320	          0.14662527	          0.13401730	          0.05000014	          0.05000014	          0.05000079	          0.05000195	          0.05239515	          0.09390538	          0.26189139	          0.28830521	          0.21870952	          0.07612337	          0.05000032	          0.09988729	          0.24451650	          0.05001151	          0.05000657	          0.22664485	          0.09195719	          0.10929889	          0.17716459	          0.40213630	          0.23775180	          0.07573121	          0.05000020	          0.05000021	          0.08105653	          0.05000051	          0.05000029	          0.37483600	          0.13765148	          0.05000274	          0.05000535	          0.05000039	          0.05000034	          0.27472276	          0.21000486	          0.14844698	          0.12776691	          0.05000143	          0.05000112	          0.05000022	          0.39676627	          0.28327999	          0.20894233	          0.05000082	          0.05000025	          0.05000013	          0.09604042	          0.09800392	          0.05000083	          0.05000362	          0.05000088	          0.11974956	          0.05000024	          0.05000024	          0.05000017	          0.05000010	          0.05000022	          0.05000003	          0.05000059	          0.05000118	          0.05000133	          0.25019768	          0.05000086	          0.05000041	          0.36905837	          0.38813540	          0.80392830	          0.10036337	          0.05000054	          0.05000026	
          1.80332840	         -2.93013429	          1.91685178	         -4.08598911	          2.41121832	          0.93016931	         -0.00351413	         11.77062465	          6.36771395	          3.09863341	          9.74474944	         -0.71205795	          2.61462887	        -14.72157998	        -48.21642130	          5.93643406	          6.85293889	          0.47867427	         10.71992651	          3.44771392	         -6.29122455	         -8.67848194	         25.04537493	         -3.50249503	         -2.69728638	          2.06935159	         -4.87876788	        -13.45697229	         11.81945987	          0.48375324	        -13.44979393	         19.06546170	         14.20298157	         43.97532727	         86.51662706	         86.51662706	          0.56714457	          0.35717040	          0.26340754	          0.68434039	          0.62246487	          0.53978017	          0.05000400	          0.05035064	          0.05181591	          0.05000027	          0.05000072	          0.05000038	          0.05000106	          0.05000796	          0.08649664	          0.15719612	          0.05000180	          0.05000196	          0.05000119	          0.22328232	          0.14446393	          0.12973564	          0.05000014	          0.05000014	          0.05000084	          0.05000207	          0.09051439	          0.11576103	          0.24106680	          0.25904535	          0.20052756	          0.10349954	          0.05000038	          0.11337577	          0.25519544	          0.05000458	          0.05000432	          0.20951838	          0.11192747	          0.12076098	          0.17188373	          0.38541505	          0.20238996	          0.07213671	          0.05000021	          0.05000020	          0.06900128	          0.05000052	          0.05000027	          0.31908009	          0.11717704	          0.05000274	          0.05000431	          0.05000041	          0.05000027	          0.28401583	          0.20629905	          0.15076810	          0.10876406	          0.05000127	          0.05000101	          0.05000021	          0.37094279	          0.28006326	          0.17787456	          0.05000071	          0.05000022	          0.05000012	          0.09551930	          0.09772609	          0.05000067	          0.05000333	          0.05000090	          0.10193703	          0.05000029	          0.05000028	          0.05000020	          0.05000009	          0.05000021	          0.05000002	          0.05000041	          0.05000122	          0.05000118	          0.25235956	          0.05000099	          0.05000052	          0.41251881	          0.37971158	          0.76993506	          0.09978266	          0.05000045	          0.05000027	
          1.81381287	         -2.93001860	          1.82866259	         -4.01832185	          2.42396067	          0.93107790	         -0.00367983	         10.47386011	          6.35591275	          3.48569076	         11.49992323	         -0.73516116	          2.28304161	        -13.94798321	        -48.53185641	          6.18712723	          7.67211671	          0.40106358	         10.16316771	          3.42322874	         -5.98835930	         -8.33911948	         23.85918791	         -3.58759886	         -2.63920751	          1.95992870	         -4.42498452	        -13.45169221	         12.01949011	          0.49790911	        -13.44978458	         18.89397500	         14.17440229	         43.67177218	         86.51662706	         86.51662706	          0.53432515	          0.34439202	          0.26021001	          0.68987461	          0.63212042	          0.54807982	          0.05000242	          0.05000441	          0.05000646	          0.05000028	          0.05000078	          0.05000035	          0.05000088	          0.05000755	          0.07363311	          0.14747357	          0.05000178	          0.05000179	          0.05000111	          0.21779600	          0.14050504	          0.12185036	          0.05000014	          0.05000014	          0.05000078	          0.05000215	          0.12527001	          0.13624027	          0.22138507	          0.23345813	          0.18385865	          0.13279895	          0.06984733	          0.12549036	          0.26596708	          0.05000342	          0.05000354	          0.19313576	          0.12601244	          0.13019836	          0.16865039	          0.37050537	          0.19961452	          0.06826982	          0.05000017	          0.05000020	          0.05873802	          0.05000050	          0.05000029	          0.27161760	          0.09974764	          0.05000248	          0.05000359	          0.05000035	          0.05000022	          0.28397783	          0.20347213	          0.15562489	          0.09292693	          0.05000135	          0.05000098	          0.05000021	          0.34647004	          0.28078224	          0.15142075	          0.05000066	          0.05000022	          0.05000012	          0.09523315	          0.09838238	          0.05000085	          0.05000456	          0.05000101	          0.08677412	          0.05000034	          0.05000033	          0.05000023	          0.05000012	          0.05000025	          0.05000003	          0.05000027	          0.05000156	          0.05000106	          0.25402987	          0.05000220	          0.05000091	          0.45215616	          0.37120495	          0.72821421	          0.09989828	          0.05000084	          0.05000027	
          1.82429733	         -2.92908250	          1.72999965	         -3.93067220	          2.43666711	          0.93182836	         -0.00382863	          9.14474781	          6.32050406	          3.87140468	         13.23766291	         -0.75333892	          1.95611408	        -13.10687877	        -48.72511689	          6.40475800	          8.41695734	          0.31526855	          9.60522016	          3.40561835	         -5.66223341	         -7.99133648	         22.58510411	         -3.67468093	         -2.57205664	          1.84390522	         -3.96219015	        -13.44982899	         12.18062471	          0.50684365	        -13.44976574	         18.68896360	         14.22849910	         43.31175572	         86.51662706	         86.51662706	          0.50200125	          0.33279024	          0.25781913	          0.69921261	          0.64233799	          0.55563459	          0.05000222	          0.05000429	          0.05000337	          0.05000029	          0.05000083	          0.05000032	          0.05000079	          0.05000623	          0.06268301	          0.13688125	          0.06661168	          0.05000166	          0.05000107	          0.21038843	          0.13582753	          0.11504217	          0.05000014	          0.05000014	          0.05000073	          0.05000217	          0.16066117	          0.15422413	          0.20108115	          0.20898062	          0.16737468	          0.16217056	          0.11493228	          0.13670518	          0.27710624	          0.05000284	          0.05000297	          0.17332889	          0.13573968	          0.13789489	          0.16665413	          0.35812761	          0.20113883	          0.06469808	          0.05000016	          0.05000021	          0.05000190	          0.05000049	          0.05000031	          0.23121503	          0.08491071	          0.05000233	          0.05000311	          0.05000033	          0.05000020	          0.27576193	          0.20588956	          0.15739443	          0.08483671	          0.05000135	          0.05000094	          0.05000021	          0.32238096	          0.27481923	          0.12889884	          0.05000062	          0.05000021	          0.05000013	          0.09479764	          0.09867859	          0.05000098	          0.05000520	          0.05000123	          0.07386672	          0.05000039	          0.05000039	          0.05000028	          0.05000013	          0.05000027	          0.05000004	          0.05000025	          0.05000150	          0.05000102	          0.25424933	          0.05039506	          0.05000193	          0.47513922	          0.36570414	          0.67548379	          0.09988265	          0.05000090	          0.05000027	
          1.83478180	         -2.92746248	          1.62103658	         -3.82327792	          2.44935211	          0.93243384	         -0.00396036	          7.78286859	          6.26048094	          4.25671660	         14.94529792	         -0.76546435	          1.63438955	        -12.19789720	        -48.78672459	          6.58597428	          9.06710104	          0.22452819	          9.05184559	          3.38915603	         -5.30981232	         -7.63914525	         21.21196887	         -3.76257830	         -2.49542563	          1.72219248	         -3.49330015	        -13.44982703	         12.30465862	          0.50956195	        -13.44973005	         18.45372886	         14.36526008	         42.89473484	         86.51662706	         86.51662706	          0.46981377	          0.32295522	          0.25693325	          0.71446281	          0.65277654	          0.55706789	          0.05000573	          0.05000436	          0.05001358	          0.05000031	          0.05000097	          0.05000029	          0.05000063	          0.05000453	          0.05336258	          0.12486986	          0.10781364	          0.05000150	          0.05000099	          0.20532422	          0.13129309	          0.10689674	          0.05000015	          0.05000015	          0.05000067	          0.05000222	          0.18752431	          0.16875766	          0.17419765	          0.17851238	          0.14942651	          0.19315333	          0.15906189	          0.14721640	          0.28766913	          0.05000341	          0.05000324	          0.14755046	          0.13920568	          0.14465849	          0.15437572	          0.34648394	          0.19849890	          0.06179769	          0.05000014	          0.05000022	          0.05000061	          0.05000046	          0.05000037	          0.19682225	          0.07228071	          0.05000217	          0.05000256	          0.05000030	          0.05000018	          0.27232564	          0.20897664	          0.15518794	          0.07984168	          0.05000148	          0.05000092	          0.05000021	          0.29856953	          0.26540326	          0.10972637	          0.05000061	          0.05000022	          0.05000014	          0.09190381	          0.09645351	          0.05000225	          0.05017686	          0.05000210	          0.06287944	          0.05000054	          0.05000054	          0.05000041	          0.05000014	          0.05000029	          0.05000004	          0.05000028	          0.05000175	          0.05000112	          0.25610334	          0.05590458	          0.05000177	          0.47566558	          0.36077350	          0.61978674	          0.10077476	          0.05151774	          0.05000029	
          1.84526627	         -2.92527900	          1.50193596	         -3.69652608	          2.46203046	          0.93290648	         -0.00407601	          6.38845202	          6.17489131	          4.64175339	         16.60892551	         -0.77082024	          1.32033736	        -11.22227400	        -48.70451464	          6.72930085	          9.60704519	          0.13178242	          8.50748916	          3.36856172	         -4.92756493	         -7.28357518	         19.73265998	         -3.85001479	         -2.40865466	          1.59567006	         -3.02104123	        -13.45020387	         12.39815909	          0.50533302	        -13.44974138	         18.19171084	         14.58349543	         42.41964942	         86.51662706	         86.51662706	          0.42984176	          0.30514137	          0.25006028	          0.70347190	          0.64106283	          0.54760076	          0.05000230	          0.05000269	          0.05000262	          0.05000032	          0.05000100	          0.05000028	          0.05000063	          0.05000444	          0.05001062	          0.10629778	          0.14740207	          0.05000145	          0.05000098	          0.19587115	          0.12773939	          0.09515719	          0.05000016	          0.05000016	          0.05000064	          0.05000227	          0.21631419	          0.15437287	          0.14828747	          0.15196009	          0.12720272	          0.22496421	          0.20560251	          0.15719229	          0.29862846	          0.05000296	          0.05000302	          0.12560277	          0.14751384	          0.15287222	          0.13141741	          0.33702197	          0.20647412	          0.05778956	          0.05000015	          0.05000021	          0.05000053	          0.05000045	          0.05000038	          0.16754533	          0.06152946	          0.05000194	          0.05000212	          0.05000028	          0.05000016	          0.23182640	          0.21714922	          0.16505463	          0.08211402	          0.05000139	          0.05000085	          0.05000020	          0.28101100	          0.26636954	          0.09340556	          0.05000056	          0.05000021	          0.05000014	          0.09708998	          0.10185432	          0.05000213	          0.11827645	          0.05000223	          0.05417102	          0.05000056	          0.05000055	          0.05000043	          0.05000015	          0.05000031	          0.05000005	          0.05000028	          0.05000191	          0.05000119	          0.25778126	          0.05878387	          0.05000233	          0.47283857	          0.35811873	          0.56237191	          0.09990443	          0.05000289	          0.05000030	
          1.85575074	         -2.92263466	          1.37349563	         -3.55026741	          2.47471449	          0.93325300	         -0.00417682	          4.96645292	          6.06407194	          5.02474050	         18.21114364	         -0.76877734	          1.01613977	        -10.19064779	        -48.45327211	          6.83730699	         10.02595455	          0.04023082	          7.97700139	          3.34326013	         -4.51527354	         -6.93047190	         18.14515884	         -3.93611344	         -2.31217861	          1.46512598	         -2.54663575	        -13.45023223	         12.47359353	          0.49337913	        -13.44972654	         17.90577228	         14.87952619	         41.88605411	         86.51662706	         86.51662706	          0.38519478	          0.28217857	          0.24019484	          0.66783227	          0.61304166	          0.52744568	          0.05000186	          0.05000220	          0.05000170	          0.05000034	          0.05000113	          0.05000027	          0.05000057	          0.05000387	          0.05001021	          0.09048689	          0.18427965	          0.05000137	          0.05000097	          0.18021557	          0.11423426	          0.08100631	          0.05000017	          0.05000017	          0.05000066	          0.05000260	          0.23665236	          0.13141048	          0.12623036	          0.12935664	          0.10828207	          0.25746043	          0.25175280	          0.16602334	          0.30967780	          0.05000281	          0.05000334	          0.10691966	          0.15179896	          0.15926347	          0.11187041	          0.32914614	          0.22292790	          0.05487404	          0.05000014	          0.05000020	          0.05000040	          0.05000044	          0.05000044	          0.14262332	          0.05237767	          0.05000179	          0.05000163	          0.05000025	          0.05000014	          0.19734272	          0.22272550	          0.17354155	          0.10172451	          0.05000147	          0.05000084	          0.05000020	          0.26441949	          0.26158515	          0.07951233	          0.05000056	          0.05000022	          0.05000015	          0.10154928	          0.10695604	          0.05827436	          0.17222384	          0.05000268	          0.05199884	          0.05000063	          0.05000063	          0.05000046	          0.05000017	          0.05000036	          0.05000005	          0.05000034	          0.05000232	          0.05000139	          0.25867751	          0.06107379	          0.05000221	          0.45427520	          0.35646216	          0.50550874	          0.09912636	          0.05000702	          0.05000028	
          1.86623520	         -2.91960152	          1.23778322	         -3.38479997	          2.48741244	          0.93346785	         -0.00426379	          3.52487168	          5.93033711	          5.40339504	         19.73657290	         -0.75899403	          0.72341030	         -9.11778193	        -48.00991489	          6.90857703	         10.32146872	         -0.05040326	          7.46577386	          3.31581773	         -4.07340742	         -6.58250645	         16.45294271	         -4.02028030	         -2.20795954	          1.33130426	         -2.07010080	        -13.44994744	         12.54713833	          0.47345285	        -13.44973974	         17.59874802	         15.24693210	         41.29490579	         86.51662706	         86.51662706	          0.34040206	          0.25385502	          0.22448202	          0.60648291	          0.57004792	          0.50119742	          0.05000248	          0.05000276	          0.05000190	          0.05000046	          0.05000154	          0.05000028	          0.05000056	          0.05000355	          0.05000806	          0.07702758	          0.21588044	          0.05000142	          0.05000109	          0.15341663	          0.09724455	          0.06895823	          0.05000020	          0.05000021	          0.05000075	          0.05000323	          0.25156873	          0.11186348	          0.10745402	          0.11011524	          0.09217555	          0.29007504	          0.29578389	          0.17361208	          0.32036788	          0.05000311	          0.05000448	          0.09101560	          0.15445097	          0.16461046	          0.09523052	          0.32303087	          0.24218304	          0.05352791	          0.05000014	          0.05000021	          0.05000038	          0.05000043	          0.05000043	          0.12140843	          0.05000172	          0.05000163	          0.05000121	          0.05000024	          0.05000013	          0.16798836	          0.22628220	          0.18109240	          0.13840485	          0.05000166	          0.05000088	          0.05000021	          0.24718487	          0.25709122	          0.06768575	          0.05000054	          0.05000022	          0.05000016	          0.10450500	          0.10978304	          0.08743642	          0.18818319	          0.05000277	          0.05000904	          0.05000077	          0.05000076	          0.05000052	          0.05000020	          0.05000041	          0.05000007	          0.05000040	          0.05000258	          0.05000163	          0.25867605	          0.06050288	          0.05000290	          0.42981401	          0.35702629	          0.44999482	          0.09795949	          0.05166115	          0.05000029	
          1.87671967	         -2.91623363	          1.09801322	         -3.20116043	          2.50013111	          0.93353547	         -0.00433715	          2.06942518	          5.77746016	          5.77449858	         21.17288025	         -0.74178597	          0.44157144	         -8.01367042	        -47.35873317	          6.94108319	         10.49682398	         -0.14272684	          6.97917976	          3.28759900	         -3.60419346	         -6.23742141	         14.66556444	         -4.10184980	         -2.09925089	          1.19457448	         -1.59087882	        -13.44973060	         12.63462081	          0.44582246	        -13.44977502	         17.27366218	         15.67615355	         40.64814528	         86.51662706	         86.51662706	          0.29840695	          0.22272893	          0.20596770	          0.54616326	          0.52456767	          0.47763017	          0.05117935	          0.05000562	          0.05000295	          0.05000073	          0.05000247	          0.05000033	          0.05000062	          0.05000348	          0.05000706	          0.06557026	          0.24548246	          0.05000168	          0.05000139	          0.13059895	          0.08278055	          0.05870192	          0.05000029	          0.05000030	          0.05000082	          0.05000389	          0.26638824	          0.09522403	          0.09147057	          0.09373593	          0.07846478	          0.32252132	          0.33845291	          0.17980264	          0.33032485	          0.05000335	          0.05000662	          0.07747724	          0.15457567	          0.16924740	          0.08106568	          0.31872740	          0.26455875	          0.05364482	          0.05000014	          0.05000022	          0.05000038	          0.05000043	          0.05000043	          0.10334923	          0.05000206	          0.05000155	          0.05000084	          0.05000023	          0.05000013	          0.14300039	          0.22944235	          0.19005448	          0.17431925	          0.05000191	          0.05000094	          0.05000023	          0.23114384	          0.25360899	          0.05761870	          0.05000054	          0.05000023	          0.05000018	          0.10727999	          0.11261307	          0.12310672	          0.18839773	          0.05000260	          0.05000187	          0.05000100	          0.05000099	          0.05000061	          0.05000023	          0.05000047	          0.05000009	          0.05000050	          0.05000290	          0.05000198	          0.25919352	          0.05965881	          0.05000285	          0.39997522	          0.35965124	          0.39642916	          0.09643985	          0.05631059	          0.05000032	
          1.88720414	         -2.91257607	          0.95798358	         -3.00134547	          2.51287710	          0.93343638	         -0.00439666	          0.60204664	          5.60981720	          6.13473135	         22.51053819	         -0.71809929	          0.16929173	         -6.88203325	        -46.49079825	          6.93449348	         10.55999525	         -0.23959120	          6.52339974	          3.25837721	         -3.11167712	         -5.88989835	         12.79805085	         -4.18007637	         -1.98976796	          1.05491506	         -1.10864321	        -13.44974073	         12.74688898	          0.41146782	        -13.44976259	         16.93415559	         16.15577617	         39.94778676	         86.51662706	         86.51662706	          0.26425593	          0.19707001	          0.19265515	          0.50895043	          0.49513054	          0.45988623	          0.05545946	          0.05002062	          0.05000259	          0.05000981	          0.05001314	          0.05000040	          0.05000064	          0.05000321	          0.05000597	          0.05581734	          0.27410453	          0.05000209	          0.05000207	          0.11117550	          0.07046804	          0.05000172	          0.05000066	          0.05000066	          0.05000099	          0.05000570	          0.27500509	          0.08105967	          0.07786465	          0.07979303	          0.06679350	          0.35425698	          0.37726822	          0.18428883	          0.33900437	          0.05000397	          0.05001159	          0.06595272	          0.15672758	          0.17390238	          0.06900786	          0.31615394	          0.28124839	          0.05481263	          0.05000014	          0.05000022	          0.05000038	          0.05000044	          0.05000045	          0.08797634	          0.05000190	          0.05000152	          0.05000053	          0.05000021	          0.05000012	          0.12172934	          0.23279548	          0.19871109	          0.19258152	          0.05000208	          0.05000098	          0.05000025	          0.21916756	          0.24511179	          0.05000238	          0.05000055	          0.05000024	          0.05000019	          0.11291899	          0.11795098	          0.15293840	          0.17943410	          0.05000235	          0.05000168	          0.05000123	          0.05000120	          0.05000063	          0.05000025	          0.05000051	          0.05000013	          0.05000059	          0.05000250	          0.05000213	          0.25984847	          0.05811911	          0.05000580	          0.37425091	          0.36591028	          0.34400151	          0.09553734	          0.06221851	          0.05000030	
          1.89768861	         -2.90865943	          0.82122405	         -2.78785202	          2.52565640	          0.93315265	         -0.00444256	         -0.87543970	          5.43170610	          6.48123626	         23.74328741	         -0.68941072	         -0.09456921	         -5.72809019	        -45.40504132	          6.89219887	         10.52598828	         -0.34286349	          6.10135482	          3.22512662	         -2.60080393	         -5.52985021	         10.86993097	         -4.25421228	         -1.88269097	          0.91233972	         -0.62347149	        -13.45000687	         12.89085273	          0.37188218	        -13.44973266	         16.58429721	         16.67499735	         39.19527029	         86.51662706	         86.51662706	          0.24536531	          0.18780188	          0.18800136	          0.50218513	          0.48724566	          0.44899484	          0.05421883	          0.05000925	          0.05000202	          0.10715477	          0.05003101	          0.05000040	          0.05000063	          0.05000305	          0.05000595	          0.05000172	          0.30148651	          0.05000206	          0.05000208	          0.09464616	          0.05998825	          0.05000251	          0.05000075	          0.05000075	          0.05000102	          0.05000630	          0.27654357	          0.06900228	          0.06628270	          0.06792422	          0.05685856	          0.38642065	          0.41394961	          0.18790805	          0.34683250	          0.05000399	          0.05001497	          0.05614252	          0.16509290	          0.17844909	          0.05874383	          0.31457115	          0.28813598	          0.05471555	          0.05000013	          0.05000021	          0.05000040	          0.05000048	          0.05000049	          0.07489019	          0.05000193	          0.05000159	          0.05000035	          0.05000020	          0.05000011	          0.10362232	          0.23366263	          0.20209410	          0.19346465	          0.05000233	          0.05000107	          0.05000027	          0.20815685	          0.22472098	          0.05000232	          0.05000058	          0.05000027	          0.05000022	          0.11816099	          0.12335893	          0.16386180	          0.17847109	          0.05000269	          0.05000117	          0.05000137	          0.05000131	          0.05000058	          0.05000019	          0.05000041	          0.05000011	          0.05000089	          0.05000205	          0.05000206	          0.26098232	          0.05615987	          0.05000884	          0.35354259	          0.37619824	          0.29283423	          0.09569444	          0.06251839	          0.05000029	
          1.90817307	         -2.90450783	          0.69035931	         -2.56217149	          2.53846999	          0.93267260	         -0.00447624	         -2.35046516	          5.24748383	          6.81121870	         24.86795958	         -0.65692060	         -0.34877727	         -4.57778937	        -44.10758471	          6.82106395	         10.41562005	         -0.45070943	          5.71032402	          3.19060477	         -2.07651404	         -5.14985476	          8.90408020	         -4.32407732	         -1.78041873	          0.76723039	         -0.13421628	        -13.45062423	         13.07156476	          0.32858688	        -13.44973906	         16.22741151	         17.22416735	         38.39172357	         86.51662706	         86.51662706	          0.23427494	          0.18493050	          0.18686771	          0.50642314	          0.48871023	          0.43893592	          0.05113310	          0.05000652	          0.05000158	          0.16128054	          0.07608783	          0.05000040	          0.05000061	          0.05000279	          0.05000571	          0.05000209	          0.32783908	          0.05000202	          0.05000210	          0.08068183	          0.05107256	          0.05000264	          0.05000096	          0.05000101	          0.05000107	          0.05000714	          0.27326213	          0.05873849	          0.05642387	          0.05782120	          0.05000182	          0.41821110	          0.45015094	          0.19009881	          0.35425090	          0.05000308	          0.05000873	          0.05000065	          0.17610631	          0.18292590	          0.05000778	          0.31512086	          0.30108471	          0.05483008	          0.05000013	          0.05000021	          0.05000042	          0.05000051	          0.05000054	          0.06375067	          0.05000197	          0.05000166	          0.05000025	          0.05000020	          0.05000011	          0.08820870	          0.23780153	          0.20594315	          0.18448192	          0.05000248	          0.05000112	          0.05000030	          0.19855690	          0.20465090	          0.05000192	          0.05000062	          0.05000030	          0.05000024	          0.12645039	          0.13070490	          0.17127109	          0.17659606	          0.05000286	          0.05000101	          0.05000122	          0.05000113	          0.05000048	          0.05000021	          0.05000046	          0.05000012	          0.05000098	          0.05000271	          0.05000273	          0.26505049	          0.05540281	          0.05000821	          0.33305857	          0.38694078	          0.24927586	          0.09598035	          0.06432065	          0.05000028	
          1.91865754	         -2.90018795	          0.56671057	         -2.32567929	          2.55132139	          0.93199401	         -0.00449894	         -3.81083711	          5.06080279	          7.12212564	         25.88359971	         -0.62107013	         -0.59195521	         -3.45647074	        -42.61024912	          6.73218267	         10.25377681	         -0.56225545	          5.34687678	          3.15416736	         -1.54537410	         -4.74997935	          6.92866341	         -4.38925585	         -1.68386811	          0.62006974	          0.35893705	        -13.45143457	         13.29008727	          0.28256668	        -13.44980744	         15.86653312	         17.79649036	         37.53810024	         86.51662706	         86.51662706	          0.22904844	          0.18264908	          0.18397954	          0.51345658	          0.48968883	          0.42981582	          0.05001514	          0.05000518	          0.05000138	          0.22634448	          0.09996921	          0.05000041	          0.05000063	          0.05000269	          0.05000575	          0.05000204	          0.35287371	          0.05000211	          0.05000219	          0.06876706	          0.05001418	          0.05000282	          0.05000126	          0.05000139	          0.05000104	          0.05000710	          0.26776782	          0.05000183	          0.05000229	          0.05000225	          0.05000269	          0.44941782	          0.48578819	          0.19167343	          0.36170641	          0.05000229	          0.05000485	          0.05000045	          0.18859100	          0.18638866	          0.05000583	          0.31661052	          0.31688690	          0.05533912	          0.05000013	          0.05000021	          0.05000044	          0.05000056	          0.05000059	          0.05426840	          0.05000204	          0.05000174	          0.05000019	          0.05000020	          0.05000011	          0.07508784	          0.24548945	          0.21084606	          0.17800818	          0.05000259	          0.05000119	          0.05000032	          0.18870158	          0.18972691	          0.05000176	          0.05000066	          0.05000032	          0.05000027	          0.13642150	          0.13872146	          0.18214593	          0.17314449	          0.05000297	          0.05000085	          0.05000101	          0.05000093	          0.05000039	          0.05000039	          0.05000076	          0.05000026	          0.05000076	          0.05124863	          0.05000463	          0.27093469	          0.05629574	          0.05001192	          0.30824957	          0.40016756	          0.21219659	          0.09652580	          0.06631021	          0.05000028	
          1.92914201	         -2.89578963	          0.45046281	         -2.07979778	          2.56421687	          0.93112138	         -0.00451127	         -5.24484041	          4.87431875	          7.41173477	         26.79174975	         -0.58107590	         -0.82325596	         -2.38931671	        -40.93024812	          6.63808058	         10.06161150	         -0.67513158	          5.01030181	          3.11461209	         -1.01608985	         -4.32851274	          4.97252284	         -4.44913778	         -1.59263306	          0.47123326	          0.85408054	        -13.45219582	         13.54373549	          0.23374531	        -13.44991614	         15.50299437	         18.38835569	         36.63720625	         86.51662706	         86.51662706	          0.22910779	          0.17976089	          0.17781052	          0.52011969	          0.48837890	          0.41954083	          0.05277739	          0.05000753	          0.05000157	          0.29850229	          0.13501451	          0.05000044	          0.05000065	          0.05000260	          0.05000573	          0.05000207	          0.37573351	          0.05000228	          0.05000244	          0.05857454	          0.05001099	          0.05000287	          0.05000171	          0.05000153	          0.05000107	          0.05000699	          0.25838276	          0.05000083	          0.05000299	          0.05000296	          0.05000253	          0.48000341	          0.52115652	          0.19336654	          0.36933851	          0.05000276	          0.05000474	          0.05000035	          0.19252554	          0.18726577	          0.05001050	          0.31787620	          0.32397464	          0.05498680	          0.05000014	          0.05000021	          0.05000047	          0.05000059	          0.05000063	          0.05000172	          0.05000207	          0.05000182	          0.05000015	          0.05000020	          0.05000011	          0.06391871	          0.25484446	          0.21488249	          0.17436613	          0.05000280	          0.05000127	          0.05000035	          0.17631407	          0.17988195	          0.05000166	          0.05000070	          0.05000035	          0.05000030	          0.14546266	          0.14520975	          0.19502755	          0.16395420	          0.05000319	          0.05000066	          0.05000085	          0.05000076	          0.05000032	          0.05000052	          0.05000097	          0.05000036	          0.05000088	          0.06633069	          0.05000944	          0.27721711	          0.05979181	          0.05000265	          0.28463251	          0.41630337	          0.18063281	          0.09676330	          0.06888660	          0.05000030	
          1.93962648	         -2.89145926	          0.34114081	         -1.82584090	          2.57716497	          0.93006396	         -0.00451365	         -6.64288586	          4.68965941	          7.67841353	         27.59559072	         -0.53535998	         -1.04178798	         -1.39671323	        -39.08794753	          6.54834719	          9.85207401	         -0.78592315	          4.69949241	          3.06897501	         -0.49570539	         -3.87990544	          3.06031814	         -4.50307757	         -1.50546076	          0.32107995	          1.34794507	        -13.45261901	         13.82693834	          0.18018446	        -13.45002679	         15.13437857	         18.99890170	         35.69577131	         86.51662706	         86.51662706	          0.23160810	          0.17630889	          0.16975509	          0.53356770	          0.49014700	          0.41071277	          0.05546640	          0.05000613	          0.05000121	          0.37209468	          0.16820944	          0.05000048	          0.05000067	          0.05000247	          0.05000565	          0.05000194	          0.39768391	          0.05000246	          0.05000261	          0.05004526	          0.05000836	          0.05000294	          0.05001959	          0.05099471	          0.05000099	          0.05000634	          0.24822974	          0.05000087	          0.05000289	          0.05000287	          0.05000256	          0.50958087	          0.55598637	          0.19591231	          0.37764129	          0.05000330	          0.05000492	          0.05073383	          0.19192952	          0.18767316	          0.06328498	          0.31876030	          0.33492717	          0.05384902	          0.05000013	          0.05000020	          0.05000046	          0.05000061	          0.05000069	          0.05000219	          0.05000202	          0.05000181	          0.05000013	          0.05000021	          0.05000011	          0.05441103	          0.26120539	          0.21940441	          0.17163788	          0.05000319	          0.05000138	          0.05000038	          0.16486990	          0.16678444	          0.05000163	          0.05000074	          0.05000038	          0.05000033	          0.15544201	          0.15147817	          0.20824964	          0.15711891	          0.05000302	          0.05000062	          0.05000072	          0.05000064	          0.05000028	          0.05000038	          0.05000076	          0.05000024	          0.05000107	          0.06883291	          0.05000874	          0.27990164	          0.05961950	          0.05000330	          0.26372485	          0.43541667	          0.15376413	          0.09699367	          0.07043829	          0.05000028	
          1.95011094	         -2.88738628	          0.23811238	         -1.56484743	          2.59017522	          0.92883356	         -0.00450652	         -7.99654594	          4.50804636	          7.92140229	         28.29944306	         -0.48220802	         -1.24626343	         -0.49720717	        -37.10559757	          6.47472359	          9.63236278	         -0.88998082	          4.41318473	          3.01901020	          0.01001854	         -3.41011920	          1.21942289	         -4.55064710	         -1.42094725	          0.17009346	          1.83653290	        -13.45252188	         14.13251154	          0.11748766	        -13.44999021	         14.75235318	         19.62937428	         34.72609076	         86.51662706	         86.51662706	          0.23897470	          0.18058672	          0.17119676	          0.53402097	          0.49053389	          0.40085969	          0.06982497	          0.05829757	          0.05000216	          0.36444301	          0.17337970	          0.05000049	          0.05000067	          0.05000232	          0.05000554	          0.05000205	          0.41533339	          0.05000254	          0.05000305	          0.05005656	          0.05000885	          0.05000328	          0.06268907	          0.08726714	          0.05000108	          0.05000690	          0.23340457	          0.05000050	          0.05000261	          0.05000259	          0.05000232	          0.53761956	          0.58931320	          0.19964350	          0.38627582	          0.05000201	          0.05000300	          0.06185743	          0.19665473	          0.19014375	          0.14190425	          0.31982222	          0.36263744	          0.05000995	          0.05000015	          0.05000023	          0.05000053	          0.05000069	          0.05000075	          0.05000241	          0.05000224	          0.05000201	          0.05000013	          0.05000024	          0.05000013	          0.05000046	          0.23932339	          0.21678278	          0.17581899	          0.05000407	          0.05000166	          0.05000047	          0.14889983	          0.14884081	          0.05000178	          0.05000083	          0.05000043	          0.05000040	          0.15982721	          0.15316768	          0.21939553	          0.14867350	          0.05000368	          0.05000045	          0.05000061	          0.05000054	          0.05000024	          0.05000044	          0.05000086	          0.05000028	          0.05000104	          0.06720218	          0.05001063	          0.28260970	          0.05831624	          0.05000512	          0.24133918	          0.45515949	          0.13089214	          0.09346772	          0.07257405	          0.05000034	
          1.96059541	         -2.88389908	          0.14019574	         -1.29763315	          2.60325688	          0.92744323	         -0.00449013	         -9.29816633	          4.33046545	          8.13852864	         28.90687914	         -0.41917505	         -1.43542549	          0.29270505	        -35.00408779	          6.42575223	          9.41105517	         -0.98486730	          4.15080260	          2.96915527	          0.49273110	         -2.92521042	         -0.52092133	         -4.59201986	         -1.33717179	          0.01855945	          2.31511696	        -13.45190722	         14.45215963	          0.03891779	        -13.44976535	         14.34218989	         20.28323970	         33.74724936	         86.51662706	         86.51662706	          0.24782640	          0.18086171	          0.16336872	          0.53696657	          0.48466892	          0.38829020	          0.07811994	          0.06707225	          0.05000257	          0.41174273	          0.15887237	          0.05000052	          0.05000071	          0.05000233	          0.05000583	          0.05000234	          0.42828586	          0.05000261	          0.05000338	          0.05003239	          0.05000944	          0.05000401	          0.05633706	          0.12349273	          0.05000102	          0.05000637	          0.21780767	          0.05000046	          0.05000269	          0.05000267	          0.05000239	          0.56417672	          0.62117412	          0.20532145	          0.39532854	          0.05000169	          0.05000240	          0.07725122	          0.20195385	          0.19198473	          0.19524157	          0.31904933	          0.37911063	          0.05000044	          0.05000016	          0.05000020	          0.05000055	          0.05000075	          0.05000085	          0.05000241	          0.05000228	          0.05000207	          0.05000013	          0.05000026	          0.05000014	          0.05000063	          0.21103298	          0.21931348	          0.19082902	          0.05000544	          0.05000196	          0.05000053	          0.13375182	          0.13623754	          0.05000193	          0.05000093	          0.05000050	          0.05000047	          0.16477860	          0.15487846	          0.23705545	          0.13190618	          0.05000357	          0.05000041	          0.05000054	          0.05000048	          0.05000022	          0.05000054	          0.05000102	          0.05000035	          0.05000105	          0.06782410	          0.05001264	          0.28526608	          0.05731032	          0.05000589	          0.21427627	          0.47587996	          0.11142234	          0.09306916	          0.07516822	          0.05000054	
          1.97107988	         -2.88112879	          0.04608164	         -1.02514150	          2.61642366	          0.92590991	         -0.00446299	        -10.53626170	          4.15756178	          8.32884363	         29.42106268	         -0.34287611	         -1.60831418	          0.94784230	        -32.80459777	          6.41101200	          9.19506832	         -1.06345407	          3.91185452	          2.91689127	          0.94309080	         -2.41161510	         -2.13081870	         -4.62650179	         -1.25228735	         -0.13350728	          2.77781778	        -13.45100848	         14.77792820	         -0.06399660	        -13.44993987	         13.88917655	         20.96411563	         32.78291355	         86.51662706	         86.51662706	          0.25863897	          0.18327007	          0.15723278	          0.53483943	          0.47818563	          0.37328740	          0.08588019	          0.07543760	          0.05000319	          0.44198847	          0.13987316	          0.05000051	          0.05000072	          0.05000225	          0.05000590	          0.05000264	          0.42247892	          0.05000256	          0.05000357	          0.05003462	          0.05001079	          0.05000478	          0.05000817	          0.17364736	          0.05000103	          0.05000615	          0.19588756	          0.05000041	          0.05000271	          0.05000269	          0.05000241	          0.58845088	          0.65103737	          0.21332253	          0.40513091	          0.05000143	          0.05000229	          0.09230031	          0.20435072	          0.19387170	          0.23098128	          0.31576875	          0.39621961	          0.05000025	          0.05000018	          0.05000019	          0.05000058	          0.05000081	          0.05000093	          0.05000239	          0.05000228	          0.05000210	          0.05000014	          0.05000031	          0.05000016	          0.05000064	          0.17964946	          0.22130965	          0.21449838	          0.05001196	          0.05000274	          0.05000064	          0.11386830	          0.12345675	          0.05000229	          0.05000105	          0.05000058	          0.05000060	          0.16658731	          0.15386285	          0.25486931	          0.11239476	          0.05000327	          0.05000037	          0.05000049	          0.05000043	          0.05000020	          0.05000117	          0.05000179	          0.05000080	          0.05000107	          0.06070336	          0.05003823	          0.28901353	          0.05675980	          0.05000338	          0.18655541	          0.49667869	          0.09484870	          0.09299499	          0.08043166	          0.05000267	
          1.98156435	         -2.87917155	         -0.04550413	         -0.74886544	          2.62969292	          0.92425837	         -0.00442351	        -11.69890072	          3.98953052	          8.49196153	         29.84377517	         -0.24951245	         -1.76438523	          1.44359871	        -30.52591396	          6.43828972	          8.99186211	         -1.11693156	          3.69605258	          2.85466630	          1.35141075	         -1.85025365	         -3.57860421	         -4.65300021	         -1.16416255	         -0.28624001	          3.21711258	        -13.45009991	         15.10205600	         -0.19993870	        -13.45323755	         13.38740230	         21.67710557	         31.85964090	         86.51662706	         86.51662706	          0.27225162	          0.18786676	          0.15240499	          0.53658866	          0.47202653	          0.36124507	          0.09405859	          0.08280747	          0.05000517	          0.45792044	          0.13708641	          0.05000052	          0.05000075	          0.05000216	          0.05000591	          0.05000295	          0.42230329	          0.05000266	          0.05000352	          0.05002445	          0.05000963	          0.05000496	          0.05000761	          0.24109751	          0.05000094	          0.05000549	          0.17794418	          0.05000037	          0.05000281	          0.05000279	          0.05000251	          0.60974547	          0.67797586	          0.22419691	          0.41582745	          0.05000127	          0.05000300	          0.10289615	          0.20441617	          0.19575623	          0.23684718	          0.31076276	          0.40870773	          0.05000023	          0.05000019	          0.05000019	          0.05000062	          0.05000085	          0.05000096	          0.05000247	          0.05000232	          0.05000213	          0.05000016	          0.05000037	          0.05000019	          0.05000075	          0.15292809	          0.22072352	          0.22980895	          0.06672917	          0.05000403	          0.05000089	          0.09693270	          0.11975725	          0.05000287	          0.05000113	          0.05000065	          0.05000076	          0.16234721	          0.14785963	          0.26138787	          0.09569107	          0.05000316	          0.05000032	          0.05000045	          0.05000040	          0.05000019	          0.05000068	          0.05000123	          0.05000040	          0.05000116	          0.05167834	          0.05000621	          0.29123639	          0.05330481	          0.05003757	          0.16725063	          0.51900186	          0.08074078	          0.09223672	          0.08580606	          0.05675833	
          1.99204881	         -2.87823580	         -0.13558248	         -0.47041377	          2.64308185	          0.92252290	         -0.00437187	        -12.77390579	          3.82617720	          8.62829706	         30.17467201	         -0.13576120	         -1.90306041	          1.75650610	        -28.18412217	          6.51080297	          8.81070582	         -1.13359852	          3.50189290	          2.77614423	          1.70943122	         -1.22146183	         -4.83243434	         -4.67107051	         -1.07042526	         -0.43929431	          3.62479550	        -13.44970910	         15.41933218	         -0.37710514	        -13.46449736	         12.84181833	         22.42992573	         31.00466580	         86.51662706	         86.51662706	          0.28455292	          0.18985337	          0.14488442	          0.53098689	          0.46318366	          0.34960604	          0.10104822	          0.08859402	          0.05039621	          0.42694504	          0.13646669	          0.05000058	          0.05000080	          0.05000218	          0.05000602	          0.05000306	          0.45187744	          0.05000296	          0.05000424	          0.05001905	          0.05000894	          0.05000522	          0.07104622	          0.31745330	          0.05000093	          0.05000523	          0.16032903	          0.05000031	          0.05000260	          0.05000257	          0.05000235	          0.62719708	          0.70108039	          0.23768658	          0.42708916	          0.05000130	          0.06670819	          0.10819436	          0.20003669	          0.19720452	          0.20162011	          0.29399307	          0.41674959	          0.05000023	          0.05000018	          0.05000019	          0.05000070	          0.05000094	          0.05000104	          0.05000268	          0.05000248	          0.05000230	          0.05000019	          0.05000046	          0.05000024	          0.05000088	          0.13018087	          0.21463216	          0.23270368	          0.13164109	          0.05000760	          0.05000090	          0.08251538	          0.10448555	          0.05000376	          0.05000126	          0.05000075	          0.05000092	          0.15292056	          0.13866253	          0.25796761	          0.08146635	          0.05000359	          0.05000030	          0.05000042	          0.05000038	          0.05000019	          0.05000088	          0.05000167	          0.05000051	          0.05000224	          0.05000682	          0.05000947	          0.29655797	          0.05308012	          0.05000208	          0.15159500	          0.53884305	          0.08112937	          0.08945820	          0.09327995	          0.06887586	
          2.00253328	         -2.87870751	         -0.22468184	         -0.19147387	          2.65660829	          0.92074823	         -0.00430865	        -13.75280301	          3.66633062	          8.73887812	         30.41101758	          0.00127366	         -2.02421792	          1.87268923	        -25.79642736	          6.62478179	          8.66564196	         -1.09843986	          3.32798999	          2.66943689	          2.00721326	         -0.50573640	         -5.85648308	         -4.68101285	         -0.96893356	         -0.59215339	          3.99182656	        -13.45157262	         15.73079757	         -0.60249752	        -13.48857864	         12.26429916	         23.23323881	         30.24209671	         86.51662706	         86.51662706	          0.29891075	          0.19477045	          0.14249152	          0.52572464	          0.45786008	          0.33046675	          0.10820900	          0.09197057	          0.05353853	          0.36343855	          0.12329044	          0.05000054	          0.05000077	          0.05000206	          0.05000598	          0.05000341	          0.47229350	          0.05000265	          0.05000508	          0.05002868	          0.05001210	          0.05000641	          0.12806949	          0.39546081	          0.05000101	          0.05000568	          0.13649102	          0.05000025	          0.05000224	          0.05000221	          0.05000206	          0.63979734	          0.71922681	          0.25410181	          0.43822301	          0.05000147	          0.12888895	          0.09856369	          0.17738520	          0.19894713	          0.17163009	          0.25026227	          0.41069634	          0.05000015	          0.05000019	          0.05000019	          0.05000084	          0.05000121	          0.05000147	          0.05000270	          0.05000264	          0.05000258	          0.05000024	          0.05000064	          0.05000033	          0.05000077	          0.11081709	          0.20487386	          0.23055464	          0.18165551	          0.09555423	          0.05324147	          0.07024238	          0.08898708	          0.05000481	          0.05000197	          0.05000132	          0.05000365	          0.14004804	          0.12892025	          0.25355277	          0.06935511	          0.05000291	          0.05000029	          0.05000046	          0.05000040	          0.05000021	          0.05000321	          0.05000346	          0.05000125	          0.05000154	          0.05873671	          0.05000860	          0.30387905	          0.05873697	          0.05000147	          0.15219530	          0.55522644	          0.11788959	          0.08405148	          0.10192432	          0.08562204	
          2.01301775	         -2.88108751	         -0.31264227	          0.08629594	          2.67029239	          0.91898973	         -0.00423403	        -14.63170151	          3.50833594	          8.82429864	         30.54830325	          0.16389687	         -2.12822407	          1.78823882	        -23.38696793	          6.76790884	          8.57597855	         -0.99618943	          3.17130167	          2.52028568	          2.23697590	          0.31952789	         -6.62064290	         -4.68348087	         -0.85827122	         -0.74441090	          4.30868194	        -13.45903284	         16.04595445	         -0.88146218	        -13.52793255	         11.66640528	         24.09899630	         29.58901574	         86.51662706	         86.51662706	          0.31721517	          0.19966736	          0.14011403	          0.51495088	          0.45065153	          0.31549017	          0.10101447	          0.08900845	          0.05660396	          0.30937787	          0.13921986	          0.05000067	          0.05000088	          0.05000212	          0.05000602	          0.05000323	          0.49022655	          0.05000344	          0.05000805	          0.05001764	          0.05000882	          0.05000563	          0.18439531	          0.46963091	          0.05000106	          0.05000567	          0.11895994	          0.05000022	          0.05000196	          0.05000194	          0.05000183	          0.64597172	          0.73025859	          0.27250381	          0.44879782	          0.05000126	          0.17602615	          0.08390264	          0.15729266	          0.20393224	          0.14610062	          0.21303620	          0.40904401	          0.05000018	          0.05000021	          0.05000021	          0.05000097	          0.05000138	          0.05000143	          0.05000405	          0.05000335	          0.05000284	          0.05000041	          0.05000106	          0.05000038	          0.05000135	          0.09433363	          0.19578995	          0.22467632	          0.20344748	          0.13651927	          0.07550256	          0.05979493	          0.07959298	          0.05001237	          0.05000206	          0.05000143	          0.06968030	          0.12740182	          0.11867000	          0.23909004	          0.05904911	          0.05000468	          0.05000026	          0.05000042	          0.05000038	          0.05000021	          0.05000063	          0.05000124	          0.05000031	          0.05000107	          0.05000141	          0.05000189	          0.30570199	          0.05000074	          0.05710373	          0.16112116	          0.57345672	          0.17690087	          0.08064381	          0.10771137	          0.09675239	
          2.02350222	         -2.88557713	         -0.39905912	          0.36159309	          2.68416302	          0.91730833	         -0.00414804	        -15.40900320	          3.35088006	          8.88357748	         30.57962235	          0.35345734	         -2.21437187	          1.50181020	        -20.98594443	          6.92451006	          8.54853040	         -0.81392609	          3.03437438	          2.31773900	          2.39134715	          1.27546991	         -7.12107037	         -4.67756162	         -0.73759979	         -0.89570459	          4.56581224	        -13.47600995	         16.38095077	         -1.21780030	        -13.58096464	         11.05307644	         25.03590578	         29.05095345	         86.51662706	         86.51662706	          0.33362566	          0.20381929	          0.13941650	          0.50553472	          0.44385026	          0.29274226	          0.08599037	          0.07577101	          0.05052082	          0.26335846	          0.15622691	          0.05000068	          0.05000088	          0.05000208	          0.05000602	          0.05000340	          0.50890418	          0.05000345	          0.05000672	          0.05001901	          0.05000951	          0.05000605	          0.25856517	          0.54352189	          0.05000112	          0.05000599	          0.10738141	          0.05000028	          0.05000209	          0.05000206	          0.05000195	          0.64456668	          0.73261045	          0.29096155	          0.45723655	          0.05000146	          0.23062890	          0.07142231	          0.13389701	          0.21025880	          0.12436853	          0.18134741	          0.36999829	          0.05000015	          0.05000019	          0.05000018	          0.05000117	          0.05000159	          0.05000184	          0.05000324	          0.05000313	          0.05000310	          0.05000030	          0.05000091	          0.11198314	          0.05000075	          0.08030205	          0.19199381	          0.21352218	          0.20931315	          0.15954205	          0.09144754	          0.05090329	          0.07135783	          0.05000666	          0.05000299	          0.05000280	          0.09272131	          0.11822775	          0.11048326	          0.20981604	          0.05027502	          0.05000361	          0.05000033	          0.05000060	          0.05000053	          0.05000029	          0.05000022	          0.05000048	          0.05000016	          0.05000195	          0.05000418	          0.05000434	          0.30756189	          0.05584789	          0.05000112	          0.18570585	          0.58024226	          0.18277866	          0.08301183	          0.10643094	          0.10118628	
          2.03398668	         -2.89177413	         -0.48391381	          0.63421568	          2.69825402	          0.91575918	         -0.00404980	        -16.07804788	          3.19271178	          8.91581231	         30.50688147	          0.57114104	         -2.28281433	          1.00086564	        -18.65733555	          7.08370244	          8.59980840	         -0.53751346	          2.91049004	          2.04689387	          2.48091046	          2.38808814	         -7.41772450	         -4.66043574	         -0.60635541	         -1.04540300	          4.75620008	        -13.50652752	         16.75908213	         -1.61311139	        -13.64053981	         10.41447131	         26.04529557	         28.61906985	         86.51662706	         86.51662706	          0.35369739	          0.20721980	          0.13383034	          0.51576164	          0.44042562	          0.25025466	          0.07320037	          0.06450099	          0.05000237	          0.22418431	          0.15182316	          0.05000071	          0.05000088	          0.05000198	          0.05000577	          0.05000335	          0.52691510	          0.05000360	          0.05000514	          0.05001671	          0.05000867	          0.05000572	          0.31945350	          0.60983200	          0.05000103	          0.05000560	          0.10379361	          0.05000027	          0.05000222	          0.05000219	          0.05000209	          0.63650212	          0.72841851	          0.31087625	          0.46505436	          0.07845175	          0.28838561	          0.06079844	          0.11398022	          0.21121329	          0.10586901	          0.15437226	          0.31496208	          0.05000017	          0.05000016	          0.05000016	          0.05000140	          0.05000185	          0.05000199	          0.05000393	          0.05000352	          0.05000327	          0.05000026	          0.05000077	          0.17646131	          0.05000053	          0.06835773	          0.19679133	          0.21484506	          0.20803763	          0.16768357	          0.09841617	          0.05000646	          0.06305080	          0.05000463	          0.05000390	          0.05000483	          0.09725682	          0.10757250	          0.09522238	          0.17932974	          0.05001641	          0.05000332	          0.05000048	          0.05000105	          0.05000090	          0.05000047	          0.05000018	          0.05000041	          0.05000018	          0.05000252	          0.05002441	          0.05000891	          0.30931345	          0.05557878	          0.05310811	          0.20347854	          0.58292937	          0.20036372	          0.08646579	          0.10562669	          0.10346920	
          2.04447115	         -2.89902375	         -0.56736629	          0.90413099	          2.71259700	          0.91438713	         -0.00393791	        -16.62957197	          3.03232803	          8.92083918	         30.33888613	          0.81760277	         -2.33333657	          0.26903467	        -16.47235950	          7.23032911	          8.73156075	         -0.15340585	          2.79790376	          1.69507574	          2.52589566	          3.68599549	         -7.57164963	         -4.62878457	         -0.46399831	         -1.19264355	          4.87645381	        -13.55465945	         17.21158350	         -2.06480090	        -13.69231874	          9.71541517	         27.12029292	         28.26847101	         86.51662706	         86.51662706	          0.37686215	          0.20348107	          0.11974001	          0.52056720	          0.43295765	          0.21303169	          0.06231281	          0.05490737	          0.05000124	          0.19083724	          0.14984618	          0.05000069	          0.05000088	          0.05000189	          0.05000569	          0.05000347	          0.54410684	          0.05000351	          0.05000398	          0.05001787	          0.05000930	          0.05000600	          0.35496393	          0.66744490	          0.05000101	          0.05000520	          0.09132678	          0.05859165	          0.05000269	          0.05000266	          0.05000253	          0.62065446	          0.71708430	          0.33121084	          0.47018313	          0.16889218	          0.34028370	          0.05175521	          0.09702593	          0.20741861	          0.09012123	          0.13140962	          0.26811212	          0.05000017	          0.05000014	          0.05000014	          0.05000131	          0.05000178	          0.05000178	          0.05000430	          0.05000356	          0.05000293	          0.05000024	          0.05000085	          0.23793394	          0.05000053	          0.05819050	          0.20926782	          0.21737410	          0.20489447	          0.16597111	          0.09853955	          0.05000603	          0.06050167	          0.05000516	          0.05000373	          0.05000368	          0.08927322	          0.09408032	          0.08628823	          0.15399340	          0.05001516	          0.05000254	          0.05000075	          0.05000195	          0.05000161	          0.05000081	          0.05000018	          0.05000039	          0.05000018	          0.05000120	          0.05000665	          0.05000483	          0.30930928	          0.05205711	          0.05485880	          0.22594695	          0.58178621	          0.20434857	          0.08905429	          0.10666225	          0.10586935	
          2.05495562	         -2.90664793	         -0.64859111	          1.17095309	          2.72722011	          0.91322367	         -0.00381101	        -17.05959604	          2.86832084	          8.89905887	         30.08729643	          1.09191657	         -2.36523021	         -0.69746794	        -14.49182054	          7.34481745	          8.92856666	          0.34966391	          2.69584009	          1.23619119	          2.54373716	          5.22094497	         -7.63657110	         -4.57959966	         -0.31089107	         -1.33652571	          4.92732567	        -13.62525176	         17.78154312	         -2.56538319	        -13.71221044	          8.88059753	         28.24549176	         27.95715462	         86.51662706	         86.51662706	          0.40263363	          0.18134124	          0.10541075	          0.51554015	          0.41003468	          0.18134431	          0.05304533	          0.05000154	          0.05000096	          0.16245050	          0.15689732	          0.05000081	          0.05000097	          0.05000196	          0.05000569	          0.05000323	          0.56023471	          0.05000421	          0.05000380	          0.05001529	          0.05000824	          0.05000566	          0.36345501	          0.71232492	          0.05000111	          0.05000516	          0.08884761	          0.09582930	          0.05000288	          0.05000283	          0.05000269	          0.59273396	          0.69025857	          0.34495312	          0.47066657	          0.19137949	          0.37950107	          0.05000018	          0.08259356	          0.21471587	          0.07671591	          0.11186264	          0.22823098	          0.05000018	          0.05000013	          0.05000014	          0.05000126	          0.05000143	          0.05000132	          0.05000418	          0.05000321	          0.05000273	          0.05000087	          0.05000106	          0.29195907	          0.05000070	          0.05000332	          0.21454099	          0.22380112	          0.18659171	          0.15359996	          0.09555584	          0.05000458	          0.07749428	          0.05001117	          0.05000242	          0.05000183	          0.07607261	          0.08623625	          0.07345986	          0.13115465	          0.05001666	          0.05000320	          0.05000096	          0.05000191	          0.05000171	          0.05000103	          0.05000013	          0.05000030	          0.05000012	          0.05000102	          0.05000714	          0.05000388	          0.30726960	          0.05019030	          0.05637528	          0.24514768	          0.57628986	          0.20651999	          0.08809949	          0.11098958	          0.10867459	
          2.06544009	         -2.91404392	         -0.72654911	          1.43452337	          2.74214690	          0.91228228	         -0.00366803	        -17.37320097	          2.69841160	          8.84951714	         29.76586368	          1.39173164	         -2.37743300	         -1.88279130	        -12.77008445	          7.39209582	          9.15701036	          0.97736797	          2.60354866	          0.66712040	          2.54652546	          7.00870378	         -7.65117806	         -4.51052288	         -0.14757539	         -1.47615545	          4.91509545	        -13.72473286	         18.52992886	         -3.10298571	        -13.66361519	          7.77466314	         29.39667104	         27.62730911	         86.51662706	         86.51662706	          0.42018808	          0.15436867	          0.09522146	          0.55965968	          0.34905771	          0.15437002	          0.05000478	          0.05000142	          0.05000094	          0.13828624	          0.15419210	          0.05000076	          0.05000093	          0.05000195	          0.05000612	          0.05000412	          0.57565814	          0.05000372	          0.05000294	          0.05002258	          0.05001204	          0.05000707	          0.39467703	          0.74417314	          0.05000114	          0.05000630	          0.09124448	          0.13675095	          0.05000556	          0.05000550	          0.05000512	          0.55595175	          0.65552139	          0.35442194	          0.46691157	          0.24100026	          0.41774824	          0.05000020	          0.07030797	          0.21376518	          0.06530461	          0.09522325	          0.19428206	          0.05000017	          0.05000017	          0.05000016	          0.05000221	          0.05000248	          0.05000229	          0.05000514	          0.05000451	          0.05000379	          0.08533454	          0.05000196	          0.33333372	          0.05000083	          0.05000335	          0.22046786	          0.21051098	          0.18171841	          0.14670740	          0.09133651	          0.05001134	          0.06598917	          0.05003347	          0.05000553	          0.05000516	          0.06798619	          0.07341073	          0.07252270	          0.11308139	          0.05001156	          0.05000275	          0.05000442	          0.05004111	          0.05001963	          0.05000508	          0.05000023	          0.05000049	          0.05000020	          0.05000157	          0.05001394	          0.05000627	          0.30293168	          0.05043432	          0.05891748	          0.24144030	          0.56937341	          0.20323615	          0.08684443	          0.10393011	          0.11292475	
          2.07592455	         -2.92058536	         -0.80202556	          1.69286772	          2.75739268	          0.91155726	         -0.00350573	        -17.57303467	          2.51947760	          8.77152364	         29.39325480	          1.71622397	         -2.36961246	         -3.27452500	        -11.37441245	          7.34112458	          9.37212472	          1.73117890	          2.52179769	         -0.02351902	          2.54311766	          9.08487010	         -7.63890990	         -4.42011653	          0.02452611	         -1.61128670	          4.83159011	        -13.78980485	         19.12953816	         -3.66447018	        -13.57390149	          6.61099075	         30.52649937	         27.24629401	         86.51662706	         86.51662706	          0.43544344	          0.13140686	          0.08105801	          0.56332248	          0.29713690	          0.13140793	          0.05000330	          0.05000077	          0.05000062	          0.11771638	          0.13604851	          0.05000048	          0.05000063	          0.05000131	          0.05000420	          0.05000267	          0.58772627	          0.05000248	          0.05000206	          0.05011687	          0.05001832	          0.05000633	          0.39994842	          0.76153965	          0.05000178	          0.05003047	          0.07767319	          0.18449176	          0.05001030	          0.05001045	          0.05000845	          0.51170289	          0.61179907	          0.35598012	          0.45586423	          0.27169817	          0.44213169	          0.05000010	          0.05984983	          0.21149050	          0.05559077	          0.08105894	          0.16538296	          0.05000014	          0.05000014	          0.05000011	          0.05000160	          0.05000168	          0.05000148	          0.05000481	          0.05000366	          0.05000278	          0.10815605	          0.05000358	          0.35900349	          0.05000115	          0.05000406	          0.21501531	          0.19243555	          0.15620873	          0.13355854	          0.08930538	          0.05000508	          0.07180146	          0.09609075	          0.05000287	          0.05000208	          0.05857542	          0.06253729	          0.06173854	          0.10251520	          0.05000840	          0.05000187	          0.05000237	          0.05000676	          0.05000603	          0.05000325	          0.05000022	          0.05000050	          0.05000014	          0.05000113	          0.05002896	          0.05000570	          0.29809142	          0.05000301	          0.06471582	          0.22491534	          0.56292318	          0.19509925	          0.08520798	          0.09759476	          0.11476646	
          2.08640902	         -2.92574947	         -0.87669068	          1.94395551	          2.77296521	          0.91102259	         -0.00332223	        -17.66386910	          2.32780303	          8.66503126	         28.98737646	          2.06343391	         -2.34108127	         -4.85384101	        -10.37004153	          7.16126890	          9.50545656	          2.60702409	          2.44979819	         -0.84661134	          2.54168373	         11.47562610	         -7.61624003	         -4.30810214	          0.20465345	         -1.74170070	          4.66141268	        -13.78250060	         19.35542612	         -4.25426412	        -13.50812126	          5.71985753	         31.63087272	         26.85362810	         86.51662706	         86.51662706	          0.44555972	          0.11186038	          0.06900085	          0.58662627	          0.25293853	          0.11186131	          0.05000389	          0.05000085	          0.05000067	          0.10020627	          0.11581347	          0.05000083	          0.05000083	          0.05000150	          0.05000438	          0.05000217	          0.60067046	          0.05000504	          0.05000324	          0.05001064	          0.05000690	          0.05000430	          0.37125852	          0.76428604	          0.05000156	          0.05000903	          0.06611968	          0.23432292	          0.05000223	          0.05000214	          0.05000213	          0.45426930	          0.55931572	          0.34715970	          0.43779435	          0.29463245	          0.44960461	          0.05000008	          0.05094738	          0.21707417	          0.05000033	          0.06900155	          0.14078254	          0.05000013	          0.05000012	          0.05000013	          0.05000145	          0.05000167	          0.05000138	          0.05000587	          0.05000409	          0.05000333	          0.12047398	          0.06210322	          0.36584560	          0.05000164	          0.05000790	          0.18883420	          0.17096692	          0.13298126	          0.12016400	          0.09595127	          0.05000186	          0.06251558	          0.12254595	          0.05000249	          0.05000153	          0.05571806	          0.05874284	          0.05255755	          0.09971324	          0.05002335	          0.05000445	          0.05000073	          0.05000688	          0.05000635	          0.05000396	          0.05000199	          0.05000196	          0.05088987	          0.05000596	          0.05504931	          0.05001259	          0.29895959	          0.05259280	          0.06827704	          0.21920450	          0.56540632	          0.21496728	          0.07979269	          0.08578485	          0.11418807	
