name C:\Users\u0150099\Documents\master_thesis\3dpredictsim\Results\debug\Fal_s1_mtjc3_sc_cspx10_oy_MTc2_MTPm_k1_d01_MTJm_nl_MG_exp5_table_d01_PF_Natali2010_ls146_ig21.mot
datacolumns 128
datarows 200
range 0.000000 2.166372
endheader
time	pelvis_tilt	pelvis_list	pelvis_rotation	pelvis_tx	pelvis_ty	pelvis_tz	hip_flexion_l	hip_adduction_l	hip_rotation_l	hip_flexion_r	hip_adduction_r	hip_rotation_r	knee_angle_l	knee_angle_r	ankle_angle_l	ankle_angle_r	subtalar_angle_l	subtalar_angle_r	mtj_angle_l	mtj_angle_r	mtp_angle_l	mtp_angle_r	lumbar_extension	lumbar_bending	lumbar_rotation	arm_flex_l	arm_add_l	arm_rot_l	arm_flex_r	arm_add_r	arm_rot_r	elbow_flex_l	elbow_flex_r	pro_sup_l	pro_sup_r	glut_med1_l/activation	glut_med2_l/activation	glut_med3_l/activation	glut_min1_l/activation	glut_min2_l/activation	glut_min3_l/activation	semimem_l/activation	semiten_l/activation	bifemlh_l/activation	bifemsh_l/activation	sar_l/activation	add_long_l/activation	add_brev_l/activation	add_mag1_l/activation	add_mag2_l/activation	add_mag3_l/activation	tfl_l/activation	pect_l/activation	grac_l/activation	glut_max1_l/activation	glut_max2_l/activation	glut_max3_l/activation	iliacus_l/activation	psoas_l/activation	quad_fem_l/activation	gem_l/activation	peri_l/activation	rect_fem_l/activation	vas_med_l/activation	vas_int_l/activation	vas_lat_l/activation	med_gas_l/activation	lat_gas_l/activation	soleus_l/activation	tib_post_l/activation	flex_dig_l/activation	flex_hal_l/activation	tib_ant_l/activation	per_brev_l/activation	per_long_l/activation	per_tert_l/activation	ext_dig_l/activation	ext_hal_l/activation	ercspn_l/activation	intobl_l/activation	extobl_l/activation	glut_med1_r/activation	glut_med2_r/activation	glut_med3_r/activation	glut_min1_r/activation	glut_min2_r/activation	glut_min3_r/activation	semimem_r/activation	semiten_r/activation	bifemlh_r/activation	bifemsh_r/activation	sar_r/activation	add_long_r/activation	add_brev_r/activation	add_mag1_r/activation	add_mag2_r/activation	add_mag3_r/activation	tfl_r/activation	pect_r/activation	grac_r/activation	glut_max1_r/activation	glut_max2_r/activation	glut_max3_r/activation	iliacus_r/activation	psoas_r/activation	quad_fem_r/activation	gem_r/activation	peri_r/activation	rect_fem_r/activation	vas_med_r/activation	vas_int_r/activation	vas_lat_r/activation	med_gas_r/activation	lat_gas_r/activation	soleus_r/activation	tib_post_r/activation	flex_dig_r/activation	flex_hal_r/activation	tib_ant_r/activation	per_brev_r/activation	per_long_r/activation	per_tert_r/activation	ext_dig_r/activation	ext_hal_r/activation	ercspn_r/activation	intobl_r/activation	extobl_r/activation	
          0.00000000	         -2.91805162	         -0.81887042	          3.23017261	          0.00000000	          0.91529507	         -0.00314751	        -21.51371387	          2.34444803	          9.32674541	         28.27139846	          2.76652944	         -1.61733884	         -1.67040785	        -12.01828646	         -7.80980123	          6.85051455	         -4.79931921	         -3.54139745	          1.15709550	          3.16988401	         25.02209601	         -6.24019047	         -4.10608936	         -0.14856491	         -1.15559464	          4.40032175	        -13.69427946	         19.33579099	         -1.20885286	        -13.48032126	         12.30249729	         31.22721010	         21.65979460	         86.51662706	         86.51662706	          0.44385444	          0.09741107	          0.05293546	          0.63458724	          0.21990728	          0.09741156	          0.05000264	          0.05000048	          0.05000037	          0.09284975	          0.13597121	          0.05000052	          0.05000061	          0.05000097	          0.05000341	          0.05000218	          0.60854030	          0.05000359	          0.05000162	          0.05001344	          0.05000578	          0.05000384	          0.62973476	          0.87029337	          0.05000058	          0.05000342	          0.05001831	          0.31305712	          0.05963403	          0.06201918	          0.05580729	          0.42451067	          0.53351609	          0.30252553	          0.35778392	          0.55187342	          0.50403646	          0.05000006	          0.06481574	          0.10560600	          0.05000023	          0.05000014	          0.11508646	          0.05000008	          0.05000015	          0.05000013	          0.05000040	          0.05000140	          0.05000052	          0.05886459	          0.05000803	          0.05000171	          0.22416564	          0.08080741	          0.36382976	          0.05801358	          0.05000495	          0.13818669	          0.17116971	          0.13281635	          0.16085462	          0.15683334	          0.05000059	          0.05913906	          0.11533757	          0.05000100	          0.05000081	          0.14204473	          0.06232781	          0.07163210	          0.10461127	          0.05012729	          0.05000318	          0.05000082	          0.05000376	          0.05000336	          0.05000242	          0.08849887	          0.05000123	          0.05266019	          0.05262935	          0.05757417	          0.05001829	          0.36040963	          0.17855024	          0.14802571	          0.25223284	          0.55444347	          0.33798182	          0.06057987	          0.09242674	          0.11493670	
          0.01088629	         -2.92629317	         -0.94273489	          3.54620685	          0.01655362	          0.91381384	         -0.00297575	        -21.56365786	          1.95442030	          9.21917695	         28.12349816	          3.22534600	         -1.51628859	         -3.28554486	        -11.93850867	         -7.81516672	          6.64506785	         -3.26272939	         -3.81121417	          0.22992320	          3.23826855	         27.16147925	         -5.95432425	         -4.01947232	          0.05454023	         -1.28618733	          4.22877983	        -13.64490141	         19.38770930	         -1.82940396	        -13.45973646	         11.71225759	         32.49327473	         20.80890690	         86.51662706	         86.51662706	          0.43141461	          0.08245153	          0.05000049	          0.64392797	          0.18613540	          0.08245186	          0.05000288	          0.05000044	          0.05000034	          0.07859050	          0.11509026	          0.05000013	          0.05000018	          0.05000034	          0.05000132	          0.05000131	          0.52247000	          0.05000065	          0.05000054	          0.05001416	          0.05000435	          0.05000199	          0.53302419	          0.85867208	          0.05000019	          0.05000095	          0.05000020	          0.32690066	          0.05047749	          0.05249633	          0.05000583	          0.37784671	          0.48480944	          0.30120357	          0.30283769	          0.53447689	          0.42663023	          0.05000002	          0.05486180	          0.08938768	          0.05000017	          0.05000011	          0.09741220	          0.05000002	          0.05000004	          0.05000022	          0.05001087	          0.05000067	          0.05907182	          0.05000025	          0.05000038	          0.05000247	          0.20861622	          0.06978963	          0.34783074	          0.06978897	          0.05000154	          0.11696562	          0.16478029	          0.11242054	          0.16225356	          0.18254066	          0.05907179	          0.05008883	          0.09762605	          0.05907202	          0.05907223	          0.16343935	          0.05275605	          0.06063149	          0.11899843	          0.05000096	          0.05000035	          0.05000014	          0.05000173	          0.05000172	          0.05000152	          0.09080156	          0.05907267	          0.05000017	          0.06750905	          0.06467411	          0.06257448	          0.36594705	          0.21593456	          0.16079252	          0.27421976	          0.56509819	          0.36735071	          0.05627202	          0.07823244	          0.09728548	
          0.02177258	         -2.93010737	         -1.06951085	          3.85866013	          0.03353520	          0.91242654	         -0.00276359	        -21.52197887	          1.53818524	          9.07192211	         27.96580862	          3.68330446	         -1.38724652	         -5.03050354	        -12.53925204	         -7.96200678	          6.21332161	         -1.62533183	         -4.10182066	         -0.94624670	          3.26200066	         29.64047291	         -5.61774346	         -3.90484597	          0.25874937	         -1.41322912	          3.95536192	        -13.59437778	         19.34628824	         -2.53146589	        -13.45019816	         11.28477662	         33.81255469	         20.04681174	         86.51662706	         86.51662706	          0.36516141	          0.06978924	          0.05000014	          0.54503767	          0.15754993	          0.06978958	          0.05000268	          0.05000031	          0.05000024	          0.06652111	          0.09741563	          0.06378753	          0.05000085	          0.05000067	          0.05000187	          0.05000083	          0.44223338	          0.05907318	          0.05000154	          0.05000166	          0.05000103	          0.05000106	          0.45116562	          0.72680256	          0.05000017	          0.05000074	          0.05000275	          0.29353619	          0.05000076	          0.05000073	          0.05000090	          0.31981946	          0.41035955	          0.29743143	          0.25632971	          0.45239623	          0.36111110	          0.05578888	          0.05000004	          0.07566007	          0.05000013	          0.05000006	          0.08245224	          0.05000183	          0.06124428	          0.06441081	          0.05907187	          0.05907174	          0.05000014	          0.05907214	          0.05907202	          0.05516411	          0.17657825	          0.05907188	          0.29441337	          0.05907165	          0.05000397	          0.20088790	          0.17520537	          0.09515601	          0.13733910	          0.18725176	          0.05000054	          0.09744483	          0.08263357	          0.05000036	          0.05000038	          0.20691709	          0.08245244	          0.08245003	          0.46243150	          0.18983617	          0.06442391	          0.05165948	          0.05000067	          0.05000066	          0.05000051	          0.07685686	          0.05000108	          0.05000022	          0.05907197	          0.05907180	          0.05907172	          0.38865790	          0.26655014	          0.18157298	          0.30088977	          0.62208006	          0.38391086	          0.05000009	          0.06621799	          0.08234498	
          0.03265887	         -2.92959599	         -1.21175677	          4.16264068	          0.05090156	          0.91110646	         -0.00252576	        -21.38984574	          1.09529402	          8.86776406	         27.79485319	          4.09381772	         -1.24625033	         -6.89072554	        -13.81194023	         -8.29883382	          5.57889220	          0.04365988	         -4.43715334	         -2.31047823	          3.28068572	         32.32972667	         -5.19257034	         -3.76524836	          0.47451983	         -1.53259910	          3.58160130	        -13.55373906	         19.25690478	         -3.30117945	        -13.45223574	         11.00431033	         35.20860108	         19.35848295	         86.51662706	         86.51662706	          0.30908222	          0.05907166	          0.05907098	          0.46133421	          0.13335441	          0.05907184	          0.05000960	          0.05000209	          0.05000387	          0.05630528	          0.08245526	          0.19135201	          0.31175491	          0.05907240	          0.05907059	          0.09056345	          0.37431807	          0.05000280	          0.05000631	          0.05906747	          0.05907057	          0.05907093	          0.38187837	          0.61518483	          0.05907172	          0.05907028	          0.05000018	          0.24845672	          0.15044953	          0.15615438	          0.12241954	          0.27070354	          0.34733913	          0.26184845	          0.21696415	          0.38292013	          0.30565390	          0.21276423	          0.13075649	          0.07302528	          0.05000031	          0.05000019	          0.06978973	          0.07382874	          0.05907202	          0.06978972	          0.05000003	          0.05000009	          0.11270854	          0.05000024	          0.05000018	          0.05000016	          0.14946045	          0.05000011	          0.24919916	          0.05000006	          0.06978953	          0.17003714	          0.34478033	          0.36825716	          0.23003959	          0.21462225	          0.05906375	          0.08249203	          0.06994355	          0.08021620	          0.15453661	          0.23735841	          0.06979007	          0.06978991	          0.59007257	          0.16068243	          0.05453038	          0.06978976	          0.12780806	          0.13025631	          0.10287342	          0.06982638	          0.06979015	          0.06978985	          0.05000022	          0.05000004	          0.05000006	          0.47936384	          0.26027720	          0.15369916	          0.53881131	          0.63854070	          0.56106504	          0.05000001	          0.05604864	          0.06969896	
          0.04354517	         -2.92491554	         -1.38182939	          4.45279241	          0.06855458	          0.90985715	         -0.00229767	        -21.12691078	          0.63469006	          8.60929707	         27.49984859	          4.41982479	         -1.03225826	         -8.94813625	        -15.19095130	         -8.76696095	          4.88073228	          1.68881036	         -4.79195584	         -3.77625992	          3.46889976	         34.86653922	         -4.69913673	         -3.60481849	          0.71670545	         -1.64574526	          3.11981695	        -13.51924836	         19.13763714	         -4.10650748	        -13.47023810	         10.87947284	         36.67298634	         18.71001886	         86.51662706	         86.51662706	          0.28745092	          0.05000005	          0.05000001	          0.39963606	          0.11287471	          0.05000014	          0.05000525	          0.05000038	          0.05000018	          0.05000070	          0.06979243	          0.16211848	          0.40961381	          0.05000094	          0.05000166	          0.07665580	          0.42451732	          0.08746751	          0.05000033	          0.05000069	          0.05000046	          0.05000050	          0.32323187	          0.60729954	          0.05000004	          0.05000015	          0.05000005	          0.21030027	          0.12734457	          0.13217329	          0.10361924	          0.22913053	          0.29399696	          0.23099310	          0.18364411	          0.32411366	          0.25871349	          0.37452659	          0.22925632	          0.06934491	          0.44951568	          0.15419801	          0.05907186	          0.10122589	          0.05000010	          0.05907187	          0.38159882	          0.34105611	          0.29854387	          0.44951540	          0.41977653	          0.26271566	          0.13267909	          0.15680866	          0.21092871	          0.09741327	          0.05907248	          0.14392396	          0.29183121	          0.31170268	          0.19471205	          0.26029900	          0.05000043	          0.06982446	          0.19193422	          0.24342650	          0.25182824	          0.28880471	          0.05907222	          0.05907208	          0.49945283	          0.13600593	          0.06874510	          0.05907188	          0.10818009	          0.11025235	          0.08707476	          0.05910287	          0.05907221	          0.05907194	          0.15454785	          0.06006548	          0.05907358	          0.49033673	          0.22030549	          0.18859882	          0.63105069	          0.72440410	          0.74565491	          0.07960161	          0.10317870	          0.05899503	
          0.05443146	         -2.91829780	         -1.55257997	          4.70627101	          0.08609893	          0.90877266	         -0.00202246	        -20.60343177	          0.20430603	          8.31606498	         27.20528820	          4.72431014	         -0.87677350	        -11.41572744	        -16.49169202	         -9.37565919	          3.73414533	          3.35757603	         -5.19779050	         -5.09172290	          3.82523328	         36.76511638	         -4.13499774	         -3.46189132	          0.95812015	         -1.74759437	          2.63718728	        -13.49401349	         19.00575647	         -4.84942483	        -13.49035825	         10.94488846	         38.15157759	         18.02885200	         86.51662706	         86.51662706	          0.24330598	          0.05000011	          0.05000005	          0.33826248	          0.09554018	          0.05000024	          0.05002604	          0.05000071	          0.05000096	          0.05000014	          0.05907427	          0.22223587	          0.47180869	          0.41455597	          0.11507873	          0.09770154	          0.42165927	          0.07403520	          0.05000036	          0.05000165	          0.05000131	          0.05000228	          0.27359188	          0.53788481	          0.05000007	          0.05000039	          0.05000017	          0.19766703	          0.11508669	          0.11508665	          0.11414496	          0.19394205	          0.24884673	          0.19551859	          0.15544118	          0.27433830	          0.21898198	          0.41447065	          0.20130328	          0.05907207	          0.58309281	          0.19552836	          0.05000006	          0.12879037	          0.05000002	          0.05000007	          0.50580980	          0.45125906	          0.35865479	          0.38048372	          0.35531498	          0.23739027	          0.11230307	          0.13272718	          0.17853556	          0.08245316	          0.05000069	          0.12182107	          0.24701402	          0.37711663	          0.39111369	          0.30568668	          0.05000043	          0.05910194	          0.16245872	          0.36190991	          0.33571748	          0.36350477	          0.05000030	          0.05000020	          0.42274996	          0.11511909	          0.05818793	          0.05000007	          0.24031090	          0.24924953	          0.20800753	          0.05002622	          0.05000029	          0.05000003	          0.14229286	          0.05084101	          0.05000145	          0.55972405	          0.23863394	          0.16471234	          0.78425279	          0.81883988	          0.85261780	          0.11211267	          0.08733314	          0.05000006	
          0.06531775	         -2.90921363	         -1.71047204	          4.92533872	          0.10331344	          0.90790264	         -0.00171652	        -19.76997210	         -0.16666026	          8.05453671	         26.94492275	          5.03412204	         -0.73586565	        -14.36015030	        -17.79499749	        -10.12415887	          2.49664085	          5.01478246	         -5.67615911	         -6.04836408	          3.96758962	         37.45946711	         -3.85496882	         -3.35208561	          1.18837304	         -1.84043382	          2.18334689	        -13.47334813	         18.89003076	         -5.49021836	        -13.51017003	         11.18691199	         39.59047318	         17.29996674	         86.51662706	         86.51662706	          0.20594057	          0.05000137	          0.05000170	          0.28631431	          0.08086796	          0.05000207	          0.05007994	          0.05000209	          0.05064034	          0.05000021	          0.05000237	          0.22508260	          0.60039158	          0.35089201	          0.09741448	          0.08269739	          0.45269501	          0.06266699	          0.05000425	          0.05010217	          0.05908039	          0.06978926	          0.23157531	          0.45663236	          0.05273510	          0.05321564	          0.05000458	          0.16731073	          0.09741242	          0.09741239	          0.09661531	          0.16415761	          0.21063039	          0.16549202	          0.13156973	          0.23220713	          0.18535285	          0.35081877	          0.17038836	          0.05000020	          0.49354496	          0.23845298	          0.44951556	          0.15462339	          0.05000007	          0.05000006	          0.58475519	          0.51721433	          0.41349248	          0.32490797	          0.30074960	          0.20093778	          0.09505628	          0.11234408	          0.15111717	          0.06979055	          0.05000041	          0.10311268	          0.24468603	          0.34432462	          0.38675095	          0.31125236	          0.05000053	          0.05002924	          0.13750968	          0.39739537	          0.37076842	          0.37950312	          0.05000012	          0.05000014	          0.35782668	          0.09743998	          0.05000515	          0.05000010	          0.28749936	          0.32790303	          0.26307017	          0.05000003	          0.05000009	          0.05000001	          0.19524644	          0.05908144	          0.05377939	          0.56206179	          0.20198643	          0.16014954	          0.75323815	          0.84032491	          0.76998907	          0.12679430	          0.07392105	          0.05000010	
          0.07620404	         -2.89702697	         -1.85684146	          5.11683398	          0.12017139	          0.90724390	         -0.00139170	        -18.67426225	         -0.48259341	          7.84580508	         26.68395340	          5.35710968	         -0.56776177	        -17.66687641	        -19.10855316	        -11.00007237	          1.50678922	          6.57957878	         -6.21930427	         -6.63807544	          4.11380610	         36.86290799	         -3.69675626	         -3.26872465	          1.40670558	         -1.92524615	          1.77309470	        -13.45787786	         18.81334426	         -6.03838456	        -13.52879224	         11.55348972	         40.96518937	         16.55208578	         86.51662706	         86.51662706	          0.17431352	          0.05000129	          0.05000101	          0.24234429	          0.06844981	          0.05000766	          0.05000359	          0.05000047	          0.05000066	          0.05000021	          0.05001493	          0.21809081	          0.50818842	          0.29700467	          0.08245512	          0.06999736	          0.47512787	          0.20406344	          0.05000323	          0.05000756	          0.05000955	          0.05907224	          0.19601143	          0.38650554	          0.12545395	          0.05000939	          0.05000301	          0.14161635	          0.08245245	          0.08245242	          0.08177775	          0.13894728	          0.17828307	          0.14007675	          0.19455777	          0.19654621	          0.23051502	          0.29694214	          0.14422116	          0.07135184	          0.41774931	          0.25862907	          0.68101775	          0.17842291	          0.05000009	          0.05000006	          0.66301061	          0.56783395	          0.41219194	          0.27502216	          0.25456551	          0.17008162	          0.08045816	          0.09509113	          0.12790953	          0.05907262	          0.05000075	          0.08727743	          0.20710910	          0.29144750	          0.35720049	          0.31727333	          0.05000062	          0.05000421	          0.11639203	          0.41450875	          0.38176639	          0.37862480	          0.05000019	          0.05000020	          0.30287394	          0.08247597	          0.05000181	          0.05000021	          0.36851181	          0.40362489	          0.32341849	          0.05000005	          0.05000013	          0.05000001	          0.20004326	          0.05000964	          0.05000067	          0.60564860	          0.18095587	          0.16375234	          0.73612133	          0.90257312	          0.80806717	          0.12956520	          0.06256871	          0.05000010	
          0.08709033	         -2.88162219	         -1.99224134	          5.28646091	          0.13670665	          0.90681478	         -0.00104827	        -17.38789422	         -0.75064157	          7.65151703	         26.38006907	          5.69568362	         -0.35438075	        -21.18146928	        -20.37518899	        -12.01834269	          0.84385137	          7.93495178	         -6.81288203	         -6.83350628	          4.19848352	         35.11429316	         -3.70210359	         -3.20108119	          1.60859631	         -2.00482206	          1.40756642	        -13.45082010	         18.78793228	         -6.51239822	        -13.54157226	         11.98091582	         42.26026029	         15.81965807	         86.51662706	         86.51662706	          0.14754355	          0.05000074	          0.05000045	          0.20512727	          0.05794143	          0.05000286	          0.06100845	          0.05000057	          0.05000090	          0.05000031	          0.11257775	          0.22124360	          0.44321057	          0.25139380	          0.06979322	          0.05924774	          0.48796808	          0.29146775	          0.06576903	          0.05000487	          0.05000218	          0.05000225	          0.16590929	          0.32714837	          0.16064076	          0.05001930	          0.05904690	          0.11986790	          0.06978993	          0.06978990	          0.06921884	          0.11760860	          0.15090348	          0.11856461	          0.16474206	          0.16636193	          0.19512031	          0.25133957	          0.12207256	          0.06979020	          0.35359391	          0.32033685	          0.74808167	          0.18563032	          0.05381604	          0.05000006	          0.73612018	          0.61862170	          0.46312011	          0.27055783	          0.21547666	          0.18754404	          0.06810194	          0.08048777	          0.10826599	          0.05000135	          0.05000109	          0.07387419	          0.17533178	          0.24669232	          0.30381014	          0.31464989	          0.05000058	          0.05010044	          0.09851760	          0.42613277	          0.38253757	          0.36441877	          0.05000032	          0.05000026	          0.25636051	          0.06981010	          0.05000548	          0.05000013	          0.41417453	          0.49253553	          0.38178220	          0.05000008	          0.05000019	          0.05000002	          0.26010986	          0.05000107	          0.05000132	          0.64792484	          0.15316590	          0.13860452	          0.62307246	          0.91391627	          0.83235118	          0.13262124	          0.05295979	          0.05000011	
          0.09797662	         -2.86399068	         -2.11858023	          5.43959401	          0.15291761	          0.90666555	         -0.00069517	        -15.95975276	         -0.97499138	          7.44680004	         26.01639858	          6.05149102	         -0.08816994	        -24.79072825	        -21.57228820	        -12.94785407	          0.57012040	          9.03152691	         -7.45457315	         -6.51022506	          4.24177281	         32.70579036	         -3.83216795	         -3.14508820	          1.79355983	         -2.07928681	          1.09457345	        -13.44972492	         18.81900968	         -6.92285554	        -13.54580682	         12.41395300	         43.45582280	         15.13009437	         86.51662706	         86.51662706	          0.12488476	          0.05000136	          0.05000953	          0.17362604	          0.05001579	          0.05001694	          0.07132798	          0.05000043	          0.05000084	          0.05000027	          0.11691487	          0.23155861	          0.40193760	          0.21278774	          0.05907675	          0.05014904	          0.51293572	          0.36732439	          0.08586138	          0.05000916	          0.05000387	          0.05000194	          0.14640301	          0.27690692	          0.13597183	          0.05912556	          0.05000247	          0.10145938	          0.05907205	          0.05907203	          0.05858867	          0.09954701	          0.12772875	          0.10035618	          0.14020424	          0.39289673	          0.24998536	          0.25923875	          0.10332541	          0.05907226	          0.29929113	          0.27114147	          0.63319579	          0.18740653	          0.06892131	          0.05000005	          0.78201231	          0.64528734	          0.46017195	          0.22901537	          0.18240385	          0.15874633	          0.05764333	          0.06812708	          0.09163918	          0.05000022	          0.05000055	          0.06252925	          0.14840583	          0.20880901	          0.25715585	          0.28868379	          0.05000180	          0.05000377	          0.08338813	          0.42627337	          0.36817247	          0.31729638	          0.05000019	          0.05000023	          0.21699038	          0.05908963	          0.05000667	          0.05000134	          0.52072843	          0.57818956	          0.44513251	          0.05000018	          0.05000053	          0.05000025	          0.28483428	          0.05000121	          0.05000234	          0.65480494	          0.12964371	          0.12656181	          0.52738486	          0.89451129	          0.88084601	          0.12973720	          0.05000003	          0.05000009	
          0.10886291	         -2.84567035	         -2.23020184	          5.58026981	          0.16880010	          0.90687143	         -0.00033581	        -14.42420575	         -1.15802610	          7.22289205	         25.56794525	          6.41636667	          0.23645439	        -28.36814896	        -22.64029722	        -13.20513695	          0.61244050	          9.86317260	         -8.10083376	         -5.88830478	          4.29371687	         30.17621436	         -3.99445572	         -3.10078164	          1.95241444	         -2.14755065	          0.84008973	        -13.45132919	         18.89963351	         -7.27408486	        -13.53671077	         12.81903869	         44.53452749	         14.49849825	         86.51662706	         86.51662706	          0.10570579	          0.05000039	          0.05000026	          0.18318452	          0.05000703	          0.05000136	          0.07290942	          0.05000054	          0.05000109	          0.05000034	          0.15119945	          0.22397903	          0.38207334	          0.18011019	          0.05000993	          0.05000055	          0.51180217	          0.40015409	          0.10334405	          0.05000293	          0.05000143	          0.05000087	          0.13488383	          0.23438126	          0.11509028	          0.05004770	          0.05000117	          0.08587789	          0.05000021	          0.05000019	          0.05000007	          0.08583926	          0.11941840	          0.08494413	          0.11867262	          0.33255821	          0.21159430	          0.26488295	          0.08745735	          0.05000037	          0.25332793	          0.37228090	          0.56501526	          0.17625042	          0.06829195	          0.05000006	          0.81722463	          0.65073728	          0.43477676	          0.19384541	          0.15439235	          0.13436828	          0.05000037	          0.05766498	          0.07756587	          0.05000036	          0.05000083	          0.05292712	          0.13270904	          0.19756819	          0.24766213	          0.27660083	          0.05000086	          0.05001461	          0.07058245	          0.41900632	          0.34751483	          0.29016314	          0.05000024	          0.05000025	          0.18366655	          0.05001675	          0.05000889	          0.05000049	          0.51110666	          0.57580679	          0.44315289	          0.05000086	          0.05000203	          0.06482404	          0.30556250	          0.05000041	          0.05000055	          0.60707331	          0.10973398	          0.13457325	          0.44639245	          0.85818249	          0.83360640	          0.12973240	          0.05000005	          0.05000012	
          0.11974920	         -2.82786243	         -2.32526490	          5.70817815	          0.18438816	          0.90746161	          0.00002009	        -12.80184168	         -1.30972126	          6.97306310	         25.00804102	          6.78202386	          0.61663564	        -31.80121170	        -23.51694960	        -13.01545741	          0.85490912	         10.45388955	         -8.71036177	         -5.31996265	          4.36381829	         27.41425053	         -4.10394011	         -3.06501079	          2.08511234	         -2.20799458	          0.63527342	        -13.45174928	         19.01133094	         -7.57426568	        -13.51638878	         13.18071403	         45.49846299	         13.94035063	         86.51662706	         86.51662706	          0.08947223	          0.05000044	          0.05000035	          0.19926576	          0.05001245	          0.05000210	          0.06736670	          0.05620860	          0.05000736	          0.05351634	          0.18275894	          0.20525190	          0.35549837	          0.15245060	          0.05000497	          0.05000055	          0.51755080	          0.39454227	          0.15838887	          0.05000296	          0.05000135	          0.05000066	          0.12819713	          0.19838644	          0.09741555	          0.05000924	          0.05000116	          0.07268931	          0.05000007	          0.05000007	          0.05000005	          0.07265678	          0.10107926	          0.07189893	          0.10044905	          0.28148659	          0.17909927	          0.25595397	          0.07402624	          0.05000051	          0.24209265	          0.37398172	          0.48465916	          0.16497335	          0.05894684	          0.05000008	          0.84156877	          0.65372923	          0.42027020	          0.16407718	          0.13068320	          0.11373443	          0.05000111	          0.05109826	          0.06565428	          0.05000038	          0.05000082	          0.05000265	          0.15387404	          0.19597886	          0.25112295	          0.25949978	          0.05000067	          0.05001339	          0.05974403	          0.39875510	          0.31447970	          0.25400519	          0.05000021	          0.05000021	          0.15546036	          0.05000561	          0.05000345	          0.05000029	          0.48265677	          0.54551940	          0.42292105	          0.05015807	          0.05000125	          0.07933004	          0.33874230	          0.05000090	          0.05000131	          0.51601181	          0.09288181	          0.12999067	          0.37783832	          0.72639032	          0.72067175	          0.12067421	          0.05000006	          0.05000013	
          0.13063550	         -2.81112709	         -2.40278537	          5.81839651	          0.19971889	          0.90839073	          0.00036162	        -11.11322991	         -1.43136666	          6.69891524	         24.32498726	          7.13778296	          1.03836340	        -35.04801972	        -24.16805273	        -12.56412034	          1.18971098	         10.83260352	         -9.26545509	         -4.75160548	          4.47433248	         24.49057551	         -4.09922339	         -3.03573250	          2.19451195	         -2.25925708	          0.46206931	        -13.45052636	         19.12909665	         -7.83102486	        -13.49290517	         13.49642891	         46.37348816	         13.47362492	         86.51662706	         86.51662706	          0.07573177	          0.05000037	          0.05000025	          0.33977669	          0.05001126	          0.05000154	          0.05996592	          0.08116344	          0.05010595	          0.06623150	          0.18873089	          0.19065050	          0.33219312	          0.12903866	          0.05000420	          0.05000045	          0.51766126	          0.38513377	          0.17067672	          0.05000249	          0.05000110	          0.05000046	          0.12398834	          0.16791955	          0.08245518	          0.05000443	          0.05000073	          0.06152616	          0.05000007	          0.05000007	          0.05000004	          0.06553036	          0.08555716	          0.06085715	          0.08895711	          0.26710124	          0.15159501	          0.24684193	          0.06265780	          0.05000021	          0.20491591	          0.37084911	          0.41022823	          0.15459986	          0.05635955	          0.05000009	          0.85259970	          0.64548095	          0.41607776	          0.18277542	          0.11062608	          0.09627188	          0.05137512	          0.06924164	          0.06338605	          0.05000041	          0.05000067	          0.05000482	          0.16062340	          0.19423393	          0.25280760	          0.23763241	          0.05000059	          0.05001333	          0.05057505	          0.36409187	          0.26618692	          0.21499714	          0.05000018	          0.05000018	          0.13158585	          0.05000271	          0.05000237	          0.05000024	          0.46841432	          0.51599928	          0.39961868	          0.06099311	          0.05000087	          0.09588505	          0.36383761	          0.05000099	          0.05000128	          0.43682600	          0.07861769	          0.14206901	          0.31981233	          0.61485476	          0.64606944	          0.11265051	          0.05000007	          0.05000014	
          0.14152179	         -2.79581671	         -2.46120672	          5.90738819	          0.21482110	          0.90959349	          0.00068408	         -9.37505518	         -1.52525083	          6.40039618	         23.51104352	          7.47047110	          1.48517832	        -38.09148680	        -24.56773671	        -11.90208701	          1.52604590	         11.01717013	         -9.74753130	         -4.14016058	          4.59982861	         21.49203841	         -3.96795634	         -3.01247173	          2.28116707	         -2.30069673	          0.30537841	        -13.44972849	         19.23331330	         -8.04998497	        -13.47241179	         13.76355780	         47.18566418	         13.11116143	         86.51662706	         86.51662706	          0.06410158	          0.05000035	          0.05000022	          0.42134974	          0.05002861	          0.05000130	          0.05085498	          0.10309596	          0.05009373	          0.07347358	          0.19156538	          0.18440678	          0.29912475	          0.10922215	          0.05000314	          0.05000041	          0.51209070	          0.38178660	          0.17960922	          0.05000221	          0.05000091	          0.05000035	          0.12078187	          0.14213181	          0.06979233	          0.05000355	          0.05000066	          0.05207742	          0.05000007	          0.05000007	          0.05000004	          0.06333281	          0.07241849	          0.05247920	          0.08056392	          0.23799103	          0.12831459	          0.24336191	          0.05303529	          0.05000015	          0.17344726	          0.37191445	          0.34722875	          0.14467294	          0.05226995	          0.05000011	          0.85351812	          0.61893271	          0.40458738	          0.22250280	          0.11936245	          0.11154295	          0.06665267	          0.08762951	          0.06792887	          0.05000047	          0.05000069	          0.05000734	          0.13595702	          0.16441490	          0.21399021	          0.20292374	          0.05000077	          0.05001435	          0.08042948	          0.31029454	          0.22530776	          0.18197935	          0.05000021	          0.05000022	          0.11137785	          0.05000228	          0.05000148	          0.05000019	          0.43969428	          0.55717436	          0.43050974	          0.07887605	          0.05000072	          0.11210426	          0.39097897	          0.05114156	          0.05154187	          0.36974444	          0.06654416	          0.14509090	          0.27069764	          0.57343754	          0.62129479	          0.10522943	          0.05000008	          0.05000014	
          0.15240808	         -2.78234856	         -2.49897981	          5.97206981	          0.22971830	          0.91102201	          0.00098343	         -7.59889096	         -1.59310727	          6.07835480	         22.55369487	          7.76797409	          1.94511974	        -40.91736364	        -24.68815086	        -11.11233394	          1.82283875	         11.02748494	        -10.14513992	         -3.48129238	          4.72664138	         18.45729560	         -3.72577006	         -2.99504066	          2.34534142	         -2.33160241	          0.15581419	        -13.44975279	         19.31138339	         -8.23264559	        -13.45831864	         13.97946961	         47.94702314	         12.85451728	         86.51662706	         86.51662706	          0.05425779	          0.05000033	          0.05000020	          0.49931617	          0.05003245	          0.05000123	          0.05641952	          0.12775030	          0.08207954	          0.09001290	          0.19859421	          0.17645822	          0.27796020	          0.09244892	          0.05000290	          0.05000036	          0.50409582	          0.37140129	          0.19959973	          0.05000200	          0.05000077	          0.05000027	          0.11702850	          0.12316255	          0.05907420	          0.05000309	          0.05000055	          0.05000029	          0.05000007	          0.05000006	          0.05000004	          0.05387851	          0.06129717	          0.05000007	          0.07116802	          0.23853997	          0.10860980	          0.24736503	          0.05000025	          0.05000013	          0.14684103	          0.36353421	          0.30921467	          0.13738989	          0.05000192	          0.05000012	          0.84042789	          0.57880617	          0.39996546	          0.24338904	          0.18667519	          0.21565645	          0.08013468	          0.10468332	          0.07627982	          0.05439663	          0.05000104	          0.05000394	          0.11507795	          0.13916891	          0.18113104	          0.17247512	          0.05000087	          0.05001376	          0.08245603	          0.26264522	          0.19070661	          0.15403225	          0.05000027	          0.05000028	          0.09427329	          0.05000314	          0.05000558	          0.05000015	          0.45390713	          0.56179561	          0.43476126	          0.10090280	          0.05000051	          0.12976273	          0.41399881	          0.05050335	          0.06617877	          0.31296139	          0.05632485	          0.16877698	          0.22912568	          0.51188373	          0.61069676	          0.09784997	          0.05000008	          0.05000014	
          0.16329437	         -2.77118221	         -2.51637596	          6.01029473	          0.24441697	          0.91264968	          0.00125892	         -5.78864626	         -1.63686239	          5.73671668	         21.45509090	          8.02298174	          2.41102560	        -43.52611171	        -24.53091542	        -10.24791552	          2.07193946	         10.88263244	        -10.45274740	         -2.78532843	          4.85221485	         15.43140991	         -3.40232276	         -2.98457801	          2.38858413	         -2.35158498	          0.01217247	        -13.44979458	         19.35984449	         -8.37454164	        -13.45122041	         14.14332023	         48.65416999	         12.69428558	         86.51662706	         86.51662706	          0.05000927	          0.05000033	          0.05000018	          0.59683743	          0.06304211	          0.05000119	          0.05910005	          0.14733770	          0.08813990	          0.10348833	          0.19876214	          0.16632974	          0.26793400	          0.07825165	          0.05000241	          0.05000033	          0.49169236	          0.35502552	          0.21396718	          0.05000174	          0.05000062	          0.05000022	          0.11033717	          0.11184341	          0.05000221	          0.05000240	          0.05000050	          0.05000036	          0.05000007	          0.05000006	          0.05000004	          0.05000024	          0.05188371	          0.05000003	          0.06340681	          0.24632947	          0.09228708	          0.25514331	          0.05000030	          0.05000011	          0.15648674	          0.35336115	          0.29569687	          0.13165978	          0.05000038	          0.05000016	          0.82097789	          0.53305679	          0.38935900	          0.29268457	          0.27535216	          0.30626399	          0.08589090	          0.11299298	          0.08189659	          0.05378827	          0.05000093	          0.05000136	          0.09740525	          0.11780135	          0.15333034	          0.16291092	          0.05000073	          0.05000714	          0.06979420	          0.24391729	          0.16142013	          0.13037763	          0.05000019	          0.05000019	          0.07979558	          0.05000391	          0.08802371	          0.05000014	          0.43250976	          0.53739399	          0.41517938	          0.12829595	          0.05000035	          0.14810930	          0.43273581	          0.05000596	          0.07829029	          0.26489869	          0.05000035	          0.20302051	          0.19393811	          0.43327226	          0.56419670	          0.09249213	          0.05000012	          0.05000013	
          0.17418066	         -2.76249933	         -2.51460753	          6.02138037	          0.25891376	          0.91445256	          0.00151412	         -3.94742444	         -1.66040885	          5.38206169	         20.23778435	          8.23198607	          2.87783432	        -45.91945448	        -24.13406187	         -9.34136120	          2.27501777	         10.60246094	        -10.66373697	         -2.06319476	          4.97777411	         12.45924265	         -3.01720702	         -2.98289659	          2.41257405	         -2.36046478	         -0.12115241	        -13.44973597	         19.38296486	         -8.46897258	        -13.44970976	         14.25575441	         49.29552438	         12.61585691	         86.51662706	         86.51662706	          0.06333717	          0.05000032	          0.05000018	          0.62960796	          0.07831808	          0.05000116	          0.05273834	          0.15719891	          0.07462545	          0.11398213	          0.19775552	          0.15932692	          0.25554494	          0.06623487	          0.05000228	          0.05000031	          0.47558242	          0.34396454	          0.22543534	          0.05000156	          0.05000052	          0.05000019	          0.10470789	          0.10412684	          0.05000066	          0.05000248	          0.05000054	          0.05006701	          0.05000007	          0.05000007	          0.05000005	          0.05000017	          0.05000034	          0.05000003	          0.05373019	          0.21158852	          0.08401358	          0.26533119	          0.05000024	          0.05000010	          0.16459210	          0.34420022	          0.29317302	          0.12906947	          0.05000038	          0.05000017	          0.79416477	          0.49048542	          0.37193508	          0.37358192	          0.35795981	          0.37789867	          0.08192120	          0.10776215	          0.08096685	          0.05000046	          0.05000065	          0.05000095	          0.08244664	          0.09973226	          0.16676162	          0.16682424	          0.05000070	          0.05000498	          0.05907626	          0.24409338	          0.15059709	          0.12832658	          0.05000014	          0.05000014	          0.06754133	          0.05000291	          0.12668566	          0.05000019	          0.39278246	          0.48985635	          0.37703063	          0.16009551	          0.05000362	          0.16612565	          0.45109488	          0.05000198	          0.09763650	          0.22421716	          0.05032091	          0.23658350	          0.16415441	          0.36673315	          0.52452570	          0.09110974	          0.05000012	          0.05000013	
          0.18506695	         -2.75604563	         -2.49466124	          6.00537162	          0.27321339	          0.91639963	          0.00175161	         -2.08143022	         -1.66767540	          5.02085740	         18.92540308	          8.39258656	          3.33935826	        -48.09544726	        -23.53692395	         -8.40930605	          2.42301450	         10.20758819	        -10.77812675	         -1.33892721	          5.10203267	          9.58040642	         -2.59273620	         -2.99008542	          2.41869839	         -2.35810672	         -0.23946031	        -13.44970732	         19.38770370	         -8.51083892	        -13.45199739	         14.32030450	         49.85701956	         12.60270918	         86.51662706	         86.51662706	          0.06208220	          0.05000034	          0.05000019	          0.63638930	          0.09466946	          0.05000125	          0.05121474	          0.15425144	          0.06317563	          0.12592314	          0.19520176	          0.15334976	          0.24055420	          0.05606400	          0.05000205	          0.05000029	          0.45825499	          0.33029830	          0.23587826	          0.05000143	          0.05000045	          0.05000017	          0.09968072	          0.09910523	          0.05000077	          0.05000252	          0.05000054	          0.05602618	          0.05000008	          0.05000008	          0.05000005	          0.05000035	          0.05000107	          0.05000005	          0.05000256	          0.17909480	          0.07111865	          0.27556608	          0.05000020	          0.05000009	          0.19629718	          0.33418097	          0.29055740	          0.12667280	          0.05000034	          0.05000017	          0.75844970	          0.45781185	          0.35585224	          0.44709811	          0.42332767	          0.43086298	          0.07441606	          0.09826921	          0.07862318	          0.05000029	          0.05000052	          0.05000067	          0.06978532	          0.08464989	          0.18682361	          0.17648930	          0.05000065	          0.05000359	          0.05000466	          0.25261846	          0.15592140	          0.14427791	          0.05000011	          0.05000011	          0.05716917	          0.05000246	          0.16515999	          0.05000026	          0.34442486	          0.42819450	          0.32778928	          0.18829590	          0.08942583	          0.17930029	          0.46713517	          0.05000505	          0.13192388	          0.18978325	          0.09111497	          0.26494672	          0.13894468	          0.31041265	          0.50625240	          0.09223159	          0.05000013	          0.05000013	
          0.19595324	         -2.75133104	         -2.45664467	          5.96277181	          0.28732555	          0.91845177	          0.00197126	         -0.19800926	         -1.66077918	          4.65659051	         17.53911690	          8.50341145	          3.78859848	        -50.05250602	        -22.77465806	         -7.45262436	          2.50237578	          9.71960372	        -10.81117388	         -0.63234124	          5.22246319	          6.83745079	         -2.14933320	         -3.00529378	          2.40778861	         -2.34444891	         -0.33907342	        -13.44977588	         19.37993114	         -8.49655175	        -13.45663658	         14.34383239	         50.32609602	         12.63827949	         86.51662706	         86.51662706	          0.07223670	          0.05000035	          0.05000019	          0.53887913	          0.11205500	          0.05000133	          0.05056694	          0.14289243	          0.05348460	          0.14139434	          0.19703403	          0.14782306	          0.22302516	          0.05000259	          0.05000180	          0.05000027	          0.43686542	          0.31943630	          0.24880468	          0.05000127	          0.05000038	          0.05000015	          0.09524554	          0.09436009	          0.05000075	          0.05000266	          0.05000057	          0.06012748	          0.05000008	          0.05000008	          0.05000006	          0.05000031	          0.05000074	          0.05000003	          0.05000099	          0.15159078	          0.06585043	          0.28373648	          0.05000040	          0.05000011	          0.25445397	          0.32280553	          0.30093151	          0.12380945	          0.05000028	          0.05000017	          0.71581413	          0.43080982	          0.34125843	          0.48154581	          0.46577068	          0.46947172	          0.06497311	          0.08455939	          0.07541238	          0.05000017	          0.05000042	          0.05000050	          0.05906864	          0.07539874	          0.18819035	          0.18401155	          0.05000063	          0.05000268	          0.05000106	          0.26116581	          0.16396880	          0.15917399	          0.05000009	          0.05000009	          0.05000132	          0.05000234	          0.20115828	          0.05000050	          0.30485193	          0.36244972	          0.27773512	          0.21991734	          0.13514866	          0.18937374	          0.48002448	          0.05000476	          0.15807682	          0.16063749	          0.15800387	          0.29578162	          0.11760649	          0.26274149	          0.49368029	          0.09364770	          0.05000014	          0.05000013	
          0.20683953	         -2.74781503	         -2.40067872	          5.89438448	          0.30126087	          0.92056449	          0.00217171	          1.69519584	         -1.64090471	          4.28913517	         16.09741492	          8.56520041	          4.22080442	        -51.78978429	        -21.87979190	         -6.47231253	          2.51261810	          9.16156475	        -10.78013725	          0.04608982	          5.33559079	          4.28520430	         -1.70601059	         -3.02759248	          2.38088771	         -2.31960302	         -0.41734873	        -13.45000800	         19.36358572	         -8.42330266	        -13.46245894	         14.33480580	         50.69305051	         12.70662757	         86.51662706	         86.51662706	          0.07599504	          0.05000037	          0.05000021	          0.45612488	          0.09749128	          0.05000148	          0.05009350	          0.12094857	          0.05001005	          0.15508703	          0.19054638	          0.14009792	          0.20683320	          0.05000308	          0.05000168	          0.05000026	          0.41389842	          0.29904787	          0.25589105	          0.05000117	          0.05000034	          0.05000014	          0.08977280	          0.09001773	          0.05000079	          0.05000290	          0.05000061	          0.06027359	          0.05000009	          0.05000009	          0.05000006	          0.05000005	          0.05000012	          0.05000001	          0.05000056	          0.12831050	          0.06333733	          0.28742425	          0.05000031	          0.05000013	          0.30721147	          0.32306341	          0.32324707	          0.11972599	          0.05000045	          0.05000017	          0.66571433	          0.40376465	          0.32807908	          0.50130805	          0.48888834	          0.49626854	          0.05827496	          0.07305374	          0.07347506	          0.05000016	          0.05000041	          0.05000042	          0.05000147	          0.06384876	          0.15930191	          0.18390326	          0.05000067	          0.05000229	          0.05000097	          0.26143487	          0.16462504	          0.16254343	          0.05000008	          0.05000008	          0.05000140	          0.05000232	          0.24162909	          0.05000104	          0.26915910	          0.30678744	          0.23508339	          0.25088217	          0.18114899	          0.19486475	          0.48908266	          0.05000325	          0.18129385	          0.13596775	          0.21936448	          0.32589570	          0.09954527	          0.22239137	          0.49368261	          0.09352555	          0.05000012	          0.05000014	
          0.21772583	         -2.74503027	         -2.32841621	          5.80135235	          0.31502976	          0.92269325	          0.00235218	          3.58896646	         -1.60950311	          3.91913008	         14.61654429	          8.58210182	          4.63407207	        -53.30231286	        -20.88143121	         -5.47596602	          2.45649653	          8.55321866	        -10.70486743	          0.68843249	          5.43591807	          1.98106779	         -1.26611663	         -3.05625738	          2.34059805	         -2.28403216	         -0.47191259	        -13.45034259	         19.34214267	         -8.28873583	        -13.46843484	         14.30176653	         50.94918093	         12.79295746	         86.51662706	         86.51662706	          0.06978637	          0.05000038	          0.05000020	          0.38607700	          0.08253633	          0.05000150	          0.05003376	          0.10237416	          0.05000235	          0.15936703	          0.18170512	          0.13645355	          0.19862835	          0.05000257	          0.05000157	          0.05000026	          0.38932234	          0.28889854	          0.24616334	          0.05000102	          0.05000030	          0.05000014	          0.08619681	          0.08616250	          0.05000069	          0.05000282	          0.05000064	          0.06059136	          0.05000012	          0.05000012	          0.05000009	          0.05000075	          0.05000145	          0.05000011	          0.05000022	          0.10860541	          0.05361082	          0.29348722	          0.05000039	          0.05000016	          0.34971619	          0.32127718	          0.35352423	          0.11535832	          0.05000036	          0.05000018	          0.61254946	          0.37751668	          0.31713130	          0.49304387	          0.49988683	          0.51343303	          0.05579239	          0.06508553	          0.07237257	          0.05000015	          0.05000043	          0.05000036	          0.05000112	          0.05406189	          0.13484092	          0.17695884	          0.05000076	          0.05000197	          0.05000086	          0.25598330	          0.16069793	          0.15764502	          0.05000008	          0.05000008	          0.05000137	          0.05000269	          0.27292386	          0.05000223	          0.23403505	          0.25967318	          0.19898115	          0.28098284	          0.22462172	          0.19619491	          0.49493834	          0.05000352	          0.20174365	          0.11508665	          0.27537574	          0.35318889	          0.08425779	          0.18823797	          0.49721315	          0.09142249	          0.05000014	          0.05000014	
          0.22861212	         -2.74260874	         -2.24302104	          5.68459639	          0.32864100	          0.92479491	          0.00251394	          5.47348471	         -1.56811192	          3.54877325	         13.11225150	          8.56099298	          5.02696464	        -54.58432944	        -19.80788708	         -4.45220254	          2.33808620	          7.91327820	        -10.60683030	          1.26773227	          5.51464334	         -0.02318464	         -0.81897539	         -3.09098082	          2.29080593	         -2.23815172	         -0.50028246	        -13.45049130	         19.31858714	         -8.09072191	        -13.47371087	         14.25353403	         51.08605949	         12.88420276	         86.51662706	         86.51662706	          0.05907120	          0.05000040	          0.05000022	          0.32678606	          0.06986379	          0.05000155	          0.05002898	          0.08665225	          0.05000172	          0.17432307	          0.17817869	          0.13383798	          0.19259026	          0.05000245	          0.05000148	          0.05000025	          0.36391473	          0.27784150	          0.24807607	          0.05000091	          0.05000027	          0.05000013	          0.08185425	          0.08203623	          0.05000070	          0.05000272	          0.05000067	          0.05805235	          0.05000014	          0.05000014	          0.05000010	          0.05000107	          0.05908150	          0.05013855	          0.05000018	          0.09192649	          0.05000072	          0.29984965	          0.05000037	          0.05000016	          0.40475918	          0.32406355	          0.41502987	          0.11044788	          0.05000036	          0.05000019	          0.55968491	          0.35102639	          0.30425956	          0.47527513	          0.49979200	          0.52144752	          0.05678683	          0.06156130	          0.07104956	          0.05000017	          0.05000049	          0.05000033	          0.05000089	          0.05002738	          0.11413498	          0.16383920	          0.05000093	          0.05000183	          0.05000087	          0.24418782	          0.15251314	          0.14700884	          0.05000009	          0.05000009	          0.05000141	          0.05000325	          0.29724800	          0.05000313	          0.19813646	          0.21979437	          0.16842312	          0.31006652	          0.26674813	          0.19393493	          0.49823033	          0.05000421	          0.21830059	          0.09741234	          0.32500840	          0.37657397	          0.07131807	          0.15932964	          0.49923535	          0.08854025	          0.05000015	          0.05000015	
          0.23949841	         -2.74026909	         -2.14868238	          5.54531836	          0.34209796	          0.92682416	          0.00265894	          7.34340414	         -1.51872942	          3.18009035	         11.60059491	          8.51041228	          5.40130958	        -55.64130996	        -18.68835916	         -3.39426071	          2.16557634	          7.25853035	        -10.50513997	          1.76441403	          5.56341940	         -1.66206398	         -0.35259211	         -3.13221175	          2.23633961	         -2.18257567	         -0.49935901	        -13.45035318	         19.29623688	         -7.82775366	        -13.47801467	         14.19773570	         51.09682233	         12.97116020	         86.51662706	         86.51662706	          0.05000100	          0.05000042	          0.05000029	          0.27660048	          0.05913598	          0.05000174	          0.05002842	          0.07334481	          0.05000171	          0.19121075	          0.17807551	          0.12871944	          0.19112072	          0.05000296	          0.05000149	          0.05000025	          0.33966490	          0.26228305	          0.24937550	          0.05000093	          0.05000029	          0.05000015	          0.07615873	          0.07785781	          0.05000161	          0.05000723	          0.05000097	          0.05476921	          0.05000016	          0.05000016	          0.05000012	          0.06074397	          0.05000829	          0.05000001	          0.05000015	          0.07780902	          0.05000022	          0.31076195	          0.05907104	          0.05000018	          0.43120441	          0.32622622	          0.49202046	          0.10594610	          0.05000061	          0.05000019	          0.50995657	          0.32609436	          0.29218790	          0.45608398	          0.49437200	          0.52246323	          0.05893898	          0.05996903	          0.06869455	          0.05000021	          0.05000058	          0.05000031	          0.05000074	          0.05001553	          0.09660847	          0.14551227	          0.05000120	          0.05000172	          0.05000093	          0.22819616	          0.14129558	          0.13067873	          0.05000010	          0.05000010	          0.05000141	          0.05000415	          0.31396979	          0.05000269	          0.16770985	          0.18603992	          0.14255803	          0.33771028	          0.30592709	          0.18894808	          0.49966955	          0.05000523	          0.23030209	          0.08245235	          0.36507082	          0.39512400	          0.06036558	          0.13486087	          0.49987771	          0.08554335	          0.05000013	          0.05000017	
          0.25038470	         -2.73777055	         -2.04969035	          5.38501976	          0.35540618	          0.92873689	          0.00278953	          9.19338043	         -1.46437662	          2.81518526	         10.09434837	          8.43882681	          5.76060273	        -56.47766489	        -17.54713298	         -2.31561671	          1.94715119	          6.60107599	        -10.41581897	          2.14409388	          5.58058035	         -2.88289067	          0.14065131	         -3.18010860	          2.18188785	         -2.11819358	         -0.46692272	        -13.45013648	         19.27834552	         -7.50031976	        -13.48136975	         14.13989418	         50.97671405	         13.04930431	         86.51662706	         86.51662706	          0.05000119	          0.05000043	          0.05000028	          0.23412208	          0.05005809	          0.05000176	          0.05000663	          0.06208103	          0.05000066	          0.18166660	          0.15077212	          0.12548355	          0.19295128	          0.05000290	          0.05000146	          0.05000025	          0.31593093	          0.25044758	          0.21108329	          0.05000082	          0.05000026	          0.05000015	          0.07478535	          0.07684594	          0.05000122	          0.05000751	          0.05000119	          0.05286531	          0.05000030	          0.05000029	          0.05000020	          0.05141538	          0.05000030	          0.05307819	          0.05000017	          0.06585976	          0.05000144	          0.28096910	          0.05000015	          0.05000041	          0.47474661	          0.34021316	          0.50489456	          0.10245194	          0.05000095	          0.05000019	          0.46839159	          0.30659368	          0.28403369	          0.44021470	          0.49054335	          0.52423146	          0.05999999	          0.05683614	          0.06574415	          0.05000027	          0.05000076	          0.05000032	          0.05000068	          0.05001095	          0.08177358	          0.12736571	          0.05000169	          0.05000174	          0.05000102	          0.21057349	          0.12821427	          0.11268951	          0.05000012	          0.05000013	          0.05000147	          0.05000605	          0.32594171	          0.05000321	          0.14195654	          0.15746938	          0.12066532	          0.36374564	          0.34297809	          0.18202588	          0.50000292	          0.05000592	          0.23848886	          0.06978982	          0.39320893	          0.40834253	          0.05109520	          0.11414987	          0.49880450	          0.08403188	          0.05000012	          0.05000018	
          0.26127099	         -2.73491420	         -1.94906280	          5.20508100	          0.36858183	          0.93050113	          0.00290831	         11.01023116	         -1.40810538	          2.45930548	          8.60077154	          8.35243071	          6.10642653	        -57.07369363	        -16.40019825	         -1.27798874	          1.68752293	          5.95317482	        -10.34979150	          2.35247006	          5.57103204	         -3.67224600	          0.66331430	         -3.23350910	          2.13045226	         -2.04568401	         -0.40271625	        -13.44983423	         19.26742808	         -7.11167358	        -13.48340642	         14.08423142	         50.72130724	         13.11760984	         86.51662706	         86.51662706	          0.05000082	          0.05000045	          0.05000032	          0.19816722	          0.05000617	          0.05000171	          0.05001031	          0.05254716	          0.05000061	          0.20765611	          0.16459035	          0.12770241	          0.17606685	          0.05000291	          0.05000144	          0.05000027	          0.29396796	          0.24020688	          0.18969934	          0.05000078	          0.05000026	          0.05000016	          0.07151157	          0.07458853	          0.05000138	          0.05001089	          0.05000128	          0.05003538	          0.05000031	          0.05000032	          0.05000024	          0.05000302	          0.05002920	          0.05210454	          0.05000014	          0.05574557	          0.05000040	          0.29208466	          0.07471367	          0.05000045	          0.48637091	          0.32847313	          0.48749498	          0.09813912	          0.05375352	          0.05000018	          0.44013562	          0.29713367	          0.27800081	          0.46170781	          0.50974823	          0.53036139	          0.05902126	          0.05432539	          0.06147919	          0.05000032	          0.05000089	          0.05000031	          0.05000063	          0.05000910	          0.06921739	          0.11166193	          0.05000223	          0.05000168	          0.05000108	          0.20110763	          0.12274862	          0.10250444	          0.05000014	          0.05000014	          0.05000135	          0.05000597	          0.32924171	          0.06060376	          0.12025063	          0.13328701	          0.10213595	          0.38802499	          0.37741752	          0.17332705	          0.50022601	          0.05027071	          0.24562621	          0.05907194	          0.40710146	          0.41569753	          0.05000062	          0.09661955	          0.49791979	          0.08174414	          0.05000011	          0.05000020	
          0.27215728	         -2.73169417	         -1.84870228	          5.00770127	          0.38163685	          0.93209101	          0.00301712	         12.78613400	         -1.35315267	          2.11117477	          7.12257110	          8.25507273	          6.43810434	        -57.43840844	        -15.25495361	         -0.24699989	          1.39264217	          5.31053902	        -10.31315228	          2.42928548	          5.53995480	         -4.16632940	          1.21330090	         -3.29211572	          2.08333111	         -1.96563600	         -0.30646612	        -13.44977567	         19.26544177	         -6.66681839	        -13.48391050	         14.03323895	         50.32968844	         13.18083132	         86.51662706	         86.51662706	          0.05000050	          0.05000046	          0.05000043	          0.16773407	          0.05000253	          0.05000198	          0.05000880	          0.05000050	          0.05000055	          0.22490531	          0.17488056	          0.12558867	          0.16497868	          0.05000263	          0.05000125	          0.05000025	          0.27631467	          0.23305815	          0.16057834	          0.05000080	          0.05000028	          0.05000017	          0.07271299	          0.07626787	          0.05003205	          0.05014461	          0.05000172	          0.05000131	          0.05000030	          0.05000031	          0.05000023	          0.05000003	          0.05000007	          0.05000000	          0.05000019	          0.06052421	          0.05000233	          0.28442141	          0.08844403	          0.05000178	          0.50829602	          0.33490966	          0.50452444	          0.09401336	          0.05705344	          0.05000019	          0.41781477	          0.29144971	          0.27340653	          0.49397836	          0.52816004	          0.52892534	          0.05768117	          0.05054915	          0.05798617	          0.05000035	          0.05000105	          0.05000029	          0.05000056	          0.05000702	          0.05859099	          0.10076903	          0.07837564	          0.05000155	          0.05000104	          0.19741439	          0.12081947	          0.09441605	          0.05000015	          0.05000015	          0.05000121	          0.05000677	          0.32793800	          0.07067887	          0.10974700	          0.11282662	          0.08995531	          0.41080953	          0.40911255	          0.16352371	          0.49964901	          0.05568425	          0.24662222	          0.05000010	          0.41954335	          0.42181486	          0.05000073	          0.08178145	          0.49651401	          0.07983648	          0.05000012	          0.05000022	
          0.28304357	         -2.72825304	         -1.74841415	          4.79453729	          0.39458673	          0.93349387	          0.00311652	         14.51307385	         -1.30015363	          1.77029678	          5.65740628	          8.14772089	          6.75336889	        -57.57958157	        -14.11021295	          0.76656597	          1.06628563	          4.67905961	        -10.30955715	          2.49501430	          5.49464625	         -4.44816444	          1.78202472	         -3.35542652	          2.03954269	         -1.87832836	         -0.17931908	        -13.44998139	         19.27303047	         -6.17226153	        -13.48257802	         13.98803495	         49.80238432	         13.24722502	         86.51662706	         86.51662706	          0.05000079	          0.05000048	          0.05000034	          0.14197468	          0.05000741	          0.05000193	          0.05000535	          0.05000041	          0.05000036	          0.21810438	          0.16819049	          0.12925731	          0.14524102	          0.05000214	          0.05000118	          0.05000025	          0.25853057	          0.22381380	          0.13591849	          0.05000068	          0.05000024	          0.05000016	          0.07537082	          0.07920617	          0.05000127	          0.05001628	          0.05000163	          0.05000144	          0.05000056	          0.05000057	          0.05000045	          0.05000007	          0.05000015	          0.05000002	          0.05000015	          0.05123528	          0.05000130	          0.28938121	          0.09319201	          0.05017385	          0.53924467	          0.34205359	          0.51466728	          0.09054679	          0.05648807	          0.05000020	          0.40194803	          0.28433710	          0.26398551	          0.51455739	          0.53884930	          0.52743243	          0.05503602	          0.05001542	          0.05434091	          0.05000041	          0.05000125	          0.05000029	          0.05000056	          0.05000680	          0.05001144	          0.09184673	          0.11865201	          0.05000156	          0.05000109	          0.18443703	          0.11331678	          0.08685058	          0.05000017	          0.05000017	          0.05000108	          0.05000588	          0.32526491	          0.08018049	          0.10282736	          0.10274704	          0.08496137	          0.43255527	          0.43886620	          0.15223953	          0.49877879	          0.05001609	          0.24466017	          0.05000008	          0.43363135	          0.42673330	          0.05000077	          0.06922221	          0.49842603	          0.07633693	          0.05000013	          0.05000023	
          0.29392986	         -2.72474161	         -1.64800428	          4.56604264	          0.40745508	          0.93470763	          0.00320734	         16.17817145	         -1.25024590	          1.43750729	          4.19979808	          8.03011649	          7.05104185	        -57.48726685	        -12.95984024	          1.74344354	          0.71215602	          4.06046197	        -10.33516463	          2.54349786	          5.43736025	         -4.60203851	          2.36420746	         -3.42204019	          1.99839858	         -1.78436859	         -0.02537043	        -13.45013267	         19.28895657	         -5.63590088	        -13.47940622	         13.94793989	         49.14185758	         13.32813914	         86.51662706	         86.51662706	          0.05000054	          0.05000049	          0.05000043	          0.12017125	          0.05000322	          0.05000201	          0.05000445	          0.05000035	          0.05000028	          0.19286641	          0.18407120	          0.13432176	          0.13068638	          0.05000200	          0.05000108	          0.05000024	          0.24430247	          0.22384285	          0.11504548	          0.05000068	          0.05000026	          0.05000017	          0.07983956	          0.08403474	          0.05000624	          0.05798913	          0.05000211	          0.05000124	          0.05000074	          0.05000079	          0.05000067	          0.05000008	          0.05000017	          0.05000002	          0.05000015	          0.05000082	          0.05000071	          0.29851785	          0.11742928	          0.05000130	          0.55023538	          0.34372298	          0.52821134	          0.08640551	          0.05467300	          0.05000021	          0.38833861	          0.27596641	          0.25207819	          0.53220209	          0.54424575	          0.51807034	          0.05186128	          0.05000803	          0.05125223	          0.05000043	          0.05000138	          0.05000028	          0.05000053	          0.05000613	          0.05001329	          0.08357199	          0.15497914	          0.05000148	          0.05000107	          0.17559694	          0.10921880	          0.07842293	          0.05000018	          0.05000018	          0.05000096	          0.05000572	          0.31745918	          0.08856498	          0.09656596	          0.09626842	          0.08052992	          0.45402528	          0.46831472	          0.14065729	          0.49816392	          0.05000979	          0.24445766	          0.05000010	          0.44176650	          0.42857236	          0.05000086	          0.05859199	          0.48647542	          0.07099521	          0.05000014	          0.05000024	
          0.30481616	         -2.72140391	         -1.54694574	          4.32185914	          0.42026730	          0.93573344	          0.00329037	         17.76503171	         -1.20324238	          1.11482531	          2.74397742	          7.90093428	          7.33042903	        -57.14405950	        -11.79613451	          2.67887310	          0.32671719	          3.46067532	        -10.38534115	          2.56855388	          5.36935236	         -4.69903515	          2.96131595	         -3.49060613	          1.95904178	         -1.68458390	          0.14951195	        -13.45013528	         19.31092124	         -5.06660117	        -13.47477649	         13.90993380	         48.35376503	         13.43837925	         86.51662706	         86.51662706	          0.05000053	          0.05000047	          0.05000041	          0.10171626	          0.05000332	          0.05000187	          0.05000378	          0.05000032	          0.05000023	          0.16324738	          0.19954990	          0.14267767	          0.12007660	          0.05000177	          0.05000097	          0.05000023	          0.23038444	          0.22260140	          0.09737793	          0.05000061	          0.05000024	          0.05000016	          0.08601436	          0.09041680	          0.05000346	          0.09260788	          0.05000229	          0.05000101	          0.05000057	          0.05000060	          0.05000044	          0.05000005	          0.05000012	          0.05000001	          0.05000015	          0.05000116	          0.05000079	          0.30279565	          0.13072889	          0.05012385	          0.56952604	          0.34838077	          0.53306300	          0.08252606	          0.05198249	          0.05000024	          0.37670461	          0.26650663	          0.23894019	          0.54393669	          0.54601367	          0.50888524	          0.05010241	          0.05000622	          0.05001488	          0.05000050	          0.05000163	          0.05000028	          0.05000055	          0.05000590	          0.05001219	          0.07612628	          0.19049224	          0.05000150	          0.05000113	          0.16371489	          0.10445891	          0.07460002	          0.05000020	          0.05000021	          0.05000098	          0.05000561	          0.30898657	          0.09558126	          0.09076998	          0.09055354	          0.07645767	          0.47505946	          0.49760843	          0.12827052	          0.49804990	          0.05000444	          0.24372547	          0.05000010	          0.44682519	          0.42831232	          0.05000108	          0.05000326	          0.45573560	          0.06503994	          0.05000015	          0.05000025	
          0.31570245	         -2.71851270	         -1.44507783	          4.06133166	          0.43304746	          0.93657282	          0.00336667	         19.25718040	         -1.15859460	          0.80422083	          1.28555227	          7.75923632	          7.59121257	        -56.53245479	        -10.61389238	          3.56155524	         -0.09048682	          2.88264281	        -10.45482710	          2.58826293	          5.29030487	         -4.77936586	          3.57200419	         -3.55999660	          1.92108858	         -1.57991503	          0.33873196	        -13.45000845	         19.33587561	         -4.47341886	        -13.46932735	         13.87048302	         47.44620834	         13.59422451	         86.51662706	         86.51662706	          0.05000043	          0.05000048	          0.05000048	          0.08609549	          0.05000240	          0.05000182	          0.05000280	          0.05000027	          0.05000019	          0.13817693	          0.20904930	          0.15152966	          0.11312758	          0.05000197	          0.05000101	          0.05000024	          0.21879865	          0.21456240	          0.08242360	          0.05000064	          0.05000026	          0.05000019	          0.09265467	          0.09793352	          0.05010562	          0.13341696	          0.05000279	          0.05000102	          0.05000079	          0.05000081	          0.05000053	          0.05000008	          0.05000016	          0.05000002	          0.05000015	          0.05000069	          0.05000062	          0.30824131	          0.14622066	          0.05098024	          0.56966321	          0.35000413	          0.53206239	          0.07883687	          0.05000469	          0.05000025	          0.36421398	          0.25611002	          0.22643820	          0.55845280	          0.54526085	          0.49433139	          0.05000954	          0.05000392	          0.05000347	          0.05000051	          0.05000179	          0.05000027	          0.05000051	          0.05000533	          0.05001101	          0.06802539	          0.22308851	          0.05000141	          0.05000109	          0.15589315	          0.10105677	          0.06657798	          0.05000021	          0.05000021	          0.05000084	          0.05000540	          0.29797361	          0.10095866	          0.08661787	          0.08657704	          0.07355195	          0.49570835	          0.52651892	          0.11614614	          0.49820610	          0.05000370	          0.24411169	          0.05000011	          0.44660729	          0.42576464	          0.05000120	          0.05000320	          0.41564575	          0.05956792	          0.05000015	          0.05000025	
          0.32658874	         -2.71634367	         -1.34216487	          3.78390374	          0.44581732	          0.93722641	          0.00343729	         20.64072530	         -1.11507947	          0.50848781	         -0.17844483	          7.60410334	          7.83294744	        -55.64057181	         -9.41014831	          4.37671894	         -0.54230703	          2.33161109	        -10.53927514	          2.60511870	          5.20223046	         -4.86577476	          4.20004119	         -3.62931422	          1.88403265	         -1.47118975	          0.53555960	        -13.44984881	         19.36004808	         -3.86495500	        -13.46369731	         13.82825025	         46.42922636	         13.81087226	         86.51662706	         86.51662706	          0.05000043	          0.05000048	          0.05000048	          0.07287371	          0.05000239	          0.05000182	          0.05000224	          0.05000024	          0.05000016	          0.11695663	          0.22466533	          0.16097557	          0.11735173	          0.05000185	          0.05000097	          0.05000025	          0.20634795	          0.21195682	          0.06976591	          0.05000061	          0.05000026	          0.05000019	          0.09995433	          0.10533500	          0.06405887	          0.14675531	          0.05000327	          0.05000081	          0.05000074	          0.05000076	          0.05000044	          0.05000008	          0.05000017	          0.05000002	          0.05000016	          0.05000059	          0.05000057	          0.31157462	          0.15502352	          0.05311842	          0.56327299	          0.35087916	          0.52321107	          0.07547781	          0.05000066	          0.05000031	          0.35288882	          0.24519062	          0.21243408	          0.55839296	          0.53623956	          0.47758325	          0.05008026	          0.05000547	          0.05000809	          0.05000058	          0.05000206	          0.05000027	          0.05000053	          0.05000520	          0.05001095	          0.06603411	          0.25353374	          0.05000142	          0.05000114	          0.14428432	          0.09658832	          0.06289507	          0.05000023	          0.05000023	          0.05000087	          0.05000527	          0.28401587	          0.10407106	          0.08241132	          0.08265082	          0.07036276	          0.51588610	          0.55498981	          0.10355116	          0.49862127	          0.05000379	          0.24546952	          0.05000012	          0.44270785	          0.42142446	          0.05000138	          0.05000282	          0.37428967	          0.05513698	          0.05000022	          0.05000025	
          0.33747503	         -2.71516183	         -1.23798973	          3.48922568	          0.45859623	          0.93769374	          0.00350315	         21.90509627	         -1.07041985	          0.23041407	         -1.64912896	          7.43515144	          8.05393448	        -54.46375380	         -8.18508313	          5.10375660	         -1.03017253	          1.81224168	        -10.63638242	          2.62098956	          5.10463488	         -4.97002133	          4.85003025	         -3.69783463	          1.84727202	         -1.35881020	          0.73340752	        -13.44972025	         19.37888372	         -3.24884461	        -13.45844420	         13.78600773	         45.31454414	         14.10038427	         86.51662706	         86.51662706	          0.05000043	          0.05000050	          0.05000051	          0.06168253	          0.05000222	          0.05000176	          0.05000174	          0.05000022	          0.05000014	          0.09899520	          0.23974295	          0.17289921	          0.12926551	          0.05000208	          0.05000104	          0.05000027	          0.19551979	          0.20906210	          0.05905236	          0.05000062	          0.05000027	          0.05000021	          0.10977500	          0.11486939	          0.09368071	          0.15114876	          0.05000305	          0.05000066	          0.05000072	          0.05000073	          0.05000038	          0.05000009	          0.05000018	          0.05000003	          0.05000018	          0.05000058	          0.05000058	          0.31257546	          0.15944839	          0.05603478	          0.54468325	          0.35084455	          0.50335044	          0.07266504	          0.05000053	          0.05000034	          0.34011396	          0.23271957	          0.19823181	          0.55028733	          0.52186369	          0.45818091	          0.05007905	          0.05000505	          0.05000679	          0.05000059	          0.05000218	          0.05000027	          0.05000053	          0.05000493	          0.05001075	          0.06199121	          0.28421707	          0.05000139	          0.05000114	          0.13247192	          0.09223178	          0.05863408	          0.05000024	          0.05000023	          0.05000081	          0.05000514	          0.26822579	          0.09599731	          0.07886797	          0.07938832	          0.06753019	          0.53544014	          0.58295100	          0.09117501	          0.49868594	          0.05000365	          0.24691336	          0.05000014	          0.43721414	          0.41594909	          0.05000147	          0.05000233	          0.33150351	          0.05156852	          0.05000028	          0.05000025	
          0.34836132	         -2.71515020	         -1.13254564	          3.17725547	          0.47140119	          0.93797309	          0.00356419	         23.04300184	         -1.02203540	         -0.02895035	         -3.12366483	          7.25267893	          8.25344220	        -53.00369873	         -6.94663247	          5.72112279	         -1.55444121	          1.32952451	        -10.74365321	          2.63832539	          4.99874628	         -5.09593953	          5.52855141	         -3.76486048	          1.81056824	         -1.24325438	          0.92576367	        -13.44972533	         19.38743048	         -2.63103715	        -13.45406796	         13.75056053	         44.11525480	         14.47022174	         86.51662706	         86.51662706	          0.05000043	          0.05000050	          0.05000052	          0.05221030	          0.05000212	          0.05000172	          0.05000128	          0.05000021	          0.05000013	          0.08379218	          0.25085737	          0.18445422	          0.14553643	          0.05000234	          0.05000110	          0.05000029	          0.18588632	          0.19804216	          0.05000182	          0.05000063	          0.05000029	          0.05000023	          0.12102765	          0.12586794	          0.13137378	          0.14754241	          0.05000291	          0.05000058	          0.05000061	          0.05000060	          0.05000030	          0.05000011	          0.05000023	          0.05000004	          0.05000021	          0.05000056	          0.05000058	          0.31204583	          0.16224542	          0.05961560	          0.51551159	          0.35023737	          0.47324710	          0.07116664	          0.05000066	          0.05000045	          0.32705986	          0.22065661	          0.18447959	          0.54799533	          0.50877592	          0.43924610	          0.05114570	          0.05000482	          0.05000544	          0.05000068	          0.05000252	          0.05000027	          0.05000054	          0.05000468	          0.05001066	          0.05605853	          0.31469134	          0.05000140	          0.05000119	          0.12343664	          0.09050603	          0.05692438	          0.05000026	          0.05000026	          0.05000081	          0.05000510	          0.25157766	          0.08125625	          0.07480254	          0.07553848	          0.06420555	          0.55409147	          0.60974067	          0.07945751	          0.49851793	          0.05000287	          0.24849312	          0.05000015	          0.43108152	          0.40958750	          0.05000165	          0.05000213	          0.28983639	          0.05000027	          0.05000027	          0.05000025	
          0.35924761	         -2.71634797	         -1.02632582	          2.84830913	          0.48424937	          0.93806177	          0.00361889	         24.04982247	         -0.96796063	         -0.27062229	         -4.59592099	          7.05752118	          8.43258571	        -51.26682895	         -5.70936021	          6.21155773	         -2.11230877	          0.88652771	        -10.85675399	          2.65748501	          4.88496758	         -5.24348924	          6.24390506	         -3.82923333	          1.77449955	         -1.12508602	          1.10605134	        -13.44980748	         19.38062126	         -2.01586179	        -13.45105724	         13.73231205	         42.84504769	         14.92224955	         86.51662706	         86.51662706	          0.05000046	          0.05000056	          0.05000059	          0.05000182	          0.05000215	          0.05000180	          0.05000085	          0.05000021	          0.05000013	          0.07092395	          0.25879493	          0.19503304	          0.16298222	          0.05000289	          0.05000127	          0.05000033	          0.17687999	          0.18267958	          0.05000198	          0.05000070	          0.05000033	          0.05000027	          0.13462118	          0.13835441	          0.17259815	          0.14827353	          0.05000284	          0.05000045	          0.05000052	          0.05000050	          0.05000024	          0.05000015	          0.05000031	          0.05000006	          0.05000025	          0.05000088	          0.05000085	          0.31071478	          0.16259592	          0.06405375	          0.48332691	          0.34863927	          0.43976036	          0.07002782	          0.05231485	          0.05000061	          0.31344729	          0.21038935	          0.17309039	          0.54789408	          0.49761467	          0.41814459	          0.05888443	          0.05000924	          0.05000837	          0.05000079	          0.05000274	          0.05000027	          0.05000053	          0.05000427	          0.05001023	          0.05138172	          0.34379980	          0.05000135	          0.05000120	          0.10749055	          0.08274218	          0.05535708	          0.05000027	          0.05000026	          0.05000076	          0.05000518	          0.23156766	          0.06877804	          0.06733167	          0.06813043	          0.05862911	          0.57126559	          0.63527968	          0.06878905	          0.49814668	          0.05000229	          0.25105354	          0.05000015	          0.42392283	          0.40224599	          0.05000201	          0.05000203	          0.25406451	          0.05000029	          0.05000023	          0.05000024	
          0.37013390	         -2.71875494	         -0.92008749	          2.50346606	          0.49715745	          0.93795584	          0.00366509	         24.92465460	         -0.90631366	         -0.49578950	         -6.05919859	          6.85075975	          8.59295961	        -49.26606397	         -4.48867428	          6.57030920	         -2.69943276	          0.48347550	        -10.97103451	          2.67913881	          4.76368235	         -5.40761033	          7.00563193	         -3.88966899	          1.73974174	         -1.00458741	          1.26806635	        -13.44983842	         19.35295502	         -1.40655325	        -13.44975997	         13.74385820	         41.51835751	         15.45345904	         86.51662706	         86.51662706	          0.05000045	          0.05000057	          0.05000061	          0.05000236	          0.05000206	          0.05000176	          0.05000054	          0.05000022	          0.05000013	          0.06003198	          0.27457507	          0.20764426	          0.17845090	          0.05000400	          0.05000147	          0.05000036	          0.16787625	          0.17513402	          0.05000200	          0.05000073	          0.05000035	          0.05000031	          0.15208402	          0.15229347	          0.20639774	          0.15508330	          0.05000314	          0.05000039	          0.05000042	          0.05000039	          0.05000019	          0.05000022	          0.05000042	          0.05000010	          0.05000030	          0.05000115	          0.05000108	          0.30886867	          0.16074934	          0.06894071	          0.44980318	          0.35374763	          0.39796236	          0.06859148	          0.06071076	          0.05035019	          0.29916475	          0.19708855	          0.15857354	          0.54380979	          0.48680037	          0.40026490	          0.06704190	          0.05002563	          0.05000707	          0.05000074	          0.05000242	          0.05000027	          0.05000053	          0.05000398	          0.05001004	          0.05003272	          0.37194664	          0.05000135	          0.05000127	          0.09099969	          0.07004352	          0.05005877	          0.05000029	          0.05000030	          0.05000075	          0.05000481	          0.21194820	          0.05821605	          0.05703024	          0.05770567	          0.05007409	          0.58637635	          0.65784476	          0.06005184	          0.49822263	          0.05000264	          0.25712047	          0.05000015	          0.41108185	          0.39273160	          0.05000225	          0.05000163	          0.23386807	          0.05000016	          0.05000031	          0.05000023	
          0.38102019	         -2.72242341	         -0.81452223	          2.14509119	          0.51014026	          0.93764962	          0.00370233	         25.67214823	         -0.83489063	         -0.70359725	         -7.50932741	          6.63332028	          8.73548097	        -47.02337245	         -3.29463289	          6.80605524	         -3.31166053	          0.11839375	        -11.08154555	          2.70299798	          4.63613858	         -5.58514545	          7.82085167	         -3.94534805	          1.70581064	         -0.88155296	          1.40679260	        -13.44993645	         19.29809290	         -0.80634940	        -13.44989106	         13.79511521	         40.14999348	         16.05851019	         86.51662706	         86.51662706	          0.05000043	          0.05000056	          0.05000062	          0.05000202	          0.05000190	          0.05000172	          0.05000036	          0.05000022	          0.05000013	          0.05081283	          0.27924084	          0.22101261	          0.17859153	          0.05000337	          0.05000136	          0.05000036	          0.15672807	          0.18462518	          0.05000205	          0.05000070	          0.05000035	          0.05000030	          0.17086309	          0.16532296	          0.23754143	          0.15717535	          0.05000320	          0.05000034	          0.05000034	          0.05000031	          0.05000016	          0.05000019	          0.05000038	          0.05000009	          0.05000035	          0.05000132	          0.05000124	          0.30773580	          0.15754476	          0.07400372	          0.41852336	          0.36221398	          0.35991002	          0.06888058	          0.06989663	          0.05001470	          0.28624005	          0.18156485	          0.14462317	          0.55686974	          0.48283712	          0.38092655	          0.07489729	          0.05121173	          0.05000576	          0.05230953	          0.05004444	          0.05000033	          0.05000055	          0.05000349	          0.05000806	          0.05000345	          0.39840366	          0.05000169	          0.05000177	          0.07703146	          0.05928982	          0.05000576	          0.05000060	          0.05000057	          0.05000084	          0.05000616	          0.18992911	          0.05000075	          0.05000321	          0.05000319	          0.05000257	          0.59954349	          0.67857699	          0.05355553	          0.49723864	          0.05000252	          0.26300794	          0.05000023	          0.39912123	          0.38394730	          0.05000193	          0.05000165	          0.22379121	          0.05000022	          0.05000027	          0.05000025	
          0.39190649	         -2.72734232	         -0.71018654	          1.77642668	          0.52321519	          0.93713665	          0.00373106	         26.30073475	         -0.75204007	         -0.89415357	         -8.94552794	          6.40565237	          8.86214041	        -44.56911091	         -2.13193912	          6.94044821	         -3.94436035	         -0.21167280	        -11.18350331	          2.72930831	          4.50368423	         -5.76947835	          8.69181230	         -3.99513188	          1.67142971	         -0.75603351	          1.51753666	        -13.45020083	         19.20870027	         -0.21896252	        -13.45063889	         13.89038666	         38.75369766	         16.73067251	         86.51662706	         86.51662706	          0.05000046	          0.05000057	          0.05000061	          0.05000219	          0.05000196	          0.05000169	          0.05000025	          0.05000022	          0.05000013	          0.05000054	          0.28460286	          0.23059830	          0.19795712	          0.05000509	          0.05000169	          0.05000044	          0.14431183	          0.17414104	          0.05000202	          0.05000073	          0.05000037	          0.05000035	          0.18566777	          0.17533805	          0.26791354	          0.15410120	          0.05000296	          0.05000029	          0.05000032	          0.05000029	          0.05000014	          0.05000022	          0.05000044	          0.05000012	          0.05000044	          0.05000159	          0.05000153	          0.30879985	          0.15455134	          0.08024124	          0.38433830	          0.37290322	          0.32962990	          0.06815980	          0.07813225	          0.05223464	          0.27741539	          0.16991549	          0.12867099	          0.55418502	          0.47108638	          0.36885465	          0.07559640	          0.05011003	          0.05000538	          0.12781329	          0.05002263	          0.05000035	          0.05000060	          0.05000345	          0.05000870	          0.05000453	          0.42320588	          0.05000184	          0.05000180	          0.06521062	          0.05019064	          0.05000755	          0.05000073	          0.05000068	          0.05000076	          0.05000489	          0.16080684	          0.05000086	          0.05000502	          0.05000502	          0.05000388	          0.60937636	          0.69358698	          0.05125667	          0.49594723	          0.05000227	          0.27120805	          0.05000018	          0.39114961	          0.37534445	          0.05000289	          0.05000151	          0.23322755	          0.05000021	          0.05000030	          0.05000025	
          0.40279278	         -2.73349226	         -0.60746959	          1.40047305	          0.53639154	          0.93641062	          0.00375140	         26.82482239	         -0.65538865	         -1.06716641	        -10.35663347	          6.16915217	          8.97541473	        -41.94760705	         -1.02513507	          7.00118159	         -4.58418980	         -0.51119597	        -11.26846373	          2.75835828	          4.36995852	         -5.94988926	          9.61843519	         -4.03910085	          1.63527132	         -0.62800345	          1.59731035	        -13.45043023	         19.07668204	          0.35340372	        -13.45152144	         14.03097573	         37.34191745	         17.46265029	         86.51662706	         86.51662706	          0.05000046	          0.05000063	          0.05000072	          0.05000197	          0.05000188	          0.05000174	          0.05000017	          0.05000022	          0.05000012	          0.05000049	          0.30207027	          0.23740890	          0.21479541	          0.05001445	          0.05000222	          0.05000050	          0.13537310	          0.15800666	          0.05000180	          0.05000085	          0.05000045	          0.05000044	          0.20014644	          0.18494354	          0.28986818	          0.14624801	          0.05000315	          0.05000029	          0.05000033	          0.05000030	          0.05000014	          0.05000030	          0.05000059	          0.05000023	          0.05000055	          0.05000179	          0.05000176	          0.31149305	          0.15277763	          0.08670214	          0.35171202	          0.38513243	          0.30527158	          0.06720783	          0.08829103	          0.05357200	          0.26898091	          0.15994282	          0.11581003	          0.56759107	          0.46855009	          0.35119211	          0.07247329	          0.05004731	          0.05000203	          0.20303637	          0.08507944	          0.05000037	          0.05000056	          0.05000294	          0.05000758	          0.05000315	          0.44681855	          0.05000186	          0.05000200	          0.05522051	          0.05001874	          0.05000683	          0.05000129	          0.05000098	          0.05000077	          0.05000507	          0.13611402	          0.05000075	          0.05000350	          0.05000349	          0.05000292	          0.61714795	          0.70722049	          0.05200757	          0.49467700	          0.05000271	          0.28310845	          0.05000020	          0.37899780	          0.36553844	          0.05000283	          0.05000145	          0.24502180	          0.05000018	          0.05000024	          0.05000024	
          0.41367907	         -2.74084479	         -0.50629477	          1.02061724	          0.54967986	          0.93546889	          0.00376298	         27.26202654	         -0.54287268	         -1.22312579	        -11.73344701	          5.92478731	          9.07744551	        -39.21160224	          0.00554552	          7.01213124	         -5.21372565	         -0.78450468	        -11.32983522	          2.78958723	          4.23257819	         -6.11765655	         10.59217934	         -4.07735704	          1.59544276	         -0.49740668	          1.64399858	        -13.45041285	         18.89473137	          0.90778086	        -13.45210897	         14.21493248	         35.92531622	         18.24778289	         86.51662706	         86.51662706	          0.05000047	          0.05000066	          0.05000076	          0.05000201	          0.05000191	          0.05000176	          0.05000015	          0.05000024	          0.05000013	          0.05000051	          0.26131483	          0.24046695	          0.22127304	          0.05006147	          0.05000266	          0.05000054	          0.12107012	          0.14739495	          0.05000200	          0.05000090	          0.05000049	          0.05000050	          0.21183720	          0.19203873	          0.30296225	          0.14668132	          0.05000308	          0.05000027	          0.05000030	          0.05000028	          0.05000013	          0.05000024	          0.05000047	          0.05000016	          0.05000069	          0.05000241	          0.05000232	          0.31495491	          0.15072127	          0.09257055	          0.32232832	          0.39838646	          0.28442030	          0.06573221	          0.09566934	          0.05748894	          0.26610491	          0.15389428	          0.10624986	          0.58108550	          0.47036663	          0.33630294	          0.06948953	          0.05015361	          0.05000152	          0.27201691	          0.12969623	          0.05000040	          0.05000057	          0.05000266	          0.05000719	          0.05000281	          0.46813447	          0.05000206	          0.05000228	          0.05005342	          0.05001395	          0.05000609	          0.05000587	          0.07315273	          0.05000075	          0.05000474	          0.11521190	          0.05000067	          0.05000307	          0.05000306	          0.05000260	          0.62207953	          0.71693293	          0.05598886	          0.49322994	          0.05000487	          0.29779108	          0.05000022	          0.36543637	          0.35631667	          0.05000308	          0.05000157	          0.25794047	          0.05000018	          0.05000023	          0.05000024	
          0.42456536	         -2.74944594	         -0.40632401	          0.63958359	          0.56309276	          0.93431654	          0.00376542	         27.62618704	         -0.41256463	         -1.36177807	        -13.06582176	          5.67334052	          9.16922852	        -36.40639440	          0.93801221	          6.99209544	         -5.81709556	         -1.03679812	        -11.35869255	          2.82209616	          4.09322470	         -6.26861613	         11.60228490	         -4.10993723	          1.55007638	         -0.36426451	          1.65543446	        -13.44997942	         18.65651887	          1.44094301	        -13.45214645	         14.43859243	         34.51334991	         19.08019795	         86.51662706	         86.51662706	          0.05000050	          0.05000070	          0.05000082	          0.05000202	          0.05000193	          0.05000182	          0.05000016	          0.05000029	          0.05000016	          0.05000061	          0.22142945	          0.23965537	          0.22097622	          0.06729762	          0.05000380	          0.05000068	          0.10248148	          0.14104090	          0.05000252	          0.05000099	          0.05000055	          0.05000062	          0.21505635	          0.19265436	          0.30784894	          0.12604727	          0.05000295	          0.05000022	          0.05000028	          0.05000025	          0.05000012	          0.05000025	          0.05000051	          0.05000017	          0.05000081	          0.05000288	          0.05000273	          0.31915830	          0.14946243	          0.09827991	          0.29498507	          0.41192528	          0.26587357	          0.06245285	          0.10200068	          0.06602588	          0.27157214	          0.15621524	          0.09970050	          0.59039244	          0.47127719	          0.33131929	          0.07713022	          0.05640975	          0.05000241	          0.32660459	          0.14371821	          0.05000040	          0.05000058	          0.05000239	          0.05000689	          0.05000310	          0.48698034	          0.05000210	          0.05000225	          0.05003838	          0.05001058	          0.05000591	          0.05000607	          0.13811472	          0.05000070	          0.05000423	          0.09751940	          0.05000055	          0.05000318	          0.05000318	          0.05000271	          0.62434296	          0.72298491	          0.06399771	          0.49149274	          0.06347346	          0.31532685	          0.05000019	          0.35304007	          0.34819659	          0.05000370	          0.05000162	          0.27140629	          0.05000017	          0.05000026	          0.05000027	
          0.43545165	         -2.75947940	         -0.30680839	          0.25933842	          0.57664075	          0.93296725	          0.00375883	         27.92711420	         -0.26238291	         -1.48226790	        -14.33930400	          5.41576648	          9.25077792	        -33.56767722	          1.74277663	          6.95394245	         -6.37546306	         -1.27287462	        -11.34413726	          2.85478934	          3.95256293	         -6.40088841	         12.63797374	         -4.13756944	          1.49710292	         -0.22880733	          1.62991293	        -13.44974795	         18.35903194	          1.94986746	        -13.45145981	         14.69705951	         33.11529160	         19.95562528	         86.51662706	         86.51662706	          0.05000052	          0.05000072	          0.05000081	          0.05000216	          0.05000200	          0.05000184	          0.05000018	          0.05000036	          0.05000019	          0.05000090	          0.18743309	          0.23674605	          0.22038175	          0.09301540	          0.05000474	          0.05000076	          0.08674463	          0.13651009	          0.05000374	          0.05000100	          0.05000057	          0.05000066	          0.21343805	          0.18980955	          0.30480817	          0.11224168	          0.05000314	          0.05000020	          0.05000026	          0.05000023	          0.05000012	          0.05000032	          0.05000063	          0.05000018	          0.05000089	          0.05000354	          0.05000318	          0.32385890	          0.14895317	          0.10345721	          0.27044560	          0.42531731	          0.24998252	          0.05889010	          0.10851551	          0.07486401	          0.27905524	          0.16135141	          0.09074300	          0.59721298	          0.47525146	          0.32650868	          0.08141596	          0.06238543	          0.05000260	          0.37021048	          0.14493549	          0.05000040	          0.05000057	          0.05000211	          0.05000647	          0.05000300	          0.50474698	          0.05000213	          0.05000231	          0.05003404	          0.05001060	          0.05000602	          0.05021653	          0.21311102	          0.05000067	          0.05000411	          0.08254375	          0.05000047	          0.05000311	          0.05000310	          0.05000265	          0.62411095	          0.72648358	          0.07592955	          0.49019065	          0.12214235	          0.33686776	          0.05000025	          0.33982355	          0.33944639	          0.05000286	          0.05000167	          0.28962564	          0.05000018	          0.05000026	          0.05000029	
          0.44633794	         -2.77111289	         -0.20681666	         -0.11816306	          0.59033675	          0.93144179	          0.00374342	         28.17114514	         -0.09020151	         -1.58393251	        -15.54073073	          5.15265287	          9.32156433	        -30.72349046	          2.39306250	          6.90734945	         -6.87087780	         -1.49693549	        -11.27273977	          2.88700836	          3.80977086	         -6.51413399	         13.69024408	         -4.16100068	          1.43422725	         -0.09132276	          1.56591016	        -13.45194618	         18.00677008	          2.42995857	        -13.45030729	         14.98517953	         31.74159280	         20.87303552	         86.51662706	         86.51662706	          0.05000051	          0.05000070	          0.05000077	          0.05000210	          0.05000191	          0.05000171	          0.05000024	          0.05000054	          0.05000028	          0.05000217	          0.15864984	          0.23495848	          0.22546603	          0.13502833	          0.05000561	          0.05000084	          0.07342386	          0.13135807	          0.05001446	          0.05000100	          0.05000058	          0.05000077	          0.20504613	          0.18291775	          0.29816481	          0.09507421	          0.05000267	          0.05000018	          0.05000024	          0.05000021	          0.05000011	          0.05000024	          0.05000050	          0.05000012	          0.05000104	          0.05000413	          0.05000386	          0.32855002	          0.14784928	          0.10774938	          0.25125533	          0.43848574	          0.23766800	          0.05553451	          0.11694719	          0.08750851	          0.28803732	          0.15753379	          0.07681008	          0.58786943	          0.46700471	          0.30782862	          0.08098018	          0.06831726	          0.05000249	          0.40093562	          0.14275367	          0.05000039	          0.05000056	          0.05000192	          0.05000625	          0.05000330	          0.52030413	          0.05000210	          0.05000217	          0.05003036	          0.05001061	          0.05000623	          0.05676038	          0.29346842	          0.05000062	          0.05000348	          0.06986780	          0.05000048	          0.05000336	          0.05000334	          0.05000286	          0.62097277	          0.72580181	          0.09150197	          0.48730706	          0.15788991	          0.35721651	          0.05000017	          0.29065392	          0.33508139	          0.05000400	          0.05000214	          0.30829484	          0.05000018	          0.05000026	          0.05000030	
          0.45722423	         -2.78452510	         -0.10551786	         -0.49069826	          0.60419357	          0.92976563	          0.00372003	         28.36240215	          0.10648994	         -1.66644005	        -16.65688066	          4.88389974	          9.38249637	        -27.89772303	          2.86243035	          6.86340017	         -7.28611738	         -1.71330183	        -11.12410326	          2.91828817	          3.66462154	         -6.60838320	         14.75367121	         -4.18142199	          1.35880688	          0.04774971	          1.46211718	        -13.46064638	         17.61220276	          2.87524881	        -13.44970879	         15.29997635	         30.40515737	         21.83530010	         86.51662706	         86.51662706	          0.05000061	          0.05000078	          0.05000085	          0.05000223	          0.05000204	          0.05000189	          0.05000040	          0.05000077	          0.05000036	          0.05217725	          0.13428601	          0.21845695	          0.22716942	          0.17619417	          0.06408019	          0.05000518	          0.06214876	          0.11123501	          0.10123668	          0.05000112	          0.05000068	          0.05000122	          0.19127579	          0.17339302	          0.28305574	          0.08049505	          0.05000266	          0.05000017	          0.05000024	          0.05000022	          0.05000012	          0.05000063	          0.05000117	          0.05000031	          0.05000093	          0.05000214	          0.05000236	          0.33350604	          0.14941846	          0.11218041	          0.23469579	          0.45036031	          0.22933121	          0.05005007	          0.12645700	          0.10248152	          0.29822714	          0.15446537	          0.06501606	          0.59145040	          0.46083095	          0.29280020	          0.09841746	          0.07793215	          0.05000665	          0.35242354	          0.13909703	          0.05000042	          0.05000059	          0.05000181	          0.05000608	          0.05000334	          0.53488389	          0.05000234	          0.05000242	          0.05002170	          0.05000841	          0.05000575	          0.09634462	          0.37947762	          0.05000058	          0.05000302	          0.05913865	          0.05000032	          0.05000296	          0.05000293	          0.05000257	          0.61525859	          0.72286990	          0.10970866	          0.48632722	          0.21818924	          0.38814421	          0.05000015	          0.24601730	          0.32761906	          0.05000738	          0.05000498	          0.32258862	          0.05000016	          0.05000025	          0.05000030	
          0.46811052	         -2.79986715	         -0.00201050	         -0.85626658	          0.61822676	          0.92796768	          0.00368902	         28.50517376	          0.33027935	         -1.72993142	        -17.67972390	          4.60759275	          9.43400331	        -25.12085865	          3.13612652	          6.83074856	         -7.61121216	         -1.92586209	        -10.87544418	          2.95134180	          3.51028430	         -6.67961614	         15.83087994	         -4.20007830	          1.26805914	          0.18814170	          1.31666048	        -13.47991695	         17.19017063	          3.27810110	        -13.45229307	         15.64354273	         29.11980165	         22.84958862	         86.51662706	         86.51662706	          0.05000081	          0.05000130	          0.05000160	          0.05000275	          0.05000264	          0.05000257	          0.05000205	          0.05000802	          0.05441271	          0.06721912	          0.11366360	          0.18868496	          0.20290642	          0.18632772	          0.11692130	          0.07133534	          0.05260588	          0.09416901	          0.17398735	          0.05000258	          0.05000194	          0.06870443	          0.17523829	          0.16319503	          0.25258120	          0.06816568	          0.05000413	          0.05000016	          0.05000026	          0.05000023	          0.05000013	          0.05000182	          0.05000285	          0.05000040	          0.05000099	          0.05000276	          0.05000287	          0.33702489	          0.14914442	          0.11711420	          0.22072902	          0.46351782	          0.22343060	          0.05000015	          0.12957016	          0.11289263	          0.30795149	          0.16159531	          0.05512148	          0.59825339	          0.46239398	          0.28475191	          0.10716228	          0.08315327	          0.05051593	          0.29830206	          0.12463559	          0.05000035	          0.05000051	          0.05000149	          0.05000546	          0.05000381	          0.54841671	          0.05000177	          0.05000225	          0.05003096	          0.05001236	          0.05000673	          0.15419818	          0.46935721	          0.05000051	          0.05000289	          0.05005778	          0.05000027	          0.05000244	          0.05000241	          0.05000218	          0.60621475	          0.71534572	          0.13157348	          0.48415566	          0.27326224	          0.42076016	          0.05000021	          0.20823557	          0.31464078	          0.05000191	          0.05000472	          0.32806769	          0.05000010	          0.05000061	          0.05000187	
          0.47899682	         -2.81696539	          0.10512992	         -1.21417567	          0.63246349	          0.92608327	          0.00365183	         28.60014221	          0.58335337	         -1.77421847	        -18.60231445	          4.32140194	          9.47355319	        -22.43257696	          3.20052925	          6.81004207	         -7.84613255	         -2.13718872	        -10.50475486	          2.98640398	          3.34485895	         -6.72319194	         16.92588906	         -4.21589593	          1.15899501	          0.32904495	          1.12507270	        -13.51173947	         16.74972868	          3.63045574	        -13.46164020	         16.02723280	         27.89637942	         23.92231416	         86.51662706	         86.51662706	          0.05000077	          0.05000116	          0.05000143	          0.05000263	          0.05000247	          0.05000239	          0.05000432	          0.05596087	          0.12039544	          0.06438925	          0.09620833	          0.17330743	          0.19237750	          0.19363824	          0.14298925	          0.09313005	          0.05000342	          0.07976260	          0.19445915	          0.05000227	          0.05000198	          0.09022455	          0.15989894	          0.15353549	          0.21379567	          0.05771959	          0.05000318	          0.05000017	          0.05000030	          0.05000027	          0.05000016	          0.05000037	          0.05000079	          0.05000017	          0.05000155	          0.05030446	          0.05001111	          0.33932554	          0.14866138	          0.12245849	          0.20715802	          0.47472305	          0.22208800	          0.05000029	          0.12719816	          0.12082994	          0.31666182	          0.16659409	          0.05197106	          0.58761338	          0.45766239	          0.26482935	          0.09071625	          0.07729104	          0.05000670	          0.25249090	          0.14108600	          0.05000040	          0.05000055	          0.05000141	          0.05000510	          0.05000327	          0.56067936	          0.05000220	          0.05000245	          0.05002341	          0.05000876	          0.05000553	          0.25798037	          0.55841978	          0.05000054	          0.05000295	          0.05000434	          0.06745911	          0.05000245	          0.05000241	          0.05000221	          0.59387124	          0.70368971	          0.15659967	          0.47824633	          0.31499117	          0.44922712	          0.05000023	          0.17625611	          0.28385717	          0.05000128	          0.05000223	          0.31295717	          0.05000013	          0.05000049	          0.05000167	
          0.48988311	         -2.83529649	          0.21698082	         -1.56538257	          0.64693437	          0.92415608	          0.00360711	         28.64693238	          0.86790791	         -1.79872521	        -19.41087873	          4.02410722	          9.49790242	        -19.89458420	          3.02966028	          6.80537367	         -7.99273256	         -2.35096198	         -9.98979057	          3.01960689	          3.16888813	         -6.74301368	         18.03708143	         -4.22685637	          1.03046247	          0.46982507	          0.88202030	        -13.55268065	         16.28366595	          3.92610768	        -13.48250911	         16.47047495	         26.73978835	         25.05578903	         86.51662706	         86.51662706	          0.05000119	          0.05000156	          0.05000159	          0.05000335	          0.05000315	          0.05000287	          0.05884740	          0.05991082	          0.18023998	          0.05451530	          0.08143376	          0.17128317	          0.18697440	          0.19347958	          0.16058070	          0.11246455	          0.05000437	          0.07212160	          0.18990388	          0.05000316	          0.05000287	          0.10393197	          0.14319180	          0.14180297	          0.18096357	          0.05002174	          0.05000234	          0.05000019	          0.05000036	          0.05000032	          0.05000020	          0.05000008	          0.05000019	          0.05000004	          0.05000178	          0.05283286	          0.05006454	          0.34149154	          0.15036184	          0.12567283	          0.20436551	          0.48554867	          0.22403972	          0.05000031	          0.12722736	          0.12690345	          0.32927886	          0.16391665	          0.05001844	          0.56760093	          0.44595619	          0.22420668	          0.07678807	          0.06544701	          0.05000251	          0.21371499	          0.16524081	          0.05000041	          0.05000056	          0.05000135	          0.05000505	          0.05000355	          0.57163101	          0.05000219	          0.05000231	          0.05002168	          0.05000933	          0.05000590	          0.35442641	          0.64203101	          0.05000056	          0.05000306	          0.05000487	          0.09584969	          0.05000263	          0.05000260	          0.05000238	          0.57794412	          0.68839543	          0.18572650	          0.47008202	          0.35114319	          0.47562501	          0.05000014	          0.14918785	          0.24307185	          0.05000087	          0.05000141	          0.26489736	          0.05000011	          0.05000047	          0.05000061	
          0.50076940	         -2.85422345	          0.33370725	         -1.91067580	          0.66167010	          0.92223264	          0.00355162	         28.64722636	          1.18549373	         -1.80363400	        -20.09322970	          3.71475710	          9.50500051	        -17.58242686	          2.60211895	          6.83000981	         -8.06121914	         -2.57170240	         -9.30952779	          3.04517021	          2.97912496	         -6.74155101	         19.16782856	         -4.23075828	          0.88268992	          0.60999545	          0.58293731	        -13.59246541	         15.75629705	          4.16074030	        -13.52002663	         16.99877073	         25.64780354	         26.24638115	         86.51662706	         86.51662706	          0.05000331	          0.05000156	          0.05000100	          0.05001513	          0.05000571	          0.05000288	          0.08371060	          0.05072199	          0.22439595	          0.05000259	          0.06892841	          0.17695449	          0.19373878	          0.19729262	          0.17134351	          0.12624782	          0.05000322	          0.08138824	          0.16077053	          0.05000199	          0.05000146	          0.11150375	          0.12142560	          0.12711459	          0.15317340	          0.05000486	          0.05000156	          0.05000024	          0.05000052	          0.05000047	          0.05000030	          0.05000157	          0.05000262	          0.05026043	          0.05000100	          0.05000203	          0.05000233	          0.34455417	          0.15723743	          0.12887933	          0.19308475	          0.49378472	          0.22373419	          0.05000079	          0.12818830	          0.12943153	          0.34558410	          0.15028515	          0.05000207	          0.55515697	          0.41997260	          0.18977754	          0.06499800	          0.05546275	          0.05000180	          0.18089400	          0.17980937	          0.05000050	          0.05000063	          0.05000133	          0.05000483	          0.05000302	          0.58094771	          0.05000311	          0.05000315	          0.05001465	          0.05000634	          0.05000469	          0.44083839	          0.71618444	          0.05000055	          0.05000267	          0.05000304	          0.12811582	          0.05000204	          0.05000201	          0.05000191	          0.55886091	          0.67265211	          0.22115295	          0.45887330	          0.38890376	          0.49953164	          0.05000019	          0.12627658	          0.20574304	          0.05000151	          0.05000129	          0.22421631	          0.05000012	          0.05000026	          0.05000032	
          0.51165569	         -2.87301403	          0.45407471	         -2.25010361	          0.67670357	          0.92035741	          0.00348112	         28.60216032	          1.53629754	         -1.78928802	        -20.64333622	          3.39270856	          9.49336252	        -15.56291839	          1.91009932	          6.87921557	         -8.05934679	         -2.80016551	         -8.45083571	          3.07084077	          2.73556950	         -6.70448006	         20.36583679	         -4.22480433	          0.71737683	          0.74917846	          0.22483852	        -13.61179966	         15.08774788	          4.33199253	        -13.57937207	         17.64450899	         24.60792790	         27.48261990	         86.51662706	         86.51662706	          0.05000078	          0.05000107	          0.05000099	          0.05000368	          0.05000263	          0.05000213	          0.13786419	          0.05000190	          0.26093533	          0.05000156	          0.05834418	          0.17428034	          0.20109893	          0.18670109	          0.16181473	          0.13227061	          0.05000231	          0.08197555	          0.13610519	          0.05000178	          0.05000143	          0.11479427	          0.10277984	          0.11568754	          0.12967675	          0.05003790	          0.05000344	          0.05000036	          0.05000082	          0.05000073	          0.05000049	          0.05093893	          0.05000728	          0.05331287	          0.05000093	          0.05000292	          0.05000301	          0.34575721	          0.15993604	          0.13453230	          0.18993743	          0.50513031	          0.22988680	          0.05351746	          0.12898124	          0.12658582	          0.37392177	          0.14492829	          0.05000324	          0.54962717	          0.36263295	          0.16063387	          0.05501777	          0.05000164	          0.05000080	          0.15311343	          0.18238061	          0.05000048	          0.05000060	          0.05000125	          0.05000457	          0.05000308	          0.58952955	          0.05000266	          0.05000214	          0.05001890	          0.05000813	          0.05000527	          0.52006008	          0.77947389	          0.05000058	          0.05000272	          0.05000169	          0.16448544	          0.05000236	          0.05000236	          0.05000206	          0.53175125	          0.64599835	          0.25202525	          0.44384814	          0.41861303	          0.51960034	          0.05000015	          0.10688389	          0.17414897	          0.05000110	          0.05000065	          0.18978270	          0.05000012	          0.05000019	          0.05000022	
          0.52254198	         -2.89063191	          0.57545892	         -2.58383083	          0.69206993	          0.91856629	          0.00339316	         28.51773257	          1.91786251	         -1.75335204	        -21.06077506	          3.05842855	          9.46147886	        -13.90827863	          0.95674502	          6.92257126	         -7.98564299	         -3.03696469	         -7.41109482	          3.10087076	          2.36647029	         -6.61408877	         21.69939980	         -4.20509334	          0.53747991	          0.88662832	         -0.19380515	        -13.58018364	         14.13162131	          4.44126777	        -13.66550370	         18.45192240	         23.59564626	         28.74274993	         86.51662706	         86.51662706	          0.05000237	          0.05000198	          0.05000168	          0.05000512	          0.05000432	          0.05000331	          0.18061407	          0.05000656	          0.32053056	          0.05000141	          0.05000360	          0.17341311	          0.17642152	          0.18398498	          0.15850483	          0.13649501	          0.05001430	          0.06944121	          0.11838896	          0.05000396	          0.05000413	          0.11337539	          0.08699613	          0.09998254	          0.11071442	          0.05000928	          0.05000168	          0.05000087	          0.05000265	          0.05000230	          0.05000144	          0.06177693	          0.05000212	          0.05361449	          0.05000129	          0.05000321	          0.05000342	          0.34724180	          0.16196359	          0.13625741	          0.20911949	          0.51674263	          0.25198800	          0.05883087	          0.11799158	          0.12568883	          0.38341284	          0.13388751	          0.05000180	          0.59772760	          0.30694437	          0.13596537	          0.05000202	          0.05000068	          0.05000055	          0.12959922	          0.17647411	          0.05000046	          0.05000059	          0.05000120	          0.05000469	          0.05000404	          0.59578224	          0.05000247	          0.05000127	          0.05002198	          0.05000930	          0.05000561	          0.58170438	          0.82796618	          0.05000050	          0.05000274	          0.05000179	          0.20660940	          0.08322511	          0.08655366	          0.07663229	          0.49550966	          0.59676111	          0.26379915	          0.41964202	          0.43867437	          0.52595834	          0.05000006	          0.09046944	          0.14740441	          0.05000041	          0.05000030	          0.16063713	          0.05000014	          0.05000021	          0.05000024	
          0.53342827	         -2.90590786	          0.69661121	         -2.91048683	          0.70780682	          0.91687813	          0.00328371	         28.40364772	          2.32826494	         -1.69627827	        -21.35090651	          2.71050164	          9.40659513	        -12.69913067	         -0.24151777	          6.92935576	         -7.88072671	         -3.28333497	         -6.19142271	          3.13275318	          1.84565938	         -6.46072951	         23.22579845	         -4.16663300	          0.34713935	          1.02205318	         -0.66892626	        -13.51922730	         13.09414429	          4.47104876	        -13.71486022	         19.08495243	         22.59859678	         29.98804382	         86.51662706	         86.51662706	          0.05000246	          0.05000145	          0.05000128	          0.05000305	          0.05000290	          0.05000283	          0.21080990	          0.06473158	          0.35357983	          0.05000092	          0.05000284	          0.15493703	          0.17939109	          0.15686716	          0.14481603	          0.14328387	          0.05001434	          0.06740228	          0.13345006	          0.05000298	          0.05000301	          0.11779666	          0.07363613	          0.08462845	          0.09486805	          0.05000537	          0.05000157	          0.05000107	          0.05000684	          0.05000552	          0.05000274	          0.07941131	          0.05000184	          0.05219724	          0.05000343	          0.05258508	          0.05001037	          0.35012344	          0.16679242	          0.14482137	          0.20580445	          0.53053315	          0.27402568	          0.06198047	          0.10919625	          0.12224987	          0.40719232	          0.11401746	          0.05000049	          0.61804936	          0.25980645	          0.11508518	          0.05000220	          0.05000050	          0.05000038	          0.10969619	          0.16063501	          0.05000039	          0.05000048	          0.05000087	          0.05000324	          0.05000262	          0.59768004	          0.05000212	          0.05000104	          0.05001120	          0.05000531	          0.05000367	          0.62518237	          0.85962210	          0.05000035	          0.05000162	          0.05000077	          0.25421041	          0.07045177	          0.07326965	          0.06592571	          0.46154996	          0.56506744	          0.28362446	          0.40328789	          0.49912188	          0.54490369	          0.05000004	          0.07657574	          0.12476695	          0.05000032	          0.05000025	          0.13596750	          0.05000008	          0.05000015	          0.05000016	
          0.54431456	         -2.91805162	          0.81887042	         -3.23017261	          0.72393837	          0.91529507	          0.00314751	         28.27139846	          2.76652944	         -1.61733884	        -21.51371387	          2.34444803	          9.32674541	        -12.01828646	         -1.67040785	          6.85051455	         -7.80980123	         -3.54139745	         -4.79931921	          3.16988401	          1.15709550	         -6.24019047	         25.02209601	         -4.10608936	          0.14856491	          1.15559464	         -1.20885286	        -13.48032126	         12.30249729	          4.40032175	        -13.69427946	         19.33579099	         21.65979460	         31.22721010	         86.51662706	         86.51662706	          0.05000040	          0.05000140	          0.05000052	          0.05886459	          0.05000803	          0.05000171	          0.22416564	          0.08080741	          0.36382976	          0.05801358	          0.05000495	          0.13818669	          0.17116971	          0.13281635	          0.16085462	          0.15683334	          0.05000059	          0.05913906	          0.11533757	          0.05000100	          0.05000081	          0.14204473	          0.06232781	          0.07163210	          0.10461127	          0.05012729	          0.05000318	          0.05000082	          0.05000376	          0.05000336	          0.05000242	          0.08849887	          0.05000123	          0.05266019	          0.05262935	          0.05757417	          0.05001829	          0.36040963	          0.17855024	          0.14802571	          0.25223284	          0.55444347	          0.33798182	          0.06057987	          0.09242674	          0.11493670	          0.44385444	          0.09741107	          0.05293546	          0.63458724	          0.21990728	          0.09741156	          0.05000264	          0.05000048	          0.05000037	          0.09284975	          0.13597121	          0.05000052	          0.05000061	          0.05000097	          0.05000341	          0.05000218	          0.60854030	          0.05000359	          0.05000162	          0.05001344	          0.05000578	          0.05000384	          0.62973476	          0.87029337	          0.05000058	          0.05000342	          0.05001831	          0.31305712	          0.05963403	          0.06201918	          0.05580729	          0.42451067	          0.53351609	          0.30252553	          0.35778392	          0.55187342	          0.50403646	          0.05000006	          0.06481574	          0.10560600	          0.05000023	          0.05000014	          0.11508646	          0.05000008	          0.05000015	          0.05000013	
          0.55520085	         -2.92629317	          0.94273489	         -3.54620685	          0.74049199	          0.91381384	          0.00297575	         28.12349816	          3.22534600	         -1.51628859	        -21.56365786	          1.95442030	          9.21917695	        -11.93850867	         -3.28554486	          6.64506785	         -7.81516672	         -3.81121417	         -3.26272939	          3.23826855	          0.22992320	         -5.95432425	         27.16147925	         -4.01947232	         -0.05454023	          1.28618733	         -1.82940396	        -13.45973646	         11.71225759	          4.22877983	        -13.64490141	         19.38770930	         20.80890690	         32.49327473	         86.51662706	         86.51662706	          0.05001087	          0.05000067	          0.05907182	          0.05000025	          0.05000038	          0.05000247	          0.20861622	          0.06978963	          0.34783074	          0.06978897	          0.05000154	          0.11696562	          0.16478029	          0.11242054	          0.16225356	          0.18254066	          0.05907179	          0.05008883	          0.09762605	          0.05907202	          0.05907223	          0.16343935	          0.05275605	          0.06063149	          0.11899843	          0.05000096	          0.05000035	          0.05000014	          0.05000173	          0.05000172	          0.05000152	          0.09080156	          0.05907267	          0.05000017	          0.06750905	          0.06467411	          0.06257448	          0.36594705	          0.21593456	          0.16079252	          0.27421976	          0.56509819	          0.36735071	          0.05627202	          0.07823244	          0.09728548	          0.43141461	          0.08245153	          0.05000049	          0.64392797	          0.18613540	          0.08245186	          0.05000288	          0.05000044	          0.05000034	          0.07859050	          0.11509026	          0.05000013	          0.05000018	          0.05000034	          0.05000132	          0.05000131	          0.52247000	          0.05000065	          0.05000054	          0.05001416	          0.05000435	          0.05000199	          0.53302419	          0.85867208	          0.05000019	          0.05000095	          0.05000020	          0.32690066	          0.05047749	          0.05249633	          0.05000583	          0.37784671	          0.48480944	          0.30120357	          0.30283769	          0.53447689	          0.42663023	          0.05000002	          0.05486180	          0.08938768	          0.05000017	          0.05000011	          0.09741220	          0.05000002	          0.05000004	          0.05000022	
          0.56608715	         -2.93010737	          1.06951085	         -3.85866013	          0.75747357	          0.91242654	          0.00276359	         27.96580862	          3.68330446	         -1.38724652	        -21.52197887	          1.53818524	          9.07192211	        -12.53925204	         -5.03050354	          6.21332161	         -7.96200678	         -4.10182066	         -1.62533183	          3.26200066	         -0.94624670	         -5.61774346	         29.64047291	         -3.90484597	         -0.25874937	          1.41322912	         -2.53146589	        -13.45019816	         11.28477662	          3.95536192	        -13.59437778	         19.34628824	         20.04681174	         33.81255469	         86.51662706	         86.51662706	          0.05907187	          0.05907174	          0.05000014	          0.05907214	          0.05907202	          0.05516411	          0.17657825	          0.05907188	          0.29441337	          0.05907165	          0.05000397	          0.20088790	          0.17520537	          0.09515601	          0.13733910	          0.18725176	          0.05000054	          0.09744483	          0.08263357	          0.05000036	          0.05000038	          0.20691709	          0.08245244	          0.08245003	          0.46243150	          0.18983617	          0.06442391	          0.05165948	          0.05000067	          0.05000066	          0.05000051	          0.07685686	          0.05000108	          0.05000022	          0.05907197	          0.05907180	          0.05907172	          0.38865790	          0.26655014	          0.18157298	          0.30088977	          0.62208006	          0.38391086	          0.05000009	          0.06621799	          0.08234498	          0.36516141	          0.06978924	          0.05000014	          0.54503767	          0.15754993	          0.06978958	          0.05000268	          0.05000031	          0.05000024	          0.06652111	          0.09741563	          0.06378753	          0.05000085	          0.05000067	          0.05000187	          0.05000083	          0.44223338	          0.05907318	          0.05000154	          0.05000166	          0.05000103	          0.05000106	          0.45116562	          0.72680256	          0.05000017	          0.05000074	          0.05000275	          0.29353619	          0.05000076	          0.05000073	          0.05000090	          0.31981946	          0.41035955	          0.29743143	          0.25632971	          0.45239623	          0.36111110	          0.05578888	          0.05000004	          0.07566007	          0.05000013	          0.05000006	          0.08245224	          0.05000183	          0.06124428	          0.06441081	
          0.57697344	         -2.92959599	          1.21175677	         -4.16264068	          0.77483993	          0.91110646	          0.00252576	         27.79485319	          4.09381772	         -1.24625033	        -21.38984574	          1.09529402	          8.86776406	        -13.81194023	         -6.89072554	          5.57889220	         -8.29883382	         -4.43715334	          0.04365988	          3.28068572	         -2.31047823	         -5.19257034	         32.32972667	         -3.76524836	         -0.47451983	          1.53259910	         -3.30117945	        -13.45223574	         11.00431033	          3.58160130	        -13.55373906	         19.25690478	         19.35848295	         35.20860108	         86.51662706	         86.51662706	          0.05000003	          0.05000009	          0.11270854	          0.05000024	          0.05000018	          0.05000016	          0.14946045	          0.05000011	          0.24919916	          0.05000006	          0.06978953	          0.17003714	          0.34478033	          0.36825716	          0.23003959	          0.21462225	          0.05906375	          0.08249203	          0.06994355	          0.08021620	          0.15453661	          0.23735841	          0.06979007	          0.06978991	          0.59007257	          0.16068243	          0.05453038	          0.06978976	          0.12780806	          0.13025631	          0.10287342	          0.06982638	          0.06979015	          0.06978985	          0.05000022	          0.05000004	          0.05000006	          0.47936384	          0.26027720	          0.15369916	          0.53881131	          0.63854070	          0.56106504	          0.05000001	          0.05604864	          0.06969896	          0.30908222	          0.05907166	          0.05907098	          0.46133421	          0.13335441	          0.05907184	          0.05000960	          0.05000209	          0.05000387	          0.05630528	          0.08245526	          0.19135201	          0.31175491	          0.05907240	          0.05907059	          0.09056345	          0.37431807	          0.05000280	          0.05000631	          0.05906747	          0.05907057	          0.05907093	          0.38187837	          0.61518483	          0.05907172	          0.05907028	          0.05000018	          0.24845672	          0.15044953	          0.15615438	          0.12241954	          0.27070354	          0.34733913	          0.26184845	          0.21696415	          0.38292013	          0.30565390	          0.21276423	          0.13075649	          0.07302528	          0.05000031	          0.05000019	          0.06978973	          0.07382874	          0.05907202	          0.06978972	
          0.58785973	         -2.92491554	          1.38182939	         -4.45279241	          0.79249295	          0.90985715	          0.00229767	         27.49984859	          4.41982479	         -1.03225826	        -21.12691078	          0.63469006	          8.60929707	        -15.19095130	         -8.94813625	          4.88073228	         -8.76696095	         -4.79195584	          1.68881036	          3.46889976	         -3.77625992	         -4.69913673	         34.86653922	         -3.60481849	         -0.71670545	          1.64574526	         -4.10650748	        -13.47023810	         10.87947284	          3.11981695	        -13.51924836	         19.13763714	         18.71001886	         36.67298634	         86.51662706	         86.51662706	          0.38159882	          0.34105611	          0.29854387	          0.44951540	          0.41977653	          0.26271566	          0.13267909	          0.15680866	          0.21092871	          0.09741327	          0.05907248	          0.14392396	          0.29183121	          0.31170268	          0.19471205	          0.26029900	          0.05000043	          0.06982446	          0.19193422	          0.24342650	          0.25182824	          0.28880471	          0.05907222	          0.05907208	          0.49945283	          0.13600593	          0.06874510	          0.05907188	          0.10818009	          0.11025235	          0.08707476	          0.05910287	          0.05907221	          0.05907194	          0.15454785	          0.06006548	          0.05907358	          0.49033673	          0.22030549	          0.18859882	          0.63105069	          0.72440410	          0.74565491	          0.07960161	          0.10317870	          0.05899503	          0.28745092	          0.05000005	          0.05000001	          0.39963606	          0.11287471	          0.05000014	          0.05000525	          0.05000038	          0.05000018	          0.05000070	          0.06979243	          0.16211848	          0.40961381	          0.05000094	          0.05000166	          0.07665580	          0.42451732	          0.08746751	          0.05000033	          0.05000069	          0.05000046	          0.05000050	          0.32323187	          0.60729954	          0.05000004	          0.05000015	          0.05000005	          0.21030027	          0.12734457	          0.13217329	          0.10361924	          0.22913053	          0.29399696	          0.23099310	          0.18364411	          0.32411366	          0.25871349	          0.37452659	          0.22925632	          0.06934491	          0.44951568	          0.15419801	          0.05907186	          0.10122589	          0.05000010	          0.05907187	
          0.59874602	         -2.91829780	          1.55257997	         -4.70627101	          0.81003730	          0.90877266	          0.00202246	         27.20528820	          4.72431014	         -0.87677350	        -20.60343177	          0.20430603	          8.31606498	        -16.49169202	        -11.41572744	          3.73414533	         -9.37565919	         -5.19779050	          3.35757603	          3.82523328	         -5.09172290	         -4.13499774	         36.76511638	         -3.46189132	         -0.95812015	          1.74759437	         -4.84942483	        -13.49035825	         10.94488846	          2.63718728	        -13.49401349	         19.00575647	         18.02885200	         38.15157759	         86.51662706	         86.51662706	          0.50580980	          0.45125906	          0.35865479	          0.38048372	          0.35531498	          0.23739027	          0.11230307	          0.13272718	          0.17853556	          0.08245316	          0.05000069	          0.12182107	          0.24701402	          0.37711663	          0.39111369	          0.30568668	          0.05000043	          0.05910194	          0.16245872	          0.36190991	          0.33571748	          0.36350477	          0.05000030	          0.05000020	          0.42274996	          0.11511909	          0.05818793	          0.05000007	          0.24031090	          0.24924953	          0.20800753	          0.05002622	          0.05000029	          0.05000003	          0.14229286	          0.05084101	          0.05000145	          0.55972405	          0.23863394	          0.16471234	          0.78425279	          0.81883988	          0.85261780	          0.11211267	          0.08733314	          0.05000006	          0.24330598	          0.05000011	          0.05000005	          0.33826248	          0.09554018	          0.05000024	          0.05002604	          0.05000071	          0.05000096	          0.05000014	          0.05907427	          0.22223587	          0.47180869	          0.41455597	          0.11507873	          0.09770154	          0.42165927	          0.07403520	          0.05000036	          0.05000165	          0.05000131	          0.05000228	          0.27359188	          0.53788481	          0.05000007	          0.05000039	          0.05000017	          0.19766703	          0.11508669	          0.11508665	          0.11414496	          0.19394205	          0.24884673	          0.19551859	          0.15544118	          0.27433830	          0.21898198	          0.41447065	          0.20130328	          0.05907207	          0.58309281	          0.19552836	          0.05000006	          0.12879037	          0.05000002	          0.05000007	
          0.60963231	         -2.90921363	          1.71047204	         -4.92533872	          0.82725181	          0.90790264	          0.00171652	         26.94492275	          5.03412204	         -0.73586565	        -19.76997210	         -0.16666026	          8.05453671	        -17.79499749	        -14.36015030	          2.49664085	        -10.12415887	         -5.67615911	          5.01478246	          3.96758962	         -6.04836408	         -3.85496882	         37.45946711	         -3.35208561	         -1.18837304	          1.84043382	         -5.49021836	        -13.51017003	         11.18691199	          2.18334689	        -13.47334813	         18.89003076	         17.29996674	         39.59047318	         86.51662706	         86.51662706	          0.58475519	          0.51721433	          0.41349248	          0.32490797	          0.30074960	          0.20093778	          0.09505628	          0.11234408	          0.15111717	          0.06979055	          0.05000041	          0.10311268	          0.24468603	          0.34432462	          0.38675095	          0.31125236	          0.05000053	          0.05002924	          0.13750968	          0.39739537	          0.37076842	          0.37950312	          0.05000012	          0.05000014	          0.35782668	          0.09743998	          0.05000515	          0.05000010	          0.28749936	          0.32790303	          0.26307017	          0.05000003	          0.05000009	          0.05000001	          0.19524644	          0.05908144	          0.05377939	          0.56206179	          0.20198643	          0.16014954	          0.75323815	          0.84032491	          0.76998907	          0.12679430	          0.07392105	          0.05000010	          0.20594057	          0.05000137	          0.05000170	          0.28631431	          0.08086796	          0.05000207	          0.05007994	          0.05000209	          0.05064034	          0.05000021	          0.05000237	          0.22508260	          0.60039158	          0.35089201	          0.09741448	          0.08269739	          0.45269501	          0.06266699	          0.05000425	          0.05010217	          0.05908039	          0.06978926	          0.23157531	          0.45663236	          0.05273510	          0.05321564	          0.05000458	          0.16731073	          0.09741242	          0.09741239	          0.09661531	          0.16415761	          0.21063039	          0.16549202	          0.13156973	          0.23220713	          0.18535285	          0.35081877	          0.17038836	          0.05000020	          0.49354496	          0.23845298	          0.44951556	          0.15462339	          0.05000007	          0.05000006	
          0.62051860	         -2.89702697	          1.85684146	         -5.11683398	          0.84410976	          0.90724390	          0.00139170	         26.68395340	          5.35710968	         -0.56776177	        -18.67426225	         -0.48259341	          7.84580508	        -19.10855316	        -17.66687641	          1.50678922	        -11.00007237	         -6.21930427	          6.57957878	          4.11380610	         -6.63807544	         -3.69675626	         36.86290799	         -3.26872465	         -1.40670558	          1.92524615	         -6.03838456	        -13.52879224	         11.55348972	          1.77309470	        -13.45787786	         18.81334426	         16.55208578	         40.96518937	         86.51662706	         86.51662706	          0.66301061	          0.56783395	          0.41219194	          0.27502216	          0.25456551	          0.17008162	          0.08045816	          0.09509113	          0.12790953	          0.05907262	          0.05000075	          0.08727743	          0.20710910	          0.29144750	          0.35720049	          0.31727333	          0.05000062	          0.05000421	          0.11639203	          0.41450875	          0.38176639	          0.37862480	          0.05000019	          0.05000020	          0.30287394	          0.08247597	          0.05000181	          0.05000021	          0.36851181	          0.40362489	          0.32341849	          0.05000005	          0.05000013	          0.05000001	          0.20004326	          0.05000964	          0.05000067	          0.60564860	          0.18095587	          0.16375234	          0.73612133	          0.90257312	          0.80806717	          0.12956520	          0.06256871	          0.05000010	          0.17431352	          0.05000129	          0.05000101	          0.24234429	          0.06844981	          0.05000766	          0.05000359	          0.05000047	          0.05000066	          0.05000021	          0.05001493	          0.21809081	          0.50818842	          0.29700467	          0.08245512	          0.06999736	          0.47512787	          0.20406344	          0.05000323	          0.05000756	          0.05000955	          0.05907224	          0.19601143	          0.38650554	          0.12545395	          0.05000939	          0.05000301	          0.14161635	          0.08245245	          0.08245242	          0.08177775	          0.13894728	          0.17828307	          0.14007675	          0.19455777	          0.19654621	          0.23051502	          0.29694214	          0.14422116	          0.07135184	          0.41774931	          0.25862907	          0.68101775	          0.17842291	          0.05000009	          0.05000006	
          0.63140489	         -2.88162219	          1.99224134	         -5.28646091	          0.86064502	          0.90681478	          0.00104827	         26.38006907	          5.69568362	         -0.35438075	        -17.38789422	         -0.75064157	          7.65151703	        -20.37518899	        -21.18146928	          0.84385137	        -12.01834269	         -6.81288203	          7.93495178	          4.19848352	         -6.83350628	         -3.70210359	         35.11429316	         -3.20108119	         -1.60859631	          2.00482206	         -6.51239822	        -13.54157226	         11.98091582	          1.40756642	        -13.45082010	         18.78793228	         15.81965807	         42.26026029	         86.51662706	         86.51662706	          0.73612018	          0.61862170	          0.46312011	          0.27055783	          0.21547666	          0.18754404	          0.06810194	          0.08048777	          0.10826599	          0.05000135	          0.05000109	          0.07387419	          0.17533178	          0.24669232	          0.30381014	          0.31464989	          0.05000058	          0.05010044	          0.09851760	          0.42613277	          0.38253757	          0.36441877	          0.05000032	          0.05000026	          0.25636051	          0.06981010	          0.05000548	          0.05000013	          0.41417453	          0.49253553	          0.38178220	          0.05000008	          0.05000019	          0.05000002	          0.26010986	          0.05000107	          0.05000132	          0.64792484	          0.15316590	          0.13860452	          0.62307246	          0.91391627	          0.83235118	          0.13262124	          0.05295979	          0.05000011	          0.14754355	          0.05000074	          0.05000045	          0.20512727	          0.05794143	          0.05000286	          0.06100845	          0.05000057	          0.05000090	          0.05000031	          0.11257775	          0.22124360	          0.44321057	          0.25139380	          0.06979322	          0.05924774	          0.48796808	          0.29146775	          0.06576903	          0.05000487	          0.05000218	          0.05000225	          0.16590929	          0.32714837	          0.16064076	          0.05001930	          0.05904690	          0.11986790	          0.06978993	          0.06978990	          0.06921884	          0.11760860	          0.15090348	          0.11856461	          0.16474206	          0.16636193	          0.19512031	          0.25133957	          0.12207256	          0.06979020	          0.35359391	          0.32033685	          0.74808167	          0.18563032	          0.05381604	          0.05000006	
          0.64229119	         -2.86399068	          2.11858023	         -5.43959401	          0.87685597	          0.90666555	          0.00069517	         26.01639858	          6.05149102	         -0.08816994	        -15.95975276	         -0.97499138	          7.44680004	        -21.57228820	        -24.79072825	          0.57012040	        -12.94785407	         -7.45457315	          9.03152691	          4.24177281	         -6.51022506	         -3.83216795	         32.70579036	         -3.14508820	         -1.79355983	          2.07928681	         -6.92285554	        -13.54580682	         12.41395300	          1.09457345	        -13.44972492	         18.81900968	         15.13009437	         43.45582280	         86.51662706	         86.51662706	          0.78201231	          0.64528734	          0.46017195	          0.22901537	          0.18240385	          0.15874633	          0.05764333	          0.06812708	          0.09163918	          0.05000022	          0.05000055	          0.06252925	          0.14840583	          0.20880901	          0.25715585	          0.28868379	          0.05000180	          0.05000377	          0.08338813	          0.42627337	          0.36817247	          0.31729638	          0.05000019	          0.05000023	          0.21699038	          0.05908963	          0.05000667	          0.05000134	          0.52072843	          0.57818956	          0.44513251	          0.05000018	          0.05000053	          0.05000025	          0.28483428	          0.05000121	          0.05000234	          0.65480494	          0.12964371	          0.12656181	          0.52738486	          0.89451129	          0.88084601	          0.12973720	          0.05000003	          0.05000009	          0.12488476	          0.05000136	          0.05000953	          0.17362604	          0.05001579	          0.05001694	          0.07132798	          0.05000043	          0.05000084	          0.05000027	          0.11691487	          0.23155861	          0.40193760	          0.21278774	          0.05907675	          0.05014904	          0.51293572	          0.36732439	          0.08586138	          0.05000916	          0.05000387	          0.05000194	          0.14640301	          0.27690692	          0.13597183	          0.05912556	          0.05000247	          0.10145938	          0.05907205	          0.05907203	          0.05858867	          0.09954701	          0.12772875	          0.10035618	          0.14020424	          0.39289673	          0.24998536	          0.25923875	          0.10332541	          0.05907226	          0.29929113	          0.27114147	          0.63319579	          0.18740653	          0.06892131	          0.05000005	
          0.65317748	         -2.84567035	          2.23020184	         -5.58026981	          0.89273847	          0.90687143	          0.00033581	         25.56794525	          6.41636667	          0.23645439	        -14.42420575	         -1.15802610	          7.22289205	        -22.64029722	        -28.36814896	          0.61244050	        -13.20513695	         -8.10083376	          9.86317260	          4.29371687	         -5.88830478	         -3.99445572	         30.17621436	         -3.10078164	         -1.95241444	          2.14755065	         -7.27408486	        -13.53671077	         12.81903869	          0.84008973	        -13.45132919	         18.89963351	         14.49849825	         44.53452749	         86.51662706	         86.51662706	          0.81722463	          0.65073728	          0.43477676	          0.19384541	          0.15439235	          0.13436828	          0.05000037	          0.05766498	          0.07756587	          0.05000036	          0.05000083	          0.05292712	          0.13270904	          0.19756819	          0.24766213	          0.27660083	          0.05000086	          0.05001461	          0.07058245	          0.41900632	          0.34751483	          0.29016314	          0.05000024	          0.05000025	          0.18366655	          0.05001675	          0.05000889	          0.05000049	          0.51110666	          0.57580679	          0.44315289	          0.05000086	          0.05000203	          0.06482404	          0.30556250	          0.05000041	          0.05000055	          0.60707331	          0.10973398	          0.13457325	          0.44639245	          0.85818249	          0.83360640	          0.12973240	          0.05000005	          0.05000012	          0.10570579	          0.05000039	          0.05000026	          0.18318452	          0.05000703	          0.05000136	          0.07290942	          0.05000054	          0.05000109	          0.05000034	          0.15119945	          0.22397903	          0.38207334	          0.18011019	          0.05000993	          0.05000055	          0.51180217	          0.40015409	          0.10334405	          0.05000293	          0.05000143	          0.05000087	          0.13488383	          0.23438126	          0.11509028	          0.05004770	          0.05000117	          0.08587789	          0.05000021	          0.05000019	          0.05000007	          0.08583926	          0.11941840	          0.08494413	          0.11867262	          0.33255821	          0.21159430	          0.26488295	          0.08745735	          0.05000037	          0.25332793	          0.37228090	          0.56501526	          0.17625042	          0.06829195	          0.05000006	
          0.66406377	         -2.82786243	          2.32526490	         -5.70817815	          0.90832653	          0.90746161	         -0.00002009	         25.00804102	          6.78202386	          0.61663564	        -12.80184168	         -1.30972126	          6.97306310	        -23.51694960	        -31.80121170	          0.85490912	        -13.01545741	         -8.71036177	         10.45388955	          4.36381829	         -5.31996265	         -4.10394011	         27.41425053	         -3.06501079	         -2.08511234	          2.20799458	         -7.57426568	        -13.51638878	         13.18071403	          0.63527342	        -13.45174928	         19.01133094	         13.94035063	         45.49846299	         86.51662706	         86.51662706	          0.84156877	          0.65372923	          0.42027020	          0.16407718	          0.13068320	          0.11373443	          0.05000111	          0.05109826	          0.06565428	          0.05000038	          0.05000082	          0.05000265	          0.15387404	          0.19597886	          0.25112295	          0.25949978	          0.05000067	          0.05001339	          0.05974403	          0.39875510	          0.31447970	          0.25400519	          0.05000021	          0.05000021	          0.15546036	          0.05000561	          0.05000345	          0.05000029	          0.48265677	          0.54551940	          0.42292105	          0.05015807	          0.05000125	          0.07933004	          0.33874230	          0.05000090	          0.05000131	          0.51601181	          0.09288181	          0.12999067	          0.37783832	          0.72639032	          0.72067175	          0.12067421	          0.05000006	          0.05000013	          0.08947223	          0.05000044	          0.05000035	          0.19926576	          0.05001245	          0.05000210	          0.06736670	          0.05620860	          0.05000736	          0.05351634	          0.18275894	          0.20525190	          0.35549837	          0.15245060	          0.05000497	          0.05000055	          0.51755080	          0.39454227	          0.15838887	          0.05000296	          0.05000135	          0.05000066	          0.12819713	          0.19838644	          0.09741555	          0.05000924	          0.05000116	          0.07268931	          0.05000007	          0.05000007	          0.05000005	          0.07265678	          0.10107926	          0.07189893	          0.10044905	          0.28148659	          0.17909927	          0.25595397	          0.07402624	          0.05000051	          0.24209265	          0.37398172	          0.48465916	          0.16497335	          0.05894684	          0.05000008	
          0.67495006	         -2.81112709	          2.40278537	         -5.81839651	          0.92365726	          0.90839073	         -0.00036162	         24.32498726	          7.13778296	          1.03836340	        -11.11322991	         -1.43136666	          6.69891524	        -24.16805273	        -35.04801972	          1.18971098	        -12.56412034	         -9.26545509	         10.83260352	          4.47433248	         -4.75160548	         -4.09922339	         24.49057551	         -3.03573250	         -2.19451195	          2.25925708	         -7.83102486	        -13.49290517	         13.49642891	          0.46206931	        -13.45052636	         19.12909665	         13.47362492	         46.37348816	         86.51662706	         86.51662706	          0.85259970	          0.64548095	          0.41607776	          0.18277542	          0.11062608	          0.09627188	          0.05137512	          0.06924164	          0.06338605	          0.05000041	          0.05000067	          0.05000482	          0.16062340	          0.19423393	          0.25280760	          0.23763241	          0.05000059	          0.05001333	          0.05057505	          0.36409187	          0.26618692	          0.21499714	          0.05000018	          0.05000018	          0.13158585	          0.05000271	          0.05000237	          0.05000024	          0.46841432	          0.51599928	          0.39961868	          0.06099311	          0.05000087	          0.09588505	          0.36383761	          0.05000099	          0.05000128	          0.43682600	          0.07861769	          0.14206901	          0.31981233	          0.61485476	          0.64606944	          0.11265051	          0.05000007	          0.05000014	          0.07573177	          0.05000037	          0.05000025	          0.33977669	          0.05001126	          0.05000154	          0.05996592	          0.08116344	          0.05010595	          0.06623150	          0.18873089	          0.19065050	          0.33219312	          0.12903866	          0.05000420	          0.05000045	          0.51766126	          0.38513377	          0.17067672	          0.05000249	          0.05000110	          0.05000046	          0.12398834	          0.16791955	          0.08245518	          0.05000443	          0.05000073	          0.06152616	          0.05000007	          0.05000007	          0.05000004	          0.06553036	          0.08555716	          0.06085715	          0.08895711	          0.26710124	          0.15159501	          0.24684193	          0.06265780	          0.05000021	          0.20491591	          0.37084911	          0.41022823	          0.15459986	          0.05635955	          0.05000009	
          0.68583635	         -2.79581671	          2.46120672	         -5.90738819	          0.93875947	          0.90959349	         -0.00068408	         23.51104352	          7.47047110	          1.48517832	         -9.37505518	         -1.52525083	          6.40039618	        -24.56773671	        -38.09148680	          1.52604590	        -11.90208701	         -9.74753130	         11.01717013	          4.59982861	         -4.14016058	         -3.96795634	         21.49203841	         -3.01247173	         -2.28116707	          2.30069673	         -8.04998497	        -13.47241179	         13.76355780	          0.30537841	        -13.44972849	         19.23331330	         13.11116143	         47.18566418	         86.51662706	         86.51662706	          0.85351812	          0.61893271	          0.40458738	          0.22250280	          0.11936245	          0.11154295	          0.06665267	          0.08762951	          0.06792887	          0.05000047	          0.05000069	          0.05000734	          0.13595702	          0.16441490	          0.21399021	          0.20292374	          0.05000077	          0.05001435	          0.08042948	          0.31029454	          0.22530776	          0.18197935	          0.05000021	          0.05000022	          0.11137785	          0.05000228	          0.05000148	          0.05000019	          0.43969428	          0.55717436	          0.43050974	          0.07887605	          0.05000072	          0.11210426	          0.39097897	          0.05114156	          0.05154187	          0.36974444	          0.06654416	          0.14509090	          0.27069764	          0.57343754	          0.62129479	          0.10522943	          0.05000008	          0.05000014	          0.06410158	          0.05000035	          0.05000022	          0.42134974	          0.05002861	          0.05000130	          0.05085498	          0.10309596	          0.05009373	          0.07347358	          0.19156538	          0.18440678	          0.29912475	          0.10922215	          0.05000314	          0.05000041	          0.51209070	          0.38178660	          0.17960922	          0.05000221	          0.05000091	          0.05000035	          0.12078187	          0.14213181	          0.06979233	          0.05000355	          0.05000066	          0.05207742	          0.05000007	          0.05000007	          0.05000004	          0.06333281	          0.07241849	          0.05247920	          0.08056392	          0.23799103	          0.12831459	          0.24336191	          0.05303529	          0.05000015	          0.17344726	          0.37191445	          0.34722875	          0.14467294	          0.05226995	          0.05000011	
          0.69672264	         -2.78234856	          2.49897981	         -5.97206981	          0.95365667	          0.91102201	         -0.00098343	         22.55369487	          7.76797409	          1.94511974	         -7.59889096	         -1.59310727	          6.07835480	        -24.68815086	        -40.91736364	          1.82283875	        -11.11233394	        -10.14513992	         11.02748494	          4.72664138	         -3.48129238	         -3.72577006	         18.45729560	         -2.99504066	         -2.34534142	          2.33160241	         -8.23264559	        -13.45831864	         13.97946961	          0.15581419	        -13.44975279	         19.31138339	         12.85451728	         47.94702314	         86.51662706	         86.51662706	          0.84042789	          0.57880617	          0.39996546	          0.24338904	          0.18667519	          0.21565645	          0.08013468	          0.10468332	          0.07627982	          0.05439663	          0.05000104	          0.05000394	          0.11507795	          0.13916891	          0.18113104	          0.17247512	          0.05000087	          0.05001376	          0.08245603	          0.26264522	          0.19070661	          0.15403225	          0.05000027	          0.05000028	          0.09427329	          0.05000314	          0.05000558	          0.05000015	          0.45390713	          0.56179561	          0.43476126	          0.10090280	          0.05000051	          0.12976273	          0.41399881	          0.05050335	          0.06617877	          0.31296139	          0.05632485	          0.16877698	          0.22912568	          0.51188373	          0.61069676	          0.09784997	          0.05000008	          0.05000014	          0.05425779	          0.05000033	          0.05000020	          0.49931617	          0.05003245	          0.05000123	          0.05641952	          0.12775030	          0.08207954	          0.09001290	          0.19859421	          0.17645822	          0.27796020	          0.09244892	          0.05000290	          0.05000036	          0.50409582	          0.37140129	          0.19959973	          0.05000200	          0.05000077	          0.05000027	          0.11702850	          0.12316255	          0.05907420	          0.05000309	          0.05000055	          0.05000029	          0.05000007	          0.05000006	          0.05000004	          0.05387851	          0.06129717	          0.05000007	          0.07116802	          0.23853997	          0.10860980	          0.24736503	          0.05000025	          0.05000013	          0.14684103	          0.36353421	          0.30921467	          0.13738989	          0.05000192	          0.05000012	
          0.70760893	         -2.77118221	          2.51637596	         -6.01029473	          0.96835534	          0.91264968	         -0.00125892	         21.45509090	          8.02298174	          2.41102560	         -5.78864626	         -1.63686239	          5.73671668	        -24.53091542	        -43.52611171	          2.07193946	        -10.24791552	        -10.45274740	         10.88263244	          4.85221485	         -2.78532843	         -3.40232276	         15.43140991	         -2.98457801	         -2.38858413	          2.35158498	         -8.37454164	        -13.45122041	         14.14332023	          0.01217247	        -13.44979458	         19.35984449	         12.69428558	         48.65416999	         86.51662706	         86.51662706	          0.82097789	          0.53305679	          0.38935900	          0.29268457	          0.27535216	          0.30626399	          0.08589090	          0.11299298	          0.08189659	          0.05378827	          0.05000093	          0.05000136	          0.09740525	          0.11780135	          0.15333034	          0.16291092	          0.05000073	          0.05000714	          0.06979420	          0.24391729	          0.16142013	          0.13037763	          0.05000019	          0.05000019	          0.07979558	          0.05000391	          0.08802371	          0.05000014	          0.43250976	          0.53739399	          0.41517938	          0.12829595	          0.05000035	          0.14810930	          0.43273581	          0.05000596	          0.07829029	          0.26489869	          0.05000035	          0.20302051	          0.19393811	          0.43327226	          0.56419670	          0.09249213	          0.05000012	          0.05000013	          0.05000927	          0.05000033	          0.05000018	          0.59683743	          0.06304211	          0.05000119	          0.05910005	          0.14733770	          0.08813990	          0.10348833	          0.19876214	          0.16632974	          0.26793400	          0.07825165	          0.05000241	          0.05000033	          0.49169236	          0.35502552	          0.21396718	          0.05000174	          0.05000062	          0.05000022	          0.11033717	          0.11184341	          0.05000221	          0.05000240	          0.05000050	          0.05000036	          0.05000007	          0.05000006	          0.05000004	          0.05000024	          0.05188371	          0.05000003	          0.06340681	          0.24632947	          0.09228708	          0.25514331	          0.05000030	          0.05000011	          0.15648674	          0.35336115	          0.29569687	          0.13165978	          0.05000038	          0.05000016	
          0.71849522	         -2.76249933	          2.51460753	         -6.02138037	          0.98285213	          0.91445256	         -0.00151412	         20.23778435	          8.23198607	          2.87783432	         -3.94742444	         -1.66040885	          5.38206169	        -24.13406187	        -45.91945448	          2.27501777	         -9.34136120	        -10.66373697	         10.60246094	          4.97777411	         -2.06319476	         -3.01720702	         12.45924265	         -2.98289659	         -2.41257405	          2.36046478	         -8.46897258	        -13.44970976	         14.25575441	         -0.12115241	        -13.44973597	         19.38296486	         12.61585691	         49.29552438	         86.51662706	         86.51662706	          0.79416477	          0.49048542	          0.37193508	          0.37358192	          0.35795981	          0.37789867	          0.08192120	          0.10776215	          0.08096685	          0.05000046	          0.05000065	          0.05000095	          0.08244664	          0.09973226	          0.16676162	          0.16682424	          0.05000070	          0.05000498	          0.05907626	          0.24409338	          0.15059709	          0.12832658	          0.05000014	          0.05000014	          0.06754133	          0.05000291	          0.12668566	          0.05000019	          0.39278246	          0.48985635	          0.37703063	          0.16009551	          0.05000362	          0.16612565	          0.45109488	          0.05000198	          0.09763650	          0.22421716	          0.05032091	          0.23658350	          0.16415441	          0.36673315	          0.52452570	          0.09110974	          0.05000012	          0.05000013	          0.06333717	          0.05000032	          0.05000018	          0.62960796	          0.07831808	          0.05000116	          0.05273834	          0.15719891	          0.07462545	          0.11398213	          0.19775552	          0.15932692	          0.25554494	          0.06623487	          0.05000228	          0.05000031	          0.47558242	          0.34396454	          0.22543534	          0.05000156	          0.05000052	          0.05000019	          0.10470789	          0.10412684	          0.05000066	          0.05000248	          0.05000054	          0.05006701	          0.05000007	          0.05000007	          0.05000005	          0.05000017	          0.05000034	          0.05000003	          0.05373019	          0.21158852	          0.08401358	          0.26533119	          0.05000024	          0.05000010	          0.16459210	          0.34420022	          0.29317302	          0.12906947	          0.05000038	          0.05000017	
          0.72938152	         -2.75604563	          2.49466124	         -6.00537162	          0.99715176	          0.91639963	         -0.00175161	         18.92540308	          8.39258656	          3.33935826	         -2.08143022	         -1.66767540	          5.02085740	        -23.53692395	        -48.09544726	          2.42301450	         -8.40930605	        -10.77812675	         10.20758819	          5.10203267	         -1.33892721	         -2.59273620	          9.58040642	         -2.99008542	         -2.41869839	          2.35810672	         -8.51083892	        -13.45199739	         14.32030450	         -0.23946031	        -13.44970732	         19.38770370	         12.60270918	         49.85701956	         86.51662706	         86.51662706	          0.75844970	          0.45781185	          0.35585224	          0.44709811	          0.42332767	          0.43086298	          0.07441606	          0.09826921	          0.07862318	          0.05000029	          0.05000052	          0.05000067	          0.06978532	          0.08464989	          0.18682361	          0.17648930	          0.05000065	          0.05000359	          0.05000466	          0.25261846	          0.15592140	          0.14427791	          0.05000011	          0.05000011	          0.05716917	          0.05000246	          0.16515999	          0.05000026	          0.34442486	          0.42819450	          0.32778928	          0.18829590	          0.08942583	          0.17930029	          0.46713517	          0.05000505	          0.13192388	          0.18978325	          0.09111497	          0.26494672	          0.13894468	          0.31041265	          0.50625240	          0.09223159	          0.05000013	          0.05000013	          0.06208220	          0.05000034	          0.05000019	          0.63638930	          0.09466946	          0.05000125	          0.05121474	          0.15425144	          0.06317563	          0.12592314	          0.19520176	          0.15334976	          0.24055420	          0.05606400	          0.05000205	          0.05000029	          0.45825499	          0.33029830	          0.23587826	          0.05000143	          0.05000045	          0.05000017	          0.09968072	          0.09910523	          0.05000077	          0.05000252	          0.05000054	          0.05602618	          0.05000008	          0.05000008	          0.05000005	          0.05000035	          0.05000107	          0.05000005	          0.05000256	          0.17909480	          0.07111865	          0.27556608	          0.05000020	          0.05000009	          0.19629718	          0.33418097	          0.29055740	          0.12667280	          0.05000034	          0.05000017	
          0.74026781	         -2.75133104	          2.45664467	         -5.96277181	          1.01126392	          0.91845177	         -0.00197126	         17.53911690	          8.50341145	          3.78859848	         -0.19800926	         -1.66077918	          4.65659051	        -22.77465806	        -50.05250602	          2.50237578	         -7.45262436	        -10.81117388	          9.71960372	          5.22246319	         -0.63234124	         -2.14933320	          6.83745079	         -3.00529378	         -2.40778861	          2.34444891	         -8.49655175	        -13.45663658	         14.34383239	         -0.33907342	        -13.44977588	         19.37993114	         12.63827949	         50.32609602	         86.51662706	         86.51662706	          0.71581413	          0.43080982	          0.34125843	          0.48154581	          0.46577068	          0.46947172	          0.06497311	          0.08455939	          0.07541238	          0.05000017	          0.05000042	          0.05000050	          0.05906864	          0.07539874	          0.18819035	          0.18401155	          0.05000063	          0.05000268	          0.05000106	          0.26116581	          0.16396880	          0.15917399	          0.05000009	          0.05000009	          0.05000132	          0.05000234	          0.20115828	          0.05000050	          0.30485193	          0.36244972	          0.27773512	          0.21991734	          0.13514866	          0.18937374	          0.48002448	          0.05000476	          0.15807682	          0.16063749	          0.15800387	          0.29578162	          0.11760649	          0.26274149	          0.49368029	          0.09364770	          0.05000014	          0.05000013	          0.07223670	          0.05000035	          0.05000019	          0.53887913	          0.11205500	          0.05000133	          0.05056694	          0.14289243	          0.05348460	          0.14139434	          0.19703403	          0.14782306	          0.22302516	          0.05000259	          0.05000180	          0.05000027	          0.43686542	          0.31943630	          0.24880468	          0.05000127	          0.05000038	          0.05000015	          0.09524554	          0.09436009	          0.05000075	          0.05000266	          0.05000057	          0.06012748	          0.05000008	          0.05000008	          0.05000006	          0.05000031	          0.05000074	          0.05000003	          0.05000099	          0.15159078	          0.06585043	          0.28373648	          0.05000040	          0.05000011	          0.25445397	          0.32280553	          0.30093151	          0.12380945	          0.05000028	          0.05000017	
          0.75115410	         -2.74781503	          2.40067872	         -5.89438448	          1.02519924	          0.92056449	         -0.00217171	         16.09741492	          8.56520041	          4.22080442	          1.69519584	         -1.64090471	          4.28913517	        -21.87979190	        -51.78978429	          2.51261810	         -6.47231253	        -10.78013725	          9.16156475	          5.33559079	          0.04608982	         -1.70601059	          4.28520430	         -3.02759248	         -2.38088771	          2.31960302	         -8.42330266	        -13.46245894	         14.33480580	         -0.41734873	        -13.45000800	         19.36358572	         12.70662757	         50.69305051	         86.51662706	         86.51662706	          0.66571433	          0.40376465	          0.32807908	          0.50130805	          0.48888834	          0.49626854	          0.05827496	          0.07305374	          0.07347506	          0.05000016	          0.05000041	          0.05000042	          0.05000147	          0.06384876	          0.15930191	          0.18390326	          0.05000067	          0.05000229	          0.05000097	          0.26143487	          0.16462504	          0.16254343	          0.05000008	          0.05000008	          0.05000140	          0.05000232	          0.24162909	          0.05000104	          0.26915910	          0.30678744	          0.23508339	          0.25088217	          0.18114899	          0.19486475	          0.48908266	          0.05000325	          0.18129385	          0.13596775	          0.21936448	          0.32589570	          0.09954527	          0.22239137	          0.49368261	          0.09352555	          0.05000012	          0.05000014	          0.07599504	          0.05000037	          0.05000021	          0.45612488	          0.09749128	          0.05000148	          0.05009350	          0.12094857	          0.05001005	          0.15508703	          0.19054638	          0.14009792	          0.20683320	          0.05000308	          0.05000168	          0.05000026	          0.41389842	          0.29904787	          0.25589105	          0.05000117	          0.05000034	          0.05000014	          0.08977280	          0.09001773	          0.05000079	          0.05000290	          0.05000061	          0.06027359	          0.05000009	          0.05000009	          0.05000006	          0.05000005	          0.05000012	          0.05000001	          0.05000056	          0.12831050	          0.06333733	          0.28742425	          0.05000031	          0.05000013	          0.30721147	          0.32306341	          0.32324707	          0.11972599	          0.05000045	          0.05000017	
          0.76204039	         -2.74503027	          2.32841621	         -5.80135235	          1.03896813	          0.92269325	         -0.00235218	         14.61654429	          8.58210182	          4.63407207	          3.58896646	         -1.60950311	          3.91913008	        -20.88143121	        -53.30231286	          2.45649653	         -5.47596602	        -10.70486743	          8.55321866	          5.43591807	          0.68843249	         -1.26611663	          1.98106779	         -3.05625738	         -2.34059805	          2.28403216	         -8.28873583	        -13.46843484	         14.30176653	         -0.47191259	        -13.45034259	         19.34214267	         12.79295746	         50.94918093	         86.51662706	         86.51662706	          0.61254946	          0.37751668	          0.31713130	          0.49304387	          0.49988683	          0.51343303	          0.05579239	          0.06508553	          0.07237257	          0.05000015	          0.05000043	          0.05000036	          0.05000112	          0.05406189	          0.13484092	          0.17695884	          0.05000076	          0.05000197	          0.05000086	          0.25598330	          0.16069793	          0.15764502	          0.05000008	          0.05000008	          0.05000137	          0.05000269	          0.27292386	          0.05000223	          0.23403505	          0.25967318	          0.19898115	          0.28098284	          0.22462172	          0.19619491	          0.49493834	          0.05000352	          0.20174365	          0.11508665	          0.27537574	          0.35318889	          0.08425779	          0.18823797	          0.49721315	          0.09142249	          0.05000014	          0.05000014	          0.06978637	          0.05000038	          0.05000020	          0.38607700	          0.08253633	          0.05000150	          0.05003376	          0.10237416	          0.05000235	          0.15936703	          0.18170512	          0.13645355	          0.19862835	          0.05000257	          0.05000157	          0.05000026	          0.38932234	          0.28889854	          0.24616334	          0.05000102	          0.05000030	          0.05000014	          0.08619681	          0.08616250	          0.05000069	          0.05000282	          0.05000064	          0.06059136	          0.05000012	          0.05000012	          0.05000009	          0.05000075	          0.05000145	          0.05000011	          0.05000022	          0.10860541	          0.05361082	          0.29348722	          0.05000039	          0.05000016	          0.34971619	          0.32127718	          0.35352423	          0.11535832	          0.05000036	          0.05000018	
          0.77292668	         -2.74260874	          2.24302104	         -5.68459639	          1.05257937	          0.92479491	         -0.00251394	         13.11225150	          8.56099298	          5.02696464	          5.47348471	         -1.56811192	          3.54877325	        -19.80788708	        -54.58432944	          2.33808620	         -4.45220254	        -10.60683030	          7.91327820	          5.51464334	          1.26773227	         -0.81897539	         -0.02318464	         -3.09098082	         -2.29080593	          2.23815172	         -8.09072191	        -13.47371087	         14.25353403	         -0.50028246	        -13.45049130	         19.31858714	         12.88420276	         51.08605949	         86.51662706	         86.51662706	          0.55968491	          0.35102639	          0.30425956	          0.47527513	          0.49979200	          0.52144752	          0.05678683	          0.06156130	          0.07104956	          0.05000017	          0.05000049	          0.05000033	          0.05000089	          0.05002738	          0.11413498	          0.16383920	          0.05000093	          0.05000183	          0.05000087	          0.24418782	          0.15251314	          0.14700884	          0.05000009	          0.05000009	          0.05000141	          0.05000325	          0.29724800	          0.05000313	          0.19813646	          0.21979437	          0.16842312	          0.31006652	          0.26674813	          0.19393493	          0.49823033	          0.05000421	          0.21830059	          0.09741234	          0.32500840	          0.37657397	          0.07131807	          0.15932964	          0.49923535	          0.08854025	          0.05000015	          0.05000015	          0.05907120	          0.05000040	          0.05000022	          0.32678606	          0.06986379	          0.05000155	          0.05002898	          0.08665225	          0.05000172	          0.17432307	          0.17817869	          0.13383798	          0.19259026	          0.05000245	          0.05000148	          0.05000025	          0.36391473	          0.27784150	          0.24807607	          0.05000091	          0.05000027	          0.05000013	          0.08185425	          0.08203623	          0.05000070	          0.05000272	          0.05000067	          0.05805235	          0.05000014	          0.05000014	          0.05000010	          0.05000107	          0.05908150	          0.05013855	          0.05000018	          0.09192649	          0.05000072	          0.29984965	          0.05000037	          0.05000016	          0.40475918	          0.32406355	          0.41502987	          0.11044788	          0.05000036	          0.05000019	
          0.78381297	         -2.74026909	          2.14868238	         -5.54531836	          1.06603633	          0.92682416	         -0.00265894	         11.60059491	          8.51041228	          5.40130958	          7.34340414	         -1.51872942	          3.18009035	        -18.68835916	        -55.64130996	          2.16557634	         -3.39426071	        -10.50513997	          7.25853035	          5.56341940	          1.76441403	         -0.35259211	         -1.66206398	         -3.13221175	         -2.23633961	          2.18257567	         -7.82775366	        -13.47801467	         14.19773570	         -0.49935901	        -13.45035318	         19.29623688	         12.97116020	         51.09682233	         86.51662706	         86.51662706	          0.50995657	          0.32609436	          0.29218790	          0.45608398	          0.49437200	          0.52246323	          0.05893898	          0.05996903	          0.06869455	          0.05000021	          0.05000058	          0.05000031	          0.05000074	          0.05001553	          0.09660847	          0.14551227	          0.05000120	          0.05000172	          0.05000093	          0.22819616	          0.14129558	          0.13067873	          0.05000010	          0.05000010	          0.05000141	          0.05000415	          0.31396979	          0.05000269	          0.16770985	          0.18603992	          0.14255803	          0.33771028	          0.30592709	          0.18894808	          0.49966955	          0.05000523	          0.23030209	          0.08245235	          0.36507082	          0.39512400	          0.06036558	          0.13486087	          0.49987771	          0.08554335	          0.05000013	          0.05000017	          0.05000100	          0.05000042	          0.05000029	          0.27660048	          0.05913598	          0.05000174	          0.05002842	          0.07334481	          0.05000171	          0.19121075	          0.17807551	          0.12871944	          0.19112072	          0.05000296	          0.05000149	          0.05000025	          0.33966490	          0.26228305	          0.24937550	          0.05000093	          0.05000029	          0.05000015	          0.07615873	          0.07785781	          0.05000161	          0.05000723	          0.05000097	          0.05476921	          0.05000016	          0.05000016	          0.05000012	          0.06074397	          0.05000829	          0.05000001	          0.05000015	          0.07780902	          0.05000022	          0.31076195	          0.05907104	          0.05000018	          0.43120441	          0.32622622	          0.49202046	          0.10594610	          0.05000061	          0.05000019	
          0.79469926	         -2.73777055	          2.04969035	         -5.38501976	          1.07934455	          0.92873689	         -0.00278953	         10.09434837	          8.43882681	          5.76060273	          9.19338043	         -1.46437662	          2.81518526	        -17.54713298	        -56.47766489	          1.94715119	         -2.31561671	        -10.41581897	          6.60107599	          5.58058035	          2.14409388	          0.14065131	         -2.88289067	         -3.18010860	         -2.18188785	          2.11819358	         -7.50031976	        -13.48136975	         14.13989418	         -0.46692272	        -13.45013648	         19.27834552	         13.04930431	         50.97671405	         86.51662706	         86.51662706	          0.46839159	          0.30659368	          0.28403369	          0.44021470	          0.49054335	          0.52423146	          0.05999999	          0.05683614	          0.06574415	          0.05000027	          0.05000076	          0.05000032	          0.05000068	          0.05001095	          0.08177358	          0.12736571	          0.05000169	          0.05000174	          0.05000102	          0.21057349	          0.12821427	          0.11268951	          0.05000012	          0.05000013	          0.05000147	          0.05000605	          0.32594171	          0.05000321	          0.14195654	          0.15746938	          0.12066532	          0.36374564	          0.34297809	          0.18202588	          0.50000292	          0.05000592	          0.23848886	          0.06978982	          0.39320893	          0.40834253	          0.05109520	          0.11414987	          0.49880450	          0.08403188	          0.05000012	          0.05000018	          0.05000119	          0.05000043	          0.05000028	          0.23412208	          0.05005809	          0.05000176	          0.05000663	          0.06208103	          0.05000066	          0.18166660	          0.15077212	          0.12548355	          0.19295128	          0.05000290	          0.05000146	          0.05000025	          0.31593093	          0.25044758	          0.21108329	          0.05000082	          0.05000026	          0.05000015	          0.07478535	          0.07684594	          0.05000122	          0.05000751	          0.05000119	          0.05286531	          0.05000030	          0.05000029	          0.05000020	          0.05141538	          0.05000030	          0.05307819	          0.05000017	          0.06585976	          0.05000144	          0.28096910	          0.05000015	          0.05000041	          0.47474661	          0.34021316	          0.50489456	          0.10245194	          0.05000095	          0.05000019	
          0.80558555	         -2.73491420	          1.94906280	         -5.20508100	          1.09252020	          0.93050113	         -0.00290831	          8.60077154	          8.35243071	          6.10642653	         11.01023116	         -1.40810538	          2.45930548	        -16.40019825	        -57.07369363	          1.68752293	         -1.27798874	        -10.34979150	          5.95317482	          5.57103204	          2.35247006	          0.66331430	         -3.67224600	         -3.23350910	         -2.13045226	          2.04568401	         -7.11167358	        -13.48340642	         14.08423142	         -0.40271625	        -13.44983423	         19.26742808	         13.11760984	         50.72130724	         86.51662706	         86.51662706	          0.44013562	          0.29713367	          0.27800081	          0.46170781	          0.50974823	          0.53036139	          0.05902126	          0.05432539	          0.06147919	          0.05000032	          0.05000089	          0.05000031	          0.05000063	          0.05000910	          0.06921739	          0.11166193	          0.05000223	          0.05000168	          0.05000108	          0.20110763	          0.12274862	          0.10250444	          0.05000014	          0.05000014	          0.05000135	          0.05000597	          0.32924171	          0.06060376	          0.12025063	          0.13328701	          0.10213595	          0.38802499	          0.37741752	          0.17332705	          0.50022601	          0.05027071	          0.24562621	          0.05907194	          0.40710146	          0.41569753	          0.05000062	          0.09661955	          0.49791979	          0.08174414	          0.05000011	          0.05000020	          0.05000082	          0.05000045	          0.05000032	          0.19816722	          0.05000617	          0.05000171	          0.05001031	          0.05254716	          0.05000061	          0.20765611	          0.16459035	          0.12770241	          0.17606685	          0.05000291	          0.05000144	          0.05000027	          0.29396796	          0.24020688	          0.18969934	          0.05000078	          0.05000026	          0.05000016	          0.07151157	          0.07458853	          0.05000138	          0.05001089	          0.05000128	          0.05003538	          0.05000031	          0.05000032	          0.05000024	          0.05000302	          0.05002920	          0.05210454	          0.05000014	          0.05574557	          0.05000040	          0.29208466	          0.07471367	          0.05000045	          0.48637091	          0.32847313	          0.48749498	          0.09813912	          0.05375352	          0.05000018	
          0.81647185	         -2.73169417	          1.84870228	         -5.00770127	          1.10557522	          0.93209101	         -0.00301712	          7.12257110	          8.25507273	          6.43810434	         12.78613400	         -1.35315267	          2.11117477	        -15.25495361	        -57.43840844	          1.39264217	         -0.24699989	        -10.31315228	          5.31053902	          5.53995480	          2.42928548	          1.21330090	         -4.16632940	         -3.29211572	         -2.08333111	          1.96563600	         -6.66681839	        -13.48391050	         14.03323895	         -0.30646612	        -13.44977567	         19.26544177	         13.18083132	         50.32968844	         86.51662706	         86.51662706	          0.41781477	          0.29144971	          0.27340653	          0.49397836	          0.52816004	          0.52892534	          0.05768117	          0.05054915	          0.05798617	          0.05000035	          0.05000105	          0.05000029	          0.05000056	          0.05000702	          0.05859099	          0.10076903	          0.07837564	          0.05000155	          0.05000104	          0.19741439	          0.12081947	          0.09441605	          0.05000015	          0.05000015	          0.05000121	          0.05000677	          0.32793800	          0.07067887	          0.10974700	          0.11282662	          0.08995531	          0.41080953	          0.40911255	          0.16352371	          0.49964901	          0.05568425	          0.24662222	          0.05000010	          0.41954335	          0.42181486	          0.05000073	          0.08178145	          0.49651401	          0.07983648	          0.05000012	          0.05000022	          0.05000050	          0.05000046	          0.05000043	          0.16773407	          0.05000253	          0.05000198	          0.05000880	          0.05000050	          0.05000055	          0.22490531	          0.17488056	          0.12558867	          0.16497868	          0.05000263	          0.05000125	          0.05000025	          0.27631467	          0.23305815	          0.16057834	          0.05000080	          0.05000028	          0.05000017	          0.07271299	          0.07626787	          0.05003205	          0.05014461	          0.05000172	          0.05000131	          0.05000030	          0.05000031	          0.05000023	          0.05000003	          0.05000007	          0.05000000	          0.05000019	          0.06052421	          0.05000233	          0.28442141	          0.08844403	          0.05000178	          0.50829602	          0.33490966	          0.50452444	          0.09401336	          0.05705344	          0.05000019	
          0.82735814	         -2.72825304	          1.74841415	         -4.79453729	          1.11852510	          0.93349387	         -0.00311652	          5.65740628	          8.14772089	          6.75336889	         14.51307385	         -1.30015363	          1.77029678	        -14.11021295	        -57.57958157	          1.06628563	          0.76656597	        -10.30955715	          4.67905961	          5.49464625	          2.49501430	          1.78202472	         -4.44816444	         -3.35542652	         -2.03954269	          1.87832836	         -6.17226153	        -13.48257802	         13.98803495	         -0.17931908	        -13.44998139	         19.27303047	         13.24722502	         49.80238432	         86.51662706	         86.51662706	          0.40194803	          0.28433710	          0.26398551	          0.51455739	          0.53884930	          0.52743243	          0.05503602	          0.05001542	          0.05434091	          0.05000041	          0.05000125	          0.05000029	          0.05000056	          0.05000680	          0.05001144	          0.09184673	          0.11865201	          0.05000156	          0.05000109	          0.18443703	          0.11331678	          0.08685058	          0.05000017	          0.05000017	          0.05000108	          0.05000588	          0.32526491	          0.08018049	          0.10282736	          0.10274704	          0.08496137	          0.43255527	          0.43886620	          0.15223953	          0.49877879	          0.05001609	          0.24466017	          0.05000008	          0.43363135	          0.42673330	          0.05000077	          0.06922221	          0.49842603	          0.07633693	          0.05000013	          0.05000023	          0.05000079	          0.05000048	          0.05000034	          0.14197468	          0.05000741	          0.05000193	          0.05000535	          0.05000041	          0.05000036	          0.21810438	          0.16819049	          0.12925731	          0.14524102	          0.05000214	          0.05000118	          0.05000025	          0.25853057	          0.22381380	          0.13591849	          0.05000068	          0.05000024	          0.05000016	          0.07537082	          0.07920617	          0.05000127	          0.05001628	          0.05000163	          0.05000144	          0.05000056	          0.05000057	          0.05000045	          0.05000007	          0.05000015	          0.05000002	          0.05000015	          0.05123528	          0.05000130	          0.28938121	          0.09319201	          0.05017385	          0.53924467	          0.34205359	          0.51466728	          0.09054679	          0.05648807	          0.05000020	
          0.83824443	         -2.72474161	          1.64800428	         -4.56604264	          1.13139345	          0.93470763	         -0.00320734	          4.19979808	          8.03011649	          7.05104185	         16.17817145	         -1.25024590	          1.43750729	        -12.95984024	        -57.48726685	          0.71215602	          1.74344354	        -10.33516463	          4.06046197	          5.43736025	          2.54349786	          2.36420746	         -4.60203851	         -3.42204019	         -1.99839858	          1.78436859	         -5.63590088	        -13.47940622	         13.94793989	         -0.02537043	        -13.45013267	         19.28895657	         13.32813914	         49.14185758	         86.51662706	         86.51662706	          0.38833861	          0.27596641	          0.25207819	          0.53220209	          0.54424575	          0.51807034	          0.05186128	          0.05000803	          0.05125223	          0.05000043	          0.05000138	          0.05000028	          0.05000053	          0.05000613	          0.05001329	          0.08357199	          0.15497914	          0.05000148	          0.05000107	          0.17559694	          0.10921880	          0.07842293	          0.05000018	          0.05000018	          0.05000096	          0.05000572	          0.31745918	          0.08856498	          0.09656596	          0.09626842	          0.08052992	          0.45402528	          0.46831472	          0.14065729	          0.49816392	          0.05000979	          0.24445766	          0.05000010	          0.44176650	          0.42857236	          0.05000086	          0.05859199	          0.48647542	          0.07099521	          0.05000014	          0.05000024	          0.05000054	          0.05000049	          0.05000043	          0.12017125	          0.05000322	          0.05000201	          0.05000445	          0.05000035	          0.05000028	          0.19286641	          0.18407120	          0.13432176	          0.13068638	          0.05000200	          0.05000108	          0.05000024	          0.24430247	          0.22384285	          0.11504548	          0.05000068	          0.05000026	          0.05000017	          0.07983956	          0.08403474	          0.05000624	          0.05798913	          0.05000211	          0.05000124	          0.05000074	          0.05000079	          0.05000067	          0.05000008	          0.05000017	          0.05000002	          0.05000015	          0.05000082	          0.05000071	          0.29851785	          0.11742928	          0.05000130	          0.55023538	          0.34372298	          0.52821134	          0.08640551	          0.05467300	          0.05000021	
          0.84913072	         -2.72140391	          1.54694574	         -4.32185914	          1.14420567	          0.93573344	         -0.00329037	          2.74397742	          7.90093428	          7.33042903	         17.76503171	         -1.20324238	          1.11482531	        -11.79613451	        -57.14405950	          0.32671719	          2.67887310	        -10.38534115	          3.46067532	          5.36935236	          2.56855388	          2.96131595	         -4.69903515	         -3.49060613	         -1.95904178	          1.68458390	         -5.06660117	        -13.47477649	         13.90993380	          0.14951195	        -13.45013528	         19.31092124	         13.43837925	         48.35376503	         86.51662706	         86.51662706	          0.37670461	          0.26650663	          0.23894019	          0.54393669	          0.54601367	          0.50888524	          0.05010241	          0.05000622	          0.05001488	          0.05000050	          0.05000163	          0.05000028	          0.05000055	          0.05000590	          0.05001219	          0.07612628	          0.19049224	          0.05000150	          0.05000113	          0.16371489	          0.10445891	          0.07460002	          0.05000020	          0.05000021	          0.05000098	          0.05000561	          0.30898657	          0.09558126	          0.09076998	          0.09055354	          0.07645767	          0.47505946	          0.49760843	          0.12827052	          0.49804990	          0.05000444	          0.24372547	          0.05000010	          0.44682519	          0.42831232	          0.05000108	          0.05000326	          0.45573560	          0.06503994	          0.05000015	          0.05000025	          0.05000053	          0.05000047	          0.05000041	          0.10171626	          0.05000332	          0.05000187	          0.05000378	          0.05000032	          0.05000023	          0.16324738	          0.19954990	          0.14267767	          0.12007660	          0.05000177	          0.05000097	          0.05000023	          0.23038444	          0.22260140	          0.09737793	          0.05000061	          0.05000024	          0.05000016	          0.08601436	          0.09041680	          0.05000346	          0.09260788	          0.05000229	          0.05000101	          0.05000057	          0.05000060	          0.05000044	          0.05000005	          0.05000012	          0.05000001	          0.05000015	          0.05000116	          0.05000079	          0.30279565	          0.13072889	          0.05012385	          0.56952604	          0.34838077	          0.53306300	          0.08252606	          0.05198249	          0.05000024	
          0.86001701	         -2.71851270	          1.44507783	         -4.06133166	          1.15698583	          0.93657282	         -0.00336667	          1.28555227	          7.75923632	          7.59121257	         19.25718040	         -1.15859460	          0.80422083	        -10.61389238	        -56.53245479	         -0.09048682	          3.56155524	        -10.45482710	          2.88264281	          5.29030487	          2.58826293	          3.57200419	         -4.77936586	         -3.55999660	         -1.92108858	          1.57991503	         -4.47341886	        -13.46932735	         13.87048302	          0.33873196	        -13.45000845	         19.33587561	         13.59422451	         47.44620834	         86.51662706	         86.51662706	          0.36421398	          0.25611002	          0.22643820	          0.55845280	          0.54526085	          0.49433139	          0.05000954	          0.05000392	          0.05000347	          0.05000051	          0.05000179	          0.05000027	          0.05000051	          0.05000533	          0.05001101	          0.06802539	          0.22308851	          0.05000141	          0.05000109	          0.15589315	          0.10105677	          0.06657798	          0.05000021	          0.05000021	          0.05000084	          0.05000540	          0.29797361	          0.10095866	          0.08661787	          0.08657704	          0.07355195	          0.49570835	          0.52651892	          0.11614614	          0.49820610	          0.05000370	          0.24411169	          0.05000011	          0.44660729	          0.42576464	          0.05000120	          0.05000320	          0.41564575	          0.05956792	          0.05000015	          0.05000025	          0.05000043	          0.05000048	          0.05000048	          0.08609549	          0.05000240	          0.05000182	          0.05000280	          0.05000027	          0.05000019	          0.13817693	          0.20904930	          0.15152966	          0.11312758	          0.05000197	          0.05000101	          0.05000024	          0.21879865	          0.21456240	          0.08242360	          0.05000064	          0.05000026	          0.05000019	          0.09265467	          0.09793352	          0.05010562	          0.13341696	          0.05000279	          0.05000102	          0.05000079	          0.05000081	          0.05000053	          0.05000008	          0.05000016	          0.05000002	          0.05000015	          0.05000069	          0.05000062	          0.30824131	          0.14622066	          0.05098024	          0.56966321	          0.35000413	          0.53206239	          0.07883687	          0.05000469	          0.05000025	
          0.87090330	         -2.71634367	          1.34216487	         -3.78390374	          1.16975569	          0.93722641	         -0.00343729	         -0.17844483	          7.60410334	          7.83294744	         20.64072530	         -1.11507947	          0.50848781	         -9.41014831	        -55.64057181	         -0.54230703	          4.37671894	        -10.53927514	          2.33161109	          5.20223046	          2.60511870	          4.20004119	         -4.86577476	         -3.62931422	         -1.88403265	          1.47118975	         -3.86495500	        -13.46369731	         13.82825025	          0.53555960	        -13.44984881	         19.36004808	         13.81087226	         46.42922636	         86.51662706	         86.51662706	          0.35288882	          0.24519062	          0.21243408	          0.55839296	          0.53623956	          0.47758325	          0.05008026	          0.05000547	          0.05000809	          0.05000058	          0.05000206	          0.05000027	          0.05000053	          0.05000520	          0.05001095	          0.06603411	          0.25353374	          0.05000142	          0.05000114	          0.14428432	          0.09658832	          0.06289507	          0.05000023	          0.05000023	          0.05000087	          0.05000527	          0.28401587	          0.10407106	          0.08241132	          0.08265082	          0.07036276	          0.51588610	          0.55498981	          0.10355116	          0.49862127	          0.05000379	          0.24546952	          0.05000012	          0.44270785	          0.42142446	          0.05000138	          0.05000282	          0.37428967	          0.05513698	          0.05000022	          0.05000025	          0.05000043	          0.05000048	          0.05000048	          0.07287371	          0.05000239	          0.05000182	          0.05000224	          0.05000024	          0.05000016	          0.11695663	          0.22466533	          0.16097557	          0.11735173	          0.05000185	          0.05000097	          0.05000025	          0.20634795	          0.21195682	          0.06976591	          0.05000061	          0.05000026	          0.05000019	          0.09995433	          0.10533500	          0.06405887	          0.14675531	          0.05000327	          0.05000081	          0.05000074	          0.05000076	          0.05000044	          0.05000008	          0.05000017	          0.05000002	          0.05000016	          0.05000059	          0.05000057	          0.31157462	          0.15502352	          0.05311842	          0.56327299	          0.35087916	          0.52321107	          0.07547781	          0.05000066	          0.05000031	
          0.88178959	         -2.71516183	          1.23798973	         -3.48922568	          1.18253460	          0.93769374	         -0.00350315	         -1.64912896	          7.43515144	          8.05393448	         21.90509627	         -1.07041985	          0.23041407	         -8.18508313	        -54.46375380	         -1.03017253	          5.10375660	        -10.63638242	          1.81224168	          5.10463488	          2.62098956	          4.85003025	         -4.97002133	         -3.69783463	         -1.84727202	          1.35881020	         -3.24884461	        -13.45844420	         13.78600773	          0.73340752	        -13.44972025	         19.37888372	         14.10038427	         45.31454414	         86.51662706	         86.51662706	          0.34011396	          0.23271957	          0.19823181	          0.55028733	          0.52186369	          0.45818091	          0.05007905	          0.05000505	          0.05000679	          0.05000059	          0.05000218	          0.05000027	          0.05000053	          0.05000493	          0.05001075	          0.06199121	          0.28421707	          0.05000139	          0.05000114	          0.13247192	          0.09223178	          0.05863408	          0.05000024	          0.05000023	          0.05000081	          0.05000514	          0.26822579	          0.09599731	          0.07886797	          0.07938832	          0.06753019	          0.53544014	          0.58295100	          0.09117501	          0.49868594	          0.05000365	          0.24691336	          0.05000014	          0.43721414	          0.41594909	          0.05000147	          0.05000233	          0.33150351	          0.05156852	          0.05000028	          0.05000025	          0.05000043	          0.05000050	          0.05000051	          0.06168253	          0.05000222	          0.05000176	          0.05000174	          0.05000022	          0.05000014	          0.09899520	          0.23974295	          0.17289921	          0.12926551	          0.05000208	          0.05000104	          0.05000027	          0.19551979	          0.20906210	          0.05905236	          0.05000062	          0.05000027	          0.05000021	          0.10977500	          0.11486939	          0.09368071	          0.15114876	          0.05000305	          0.05000066	          0.05000072	          0.05000073	          0.05000038	          0.05000009	          0.05000018	          0.05000003	          0.05000018	          0.05000058	          0.05000058	          0.31257546	          0.15944839	          0.05603478	          0.54468325	          0.35084455	          0.50335044	          0.07266504	          0.05000053	          0.05000034	
          0.89267588	         -2.71515020	          1.13254564	         -3.17725547	          1.19533956	          0.93797309	         -0.00356419	         -3.12366483	          7.25267893	          8.25344220	         23.04300184	         -1.02203540	         -0.02895035	         -6.94663247	        -53.00369873	         -1.55444121	          5.72112279	        -10.74365321	          1.32952451	          4.99874628	          2.63832539	          5.52855141	         -5.09593953	         -3.76486048	         -1.81056824	          1.24325438	         -2.63103715	        -13.45406796	         13.75056053	          0.92576367	        -13.44972533	         19.38743048	         14.47022174	         44.11525480	         86.51662706	         86.51662706	          0.32705986	          0.22065661	          0.18447959	          0.54799533	          0.50877592	          0.43924610	          0.05114570	          0.05000482	          0.05000544	          0.05000068	          0.05000252	          0.05000027	          0.05000054	          0.05000468	          0.05001066	          0.05605853	          0.31469134	          0.05000140	          0.05000119	          0.12343664	          0.09050603	          0.05692438	          0.05000026	          0.05000026	          0.05000081	          0.05000510	          0.25157766	          0.08125625	          0.07480254	          0.07553848	          0.06420555	          0.55409147	          0.60974067	          0.07945751	          0.49851793	          0.05000287	          0.24849312	          0.05000015	          0.43108152	          0.40958750	          0.05000165	          0.05000213	          0.28983639	          0.05000027	          0.05000027	          0.05000025	          0.05000043	          0.05000050	          0.05000052	          0.05221030	          0.05000212	          0.05000172	          0.05000128	          0.05000021	          0.05000013	          0.08379218	          0.25085737	          0.18445422	          0.14553643	          0.05000234	          0.05000110	          0.05000029	          0.18588632	          0.19804216	          0.05000182	          0.05000063	          0.05000029	          0.05000023	          0.12102765	          0.12586794	          0.13137378	          0.14754241	          0.05000291	          0.05000058	          0.05000061	          0.05000060	          0.05000030	          0.05000011	          0.05000023	          0.05000004	          0.05000021	          0.05000056	          0.05000058	          0.31204583	          0.16224542	          0.05961560	          0.51551159	          0.35023737	          0.47324710	          0.07116664	          0.05000066	          0.05000045	
          0.90356218	         -2.71634797	          1.02632582	         -2.84830913	          1.20818774	          0.93806177	         -0.00361889	         -4.59592099	          7.05752118	          8.43258571	         24.04982247	         -0.96796063	         -0.27062229	         -5.70936021	        -51.26682895	         -2.11230877	          6.21155773	        -10.85675399	          0.88652771	          4.88496758	          2.65748501	          6.24390506	         -5.24348924	         -3.82923333	         -1.77449955	          1.12508602	         -2.01586179	        -13.45105724	         13.73231205	          1.10605134	        -13.44980748	         19.38062126	         14.92224955	         42.84504769	         86.51662706	         86.51662706	          0.31344729	          0.21038935	          0.17309039	          0.54789408	          0.49761467	          0.41814459	          0.05888443	          0.05000924	          0.05000837	          0.05000079	          0.05000274	          0.05000027	          0.05000053	          0.05000427	          0.05001023	          0.05138172	          0.34379980	          0.05000135	          0.05000120	          0.10749055	          0.08274218	          0.05535708	          0.05000027	          0.05000026	          0.05000076	          0.05000518	          0.23156766	          0.06877804	          0.06733167	          0.06813043	          0.05862911	          0.57126559	          0.63527968	          0.06878905	          0.49814668	          0.05000229	          0.25105354	          0.05000015	          0.42392283	          0.40224599	          0.05000201	          0.05000203	          0.25406451	          0.05000029	          0.05000023	          0.05000024	          0.05000046	          0.05000056	          0.05000059	          0.05000182	          0.05000215	          0.05000180	          0.05000085	          0.05000021	          0.05000013	          0.07092395	          0.25879493	          0.19503304	          0.16298222	          0.05000289	          0.05000127	          0.05000033	          0.17687999	          0.18267958	          0.05000198	          0.05000070	          0.05000033	          0.05000027	          0.13462118	          0.13835441	          0.17259815	          0.14827353	          0.05000284	          0.05000045	          0.05000052	          0.05000050	          0.05000024	          0.05000015	          0.05000031	          0.05000006	          0.05000025	          0.05000088	          0.05000085	          0.31071478	          0.16259592	          0.06405375	          0.48332691	          0.34863927	          0.43976036	          0.07002782	          0.05231485	          0.05000061	
          0.91444847	         -2.71875494	          0.92008749	         -2.50346606	          1.22109582	          0.93795584	         -0.00366509	         -6.05919859	          6.85075975	          8.59295961	         24.92465460	         -0.90631366	         -0.49578950	         -4.48867428	        -49.26606397	         -2.69943276	          6.57030920	        -10.97103451	          0.48347550	          4.76368235	          2.67913881	          7.00563193	         -5.40761033	         -3.88966899	         -1.73974174	          1.00458741	         -1.40655325	        -13.44975997	         13.74385820	          1.26806635	        -13.44983842	         19.35295502	         15.45345904	         41.51835751	         86.51662706	         86.51662706	          0.29916475	          0.19708855	          0.15857354	          0.54380979	          0.48680037	          0.40026490	          0.06704190	          0.05002563	          0.05000707	          0.05000074	          0.05000242	          0.05000027	          0.05000053	          0.05000398	          0.05001004	          0.05003272	          0.37194664	          0.05000135	          0.05000127	          0.09099969	          0.07004352	          0.05005877	          0.05000029	          0.05000030	          0.05000075	          0.05000481	          0.21194820	          0.05821605	          0.05703024	          0.05770567	          0.05007409	          0.58637635	          0.65784476	          0.06005184	          0.49822263	          0.05000264	          0.25712047	          0.05000015	          0.41108185	          0.39273160	          0.05000225	          0.05000163	          0.23386807	          0.05000016	          0.05000031	          0.05000023	          0.05000045	          0.05000057	          0.05000061	          0.05000236	          0.05000206	          0.05000176	          0.05000054	          0.05000022	          0.05000013	          0.06003198	          0.27457507	          0.20764426	          0.17845090	          0.05000400	          0.05000147	          0.05000036	          0.16787625	          0.17513402	          0.05000200	          0.05000073	          0.05000035	          0.05000031	          0.15208402	          0.15229347	          0.20639774	          0.15508330	          0.05000314	          0.05000039	          0.05000042	          0.05000039	          0.05000019	          0.05000022	          0.05000042	          0.05000010	          0.05000030	          0.05000115	          0.05000108	          0.30886867	          0.16074934	          0.06894071	          0.44980318	          0.35374763	          0.39796236	          0.06859148	          0.06071076	          0.05035019	
          0.92533476	         -2.72242341	          0.81452223	         -2.14509119	          1.23407863	          0.93764962	         -0.00370233	         -7.50932741	          6.63332028	          8.73548097	         25.67214823	         -0.83489063	         -0.70359725	         -3.29463289	        -47.02337245	         -3.31166053	          6.80605524	        -11.08154555	          0.11839375	          4.63613858	          2.70299798	          7.82085167	         -5.58514545	         -3.94534805	         -1.70581064	          0.88155296	         -0.80634940	        -13.44989106	         13.79511521	          1.40679260	        -13.44993645	         19.29809290	         16.05851019	         40.14999348	         86.51662706	         86.51662706	          0.28624005	          0.18156485	          0.14462317	          0.55686974	          0.48283712	          0.38092655	          0.07489729	          0.05121173	          0.05000576	          0.05230953	          0.05004444	          0.05000033	          0.05000055	          0.05000349	          0.05000806	          0.05000345	          0.39840366	          0.05000169	          0.05000177	          0.07703146	          0.05928982	          0.05000576	          0.05000060	          0.05000057	          0.05000084	          0.05000616	          0.18992911	          0.05000075	          0.05000321	          0.05000319	          0.05000257	          0.59954349	          0.67857699	          0.05355553	          0.49723864	          0.05000252	          0.26300794	          0.05000023	          0.39912123	          0.38394730	          0.05000193	          0.05000165	          0.22379121	          0.05000022	          0.05000027	          0.05000025	          0.05000043	          0.05000056	          0.05000062	          0.05000202	          0.05000190	          0.05000172	          0.05000036	          0.05000022	          0.05000013	          0.05081283	          0.27924084	          0.22101261	          0.17859153	          0.05000337	          0.05000136	          0.05000036	          0.15672807	          0.18462518	          0.05000205	          0.05000070	          0.05000035	          0.05000030	          0.17086309	          0.16532296	          0.23754143	          0.15717535	          0.05000320	          0.05000034	          0.05000034	          0.05000031	          0.05000016	          0.05000019	          0.05000038	          0.05000009	          0.05000035	          0.05000132	          0.05000124	          0.30773580	          0.15754476	          0.07400372	          0.41852336	          0.36221398	          0.35991002	          0.06888058	          0.06989663	          0.05001470	
          0.93622105	         -2.72734232	          0.71018654	         -1.77642668	          1.24715356	          0.93713665	         -0.00373106	         -8.94552794	          6.40565237	          8.86214041	         26.30073475	         -0.75204007	         -0.89415357	         -2.13193912	        -44.56911091	         -3.94436035	          6.94044821	        -11.18350331	         -0.21167280	          4.50368423	          2.72930831	          8.69181230	         -5.76947835	         -3.99513188	         -1.67142971	          0.75603351	         -0.21896252	        -13.45063889	         13.89038666	          1.51753666	        -13.45020083	         19.20870027	         16.73067251	         38.75369766	         86.51662706	         86.51662706	          0.27741539	          0.16991549	          0.12867099	          0.55418502	          0.47108638	          0.36885465	          0.07559640	          0.05011003	          0.05000538	          0.12781329	          0.05002263	          0.05000035	          0.05000060	          0.05000345	          0.05000870	          0.05000453	          0.42320588	          0.05000184	          0.05000180	          0.06521062	          0.05019064	          0.05000755	          0.05000073	          0.05000068	          0.05000076	          0.05000489	          0.16080684	          0.05000086	          0.05000502	          0.05000502	          0.05000388	          0.60937636	          0.69358698	          0.05125667	          0.49594723	          0.05000227	          0.27120805	          0.05000018	          0.39114961	          0.37534445	          0.05000289	          0.05000151	          0.23322755	          0.05000021	          0.05000030	          0.05000025	          0.05000046	          0.05000057	          0.05000061	          0.05000219	          0.05000196	          0.05000169	          0.05000025	          0.05000022	          0.05000013	          0.05000054	          0.28460286	          0.23059830	          0.19795712	          0.05000509	          0.05000169	          0.05000044	          0.14431183	          0.17414104	          0.05000202	          0.05000073	          0.05000037	          0.05000035	          0.18566777	          0.17533805	          0.26791354	          0.15410120	          0.05000296	          0.05000029	          0.05000032	          0.05000029	          0.05000014	          0.05000022	          0.05000044	          0.05000012	          0.05000044	          0.05000159	          0.05000153	          0.30879985	          0.15455134	          0.08024124	          0.38433830	          0.37290322	          0.32962990	          0.06815980	          0.07813225	          0.05223464	
          0.94710734	         -2.73349226	          0.60746959	         -1.40047305	          1.26032991	          0.93641062	         -0.00375140	        -10.35663347	          6.16915217	          8.97541473	         26.82482239	         -0.65538865	         -1.06716641	         -1.02513507	        -41.94760705	         -4.58418980	          7.00118159	        -11.26846373	         -0.51119597	          4.36995852	          2.75835828	          9.61843519	         -5.94988926	         -4.03910085	         -1.63527132	          0.62800345	          0.35340372	        -13.45152144	         14.03097573	          1.59731035	        -13.45043023	         19.07668204	         17.46265029	         37.34191745	         86.51662706	         86.51662706	          0.26898091	          0.15994282	          0.11581003	          0.56759107	          0.46855009	          0.35119211	          0.07247329	          0.05004731	          0.05000203	          0.20303637	          0.08507944	          0.05000037	          0.05000056	          0.05000294	          0.05000758	          0.05000315	          0.44681855	          0.05000186	          0.05000200	          0.05522051	          0.05001874	          0.05000683	          0.05000129	          0.05000098	          0.05000077	          0.05000507	          0.13611402	          0.05000075	          0.05000350	          0.05000349	          0.05000292	          0.61714795	          0.70722049	          0.05200757	          0.49467700	          0.05000271	          0.28310845	          0.05000020	          0.37899780	          0.36553844	          0.05000283	          0.05000145	          0.24502180	          0.05000018	          0.05000024	          0.05000024	          0.05000046	          0.05000063	          0.05000072	          0.05000197	          0.05000188	          0.05000174	          0.05000017	          0.05000022	          0.05000012	          0.05000049	          0.30207027	          0.23740890	          0.21479541	          0.05001445	          0.05000222	          0.05000050	          0.13537310	          0.15800666	          0.05000180	          0.05000085	          0.05000045	          0.05000044	          0.20014644	          0.18494354	          0.28986818	          0.14624801	          0.05000315	          0.05000029	          0.05000033	          0.05000030	          0.05000014	          0.05000030	          0.05000059	          0.05000023	          0.05000055	          0.05000179	          0.05000176	          0.31149305	          0.15277763	          0.08670214	          0.35171202	          0.38513243	          0.30527158	          0.06720783	          0.08829103	          0.05357200	
          0.95799363	         -2.74084479	          0.50629477	         -1.02061724	          1.27361823	          0.93546889	         -0.00376298	        -11.73344701	          5.92478731	          9.07744551	         27.26202654	         -0.54287268	         -1.22312579	          0.00554552	        -39.21160224	         -5.21372565	          7.01213124	        -11.32983522	         -0.78450468	          4.23257819	          2.78958723	         10.59217934	         -6.11765655	         -4.07735704	         -1.59544276	          0.49740668	          0.90778086	        -13.45210897	         14.21493248	          1.64399858	        -13.45041285	         18.89473137	         18.24778289	         35.92531622	         86.51662706	         86.51662706	          0.26610491	          0.15389428	          0.10624986	          0.58108550	          0.47036663	          0.33630294	          0.06948953	          0.05015361	          0.05000152	          0.27201691	          0.12969623	          0.05000040	          0.05000057	          0.05000266	          0.05000719	          0.05000281	          0.46813447	          0.05000206	          0.05000228	          0.05005342	          0.05001395	          0.05000609	          0.05000587	          0.07315273	          0.05000075	          0.05000474	          0.11521190	          0.05000067	          0.05000307	          0.05000306	          0.05000260	          0.62207953	          0.71693293	          0.05598886	          0.49322994	          0.05000487	          0.29779108	          0.05000022	          0.36543637	          0.35631667	          0.05000308	          0.05000157	          0.25794047	          0.05000018	          0.05000023	          0.05000024	          0.05000047	          0.05000066	          0.05000076	          0.05000201	          0.05000191	          0.05000176	          0.05000015	          0.05000024	          0.05000013	          0.05000051	          0.26131483	          0.24046695	          0.22127304	          0.05006147	          0.05000266	          0.05000054	          0.12107012	          0.14739495	          0.05000200	          0.05000090	          0.05000049	          0.05000050	          0.21183720	          0.19203873	          0.30296225	          0.14668132	          0.05000308	          0.05000027	          0.05000030	          0.05000028	          0.05000013	          0.05000024	          0.05000047	          0.05000016	          0.05000069	          0.05000241	          0.05000232	          0.31495491	          0.15072127	          0.09257055	          0.32232832	          0.39838646	          0.28442030	          0.06573221	          0.09566934	          0.05748894	
          0.96887992	         -2.74944594	          0.40632401	         -0.63958359	          1.28703113	          0.93431654	         -0.00376542	        -13.06582176	          5.67334052	          9.16922852	         27.62618704	         -0.41256463	         -1.36177807	          0.93801221	        -36.40639440	         -5.81709556	          6.99209544	        -11.35869255	         -1.03679812	          4.09322470	          2.82209616	         11.60228490	         -6.26861613	         -4.10993723	         -1.55007638	          0.36426451	          1.44094301	        -13.45214645	         14.43859243	          1.65543446	        -13.44997942	         18.65651887	         19.08019795	         34.51334991	         86.51662706	         86.51662706	          0.27157214	          0.15621524	          0.09970050	          0.59039244	          0.47127719	          0.33131929	          0.07713022	          0.05640975	          0.05000241	          0.32660459	          0.14371821	          0.05000040	          0.05000058	          0.05000239	          0.05000689	          0.05000310	          0.48698034	          0.05000210	          0.05000225	          0.05003838	          0.05001058	          0.05000591	          0.05000607	          0.13811472	          0.05000070	          0.05000423	          0.09751940	          0.05000055	          0.05000318	          0.05000318	          0.05000271	          0.62434296	          0.72298491	          0.06399771	          0.49149274	          0.06347346	          0.31532685	          0.05000019	          0.35304007	          0.34819659	          0.05000370	          0.05000162	          0.27140629	          0.05000017	          0.05000026	          0.05000027	          0.05000050	          0.05000070	          0.05000082	          0.05000202	          0.05000193	          0.05000182	          0.05000016	          0.05000029	          0.05000016	          0.05000061	          0.22142945	          0.23965537	          0.22097622	          0.06729762	          0.05000380	          0.05000068	          0.10248148	          0.14104090	          0.05000252	          0.05000099	          0.05000055	          0.05000062	          0.21505635	          0.19265436	          0.30784894	          0.12604727	          0.05000295	          0.05000022	          0.05000028	          0.05000025	          0.05000012	          0.05000025	          0.05000051	          0.05000017	          0.05000081	          0.05000288	          0.05000273	          0.31915830	          0.14946243	          0.09827991	          0.29498507	          0.41192528	          0.26587357	          0.06245285	          0.10200068	          0.06602588	
          0.97976621	         -2.75947940	          0.30680839	         -0.25933842	          1.30057912	          0.93296725	         -0.00375883	        -14.33930400	          5.41576648	          9.25077792	         27.92711420	         -0.26238291	         -1.48226790	          1.74277663	        -33.56767722	         -6.37546306	          6.95394245	        -11.34413726	         -1.27287462	          3.95256293	          2.85478934	         12.63797374	         -6.40088841	         -4.13756944	         -1.49710292	          0.22880733	          1.94986746	        -13.45145981	         14.69705951	          1.62991293	        -13.44974795	         18.35903194	         19.95562528	         33.11529160	         86.51662706	         86.51662706	          0.27905524	          0.16135141	          0.09074300	          0.59721298	          0.47525146	          0.32650868	          0.08141596	          0.06238543	          0.05000260	          0.37021048	          0.14493549	          0.05000040	          0.05000057	          0.05000211	          0.05000647	          0.05000300	          0.50474698	          0.05000213	          0.05000231	          0.05003404	          0.05001060	          0.05000602	          0.05021653	          0.21311102	          0.05000067	          0.05000411	          0.08254375	          0.05000047	          0.05000311	          0.05000310	          0.05000265	          0.62411095	          0.72648358	          0.07592955	          0.49019065	          0.12214235	          0.33686776	          0.05000025	          0.33982355	          0.33944639	          0.05000286	          0.05000167	          0.28962564	          0.05000018	          0.05000026	          0.05000029	          0.05000052	          0.05000072	          0.05000081	          0.05000216	          0.05000200	          0.05000184	          0.05000018	          0.05000036	          0.05000019	          0.05000090	          0.18743309	          0.23674605	          0.22038175	          0.09301540	          0.05000474	          0.05000076	          0.08674463	          0.13651009	          0.05000374	          0.05000100	          0.05000057	          0.05000066	          0.21343805	          0.18980955	          0.30480817	          0.11224168	          0.05000314	          0.05000020	          0.05000026	          0.05000023	          0.05000012	          0.05000032	          0.05000063	          0.05000018	          0.05000089	          0.05000354	          0.05000318	          0.32385890	          0.14895317	          0.10345721	          0.27044560	          0.42531731	          0.24998252	          0.05889010	          0.10851551	          0.07486401	
          0.99065251	         -2.77111289	          0.20681666	          0.11816306	          1.31427512	          0.93144179	         -0.00374342	        -15.54073073	          5.15265287	          9.32156433	         28.17114514	         -0.09020151	         -1.58393251	          2.39306250	        -30.72349046	         -6.87087780	          6.90734945	        -11.27273977	         -1.49693549	          3.80977086	          2.88700836	         13.69024408	         -6.51413399	         -4.16100068	         -1.43422725	          0.09132276	          2.42995857	        -13.45030729	         14.98517953	          1.56591016	        -13.45194618	         18.00677008	         20.87303552	         31.74159280	         86.51662706	         86.51662706	          0.28803732	          0.15753379	          0.07681008	          0.58786943	          0.46700471	          0.30782862	          0.08098018	          0.06831726	          0.05000249	          0.40093562	          0.14275367	          0.05000039	          0.05000056	          0.05000192	          0.05000625	          0.05000330	          0.52030413	          0.05000210	          0.05000217	          0.05003036	          0.05001061	          0.05000623	          0.05676038	          0.29346842	          0.05000062	          0.05000348	          0.06986780	          0.05000048	          0.05000336	          0.05000334	          0.05000286	          0.62097277	          0.72580181	          0.09150197	          0.48730706	          0.15788991	          0.35721651	          0.05000017	          0.29065392	          0.33508139	          0.05000400	          0.05000214	          0.30829484	          0.05000018	          0.05000026	          0.05000030	          0.05000051	          0.05000070	          0.05000077	          0.05000210	          0.05000191	          0.05000171	          0.05000024	          0.05000054	          0.05000028	          0.05000217	          0.15864984	          0.23495848	          0.22546603	          0.13502833	          0.05000561	          0.05000084	          0.07342386	          0.13135807	          0.05001446	          0.05000100	          0.05000058	          0.05000077	          0.20504613	          0.18291775	          0.29816481	          0.09507421	          0.05000267	          0.05000018	          0.05000024	          0.05000021	          0.05000011	          0.05000024	          0.05000050	          0.05000012	          0.05000104	          0.05000413	          0.05000386	          0.32855002	          0.14784928	          0.10774938	          0.25125533	          0.43848574	          0.23766800	          0.05553451	          0.11694719	          0.08750851	
          1.00153880	         -2.78452510	          0.10551786	          0.49069826	          1.32813194	          0.92976563	         -0.00372003	        -16.65688066	          4.88389974	          9.38249637	         28.36240215	          0.10648994	         -1.66644005	          2.86243035	        -27.89772303	         -7.28611738	          6.86340017	        -11.12410326	         -1.71330183	          3.66462154	          2.91828817	         14.75367121	         -6.60838320	         -4.18142199	         -1.35880688	         -0.04774971	          2.87524881	        -13.44970879	         15.29997635	          1.46211718	        -13.46064638	         17.61220276	         21.83530010	         30.40515737	         86.51662706	         86.51662706	          0.29822714	          0.15446537	          0.06501606	          0.59145040	          0.46083095	          0.29280020	          0.09841746	          0.07793215	          0.05000665	          0.35242354	          0.13909703	          0.05000042	          0.05000059	          0.05000181	          0.05000608	          0.05000334	          0.53488389	          0.05000234	          0.05000242	          0.05002170	          0.05000841	          0.05000575	          0.09634462	          0.37947762	          0.05000058	          0.05000302	          0.05913865	          0.05000032	          0.05000296	          0.05000293	          0.05000257	          0.61525859	          0.72286990	          0.10970866	          0.48632722	          0.21818924	          0.38814421	          0.05000015	          0.24601730	          0.32761906	          0.05000738	          0.05000498	          0.32258862	          0.05000016	          0.05000025	          0.05000030	          0.05000061	          0.05000078	          0.05000085	          0.05000223	          0.05000204	          0.05000189	          0.05000040	          0.05000077	          0.05000036	          0.05217725	          0.13428601	          0.21845695	          0.22716942	          0.17619417	          0.06408019	          0.05000518	          0.06214876	          0.11123501	          0.10123668	          0.05000112	          0.05000068	          0.05000122	          0.19127579	          0.17339302	          0.28305574	          0.08049505	          0.05000266	          0.05000017	          0.05000024	          0.05000022	          0.05000012	          0.05000063	          0.05000117	          0.05000031	          0.05000093	          0.05000214	          0.05000236	          0.33350604	          0.14941846	          0.11218041	          0.23469579	          0.45036031	          0.22933121	          0.05005007	          0.12645700	          0.10248152	
          1.01242509	         -2.79986715	          0.00201050	          0.85626658	          1.34216513	          0.92796768	         -0.00368902	        -17.67972390	          4.60759275	          9.43400331	         28.50517376	          0.33027935	         -1.72993142	          3.13612652	        -25.12085865	         -7.61121216	          6.83074856	        -10.87544418	         -1.92586209	          3.51028430	          2.95134180	         15.83087994	         -6.67961614	         -4.20007830	         -1.26805914	         -0.18814170	          3.27810110	        -13.45229307	         15.64354273	          1.31666048	        -13.47991695	         17.19017063	         22.84958862	         29.11980165	         86.51662706	         86.51662706	          0.30795149	          0.16159531	          0.05512148	          0.59825339	          0.46239398	          0.28475191	          0.10716228	          0.08315327	          0.05051593	          0.29830206	          0.12463559	          0.05000035	          0.05000051	          0.05000149	          0.05000546	          0.05000381	          0.54841671	          0.05000177	          0.05000225	          0.05003096	          0.05001236	          0.05000673	          0.15419818	          0.46935721	          0.05000051	          0.05000289	          0.05005778	          0.05000027	          0.05000244	          0.05000241	          0.05000218	          0.60621475	          0.71534572	          0.13157348	          0.48415566	          0.27326224	          0.42076016	          0.05000021	          0.20823557	          0.31464078	          0.05000191	          0.05000472	          0.32806769	          0.05000010	          0.05000061	          0.05000187	          0.05000081	          0.05000130	          0.05000160	          0.05000275	          0.05000264	          0.05000257	          0.05000205	          0.05000802	          0.05441271	          0.06721912	          0.11366360	          0.18868496	          0.20290642	          0.18632772	          0.11692130	          0.07133534	          0.05260588	          0.09416901	          0.17398735	          0.05000258	          0.05000194	          0.06870443	          0.17523829	          0.16319503	          0.25258120	          0.06816568	          0.05000413	          0.05000016	          0.05000026	          0.05000023	          0.05000013	          0.05000182	          0.05000285	          0.05000040	          0.05000099	          0.05000276	          0.05000287	          0.33702489	          0.14914442	          0.11711420	          0.22072902	          0.46351782	          0.22343060	          0.05000015	          0.12957016	          0.11289263	
          1.02331138	         -2.81696539	         -0.10512992	          1.21417567	          1.35640186	          0.92608327	         -0.00365183	        -18.60231445	          4.32140194	          9.47355319	         28.60014221	          0.58335337	         -1.77421847	          3.20052925	        -22.43257696	         -7.84613255	          6.81004207	        -10.50475486	         -2.13718872	          3.34485895	          2.98640398	         16.92588906	         -6.72319194	         -4.21589593	         -1.15899501	         -0.32904495	          3.63045574	        -13.46164020	         16.02723280	          1.12507270	        -13.51173947	         16.74972868	         23.92231416	         27.89637942	         86.51662706	         86.51662706	          0.31666182	          0.16659409	          0.05197106	          0.58761338	          0.45766239	          0.26482935	          0.09071625	          0.07729104	          0.05000670	          0.25249090	          0.14108600	          0.05000040	          0.05000055	          0.05000141	          0.05000510	          0.05000327	          0.56067936	          0.05000220	          0.05000245	          0.05002341	          0.05000876	          0.05000553	          0.25798037	          0.55841978	          0.05000054	          0.05000295	          0.05000434	          0.06745911	          0.05000245	          0.05000241	          0.05000221	          0.59387124	          0.70368971	          0.15659967	          0.47824633	          0.31499117	          0.44922712	          0.05000023	          0.17625611	          0.28385717	          0.05000128	          0.05000223	          0.31295717	          0.05000013	          0.05000049	          0.05000167	          0.05000077	          0.05000116	          0.05000143	          0.05000263	          0.05000247	          0.05000239	          0.05000432	          0.05596087	          0.12039544	          0.06438925	          0.09620833	          0.17330743	          0.19237750	          0.19363824	          0.14298925	          0.09313005	          0.05000342	          0.07976260	          0.19445915	          0.05000227	          0.05000198	          0.09022455	          0.15989894	          0.15353549	          0.21379567	          0.05771959	          0.05000318	          0.05000017	          0.05000030	          0.05000027	          0.05000016	          0.05000037	          0.05000079	          0.05000017	          0.05000155	          0.05030446	          0.05001111	          0.33932554	          0.14866138	          0.12245849	          0.20715802	          0.47472305	          0.22208800	          0.05000029	          0.12719816	          0.12082994	
          1.03419767	         -2.83529649	         -0.21698082	          1.56538257	          1.37087274	          0.92415608	         -0.00360711	        -19.41087873	          4.02410722	          9.49790242	         28.64693238	          0.86790791	         -1.79872521	          3.02966028	        -19.89458420	         -7.99273256	          6.80537367	         -9.98979057	         -2.35096198	          3.16888813	          3.01960689	         18.03708143	         -6.74301368	         -4.22685637	         -1.03046247	         -0.46982507	          3.92610768	        -13.48250911	         16.47047495	          0.88202030	        -13.55268065	         16.28366595	         25.05578903	         26.73978835	         86.51662706	         86.51662706	          0.32927886	          0.16391665	          0.05001844	          0.56760093	          0.44595619	          0.22420668	          0.07678807	          0.06544701	          0.05000251	          0.21371499	          0.16524081	          0.05000041	          0.05000056	          0.05000135	          0.05000505	          0.05000355	          0.57163101	          0.05000219	          0.05000231	          0.05002168	          0.05000933	          0.05000590	          0.35442641	          0.64203101	          0.05000056	          0.05000306	          0.05000487	          0.09584969	          0.05000263	          0.05000260	          0.05000238	          0.57794412	          0.68839543	          0.18572650	          0.47008202	          0.35114319	          0.47562501	          0.05000014	          0.14918785	          0.24307185	          0.05000087	          0.05000141	          0.26489736	          0.05000011	          0.05000047	          0.05000061	          0.05000119	          0.05000156	          0.05000159	          0.05000335	          0.05000315	          0.05000287	          0.05884740	          0.05991082	          0.18023998	          0.05451530	          0.08143376	          0.17128317	          0.18697440	          0.19347958	          0.16058070	          0.11246455	          0.05000437	          0.07212160	          0.18990388	          0.05000316	          0.05000287	          0.10393197	          0.14319180	          0.14180297	          0.18096357	          0.05002174	          0.05000234	          0.05000019	          0.05000036	          0.05000032	          0.05000020	          0.05000008	          0.05000019	          0.05000004	          0.05000178	          0.05283286	          0.05006454	          0.34149154	          0.15036184	          0.12567283	          0.20436551	          0.48554867	          0.22403972	          0.05000031	          0.12722736	          0.12690345	
          1.04508396	         -2.85422345	         -0.33370725	          1.91067580	          1.38560847	          0.92223264	         -0.00355162	        -20.09322970	          3.71475710	          9.50500051	         28.64722636	          1.18549373	         -1.80363400	          2.60211895	        -17.58242686	         -8.06121914	          6.83000981	         -9.30952779	         -2.57170240	          2.97912496	          3.04517021	         19.16782856	         -6.74155101	         -4.23075828	         -0.88268992	         -0.60999545	          4.16074030	        -13.52002663	         16.99877073	          0.58293731	        -13.59246541	         15.75629705	         26.24638115	         25.64780354	         86.51662706	         86.51662706	          0.34558410	          0.15028515	          0.05000207	          0.55515697	          0.41997260	          0.18977754	          0.06499800	          0.05546275	          0.05000180	          0.18089400	          0.17980937	          0.05000050	          0.05000063	          0.05000133	          0.05000483	          0.05000302	          0.58094771	          0.05000311	          0.05000315	          0.05001465	          0.05000634	          0.05000469	          0.44083839	          0.71618444	          0.05000055	          0.05000267	          0.05000304	          0.12811582	          0.05000204	          0.05000201	          0.05000191	          0.55886091	          0.67265211	          0.22115295	          0.45887330	          0.38890376	          0.49953164	          0.05000019	          0.12627658	          0.20574304	          0.05000151	          0.05000129	          0.22421631	          0.05000012	          0.05000026	          0.05000032	          0.05000331	          0.05000156	          0.05000100	          0.05001513	          0.05000571	          0.05000288	          0.08371060	          0.05072199	          0.22439595	          0.05000259	          0.06892841	          0.17695449	          0.19373878	          0.19729262	          0.17134351	          0.12624782	          0.05000322	          0.08138824	          0.16077053	          0.05000199	          0.05000146	          0.11150375	          0.12142560	          0.12711459	          0.15317340	          0.05000486	          0.05000156	          0.05000024	          0.05000052	          0.05000047	          0.05000030	          0.05000157	          0.05000262	          0.05026043	          0.05000100	          0.05000203	          0.05000233	          0.34455417	          0.15723743	          0.12887933	          0.19308475	          0.49378472	          0.22373419	          0.05000079	          0.12818830	          0.12943153	
          1.05597025	         -2.87301403	         -0.45407471	          2.25010361	          1.40064194	          0.92035741	         -0.00348112	        -20.64333622	          3.39270856	          9.49336252	         28.60216032	          1.53629754	         -1.78928802	          1.91009932	        -15.56291839	         -8.05934679	          6.87921557	         -8.45083571	         -2.80016551	          2.73556950	          3.07084077	         20.36583679	         -6.70448006	         -4.22480433	         -0.71737683	         -0.74917846	          4.33199253	        -13.57937207	         17.64450899	          0.22483852	        -13.61179966	         15.08774788	         27.48261990	         24.60792790	         86.51662706	         86.51662706	          0.37392177	          0.14492829	          0.05000324	          0.54962717	          0.36263295	          0.16063387	          0.05501777	          0.05000164	          0.05000080	          0.15311343	          0.18238061	          0.05000048	          0.05000060	          0.05000125	          0.05000457	          0.05000308	          0.58952955	          0.05000266	          0.05000214	          0.05001890	          0.05000813	          0.05000527	          0.52006008	          0.77947389	          0.05000058	          0.05000272	          0.05000169	          0.16448544	          0.05000236	          0.05000236	          0.05000206	          0.53175125	          0.64599835	          0.25202525	          0.44384814	          0.41861303	          0.51960034	          0.05000015	          0.10688389	          0.17414897	          0.05000110	          0.05000065	          0.18978270	          0.05000012	          0.05000019	          0.05000022	          0.05000078	          0.05000107	          0.05000099	          0.05000368	          0.05000263	          0.05000213	          0.13786419	          0.05000190	          0.26093533	          0.05000156	          0.05834418	          0.17428034	          0.20109893	          0.18670109	          0.16181473	          0.13227061	          0.05000231	          0.08197555	          0.13610519	          0.05000178	          0.05000143	          0.11479427	          0.10277984	          0.11568754	          0.12967675	          0.05003790	          0.05000344	          0.05000036	          0.05000082	          0.05000073	          0.05000049	          0.05093893	          0.05000728	          0.05331287	          0.05000093	          0.05000292	          0.05000301	          0.34575721	          0.15993604	          0.13453230	          0.18993743	          0.50513031	          0.22988680	          0.05351746	          0.12898124	          0.12658582	
          1.06685654	         -2.89063191	         -0.57545892	          2.58383083	          1.41600830	          0.91856629	         -0.00339316	        -21.06077506	          3.05842855	          9.46147886	         28.51773257	          1.91786251	         -1.75335204	          0.95674502	        -13.90827863	         -7.98564299	          6.92257126	         -7.41109482	         -3.03696469	          2.36647029	          3.10087076	         21.69939980	         -6.61408877	         -4.20509334	         -0.53747991	         -0.88662832	          4.44126777	        -13.66550370	         18.45192240	         -0.19380515	        -13.58018364	         14.13162131	         28.74274993	         23.59564626	         86.51662706	         86.51662706	          0.38341284	          0.13388751	          0.05000180	          0.59772760	          0.30694437	          0.13596537	          0.05000202	          0.05000068	          0.05000055	          0.12959922	          0.17647411	          0.05000046	          0.05000059	          0.05000120	          0.05000469	          0.05000404	          0.59578224	          0.05000247	          0.05000127	          0.05002198	          0.05000930	          0.05000561	          0.58170438	          0.82796618	          0.05000050	          0.05000274	          0.05000179	          0.20660940	          0.08322511	          0.08655366	          0.07663229	          0.49550966	          0.59676111	          0.26379915	          0.41964202	          0.43867437	          0.52595834	          0.05000006	          0.09046944	          0.14740441	          0.05000041	          0.05000030	          0.16063713	          0.05000014	          0.05000021	          0.05000024	          0.05000237	          0.05000198	          0.05000168	          0.05000512	          0.05000432	          0.05000331	          0.18061407	          0.05000656	          0.32053056	          0.05000141	          0.05000360	          0.17341311	          0.17642152	          0.18398498	          0.15850483	          0.13649501	          0.05001430	          0.06944121	          0.11838896	          0.05000396	          0.05000413	          0.11337539	          0.08699613	          0.09998254	          0.11071442	          0.05000928	          0.05000168	          0.05000087	          0.05000265	          0.05000230	          0.05000144	          0.06177693	          0.05000212	          0.05361449	          0.05000129	          0.05000321	          0.05000342	          0.34724180	          0.16196359	          0.13625741	          0.20911949	          0.51674263	          0.25198800	          0.05883087	          0.11799158	          0.12568883	
          1.07774284	         -2.90590786	         -0.69661121	          2.91048683	          1.43174519	          0.91687813	         -0.00328371	        -21.35090651	          2.71050164	          9.40659513	         28.40364772	          2.32826494	         -1.69627827	         -0.24151777	        -12.69913067	         -7.88072671	          6.92935576	         -6.19142271	         -3.28333497	          1.84565938	          3.13275318	         23.22579845	         -6.46072951	         -4.16663300	         -0.34713935	         -1.02205318	          4.47104876	        -13.71486022	         19.08495243	         -0.66892626	        -13.51922730	         13.09414429	         29.98804382	         22.59859678	         86.51662706	         86.51662706	          0.40719232	          0.11401746	          0.05000049	          0.61804936	          0.25980645	          0.11508518	          0.05000220	          0.05000050	          0.05000038	          0.10969619	          0.16063501	          0.05000039	          0.05000048	          0.05000087	          0.05000324	          0.05000262	          0.59768004	          0.05000212	          0.05000104	          0.05001120	          0.05000531	          0.05000367	          0.62518237	          0.85962210	          0.05000035	          0.05000162	          0.05000077	          0.25421041	          0.07045177	          0.07326965	          0.06592571	          0.46154996	          0.56506744	          0.28362446	          0.40328789	          0.49912188	          0.54490369	          0.05000004	          0.07657574	          0.12476695	          0.05000032	          0.05000025	          0.13596750	          0.05000008	          0.05000015	          0.05000016	          0.05000246	          0.05000145	          0.05000128	          0.05000305	          0.05000290	          0.05000283	          0.21080990	          0.06473158	          0.35357983	          0.05000092	          0.05000284	          0.15493703	          0.17939109	          0.15686716	          0.14481603	          0.14328387	          0.05001434	          0.06740228	          0.13345006	          0.05000298	          0.05000301	          0.11779666	          0.07363613	          0.08462845	          0.09486805	          0.05000537	          0.05000157	          0.05000107	          0.05000684	          0.05000552	          0.05000274	          0.07941131	          0.05000184	          0.05219724	          0.05000343	          0.05258508	          0.05001037	          0.35012344	          0.16679242	          0.14482137	          0.20580445	          0.53053315	          0.27402568	          0.06198047	          0.10919625	          0.12224987	
          1.08862913	         -2.91805162	         -0.81887042	          3.23017261	          1.44787674	          0.91529507	         -0.00314751	        -21.51371387	          2.34444803	          9.32674541	         28.27139846	          2.76652944	         -1.61733884	         -1.67040785	        -12.01828646	         -7.80980123	          6.85051455	         -4.79931921	         -3.54139745	          1.15709550	          3.16988401	         25.02209601	         -6.24019047	         -4.10608936	         -0.14856491	         -1.15559464	          4.40032175	        -13.69427946	         19.33579099	         -1.20885286	        -13.48032126	         12.30249729	         31.22721010	         21.65979460	         86.51662706	         86.51662706	          0.44385444	          0.09741107	          0.05293546	          0.63458724	          0.21990728	          0.09741156	          0.05000264	          0.05000048	          0.05000037	          0.09284975	          0.13597121	          0.05000052	          0.05000061	          0.05000097	          0.05000341	          0.05000218	          0.60854030	          0.05000359	          0.05000162	          0.05001344	          0.05000578	          0.05000384	          0.62973476	          0.87029337	          0.05000058	          0.05000342	          0.05001831	          0.31305712	          0.05963403	          0.06201918	          0.05580729	          0.42451067	          0.53351609	          0.30252553	          0.35778392	          0.55187342	          0.50403646	          0.05000006	          0.06481574	          0.10560600	          0.05000023	          0.05000014	          0.11508646	          0.05000008	          0.05000015	          0.05000013	          0.05000040	          0.05000140	          0.05000052	          0.05886459	          0.05000803	          0.05000171	          0.22416564	          0.08080741	          0.36382976	          0.05801358	          0.05000495	          0.13818669	          0.17116971	          0.13281635	          0.16085462	          0.15683334	          0.05000059	          0.05913906	          0.11533757	          0.05000100	          0.05000081	          0.14204473	          0.06232781	          0.07163210	          0.10461127	          0.05012729	          0.05000318	          0.05000082	          0.05000376	          0.05000336	          0.05000242	          0.08849887	          0.05000123	          0.05266019	          0.05262935	          0.05757417	          0.05001829	          0.36040963	          0.17855024	          0.14802571	          0.25223284	          0.55444347	          0.33798182	          0.06057987	          0.09242674	          0.11493670	
          1.09951542	         -2.92629317	         -0.94273489	          3.54620685	          1.46443036	          0.91381384	         -0.00297575	        -21.56365786	          1.95442030	          9.21917695	         28.12349816	          3.22534600	         -1.51628859	         -3.28554486	        -11.93850867	         -7.81516672	          6.64506785	         -3.26272939	         -3.81121417	          0.22992320	          3.23826855	         27.16147925	         -5.95432425	         -4.01947232	          0.05454023	         -1.28618733	          4.22877983	        -13.64490141	         19.38770930	         -1.82940396	        -13.45973646	         11.71225759	         32.49327473	         20.80890690	         86.51662706	         86.51662706	          0.43141461	          0.08245153	          0.05000049	          0.64392797	          0.18613540	          0.08245186	          0.05000288	          0.05000044	          0.05000034	          0.07859050	          0.11509026	          0.05000013	          0.05000018	          0.05000034	          0.05000132	          0.05000131	          0.52247000	          0.05000065	          0.05000054	          0.05001416	          0.05000435	          0.05000199	          0.53302419	          0.85867208	          0.05000019	          0.05000095	          0.05000020	          0.32690066	          0.05047749	          0.05249633	          0.05000583	          0.37784671	          0.48480944	          0.30120357	          0.30283769	          0.53447689	          0.42663023	          0.05000002	          0.05486180	          0.08938768	          0.05000017	          0.05000011	          0.09741220	          0.05000002	          0.05000004	          0.05000022	          0.05001087	          0.05000067	          0.05907182	          0.05000025	          0.05000038	          0.05000247	          0.20861622	          0.06978963	          0.34783074	          0.06978897	          0.05000154	          0.11696562	          0.16478029	          0.11242054	          0.16225356	          0.18254066	          0.05907179	          0.05008883	          0.09762605	          0.05907202	          0.05907223	          0.16343935	          0.05275605	          0.06063149	          0.11899843	          0.05000096	          0.05000035	          0.05000014	          0.05000173	          0.05000172	          0.05000152	          0.09080156	          0.05907267	          0.05000017	          0.06750905	          0.06467411	          0.06257448	          0.36594705	          0.21593456	          0.16079252	          0.27421976	          0.56509819	          0.36735071	          0.05627202	          0.07823244	          0.09728548	
          1.11040171	         -2.93010737	         -1.06951085	          3.85866013	          1.48141194	          0.91242654	         -0.00276359	        -21.52197887	          1.53818524	          9.07192211	         27.96580862	          3.68330446	         -1.38724652	         -5.03050354	        -12.53925204	         -7.96200678	          6.21332161	         -1.62533183	         -4.10182066	         -0.94624670	          3.26200066	         29.64047291	         -5.61774346	         -3.90484597	          0.25874937	         -1.41322912	          3.95536192	        -13.59437778	         19.34628824	         -2.53146589	        -13.45019816	         11.28477662	         33.81255469	         20.04681174	         86.51662706	         86.51662706	          0.36516141	          0.06978924	          0.05000014	          0.54503767	          0.15754993	          0.06978958	          0.05000268	          0.05000031	          0.05000024	          0.06652111	          0.09741563	          0.06378753	          0.05000085	          0.05000067	          0.05000187	          0.05000083	          0.44223338	          0.05907318	          0.05000154	          0.05000166	          0.05000103	          0.05000106	          0.45116562	          0.72680256	          0.05000017	          0.05000074	          0.05000275	          0.29353619	          0.05000076	          0.05000073	          0.05000090	          0.31981946	          0.41035955	          0.29743143	          0.25632971	          0.45239623	          0.36111110	          0.05578888	          0.05000004	          0.07566007	          0.05000013	          0.05000006	          0.08245224	          0.05000183	          0.06124428	          0.06441081	          0.05907187	          0.05907174	          0.05000014	          0.05907214	          0.05907202	          0.05516411	          0.17657825	          0.05907188	          0.29441337	          0.05907165	          0.05000397	          0.20088790	          0.17520537	          0.09515601	          0.13733910	          0.18725176	          0.05000054	          0.09744483	          0.08263357	          0.05000036	          0.05000038	          0.20691709	          0.08245244	          0.08245003	          0.46243150	          0.18983617	          0.06442391	          0.05165948	          0.05000067	          0.05000066	          0.05000051	          0.07685686	          0.05000108	          0.05000022	          0.05907197	          0.05907180	          0.05907172	          0.38865790	          0.26655014	          0.18157298	          0.30088977	          0.62208006	          0.38391086	          0.05000009	          0.06621799	          0.08234498	
          1.12128800	         -2.92959599	         -1.21175677	          4.16264068	          1.49877830	          0.91110646	         -0.00252576	        -21.38984574	          1.09529402	          8.86776406	         27.79485319	          4.09381772	         -1.24625033	         -6.89072554	        -13.81194023	         -8.29883382	          5.57889220	          0.04365988	         -4.43715334	         -2.31047823	          3.28068572	         32.32972667	         -5.19257034	         -3.76524836	          0.47451983	         -1.53259910	          3.58160130	        -13.55373906	         19.25690478	         -3.30117945	        -13.45223574	         11.00431033	         35.20860108	         19.35848295	         86.51662706	         86.51662706	          0.30908222	          0.05907166	          0.05907098	          0.46133421	          0.13335441	          0.05907184	          0.05000960	          0.05000209	          0.05000387	          0.05630528	          0.08245526	          0.19135201	          0.31175491	          0.05907240	          0.05907059	          0.09056345	          0.37431807	          0.05000280	          0.05000631	          0.05906747	          0.05907057	          0.05907093	          0.38187837	          0.61518483	          0.05907172	          0.05907028	          0.05000018	          0.24845672	          0.15044953	          0.15615438	          0.12241954	          0.27070354	          0.34733913	          0.26184845	          0.21696415	          0.38292013	          0.30565390	          0.21276423	          0.13075649	          0.07302528	          0.05000031	          0.05000019	          0.06978973	          0.07382874	          0.05907202	          0.06978972	          0.05000003	          0.05000009	          0.11270854	          0.05000024	          0.05000018	          0.05000016	          0.14946045	          0.05000011	          0.24919916	          0.05000006	          0.06978953	          0.17003714	          0.34478033	          0.36825716	          0.23003959	          0.21462225	          0.05906375	          0.08249203	          0.06994355	          0.08021620	          0.15453661	          0.23735841	          0.06979007	          0.06978991	          0.59007257	          0.16068243	          0.05453038	          0.06978976	          0.12780806	          0.13025631	          0.10287342	          0.06982638	          0.06979015	          0.06978985	          0.05000022	          0.05000004	          0.05000006	          0.47936384	          0.26027720	          0.15369916	          0.53881131	          0.63854070	          0.56106504	          0.05000001	          0.05604864	          0.06969896	
          1.13217429	         -2.92491554	         -1.38182939	          4.45279241	          1.51643131	          0.90985715	         -0.00229767	        -21.12691078	          0.63469006	          8.60929707	         27.49984859	          4.41982479	         -1.03225826	         -8.94813625	        -15.19095130	         -8.76696095	          4.88073228	          1.68881036	         -4.79195584	         -3.77625992	          3.46889976	         34.86653922	         -4.69913673	         -3.60481849	          0.71670545	         -1.64574526	          3.11981695	        -13.51924836	         19.13763714	         -4.10650748	        -13.47023810	         10.87947284	         36.67298634	         18.71001886	         86.51662706	         86.51662706	          0.28745092	          0.05000005	          0.05000001	          0.39963606	          0.11287471	          0.05000014	          0.05000525	          0.05000038	          0.05000018	          0.05000070	          0.06979243	          0.16211848	          0.40961381	          0.05000094	          0.05000166	          0.07665580	          0.42451732	          0.08746751	          0.05000033	          0.05000069	          0.05000046	          0.05000050	          0.32323187	          0.60729954	          0.05000004	          0.05000015	          0.05000005	          0.21030027	          0.12734457	          0.13217329	          0.10361924	          0.22913053	          0.29399696	          0.23099310	          0.18364411	          0.32411366	          0.25871349	          0.37452659	          0.22925632	          0.06934491	          0.44951568	          0.15419801	          0.05907186	          0.10122589	          0.05000010	          0.05907187	          0.38159882	          0.34105611	          0.29854387	          0.44951540	          0.41977653	          0.26271566	          0.13267909	          0.15680866	          0.21092871	          0.09741327	          0.05907248	          0.14392396	          0.29183121	          0.31170268	          0.19471205	          0.26029900	          0.05000043	          0.06982446	          0.19193422	          0.24342650	          0.25182824	          0.28880471	          0.05907222	          0.05907208	          0.49945283	          0.13600593	          0.06874510	          0.05907188	          0.10818009	          0.11025235	          0.08707476	          0.05910287	          0.05907221	          0.05907194	          0.15454785	          0.06006548	          0.05907358	          0.49033673	          0.22030549	          0.18859882	          0.63105069	          0.72440410	          0.74565491	          0.07960161	          0.10317870	          0.05899503	
          1.14306058	         -2.91829780	         -1.55257997	          4.70627101	          1.53397567	          0.90877266	         -0.00202246	        -20.60343177	          0.20430603	          8.31606498	         27.20528820	          4.72431014	         -0.87677350	        -11.41572744	        -16.49169202	         -9.37565919	          3.73414533	          3.35757603	         -5.19779050	         -5.09172290	          3.82523328	         36.76511638	         -4.13499774	         -3.46189132	          0.95812015	         -1.74759437	          2.63718728	        -13.49401349	         19.00575647	         -4.84942483	        -13.49035825	         10.94488846	         38.15157759	         18.02885200	         86.51662706	         86.51662706	          0.24330598	          0.05000011	          0.05000005	          0.33826248	          0.09554018	          0.05000024	          0.05002604	          0.05000071	          0.05000096	          0.05000014	          0.05907427	          0.22223587	          0.47180869	          0.41455597	          0.11507873	          0.09770154	          0.42165927	          0.07403520	          0.05000036	          0.05000165	          0.05000131	          0.05000228	          0.27359188	          0.53788481	          0.05000007	          0.05000039	          0.05000017	          0.19766703	          0.11508669	          0.11508665	          0.11414496	          0.19394205	          0.24884673	          0.19551859	          0.15544118	          0.27433830	          0.21898198	          0.41447065	          0.20130328	          0.05907207	          0.58309281	          0.19552836	          0.05000006	          0.12879037	          0.05000002	          0.05000007	          0.50580980	          0.45125906	          0.35865479	          0.38048372	          0.35531498	          0.23739027	          0.11230307	          0.13272718	          0.17853556	          0.08245316	          0.05000069	          0.12182107	          0.24701402	          0.37711663	          0.39111369	          0.30568668	          0.05000043	          0.05910194	          0.16245872	          0.36190991	          0.33571748	          0.36350477	          0.05000030	          0.05000020	          0.42274996	          0.11511909	          0.05818793	          0.05000007	          0.24031090	          0.24924953	          0.20800753	          0.05002622	          0.05000029	          0.05000003	          0.14229286	          0.05084101	          0.05000145	          0.55972405	          0.23863394	          0.16471234	          0.78425279	          0.81883988	          0.85261780	          0.11211267	          0.08733314	          0.05000006	
          1.15394688	         -2.90921363	         -1.71047204	          4.92533872	          1.55119018	          0.90790264	         -0.00171652	        -19.76997210	         -0.16666026	          8.05453671	         26.94492275	          5.03412204	         -0.73586565	        -14.36015030	        -17.79499749	        -10.12415887	          2.49664085	          5.01478246	         -5.67615911	         -6.04836408	          3.96758962	         37.45946711	         -3.85496882	         -3.35208561	          1.18837304	         -1.84043382	          2.18334689	        -13.47334813	         18.89003076	         -5.49021836	        -13.51017003	         11.18691199	         39.59047318	         17.29996674	         86.51662706	         86.51662706	          0.20594057	          0.05000137	          0.05000170	          0.28631431	          0.08086796	          0.05000207	          0.05007994	          0.05000209	          0.05064034	          0.05000021	          0.05000237	          0.22508260	          0.60039158	          0.35089201	          0.09741448	          0.08269739	          0.45269501	          0.06266699	          0.05000425	          0.05010217	          0.05908039	          0.06978926	          0.23157531	          0.45663236	          0.05273510	          0.05321564	          0.05000458	          0.16731073	          0.09741242	          0.09741239	          0.09661531	          0.16415761	          0.21063039	          0.16549202	          0.13156973	          0.23220713	          0.18535285	          0.35081877	          0.17038836	          0.05000020	          0.49354496	          0.23845298	          0.44951556	          0.15462339	          0.05000007	          0.05000006	          0.58475519	          0.51721433	          0.41349248	          0.32490797	          0.30074960	          0.20093778	          0.09505628	          0.11234408	          0.15111717	          0.06979055	          0.05000041	          0.10311268	          0.24468603	          0.34432462	          0.38675095	          0.31125236	          0.05000053	          0.05002924	          0.13750968	          0.39739537	          0.37076842	          0.37950312	          0.05000012	          0.05000014	          0.35782668	          0.09743998	          0.05000515	          0.05000010	          0.28749936	          0.32790303	          0.26307017	          0.05000003	          0.05000009	          0.05000001	          0.19524644	          0.05908144	          0.05377939	          0.56206179	          0.20198643	          0.16014954	          0.75323815	          0.84032491	          0.76998907	          0.12679430	          0.07392105	          0.05000010	
          1.16483317	         -2.89702697	         -1.85684146	          5.11683398	          1.56804813	          0.90724390	         -0.00139170	        -18.67426225	         -0.48259341	          7.84580508	         26.68395340	          5.35710968	         -0.56776177	        -17.66687641	        -19.10855316	        -11.00007237	          1.50678922	          6.57957878	         -6.21930427	         -6.63807544	          4.11380610	         36.86290799	         -3.69675626	         -3.26872465	          1.40670558	         -1.92524615	          1.77309470	        -13.45787786	         18.81334426	         -6.03838456	        -13.52879224	         11.55348972	         40.96518937	         16.55208578	         86.51662706	         86.51662706	          0.17431352	          0.05000129	          0.05000101	          0.24234429	          0.06844981	          0.05000766	          0.05000359	          0.05000047	          0.05000066	          0.05000021	          0.05001493	          0.21809081	          0.50818842	          0.29700467	          0.08245512	          0.06999736	          0.47512787	          0.20406344	          0.05000323	          0.05000756	          0.05000955	          0.05907224	          0.19601143	          0.38650554	          0.12545395	          0.05000939	          0.05000301	          0.14161635	          0.08245245	          0.08245242	          0.08177775	          0.13894728	          0.17828307	          0.14007675	          0.19455777	          0.19654621	          0.23051502	          0.29694214	          0.14422116	          0.07135184	          0.41774931	          0.25862907	          0.68101775	          0.17842291	          0.05000009	          0.05000006	          0.66301061	          0.56783395	          0.41219194	          0.27502216	          0.25456551	          0.17008162	          0.08045816	          0.09509113	          0.12790953	          0.05907262	          0.05000075	          0.08727743	          0.20710910	          0.29144750	          0.35720049	          0.31727333	          0.05000062	          0.05000421	          0.11639203	          0.41450875	          0.38176639	          0.37862480	          0.05000019	          0.05000020	          0.30287394	          0.08247597	          0.05000181	          0.05000021	          0.36851181	          0.40362489	          0.32341849	          0.05000005	          0.05000013	          0.05000001	          0.20004326	          0.05000964	          0.05000067	          0.60564860	          0.18095587	          0.16375234	          0.73612133	          0.90257312	          0.80806717	          0.12956520	          0.06256871	          0.05000010	
          1.17571946	         -2.88162219	         -1.99224134	          5.28646091	          1.58458339	          0.90681478	         -0.00104827	        -17.38789422	         -0.75064157	          7.65151703	         26.38006907	          5.69568362	         -0.35438075	        -21.18146928	        -20.37518899	        -12.01834269	          0.84385137	          7.93495178	         -6.81288203	         -6.83350628	          4.19848352	         35.11429316	         -3.70210359	         -3.20108119	          1.60859631	         -2.00482206	          1.40756642	        -13.45082010	         18.78793228	         -6.51239822	        -13.54157226	         11.98091582	         42.26026029	         15.81965807	         86.51662706	         86.51662706	          0.14754355	          0.05000074	          0.05000045	          0.20512727	          0.05794143	          0.05000286	          0.06100845	          0.05000057	          0.05000090	          0.05000031	          0.11257775	          0.22124360	          0.44321057	          0.25139380	          0.06979322	          0.05924774	          0.48796808	          0.29146775	          0.06576903	          0.05000487	          0.05000218	          0.05000225	          0.16590929	          0.32714837	          0.16064076	          0.05001930	          0.05904690	          0.11986790	          0.06978993	          0.06978990	          0.06921884	          0.11760860	          0.15090348	          0.11856461	          0.16474206	          0.16636193	          0.19512031	          0.25133957	          0.12207256	          0.06979020	          0.35359391	          0.32033685	          0.74808167	          0.18563032	          0.05381604	          0.05000006	          0.73612018	          0.61862170	          0.46312011	          0.27055783	          0.21547666	          0.18754404	          0.06810194	          0.08048777	          0.10826599	          0.05000135	          0.05000109	          0.07387419	          0.17533178	          0.24669232	          0.30381014	          0.31464989	          0.05000058	          0.05010044	          0.09851760	          0.42613277	          0.38253757	          0.36441877	          0.05000032	          0.05000026	          0.25636051	          0.06981010	          0.05000548	          0.05000013	          0.41417453	          0.49253553	          0.38178220	          0.05000008	          0.05000019	          0.05000002	          0.26010986	          0.05000107	          0.05000132	          0.64792484	          0.15316590	          0.13860452	          0.62307246	          0.91391627	          0.83235118	          0.13262124	          0.05295979	          0.05000011	
          1.18660575	         -2.86399068	         -2.11858023	          5.43959401	          1.60079434	          0.90666555	         -0.00069517	        -15.95975276	         -0.97499138	          7.44680004	         26.01639858	          6.05149102	         -0.08816994	        -24.79072825	        -21.57228820	        -12.94785407	          0.57012040	          9.03152691	         -7.45457315	         -6.51022506	          4.24177281	         32.70579036	         -3.83216795	         -3.14508820	          1.79355983	         -2.07928681	          1.09457345	        -13.44972492	         18.81900968	         -6.92285554	        -13.54580682	         12.41395300	         43.45582280	         15.13009437	         86.51662706	         86.51662706	          0.12488476	          0.05000136	          0.05000953	          0.17362604	          0.05001579	          0.05001694	          0.07132798	          0.05000043	          0.05000084	          0.05000027	          0.11691487	          0.23155861	          0.40193760	          0.21278774	          0.05907675	          0.05014904	          0.51293572	          0.36732439	          0.08586138	          0.05000916	          0.05000387	          0.05000194	          0.14640301	          0.27690692	          0.13597183	          0.05912556	          0.05000247	          0.10145938	          0.05907205	          0.05907203	          0.05858867	          0.09954701	          0.12772875	          0.10035618	          0.14020424	          0.39289673	          0.24998536	          0.25923875	          0.10332541	          0.05907226	          0.29929113	          0.27114147	          0.63319579	          0.18740653	          0.06892131	          0.05000005	          0.78201231	          0.64528734	          0.46017195	          0.22901537	          0.18240385	          0.15874633	          0.05764333	          0.06812708	          0.09163918	          0.05000022	          0.05000055	          0.06252925	          0.14840583	          0.20880901	          0.25715585	          0.28868379	          0.05000180	          0.05000377	          0.08338813	          0.42627337	          0.36817247	          0.31729638	          0.05000019	          0.05000023	          0.21699038	          0.05908963	          0.05000667	          0.05000134	          0.52072843	          0.57818956	          0.44513251	          0.05000018	          0.05000053	          0.05000025	          0.28483428	          0.05000121	          0.05000234	          0.65480494	          0.12964371	          0.12656181	          0.52738486	          0.89451129	          0.88084601	          0.12973720	          0.05000003	          0.05000009	
          1.19749204	         -2.84567035	         -2.23020184	          5.58026981	          1.61667684	          0.90687143	         -0.00033581	        -14.42420575	         -1.15802610	          7.22289205	         25.56794525	          6.41636667	          0.23645439	        -28.36814896	        -22.64029722	        -13.20513695	          0.61244050	          9.86317260	         -8.10083376	         -5.88830478	          4.29371687	         30.17621436	         -3.99445572	         -3.10078164	          1.95241444	         -2.14755065	          0.84008973	        -13.45132919	         18.89963351	         -7.27408486	        -13.53671077	         12.81903869	         44.53452749	         14.49849825	         86.51662706	         86.51662706	          0.10570579	          0.05000039	          0.05000026	          0.18318452	          0.05000703	          0.05000136	          0.07290942	          0.05000054	          0.05000109	          0.05000034	          0.15119945	          0.22397903	          0.38207334	          0.18011019	          0.05000993	          0.05000055	          0.51180217	          0.40015409	          0.10334405	          0.05000293	          0.05000143	          0.05000087	          0.13488383	          0.23438126	          0.11509028	          0.05004770	          0.05000117	          0.08587789	          0.05000021	          0.05000019	          0.05000007	          0.08583926	          0.11941840	          0.08494413	          0.11867262	          0.33255821	          0.21159430	          0.26488295	          0.08745735	          0.05000037	          0.25332793	          0.37228090	          0.56501526	          0.17625042	          0.06829195	          0.05000006	          0.81722463	          0.65073728	          0.43477676	          0.19384541	          0.15439235	          0.13436828	          0.05000037	          0.05766498	          0.07756587	          0.05000036	          0.05000083	          0.05292712	          0.13270904	          0.19756819	          0.24766213	          0.27660083	          0.05000086	          0.05001461	          0.07058245	          0.41900632	          0.34751483	          0.29016314	          0.05000024	          0.05000025	          0.18366655	          0.05001675	          0.05000889	          0.05000049	          0.51110666	          0.57580679	          0.44315289	          0.05000086	          0.05000203	          0.06482404	          0.30556250	          0.05000041	          0.05000055	          0.60707331	          0.10973398	          0.13457325	          0.44639245	          0.85818249	          0.83360640	          0.12973240	          0.05000005	          0.05000012	
          1.20837833	         -2.82786243	         -2.32526490	          5.70817815	          1.63226490	          0.90746161	          0.00002009	        -12.80184168	         -1.30972126	          6.97306310	         25.00804102	          6.78202386	          0.61663564	        -31.80121170	        -23.51694960	        -13.01545741	          0.85490912	         10.45388955	         -8.71036177	         -5.31996265	          4.36381829	         27.41425053	         -4.10394011	         -3.06501079	          2.08511234	         -2.20799458	          0.63527342	        -13.45174928	         19.01133094	         -7.57426568	        -13.51638878	         13.18071403	         45.49846299	         13.94035063	         86.51662706	         86.51662706	          0.08947223	          0.05000044	          0.05000035	          0.19926576	          0.05001245	          0.05000210	          0.06736670	          0.05620860	          0.05000736	          0.05351634	          0.18275894	          0.20525190	          0.35549837	          0.15245060	          0.05000497	          0.05000055	          0.51755080	          0.39454227	          0.15838887	          0.05000296	          0.05000135	          0.05000066	          0.12819713	          0.19838644	          0.09741555	          0.05000924	          0.05000116	          0.07268931	          0.05000007	          0.05000007	          0.05000005	          0.07265678	          0.10107926	          0.07189893	          0.10044905	          0.28148659	          0.17909927	          0.25595397	          0.07402624	          0.05000051	          0.24209265	          0.37398172	          0.48465916	          0.16497335	          0.05894684	          0.05000008	          0.84156877	          0.65372923	          0.42027020	          0.16407718	          0.13068320	          0.11373443	          0.05000111	          0.05109826	          0.06565428	          0.05000038	          0.05000082	          0.05000265	          0.15387404	          0.19597886	          0.25112295	          0.25949978	          0.05000067	          0.05001339	          0.05974403	          0.39875510	          0.31447970	          0.25400519	          0.05000021	          0.05000021	          0.15546036	          0.05000561	          0.05000345	          0.05000029	          0.48265677	          0.54551940	          0.42292105	          0.05015807	          0.05000125	          0.07933004	          0.33874230	          0.05000090	          0.05000131	          0.51601181	          0.09288181	          0.12999067	          0.37783832	          0.72639032	          0.72067175	          0.12067421	          0.05000006	          0.05000013	
          1.21926462	         -2.81112709	         -2.40278537	          5.81839651	          1.64759563	          0.90839073	          0.00036162	        -11.11322991	         -1.43136666	          6.69891524	         24.32498726	          7.13778296	          1.03836340	        -35.04801972	        -24.16805273	        -12.56412034	          1.18971098	         10.83260352	         -9.26545509	         -4.75160548	          4.47433248	         24.49057551	         -4.09922339	         -3.03573250	          2.19451195	         -2.25925708	          0.46206931	        -13.45052636	         19.12909665	         -7.83102486	        -13.49290517	         13.49642891	         46.37348816	         13.47362492	         86.51662706	         86.51662706	          0.07573177	          0.05000037	          0.05000025	          0.33977669	          0.05001126	          0.05000154	          0.05996592	          0.08116344	          0.05010595	          0.06623150	          0.18873089	          0.19065050	          0.33219312	          0.12903866	          0.05000420	          0.05000045	          0.51766126	          0.38513377	          0.17067672	          0.05000249	          0.05000110	          0.05000046	          0.12398834	          0.16791955	          0.08245518	          0.05000443	          0.05000073	          0.06152616	          0.05000007	          0.05000007	          0.05000004	          0.06553036	          0.08555716	          0.06085715	          0.08895711	          0.26710124	          0.15159501	          0.24684193	          0.06265780	          0.05000021	          0.20491591	          0.37084911	          0.41022823	          0.15459986	          0.05635955	          0.05000009	          0.85259970	          0.64548095	          0.41607776	          0.18277542	          0.11062608	          0.09627188	          0.05137512	          0.06924164	          0.06338605	          0.05000041	          0.05000067	          0.05000482	          0.16062340	          0.19423393	          0.25280760	          0.23763241	          0.05000059	          0.05001333	          0.05057505	          0.36409187	          0.26618692	          0.21499714	          0.05000018	          0.05000018	          0.13158585	          0.05000271	          0.05000237	          0.05000024	          0.46841432	          0.51599928	          0.39961868	          0.06099311	          0.05000087	          0.09588505	          0.36383761	          0.05000099	          0.05000128	          0.43682600	          0.07861769	          0.14206901	          0.31981233	          0.61485476	          0.64606944	          0.11265051	          0.05000007	          0.05000014	
          1.23015091	         -2.79581671	         -2.46120672	          5.90738819	          1.66269784	          0.90959349	          0.00068408	         -9.37505518	         -1.52525083	          6.40039618	         23.51104352	          7.47047110	          1.48517832	        -38.09148680	        -24.56773671	        -11.90208701	          1.52604590	         11.01717013	         -9.74753130	         -4.14016058	          4.59982861	         21.49203841	         -3.96795634	         -3.01247173	          2.28116707	         -2.30069673	          0.30537841	        -13.44972849	         19.23331330	         -8.04998497	        -13.47241179	         13.76355780	         47.18566418	         13.11116143	         86.51662706	         86.51662706	          0.06410158	          0.05000035	          0.05000022	          0.42134974	          0.05002861	          0.05000130	          0.05085498	          0.10309596	          0.05009373	          0.07347358	          0.19156538	          0.18440678	          0.29912475	          0.10922215	          0.05000314	          0.05000041	          0.51209070	          0.38178660	          0.17960922	          0.05000221	          0.05000091	          0.05000035	          0.12078187	          0.14213181	          0.06979233	          0.05000355	          0.05000066	          0.05207742	          0.05000007	          0.05000007	          0.05000004	          0.06333281	          0.07241849	          0.05247920	          0.08056392	          0.23799103	          0.12831459	          0.24336191	          0.05303529	          0.05000015	          0.17344726	          0.37191445	          0.34722875	          0.14467294	          0.05226995	          0.05000011	          0.85351812	          0.61893271	          0.40458738	          0.22250280	          0.11936245	          0.11154295	          0.06665267	          0.08762951	          0.06792887	          0.05000047	          0.05000069	          0.05000734	          0.13595702	          0.16441490	          0.21399021	          0.20292374	          0.05000077	          0.05001435	          0.08042948	          0.31029454	          0.22530776	          0.18197935	          0.05000021	          0.05000022	          0.11137785	          0.05000228	          0.05000148	          0.05000019	          0.43969428	          0.55717436	          0.43050974	          0.07887605	          0.05000072	          0.11210426	          0.39097897	          0.05114156	          0.05154187	          0.36974444	          0.06654416	          0.14509090	          0.27069764	          0.57343754	          0.62129479	          0.10522943	          0.05000008	          0.05000014	
          1.24103721	         -2.78234856	         -2.49897981	          5.97206981	          1.67759504	          0.91102201	          0.00098343	         -7.59889096	         -1.59310727	          6.07835480	         22.55369487	          7.76797409	          1.94511974	        -40.91736364	        -24.68815086	        -11.11233394	          1.82283875	         11.02748494	        -10.14513992	         -3.48129238	          4.72664138	         18.45729560	         -3.72577006	         -2.99504066	          2.34534142	         -2.33160241	          0.15581419	        -13.44975279	         19.31138339	         -8.23264559	        -13.45831864	         13.97946961	         47.94702314	         12.85451728	         86.51662706	         86.51662706	          0.05425779	          0.05000033	          0.05000020	          0.49931617	          0.05003245	          0.05000123	          0.05641952	          0.12775030	          0.08207954	          0.09001290	          0.19859421	          0.17645822	          0.27796020	          0.09244892	          0.05000290	          0.05000036	          0.50409582	          0.37140129	          0.19959973	          0.05000200	          0.05000077	          0.05000027	          0.11702850	          0.12316255	          0.05907420	          0.05000309	          0.05000055	          0.05000029	          0.05000007	          0.05000006	          0.05000004	          0.05387851	          0.06129717	          0.05000007	          0.07116802	          0.23853997	          0.10860980	          0.24736503	          0.05000025	          0.05000013	          0.14684103	          0.36353421	          0.30921467	          0.13738989	          0.05000192	          0.05000012	          0.84042789	          0.57880617	          0.39996546	          0.24338904	          0.18667519	          0.21565645	          0.08013468	          0.10468332	          0.07627982	          0.05439663	          0.05000104	          0.05000394	          0.11507795	          0.13916891	          0.18113104	          0.17247512	          0.05000087	          0.05001376	          0.08245603	          0.26264522	          0.19070661	          0.15403225	          0.05000027	          0.05000028	          0.09427329	          0.05000314	          0.05000558	          0.05000015	          0.45390713	          0.56179561	          0.43476126	          0.10090280	          0.05000051	          0.12976273	          0.41399881	          0.05050335	          0.06617877	          0.31296139	          0.05632485	          0.16877698	          0.22912568	          0.51188373	          0.61069676	          0.09784997	          0.05000008	          0.05000014	
          1.25192350	         -2.77118221	         -2.51637596	          6.01029473	          1.69229371	          0.91264968	          0.00125892	         -5.78864626	         -1.63686239	          5.73671668	         21.45509090	          8.02298174	          2.41102560	        -43.52611171	        -24.53091542	        -10.24791552	          2.07193946	         10.88263244	        -10.45274740	         -2.78532843	          4.85221485	         15.43140991	         -3.40232276	         -2.98457801	          2.38858413	         -2.35158498	          0.01217247	        -13.44979458	         19.35984449	         -8.37454164	        -13.45122041	         14.14332023	         48.65416999	         12.69428558	         86.51662706	         86.51662706	          0.05000927	          0.05000033	          0.05000018	          0.59683743	          0.06304211	          0.05000119	          0.05910005	          0.14733770	          0.08813990	          0.10348833	          0.19876214	          0.16632974	          0.26793400	          0.07825165	          0.05000241	          0.05000033	          0.49169236	          0.35502552	          0.21396718	          0.05000174	          0.05000062	          0.05000022	          0.11033717	          0.11184341	          0.05000221	          0.05000240	          0.05000050	          0.05000036	          0.05000007	          0.05000006	          0.05000004	          0.05000024	          0.05188371	          0.05000003	          0.06340681	          0.24632947	          0.09228708	          0.25514331	          0.05000030	          0.05000011	          0.15648674	          0.35336115	          0.29569687	          0.13165978	          0.05000038	          0.05000016	          0.82097789	          0.53305679	          0.38935900	          0.29268457	          0.27535216	          0.30626399	          0.08589090	          0.11299298	          0.08189659	          0.05378827	          0.05000093	          0.05000136	          0.09740525	          0.11780135	          0.15333034	          0.16291092	          0.05000073	          0.05000714	          0.06979420	          0.24391729	          0.16142013	          0.13037763	          0.05000019	          0.05000019	          0.07979558	          0.05000391	          0.08802371	          0.05000014	          0.43250976	          0.53739399	          0.41517938	          0.12829595	          0.05000035	          0.14810930	          0.43273581	          0.05000596	          0.07829029	          0.26489869	          0.05000035	          0.20302051	          0.19393811	          0.43327226	          0.56419670	          0.09249213	          0.05000012	          0.05000013	
          1.26280979	         -2.76249933	         -2.51460753	          6.02138037	          1.70679050	          0.91445256	          0.00151412	         -3.94742444	         -1.66040885	          5.38206169	         20.23778435	          8.23198607	          2.87783432	        -45.91945448	        -24.13406187	         -9.34136120	          2.27501777	         10.60246094	        -10.66373697	         -2.06319476	          4.97777411	         12.45924265	         -3.01720702	         -2.98289659	          2.41257405	         -2.36046478	         -0.12115241	        -13.44973597	         19.38296486	         -8.46897258	        -13.44970976	         14.25575441	         49.29552438	         12.61585691	         86.51662706	         86.51662706	          0.06333717	          0.05000032	          0.05000018	          0.62960796	          0.07831808	          0.05000116	          0.05273834	          0.15719891	          0.07462545	          0.11398213	          0.19775552	          0.15932692	          0.25554494	          0.06623487	          0.05000228	          0.05000031	          0.47558242	          0.34396454	          0.22543534	          0.05000156	          0.05000052	          0.05000019	          0.10470789	          0.10412684	          0.05000066	          0.05000248	          0.05000054	          0.05006701	          0.05000007	          0.05000007	          0.05000005	          0.05000017	          0.05000034	          0.05000003	          0.05373019	          0.21158852	          0.08401358	          0.26533119	          0.05000024	          0.05000010	          0.16459210	          0.34420022	          0.29317302	          0.12906947	          0.05000038	          0.05000017	          0.79416477	          0.49048542	          0.37193508	          0.37358192	          0.35795981	          0.37789867	          0.08192120	          0.10776215	          0.08096685	          0.05000046	          0.05000065	          0.05000095	          0.08244664	          0.09973226	          0.16676162	          0.16682424	          0.05000070	          0.05000498	          0.05907626	          0.24409338	          0.15059709	          0.12832658	          0.05000014	          0.05000014	          0.06754133	          0.05000291	          0.12668566	          0.05000019	          0.39278246	          0.48985635	          0.37703063	          0.16009551	          0.05000362	          0.16612565	          0.45109488	          0.05000198	          0.09763650	          0.22421716	          0.05032091	          0.23658350	          0.16415441	          0.36673315	          0.52452570	          0.09110974	          0.05000012	          0.05000013	
          1.27369608	         -2.75604563	         -2.49466124	          6.00537162	          1.72109013	          0.91639963	          0.00175161	         -2.08143022	         -1.66767540	          5.02085740	         18.92540308	          8.39258656	          3.33935826	        -48.09544726	        -23.53692395	         -8.40930605	          2.42301450	         10.20758819	        -10.77812675	         -1.33892721	          5.10203267	          9.58040642	         -2.59273620	         -2.99008542	          2.41869839	         -2.35810672	         -0.23946031	        -13.44970732	         19.38770370	         -8.51083892	        -13.45199739	         14.32030450	         49.85701956	         12.60270918	         86.51662706	         86.51662706	          0.06208220	          0.05000034	          0.05000019	          0.63638930	          0.09466946	          0.05000125	          0.05121474	          0.15425144	          0.06317563	          0.12592314	          0.19520176	          0.15334976	          0.24055420	          0.05606400	          0.05000205	          0.05000029	          0.45825499	          0.33029830	          0.23587826	          0.05000143	          0.05000045	          0.05000017	          0.09968072	          0.09910523	          0.05000077	          0.05000252	          0.05000054	          0.05602618	          0.05000008	          0.05000008	          0.05000005	          0.05000035	          0.05000107	          0.05000005	          0.05000256	          0.17909480	          0.07111865	          0.27556608	          0.05000020	          0.05000009	          0.19629718	          0.33418097	          0.29055740	          0.12667280	          0.05000034	          0.05000017	          0.75844970	          0.45781185	          0.35585224	          0.44709811	          0.42332767	          0.43086298	          0.07441606	          0.09826921	          0.07862318	          0.05000029	          0.05000052	          0.05000067	          0.06978532	          0.08464989	          0.18682361	          0.17648930	          0.05000065	          0.05000359	          0.05000466	          0.25261846	          0.15592140	          0.14427791	          0.05000011	          0.05000011	          0.05716917	          0.05000246	          0.16515999	          0.05000026	          0.34442486	          0.42819450	          0.32778928	          0.18829590	          0.08942583	          0.17930029	          0.46713517	          0.05000505	          0.13192388	          0.18978325	          0.09111497	          0.26494672	          0.13894468	          0.31041265	          0.50625240	          0.09223159	          0.05000013	          0.05000013	
          1.28458237	         -2.75133104	         -2.45664467	          5.96277181	          1.73520229	          0.91845177	          0.00197126	         -0.19800926	         -1.66077918	          4.65659051	         17.53911690	          8.50341145	          3.78859848	        -50.05250602	        -22.77465806	         -7.45262436	          2.50237578	          9.71960372	        -10.81117388	         -0.63234124	          5.22246319	          6.83745079	         -2.14933320	         -3.00529378	          2.40778861	         -2.34444891	         -0.33907342	        -13.44977588	         19.37993114	         -8.49655175	        -13.45663658	         14.34383239	         50.32609602	         12.63827949	         86.51662706	         86.51662706	          0.07223670	          0.05000035	          0.05000019	          0.53887913	          0.11205500	          0.05000133	          0.05056694	          0.14289243	          0.05348460	          0.14139434	          0.19703403	          0.14782306	          0.22302516	          0.05000259	          0.05000180	          0.05000027	          0.43686542	          0.31943630	          0.24880468	          0.05000127	          0.05000038	          0.05000015	          0.09524554	          0.09436009	          0.05000075	          0.05000266	          0.05000057	          0.06012748	          0.05000008	          0.05000008	          0.05000006	          0.05000031	          0.05000074	          0.05000003	          0.05000099	          0.15159078	          0.06585043	          0.28373648	          0.05000040	          0.05000011	          0.25445397	          0.32280553	          0.30093151	          0.12380945	          0.05000028	          0.05000017	          0.71581413	          0.43080982	          0.34125843	          0.48154581	          0.46577068	          0.46947172	          0.06497311	          0.08455939	          0.07541238	          0.05000017	          0.05000042	          0.05000050	          0.05906864	          0.07539874	          0.18819035	          0.18401155	          0.05000063	          0.05000268	          0.05000106	          0.26116581	          0.16396880	          0.15917399	          0.05000009	          0.05000009	          0.05000132	          0.05000234	          0.20115828	          0.05000050	          0.30485193	          0.36244972	          0.27773512	          0.21991734	          0.13514866	          0.18937374	          0.48002448	          0.05000476	          0.15807682	          0.16063749	          0.15800387	          0.29578162	          0.11760649	          0.26274149	          0.49368029	          0.09364770	          0.05000014	          0.05000013	
          1.29546866	         -2.74781503	         -2.40067872	          5.89438448	          1.74913761	          0.92056449	          0.00217171	          1.69519584	         -1.64090471	          4.28913517	         16.09741492	          8.56520041	          4.22080442	        -51.78978429	        -21.87979190	         -6.47231253	          2.51261810	          9.16156475	        -10.78013725	          0.04608982	          5.33559079	          4.28520430	         -1.70601059	         -3.02759248	          2.38088771	         -2.31960302	         -0.41734873	        -13.45000800	         19.36358572	         -8.42330266	        -13.46245894	         14.33480580	         50.69305051	         12.70662757	         86.51662706	         86.51662706	          0.07599504	          0.05000037	          0.05000021	          0.45612488	          0.09749128	          0.05000148	          0.05009350	          0.12094857	          0.05001005	          0.15508703	          0.19054638	          0.14009792	          0.20683320	          0.05000308	          0.05000168	          0.05000026	          0.41389842	          0.29904787	          0.25589105	          0.05000117	          0.05000034	          0.05000014	          0.08977280	          0.09001773	          0.05000079	          0.05000290	          0.05000061	          0.06027359	          0.05000009	          0.05000009	          0.05000006	          0.05000005	          0.05000012	          0.05000001	          0.05000056	          0.12831050	          0.06333733	          0.28742425	          0.05000031	          0.05000013	          0.30721147	          0.32306341	          0.32324707	          0.11972599	          0.05000045	          0.05000017	          0.66571433	          0.40376465	          0.32807908	          0.50130805	          0.48888834	          0.49626854	          0.05827496	          0.07305374	          0.07347506	          0.05000016	          0.05000041	          0.05000042	          0.05000147	          0.06384876	          0.15930191	          0.18390326	          0.05000067	          0.05000229	          0.05000097	          0.26143487	          0.16462504	          0.16254343	          0.05000008	          0.05000008	          0.05000140	          0.05000232	          0.24162909	          0.05000104	          0.26915910	          0.30678744	          0.23508339	          0.25088217	          0.18114899	          0.19486475	          0.48908266	          0.05000325	          0.18129385	          0.13596775	          0.21936448	          0.32589570	          0.09954527	          0.22239137	          0.49368261	          0.09352555	          0.05000012	          0.05000014	
          1.30635495	         -2.74503027	         -2.32841621	          5.80135235	          1.76290650	          0.92269325	          0.00235218	          3.58896646	         -1.60950311	          3.91913008	         14.61654429	          8.58210182	          4.63407207	        -53.30231286	        -20.88143121	         -5.47596602	          2.45649653	          8.55321866	        -10.70486743	          0.68843249	          5.43591807	          1.98106779	         -1.26611663	         -3.05625738	          2.34059805	         -2.28403216	         -0.47191259	        -13.45034259	         19.34214267	         -8.28873583	        -13.46843484	         14.30176653	         50.94918093	         12.79295746	         86.51662706	         86.51662706	          0.06978637	          0.05000038	          0.05000020	          0.38607700	          0.08253633	          0.05000150	          0.05003376	          0.10237416	          0.05000235	          0.15936703	          0.18170512	          0.13645355	          0.19862835	          0.05000257	          0.05000157	          0.05000026	          0.38932234	          0.28889854	          0.24616334	          0.05000102	          0.05000030	          0.05000014	          0.08619681	          0.08616250	          0.05000069	          0.05000282	          0.05000064	          0.06059136	          0.05000012	          0.05000012	          0.05000009	          0.05000075	          0.05000145	          0.05000011	          0.05000022	          0.10860541	          0.05361082	          0.29348722	          0.05000039	          0.05000016	          0.34971619	          0.32127718	          0.35352423	          0.11535832	          0.05000036	          0.05000018	          0.61254946	          0.37751668	          0.31713130	          0.49304387	          0.49988683	          0.51343303	          0.05579239	          0.06508553	          0.07237257	          0.05000015	          0.05000043	          0.05000036	          0.05000112	          0.05406189	          0.13484092	          0.17695884	          0.05000076	          0.05000197	          0.05000086	          0.25598330	          0.16069793	          0.15764502	          0.05000008	          0.05000008	          0.05000137	          0.05000269	          0.27292386	          0.05000223	          0.23403505	          0.25967318	          0.19898115	          0.28098284	          0.22462172	          0.19619491	          0.49493834	          0.05000352	          0.20174365	          0.11508665	          0.27537574	          0.35318889	          0.08425779	          0.18823797	          0.49721315	          0.09142249	          0.05000014	          0.05000014	
          1.31724124	         -2.74260874	         -2.24302104	          5.68459639	          1.77651774	          0.92479491	          0.00251394	          5.47348471	         -1.56811192	          3.54877325	         13.11225150	          8.56099298	          5.02696464	        -54.58432944	        -19.80788708	         -4.45220254	          2.33808620	          7.91327820	        -10.60683030	          1.26773227	          5.51464334	         -0.02318464	         -0.81897539	         -3.09098082	          2.29080593	         -2.23815172	         -0.50028246	        -13.45049130	         19.31858714	         -8.09072191	        -13.47371087	         14.25353403	         51.08605949	         12.88420276	         86.51662706	         86.51662706	          0.05907120	          0.05000040	          0.05000022	          0.32678606	          0.06986379	          0.05000155	          0.05002898	          0.08665225	          0.05000172	          0.17432307	          0.17817869	          0.13383798	          0.19259026	          0.05000245	          0.05000148	          0.05000025	          0.36391473	          0.27784150	          0.24807607	          0.05000091	          0.05000027	          0.05000013	          0.08185425	          0.08203623	          0.05000070	          0.05000272	          0.05000067	          0.05805235	          0.05000014	          0.05000014	          0.05000010	          0.05000107	          0.05908150	          0.05013855	          0.05000018	          0.09192649	          0.05000072	          0.29984965	          0.05000037	          0.05000016	          0.40475918	          0.32406355	          0.41502987	          0.11044788	          0.05000036	          0.05000019	          0.55968491	          0.35102639	          0.30425956	          0.47527513	          0.49979200	          0.52144752	          0.05678683	          0.06156130	          0.07104956	          0.05000017	          0.05000049	          0.05000033	          0.05000089	          0.05002738	          0.11413498	          0.16383920	          0.05000093	          0.05000183	          0.05000087	          0.24418782	          0.15251314	          0.14700884	          0.05000009	          0.05000009	          0.05000141	          0.05000325	          0.29724800	          0.05000313	          0.19813646	          0.21979437	          0.16842312	          0.31006652	          0.26674813	          0.19393493	          0.49823033	          0.05000421	          0.21830059	          0.09741234	          0.32500840	          0.37657397	          0.07131807	          0.15932964	          0.49923535	          0.08854025	          0.05000015	          0.05000015	
          1.32812754	         -2.74026909	         -2.14868238	          5.54531836	          1.78997470	          0.92682416	          0.00265894	          7.34340414	         -1.51872942	          3.18009035	         11.60059491	          8.51041228	          5.40130958	        -55.64130996	        -18.68835916	         -3.39426071	          2.16557634	          7.25853035	        -10.50513997	          1.76441403	          5.56341940	         -1.66206398	         -0.35259211	         -3.13221175	          2.23633961	         -2.18257567	         -0.49935901	        -13.45035318	         19.29623688	         -7.82775366	        -13.47801467	         14.19773570	         51.09682233	         12.97116020	         86.51662706	         86.51662706	          0.05000100	          0.05000042	          0.05000029	          0.27660048	          0.05913598	          0.05000174	          0.05002842	          0.07334481	          0.05000171	          0.19121075	          0.17807551	          0.12871944	          0.19112072	          0.05000296	          0.05000149	          0.05000025	          0.33966490	          0.26228305	          0.24937550	          0.05000093	          0.05000029	          0.05000015	          0.07615873	          0.07785781	          0.05000161	          0.05000723	          0.05000097	          0.05476921	          0.05000016	          0.05000016	          0.05000012	          0.06074397	          0.05000829	          0.05000001	          0.05000015	          0.07780902	          0.05000022	          0.31076195	          0.05907104	          0.05000018	          0.43120441	          0.32622622	          0.49202046	          0.10594610	          0.05000061	          0.05000019	          0.50995657	          0.32609436	          0.29218790	          0.45608398	          0.49437200	          0.52246323	          0.05893898	          0.05996903	          0.06869455	          0.05000021	          0.05000058	          0.05000031	          0.05000074	          0.05001553	          0.09660847	          0.14551227	          0.05000120	          0.05000172	          0.05000093	          0.22819616	          0.14129558	          0.13067873	          0.05000010	          0.05000010	          0.05000141	          0.05000415	          0.31396979	          0.05000269	          0.16770985	          0.18603992	          0.14255803	          0.33771028	          0.30592709	          0.18894808	          0.49966955	          0.05000523	          0.23030209	          0.08245235	          0.36507082	          0.39512400	          0.06036558	          0.13486087	          0.49987771	          0.08554335	          0.05000013	          0.05000017	
          1.33901383	         -2.73777055	         -2.04969035	          5.38501976	          1.80328292	          0.92873689	          0.00278953	          9.19338043	         -1.46437662	          2.81518526	         10.09434837	          8.43882681	          5.76060273	        -56.47766489	        -17.54713298	         -2.31561671	          1.94715119	          6.60107599	        -10.41581897	          2.14409388	          5.58058035	         -2.88289067	          0.14065131	         -3.18010860	          2.18188785	         -2.11819358	         -0.46692272	        -13.45013648	         19.27834552	         -7.50031976	        -13.48136975	         14.13989418	         50.97671405	         13.04930431	         86.51662706	         86.51662706	          0.05000119	          0.05000043	          0.05000028	          0.23412208	          0.05005809	          0.05000176	          0.05000663	          0.06208103	          0.05000066	          0.18166660	          0.15077212	          0.12548355	          0.19295128	          0.05000290	          0.05000146	          0.05000025	          0.31593093	          0.25044758	          0.21108329	          0.05000082	          0.05000026	          0.05000015	          0.07478535	          0.07684594	          0.05000122	          0.05000751	          0.05000119	          0.05286531	          0.05000030	          0.05000029	          0.05000020	          0.05141538	          0.05000030	          0.05307819	          0.05000017	          0.06585976	          0.05000144	          0.28096910	          0.05000015	          0.05000041	          0.47474661	          0.34021316	          0.50489456	          0.10245194	          0.05000095	          0.05000019	          0.46839159	          0.30659368	          0.28403369	          0.44021470	          0.49054335	          0.52423146	          0.05999999	          0.05683614	          0.06574415	          0.05000027	          0.05000076	          0.05000032	          0.05000068	          0.05001095	          0.08177358	          0.12736571	          0.05000169	          0.05000174	          0.05000102	          0.21057349	          0.12821427	          0.11268951	          0.05000012	          0.05000013	          0.05000147	          0.05000605	          0.32594171	          0.05000321	          0.14195654	          0.15746938	          0.12066532	          0.36374564	          0.34297809	          0.18202588	          0.50000292	          0.05000592	          0.23848886	          0.06978982	          0.39320893	          0.40834253	          0.05109520	          0.11414987	          0.49880450	          0.08403188	          0.05000012	          0.05000018	
          1.34990012	         -2.73491420	         -1.94906280	          5.20508100	          1.81645857	          0.93050113	          0.00290831	         11.01023116	         -1.40810538	          2.45930548	          8.60077154	          8.35243071	          6.10642653	        -57.07369363	        -16.40019825	         -1.27798874	          1.68752293	          5.95317482	        -10.34979150	          2.35247006	          5.57103204	         -3.67224600	          0.66331430	         -3.23350910	          2.13045226	         -2.04568401	         -0.40271625	        -13.44983423	         19.26742808	         -7.11167358	        -13.48340642	         14.08423142	         50.72130724	         13.11760984	         86.51662706	         86.51662706	          0.05000082	          0.05000045	          0.05000032	          0.19816722	          0.05000617	          0.05000171	          0.05001031	          0.05254716	          0.05000061	          0.20765611	          0.16459035	          0.12770241	          0.17606685	          0.05000291	          0.05000144	          0.05000027	          0.29396796	          0.24020688	          0.18969934	          0.05000078	          0.05000026	          0.05000016	          0.07151157	          0.07458853	          0.05000138	          0.05001089	          0.05000128	          0.05003538	          0.05000031	          0.05000032	          0.05000024	          0.05000302	          0.05002920	          0.05210454	          0.05000014	          0.05574557	          0.05000040	          0.29208466	          0.07471367	          0.05000045	          0.48637091	          0.32847313	          0.48749498	          0.09813912	          0.05375352	          0.05000018	          0.44013562	          0.29713367	          0.27800081	          0.46170781	          0.50974823	          0.53036139	          0.05902126	          0.05432539	          0.06147919	          0.05000032	          0.05000089	          0.05000031	          0.05000063	          0.05000910	          0.06921739	          0.11166193	          0.05000223	          0.05000168	          0.05000108	          0.20110763	          0.12274862	          0.10250444	          0.05000014	          0.05000014	          0.05000135	          0.05000597	          0.32924171	          0.06060376	          0.12025063	          0.13328701	          0.10213595	          0.38802499	          0.37741752	          0.17332705	          0.50022601	          0.05027071	          0.24562621	          0.05907194	          0.40710146	          0.41569753	          0.05000062	          0.09661955	          0.49791979	          0.08174414	          0.05000011	          0.05000020	
          1.36078641	         -2.73169417	         -1.84870228	          5.00770127	          1.82951359	          0.93209101	          0.00301712	         12.78613400	         -1.35315267	          2.11117477	          7.12257110	          8.25507273	          6.43810434	        -57.43840844	        -15.25495361	         -0.24699989	          1.39264217	          5.31053902	        -10.31315228	          2.42928548	          5.53995480	         -4.16632940	          1.21330090	         -3.29211572	          2.08333111	         -1.96563600	         -0.30646612	        -13.44977567	         19.26544177	         -6.66681839	        -13.48391050	         14.03323895	         50.32968844	         13.18083132	         86.51662706	         86.51662706	          0.05000050	          0.05000046	          0.05000043	          0.16773407	          0.05000253	          0.05000198	          0.05000880	          0.05000050	          0.05000055	          0.22490531	          0.17488056	          0.12558867	          0.16497868	          0.05000263	          0.05000125	          0.05000025	          0.27631467	          0.23305815	          0.16057834	          0.05000080	          0.05000028	          0.05000017	          0.07271299	          0.07626787	          0.05003205	          0.05014461	          0.05000172	          0.05000131	          0.05000030	          0.05000031	          0.05000023	          0.05000003	          0.05000007	          0.05000000	          0.05000019	          0.06052421	          0.05000233	          0.28442141	          0.08844403	          0.05000178	          0.50829602	          0.33490966	          0.50452444	          0.09401336	          0.05705344	          0.05000019	          0.41781477	          0.29144971	          0.27340653	          0.49397836	          0.52816004	          0.52892534	          0.05768117	          0.05054915	          0.05798617	          0.05000035	          0.05000105	          0.05000029	          0.05000056	          0.05000702	          0.05859099	          0.10076903	          0.07837564	          0.05000155	          0.05000104	          0.19741439	          0.12081947	          0.09441605	          0.05000015	          0.05000015	          0.05000121	          0.05000677	          0.32793800	          0.07067887	          0.10974700	          0.11282662	          0.08995531	          0.41080953	          0.40911255	          0.16352371	          0.49964901	          0.05568425	          0.24662222	          0.05000010	          0.41954335	          0.42181486	          0.05000073	          0.08178145	          0.49651401	          0.07983648	          0.05000012	          0.05000022	
          1.37167270	         -2.72825304	         -1.74841415	          4.79453729	          1.84246347	          0.93349387	          0.00311652	         14.51307385	         -1.30015363	          1.77029678	          5.65740628	          8.14772089	          6.75336889	        -57.57958157	        -14.11021295	          0.76656597	          1.06628563	          4.67905961	        -10.30955715	          2.49501430	          5.49464625	         -4.44816444	          1.78202472	         -3.35542652	          2.03954269	         -1.87832836	         -0.17931908	        -13.44998139	         19.27303047	         -6.17226153	        -13.48257802	         13.98803495	         49.80238432	         13.24722502	         86.51662706	         86.51662706	          0.05000079	          0.05000048	          0.05000034	          0.14197468	          0.05000741	          0.05000193	          0.05000535	          0.05000041	          0.05000036	          0.21810438	          0.16819049	          0.12925731	          0.14524102	          0.05000214	          0.05000118	          0.05000025	          0.25853057	          0.22381380	          0.13591849	          0.05000068	          0.05000024	          0.05000016	          0.07537082	          0.07920617	          0.05000127	          0.05001628	          0.05000163	          0.05000144	          0.05000056	          0.05000057	          0.05000045	          0.05000007	          0.05000015	          0.05000002	          0.05000015	          0.05123528	          0.05000130	          0.28938121	          0.09319201	          0.05017385	          0.53924467	          0.34205359	          0.51466728	          0.09054679	          0.05648807	          0.05000020	          0.40194803	          0.28433710	          0.26398551	          0.51455739	          0.53884930	          0.52743243	          0.05503602	          0.05001542	          0.05434091	          0.05000041	          0.05000125	          0.05000029	          0.05000056	          0.05000680	          0.05001144	          0.09184673	          0.11865201	          0.05000156	          0.05000109	          0.18443703	          0.11331678	          0.08685058	          0.05000017	          0.05000017	          0.05000108	          0.05000588	          0.32526491	          0.08018049	          0.10282736	          0.10274704	          0.08496137	          0.43255527	          0.43886620	          0.15223953	          0.49877879	          0.05001609	          0.24466017	          0.05000008	          0.43363135	          0.42673330	          0.05000077	          0.06922221	          0.49842603	          0.07633693	          0.05000013	          0.05000023	
          1.38255899	         -2.72474161	         -1.64800428	          4.56604264	          1.85533182	          0.93470763	          0.00320734	         16.17817145	         -1.25024590	          1.43750729	          4.19979808	          8.03011649	          7.05104185	        -57.48726685	        -12.95984024	          1.74344354	          0.71215602	          4.06046197	        -10.33516463	          2.54349786	          5.43736025	         -4.60203851	          2.36420746	         -3.42204019	          1.99839858	         -1.78436859	         -0.02537043	        -13.45013267	         19.28895657	         -5.63590088	        -13.47940622	         13.94793989	         49.14185758	         13.32813914	         86.51662706	         86.51662706	          0.05000054	          0.05000049	          0.05000043	          0.12017125	          0.05000322	          0.05000201	          0.05000445	          0.05000035	          0.05000028	          0.19286641	          0.18407120	          0.13432176	          0.13068638	          0.05000200	          0.05000108	          0.05000024	          0.24430247	          0.22384285	          0.11504548	          0.05000068	          0.05000026	          0.05000017	          0.07983956	          0.08403474	          0.05000624	          0.05798913	          0.05000211	          0.05000124	          0.05000074	          0.05000079	          0.05000067	          0.05000008	          0.05000017	          0.05000002	          0.05000015	          0.05000082	          0.05000071	          0.29851785	          0.11742928	          0.05000130	          0.55023538	          0.34372298	          0.52821134	          0.08640551	          0.05467300	          0.05000021	          0.38833861	          0.27596641	          0.25207819	          0.53220209	          0.54424575	          0.51807034	          0.05186128	          0.05000803	          0.05125223	          0.05000043	          0.05000138	          0.05000028	          0.05000053	          0.05000613	          0.05001329	          0.08357199	          0.15497914	          0.05000148	          0.05000107	          0.17559694	          0.10921880	          0.07842293	          0.05000018	          0.05000018	          0.05000096	          0.05000572	          0.31745918	          0.08856498	          0.09656596	          0.09626842	          0.08052992	          0.45402528	          0.46831472	          0.14065729	          0.49816392	          0.05000979	          0.24445766	          0.05000010	          0.44176650	          0.42857236	          0.05000086	          0.05859199	          0.48647542	          0.07099521	          0.05000014	          0.05000024	
          1.39344528	         -2.72140391	         -1.54694574	          4.32185914	          1.86814404	          0.93573344	          0.00329037	         17.76503171	         -1.20324238	          1.11482531	          2.74397742	          7.90093428	          7.33042903	        -57.14405950	        -11.79613451	          2.67887310	          0.32671719	          3.46067532	        -10.38534115	          2.56855388	          5.36935236	         -4.69903515	          2.96131595	         -3.49060613	          1.95904178	         -1.68458390	          0.14951195	        -13.45013528	         19.31092124	         -5.06660117	        -13.47477649	         13.90993380	         48.35376503	         13.43837925	         86.51662706	         86.51662706	          0.05000053	          0.05000047	          0.05000041	          0.10171626	          0.05000332	          0.05000187	          0.05000378	          0.05000032	          0.05000023	          0.16324738	          0.19954990	          0.14267767	          0.12007660	          0.05000177	          0.05000097	          0.05000023	          0.23038444	          0.22260140	          0.09737793	          0.05000061	          0.05000024	          0.05000016	          0.08601436	          0.09041680	          0.05000346	          0.09260788	          0.05000229	          0.05000101	          0.05000057	          0.05000060	          0.05000044	          0.05000005	          0.05000012	          0.05000001	          0.05000015	          0.05000116	          0.05000079	          0.30279565	          0.13072889	          0.05012385	          0.56952604	          0.34838077	          0.53306300	          0.08252606	          0.05198249	          0.05000024	          0.37670461	          0.26650663	          0.23894019	          0.54393669	          0.54601367	          0.50888524	          0.05010241	          0.05000622	          0.05001488	          0.05000050	          0.05000163	          0.05000028	          0.05000055	          0.05000590	          0.05001219	          0.07612628	          0.19049224	          0.05000150	          0.05000113	          0.16371489	          0.10445891	          0.07460002	          0.05000020	          0.05000021	          0.05000098	          0.05000561	          0.30898657	          0.09558126	          0.09076998	          0.09055354	          0.07645767	          0.47505946	          0.49760843	          0.12827052	          0.49804990	          0.05000444	          0.24372547	          0.05000010	          0.44682519	          0.42831232	          0.05000108	          0.05000326	          0.45573560	          0.06503994	          0.05000015	          0.05000025	
          1.40433157	         -2.71851270	         -1.44507783	          4.06133166	          1.88092420	          0.93657282	          0.00336667	         19.25718040	         -1.15859460	          0.80422083	          1.28555227	          7.75923632	          7.59121257	        -56.53245479	        -10.61389238	          3.56155524	         -0.09048682	          2.88264281	        -10.45482710	          2.58826293	          5.29030487	         -4.77936586	          3.57200419	         -3.55999660	          1.92108858	         -1.57991503	          0.33873196	        -13.45000845	         19.33587561	         -4.47341886	        -13.46932735	         13.87048302	         47.44620834	         13.59422451	         86.51662706	         86.51662706	          0.05000043	          0.05000048	          0.05000048	          0.08609549	          0.05000240	          0.05000182	          0.05000280	          0.05000027	          0.05000019	          0.13817693	          0.20904930	          0.15152966	          0.11312758	          0.05000197	          0.05000101	          0.05000024	          0.21879865	          0.21456240	          0.08242360	          0.05000064	          0.05000026	          0.05000019	          0.09265467	          0.09793352	          0.05010562	          0.13341696	          0.05000279	          0.05000102	          0.05000079	          0.05000081	          0.05000053	          0.05000008	          0.05000016	          0.05000002	          0.05000015	          0.05000069	          0.05000062	          0.30824131	          0.14622066	          0.05098024	          0.56966321	          0.35000413	          0.53206239	          0.07883687	          0.05000469	          0.05000025	          0.36421398	          0.25611002	          0.22643820	          0.55845280	          0.54526085	          0.49433139	          0.05000954	          0.05000392	          0.05000347	          0.05000051	          0.05000179	          0.05000027	          0.05000051	          0.05000533	          0.05001101	          0.06802539	          0.22308851	          0.05000141	          0.05000109	          0.15589315	          0.10105677	          0.06657798	          0.05000021	          0.05000021	          0.05000084	          0.05000540	          0.29797361	          0.10095866	          0.08661787	          0.08657704	          0.07355195	          0.49570835	          0.52651892	          0.11614614	          0.49820610	          0.05000370	          0.24411169	          0.05000011	          0.44660729	          0.42576464	          0.05000120	          0.05000320	          0.41564575	          0.05956792	          0.05000015	          0.05000025	
          1.41521787	         -2.71634367	         -1.34216487	          3.78390374	          1.89369406	          0.93722641	          0.00343729	         20.64072530	         -1.11507947	          0.50848781	         -0.17844483	          7.60410334	          7.83294744	        -55.64057181	         -9.41014831	          4.37671894	         -0.54230703	          2.33161109	        -10.53927514	          2.60511870	          5.20223046	         -4.86577476	          4.20004119	         -3.62931422	          1.88403265	         -1.47118975	          0.53555960	        -13.44984881	         19.36004808	         -3.86495500	        -13.46369731	         13.82825025	         46.42922636	         13.81087226	         86.51662706	         86.51662706	          0.05000043	          0.05000048	          0.05000048	          0.07287371	          0.05000239	          0.05000182	          0.05000224	          0.05000024	          0.05000016	          0.11695663	          0.22466533	          0.16097557	          0.11735173	          0.05000185	          0.05000097	          0.05000025	          0.20634795	          0.21195682	          0.06976591	          0.05000061	          0.05000026	          0.05000019	          0.09995433	          0.10533500	          0.06405887	          0.14675531	          0.05000327	          0.05000081	          0.05000074	          0.05000076	          0.05000044	          0.05000008	          0.05000017	          0.05000002	          0.05000016	          0.05000059	          0.05000057	          0.31157462	          0.15502352	          0.05311842	          0.56327299	          0.35087916	          0.52321107	          0.07547781	          0.05000066	          0.05000031	          0.35288882	          0.24519062	          0.21243408	          0.55839296	          0.53623956	          0.47758325	          0.05008026	          0.05000547	          0.05000809	          0.05000058	          0.05000206	          0.05000027	          0.05000053	          0.05000520	          0.05001095	          0.06603411	          0.25353374	          0.05000142	          0.05000114	          0.14428432	          0.09658832	          0.06289507	          0.05000023	          0.05000023	          0.05000087	          0.05000527	          0.28401587	          0.10407106	          0.08241132	          0.08265082	          0.07036276	          0.51588610	          0.55498981	          0.10355116	          0.49862127	          0.05000379	          0.24546952	          0.05000012	          0.44270785	          0.42142446	          0.05000138	          0.05000282	          0.37428967	          0.05513698	          0.05000022	          0.05000025	
          1.42610416	         -2.71516183	         -1.23798973	          3.48922568	          1.90647297	          0.93769374	          0.00350315	         21.90509627	         -1.07041985	          0.23041407	         -1.64912896	          7.43515144	          8.05393448	        -54.46375380	         -8.18508313	          5.10375660	         -1.03017253	          1.81224168	        -10.63638242	          2.62098956	          5.10463488	         -4.97002133	          4.85003025	         -3.69783463	          1.84727202	         -1.35881020	          0.73340752	        -13.44972025	         19.37888372	         -3.24884461	        -13.45844420	         13.78600773	         45.31454414	         14.10038427	         86.51662706	         86.51662706	          0.05000043	          0.05000050	          0.05000051	          0.06168253	          0.05000222	          0.05000176	          0.05000174	          0.05000022	          0.05000014	          0.09899520	          0.23974295	          0.17289921	          0.12926551	          0.05000208	          0.05000104	          0.05000027	          0.19551979	          0.20906210	          0.05905236	          0.05000062	          0.05000027	          0.05000021	          0.10977500	          0.11486939	          0.09368071	          0.15114876	          0.05000305	          0.05000066	          0.05000072	          0.05000073	          0.05000038	          0.05000009	          0.05000018	          0.05000003	          0.05000018	          0.05000058	          0.05000058	          0.31257546	          0.15944839	          0.05603478	          0.54468325	          0.35084455	          0.50335044	          0.07266504	          0.05000053	          0.05000034	          0.34011396	          0.23271957	          0.19823181	          0.55028733	          0.52186369	          0.45818091	          0.05007905	          0.05000505	          0.05000679	          0.05000059	          0.05000218	          0.05000027	          0.05000053	          0.05000493	          0.05001075	          0.06199121	          0.28421707	          0.05000139	          0.05000114	          0.13247192	          0.09223178	          0.05863408	          0.05000024	          0.05000023	          0.05000081	          0.05000514	          0.26822579	          0.09599731	          0.07886797	          0.07938832	          0.06753019	          0.53544014	          0.58295100	          0.09117501	          0.49868594	          0.05000365	          0.24691336	          0.05000014	          0.43721414	          0.41594909	          0.05000147	          0.05000233	          0.33150351	          0.05156852	          0.05000028	          0.05000025	
          1.43699045	         -2.71515020	         -1.13254564	          3.17725547	          1.91927793	          0.93797309	          0.00356419	         23.04300184	         -1.02203540	         -0.02895035	         -3.12366483	          7.25267893	          8.25344220	        -53.00369873	         -6.94663247	          5.72112279	         -1.55444121	          1.32952451	        -10.74365321	          2.63832539	          4.99874628	         -5.09593953	          5.52855141	         -3.76486048	          1.81056824	         -1.24325438	          0.92576367	        -13.44972533	         19.38743048	         -2.63103715	        -13.45406796	         13.75056053	         44.11525480	         14.47022174	         86.51662706	         86.51662706	          0.05000043	          0.05000050	          0.05000052	          0.05221030	          0.05000212	          0.05000172	          0.05000128	          0.05000021	          0.05000013	          0.08379218	          0.25085737	          0.18445422	          0.14553643	          0.05000234	          0.05000110	          0.05000029	          0.18588632	          0.19804216	          0.05000182	          0.05000063	          0.05000029	          0.05000023	          0.12102765	          0.12586794	          0.13137378	          0.14754241	          0.05000291	          0.05000058	          0.05000061	          0.05000060	          0.05000030	          0.05000011	          0.05000023	          0.05000004	          0.05000021	          0.05000056	          0.05000058	          0.31204583	          0.16224542	          0.05961560	          0.51551159	          0.35023737	          0.47324710	          0.07116664	          0.05000066	          0.05000045	          0.32705986	          0.22065661	          0.18447959	          0.54799533	          0.50877592	          0.43924610	          0.05114570	          0.05000482	          0.05000544	          0.05000068	          0.05000252	          0.05000027	          0.05000054	          0.05000468	          0.05001066	          0.05605853	          0.31469134	          0.05000140	          0.05000119	          0.12343664	          0.09050603	          0.05692438	          0.05000026	          0.05000026	          0.05000081	          0.05000510	          0.25157766	          0.08125625	          0.07480254	          0.07553848	          0.06420555	          0.55409147	          0.60974067	          0.07945751	          0.49851793	          0.05000287	          0.24849312	          0.05000015	          0.43108152	          0.40958750	          0.05000165	          0.05000213	          0.28983639	          0.05000027	          0.05000027	          0.05000025	
          1.44787674	         -2.71634797	         -1.02632582	          2.84830913	          1.93212611	          0.93806177	          0.00361889	         24.04982247	         -0.96796063	         -0.27062229	         -4.59592099	          7.05752118	          8.43258571	        -51.26682895	         -5.70936021	          6.21155773	         -2.11230877	          0.88652771	        -10.85675399	          2.65748501	          4.88496758	         -5.24348924	          6.24390506	         -3.82923333	          1.77449955	         -1.12508602	          1.10605134	        -13.44980748	         19.38062126	         -2.01586179	        -13.45105724	         13.73231205	         42.84504769	         14.92224955	         86.51662706	         86.51662706	          0.05000046	          0.05000056	          0.05000059	          0.05000182	          0.05000215	          0.05000180	          0.05000085	          0.05000021	          0.05000013	          0.07092395	          0.25879493	          0.19503304	          0.16298222	          0.05000289	          0.05000127	          0.05000033	          0.17687999	          0.18267958	          0.05000198	          0.05000070	          0.05000033	          0.05000027	          0.13462118	          0.13835441	          0.17259815	          0.14827353	          0.05000284	          0.05000045	          0.05000052	          0.05000050	          0.05000024	          0.05000015	          0.05000031	          0.05000006	          0.05000025	          0.05000088	          0.05000085	          0.31071478	          0.16259592	          0.06405375	          0.48332691	          0.34863927	          0.43976036	          0.07002782	          0.05231485	          0.05000061	          0.31344729	          0.21038935	          0.17309039	          0.54789408	          0.49761467	          0.41814459	          0.05888443	          0.05000924	          0.05000837	          0.05000079	          0.05000274	          0.05000027	          0.05000053	          0.05000427	          0.05001023	          0.05138172	          0.34379980	          0.05000135	          0.05000120	          0.10749055	          0.08274218	          0.05535708	          0.05000027	          0.05000026	          0.05000076	          0.05000518	          0.23156766	          0.06877804	          0.06733167	          0.06813043	          0.05862911	          0.57126559	          0.63527968	          0.06878905	          0.49814668	          0.05000229	          0.25105354	          0.05000015	          0.42392283	          0.40224599	          0.05000201	          0.05000203	          0.25406451	          0.05000029	          0.05000023	          0.05000024	
          1.45876303	         -2.71875494	         -0.92008749	          2.50346606	          1.94503419	          0.93795584	          0.00366509	         24.92465460	         -0.90631366	         -0.49578950	         -6.05919859	          6.85075975	          8.59295961	        -49.26606397	         -4.48867428	          6.57030920	         -2.69943276	          0.48347550	        -10.97103451	          2.67913881	          4.76368235	         -5.40761033	          7.00563193	         -3.88966899	          1.73974174	         -1.00458741	          1.26806635	        -13.44983842	         19.35295502	         -1.40655325	        -13.44975997	         13.74385820	         41.51835751	         15.45345904	         86.51662706	         86.51662706	          0.05000045	          0.05000057	          0.05000061	          0.05000236	          0.05000206	          0.05000176	          0.05000054	          0.05000022	          0.05000013	          0.06003198	          0.27457507	          0.20764426	          0.17845090	          0.05000400	          0.05000147	          0.05000036	          0.16787625	          0.17513402	          0.05000200	          0.05000073	          0.05000035	          0.05000031	          0.15208402	          0.15229347	          0.20639774	          0.15508330	          0.05000314	          0.05000039	          0.05000042	          0.05000039	          0.05000019	          0.05000022	          0.05000042	          0.05000010	          0.05000030	          0.05000115	          0.05000108	          0.30886867	          0.16074934	          0.06894071	          0.44980318	          0.35374763	          0.39796236	          0.06859148	          0.06071076	          0.05035019	          0.29916475	          0.19708855	          0.15857354	          0.54380979	          0.48680037	          0.40026490	          0.06704190	          0.05002563	          0.05000707	          0.05000074	          0.05000242	          0.05000027	          0.05000053	          0.05000398	          0.05001004	          0.05003272	          0.37194664	          0.05000135	          0.05000127	          0.09099969	          0.07004352	          0.05005877	          0.05000029	          0.05000030	          0.05000075	          0.05000481	          0.21194820	          0.05821605	          0.05703024	          0.05770567	          0.05007409	          0.58637635	          0.65784476	          0.06005184	          0.49822263	          0.05000264	          0.25712047	          0.05000015	          0.41108185	          0.39273160	          0.05000225	          0.05000163	          0.23386807	          0.05000016	          0.05000031	          0.05000023	
          1.46964932	         -2.72242341	         -0.81452223	          2.14509119	          1.95801700	          0.93764962	          0.00370233	         25.67214823	         -0.83489063	         -0.70359725	         -7.50932741	          6.63332028	          8.73548097	        -47.02337245	         -3.29463289	          6.80605524	         -3.31166053	          0.11839375	        -11.08154555	          2.70299798	          4.63613858	         -5.58514545	          7.82085167	         -3.94534805	          1.70581064	         -0.88155296	          1.40679260	        -13.44993645	         19.29809290	         -0.80634940	        -13.44989106	         13.79511521	         40.14999348	         16.05851019	         86.51662706	         86.51662706	          0.05000043	          0.05000056	          0.05000062	          0.05000202	          0.05000190	          0.05000172	          0.05000036	          0.05000022	          0.05000013	          0.05081283	          0.27924084	          0.22101261	          0.17859153	          0.05000337	          0.05000136	          0.05000036	          0.15672807	          0.18462518	          0.05000205	          0.05000070	          0.05000035	          0.05000030	          0.17086309	          0.16532296	          0.23754143	          0.15717535	          0.05000320	          0.05000034	          0.05000034	          0.05000031	          0.05000016	          0.05000019	          0.05000038	          0.05000009	          0.05000035	          0.05000132	          0.05000124	          0.30773580	          0.15754476	          0.07400372	          0.41852336	          0.36221398	          0.35991002	          0.06888058	          0.06989663	          0.05001470	          0.28624005	          0.18156485	          0.14462317	          0.55686974	          0.48283712	          0.38092655	          0.07489729	          0.05121173	          0.05000576	          0.05230953	          0.05004444	          0.05000033	          0.05000055	          0.05000349	          0.05000806	          0.05000345	          0.39840366	          0.05000169	          0.05000177	          0.07703146	          0.05928982	          0.05000576	          0.05000060	          0.05000057	          0.05000084	          0.05000616	          0.18992911	          0.05000075	          0.05000321	          0.05000319	          0.05000257	          0.59954349	          0.67857699	          0.05355553	          0.49723864	          0.05000252	          0.26300794	          0.05000023	          0.39912123	          0.38394730	          0.05000193	          0.05000165	          0.22379121	          0.05000022	          0.05000027	          0.05000025	
          1.48053561	         -2.72734232	         -0.71018654	          1.77642668	          1.97109193	          0.93713665	          0.00373106	         26.30073475	         -0.75204007	         -0.89415357	         -8.94552794	          6.40565237	          8.86214041	        -44.56911091	         -2.13193912	          6.94044821	         -3.94436035	         -0.21167280	        -11.18350331	          2.72930831	          4.50368423	         -5.76947835	          8.69181230	         -3.99513188	          1.67142971	         -0.75603351	          1.51753666	        -13.45020083	         19.20870027	         -0.21896252	        -13.45063889	         13.89038666	         38.75369766	         16.73067251	         86.51662706	         86.51662706	          0.05000046	          0.05000057	          0.05000061	          0.05000219	          0.05000196	          0.05000169	          0.05000025	          0.05000022	          0.05000013	          0.05000054	          0.28460286	          0.23059830	          0.19795712	          0.05000509	          0.05000169	          0.05000044	          0.14431183	          0.17414104	          0.05000202	          0.05000073	          0.05000037	          0.05000035	          0.18566777	          0.17533805	          0.26791354	          0.15410120	          0.05000296	          0.05000029	          0.05000032	          0.05000029	          0.05000014	          0.05000022	          0.05000044	          0.05000012	          0.05000044	          0.05000159	          0.05000153	          0.30879985	          0.15455134	          0.08024124	          0.38433830	          0.37290322	          0.32962990	          0.06815980	          0.07813225	          0.05223464	          0.27741539	          0.16991549	          0.12867099	          0.55418502	          0.47108638	          0.36885465	          0.07559640	          0.05011003	          0.05000538	          0.12781329	          0.05002263	          0.05000035	          0.05000060	          0.05000345	          0.05000870	          0.05000453	          0.42320588	          0.05000184	          0.05000180	          0.06521062	          0.05019064	          0.05000755	          0.05000073	          0.05000068	          0.05000076	          0.05000489	          0.16080684	          0.05000086	          0.05000502	          0.05000502	          0.05000388	          0.60937636	          0.69358698	          0.05125667	          0.49594723	          0.05000227	          0.27120805	          0.05000018	          0.39114961	          0.37534445	          0.05000289	          0.05000151	          0.23322755	          0.05000021	          0.05000030	          0.05000025	
          1.49142190	         -2.73349226	         -0.60746959	          1.40047305	          1.98426828	          0.93641062	          0.00375140	         26.82482239	         -0.65538865	         -1.06716641	        -10.35663347	          6.16915217	          8.97541473	        -41.94760705	         -1.02513507	          7.00118159	         -4.58418980	         -0.51119597	        -11.26846373	          2.75835828	          4.36995852	         -5.94988926	          9.61843519	         -4.03910085	          1.63527132	         -0.62800345	          1.59731035	        -13.45043023	         19.07668204	          0.35340372	        -13.45152144	         14.03097573	         37.34191745	         17.46265029	         86.51662706	         86.51662706	          0.05000046	          0.05000063	          0.05000072	          0.05000197	          0.05000188	          0.05000174	          0.05000017	          0.05000022	          0.05000012	          0.05000049	          0.30207027	          0.23740890	          0.21479541	          0.05001445	          0.05000222	          0.05000050	          0.13537310	          0.15800666	          0.05000180	          0.05000085	          0.05000045	          0.05000044	          0.20014644	          0.18494354	          0.28986818	          0.14624801	          0.05000315	          0.05000029	          0.05000033	          0.05000030	          0.05000014	          0.05000030	          0.05000059	          0.05000023	          0.05000055	          0.05000179	          0.05000176	          0.31149305	          0.15277763	          0.08670214	          0.35171202	          0.38513243	          0.30527158	          0.06720783	          0.08829103	          0.05357200	          0.26898091	          0.15994282	          0.11581003	          0.56759107	          0.46855009	          0.35119211	          0.07247329	          0.05004731	          0.05000203	          0.20303637	          0.08507944	          0.05000037	          0.05000056	          0.05000294	          0.05000758	          0.05000315	          0.44681855	          0.05000186	          0.05000200	          0.05522051	          0.05001874	          0.05000683	          0.05000129	          0.05000098	          0.05000077	          0.05000507	          0.13611402	          0.05000075	          0.05000350	          0.05000349	          0.05000292	          0.61714795	          0.70722049	          0.05200757	          0.49467700	          0.05000271	          0.28310845	          0.05000020	          0.37899780	          0.36553844	          0.05000283	          0.05000145	          0.24502180	          0.05000018	          0.05000024	          0.05000024	
          1.50230820	         -2.74084479	         -0.50629477	          1.02061724	          1.99755660	          0.93546889	          0.00376298	         27.26202654	         -0.54287268	         -1.22312579	        -11.73344701	          5.92478731	          9.07744551	        -39.21160224	          0.00554552	          7.01213124	         -5.21372565	         -0.78450468	        -11.32983522	          2.78958723	          4.23257819	         -6.11765655	         10.59217934	         -4.07735704	          1.59544276	         -0.49740668	          1.64399858	        -13.45041285	         18.89473137	          0.90778086	        -13.45210897	         14.21493248	         35.92531622	         18.24778289	         86.51662706	         86.51662706	          0.05000047	          0.05000066	          0.05000076	          0.05000201	          0.05000191	          0.05000176	          0.05000015	          0.05000024	          0.05000013	          0.05000051	          0.26131483	          0.24046695	          0.22127304	          0.05006147	          0.05000266	          0.05000054	          0.12107012	          0.14739495	          0.05000200	          0.05000090	          0.05000049	          0.05000050	          0.21183720	          0.19203873	          0.30296225	          0.14668132	          0.05000308	          0.05000027	          0.05000030	          0.05000028	          0.05000013	          0.05000024	          0.05000047	          0.05000016	          0.05000069	          0.05000241	          0.05000232	          0.31495491	          0.15072127	          0.09257055	          0.32232832	          0.39838646	          0.28442030	          0.06573221	          0.09566934	          0.05748894	          0.26610491	          0.15389428	          0.10624986	          0.58108550	          0.47036663	          0.33630294	          0.06948953	          0.05015361	          0.05000152	          0.27201691	          0.12969623	          0.05000040	          0.05000057	          0.05000266	          0.05000719	          0.05000281	          0.46813447	          0.05000206	          0.05000228	          0.05005342	          0.05001395	          0.05000609	          0.05000587	          0.07315273	          0.05000075	          0.05000474	          0.11521190	          0.05000067	          0.05000307	          0.05000306	          0.05000260	          0.62207953	          0.71693293	          0.05598886	          0.49322994	          0.05000487	          0.29779108	          0.05000022	          0.36543637	          0.35631667	          0.05000308	          0.05000157	          0.25794047	          0.05000018	          0.05000023	          0.05000024	
          1.51319449	         -2.74944594	         -0.40632401	          0.63958359	          2.01096950	          0.93431654	          0.00376542	         27.62618704	         -0.41256463	         -1.36177807	        -13.06582176	          5.67334052	          9.16922852	        -36.40639440	          0.93801221	          6.99209544	         -5.81709556	         -1.03679812	        -11.35869255	          2.82209616	          4.09322470	         -6.26861613	         11.60228490	         -4.10993723	          1.55007638	         -0.36426451	          1.65543446	        -13.44997942	         18.65651887	          1.44094301	        -13.45214645	         14.43859243	         34.51334991	         19.08019795	         86.51662706	         86.51662706	          0.05000050	          0.05000070	          0.05000082	          0.05000202	          0.05000193	          0.05000182	          0.05000016	          0.05000029	          0.05000016	          0.05000061	          0.22142945	          0.23965537	          0.22097622	          0.06729762	          0.05000380	          0.05000068	          0.10248148	          0.14104090	          0.05000252	          0.05000099	          0.05000055	          0.05000062	          0.21505635	          0.19265436	          0.30784894	          0.12604727	          0.05000295	          0.05000022	          0.05000028	          0.05000025	          0.05000012	          0.05000025	          0.05000051	          0.05000017	          0.05000081	          0.05000288	          0.05000273	          0.31915830	          0.14946243	          0.09827991	          0.29498507	          0.41192528	          0.26587357	          0.06245285	          0.10200068	          0.06602588	          0.27157214	          0.15621524	          0.09970050	          0.59039244	          0.47127719	          0.33131929	          0.07713022	          0.05640975	          0.05000241	          0.32660459	          0.14371821	          0.05000040	          0.05000058	          0.05000239	          0.05000689	          0.05000310	          0.48698034	          0.05000210	          0.05000225	          0.05003838	          0.05001058	          0.05000591	          0.05000607	          0.13811472	          0.05000070	          0.05000423	          0.09751940	          0.05000055	          0.05000318	          0.05000318	          0.05000271	          0.62434296	          0.72298491	          0.06399771	          0.49149274	          0.06347346	          0.31532685	          0.05000019	          0.35304007	          0.34819659	          0.05000370	          0.05000162	          0.27140629	          0.05000017	          0.05000026	          0.05000027	
          1.52408078	         -2.75947940	         -0.30680839	          0.25933842	          2.02451749	          0.93296725	          0.00375883	         27.92711420	         -0.26238291	         -1.48226790	        -14.33930400	          5.41576648	          9.25077792	        -33.56767722	          1.74277663	          6.95394245	         -6.37546306	         -1.27287462	        -11.34413726	          2.85478934	          3.95256293	         -6.40088841	         12.63797374	         -4.13756944	          1.49710292	         -0.22880733	          1.62991293	        -13.44974795	         18.35903194	          1.94986746	        -13.45145981	         14.69705951	         33.11529160	         19.95562528	         86.51662706	         86.51662706	          0.05000052	          0.05000072	          0.05000081	          0.05000216	          0.05000200	          0.05000184	          0.05000018	          0.05000036	          0.05000019	          0.05000090	          0.18743309	          0.23674605	          0.22038175	          0.09301540	          0.05000474	          0.05000076	          0.08674463	          0.13651009	          0.05000374	          0.05000100	          0.05000057	          0.05000066	          0.21343805	          0.18980955	          0.30480817	          0.11224168	          0.05000314	          0.05000020	          0.05000026	          0.05000023	          0.05000012	          0.05000032	          0.05000063	          0.05000018	          0.05000089	          0.05000354	          0.05000318	          0.32385890	          0.14895317	          0.10345721	          0.27044560	          0.42531731	          0.24998252	          0.05889010	          0.10851551	          0.07486401	          0.27905524	          0.16135141	          0.09074300	          0.59721298	          0.47525146	          0.32650868	          0.08141596	          0.06238543	          0.05000260	          0.37021048	          0.14493549	          0.05000040	          0.05000057	          0.05000211	          0.05000647	          0.05000300	          0.50474698	          0.05000213	          0.05000231	          0.05003404	          0.05001060	          0.05000602	          0.05021653	          0.21311102	          0.05000067	          0.05000411	          0.08254375	          0.05000047	          0.05000311	          0.05000310	          0.05000265	          0.62411095	          0.72648358	          0.07592955	          0.49019065	          0.12214235	          0.33686776	          0.05000025	          0.33982355	          0.33944639	          0.05000286	          0.05000167	          0.28962564	          0.05000018	          0.05000026	          0.05000029	
          1.53496707	         -2.77111289	         -0.20681666	         -0.11816306	          2.03821349	          0.93144179	          0.00374342	         28.17114514	         -0.09020151	         -1.58393251	        -15.54073073	          5.15265287	          9.32156433	        -30.72349046	          2.39306250	          6.90734945	         -6.87087780	         -1.49693549	        -11.27273977	          2.88700836	          3.80977086	         -6.51413399	         13.69024408	         -4.16100068	          1.43422725	         -0.09132276	          1.56591016	        -13.45194618	         18.00677008	          2.42995857	        -13.45030729	         14.98517953	         31.74159280	         20.87303552	         86.51662706	         86.51662706	          0.05000051	          0.05000070	          0.05000077	          0.05000210	          0.05000191	          0.05000171	          0.05000024	          0.05000054	          0.05000028	          0.05000217	          0.15864984	          0.23495848	          0.22546603	          0.13502833	          0.05000561	          0.05000084	          0.07342386	          0.13135807	          0.05001446	          0.05000100	          0.05000058	          0.05000077	          0.20504613	          0.18291775	          0.29816481	          0.09507421	          0.05000267	          0.05000018	          0.05000024	          0.05000021	          0.05000011	          0.05000024	          0.05000050	          0.05000012	          0.05000104	          0.05000413	          0.05000386	          0.32855002	          0.14784928	          0.10774938	          0.25125533	          0.43848574	          0.23766800	          0.05553451	          0.11694719	          0.08750851	          0.28803732	          0.15753379	          0.07681008	          0.58786943	          0.46700471	          0.30782862	          0.08098018	          0.06831726	          0.05000249	          0.40093562	          0.14275367	          0.05000039	          0.05000056	          0.05000192	          0.05000625	          0.05000330	          0.52030413	          0.05000210	          0.05000217	          0.05003036	          0.05001061	          0.05000623	          0.05676038	          0.29346842	          0.05000062	          0.05000348	          0.06986780	          0.05000048	          0.05000336	          0.05000334	          0.05000286	          0.62097277	          0.72580181	          0.09150197	          0.48730706	          0.15788991	          0.35721651	          0.05000017	          0.29065392	          0.33508139	          0.05000400	          0.05000214	          0.30829484	          0.05000018	          0.05000026	          0.05000030	
          1.54585336	         -2.78452510	         -0.10551786	         -0.49069826	          2.05207031	          0.92976563	          0.00372003	         28.36240215	          0.10648994	         -1.66644005	        -16.65688066	          4.88389974	          9.38249637	        -27.89772303	          2.86243035	          6.86340017	         -7.28611738	         -1.71330183	        -11.12410326	          2.91828817	          3.66462154	         -6.60838320	         14.75367121	         -4.18142199	          1.35880688	          0.04774971	          1.46211718	        -13.46064638	         17.61220276	          2.87524881	        -13.44970879	         15.29997635	         30.40515737	         21.83530010	         86.51662706	         86.51662706	          0.05000061	          0.05000078	          0.05000085	          0.05000223	          0.05000204	          0.05000189	          0.05000040	          0.05000077	          0.05000036	          0.05217725	          0.13428601	          0.21845695	          0.22716942	          0.17619417	          0.06408019	          0.05000518	          0.06214876	          0.11123501	          0.10123668	          0.05000112	          0.05000068	          0.05000122	          0.19127579	          0.17339302	          0.28305574	          0.08049505	          0.05000266	          0.05000017	          0.05000024	          0.05000022	          0.05000012	          0.05000063	          0.05000117	          0.05000031	          0.05000093	          0.05000214	          0.05000236	          0.33350604	          0.14941846	          0.11218041	          0.23469579	          0.45036031	          0.22933121	          0.05005007	          0.12645700	          0.10248152	          0.29822714	          0.15446537	          0.06501606	          0.59145040	          0.46083095	          0.29280020	          0.09841746	          0.07793215	          0.05000665	          0.35242354	          0.13909703	          0.05000042	          0.05000059	          0.05000181	          0.05000608	          0.05000334	          0.53488389	          0.05000234	          0.05000242	          0.05002170	          0.05000841	          0.05000575	          0.09634462	          0.37947762	          0.05000058	          0.05000302	          0.05913865	          0.05000032	          0.05000296	          0.05000293	          0.05000257	          0.61525859	          0.72286990	          0.10970866	          0.48632722	          0.21818924	          0.38814421	          0.05000015	          0.24601730	          0.32761906	          0.05000738	          0.05000498	          0.32258862	          0.05000016	          0.05000025	          0.05000030	
          1.55673965	         -2.79986715	         -0.00201050	         -0.85626658	          2.06610350	          0.92796768	          0.00368902	         28.50517376	          0.33027935	         -1.72993142	        -17.67972390	          4.60759275	          9.43400331	        -25.12085865	          3.13612652	          6.83074856	         -7.61121216	         -1.92586209	        -10.87544418	          2.95134180	          3.51028430	         -6.67961614	         15.83087994	         -4.20007830	          1.26805914	          0.18814170	          1.31666048	        -13.47991695	         17.19017063	          3.27810110	        -13.45229307	         15.64354273	         29.11980165	         22.84958862	         86.51662706	         86.51662706	          0.05000081	          0.05000130	          0.05000160	          0.05000275	          0.05000264	          0.05000257	          0.05000205	          0.05000802	          0.05441271	          0.06721912	          0.11366360	          0.18868496	          0.20290642	          0.18632772	          0.11692130	          0.07133534	          0.05260588	          0.09416901	          0.17398735	          0.05000258	          0.05000194	          0.06870443	          0.17523829	          0.16319503	          0.25258120	          0.06816568	          0.05000413	          0.05000016	          0.05000026	          0.05000023	          0.05000013	          0.05000182	          0.05000285	          0.05000040	          0.05000099	          0.05000276	          0.05000287	          0.33702489	          0.14914442	          0.11711420	          0.22072902	          0.46351782	          0.22343060	          0.05000015	          0.12957016	          0.11289263	          0.30795149	          0.16159531	          0.05512148	          0.59825339	          0.46239398	          0.28475191	          0.10716228	          0.08315327	          0.05051593	          0.29830206	          0.12463559	          0.05000035	          0.05000051	          0.05000149	          0.05000546	          0.05000381	          0.54841671	          0.05000177	          0.05000225	          0.05003096	          0.05001236	          0.05000673	          0.15419818	          0.46935721	          0.05000051	          0.05000289	          0.05005778	          0.05000027	          0.05000244	          0.05000241	          0.05000218	          0.60621475	          0.71534572	          0.13157348	          0.48415566	          0.27326224	          0.42076016	          0.05000021	          0.20823557	          0.31464078	          0.05000191	          0.05000472	          0.32806769	          0.05000010	          0.05000061	          0.05000187	
          1.56762594	         -2.81696539	          0.10512992	         -1.21417567	          2.08034023	          0.92608327	          0.00365183	         28.60014221	          0.58335337	         -1.77421847	        -18.60231445	          4.32140194	          9.47355319	        -22.43257696	          3.20052925	          6.81004207	         -7.84613255	         -2.13718872	        -10.50475486	          2.98640398	          3.34485895	         -6.72319194	         16.92588906	         -4.21589593	          1.15899501	          0.32904495	          1.12507270	        -13.51173947	         16.74972868	          3.63045574	        -13.46164020	         16.02723280	         27.89637942	         23.92231416	         86.51662706	         86.51662706	          0.05000077	          0.05000116	          0.05000143	          0.05000263	          0.05000247	          0.05000239	          0.05000432	          0.05596087	          0.12039544	          0.06438925	          0.09620833	          0.17330743	          0.19237750	          0.19363824	          0.14298925	          0.09313005	          0.05000342	          0.07976260	          0.19445915	          0.05000227	          0.05000198	          0.09022455	          0.15989894	          0.15353549	          0.21379567	          0.05771959	          0.05000318	          0.05000017	          0.05000030	          0.05000027	          0.05000016	          0.05000037	          0.05000079	          0.05000017	          0.05000155	          0.05030446	          0.05001111	          0.33932554	          0.14866138	          0.12245849	          0.20715802	          0.47472305	          0.22208800	          0.05000029	          0.12719816	          0.12082994	          0.31666182	          0.16659409	          0.05197106	          0.58761338	          0.45766239	          0.26482935	          0.09071625	          0.07729104	          0.05000670	          0.25249090	          0.14108600	          0.05000040	          0.05000055	          0.05000141	          0.05000510	          0.05000327	          0.56067936	          0.05000220	          0.05000245	          0.05002341	          0.05000876	          0.05000553	          0.25798037	          0.55841978	          0.05000054	          0.05000295	          0.05000434	          0.06745911	          0.05000245	          0.05000241	          0.05000221	          0.59387124	          0.70368971	          0.15659967	          0.47824633	          0.31499117	          0.44922712	          0.05000023	          0.17625611	          0.28385717	          0.05000128	          0.05000223	          0.31295717	          0.05000013	          0.05000049	          0.05000167	
          1.57851223	         -2.83529649	          0.21698082	         -1.56538257	          2.09481111	          0.92415608	          0.00360711	         28.64693238	          0.86790791	         -1.79872521	        -19.41087873	          4.02410722	          9.49790242	        -19.89458420	          3.02966028	          6.80537367	         -7.99273256	         -2.35096198	         -9.98979057	          3.01960689	          3.16888813	         -6.74301368	         18.03708143	         -4.22685637	          1.03046247	          0.46982507	          0.88202030	        -13.55268065	         16.28366595	          3.92610768	        -13.48250911	         16.47047495	         26.73978835	         25.05578903	         86.51662706	         86.51662706	          0.05000119	          0.05000156	          0.05000159	          0.05000335	          0.05000315	          0.05000287	          0.05884740	          0.05991082	          0.18023998	          0.05451530	          0.08143376	          0.17128317	          0.18697440	          0.19347958	          0.16058070	          0.11246455	          0.05000437	          0.07212160	          0.18990388	          0.05000316	          0.05000287	          0.10393197	          0.14319180	          0.14180297	          0.18096357	          0.05002174	          0.05000234	          0.05000019	          0.05000036	          0.05000032	          0.05000020	          0.05000008	          0.05000019	          0.05000004	          0.05000178	          0.05283286	          0.05006454	          0.34149154	          0.15036184	          0.12567283	          0.20436551	          0.48554867	          0.22403972	          0.05000031	          0.12722736	          0.12690345	          0.32927886	          0.16391665	          0.05001844	          0.56760093	          0.44595619	          0.22420668	          0.07678807	          0.06544701	          0.05000251	          0.21371499	          0.16524081	          0.05000041	          0.05000056	          0.05000135	          0.05000505	          0.05000355	          0.57163101	          0.05000219	          0.05000231	          0.05002168	          0.05000933	          0.05000590	          0.35442641	          0.64203101	          0.05000056	          0.05000306	          0.05000487	          0.09584969	          0.05000263	          0.05000260	          0.05000238	          0.57794412	          0.68839543	          0.18572650	          0.47008202	          0.35114319	          0.47562501	          0.05000014	          0.14918785	          0.24307185	          0.05000087	          0.05000141	          0.26489736	          0.05000011	          0.05000047	          0.05000061	
          1.58939853	         -2.85422345	          0.33370725	         -1.91067580	          2.10954684	          0.92223264	          0.00355162	         28.64722636	          1.18549373	         -1.80363400	        -20.09322970	          3.71475710	          9.50500051	        -17.58242686	          2.60211895	          6.83000981	         -8.06121914	         -2.57170240	         -9.30952779	          3.04517021	          2.97912496	         -6.74155101	         19.16782856	         -4.23075828	          0.88268992	          0.60999545	          0.58293731	        -13.59246541	         15.75629705	          4.16074030	        -13.52002663	         16.99877073	         25.64780354	         26.24638115	         86.51662706	         86.51662706	          0.05000331	          0.05000156	          0.05000100	          0.05001513	          0.05000571	          0.05000288	          0.08371060	          0.05072199	          0.22439595	          0.05000259	          0.06892841	          0.17695449	          0.19373878	          0.19729262	          0.17134351	          0.12624782	          0.05000322	          0.08138824	          0.16077053	          0.05000199	          0.05000146	          0.11150375	          0.12142560	          0.12711459	          0.15317340	          0.05000486	          0.05000156	          0.05000024	          0.05000052	          0.05000047	          0.05000030	          0.05000157	          0.05000262	          0.05026043	          0.05000100	          0.05000203	          0.05000233	          0.34455417	          0.15723743	          0.12887933	          0.19308475	          0.49378472	          0.22373419	          0.05000079	          0.12818830	          0.12943153	          0.34558410	          0.15028515	          0.05000207	          0.55515697	          0.41997260	          0.18977754	          0.06499800	          0.05546275	          0.05000180	          0.18089400	          0.17980937	          0.05000050	          0.05000063	          0.05000133	          0.05000483	          0.05000302	          0.58094771	          0.05000311	          0.05000315	          0.05001465	          0.05000634	          0.05000469	          0.44083839	          0.71618444	          0.05000055	          0.05000267	          0.05000304	          0.12811582	          0.05000204	          0.05000201	          0.05000191	          0.55886091	          0.67265211	          0.22115295	          0.45887330	          0.38890376	          0.49953164	          0.05000019	          0.12627658	          0.20574304	          0.05000151	          0.05000129	          0.22421631	          0.05000012	          0.05000026	          0.05000032	
          1.60028482	         -2.87301403	          0.45407471	         -2.25010361	          2.12458031	          0.92035741	          0.00348112	         28.60216032	          1.53629754	         -1.78928802	        -20.64333622	          3.39270856	          9.49336252	        -15.56291839	          1.91009932	          6.87921557	         -8.05934679	         -2.80016551	         -8.45083571	          3.07084077	          2.73556950	         -6.70448006	         20.36583679	         -4.22480433	          0.71737683	          0.74917846	          0.22483852	        -13.61179966	         15.08774788	          4.33199253	        -13.57937207	         17.64450899	         24.60792790	         27.48261990	         86.51662706	         86.51662706	          0.05000078	          0.05000107	          0.05000099	          0.05000368	          0.05000263	          0.05000213	          0.13786419	          0.05000190	          0.26093533	          0.05000156	          0.05834418	          0.17428034	          0.20109893	          0.18670109	          0.16181473	          0.13227061	          0.05000231	          0.08197555	          0.13610519	          0.05000178	          0.05000143	          0.11479427	          0.10277984	          0.11568754	          0.12967675	          0.05003790	          0.05000344	          0.05000036	          0.05000082	          0.05000073	          0.05000049	          0.05093893	          0.05000728	          0.05331287	          0.05000093	          0.05000292	          0.05000301	          0.34575721	          0.15993604	          0.13453230	          0.18993743	          0.50513031	          0.22988680	          0.05351746	          0.12898124	          0.12658582	          0.37392177	          0.14492829	          0.05000324	          0.54962717	          0.36263295	          0.16063387	          0.05501777	          0.05000164	          0.05000080	          0.15311343	          0.18238061	          0.05000048	          0.05000060	          0.05000125	          0.05000457	          0.05000308	          0.58952955	          0.05000266	          0.05000214	          0.05001890	          0.05000813	          0.05000527	          0.52006008	          0.77947389	          0.05000058	          0.05000272	          0.05000169	          0.16448544	          0.05000236	          0.05000236	          0.05000206	          0.53175125	          0.64599835	          0.25202525	          0.44384814	          0.41861303	          0.51960034	          0.05000015	          0.10688389	          0.17414897	          0.05000110	          0.05000065	          0.18978270	          0.05000012	          0.05000019	          0.05000022	
          1.61117111	         -2.89063191	          0.57545892	         -2.58383083	          2.13994667	          0.91856629	          0.00339316	         28.51773257	          1.91786251	         -1.75335204	        -21.06077506	          3.05842855	          9.46147886	        -13.90827863	          0.95674502	          6.92257126	         -7.98564299	         -3.03696469	         -7.41109482	          3.10087076	          2.36647029	         -6.61408877	         21.69939980	         -4.20509334	          0.53747991	          0.88662832	         -0.19380515	        -13.58018364	         14.13162131	          4.44126777	        -13.66550370	         18.45192240	         23.59564626	         28.74274993	         86.51662706	         86.51662706	          0.05000237	          0.05000198	          0.05000168	          0.05000512	          0.05000432	          0.05000331	          0.18061407	          0.05000656	          0.32053056	          0.05000141	          0.05000360	          0.17341311	          0.17642152	          0.18398498	          0.15850483	          0.13649501	          0.05001430	          0.06944121	          0.11838896	          0.05000396	          0.05000413	          0.11337539	          0.08699613	          0.09998254	          0.11071442	          0.05000928	          0.05000168	          0.05000087	          0.05000265	          0.05000230	          0.05000144	          0.06177693	          0.05000212	          0.05361449	          0.05000129	          0.05000321	          0.05000342	          0.34724180	          0.16196359	          0.13625741	          0.20911949	          0.51674263	          0.25198800	          0.05883087	          0.11799158	          0.12568883	          0.38341284	          0.13388751	          0.05000180	          0.59772760	          0.30694437	          0.13596537	          0.05000202	          0.05000068	          0.05000055	          0.12959922	          0.17647411	          0.05000046	          0.05000059	          0.05000120	          0.05000469	          0.05000404	          0.59578224	          0.05000247	          0.05000127	          0.05002198	          0.05000930	          0.05000561	          0.58170438	          0.82796618	          0.05000050	          0.05000274	          0.05000179	          0.20660940	          0.08322511	          0.08655366	          0.07663229	          0.49550966	          0.59676111	          0.26379915	          0.41964202	          0.43867437	          0.52595834	          0.05000006	          0.09046944	          0.14740441	          0.05000041	          0.05000030	          0.16063713	          0.05000014	          0.05000021	          0.05000024	
          1.62205740	         -2.90590786	          0.69661121	         -2.91048683	          2.15568356	          0.91687813	          0.00328371	         28.40364772	          2.32826494	         -1.69627827	        -21.35090651	          2.71050164	          9.40659513	        -12.69913067	         -0.24151777	          6.92935576	         -7.88072671	         -3.28333497	         -6.19142271	          3.13275318	          1.84565938	         -6.46072951	         23.22579845	         -4.16663300	          0.34713935	          1.02205318	         -0.66892626	        -13.51922730	         13.09414429	          4.47104876	        -13.71486022	         19.08495243	         22.59859678	         29.98804382	         86.51662706	         86.51662706	          0.05000246	          0.05000145	          0.05000128	          0.05000305	          0.05000290	          0.05000283	          0.21080990	          0.06473158	          0.35357983	          0.05000092	          0.05000284	          0.15493703	          0.17939109	          0.15686716	          0.14481603	          0.14328387	          0.05001434	          0.06740228	          0.13345006	          0.05000298	          0.05000301	          0.11779666	          0.07363613	          0.08462845	          0.09486805	          0.05000537	          0.05000157	          0.05000107	          0.05000684	          0.05000552	          0.05000274	          0.07941131	          0.05000184	          0.05219724	          0.05000343	          0.05258508	          0.05001037	          0.35012344	          0.16679242	          0.14482137	          0.20580445	          0.53053315	          0.27402568	          0.06198047	          0.10919625	          0.12224987	          0.40719232	          0.11401746	          0.05000049	          0.61804936	          0.25980645	          0.11508518	          0.05000220	          0.05000050	          0.05000038	          0.10969619	          0.16063501	          0.05000039	          0.05000048	          0.05000087	          0.05000324	          0.05000262	          0.59768004	          0.05000212	          0.05000104	          0.05001120	          0.05000531	          0.05000367	          0.62518237	          0.85962210	          0.05000035	          0.05000162	          0.05000077	          0.25421041	          0.07045177	          0.07326965	          0.06592571	          0.46154996	          0.56506744	          0.28362446	          0.40328789	          0.49912188	          0.54490369	          0.05000004	          0.07657574	          0.12476695	          0.05000032	          0.05000025	          0.13596750	          0.05000008	          0.05000015	          0.05000016	
          1.63294369	         -2.91805162	          0.81887042	         -3.23017261	          2.17181511	          0.91529507	          0.00314751	         28.27139846	          2.76652944	         -1.61733884	        -21.51371387	          2.34444803	          9.32674541	        -12.01828646	         -1.67040785	          6.85051455	         -7.80980123	         -3.54139745	         -4.79931921	          3.16988401	          1.15709550	         -6.24019047	         25.02209601	         -4.10608936	          0.14856491	          1.15559464	         -1.20885286	        -13.48032126	         12.30249729	          4.40032175	        -13.69427946	         19.33579099	         21.65979460	         31.22721010	         86.51662706	         86.51662706	          0.05000040	          0.05000140	          0.05000052	          0.05886459	          0.05000803	          0.05000171	          0.22416564	          0.08080741	          0.36382976	          0.05801358	          0.05000495	          0.13818669	          0.17116971	          0.13281635	          0.16085462	          0.15683334	          0.05000059	          0.05913906	          0.11533757	          0.05000100	          0.05000081	          0.14204473	          0.06232781	          0.07163210	          0.10461127	          0.05012729	          0.05000318	          0.05000082	          0.05000376	          0.05000336	          0.05000242	          0.08849887	          0.05000123	          0.05266019	          0.05262935	          0.05757417	          0.05001829	          0.36040963	          0.17855024	          0.14802571	          0.25223284	          0.55444347	          0.33798182	          0.06057987	          0.09242674	          0.11493670	          0.44385444	          0.09741107	          0.05293546	          0.63458724	          0.21990728	          0.09741156	          0.05000264	          0.05000048	          0.05000037	          0.09284975	          0.13597121	          0.05000052	          0.05000061	          0.05000097	          0.05000341	          0.05000218	          0.60854030	          0.05000359	          0.05000162	          0.05001344	          0.05000578	          0.05000384	          0.62973476	          0.87029337	          0.05000058	          0.05000342	          0.05001831	          0.31305712	          0.05963403	          0.06201918	          0.05580729	          0.42451067	          0.53351609	          0.30252553	          0.35778392	          0.55187342	          0.50403646	          0.05000006	          0.06481574	          0.10560600	          0.05000023	          0.05000014	          0.11508646	          0.05000008	          0.05000015	          0.05000013	
          1.64382998	         -2.92629317	          0.94273489	         -3.54620685	          2.18836873	          0.91381384	          0.00297575	         28.12349816	          3.22534600	         -1.51628859	        -21.56365786	          1.95442030	          9.21917695	        -11.93850867	         -3.28554486	          6.64506785	         -7.81516672	         -3.81121417	         -3.26272939	          3.23826855	          0.22992320	         -5.95432425	         27.16147925	         -4.01947232	         -0.05454023	          1.28618733	         -1.82940396	        -13.45973646	         11.71225759	          4.22877983	        -13.64490141	         19.38770930	         20.80890690	         32.49327473	         86.51662706	         86.51662706	          0.05001087	          0.05000067	          0.05907182	          0.05000025	          0.05000038	          0.05000247	          0.20861622	          0.06978963	          0.34783074	          0.06978897	          0.05000154	          0.11696562	          0.16478029	          0.11242054	          0.16225356	          0.18254066	          0.05907179	          0.05008883	          0.09762605	          0.05907202	          0.05907223	          0.16343935	          0.05275605	          0.06063149	          0.11899843	          0.05000096	          0.05000035	          0.05000014	          0.05000173	          0.05000172	          0.05000152	          0.09080156	          0.05907267	          0.05000017	          0.06750905	          0.06467411	          0.06257448	          0.36594705	          0.21593456	          0.16079252	          0.27421976	          0.56509819	          0.36735071	          0.05627202	          0.07823244	          0.09728548	          0.43141461	          0.08245153	          0.05000049	          0.64392797	          0.18613540	          0.08245186	          0.05000288	          0.05000044	          0.05000034	          0.07859050	          0.11509026	          0.05000013	          0.05000018	          0.05000034	          0.05000132	          0.05000131	          0.52247000	          0.05000065	          0.05000054	          0.05001416	          0.05000435	          0.05000199	          0.53302419	          0.85867208	          0.05000019	          0.05000095	          0.05000020	          0.32690066	          0.05047749	          0.05249633	          0.05000583	          0.37784671	          0.48480944	          0.30120357	          0.30283769	          0.53447689	          0.42663023	          0.05000002	          0.05486180	          0.08938768	          0.05000017	          0.05000011	          0.09741220	          0.05000002	          0.05000004	          0.05000022	
          1.65471627	         -2.93010737	          1.06951085	         -3.85866013	          2.20535031	          0.91242654	          0.00276359	         27.96580862	          3.68330446	         -1.38724652	        -21.52197887	          1.53818524	          9.07192211	        -12.53925204	         -5.03050354	          6.21332161	         -7.96200678	         -4.10182066	         -1.62533183	          3.26200066	         -0.94624670	         -5.61774346	         29.64047291	         -3.90484597	         -0.25874937	          1.41322912	         -2.53146589	        -13.45019816	         11.28477662	          3.95536192	        -13.59437778	         19.34628824	         20.04681174	         33.81255469	         86.51662706	         86.51662706	          0.05907187	          0.05907174	          0.05000014	          0.05907214	          0.05907202	          0.05516411	          0.17657825	          0.05907188	          0.29441337	          0.05907165	          0.05000397	          0.20088790	          0.17520537	          0.09515601	          0.13733910	          0.18725176	          0.05000054	          0.09744483	          0.08263357	          0.05000036	          0.05000038	          0.20691709	          0.08245244	          0.08245003	          0.46243150	          0.18983617	          0.06442391	          0.05165948	          0.05000067	          0.05000066	          0.05000051	          0.07685686	          0.05000108	          0.05000022	          0.05907197	          0.05907180	          0.05907172	          0.38865790	          0.26655014	          0.18157298	          0.30088977	          0.62208006	          0.38391086	          0.05000009	          0.06621799	          0.08234498	          0.36516141	          0.06978924	          0.05000014	          0.54503767	          0.15754993	          0.06978958	          0.05000268	          0.05000031	          0.05000024	          0.06652111	          0.09741563	          0.06378753	          0.05000085	          0.05000067	          0.05000187	          0.05000083	          0.44223338	          0.05907318	          0.05000154	          0.05000166	          0.05000103	          0.05000106	          0.45116562	          0.72680256	          0.05000017	          0.05000074	          0.05000275	          0.29353619	          0.05000076	          0.05000073	          0.05000090	          0.31981946	          0.41035955	          0.29743143	          0.25632971	          0.45239623	          0.36111110	          0.05578888	          0.05000004	          0.07566007	          0.05000013	          0.05000006	          0.08245224	          0.05000183	          0.06124428	          0.06441081	
          1.66560256	         -2.92959599	          1.21175677	         -4.16264068	          2.22271667	          0.91110646	          0.00252576	         27.79485319	          4.09381772	         -1.24625033	        -21.38984574	          1.09529402	          8.86776406	        -13.81194023	         -6.89072554	          5.57889220	         -8.29883382	         -4.43715334	          0.04365988	          3.28068572	         -2.31047823	         -5.19257034	         32.32972667	         -3.76524836	         -0.47451983	          1.53259910	         -3.30117945	        -13.45223574	         11.00431033	          3.58160130	        -13.55373906	         19.25690478	         19.35848295	         35.20860108	         86.51662706	         86.51662706	          0.05000003	          0.05000009	          0.11270854	          0.05000024	          0.05000018	          0.05000016	          0.14946045	          0.05000011	          0.24919916	          0.05000006	          0.06978953	          0.17003714	          0.34478033	          0.36825716	          0.23003959	          0.21462225	          0.05906375	          0.08249203	          0.06994355	          0.08021620	          0.15453661	          0.23735841	          0.06979007	          0.06978991	          0.59007257	          0.16068243	          0.05453038	          0.06978976	          0.12780806	          0.13025631	          0.10287342	          0.06982638	          0.06979015	          0.06978985	          0.05000022	          0.05000004	          0.05000006	          0.47936384	          0.26027720	          0.15369916	          0.53881131	          0.63854070	          0.56106504	          0.05000001	          0.05604864	          0.06969896	          0.30908222	          0.05907166	          0.05907098	          0.46133421	          0.13335441	          0.05907184	          0.05000960	          0.05000209	          0.05000387	          0.05630528	          0.08245526	          0.19135201	          0.31175491	          0.05907240	          0.05907059	          0.09056345	          0.37431807	          0.05000280	          0.05000631	          0.05906747	          0.05907057	          0.05907093	          0.38187837	          0.61518483	          0.05907172	          0.05907028	          0.05000018	          0.24845672	          0.15044953	          0.15615438	          0.12241954	          0.27070354	          0.34733913	          0.26184845	          0.21696415	          0.38292013	          0.30565390	          0.21276423	          0.13075649	          0.07302528	          0.05000031	          0.05000019	          0.06978973	          0.07382874	          0.05907202	          0.06978972	
          1.67648886	         -2.92491554	          1.38182939	         -4.45279241	          2.24036968	          0.90985715	          0.00229767	         27.49984859	          4.41982479	         -1.03225826	        -21.12691078	          0.63469006	          8.60929707	        -15.19095130	         -8.94813625	          4.88073228	         -8.76696095	         -4.79195584	          1.68881036	          3.46889976	         -3.77625992	         -4.69913673	         34.86653922	         -3.60481849	         -0.71670545	          1.64574526	         -4.10650748	        -13.47023810	         10.87947284	          3.11981695	        -13.51924836	         19.13763714	         18.71001886	         36.67298634	         86.51662706	         86.51662706	          0.38159882	          0.34105611	          0.29854387	          0.44951540	          0.41977653	          0.26271566	          0.13267909	          0.15680866	          0.21092871	          0.09741327	          0.05907248	          0.14392396	          0.29183121	          0.31170268	          0.19471205	          0.26029900	          0.05000043	          0.06982446	          0.19193422	          0.24342650	          0.25182824	          0.28880471	          0.05907222	          0.05907208	          0.49945283	          0.13600593	          0.06874510	          0.05907188	          0.10818009	          0.11025235	          0.08707476	          0.05910287	          0.05907221	          0.05907194	          0.15454785	          0.06006548	          0.05907358	          0.49033673	          0.22030549	          0.18859882	          0.63105069	          0.72440410	          0.74565491	          0.07960161	          0.10317870	          0.05899503	          0.28745092	          0.05000005	          0.05000001	          0.39963606	          0.11287471	          0.05000014	          0.05000525	          0.05000038	          0.05000018	          0.05000070	          0.06979243	          0.16211848	          0.40961381	          0.05000094	          0.05000166	          0.07665580	          0.42451732	          0.08746751	          0.05000033	          0.05000069	          0.05000046	          0.05000050	          0.32323187	          0.60729954	          0.05000004	          0.05000015	          0.05000005	          0.21030027	          0.12734457	          0.13217329	          0.10361924	          0.22913053	          0.29399696	          0.23099310	          0.18364411	          0.32411366	          0.25871349	          0.37452659	          0.22925632	          0.06934491	          0.44951568	          0.15419801	          0.05907186	          0.10122589	          0.05000010	          0.05907187	
          1.68737515	         -2.91829780	          1.55257997	         -4.70627101	          2.25791404	          0.90877266	          0.00202246	         27.20528820	          4.72431014	         -0.87677350	        -20.60343177	          0.20430603	          8.31606498	        -16.49169202	        -11.41572744	          3.73414533	         -9.37565919	         -5.19779050	          3.35757603	          3.82523328	         -5.09172290	         -4.13499774	         36.76511638	         -3.46189132	         -0.95812015	          1.74759437	         -4.84942483	        -13.49035825	         10.94488846	          2.63718728	        -13.49401349	         19.00575647	         18.02885200	         38.15157759	         86.51662706	         86.51662706	          0.50580980	          0.45125906	          0.35865479	          0.38048372	          0.35531498	          0.23739027	          0.11230307	          0.13272718	          0.17853556	          0.08245316	          0.05000069	          0.12182107	          0.24701402	          0.37711663	          0.39111369	          0.30568668	          0.05000043	          0.05910194	          0.16245872	          0.36190991	          0.33571748	          0.36350477	          0.05000030	          0.05000020	          0.42274996	          0.11511909	          0.05818793	          0.05000007	          0.24031090	          0.24924953	          0.20800753	          0.05002622	          0.05000029	          0.05000003	          0.14229286	          0.05084101	          0.05000145	          0.55972405	          0.23863394	          0.16471234	          0.78425279	          0.81883988	          0.85261780	          0.11211267	          0.08733314	          0.05000006	          0.24330598	          0.05000011	          0.05000005	          0.33826248	          0.09554018	          0.05000024	          0.05002604	          0.05000071	          0.05000096	          0.05000014	          0.05907427	          0.22223587	          0.47180869	          0.41455597	          0.11507873	          0.09770154	          0.42165927	          0.07403520	          0.05000036	          0.05000165	          0.05000131	          0.05000228	          0.27359188	          0.53788481	          0.05000007	          0.05000039	          0.05000017	          0.19766703	          0.11508669	          0.11508665	          0.11414496	          0.19394205	          0.24884673	          0.19551859	          0.15544118	          0.27433830	          0.21898198	          0.41447065	          0.20130328	          0.05907207	          0.58309281	          0.19552836	          0.05000006	          0.12879037	          0.05000002	          0.05000007	
          1.69826144	         -2.90921363	          1.71047204	         -4.92533872	          2.27512855	          0.90790264	          0.00171652	         26.94492275	          5.03412204	         -0.73586565	        -19.76997210	         -0.16666026	          8.05453671	        -17.79499749	        -14.36015030	          2.49664085	        -10.12415887	         -5.67615911	          5.01478246	          3.96758962	         -6.04836408	         -3.85496882	         37.45946711	         -3.35208561	         -1.18837304	          1.84043382	         -5.49021836	        -13.51017003	         11.18691199	          2.18334689	        -13.47334813	         18.89003076	         17.29996674	         39.59047318	         86.51662706	         86.51662706	          0.58475519	          0.51721433	          0.41349248	          0.32490797	          0.30074960	          0.20093778	          0.09505628	          0.11234408	          0.15111717	          0.06979055	          0.05000041	          0.10311268	          0.24468603	          0.34432462	          0.38675095	          0.31125236	          0.05000053	          0.05002924	          0.13750968	          0.39739537	          0.37076842	          0.37950312	          0.05000012	          0.05000014	          0.35782668	          0.09743998	          0.05000515	          0.05000010	          0.28749936	          0.32790303	          0.26307017	          0.05000003	          0.05000009	          0.05000001	          0.19524644	          0.05908144	          0.05377939	          0.56206179	          0.20198643	          0.16014954	          0.75323815	          0.84032491	          0.76998907	          0.12679430	          0.07392105	          0.05000010	          0.20594057	          0.05000137	          0.05000170	          0.28631431	          0.08086796	          0.05000207	          0.05007994	          0.05000209	          0.05064034	          0.05000021	          0.05000237	          0.22508260	          0.60039158	          0.35089201	          0.09741448	          0.08269739	          0.45269501	          0.06266699	          0.05000425	          0.05010217	          0.05908039	          0.06978926	          0.23157531	          0.45663236	          0.05273510	          0.05321564	          0.05000458	          0.16731073	          0.09741242	          0.09741239	          0.09661531	          0.16415761	          0.21063039	          0.16549202	          0.13156973	          0.23220713	          0.18535285	          0.35081877	          0.17038836	          0.05000020	          0.49354496	          0.23845298	          0.44951556	          0.15462339	          0.05000007	          0.05000006	
          1.70914773	         -2.89702697	          1.85684146	         -5.11683398	          2.29198650	          0.90724390	          0.00139170	         26.68395340	          5.35710968	         -0.56776177	        -18.67426225	         -0.48259341	          7.84580508	        -19.10855316	        -17.66687641	          1.50678922	        -11.00007237	         -6.21930427	          6.57957878	          4.11380610	         -6.63807544	         -3.69675626	         36.86290799	         -3.26872465	         -1.40670558	          1.92524615	         -6.03838456	        -13.52879224	         11.55348972	          1.77309470	        -13.45787786	         18.81334426	         16.55208578	         40.96518937	         86.51662706	         86.51662706	          0.66301061	          0.56783395	          0.41219194	          0.27502216	          0.25456551	          0.17008162	          0.08045816	          0.09509113	          0.12790953	          0.05907262	          0.05000075	          0.08727743	          0.20710910	          0.29144750	          0.35720049	          0.31727333	          0.05000062	          0.05000421	          0.11639203	          0.41450875	          0.38176639	          0.37862480	          0.05000019	          0.05000020	          0.30287394	          0.08247597	          0.05000181	          0.05000021	          0.36851181	          0.40362489	          0.32341849	          0.05000005	          0.05000013	          0.05000001	          0.20004326	          0.05000964	          0.05000067	          0.60564860	          0.18095587	          0.16375234	          0.73612133	          0.90257312	          0.80806717	          0.12956520	          0.06256871	          0.05000010	          0.17431352	          0.05000129	          0.05000101	          0.24234429	          0.06844981	          0.05000766	          0.05000359	          0.05000047	          0.05000066	          0.05000021	          0.05001493	          0.21809081	          0.50818842	          0.29700467	          0.08245512	          0.06999736	          0.47512787	          0.20406344	          0.05000323	          0.05000756	          0.05000955	          0.05907224	          0.19601143	          0.38650554	          0.12545395	          0.05000939	          0.05000301	          0.14161635	          0.08245245	          0.08245242	          0.08177775	          0.13894728	          0.17828307	          0.14007675	          0.19455777	          0.19654621	          0.23051502	          0.29694214	          0.14422116	          0.07135184	          0.41774931	          0.25862907	          0.68101775	          0.17842291	          0.05000009	          0.05000006	
          1.72003402	         -2.88162219	          1.99224134	         -5.28646091	          2.30852176	          0.90681478	          0.00104827	         26.38006907	          5.69568362	         -0.35438075	        -17.38789422	         -0.75064157	          7.65151703	        -20.37518899	        -21.18146928	          0.84385137	        -12.01834269	         -6.81288203	          7.93495178	          4.19848352	         -6.83350628	         -3.70210359	         35.11429316	         -3.20108119	         -1.60859631	          2.00482206	         -6.51239822	        -13.54157226	         11.98091582	          1.40756642	        -13.45082010	         18.78793228	         15.81965807	         42.26026029	         86.51662706	         86.51662706	          0.73612018	          0.61862170	          0.46312011	          0.27055783	          0.21547666	          0.18754404	          0.06810194	          0.08048777	          0.10826599	          0.05000135	          0.05000109	          0.07387419	          0.17533178	          0.24669232	          0.30381014	          0.31464989	          0.05000058	          0.05010044	          0.09851760	          0.42613277	          0.38253757	          0.36441877	          0.05000032	          0.05000026	          0.25636051	          0.06981010	          0.05000548	          0.05000013	          0.41417453	          0.49253553	          0.38178220	          0.05000008	          0.05000019	          0.05000002	          0.26010986	          0.05000107	          0.05000132	          0.64792484	          0.15316590	          0.13860452	          0.62307246	          0.91391627	          0.83235118	          0.13262124	          0.05295979	          0.05000011	          0.14754355	          0.05000074	          0.05000045	          0.20512727	          0.05794143	          0.05000286	          0.06100845	          0.05000057	          0.05000090	          0.05000031	          0.11257775	          0.22124360	          0.44321057	          0.25139380	          0.06979322	          0.05924774	          0.48796808	          0.29146775	          0.06576903	          0.05000487	          0.05000218	          0.05000225	          0.16590929	          0.32714837	          0.16064076	          0.05001930	          0.05904690	          0.11986790	          0.06978993	          0.06978990	          0.06921884	          0.11760860	          0.15090348	          0.11856461	          0.16474206	          0.16636193	          0.19512031	          0.25133957	          0.12207256	          0.06979020	          0.35359391	          0.32033685	          0.74808167	          0.18563032	          0.05381604	          0.05000006	
          1.73092031	         -2.86399068	          2.11858023	         -5.43959401	          2.32473271	          0.90666555	          0.00069517	         26.01639858	          6.05149102	         -0.08816994	        -15.95975276	         -0.97499138	          7.44680004	        -21.57228820	        -24.79072825	          0.57012040	        -12.94785407	         -7.45457315	          9.03152691	          4.24177281	         -6.51022506	         -3.83216795	         32.70579036	         -3.14508820	         -1.79355983	          2.07928681	         -6.92285554	        -13.54580682	         12.41395300	          1.09457345	        -13.44972492	         18.81900968	         15.13009437	         43.45582280	         86.51662706	         86.51662706	          0.78201231	          0.64528734	          0.46017195	          0.22901537	          0.18240385	          0.15874633	          0.05764333	          0.06812708	          0.09163918	          0.05000022	          0.05000055	          0.06252925	          0.14840583	          0.20880901	          0.25715585	          0.28868379	          0.05000180	          0.05000377	          0.08338813	          0.42627337	          0.36817247	          0.31729638	          0.05000019	          0.05000023	          0.21699038	          0.05908963	          0.05000667	          0.05000134	          0.52072843	          0.57818956	          0.44513251	          0.05000018	          0.05000053	          0.05000025	          0.28483428	          0.05000121	          0.05000234	          0.65480494	          0.12964371	          0.12656181	          0.52738486	          0.89451129	          0.88084601	          0.12973720	          0.05000003	          0.05000009	          0.12488476	          0.05000136	          0.05000953	          0.17362604	          0.05001579	          0.05001694	          0.07132798	          0.05000043	          0.05000084	          0.05000027	          0.11691487	          0.23155861	          0.40193760	          0.21278774	          0.05907675	          0.05014904	          0.51293572	          0.36732439	          0.08586138	          0.05000916	          0.05000387	          0.05000194	          0.14640301	          0.27690692	          0.13597183	          0.05912556	          0.05000247	          0.10145938	          0.05907205	          0.05907203	          0.05858867	          0.09954701	          0.12772875	          0.10035618	          0.14020424	          0.39289673	          0.24998536	          0.25923875	          0.10332541	          0.05907226	          0.29929113	          0.27114147	          0.63319579	          0.18740653	          0.06892131	          0.05000005	
          1.74180660	         -2.84567035	          2.23020184	         -5.58026981	          2.34061521	          0.90687143	          0.00033581	         25.56794525	          6.41636667	          0.23645439	        -14.42420575	         -1.15802610	          7.22289205	        -22.64029722	        -28.36814896	          0.61244050	        -13.20513695	         -8.10083376	          9.86317260	          4.29371687	         -5.88830478	         -3.99445572	         30.17621436	         -3.10078164	         -1.95241444	          2.14755065	         -7.27408486	        -13.53671077	         12.81903869	          0.84008973	        -13.45132919	         18.89963351	         14.49849825	         44.53452749	         86.51662706	         86.51662706	          0.81722463	          0.65073728	          0.43477676	          0.19384541	          0.15439235	          0.13436828	          0.05000037	          0.05766498	          0.07756587	          0.05000036	          0.05000083	          0.05292712	          0.13270904	          0.19756819	          0.24766213	          0.27660083	          0.05000086	          0.05001461	          0.07058245	          0.41900632	          0.34751483	          0.29016314	          0.05000024	          0.05000025	          0.18366655	          0.05001675	          0.05000889	          0.05000049	          0.51110666	          0.57580679	          0.44315289	          0.05000086	          0.05000203	          0.06482404	          0.30556250	          0.05000041	          0.05000055	          0.60707331	          0.10973398	          0.13457325	          0.44639245	          0.85818249	          0.83360640	          0.12973240	          0.05000005	          0.05000012	          0.10570579	          0.05000039	          0.05000026	          0.18318452	          0.05000703	          0.05000136	          0.07290942	          0.05000054	          0.05000109	          0.05000034	          0.15119945	          0.22397903	          0.38207334	          0.18011019	          0.05000993	          0.05000055	          0.51180217	          0.40015409	          0.10334405	          0.05000293	          0.05000143	          0.05000087	          0.13488383	          0.23438126	          0.11509028	          0.05004770	          0.05000117	          0.08587789	          0.05000021	          0.05000019	          0.05000007	          0.08583926	          0.11941840	          0.08494413	          0.11867262	          0.33255821	          0.21159430	          0.26488295	          0.08745735	          0.05000037	          0.25332793	          0.37228090	          0.56501526	          0.17625042	          0.06829195	          0.05000006	
          1.75269290	         -2.82786243	          2.32526490	         -5.70817815	          2.35620327	          0.90746161	         -0.00002009	         25.00804102	          6.78202386	          0.61663564	        -12.80184168	         -1.30972126	          6.97306310	        -23.51694960	        -31.80121170	          0.85490912	        -13.01545741	         -8.71036177	         10.45388955	          4.36381829	         -5.31996265	         -4.10394011	         27.41425053	         -3.06501079	         -2.08511234	          2.20799458	         -7.57426568	        -13.51638878	         13.18071403	          0.63527342	        -13.45174928	         19.01133094	         13.94035063	         45.49846299	         86.51662706	         86.51662706	          0.84156877	          0.65372923	          0.42027020	          0.16407718	          0.13068320	          0.11373443	          0.05000111	          0.05109826	          0.06565428	          0.05000038	          0.05000082	          0.05000265	          0.15387404	          0.19597886	          0.25112295	          0.25949978	          0.05000067	          0.05001339	          0.05974403	          0.39875510	          0.31447970	          0.25400519	          0.05000021	          0.05000021	          0.15546036	          0.05000561	          0.05000345	          0.05000029	          0.48265677	          0.54551940	          0.42292105	          0.05015807	          0.05000125	          0.07933004	          0.33874230	          0.05000090	          0.05000131	          0.51601181	          0.09288181	          0.12999067	          0.37783832	          0.72639032	          0.72067175	          0.12067421	          0.05000006	          0.05000013	          0.08947223	          0.05000044	          0.05000035	          0.19926576	          0.05001245	          0.05000210	          0.06736670	          0.05620860	          0.05000736	          0.05351634	          0.18275894	          0.20525190	          0.35549837	          0.15245060	          0.05000497	          0.05000055	          0.51755080	          0.39454227	          0.15838887	          0.05000296	          0.05000135	          0.05000066	          0.12819713	          0.19838644	          0.09741555	          0.05000924	          0.05000116	          0.07268931	          0.05000007	          0.05000007	          0.05000005	          0.07265678	          0.10107926	          0.07189893	          0.10044905	          0.28148659	          0.17909927	          0.25595397	          0.07402624	          0.05000051	          0.24209265	          0.37398172	          0.48465916	          0.16497335	          0.05894684	          0.05000008	
          1.76357919	         -2.81112709	          2.40278537	         -5.81839651	          2.37153400	          0.90839073	         -0.00036162	         24.32498726	          7.13778296	          1.03836340	        -11.11322991	         -1.43136666	          6.69891524	        -24.16805273	        -35.04801972	          1.18971098	        -12.56412034	         -9.26545509	         10.83260352	          4.47433248	         -4.75160548	         -4.09922339	         24.49057551	         -3.03573250	         -2.19451195	          2.25925708	         -7.83102486	        -13.49290517	         13.49642891	          0.46206931	        -13.45052636	         19.12909665	         13.47362492	         46.37348816	         86.51662706	         86.51662706	          0.85259970	          0.64548095	          0.41607776	          0.18277542	          0.11062608	          0.09627188	          0.05137512	          0.06924164	          0.06338605	          0.05000041	          0.05000067	          0.05000482	          0.16062340	          0.19423393	          0.25280760	          0.23763241	          0.05000059	          0.05001333	          0.05057505	          0.36409187	          0.26618692	          0.21499714	          0.05000018	          0.05000018	          0.13158585	          0.05000271	          0.05000237	          0.05000024	          0.46841432	          0.51599928	          0.39961868	          0.06099311	          0.05000087	          0.09588505	          0.36383761	          0.05000099	          0.05000128	          0.43682600	          0.07861769	          0.14206901	          0.31981233	          0.61485476	          0.64606944	          0.11265051	          0.05000007	          0.05000014	          0.07573177	          0.05000037	          0.05000025	          0.33977669	          0.05001126	          0.05000154	          0.05996592	          0.08116344	          0.05010595	          0.06623150	          0.18873089	          0.19065050	          0.33219312	          0.12903866	          0.05000420	          0.05000045	          0.51766126	          0.38513377	          0.17067672	          0.05000249	          0.05000110	          0.05000046	          0.12398834	          0.16791955	          0.08245518	          0.05000443	          0.05000073	          0.06152616	          0.05000007	          0.05000007	          0.05000004	          0.06553036	          0.08555716	          0.06085715	          0.08895711	          0.26710124	          0.15159501	          0.24684193	          0.06265780	          0.05000021	          0.20491591	          0.37084911	          0.41022823	          0.15459986	          0.05635955	          0.05000009	
          1.77446548	         -2.79581671	          2.46120672	         -5.90738819	          2.38663621	          0.90959349	         -0.00068408	         23.51104352	          7.47047110	          1.48517832	         -9.37505518	         -1.52525083	          6.40039618	        -24.56773671	        -38.09148680	          1.52604590	        -11.90208701	         -9.74753130	         11.01717013	          4.59982861	         -4.14016058	         -3.96795634	         21.49203841	         -3.01247173	         -2.28116707	          2.30069673	         -8.04998497	        -13.47241179	         13.76355780	          0.30537841	        -13.44972849	         19.23331330	         13.11116143	         47.18566418	         86.51662706	         86.51662706	          0.85351812	          0.61893271	          0.40458738	          0.22250280	          0.11936245	          0.11154295	          0.06665267	          0.08762951	          0.06792887	          0.05000047	          0.05000069	          0.05000734	          0.13595702	          0.16441490	          0.21399021	          0.20292374	          0.05000077	          0.05001435	          0.08042948	          0.31029454	          0.22530776	          0.18197935	          0.05000021	          0.05000022	          0.11137785	          0.05000228	          0.05000148	          0.05000019	          0.43969428	          0.55717436	          0.43050974	          0.07887605	          0.05000072	          0.11210426	          0.39097897	          0.05114156	          0.05154187	          0.36974444	          0.06654416	          0.14509090	          0.27069764	          0.57343754	          0.62129479	          0.10522943	          0.05000008	          0.05000014	          0.06410158	          0.05000035	          0.05000022	          0.42134974	          0.05002861	          0.05000130	          0.05085498	          0.10309596	          0.05009373	          0.07347358	          0.19156538	          0.18440678	          0.29912475	          0.10922215	          0.05000314	          0.05000041	          0.51209070	          0.38178660	          0.17960922	          0.05000221	          0.05000091	          0.05000035	          0.12078187	          0.14213181	          0.06979233	          0.05000355	          0.05000066	          0.05207742	          0.05000007	          0.05000007	          0.05000004	          0.06333281	          0.07241849	          0.05247920	          0.08056392	          0.23799103	          0.12831459	          0.24336191	          0.05303529	          0.05000015	          0.17344726	          0.37191445	          0.34722875	          0.14467294	          0.05226995	          0.05000011	
          1.78535177	         -2.78234856	          2.49897981	         -5.97206981	          2.40153340	          0.91102201	         -0.00098343	         22.55369487	          7.76797409	          1.94511974	         -7.59889096	         -1.59310727	          6.07835480	        -24.68815086	        -40.91736364	          1.82283875	        -11.11233394	        -10.14513992	         11.02748494	          4.72664138	         -3.48129238	         -3.72577006	         18.45729560	         -2.99504066	         -2.34534142	          2.33160241	         -8.23264559	        -13.45831864	         13.97946961	          0.15581419	        -13.44975279	         19.31138339	         12.85451728	         47.94702314	         86.51662706	         86.51662706	          0.84042789	          0.57880617	          0.39996546	          0.24338904	          0.18667519	          0.21565645	          0.08013468	          0.10468332	          0.07627982	          0.05439663	          0.05000104	          0.05000394	          0.11507795	          0.13916891	          0.18113104	          0.17247512	          0.05000087	          0.05001376	          0.08245603	          0.26264522	          0.19070661	          0.15403225	          0.05000027	          0.05000028	          0.09427329	          0.05000314	          0.05000558	          0.05000015	          0.45390713	          0.56179561	          0.43476126	          0.10090280	          0.05000051	          0.12976273	          0.41399881	          0.05050335	          0.06617877	          0.31296139	          0.05632485	          0.16877698	          0.22912568	          0.51188373	          0.61069676	          0.09784997	          0.05000008	          0.05000014	          0.05425779	          0.05000033	          0.05000020	          0.49931617	          0.05003245	          0.05000123	          0.05641952	          0.12775030	          0.08207954	          0.09001290	          0.19859421	          0.17645822	          0.27796020	          0.09244892	          0.05000290	          0.05000036	          0.50409582	          0.37140129	          0.19959973	          0.05000200	          0.05000077	          0.05000027	          0.11702850	          0.12316255	          0.05907420	          0.05000309	          0.05000055	          0.05000029	          0.05000007	          0.05000006	          0.05000004	          0.05387851	          0.06129717	          0.05000007	          0.07116802	          0.23853997	          0.10860980	          0.24736503	          0.05000025	          0.05000013	          0.14684103	          0.36353421	          0.30921467	          0.13738989	          0.05000192	          0.05000012	
          1.79623806	         -2.77118221	          2.51637596	         -6.01029473	          2.41623208	          0.91264968	         -0.00125892	         21.45509090	          8.02298174	          2.41102560	         -5.78864626	         -1.63686239	          5.73671668	        -24.53091542	        -43.52611171	          2.07193946	        -10.24791552	        -10.45274740	         10.88263244	          4.85221485	         -2.78532843	         -3.40232276	         15.43140991	         -2.98457801	         -2.38858413	          2.35158498	         -8.37454164	        -13.45122041	         14.14332023	          0.01217247	        -13.44979458	         19.35984449	         12.69428558	         48.65416999	         86.51662706	         86.51662706	          0.82097789	          0.53305679	          0.38935900	          0.29268457	          0.27535216	          0.30626399	          0.08589090	          0.11299298	          0.08189659	          0.05378827	          0.05000093	          0.05000136	          0.09740525	          0.11780135	          0.15333034	          0.16291092	          0.05000073	          0.05000714	          0.06979420	          0.24391729	          0.16142013	          0.13037763	          0.05000019	          0.05000019	          0.07979558	          0.05000391	          0.08802371	          0.05000014	          0.43250976	          0.53739399	          0.41517938	          0.12829595	          0.05000035	          0.14810930	          0.43273581	          0.05000596	          0.07829029	          0.26489869	          0.05000035	          0.20302051	          0.19393811	          0.43327226	          0.56419670	          0.09249213	          0.05000012	          0.05000013	          0.05000927	          0.05000033	          0.05000018	          0.59683743	          0.06304211	          0.05000119	          0.05910005	          0.14733770	          0.08813990	          0.10348833	          0.19876214	          0.16632974	          0.26793400	          0.07825165	          0.05000241	          0.05000033	          0.49169236	          0.35502552	          0.21396718	          0.05000174	          0.05000062	          0.05000022	          0.11033717	          0.11184341	          0.05000221	          0.05000240	          0.05000050	          0.05000036	          0.05000007	          0.05000006	          0.05000004	          0.05000024	          0.05188371	          0.05000003	          0.06340681	          0.24632947	          0.09228708	          0.25514331	          0.05000030	          0.05000011	          0.15648674	          0.35336115	          0.29569687	          0.13165978	          0.05000038	          0.05000016	
          1.80712435	         -2.76249933	          2.51460753	         -6.02138037	          2.43072887	          0.91445256	         -0.00151412	         20.23778435	          8.23198607	          2.87783432	         -3.94742444	         -1.66040885	          5.38206169	        -24.13406187	        -45.91945448	          2.27501777	         -9.34136120	        -10.66373697	         10.60246094	          4.97777411	         -2.06319476	         -3.01720702	         12.45924265	         -2.98289659	         -2.41257405	          2.36046478	         -8.46897258	        -13.44970976	         14.25575441	         -0.12115241	        -13.44973597	         19.38296486	         12.61585691	         49.29552438	         86.51662706	         86.51662706	          0.79416477	          0.49048542	          0.37193508	          0.37358192	          0.35795981	          0.37789867	          0.08192120	          0.10776215	          0.08096685	          0.05000046	          0.05000065	          0.05000095	          0.08244664	          0.09973226	          0.16676162	          0.16682424	          0.05000070	          0.05000498	          0.05907626	          0.24409338	          0.15059709	          0.12832658	          0.05000014	          0.05000014	          0.06754133	          0.05000291	          0.12668566	          0.05000019	          0.39278246	          0.48985635	          0.37703063	          0.16009551	          0.05000362	          0.16612565	          0.45109488	          0.05000198	          0.09763650	          0.22421716	          0.05032091	          0.23658350	          0.16415441	          0.36673315	          0.52452570	          0.09110974	          0.05000012	          0.05000013	          0.06333717	          0.05000032	          0.05000018	          0.62960796	          0.07831808	          0.05000116	          0.05273834	          0.15719891	          0.07462545	          0.11398213	          0.19775552	          0.15932692	          0.25554494	          0.06623487	          0.05000228	          0.05000031	          0.47558242	          0.34396454	          0.22543534	          0.05000156	          0.05000052	          0.05000019	          0.10470789	          0.10412684	          0.05000066	          0.05000248	          0.05000054	          0.05006701	          0.05000007	          0.05000007	          0.05000005	          0.05000017	          0.05000034	          0.05000003	          0.05373019	          0.21158852	          0.08401358	          0.26533119	          0.05000024	          0.05000010	          0.16459210	          0.34420022	          0.29317302	          0.12906947	          0.05000038	          0.05000017	
          1.81801064	         -2.75604563	          2.49466124	         -6.00537162	          2.44502850	          0.91639963	         -0.00175161	         18.92540308	          8.39258656	          3.33935826	         -2.08143022	         -1.66767540	          5.02085740	        -23.53692395	        -48.09544726	          2.42301450	         -8.40930605	        -10.77812675	         10.20758819	          5.10203267	         -1.33892721	         -2.59273620	          9.58040642	         -2.99008542	         -2.41869839	          2.35810672	         -8.51083892	        -13.45199739	         14.32030450	         -0.23946031	        -13.44970732	         19.38770370	         12.60270918	         49.85701956	         86.51662706	         86.51662706	          0.75844970	          0.45781185	          0.35585224	          0.44709811	          0.42332767	          0.43086298	          0.07441606	          0.09826921	          0.07862318	          0.05000029	          0.05000052	          0.05000067	          0.06978532	          0.08464989	          0.18682361	          0.17648930	          0.05000065	          0.05000359	          0.05000466	          0.25261846	          0.15592140	          0.14427791	          0.05000011	          0.05000011	          0.05716917	          0.05000246	          0.16515999	          0.05000026	          0.34442486	          0.42819450	          0.32778928	          0.18829590	          0.08942583	          0.17930029	          0.46713517	          0.05000505	          0.13192388	          0.18978325	          0.09111497	          0.26494672	          0.13894468	          0.31041265	          0.50625240	          0.09223159	          0.05000013	          0.05000013	          0.06208220	          0.05000034	          0.05000019	          0.63638930	          0.09466946	          0.05000125	          0.05121474	          0.15425144	          0.06317563	          0.12592314	          0.19520176	          0.15334976	          0.24055420	          0.05606400	          0.05000205	          0.05000029	          0.45825499	          0.33029830	          0.23587826	          0.05000143	          0.05000045	          0.05000017	          0.09968072	          0.09910523	          0.05000077	          0.05000252	          0.05000054	          0.05602618	          0.05000008	          0.05000008	          0.05000005	          0.05000035	          0.05000107	          0.05000005	          0.05000256	          0.17909480	          0.07111865	          0.27556608	          0.05000020	          0.05000009	          0.19629718	          0.33418097	          0.29055740	          0.12667280	          0.05000034	          0.05000017	
          1.82889693	         -2.75133104	          2.45664467	         -5.96277181	          2.45914066	          0.91845177	         -0.00197126	         17.53911690	          8.50341145	          3.78859848	         -0.19800926	         -1.66077918	          4.65659051	        -22.77465806	        -50.05250602	          2.50237578	         -7.45262436	        -10.81117388	          9.71960372	          5.22246319	         -0.63234124	         -2.14933320	          6.83745079	         -3.00529378	         -2.40778861	          2.34444891	         -8.49655175	        -13.45663658	         14.34383239	         -0.33907342	        -13.44977588	         19.37993114	         12.63827949	         50.32609602	         86.51662706	         86.51662706	          0.71581413	          0.43080982	          0.34125843	          0.48154581	          0.46577068	          0.46947172	          0.06497311	          0.08455939	          0.07541238	          0.05000017	          0.05000042	          0.05000050	          0.05906864	          0.07539874	          0.18819035	          0.18401155	          0.05000063	          0.05000268	          0.05000106	          0.26116581	          0.16396880	          0.15917399	          0.05000009	          0.05000009	          0.05000132	          0.05000234	          0.20115828	          0.05000050	          0.30485193	          0.36244972	          0.27773512	          0.21991734	          0.13514866	          0.18937374	          0.48002448	          0.05000476	          0.15807682	          0.16063749	          0.15800387	          0.29578162	          0.11760649	          0.26274149	          0.49368029	          0.09364770	          0.05000014	          0.05000013	          0.07223670	          0.05000035	          0.05000019	          0.53887913	          0.11205500	          0.05000133	          0.05056694	          0.14289243	          0.05348460	          0.14139434	          0.19703403	          0.14782306	          0.22302516	          0.05000259	          0.05000180	          0.05000027	          0.43686542	          0.31943630	          0.24880468	          0.05000127	          0.05000038	          0.05000015	          0.09524554	          0.09436009	          0.05000075	          0.05000266	          0.05000057	          0.06012748	          0.05000008	          0.05000008	          0.05000006	          0.05000031	          0.05000074	          0.05000003	          0.05000099	          0.15159078	          0.06585043	          0.28373648	          0.05000040	          0.05000011	          0.25445397	          0.32280553	          0.30093151	          0.12380945	          0.05000028	          0.05000017	
          1.83978323	         -2.74781503	          2.40067872	         -5.89438448	          2.47307598	          0.92056449	         -0.00217171	         16.09741492	          8.56520041	          4.22080442	          1.69519584	         -1.64090471	          4.28913517	        -21.87979190	        -51.78978429	          2.51261810	         -6.47231253	        -10.78013725	          9.16156475	          5.33559079	          0.04608982	         -1.70601059	          4.28520430	         -3.02759248	         -2.38088771	          2.31960302	         -8.42330266	        -13.46245894	         14.33480580	         -0.41734873	        -13.45000800	         19.36358572	         12.70662757	         50.69305051	         86.51662706	         86.51662706	          0.66571433	          0.40376465	          0.32807908	          0.50130805	          0.48888834	          0.49626854	          0.05827496	          0.07305374	          0.07347506	          0.05000016	          0.05000041	          0.05000042	          0.05000147	          0.06384876	          0.15930191	          0.18390326	          0.05000067	          0.05000229	          0.05000097	          0.26143487	          0.16462504	          0.16254343	          0.05000008	          0.05000008	          0.05000140	          0.05000232	          0.24162909	          0.05000104	          0.26915910	          0.30678744	          0.23508339	          0.25088217	          0.18114899	          0.19486475	          0.48908266	          0.05000325	          0.18129385	          0.13596775	          0.21936448	          0.32589570	          0.09954527	          0.22239137	          0.49368261	          0.09352555	          0.05000012	          0.05000014	          0.07599504	          0.05000037	          0.05000021	          0.45612488	          0.09749128	          0.05000148	          0.05009350	          0.12094857	          0.05001005	          0.15508703	          0.19054638	          0.14009792	          0.20683320	          0.05000308	          0.05000168	          0.05000026	          0.41389842	          0.29904787	          0.25589105	          0.05000117	          0.05000034	          0.05000014	          0.08977280	          0.09001773	          0.05000079	          0.05000290	          0.05000061	          0.06027359	          0.05000009	          0.05000009	          0.05000006	          0.05000005	          0.05000012	          0.05000001	          0.05000056	          0.12831050	          0.06333733	          0.28742425	          0.05000031	          0.05000013	          0.30721147	          0.32306341	          0.32324707	          0.11972599	          0.05000045	          0.05000017	
          1.85066952	         -2.74503027	          2.32841621	         -5.80135235	          2.48684487	          0.92269325	         -0.00235218	         14.61654429	          8.58210182	          4.63407207	          3.58896646	         -1.60950311	          3.91913008	        -20.88143121	        -53.30231286	          2.45649653	         -5.47596602	        -10.70486743	          8.55321866	          5.43591807	          0.68843249	         -1.26611663	          1.98106779	         -3.05625738	         -2.34059805	          2.28403216	         -8.28873583	        -13.46843484	         14.30176653	         -0.47191259	        -13.45034259	         19.34214267	         12.79295746	         50.94918093	         86.51662706	         86.51662706	          0.61254946	          0.37751668	          0.31713130	          0.49304387	          0.49988683	          0.51343303	          0.05579239	          0.06508553	          0.07237257	          0.05000015	          0.05000043	          0.05000036	          0.05000112	          0.05406189	          0.13484092	          0.17695884	          0.05000076	          0.05000197	          0.05000086	          0.25598330	          0.16069793	          0.15764502	          0.05000008	          0.05000008	          0.05000137	          0.05000269	          0.27292386	          0.05000223	          0.23403505	          0.25967318	          0.19898115	          0.28098284	          0.22462172	          0.19619491	          0.49493834	          0.05000352	          0.20174365	          0.11508665	          0.27537574	          0.35318889	          0.08425779	          0.18823797	          0.49721315	          0.09142249	          0.05000014	          0.05000014	          0.06978637	          0.05000038	          0.05000020	          0.38607700	          0.08253633	          0.05000150	          0.05003376	          0.10237416	          0.05000235	          0.15936703	          0.18170512	          0.13645355	          0.19862835	          0.05000257	          0.05000157	          0.05000026	          0.38932234	          0.28889854	          0.24616334	          0.05000102	          0.05000030	          0.05000014	          0.08619681	          0.08616250	          0.05000069	          0.05000282	          0.05000064	          0.06059136	          0.05000012	          0.05000012	          0.05000009	          0.05000075	          0.05000145	          0.05000011	          0.05000022	          0.10860541	          0.05361082	          0.29348722	          0.05000039	          0.05000016	          0.34971619	          0.32127718	          0.35352423	          0.11535832	          0.05000036	          0.05000018	
          1.86155581	         -2.74260874	          2.24302104	         -5.68459639	          2.50045611	          0.92479491	         -0.00251394	         13.11225150	          8.56099298	          5.02696464	          5.47348471	         -1.56811192	          3.54877325	        -19.80788708	        -54.58432944	          2.33808620	         -4.45220254	        -10.60683030	          7.91327820	          5.51464334	          1.26773227	         -0.81897539	         -0.02318464	         -3.09098082	         -2.29080593	          2.23815172	         -8.09072191	        -13.47371087	         14.25353403	         -0.50028246	        -13.45049130	         19.31858714	         12.88420276	         51.08605949	         86.51662706	         86.51662706	          0.55968491	          0.35102639	          0.30425956	          0.47527513	          0.49979200	          0.52144752	          0.05678683	          0.06156130	          0.07104956	          0.05000017	          0.05000049	          0.05000033	          0.05000089	          0.05002738	          0.11413498	          0.16383920	          0.05000093	          0.05000183	          0.05000087	          0.24418782	          0.15251314	          0.14700884	          0.05000009	          0.05000009	          0.05000141	          0.05000325	          0.29724800	          0.05000313	          0.19813646	          0.21979437	          0.16842312	          0.31006652	          0.26674813	          0.19393493	          0.49823033	          0.05000421	          0.21830059	          0.09741234	          0.32500840	          0.37657397	          0.07131807	          0.15932964	          0.49923535	          0.08854025	          0.05000015	          0.05000015	          0.05907120	          0.05000040	          0.05000022	          0.32678606	          0.06986379	          0.05000155	          0.05002898	          0.08665225	          0.05000172	          0.17432307	          0.17817869	          0.13383798	          0.19259026	          0.05000245	          0.05000148	          0.05000025	          0.36391473	          0.27784150	          0.24807607	          0.05000091	          0.05000027	          0.05000013	          0.08185425	          0.08203623	          0.05000070	          0.05000272	          0.05000067	          0.05805235	          0.05000014	          0.05000014	          0.05000010	          0.05000107	          0.05908150	          0.05013855	          0.05000018	          0.09192649	          0.05000072	          0.29984965	          0.05000037	          0.05000016	          0.40475918	          0.32406355	          0.41502987	          0.11044788	          0.05000036	          0.05000019	
          1.87244210	         -2.74026909	          2.14868238	         -5.54531836	          2.51391307	          0.92682416	         -0.00265894	         11.60059491	          8.51041228	          5.40130958	          7.34340414	         -1.51872942	          3.18009035	        -18.68835916	        -55.64130996	          2.16557634	         -3.39426071	        -10.50513997	          7.25853035	          5.56341940	          1.76441403	         -0.35259211	         -1.66206398	         -3.13221175	         -2.23633961	          2.18257567	         -7.82775366	        -13.47801467	         14.19773570	         -0.49935901	        -13.45035318	         19.29623688	         12.97116020	         51.09682233	         86.51662706	         86.51662706	          0.50995657	          0.32609436	          0.29218790	          0.45608398	          0.49437200	          0.52246323	          0.05893898	          0.05996903	          0.06869455	          0.05000021	          0.05000058	          0.05000031	          0.05000074	          0.05001553	          0.09660847	          0.14551227	          0.05000120	          0.05000172	          0.05000093	          0.22819616	          0.14129558	          0.13067873	          0.05000010	          0.05000010	          0.05000141	          0.05000415	          0.31396979	          0.05000269	          0.16770985	          0.18603992	          0.14255803	          0.33771028	          0.30592709	          0.18894808	          0.49966955	          0.05000523	          0.23030209	          0.08245235	          0.36507082	          0.39512400	          0.06036558	          0.13486087	          0.49987771	          0.08554335	          0.05000013	          0.05000017	          0.05000100	          0.05000042	          0.05000029	          0.27660048	          0.05913598	          0.05000174	          0.05002842	          0.07334481	          0.05000171	          0.19121075	          0.17807551	          0.12871944	          0.19112072	          0.05000296	          0.05000149	          0.05000025	          0.33966490	          0.26228305	          0.24937550	          0.05000093	          0.05000029	          0.05000015	          0.07615873	          0.07785781	          0.05000161	          0.05000723	          0.05000097	          0.05476921	          0.05000016	          0.05000016	          0.05000012	          0.06074397	          0.05000829	          0.05000001	          0.05000015	          0.07780902	          0.05000022	          0.31076195	          0.05907104	          0.05000018	          0.43120441	          0.32622622	          0.49202046	          0.10594610	          0.05000061	          0.05000019	
          1.88332839	         -2.73777055	          2.04969035	         -5.38501976	          2.52722129	          0.92873689	         -0.00278953	         10.09434837	          8.43882681	          5.76060273	          9.19338043	         -1.46437662	          2.81518526	        -17.54713298	        -56.47766489	          1.94715119	         -2.31561671	        -10.41581897	          6.60107599	          5.58058035	          2.14409388	          0.14065131	         -2.88289067	         -3.18010860	         -2.18188785	          2.11819358	         -7.50031976	        -13.48136975	         14.13989418	         -0.46692272	        -13.45013648	         19.27834552	         13.04930431	         50.97671405	         86.51662706	         86.51662706	          0.46839159	          0.30659368	          0.28403369	          0.44021470	          0.49054335	          0.52423146	          0.05999999	          0.05683614	          0.06574415	          0.05000027	          0.05000076	          0.05000032	          0.05000068	          0.05001095	          0.08177358	          0.12736571	          0.05000169	          0.05000174	          0.05000102	          0.21057349	          0.12821427	          0.11268951	          0.05000012	          0.05000013	          0.05000147	          0.05000605	          0.32594171	          0.05000321	          0.14195654	          0.15746938	          0.12066532	          0.36374564	          0.34297809	          0.18202588	          0.50000292	          0.05000592	          0.23848886	          0.06978982	          0.39320893	          0.40834253	          0.05109520	          0.11414987	          0.49880450	          0.08403188	          0.05000012	          0.05000018	          0.05000119	          0.05000043	          0.05000028	          0.23412208	          0.05005809	          0.05000176	          0.05000663	          0.06208103	          0.05000066	          0.18166660	          0.15077212	          0.12548355	          0.19295128	          0.05000290	          0.05000146	          0.05000025	          0.31593093	          0.25044758	          0.21108329	          0.05000082	          0.05000026	          0.05000015	          0.07478535	          0.07684594	          0.05000122	          0.05000751	          0.05000119	          0.05286531	          0.05000030	          0.05000029	          0.05000020	          0.05141538	          0.05000030	          0.05307819	          0.05000017	          0.06585976	          0.05000144	          0.28096910	          0.05000015	          0.05000041	          0.47474661	          0.34021316	          0.50489456	          0.10245194	          0.05000095	          0.05000019	
          1.89421468	         -2.73491420	          1.94906280	         -5.20508100	          2.54039693	          0.93050113	         -0.00290831	          8.60077154	          8.35243071	          6.10642653	         11.01023116	         -1.40810538	          2.45930548	        -16.40019825	        -57.07369363	          1.68752293	         -1.27798874	        -10.34979150	          5.95317482	          5.57103204	          2.35247006	          0.66331430	         -3.67224600	         -3.23350910	         -2.13045226	          2.04568401	         -7.11167358	        -13.48340642	         14.08423142	         -0.40271625	        -13.44983423	         19.26742808	         13.11760984	         50.72130724	         86.51662706	         86.51662706	          0.44013562	          0.29713367	          0.27800081	          0.46170781	          0.50974823	          0.53036139	          0.05902126	          0.05432539	          0.06147919	          0.05000032	          0.05000089	          0.05000031	          0.05000063	          0.05000910	          0.06921739	          0.11166193	          0.05000223	          0.05000168	          0.05000108	          0.20110763	          0.12274862	          0.10250444	          0.05000014	          0.05000014	          0.05000135	          0.05000597	          0.32924171	          0.06060376	          0.12025063	          0.13328701	          0.10213595	          0.38802499	          0.37741752	          0.17332705	          0.50022601	          0.05027071	          0.24562621	          0.05907194	          0.40710146	          0.41569753	          0.05000062	          0.09661955	          0.49791979	          0.08174414	          0.05000011	          0.05000020	          0.05000082	          0.05000045	          0.05000032	          0.19816722	          0.05000617	          0.05000171	          0.05001031	          0.05254716	          0.05000061	          0.20765611	          0.16459035	          0.12770241	          0.17606685	          0.05000291	          0.05000144	          0.05000027	          0.29396796	          0.24020688	          0.18969934	          0.05000078	          0.05000026	          0.05000016	          0.07151157	          0.07458853	          0.05000138	          0.05001089	          0.05000128	          0.05003538	          0.05000031	          0.05000032	          0.05000024	          0.05000302	          0.05002920	          0.05210454	          0.05000014	          0.05574557	          0.05000040	          0.29208466	          0.07471367	          0.05000045	          0.48637091	          0.32847313	          0.48749498	          0.09813912	          0.05375352	          0.05000018	
          1.90510097	         -2.73169417	          1.84870228	         -5.00770127	          2.55345196	          0.93209101	         -0.00301712	          7.12257110	          8.25507273	          6.43810434	         12.78613400	         -1.35315267	          2.11117477	        -15.25495361	        -57.43840844	          1.39264217	         -0.24699989	        -10.31315228	          5.31053902	          5.53995480	          2.42928548	          1.21330090	         -4.16632940	         -3.29211572	         -2.08333111	          1.96563600	         -6.66681839	        -13.48391050	         14.03323895	         -0.30646612	        -13.44977567	         19.26544177	         13.18083132	         50.32968844	         86.51662706	         86.51662706	          0.41781477	          0.29144971	          0.27340653	          0.49397836	          0.52816004	          0.52892534	          0.05768117	          0.05054915	          0.05798617	          0.05000035	          0.05000105	          0.05000029	          0.05000056	          0.05000702	          0.05859099	          0.10076903	          0.07837564	          0.05000155	          0.05000104	          0.19741439	          0.12081947	          0.09441605	          0.05000015	          0.05000015	          0.05000121	          0.05000677	          0.32793800	          0.07067887	          0.10974700	          0.11282662	          0.08995531	          0.41080953	          0.40911255	          0.16352371	          0.49964901	          0.05568425	          0.24662222	          0.05000010	          0.41954335	          0.42181486	          0.05000073	          0.08178145	          0.49651401	          0.07983648	          0.05000012	          0.05000022	          0.05000050	          0.05000046	          0.05000043	          0.16773407	          0.05000253	          0.05000198	          0.05000880	          0.05000050	          0.05000055	          0.22490531	          0.17488056	          0.12558867	          0.16497868	          0.05000263	          0.05000125	          0.05000025	          0.27631467	          0.23305815	          0.16057834	          0.05000080	          0.05000028	          0.05000017	          0.07271299	          0.07626787	          0.05003205	          0.05014461	          0.05000172	          0.05000131	          0.05000030	          0.05000031	          0.05000023	          0.05000003	          0.05000007	          0.05000000	          0.05000019	          0.06052421	          0.05000233	          0.28442141	          0.08844403	          0.05000178	          0.50829602	          0.33490966	          0.50452444	          0.09401336	          0.05705344	          0.05000019	
          1.91598726	         -2.72825304	          1.74841415	         -4.79453729	          2.56640184	          0.93349387	         -0.00311652	          5.65740628	          8.14772089	          6.75336889	         14.51307385	         -1.30015363	          1.77029678	        -14.11021295	        -57.57958157	          1.06628563	          0.76656597	        -10.30955715	          4.67905961	          5.49464625	          2.49501430	          1.78202472	         -4.44816444	         -3.35542652	         -2.03954269	          1.87832836	         -6.17226153	        -13.48257802	         13.98803495	         -0.17931908	        -13.44998139	         19.27303047	         13.24722502	         49.80238432	         86.51662706	         86.51662706	          0.40194803	          0.28433710	          0.26398551	          0.51455739	          0.53884930	          0.52743243	          0.05503602	          0.05001542	          0.05434091	          0.05000041	          0.05000125	          0.05000029	          0.05000056	          0.05000680	          0.05001144	          0.09184673	          0.11865201	          0.05000156	          0.05000109	          0.18443703	          0.11331678	          0.08685058	          0.05000017	          0.05000017	          0.05000108	          0.05000588	          0.32526491	          0.08018049	          0.10282736	          0.10274704	          0.08496137	          0.43255527	          0.43886620	          0.15223953	          0.49877879	          0.05001609	          0.24466017	          0.05000008	          0.43363135	          0.42673330	          0.05000077	          0.06922221	          0.49842603	          0.07633693	          0.05000013	          0.05000023	          0.05000079	          0.05000048	          0.05000034	          0.14197468	          0.05000741	          0.05000193	          0.05000535	          0.05000041	          0.05000036	          0.21810438	          0.16819049	          0.12925731	          0.14524102	          0.05000214	          0.05000118	          0.05000025	          0.25853057	          0.22381380	          0.13591849	          0.05000068	          0.05000024	          0.05000016	          0.07537082	          0.07920617	          0.05000127	          0.05001628	          0.05000163	          0.05000144	          0.05000056	          0.05000057	          0.05000045	          0.05000007	          0.05000015	          0.05000002	          0.05000015	          0.05123528	          0.05000130	          0.28938121	          0.09319201	          0.05017385	          0.53924467	          0.34205359	          0.51466728	          0.09054679	          0.05648807	          0.05000020	
          1.92687356	         -2.72474161	          1.64800428	         -4.56604264	          2.57927019	          0.93470763	         -0.00320734	          4.19979808	          8.03011649	          7.05104185	         16.17817145	         -1.25024590	          1.43750729	        -12.95984024	        -57.48726685	          0.71215602	          1.74344354	        -10.33516463	          4.06046197	          5.43736025	          2.54349786	          2.36420746	         -4.60203851	         -3.42204019	         -1.99839858	          1.78436859	         -5.63590088	        -13.47940622	         13.94793989	         -0.02537043	        -13.45013267	         19.28895657	         13.32813914	         49.14185758	         86.51662706	         86.51662706	          0.38833861	          0.27596641	          0.25207819	          0.53220209	          0.54424575	          0.51807034	          0.05186128	          0.05000803	          0.05125223	          0.05000043	          0.05000138	          0.05000028	          0.05000053	          0.05000613	          0.05001329	          0.08357199	          0.15497914	          0.05000148	          0.05000107	          0.17559694	          0.10921880	          0.07842293	          0.05000018	          0.05000018	          0.05000096	          0.05000572	          0.31745918	          0.08856498	          0.09656596	          0.09626842	          0.08052992	          0.45402528	          0.46831472	          0.14065729	          0.49816392	          0.05000979	          0.24445766	          0.05000010	          0.44176650	          0.42857236	          0.05000086	          0.05859199	          0.48647542	          0.07099521	          0.05000014	          0.05000024	          0.05000054	          0.05000049	          0.05000043	          0.12017125	          0.05000322	          0.05000201	          0.05000445	          0.05000035	          0.05000028	          0.19286641	          0.18407120	          0.13432176	          0.13068638	          0.05000200	          0.05000108	          0.05000024	          0.24430247	          0.22384285	          0.11504548	          0.05000068	          0.05000026	          0.05000017	          0.07983956	          0.08403474	          0.05000624	          0.05798913	          0.05000211	          0.05000124	          0.05000074	          0.05000079	          0.05000067	          0.05000008	          0.05000017	          0.05000002	          0.05000015	          0.05000082	          0.05000071	          0.29851785	          0.11742928	          0.05000130	          0.55023538	          0.34372298	          0.52821134	          0.08640551	          0.05467300	          0.05000021	
          1.93775985	         -2.72140391	          1.54694574	         -4.32185914	          2.59208241	          0.93573344	         -0.00329037	          2.74397742	          7.90093428	          7.33042903	         17.76503171	         -1.20324238	          1.11482531	        -11.79613451	        -57.14405950	          0.32671719	          2.67887310	        -10.38534115	          3.46067532	          5.36935236	          2.56855388	          2.96131595	         -4.69903515	         -3.49060613	         -1.95904178	          1.68458390	         -5.06660117	        -13.47477649	         13.90993380	          0.14951195	        -13.45013528	         19.31092124	         13.43837925	         48.35376503	         86.51662706	         86.51662706	          0.37670461	          0.26650663	          0.23894019	          0.54393669	          0.54601367	          0.50888524	          0.05010241	          0.05000622	          0.05001488	          0.05000050	          0.05000163	          0.05000028	          0.05000055	          0.05000590	          0.05001219	          0.07612628	          0.19049224	          0.05000150	          0.05000113	          0.16371489	          0.10445891	          0.07460002	          0.05000020	          0.05000021	          0.05000098	          0.05000561	          0.30898657	          0.09558126	          0.09076998	          0.09055354	          0.07645767	          0.47505946	          0.49760843	          0.12827052	          0.49804990	          0.05000444	          0.24372547	          0.05000010	          0.44682519	          0.42831232	          0.05000108	          0.05000326	          0.45573560	          0.06503994	          0.05000015	          0.05000025	          0.05000053	          0.05000047	          0.05000041	          0.10171626	          0.05000332	          0.05000187	          0.05000378	          0.05000032	          0.05000023	          0.16324738	          0.19954990	          0.14267767	          0.12007660	          0.05000177	          0.05000097	          0.05000023	          0.23038444	          0.22260140	          0.09737793	          0.05000061	          0.05000024	          0.05000016	          0.08601436	          0.09041680	          0.05000346	          0.09260788	          0.05000229	          0.05000101	          0.05000057	          0.05000060	          0.05000044	          0.05000005	          0.05000012	          0.05000001	          0.05000015	          0.05000116	          0.05000079	          0.30279565	          0.13072889	          0.05012385	          0.56952604	          0.34838077	          0.53306300	          0.08252606	          0.05198249	          0.05000024	
          1.94864614	         -2.71851270	          1.44507783	         -4.06133166	          2.60486257	          0.93657282	         -0.00336667	          1.28555227	          7.75923632	          7.59121257	         19.25718040	         -1.15859460	          0.80422083	        -10.61389238	        -56.53245479	         -0.09048682	          3.56155524	        -10.45482710	          2.88264281	          5.29030487	          2.58826293	          3.57200419	         -4.77936586	         -3.55999660	         -1.92108858	          1.57991503	         -4.47341886	        -13.46932735	         13.87048302	          0.33873196	        -13.45000845	         19.33587561	         13.59422451	         47.44620834	         86.51662706	         86.51662706	          0.36421398	          0.25611002	          0.22643820	          0.55845280	          0.54526085	          0.49433139	          0.05000954	          0.05000392	          0.05000347	          0.05000051	          0.05000179	          0.05000027	          0.05000051	          0.05000533	          0.05001101	          0.06802539	          0.22308851	          0.05000141	          0.05000109	          0.15589315	          0.10105677	          0.06657798	          0.05000021	          0.05000021	          0.05000084	          0.05000540	          0.29797361	          0.10095866	          0.08661787	          0.08657704	          0.07355195	          0.49570835	          0.52651892	          0.11614614	          0.49820610	          0.05000370	          0.24411169	          0.05000011	          0.44660729	          0.42576464	          0.05000120	          0.05000320	          0.41564575	          0.05956792	          0.05000015	          0.05000025	          0.05000043	          0.05000048	          0.05000048	          0.08609549	          0.05000240	          0.05000182	          0.05000280	          0.05000027	          0.05000019	          0.13817693	          0.20904930	          0.15152966	          0.11312758	          0.05000197	          0.05000101	          0.05000024	          0.21879865	          0.21456240	          0.08242360	          0.05000064	          0.05000026	          0.05000019	          0.09265467	          0.09793352	          0.05010562	          0.13341696	          0.05000279	          0.05000102	          0.05000079	          0.05000081	          0.05000053	          0.05000008	          0.05000016	          0.05000002	          0.05000015	          0.05000069	          0.05000062	          0.30824131	          0.14622066	          0.05098024	          0.56966321	          0.35000413	          0.53206239	          0.07883687	          0.05000469	          0.05000025	
          1.95953243	         -2.71634367	          1.34216487	         -3.78390374	          2.61763243	          0.93722641	         -0.00343729	         -0.17844483	          7.60410334	          7.83294744	         20.64072530	         -1.11507947	          0.50848781	         -9.41014831	        -55.64057181	         -0.54230703	          4.37671894	        -10.53927514	          2.33161109	          5.20223046	          2.60511870	          4.20004119	         -4.86577476	         -3.62931422	         -1.88403265	          1.47118975	         -3.86495500	        -13.46369731	         13.82825025	          0.53555960	        -13.44984881	         19.36004808	         13.81087226	         46.42922636	         86.51662706	         86.51662706	          0.35288882	          0.24519062	          0.21243408	          0.55839296	          0.53623956	          0.47758325	          0.05008026	          0.05000547	          0.05000809	          0.05000058	          0.05000206	          0.05000027	          0.05000053	          0.05000520	          0.05001095	          0.06603411	          0.25353374	          0.05000142	          0.05000114	          0.14428432	          0.09658832	          0.06289507	          0.05000023	          0.05000023	          0.05000087	          0.05000527	          0.28401587	          0.10407106	          0.08241132	          0.08265082	          0.07036276	          0.51588610	          0.55498981	          0.10355116	          0.49862127	          0.05000379	          0.24546952	          0.05000012	          0.44270785	          0.42142446	          0.05000138	          0.05000282	          0.37428967	          0.05513698	          0.05000022	          0.05000025	          0.05000043	          0.05000048	          0.05000048	          0.07287371	          0.05000239	          0.05000182	          0.05000224	          0.05000024	          0.05000016	          0.11695663	          0.22466533	          0.16097557	          0.11735173	          0.05000185	          0.05000097	          0.05000025	          0.20634795	          0.21195682	          0.06976591	          0.05000061	          0.05000026	          0.05000019	          0.09995433	          0.10533500	          0.06405887	          0.14675531	          0.05000327	          0.05000081	          0.05000074	          0.05000076	          0.05000044	          0.05000008	          0.05000017	          0.05000002	          0.05000016	          0.05000059	          0.05000057	          0.31157462	          0.15502352	          0.05311842	          0.56327299	          0.35087916	          0.52321107	          0.07547781	          0.05000066	          0.05000031	
          1.97041872	         -2.71516183	          1.23798973	         -3.48922568	          2.63041134	          0.93769374	         -0.00350315	         -1.64912896	          7.43515144	          8.05393448	         21.90509627	         -1.07041985	          0.23041407	         -8.18508313	        -54.46375380	         -1.03017253	          5.10375660	        -10.63638242	          1.81224168	          5.10463488	          2.62098956	          4.85003025	         -4.97002133	         -3.69783463	         -1.84727202	          1.35881020	         -3.24884461	        -13.45844420	         13.78600773	          0.73340752	        -13.44972025	         19.37888372	         14.10038427	         45.31454414	         86.51662706	         86.51662706	          0.34011396	          0.23271957	          0.19823181	          0.55028733	          0.52186369	          0.45818091	          0.05007905	          0.05000505	          0.05000679	          0.05000059	          0.05000218	          0.05000027	          0.05000053	          0.05000493	          0.05001075	          0.06199121	          0.28421707	          0.05000139	          0.05000114	          0.13247192	          0.09223178	          0.05863408	          0.05000024	          0.05000023	          0.05000081	          0.05000514	          0.26822579	          0.09599731	          0.07886797	          0.07938832	          0.06753019	          0.53544014	          0.58295100	          0.09117501	          0.49868594	          0.05000365	          0.24691336	          0.05000014	          0.43721414	          0.41594909	          0.05000147	          0.05000233	          0.33150351	          0.05156852	          0.05000028	          0.05000025	          0.05000043	          0.05000050	          0.05000051	          0.06168253	          0.05000222	          0.05000176	          0.05000174	          0.05000022	          0.05000014	          0.09899520	          0.23974295	          0.17289921	          0.12926551	          0.05000208	          0.05000104	          0.05000027	          0.19551979	          0.20906210	          0.05905236	          0.05000062	          0.05000027	          0.05000021	          0.10977500	          0.11486939	          0.09368071	          0.15114876	          0.05000305	          0.05000066	          0.05000072	          0.05000073	          0.05000038	          0.05000009	          0.05000018	          0.05000003	          0.05000018	          0.05000058	          0.05000058	          0.31257546	          0.15944839	          0.05603478	          0.54468325	          0.35084455	          0.50335044	          0.07266504	          0.05000053	          0.05000034	
          1.98130501	         -2.71515020	          1.13254564	         -3.17725547	          2.64321630	          0.93797309	         -0.00356419	         -3.12366483	          7.25267893	          8.25344220	         23.04300184	         -1.02203540	         -0.02895035	         -6.94663247	        -53.00369873	         -1.55444121	          5.72112279	        -10.74365321	          1.32952451	          4.99874628	          2.63832539	          5.52855141	         -5.09593953	         -3.76486048	         -1.81056824	          1.24325438	         -2.63103715	        -13.45406796	         13.75056053	          0.92576367	        -13.44972533	         19.38743048	         14.47022174	         44.11525480	         86.51662706	         86.51662706	          0.32705986	          0.22065661	          0.18447959	          0.54799533	          0.50877592	          0.43924610	          0.05114570	          0.05000482	          0.05000544	          0.05000068	          0.05000252	          0.05000027	          0.05000054	          0.05000468	          0.05001066	          0.05605853	          0.31469134	          0.05000140	          0.05000119	          0.12343664	          0.09050603	          0.05692438	          0.05000026	          0.05000026	          0.05000081	          0.05000510	          0.25157766	          0.08125625	          0.07480254	          0.07553848	          0.06420555	          0.55409147	          0.60974067	          0.07945751	          0.49851793	          0.05000287	          0.24849312	          0.05000015	          0.43108152	          0.40958750	          0.05000165	          0.05000213	          0.28983639	          0.05000027	          0.05000027	          0.05000025	          0.05000043	          0.05000050	          0.05000052	          0.05221030	          0.05000212	          0.05000172	          0.05000128	          0.05000021	          0.05000013	          0.08379218	          0.25085737	          0.18445422	          0.14553643	          0.05000234	          0.05000110	          0.05000029	          0.18588632	          0.19804216	          0.05000182	          0.05000063	          0.05000029	          0.05000023	          0.12102765	          0.12586794	          0.13137378	          0.14754241	          0.05000291	          0.05000058	          0.05000061	          0.05000060	          0.05000030	          0.05000011	          0.05000023	          0.05000004	          0.05000021	          0.05000056	          0.05000058	          0.31204583	          0.16224542	          0.05961560	          0.51551159	          0.35023737	          0.47324710	          0.07116664	          0.05000066	          0.05000045	
          1.99219130	         -2.71634797	          1.02632582	         -2.84830913	          2.65606448	          0.93806177	         -0.00361889	         -4.59592099	          7.05752118	          8.43258571	         24.04982247	         -0.96796063	         -0.27062229	         -5.70936021	        -51.26682895	         -2.11230877	          6.21155773	        -10.85675399	          0.88652771	          4.88496758	          2.65748501	          6.24390506	         -5.24348924	         -3.82923333	         -1.77449955	          1.12508602	         -2.01586179	        -13.45105724	         13.73231205	          1.10605134	        -13.44980748	         19.38062126	         14.92224955	         42.84504769	         86.51662706	         86.51662706	          0.31344729	          0.21038935	          0.17309039	          0.54789408	          0.49761467	          0.41814459	          0.05888443	          0.05000924	          0.05000837	          0.05000079	          0.05000274	          0.05000027	          0.05000053	          0.05000427	          0.05001023	          0.05138172	          0.34379980	          0.05000135	          0.05000120	          0.10749055	          0.08274218	          0.05535708	          0.05000027	          0.05000026	          0.05000076	          0.05000518	          0.23156766	          0.06877804	          0.06733167	          0.06813043	          0.05862911	          0.57126559	          0.63527968	          0.06878905	          0.49814668	          0.05000229	          0.25105354	          0.05000015	          0.42392283	          0.40224599	          0.05000201	          0.05000203	          0.25406451	          0.05000029	          0.05000023	          0.05000024	          0.05000046	          0.05000056	          0.05000059	          0.05000182	          0.05000215	          0.05000180	          0.05000085	          0.05000021	          0.05000013	          0.07092395	          0.25879493	          0.19503304	          0.16298222	          0.05000289	          0.05000127	          0.05000033	          0.17687999	          0.18267958	          0.05000198	          0.05000070	          0.05000033	          0.05000027	          0.13462118	          0.13835441	          0.17259815	          0.14827353	          0.05000284	          0.05000045	          0.05000052	          0.05000050	          0.05000024	          0.05000015	          0.05000031	          0.05000006	          0.05000025	          0.05000088	          0.05000085	          0.31071478	          0.16259592	          0.06405375	          0.48332691	          0.34863927	          0.43976036	          0.07002782	          0.05231485	          0.05000061	
          2.00307759	         -2.71875494	          0.92008749	         -2.50346606	          2.66897256	          0.93795584	         -0.00366509	         -6.05919859	          6.85075975	          8.59295961	         24.92465460	         -0.90631366	         -0.49578950	         -4.48867428	        -49.26606397	         -2.69943276	          6.57030920	        -10.97103451	          0.48347550	          4.76368235	          2.67913881	          7.00563193	         -5.40761033	         -3.88966899	         -1.73974174	          1.00458741	         -1.40655325	        -13.44975997	         13.74385820	          1.26806635	        -13.44983842	         19.35295502	         15.45345904	         41.51835751	         86.51662706	         86.51662706	          0.29916475	          0.19708855	          0.15857354	          0.54380979	          0.48680037	          0.40026490	          0.06704190	          0.05002563	          0.05000707	          0.05000074	          0.05000242	          0.05000027	          0.05000053	          0.05000398	          0.05001004	          0.05003272	          0.37194664	          0.05000135	          0.05000127	          0.09099969	          0.07004352	          0.05005877	          0.05000029	          0.05000030	          0.05000075	          0.05000481	          0.21194820	          0.05821605	          0.05703024	          0.05770567	          0.05007409	          0.58637635	          0.65784476	          0.06005184	          0.49822263	          0.05000264	          0.25712047	          0.05000015	          0.41108185	          0.39273160	          0.05000225	          0.05000163	          0.23386807	          0.05000016	          0.05000031	          0.05000023	          0.05000045	          0.05000057	          0.05000061	          0.05000236	          0.05000206	          0.05000176	          0.05000054	          0.05000022	          0.05000013	          0.06003198	          0.27457507	          0.20764426	          0.17845090	          0.05000400	          0.05000147	          0.05000036	          0.16787625	          0.17513402	          0.05000200	          0.05000073	          0.05000035	          0.05000031	          0.15208402	          0.15229347	          0.20639774	          0.15508330	          0.05000314	          0.05000039	          0.05000042	          0.05000039	          0.05000019	          0.05000022	          0.05000042	          0.05000010	          0.05000030	          0.05000115	          0.05000108	          0.30886867	          0.16074934	          0.06894071	          0.44980318	          0.35374763	          0.39796236	          0.06859148	          0.06071076	          0.05035019	
          2.01396389	         -2.72242341	          0.81452223	         -2.14509119	          2.68195537	          0.93764962	         -0.00370233	         -7.50932741	          6.63332028	          8.73548097	         25.67214823	         -0.83489063	         -0.70359725	         -3.29463289	        -47.02337245	         -3.31166053	          6.80605524	        -11.08154555	          0.11839375	          4.63613858	          2.70299798	          7.82085167	         -5.58514545	         -3.94534805	         -1.70581064	          0.88155296	         -0.80634940	        -13.44989106	         13.79511521	          1.40679260	        -13.44993645	         19.29809290	         16.05851019	         40.14999348	         86.51662706	         86.51662706	          0.28624005	          0.18156485	          0.14462317	          0.55686974	          0.48283712	          0.38092655	          0.07489729	          0.05121173	          0.05000576	          0.05230953	          0.05004444	          0.05000033	          0.05000055	          0.05000349	          0.05000806	          0.05000345	          0.39840366	          0.05000169	          0.05000177	          0.07703146	          0.05928982	          0.05000576	          0.05000060	          0.05000057	          0.05000084	          0.05000616	          0.18992911	          0.05000075	          0.05000321	          0.05000319	          0.05000257	          0.59954349	          0.67857699	          0.05355553	          0.49723864	          0.05000252	          0.26300794	          0.05000023	          0.39912123	          0.38394730	          0.05000193	          0.05000165	          0.22379121	          0.05000022	          0.05000027	          0.05000025	          0.05000043	          0.05000056	          0.05000062	          0.05000202	          0.05000190	          0.05000172	          0.05000036	          0.05000022	          0.05000013	          0.05081283	          0.27924084	          0.22101261	          0.17859153	          0.05000337	          0.05000136	          0.05000036	          0.15672807	          0.18462518	          0.05000205	          0.05000070	          0.05000035	          0.05000030	          0.17086309	          0.16532296	          0.23754143	          0.15717535	          0.05000320	          0.05000034	          0.05000034	          0.05000031	          0.05000016	          0.05000019	          0.05000038	          0.05000009	          0.05000035	          0.05000132	          0.05000124	          0.30773580	          0.15754476	          0.07400372	          0.41852336	          0.36221398	          0.35991002	          0.06888058	          0.06989663	          0.05001470	
          2.02485018	         -2.72734232	          0.71018654	         -1.77642668	          2.69503030	          0.93713665	         -0.00373106	         -8.94552794	          6.40565237	          8.86214041	         26.30073475	         -0.75204007	         -0.89415357	         -2.13193912	        -44.56911091	         -3.94436035	          6.94044821	        -11.18350331	         -0.21167280	          4.50368423	          2.72930831	          8.69181230	         -5.76947835	         -3.99513188	         -1.67142971	          0.75603351	         -0.21896252	        -13.45063889	         13.89038666	          1.51753666	        -13.45020083	         19.20870027	         16.73067251	         38.75369766	         86.51662706	         86.51662706	          0.27741539	          0.16991549	          0.12867099	          0.55418502	          0.47108638	          0.36885465	          0.07559640	          0.05011003	          0.05000538	          0.12781329	          0.05002263	          0.05000035	          0.05000060	          0.05000345	          0.05000870	          0.05000453	          0.42320588	          0.05000184	          0.05000180	          0.06521062	          0.05019064	          0.05000755	          0.05000073	          0.05000068	          0.05000076	          0.05000489	          0.16080684	          0.05000086	          0.05000502	          0.05000502	          0.05000388	          0.60937636	          0.69358698	          0.05125667	          0.49594723	          0.05000227	          0.27120805	          0.05000018	          0.39114961	          0.37534445	          0.05000289	          0.05000151	          0.23322755	          0.05000021	          0.05000030	          0.05000025	          0.05000046	          0.05000057	          0.05000061	          0.05000219	          0.05000196	          0.05000169	          0.05000025	          0.05000022	          0.05000013	          0.05000054	          0.28460286	          0.23059830	          0.19795712	          0.05000509	          0.05000169	          0.05000044	          0.14431183	          0.17414104	          0.05000202	          0.05000073	          0.05000037	          0.05000035	          0.18566777	          0.17533805	          0.26791354	          0.15410120	          0.05000296	          0.05000029	          0.05000032	          0.05000029	          0.05000014	          0.05000022	          0.05000044	          0.05000012	          0.05000044	          0.05000159	          0.05000153	          0.30879985	          0.15455134	          0.08024124	          0.38433830	          0.37290322	          0.32962990	          0.06815980	          0.07813225	          0.05223464	
          2.03573647	         -2.73349226	          0.60746959	         -1.40047305	          2.70820665	          0.93641062	         -0.00375140	        -10.35663347	          6.16915217	          8.97541473	         26.82482239	         -0.65538865	         -1.06716641	         -1.02513507	        -41.94760705	         -4.58418980	          7.00118159	        -11.26846373	         -0.51119597	          4.36995852	          2.75835828	          9.61843519	         -5.94988926	         -4.03910085	         -1.63527132	          0.62800345	          0.35340372	        -13.45152144	         14.03097573	          1.59731035	        -13.45043023	         19.07668204	         17.46265029	         37.34191745	         86.51662706	         86.51662706	          0.26898091	          0.15994282	          0.11581003	          0.56759107	          0.46855009	          0.35119211	          0.07247329	          0.05004731	          0.05000203	          0.20303637	          0.08507944	          0.05000037	          0.05000056	          0.05000294	          0.05000758	          0.05000315	          0.44681855	          0.05000186	          0.05000200	          0.05522051	          0.05001874	          0.05000683	          0.05000129	          0.05000098	          0.05000077	          0.05000507	          0.13611402	          0.05000075	          0.05000350	          0.05000349	          0.05000292	          0.61714795	          0.70722049	          0.05200757	          0.49467700	          0.05000271	          0.28310845	          0.05000020	          0.37899780	          0.36553844	          0.05000283	          0.05000145	          0.24502180	          0.05000018	          0.05000024	          0.05000024	          0.05000046	          0.05000063	          0.05000072	          0.05000197	          0.05000188	          0.05000174	          0.05000017	          0.05000022	          0.05000012	          0.05000049	          0.30207027	          0.23740890	          0.21479541	          0.05001445	          0.05000222	          0.05000050	          0.13537310	          0.15800666	          0.05000180	          0.05000085	          0.05000045	          0.05000044	          0.20014644	          0.18494354	          0.28986818	          0.14624801	          0.05000315	          0.05000029	          0.05000033	          0.05000030	          0.05000014	          0.05000030	          0.05000059	          0.05000023	          0.05000055	          0.05000179	          0.05000176	          0.31149305	          0.15277763	          0.08670214	          0.35171202	          0.38513243	          0.30527158	          0.06720783	          0.08829103	          0.05357200	
          2.04662276	         -2.74084479	          0.50629477	         -1.02061724	          2.72149497	          0.93546889	         -0.00376298	        -11.73344701	          5.92478731	          9.07744551	         27.26202654	         -0.54287268	         -1.22312579	          0.00554552	        -39.21160224	         -5.21372565	          7.01213124	        -11.32983522	         -0.78450468	          4.23257819	          2.78958723	         10.59217934	         -6.11765655	         -4.07735704	         -1.59544276	          0.49740668	          0.90778086	        -13.45210897	         14.21493248	          1.64399858	        -13.45041285	         18.89473137	         18.24778289	         35.92531622	         86.51662706	         86.51662706	          0.26610491	          0.15389428	          0.10624986	          0.58108550	          0.47036663	          0.33630294	          0.06948953	          0.05015361	          0.05000152	          0.27201691	          0.12969623	          0.05000040	          0.05000057	          0.05000266	          0.05000719	          0.05000281	          0.46813447	          0.05000206	          0.05000228	          0.05005342	          0.05001395	          0.05000609	          0.05000587	          0.07315273	          0.05000075	          0.05000474	          0.11521190	          0.05000067	          0.05000307	          0.05000306	          0.05000260	          0.62207953	          0.71693293	          0.05598886	          0.49322994	          0.05000487	          0.29779108	          0.05000022	          0.36543637	          0.35631667	          0.05000308	          0.05000157	          0.25794047	          0.05000018	          0.05000023	          0.05000024	          0.05000047	          0.05000066	          0.05000076	          0.05000201	          0.05000191	          0.05000176	          0.05000015	          0.05000024	          0.05000013	          0.05000051	          0.26131483	          0.24046695	          0.22127304	          0.05006147	          0.05000266	          0.05000054	          0.12107012	          0.14739495	          0.05000200	          0.05000090	          0.05000049	          0.05000050	          0.21183720	          0.19203873	          0.30296225	          0.14668132	          0.05000308	          0.05000027	          0.05000030	          0.05000028	          0.05000013	          0.05000024	          0.05000047	          0.05000016	          0.05000069	          0.05000241	          0.05000232	          0.31495491	          0.15072127	          0.09257055	          0.32232832	          0.39838646	          0.28442030	          0.06573221	          0.09566934	          0.05748894	
          2.05750905	         -2.74944594	          0.40632401	         -0.63958359	          2.73490787	          0.93431654	         -0.00376542	        -13.06582176	          5.67334052	          9.16922852	         27.62618704	         -0.41256463	         -1.36177807	          0.93801221	        -36.40639440	         -5.81709556	          6.99209544	        -11.35869255	         -1.03679812	          4.09322470	          2.82209616	         11.60228490	         -6.26861613	         -4.10993723	         -1.55007638	          0.36426451	          1.44094301	        -13.45214645	         14.43859243	          1.65543446	        -13.44997942	         18.65651887	         19.08019795	         34.51334991	         86.51662706	         86.51662706	          0.27157214	          0.15621524	          0.09970050	          0.59039244	          0.47127719	          0.33131929	          0.07713022	          0.05640975	          0.05000241	          0.32660459	          0.14371821	          0.05000040	          0.05000058	          0.05000239	          0.05000689	          0.05000310	          0.48698034	          0.05000210	          0.05000225	          0.05003838	          0.05001058	          0.05000591	          0.05000607	          0.13811472	          0.05000070	          0.05000423	          0.09751940	          0.05000055	          0.05000318	          0.05000318	          0.05000271	          0.62434296	          0.72298491	          0.06399771	          0.49149274	          0.06347346	          0.31532685	          0.05000019	          0.35304007	          0.34819659	          0.05000370	          0.05000162	          0.27140629	          0.05000017	          0.05000026	          0.05000027	          0.05000050	          0.05000070	          0.05000082	          0.05000202	          0.05000193	          0.05000182	          0.05000016	          0.05000029	          0.05000016	          0.05000061	          0.22142945	          0.23965537	          0.22097622	          0.06729762	          0.05000380	          0.05000068	          0.10248148	          0.14104090	          0.05000252	          0.05000099	          0.05000055	          0.05000062	          0.21505635	          0.19265436	          0.30784894	          0.12604727	          0.05000295	          0.05000022	          0.05000028	          0.05000025	          0.05000012	          0.05000025	          0.05000051	          0.05000017	          0.05000081	          0.05000288	          0.05000273	          0.31915830	          0.14946243	          0.09827991	          0.29498507	          0.41192528	          0.26587357	          0.06245285	          0.10200068	          0.06602588	
          2.06839534	         -2.75947940	          0.30680839	         -0.25933842	          2.74845586	          0.93296725	         -0.00375883	        -14.33930400	          5.41576648	          9.25077792	         27.92711420	         -0.26238291	         -1.48226790	          1.74277663	        -33.56767722	         -6.37546306	          6.95394245	        -11.34413726	         -1.27287462	          3.95256293	          2.85478934	         12.63797374	         -6.40088841	         -4.13756944	         -1.49710292	          0.22880733	          1.94986746	        -13.45145981	         14.69705951	          1.62991293	        -13.44974795	         18.35903194	         19.95562528	         33.11529160	         86.51662706	         86.51662706	          0.27905524	          0.16135141	          0.09074300	          0.59721298	          0.47525146	          0.32650868	          0.08141596	          0.06238543	          0.05000260	          0.37021048	          0.14493549	          0.05000040	          0.05000057	          0.05000211	          0.05000647	          0.05000300	          0.50474698	          0.05000213	          0.05000231	          0.05003404	          0.05001060	          0.05000602	          0.05021653	          0.21311102	          0.05000067	          0.05000411	          0.08254375	          0.05000047	          0.05000311	          0.05000310	          0.05000265	          0.62411095	          0.72648358	          0.07592955	          0.49019065	          0.12214235	          0.33686776	          0.05000025	          0.33982355	          0.33944639	          0.05000286	          0.05000167	          0.28962564	          0.05000018	          0.05000026	          0.05000029	          0.05000052	          0.05000072	          0.05000081	          0.05000216	          0.05000200	          0.05000184	          0.05000018	          0.05000036	          0.05000019	          0.05000090	          0.18743309	          0.23674605	          0.22038175	          0.09301540	          0.05000474	          0.05000076	          0.08674463	          0.13651009	          0.05000374	          0.05000100	          0.05000057	          0.05000066	          0.21343805	          0.18980955	          0.30480817	          0.11224168	          0.05000314	          0.05000020	          0.05000026	          0.05000023	          0.05000012	          0.05000032	          0.05000063	          0.05000018	          0.05000089	          0.05000354	          0.05000318	          0.32385890	          0.14895317	          0.10345721	          0.27044560	          0.42531731	          0.24998252	          0.05889010	          0.10851551	          0.07486401	
          2.07928163	         -2.77111289	          0.20681666	          0.11816306	          2.76215186	          0.93144179	         -0.00374342	        -15.54073073	          5.15265287	          9.32156433	         28.17114514	         -0.09020151	         -1.58393251	          2.39306250	        -30.72349046	         -6.87087780	          6.90734945	        -11.27273977	         -1.49693549	          3.80977086	          2.88700836	         13.69024408	         -6.51413399	         -4.16100068	         -1.43422725	          0.09132276	          2.42995857	        -13.45030729	         14.98517953	          1.56591016	        -13.45194618	         18.00677008	         20.87303552	         31.74159280	         86.51662706	         86.51662706	          0.28803732	          0.15753379	          0.07681008	          0.58786943	          0.46700471	          0.30782862	          0.08098018	          0.06831726	          0.05000249	          0.40093562	          0.14275367	          0.05000039	          0.05000056	          0.05000192	          0.05000625	          0.05000330	          0.52030413	          0.05000210	          0.05000217	          0.05003036	          0.05001061	          0.05000623	          0.05676038	          0.29346842	          0.05000062	          0.05000348	          0.06986780	          0.05000048	          0.05000336	          0.05000334	          0.05000286	          0.62097277	          0.72580181	          0.09150197	          0.48730706	          0.15788991	          0.35721651	          0.05000017	          0.29065392	          0.33508139	          0.05000400	          0.05000214	          0.30829484	          0.05000018	          0.05000026	          0.05000030	          0.05000051	          0.05000070	          0.05000077	          0.05000210	          0.05000191	          0.05000171	          0.05000024	          0.05000054	          0.05000028	          0.05000217	          0.15864984	          0.23495848	          0.22546603	          0.13502833	          0.05000561	          0.05000084	          0.07342386	          0.13135807	          0.05001446	          0.05000100	          0.05000058	          0.05000077	          0.20504613	          0.18291775	          0.29816481	          0.09507421	          0.05000267	          0.05000018	          0.05000024	          0.05000021	          0.05000011	          0.05000024	          0.05000050	          0.05000012	          0.05000104	          0.05000413	          0.05000386	          0.32855002	          0.14784928	          0.10774938	          0.25125533	          0.43848574	          0.23766800	          0.05553451	          0.11694719	          0.08750851	
          2.09016792	         -2.78452510	          0.10551786	          0.49069826	          2.77600868	          0.92976563	         -0.00372003	        -16.65688066	          4.88389974	          9.38249637	         28.36240215	          0.10648994	         -1.66644005	          2.86243035	        -27.89772303	         -7.28611738	          6.86340017	        -11.12410326	         -1.71330183	          3.66462154	          2.91828817	         14.75367121	         -6.60838320	         -4.18142199	         -1.35880688	         -0.04774971	          2.87524881	        -13.44970879	         15.29997635	          1.46211718	        -13.46064638	         17.61220276	         21.83530010	         30.40515737	         86.51662706	         86.51662706	          0.29822714	          0.15446537	          0.06501606	          0.59145040	          0.46083095	          0.29280020	          0.09841746	          0.07793215	          0.05000665	          0.35242354	          0.13909703	          0.05000042	          0.05000059	          0.05000181	          0.05000608	          0.05000334	          0.53488389	          0.05000234	          0.05000242	          0.05002170	          0.05000841	          0.05000575	          0.09634462	          0.37947762	          0.05000058	          0.05000302	          0.05913865	          0.05000032	          0.05000296	          0.05000293	          0.05000257	          0.61525859	          0.72286990	          0.10970866	          0.48632722	          0.21818924	          0.38814421	          0.05000015	          0.24601730	          0.32761906	          0.05000738	          0.05000498	          0.32258862	          0.05000016	          0.05000025	          0.05000030	          0.05000061	          0.05000078	          0.05000085	          0.05000223	          0.05000204	          0.05000189	          0.05000040	          0.05000077	          0.05000036	          0.05217725	          0.13428601	          0.21845695	          0.22716942	          0.17619417	          0.06408019	          0.05000518	          0.06214876	          0.11123501	          0.10123668	          0.05000112	          0.05000068	          0.05000122	          0.19127579	          0.17339302	          0.28305574	          0.08049505	          0.05000266	          0.05000017	          0.05000024	          0.05000022	          0.05000012	          0.05000063	          0.05000117	          0.05000031	          0.05000093	          0.05000214	          0.05000236	          0.33350604	          0.14941846	          0.11218041	          0.23469579	          0.45036031	          0.22933121	          0.05005007	          0.12645700	          0.10248152	
          2.10105422	         -2.79986715	          0.00201050	          0.85626658	          2.79004187	          0.92796768	         -0.00368902	        -17.67972390	          4.60759275	          9.43400331	         28.50517376	          0.33027935	         -1.72993142	          3.13612652	        -25.12085865	         -7.61121216	          6.83074856	        -10.87544418	         -1.92586209	          3.51028430	          2.95134180	         15.83087994	         -6.67961614	         -4.20007830	         -1.26805914	         -0.18814170	          3.27810110	        -13.45229307	         15.64354273	          1.31666048	        -13.47991695	         17.19017063	         22.84958862	         29.11980165	         86.51662706	         86.51662706	          0.30795149	          0.16159531	          0.05512148	          0.59825339	          0.46239398	          0.28475191	          0.10716228	          0.08315327	          0.05051593	          0.29830206	          0.12463559	          0.05000035	          0.05000051	          0.05000149	          0.05000546	          0.05000381	          0.54841671	          0.05000177	          0.05000225	          0.05003096	          0.05001236	          0.05000673	          0.15419818	          0.46935721	          0.05000051	          0.05000289	          0.05005778	          0.05000027	          0.05000244	          0.05000241	          0.05000218	          0.60621475	          0.71534572	          0.13157348	          0.48415566	          0.27326224	          0.42076016	          0.05000021	          0.20823557	          0.31464078	          0.05000191	          0.05000472	          0.32806769	          0.05000010	          0.05000061	          0.05000187	          0.05000081	          0.05000130	          0.05000160	          0.05000275	          0.05000264	          0.05000257	          0.05000205	          0.05000802	          0.05441271	          0.06721912	          0.11366360	          0.18868496	          0.20290642	          0.18632772	          0.11692130	          0.07133534	          0.05260588	          0.09416901	          0.17398735	          0.05000258	          0.05000194	          0.06870443	          0.17523829	          0.16319503	          0.25258120	          0.06816568	          0.05000413	          0.05000016	          0.05000026	          0.05000023	          0.05000013	          0.05000182	          0.05000285	          0.05000040	          0.05000099	          0.05000276	          0.05000287	          0.33702489	          0.14914442	          0.11711420	          0.22072902	          0.46351782	          0.22343060	          0.05000015	          0.12957016	          0.11289263	
          2.11194051	         -2.81696539	         -0.10512992	          1.21417567	          2.80427860	          0.92608327	         -0.00365183	        -18.60231445	          4.32140194	          9.47355319	         28.60014221	          0.58335337	         -1.77421847	          3.20052925	        -22.43257696	         -7.84613255	          6.81004207	        -10.50475486	         -2.13718872	          3.34485895	          2.98640398	         16.92588906	         -6.72319194	         -4.21589593	         -1.15899501	         -0.32904495	          3.63045574	        -13.46164020	         16.02723280	          1.12507270	        -13.51173947	         16.74972868	         23.92231416	         27.89637942	         86.51662706	         86.51662706	          0.31666182	          0.16659409	          0.05197106	          0.58761338	          0.45766239	          0.26482935	          0.09071625	          0.07729104	          0.05000670	          0.25249090	          0.14108600	          0.05000040	          0.05000055	          0.05000141	          0.05000510	          0.05000327	          0.56067936	          0.05000220	          0.05000245	          0.05002341	          0.05000876	          0.05000553	          0.25798037	          0.55841978	          0.05000054	          0.05000295	          0.05000434	          0.06745911	          0.05000245	          0.05000241	          0.05000221	          0.59387124	          0.70368971	          0.15659967	          0.47824633	          0.31499117	          0.44922712	          0.05000023	          0.17625611	          0.28385717	          0.05000128	          0.05000223	          0.31295717	          0.05000013	          0.05000049	          0.05000167	          0.05000077	          0.05000116	          0.05000143	          0.05000263	          0.05000247	          0.05000239	          0.05000432	          0.05596087	          0.12039544	          0.06438925	          0.09620833	          0.17330743	          0.19237750	          0.19363824	          0.14298925	          0.09313005	          0.05000342	          0.07976260	          0.19445915	          0.05000227	          0.05000198	          0.09022455	          0.15989894	          0.15353549	          0.21379567	          0.05771959	          0.05000318	          0.05000017	          0.05000030	          0.05000027	          0.05000016	          0.05000037	          0.05000079	          0.05000017	          0.05000155	          0.05030446	          0.05001111	          0.33932554	          0.14866138	          0.12245849	          0.20715802	          0.47472305	          0.22208800	          0.05000029	          0.12719816	          0.12082994	
          2.12282680	         -2.83529649	         -0.21698082	          1.56538257	          2.81874948	          0.92415608	         -0.00360711	        -19.41087873	          4.02410722	          9.49790242	         28.64693238	          0.86790791	         -1.79872521	          3.02966028	        -19.89458420	         -7.99273256	          6.80537367	         -9.98979057	         -2.35096198	          3.16888813	          3.01960689	         18.03708143	         -6.74301368	         -4.22685637	         -1.03046247	         -0.46982507	          3.92610768	        -13.48250911	         16.47047495	          0.88202030	        -13.55268065	         16.28366595	         25.05578903	         26.73978835	         86.51662706	         86.51662706	          0.32927886	          0.16391665	          0.05001844	          0.56760093	          0.44595619	          0.22420668	          0.07678807	          0.06544701	          0.05000251	          0.21371499	          0.16524081	          0.05000041	          0.05000056	          0.05000135	          0.05000505	          0.05000355	          0.57163101	          0.05000219	          0.05000231	          0.05002168	          0.05000933	          0.05000590	          0.35442641	          0.64203101	          0.05000056	          0.05000306	          0.05000487	          0.09584969	          0.05000263	          0.05000260	          0.05000238	          0.57794412	          0.68839543	          0.18572650	          0.47008202	          0.35114319	          0.47562501	          0.05000014	          0.14918785	          0.24307185	          0.05000087	          0.05000141	          0.26489736	          0.05000011	          0.05000047	          0.05000061	          0.05000119	          0.05000156	          0.05000159	          0.05000335	          0.05000315	          0.05000287	          0.05884740	          0.05991082	          0.18023998	          0.05451530	          0.08143376	          0.17128317	          0.18697440	          0.19347958	          0.16058070	          0.11246455	          0.05000437	          0.07212160	          0.18990388	          0.05000316	          0.05000287	          0.10393197	          0.14319180	          0.14180297	          0.18096357	          0.05002174	          0.05000234	          0.05000019	          0.05000036	          0.05000032	          0.05000020	          0.05000008	          0.05000019	          0.05000004	          0.05000178	          0.05283286	          0.05006454	          0.34149154	          0.15036184	          0.12567283	          0.20436551	          0.48554867	          0.22403972	          0.05000031	          0.12722736	          0.12690345	
          2.13371309	         -2.85422345	         -0.33370725	          1.91067580	          2.83348521	          0.92223264	         -0.00355162	        -20.09322970	          3.71475710	          9.50500051	         28.64722636	          1.18549373	         -1.80363400	          2.60211895	        -17.58242686	         -8.06121914	          6.83000981	         -9.30952779	         -2.57170240	          2.97912496	          3.04517021	         19.16782856	         -6.74155101	         -4.23075828	         -0.88268992	         -0.60999545	          4.16074030	        -13.52002663	         16.99877073	          0.58293731	        -13.59246541	         15.75629705	         26.24638115	         25.64780354	         86.51662706	         86.51662706	          0.34558410	          0.15028515	          0.05000207	          0.55515697	          0.41997260	          0.18977754	          0.06499800	          0.05546275	          0.05000180	          0.18089400	          0.17980937	          0.05000050	          0.05000063	          0.05000133	          0.05000483	          0.05000302	          0.58094771	          0.05000311	          0.05000315	          0.05001465	          0.05000634	          0.05000469	          0.44083839	          0.71618444	          0.05000055	          0.05000267	          0.05000304	          0.12811582	          0.05000204	          0.05000201	          0.05000191	          0.55886091	          0.67265211	          0.22115295	          0.45887330	          0.38890376	          0.49953164	          0.05000019	          0.12627658	          0.20574304	          0.05000151	          0.05000129	          0.22421631	          0.05000012	          0.05000026	          0.05000032	          0.05000331	          0.05000156	          0.05000100	          0.05001513	          0.05000571	          0.05000288	          0.08371060	          0.05072199	          0.22439595	          0.05000259	          0.06892841	          0.17695449	          0.19373878	          0.19729262	          0.17134351	          0.12624782	          0.05000322	          0.08138824	          0.16077053	          0.05000199	          0.05000146	          0.11150375	          0.12142560	          0.12711459	          0.15317340	          0.05000486	          0.05000156	          0.05000024	          0.05000052	          0.05000047	          0.05000030	          0.05000157	          0.05000262	          0.05026043	          0.05000100	          0.05000203	          0.05000233	          0.34455417	          0.15723743	          0.12887933	          0.19308475	          0.49378472	          0.22373419	          0.05000079	          0.12818830	          0.12943153	
          2.14459938	         -2.87301403	         -0.45407471	          2.25010361	          2.84851868	          0.92035741	         -0.00348112	        -20.64333622	          3.39270856	          9.49336252	         28.60216032	          1.53629754	         -1.78928802	          1.91009932	        -15.56291839	         -8.05934679	          6.87921557	         -8.45083571	         -2.80016551	          2.73556950	          3.07084077	         20.36583679	         -6.70448006	         -4.22480433	         -0.71737683	         -0.74917846	          4.33199253	        -13.57937207	         17.64450899	          0.22483852	        -13.61179966	         15.08774788	         27.48261990	         24.60792790	         86.51662706	         86.51662706	          0.37392177	          0.14492829	          0.05000324	          0.54962717	          0.36263295	          0.16063387	          0.05501777	          0.05000164	          0.05000080	          0.15311343	          0.18238061	          0.05000048	          0.05000060	          0.05000125	          0.05000457	          0.05000308	          0.58952955	          0.05000266	          0.05000214	          0.05001890	          0.05000813	          0.05000527	          0.52006008	          0.77947389	          0.05000058	          0.05000272	          0.05000169	          0.16448544	          0.05000236	          0.05000236	          0.05000206	          0.53175125	          0.64599835	          0.25202525	          0.44384814	          0.41861303	          0.51960034	          0.05000015	          0.10688389	          0.17414897	          0.05000110	          0.05000065	          0.18978270	          0.05000012	          0.05000019	          0.05000022	          0.05000078	          0.05000107	          0.05000099	          0.05000368	          0.05000263	          0.05000213	          0.13786419	          0.05000190	          0.26093533	          0.05000156	          0.05834418	          0.17428034	          0.20109893	          0.18670109	          0.16181473	          0.13227061	          0.05000231	          0.08197555	          0.13610519	          0.05000178	          0.05000143	          0.11479427	          0.10277984	          0.11568754	          0.12967675	          0.05003790	          0.05000344	          0.05000036	          0.05000082	          0.05000073	          0.05000049	          0.05093893	          0.05000728	          0.05331287	          0.05000093	          0.05000292	          0.05000301	          0.34575721	          0.15993604	          0.13453230	          0.18993743	          0.50513031	          0.22988680	          0.05351746	          0.12898124	          0.12658582	
          2.15548567	         -2.89063191	         -0.57545892	          2.58383083	          2.86388504	          0.91856629	         -0.00339316	        -21.06077506	          3.05842855	          9.46147886	         28.51773257	          1.91786251	         -1.75335204	          0.95674502	        -13.90827863	         -7.98564299	          6.92257126	         -7.41109482	         -3.03696469	          2.36647029	          3.10087076	         21.69939980	         -6.61408877	         -4.20509334	         -0.53747991	         -0.88662832	          4.44126777	        -13.66550370	         18.45192240	         -0.19380515	        -13.58018364	         14.13162131	         28.74274993	         23.59564626	         86.51662706	         86.51662706	          0.38341284	          0.13388751	          0.05000180	          0.59772760	          0.30694437	          0.13596537	          0.05000202	          0.05000068	          0.05000055	          0.12959922	          0.17647411	          0.05000046	          0.05000059	          0.05000120	          0.05000469	          0.05000404	          0.59578224	          0.05000247	          0.05000127	          0.05002198	          0.05000930	          0.05000561	          0.58170438	          0.82796618	          0.05000050	          0.05000274	          0.05000179	          0.20660940	          0.08322511	          0.08655366	          0.07663229	          0.49550966	          0.59676111	          0.26379915	          0.41964202	          0.43867437	          0.52595834	          0.05000006	          0.09046944	          0.14740441	          0.05000041	          0.05000030	          0.16063713	          0.05000014	          0.05000021	          0.05000024	          0.05000237	          0.05000198	          0.05000168	          0.05000512	          0.05000432	          0.05000331	          0.18061407	          0.05000656	          0.32053056	          0.05000141	          0.05000360	          0.17341311	          0.17642152	          0.18398498	          0.15850483	          0.13649501	          0.05001430	          0.06944121	          0.11838896	          0.05000396	          0.05000413	          0.11337539	          0.08699613	          0.09998254	          0.11071442	          0.05000928	          0.05000168	          0.05000087	          0.05000265	          0.05000230	          0.05000144	          0.06177693	          0.05000212	          0.05361449	          0.05000129	          0.05000321	          0.05000342	          0.34724180	          0.16196359	          0.13625741	          0.20911949	          0.51674263	          0.25198800	          0.05883087	          0.11799158	          0.12568883	
          2.16637196	         -2.90590786	         -0.69661121	          2.91048683	          2.87962193	          0.91687813	         -0.00328371	        -21.35090651	          2.71050164	          9.40659513	         28.40364772	          2.32826494	         -1.69627827	         -0.24151777	        -12.69913067	         -7.88072671	          6.92935576	         -6.19142271	         -3.28333497	          1.84565938	          3.13275318	         23.22579845	         -6.46072951	         -4.16663300	         -0.34713935	         -1.02205318	          4.47104876	        -13.71486022	         19.08495243	         -0.66892626	        -13.51922730	         13.09414429	         29.98804382	         22.59859678	         86.51662706	         86.51662706	          0.40719232	          0.11401746	          0.05000049	          0.61804936	          0.25980645	          0.11508518	          0.05000220	          0.05000050	          0.05000038	          0.10969619	          0.16063501	          0.05000039	          0.05000048	          0.05000087	          0.05000324	          0.05000262	          0.59768004	          0.05000212	          0.05000104	          0.05001120	          0.05000531	          0.05000367	          0.62518237	          0.85962210	          0.05000035	          0.05000162	          0.05000077	          0.25421041	          0.07045177	          0.07326965	          0.06592571	          0.46154996	          0.56506744	          0.28362446	          0.40328789	          0.49912188	          0.54490369	          0.05000004	          0.07657574	          0.12476695	          0.05000032	          0.05000025	          0.13596750	          0.05000008	          0.05000015	          0.05000016	          0.05000246	          0.05000145	          0.05000128	          0.05000305	          0.05000290	          0.05000283	          0.21080990	          0.06473158	          0.35357983	          0.05000092	          0.05000284	          0.15493703	          0.17939109	          0.15686716	          0.14481603	          0.14328387	          0.05001434	          0.06740228	          0.13345006	          0.05000298	          0.05000301	          0.11779666	          0.07363613	          0.08462845	          0.09486805	          0.05000537	          0.05000157	          0.05000107	          0.05000684	          0.05000552	          0.05000274	          0.07941131	          0.05000184	          0.05219724	          0.05000343	          0.05258508	          0.05001037	          0.35012344	          0.16679242	          0.14482137	          0.20580445	          0.53053315	          0.27402568	          0.06198047	          0.10919625	          0.12224987	
