name C:\Users\u0150099\Documents\master_thesis\3dpredictsim\Results\debug\Fal_s1_mtjc2_sc_cspx10_oy2_ATx70_MTc2_MTPm_k1_d01_MTJm_nl_MG_exp5_table_d01_PF_Natali2010_x3_ls146_ig21_wAk1e+04_wa2e+03_wpMnD1e+03.mot
datacolumns 128
datarows 200
range 0.000000 2.154169
endheader
time	pelvis_tilt	pelvis_list	pelvis_rotation	pelvis_tx	pelvis_ty	pelvis_tz	hip_flexion_l	hip_adduction_l	hip_rotation_l	hip_flexion_r	hip_adduction_r	hip_rotation_r	knee_angle_l	knee_angle_r	ankle_angle_l	ankle_angle_r	subtalar_angle_l	subtalar_angle_r	mtj_angle_l	mtj_angle_r	mtp_angle_l	mtp_angle_r	lumbar_extension	lumbar_bending	lumbar_rotation	arm_flex_l	arm_add_l	arm_rot_l	arm_flex_r	arm_add_r	arm_rot_r	elbow_flex_l	elbow_flex_r	pro_sup_l	pro_sup_r	glut_med1_l/activation	glut_med2_l/activation	glut_med3_l/activation	glut_min1_l/activation	glut_min2_l/activation	glut_min3_l/activation	semimem_l/activation	semiten_l/activation	bifemlh_l/activation	bifemsh_l/activation	sar_l/activation	add_long_l/activation	add_brev_l/activation	add_mag1_l/activation	add_mag2_l/activation	add_mag3_l/activation	tfl_l/activation	pect_l/activation	grac_l/activation	glut_max1_l/activation	glut_max2_l/activation	glut_max3_l/activation	iliacus_l/activation	psoas_l/activation	quad_fem_l/activation	gem_l/activation	peri_l/activation	rect_fem_l/activation	vas_med_l/activation	vas_int_l/activation	vas_lat_l/activation	med_gas_l/activation	lat_gas_l/activation	soleus_l/activation	tib_post_l/activation	flex_dig_l/activation	flex_hal_l/activation	tib_ant_l/activation	per_brev_l/activation	per_long_l/activation	per_tert_l/activation	ext_dig_l/activation	ext_hal_l/activation	ercspn_l/activation	intobl_l/activation	extobl_l/activation	glut_med1_r/activation	glut_med2_r/activation	glut_med3_r/activation	glut_min1_r/activation	glut_min2_r/activation	glut_min3_r/activation	semimem_r/activation	semiten_r/activation	bifemlh_r/activation	bifemsh_r/activation	sar_r/activation	add_long_r/activation	add_brev_r/activation	add_mag1_r/activation	add_mag2_r/activation	add_mag3_r/activation	tfl_r/activation	pect_r/activation	grac_r/activation	glut_max1_r/activation	glut_max2_r/activation	glut_max3_r/activation	iliacus_r/activation	psoas_r/activation	quad_fem_r/activation	gem_r/activation	peri_r/activation	rect_fem_r/activation	vas_med_r/activation	vas_int_r/activation	vas_lat_r/activation	med_gas_r/activation	lat_gas_r/activation	soleus_r/activation	tib_post_r/activation	flex_dig_r/activation	flex_hal_r/activation	tib_ant_r/activation	per_brev_r/activation	per_long_r/activation	per_tert_r/activation	ext_dig_r/activation	ext_hal_r/activation	ercspn_r/activation	intobl_r/activation	extobl_r/activation	
          0.00000000	         -2.90661532	         -2.05049392	          6.36926777	          0.00000000	          0.90728548	         -0.00855839	        -17.38996769	          0.93927680	         11.83923731	         23.92754512	          2.34848519	         -4.19168927	         -7.56337780	          1.92754563	          6.70951281	          1.53184739	         -1.11190054	         -4.03348633	          0.16567200	          2.67939759	         13.21368498	         -7.54469691	         -2.10175690	          1.37294156	         -4.41363431	          2.21268637	        -14.00833154	         19.38771629	         -7.50015453	        -13.53635895	          2.85061975	         37.66685480	         26.08204855	         86.51662706	         86.51662706	          0.46793204	          0.09707573	          0.05902082	          0.64017522	          0.26442835	          0.11458979	          0.05000032	          0.05000004	          0.05000003	          0.08702490	          0.11886144	          0.05000001	          0.05000002	          0.05000005	          0.05000018	          0.05000016	          0.58980852	          0.05000011	          0.05000008	          0.05000094	          0.05000037	          0.05000019	          0.39322755	          0.66209281	          0.05000002	          0.05000019	          0.05000012	          0.14887057	          0.05000484	          0.05000768	          0.05000364	          0.43529998	          0.49880598	          0.39674065	          0.37783622	          0.28381318	          0.40766599	          0.05000000	          0.09707454	          0.20852900	          0.05000002	          0.05000000	          0.09592174	          0.05000000	          0.05000000	          0.05000000	          0.06806659	          0.05000031	          0.05000119	          0.05000008	          0.05000011	          0.05000026	          0.37466324	          0.06966971	          0.09597974	          0.05000004	          0.05000008	          0.19711365	          0.21093950	          0.20954883	          0.18778003	          0.10803396	          0.05000013	          0.05000458	          0.14198488	          0.05902162	          0.07080796	          0.09778349	          0.05000002	          0.05000002	          0.14260335	          0.05000015	          0.05000004	          0.05000009	          0.05903741	          0.05976809	          0.05902131	          0.05000002	          0.05000002	          0.05000002	          0.05000006	          0.06613027	          0.05000076	          0.24166805	          0.10242746	          0.12612230	          0.21788522	          0.47082206	          0.25299718	          0.07724821	          0.09167558	          0.05000043	
          0.01082497	         -2.92128841	         -2.16810445	          6.66980471	          0.01742403	          0.90701299	         -0.00850586	        -17.43480597	          0.63260638	         11.45722518	         23.11800663	          2.81476662	         -3.86070827	         -9.23695874	          2.36415186	          6.07852136	          1.09538358	         -0.40201880	         -4.08463261	         -1.03512207	          2.76214077	         16.30178011	         -7.60054286	         -1.79792087	          1.57410741	         -4.61689182	          1.70125216	        -13.97582959	         19.28945295	         -8.37838611	        -13.47059186	          2.33043557	         39.17468168	         25.66899507	         86.51662706	         86.51662706	          0.39641319	          0.08223856	          0.05000002	          0.54233018	          0.22401283	          0.09707576	          0.05000031	          0.05000003	          0.05000002	          0.07372392	          0.10069457	          0.05000035	          0.05000015	          0.05000012	          0.05000030	          0.05000014	          0.59372029	          0.05002525	          0.05000010	          0.05000023	          0.05000013	          0.05000011	          0.33312627	          0.59651497	          0.05000001	          0.05000008	          0.05000002	          0.12611702	          0.08800517	          0.09381494	          0.07715892	          0.36937146	          0.43128914	          0.35802764	          0.34900449	          0.31717811	          0.41280551	          0.05000000	          0.08223757	          0.17665719	          0.05000002	          0.05000000	          0.08126096	          0.05000012	          0.05000000	          0.05000000	          0.05766327	          0.05000043	          0.05000003	          0.05902079	          0.05902071	          0.05000030	          0.33722470	          0.05902136	          0.08131011	          0.05000111	          0.05000016	          0.17204997	          0.18604970	          0.17752157	          0.17008601	          0.10913901	          0.05000004	          0.08522117	          0.15258728	          0.05000076	          0.05998564	          0.08654303	          0.05000013	          0.05000006	          0.35868878	          0.08223716	          0.05902081	          0.05000004	          0.05001427	          0.05063327	          0.05000073	          0.05926282	          0.05000117	          0.05000000	          0.05000635	          0.08012840	          0.08222639	          0.23779799	          0.14663784	          0.13703413	          0.18710352	          0.48985628	          0.24492494	          0.06544151	          0.07766378	          0.05000001	
          0.02164994	         -2.92870358	         -2.32685070	          6.93688490	          0.03516498	          0.90687510	         -0.00840393	        -17.35249699	          0.26128377	         10.97344496	         22.30367986	          3.26836681	         -3.52294667	        -11.09342350	          2.30459309	          5.27241899	         -0.05600672	          0.47294035	         -4.09368981	         -2.37764031	          2.78519019	         19.65688244	         -7.66895559	         -1.46423543	          1.81893899	         -4.79681965	          1.11264670	        -13.92166648	         19.11435813	         -9.23929168	        -13.44970710	          2.18651719	         40.66798374	         25.15427460	         86.51662706	         86.51662706	          0.33582495	          0.06966913	          0.05000003	          0.45943984	          0.18977447	          0.08223860	          0.05000041	          0.05000004	          0.05000003	          0.06245587	          0.08530433	          0.12934152	          0.05000010	          0.05000016	          0.05000052	          0.05000387	          0.59387000	          0.05000022	          0.05000009	          0.05000067	          0.05000041	          0.05000035	          0.28221088	          0.55110290	          0.05000003	          0.05000024	          0.05000008	          0.10684115	          0.08223856	          0.08223855	          0.08223852	          0.31291629	          0.36537041	          0.30330627	          0.29566228	          0.30250014	          0.35840793	          0.05000000	          0.06966829	          0.14965670	          0.05000001	          0.05000000	          0.06884097	          0.05118051	          0.05160554	          0.05000000	          0.05000000	          0.05000001	          0.07152996	          0.05000001	          0.05000001	          0.05000002	          0.28645890	          0.05000049	          0.06888259	          0.05000001	          0.05000008	          0.14575372	          0.31325277	          0.29780551	          0.23381360	          0.11488114	          0.05000006	          0.07220481	          0.16643621	          0.06280300	          0.08753568	          0.11721224	          0.05000003	          0.05000006	          0.44018459	          0.06966915	          0.05000005	          0.05902084	          0.10040236	          0.10432470	          0.07941674	          0.05902082	          0.06147219	          0.05902080	          0.05000001	          0.06788152	          0.06965891	          0.28538221	          0.15711428	          0.13397724	          0.29698775	          0.54019781	          0.20749047	          0.05543936	          0.06579356	          0.05000004	
          0.03247491	         -2.93006623	         -2.57052085	          7.17324661	          0.05309612	          0.90688698	         -0.00830739	        -17.08051057	         -0.20450738	         10.39749191	         21.44247337	          3.67387111	         -3.09314258	        -13.20860589	          2.10975204	          4.23245238	         -1.69900215	          1.45515657	         -4.00687474	         -3.81736032	          2.94578857	         23.26443926	         -7.68840556	         -1.10662135	          2.16146844	         -4.95211542	          0.47501067	        -13.83836697	         18.91931659	        -10.06322927	        -13.48763450	          2.38953674	         42.13306433	         24.53653216	         86.51662706	         86.51662706	          0.28449709	          0.05902083	          0.05000001	          0.38921858	          0.16076914	          0.06966917	          0.05000046	          0.05000004	          0.05000003	          0.05291005	          0.07226638	          0.21508874	          0.05000005	          0.05000007	          0.05000019	          0.05000014	          0.59022812	          0.05000057	          0.05000008	          0.05000035	          0.05000018	          0.05000011	          0.23907745	          0.53144654	          0.05000001	          0.05000009	          0.05000002	          0.09051143	          0.06966913	          0.06966913	          0.06966910	          0.26508980	          0.30952678	          0.25694859	          0.25047292	          0.25626574	          0.30362850	          0.05000000	          0.05902011	          0.12678300	          0.05000001	          0.05000000	          0.05831928	          0.07677053	          0.05000000	          0.05000001	          0.26731717	          0.26750442	          0.25894341	          0.12467971	          0.09707906	          0.10616152	          0.24447969	          0.10600983	          0.08336992	          0.06966892	          0.05000011	          0.12347656	          0.26537486	          0.25228860	          0.19807732	          0.12752067	          0.05000009	          0.06116904	          0.14109501	          0.15318857	          0.11151965	          0.09929744	          0.05000003	          0.05000002	          0.37290628	          0.05902087	          0.05034695	          0.05000003	          0.08505679	          0.08837963	          0.06727863	          0.05000001	          0.05207671	          0.05000000	          0.05901220	          0.05750644	          0.05901217	          0.35165706	          0.13310077	          0.12584181	          0.25159582	          0.66751301	          0.53968417	          0.05000000	          0.07418886	          0.05000000	
          0.04329989	         -2.92965068	         -2.87284443	          7.36413427	          0.07095324	          0.90723061	         -0.00809122	        -16.51652144	         -0.72836050	          9.76062532	         20.51989222	          4.12887351	         -2.79344406	        -15.69140211	          2.17393435	          2.79571789	         -3.93513161	          2.48963330	         -3.94519030	         -5.33876534	          3.22633467	         27.15170973	         -7.87891015	         -0.75354724	          2.55886252	         -5.07818204	         -0.15843592	        -13.74611680	         18.73882472	        -10.77164495	        -13.54713046	          2.92802145	         43.51559542	         23.74251750	         86.51662706	         86.51662706	          0.24101423	          0.05000004	          0.05000001	          0.32972998	          0.13619701	          0.05902087	          0.05000106	          0.05000007	          0.05000006	          0.05000002	          0.06122116	          0.29564701	          0.06023718	          0.05000018	          0.05000047	          0.05000046	          0.57771661	          0.14165660	          0.05000018	          0.05000027	          0.05000015	          0.05000013	          0.20253658	          0.45021964	          0.05000002	          0.05000011	          0.05000003	          0.07667756	          0.05902083	          0.05902083	          0.05902080	          0.22457317	          0.26221834	          0.21767627	          0.21219035	          0.21709780	          0.25722159	          0.09549426	          0.05000000	          0.10740534	          0.05000002	          0.05000000	          0.05000001	          0.09356704	          0.05000000	          0.05000000	          0.29810606	          0.32577611	          0.34067170	          0.10562355	          0.08224142	          0.08993574	          0.20863327	          0.12575144	          0.09113825	          0.05902072	          0.05000009	          0.10460427	          0.22481469	          0.21372861	          0.16780875	          0.16368122	          0.05000003	          0.05182003	          0.14290010	          0.22752912	          0.16561310	          0.14469233	          0.05000001	          0.05000001	          0.31591088	          0.05000027	          0.05000075	          0.05000001	          0.07205671	          0.07487169	          0.05699579	          0.05000000	          0.05000001	          0.05000000	          0.05000002	          0.05000003	          0.05000004	          0.42367635	          0.18360451	          0.14527593	          0.38276275	          0.80688048	          0.65806089	          0.05185117	          0.06284977	          0.05000001	
          0.05412486	         -2.92793003	         -3.18076985	          7.51549748	          0.08848011	          0.90797536	         -0.00773656	        -15.58335260	         -1.25801520	          9.10905338	         19.60304630	          4.60990665	         -2.56081034	        -18.62986725	          2.24094641	          0.85645025	         -5.96736982	          3.65458487	         -3.89601835	         -6.84079916	          3.54129753	         31.00781814	         -8.07249647	         -0.43885898	          2.94866531	         -5.18256455	         -0.73679488	        -13.66201363	         18.59836985	        -11.31290522	        -13.60324069	          3.77975298	         44.78142951	         22.75552361	         86.51662706	         86.51662706	          0.20417734	          0.05000002	          0.05000000	          0.27933369	          0.11538052	          0.05000009	          0.05002503	          0.05002375	          0.05000863	          0.05000002	          0.05186412	          0.34729040	          0.45368200	          0.21916723	          0.05709759	          0.06966881	          0.56431923	          0.19233917	          0.05000015	          0.05000031	          0.05000018	          0.05000013	          0.17158066	          0.38140755	          0.05000001	          0.05000010	          0.05000003	          0.06495807	          0.05000004	          0.05000004	          0.05000002	          0.19024914	          0.22214059	          0.18440637	          0.17975893	          0.18391633	          0.21790756	          0.26589441	          0.05902081	          0.09098939	          0.05000010	          0.05000030	          0.05000009	          0.08293147	          0.05000000	          0.05000000	          0.38926269	          0.39078782	          0.41422077	          0.08947994	          0.06967158	          0.07618994	          0.17725146	          0.13239036	          0.09216858	          0.05000004	          0.05000004	          0.08861644	          0.19045469	          0.25766382	          0.28967165	          0.18074155	          0.05000003	          0.05000036	          0.16059168	          0.29009603	          0.21315820	          0.19235728	          0.05000000	          0.05000000	          0.26762730	          0.05901042	          0.06899136	          0.05000001	          0.13738603	          0.14322270	          0.10858196	          0.05000000	          0.05000001	          0.05000000	          0.05000002	          0.05000008	          0.05000009	          0.52097099	          0.20382879	          0.13719301	          0.41446308	          0.88782977	          0.79658800	          0.06826939	          0.05773385	          0.05000001	
          0.06494983	         -2.92567446	         -3.46173467	          7.62764463	          0.10544911	          0.90904981	         -0.00729023	        -14.24106830	         -1.74935529	          8.53923367	         18.72016239	          5.07566057	         -2.36426876	        -22.09669433	          2.19686222	         -1.52727700	         -7.40616298	          5.11243062	         -3.87830090	         -8.08960852	          3.76381781	         34.01343308	         -8.30289022	         -0.19176921	          3.30479172	         -5.25651139	         -1.21655220	        -13.59023601	         18.51652438	        -11.67038865	        -13.65475132	          4.90296618	         45.92394486	         21.62008094	         86.51662706	         86.51662706	          0.17297064	          0.05000003	          0.05000003	          0.23664003	          0.09774566	          0.05000009	          0.07289960	          0.05902115	          0.06119795	          0.05000005	          0.05000017	          0.32388578	          0.62889388	          0.18566955	          0.05913601	          0.05902069	          0.55976230	          0.30418559	          0.12295136	          0.05000053	          0.05000037	          0.05000076	          0.14535607	          0.32311277	          0.06495829	          0.05000116	          0.05000015	          0.05502981	          0.05000000	          0.05000000	          0.05000000	          0.16117124	          0.18818836	          0.15622149	          0.15228437	          0.15580635	          0.18460235	          0.22525483	          0.05000004	          0.07708252	          0.08224691	          0.19512005	          0.44820854	          0.09382215	          0.05000000	          0.05000000	          0.45841537	          0.44338662	          0.45465148	          0.07580379	          0.05902300	          0.06454525	          0.15016023	          0.13232180	          0.09110823	          0.05000007	          0.05000004	          0.07507221	          0.16134546	          0.21828244	          0.25021531	          0.18423183	          0.05000003	          0.05000070	          0.13878830	          0.29673839	          0.21851030	          0.19239878	          0.05000000	          0.05000000	          0.22672286	          0.05000012	          0.10149242	          0.05000001	          0.11639360	          0.12133815	          0.09199181	          0.05000000	          0.05000001	          0.05000000	          0.05000003	          0.05000008	          0.05000010	          0.56912569	          0.18346100	          0.13349949	          0.51416004	          0.93484781	          0.88185154	          0.06605407	          0.05000001	          0.05000002	
          0.07577480	         -2.92414630	         -3.71457307	          7.70527555	          0.12175412	          0.91033737	         -0.00678637	        -12.56021515	         -2.18877506	          8.10285351	         17.88351973	          5.51808459	         -2.18843996	        -25.94301498	          2.06463357	         -4.33172193	         -8.42459943	          6.76800274	         -3.87420818	         -8.80494170	          3.94330543	         35.57330087	         -8.58155932	         -0.02084851	          3.62961549	         -5.29984394	         -1.58208835	        -13.53277840	         18.49383073	        -11.85042777	        -13.70442890	          6.25205430	         46.95394113	         20.39286516	         86.51662706	         86.51662706	          0.14653361	          0.05000012	          0.05000008	          0.20047177	          0.08280801	          0.05000479	          0.06175786	          0.05000031	          0.05184440	          0.05000001	          0.10454544	          0.27438278	          0.53277304	          0.15729162	          0.05009767	          0.05000005	          0.55676577	          0.26664504	          0.10415940	          0.05000042	          0.05000017	          0.05000005	          0.12313969	          0.27372784	          0.19073126	          0.05000389	          0.06966867	          0.09555151	          0.05000001	          0.05000001	          0.05000000	          0.13653764	          0.15942544	          0.13234441	          0.12900908	          0.13199273	          0.15639801	          0.19082662	          0.06966971	          0.09853540	          0.06967620	          0.17181840	          0.67950122	          0.12312374	          0.05000000	          0.05000000	          0.52558533	          0.48918344	          0.50283394	          0.06421790	          0.05000198	          0.14621294	          0.12720961	          0.11650261	          0.08251071	          0.05000005	          0.05000006	          0.06359810	          0.13668525	          0.18492001	          0.21197233	          0.17118021	          0.05000005	          0.05000032	          0.11757586	          0.31053606	          0.22316878	          0.17881789	          0.05000000	          0.05000000	          0.19207033	          0.05902260	          0.14383747	          0.05000002	          0.09882011	          0.10284555	          0.07825418	          0.05000000	          0.05000001	          0.05000000	          0.05000002	          0.05000006	          0.05000007	          0.61791649	          0.20669153	          0.13854740	          0.53950333	          0.96215745	          0.93137544	          0.06293158	          0.05000001	          0.05000000	
          0.08659977	         -2.92283021	         -3.93953797	          7.74980022	          0.13747319	          0.91176888	         -0.00624170	        -10.69606916	         -2.56525644	          7.74062892	         17.08371921	          5.93544816	         -2.02035737	        -29.91023862	          1.86807541	         -7.09154900	         -9.11465149	          8.24105551	         -3.88330064	         -8.81044986	          4.08343776	         35.15500072	         -8.91663457	          0.08762225	          3.92058633	         -5.31581790	         -1.84942959	        -13.49039117	         18.51883569	        -11.88136108	        -13.74899766	          7.77161899	         47.87674170	         19.12099419	         86.51662706	         86.51662706	          0.12413725	          0.05000008	          0.05000041	          0.16983152	          0.07015194	          0.05001107	          0.07166104	          0.05000072	          0.05000054	          0.05000005	          0.13160128	          0.23244618	          0.45573952	          0.13325102	          0.05000025	          0.05000004	          0.54287312	          0.32254828	          0.13565614	          0.05000041	          0.05000016	          0.05000005	          0.10431889	          0.23189096	          0.16158867	          0.08074032	          0.05902083	          0.16598352	          0.05000000	          0.05000000	          0.05000000	          0.11566907	          0.13505867	          0.11211674	          0.12604922	          0.11183532	          0.16916300	          0.18610313	          0.05902131	          0.08347513	          0.05902682	          0.29744169	          0.67929982	          0.13217272	          0.05000399	          0.05000000	          0.59758136	          0.52474804	          0.51834286	          0.05440420	          0.07097227	          0.20417566	          0.10895140	          0.11272404	          0.08128216	          0.05000015	          0.05000008	          0.05387772	          0.11579415	          0.15665673	          0.17957450	          0.16803237	          0.05000006	          0.05000044	          0.09960565	          0.29613468	          0.21231863	          0.16297604	          0.05000001	          0.05000001	          0.16271410	          0.05000180	          0.14859280	          0.05000001	          0.08371666	          0.08712683	          0.06629404	          0.05000000	          0.05000001	          0.05000000	          0.05000002	          0.05000006	          0.05000006	          0.65309928	          0.20730838	          0.13862490	          0.53384224	          0.97801979	          0.96014054	          0.06180362	          0.05000000	          0.05000001	
          0.09742474	         -2.92124024	         -4.13247431	          7.76978325	          0.15272199	          0.91331466	         -0.00567544	         -8.78225999	         -2.88122919	          7.39560785	         16.30734737	          6.32188349	         -1.82707384	        -33.78036207	          1.62255225	         -8.56127833	         -9.51732038	          9.29240806	         -3.89516541	         -8.53317443	          4.19019410	         34.30739199	         -9.27502153	          0.14955512	          4.17062667	         -5.31368474	         -2.03765251	        -13.46386895	         18.58263091	        -11.79822929	        -13.78104330	          9.38634102	         48.68989003	         17.85059875	         86.51662706	         86.51662706	          0.10516397	          0.05000004	          0.05000003	          0.19516890	          0.05943432	          0.05000030	          0.06945459	          0.05000005	          0.05000007	          0.05000003	          0.14311158	          0.21233710	          0.41726646	          0.11288480	          0.05000019	          0.05000002	          0.53488606	          0.36160067	          0.11492741	          0.05000024	          0.05000008	          0.05000002	          0.09937881	          0.19644848	          0.13689129	          0.06840010	          0.05000025	          0.23626483	          0.05000000	          0.05000000	          0.05000000	          0.09799008	          0.11456072	          0.09498068	          0.10678373	          0.09474233	          0.14330797	          0.23766804	          0.05000043	          0.07071670	          0.05000509	          0.34842612	          0.64754443	          0.12584734	          0.05500869	          0.05000000	          0.64943786	          0.54448934	          0.52962722	          0.05000159	          0.06012687	          0.22708409	          0.09250119	          0.10353442	          0.07627869	          0.05000012	          0.05000008	          0.05000006	          0.09809608	          0.13271331	          0.15212899	          0.16403773	          0.05000007	          0.05000038	          0.08438218	          0.28834867	          0.20897788	          0.16146011	          0.05000001	          0.05000001	          0.13784471	          0.05837945	          0.13432190	          0.05000002	          0.07092421	          0.07381296	          0.05616443	          0.05000000	          0.05000001	          0.05000000	          0.05000001	          0.05000007	          0.05000007	          0.68584034	          0.22485385	          0.14017811	          0.50189142	          0.98723316	          0.96706599	          0.06719994	          0.05000000	          0.05000001	
          0.10824971	         -2.91921767	         -4.27968227	          7.77037690	          0.16760706	          0.91499706	         -0.00509808	         -6.89388271	         -3.14576831	          7.03548801	         15.54028730	          6.66315423	         -1.58914004	        -37.35086979	          1.34051224	         -8.65053827	         -9.65509993	          9.95520964	         -3.90072134	         -8.26534993	          4.25394263	         33.51214675	         -9.60117756	          0.17587337	          4.36449346	         -5.29556792	         -2.15932108	        -13.45257320	         18.67959633	        -11.63244242	        -13.79032688	         11.01424712	         49.37855985	         16.61779242	         86.51662706	         86.51662706	          0.08909059	          0.05000003	          0.05000003	          0.19892670	          0.05035149	          0.05000024	          0.05884118	          0.07300455	          0.05000158	          0.05527813	          0.16608483	          0.20310740	          0.40396894	          0.09563139	          0.05000018	          0.05000002	          0.51601528	          0.37929660	          0.16865204	          0.05000020	          0.05000007	          0.05000001	          0.10286803	          0.16642306	          0.11596869	          0.05794613	          0.05000018	          0.29236178	          0.05000000	          0.05000000	          0.05000000	          0.08301317	          0.09705115	          0.08046373	          0.09046279	          0.08026186	          0.12140463	          0.26039923	          0.05000004	          0.05990828	          0.05000005	          0.39935224	          0.79409310	          0.10738906	          0.05000011	          0.05000000	          0.69076301	          0.54776359	          0.51948658	          0.05000037	          0.05093817	          0.23125536	          0.08429511	          0.10332415	          0.07686386	          0.05000012	          0.05000009	          0.05000009	          0.08310303	          0.11242965	          0.13392586	          0.17087202	          0.05000006	          0.05000042	          0.07148899	          0.27441636	          0.20507855	          0.17063221	          0.05000001	          0.05000001	          0.11677638	          0.05000198	          0.11379207	          0.05000001	          0.07055452	          0.07282853	          0.05622211	          0.05000000	          0.05000002	          0.05000000	          0.05000001	          0.05000006	          0.05000006	          0.68807561	          0.20304935	          0.13968305	          0.42518188	          0.99258458	          0.89391652	          0.07480387	          0.05000000	          0.05000001	
          0.11907469	         -2.91709248	         -4.37572770	          7.75313778	          0.18220132	          0.91683132	         -0.00453082	         -5.05162370	         -3.36742799	          6.64757395	         14.77134313	          6.95224518	         -1.29712213	        -40.46462473	          1.03552830	         -8.32144629	         -9.54539261	         10.31568226	         -3.89547344	         -8.07394227	          4.28225438	         32.77991450	         -9.84792155	          0.17373119	          4.50166684	         -5.25945405	         -2.22261375	        -13.44973553	         18.80119125	        -11.41016957	        -13.77623839	         12.58274731	         49.92879518	         15.45719021	         86.51662706	         86.51662706	          0.07547389	          0.05000003	          0.05000003	          0.18995238	          0.05000209	          0.05000024	          0.05259249	          0.09237904	          0.06007766	          0.07615236	          0.17556096	          0.19601463	          0.37756765	          0.08101501	          0.05000016	          0.05000002	          0.50121299	          0.37157515	          0.19364902	          0.05000020	          0.05000006	          0.05000001	          0.10395418	          0.14098678	          0.09824391	          0.05000223	          0.05000015	          0.33161448	          0.05000000	          0.05000000	          0.05000000	          0.07032535	          0.08221779	          0.06816556	          0.07663640	          0.06799477	          0.10284904	          0.24220374	          0.05000016	          0.05075184	          0.14077241	          0.38536314	          0.74231995	          0.09592083	          0.05552711	          0.05000000	          0.70520256	          0.53584393	          0.50299761	          0.05364780	          0.09579905	          0.26311670	          0.07690164	          0.10169781	          0.07555533	          0.05000011	          0.05000008	          0.05000010	          0.07040159	          0.09524651	          0.14278099	          0.17366795	          0.05000007	          0.05000045	          0.06288537	          0.25758730	          0.19896302	          0.17592698	          0.05000001	          0.05000001	          0.09892815	          0.05000058	          0.09640002	          0.05000001	          0.07111976	          0.07361124	          0.05662032	          0.05000000	          0.05000002	          0.05000000	          0.05012715	          0.05000008	          0.05000009	          0.66245775	          0.17201508	          0.11833378	          0.36019661	          0.99569259	          0.78888766	          0.07899768	          0.05000000	          0.05000002	
          0.12989966	         -2.91493242	         -4.41976868	          7.72002509	          0.19654401	          0.91878969	         -0.00399249	         -3.24976631	         -3.54538979	          6.22757577	         13.99184638	          7.18625317	         -0.95082158	        -43.12896598	          0.72128762	         -7.70408755	         -9.19777945	         10.43986984	         -3.88861300	         -7.93500821	          4.29839644	         32.14589200	         -9.97550073	          0.14609819	          4.58522140	         -5.20287747	         -2.23380306	        -13.45043848	         18.93644011	        -11.15236781	        -13.74389934	         14.03511688	         50.34190740	         14.40239020	         86.51662706	         86.51662706	          0.06393839	          0.05000003	          0.05000002	          0.24417864	          0.05000469	          0.05000019	          0.05003801	          0.10055468	          0.05089609	          0.08706362	          0.17948272	          0.18994867	          0.34624953	          0.06863263	          0.05000014	          0.05000002	          0.48161254	          0.36218916	          0.20684397	          0.05000017	          0.05000005	          0.05000001	          0.10401257	          0.11943823	          0.08322821	          0.05000090	          0.05000011	          0.34920209	          0.05000000	          0.05000000	          0.05000000	          0.06406851	          0.06968110	          0.05774706	          0.06515483	          0.08222708	          0.08712951	          0.22929869	          0.05000008	          0.05000002	          0.11925678	          0.37185736	          0.72476043	          0.08885446	          0.06146247	          0.05000001	          0.69971302	          0.51253476	          0.47851289	          0.13726508	          0.17966350	          0.29899505	          0.07259527	          0.10022405	          0.07442566	          0.05000010	          0.05000008	          0.05000008	          0.05964144	          0.08068970	          0.12682971	          0.17634436	          0.05000008	          0.05000038	          0.05327926	          0.24678474	          0.19355807	          0.17763193	          0.05000001	          0.05000001	          0.08380787	          0.05000041	          0.08166618	          0.05000001	          0.07858973	          0.08136856	          0.06244201	          0.05000001	          0.05000003	          0.05000000	          0.06269282	          0.05000010	          0.05000011	          0.62215867	          0.14572411	          0.10024752	          0.30514378	          0.95190983	          0.66831318	          0.08022674	          0.05000000	          0.05000002	
          0.14072463	         -2.91267204	         -4.41059722	          7.67215974	          0.21066639	          0.92084062	         -0.00349102	         -1.48137147	         -3.67875673	          5.76954689	         13.18748218	          7.36202740	         -0.55363791	        -45.36639083	          0.42633771	         -6.88384636	         -8.64566407	         10.35452355	         -3.87354870	         -7.81622032	          4.26902572	         31.56991807	         -9.95468756	          0.09484724	          4.61525512	         -5.12415025	         -2.19933866	        -13.45190807	         19.07347218	        -10.87265154	        -13.69806550	         15.33178943	         50.62240652	         13.47438114	         86.51662706	         86.51662706	          0.05416600	          0.05000003	          0.05000002	          0.23925783	          0.05000551	          0.05000017	          0.05001734	          0.10307036	          0.05000056	          0.10661082	          0.18313090	          0.18255963	          0.31570767	          0.05814282	          0.05000014	          0.05000002	          0.46100210	          0.34889944	          0.22318546	          0.05000016	          0.05000004	          0.05000001	          0.10221593	          0.10627988	          0.07050753	          0.05000063	          0.05000009	          0.34712451	          0.05000000	          0.05000000	          0.05000000	          0.05902081	          0.05903105	          0.05000000	          0.06085112	          0.06966468	          0.07381258	          0.21598312	          0.05000009	          0.05000003	          0.10102990	          0.35112497	          0.70082639	          0.08270673	          0.05969978	          0.05000001	          0.67312141	          0.47919410	          0.44806322	          0.26235799	          0.26971833	          0.33876830	          0.07084493	          0.10002789	          0.07395949	          0.05000009	          0.05000008	          0.05000007	          0.05052592	          0.06835784	          0.10751809	          0.17772063	          0.05000009	          0.05000034	          0.05000242	          0.23613475	          0.18655109	          0.17686561	          0.05000001	          0.05000001	          0.07099859	          0.05000028	          0.06918428	          0.05000002	          0.09022641	          0.09364506	          0.07150997	          0.05000012	          0.05000006	          0.05000002	          0.06984940	          0.05209502	          0.05000488	          0.57091293	          0.12345149	          0.08492558	          0.25850543	          0.89910334	          0.56616744	          0.07901032	          0.05000000	          0.05000002	
          0.15154960	         -2.90996415	         -4.34659329	          7.60779140	          0.22459307	          0.92294053	         -0.00303204	          0.26181913	         -3.76367284	          5.26961638	         12.34433617	          7.47593130	         -0.11494517	        -47.20856465	          0.18378840	         -5.97824246	         -7.96149161	         10.09842610	         -3.83472696	         -7.69022045	          4.18651577	         31.01741890	         -9.80115418	          0.02075426	          4.59195362	         -5.02220620	         -2.12697698	        -13.45225326	         19.19969990	        -10.57783889	        -13.64488942	         16.44919509	         50.77854322	         12.68397206	         86.51662706	         86.51662706	          0.05000010	          0.05000003	          0.05000002	          0.20268979	          0.05000480	          0.05000016	          0.05001336	          0.09878358	          0.05000041	          0.13054450	          0.18401491	          0.17268846	          0.29058468	          0.05000024	          0.05000013	          0.05000002	          0.44033598	          0.33112306	          0.23892999	          0.05000014	          0.05000003	          0.05000001	          0.09900961	          0.10011732	          0.05973109	          0.05000051	          0.05000008	          0.32811153	          0.05000000	          0.05000000	          0.05000000	          0.05000006	          0.05000871	          0.05000000	          0.05343416	          0.05901743	          0.06253103	          0.21212781	          0.05000006	          0.05000002	          0.08561468	          0.33440587	          0.70643466	          0.07801952	          0.05325302	          0.05000001	          0.63086475	          0.43806348	          0.40808278	          0.37189580	          0.35014380	          0.37211952	          0.07157071	          0.10182500	          0.07447122	          0.05000010	          0.05000008	          0.05000006	          0.05000021	          0.05791102	          0.09109004	          0.17802908	          0.05000010	          0.05000029	          0.05000077	          0.22401178	          0.17708076	          0.17306831	          0.05000001	          0.05000001	          0.06014709	          0.05000020	          0.05861016	          0.05000001	          0.08488459	          0.08787449	          0.06765672	          0.06500480	          0.05000005	          0.05000002	          0.07902907	          0.05861279	          0.05000096	          0.51291056	          0.10458303	          0.07194547	          0.22890922	          0.84805131	          0.47963378	          0.07466038	          0.05000001	          0.05000002	
          0.16237457	         -2.90606854	         -4.22753009	          7.52312212	          0.23834131	          0.92502331	         -0.00261704	          1.98803907	         -3.79566015	          4.72618162	         11.45956793	          7.52577772	          0.34971599	        -48.69880938	          0.01171504	         -5.07554480	         -7.24725037	          9.70638452	         -3.76624475	         -7.55075474	          4.08815716	         30.45766380	         -9.57948166	         -0.07661127	          4.51709478	         -4.89675127	         -2.02601482	        -13.45124794	         19.30139272	        -10.26996547	        -13.59144509	         17.37669320	         50.82561511	         12.03556080	         86.51662706	         86.51662706	          0.05000013	          0.05000003	          0.05000002	          0.17171054	          0.05000194	          0.05000014	          0.05000680	          0.08368549	          0.05000022	          0.15775426	          0.18505691	          0.16350712	          0.26711047	          0.05000040	          0.05000014	          0.05000002	          0.42041118	          0.31635862	          0.25296420	          0.05000013	          0.05000003	          0.05000001	          0.09582952	          0.09646182	          0.05060175	          0.05000048	          0.05000008	          0.29762638	          0.05000000	          0.05000000	          0.05000000	          0.05000002	          0.05000005	          0.05000000	          0.05000362	          0.05000039	          0.05297380	          0.21115503	          0.05000005	          0.05000002	          0.10270997	          0.32008643	          0.71653897	          0.07572985	          0.05000161	          0.05000001	          0.58154459	          0.39773398	          0.36178386	          0.45069295	          0.41446939	          0.40183187	          0.07225288	          0.10271161	          0.07437412	          0.05000010	          0.05000008	          0.05000004	          0.05000015	          0.05000164	          0.07717009	          0.17622630	          0.05000012	          0.05000024	          0.05000045	          0.21332509	          0.16695382	          0.16621831	          0.05000001	          0.05000001	          0.05095416	          0.05000016	          0.05000021	          0.05000001	          0.08408624	          0.08716356	          0.06714042	          0.07953915	          0.05000004	          0.05000001	          0.08847772	          0.05000033	          0.05000034	          0.45888698	          0.08859846	          0.06094925	          0.21802086	          0.79754421	          0.40632612	          0.06927918	          0.05000000	          0.05000002	
          0.17319954	         -2.90002289	         -4.05647421	          7.41496931	          0.25192292	          0.92701105	         -0.00224171	          3.70486156	         -3.77342100	          4.14284098	         10.53897430	          7.51331211	          0.82656459	        -49.88999699	         -0.09331281	         -4.19359877	         -6.55407029	          9.21316863	         -3.67453534	         -7.40272665	          3.99879285	         29.87908120	         -9.32150997	         -0.19796861	          4.39463453	         -4.74832693	         -1.90480895	        -13.45004047	         19.36647799	         -9.94849333	        -13.54351908	         18.11152070	         50.78116806	         11.52788340	         86.51662706	         86.51662706	          0.05000013	          0.05000003	          0.05000001	          0.14546615	          0.05000131	          0.05000013	          0.05000296	          0.07089493	          0.05000012	          0.18827334	          0.18777071	          0.15726875	          0.24859551	          0.05000033	          0.05000013	          0.05000002	          0.40268637	          0.30927504	          0.26489380	          0.05000011	          0.05000002	          0.05000000	          0.09548956	          0.09572246	          0.05000007	          0.05000043	          0.05000007	          0.25566302	          0.05000000	          0.05000000	          0.05000000	          0.05000002	          0.05000005	          0.05000000	          0.05000006	          0.05000012	          0.05000014	          0.20692392	          0.05000006	          0.05000003	          0.15742742	          0.31001129	          0.72830831	          0.07567665	          0.05000009	          0.05000001	          0.53221426	          0.36339437	          0.31268105	          0.51275191	          0.46240827	          0.42442807	          0.07106488	          0.10050768	          0.07219806	          0.05000009	          0.05000008	          0.05000004	          0.05000011	          0.05000129	          0.06537719	          0.17090445	          0.05000029	          0.05000021	          0.05000031	          0.20184339	          0.15648713	          0.15535483	          0.05000001	          0.05000001	          0.05000004	          0.05000014	          0.05000025	          0.05000002	          0.09685182	          0.10058371	          0.07679947	          0.09683236	          0.05000003	          0.05000001	          0.09756904	          0.05000042	          0.05000028	          0.41166198	          0.07505699	          0.05163373	          0.22635624	          0.75132610	          0.37056657	          0.06340168	          0.05000001	          0.05000002	
          0.18402451	         -2.89101260	         -3.84049263	          7.28095582	          0.26534378	          0.92883488	         -0.00189800	          5.42086180	         -3.69964551	          3.52754083	          9.59179143	          7.44494059	          1.30580834	        -50.83923224	         -0.14498926	         -3.32420377	         -5.89203913	          8.64885285	         -3.56669617	         -7.24999813	          3.92290578	         29.28289991	         -9.03020159	         -0.34363355	          4.23167252	         -4.57763161	         -1.76845495	        -13.44970710	         19.38771624	         -9.61013669	        -13.50476625	         18.65820460	         50.65806206	         11.15249333	         86.51662706	         86.51662706	          0.05000007	          0.05000002	          0.05000001	          0.12323297	          0.05000048	          0.05000012	          0.05000151	          0.06005929	          0.05000008	          0.21867151	          0.18949303	          0.15070511	          0.23515629	          0.05000041	          0.05000013	          0.05000001	          0.38586020	          0.30129225	          0.27455408	          0.05000009	          0.05000002	          0.05000000	          0.09365879	          0.09443531	          0.05000012	          0.05000055	          0.05000008	          0.21658719	          0.05000001	          0.05000001	          0.05000000	          0.05000002	          0.05000004	          0.05000000	          0.05000003	          0.05000008	          0.05000011	          0.20224708	          0.05000032	          0.05000247	          0.22142437	          0.30264807	          0.73505478	          0.07689098	          0.05000011	          0.05000001	          0.48749771	          0.33972019	          0.27431102	          0.54864909	          0.49737675	          0.44605166	          0.06959191	          0.09686719	          0.06955898	          0.05000009	          0.05000009	          0.05000003	          0.05000008	          0.05000075	          0.05538665	          0.16249250	          0.08753962	          0.05000019	          0.05000022	          0.19657052	          0.14996221	          0.13630958	          0.05000001	          0.05000001	          0.05000005	          0.05000013	          0.05000029	          0.05000002	          0.09974872	          0.10360137	          0.07894330	          0.11501328	          0.05000003	          0.05000001	          0.10869501	          0.05000287	          0.05000046	          0.37274739	          0.06358522	          0.05000004	          0.22663884	          0.70944198	          0.33988002	          0.05857032	          0.05000000	          0.05000002	
          0.19484949	         -2.87855680	         -3.59008782	          7.11955094	          0.27860713	          0.93044659	         -0.00157782	          7.14317615	         -3.58148042	          2.89088640	          8.62974198	          7.33116864	          1.78394283	        -51.59544542	         -0.16217258	         -2.47017524	         -5.25620184	          8.03675606	         -3.45202990	         -7.09708736	          3.86267290	         28.68386957	         -8.71314746	         -0.51269482	          4.03876362	         -4.38598861	         -1.61903863	        -13.45030683	         19.36333197	         -9.24893387	        -13.47689392	         19.02983548	         50.46152581	         10.89318842	         86.51662706	         86.51662706	          0.05000004	          0.05000002	          0.05000002	          0.10439792	          0.05000027	          0.05000011	          0.05000100	          0.05087979	          0.05000006	          0.24872893	          0.19081016	          0.14433303	          0.22316525	          0.05000063	          0.05000014	          0.05000001	          0.37072827	          0.29258693	          0.28185447	          0.05000008	          0.05000002	          0.05000001	          0.09101094	          0.09283363	          0.05000019	          0.05000092	          0.05000009	          0.18348375	          0.05000001	          0.05000001	          0.05000000	          0.05000001	          0.05000003	          0.05000000	          0.05000002	          0.05000007	          0.05000010	          0.20301534	          0.05189077	          0.05594345	          0.25826069	          0.29722705	          0.73786087	          0.07945667	          0.05000041	          0.05000001	          0.45069233	          0.32417755	          0.24916987	          0.57767371	          0.52570099	          0.46337942	          0.06724120	          0.09138310	          0.06587179	          0.05000008	          0.05000009	          0.05000002	          0.05000006	          0.05000054	          0.05000198	          0.15017835	          0.12988722	          0.05000016	          0.05000017	          0.18938306	          0.14192470	          0.11547606	          0.05000001	          0.05000001	          0.05000004	          0.05000012	          0.05000033	          0.05000002	          0.09655085	          0.10023900	          0.07643600	          0.13433912	          0.05000005	          0.05000001	          0.11896154	          0.05000093	          0.05000039	          0.33807400	          0.05386682	          0.05000005	          0.21161013	          0.67147269	          0.31599457	          0.05397051	          0.05000000	          0.05000002	
          0.20567446	         -2.86245479	         -3.31696830	          6.93022608	          0.29171779	          0.93182141	         -0.00127321	          8.87596872	         -3.42950022	          2.24277626	          7.66322655	          7.18427668	          2.26403196	        -52.19546200	         -0.16185901	         -1.64360514	         -4.63617896	          7.38939397	         -3.33517527	         -6.94813720	          3.82564366	         28.09778689	         -8.38460180	         -0.70300654	          3.82737013	         -4.17578943	         -1.45719048	        -13.45150301	         19.29571068	         -8.85698974	        -13.45962895	         19.25056608	         50.19095158	         10.72749524	         86.51662706	         86.51662706	          0.05000003	          0.05000002	          0.05000002	          0.08844164	          0.05000021	          0.05000011	          0.05000072	          0.05000005	          0.05000004	          0.27866454	          0.19401407	          0.13963310	          0.20884373	          0.05000047	          0.05000012	          0.05000001	          0.35731538	          0.28632753	          0.28614837	          0.05000007	          0.05000002	          0.05000000	          0.08952017	          0.09235265	          0.05000031	          0.05000276	          0.05000012	          0.15543988	          0.05000001	          0.05000001	          0.05000000	          0.05000001	          0.05000003	          0.05000000	          0.05000002	          0.05000007	          0.05000010	          0.20579276	          0.06178411	          0.06045885	          0.27575899	          0.29359252	          0.74062501	          0.08321458	          0.05268386	          0.05000001	          0.42139247	          0.31537881	          0.23809602	          0.59900048	          0.54832310	          0.47918022	          0.06409893	          0.08442574	          0.06138146	          0.05000011	          0.05000011	          0.05000002	          0.05000005	          0.05000044	          0.05000114	          0.13275058	          0.16710146	          0.05000016	          0.05000016	          0.17915541	          0.13177128	          0.09782663	          0.05000001	          0.05000001	          0.05000004	          0.05000012	          0.05000038	          0.05000002	          0.08682472	          0.09009132	          0.06844734	          0.15384003	          0.06803758	          0.05000000	          0.12882412	          0.05000111	          0.05000040	          0.30822131	          0.05000009	          0.05000005	          0.19450421	          0.63601352	          0.30412940	          0.05105683	          0.05000000	          0.05000002	
          0.21649943	         -2.84267642	         -3.03248340	          6.71323361	          0.30468320	          0.93295494	         -0.00097655	         10.62146654	         -3.25541212	          1.59269594	          6.69978453	          7.01638022	          2.74878672	        -52.66977726	         -0.15637775	         -0.84853669	         -4.02168355	          6.71332878	         -3.22111848	         -6.80299476	          3.81313766	         27.52764313	         -8.04919091	         -0.91156846	          3.60803583	         -3.94935770	         -1.28240310	        -13.45299856	         19.19099868	         -8.42620433	        -13.45140872	         19.35606848	         49.84204794	         10.63037936	         86.51662706	         86.51662706	          0.05000002	          0.05000002	          0.05000002	          0.07492414	          0.05000016	          0.05000010	          0.05000057	          0.05000005	          0.05000003	          0.30683665	          0.19991282	          0.13691513	          0.19352547	          0.05000037	          0.05000010	          0.05000001	          0.34480004	          0.28157284	          0.28674894	          0.05000006	          0.05000001	          0.05000000	          0.08949860	          0.09307357	          0.05000123	          0.05062044	          0.05000013	          0.13168227	          0.05000001	          0.05000001	          0.05000001	          0.05000001	          0.05000003	          0.05000000	          0.05000002	          0.05000007	          0.05000009	          0.20975010	          0.07414556	          0.06593654	          0.28701937	          0.29179199	          0.74130511	          0.08776378	          0.05878633	          0.05000001	          0.39927785	          0.31253977	          0.23785271	          0.61644780	          0.56859979	          0.49350341	          0.06021542	          0.07628092	          0.05631017	          0.05000011	          0.05000013	          0.05000002	          0.05000004	          0.05000037	          0.05000078	          0.11246146	          0.20072708	          0.05000014	          0.05000014	          0.17131908	          0.12248691	          0.08287474	          0.05000001	          0.05000001	          0.05000003	          0.05000012	          0.05000047	          0.05000003	          0.07456798	          0.07706121	          0.06031900	          0.17422339	          0.09534384	          0.05000000	          0.13816740	          0.05000180	          0.05000043	          0.28247612	          0.05000011	          0.05000004	          0.18639494	          0.60217956	          0.29291635	          0.05000058	          0.05000000	          0.05000001	
          0.22732440	         -2.81941885	         -2.74503096	          6.46939857	          0.31751604	          0.93386048	         -0.00068163	         12.37884735	         -3.06858415	          0.95006282	          5.74289318	          6.83632568	          3.24067452	        -53.04014487	         -0.15355250	         -0.08600452	         -3.39284616	          6.01554388	         -3.11129801	         -6.65971743	          3.81697701	         26.96725682	         -7.71506859	         -1.13466774	          3.38761325	         -3.70843022	         -1.09360464	        -13.45460206	         19.05784031	         -7.95033708	        -13.44970710	         19.38712636	         49.40751974	         10.57868833	         86.51662706	         86.51662706	          0.05000002	          0.05000002	          0.05000002	          0.06347267	          0.05000014	          0.05000009	          0.05000049	          0.05000004	          0.05000002	          0.32710313	          0.20682267	          0.13799589	          0.18503927	          0.05000033	          0.05000009	          0.05000001	          0.33280534	          0.28148419	          0.27120550	          0.05000005	          0.05000001	          0.05000000	          0.09081764	          0.09506133	          0.05397038	          0.08808531	          0.05000013	          0.11155580	          0.05000001	          0.05000001	          0.05000001	          0.05000001	          0.05000003	          0.05000000	          0.05000002	          0.05000006	          0.05000009	          0.21467399	          0.08628482	          0.07128028	          0.29723088	          0.29172938	          0.73964467	          0.09214742	          0.06305895	          0.05000002	          0.38225404	          0.31282369	          0.24342815	          0.62979262	          0.58544813	          0.50594592	          0.05622577	          0.06783002	          0.05168405	          0.05000014	          0.05000016	          0.05000002	          0.05000004	          0.05000031	          0.05000061	          0.09527286	          0.23063550	          0.05000014	          0.05000013	          0.16315360	          0.11401600	          0.07020811	          0.05000001	          0.05000001	          0.05000003	          0.05000013	          0.05000068	          0.05000003	          0.06318297	          0.06529500	          0.05115558	          0.19532960	          0.12448375	          0.05000000	          0.14737418	          0.05000114	          0.05000038	          0.25962397	          0.05000011	          0.05000004	          0.19559890	          0.56912623	          0.28247746	          0.05000005	          0.05000000	          0.05000001	
          0.23814937	         -2.79302152	         -2.46006280	          6.19933132	          0.33023832	          0.93456398	         -0.00038533	         14.14130526	         -2.87585180	          0.32134869	          4.79125334	          6.64930029	          3.74111383	        -53.31374519	         -0.15329417	          0.64233280	         -2.73793660	          5.30352641	         -3.00231619	         -6.51421154	          3.82970744	         26.40266033	         -7.39839834	         -1.36762407	          3.17007986	         -3.45440807	         -0.89141792	        -13.45566940	         18.90417725	         -7.42722047	        -13.45227258	         19.37802481	         48.87964468	         10.55707946	         86.51662706	         86.51662706	          0.05000002	          0.05000002	          0.05000002	          0.05377148	          0.05000013	          0.05000009	          0.05000041	          0.05000003	          0.05000002	          0.32672828	          0.21614335	          0.14135977	          0.18240393	          0.05000023	          0.05000008	          0.05000001	          0.32079687	          0.28553835	          0.23553869	          0.05000004	          0.05000001	          0.05000000	          0.09367259	          0.09800038	          0.06599833	          0.10808836	          0.05000013	          0.09450549	          0.05000001	          0.05000001	          0.05000001	          0.05000001	          0.05000002	          0.05000000	          0.05000002	          0.05000006	          0.05000008	          0.22021249	          0.09824313	          0.07637674	          0.31028226	          0.29275008	          0.73381629	          0.09640280	          0.06475736	          0.05000002	          0.36841017	          0.31249245	          0.24918464	          0.63409130	          0.59629608	          0.51402574	          0.05258873	          0.05919747	          0.05000047	          0.05000017	          0.05000020	          0.05000002	          0.05000004	          0.05000028	          0.05000054	          0.08071133	          0.25733798	          0.05000014	          0.05000012	          0.15226331	          0.10053005	          0.05947746	          0.05000002	          0.05000002	          0.05000003	          0.05000013	          0.05000113	          0.05000003	          0.05353238	          0.05532159	          0.05000718	          0.21728576	          0.15414813	          0.05000000	          0.15701649	          0.05000059	          0.05000031	          0.23916678	          0.05000011	          0.05000004	          0.21765690	          0.53674160	          0.27409122	          0.05000005	          0.05000000	          0.05000001	
          0.24897434	         -2.76387919	         -2.17959876	          5.90295954	          0.34288283	          0.93509658	         -0.00008672	         15.89324014	         -2.68046927	         -0.28912564	          3.84036965	          6.45628329	          4.25008595	        -53.47767304	         -0.14979948	          1.33259252	         -2.05831443	          4.58603238	         -2.88816119	         -6.36189195	          3.84706682	         25.81426285	         -7.11659553	         -1.60489865	          2.95608993	         -3.18853246	         -0.67936913	        -13.45562092	         18.73591496	         -6.85988134	        -13.45701665	         19.34546815	         48.25278566	         10.56082919	         86.51662706	         86.51662706	          0.05000001	          0.05000002	          0.05000001	          0.05000012	          0.05000011	          0.05000008	          0.05000033	          0.05000003	          0.05000001	          0.31401838	          0.22311144	          0.14573532	          0.17999271	          0.05000022	          0.05000007	          0.05000001	          0.30868009	          0.28693549	          0.19953879	          0.05000004	          0.05000001	          0.05000000	          0.09660296	          0.10130309	          0.07962219	          0.12690810	          0.05000012	          0.08006116	          0.05000001	          0.05000001	          0.05000001	          0.05000001	          0.05000002	          0.05000000	          0.05000002	          0.05000005	          0.05000008	          0.22549251	          0.10991425	          0.08073408	          0.32396343	          0.29408308	          0.72174712	          0.10073990	          0.06478765	          0.05000002	          0.35649153	          0.30982825	          0.25126420	          0.63604479	          0.60292170	          0.51770327	          0.05000216	          0.05175301	          0.05000016	          0.05000037	          0.05000028	          0.05000002	          0.05000003	          0.05000025	          0.05000047	          0.06837540	          0.28166456	          0.05000013	          0.05000012	          0.13954822	          0.08517005	          0.05038692	          0.05000002	          0.05000002	          0.05000003	          0.05000014	          0.05000197	          0.05000004	          0.05000308	          0.05000335	          0.05000120	          0.24009904	          0.18426893	          0.05000000	          0.16703522	          0.05000033	          0.05000023	          0.22019698	          0.05000012	          0.05000005	          0.24509727	          0.50548271	          0.26742350	          0.05000002	          0.05000000	          0.05000001	
          0.25979931	         -2.73236446	         -1.90249508	          5.57965094	          0.35548982	          0.93548635	          0.00021430	         17.61209908	         -2.48200166	         -0.87744111	          2.88545023	          6.25452908	          4.76641721	        -53.50407069	         -0.13757931	          1.97839307	         -1.36016657	          3.87212144	         -2.76157954	         -6.19591570	          3.86543437	         25.17811471	         -6.87743761	         -1.84049724	          2.74311379	         -2.91205633	         -0.46351693	        -13.45451937	         18.55700897	         -6.25556016	        -13.46165232	         19.28841539	         47.52469818	         10.59386452	         86.51662706	         86.51662706	          0.05000001	          0.05000002	          0.05000002	          0.05000014	          0.05000011	          0.05000008	          0.05000026	          0.05000002	          0.05000001	          0.26730553	          0.22924621	          0.15025203	          0.17836827	          0.05000019	          0.05000007	          0.05000001	          0.29602528	          0.28556690	          0.16904108	          0.05000003	          0.05000001	          0.05000000	          0.09999007	          0.10473522	          0.08764546	          0.13856793	          0.05000012	          0.06782453	          0.05000002	          0.05000002	          0.05000001	          0.05000000	          0.05000002	          0.05000000	          0.05000001	          0.05000005	          0.05000007	          0.23043405	          0.12066939	          0.08421954	          0.34104303	          0.29418156	          0.70289020	          0.10535654	          0.06122466	          0.05000002	          0.34458562	          0.30301548	          0.24623809	          0.63824770	          0.60187451	          0.51445796	          0.05000028	          0.05000068	          0.05000012	          0.06226715	          0.05000037	          0.05000002	          0.05000003	          0.05000023	          0.05000045	          0.05792496	          0.30435697	          0.05000014	          0.05000012	          0.12091184	          0.07215357	          0.05000014	          0.05000003	          0.05000003	          0.05000003	          0.05000014	          0.05000098	          0.05000005	          0.05000205	          0.05000217	          0.05000104	          0.26391636	          0.21518175	          0.05000000	          0.17755267	          0.05000020	          0.05000018	          0.20102197	          0.05000030	          0.05000013	          0.27022263	          0.47574018	          0.26055050	          0.05000003	          0.05000000	          0.05000001	
          0.27062429	         -2.69878421	         -1.62631639	          5.22781602	          0.36810296	          0.93575450	          0.00051792	         19.26827555	         -2.27768597	         -1.43794617	          1.92557851	          6.04003799	          5.28777063	        -53.34752885	         -0.11751252	          2.56666961	         -0.66170253	          3.17066287	         -2.61440927	         -6.01174810	          3.89267874	         24.47056055	         -6.67176466	         -2.06819065	          2.52777913	         -2.62608634	         -0.25195597	        -13.45274054	         18.36936117	         -5.62385651	        -13.46450139	         19.19861066	         46.69659822	         10.66578586	         86.51662706	         86.51662706	          0.05000001	          0.05000002	          0.05000001	          0.05000012	          0.05000010	          0.05000007	          0.05000020	          0.05000002	          0.05000001	          0.22645025	          0.23486475	          0.15446018	          0.17907134	          0.05000020	          0.05000006	          0.05000001	          0.28341938	          0.28037133	          0.14320467	          0.05000003	          0.05000001	          0.05000000	          0.10367400	          0.10847417	          0.10140594	          0.14734034	          0.05000012	          0.05745822	          0.05000003	          0.05000003	          0.05000002	          0.05000001	          0.05000002	          0.05000000	          0.05000001	          0.05000007	          0.05000008	          0.23380494	          0.13049345	          0.08613300	          0.35419854	          0.29159495	          0.67989507	          0.10773233	          0.05758777	          0.05000003	          0.33052244	          0.29337678	          0.24012897	          0.62841964	          0.59160851	          0.50632997	          0.05000021	          0.05000031	          0.05000009	          0.09615886	          0.05000052	          0.05000002	          0.05000003	          0.05000022	          0.05000042	          0.05000031	          0.32627365	          0.05000013	          0.05000011	          0.10823099	          0.06112644	          0.05000015	          0.05000003	          0.05000003	          0.05000003	          0.05000014	          0.05000088	          0.05000006	          0.05000163	          0.05000170	          0.05000091	          0.28782444	          0.24476884	          0.05673006	          0.18904366	          0.05000017	          0.05000015	          0.18594925	          0.05000469	          0.05813829	          0.28027760	          0.44846750	          0.26310728	          0.05000001	          0.05000000	          0.05000001	
          0.28144926	         -2.66357646	         -1.34959838	          4.84633035	          0.38075634	          0.93590845	          0.00082408	         20.83571662	         -2.06580442	         -1.96597079	          0.96366146	          5.81029994	          5.81086767	        -52.96861650	         -0.09163292	          3.08767619	         -0.00570842	          2.49181126	         -2.44461930	         -5.80281456	          3.95412733	         23.66589214	         -6.48091323	         -2.28296838	          2.30834476	         -2.33183681	         -0.05199563	        -13.45091790	         18.17420310	         -4.97460332	        -13.46506300	         19.06803779	         45.77315419	         10.78975502	         86.51662706	         86.51662706	          0.05000001	          0.05000002	          0.05000002	          0.05000012	          0.05000009	          0.05000007	          0.05000015	          0.05000001	          0.05000000	          0.19183934	          0.24114742	          0.15906666	          0.17867527	          0.05000020	          0.05000007	          0.05000001	          0.27108031	          0.27176377	          0.12131712	          0.05000003	          0.05000001	          0.05000000	          0.10857410	          0.11321294	          0.12422011	          0.16028932	          0.05000012	          0.05263841	          0.05000004	          0.05000004	          0.05000002	          0.05000001	          0.05000002	          0.05000000	          0.05000001	          0.05000008	          0.05000008	          0.23533942	          0.13643478	          0.08785507	          0.35980228	          0.28987598	          0.64373930	          0.10829851	          0.05682638	          0.05000003	          0.31406409	          0.28123789	          0.23492472	          0.60514608	          0.57551307	          0.49565312	          0.05000021	          0.05000034	          0.05000009	          0.13816180	          0.05000086	          0.05000002	          0.05000003	          0.05000021	          0.05000041	          0.05000024	          0.34732853	          0.05000014	          0.05000012	          0.09171746	          0.05178507	          0.05000013	          0.05000005	          0.05000005	          0.05000003	          0.05000016	          0.05000367	          0.05000005	          0.05000060	          0.05000060	          0.05000048	          0.31043982	          0.27155877	          0.07854333	          0.20074598	          0.05000020	          0.05000016	          0.17612679	          0.05000036	          0.06788882	          0.27141150	          0.42552014	          0.27947137	          0.05000002	          0.05000000	          0.05000001	
          0.29227423	         -2.62732566	         -1.07313965	          4.43588409	          0.39347360	          0.93594516	          0.00113321	         22.29588488	         -1.84875053	         -2.46102806	         -0.00127310	          5.56517237	          6.33359068	        -52.34047022	         -0.05666483	          3.52181549	          0.60175151	          1.84702203	         -2.25887219	         -5.56089463	          4.03787610	         22.72969926	         -6.29114100	         -2.48113222	          2.08551644	         -2.03103825	          0.13103199	        -13.44984143	         17.97338388	         -4.31698453	        -13.46338833	         18.89384459	         44.76067008	         10.97899803	         86.51662706	         86.51662706	          0.05000001	          0.05000002	          0.05000002	          0.05000011	          0.05000009	          0.05000007	          0.05000010	          0.05000001	          0.05000000	          0.16251839	          0.24809694	          0.16320543	          0.17868143	          0.05000021	          0.05000007	          0.05000001	          0.25848318	          0.26194223	          0.10277488	          0.05000003	          0.05000001	          0.05000000	          0.11353814	          0.11758730	          0.15160894	          0.16569680	          0.05000012	          0.05066302	          0.05000005	          0.05000005	          0.05000003	          0.05000001	          0.05000002	          0.05000000	          0.05000001	          0.05000009	          0.05000009	          0.23505878	          0.13909048	          0.08948837	          0.35706856	          0.28947856	          0.59849423	          0.10793668	          0.05786266	          0.05000002	          0.29750330	          0.26744801	          0.22751324	          0.58399408	          0.55590140	          0.47994677	          0.05000020	          0.05000025	          0.05000008	          0.17543978	          0.05003007	          0.05000002	          0.05000003	          0.05000019	          0.05000039	          0.05000018	          0.36680429	          0.05000015	          0.05000013	          0.07770622	          0.05000082	          0.05000011	          0.05000007	          0.05000007	          0.05000003	          0.05000017	          0.05000405	          0.05000005	          0.05000046	          0.05000046	          0.05000038	          0.33313780	          0.30057743	          0.09796586	          0.21176620	          0.05000025	          0.05000019	          0.16889339	          0.05000023	          0.07949719	          0.25196806	          0.40472192	          0.28273305	          0.05000004	          0.05000000	          0.05000001	
          0.30309920	         -2.59072714	         -0.79991856	          3.99872793	          0.40627157	          0.93585656	          0.00144568	         23.63574171	         -1.63191958	         -2.92472253	         -0.97367290	          5.30660977	          6.85676967	        -51.44592357	         -0.00788460	          3.84693865	          1.19150463	          1.24780660	         -2.06419068	         -5.27818063	          4.11499305	         21.63155497	         -6.09726390	         -2.65987525	          1.86235172	         -1.72581158	          0.29361997	        -13.44977527	         17.76905288	         -3.65922333	        -13.45985609	         18.67990530	         43.66488851	         11.24472517	         86.51662706	         86.51662706	          0.05000001	          0.05000002	          0.05000002	          0.05000011	          0.05000009	          0.05000007	          0.05000007	          0.05000001	          0.05000000	          0.13767889	          0.25030780	          0.16626500	          0.17744339	          0.05000026	          0.05000008	          0.05000001	          0.24638813	          0.24353762	          0.08706666	          0.05000003	          0.05000001	          0.05000001	          0.11824557	          0.12191263	          0.17797797	          0.16939088	          0.05000013	          0.05000075	          0.05000007	          0.05000008	          0.05000004	          0.05000001	          0.05000002	          0.05000000	          0.05000002	          0.05000010	          0.05000010	          0.23333011	          0.13901255	          0.09053875	          0.34778929	          0.28974495	          0.54911013	          0.10528620	          0.05953508	          0.05000002	          0.27977294	          0.25251172	          0.21956212	          0.55812823	          0.53193439	          0.46213192	          0.05000019	          0.05000025	          0.05000007	          0.20912770	          0.07555045	          0.05000002	          0.05000004	          0.05000018	          0.05000039	          0.05000016	          0.38502461	          0.05000015	          0.05000014	          0.06583487	          0.05000067	          0.05000011	          0.05000010	          0.05000011	          0.05000003	          0.05000019	          0.05076295	          0.05000005	          0.05000036	          0.05000036	          0.05000031	          0.35552534	          0.32793417	          0.11809422	          0.22244548	          0.05000031	          0.05000023	          0.16122575	          0.05000019	          0.09395209	          0.22532308	          0.38643948	          0.29204694	          0.05000003	          0.05000000	          0.05000001	
          0.31392417	         -2.55463931	         -0.53586084	          3.53786523	          0.41915929	          0.93562812	          0.00176187	         24.84711396	         -1.42371766	         -3.35849151	         -1.95790601	          5.03983627	          7.38097489	        -50.27791004	          0.06509248	          4.05197156	          1.75865074	          0.70603535	         -1.86813803	         -4.95133643	          4.18727640	         20.36056765	         -5.89668442	         -2.81744783	          1.64544741	         -1.41799713	          0.43373133	        -13.45021253	         17.56297088	         -3.00824358	        -13.45570182	         18.43592551	         42.49211377	         11.59596674	         86.51662706	         86.51662706	          0.05000001	          0.05000002	          0.05000002	          0.05000011	          0.05000010	          0.05000008	          0.05000004	          0.05000001	          0.05000000	          0.11663589	          0.25098515	          0.16771921	          0.16974437	          0.05000027	          0.05000008	          0.05000001	          0.23429670	          0.22313902	          0.07375930	          0.05000003	          0.05000001	          0.05000001	          0.12341914	          0.12624117	          0.20172709	          0.17047305	          0.05000016	          0.05000020	          0.05000011	          0.05000011	          0.05000004	          0.05000001	          0.05000002	          0.05000000	          0.05000002	          0.05000012	          0.05000012	          0.23058496	          0.13636806	          0.09147348	          0.33034788	          0.29120521	          0.49754468	          0.10215509	          0.06227171	          0.05000002	          0.26322373	          0.23709340	          0.21076530	          0.53052939	          0.50739521	          0.44289659	          0.05000025	          0.05000027	          0.05000008	          0.24021346	          0.11164755	          0.05000002	          0.05000004	          0.05000018	          0.05000039	          0.05000015	          0.40157433	          0.05000017	          0.05000015	          0.05577766	          0.05000044	          0.05000011	          0.05000015	          0.05000014	          0.05000004	          0.05000020	          0.06038969	          0.05000004	          0.05000031	          0.05000030	          0.05000027	          0.37812634	          0.35517626	          0.13831064	          0.23245086	          0.05000038	          0.05000029	          0.15378351	          0.05000015	          0.11021545	          0.19612714	          0.37000241	          0.29881976	          0.05000009	          0.05000000	          0.05000001	
          0.32474914	         -2.51999488	         -0.28816862	          3.05721961	          0.43214099	          0.93524046	          0.00208342	         25.92598304	         -1.23421370	         -3.76419757	         -2.95872039	          4.77189369	          7.90681778	        -48.83875695	          0.17421447	          4.13347041	          2.29502146	          0.23330752	         -1.68317220	         -4.58173485	          4.25497994	         18.92410075	         -5.68759439	         -2.95293897	          1.44256768	         -1.10968904	          0.54986281	        -13.45079769	         17.35612925	         -2.36968621	        -13.45221404	         18.17600010	         41.25042071	         12.03898123	         86.51662706	         86.51662706	          0.05000002	          0.05000003	          0.05000003	          0.05000012	          0.05000011	          0.05000009	          0.05000002	          0.05000001	          0.05000000	          0.09880913	          0.24961254	          0.16825647	          0.14401655	          0.05000027	          0.05000009	          0.05000002	          0.22233452	          0.19978345	          0.06248586	          0.05000004	          0.05000001	          0.05000001	          0.13000524	          0.13105582	          0.21226586	          0.16977823	          0.05000018	          0.05000018	          0.05000012	          0.05000011	          0.05000003	          0.05000001	          0.05000003	          0.05000000	          0.05000003	          0.05000015	          0.05000014	          0.22878886	          0.13481634	          0.09301624	          0.31107842	          0.29458128	          0.44710571	          0.09977394	          0.06671674	          0.05000001	          0.24920897	          0.22408959	          0.20496172	          0.51350093	          0.48793933	          0.42579629	          0.05000023	          0.05000025	          0.05000007	          0.27000287	          0.15331355	          0.05000003	          0.05000004	          0.05000018	          0.05000039	          0.05000013	          0.41772369	          0.05000019	          0.05000018	          0.05000697	          0.05000036	          0.05000011	          0.05003240	          0.05001922	          0.05000004	          0.05000023	          0.07300332	          0.05000004	          0.05000025	          0.05000025	          0.05000022	          0.40069399	          0.38166646	          0.15818438	          0.24192542	          0.05000037	          0.05000032	          0.14649131	          0.05000014	          0.12770592	          0.17106224	          0.35596270	          0.30692491	          0.05004702	          0.05000000	          0.05000001	
          0.33557411	         -2.48779623	         -0.06394513	          2.56121467	          0.44521876	          0.93467234	          0.00241392	         26.87191207	         -1.07304671	         -4.14242397	         -3.98152297	          4.51002449	          8.43421466	        -47.14018741	          0.33216103	          4.10139264	          2.79234444	         -0.16838540	         -1.52190083	         -4.17248886	          4.31864738	         17.33992194	         -5.46805530	         -3.06599727	          1.26078080	         -0.80297838	          0.64025402	        -13.45157445	         17.14762845	         -1.74804643	        -13.45014053	         17.91585730	         39.95039870	         12.57670385	         86.51662706	         86.51662706	          0.05000002	          0.05000003	          0.05000004	          0.05000013	          0.05000012	          0.05000011	          0.05000001	          0.05000001	          0.05000000	          0.08370703	          0.24121921	          0.16558042	          0.12200780	          0.05000032	          0.05000011	          0.05000002	          0.20940868	          0.16938268	          0.05293547	          0.05000005	          0.05000002	          0.05000002	          0.13588035	          0.13531065	          0.21731122	          0.16510595	          0.05000024	          0.05000009	          0.05000012	          0.05000011	          0.05000003	          0.05000001	          0.05000003	          0.05000001	          0.05000003	          0.05000018	          0.05000016	          0.22862383	          0.13288030	          0.09468403	          0.28919424	          0.29995565	          0.39990858	          0.09619063	          0.07266401	          0.05000001	          0.23920313	          0.21722546	          0.20762823	          0.49363108	          0.47025010	          0.41191290	          0.05000052	          0.05000027	          0.05000008	          0.29995946	          0.14517100	          0.05000003	          0.05000004	          0.05000017	          0.05000040	          0.05000014	          0.41744099	          0.05000019	          0.05000019	          0.05000945	          0.05000042	          0.05000012	          0.06309883	          0.05709364	          0.05000004	          0.05000025	          0.08771134	          0.05000004	          0.05000025	          0.05000024	          0.05000022	          0.42331372	          0.40758739	          0.17737632	          0.25109091	          0.05000027	          0.05000028	          0.13930673	          0.05000023	          0.14563940	          0.16135725	          0.34454646	          0.31655632	          0.05000147	          0.05000000	          0.05000001	
          0.34639909	         -2.45922916	          0.13158166	          2.05392508	          0.45839038	          0.93390503	          0.00275689	         27.68674786	         -0.94544157	         -4.49015325	         -5.02758086	          4.26053001	          8.96056044	        -45.19945563	          0.54306369	          3.97803181	          3.24616864	         -0.50899288	         -1.39574271	         -3.72811003	          4.37975695	         15.63100884	         -5.23533575	         -3.15728084	          1.10493213	         -0.49901968	          0.70328942	        -13.45236115	         16.93338223	         -1.14661445	        -13.44971082	         17.66845578	         38.60458194	         13.20926814	         86.51662706	         86.51662706	          0.05000003	          0.05000004	          0.05000005	          0.05000015	          0.05000015	          0.05000013	          0.05000001	          0.05000001	          0.05000000	          0.07091315	          0.22842844	          0.16207947	          0.10336051	          0.05000028	          0.05000011	          0.05000002	          0.19536681	          0.14354782	          0.05000006	          0.05000006	          0.05000002	          0.05000002	          0.14273477	          0.13962992	          0.22490755	          0.16347010	          0.05000032	          0.05000006	          0.05000008	          0.05000007	          0.05000002	          0.05000001	          0.05000003	          0.05000001	          0.05000004	          0.05000021	          0.05000020	          0.22958256	          0.13054441	          0.09647312	          0.26453113	          0.30805674	          0.35526933	          0.09168838	          0.07888293	          0.05000001	          0.23357458	          0.21510868	          0.21670781	          0.47727707	          0.45766872	          0.40375215	          0.05372822	          0.05000881	          0.05000011	          0.33138542	          0.14128236	          0.05000003	          0.05000005	          0.05000018	          0.05000042	          0.05000015	          0.39416319	          0.05000022	          0.05000022	          0.05000577	          0.05000042	          0.05000014	          0.07212904	          0.08055113	          0.05000005	          0.05000029	          0.10472554	          0.05000003	          0.05000022	          0.05000022	          0.05000020	          0.44583748	          0.43301714	          0.19556747	          0.26083540	          0.05000022	          0.05000024	          0.13623900	          0.06078459	          0.16099082	          0.16715999	          0.33569214	          0.33138910	          0.05000693	          0.05000000	          0.05000001	
          0.35722406	         -2.43552969	          0.29718096	          1.53915239	          0.47165033	          0.93292660	          0.00311443	         28.37368741	         -0.85083221	         -4.80427863	         -6.09195907	          4.02710269	          9.48087010	        -43.03571923	          0.79786112	          3.78424159	          3.65868757	         -0.80021895	         -1.31536352	         -3.25506721	          4.44013105	         13.82494321	         -4.98664119	         -3.22844406	          0.97549489	         -0.19854700	          0.73692545	        -13.45289476	         16.70458643	         -0.56775291	        -13.45032512	         17.44129139	         37.22801809	         13.93496508	         86.51662706	         86.51662706	          0.05000003	          0.05000005	          0.05000006	          0.05000016	          0.05000016	          0.05000016	          0.05000000	          0.05000001	          0.05000000	          0.06007471	          0.21002020	          0.16144793	          0.08756335	          0.05000028	          0.05000012	          0.05000003	          0.18069586	          0.12171677	          0.05000008	          0.05000007	          0.05000003	          0.05000003	          0.15102394	          0.14415125	          0.23392254	          0.16228317	          0.05000046	          0.05000004	          0.05000006	          0.05000005	          0.05000001	          0.05000001	          0.05000004	          0.05000001	          0.05000005	          0.05000024	          0.05000023	          0.23152266	          0.12805078	          0.09807565	          0.24160210	          0.31900433	          0.31363075	          0.08651935	          0.08568399	          0.05000001	          0.23252479	          0.21843843	          0.23111411	          0.46636148	          0.45273963	          0.39987876	          0.06283555	          0.05889972	          0.05000015	          0.36427352	          0.14350994	          0.05000003	          0.05000005	          0.05000017	          0.05000043	          0.05000016	          0.38161646	          0.05000022	          0.05000025	          0.05000692	          0.05000050	          0.05000016	          0.08921919	          0.10780256	          0.05000005	          0.05000034	          0.12072473	          0.05000003	          0.05000022	          0.05000021	          0.05000019	          0.46828120	          0.45832673	          0.21291433	          0.27115010	          0.05000019	          0.05000021	          0.13815933	          0.08560690	          0.17465495	          0.18563990	          0.32888706	          0.35046306	          0.05000081	          0.05000000	          0.05000001	
          0.36804903	         -2.41790741	          0.43524032	          1.02036364	          0.48499163	          0.93173400	          0.00348693	         28.93719997	         -0.78382788	         -5.08211339	         -7.16317889	          3.81114141	          9.98852699	        -40.66927355	          1.07407811	          3.53833776	          4.03811507	         -1.05346430	         -1.28829670	         -2.76058780	          4.50070605	         11.95069817	         -4.71775484	         -3.28173726	          0.86900629	          0.09808870	          0.73841173	        -13.45287944	         16.44777642	         -0.01374260	        -13.45125122	         17.23907401	         35.83831889	         14.75242145	         86.51662706	         86.51662706	          0.05000003	          0.05000006	          0.05000008	          0.05000017	          0.05000018	          0.05000018	          0.05000000	          0.05000001	          0.05000000	          0.05089282	          0.20386142	          0.16617875	          0.07418171	          0.05000033	          0.05000014	          0.05000004	          0.16465108	          0.10403314	          0.05000009	          0.05000008	          0.05000004	          0.05000003	          0.15869779	          0.14768919	          0.24362091	          0.15485691	          0.05000053	          0.05000003	          0.05000004	          0.05000003	          0.05000001	          0.05000002	          0.05000004	          0.05000001	          0.05000006	          0.05000027	          0.05000027	          0.23420286	          0.12546975	          0.09973144	          0.22030427	          0.33225743	          0.27473903	          0.08140082	          0.09372168	          0.05000002	          0.23632294	          0.22487955	          0.24449197	          0.46616879	          0.45350646	          0.39752029	          0.07420751	          0.07157992	          0.05000017	          0.39706069	          0.14274118	          0.05000004	          0.05000005	          0.05000017	          0.05000044	          0.05000017	          0.36629393	          0.05000022	          0.05000028	          0.05000756	          0.05000060	          0.05000019	          0.10673493	          0.13796667	          0.05000006	          0.05000039	          0.13376992	          0.05000002	          0.05000020	          0.05000020	          0.05000018	          0.49049971	          0.48360937	          0.22977735	          0.28231697	          0.05000015	          0.05000017	          0.14202084	          0.11309979	          0.18722328	          0.21498032	          0.32315183	          0.37180182	          0.05000008	          0.05000000	          0.05000001	
          0.37887400	         -2.40741644	          0.55084750	          0.50058919	          0.49840964	          0.93033281	          0.00387331	         29.38326069	         -0.73578276	         -5.32119964	         -8.22749545	          3.61157782	         10.47542252	        -38.12327267	          1.34440920	          3.25767323	          4.39665326	         -1.27986466	         -1.31561202	         -2.25159194	          4.55876126	         10.03517885	         -4.42216078	         -3.31938238	          0.77899663	          0.39104969	          0.70385273	        -13.45224240	         16.14589677	          0.51264745	        -13.45180266	         17.06478453	         34.45597007	         15.66053859	         86.51662706	         86.51662706	          0.05000004	          0.05000007	          0.05000008	          0.05000019	          0.05000019	          0.05000019	          0.05000000	          0.05000001	          0.05000000	          0.05000001	          0.17270391	          0.17427418	          0.06734031	          0.05000040	          0.05000016	          0.05000004	          0.14747061	          0.09784677	          0.05000009	          0.05000009	          0.05000004	          0.05000004	          0.16291143	          0.14859693	          0.25579284	          0.14919133	          0.05000065	          0.05000002	          0.05000003	          0.05000003	          0.05000001	          0.05000002	          0.05000004	          0.05000001	          0.05000007	          0.05000032	          0.05000032	          0.23735731	          0.12255237	          0.10098044	          0.19936115	          0.34720138	          0.23881836	          0.07684390	          0.10131971	          0.05000003	          0.24334758	          0.23150145	          0.25347383	          0.46538671	          0.45332789	          0.39418901	          0.08713641	          0.08514171	          0.05000856	          0.42737795	          0.14338506	          0.05000004	          0.05000006	          0.05000017	          0.05000045	          0.05000018	          0.35171686	          0.05000024	          0.05000035	          0.05000716	          0.05000062	          0.05000021	          0.13291250	          0.16674491	          0.05000006	          0.05000045	          0.14284075	          0.05000002	          0.05000019	          0.05000018	          0.05000017	          0.51232458	          0.50887204	          0.24667950	          0.29475470	          0.05000012	          0.05000014	          0.14528939	          0.13854386	          0.19834657	          0.24464137	          0.31712860	          0.39327981	          0.05000004	          0.05000000	          0.05000001	
          0.38969897	         -2.40489249	          0.65044690	         -0.01788096	          0.51190370	          0.92873620	          0.00427107	         29.71788491	         -0.69613893	         -5.51882578	         -9.26967865	          3.42613935	         10.93335342	        -35.42258512	          1.57839065	          2.95802020	          4.74777608	         -1.48899792	         -1.39350922	         -1.73402812	          4.61049013	          8.10240377	         -4.09064511	         -3.34314416	          0.69770442	          0.68100273	          0.62776063	        -13.45105296	         15.77862781	          1.00823032	        -13.45155118	         16.91979088	         33.10457698	         16.65793015	         86.51662706	         86.51662706	          0.05000004	          0.05000008	          0.05000010	          0.05000020	          0.05000021	          0.05000021	          0.05000000	          0.05000001	          0.05000000	          0.05000002	          0.14630777	          0.18121809	          0.08663763	          0.05000043	          0.05000019	          0.05000005	          0.12768760	          0.08714573	          0.05000011	          0.05000010	          0.05000005	          0.05000005	          0.16088292	          0.14576993	          0.26925180	          0.13992501	          0.05000080	          0.05000002	          0.05000002	          0.05000002	          0.05000000	          0.05000002	          0.05000005	          0.05000001	          0.05000009	          0.05000034	          0.05000035	          0.24091561	          0.11829993	          0.10224823	          0.17967175	          0.36347168	          0.20608496	          0.07198287	          0.10808690	          0.05000003	          0.25315594	          0.23667326	          0.25650073	          0.46337017	          0.45048534	          0.38953623	          0.10011193	          0.09788563	          0.05556870	          0.45225518	          0.13995598	          0.05000004	          0.05000006	          0.05000017	          0.05000047	          0.05000019	          0.34453782	          0.05000025	          0.05000047	          0.05000628	          0.05000068	          0.05000024	          0.16489976	          0.20006365	          0.05000007	          0.05000051	          0.14624572	          0.05000001	          0.05000017	          0.05000017	          0.05000016	          0.53349356	          0.53392571	          0.26416340	          0.30864870	          0.05000010	          0.05000012	          0.14572955	          0.15879452	          0.20792542	          0.26326990	          0.30952229	          0.41326148	          0.05000002	          0.05000000	          0.05000001	
          0.40052394	         -2.41085711	          0.74086567	         -0.53340276	          0.52547707	          0.92696447	          0.00467544	         29.94511338	         -0.65344317	         -5.67335275	        -10.27403866	          3.25225957	         11.35438601	        -32.58896468	          1.74463404	          2.65095252	          5.10266522	         -1.68851086	         -1.51543126	         -1.21377886	          4.65325065	          6.17444897	         -3.71249022	         -3.35442986	          0.61750850	          0.96905144	          0.50330978	        -13.44983181	         15.32548823	          1.46932330	        -13.45067446	         16.80375534	         31.81107121	         17.74321841	         86.51662706	         86.51662706	          0.05000005	          0.05000009	          0.05000012	          0.05000020	          0.05000021	          0.05000022	          0.05000000	          0.05000002	          0.05000000	          0.05000003	          0.12394599	          0.18738112	          0.12814270	          0.05000393	          0.05000034	          0.05000008	          0.10817278	          0.07726561	          0.05000013	          0.05000013	          0.05000007	          0.05000008	          0.15331656	          0.14038417	          0.28363381	          0.11869963	          0.05000056	          0.05000001	          0.05000002	          0.05000002	          0.05000000	          0.05000002	          0.05000005	          0.05000001	          0.05000010	          0.05000044	          0.05000042	          0.24474035	          0.11459365	          0.10300458	          0.16186090	          0.38026021	          0.17596262	          0.06654931	          0.11449060	          0.05000439	          0.26452128	          0.24105494	          0.25464146	          0.46291175	          0.44679037	          0.38381435	          0.11223827	          0.10870786	          0.06195694	          0.46825623	          0.13082683	          0.05000004	          0.05000006	          0.05000017	          0.05000048	          0.05000021	          0.34539604	          0.05000024	          0.05000054	          0.05000621	          0.05000077	          0.05000028	          0.19917417	          0.23920347	          0.05000007	          0.05000052	          0.14307689	          0.05000001	          0.05000016	          0.05000016	          0.05000015	          0.55359246	          0.55839879	          0.28269220	          0.32408717	          0.05000009	          0.05000011	          0.14136069	          0.17287303	          0.21597564	          0.26260725	          0.29920431	          0.42943282	          0.05000001	          0.05000001	          0.05000002	
          0.41134891	         -2.42555141	          0.82817994	         -1.04484628	          0.53913669	          0.92504560	          0.00508069	         30.06674210	         -0.59710742	         -5.78446073	        -11.22652591	          3.08769186	         11.73079928	        -29.63994905	          1.81542117	          2.34447745	          5.46729538	         -1.88385919	         -1.67311252	         -0.69755987	          4.68372990	          4.27524062	         -3.27426647	         -3.35448904	          0.53196796	          1.25654207	          0.32279853	        -13.45038379	         14.77116180	          1.89178593	        -13.44997032	         16.71549919	         30.60554592	         18.91529982	         86.51662706	         86.51662706	          0.05000005	          0.05000010	          0.05000015	          0.05000022	          0.05000023	          0.05000025	          0.05000000	          0.05000002	          0.05000001	          0.05000003	          0.10500199	          0.19060021	          0.15567847	          0.07085121	          0.05000049	          0.05000013	          0.09163976	          0.07101656	          0.05000015	          0.05000016	          0.05000010	          0.05000014	          0.14315006	          0.13526351	          0.28560558	          0.10056569	          0.05000088	          0.05000001	          0.05000002	          0.05000002	          0.05000000	          0.05000002	          0.05000005	          0.05000001	          0.05000012	          0.05000040	          0.05000042	          0.24811302	          0.11202822	          0.10451757	          0.14662384	          0.39767942	          0.15255405	          0.06167555	          0.12099073	          0.06186075	          0.27911309	          0.24339411	          0.24810446	          0.46020828	          0.44188785	          0.37727657	          0.12266589	          0.11650940	          0.06771406	          0.47234382	          0.13219753	          0.05000005	          0.05000006	          0.05000017	          0.05000049	          0.05000022	          0.37668004	          0.05000027	          0.05000106	          0.05000398	          0.05000070	          0.05000030	          0.24583094	          0.27857181	          0.05000008	          0.05000055	          0.13147308	          0.05000001	          0.05000014	          0.05000014	          0.05000013	          0.57206672	          0.58172666	          0.30251005	          0.34094741	          0.05000008	          0.05000011	          0.13187851	          0.18098565	          0.22269374	          0.22247677	          0.28563428	          0.43968201	          0.05000001	          0.05000001	          0.05000002	
          0.42217389	         -2.44899157	          0.91792808	         -1.55152110	          0.55288963	          0.92301705	          0.00548557	         30.08313980	         -0.51870493	         -5.85295025	        -12.11400032	          2.92982464	         12.05681940	        -26.59038358	          1.76564349	          2.04386710	          5.84489558	         -2.07783626	         -1.85528886	         -0.19209477	          4.69610345	          2.43516079	         -2.76138851	         -3.34533525	          0.43429904	          1.54316735	          0.07702030	        -13.45750300	         14.10831772	          2.27278834	        -13.44972211	         16.65641779	         29.52238711	         20.17294290	         86.51662706	         86.51662706	          0.05000007	          0.05000012	          0.05000016	          0.05000026	          0.05000026	          0.05000027	          0.05000001	          0.05000003	          0.05000001	          0.05000003	          0.08895341	          0.19564530	          0.17882687	          0.11947689	          0.05000770	          0.05000037	          0.07763357	          0.06647977	          0.05000018	          0.05000020	          0.05000013	          0.05000020	          0.12127090	          0.11458979	          0.27209584	          0.08519710	          0.05000055	          0.05000001	          0.05000002	          0.05000002	          0.05000000	          0.05000002	          0.05000006	          0.05000001	          0.05000012	          0.05000050	          0.05000050	          0.25197561	          0.11081950	          0.10535059	          0.13287527	          0.41492182	          0.13465769	          0.05713333	          0.12448940	          0.07487910	          0.29536201	          0.24736128	          0.24169755	          0.45975517	          0.44010286	          0.37267968	          0.12903857	          0.11987801	          0.07120180	          0.46155869	          0.13730481	          0.05000005	          0.05000007	          0.05000018	          0.05000050	          0.05000024	          0.40034352	          0.05000030	          0.05000290	          0.05000334	          0.05000067	          0.05000031	          0.29479964	          0.34147351	          0.05000008	          0.05000058	          0.13403938	          0.05000001	          0.05000013	          0.05000013	          0.05000013	          0.58829849	          0.60326452	          0.32376654	          0.35878456	          0.05000009	          0.05000030	          0.11459000	          0.18551633	          0.22864451	          0.18847326	          0.26881703	          0.44097447	          0.05000001	          0.05000001	          0.05000002	
          0.43299886	         -2.48085374	          1.01399812	         -2.05326993	          0.56675104	          0.92092839	          0.00588922	         29.98796441	         -0.41180592	         -5.87962917	        -12.92568596	          2.77660807	         12.32768054	        -23.44497832	          1.57449076	          1.75533947	          6.23352259	         -2.27257954	         -2.05022012	          0.29453396	          4.68378028	          0.68514557	         -2.16447259	         -3.32831402	          0.31971056	          1.82799827	         -0.24361459	        -13.47667797	         13.34212915	          2.60894482	        -13.45134421	         16.63354368	         28.59346514	         21.51551836	         86.51662706	         86.51662706	          0.05000007	          0.05000013	          0.05000018	          0.05000025	          0.05000026	          0.05000027	          0.05000001	          0.05000004	          0.05000001	          0.05000004	          0.07535771	          0.19817312	          0.19513018	          0.15141996	          0.08794614	          0.05790981	          0.06576810	          0.06118444	          0.05000026	          0.05000026	          0.05000020	          0.05000232	          0.10273574	          0.09707578	          0.25855131	          0.07217683	          0.05000051	          0.05000001	          0.05000002	          0.05000002	          0.05000001	          0.05000003	          0.05000006	          0.05000001	          0.05000014	          0.05000040	          0.05000045	          0.25582951	          0.10999675	          0.10688709	          0.12457251	          0.43236769	          0.12835494	          0.05337475	          0.12872083	          0.08518679	          0.31336686	          0.25033069	          0.23187324	          0.46206887	          0.43997473	          0.36591836	          0.13121108	          0.11868114	          0.07243425	          0.43393239	          0.13620042	          0.05000005	          0.05000007	          0.05000016	          0.05000048	          0.05000024	          0.42036238	          0.05000028	          0.05000615	          0.05000359	          0.05000077	          0.05000034	          0.34195134	          0.39853195	          0.05000008	          0.05000063	          0.12709875	          0.05000001	          0.05000012	          0.05000012	          0.05000011	          0.60159397	          0.62228113	          0.34637706	          0.37690111	          0.05000008	          0.09011732	          0.09707595	          0.19097550	          0.23469962	          0.15966683	          0.24899622	          0.43152714	          0.05000000	          0.05000001	          0.05000002	
          0.44382383	         -2.52037878	          1.11767200	         -2.54949396	          0.58074926	          0.91883672	          0.00628802	         29.77122640	         -0.27235410	         -5.86538289	        -13.65826534	          2.62590120	         12.54064034	        -20.20819113	          1.23482268	          1.49092042	          6.61956033	         -2.46865957	         -2.24234127	          0.75659330	          4.64204524	         -0.94490109	         -1.48089692	         -3.30313929	          0.18680196	          2.11032667	         -0.64773212	        -13.51163080	         12.48831966	          2.89448811	        -13.45830209	         16.65843501	         27.84284055	         22.94318203	         86.51662706	         86.51662706	          0.05000010	          0.05000017	          0.05000021	          0.05000033	          0.05000032	          0.05000031	          0.05000001	          0.05000005	          0.05000002	          0.05000004	          0.06383999	          0.19949011	          0.20340444	          0.17340664	          0.12189302	          0.07537663	          0.05571618	          0.05778611	          0.05000030	          0.05000032	          0.05000021	          0.06697615	          0.08703350	          0.08223862	          0.23570454	          0.06114618	          0.05000047	          0.05000001	          0.05000003	          0.05000002	          0.05000001	          0.05000002	          0.05000004	          0.05000001	          0.05000010	          0.05000041	          0.05000039	          0.26075597	          0.10763608	          0.10713696	          0.13442588	          0.44876528	          0.13404742	          0.05239463	          0.13295143	          0.09153232	          0.33340174	          0.25074355	          0.21747420	          0.46687538	          0.44123886	          0.35862872	          0.12899931	          0.11229508	          0.07096543	          0.38722184	          0.14489617	          0.05000006	          0.05000008	          0.05000018	          0.05000051	          0.05000025	          0.44127340	          0.05000036	          0.05002759	          0.05000245	          0.05000064	          0.05000034	          0.38156060	          0.45258509	          0.05000009	          0.05000062	          0.12402794	          0.05000001	          0.05000012	          0.05000011	          0.05000011	          0.61099220	          0.63767039	          0.36960180	          0.39480017	          0.05000009	          0.14660555	          0.08223876	          0.19716576	          0.24041612	          0.13526319	          0.21093939	          0.41001015	          0.05000000	          0.05000001	          0.05000002	
          0.45464880	         -2.56631015	          1.22815981	         -3.03887543	          0.59492739	          0.91680120	          0.00667649	         29.42427806	         -0.09872638	         -5.81133349	        -14.31964472	          2.47357169	         12.69384168	        -16.89796303	          0.76018650	          1.27556994	          6.97869933	         -2.66603431	         -2.41357570	          1.18476537	          4.55730335	         -2.43111550	         -0.69529219	         -3.26747028	          0.03661950	          2.38983044	         -1.14203026	        -13.56348428	         11.56985517	          3.12130523	        -13.47497991	         16.74265591	         27.28307627	         24.45445107	         86.51662706	         86.51662706	          0.05000014	          0.05000023	          0.05000031	          0.05000034	          0.05000034	          0.05000037	          0.05737856	          0.05000008	          0.05000003	          0.05000004	          0.05408268	          0.19887380	          0.20596997	          0.18609071	          0.14655460	          0.09005112	          0.05000036	          0.05012002	          0.05000047	          0.05000065	          0.05000133	          0.08563368	          0.07373121	          0.06966919	          0.21294124	          0.05180179	          0.05000046	          0.05000001	          0.05000004	          0.05000003	          0.05000002	          0.05000001	          0.05000003	          0.05000000	          0.05000009	          0.05000038	          0.05000035	          0.26417739	          0.10564837	          0.10814631	          0.15726696	          0.46279046	          0.14867933	          0.05295813	          0.13733791	          0.09327510	          0.35390299	          0.25049431	          0.20056420	          0.48488210	          0.44861218	          0.34819207	          0.11043830	          0.09708855	          0.06624009	          0.32803843	          0.14787917	          0.05000005	          0.05000007	          0.05000015	          0.05000045	          0.05000023	          0.46188561	          0.05000031	          0.05001383	          0.05000272	          0.05000070	          0.05000034	          0.40501459	          0.50345106	          0.05000008	          0.05000062	          0.12116328	          0.05000001	          0.05000010	          0.05000010	          0.05000010	          0.61583380	          0.64873671	          0.39218185	          0.41149146	          0.05000015	          0.19735803	          0.06966930	          0.20195245	          0.24524490	          0.11458943	          0.17869917	          0.36157463	          0.05000000	          0.05000000	          0.05000001	
          0.46547377	         -2.61694786	          1.34283409	         -3.51909344	          0.60933604	          0.91487712	          0.00704815	         28.94984954	          0.10751722	         -5.72036483	        -14.92520929	          2.31494751	         12.78611767	        -13.56816371	          0.17717072	          1.13747913	          7.28395911	         -2.86514870	         -2.54822351	          1.56434485	          4.40587625	         -3.75006267	          0.22397977	         -3.21754126	         -0.12766161	          2.66628061	         -1.72939058	        -13.63005396	         10.61138058	          3.28053383	        -13.50561819	         16.89440562	         26.91240191	         26.04409690	         86.51662706	         86.51662706	          0.05000025	          0.05000039	          0.05000046	          0.05000051	          0.05000046	          0.05000045	          0.14139608	          0.05000007	          0.05000004	          0.05000003	          0.05000014	          0.20126393	          0.21036339	          0.19970844	          0.16488447	          0.09963717	          0.05000025	          0.05001666	          0.05000034	          0.05001050	          0.05833647	          0.09579992	          0.06246206	          0.05902088	          0.19504745	          0.05000148	          0.05000045	          0.05000002	          0.05000008	          0.05000007	          0.05000004	          0.05000001	          0.05000003	          0.05000001	          0.05000009	          0.05000035	          0.05000035	          0.26322598	          0.10954516	          0.10978633	          0.15539164	          0.47249775	          0.15356219	          0.06065238	          0.13565116	          0.08550119	          0.37129079	          0.24735012	          0.18320975	          0.49038964	          0.45199609	          0.33633357	          0.09355893	          0.08224948	          0.05810659	          0.27790066	          0.16039560	          0.05000006	          0.05000008	          0.05000016	          0.05000047	          0.05000024	          0.48220999	          0.05000038	          0.05000426	          0.05000181	          0.05000058	          0.05000033	          0.47062402	          0.54776490	          0.05000008	          0.05000059	          0.12869947	          0.05000001	          0.05000011	          0.05000011	          0.05000011	          0.61569164	          0.65481019	          0.41249477	          0.42576713	          0.07070213	          0.24585540	          0.05902097	          0.20679273	          0.24935676	          0.09707546	          0.15138659	          0.30631120	          0.05000000	          0.05000000	          0.05000001	
          0.47629874	         -2.66974834	          1.45887662	         -3.98754060	          0.62402053	          0.91311413	          0.00739647	         28.37096123	          0.34378035	         -5.59441849	        -15.47626403	          2.14819303	         12.81906718	        -10.33388740	         -0.51735813	          1.09771625	          7.52156325	         -3.06454702	         -2.62716232	          1.88830507	          4.16912404	         -4.87767526	          1.31168475	         -3.14900592	         -0.30248563	          2.93895884	         -2.40611855	        -13.70515454	          9.63272002	          3.36660355	        -13.55293805	         17.12025512	         26.71004666	         27.69856317	         86.51662706	         86.51662706	          0.05000038	          0.05000046	          0.05000044	          0.05000055	          0.05000047	          0.05000045	          0.21261372	          0.05000007	          0.05000002	          0.05000002	          0.05000014	          0.20609844	          0.21970813	          0.20310794	          0.17025226	          0.10196597	          0.05000025	          0.05001804	          0.05000035	          0.06001428	          0.06532317	          0.09615083	          0.05291530	          0.05000011	          0.17904174	          0.05000116	          0.05000036	          0.05000003	          0.05000023	          0.05000020	          0.05000012	          0.05000001	          0.05000002	          0.05000001	          0.05000008	          0.05000043	          0.05000040	          0.25973494	          0.10800041	          0.11105818	          0.16251156	          0.47744674	          0.16337687	          0.07157386	          0.13287354	          0.07243312	          0.38832897	          0.24059535	          0.15966701	          0.49941122	          0.45951820	          0.30999510	          0.07925935	          0.06967841	          0.05000035	          0.23542600	          0.17028139	          0.05000006	          0.05000007	          0.05000014	          0.05000043	          0.05000022	          0.50189283	          0.05000034	          0.05000087	          0.05000295	          0.05000072	          0.05000035	          0.49105024	          0.59400173	          0.05000009	          0.05000076	          0.12681224	          0.05000001	          0.05000012	          0.05000012	          0.05000012	          0.61004288	          0.65536286	          0.42938936	          0.43635340	          0.13704479	          0.28933068	          0.05000014	          0.21054990	          0.25253341	          0.08223835	          0.12824849	          0.25949426	          0.05000000	          0.05000000	          0.05000001	
          0.48712371	         -2.72195653	          1.57240130	         -4.44105453	          0.63902212	          0.91155445	          0.00771435	         27.71623584	          0.60691169	         -5.43574519	        -15.96678146	          1.97457572	         12.79589044	         -7.31715999	         -1.34026776	          1.15087553	          7.68009742	         -3.26434237	         -2.63387736	          2.15203218	          3.83252589	         -5.79265113	          2.60144222	         -3.05687720	         -0.48283276	          3.20684844	         -3.16168734	        -13.77733233	          8.63988153	          3.37633652	        -13.61841838	         17.42552723	         26.63546526	         29.39723652	         86.51662706	         86.51662706	          0.05000074	          0.05000067	          0.05000044	          0.05000069	          0.05000052	          0.05000044	          0.28089374	          0.05000008	          0.05000061	          0.05000002	          0.05000012	          0.21158643	          0.22588198	          0.20523336	          0.17125218	          0.10065845	          0.05000026	          0.05001406	          0.05000038	          0.06849798	          0.06883737	          0.09356983	          0.05000004	          0.05000005	          0.16624125	          0.05000074	          0.05000031	          0.05000006	          0.05710315	          0.05670921	          0.05030348	          0.05000000	          0.05000001	          0.05000001	          0.05000007	          0.05000046	          0.05000035	          0.25355358	          0.10574869	          0.11164353	          0.17509191	          0.47759777	          0.18081220	          0.08065164	          0.13029903	          0.06136238	          0.40399910	          0.22247741	          0.13526350	          0.51194245	          0.46867450	          0.26261611	          0.06714532	          0.05902870	          0.05000009	          0.19944322	          0.17598612	          0.05000005	          0.05000006	          0.05000013	          0.05000040	          0.05000023	          0.52062865	          0.05000032	          0.05000038	          0.05000220	          0.05000063	          0.05000034	          0.49268097	          0.63344180	          0.05000008	          0.05000053	          0.11458960	          0.05000050	          0.05000015	          0.05000015	          0.05000014	          0.59786573	          0.64895069	          0.44170686	          0.44314183	          0.17945997	          0.33008620	          0.05000001	          0.20794951	          0.25425472	          0.06966896	          0.10864684	          0.21983286	          0.05000001	          0.05000000	          0.05000000	
          0.49794869	         -2.77114114	          1.67953787	         -4.87579791	          0.65437440	          0.91022695	          0.00799346	         27.01070580	          0.89508681	         -5.24645176	        -16.38798653	          1.79581376	         12.71929241	         -4.61557404	         -2.31084580	          1.27141258	          7.74633169	         -3.45839125	         -2.55043635	          2.35340817	          3.38596327	         -6.48688338	          4.12502474	         -2.93686649	         -0.66364570	          3.46833783	         -3.97986323	        -13.82908266	          7.61120050	          3.30837998	        -13.70283793	         17.81550512	         26.63314044	         31.11675234	         86.51662706	         86.51662706	          0.05000121	          0.05000068	          0.05000039	          0.05000078	          0.05000056	          0.05000044	          0.33693871	          0.05000009	          0.08343709	          0.05000002	          0.05000012	          0.21479982	          0.21809463	          0.19945191	          0.16683034	          0.09769715	          0.05000025	          0.05001412	          0.05000047	          0.06748085	          0.06726534	          0.08847349	          0.05000005	          0.05000005	          0.14892422	          0.05000065	          0.05000027	          0.05000020	          0.07321130	          0.07423575	          0.06541539	          0.05000000	          0.05000002	          0.05000002	          0.05000009	          0.05000017	          0.05000020	          0.24495077	          0.10355361	          0.11516018	          0.18014344	          0.47490714	          0.20137491	          0.08819659	          0.12652488	          0.05198370	          0.41911670	          0.18847384	          0.11458971	          0.50638092	          0.46791622	          0.22247763	          0.05688285	          0.05000672	          0.05000006	          0.16896009	          0.17804978	          0.05000005	          0.05000005	          0.05000011	          0.05000036	          0.05000021	          0.53814835	          0.05000026	          0.05000034	          0.05001269	          0.05000156	          0.05000042	          0.48945881	          0.66692468	          0.05000015	          0.05000313	          0.09707569	          0.08741678	          0.05000017	          0.05000017	          0.05000017	          0.57878760	          0.63528523	          0.44853358	          0.44385756	          0.20930675	          0.36089432	          0.05000001	          0.18847141	          0.25691761	          0.05902070	          0.09204113	          0.18623336	          0.05000001	          0.05000000	          0.05000000	
          0.50877366	         -2.81535424	          1.77767781	         -5.28843660	          0.67011066	          0.90914721	          0.00822603	         26.27121792	          1.20828028	         -5.02756949	        -16.73880950	          1.61110289	         12.59135182	         -2.30175662	         -3.42877858	          1.41929606	          7.69748219	         -3.63972048	         -2.37115419	          2.49251548	          2.81128706	         -6.95854031	          5.92117725	         -2.78454267	         -0.84129220	          3.72138731	         -4.84197813	        -13.83495789	          6.48018084	          3.16236466	        -13.80644133	         18.29969487	         26.63679650	         32.83223808	         86.51662706	         86.51662706	          0.05000084	          0.05000047	          0.05000031	          0.05000077	          0.05000051	          0.05000041	          0.37658137	          0.05000010	          0.10342843	          0.05000003	          0.05000013	          0.21417521	          0.19881043	          0.18386633	          0.15848655	          0.09613962	          0.05000018	          0.05001964	          0.05000053	          0.06276063	          0.06389441	          0.08359835	          0.05000005	          0.05000005	          0.13412933	          0.05000066	          0.05000028	          0.05134641	          0.08102237	          0.08262056	          0.06931046	          0.05000000	          0.05000001	          0.05000001	          0.05000007	          0.05000127	          0.05000031	          0.23927849	          0.09846415	          0.11612563	          0.19598523	          0.46916064	          0.19610735	          0.09277107	          0.12409257	          0.05000003	          0.43939978	          0.15966730	          0.09707570	          0.51285441	          0.41190913	          0.18847392	          0.05000018	          0.05000005	          0.05000004	          0.14313603	          0.17057844	          0.05000007	          0.05000007	          0.05000013	          0.05000039	          0.05000022	          0.55439729	          0.05000042	          0.05000020	          0.05000098	          0.05000045	          0.05000030	          0.46812433	          0.68932618	          0.05000006	          0.05000037	          0.08223858	          0.12597425	          0.05000044	          0.05000043	          0.05000038	          0.55091742	          0.60965610	          0.44700986	          0.43818800	          0.22874691	          0.38456002	          0.05000000	          0.15966533	          0.26123617	          0.05000006	          0.07797346	          0.15776925	          0.05000003	          0.05000000	          0.05000000	
          0.51959863	         -2.85320248	          1.86637752	         -5.67688400	          0.68625794	          0.90831371	          0.00840607	         25.50837046	          1.54782658	         -4.77859496	        -17.02199141	          1.41592164	         12.40461713	         -0.42529364	         -4.68417607	          1.55317919	          7.51369895	         -3.80314768	         -2.07429977	          2.57486913	          2.10134949	         -7.25151159	          8.00494773	         -2.59641829	         -1.01484870	          3.96347205	         -5.72801431	        -13.75902395	          5.11399450	          2.94002559	        -13.92944305	         18.89586847	         26.57476274	         34.51934290	         86.51662706	         86.51662706	          0.05025944	          0.05000090	          0.05000047	          0.05000083	          0.05000071	          0.05000060	          0.39614337	          0.06397266	          0.11203497	          0.05000005	          0.05000017	          0.21301980	          0.19503907	          0.18029445	          0.15568338	          0.09461790	          0.05000025	          0.05001695	          0.06948598	          0.06656710	          0.06543031	          0.08078084	          0.05000006	          0.05000007	          0.12114986	          0.05000071	          0.05000027	          0.05016207	          0.07903751	          0.08098361	          0.06650910	          0.05000000	          0.05000002	          0.05000001	          0.05000008	          0.05999890	          0.05000063	          0.23626228	          0.09592783	          0.11836520	          0.21467662	          0.46462472	          0.19960677	          0.09046180	          0.11740496	          0.05000008	          0.45348354	          0.13526359	          0.08223855	          0.52959937	          0.36844943	          0.15966737	          0.05000037	          0.05000008	          0.05000005	          0.12125896	          0.15973142	          0.05000008	          0.05000009	          0.05000016	          0.05000049	          0.05000030	          0.56981962	          0.05000047	          0.05000024	          0.05000200	          0.05000069	          0.05000042	          0.50824325	          0.62522759	          0.05000009	          0.05000060	          0.06966920	          0.17000761	          0.05000150	          0.05000152	          0.05000103	          0.51642481	          0.57691688	          0.43755282	          0.42786503	          0.27795985	          0.41292192	          0.05000000	          0.13526191	          0.25880910	          0.05000005	          0.06605591	          0.13365563	          0.05000003	          0.05000000	          0.05000000	
          0.53042360	         -2.88382103	          1.95306774	         -6.03804525	          0.70283888	          0.90770580	          0.00852139	         24.72684055	          1.92398573	         -4.50005611	        -17.24143231	          1.19727970	         12.15286366	          0.98735920	         -6.06107761	          1.62711236	          7.18556709	         -3.94040604	         -1.65533203	          2.62829494	          1.22386686	         -7.43445768	         10.42692953	         -2.36933229	         -1.18884469	          4.19444414	         -6.61573031	        -13.63487310	          3.77349792	          2.62827377	        -14.00680297	         19.31113594	         26.38821404	         36.12987538	         86.51662706	         86.51662706	          0.05000030	          0.05000077	          0.05000020	          0.05000669	          0.05000095	          0.05000039	          0.39503711	          0.07515372	          0.10996455	          0.05000006	          0.05000012	          0.20661335	          0.18794466	          0.18042992	          0.16025630	          0.09884720	          0.05000010	          0.05001801	          0.11171814	          0.06698621	          0.06896903	          0.08725259	          0.05000004	          0.05000004	          0.10476839	          0.05000082	          0.05000042	          0.05000025	          0.06964879	          0.07053689	          0.05663227	          0.05000001	          0.05000003	          0.05038285	          0.05000022	          0.07472244	          0.05003534	          0.23257512	          0.09623307	          0.12087324	          0.20034711	          0.46210852	          0.20203145	          0.08740802	          0.10821531	          0.05000005	          0.47470555	          0.11458975	          0.06966913	          0.58735777	          0.31213546	          0.13526364	          0.05000031	          0.05000005	          0.05000004	          0.10272560	          0.14030581	          0.05000003	          0.05000004	          0.05000008	          0.05000027	          0.05000016	          0.58326896	          0.05000021	          0.05000018	          0.05002765	          0.05000241	          0.05000039	          0.45572278	          0.65858778	          0.05000013	          0.05000270	          0.05902092	          0.17572921	          0.05000028	          0.05000026	          0.05000026	          0.47620122	          0.53926645	          0.42086396	          0.40815067	          0.29506640	          0.42127143	          0.05000000	          0.11458833	          0.24615098	          0.05000002	          0.05595985	          0.11322756	          0.05000001	          0.05000000	          0.05000000	
          0.54124857	         -2.90661532	          2.05049392	         -6.36926777	          0.71986060	          0.90728548	          0.00855839	         23.92754512	          2.34848519	         -4.19168927	        -17.38996769	          0.93927680	         11.83923731	          1.92754563	         -7.56337780	          1.53184739	          6.70951281	         -4.03348633	         -1.11190054	          2.67939759	          0.16567200	         -7.54469691	         13.21368498	         -2.10175690	         -1.37294156	          4.41363431	         -7.50015453	        -13.53635895	          2.85061975	          2.21268637	        -14.00833154	         19.38771629	         26.08204855	         37.66685480	         86.51662706	         86.51662706	          0.06806659	          0.05000031	          0.05000119	          0.05000008	          0.05000011	          0.05000026	          0.37466324	          0.06966971	          0.09597974	          0.05000004	          0.05000008	          0.19711365	          0.21093950	          0.20954883	          0.18778003	          0.10803396	          0.05000013	          0.05000458	          0.14198488	          0.05902162	          0.07080796	          0.09778349	          0.05000002	          0.05000002	          0.14260335	          0.05000015	          0.05000004	          0.05000009	          0.05903741	          0.05976809	          0.05902131	          0.05000002	          0.05000002	          0.05000002	          0.05000006	          0.06613027	          0.05000076	          0.24166805	          0.10242746	          0.12612230	          0.21788522	          0.47082206	          0.25299718	          0.07724821	          0.09167558	          0.05000043	          0.46793204	          0.09707573	          0.05902082	          0.64017522	          0.26442835	          0.11458979	          0.05000032	          0.05000004	          0.05000003	          0.08702490	          0.11886144	          0.05000001	          0.05000002	          0.05000005	          0.05000018	          0.05000016	          0.58980852	          0.05000011	          0.05000008	          0.05000094	          0.05000037	          0.05000019	          0.39322755	          0.66209281	          0.05000002	          0.05000019	          0.05000012	          0.14887057	          0.05000484	          0.05000768	          0.05000364	          0.43529998	          0.49880598	          0.39674065	          0.37783622	          0.28381318	          0.40766599	          0.05000000	          0.09707454	          0.20852900	          0.05000002	          0.05000000	          0.09592174	          0.05000000	          0.05000000	          0.05000000	
          0.55207354	         -2.92128841	          2.16810445	         -6.66980471	          0.73728462	          0.90701299	          0.00850586	         23.11800663	          2.81476662	         -3.86070827	        -17.43480597	          0.63260638	         11.45722518	          2.36415186	         -9.23695874	          1.09538358	          6.07852136	         -4.08463261	         -0.40201880	          2.76214077	         -1.03512207	         -7.60054286	         16.30178011	         -1.79792087	         -1.57410741	          4.61689182	         -8.37838611	        -13.47059186	          2.33043557	          1.70125216	        -13.97582959	         19.28945295	         25.66899507	         39.17468168	         86.51662706	         86.51662706	          0.05766327	          0.05000043	          0.05000003	          0.05902079	          0.05902071	          0.05000030	          0.33722470	          0.05902136	          0.08131011	          0.05000111	          0.05000016	          0.17204997	          0.18604970	          0.17752157	          0.17008601	          0.10913901	          0.05000004	          0.08522117	          0.15258728	          0.05000076	          0.05998564	          0.08654303	          0.05000013	          0.05000006	          0.35868878	          0.08223716	          0.05902081	          0.05000004	          0.05001427	          0.05063327	          0.05000073	          0.05926282	          0.05000117	          0.05000000	          0.05000635	          0.08012840	          0.08222639	          0.23779799	          0.14663784	          0.13703413	          0.18710352	          0.48985628	          0.24492494	          0.06544151	          0.07766378	          0.05000001	          0.39641319	          0.08223856	          0.05000002	          0.54233018	          0.22401283	          0.09707576	          0.05000031	          0.05000003	          0.05000002	          0.07372392	          0.10069457	          0.05000035	          0.05000015	          0.05000012	          0.05000030	          0.05000014	          0.59372029	          0.05002525	          0.05000010	          0.05000023	          0.05000013	          0.05000011	          0.33312627	          0.59651497	          0.05000001	          0.05000008	          0.05000002	          0.12611702	          0.08800517	          0.09381494	          0.07715892	          0.36937146	          0.43128914	          0.35802764	          0.34900449	          0.31717811	          0.41280551	          0.05000000	          0.08223757	          0.17665719	          0.05000002	          0.05000000	          0.08126096	          0.05000012	          0.05000000	          0.05000000	
          0.56289851	         -2.92870358	          2.32685070	         -6.93688490	          0.75502558	          0.90687510	          0.00840393	         22.30367986	          3.26836681	         -3.52294667	        -17.35249699	          0.26128377	         10.97344496	          2.30459309	        -11.09342350	         -0.05600672	          5.27241899	         -4.09368981	          0.47294035	          2.78519019	         -2.37764031	         -7.66895559	         19.65688244	         -1.46423543	         -1.81893899	          4.79681965	         -9.23929168	        -13.44970710	          2.18651719	          1.11264670	        -13.92166648	         19.11435813	         25.15427460	         40.66798374	         86.51662706	         86.51662706	          0.05000000	          0.05000001	          0.07152996	          0.05000001	          0.05000001	          0.05000002	          0.28645890	          0.05000049	          0.06888259	          0.05000001	          0.05000008	          0.14575372	          0.31325277	          0.29780551	          0.23381360	          0.11488114	          0.05000006	          0.07220481	          0.16643621	          0.06280300	          0.08753568	          0.11721224	          0.05000003	          0.05000006	          0.44018459	          0.06966915	          0.05000005	          0.05902084	          0.10040236	          0.10432470	          0.07941674	          0.05902082	          0.06147219	          0.05902080	          0.05000001	          0.06788152	          0.06965891	          0.28538221	          0.15711428	          0.13397724	          0.29698775	          0.54019781	          0.20749047	          0.05543936	          0.06579356	          0.05000004	          0.33582495	          0.06966913	          0.05000003	          0.45943984	          0.18977447	          0.08223860	          0.05000041	          0.05000004	          0.05000003	          0.06245587	          0.08530433	          0.12934152	          0.05000010	          0.05000016	          0.05000052	          0.05000387	          0.59387000	          0.05000022	          0.05000009	          0.05000067	          0.05000041	          0.05000035	          0.28221088	          0.55110290	          0.05000003	          0.05000024	          0.05000008	          0.10684115	          0.08223856	          0.08223855	          0.08223852	          0.31291629	          0.36537041	          0.30330627	          0.29566228	          0.30250014	          0.35840793	          0.05000000	          0.06966829	          0.14965670	          0.05000001	          0.05000000	          0.06884097	          0.05118051	          0.05160554	          0.05000000	
          0.57372349	         -2.93006623	          2.57052085	         -7.17324661	          0.77295671	          0.90688698	          0.00830739	         21.44247337	          3.67387111	         -3.09314258	        -17.08051057	         -0.20450738	         10.39749191	          2.10975204	        -13.20860589	         -1.69900215	          4.23245238	         -4.00687474	          1.45515657	          2.94578857	         -3.81736032	         -7.68840556	         23.26443926	         -1.10662135	         -2.16146844	          4.95211542	        -10.06322927	        -13.48763450	          2.38953674	          0.47501067	        -13.83836697	         18.91931659	         24.53653216	         42.13306433	         86.51662706	         86.51662706	          0.26731717	          0.26750442	          0.25894341	          0.12467971	          0.09707906	          0.10616152	          0.24447969	          0.10600983	          0.08336992	          0.06966892	          0.05000011	          0.12347656	          0.26537486	          0.25228860	          0.19807732	          0.12752067	          0.05000009	          0.06116904	          0.14109501	          0.15318857	          0.11151965	          0.09929744	          0.05000003	          0.05000002	          0.37290628	          0.05902087	          0.05034695	          0.05000003	          0.08505679	          0.08837963	          0.06727863	          0.05000001	          0.05207671	          0.05000000	          0.05901220	          0.05750644	          0.05901217	          0.35165706	          0.13310077	          0.12584181	          0.25159582	          0.66751301	          0.53968417	          0.05000000	          0.07418886	          0.05000000	          0.28449709	          0.05902083	          0.05000001	          0.38921858	          0.16076914	          0.06966917	          0.05000046	          0.05000004	          0.05000003	          0.05291005	          0.07226638	          0.21508874	          0.05000005	          0.05000007	          0.05000019	          0.05000014	          0.59022812	          0.05000057	          0.05000008	          0.05000035	          0.05000018	          0.05000011	          0.23907745	          0.53144654	          0.05000001	          0.05000009	          0.05000002	          0.09051143	          0.06966913	          0.06966913	          0.06966910	          0.26508980	          0.30952678	          0.25694859	          0.25047292	          0.25626574	          0.30362850	          0.05000000	          0.05902011	          0.12678300	          0.05000001	          0.05000000	          0.05831928	          0.07677053	          0.05000000	          0.05000001	
          0.58454846	         -2.92965068	          2.87284443	         -7.36413427	          0.79081384	          0.90723061	          0.00809122	         20.51989222	          4.12887351	         -2.79344406	        -16.51652144	         -0.72836050	          9.76062532	          2.17393435	        -15.69140211	         -3.93513161	          2.79571789	         -3.94519030	          2.48963330	          3.22633467	         -5.33876534	         -7.87891015	         27.15170973	         -0.75354724	         -2.55886252	          5.07818204	        -10.77164495	        -13.54713046	          2.92802145	         -0.15843592	        -13.74611680	         18.73882472	         23.74251750	         43.51559542	         86.51662706	         86.51662706	          0.29810606	          0.32577611	          0.34067170	          0.10562355	          0.08224142	          0.08993574	          0.20863327	          0.12575144	          0.09113825	          0.05902072	          0.05000009	          0.10460427	          0.22481469	          0.21372861	          0.16780875	          0.16368122	          0.05000003	          0.05182003	          0.14290010	          0.22752912	          0.16561310	          0.14469233	          0.05000001	          0.05000001	          0.31591088	          0.05000027	          0.05000075	          0.05000001	          0.07205671	          0.07487169	          0.05699579	          0.05000000	          0.05000001	          0.05000000	          0.05000002	          0.05000003	          0.05000004	          0.42367635	          0.18360451	          0.14527593	          0.38276275	          0.80688048	          0.65806089	          0.05185117	          0.06284977	          0.05000001	          0.24101423	          0.05000004	          0.05000001	          0.32972998	          0.13619701	          0.05902087	          0.05000106	          0.05000007	          0.05000006	          0.05000002	          0.06122116	          0.29564701	          0.06023718	          0.05000018	          0.05000047	          0.05000046	          0.57771661	          0.14165660	          0.05000018	          0.05000027	          0.05000015	          0.05000013	          0.20253658	          0.45021964	          0.05000002	          0.05000011	          0.05000003	          0.07667756	          0.05902083	          0.05902083	          0.05902080	          0.22457317	          0.26221834	          0.21767627	          0.21219035	          0.21709780	          0.25722159	          0.09549426	          0.05000000	          0.10740534	          0.05000002	          0.05000000	          0.05000001	          0.09356704	          0.05000000	          0.05000000	
          0.59537343	         -2.92793003	          3.18076985	         -7.51549748	          0.80834071	          0.90797536	          0.00773656	         19.60304630	          4.60990665	         -2.56081034	        -15.58335260	         -1.25801520	          9.10905338	          2.24094641	        -18.62986725	         -5.96736982	          0.85645025	         -3.89601835	          3.65458487	          3.54129753	         -6.84079916	         -8.07249647	         31.00781814	         -0.43885898	         -2.94866531	          5.18256455	        -11.31290522	        -13.60324069	          3.77975298	         -0.73679488	        -13.66201363	         18.59836985	         22.75552361	         44.78142951	         86.51662706	         86.51662706	          0.38926269	          0.39078782	          0.41422077	          0.08947994	          0.06967158	          0.07618994	          0.17725146	          0.13239036	          0.09216858	          0.05000004	          0.05000004	          0.08861644	          0.19045469	          0.25766382	          0.28967165	          0.18074155	          0.05000003	          0.05000036	          0.16059168	          0.29009603	          0.21315820	          0.19235728	          0.05000000	          0.05000000	          0.26762730	          0.05901042	          0.06899136	          0.05000001	          0.13738603	          0.14322270	          0.10858196	          0.05000000	          0.05000001	          0.05000000	          0.05000002	          0.05000008	          0.05000009	          0.52097099	          0.20382879	          0.13719301	          0.41446308	          0.88782977	          0.79658800	          0.06826939	          0.05773385	          0.05000001	          0.20417734	          0.05000002	          0.05000000	          0.27933369	          0.11538052	          0.05000009	          0.05002503	          0.05002375	          0.05000863	          0.05000002	          0.05186412	          0.34729040	          0.45368200	          0.21916723	          0.05709759	          0.06966881	          0.56431923	          0.19233917	          0.05000015	          0.05000031	          0.05000018	          0.05000013	          0.17158066	          0.38140755	          0.05000001	          0.05000010	          0.05000003	          0.06495807	          0.05000004	          0.05000004	          0.05000002	          0.19024914	          0.22214059	          0.18440637	          0.17975893	          0.18391633	          0.21790756	          0.26589441	          0.05902081	          0.09098939	          0.05000010	          0.05000030	          0.05000009	          0.08293147	          0.05000000	          0.05000000	
          0.60619840	         -2.92567446	          3.46173467	         -7.62764463	          0.82530971	          0.90904981	          0.00729023	         18.72016239	          5.07566057	         -2.36426876	        -14.24106830	         -1.74935529	          8.53923367	          2.19686222	        -22.09669433	         -7.40616298	         -1.52727700	         -3.87830090	          5.11243062	          3.76381781	         -8.08960852	         -8.30289022	         34.01343308	         -0.19176921	         -3.30479172	          5.25651139	        -11.67038865	        -13.65475132	          4.90296618	         -1.21655220	        -13.59023601	         18.51652438	         21.62008094	         45.92394486	         86.51662706	         86.51662706	          0.45841537	          0.44338662	          0.45465148	          0.07580379	          0.05902300	          0.06454525	          0.15016023	          0.13232180	          0.09110823	          0.05000007	          0.05000004	          0.07507221	          0.16134546	          0.21828244	          0.25021531	          0.18423183	          0.05000003	          0.05000070	          0.13878830	          0.29673839	          0.21851030	          0.19239878	          0.05000000	          0.05000000	          0.22672286	          0.05000012	          0.10149242	          0.05000001	          0.11639360	          0.12133815	          0.09199181	          0.05000000	          0.05000001	          0.05000000	          0.05000003	          0.05000008	          0.05000010	          0.56912569	          0.18346100	          0.13349949	          0.51416004	          0.93484781	          0.88185154	          0.06605407	          0.05000001	          0.05000002	          0.17297064	          0.05000003	          0.05000003	          0.23664003	          0.09774566	          0.05000009	          0.07289960	          0.05902115	          0.06119795	          0.05000005	          0.05000017	          0.32388578	          0.62889388	          0.18566955	          0.05913601	          0.05902069	          0.55976230	          0.30418559	          0.12295136	          0.05000053	          0.05000037	          0.05000076	          0.14535607	          0.32311277	          0.06495829	          0.05000116	          0.05000015	          0.05502981	          0.05000000	          0.05000000	          0.05000000	          0.16117124	          0.18818836	          0.15622149	          0.15228437	          0.15580635	          0.18460235	          0.22525483	          0.05000004	          0.07708252	          0.08224691	          0.19512005	          0.44820854	          0.09382215	          0.05000000	          0.05000000	
          0.61702337	         -2.92414630	          3.71457307	         -7.70527555	          0.84161472	          0.91033737	          0.00678637	         17.88351973	          5.51808459	         -2.18843996	        -12.56021515	         -2.18877506	          8.10285351	          2.06463357	        -25.94301498	         -8.42459943	         -4.33172193	         -3.87420818	          6.76800274	          3.94330543	         -8.80494170	         -8.58155932	         35.57330087	         -0.02084851	         -3.62961549	          5.29984394	        -11.85042777	        -13.70442890	          6.25205430	         -1.58208835	        -13.53277840	         18.49383073	         20.39286516	         46.95394113	         86.51662706	         86.51662706	          0.52558533	          0.48918344	          0.50283394	          0.06421790	          0.05000198	          0.14621294	          0.12720961	          0.11650261	          0.08251071	          0.05000005	          0.05000006	          0.06359810	          0.13668525	          0.18492001	          0.21197233	          0.17118021	          0.05000005	          0.05000032	          0.11757586	          0.31053606	          0.22316878	          0.17881789	          0.05000000	          0.05000000	          0.19207033	          0.05902260	          0.14383747	          0.05000002	          0.09882011	          0.10284555	          0.07825418	          0.05000000	          0.05000001	          0.05000000	          0.05000002	          0.05000006	          0.05000007	          0.61791649	          0.20669153	          0.13854740	          0.53950333	          0.96215745	          0.93137544	          0.06293158	          0.05000001	          0.05000000	          0.14653361	          0.05000012	          0.05000008	          0.20047177	          0.08280801	          0.05000479	          0.06175786	          0.05000031	          0.05184440	          0.05000001	          0.10454544	          0.27438278	          0.53277304	          0.15729162	          0.05009767	          0.05000005	          0.55676577	          0.26664504	          0.10415940	          0.05000042	          0.05000017	          0.05000005	          0.12313969	          0.27372784	          0.19073126	          0.05000389	          0.06966867	          0.09555151	          0.05000001	          0.05000001	          0.05000000	          0.13653764	          0.15942544	          0.13234441	          0.12900908	          0.13199273	          0.15639801	          0.19082662	          0.06966971	          0.09853540	          0.06967620	          0.17181840	          0.67950122	          0.12312374	          0.05000000	          0.05000000	
          0.62784834	         -2.92283021	          3.93953797	         -7.74980022	          0.85733379	          0.91176888	          0.00624170	         17.08371921	          5.93544816	         -2.02035737	        -10.69606916	         -2.56525644	          7.74062892	          1.86807541	        -29.91023862	         -9.11465149	         -7.09154900	         -3.88330064	          8.24105551	          4.08343776	         -8.81044986	         -8.91663457	         35.15500072	          0.08762225	         -3.92058633	          5.31581790	        -11.88136108	        -13.74899766	          7.77161899	         -1.84942959	        -13.49039117	         18.51883569	         19.12099419	         47.87674170	         86.51662706	         86.51662706	          0.59758136	          0.52474804	          0.51834286	          0.05440420	          0.07097227	          0.20417566	          0.10895140	          0.11272404	          0.08128216	          0.05000015	          0.05000008	          0.05387772	          0.11579415	          0.15665673	          0.17957450	          0.16803237	          0.05000006	          0.05000044	          0.09960565	          0.29613468	          0.21231863	          0.16297604	          0.05000001	          0.05000001	          0.16271410	          0.05000180	          0.14859280	          0.05000001	          0.08371666	          0.08712683	          0.06629404	          0.05000000	          0.05000001	          0.05000000	          0.05000002	          0.05000006	          0.05000006	          0.65309928	          0.20730838	          0.13862490	          0.53384224	          0.97801979	          0.96014054	          0.06180362	          0.05000000	          0.05000001	          0.12413725	          0.05000008	          0.05000041	          0.16983152	          0.07015194	          0.05001107	          0.07166104	          0.05000072	          0.05000054	          0.05000005	          0.13160128	          0.23244618	          0.45573952	          0.13325102	          0.05000025	          0.05000004	          0.54287312	          0.32254828	          0.13565614	          0.05000041	          0.05000016	          0.05000005	          0.10431889	          0.23189096	          0.16158867	          0.08074032	          0.05902083	          0.16598352	          0.05000000	          0.05000000	          0.05000000	          0.11566907	          0.13505867	          0.11211674	          0.12604922	          0.11183532	          0.16916300	          0.18610313	          0.05902131	          0.08347513	          0.05902682	          0.29744169	          0.67929982	          0.13217272	          0.05000399	          0.05000000	
          0.63867331	         -2.92124024	          4.13247431	         -7.76978325	          0.87258259	          0.91331466	          0.00567544	         16.30734737	          6.32188349	         -1.82707384	         -8.78225999	         -2.88122919	          7.39560785	          1.62255225	        -33.78036207	         -9.51732038	         -8.56127833	         -3.89516541	          9.29240806	          4.19019410	         -8.53317443	         -9.27502153	         34.30739199	          0.14955512	         -4.17062667	          5.31368474	        -11.79822929	        -13.78104330	          9.38634102	         -2.03765251	        -13.46386895	         18.58263091	         17.85059875	         48.68989003	         86.51662706	         86.51662706	          0.64943786	          0.54448934	          0.52962722	          0.05000159	          0.06012687	          0.22708409	          0.09250119	          0.10353442	          0.07627869	          0.05000012	          0.05000008	          0.05000006	          0.09809608	          0.13271331	          0.15212899	          0.16403773	          0.05000007	          0.05000038	          0.08438218	          0.28834867	          0.20897788	          0.16146011	          0.05000001	          0.05000001	          0.13784471	          0.05837945	          0.13432190	          0.05000002	          0.07092421	          0.07381296	          0.05616443	          0.05000000	          0.05000001	          0.05000000	          0.05000001	          0.05000007	          0.05000007	          0.68584034	          0.22485385	          0.14017811	          0.50189142	          0.98723316	          0.96706599	          0.06719994	          0.05000000	          0.05000001	          0.10516397	          0.05000004	          0.05000003	          0.19516890	          0.05943432	          0.05000030	          0.06945459	          0.05000005	          0.05000007	          0.05000003	          0.14311158	          0.21233710	          0.41726646	          0.11288480	          0.05000019	          0.05000002	          0.53488606	          0.36160067	          0.11492741	          0.05000024	          0.05000008	          0.05000002	          0.09937881	          0.19644848	          0.13689129	          0.06840010	          0.05000025	          0.23626483	          0.05000000	          0.05000000	          0.05000000	          0.09799008	          0.11456072	          0.09498068	          0.10678373	          0.09474233	          0.14330797	          0.23766804	          0.05000043	          0.07071670	          0.05000509	          0.34842612	          0.64754443	          0.12584734	          0.05500869	          0.05000000	
          0.64949829	         -2.91921767	          4.27968227	         -7.77037690	          0.88746766	          0.91499706	          0.00509808	         15.54028730	          6.66315423	         -1.58914004	         -6.89388271	         -3.14576831	          7.03548801	          1.34051224	        -37.35086979	         -9.65509993	         -8.65053827	         -3.90072134	          9.95520964	          4.25394263	         -8.26534993	         -9.60117756	         33.51214675	          0.17587337	         -4.36449346	          5.29556792	        -11.63244242	        -13.79032688	         11.01424712	         -2.15932108	        -13.45257320	         18.67959633	         16.61779242	         49.37855985	         86.51662706	         86.51662706	          0.69076301	          0.54776359	          0.51948658	          0.05000037	          0.05093817	          0.23125536	          0.08429511	          0.10332415	          0.07686386	          0.05000012	          0.05000009	          0.05000009	          0.08310303	          0.11242965	          0.13392586	          0.17087202	          0.05000006	          0.05000042	          0.07148899	          0.27441636	          0.20507855	          0.17063221	          0.05000001	          0.05000001	          0.11677638	          0.05000198	          0.11379207	          0.05000001	          0.07055452	          0.07282853	          0.05622211	          0.05000000	          0.05000002	          0.05000000	          0.05000001	          0.05000006	          0.05000006	          0.68807561	          0.20304935	          0.13968305	          0.42518188	          0.99258458	          0.89391652	          0.07480387	          0.05000000	          0.05000001	          0.08909059	          0.05000003	          0.05000003	          0.19892670	          0.05035149	          0.05000024	          0.05884118	          0.07300455	          0.05000158	          0.05527813	          0.16608483	          0.20310740	          0.40396894	          0.09563139	          0.05000018	          0.05000002	          0.51601528	          0.37929660	          0.16865204	          0.05000020	          0.05000007	          0.05000001	          0.10286803	          0.16642306	          0.11596869	          0.05794613	          0.05000018	          0.29236178	          0.05000000	          0.05000000	          0.05000000	          0.08301317	          0.09705115	          0.08046373	          0.09046279	          0.08026186	          0.12140463	          0.26039923	          0.05000004	          0.05990828	          0.05000005	          0.39935224	          0.79409310	          0.10738906	          0.05000011	          0.05000000	
          0.66032326	         -2.91709248	          4.37572770	         -7.75313778	          0.90206192	          0.91683132	          0.00453082	         14.77134313	          6.95224518	         -1.29712213	         -5.05162370	         -3.36742799	          6.64757395	          1.03552830	        -40.46462473	         -9.54539261	         -8.32144629	         -3.89547344	         10.31568226	          4.28225438	         -8.07394227	         -9.84792155	         32.77991450	          0.17373119	         -4.50166684	          5.25945405	        -11.41016957	        -13.77623839	         12.58274731	         -2.22261375	        -13.44973553	         18.80119125	         15.45719021	         49.92879518	         86.51662706	         86.51662706	          0.70520256	          0.53584393	          0.50299761	          0.05364780	          0.09579905	          0.26311670	          0.07690164	          0.10169781	          0.07555533	          0.05000011	          0.05000008	          0.05000010	          0.07040159	          0.09524651	          0.14278099	          0.17366795	          0.05000007	          0.05000045	          0.06288537	          0.25758730	          0.19896302	          0.17592698	          0.05000001	          0.05000001	          0.09892815	          0.05000058	          0.09640002	          0.05000001	          0.07111976	          0.07361124	          0.05662032	          0.05000000	          0.05000002	          0.05000000	          0.05012715	          0.05000008	          0.05000009	          0.66245775	          0.17201508	          0.11833378	          0.36019661	          0.99569259	          0.78888766	          0.07899768	          0.05000000	          0.05000002	          0.07547389	          0.05000003	          0.05000003	          0.18995238	          0.05000209	          0.05000024	          0.05259249	          0.09237904	          0.06007766	          0.07615236	          0.17556096	          0.19601463	          0.37756765	          0.08101501	          0.05000016	          0.05000002	          0.50121299	          0.37157515	          0.19364902	          0.05000020	          0.05000006	          0.05000001	          0.10395418	          0.14098678	          0.09824391	          0.05000223	          0.05000015	          0.33161448	          0.05000000	          0.05000000	          0.05000000	          0.07032535	          0.08221779	          0.06816556	          0.07663640	          0.06799477	          0.10284904	          0.24220374	          0.05000016	          0.05075184	          0.14077241	          0.38536314	          0.74231995	          0.09592083	          0.05552711	          0.05000000	
          0.67114823	         -2.91493242	          4.41976868	         -7.72002509	          0.91640461	          0.91878969	          0.00399249	         13.99184638	          7.18625317	         -0.95082158	         -3.24976631	         -3.54538979	          6.22757577	          0.72128762	        -43.12896598	         -9.19777945	         -7.70408755	         -3.88861300	         10.43986984	          4.29839644	         -7.93500821	         -9.97550073	         32.14589200	          0.14609819	         -4.58522140	          5.20287747	        -11.15236781	        -13.74389934	         14.03511688	         -2.23380306	        -13.45043848	         18.93644011	         14.40239020	         50.34190740	         86.51662706	         86.51662706	          0.69971302	          0.51253476	          0.47851289	          0.13726508	          0.17966350	          0.29899505	          0.07259527	          0.10022405	          0.07442566	          0.05000010	          0.05000008	          0.05000008	          0.05964144	          0.08068970	          0.12682971	          0.17634436	          0.05000008	          0.05000038	          0.05327926	          0.24678474	          0.19355807	          0.17763193	          0.05000001	          0.05000001	          0.08380787	          0.05000041	          0.08166618	          0.05000001	          0.07858973	          0.08136856	          0.06244201	          0.05000001	          0.05000003	          0.05000000	          0.06269282	          0.05000010	          0.05000011	          0.62215867	          0.14572411	          0.10024752	          0.30514378	          0.95190983	          0.66831318	          0.08022674	          0.05000000	          0.05000002	          0.06393839	          0.05000003	          0.05000002	          0.24417864	          0.05000469	          0.05000019	          0.05003801	          0.10055468	          0.05089609	          0.08706362	          0.17948272	          0.18994867	          0.34624953	          0.06863263	          0.05000014	          0.05000002	          0.48161254	          0.36218916	          0.20684397	          0.05000017	          0.05000005	          0.05000001	          0.10401257	          0.11943823	          0.08322821	          0.05000090	          0.05000011	          0.34920209	          0.05000000	          0.05000000	          0.05000000	          0.06406851	          0.06968110	          0.05774706	          0.06515483	          0.08222708	          0.08712951	          0.22929869	          0.05000008	          0.05000002	          0.11925678	          0.37185736	          0.72476043	          0.08885446	          0.06146247	          0.05000001	
          0.68197320	         -2.91267204	          4.41059722	         -7.67215974	          0.93052699	          0.92084062	          0.00349102	         13.18748218	          7.36202740	         -0.55363791	         -1.48137147	         -3.67875673	          5.76954689	          0.42633771	        -45.36639083	         -8.64566407	         -6.88384636	         -3.87354870	         10.35452355	          4.26902572	         -7.81622032	         -9.95468756	         31.56991807	          0.09484724	         -4.61525512	          5.12415025	        -10.87265154	        -13.69806550	         15.33178943	         -2.19933866	        -13.45190807	         19.07347218	         13.47438114	         50.62240652	         86.51662706	         86.51662706	          0.67312141	          0.47919410	          0.44806322	          0.26235799	          0.26971833	          0.33876830	          0.07084493	          0.10002789	          0.07395949	          0.05000009	          0.05000008	          0.05000007	          0.05052592	          0.06835784	          0.10751809	          0.17772063	          0.05000009	          0.05000034	          0.05000242	          0.23613475	          0.18655109	          0.17686561	          0.05000001	          0.05000001	          0.07099859	          0.05000028	          0.06918428	          0.05000002	          0.09022641	          0.09364506	          0.07150997	          0.05000012	          0.05000006	          0.05000002	          0.06984940	          0.05209502	          0.05000488	          0.57091293	          0.12345149	          0.08492558	          0.25850543	          0.89910334	          0.56616744	          0.07901032	          0.05000000	          0.05000002	          0.05416600	          0.05000003	          0.05000002	          0.23925783	          0.05000551	          0.05000017	          0.05001734	          0.10307036	          0.05000056	          0.10661082	          0.18313090	          0.18255963	          0.31570767	          0.05814282	          0.05000014	          0.05000002	          0.46100210	          0.34889944	          0.22318546	          0.05000016	          0.05000004	          0.05000001	          0.10221593	          0.10627988	          0.07050753	          0.05000063	          0.05000009	          0.34712451	          0.05000000	          0.05000000	          0.05000000	          0.05902081	          0.05903105	          0.05000000	          0.06085112	          0.06966468	          0.07381258	          0.21598312	          0.05000009	          0.05000003	          0.10102990	          0.35112497	          0.70082639	          0.08270673	          0.05969978	          0.05000001	
          0.69279817	         -2.90996415	          4.34659329	         -7.60779140	          0.94445366	          0.92294053	          0.00303204	         12.34433617	          7.47593130	         -0.11494517	          0.26181913	         -3.76367284	          5.26961638	          0.18378840	        -47.20856465	         -7.96149161	         -5.97824246	         -3.83472696	         10.09842610	          4.18651577	         -7.69022045	         -9.80115418	         31.01741890	          0.02075426	         -4.59195362	          5.02220620	        -10.57783889	        -13.64488942	         16.44919509	         -2.12697698	        -13.45225326	         19.19969990	         12.68397206	         50.77854322	         86.51662706	         86.51662706	          0.63086475	          0.43806348	          0.40808278	          0.37189580	          0.35014380	          0.37211952	          0.07157071	          0.10182500	          0.07447122	          0.05000010	          0.05000008	          0.05000006	          0.05000021	          0.05791102	          0.09109004	          0.17802908	          0.05000010	          0.05000029	          0.05000077	          0.22401178	          0.17708076	          0.17306831	          0.05000001	          0.05000001	          0.06014709	          0.05000020	          0.05861016	          0.05000001	          0.08488459	          0.08787449	          0.06765672	          0.06500480	          0.05000005	          0.05000002	          0.07902907	          0.05861279	          0.05000096	          0.51291056	          0.10458303	          0.07194547	          0.22890922	          0.84805131	          0.47963378	          0.07466038	          0.05000001	          0.05000002	          0.05000010	          0.05000003	          0.05000002	          0.20268979	          0.05000480	          0.05000016	          0.05001336	          0.09878358	          0.05000041	          0.13054450	          0.18401491	          0.17268846	          0.29058468	          0.05000024	          0.05000013	          0.05000002	          0.44033598	          0.33112306	          0.23892999	          0.05000014	          0.05000003	          0.05000001	          0.09900961	          0.10011732	          0.05973109	          0.05000051	          0.05000008	          0.32811153	          0.05000000	          0.05000000	          0.05000000	          0.05000006	          0.05000871	          0.05000000	          0.05343416	          0.05901743	          0.06253103	          0.21212781	          0.05000006	          0.05000002	          0.08561468	          0.33440587	          0.70643466	          0.07801952	          0.05325302	          0.05000001	
          0.70362314	         -2.90606854	          4.22753009	         -7.52312212	          0.95820190	          0.92502331	          0.00261704	         11.45956793	          7.52577772	          0.34971599	          1.98803907	         -3.79566015	          4.72618162	          0.01171504	        -48.69880938	         -7.24725037	         -5.07554480	         -3.76624475	          9.70638452	          4.08815716	         -7.55075474	         -9.57948166	         30.45766380	         -0.07661127	         -4.51709478	          4.89675127	        -10.26996547	        -13.59144509	         17.37669320	         -2.02601482	        -13.45124794	         19.30139272	         12.03556080	         50.82561511	         86.51662706	         86.51662706	          0.58154459	          0.39773398	          0.36178386	          0.45069295	          0.41446939	          0.40183187	          0.07225288	          0.10271161	          0.07437412	          0.05000010	          0.05000008	          0.05000004	          0.05000015	          0.05000164	          0.07717009	          0.17622630	          0.05000012	          0.05000024	          0.05000045	          0.21332509	          0.16695382	          0.16621831	          0.05000001	          0.05000001	          0.05095416	          0.05000016	          0.05000021	          0.05000001	          0.08408624	          0.08716356	          0.06714042	          0.07953915	          0.05000004	          0.05000001	          0.08847772	          0.05000033	          0.05000034	          0.45888698	          0.08859846	          0.06094925	          0.21802086	          0.79754421	          0.40632612	          0.06927918	          0.05000000	          0.05000002	          0.05000013	          0.05000003	          0.05000002	          0.17171054	          0.05000194	          0.05000014	          0.05000680	          0.08368549	          0.05000022	          0.15775426	          0.18505691	          0.16350712	          0.26711047	          0.05000040	          0.05000014	          0.05000002	          0.42041118	          0.31635862	          0.25296420	          0.05000013	          0.05000003	          0.05000001	          0.09582952	          0.09646182	          0.05060175	          0.05000048	          0.05000008	          0.29762638	          0.05000000	          0.05000000	          0.05000000	          0.05000002	          0.05000005	          0.05000000	          0.05000362	          0.05000039	          0.05297380	          0.21115503	          0.05000005	          0.05000002	          0.10270997	          0.32008643	          0.71653897	          0.07572985	          0.05000161	          0.05000001	
          0.71444811	         -2.90002289	          4.05647421	         -7.41496931	          0.97178352	          0.92701105	          0.00224171	         10.53897430	          7.51331211	          0.82656459	          3.70486156	         -3.77342100	          4.14284098	         -0.09331281	        -49.88999699	         -6.55407029	         -4.19359877	         -3.67453534	          9.21316863	          3.99879285	         -7.40272665	         -9.32150997	         29.87908120	         -0.19796861	         -4.39463453	          4.74832693	         -9.94849333	        -13.54351908	         18.11152070	         -1.90480895	        -13.45004047	         19.36647799	         11.52788340	         50.78116806	         86.51662706	         86.51662706	          0.53221426	          0.36339437	          0.31268105	          0.51275191	          0.46240827	          0.42442807	          0.07106488	          0.10050768	          0.07219806	          0.05000009	          0.05000008	          0.05000004	          0.05000011	          0.05000129	          0.06537719	          0.17090445	          0.05000029	          0.05000021	          0.05000031	          0.20184339	          0.15648713	          0.15535483	          0.05000001	          0.05000001	          0.05000004	          0.05000014	          0.05000025	          0.05000002	          0.09685182	          0.10058371	          0.07679947	          0.09683236	          0.05000003	          0.05000001	          0.09756904	          0.05000042	          0.05000028	          0.41166198	          0.07505699	          0.05163373	          0.22635624	          0.75132610	          0.37056657	          0.06340168	          0.05000001	          0.05000002	          0.05000013	          0.05000003	          0.05000001	          0.14546615	          0.05000131	          0.05000013	          0.05000296	          0.07089493	          0.05000012	          0.18827334	          0.18777071	          0.15726875	          0.24859551	          0.05000033	          0.05000013	          0.05000002	          0.40268637	          0.30927504	          0.26489380	          0.05000011	          0.05000002	          0.05000000	          0.09548956	          0.09572246	          0.05000007	          0.05000043	          0.05000007	          0.25566302	          0.05000000	          0.05000000	          0.05000000	          0.05000002	          0.05000005	          0.05000000	          0.05000006	          0.05000012	          0.05000014	          0.20692392	          0.05000006	          0.05000003	          0.15742742	          0.31001129	          0.72830831	          0.07567665	          0.05000009	          0.05000001	
          0.72527309	         -2.89101260	          3.84049263	         -7.28095582	          0.98520438	          0.92883488	          0.00189800	          9.59179143	          7.44494059	          1.30580834	          5.42086180	         -3.69964551	          3.52754083	         -0.14498926	        -50.83923224	         -5.89203913	         -3.32420377	         -3.56669617	          8.64885285	          3.92290578	         -7.24999813	         -9.03020159	         29.28289991	         -0.34363355	         -4.23167252	          4.57763161	         -9.61013669	        -13.50476625	         18.65820460	         -1.76845495	        -13.44970710	         19.38771624	         11.15249333	         50.65806206	         86.51662706	         86.51662706	          0.48749771	          0.33972019	          0.27431102	          0.54864909	          0.49737675	          0.44605166	          0.06959191	          0.09686719	          0.06955898	          0.05000009	          0.05000009	          0.05000003	          0.05000008	          0.05000075	          0.05538665	          0.16249250	          0.08753962	          0.05000019	          0.05000022	          0.19657052	          0.14996221	          0.13630958	          0.05000001	          0.05000001	          0.05000005	          0.05000013	          0.05000029	          0.05000002	          0.09974872	          0.10360137	          0.07894330	          0.11501328	          0.05000003	          0.05000001	          0.10869501	          0.05000287	          0.05000046	          0.37274739	          0.06358522	          0.05000004	          0.22663884	          0.70944198	          0.33988002	          0.05857032	          0.05000000	          0.05000002	          0.05000007	          0.05000002	          0.05000001	          0.12323297	          0.05000048	          0.05000012	          0.05000151	          0.06005929	          0.05000008	          0.21867151	          0.18949303	          0.15070511	          0.23515629	          0.05000041	          0.05000013	          0.05000001	          0.38586020	          0.30129225	          0.27455408	          0.05000009	          0.05000002	          0.05000000	          0.09365879	          0.09443531	          0.05000012	          0.05000055	          0.05000008	          0.21658719	          0.05000001	          0.05000001	          0.05000000	          0.05000002	          0.05000004	          0.05000000	          0.05000003	          0.05000008	          0.05000011	          0.20224708	          0.05000032	          0.05000247	          0.22142437	          0.30264807	          0.73505478	          0.07689098	          0.05000011	          0.05000001	
          0.73609806	         -2.87855680	          3.59008782	         -7.11955094	          0.99846773	          0.93044659	          0.00157782	          8.62974198	          7.33116864	          1.78394283	          7.14317615	         -3.58148042	          2.89088640	         -0.16217258	        -51.59544542	         -5.25620184	         -2.47017524	         -3.45202990	          8.03675606	          3.86267290	         -7.09708736	         -8.71314746	         28.68386957	         -0.51269482	         -4.03876362	          4.38598861	         -9.24893387	        -13.47689392	         19.02983548	         -1.61903863	        -13.45030683	         19.36333197	         10.89318842	         50.46152581	         86.51662706	         86.51662706	          0.45069233	          0.32417755	          0.24916987	          0.57767371	          0.52570099	          0.46337942	          0.06724120	          0.09138310	          0.06587179	          0.05000008	          0.05000009	          0.05000002	          0.05000006	          0.05000054	          0.05000198	          0.15017835	          0.12988722	          0.05000016	          0.05000017	          0.18938306	          0.14192470	          0.11547606	          0.05000001	          0.05000001	          0.05000004	          0.05000012	          0.05000033	          0.05000002	          0.09655085	          0.10023900	          0.07643600	          0.13433912	          0.05000005	          0.05000001	          0.11896154	          0.05000093	          0.05000039	          0.33807400	          0.05386682	          0.05000005	          0.21161013	          0.67147269	          0.31599457	          0.05397051	          0.05000000	          0.05000002	          0.05000004	          0.05000002	          0.05000002	          0.10439792	          0.05000027	          0.05000011	          0.05000100	          0.05087979	          0.05000006	          0.24872893	          0.19081016	          0.14433303	          0.22316525	          0.05000063	          0.05000014	          0.05000001	          0.37072827	          0.29258693	          0.28185447	          0.05000008	          0.05000002	          0.05000001	          0.09101094	          0.09283363	          0.05000019	          0.05000092	          0.05000009	          0.18348375	          0.05000001	          0.05000001	          0.05000000	          0.05000001	          0.05000003	          0.05000000	          0.05000002	          0.05000007	          0.05000010	          0.20301534	          0.05189077	          0.05594345	          0.25826069	          0.29722705	          0.73786087	          0.07945667	          0.05000041	          0.05000001	
          0.74692303	         -2.86245479	          3.31696830	         -6.93022608	          1.01157839	          0.93182141	          0.00127321	          7.66322655	          7.18427668	          2.26403196	          8.87596872	         -3.42950022	          2.24277626	         -0.16185901	        -52.19546200	         -4.63617896	         -1.64360514	         -3.33517527	          7.38939397	          3.82564366	         -6.94813720	         -8.38460180	         28.09778689	         -0.70300654	         -3.82737013	          4.17578943	         -8.85698974	        -13.45962895	         19.25056608	         -1.45719048	        -13.45150301	         19.29571068	         10.72749524	         50.19095158	         86.51662706	         86.51662706	          0.42139247	          0.31537881	          0.23809602	          0.59900048	          0.54832310	          0.47918022	          0.06409893	          0.08442574	          0.06138146	          0.05000011	          0.05000011	          0.05000002	          0.05000005	          0.05000044	          0.05000114	          0.13275058	          0.16710146	          0.05000016	          0.05000016	          0.17915541	          0.13177128	          0.09782663	          0.05000001	          0.05000001	          0.05000004	          0.05000012	          0.05000038	          0.05000002	          0.08682472	          0.09009132	          0.06844734	          0.15384003	          0.06803758	          0.05000000	          0.12882412	          0.05000111	          0.05000040	          0.30822131	          0.05000009	          0.05000005	          0.19450421	          0.63601352	          0.30412940	          0.05105683	          0.05000000	          0.05000002	          0.05000003	          0.05000002	          0.05000002	          0.08844164	          0.05000021	          0.05000011	          0.05000072	          0.05000005	          0.05000004	          0.27866454	          0.19401407	          0.13963310	          0.20884373	          0.05000047	          0.05000012	          0.05000001	          0.35731538	          0.28632753	          0.28614837	          0.05000007	          0.05000002	          0.05000000	          0.08952017	          0.09235265	          0.05000031	          0.05000276	          0.05000012	          0.15543988	          0.05000001	          0.05000001	          0.05000000	          0.05000001	          0.05000003	          0.05000000	          0.05000002	          0.05000007	          0.05000010	          0.20579276	          0.06178411	          0.06045885	          0.27575899	          0.29359252	          0.74062501	          0.08321458	          0.05268386	          0.05000001	
          0.75774800	         -2.84267642	          3.03248340	         -6.71323361	          1.02454380	          0.93295494	          0.00097655	          6.69978453	          7.01638022	          2.74878672	         10.62146654	         -3.25541212	          1.59269594	         -0.15637775	        -52.66977726	         -4.02168355	         -0.84853669	         -3.22111848	          6.71332878	          3.81313766	         -6.80299476	         -8.04919091	         27.52764313	         -0.91156846	         -3.60803583	          3.94935770	         -8.42620433	        -13.45140872	         19.35606848	         -1.28240310	        -13.45299856	         19.19099868	         10.63037936	         49.84204794	         86.51662706	         86.51662706	          0.39927785	          0.31253977	          0.23785271	          0.61644780	          0.56859979	          0.49350341	          0.06021542	          0.07628092	          0.05631017	          0.05000011	          0.05000013	          0.05000002	          0.05000004	          0.05000037	          0.05000078	          0.11246146	          0.20072708	          0.05000014	          0.05000014	          0.17131908	          0.12248691	          0.08287474	          0.05000001	          0.05000001	          0.05000003	          0.05000012	          0.05000047	          0.05000003	          0.07456798	          0.07706121	          0.06031900	          0.17422339	          0.09534384	          0.05000000	          0.13816740	          0.05000180	          0.05000043	          0.28247612	          0.05000011	          0.05000004	          0.18639494	          0.60217956	          0.29291635	          0.05000058	          0.05000000	          0.05000001	          0.05000002	          0.05000002	          0.05000002	          0.07492414	          0.05000016	          0.05000010	          0.05000057	          0.05000005	          0.05000003	          0.30683665	          0.19991282	          0.13691513	          0.19352547	          0.05000037	          0.05000010	          0.05000001	          0.34480004	          0.28157284	          0.28674894	          0.05000006	          0.05000001	          0.05000000	          0.08949860	          0.09307357	          0.05000123	          0.05062044	          0.05000013	          0.13168227	          0.05000001	          0.05000001	          0.05000001	          0.05000001	          0.05000003	          0.05000000	          0.05000002	          0.05000007	          0.05000009	          0.20975010	          0.07414556	          0.06593654	          0.28701937	          0.29179199	          0.74130511	          0.08776378	          0.05878633	          0.05000001	
          0.76857297	         -2.81941885	          2.74503096	         -6.46939857	          1.03737664	          0.93386048	          0.00068163	          5.74289318	          6.83632568	          3.24067452	         12.37884735	         -3.06858415	          0.95006282	         -0.15355250	        -53.04014487	         -3.39284616	         -0.08600452	         -3.11129801	          6.01554388	          3.81697701	         -6.65971743	         -7.71506859	         26.96725682	         -1.13466774	         -3.38761325	          3.70843022	         -7.95033708	        -13.44970710	         19.38712636	         -1.09360464	        -13.45460206	         19.05784031	         10.57868833	         49.40751974	         86.51662706	         86.51662706	          0.38225404	          0.31282369	          0.24342815	          0.62979262	          0.58544813	          0.50594592	          0.05622577	          0.06783002	          0.05168405	          0.05000014	          0.05000016	          0.05000002	          0.05000004	          0.05000031	          0.05000061	          0.09527286	          0.23063550	          0.05000014	          0.05000013	          0.16315360	          0.11401600	          0.07020811	          0.05000001	          0.05000001	          0.05000003	          0.05000013	          0.05000068	          0.05000003	          0.06318297	          0.06529500	          0.05115558	          0.19532960	          0.12448375	          0.05000000	          0.14737418	          0.05000114	          0.05000038	          0.25962397	          0.05000011	          0.05000004	          0.19559890	          0.56912623	          0.28247746	          0.05000005	          0.05000000	          0.05000001	          0.05000002	          0.05000002	          0.05000002	          0.06347267	          0.05000014	          0.05000009	          0.05000049	          0.05000004	          0.05000002	          0.32710313	          0.20682267	          0.13799589	          0.18503927	          0.05000033	          0.05000009	          0.05000001	          0.33280534	          0.28148419	          0.27120550	          0.05000005	          0.05000001	          0.05000000	          0.09081764	          0.09506133	          0.05397038	          0.08808531	          0.05000013	          0.11155580	          0.05000001	          0.05000001	          0.05000001	          0.05000001	          0.05000003	          0.05000000	          0.05000002	          0.05000006	          0.05000009	          0.21467399	          0.08628482	          0.07128028	          0.29723088	          0.29172938	          0.73964467	          0.09214742	          0.06305895	          0.05000002	
          0.77939794	         -2.79302152	          2.46006280	         -6.19933132	          1.05009892	          0.93456398	          0.00038533	          4.79125334	          6.64930029	          3.74111383	         14.14130526	         -2.87585180	          0.32134869	         -0.15329417	        -53.31374519	         -2.73793660	          0.64233280	         -3.00231619	          5.30352641	          3.82970744	         -6.51421154	         -7.39839834	         26.40266033	         -1.36762407	         -3.17007986	          3.45440807	         -7.42722047	        -13.45227258	         19.37802481	         -0.89141792	        -13.45566940	         18.90417725	         10.55707946	         48.87964468	         86.51662706	         86.51662706	          0.36841017	          0.31249245	          0.24918464	          0.63409130	          0.59629608	          0.51402574	          0.05258873	          0.05919747	          0.05000047	          0.05000017	          0.05000020	          0.05000002	          0.05000004	          0.05000028	          0.05000054	          0.08071133	          0.25733798	          0.05000014	          0.05000012	          0.15226331	          0.10053005	          0.05947746	          0.05000002	          0.05000002	          0.05000003	          0.05000013	          0.05000113	          0.05000003	          0.05353238	          0.05532159	          0.05000718	          0.21728576	          0.15414813	          0.05000000	          0.15701649	          0.05000059	          0.05000031	          0.23916678	          0.05000011	          0.05000004	          0.21765690	          0.53674160	          0.27409122	          0.05000005	          0.05000000	          0.05000001	          0.05000002	          0.05000002	          0.05000002	          0.05377148	          0.05000013	          0.05000009	          0.05000041	          0.05000003	          0.05000002	          0.32672828	          0.21614335	          0.14135977	          0.18240393	          0.05000023	          0.05000008	          0.05000001	          0.32079687	          0.28553835	          0.23553869	          0.05000004	          0.05000001	          0.05000000	          0.09367259	          0.09800038	          0.06599833	          0.10808836	          0.05000013	          0.09450549	          0.05000001	          0.05000001	          0.05000001	          0.05000001	          0.05000002	          0.05000000	          0.05000002	          0.05000006	          0.05000008	          0.22021249	          0.09824313	          0.07637674	          0.31028226	          0.29275008	          0.73381629	          0.09640280	          0.06475736	          0.05000002	
          0.79022291	         -2.76387919	          2.17959876	         -5.90295954	          1.06274343	          0.93509658	          0.00008672	          3.84036965	          6.45628329	          4.25008595	         15.89324014	         -2.68046927	         -0.28912564	         -0.14979948	        -53.47767304	         -2.05831443	          1.33259252	         -2.88816119	          4.58603238	          3.84706682	         -6.36189195	         -7.11659553	         25.81426285	         -1.60489865	         -2.95608993	          3.18853246	         -6.85988134	        -13.45701665	         19.34546815	         -0.67936913	        -13.45562092	         18.73591496	         10.56082919	         48.25278566	         86.51662706	         86.51662706	          0.35649153	          0.30982825	          0.25126420	          0.63604479	          0.60292170	          0.51770327	          0.05000216	          0.05175301	          0.05000016	          0.05000037	          0.05000028	          0.05000002	          0.05000003	          0.05000025	          0.05000047	          0.06837540	          0.28166456	          0.05000013	          0.05000012	          0.13954822	          0.08517005	          0.05038692	          0.05000002	          0.05000002	          0.05000003	          0.05000014	          0.05000197	          0.05000004	          0.05000308	          0.05000335	          0.05000120	          0.24009904	          0.18426893	          0.05000000	          0.16703522	          0.05000033	          0.05000023	          0.22019698	          0.05000012	          0.05000005	          0.24509727	          0.50548271	          0.26742350	          0.05000002	          0.05000000	          0.05000001	          0.05000001	          0.05000002	          0.05000001	          0.05000012	          0.05000011	          0.05000008	          0.05000033	          0.05000003	          0.05000001	          0.31401838	          0.22311144	          0.14573532	          0.17999271	          0.05000022	          0.05000007	          0.05000001	          0.30868009	          0.28693549	          0.19953879	          0.05000004	          0.05000001	          0.05000000	          0.09660296	          0.10130309	          0.07962219	          0.12690810	          0.05000012	          0.08006116	          0.05000001	          0.05000001	          0.05000001	          0.05000001	          0.05000002	          0.05000000	          0.05000002	          0.05000005	          0.05000008	          0.22549251	          0.10991425	          0.08073408	          0.32396343	          0.29408308	          0.72174712	          0.10073990	          0.06478765	          0.05000002	
          0.80104789	         -2.73236446	          1.90249508	         -5.57965094	          1.07535042	          0.93548635	         -0.00021430	          2.88545023	          6.25452908	          4.76641721	         17.61209908	         -2.48200166	         -0.87744111	         -0.13757931	        -53.50407069	         -1.36016657	          1.97839307	         -2.76157954	          3.87212144	          3.86543437	         -6.19591570	         -6.87743761	         25.17811471	         -1.84049724	         -2.74311379	          2.91205633	         -6.25556016	        -13.46165232	         19.28841539	         -0.46351693	        -13.45451937	         18.55700897	         10.59386452	         47.52469818	         86.51662706	         86.51662706	          0.34458562	          0.30301548	          0.24623809	          0.63824770	          0.60187451	          0.51445796	          0.05000028	          0.05000068	          0.05000012	          0.06226715	          0.05000037	          0.05000002	          0.05000003	          0.05000023	          0.05000045	          0.05792496	          0.30435697	          0.05000014	          0.05000012	          0.12091184	          0.07215357	          0.05000014	          0.05000003	          0.05000003	          0.05000003	          0.05000014	          0.05000098	          0.05000005	          0.05000205	          0.05000217	          0.05000104	          0.26391636	          0.21518175	          0.05000000	          0.17755267	          0.05000020	          0.05000018	          0.20102197	          0.05000030	          0.05000013	          0.27022263	          0.47574018	          0.26055050	          0.05000003	          0.05000000	          0.05000001	          0.05000001	          0.05000002	          0.05000002	          0.05000014	          0.05000011	          0.05000008	          0.05000026	          0.05000002	          0.05000001	          0.26730553	          0.22924621	          0.15025203	          0.17836827	          0.05000019	          0.05000007	          0.05000001	          0.29602528	          0.28556690	          0.16904108	          0.05000003	          0.05000001	          0.05000000	          0.09999007	          0.10473522	          0.08764546	          0.13856793	          0.05000012	          0.06782453	          0.05000002	          0.05000002	          0.05000001	          0.05000000	          0.05000002	          0.05000000	          0.05000001	          0.05000005	          0.05000007	          0.23043405	          0.12066939	          0.08421954	          0.34104303	          0.29418156	          0.70289020	          0.10535654	          0.06122466	          0.05000002	
          0.81187286	         -2.69878421	          1.62631639	         -5.22781602	          1.08796356	          0.93575450	         -0.00051792	          1.92557851	          6.04003799	          5.28777063	         19.26827555	         -2.27768597	         -1.43794617	         -0.11751252	        -53.34752885	         -0.66170253	          2.56666961	         -2.61440927	          3.17066287	          3.89267874	         -6.01174810	         -6.67176466	         24.47056055	         -2.06819065	         -2.52777913	          2.62608634	         -5.62385651	        -13.46450139	         19.19861066	         -0.25195597	        -13.45274054	         18.36936117	         10.66578586	         46.69659822	         86.51662706	         86.51662706	          0.33052244	          0.29337678	          0.24012897	          0.62841964	          0.59160851	          0.50632997	          0.05000021	          0.05000031	          0.05000009	          0.09615886	          0.05000052	          0.05000002	          0.05000003	          0.05000022	          0.05000042	          0.05000031	          0.32627365	          0.05000013	          0.05000011	          0.10823099	          0.06112644	          0.05000015	          0.05000003	          0.05000003	          0.05000003	          0.05000014	          0.05000088	          0.05000006	          0.05000163	          0.05000170	          0.05000091	          0.28782444	          0.24476884	          0.05673006	          0.18904366	          0.05000017	          0.05000015	          0.18594925	          0.05000469	          0.05813829	          0.28027760	          0.44846750	          0.26310728	          0.05000001	          0.05000000	          0.05000001	          0.05000001	          0.05000002	          0.05000001	          0.05000012	          0.05000010	          0.05000007	          0.05000020	          0.05000002	          0.05000001	          0.22645025	          0.23486475	          0.15446018	          0.17907134	          0.05000020	          0.05000006	          0.05000001	          0.28341938	          0.28037133	          0.14320467	          0.05000003	          0.05000001	          0.05000000	          0.10367400	          0.10847417	          0.10140594	          0.14734034	          0.05000012	          0.05745822	          0.05000003	          0.05000003	          0.05000002	          0.05000001	          0.05000002	          0.05000000	          0.05000001	          0.05000007	          0.05000008	          0.23380494	          0.13049345	          0.08613300	          0.35419854	          0.29159495	          0.67989507	          0.10773233	          0.05758777	          0.05000003	
          0.82269783	         -2.66357646	          1.34959838	         -4.84633035	          1.10061694	          0.93590845	         -0.00082408	          0.96366146	          5.81029994	          5.81086767	         20.83571662	         -2.06580442	         -1.96597079	         -0.09163292	        -52.96861650	         -0.00570842	          3.08767619	         -2.44461930	          2.49181126	          3.95412733	         -5.80281456	         -6.48091323	         23.66589214	         -2.28296838	         -2.30834476	          2.33183681	         -4.97460332	        -13.46506300	         19.06803779	         -0.05199563	        -13.45091790	         18.17420310	         10.78975502	         45.77315419	         86.51662706	         86.51662706	          0.31406409	          0.28123789	          0.23492472	          0.60514608	          0.57551307	          0.49565312	          0.05000021	          0.05000034	          0.05000009	          0.13816180	          0.05000086	          0.05000002	          0.05000003	          0.05000021	          0.05000041	          0.05000024	          0.34732853	          0.05000014	          0.05000012	          0.09171746	          0.05178507	          0.05000013	          0.05000005	          0.05000005	          0.05000003	          0.05000016	          0.05000367	          0.05000005	          0.05000060	          0.05000060	          0.05000048	          0.31043982	          0.27155877	          0.07854333	          0.20074598	          0.05000020	          0.05000016	          0.17612679	          0.05000036	          0.06788882	          0.27141150	          0.42552014	          0.27947137	          0.05000002	          0.05000000	          0.05000001	          0.05000001	          0.05000002	          0.05000002	          0.05000012	          0.05000009	          0.05000007	          0.05000015	          0.05000001	          0.05000000	          0.19183934	          0.24114742	          0.15906666	          0.17867527	          0.05000020	          0.05000007	          0.05000001	          0.27108031	          0.27176377	          0.12131712	          0.05000003	          0.05000001	          0.05000000	          0.10857410	          0.11321294	          0.12422011	          0.16028932	          0.05000012	          0.05263841	          0.05000004	          0.05000004	          0.05000002	          0.05000001	          0.05000002	          0.05000000	          0.05000001	          0.05000008	          0.05000008	          0.23533942	          0.13643478	          0.08785507	          0.35980228	          0.28987598	          0.64373930	          0.10829851	          0.05682638	          0.05000003	
          0.83352280	         -2.62732566	          1.07313965	         -4.43588409	          1.11333420	          0.93594516	         -0.00113321	         -0.00127310	          5.56517237	          6.33359068	         22.29588488	         -1.84875053	         -2.46102806	         -0.05666483	        -52.34047022	          0.60175151	          3.52181549	         -2.25887219	          1.84702203	          4.03787610	         -5.56089463	         -6.29114100	         22.72969926	         -2.48113222	         -2.08551644	          2.03103825	         -4.31698453	        -13.46338833	         18.89384459	          0.13103199	        -13.44984143	         17.97338388	         10.97899803	         44.76067008	         86.51662706	         86.51662706	          0.29750330	          0.26744801	          0.22751324	          0.58399408	          0.55590140	          0.47994677	          0.05000020	          0.05000025	          0.05000008	          0.17543978	          0.05003007	          0.05000002	          0.05000003	          0.05000019	          0.05000039	          0.05000018	          0.36680429	          0.05000015	          0.05000013	          0.07770622	          0.05000082	          0.05000011	          0.05000007	          0.05000007	          0.05000003	          0.05000017	          0.05000405	          0.05000005	          0.05000046	          0.05000046	          0.05000038	          0.33313780	          0.30057743	          0.09796586	          0.21176620	          0.05000025	          0.05000019	          0.16889339	          0.05000023	          0.07949719	          0.25196806	          0.40472192	          0.28273305	          0.05000004	          0.05000000	          0.05000001	          0.05000001	          0.05000002	          0.05000002	          0.05000011	          0.05000009	          0.05000007	          0.05000010	          0.05000001	          0.05000000	          0.16251839	          0.24809694	          0.16320543	          0.17868143	          0.05000021	          0.05000007	          0.05000001	          0.25848318	          0.26194223	          0.10277488	          0.05000003	          0.05000001	          0.05000000	          0.11353814	          0.11758730	          0.15160894	          0.16569680	          0.05000012	          0.05066302	          0.05000005	          0.05000005	          0.05000003	          0.05000001	          0.05000002	          0.05000000	          0.05000001	          0.05000009	          0.05000009	          0.23505878	          0.13909048	          0.08948837	          0.35706856	          0.28947856	          0.59849423	          0.10793668	          0.05786266	          0.05000002	
          0.84434777	         -2.59072714	          0.79991856	         -3.99872793	          1.12613217	          0.93585656	         -0.00144568	         -0.97367290	          5.30660977	          6.85676967	         23.63574171	         -1.63191958	         -2.92472253	         -0.00788460	        -51.44592357	          1.19150463	          3.84693865	         -2.06419068	          1.24780660	          4.11499305	         -5.27818063	         -6.09726390	         21.63155497	         -2.65987525	         -1.86235172	          1.72581158	         -3.65922333	        -13.45985609	         18.67990530	          0.29361997	        -13.44977527	         17.76905288	         11.24472517	         43.66488851	         86.51662706	         86.51662706	          0.27977294	          0.25251172	          0.21956212	          0.55812823	          0.53193439	          0.46213192	          0.05000019	          0.05000025	          0.05000007	          0.20912770	          0.07555045	          0.05000002	          0.05000004	          0.05000018	          0.05000039	          0.05000016	          0.38502461	          0.05000015	          0.05000014	          0.06583487	          0.05000067	          0.05000011	          0.05000010	          0.05000011	          0.05000003	          0.05000019	          0.05076295	          0.05000005	          0.05000036	          0.05000036	          0.05000031	          0.35552534	          0.32793417	          0.11809422	          0.22244548	          0.05000031	          0.05000023	          0.16122575	          0.05000019	          0.09395209	          0.22532308	          0.38643948	          0.29204694	          0.05000003	          0.05000000	          0.05000001	          0.05000001	          0.05000002	          0.05000002	          0.05000011	          0.05000009	          0.05000007	          0.05000007	          0.05000001	          0.05000000	          0.13767889	          0.25030780	          0.16626500	          0.17744339	          0.05000026	          0.05000008	          0.05000001	          0.24638813	          0.24353762	          0.08706666	          0.05000003	          0.05000001	          0.05000001	          0.11824557	          0.12191263	          0.17797797	          0.16939088	          0.05000013	          0.05000075	          0.05000007	          0.05000008	          0.05000004	          0.05000001	          0.05000002	          0.05000000	          0.05000002	          0.05000010	          0.05000010	          0.23333011	          0.13901255	          0.09053875	          0.34778929	          0.28974495	          0.54911013	          0.10528620	          0.05953508	          0.05000002	
          0.85517274	         -2.55463931	          0.53586084	         -3.53786523	          1.13901989	          0.93562812	         -0.00176187	         -1.95790601	          5.03983627	          7.38097489	         24.84711396	         -1.42371766	         -3.35849151	          0.06509248	        -50.27791004	          1.75865074	          4.05197156	         -1.86813803	          0.70603535	          4.18727640	         -4.95133643	         -5.89668442	         20.36056765	         -2.81744783	         -1.64544741	          1.41799713	         -3.00824358	        -13.45570182	         18.43592551	          0.43373133	        -13.45021253	         17.56297088	         11.59596674	         42.49211377	         86.51662706	         86.51662706	          0.26322373	          0.23709340	          0.21076530	          0.53052939	          0.50739521	          0.44289659	          0.05000025	          0.05000027	          0.05000008	          0.24021346	          0.11164755	          0.05000002	          0.05000004	          0.05000018	          0.05000039	          0.05000015	          0.40157433	          0.05000017	          0.05000015	          0.05577766	          0.05000044	          0.05000011	          0.05000015	          0.05000014	          0.05000004	          0.05000020	          0.06038969	          0.05000004	          0.05000031	          0.05000030	          0.05000027	          0.37812634	          0.35517626	          0.13831064	          0.23245086	          0.05000038	          0.05000029	          0.15378351	          0.05000015	          0.11021545	          0.19612714	          0.37000241	          0.29881976	          0.05000009	          0.05000000	          0.05000001	          0.05000001	          0.05000002	          0.05000002	          0.05000011	          0.05000010	          0.05000008	          0.05000004	          0.05000001	          0.05000000	          0.11663589	          0.25098515	          0.16771921	          0.16974437	          0.05000027	          0.05000008	          0.05000001	          0.23429670	          0.22313902	          0.07375930	          0.05000003	          0.05000001	          0.05000001	          0.12341914	          0.12624117	          0.20172709	          0.17047305	          0.05000016	          0.05000020	          0.05000011	          0.05000011	          0.05000004	          0.05000001	          0.05000002	          0.05000000	          0.05000002	          0.05000012	          0.05000012	          0.23058496	          0.13636806	          0.09147348	          0.33034788	          0.29120521	          0.49754468	          0.10215509	          0.06227171	          0.05000002	
          0.86599771	         -2.51999488	          0.28816862	         -3.05721961	          1.15200159	          0.93524046	         -0.00208342	         -2.95872039	          4.77189369	          7.90681778	         25.92598304	         -1.23421370	         -3.76419757	          0.17421447	        -48.83875695	          2.29502146	          4.13347041	         -1.68317220	          0.23330752	          4.25497994	         -4.58173485	         -5.68759439	         18.92410075	         -2.95293897	         -1.44256768	          1.10968904	         -2.36968621	        -13.45221404	         18.17600010	          0.54986281	        -13.45079769	         17.35612925	         12.03898123	         41.25042071	         86.51662706	         86.51662706	          0.24920897	          0.22408959	          0.20496172	          0.51350093	          0.48793933	          0.42579629	          0.05000023	          0.05000025	          0.05000007	          0.27000287	          0.15331355	          0.05000003	          0.05000004	          0.05000018	          0.05000039	          0.05000013	          0.41772369	          0.05000019	          0.05000018	          0.05000697	          0.05000036	          0.05000011	          0.05003240	          0.05001922	          0.05000004	          0.05000023	          0.07300332	          0.05000004	          0.05000025	          0.05000025	          0.05000022	          0.40069399	          0.38166646	          0.15818438	          0.24192542	          0.05000037	          0.05000032	          0.14649131	          0.05000014	          0.12770592	          0.17106224	          0.35596270	          0.30692491	          0.05004702	          0.05000000	          0.05000001	          0.05000002	          0.05000003	          0.05000003	          0.05000012	          0.05000011	          0.05000009	          0.05000002	          0.05000001	          0.05000000	          0.09880913	          0.24961254	          0.16825647	          0.14401655	          0.05000027	          0.05000009	          0.05000002	          0.22233452	          0.19978345	          0.06248586	          0.05000004	          0.05000001	          0.05000001	          0.13000524	          0.13105582	          0.21226586	          0.16977823	          0.05000018	          0.05000018	          0.05000012	          0.05000011	          0.05000003	          0.05000001	          0.05000003	          0.05000000	          0.05000003	          0.05000015	          0.05000014	          0.22878886	          0.13481634	          0.09301624	          0.31107842	          0.29458128	          0.44710571	          0.09977394	          0.06671674	          0.05000001	
          0.87682269	         -2.48779623	          0.06394513	         -2.56121467	          1.16507936	          0.93467234	         -0.00241392	         -3.98152297	          4.51002449	          8.43421466	         26.87191207	         -1.07304671	         -4.14242397	          0.33216103	        -47.14018741	          2.79234444	          4.10139264	         -1.52190083	         -0.16838540	          4.31864738	         -4.17248886	         -5.46805530	         17.33992194	         -3.06599727	         -1.26078080	          0.80297838	         -1.74804643	        -13.45014053	         17.91585730	          0.64025402	        -13.45157445	         17.14762845	         12.57670385	         39.95039870	         86.51662706	         86.51662706	          0.23920313	          0.21722546	          0.20762823	          0.49363108	          0.47025010	          0.41191290	          0.05000052	          0.05000027	          0.05000008	          0.29995946	          0.14517100	          0.05000003	          0.05000004	          0.05000017	          0.05000040	          0.05000014	          0.41744099	          0.05000019	          0.05000019	          0.05000945	          0.05000042	          0.05000012	          0.06309883	          0.05709364	          0.05000004	          0.05000025	          0.08771134	          0.05000004	          0.05000025	          0.05000024	          0.05000022	          0.42331372	          0.40758739	          0.17737632	          0.25109091	          0.05000027	          0.05000028	          0.13930673	          0.05000023	          0.14563940	          0.16135725	          0.34454646	          0.31655632	          0.05000147	          0.05000000	          0.05000001	          0.05000002	          0.05000003	          0.05000004	          0.05000013	          0.05000012	          0.05000011	          0.05000001	          0.05000001	          0.05000000	          0.08370703	          0.24121921	          0.16558042	          0.12200780	          0.05000032	          0.05000011	          0.05000002	          0.20940868	          0.16938268	          0.05293547	          0.05000005	          0.05000002	          0.05000002	          0.13588035	          0.13531065	          0.21731122	          0.16510595	          0.05000024	          0.05000009	          0.05000012	          0.05000011	          0.05000003	          0.05000001	          0.05000003	          0.05000001	          0.05000003	          0.05000018	          0.05000016	          0.22862383	          0.13288030	          0.09468403	          0.28919424	          0.29995565	          0.39990858	          0.09619063	          0.07266401	          0.05000001	
          0.88764766	         -2.45922916	         -0.13158166	         -2.05392508	          1.17825098	          0.93390503	         -0.00275689	         -5.02758086	          4.26053001	          8.96056044	         27.68674786	         -0.94544157	         -4.49015325	          0.54306369	        -45.19945563	          3.24616864	          3.97803181	         -1.39574271	         -0.50899288	          4.37975695	         -3.72811003	         -5.23533575	         15.63100884	         -3.15728084	         -1.10493213	          0.49901968	         -1.14661445	        -13.44971082	         17.66845578	          0.70328942	        -13.45236115	         16.93338223	         13.20926814	         38.60458194	         86.51662706	         86.51662706	          0.23357458	          0.21510868	          0.21670781	          0.47727707	          0.45766872	          0.40375215	          0.05372822	          0.05000881	          0.05000011	          0.33138542	          0.14128236	          0.05000003	          0.05000005	          0.05000018	          0.05000042	          0.05000015	          0.39416319	          0.05000022	          0.05000022	          0.05000577	          0.05000042	          0.05000014	          0.07212904	          0.08055113	          0.05000005	          0.05000029	          0.10472554	          0.05000003	          0.05000022	          0.05000022	          0.05000020	          0.44583748	          0.43301714	          0.19556747	          0.26083540	          0.05000022	          0.05000024	          0.13623900	          0.06078459	          0.16099082	          0.16715999	          0.33569214	          0.33138910	          0.05000693	          0.05000000	          0.05000001	          0.05000003	          0.05000004	          0.05000005	          0.05000015	          0.05000015	          0.05000013	          0.05000001	          0.05000001	          0.05000000	          0.07091315	          0.22842844	          0.16207947	          0.10336051	          0.05000028	          0.05000011	          0.05000002	          0.19536681	          0.14354782	          0.05000006	          0.05000006	          0.05000002	          0.05000002	          0.14273477	          0.13962992	          0.22490755	          0.16347010	          0.05000032	          0.05000006	          0.05000008	          0.05000007	          0.05000002	          0.05000001	          0.05000003	          0.05000001	          0.05000004	          0.05000021	          0.05000020	          0.22958256	          0.13054441	          0.09647312	          0.26453113	          0.30805674	          0.35526933	          0.09168838	          0.07888293	          0.05000001	
          0.89847263	         -2.43552969	         -0.29718096	         -1.53915239	          1.19151092	          0.93292660	         -0.00311443	         -6.09195907	          4.02710269	          9.48087010	         28.37368741	         -0.85083221	         -4.80427863	          0.79786112	        -43.03571923	          3.65868757	          3.78424159	         -1.31536352	         -0.80021895	          4.44013105	         -3.25506721	         -4.98664119	         13.82494321	         -3.22844406	         -0.97549489	          0.19854700	         -0.56775291	        -13.45032512	         17.44129139	          0.73692545	        -13.45289476	         16.70458643	         13.93496508	         37.22801809	         86.51662706	         86.51662706	          0.23252479	          0.21843843	          0.23111411	          0.46636148	          0.45273963	          0.39987876	          0.06283555	          0.05889972	          0.05000015	          0.36427352	          0.14350994	          0.05000003	          0.05000005	          0.05000017	          0.05000043	          0.05000016	          0.38161646	          0.05000022	          0.05000025	          0.05000692	          0.05000050	          0.05000016	          0.08921919	          0.10780256	          0.05000005	          0.05000034	          0.12072473	          0.05000003	          0.05000022	          0.05000021	          0.05000019	          0.46828120	          0.45832673	          0.21291433	          0.27115010	          0.05000019	          0.05000021	          0.13815933	          0.08560690	          0.17465495	          0.18563990	          0.32888706	          0.35046306	          0.05000081	          0.05000000	          0.05000001	          0.05000003	          0.05000005	          0.05000006	          0.05000016	          0.05000016	          0.05000016	          0.05000000	          0.05000001	          0.05000000	          0.06007471	          0.21002020	          0.16144793	          0.08756335	          0.05000028	          0.05000012	          0.05000003	          0.18069586	          0.12171677	          0.05000008	          0.05000007	          0.05000003	          0.05000003	          0.15102394	          0.14415125	          0.23392254	          0.16228317	          0.05000046	          0.05000004	          0.05000006	          0.05000005	          0.05000001	          0.05000001	          0.05000004	          0.05000001	          0.05000005	          0.05000024	          0.05000023	          0.23152266	          0.12805078	          0.09807565	          0.24160210	          0.31900433	          0.31363075	          0.08651935	          0.08568399	          0.05000001	
          0.90929760	         -2.41790741	         -0.43524032	         -1.02036364	          1.20485223	          0.93173400	         -0.00348693	         -7.16317889	          3.81114141	          9.98852699	         28.93719997	         -0.78382788	         -5.08211339	          1.07407811	        -40.66927355	          4.03811507	          3.53833776	         -1.28829670	         -1.05346430	          4.50070605	         -2.76058780	         -4.71775484	         11.95069817	         -3.28173726	         -0.86900629	         -0.09808870	         -0.01374260	        -13.45125122	         17.23907401	          0.73841173	        -13.45287944	         16.44777642	         14.75242145	         35.83831889	         86.51662706	         86.51662706	          0.23632294	          0.22487955	          0.24449197	          0.46616879	          0.45350646	          0.39752029	          0.07420751	          0.07157992	          0.05000017	          0.39706069	          0.14274118	          0.05000004	          0.05000005	          0.05000017	          0.05000044	          0.05000017	          0.36629393	          0.05000022	          0.05000028	          0.05000756	          0.05000060	          0.05000019	          0.10673493	          0.13796667	          0.05000006	          0.05000039	          0.13376992	          0.05000002	          0.05000020	          0.05000020	          0.05000018	          0.49049971	          0.48360937	          0.22977735	          0.28231697	          0.05000015	          0.05000017	          0.14202084	          0.11309979	          0.18722328	          0.21498032	          0.32315183	          0.37180182	          0.05000008	          0.05000000	          0.05000001	          0.05000003	          0.05000006	          0.05000008	          0.05000017	          0.05000018	          0.05000018	          0.05000000	          0.05000001	          0.05000000	          0.05089282	          0.20386142	          0.16617875	          0.07418171	          0.05000033	          0.05000014	          0.05000004	          0.16465108	          0.10403314	          0.05000009	          0.05000008	          0.05000004	          0.05000003	          0.15869779	          0.14768919	          0.24362091	          0.15485691	          0.05000053	          0.05000003	          0.05000004	          0.05000003	          0.05000001	          0.05000002	          0.05000004	          0.05000001	          0.05000006	          0.05000027	          0.05000027	          0.23420286	          0.12546975	          0.09973144	          0.22030427	          0.33225743	          0.27473903	          0.08140082	          0.09372168	          0.05000002	
          0.92012257	         -2.40741644	         -0.55084750	         -0.50058919	          1.21827024	          0.93033281	         -0.00387331	         -8.22749545	          3.61157782	         10.47542252	         29.38326069	         -0.73578276	         -5.32119964	          1.34440920	        -38.12327267	          4.39665326	          3.25767323	         -1.31561202	         -1.27986466	          4.55876126	         -2.25159194	         -4.42216078	         10.03517885	         -3.31938238	         -0.77899663	         -0.39104969	          0.51264745	        -13.45180266	         17.06478453	          0.70385273	        -13.45224240	         16.14589677	         15.66053859	         34.45597007	         86.51662706	         86.51662706	          0.24334758	          0.23150145	          0.25347383	          0.46538671	          0.45332789	          0.39418901	          0.08713641	          0.08514171	          0.05000856	          0.42737795	          0.14338506	          0.05000004	          0.05000006	          0.05000017	          0.05000045	          0.05000018	          0.35171686	          0.05000024	          0.05000035	          0.05000716	          0.05000062	          0.05000021	          0.13291250	          0.16674491	          0.05000006	          0.05000045	          0.14284075	          0.05000002	          0.05000019	          0.05000018	          0.05000017	          0.51232458	          0.50887204	          0.24667950	          0.29475470	          0.05000012	          0.05000014	          0.14528939	          0.13854386	          0.19834657	          0.24464137	          0.31712860	          0.39327981	          0.05000004	          0.05000000	          0.05000001	          0.05000004	          0.05000007	          0.05000008	          0.05000019	          0.05000019	          0.05000019	          0.05000000	          0.05000001	          0.05000000	          0.05000001	          0.17270391	          0.17427418	          0.06734031	          0.05000040	          0.05000016	          0.05000004	          0.14747061	          0.09784677	          0.05000009	          0.05000009	          0.05000004	          0.05000004	          0.16291143	          0.14859693	          0.25579284	          0.14919133	          0.05000065	          0.05000002	          0.05000003	          0.05000003	          0.05000001	          0.05000002	          0.05000004	          0.05000001	          0.05000007	          0.05000032	          0.05000032	          0.23735731	          0.12255237	          0.10098044	          0.19936115	          0.34720138	          0.23881836	          0.07684390	          0.10131971	          0.05000003	
          0.93094754	         -2.40489249	         -0.65044690	          0.01788096	          1.23176429	          0.92873620	         -0.00427107	         -9.26967865	          3.42613935	         10.93335342	         29.71788491	         -0.69613893	         -5.51882578	          1.57839065	        -35.42258512	          4.74777608	          2.95802020	         -1.39350922	         -1.48899792	          4.61049013	         -1.73402812	         -4.09064511	          8.10240377	         -3.34314416	         -0.69770442	         -0.68100273	          1.00823032	        -13.45155118	         16.91979088	          0.62776063	        -13.45105296	         15.77862781	         16.65793015	         33.10457698	         86.51662706	         86.51662706	          0.25315594	          0.23667326	          0.25650073	          0.46337017	          0.45048534	          0.38953623	          0.10011193	          0.09788563	          0.05556870	          0.45225518	          0.13995598	          0.05000004	          0.05000006	          0.05000017	          0.05000047	          0.05000019	          0.34453782	          0.05000025	          0.05000047	          0.05000628	          0.05000068	          0.05000024	          0.16489976	          0.20006365	          0.05000007	          0.05000051	          0.14624572	          0.05000001	          0.05000017	          0.05000017	          0.05000016	          0.53349356	          0.53392571	          0.26416340	          0.30864870	          0.05000010	          0.05000012	          0.14572955	          0.15879452	          0.20792542	          0.26326990	          0.30952229	          0.41326148	          0.05000002	          0.05000000	          0.05000001	          0.05000004	          0.05000008	          0.05000010	          0.05000020	          0.05000021	          0.05000021	          0.05000000	          0.05000001	          0.05000000	          0.05000002	          0.14630777	          0.18121809	          0.08663763	          0.05000043	          0.05000019	          0.05000005	          0.12768760	          0.08714573	          0.05000011	          0.05000010	          0.05000005	          0.05000005	          0.16088292	          0.14576993	          0.26925180	          0.13992501	          0.05000080	          0.05000002	          0.05000002	          0.05000002	          0.05000000	          0.05000002	          0.05000005	          0.05000001	          0.05000009	          0.05000034	          0.05000035	          0.24091561	          0.11829993	          0.10224823	          0.17967175	          0.36347168	          0.20608496	          0.07198287	          0.10808690	          0.05000003	
          0.94177251	         -2.41085711	         -0.74086567	          0.53340276	          1.24533767	          0.92696447	         -0.00467544	        -10.27403866	          3.25225957	         11.35438601	         29.94511338	         -0.65344317	         -5.67335275	          1.74463404	        -32.58896468	          5.10266522	          2.65095252	         -1.51543126	         -1.68851086	          4.65325065	         -1.21377886	         -3.71249022	          6.17444897	         -3.35442986	         -0.61750850	         -0.96905144	          1.46932330	        -13.45067446	         16.80375534	          0.50330978	        -13.44983181	         15.32548823	         17.74321841	         31.81107121	         86.51662706	         86.51662706	          0.26452128	          0.24105494	          0.25464146	          0.46291175	          0.44679037	          0.38381435	          0.11223827	          0.10870786	          0.06195694	          0.46825623	          0.13082683	          0.05000004	          0.05000006	          0.05000017	          0.05000048	          0.05000021	          0.34539604	          0.05000024	          0.05000054	          0.05000621	          0.05000077	          0.05000028	          0.19917417	          0.23920347	          0.05000007	          0.05000052	          0.14307689	          0.05000001	          0.05000016	          0.05000016	          0.05000015	          0.55359246	          0.55839879	          0.28269220	          0.32408717	          0.05000009	          0.05000011	          0.14136069	          0.17287303	          0.21597564	          0.26260725	          0.29920431	          0.42943282	          0.05000001	          0.05000001	          0.05000002	          0.05000005	          0.05000009	          0.05000012	          0.05000020	          0.05000021	          0.05000022	          0.05000000	          0.05000002	          0.05000000	          0.05000003	          0.12394599	          0.18738112	          0.12814270	          0.05000393	          0.05000034	          0.05000008	          0.10817278	          0.07726561	          0.05000013	          0.05000013	          0.05000007	          0.05000008	          0.15331656	          0.14038417	          0.28363381	          0.11869963	          0.05000056	          0.05000001	          0.05000002	          0.05000002	          0.05000000	          0.05000002	          0.05000005	          0.05000001	          0.05000010	          0.05000044	          0.05000042	          0.24474035	          0.11459365	          0.10300458	          0.16186090	          0.38026021	          0.17596262	          0.06654931	          0.11449060	          0.05000439	
          0.95259748	         -2.42555141	         -0.82817994	          1.04484628	          1.25899729	          0.92504560	         -0.00508069	        -11.22652591	          3.08769186	         11.73079928	         30.06674210	         -0.59710742	         -5.78446073	          1.81542117	        -29.63994905	          5.46729538	          2.34447745	         -1.67311252	         -1.88385919	          4.68372990	         -0.69755987	         -3.27426647	          4.27524062	         -3.35448904	         -0.53196796	         -1.25654207	          1.89178593	        -13.44997032	         16.71549919	          0.32279853	        -13.45038379	         14.77116180	         18.91529982	         30.60554592	         86.51662706	         86.51662706	          0.27911309	          0.24339411	          0.24810446	          0.46020828	          0.44188785	          0.37727657	          0.12266589	          0.11650940	          0.06771406	          0.47234382	          0.13219753	          0.05000005	          0.05000006	          0.05000017	          0.05000049	          0.05000022	          0.37668004	          0.05000027	          0.05000106	          0.05000398	          0.05000070	          0.05000030	          0.24583094	          0.27857181	          0.05000008	          0.05000055	          0.13147308	          0.05000001	          0.05000014	          0.05000014	          0.05000013	          0.57206672	          0.58172666	          0.30251005	          0.34094741	          0.05000008	          0.05000011	          0.13187851	          0.18098565	          0.22269374	          0.22247677	          0.28563428	          0.43968201	          0.05000001	          0.05000001	          0.05000002	          0.05000005	          0.05000010	          0.05000015	          0.05000022	          0.05000023	          0.05000025	          0.05000000	          0.05000002	          0.05000001	          0.05000003	          0.10500199	          0.19060021	          0.15567847	          0.07085121	          0.05000049	          0.05000013	          0.09163976	          0.07101656	          0.05000015	          0.05000016	          0.05000010	          0.05000014	          0.14315006	          0.13526351	          0.28560558	          0.10056569	          0.05000088	          0.05000001	          0.05000002	          0.05000002	          0.05000000	          0.05000002	          0.05000005	          0.05000001	          0.05000012	          0.05000040	          0.05000042	          0.24811302	          0.11202822	          0.10451757	          0.14662384	          0.39767942	          0.15255405	          0.06167555	          0.12099073	          0.06186075	
          0.96342246	         -2.44899157	         -0.91792808	          1.55152110	          1.27275023	          0.92301705	         -0.00548557	        -12.11400032	          2.92982464	         12.05681940	         30.08313980	         -0.51870493	         -5.85295025	          1.76564349	        -26.59038358	          5.84489558	          2.04386710	         -1.85528886	         -2.07783626	          4.69610345	         -0.19209477	         -2.76138851	          2.43516079	         -3.34533525	         -0.43429904	         -1.54316735	          2.27278834	        -13.44972211	         16.65641779	          0.07702030	        -13.45750300	         14.10831772	         20.17294290	         29.52238711	         86.51662706	         86.51662706	          0.29536201	          0.24736128	          0.24169755	          0.45975517	          0.44010286	          0.37267968	          0.12903857	          0.11987801	          0.07120180	          0.46155869	          0.13730481	          0.05000005	          0.05000007	          0.05000018	          0.05000050	          0.05000024	          0.40034352	          0.05000030	          0.05000290	          0.05000334	          0.05000067	          0.05000031	          0.29479964	          0.34147351	          0.05000008	          0.05000058	          0.13403938	          0.05000001	          0.05000013	          0.05000013	          0.05000013	          0.58829849	          0.60326452	          0.32376654	          0.35878456	          0.05000009	          0.05000030	          0.11459000	          0.18551633	          0.22864451	          0.18847326	          0.26881703	          0.44097447	          0.05000001	          0.05000001	          0.05000002	          0.05000007	          0.05000012	          0.05000016	          0.05000026	          0.05000026	          0.05000027	          0.05000001	          0.05000003	          0.05000001	          0.05000003	          0.08895341	          0.19564530	          0.17882687	          0.11947689	          0.05000770	          0.05000037	          0.07763357	          0.06647977	          0.05000018	          0.05000020	          0.05000013	          0.05000020	          0.12127090	          0.11458979	          0.27209584	          0.08519710	          0.05000055	          0.05000001	          0.05000002	          0.05000002	          0.05000000	          0.05000002	          0.05000006	          0.05000001	          0.05000012	          0.05000050	          0.05000050	          0.25197561	          0.11081950	          0.10535059	          0.13287527	          0.41492182	          0.13465769	          0.05713333	          0.12448940	          0.07487910	
          0.97424743	         -2.48085374	         -1.01399812	          2.05326993	          1.28661164	          0.92092839	         -0.00588922	        -12.92568596	          2.77660807	         12.32768054	         29.98796441	         -0.41180592	         -5.87962917	          1.57449076	        -23.44497832	          6.23352259	          1.75533947	         -2.05022012	         -2.27257954	          4.68378028	          0.29453396	         -2.16447259	          0.68514557	         -3.32831402	         -0.31971056	         -1.82799827	          2.60894482	        -13.45134421	         16.63354368	         -0.24361459	        -13.47667797	         13.34212915	         21.51551836	         28.59346514	         86.51662706	         86.51662706	          0.31336686	          0.25033069	          0.23187324	          0.46206887	          0.43997473	          0.36591836	          0.13121108	          0.11868114	          0.07243425	          0.43393239	          0.13620042	          0.05000005	          0.05000007	          0.05000016	          0.05000048	          0.05000024	          0.42036238	          0.05000028	          0.05000615	          0.05000359	          0.05000077	          0.05000034	          0.34195134	          0.39853195	          0.05000008	          0.05000063	          0.12709875	          0.05000001	          0.05000012	          0.05000012	          0.05000011	          0.60159397	          0.62228113	          0.34637706	          0.37690111	          0.05000008	          0.09011732	          0.09707595	          0.19097550	          0.23469962	          0.15966683	          0.24899622	          0.43152714	          0.05000000	          0.05000001	          0.05000002	          0.05000007	          0.05000013	          0.05000018	          0.05000025	          0.05000026	          0.05000027	          0.05000001	          0.05000004	          0.05000001	          0.05000004	          0.07535771	          0.19817312	          0.19513018	          0.15141996	          0.08794614	          0.05790981	          0.06576810	          0.06118444	          0.05000026	          0.05000026	          0.05000020	          0.05000232	          0.10273574	          0.09707578	          0.25855131	          0.07217683	          0.05000051	          0.05000001	          0.05000002	          0.05000002	          0.05000001	          0.05000003	          0.05000006	          0.05000001	          0.05000014	          0.05000040	          0.05000045	          0.25582951	          0.10999675	          0.10688709	          0.12457251	          0.43236769	          0.12835494	          0.05337475	          0.12872083	          0.08518679	
          0.98507240	         -2.52037878	         -1.11767200	          2.54949396	          1.30060986	          0.91883672	         -0.00628802	        -13.65826534	          2.62590120	         12.54064034	         29.77122640	         -0.27235410	         -5.86538289	          1.23482268	        -20.20819113	          6.61956033	          1.49092042	         -2.24234127	         -2.46865957	          4.64204524	          0.75659330	         -1.48089692	         -0.94490109	         -3.30313929	         -0.18680196	         -2.11032667	          2.89448811	        -13.45830209	         16.65843501	         -0.64773212	        -13.51163080	         12.48831966	         22.94318203	         27.84284055	         86.51662706	         86.51662706	          0.33340174	          0.25074355	          0.21747420	          0.46687538	          0.44123886	          0.35862872	          0.12899931	          0.11229508	          0.07096543	          0.38722184	          0.14489617	          0.05000006	          0.05000008	          0.05000018	          0.05000051	          0.05000025	          0.44127340	          0.05000036	          0.05002759	          0.05000245	          0.05000064	          0.05000034	          0.38156060	          0.45258509	          0.05000009	          0.05000062	          0.12402794	          0.05000001	          0.05000012	          0.05000011	          0.05000011	          0.61099220	          0.63767039	          0.36960180	          0.39480017	          0.05000009	          0.14660555	          0.08223876	          0.19716576	          0.24041612	          0.13526319	          0.21093939	          0.41001015	          0.05000000	          0.05000001	          0.05000002	          0.05000010	          0.05000017	          0.05000021	          0.05000033	          0.05000032	          0.05000031	          0.05000001	          0.05000005	          0.05000002	          0.05000004	          0.06383999	          0.19949011	          0.20340444	          0.17340664	          0.12189302	          0.07537663	          0.05571618	          0.05778611	          0.05000030	          0.05000032	          0.05000021	          0.06697615	          0.08703350	          0.08223862	          0.23570454	          0.06114618	          0.05000047	          0.05000001	          0.05000003	          0.05000002	          0.05000001	          0.05000002	          0.05000004	          0.05000001	          0.05000010	          0.05000041	          0.05000039	          0.26075597	          0.10763608	          0.10713696	          0.13442588	          0.44876528	          0.13404742	          0.05239463	          0.13295143	          0.09153232	
          0.99589737	         -2.56631015	         -1.22815981	          3.03887543	          1.31478799	          0.91680120	         -0.00667649	        -14.31964472	          2.47357169	         12.69384168	         29.42427806	         -0.09872638	         -5.81133349	          0.76018650	        -16.89796303	          6.97869933	          1.27556994	         -2.41357570	         -2.66603431	          4.55730335	          1.18476537	         -0.69529219	         -2.43111550	         -3.26747028	         -0.03661950	         -2.38983044	          3.12130523	        -13.47497991	         16.74265591	         -1.14203026	        -13.56348428	         11.56985517	         24.45445107	         27.28307627	         86.51662706	         86.51662706	          0.35390299	          0.25049431	          0.20056420	          0.48488210	          0.44861218	          0.34819207	          0.11043830	          0.09708855	          0.06624009	          0.32803843	          0.14787917	          0.05000005	          0.05000007	          0.05000015	          0.05000045	          0.05000023	          0.46188561	          0.05000031	          0.05001383	          0.05000272	          0.05000070	          0.05000034	          0.40501459	          0.50345106	          0.05000008	          0.05000062	          0.12116328	          0.05000001	          0.05000010	          0.05000010	          0.05000010	          0.61583380	          0.64873671	          0.39218185	          0.41149146	          0.05000015	          0.19735803	          0.06966930	          0.20195245	          0.24524490	          0.11458943	          0.17869917	          0.36157463	          0.05000000	          0.05000000	          0.05000001	          0.05000014	          0.05000023	          0.05000031	          0.05000034	          0.05000034	          0.05000037	          0.05737856	          0.05000008	          0.05000003	          0.05000004	          0.05408268	          0.19887380	          0.20596997	          0.18609071	          0.14655460	          0.09005112	          0.05000036	          0.05012002	          0.05000047	          0.05000065	          0.05000133	          0.08563368	          0.07373121	          0.06966919	          0.21294124	          0.05180179	          0.05000046	          0.05000001	          0.05000004	          0.05000003	          0.05000002	          0.05000001	          0.05000003	          0.05000000	          0.05000009	          0.05000038	          0.05000035	          0.26417739	          0.10564837	          0.10814631	          0.15726696	          0.46279046	          0.14867933	          0.05295813	          0.13733791	          0.09327510	
          1.00672234	         -2.61694786	         -1.34283409	          3.51909344	          1.32919664	          0.91487712	         -0.00704815	        -14.92520929	          2.31494751	         12.78611767	         28.94984954	          0.10751722	         -5.72036483	          0.17717072	        -13.56816371	          7.28395911	          1.13747913	         -2.54822351	         -2.86514870	          4.40587625	          1.56434485	          0.22397977	         -3.75006267	         -3.21754126	          0.12766161	         -2.66628061	          3.28053383	        -13.50561819	         16.89440562	         -1.72939058	        -13.63005396	         10.61138058	         26.04409690	         26.91240191	         86.51662706	         86.51662706	          0.37129079	          0.24735012	          0.18320975	          0.49038964	          0.45199609	          0.33633357	          0.09355893	          0.08224948	          0.05810659	          0.27790066	          0.16039560	          0.05000006	          0.05000008	          0.05000016	          0.05000047	          0.05000024	          0.48220999	          0.05000038	          0.05000426	          0.05000181	          0.05000058	          0.05000033	          0.47062402	          0.54776490	          0.05000008	          0.05000059	          0.12869947	          0.05000001	          0.05000011	          0.05000011	          0.05000011	          0.61569164	          0.65481019	          0.41249477	          0.42576713	          0.07070213	          0.24585540	          0.05902097	          0.20679273	          0.24935676	          0.09707546	          0.15138659	          0.30631120	          0.05000000	          0.05000000	          0.05000001	          0.05000025	          0.05000039	          0.05000046	          0.05000051	          0.05000046	          0.05000045	          0.14139608	          0.05000007	          0.05000004	          0.05000003	          0.05000014	          0.20126393	          0.21036339	          0.19970844	          0.16488447	          0.09963717	          0.05000025	          0.05001666	          0.05000034	          0.05001050	          0.05833647	          0.09579992	          0.06246206	          0.05902088	          0.19504745	          0.05000148	          0.05000045	          0.05000002	          0.05000008	          0.05000007	          0.05000004	          0.05000001	          0.05000003	          0.05000001	          0.05000009	          0.05000035	          0.05000035	          0.26322598	          0.10954516	          0.10978633	          0.15539164	          0.47249775	          0.15356219	          0.06065238	          0.13565116	          0.08550119	
          1.01754731	         -2.66974834	         -1.45887662	          3.98754060	          1.34388113	          0.91311413	         -0.00739647	        -15.47626403	          2.14819303	         12.81906718	         28.37096123	          0.34378035	         -5.59441849	         -0.51735813	        -10.33388740	          7.52156325	          1.09771625	         -2.62716232	         -3.06454702	          4.16912404	          1.88830507	          1.31168475	         -4.87767526	         -3.14900592	          0.30248563	         -2.93895884	          3.36660355	        -13.55293805	         17.12025512	         -2.40611855	        -13.70515454	          9.63272002	         27.69856317	         26.71004666	         86.51662706	         86.51662706	          0.38832897	          0.24059535	          0.15966701	          0.49941122	          0.45951820	          0.30999510	          0.07925935	          0.06967841	          0.05000035	          0.23542600	          0.17028139	          0.05000006	          0.05000007	          0.05000014	          0.05000043	          0.05000022	          0.50189283	          0.05000034	          0.05000087	          0.05000295	          0.05000072	          0.05000035	          0.49105024	          0.59400173	          0.05000009	          0.05000076	          0.12681224	          0.05000001	          0.05000012	          0.05000012	          0.05000012	          0.61004288	          0.65536286	          0.42938936	          0.43635340	          0.13704479	          0.28933068	          0.05000014	          0.21054990	          0.25253341	          0.08223835	          0.12824849	          0.25949426	          0.05000000	          0.05000000	          0.05000001	          0.05000038	          0.05000046	          0.05000044	          0.05000055	          0.05000047	          0.05000045	          0.21261372	          0.05000007	          0.05000002	          0.05000002	          0.05000014	          0.20609844	          0.21970813	          0.20310794	          0.17025226	          0.10196597	          0.05000025	          0.05001804	          0.05000035	          0.06001428	          0.06532317	          0.09615083	          0.05291530	          0.05000011	          0.17904174	          0.05000116	          0.05000036	          0.05000003	          0.05000023	          0.05000020	          0.05000012	          0.05000001	          0.05000002	          0.05000001	          0.05000008	          0.05000043	          0.05000040	          0.25973494	          0.10800041	          0.11105818	          0.16251156	          0.47744674	          0.16337687	          0.07157386	          0.13287354	          0.07243312	
          1.02837228	         -2.72195653	         -1.57240130	          4.44105453	          1.35888272	          0.91155445	         -0.00771435	        -15.96678146	          1.97457572	         12.79589044	         27.71623584	          0.60691169	         -5.43574519	         -1.34026776	         -7.31715999	          7.68009742	          1.15087553	         -2.63387736	         -3.26434237	          3.83252589	          2.15203218	          2.60144222	         -5.79265113	         -3.05687720	          0.48283276	         -3.20684844	          3.37633652	        -13.61841838	         17.42552723	         -3.16168734	        -13.77733233	          8.63988153	         29.39723652	         26.63546526	         86.51662706	         86.51662706	          0.40399910	          0.22247741	          0.13526350	          0.51194245	          0.46867450	          0.26261611	          0.06714532	          0.05902870	          0.05000009	          0.19944322	          0.17598612	          0.05000005	          0.05000006	          0.05000013	          0.05000040	          0.05000023	          0.52062865	          0.05000032	          0.05000038	          0.05000220	          0.05000063	          0.05000034	          0.49268097	          0.63344180	          0.05000008	          0.05000053	          0.11458960	          0.05000050	          0.05000015	          0.05000015	          0.05000014	          0.59786573	          0.64895069	          0.44170686	          0.44314183	          0.17945997	          0.33008620	          0.05000001	          0.20794951	          0.25425472	          0.06966896	          0.10864684	          0.21983286	          0.05000001	          0.05000000	          0.05000000	          0.05000074	          0.05000067	          0.05000044	          0.05000069	          0.05000052	          0.05000044	          0.28089374	          0.05000008	          0.05000061	          0.05000002	          0.05000012	          0.21158643	          0.22588198	          0.20523336	          0.17125218	          0.10065845	          0.05000026	          0.05001406	          0.05000038	          0.06849798	          0.06883737	          0.09356983	          0.05000004	          0.05000005	          0.16624125	          0.05000074	          0.05000031	          0.05000006	          0.05710315	          0.05670921	          0.05030348	          0.05000000	          0.05000001	          0.05000001	          0.05000007	          0.05000046	          0.05000035	          0.25355358	          0.10574869	          0.11164353	          0.17509191	          0.47759777	          0.18081220	          0.08065164	          0.13029903	          0.06136238	
          1.03919726	         -2.77114114	         -1.67953787	          4.87579791	          1.37423500	          0.91022695	         -0.00799346	        -16.38798653	          1.79581376	         12.71929241	         27.01070580	          0.89508681	         -5.24645176	         -2.31084580	         -4.61557404	          7.74633169	          1.27141258	         -2.55043635	         -3.45839125	          3.38596327	          2.35340817	          4.12502474	         -6.48688338	         -2.93686649	          0.66364570	         -3.46833783	          3.30837998	        -13.70283793	         17.81550512	         -3.97986323	        -13.82908266	          7.61120050	         31.11675234	         26.63314044	         86.51662706	         86.51662706	          0.41911670	          0.18847384	          0.11458971	          0.50638092	          0.46791622	          0.22247763	          0.05688285	          0.05000672	          0.05000006	          0.16896009	          0.17804978	          0.05000005	          0.05000005	          0.05000011	          0.05000036	          0.05000021	          0.53814835	          0.05000026	          0.05000034	          0.05001269	          0.05000156	          0.05000042	          0.48945881	          0.66692468	          0.05000015	          0.05000313	          0.09707569	          0.08741678	          0.05000017	          0.05000017	          0.05000017	          0.57878760	          0.63528523	          0.44853358	          0.44385756	          0.20930675	          0.36089432	          0.05000001	          0.18847141	          0.25691761	          0.05902070	          0.09204113	          0.18623336	          0.05000001	          0.05000000	          0.05000000	          0.05000121	          0.05000068	          0.05000039	          0.05000078	          0.05000056	          0.05000044	          0.33693871	          0.05000009	          0.08343709	          0.05000002	          0.05000012	          0.21479982	          0.21809463	          0.19945191	          0.16683034	          0.09769715	          0.05000025	          0.05001412	          0.05000047	          0.06748085	          0.06726534	          0.08847349	          0.05000005	          0.05000005	          0.14892422	          0.05000065	          0.05000027	          0.05000020	          0.07321130	          0.07423575	          0.06541539	          0.05000000	          0.05000002	          0.05000002	          0.05000009	          0.05000017	          0.05000020	          0.24495077	          0.10355361	          0.11516018	          0.18014344	          0.47490714	          0.20137491	          0.08819659	          0.12652488	          0.05198370	
          1.05002223	         -2.81535424	         -1.77767781	          5.28843660	          1.38997126	          0.90914721	         -0.00822603	        -16.73880950	          1.61110289	         12.59135182	         26.27121792	          1.20828028	         -5.02756949	         -3.42877858	         -2.30175662	          7.69748219	          1.41929606	         -2.37115419	         -3.63972048	          2.81128706	          2.49251548	          5.92117725	         -6.95854031	         -2.78454267	          0.84129220	         -3.72138731	          3.16236466	        -13.80644133	         18.29969487	         -4.84197813	        -13.83495789	          6.48018084	         32.83223808	         26.63679650	         86.51662706	         86.51662706	          0.43939978	          0.15966730	          0.09707570	          0.51285441	          0.41190913	          0.18847392	          0.05000018	          0.05000005	          0.05000004	          0.14313603	          0.17057844	          0.05000007	          0.05000007	          0.05000013	          0.05000039	          0.05000022	          0.55439729	          0.05000042	          0.05000020	          0.05000098	          0.05000045	          0.05000030	          0.46812433	          0.68932618	          0.05000006	          0.05000037	          0.08223858	          0.12597425	          0.05000044	          0.05000043	          0.05000038	          0.55091742	          0.60965610	          0.44700986	          0.43818800	          0.22874691	          0.38456002	          0.05000000	          0.15966533	          0.26123617	          0.05000006	          0.07797346	          0.15776925	          0.05000003	          0.05000000	          0.05000000	          0.05000084	          0.05000047	          0.05000031	          0.05000077	          0.05000051	          0.05000041	          0.37658137	          0.05000010	          0.10342843	          0.05000003	          0.05000013	          0.21417521	          0.19881043	          0.18386633	          0.15848655	          0.09613962	          0.05000018	          0.05001964	          0.05000053	          0.06276063	          0.06389441	          0.08359835	          0.05000005	          0.05000005	          0.13412933	          0.05000066	          0.05000028	          0.05134641	          0.08102237	          0.08262056	          0.06931046	          0.05000000	          0.05000001	          0.05000001	          0.05000007	          0.05000127	          0.05000031	          0.23927849	          0.09846415	          0.11612563	          0.19598523	          0.46916064	          0.19610735	          0.09277107	          0.12409257	          0.05000003	
          1.06084720	         -2.85320248	         -1.86637752	          5.67688400	          1.40611854	          0.90831371	         -0.00840607	        -17.02199141	          1.41592164	         12.40461713	         25.50837046	          1.54782658	         -4.77859496	         -4.68417607	         -0.42529364	          7.51369895	          1.55317919	         -2.07429977	         -3.80314768	          2.10134949	          2.57486913	          8.00494773	         -7.25151159	         -2.59641829	          1.01484870	         -3.96347205	          2.94002559	        -13.92944305	         18.89586847	         -5.72801431	        -13.75902395	          5.11399450	         34.51934290	         26.57476274	         86.51662706	         86.51662706	          0.45348354	          0.13526359	          0.08223855	          0.52959937	          0.36844943	          0.15966737	          0.05000037	          0.05000008	          0.05000005	          0.12125896	          0.15973142	          0.05000008	          0.05000009	          0.05000016	          0.05000049	          0.05000030	          0.56981962	          0.05000047	          0.05000024	          0.05000200	          0.05000069	          0.05000042	          0.50824325	          0.62522759	          0.05000009	          0.05000060	          0.06966920	          0.17000761	          0.05000150	          0.05000152	          0.05000103	          0.51642481	          0.57691688	          0.43755282	          0.42786503	          0.27795985	          0.41292192	          0.05000000	          0.13526191	          0.25880910	          0.05000005	          0.06605591	          0.13365563	          0.05000003	          0.05000000	          0.05000000	          0.05025944	          0.05000090	          0.05000047	          0.05000083	          0.05000071	          0.05000060	          0.39614337	          0.06397266	          0.11203497	          0.05000005	          0.05000017	          0.21301980	          0.19503907	          0.18029445	          0.15568338	          0.09461790	          0.05000025	          0.05001695	          0.06948598	          0.06656710	          0.06543031	          0.08078084	          0.05000006	          0.05000007	          0.12114986	          0.05000071	          0.05000027	          0.05016207	          0.07903751	          0.08098361	          0.06650910	          0.05000000	          0.05000002	          0.05000001	          0.05000008	          0.05999890	          0.05000063	          0.23626228	          0.09592783	          0.11836520	          0.21467662	          0.46462472	          0.19960677	          0.09046180	          0.11740496	          0.05000008	
          1.07167217	         -2.88382103	         -1.95306774	          6.03804525	          1.42269947	          0.90770580	         -0.00852139	        -17.24143231	          1.19727970	         12.15286366	         24.72684055	          1.92398573	         -4.50005611	         -6.06107761	          0.98735920	          7.18556709	          1.62711236	         -1.65533203	         -3.94040604	          1.22386686	          2.62829494	         10.42692953	         -7.43445768	         -2.36933229	          1.18884469	         -4.19444414	          2.62827377	        -14.00680297	         19.31113594	         -6.61573031	        -13.63487310	          3.77349792	         36.12987538	         26.38821404	         86.51662706	         86.51662706	          0.47470555	          0.11458975	          0.06966913	          0.58735777	          0.31213546	          0.13526364	          0.05000031	          0.05000005	          0.05000004	          0.10272560	          0.14030581	          0.05000003	          0.05000004	          0.05000008	          0.05000027	          0.05000016	          0.58326896	          0.05000021	          0.05000018	          0.05002765	          0.05000241	          0.05000039	          0.45572278	          0.65858778	          0.05000013	          0.05000270	          0.05902092	          0.17572921	          0.05000028	          0.05000026	          0.05000026	          0.47620122	          0.53926645	          0.42086396	          0.40815067	          0.29506640	          0.42127143	          0.05000000	          0.11458833	          0.24615098	          0.05000002	          0.05595985	          0.11322756	          0.05000001	          0.05000000	          0.05000000	          0.05000030	          0.05000077	          0.05000020	          0.05000669	          0.05000095	          0.05000039	          0.39503711	          0.07515372	          0.10996455	          0.05000006	          0.05000012	          0.20661335	          0.18794466	          0.18042992	          0.16025630	          0.09884720	          0.05000010	          0.05001801	          0.11171814	          0.06698621	          0.06896903	          0.08725259	          0.05000004	          0.05000004	          0.10476839	          0.05000082	          0.05000042	          0.05000025	          0.06964879	          0.07053689	          0.05663227	          0.05000001	          0.05000003	          0.05038285	          0.05000022	          0.07472244	          0.05003534	          0.23257512	          0.09623307	          0.12087324	          0.20034711	          0.46210852	          0.20203145	          0.08740802	          0.10821531	          0.05000005	
          1.08249714	         -2.90661532	         -2.05049392	          6.36926777	          1.43972120	          0.90728548	         -0.00855839	        -17.38996769	          0.93927680	         11.83923731	         23.92754512	          2.34848519	         -4.19168927	         -7.56337780	          1.92754563	          6.70951281	          1.53184739	         -1.11190054	         -4.03348633	          0.16567200	          2.67939759	         13.21368498	         -7.54469691	         -2.10175690	          1.37294156	         -4.41363431	          2.21268637	        -14.00833154	         19.38771629	         -7.50015453	        -13.53635895	          2.85061975	         37.66685480	         26.08204855	         86.51662706	         86.51662706	          0.46793204	          0.09707573	          0.05902082	          0.64017522	          0.26442835	          0.11458979	          0.05000032	          0.05000004	          0.05000003	          0.08702490	          0.11886144	          0.05000001	          0.05000002	          0.05000005	          0.05000018	          0.05000016	          0.58980852	          0.05000011	          0.05000008	          0.05000094	          0.05000037	          0.05000019	          0.39322755	          0.66209281	          0.05000002	          0.05000019	          0.05000012	          0.14887057	          0.05000484	          0.05000768	          0.05000364	          0.43529998	          0.49880598	          0.39674065	          0.37783622	          0.28381318	          0.40766599	          0.05000000	          0.09707454	          0.20852900	          0.05000002	          0.05000000	          0.09592174	          0.05000000	          0.05000000	          0.05000000	          0.06806659	          0.05000031	          0.05000119	          0.05000008	          0.05000011	          0.05000026	          0.37466324	          0.06966971	          0.09597974	          0.05000004	          0.05000008	          0.19711365	          0.21093950	          0.20954883	          0.18778003	          0.10803396	          0.05000013	          0.05000458	          0.14198488	          0.05902162	          0.07080796	          0.09778349	          0.05000002	          0.05000002	          0.14260335	          0.05000015	          0.05000004	          0.05000009	          0.05903741	          0.05976809	          0.05902131	          0.05000002	          0.05000002	          0.05000002	          0.05000006	          0.06613027	          0.05000076	          0.24166805	          0.10242746	          0.12612230	          0.21788522	          0.47082206	          0.25299718	          0.07724821	          0.09167558	          0.05000043	
          1.09332211	         -2.92128841	         -2.16810445	          6.66980471	          1.45714522	          0.90701299	         -0.00850586	        -17.43480597	          0.63260638	         11.45722518	         23.11800663	          2.81476662	         -3.86070827	         -9.23695874	          2.36415186	          6.07852136	          1.09538358	         -0.40201880	         -4.08463261	         -1.03512207	          2.76214077	         16.30178011	         -7.60054286	         -1.79792087	          1.57410741	         -4.61689182	          1.70125216	        -13.97582959	         19.28945295	         -8.37838611	        -13.47059186	          2.33043557	         39.17468168	         25.66899507	         86.51662706	         86.51662706	          0.39641319	          0.08223856	          0.05000002	          0.54233018	          0.22401283	          0.09707576	          0.05000031	          0.05000003	          0.05000002	          0.07372392	          0.10069457	          0.05000035	          0.05000015	          0.05000012	          0.05000030	          0.05000014	          0.59372029	          0.05002525	          0.05000010	          0.05000023	          0.05000013	          0.05000011	          0.33312627	          0.59651497	          0.05000001	          0.05000008	          0.05000002	          0.12611702	          0.08800517	          0.09381494	          0.07715892	          0.36937146	          0.43128914	          0.35802764	          0.34900449	          0.31717811	          0.41280551	          0.05000000	          0.08223757	          0.17665719	          0.05000002	          0.05000000	          0.08126096	          0.05000012	          0.05000000	          0.05000000	          0.05766327	          0.05000043	          0.05000003	          0.05902079	          0.05902071	          0.05000030	          0.33722470	          0.05902136	          0.08131011	          0.05000111	          0.05000016	          0.17204997	          0.18604970	          0.17752157	          0.17008601	          0.10913901	          0.05000004	          0.08522117	          0.15258728	          0.05000076	          0.05998564	          0.08654303	          0.05000013	          0.05000006	          0.35868878	          0.08223716	          0.05902081	          0.05000004	          0.05001427	          0.05063327	          0.05000073	          0.05926282	          0.05000117	          0.05000000	          0.05000635	          0.08012840	          0.08222639	          0.23779799	          0.14663784	          0.13703413	          0.18710352	          0.48985628	          0.24492494	          0.06544151	          0.07766378	          0.05000001	
          1.10414708	         -2.92870358	         -2.32685070	          6.93688490	          1.47488618	          0.90687510	         -0.00840393	        -17.35249699	          0.26128377	         10.97344496	         22.30367986	          3.26836681	         -3.52294667	        -11.09342350	          2.30459309	          5.27241899	         -0.05600672	          0.47294035	         -4.09368981	         -2.37764031	          2.78519019	         19.65688244	         -7.66895559	         -1.46423543	          1.81893899	         -4.79681965	          1.11264670	        -13.92166648	         19.11435813	         -9.23929168	        -13.44970710	          2.18651719	         40.66798374	         25.15427460	         86.51662706	         86.51662706	          0.33582495	          0.06966913	          0.05000003	          0.45943984	          0.18977447	          0.08223860	          0.05000041	          0.05000004	          0.05000003	          0.06245587	          0.08530433	          0.12934152	          0.05000010	          0.05000016	          0.05000052	          0.05000387	          0.59387000	          0.05000022	          0.05000009	          0.05000067	          0.05000041	          0.05000035	          0.28221088	          0.55110290	          0.05000003	          0.05000024	          0.05000008	          0.10684115	          0.08223856	          0.08223855	          0.08223852	          0.31291629	          0.36537041	          0.30330627	          0.29566228	          0.30250014	          0.35840793	          0.05000000	          0.06966829	          0.14965670	          0.05000001	          0.05000000	          0.06884097	          0.05118051	          0.05160554	          0.05000000	          0.05000000	          0.05000001	          0.07152996	          0.05000001	          0.05000001	          0.05000002	          0.28645890	          0.05000049	          0.06888259	          0.05000001	          0.05000008	          0.14575372	          0.31325277	          0.29780551	          0.23381360	          0.11488114	          0.05000006	          0.07220481	          0.16643621	          0.06280300	          0.08753568	          0.11721224	          0.05000003	          0.05000006	          0.44018459	          0.06966915	          0.05000005	          0.05902084	          0.10040236	          0.10432470	          0.07941674	          0.05902082	          0.06147219	          0.05902080	          0.05000001	          0.06788152	          0.06965891	          0.28538221	          0.15711428	          0.13397724	          0.29698775	          0.54019781	          0.20749047	          0.05543936	          0.06579356	          0.05000004	
          1.11497206	         -2.93006623	         -2.57052085	          7.17324661	          1.49281731	          0.90688698	         -0.00830739	        -17.08051057	         -0.20450738	         10.39749191	         21.44247337	          3.67387111	         -3.09314258	        -13.20860589	          2.10975204	          4.23245238	         -1.69900215	          1.45515657	         -4.00687474	         -3.81736032	          2.94578857	         23.26443926	         -7.68840556	         -1.10662135	          2.16146844	         -4.95211542	          0.47501067	        -13.83836697	         18.91931659	        -10.06322927	        -13.48763450	          2.38953674	         42.13306433	         24.53653216	         86.51662706	         86.51662706	          0.28449709	          0.05902083	          0.05000001	          0.38921858	          0.16076914	          0.06966917	          0.05000046	          0.05000004	          0.05000003	          0.05291005	          0.07226638	          0.21508874	          0.05000005	          0.05000007	          0.05000019	          0.05000014	          0.59022812	          0.05000057	          0.05000008	          0.05000035	          0.05000018	          0.05000011	          0.23907745	          0.53144654	          0.05000001	          0.05000009	          0.05000002	          0.09051143	          0.06966913	          0.06966913	          0.06966910	          0.26508980	          0.30952678	          0.25694859	          0.25047292	          0.25626574	          0.30362850	          0.05000000	          0.05902011	          0.12678300	          0.05000001	          0.05000000	          0.05831928	          0.07677053	          0.05000000	          0.05000001	          0.26731717	          0.26750442	          0.25894341	          0.12467971	          0.09707906	          0.10616152	          0.24447969	          0.10600983	          0.08336992	          0.06966892	          0.05000011	          0.12347656	          0.26537486	          0.25228860	          0.19807732	          0.12752067	          0.05000009	          0.06116904	          0.14109501	          0.15318857	          0.11151965	          0.09929744	          0.05000003	          0.05000002	          0.37290628	          0.05902087	          0.05034695	          0.05000003	          0.08505679	          0.08837963	          0.06727863	          0.05000001	          0.05207671	          0.05000000	          0.05901220	          0.05750644	          0.05901217	          0.35165706	          0.13310077	          0.12584181	          0.25159582	          0.66751301	          0.53968417	          0.05000000	          0.07418886	          0.05000000	
          1.12579703	         -2.92965068	         -2.87284443	          7.36413427	          1.51067443	          0.90723061	         -0.00809122	        -16.51652144	         -0.72836050	          9.76062532	         20.51989222	          4.12887351	         -2.79344406	        -15.69140211	          2.17393435	          2.79571789	         -3.93513161	          2.48963330	         -3.94519030	         -5.33876534	          3.22633467	         27.15170973	         -7.87891015	         -0.75354724	          2.55886252	         -5.07818204	         -0.15843592	        -13.74611680	         18.73882472	        -10.77164495	        -13.54713046	          2.92802145	         43.51559542	         23.74251750	         86.51662706	         86.51662706	          0.24101423	          0.05000004	          0.05000001	          0.32972998	          0.13619701	          0.05902087	          0.05000106	          0.05000007	          0.05000006	          0.05000002	          0.06122116	          0.29564701	          0.06023718	          0.05000018	          0.05000047	          0.05000046	          0.57771661	          0.14165660	          0.05000018	          0.05000027	          0.05000015	          0.05000013	          0.20253658	          0.45021964	          0.05000002	          0.05000011	          0.05000003	          0.07667756	          0.05902083	          0.05902083	          0.05902080	          0.22457317	          0.26221834	          0.21767627	          0.21219035	          0.21709780	          0.25722159	          0.09549426	          0.05000000	          0.10740534	          0.05000002	          0.05000000	          0.05000001	          0.09356704	          0.05000000	          0.05000000	          0.29810606	          0.32577611	          0.34067170	          0.10562355	          0.08224142	          0.08993574	          0.20863327	          0.12575144	          0.09113825	          0.05902072	          0.05000009	          0.10460427	          0.22481469	          0.21372861	          0.16780875	          0.16368122	          0.05000003	          0.05182003	          0.14290010	          0.22752912	          0.16561310	          0.14469233	          0.05000001	          0.05000001	          0.31591088	          0.05000027	          0.05000075	          0.05000001	          0.07205671	          0.07487169	          0.05699579	          0.05000000	          0.05000001	          0.05000000	          0.05000002	          0.05000003	          0.05000004	          0.42367635	          0.18360451	          0.14527593	          0.38276275	          0.80688048	          0.65806089	          0.05185117	          0.06284977	          0.05000001	
          1.13662200	         -2.92793003	         -3.18076985	          7.51549748	          1.52820131	          0.90797536	         -0.00773656	        -15.58335260	         -1.25801520	          9.10905338	         19.60304630	          4.60990665	         -2.56081034	        -18.62986725	          2.24094641	          0.85645025	         -5.96736982	          3.65458487	         -3.89601835	         -6.84079916	          3.54129753	         31.00781814	         -8.07249647	         -0.43885898	          2.94866531	         -5.18256455	         -0.73679488	        -13.66201363	         18.59836985	        -11.31290522	        -13.60324069	          3.77975298	         44.78142951	         22.75552361	         86.51662706	         86.51662706	          0.20417734	          0.05000002	          0.05000000	          0.27933369	          0.11538052	          0.05000009	          0.05002503	          0.05002375	          0.05000863	          0.05000002	          0.05186412	          0.34729040	          0.45368200	          0.21916723	          0.05709759	          0.06966881	          0.56431923	          0.19233917	          0.05000015	          0.05000031	          0.05000018	          0.05000013	          0.17158066	          0.38140755	          0.05000001	          0.05000010	          0.05000003	          0.06495807	          0.05000004	          0.05000004	          0.05000002	          0.19024914	          0.22214059	          0.18440637	          0.17975893	          0.18391633	          0.21790756	          0.26589441	          0.05902081	          0.09098939	          0.05000010	          0.05000030	          0.05000009	          0.08293147	          0.05000000	          0.05000000	          0.38926269	          0.39078782	          0.41422077	          0.08947994	          0.06967158	          0.07618994	          0.17725146	          0.13239036	          0.09216858	          0.05000004	          0.05000004	          0.08861644	          0.19045469	          0.25766382	          0.28967165	          0.18074155	          0.05000003	          0.05000036	          0.16059168	          0.29009603	          0.21315820	          0.19235728	          0.05000000	          0.05000000	          0.26762730	          0.05901042	          0.06899136	          0.05000001	          0.13738603	          0.14322270	          0.10858196	          0.05000000	          0.05000001	          0.05000000	          0.05000002	          0.05000008	          0.05000009	          0.52097099	          0.20382879	          0.13719301	          0.41446308	          0.88782977	          0.79658800	          0.06826939	          0.05773385	          0.05000001	
          1.14744697	         -2.92567446	         -3.46173467	          7.62764463	          1.54517031	          0.90904981	         -0.00729023	        -14.24106830	         -1.74935529	          8.53923367	         18.72016239	          5.07566057	         -2.36426876	        -22.09669433	          2.19686222	         -1.52727700	         -7.40616298	          5.11243062	         -3.87830090	         -8.08960852	          3.76381781	         34.01343308	         -8.30289022	         -0.19176921	          3.30479172	         -5.25651139	         -1.21655220	        -13.59023601	         18.51652438	        -11.67038865	        -13.65475132	          4.90296618	         45.92394486	         21.62008094	         86.51662706	         86.51662706	          0.17297064	          0.05000003	          0.05000003	          0.23664003	          0.09774566	          0.05000009	          0.07289960	          0.05902115	          0.06119795	          0.05000005	          0.05000017	          0.32388578	          0.62889388	          0.18566955	          0.05913601	          0.05902069	          0.55976230	          0.30418559	          0.12295136	          0.05000053	          0.05000037	          0.05000076	          0.14535607	          0.32311277	          0.06495829	          0.05000116	          0.05000015	          0.05502981	          0.05000000	          0.05000000	          0.05000000	          0.16117124	          0.18818836	          0.15622149	          0.15228437	          0.15580635	          0.18460235	          0.22525483	          0.05000004	          0.07708252	          0.08224691	          0.19512005	          0.44820854	          0.09382215	          0.05000000	          0.05000000	          0.45841537	          0.44338662	          0.45465148	          0.07580379	          0.05902300	          0.06454525	          0.15016023	          0.13232180	          0.09110823	          0.05000007	          0.05000004	          0.07507221	          0.16134546	          0.21828244	          0.25021531	          0.18423183	          0.05000003	          0.05000070	          0.13878830	          0.29673839	          0.21851030	          0.19239878	          0.05000000	          0.05000000	          0.22672286	          0.05000012	          0.10149242	          0.05000001	          0.11639360	          0.12133815	          0.09199181	          0.05000000	          0.05000001	          0.05000000	          0.05000003	          0.05000008	          0.05000010	          0.56912569	          0.18346100	          0.13349949	          0.51416004	          0.93484781	          0.88185154	          0.06605407	          0.05000001	          0.05000002	
          1.15827194	         -2.92414630	         -3.71457307	          7.70527555	          1.56147532	          0.91033737	         -0.00678637	        -12.56021515	         -2.18877506	          8.10285351	         17.88351973	          5.51808459	         -2.18843996	        -25.94301498	          2.06463357	         -4.33172193	         -8.42459943	          6.76800274	         -3.87420818	         -8.80494170	          3.94330543	         35.57330087	         -8.58155932	         -0.02084851	          3.62961549	         -5.29984394	         -1.58208835	        -13.53277840	         18.49383073	        -11.85042777	        -13.70442890	          6.25205430	         46.95394113	         20.39286516	         86.51662706	         86.51662706	          0.14653361	          0.05000012	          0.05000008	          0.20047177	          0.08280801	          0.05000479	          0.06175786	          0.05000031	          0.05184440	          0.05000001	          0.10454544	          0.27438278	          0.53277304	          0.15729162	          0.05009767	          0.05000005	          0.55676577	          0.26664504	          0.10415940	          0.05000042	          0.05000017	          0.05000005	          0.12313969	          0.27372784	          0.19073126	          0.05000389	          0.06966867	          0.09555151	          0.05000001	          0.05000001	          0.05000000	          0.13653764	          0.15942544	          0.13234441	          0.12900908	          0.13199273	          0.15639801	          0.19082662	          0.06966971	          0.09853540	          0.06967620	          0.17181840	          0.67950122	          0.12312374	          0.05000000	          0.05000000	          0.52558533	          0.48918344	          0.50283394	          0.06421790	          0.05000198	          0.14621294	          0.12720961	          0.11650261	          0.08251071	          0.05000005	          0.05000006	          0.06359810	          0.13668525	          0.18492001	          0.21197233	          0.17118021	          0.05000005	          0.05000032	          0.11757586	          0.31053606	          0.22316878	          0.17881789	          0.05000000	          0.05000000	          0.19207033	          0.05902260	          0.14383747	          0.05000002	          0.09882011	          0.10284555	          0.07825418	          0.05000000	          0.05000001	          0.05000000	          0.05000002	          0.05000006	          0.05000007	          0.61791649	          0.20669153	          0.13854740	          0.53950333	          0.96215745	          0.93137544	          0.06293158	          0.05000001	          0.05000000	
          1.16909691	         -2.92283021	         -3.93953797	          7.74980022	          1.57719439	          0.91176888	         -0.00624170	        -10.69606916	         -2.56525644	          7.74062892	         17.08371921	          5.93544816	         -2.02035737	        -29.91023862	          1.86807541	         -7.09154900	         -9.11465149	          8.24105551	         -3.88330064	         -8.81044986	          4.08343776	         35.15500072	         -8.91663457	          0.08762225	          3.92058633	         -5.31581790	         -1.84942959	        -13.49039117	         18.51883569	        -11.88136108	        -13.74899766	          7.77161899	         47.87674170	         19.12099419	         86.51662706	         86.51662706	          0.12413725	          0.05000008	          0.05000041	          0.16983152	          0.07015194	          0.05001107	          0.07166104	          0.05000072	          0.05000054	          0.05000005	          0.13160128	          0.23244618	          0.45573952	          0.13325102	          0.05000025	          0.05000004	          0.54287312	          0.32254828	          0.13565614	          0.05000041	          0.05000016	          0.05000005	          0.10431889	          0.23189096	          0.16158867	          0.08074032	          0.05902083	          0.16598352	          0.05000000	          0.05000000	          0.05000000	          0.11566907	          0.13505867	          0.11211674	          0.12604922	          0.11183532	          0.16916300	          0.18610313	          0.05902131	          0.08347513	          0.05902682	          0.29744169	          0.67929982	          0.13217272	          0.05000399	          0.05000000	          0.59758136	          0.52474804	          0.51834286	          0.05440420	          0.07097227	          0.20417566	          0.10895140	          0.11272404	          0.08128216	          0.05000015	          0.05000008	          0.05387772	          0.11579415	          0.15665673	          0.17957450	          0.16803237	          0.05000006	          0.05000044	          0.09960565	          0.29613468	          0.21231863	          0.16297604	          0.05000001	          0.05000001	          0.16271410	          0.05000180	          0.14859280	          0.05000001	          0.08371666	          0.08712683	          0.06629404	          0.05000000	          0.05000001	          0.05000000	          0.05000002	          0.05000006	          0.05000006	          0.65309928	          0.20730838	          0.13862490	          0.53384224	          0.97801979	          0.96014054	          0.06180362	          0.05000000	          0.05000001	
          1.17992188	         -2.92124024	         -4.13247431	          7.76978325	          1.59244319	          0.91331466	         -0.00567544	         -8.78225999	         -2.88122919	          7.39560785	         16.30734737	          6.32188349	         -1.82707384	        -33.78036207	          1.62255225	         -8.56127833	         -9.51732038	          9.29240806	         -3.89516541	         -8.53317443	          4.19019410	         34.30739199	         -9.27502153	          0.14955512	          4.17062667	         -5.31368474	         -2.03765251	        -13.46386895	         18.58263091	        -11.79822929	        -13.78104330	          9.38634102	         48.68989003	         17.85059875	         86.51662706	         86.51662706	          0.10516397	          0.05000004	          0.05000003	          0.19516890	          0.05943432	          0.05000030	          0.06945459	          0.05000005	          0.05000007	          0.05000003	          0.14311158	          0.21233710	          0.41726646	          0.11288480	          0.05000019	          0.05000002	          0.53488606	          0.36160067	          0.11492741	          0.05000024	          0.05000008	          0.05000002	          0.09937881	          0.19644848	          0.13689129	          0.06840010	          0.05000025	          0.23626483	          0.05000000	          0.05000000	          0.05000000	          0.09799008	          0.11456072	          0.09498068	          0.10678373	          0.09474233	          0.14330797	          0.23766804	          0.05000043	          0.07071670	          0.05000509	          0.34842612	          0.64754443	          0.12584734	          0.05500869	          0.05000000	          0.64943786	          0.54448934	          0.52962722	          0.05000159	          0.06012687	          0.22708409	          0.09250119	          0.10353442	          0.07627869	          0.05000012	          0.05000008	          0.05000006	          0.09809608	          0.13271331	          0.15212899	          0.16403773	          0.05000007	          0.05000038	          0.08438218	          0.28834867	          0.20897788	          0.16146011	          0.05000001	          0.05000001	          0.13784471	          0.05837945	          0.13432190	          0.05000002	          0.07092421	          0.07381296	          0.05616443	          0.05000000	          0.05000001	          0.05000000	          0.05000001	          0.05000007	          0.05000007	          0.68584034	          0.22485385	          0.14017811	          0.50189142	          0.98723316	          0.96706599	          0.06719994	          0.05000000	          0.05000001	
          1.19074686	         -2.91921767	         -4.27968227	          7.77037690	          1.60732826	          0.91499706	         -0.00509808	         -6.89388271	         -3.14576831	          7.03548801	         15.54028730	          6.66315423	         -1.58914004	        -37.35086979	          1.34051224	         -8.65053827	         -9.65509993	          9.95520964	         -3.90072134	         -8.26534993	          4.25394263	         33.51214675	         -9.60117756	          0.17587337	          4.36449346	         -5.29556792	         -2.15932108	        -13.45257320	         18.67959633	        -11.63244242	        -13.79032688	         11.01424712	         49.37855985	         16.61779242	         86.51662706	         86.51662706	          0.08909059	          0.05000003	          0.05000003	          0.19892670	          0.05035149	          0.05000024	          0.05884118	          0.07300455	          0.05000158	          0.05527813	          0.16608483	          0.20310740	          0.40396894	          0.09563139	          0.05000018	          0.05000002	          0.51601528	          0.37929660	          0.16865204	          0.05000020	          0.05000007	          0.05000001	          0.10286803	          0.16642306	          0.11596869	          0.05794613	          0.05000018	          0.29236178	          0.05000000	          0.05000000	          0.05000000	          0.08301317	          0.09705115	          0.08046373	          0.09046279	          0.08026186	          0.12140463	          0.26039923	          0.05000004	          0.05990828	          0.05000005	          0.39935224	          0.79409310	          0.10738906	          0.05000011	          0.05000000	          0.69076301	          0.54776359	          0.51948658	          0.05000037	          0.05093817	          0.23125536	          0.08429511	          0.10332415	          0.07686386	          0.05000012	          0.05000009	          0.05000009	          0.08310303	          0.11242965	          0.13392586	          0.17087202	          0.05000006	          0.05000042	          0.07148899	          0.27441636	          0.20507855	          0.17063221	          0.05000001	          0.05000001	          0.11677638	          0.05000198	          0.11379207	          0.05000001	          0.07055452	          0.07282853	          0.05622211	          0.05000000	          0.05000002	          0.05000000	          0.05000001	          0.05000006	          0.05000006	          0.68807561	          0.20304935	          0.13968305	          0.42518188	          0.99258458	          0.89391652	          0.07480387	          0.05000000	          0.05000001	
          1.20157183	         -2.91709248	         -4.37572770	          7.75313778	          1.62192252	          0.91683132	         -0.00453082	         -5.05162370	         -3.36742799	          6.64757395	         14.77134313	          6.95224518	         -1.29712213	        -40.46462473	          1.03552830	         -8.32144629	         -9.54539261	         10.31568226	         -3.89547344	         -8.07394227	          4.28225438	         32.77991450	         -9.84792155	          0.17373119	          4.50166684	         -5.25945405	         -2.22261375	        -13.44973553	         18.80119125	        -11.41016957	        -13.77623839	         12.58274731	         49.92879518	         15.45719021	         86.51662706	         86.51662706	          0.07547389	          0.05000003	          0.05000003	          0.18995238	          0.05000209	          0.05000024	          0.05259249	          0.09237904	          0.06007766	          0.07615236	          0.17556096	          0.19601463	          0.37756765	          0.08101501	          0.05000016	          0.05000002	          0.50121299	          0.37157515	          0.19364902	          0.05000020	          0.05000006	          0.05000001	          0.10395418	          0.14098678	          0.09824391	          0.05000223	          0.05000015	          0.33161448	          0.05000000	          0.05000000	          0.05000000	          0.07032535	          0.08221779	          0.06816556	          0.07663640	          0.06799477	          0.10284904	          0.24220374	          0.05000016	          0.05075184	          0.14077241	          0.38536314	          0.74231995	          0.09592083	          0.05552711	          0.05000000	          0.70520256	          0.53584393	          0.50299761	          0.05364780	          0.09579905	          0.26311670	          0.07690164	          0.10169781	          0.07555533	          0.05000011	          0.05000008	          0.05000010	          0.07040159	          0.09524651	          0.14278099	          0.17366795	          0.05000007	          0.05000045	          0.06288537	          0.25758730	          0.19896302	          0.17592698	          0.05000001	          0.05000001	          0.09892815	          0.05000058	          0.09640002	          0.05000001	          0.07111976	          0.07361124	          0.05662032	          0.05000000	          0.05000002	          0.05000000	          0.05012715	          0.05000008	          0.05000009	          0.66245775	          0.17201508	          0.11833378	          0.36019661	          0.99569259	          0.78888766	          0.07899768	          0.05000000	          0.05000002	
          1.21239680	         -2.91493242	         -4.41976868	          7.72002509	          1.63626521	          0.91878969	         -0.00399249	         -3.24976631	         -3.54538979	          6.22757577	         13.99184638	          7.18625317	         -0.95082158	        -43.12896598	          0.72128762	         -7.70408755	         -9.19777945	         10.43986984	         -3.88861300	         -7.93500821	          4.29839644	         32.14589200	         -9.97550073	          0.14609819	          4.58522140	         -5.20287747	         -2.23380306	        -13.45043848	         18.93644011	        -11.15236781	        -13.74389934	         14.03511688	         50.34190740	         14.40239020	         86.51662706	         86.51662706	          0.06393839	          0.05000003	          0.05000002	          0.24417864	          0.05000469	          0.05000019	          0.05003801	          0.10055468	          0.05089609	          0.08706362	          0.17948272	          0.18994867	          0.34624953	          0.06863263	          0.05000014	          0.05000002	          0.48161254	          0.36218916	          0.20684397	          0.05000017	          0.05000005	          0.05000001	          0.10401257	          0.11943823	          0.08322821	          0.05000090	          0.05000011	          0.34920209	          0.05000000	          0.05000000	          0.05000000	          0.06406851	          0.06968110	          0.05774706	          0.06515483	          0.08222708	          0.08712951	          0.22929869	          0.05000008	          0.05000002	          0.11925678	          0.37185736	          0.72476043	          0.08885446	          0.06146247	          0.05000001	          0.69971302	          0.51253476	          0.47851289	          0.13726508	          0.17966350	          0.29899505	          0.07259527	          0.10022405	          0.07442566	          0.05000010	          0.05000008	          0.05000008	          0.05964144	          0.08068970	          0.12682971	          0.17634436	          0.05000008	          0.05000038	          0.05327926	          0.24678474	          0.19355807	          0.17763193	          0.05000001	          0.05000001	          0.08380787	          0.05000041	          0.08166618	          0.05000001	          0.07858973	          0.08136856	          0.06244201	          0.05000001	          0.05000003	          0.05000000	          0.06269282	          0.05000010	          0.05000011	          0.62215867	          0.14572411	          0.10024752	          0.30514378	          0.95190983	          0.66831318	          0.08022674	          0.05000000	          0.05000002	
          1.22322177	         -2.91267204	         -4.41059722	          7.67215974	          1.65038759	          0.92084062	         -0.00349102	         -1.48137147	         -3.67875673	          5.76954689	         13.18748218	          7.36202740	         -0.55363791	        -45.36639083	          0.42633771	         -6.88384636	         -8.64566407	         10.35452355	         -3.87354870	         -7.81622032	          4.26902572	         31.56991807	         -9.95468756	          0.09484724	          4.61525512	         -5.12415025	         -2.19933866	        -13.45190807	         19.07347218	        -10.87265154	        -13.69806550	         15.33178943	         50.62240652	         13.47438114	         86.51662706	         86.51662706	          0.05416600	          0.05000003	          0.05000002	          0.23925783	          0.05000551	          0.05000017	          0.05001734	          0.10307036	          0.05000056	          0.10661082	          0.18313090	          0.18255963	          0.31570767	          0.05814282	          0.05000014	          0.05000002	          0.46100210	          0.34889944	          0.22318546	          0.05000016	          0.05000004	          0.05000001	          0.10221593	          0.10627988	          0.07050753	          0.05000063	          0.05000009	          0.34712451	          0.05000000	          0.05000000	          0.05000000	          0.05902081	          0.05903105	          0.05000000	          0.06085112	          0.06966468	          0.07381258	          0.21598312	          0.05000009	          0.05000003	          0.10102990	          0.35112497	          0.70082639	          0.08270673	          0.05969978	          0.05000001	          0.67312141	          0.47919410	          0.44806322	          0.26235799	          0.26971833	          0.33876830	          0.07084493	          0.10002789	          0.07395949	          0.05000009	          0.05000008	          0.05000007	          0.05052592	          0.06835784	          0.10751809	          0.17772063	          0.05000009	          0.05000034	          0.05000242	          0.23613475	          0.18655109	          0.17686561	          0.05000001	          0.05000001	          0.07099859	          0.05000028	          0.06918428	          0.05000002	          0.09022641	          0.09364506	          0.07150997	          0.05000012	          0.05000006	          0.05000002	          0.06984940	          0.05209502	          0.05000488	          0.57091293	          0.12345149	          0.08492558	          0.25850543	          0.89910334	          0.56616744	          0.07901032	          0.05000000	          0.05000002	
          1.23404674	         -2.90996415	         -4.34659329	          7.60779140	          1.66431426	          0.92294053	         -0.00303204	          0.26181913	         -3.76367284	          5.26961638	         12.34433617	          7.47593130	         -0.11494517	        -47.20856465	          0.18378840	         -5.97824246	         -7.96149161	         10.09842610	         -3.83472696	         -7.69022045	          4.18651577	         31.01741890	         -9.80115418	          0.02075426	          4.59195362	         -5.02220620	         -2.12697698	        -13.45225326	         19.19969990	        -10.57783889	        -13.64488942	         16.44919509	         50.77854322	         12.68397206	         86.51662706	         86.51662706	          0.05000010	          0.05000003	          0.05000002	          0.20268979	          0.05000480	          0.05000016	          0.05001336	          0.09878358	          0.05000041	          0.13054450	          0.18401491	          0.17268846	          0.29058468	          0.05000024	          0.05000013	          0.05000002	          0.44033598	          0.33112306	          0.23892999	          0.05000014	          0.05000003	          0.05000001	          0.09900961	          0.10011732	          0.05973109	          0.05000051	          0.05000008	          0.32811153	          0.05000000	          0.05000000	          0.05000000	          0.05000006	          0.05000871	          0.05000000	          0.05343416	          0.05901743	          0.06253103	          0.21212781	          0.05000006	          0.05000002	          0.08561468	          0.33440587	          0.70643466	          0.07801952	          0.05325302	          0.05000001	          0.63086475	          0.43806348	          0.40808278	          0.37189580	          0.35014380	          0.37211952	          0.07157071	          0.10182500	          0.07447122	          0.05000010	          0.05000008	          0.05000006	          0.05000021	          0.05791102	          0.09109004	          0.17802908	          0.05000010	          0.05000029	          0.05000077	          0.22401178	          0.17708076	          0.17306831	          0.05000001	          0.05000001	          0.06014709	          0.05000020	          0.05861016	          0.05000001	          0.08488459	          0.08787449	          0.06765672	          0.06500480	          0.05000005	          0.05000002	          0.07902907	          0.05861279	          0.05000096	          0.51291056	          0.10458303	          0.07194547	          0.22890922	          0.84805131	          0.47963378	          0.07466038	          0.05000001	          0.05000002	
          1.24487171	         -2.90606854	         -4.22753009	          7.52312212	          1.67806250	          0.92502331	         -0.00261704	          1.98803907	         -3.79566015	          4.72618162	         11.45956793	          7.52577772	          0.34971599	        -48.69880938	          0.01171504	         -5.07554480	         -7.24725037	          9.70638452	         -3.76624475	         -7.55075474	          4.08815716	         30.45766380	         -9.57948166	         -0.07661127	          4.51709478	         -4.89675127	         -2.02601482	        -13.45124794	         19.30139272	        -10.26996547	        -13.59144509	         17.37669320	         50.82561511	         12.03556080	         86.51662706	         86.51662706	          0.05000013	          0.05000003	          0.05000002	          0.17171054	          0.05000194	          0.05000014	          0.05000680	          0.08368549	          0.05000022	          0.15775426	          0.18505691	          0.16350712	          0.26711047	          0.05000040	          0.05000014	          0.05000002	          0.42041118	          0.31635862	          0.25296420	          0.05000013	          0.05000003	          0.05000001	          0.09582952	          0.09646182	          0.05060175	          0.05000048	          0.05000008	          0.29762638	          0.05000000	          0.05000000	          0.05000000	          0.05000002	          0.05000005	          0.05000000	          0.05000362	          0.05000039	          0.05297380	          0.21115503	          0.05000005	          0.05000002	          0.10270997	          0.32008643	          0.71653897	          0.07572985	          0.05000161	          0.05000001	          0.58154459	          0.39773398	          0.36178386	          0.45069295	          0.41446939	          0.40183187	          0.07225288	          0.10271161	          0.07437412	          0.05000010	          0.05000008	          0.05000004	          0.05000015	          0.05000164	          0.07717009	          0.17622630	          0.05000012	          0.05000024	          0.05000045	          0.21332509	          0.16695382	          0.16621831	          0.05000001	          0.05000001	          0.05095416	          0.05000016	          0.05000021	          0.05000001	          0.08408624	          0.08716356	          0.06714042	          0.07953915	          0.05000004	          0.05000001	          0.08847772	          0.05000033	          0.05000034	          0.45888698	          0.08859846	          0.06094925	          0.21802086	          0.79754421	          0.40632612	          0.06927918	          0.05000000	          0.05000002	
          1.25569668	         -2.90002289	         -4.05647421	          7.41496931	          1.69164412	          0.92701105	         -0.00224171	          3.70486156	         -3.77342100	          4.14284098	         10.53897430	          7.51331211	          0.82656459	        -49.88999699	         -0.09331281	         -4.19359877	         -6.55407029	          9.21316863	         -3.67453534	         -7.40272665	          3.99879285	         29.87908120	         -9.32150997	         -0.19796861	          4.39463453	         -4.74832693	         -1.90480895	        -13.45004047	         19.36647799	         -9.94849333	        -13.54351908	         18.11152070	         50.78116806	         11.52788340	         86.51662706	         86.51662706	          0.05000013	          0.05000003	          0.05000001	          0.14546615	          0.05000131	          0.05000013	          0.05000296	          0.07089493	          0.05000012	          0.18827334	          0.18777071	          0.15726875	          0.24859551	          0.05000033	          0.05000013	          0.05000002	          0.40268637	          0.30927504	          0.26489380	          0.05000011	          0.05000002	          0.05000000	          0.09548956	          0.09572246	          0.05000007	          0.05000043	          0.05000007	          0.25566302	          0.05000000	          0.05000000	          0.05000000	          0.05000002	          0.05000005	          0.05000000	          0.05000006	          0.05000012	          0.05000014	          0.20692392	          0.05000006	          0.05000003	          0.15742742	          0.31001129	          0.72830831	          0.07567665	          0.05000009	          0.05000001	          0.53221426	          0.36339437	          0.31268105	          0.51275191	          0.46240827	          0.42442807	          0.07106488	          0.10050768	          0.07219806	          0.05000009	          0.05000008	          0.05000004	          0.05000011	          0.05000129	          0.06537719	          0.17090445	          0.05000029	          0.05000021	          0.05000031	          0.20184339	          0.15648713	          0.15535483	          0.05000001	          0.05000001	          0.05000004	          0.05000014	          0.05000025	          0.05000002	          0.09685182	          0.10058371	          0.07679947	          0.09683236	          0.05000003	          0.05000001	          0.09756904	          0.05000042	          0.05000028	          0.41166198	          0.07505699	          0.05163373	          0.22635624	          0.75132610	          0.37056657	          0.06340168	          0.05000001	          0.05000002	
          1.26652166	         -2.89101260	         -3.84049263	          7.28095582	          1.70506498	          0.92883488	         -0.00189800	          5.42086180	         -3.69964551	          3.52754083	          9.59179143	          7.44494059	          1.30580834	        -50.83923224	         -0.14498926	         -3.32420377	         -5.89203913	          8.64885285	         -3.56669617	         -7.24999813	          3.92290578	         29.28289991	         -9.03020159	         -0.34363355	          4.23167252	         -4.57763161	         -1.76845495	        -13.44970710	         19.38771624	         -9.61013669	        -13.50476625	         18.65820460	         50.65806206	         11.15249333	         86.51662706	         86.51662706	          0.05000007	          0.05000002	          0.05000001	          0.12323297	          0.05000048	          0.05000012	          0.05000151	          0.06005929	          0.05000008	          0.21867151	          0.18949303	          0.15070511	          0.23515629	          0.05000041	          0.05000013	          0.05000001	          0.38586020	          0.30129225	          0.27455408	          0.05000009	          0.05000002	          0.05000000	          0.09365879	          0.09443531	          0.05000012	          0.05000055	          0.05000008	          0.21658719	          0.05000001	          0.05000001	          0.05000000	          0.05000002	          0.05000004	          0.05000000	          0.05000003	          0.05000008	          0.05000011	          0.20224708	          0.05000032	          0.05000247	          0.22142437	          0.30264807	          0.73505478	          0.07689098	          0.05000011	          0.05000001	          0.48749771	          0.33972019	          0.27431102	          0.54864909	          0.49737675	          0.44605166	          0.06959191	          0.09686719	          0.06955898	          0.05000009	          0.05000009	          0.05000003	          0.05000008	          0.05000075	          0.05538665	          0.16249250	          0.08753962	          0.05000019	          0.05000022	          0.19657052	          0.14996221	          0.13630958	          0.05000001	          0.05000001	          0.05000005	          0.05000013	          0.05000029	          0.05000002	          0.09974872	          0.10360137	          0.07894330	          0.11501328	          0.05000003	          0.05000001	          0.10869501	          0.05000287	          0.05000046	          0.37274739	          0.06358522	          0.05000004	          0.22663884	          0.70944198	          0.33988002	          0.05857032	          0.05000000	          0.05000002	
          1.27734663	         -2.87855680	         -3.59008782	          7.11955094	          1.71832833	          0.93044659	         -0.00157782	          7.14317615	         -3.58148042	          2.89088640	          8.62974198	          7.33116864	          1.78394283	        -51.59544542	         -0.16217258	         -2.47017524	         -5.25620184	          8.03675606	         -3.45202990	         -7.09708736	          3.86267290	         28.68386957	         -8.71314746	         -0.51269482	          4.03876362	         -4.38598861	         -1.61903863	        -13.45030683	         19.36333197	         -9.24893387	        -13.47689392	         19.02983548	         50.46152581	         10.89318842	         86.51662706	         86.51662706	          0.05000004	          0.05000002	          0.05000002	          0.10439792	          0.05000027	          0.05000011	          0.05000100	          0.05087979	          0.05000006	          0.24872893	          0.19081016	          0.14433303	          0.22316525	          0.05000063	          0.05000014	          0.05000001	          0.37072827	          0.29258693	          0.28185447	          0.05000008	          0.05000002	          0.05000001	          0.09101094	          0.09283363	          0.05000019	          0.05000092	          0.05000009	          0.18348375	          0.05000001	          0.05000001	          0.05000000	          0.05000001	          0.05000003	          0.05000000	          0.05000002	          0.05000007	          0.05000010	          0.20301534	          0.05189077	          0.05594345	          0.25826069	          0.29722705	          0.73786087	          0.07945667	          0.05000041	          0.05000001	          0.45069233	          0.32417755	          0.24916987	          0.57767371	          0.52570099	          0.46337942	          0.06724120	          0.09138310	          0.06587179	          0.05000008	          0.05000009	          0.05000002	          0.05000006	          0.05000054	          0.05000198	          0.15017835	          0.12988722	          0.05000016	          0.05000017	          0.18938306	          0.14192470	          0.11547606	          0.05000001	          0.05000001	          0.05000004	          0.05000012	          0.05000033	          0.05000002	          0.09655085	          0.10023900	          0.07643600	          0.13433912	          0.05000005	          0.05000001	          0.11896154	          0.05000093	          0.05000039	          0.33807400	          0.05386682	          0.05000005	          0.21161013	          0.67147269	          0.31599457	          0.05397051	          0.05000000	          0.05000002	
          1.28817160	         -2.86245479	         -3.31696830	          6.93022608	          1.73143899	          0.93182141	         -0.00127321	          8.87596872	         -3.42950022	          2.24277626	          7.66322655	          7.18427668	          2.26403196	        -52.19546200	         -0.16185901	         -1.64360514	         -4.63617896	          7.38939397	         -3.33517527	         -6.94813720	          3.82564366	         28.09778689	         -8.38460180	         -0.70300654	          3.82737013	         -4.17578943	         -1.45719048	        -13.45150301	         19.29571068	         -8.85698974	        -13.45962895	         19.25056608	         50.19095158	         10.72749524	         86.51662706	         86.51662706	          0.05000003	          0.05000002	          0.05000002	          0.08844164	          0.05000021	          0.05000011	          0.05000072	          0.05000005	          0.05000004	          0.27866454	          0.19401407	          0.13963310	          0.20884373	          0.05000047	          0.05000012	          0.05000001	          0.35731538	          0.28632753	          0.28614837	          0.05000007	          0.05000002	          0.05000000	          0.08952017	          0.09235265	          0.05000031	          0.05000276	          0.05000012	          0.15543988	          0.05000001	          0.05000001	          0.05000000	          0.05000001	          0.05000003	          0.05000000	          0.05000002	          0.05000007	          0.05000010	          0.20579276	          0.06178411	          0.06045885	          0.27575899	          0.29359252	          0.74062501	          0.08321458	          0.05268386	          0.05000001	          0.42139247	          0.31537881	          0.23809602	          0.59900048	          0.54832310	          0.47918022	          0.06409893	          0.08442574	          0.06138146	          0.05000011	          0.05000011	          0.05000002	          0.05000005	          0.05000044	          0.05000114	          0.13275058	          0.16710146	          0.05000016	          0.05000016	          0.17915541	          0.13177128	          0.09782663	          0.05000001	          0.05000001	          0.05000004	          0.05000012	          0.05000038	          0.05000002	          0.08682472	          0.09009132	          0.06844734	          0.15384003	          0.06803758	          0.05000000	          0.12882412	          0.05000111	          0.05000040	          0.30822131	          0.05000009	          0.05000005	          0.19450421	          0.63601352	          0.30412940	          0.05105683	          0.05000000	          0.05000002	
          1.29899657	         -2.84267642	         -3.03248340	          6.71323361	          1.74440440	          0.93295494	         -0.00097655	         10.62146654	         -3.25541212	          1.59269594	          6.69978453	          7.01638022	          2.74878672	        -52.66977726	         -0.15637775	         -0.84853669	         -4.02168355	          6.71332878	         -3.22111848	         -6.80299476	          3.81313766	         27.52764313	         -8.04919091	         -0.91156846	          3.60803583	         -3.94935770	         -1.28240310	        -13.45299856	         19.19099868	         -8.42620433	        -13.45140872	         19.35606848	         49.84204794	         10.63037936	         86.51662706	         86.51662706	          0.05000002	          0.05000002	          0.05000002	          0.07492414	          0.05000016	          0.05000010	          0.05000057	          0.05000005	          0.05000003	          0.30683665	          0.19991282	          0.13691513	          0.19352547	          0.05000037	          0.05000010	          0.05000001	          0.34480004	          0.28157284	          0.28674894	          0.05000006	          0.05000001	          0.05000000	          0.08949860	          0.09307357	          0.05000123	          0.05062044	          0.05000013	          0.13168227	          0.05000001	          0.05000001	          0.05000001	          0.05000001	          0.05000003	          0.05000000	          0.05000002	          0.05000007	          0.05000009	          0.20975010	          0.07414556	          0.06593654	          0.28701937	          0.29179199	          0.74130511	          0.08776378	          0.05878633	          0.05000001	          0.39927785	          0.31253977	          0.23785271	          0.61644780	          0.56859979	          0.49350341	          0.06021542	          0.07628092	          0.05631017	          0.05000011	          0.05000013	          0.05000002	          0.05000004	          0.05000037	          0.05000078	          0.11246146	          0.20072708	          0.05000014	          0.05000014	          0.17131908	          0.12248691	          0.08287474	          0.05000001	          0.05000001	          0.05000003	          0.05000012	          0.05000047	          0.05000003	          0.07456798	          0.07706121	          0.06031900	          0.17422339	          0.09534384	          0.05000000	          0.13816740	          0.05000180	          0.05000043	          0.28247612	          0.05000011	          0.05000004	          0.18639494	          0.60217956	          0.29291635	          0.05000058	          0.05000000	          0.05000001	
          1.30982154	         -2.81941885	         -2.74503096	          6.46939857	          1.75723724	          0.93386048	         -0.00068163	         12.37884735	         -3.06858415	          0.95006282	          5.74289318	          6.83632568	          3.24067452	        -53.04014487	         -0.15355250	         -0.08600452	         -3.39284616	          6.01554388	         -3.11129801	         -6.65971743	          3.81697701	         26.96725682	         -7.71506859	         -1.13466774	          3.38761325	         -3.70843022	         -1.09360464	        -13.45460206	         19.05784031	         -7.95033708	        -13.44970710	         19.38712636	         49.40751974	         10.57868833	         86.51662706	         86.51662706	          0.05000002	          0.05000002	          0.05000002	          0.06347267	          0.05000014	          0.05000009	          0.05000049	          0.05000004	          0.05000002	          0.32710313	          0.20682267	          0.13799589	          0.18503927	          0.05000033	          0.05000009	          0.05000001	          0.33280534	          0.28148419	          0.27120550	          0.05000005	          0.05000001	          0.05000000	          0.09081764	          0.09506133	          0.05397038	          0.08808531	          0.05000013	          0.11155580	          0.05000001	          0.05000001	          0.05000001	          0.05000001	          0.05000003	          0.05000000	          0.05000002	          0.05000006	          0.05000009	          0.21467399	          0.08628482	          0.07128028	          0.29723088	          0.29172938	          0.73964467	          0.09214742	          0.06305895	          0.05000002	          0.38225404	          0.31282369	          0.24342815	          0.62979262	          0.58544813	          0.50594592	          0.05622577	          0.06783002	          0.05168405	          0.05000014	          0.05000016	          0.05000002	          0.05000004	          0.05000031	          0.05000061	          0.09527286	          0.23063550	          0.05000014	          0.05000013	          0.16315360	          0.11401600	          0.07020811	          0.05000001	          0.05000001	          0.05000003	          0.05000013	          0.05000068	          0.05000003	          0.06318297	          0.06529500	          0.05115558	          0.19532960	          0.12448375	          0.05000000	          0.14737418	          0.05000114	          0.05000038	          0.25962397	          0.05000011	          0.05000004	          0.19559890	          0.56912623	          0.28247746	          0.05000005	          0.05000000	          0.05000001	
          1.32064651	         -2.79302152	         -2.46006280	          6.19933132	          1.76995952	          0.93456398	         -0.00038533	         14.14130526	         -2.87585180	          0.32134869	          4.79125334	          6.64930029	          3.74111383	        -53.31374519	         -0.15329417	          0.64233280	         -2.73793660	          5.30352641	         -3.00231619	         -6.51421154	          3.82970744	         26.40266033	         -7.39839834	         -1.36762407	          3.17007986	         -3.45440807	         -0.89141792	        -13.45566940	         18.90417725	         -7.42722047	        -13.45227258	         19.37802481	         48.87964468	         10.55707946	         86.51662706	         86.51662706	          0.05000002	          0.05000002	          0.05000002	          0.05377148	          0.05000013	          0.05000009	          0.05000041	          0.05000003	          0.05000002	          0.32672828	          0.21614335	          0.14135977	          0.18240393	          0.05000023	          0.05000008	          0.05000001	          0.32079687	          0.28553835	          0.23553869	          0.05000004	          0.05000001	          0.05000000	          0.09367259	          0.09800038	          0.06599833	          0.10808836	          0.05000013	          0.09450549	          0.05000001	          0.05000001	          0.05000001	          0.05000001	          0.05000002	          0.05000000	          0.05000002	          0.05000006	          0.05000008	          0.22021249	          0.09824313	          0.07637674	          0.31028226	          0.29275008	          0.73381629	          0.09640280	          0.06475736	          0.05000002	          0.36841017	          0.31249245	          0.24918464	          0.63409130	          0.59629608	          0.51402574	          0.05258873	          0.05919747	          0.05000047	          0.05000017	          0.05000020	          0.05000002	          0.05000004	          0.05000028	          0.05000054	          0.08071133	          0.25733798	          0.05000014	          0.05000012	          0.15226331	          0.10053005	          0.05947746	          0.05000002	          0.05000002	          0.05000003	          0.05000013	          0.05000113	          0.05000003	          0.05353238	          0.05532159	          0.05000718	          0.21728576	          0.15414813	          0.05000000	          0.15701649	          0.05000059	          0.05000031	          0.23916678	          0.05000011	          0.05000004	          0.21765690	          0.53674160	          0.27409122	          0.05000005	          0.05000000	          0.05000001	
          1.33147148	         -2.76387919	         -2.17959876	          5.90295954	          1.78260403	          0.93509658	         -0.00008672	         15.89324014	         -2.68046927	         -0.28912564	          3.84036965	          6.45628329	          4.25008595	        -53.47767304	         -0.14979948	          1.33259252	         -2.05831443	          4.58603238	         -2.88816119	         -6.36189195	          3.84706682	         25.81426285	         -7.11659553	         -1.60489865	          2.95608993	         -3.18853246	         -0.67936913	        -13.45562092	         18.73591496	         -6.85988134	        -13.45701665	         19.34546815	         48.25278566	         10.56082919	         86.51662706	         86.51662706	          0.05000001	          0.05000002	          0.05000001	          0.05000012	          0.05000011	          0.05000008	          0.05000033	          0.05000003	          0.05000001	          0.31401838	          0.22311144	          0.14573532	          0.17999271	          0.05000022	          0.05000007	          0.05000001	          0.30868009	          0.28693549	          0.19953879	          0.05000004	          0.05000001	          0.05000000	          0.09660296	          0.10130309	          0.07962219	          0.12690810	          0.05000012	          0.08006116	          0.05000001	          0.05000001	          0.05000001	          0.05000001	          0.05000002	          0.05000000	          0.05000002	          0.05000005	          0.05000008	          0.22549251	          0.10991425	          0.08073408	          0.32396343	          0.29408308	          0.72174712	          0.10073990	          0.06478765	          0.05000002	          0.35649153	          0.30982825	          0.25126420	          0.63604479	          0.60292170	          0.51770327	          0.05000216	          0.05175301	          0.05000016	          0.05000037	          0.05000028	          0.05000002	          0.05000003	          0.05000025	          0.05000047	          0.06837540	          0.28166456	          0.05000013	          0.05000012	          0.13954822	          0.08517005	          0.05038692	          0.05000002	          0.05000002	          0.05000003	          0.05000014	          0.05000197	          0.05000004	          0.05000308	          0.05000335	          0.05000120	          0.24009904	          0.18426893	          0.05000000	          0.16703522	          0.05000033	          0.05000023	          0.22019698	          0.05000012	          0.05000005	          0.24509727	          0.50548271	          0.26742350	          0.05000002	          0.05000000	          0.05000001	
          1.34229646	         -2.73236446	         -1.90249508	          5.57965094	          1.79521101	          0.93548635	          0.00021430	         17.61209908	         -2.48200166	         -0.87744111	          2.88545023	          6.25452908	          4.76641721	        -53.50407069	         -0.13757931	          1.97839307	         -1.36016657	          3.87212144	         -2.76157954	         -6.19591570	          3.86543437	         25.17811471	         -6.87743761	         -1.84049724	          2.74311379	         -2.91205633	         -0.46351693	        -13.45451937	         18.55700897	         -6.25556016	        -13.46165232	         19.28841539	         47.52469818	         10.59386452	         86.51662706	         86.51662706	          0.05000001	          0.05000002	          0.05000002	          0.05000014	          0.05000011	          0.05000008	          0.05000026	          0.05000002	          0.05000001	          0.26730553	          0.22924621	          0.15025203	          0.17836827	          0.05000019	          0.05000007	          0.05000001	          0.29602528	          0.28556690	          0.16904108	          0.05000003	          0.05000001	          0.05000000	          0.09999007	          0.10473522	          0.08764546	          0.13856793	          0.05000012	          0.06782453	          0.05000002	          0.05000002	          0.05000001	          0.05000000	          0.05000002	          0.05000000	          0.05000001	          0.05000005	          0.05000007	          0.23043405	          0.12066939	          0.08421954	          0.34104303	          0.29418156	          0.70289020	          0.10535654	          0.06122466	          0.05000002	          0.34458562	          0.30301548	          0.24623809	          0.63824770	          0.60187451	          0.51445796	          0.05000028	          0.05000068	          0.05000012	          0.06226715	          0.05000037	          0.05000002	          0.05000003	          0.05000023	          0.05000045	          0.05792496	          0.30435697	          0.05000014	          0.05000012	          0.12091184	          0.07215357	          0.05000014	          0.05000003	          0.05000003	          0.05000003	          0.05000014	          0.05000098	          0.05000005	          0.05000205	          0.05000217	          0.05000104	          0.26391636	          0.21518175	          0.05000000	          0.17755267	          0.05000020	          0.05000018	          0.20102197	          0.05000030	          0.05000013	          0.27022263	          0.47574018	          0.26055050	          0.05000003	          0.05000000	          0.05000001	
          1.35312143	         -2.69878421	         -1.62631639	          5.22781602	          1.80782416	          0.93575450	          0.00051792	         19.26827555	         -2.27768597	         -1.43794617	          1.92557851	          6.04003799	          5.28777063	        -53.34752885	         -0.11751252	          2.56666961	         -0.66170253	          3.17066287	         -2.61440927	         -6.01174810	          3.89267874	         24.47056055	         -6.67176466	         -2.06819065	          2.52777913	         -2.62608634	         -0.25195597	        -13.45274054	         18.36936117	         -5.62385651	        -13.46450139	         19.19861066	         46.69659822	         10.66578586	         86.51662706	         86.51662706	          0.05000001	          0.05000002	          0.05000001	          0.05000012	          0.05000010	          0.05000007	          0.05000020	          0.05000002	          0.05000001	          0.22645025	          0.23486475	          0.15446018	          0.17907134	          0.05000020	          0.05000006	          0.05000001	          0.28341938	          0.28037133	          0.14320467	          0.05000003	          0.05000001	          0.05000000	          0.10367400	          0.10847417	          0.10140594	          0.14734034	          0.05000012	          0.05745822	          0.05000003	          0.05000003	          0.05000002	          0.05000001	          0.05000002	          0.05000000	          0.05000001	          0.05000007	          0.05000008	          0.23380494	          0.13049345	          0.08613300	          0.35419854	          0.29159495	          0.67989507	          0.10773233	          0.05758777	          0.05000003	          0.33052244	          0.29337678	          0.24012897	          0.62841964	          0.59160851	          0.50632997	          0.05000021	          0.05000031	          0.05000009	          0.09615886	          0.05000052	          0.05000002	          0.05000003	          0.05000022	          0.05000042	          0.05000031	          0.32627365	          0.05000013	          0.05000011	          0.10823099	          0.06112644	          0.05000015	          0.05000003	          0.05000003	          0.05000003	          0.05000014	          0.05000088	          0.05000006	          0.05000163	          0.05000170	          0.05000091	          0.28782444	          0.24476884	          0.05673006	          0.18904366	          0.05000017	          0.05000015	          0.18594925	          0.05000469	          0.05813829	          0.28027760	          0.44846750	          0.26310728	          0.05000001	          0.05000000	          0.05000001	
          1.36394640	         -2.66357646	         -1.34959838	          4.84633035	          1.82047754	          0.93590845	          0.00082408	         20.83571662	         -2.06580442	         -1.96597079	          0.96366146	          5.81029994	          5.81086767	        -52.96861650	         -0.09163292	          3.08767619	         -0.00570842	          2.49181126	         -2.44461930	         -5.80281456	          3.95412733	         23.66589214	         -6.48091323	         -2.28296838	          2.30834476	         -2.33183681	         -0.05199563	        -13.45091790	         18.17420310	         -4.97460332	        -13.46506300	         19.06803779	         45.77315419	         10.78975502	         86.51662706	         86.51662706	          0.05000001	          0.05000002	          0.05000002	          0.05000012	          0.05000009	          0.05000007	          0.05000015	          0.05000001	          0.05000000	          0.19183934	          0.24114742	          0.15906666	          0.17867527	          0.05000020	          0.05000007	          0.05000001	          0.27108031	          0.27176377	          0.12131712	          0.05000003	          0.05000001	          0.05000000	          0.10857410	          0.11321294	          0.12422011	          0.16028932	          0.05000012	          0.05263841	          0.05000004	          0.05000004	          0.05000002	          0.05000001	          0.05000002	          0.05000000	          0.05000001	          0.05000008	          0.05000008	          0.23533942	          0.13643478	          0.08785507	          0.35980228	          0.28987598	          0.64373930	          0.10829851	          0.05682638	          0.05000003	          0.31406409	          0.28123789	          0.23492472	          0.60514608	          0.57551307	          0.49565312	          0.05000021	          0.05000034	          0.05000009	          0.13816180	          0.05000086	          0.05000002	          0.05000003	          0.05000021	          0.05000041	          0.05000024	          0.34732853	          0.05000014	          0.05000012	          0.09171746	          0.05178507	          0.05000013	          0.05000005	          0.05000005	          0.05000003	          0.05000016	          0.05000367	          0.05000005	          0.05000060	          0.05000060	          0.05000048	          0.31043982	          0.27155877	          0.07854333	          0.20074598	          0.05000020	          0.05000016	          0.17612679	          0.05000036	          0.06788882	          0.27141150	          0.42552014	          0.27947137	          0.05000002	          0.05000000	          0.05000001	
          1.37477137	         -2.62732566	         -1.07313965	          4.43588409	          1.83319480	          0.93594516	          0.00113321	         22.29588488	         -1.84875053	         -2.46102806	         -0.00127310	          5.56517237	          6.33359068	        -52.34047022	         -0.05666483	          3.52181549	          0.60175151	          1.84702203	         -2.25887219	         -5.56089463	          4.03787610	         22.72969926	         -6.29114100	         -2.48113222	          2.08551644	         -2.03103825	          0.13103199	        -13.44984143	         17.97338388	         -4.31698453	        -13.46338833	         18.89384459	         44.76067008	         10.97899803	         86.51662706	         86.51662706	          0.05000001	          0.05000002	          0.05000002	          0.05000011	          0.05000009	          0.05000007	          0.05000010	          0.05000001	          0.05000000	          0.16251839	          0.24809694	          0.16320543	          0.17868143	          0.05000021	          0.05000007	          0.05000001	          0.25848318	          0.26194223	          0.10277488	          0.05000003	          0.05000001	          0.05000000	          0.11353814	          0.11758730	          0.15160894	          0.16569680	          0.05000012	          0.05066302	          0.05000005	          0.05000005	          0.05000003	          0.05000001	          0.05000002	          0.05000000	          0.05000001	          0.05000009	          0.05000009	          0.23505878	          0.13909048	          0.08948837	          0.35706856	          0.28947856	          0.59849423	          0.10793668	          0.05786266	          0.05000002	          0.29750330	          0.26744801	          0.22751324	          0.58399408	          0.55590140	          0.47994677	          0.05000020	          0.05000025	          0.05000008	          0.17543978	          0.05003007	          0.05000002	          0.05000003	          0.05000019	          0.05000039	          0.05000018	          0.36680429	          0.05000015	          0.05000013	          0.07770622	          0.05000082	          0.05000011	          0.05000007	          0.05000007	          0.05000003	          0.05000017	          0.05000405	          0.05000005	          0.05000046	          0.05000046	          0.05000038	          0.33313780	          0.30057743	          0.09796586	          0.21176620	          0.05000025	          0.05000019	          0.16889339	          0.05000023	          0.07949719	          0.25196806	          0.40472192	          0.28273305	          0.05000004	          0.05000000	          0.05000001	
          1.38559634	         -2.59072714	         -0.79991856	          3.99872793	          1.84599277	          0.93585656	          0.00144568	         23.63574171	         -1.63191958	         -2.92472253	         -0.97367290	          5.30660977	          6.85676967	        -51.44592357	         -0.00788460	          3.84693865	          1.19150463	          1.24780660	         -2.06419068	         -5.27818063	          4.11499305	         21.63155497	         -6.09726390	         -2.65987525	          1.86235172	         -1.72581158	          0.29361997	        -13.44977527	         17.76905288	         -3.65922333	        -13.45985609	         18.67990530	         43.66488851	         11.24472517	         86.51662706	         86.51662706	          0.05000001	          0.05000002	          0.05000002	          0.05000011	          0.05000009	          0.05000007	          0.05000007	          0.05000001	          0.05000000	          0.13767889	          0.25030780	          0.16626500	          0.17744339	          0.05000026	          0.05000008	          0.05000001	          0.24638813	          0.24353762	          0.08706666	          0.05000003	          0.05000001	          0.05000001	          0.11824557	          0.12191263	          0.17797797	          0.16939088	          0.05000013	          0.05000075	          0.05000007	          0.05000008	          0.05000004	          0.05000001	          0.05000002	          0.05000000	          0.05000002	          0.05000010	          0.05000010	          0.23333011	          0.13901255	          0.09053875	          0.34778929	          0.28974495	          0.54911013	          0.10528620	          0.05953508	          0.05000002	          0.27977294	          0.25251172	          0.21956212	          0.55812823	          0.53193439	          0.46213192	          0.05000019	          0.05000025	          0.05000007	          0.20912770	          0.07555045	          0.05000002	          0.05000004	          0.05000018	          0.05000039	          0.05000016	          0.38502461	          0.05000015	          0.05000014	          0.06583487	          0.05000067	          0.05000011	          0.05000010	          0.05000011	          0.05000003	          0.05000019	          0.05076295	          0.05000005	          0.05000036	          0.05000036	          0.05000031	          0.35552534	          0.32793417	          0.11809422	          0.22244548	          0.05000031	          0.05000023	          0.16122575	          0.05000019	          0.09395209	          0.22532308	          0.38643948	          0.29204694	          0.05000003	          0.05000000	          0.05000001	
          1.39642131	         -2.55463931	         -0.53586084	          3.53786523	          1.85888049	          0.93562812	          0.00176187	         24.84711396	         -1.42371766	         -3.35849151	         -1.95790601	          5.03983627	          7.38097489	        -50.27791004	          0.06509248	          4.05197156	          1.75865074	          0.70603535	         -1.86813803	         -4.95133643	          4.18727640	         20.36056765	         -5.89668442	         -2.81744783	          1.64544741	         -1.41799713	          0.43373133	        -13.45021253	         17.56297088	         -3.00824358	        -13.45570182	         18.43592551	         42.49211377	         11.59596674	         86.51662706	         86.51662706	          0.05000001	          0.05000002	          0.05000002	          0.05000011	          0.05000010	          0.05000008	          0.05000004	          0.05000001	          0.05000000	          0.11663589	          0.25098515	          0.16771921	          0.16974437	          0.05000027	          0.05000008	          0.05000001	          0.23429670	          0.22313902	          0.07375930	          0.05000003	          0.05000001	          0.05000001	          0.12341914	          0.12624117	          0.20172709	          0.17047305	          0.05000016	          0.05000020	          0.05000011	          0.05000011	          0.05000004	          0.05000001	          0.05000002	          0.05000000	          0.05000002	          0.05000012	          0.05000012	          0.23058496	          0.13636806	          0.09147348	          0.33034788	          0.29120521	          0.49754468	          0.10215509	          0.06227171	          0.05000002	          0.26322373	          0.23709340	          0.21076530	          0.53052939	          0.50739521	          0.44289659	          0.05000025	          0.05000027	          0.05000008	          0.24021346	          0.11164755	          0.05000002	          0.05000004	          0.05000018	          0.05000039	          0.05000015	          0.40157433	          0.05000017	          0.05000015	          0.05577766	          0.05000044	          0.05000011	          0.05000015	          0.05000014	          0.05000004	          0.05000020	          0.06038969	          0.05000004	          0.05000031	          0.05000030	          0.05000027	          0.37812634	          0.35517626	          0.13831064	          0.23245086	          0.05000038	          0.05000029	          0.15378351	          0.05000015	          0.11021545	          0.19612714	          0.37000241	          0.29881976	          0.05000009	          0.05000000	          0.05000001	
          1.40724628	         -2.51999488	         -0.28816862	          3.05721961	          1.87186219	          0.93524046	          0.00208342	         25.92598304	         -1.23421370	         -3.76419757	         -2.95872039	          4.77189369	          7.90681778	        -48.83875695	          0.17421447	          4.13347041	          2.29502146	          0.23330752	         -1.68317220	         -4.58173485	          4.25497994	         18.92410075	         -5.68759439	         -2.95293897	          1.44256768	         -1.10968904	          0.54986281	        -13.45079769	         17.35612925	         -2.36968621	        -13.45221404	         18.17600010	         41.25042071	         12.03898123	         86.51662706	         86.51662706	          0.05000002	          0.05000003	          0.05000003	          0.05000012	          0.05000011	          0.05000009	          0.05000002	          0.05000001	          0.05000000	          0.09880913	          0.24961254	          0.16825647	          0.14401655	          0.05000027	          0.05000009	          0.05000002	          0.22233452	          0.19978345	          0.06248586	          0.05000004	          0.05000001	          0.05000001	          0.13000524	          0.13105582	          0.21226586	          0.16977823	          0.05000018	          0.05000018	          0.05000012	          0.05000011	          0.05000003	          0.05000001	          0.05000003	          0.05000000	          0.05000003	          0.05000015	          0.05000014	          0.22878886	          0.13481634	          0.09301624	          0.31107842	          0.29458128	          0.44710571	          0.09977394	          0.06671674	          0.05000001	          0.24920897	          0.22408959	          0.20496172	          0.51350093	          0.48793933	          0.42579629	          0.05000023	          0.05000025	          0.05000007	          0.27000287	          0.15331355	          0.05000003	          0.05000004	          0.05000018	          0.05000039	          0.05000013	          0.41772369	          0.05000019	          0.05000018	          0.05000697	          0.05000036	          0.05000011	          0.05003240	          0.05001922	          0.05000004	          0.05000023	          0.07300332	          0.05000004	          0.05000025	          0.05000025	          0.05000022	          0.40069399	          0.38166646	          0.15818438	          0.24192542	          0.05000037	          0.05000032	          0.14649131	          0.05000014	          0.12770592	          0.17106224	          0.35596270	          0.30692491	          0.05004702	          0.05000000	          0.05000001	
          1.41807126	         -2.48779623	         -0.06394513	          2.56121467	          1.88493996	          0.93467234	          0.00241392	         26.87191207	         -1.07304671	         -4.14242397	         -3.98152297	          4.51002449	          8.43421466	        -47.14018741	          0.33216103	          4.10139264	          2.79234444	         -0.16838540	         -1.52190083	         -4.17248886	          4.31864738	         17.33992194	         -5.46805530	         -3.06599727	          1.26078080	         -0.80297838	          0.64025402	        -13.45157445	         17.14762845	         -1.74804643	        -13.45014053	         17.91585730	         39.95039870	         12.57670385	         86.51662706	         86.51662706	          0.05000002	          0.05000003	          0.05000004	          0.05000013	          0.05000012	          0.05000011	          0.05000001	          0.05000001	          0.05000000	          0.08370703	          0.24121921	          0.16558042	          0.12200780	          0.05000032	          0.05000011	          0.05000002	          0.20940868	          0.16938268	          0.05293547	          0.05000005	          0.05000002	          0.05000002	          0.13588035	          0.13531065	          0.21731122	          0.16510595	          0.05000024	          0.05000009	          0.05000012	          0.05000011	          0.05000003	          0.05000001	          0.05000003	          0.05000001	          0.05000003	          0.05000018	          0.05000016	          0.22862383	          0.13288030	          0.09468403	          0.28919424	          0.29995565	          0.39990858	          0.09619063	          0.07266401	          0.05000001	          0.23920313	          0.21722546	          0.20762823	          0.49363108	          0.47025010	          0.41191290	          0.05000052	          0.05000027	          0.05000008	          0.29995946	          0.14517100	          0.05000003	          0.05000004	          0.05000017	          0.05000040	          0.05000014	          0.41744099	          0.05000019	          0.05000019	          0.05000945	          0.05000042	          0.05000012	          0.06309883	          0.05709364	          0.05000004	          0.05000025	          0.08771134	          0.05000004	          0.05000025	          0.05000024	          0.05000022	          0.42331372	          0.40758739	          0.17737632	          0.25109091	          0.05000027	          0.05000028	          0.13930673	          0.05000023	          0.14563940	          0.16135725	          0.34454646	          0.31655632	          0.05000147	          0.05000000	          0.05000001	
          1.42889623	         -2.45922916	          0.13158166	          2.05392508	          1.89811158	          0.93390503	          0.00275689	         27.68674786	         -0.94544157	         -4.49015325	         -5.02758086	          4.26053001	          8.96056044	        -45.19945563	          0.54306369	          3.97803181	          3.24616864	         -0.50899288	         -1.39574271	         -3.72811003	          4.37975695	         15.63100884	         -5.23533575	         -3.15728084	          1.10493213	         -0.49901968	          0.70328942	        -13.45236115	         16.93338223	         -1.14661445	        -13.44971082	         17.66845578	         38.60458194	         13.20926814	         86.51662706	         86.51662706	          0.05000003	          0.05000004	          0.05000005	          0.05000015	          0.05000015	          0.05000013	          0.05000001	          0.05000001	          0.05000000	          0.07091315	          0.22842844	          0.16207947	          0.10336051	          0.05000028	          0.05000011	          0.05000002	          0.19536681	          0.14354782	          0.05000006	          0.05000006	          0.05000002	          0.05000002	          0.14273477	          0.13962992	          0.22490755	          0.16347010	          0.05000032	          0.05000006	          0.05000008	          0.05000007	          0.05000002	          0.05000001	          0.05000003	          0.05000001	          0.05000004	          0.05000021	          0.05000020	          0.22958256	          0.13054441	          0.09647312	          0.26453113	          0.30805674	          0.35526933	          0.09168838	          0.07888293	          0.05000001	          0.23357458	          0.21510868	          0.21670781	          0.47727707	          0.45766872	          0.40375215	          0.05372822	          0.05000881	          0.05000011	          0.33138542	          0.14128236	          0.05000003	          0.05000005	          0.05000018	          0.05000042	          0.05000015	          0.39416319	          0.05000022	          0.05000022	          0.05000577	          0.05000042	          0.05000014	          0.07212904	          0.08055113	          0.05000005	          0.05000029	          0.10472554	          0.05000003	          0.05000022	          0.05000022	          0.05000020	          0.44583748	          0.43301714	          0.19556747	          0.26083540	          0.05000022	          0.05000024	          0.13623900	          0.06078459	          0.16099082	          0.16715999	          0.33569214	          0.33138910	          0.05000693	          0.05000000	          0.05000001	
          1.43972120	         -2.43552969	          0.29718096	          1.53915239	          1.91137152	          0.93292660	          0.00311443	         28.37368741	         -0.85083221	         -4.80427863	         -6.09195907	          4.02710269	          9.48087010	        -43.03571923	          0.79786112	          3.78424159	          3.65868757	         -0.80021895	         -1.31536352	         -3.25506721	          4.44013105	         13.82494321	         -4.98664119	         -3.22844406	          0.97549489	         -0.19854700	          0.73692545	        -13.45289476	         16.70458643	         -0.56775291	        -13.45032512	         17.44129139	         37.22801809	         13.93496508	         86.51662706	         86.51662706	          0.05000003	          0.05000005	          0.05000006	          0.05000016	          0.05000016	          0.05000016	          0.05000000	          0.05000001	          0.05000000	          0.06007471	          0.21002020	          0.16144793	          0.08756335	          0.05000028	          0.05000012	          0.05000003	          0.18069586	          0.12171677	          0.05000008	          0.05000007	          0.05000003	          0.05000003	          0.15102394	          0.14415125	          0.23392254	          0.16228317	          0.05000046	          0.05000004	          0.05000006	          0.05000005	          0.05000001	          0.05000001	          0.05000004	          0.05000001	          0.05000005	          0.05000024	          0.05000023	          0.23152266	          0.12805078	          0.09807565	          0.24160210	          0.31900433	          0.31363075	          0.08651935	          0.08568399	          0.05000001	          0.23252479	          0.21843843	          0.23111411	          0.46636148	          0.45273963	          0.39987876	          0.06283555	          0.05889972	          0.05000015	          0.36427352	          0.14350994	          0.05000003	          0.05000005	          0.05000017	          0.05000043	          0.05000016	          0.38161646	          0.05000022	          0.05000025	          0.05000692	          0.05000050	          0.05000016	          0.08921919	          0.10780256	          0.05000005	          0.05000034	          0.12072473	          0.05000003	          0.05000022	          0.05000021	          0.05000019	          0.46828120	          0.45832673	          0.21291433	          0.27115010	          0.05000019	          0.05000021	          0.13815933	          0.08560690	          0.17465495	          0.18563990	          0.32888706	          0.35046306	          0.05000081	          0.05000000	          0.05000001	
          1.45054617	         -2.41790741	          0.43524032	          1.02036364	          1.92471283	          0.93173400	          0.00348693	         28.93719997	         -0.78382788	         -5.08211339	         -7.16317889	          3.81114141	          9.98852699	        -40.66927355	          1.07407811	          3.53833776	          4.03811507	         -1.05346430	         -1.28829670	         -2.76058780	          4.50070605	         11.95069817	         -4.71775484	         -3.28173726	          0.86900629	          0.09808870	          0.73841173	        -13.45287944	         16.44777642	         -0.01374260	        -13.45125122	         17.23907401	         35.83831889	         14.75242145	         86.51662706	         86.51662706	          0.05000003	          0.05000006	          0.05000008	          0.05000017	          0.05000018	          0.05000018	          0.05000000	          0.05000001	          0.05000000	          0.05089282	          0.20386142	          0.16617875	          0.07418171	          0.05000033	          0.05000014	          0.05000004	          0.16465108	          0.10403314	          0.05000009	          0.05000008	          0.05000004	          0.05000003	          0.15869779	          0.14768919	          0.24362091	          0.15485691	          0.05000053	          0.05000003	          0.05000004	          0.05000003	          0.05000001	          0.05000002	          0.05000004	          0.05000001	          0.05000006	          0.05000027	          0.05000027	          0.23420286	          0.12546975	          0.09973144	          0.22030427	          0.33225743	          0.27473903	          0.08140082	          0.09372168	          0.05000002	          0.23632294	          0.22487955	          0.24449197	          0.46616879	          0.45350646	          0.39752029	          0.07420751	          0.07157992	          0.05000017	          0.39706069	          0.14274118	          0.05000004	          0.05000005	          0.05000017	          0.05000044	          0.05000017	          0.36629393	          0.05000022	          0.05000028	          0.05000756	          0.05000060	          0.05000019	          0.10673493	          0.13796667	          0.05000006	          0.05000039	          0.13376992	          0.05000002	          0.05000020	          0.05000020	          0.05000018	          0.49049971	          0.48360937	          0.22977735	          0.28231697	          0.05000015	          0.05000017	          0.14202084	          0.11309979	          0.18722328	          0.21498032	          0.32315183	          0.37180182	          0.05000008	          0.05000000	          0.05000001	
          1.46137114	         -2.40741644	          0.55084750	          0.50058919	          1.93813084	          0.93033281	          0.00387331	         29.38326069	         -0.73578276	         -5.32119964	         -8.22749545	          3.61157782	         10.47542252	        -38.12327267	          1.34440920	          3.25767323	          4.39665326	         -1.27986466	         -1.31561202	         -2.25159194	          4.55876126	         10.03517885	         -4.42216078	         -3.31938238	          0.77899663	          0.39104969	          0.70385273	        -13.45224240	         16.14589677	          0.51264745	        -13.45180266	         17.06478453	         34.45597007	         15.66053859	         86.51662706	         86.51662706	          0.05000004	          0.05000007	          0.05000008	          0.05000019	          0.05000019	          0.05000019	          0.05000000	          0.05000001	          0.05000000	          0.05000001	          0.17270391	          0.17427418	          0.06734031	          0.05000040	          0.05000016	          0.05000004	          0.14747061	          0.09784677	          0.05000009	          0.05000009	          0.05000004	          0.05000004	          0.16291143	          0.14859693	          0.25579284	          0.14919133	          0.05000065	          0.05000002	          0.05000003	          0.05000003	          0.05000001	          0.05000002	          0.05000004	          0.05000001	          0.05000007	          0.05000032	          0.05000032	          0.23735731	          0.12255237	          0.10098044	          0.19936115	          0.34720138	          0.23881836	          0.07684390	          0.10131971	          0.05000003	          0.24334758	          0.23150145	          0.25347383	          0.46538671	          0.45332789	          0.39418901	          0.08713641	          0.08514171	          0.05000856	          0.42737795	          0.14338506	          0.05000004	          0.05000006	          0.05000017	          0.05000045	          0.05000018	          0.35171686	          0.05000024	          0.05000035	          0.05000716	          0.05000062	          0.05000021	          0.13291250	          0.16674491	          0.05000006	          0.05000045	          0.14284075	          0.05000002	          0.05000019	          0.05000018	          0.05000017	          0.51232458	          0.50887204	          0.24667950	          0.29475470	          0.05000012	          0.05000014	          0.14528939	          0.13854386	          0.19834657	          0.24464137	          0.31712860	          0.39327981	          0.05000004	          0.05000000	          0.05000001	
          1.47219611	         -2.40489249	          0.65044690	         -0.01788096	          1.95162489	          0.92873620	          0.00427107	         29.71788491	         -0.69613893	         -5.51882578	         -9.26967865	          3.42613935	         10.93335342	        -35.42258512	          1.57839065	          2.95802020	          4.74777608	         -1.48899792	         -1.39350922	         -1.73402812	          4.61049013	          8.10240377	         -4.09064511	         -3.34314416	          0.69770442	          0.68100273	          0.62776063	        -13.45105296	         15.77862781	          1.00823032	        -13.45155118	         16.91979088	         33.10457698	         16.65793015	         86.51662706	         86.51662706	          0.05000004	          0.05000008	          0.05000010	          0.05000020	          0.05000021	          0.05000021	          0.05000000	          0.05000001	          0.05000000	          0.05000002	          0.14630777	          0.18121809	          0.08663763	          0.05000043	          0.05000019	          0.05000005	          0.12768760	          0.08714573	          0.05000011	          0.05000010	          0.05000005	          0.05000005	          0.16088292	          0.14576993	          0.26925180	          0.13992501	          0.05000080	          0.05000002	          0.05000002	          0.05000002	          0.05000000	          0.05000002	          0.05000005	          0.05000001	          0.05000009	          0.05000034	          0.05000035	          0.24091561	          0.11829993	          0.10224823	          0.17967175	          0.36347168	          0.20608496	          0.07198287	          0.10808690	          0.05000003	          0.25315594	          0.23667326	          0.25650073	          0.46337017	          0.45048534	          0.38953623	          0.10011193	          0.09788563	          0.05556870	          0.45225518	          0.13995598	          0.05000004	          0.05000006	          0.05000017	          0.05000047	          0.05000019	          0.34453782	          0.05000025	          0.05000047	          0.05000628	          0.05000068	          0.05000024	          0.16489976	          0.20006365	          0.05000007	          0.05000051	          0.14624572	          0.05000001	          0.05000017	          0.05000017	          0.05000016	          0.53349356	          0.53392571	          0.26416340	          0.30864870	          0.05000010	          0.05000012	          0.14572955	          0.15879452	          0.20792542	          0.26326990	          0.30952229	          0.41326148	          0.05000002	          0.05000000	          0.05000001	
          1.48302108	         -2.41085711	          0.74086567	         -0.53340276	          1.96519827	          0.92696447	          0.00467544	         29.94511338	         -0.65344317	         -5.67335275	        -10.27403866	          3.25225957	         11.35438601	        -32.58896468	          1.74463404	          2.65095252	          5.10266522	         -1.68851086	         -1.51543126	         -1.21377886	          4.65325065	          6.17444897	         -3.71249022	         -3.35442986	          0.61750850	          0.96905144	          0.50330978	        -13.44983181	         15.32548823	          1.46932330	        -13.45067446	         16.80375534	         31.81107121	         17.74321841	         86.51662706	         86.51662706	          0.05000005	          0.05000009	          0.05000012	          0.05000020	          0.05000021	          0.05000022	          0.05000000	          0.05000002	          0.05000000	          0.05000003	          0.12394599	          0.18738112	          0.12814270	          0.05000393	          0.05000034	          0.05000008	          0.10817278	          0.07726561	          0.05000013	          0.05000013	          0.05000007	          0.05000008	          0.15331656	          0.14038417	          0.28363381	          0.11869963	          0.05000056	          0.05000001	          0.05000002	          0.05000002	          0.05000000	          0.05000002	          0.05000005	          0.05000001	          0.05000010	          0.05000044	          0.05000042	          0.24474035	          0.11459365	          0.10300458	          0.16186090	          0.38026021	          0.17596262	          0.06654931	          0.11449060	          0.05000439	          0.26452128	          0.24105494	          0.25464146	          0.46291175	          0.44679037	          0.38381435	          0.11223827	          0.10870786	          0.06195694	          0.46825623	          0.13082683	          0.05000004	          0.05000006	          0.05000017	          0.05000048	          0.05000021	          0.34539604	          0.05000024	          0.05000054	          0.05000621	          0.05000077	          0.05000028	          0.19917417	          0.23920347	          0.05000007	          0.05000052	          0.14307689	          0.05000001	          0.05000016	          0.05000016	          0.05000015	          0.55359246	          0.55839879	          0.28269220	          0.32408717	          0.05000009	          0.05000011	          0.14136069	          0.17287303	          0.21597564	          0.26260725	          0.29920431	          0.42943282	          0.05000001	          0.05000001	          0.05000002	
          1.49384606	         -2.42555141	          0.82817994	         -1.04484628	          1.97885789	          0.92504560	          0.00508069	         30.06674210	         -0.59710742	         -5.78446073	        -11.22652591	          3.08769186	         11.73079928	        -29.63994905	          1.81542117	          2.34447745	          5.46729538	         -1.88385919	         -1.67311252	         -0.69755987	          4.68372990	          4.27524062	         -3.27426647	         -3.35448904	          0.53196796	          1.25654207	          0.32279853	        -13.45038379	         14.77116180	          1.89178593	        -13.44997032	         16.71549919	         30.60554592	         18.91529982	         86.51662706	         86.51662706	          0.05000005	          0.05000010	          0.05000015	          0.05000022	          0.05000023	          0.05000025	          0.05000000	          0.05000002	          0.05000001	          0.05000003	          0.10500199	          0.19060021	          0.15567847	          0.07085121	          0.05000049	          0.05000013	          0.09163976	          0.07101656	          0.05000015	          0.05000016	          0.05000010	          0.05000014	          0.14315006	          0.13526351	          0.28560558	          0.10056569	          0.05000088	          0.05000001	          0.05000002	          0.05000002	          0.05000000	          0.05000002	          0.05000005	          0.05000001	          0.05000012	          0.05000040	          0.05000042	          0.24811302	          0.11202822	          0.10451757	          0.14662384	          0.39767942	          0.15255405	          0.06167555	          0.12099073	          0.06186075	          0.27911309	          0.24339411	          0.24810446	          0.46020828	          0.44188785	          0.37727657	          0.12266589	          0.11650940	          0.06771406	          0.47234382	          0.13219753	          0.05000005	          0.05000006	          0.05000017	          0.05000049	          0.05000022	          0.37668004	          0.05000027	          0.05000106	          0.05000398	          0.05000070	          0.05000030	          0.24583094	          0.27857181	          0.05000008	          0.05000055	          0.13147308	          0.05000001	          0.05000014	          0.05000014	          0.05000013	          0.57206672	          0.58172666	          0.30251005	          0.34094741	          0.05000008	          0.05000011	          0.13187851	          0.18098565	          0.22269374	          0.22247677	          0.28563428	          0.43968201	          0.05000001	          0.05000001	          0.05000002	
          1.50467103	         -2.44899157	          0.91792808	         -1.55152110	          1.99261083	          0.92301705	          0.00548557	         30.08313980	         -0.51870493	         -5.85295025	        -12.11400032	          2.92982464	         12.05681940	        -26.59038358	          1.76564349	          2.04386710	          5.84489558	         -2.07783626	         -1.85528886	         -0.19209477	          4.69610345	          2.43516079	         -2.76138851	         -3.34533525	          0.43429904	          1.54316735	          0.07702030	        -13.45750300	         14.10831772	          2.27278834	        -13.44972211	         16.65641779	         29.52238711	         20.17294290	         86.51662706	         86.51662706	          0.05000007	          0.05000012	          0.05000016	          0.05000026	          0.05000026	          0.05000027	          0.05000001	          0.05000003	          0.05000001	          0.05000003	          0.08895341	          0.19564530	          0.17882687	          0.11947689	          0.05000770	          0.05000037	          0.07763357	          0.06647977	          0.05000018	          0.05000020	          0.05000013	          0.05000020	          0.12127090	          0.11458979	          0.27209584	          0.08519710	          0.05000055	          0.05000001	          0.05000002	          0.05000002	          0.05000000	          0.05000002	          0.05000006	          0.05000001	          0.05000012	          0.05000050	          0.05000050	          0.25197561	          0.11081950	          0.10535059	          0.13287527	          0.41492182	          0.13465769	          0.05713333	          0.12448940	          0.07487910	          0.29536201	          0.24736128	          0.24169755	          0.45975517	          0.44010286	          0.37267968	          0.12903857	          0.11987801	          0.07120180	          0.46155869	          0.13730481	          0.05000005	          0.05000007	          0.05000018	          0.05000050	          0.05000024	          0.40034352	          0.05000030	          0.05000290	          0.05000334	          0.05000067	          0.05000031	          0.29479964	          0.34147351	          0.05000008	          0.05000058	          0.13403938	          0.05000001	          0.05000013	          0.05000013	          0.05000013	          0.58829849	          0.60326452	          0.32376654	          0.35878456	          0.05000009	          0.05000030	          0.11459000	          0.18551633	          0.22864451	          0.18847326	          0.26881703	          0.44097447	          0.05000001	          0.05000001	          0.05000002	
          1.51549600	         -2.48085374	          1.01399812	         -2.05326993	          2.00647223	          0.92092839	          0.00588922	         29.98796441	         -0.41180592	         -5.87962917	        -12.92568596	          2.77660807	         12.32768054	        -23.44497832	          1.57449076	          1.75533947	          6.23352259	         -2.27257954	         -2.05022012	          0.29453396	          4.68378028	          0.68514557	         -2.16447259	         -3.32831402	          0.31971056	          1.82799827	         -0.24361459	        -13.47667797	         13.34212915	          2.60894482	        -13.45134421	         16.63354368	         28.59346514	         21.51551836	         86.51662706	         86.51662706	          0.05000007	          0.05000013	          0.05000018	          0.05000025	          0.05000026	          0.05000027	          0.05000001	          0.05000004	          0.05000001	          0.05000004	          0.07535771	          0.19817312	          0.19513018	          0.15141996	          0.08794614	          0.05790981	          0.06576810	          0.06118444	          0.05000026	          0.05000026	          0.05000020	          0.05000232	          0.10273574	          0.09707578	          0.25855131	          0.07217683	          0.05000051	          0.05000001	          0.05000002	          0.05000002	          0.05000001	          0.05000003	          0.05000006	          0.05000001	          0.05000014	          0.05000040	          0.05000045	          0.25582951	          0.10999675	          0.10688709	          0.12457251	          0.43236769	          0.12835494	          0.05337475	          0.12872083	          0.08518679	          0.31336686	          0.25033069	          0.23187324	          0.46206887	          0.43997473	          0.36591836	          0.13121108	          0.11868114	          0.07243425	          0.43393239	          0.13620042	          0.05000005	          0.05000007	          0.05000016	          0.05000048	          0.05000024	          0.42036238	          0.05000028	          0.05000615	          0.05000359	          0.05000077	          0.05000034	          0.34195134	          0.39853195	          0.05000008	          0.05000063	          0.12709875	          0.05000001	          0.05000012	          0.05000012	          0.05000011	          0.60159397	          0.62228113	          0.34637706	          0.37690111	          0.05000008	          0.09011732	          0.09707595	          0.19097550	          0.23469962	          0.15966683	          0.24899622	          0.43152714	          0.05000000	          0.05000001	          0.05000002	
          1.52632097	         -2.52037878	          1.11767200	         -2.54949396	          2.02047046	          0.91883672	          0.00628802	         29.77122640	         -0.27235410	         -5.86538289	        -13.65826534	          2.62590120	         12.54064034	        -20.20819113	          1.23482268	          1.49092042	          6.61956033	         -2.46865957	         -2.24234127	          0.75659330	          4.64204524	         -0.94490109	         -1.48089692	         -3.30313929	          0.18680196	          2.11032667	         -0.64773212	        -13.51163080	         12.48831966	          2.89448811	        -13.45830209	         16.65843501	         27.84284055	         22.94318203	         86.51662706	         86.51662706	          0.05000010	          0.05000017	          0.05000021	          0.05000033	          0.05000032	          0.05000031	          0.05000001	          0.05000005	          0.05000002	          0.05000004	          0.06383999	          0.19949011	          0.20340444	          0.17340664	          0.12189302	          0.07537663	          0.05571618	          0.05778611	          0.05000030	          0.05000032	          0.05000021	          0.06697615	          0.08703350	          0.08223862	          0.23570454	          0.06114618	          0.05000047	          0.05000001	          0.05000003	          0.05000002	          0.05000001	          0.05000002	          0.05000004	          0.05000001	          0.05000010	          0.05000041	          0.05000039	          0.26075597	          0.10763608	          0.10713696	          0.13442588	          0.44876528	          0.13404742	          0.05239463	          0.13295143	          0.09153232	          0.33340174	          0.25074355	          0.21747420	          0.46687538	          0.44123886	          0.35862872	          0.12899931	          0.11229508	          0.07096543	          0.38722184	          0.14489617	          0.05000006	          0.05000008	          0.05000018	          0.05000051	          0.05000025	          0.44127340	          0.05000036	          0.05002759	          0.05000245	          0.05000064	          0.05000034	          0.38156060	          0.45258509	          0.05000009	          0.05000062	          0.12402794	          0.05000001	          0.05000012	          0.05000011	          0.05000011	          0.61099220	          0.63767039	          0.36960180	          0.39480017	          0.05000009	          0.14660555	          0.08223876	          0.19716576	          0.24041612	          0.13526319	          0.21093939	          0.41001015	          0.05000000	          0.05000001	          0.05000002	
          1.53714594	         -2.56631015	          1.22815981	         -3.03887543	          2.03464859	          0.91680120	          0.00667649	         29.42427806	         -0.09872638	         -5.81133349	        -14.31964472	          2.47357169	         12.69384168	        -16.89796303	          0.76018650	          1.27556994	          6.97869933	         -2.66603431	         -2.41357570	          1.18476537	          4.55730335	         -2.43111550	         -0.69529219	         -3.26747028	          0.03661950	          2.38983044	         -1.14203026	        -13.56348428	         11.56985517	          3.12130523	        -13.47497991	         16.74265591	         27.28307627	         24.45445107	         86.51662706	         86.51662706	          0.05000014	          0.05000023	          0.05000031	          0.05000034	          0.05000034	          0.05000037	          0.05737856	          0.05000008	          0.05000003	          0.05000004	          0.05408268	          0.19887380	          0.20596997	          0.18609071	          0.14655460	          0.09005112	          0.05000036	          0.05012002	          0.05000047	          0.05000065	          0.05000133	          0.08563368	          0.07373121	          0.06966919	          0.21294124	          0.05180179	          0.05000046	          0.05000001	          0.05000004	          0.05000003	          0.05000002	          0.05000001	          0.05000003	          0.05000000	          0.05000009	          0.05000038	          0.05000035	          0.26417739	          0.10564837	          0.10814631	          0.15726696	          0.46279046	          0.14867933	          0.05295813	          0.13733791	          0.09327510	          0.35390299	          0.25049431	          0.20056420	          0.48488210	          0.44861218	          0.34819207	          0.11043830	          0.09708855	          0.06624009	          0.32803843	          0.14787917	          0.05000005	          0.05000007	          0.05000015	          0.05000045	          0.05000023	          0.46188561	          0.05000031	          0.05001383	          0.05000272	          0.05000070	          0.05000034	          0.40501459	          0.50345106	          0.05000008	          0.05000062	          0.12116328	          0.05000001	          0.05000010	          0.05000010	          0.05000010	          0.61583380	          0.64873671	          0.39218185	          0.41149146	          0.05000015	          0.19735803	          0.06966930	          0.20195245	          0.24524490	          0.11458943	          0.17869917	          0.36157463	          0.05000000	          0.05000000	          0.05000001	
          1.54797091	         -2.61694786	          1.34283409	         -3.51909344	          2.04905724	          0.91487712	          0.00704815	         28.94984954	          0.10751722	         -5.72036483	        -14.92520929	          2.31494751	         12.78611767	        -13.56816371	          0.17717072	          1.13747913	          7.28395911	         -2.86514870	         -2.54822351	          1.56434485	          4.40587625	         -3.75006267	          0.22397977	         -3.21754126	         -0.12766161	          2.66628061	         -1.72939058	        -13.63005396	         10.61138058	          3.28053383	        -13.50561819	         16.89440562	         26.91240191	         26.04409690	         86.51662706	         86.51662706	          0.05000025	          0.05000039	          0.05000046	          0.05000051	          0.05000046	          0.05000045	          0.14139608	          0.05000007	          0.05000004	          0.05000003	          0.05000014	          0.20126393	          0.21036339	          0.19970844	          0.16488447	          0.09963717	          0.05000025	          0.05001666	          0.05000034	          0.05001050	          0.05833647	          0.09579992	          0.06246206	          0.05902088	          0.19504745	          0.05000148	          0.05000045	          0.05000002	          0.05000008	          0.05000007	          0.05000004	          0.05000001	          0.05000003	          0.05000001	          0.05000009	          0.05000035	          0.05000035	          0.26322598	          0.10954516	          0.10978633	          0.15539164	          0.47249775	          0.15356219	          0.06065238	          0.13565116	          0.08550119	          0.37129079	          0.24735012	          0.18320975	          0.49038964	          0.45199609	          0.33633357	          0.09355893	          0.08224948	          0.05810659	          0.27790066	          0.16039560	          0.05000006	          0.05000008	          0.05000016	          0.05000047	          0.05000024	          0.48220999	          0.05000038	          0.05000426	          0.05000181	          0.05000058	          0.05000033	          0.47062402	          0.54776490	          0.05000008	          0.05000059	          0.12869947	          0.05000001	          0.05000011	          0.05000011	          0.05000011	          0.61569164	          0.65481019	          0.41249477	          0.42576713	          0.07070213	          0.24585540	          0.05902097	          0.20679273	          0.24935676	          0.09707546	          0.15138659	          0.30631120	          0.05000000	          0.05000000	          0.05000001	
          1.55879588	         -2.66974834	          1.45887662	         -3.98754060	          2.06374173	          0.91311413	          0.00739647	         28.37096123	          0.34378035	         -5.59441849	        -15.47626403	          2.14819303	         12.81906718	        -10.33388740	         -0.51735813	          1.09771625	          7.52156325	         -3.06454702	         -2.62716232	          1.88830507	          4.16912404	         -4.87767526	          1.31168475	         -3.14900592	         -0.30248563	          2.93895884	         -2.40611855	        -13.70515454	          9.63272002	          3.36660355	        -13.55293805	         17.12025512	         26.71004666	         27.69856317	         86.51662706	         86.51662706	          0.05000038	          0.05000046	          0.05000044	          0.05000055	          0.05000047	          0.05000045	          0.21261372	          0.05000007	          0.05000002	          0.05000002	          0.05000014	          0.20609844	          0.21970813	          0.20310794	          0.17025226	          0.10196597	          0.05000025	          0.05001804	          0.05000035	          0.06001428	          0.06532317	          0.09615083	          0.05291530	          0.05000011	          0.17904174	          0.05000116	          0.05000036	          0.05000003	          0.05000023	          0.05000020	          0.05000012	          0.05000001	          0.05000002	          0.05000001	          0.05000008	          0.05000043	          0.05000040	          0.25973494	          0.10800041	          0.11105818	          0.16251156	          0.47744674	          0.16337687	          0.07157386	          0.13287354	          0.07243312	          0.38832897	          0.24059535	          0.15966701	          0.49941122	          0.45951820	          0.30999510	          0.07925935	          0.06967841	          0.05000035	          0.23542600	          0.17028139	          0.05000006	          0.05000007	          0.05000014	          0.05000043	          0.05000022	          0.50189283	          0.05000034	          0.05000087	          0.05000295	          0.05000072	          0.05000035	          0.49105024	          0.59400173	          0.05000009	          0.05000076	          0.12681224	          0.05000001	          0.05000012	          0.05000012	          0.05000012	          0.61004288	          0.65536286	          0.42938936	          0.43635340	          0.13704479	          0.28933068	          0.05000014	          0.21054990	          0.25253341	          0.08223835	          0.12824849	          0.25949426	          0.05000000	          0.05000000	          0.05000001	
          1.56962086	         -2.72195653	          1.57240130	         -4.44105453	          2.07874332	          0.91155445	          0.00771435	         27.71623584	          0.60691169	         -5.43574519	        -15.96678146	          1.97457572	         12.79589044	         -7.31715999	         -1.34026776	          1.15087553	          7.68009742	         -3.26434237	         -2.63387736	          2.15203218	          3.83252589	         -5.79265113	          2.60144222	         -3.05687720	         -0.48283276	          3.20684844	         -3.16168734	        -13.77733233	          8.63988153	          3.37633652	        -13.61841838	         17.42552723	         26.63546526	         29.39723652	         86.51662706	         86.51662706	          0.05000074	          0.05000067	          0.05000044	          0.05000069	          0.05000052	          0.05000044	          0.28089374	          0.05000008	          0.05000061	          0.05000002	          0.05000012	          0.21158643	          0.22588198	          0.20523336	          0.17125218	          0.10065845	          0.05000026	          0.05001406	          0.05000038	          0.06849798	          0.06883737	          0.09356983	          0.05000004	          0.05000005	          0.16624125	          0.05000074	          0.05000031	          0.05000006	          0.05710315	          0.05670921	          0.05030348	          0.05000000	          0.05000001	          0.05000001	          0.05000007	          0.05000046	          0.05000035	          0.25355358	          0.10574869	          0.11164353	          0.17509191	          0.47759777	          0.18081220	          0.08065164	          0.13029903	          0.06136238	          0.40399910	          0.22247741	          0.13526350	          0.51194245	          0.46867450	          0.26261611	          0.06714532	          0.05902870	          0.05000009	          0.19944322	          0.17598612	          0.05000005	          0.05000006	          0.05000013	          0.05000040	          0.05000023	          0.52062865	          0.05000032	          0.05000038	          0.05000220	          0.05000063	          0.05000034	          0.49268097	          0.63344180	          0.05000008	          0.05000053	          0.11458960	          0.05000050	          0.05000015	          0.05000015	          0.05000014	          0.59786573	          0.64895069	          0.44170686	          0.44314183	          0.17945997	          0.33008620	          0.05000001	          0.20794951	          0.25425472	          0.06966896	          0.10864684	          0.21983286	          0.05000001	          0.05000000	          0.05000000	
          1.58044583	         -2.77114114	          1.67953787	         -4.87579791	          2.09409560	          0.91022695	          0.00799346	         27.01070580	          0.89508681	         -5.24645176	        -16.38798653	          1.79581376	         12.71929241	         -4.61557404	         -2.31084580	          1.27141258	          7.74633169	         -3.45839125	         -2.55043635	          2.35340817	          3.38596327	         -6.48688338	          4.12502474	         -2.93686649	         -0.66364570	          3.46833783	         -3.97986323	        -13.82908266	          7.61120050	          3.30837998	        -13.70283793	         17.81550512	         26.63314044	         31.11675234	         86.51662706	         86.51662706	          0.05000121	          0.05000068	          0.05000039	          0.05000078	          0.05000056	          0.05000044	          0.33693871	          0.05000009	          0.08343709	          0.05000002	          0.05000012	          0.21479982	          0.21809463	          0.19945191	          0.16683034	          0.09769715	          0.05000025	          0.05001412	          0.05000047	          0.06748085	          0.06726534	          0.08847349	          0.05000005	          0.05000005	          0.14892422	          0.05000065	          0.05000027	          0.05000020	          0.07321130	          0.07423575	          0.06541539	          0.05000000	          0.05000002	          0.05000002	          0.05000009	          0.05000017	          0.05000020	          0.24495077	          0.10355361	          0.11516018	          0.18014344	          0.47490714	          0.20137491	          0.08819659	          0.12652488	          0.05198370	          0.41911670	          0.18847384	          0.11458971	          0.50638092	          0.46791622	          0.22247763	          0.05688285	          0.05000672	          0.05000006	          0.16896009	          0.17804978	          0.05000005	          0.05000005	          0.05000011	          0.05000036	          0.05000021	          0.53814835	          0.05000026	          0.05000034	          0.05001269	          0.05000156	          0.05000042	          0.48945881	          0.66692468	          0.05000015	          0.05000313	          0.09707569	          0.08741678	          0.05000017	          0.05000017	          0.05000017	          0.57878760	          0.63528523	          0.44853358	          0.44385756	          0.20930675	          0.36089432	          0.05000001	          0.18847141	          0.25691761	          0.05902070	          0.09204113	          0.18623336	          0.05000001	          0.05000000	          0.05000000	
          1.59127080	         -2.81535424	          1.77767781	         -5.28843660	          2.10983186	          0.90914721	          0.00822603	         26.27121792	          1.20828028	         -5.02756949	        -16.73880950	          1.61110289	         12.59135182	         -2.30175662	         -3.42877858	          1.41929606	          7.69748219	         -3.63972048	         -2.37115419	          2.49251548	          2.81128706	         -6.95854031	          5.92117725	         -2.78454267	         -0.84129220	          3.72138731	         -4.84197813	        -13.83495789	          6.48018084	          3.16236466	        -13.80644133	         18.29969487	         26.63679650	         32.83223808	         86.51662706	         86.51662706	          0.05000084	          0.05000047	          0.05000031	          0.05000077	          0.05000051	          0.05000041	          0.37658137	          0.05000010	          0.10342843	          0.05000003	          0.05000013	          0.21417521	          0.19881043	          0.18386633	          0.15848655	          0.09613962	          0.05000018	          0.05001964	          0.05000053	          0.06276063	          0.06389441	          0.08359835	          0.05000005	          0.05000005	          0.13412933	          0.05000066	          0.05000028	          0.05134641	          0.08102237	          0.08262056	          0.06931046	          0.05000000	          0.05000001	          0.05000001	          0.05000007	          0.05000127	          0.05000031	          0.23927849	          0.09846415	          0.11612563	          0.19598523	          0.46916064	          0.19610735	          0.09277107	          0.12409257	          0.05000003	          0.43939978	          0.15966730	          0.09707570	          0.51285441	          0.41190913	          0.18847392	          0.05000018	          0.05000005	          0.05000004	          0.14313603	          0.17057844	          0.05000007	          0.05000007	          0.05000013	          0.05000039	          0.05000022	          0.55439729	          0.05000042	          0.05000020	          0.05000098	          0.05000045	          0.05000030	          0.46812433	          0.68932618	          0.05000006	          0.05000037	          0.08223858	          0.12597425	          0.05000044	          0.05000043	          0.05000038	          0.55091742	          0.60965610	          0.44700986	          0.43818800	          0.22874691	          0.38456002	          0.05000000	          0.15966533	          0.26123617	          0.05000006	          0.07797346	          0.15776925	          0.05000003	          0.05000000	          0.05000000	
          1.60209577	         -2.85320248	          1.86637752	         -5.67688400	          2.12597914	          0.90831371	          0.00840607	         25.50837046	          1.54782658	         -4.77859496	        -17.02199141	          1.41592164	         12.40461713	         -0.42529364	         -4.68417607	          1.55317919	          7.51369895	         -3.80314768	         -2.07429977	          2.57486913	          2.10134949	         -7.25151159	          8.00494773	         -2.59641829	         -1.01484870	          3.96347205	         -5.72801431	        -13.75902395	          5.11399450	          2.94002559	        -13.92944305	         18.89586847	         26.57476274	         34.51934290	         86.51662706	         86.51662706	          0.05025944	          0.05000090	          0.05000047	          0.05000083	          0.05000071	          0.05000060	          0.39614337	          0.06397266	          0.11203497	          0.05000005	          0.05000017	          0.21301980	          0.19503907	          0.18029445	          0.15568338	          0.09461790	          0.05000025	          0.05001695	          0.06948598	          0.06656710	          0.06543031	          0.08078084	          0.05000006	          0.05000007	          0.12114986	          0.05000071	          0.05000027	          0.05016207	          0.07903751	          0.08098361	          0.06650910	          0.05000000	          0.05000002	          0.05000001	          0.05000008	          0.05999890	          0.05000063	          0.23626228	          0.09592783	          0.11836520	          0.21467662	          0.46462472	          0.19960677	          0.09046180	          0.11740496	          0.05000008	          0.45348354	          0.13526359	          0.08223855	          0.52959937	          0.36844943	          0.15966737	          0.05000037	          0.05000008	          0.05000005	          0.12125896	          0.15973142	          0.05000008	          0.05000009	          0.05000016	          0.05000049	          0.05000030	          0.56981962	          0.05000047	          0.05000024	          0.05000200	          0.05000069	          0.05000042	          0.50824325	          0.62522759	          0.05000009	          0.05000060	          0.06966920	          0.17000761	          0.05000150	          0.05000152	          0.05000103	          0.51642481	          0.57691688	          0.43755282	          0.42786503	          0.27795985	          0.41292192	          0.05000000	          0.13526191	          0.25880910	          0.05000005	          0.06605591	          0.13365563	          0.05000003	          0.05000000	          0.05000000	
          1.61292074	         -2.88382103	          1.95306774	         -6.03804525	          2.14256007	          0.90770580	          0.00852139	         24.72684055	          1.92398573	         -4.50005611	        -17.24143231	          1.19727970	         12.15286366	          0.98735920	         -6.06107761	          1.62711236	          7.18556709	         -3.94040604	         -1.65533203	          2.62829494	          1.22386686	         -7.43445768	         10.42692953	         -2.36933229	         -1.18884469	          4.19444414	         -6.61573031	        -13.63487310	          3.77349792	          2.62827377	        -14.00680297	         19.31113594	         26.38821404	         36.12987538	         86.51662706	         86.51662706	          0.05000030	          0.05000077	          0.05000020	          0.05000669	          0.05000095	          0.05000039	          0.39503711	          0.07515372	          0.10996455	          0.05000006	          0.05000012	          0.20661335	          0.18794466	          0.18042992	          0.16025630	          0.09884720	          0.05000010	          0.05001801	          0.11171814	          0.06698621	          0.06896903	          0.08725259	          0.05000004	          0.05000004	          0.10476839	          0.05000082	          0.05000042	          0.05000025	          0.06964879	          0.07053689	          0.05663227	          0.05000001	          0.05000003	          0.05038285	          0.05000022	          0.07472244	          0.05003534	          0.23257512	          0.09623307	          0.12087324	          0.20034711	          0.46210852	          0.20203145	          0.08740802	          0.10821531	          0.05000005	          0.47470555	          0.11458975	          0.06966913	          0.58735777	          0.31213546	          0.13526364	          0.05000031	          0.05000005	          0.05000004	          0.10272560	          0.14030581	          0.05000003	          0.05000004	          0.05000008	          0.05000027	          0.05000016	          0.58326896	          0.05000021	          0.05000018	          0.05002765	          0.05000241	          0.05000039	          0.45572278	          0.65858778	          0.05000013	          0.05000270	          0.05902092	          0.17572921	          0.05000028	          0.05000026	          0.05000026	          0.47620122	          0.53926645	          0.42086396	          0.40815067	          0.29506640	          0.42127143	          0.05000000	          0.11458833	          0.24615098	          0.05000002	          0.05595985	          0.11322756	          0.05000001	          0.05000000	          0.05000000	
          1.62374571	         -2.90661532	          2.05049392	         -6.36926777	          2.15958180	          0.90728548	          0.00855839	         23.92754512	          2.34848519	         -4.19168927	        -17.38996769	          0.93927680	         11.83923731	          1.92754563	         -7.56337780	          1.53184739	          6.70951281	         -4.03348633	         -1.11190054	          2.67939759	          0.16567200	         -7.54469691	         13.21368498	         -2.10175690	         -1.37294156	          4.41363431	         -7.50015453	        -13.53635895	          2.85061975	          2.21268637	        -14.00833154	         19.38771629	         26.08204855	         37.66685480	         86.51662706	         86.51662706	          0.06806659	          0.05000031	          0.05000119	          0.05000008	          0.05000011	          0.05000026	          0.37466324	          0.06966971	          0.09597974	          0.05000004	          0.05000008	          0.19711365	          0.21093950	          0.20954883	          0.18778003	          0.10803396	          0.05000013	          0.05000458	          0.14198488	          0.05902162	          0.07080796	          0.09778349	          0.05000002	          0.05000002	          0.14260335	          0.05000015	          0.05000004	          0.05000009	          0.05903741	          0.05976809	          0.05902131	          0.05000002	          0.05000002	          0.05000002	          0.05000006	          0.06613027	          0.05000076	          0.24166805	          0.10242746	          0.12612230	          0.21788522	          0.47082206	          0.25299718	          0.07724821	          0.09167558	          0.05000043	          0.46793204	          0.09707573	          0.05902082	          0.64017522	          0.26442835	          0.11458979	          0.05000032	          0.05000004	          0.05000003	          0.08702490	          0.11886144	          0.05000001	          0.05000002	          0.05000005	          0.05000018	          0.05000016	          0.58980852	          0.05000011	          0.05000008	          0.05000094	          0.05000037	          0.05000019	          0.39322755	          0.66209281	          0.05000002	          0.05000019	          0.05000012	          0.14887057	          0.05000484	          0.05000768	          0.05000364	          0.43529998	          0.49880598	          0.39674065	          0.37783622	          0.28381318	          0.40766599	          0.05000000	          0.09707454	          0.20852900	          0.05000002	          0.05000000	          0.09592174	          0.05000000	          0.05000000	          0.05000000	
          1.63457068	         -2.92128841	          2.16810445	         -6.66980471	          2.17700582	          0.90701299	          0.00850586	         23.11800663	          2.81476662	         -3.86070827	        -17.43480597	          0.63260638	         11.45722518	          2.36415186	         -9.23695874	          1.09538358	          6.07852136	         -4.08463261	         -0.40201880	          2.76214077	         -1.03512207	         -7.60054286	         16.30178011	         -1.79792087	         -1.57410741	          4.61689182	         -8.37838611	        -13.47059186	          2.33043557	          1.70125216	        -13.97582959	         19.28945295	         25.66899507	         39.17468168	         86.51662706	         86.51662706	          0.05766327	          0.05000043	          0.05000003	          0.05902079	          0.05902071	          0.05000030	          0.33722470	          0.05902136	          0.08131011	          0.05000111	          0.05000016	          0.17204997	          0.18604970	          0.17752157	          0.17008601	          0.10913901	          0.05000004	          0.08522117	          0.15258728	          0.05000076	          0.05998564	          0.08654303	          0.05000013	          0.05000006	          0.35868878	          0.08223716	          0.05902081	          0.05000004	          0.05001427	          0.05063327	          0.05000073	          0.05926282	          0.05000117	          0.05000000	          0.05000635	          0.08012840	          0.08222639	          0.23779799	          0.14663784	          0.13703413	          0.18710352	          0.48985628	          0.24492494	          0.06544151	          0.07766378	          0.05000001	          0.39641319	          0.08223856	          0.05000002	          0.54233018	          0.22401283	          0.09707576	          0.05000031	          0.05000003	          0.05000002	          0.07372392	          0.10069457	          0.05000035	          0.05000015	          0.05000012	          0.05000030	          0.05000014	          0.59372029	          0.05002525	          0.05000010	          0.05000023	          0.05000013	          0.05000011	          0.33312627	          0.59651497	          0.05000001	          0.05000008	          0.05000002	          0.12611702	          0.08800517	          0.09381494	          0.07715892	          0.36937146	          0.43128914	          0.35802764	          0.34900449	          0.31717811	          0.41280551	          0.05000000	          0.08223757	          0.17665719	          0.05000002	          0.05000000	          0.08126096	          0.05000012	          0.05000000	          0.05000000	
          1.64539566	         -2.92870358	          2.32685070	         -6.93688490	          2.19474678	          0.90687510	          0.00840393	         22.30367986	          3.26836681	         -3.52294667	        -17.35249699	          0.26128377	         10.97344496	          2.30459309	        -11.09342350	         -0.05600672	          5.27241899	         -4.09368981	          0.47294035	          2.78519019	         -2.37764031	         -7.66895559	         19.65688244	         -1.46423543	         -1.81893899	          4.79681965	         -9.23929168	        -13.44970710	          2.18651719	          1.11264670	        -13.92166648	         19.11435813	         25.15427460	         40.66798374	         86.51662706	         86.51662706	          0.05000000	          0.05000001	          0.07152996	          0.05000001	          0.05000001	          0.05000002	          0.28645890	          0.05000049	          0.06888259	          0.05000001	          0.05000008	          0.14575372	          0.31325277	          0.29780551	          0.23381360	          0.11488114	          0.05000006	          0.07220481	          0.16643621	          0.06280300	          0.08753568	          0.11721224	          0.05000003	          0.05000006	          0.44018459	          0.06966915	          0.05000005	          0.05902084	          0.10040236	          0.10432470	          0.07941674	          0.05902082	          0.06147219	          0.05902080	          0.05000001	          0.06788152	          0.06965891	          0.28538221	          0.15711428	          0.13397724	          0.29698775	          0.54019781	          0.20749047	          0.05543936	          0.06579356	          0.05000004	          0.33582495	          0.06966913	          0.05000003	          0.45943984	          0.18977447	          0.08223860	          0.05000041	          0.05000004	          0.05000003	          0.06245587	          0.08530433	          0.12934152	          0.05000010	          0.05000016	          0.05000052	          0.05000387	          0.59387000	          0.05000022	          0.05000009	          0.05000067	          0.05000041	          0.05000035	          0.28221088	          0.55110290	          0.05000003	          0.05000024	          0.05000008	          0.10684115	          0.08223856	          0.08223855	          0.08223852	          0.31291629	          0.36537041	          0.30330627	          0.29566228	          0.30250014	          0.35840793	          0.05000000	          0.06966829	          0.14965670	          0.05000001	          0.05000000	          0.06884097	          0.05118051	          0.05160554	          0.05000000	
          1.65622063	         -2.93006623	          2.57052085	         -7.17324661	          2.21267791	          0.90688698	          0.00830739	         21.44247337	          3.67387111	         -3.09314258	        -17.08051057	         -0.20450738	         10.39749191	          2.10975204	        -13.20860589	         -1.69900215	          4.23245238	         -4.00687474	          1.45515657	          2.94578857	         -3.81736032	         -7.68840556	         23.26443926	         -1.10662135	         -2.16146844	          4.95211542	        -10.06322927	        -13.48763450	          2.38953674	          0.47501067	        -13.83836697	         18.91931659	         24.53653216	         42.13306433	         86.51662706	         86.51662706	          0.26731717	          0.26750442	          0.25894341	          0.12467971	          0.09707906	          0.10616152	          0.24447969	          0.10600983	          0.08336992	          0.06966892	          0.05000011	          0.12347656	          0.26537486	          0.25228860	          0.19807732	          0.12752067	          0.05000009	          0.06116904	          0.14109501	          0.15318857	          0.11151965	          0.09929744	          0.05000003	          0.05000002	          0.37290628	          0.05902087	          0.05034695	          0.05000003	          0.08505679	          0.08837963	          0.06727863	          0.05000001	          0.05207671	          0.05000000	          0.05901220	          0.05750644	          0.05901217	          0.35165706	          0.13310077	          0.12584181	          0.25159582	          0.66751301	          0.53968417	          0.05000000	          0.07418886	          0.05000000	          0.28449709	          0.05902083	          0.05000001	          0.38921858	          0.16076914	          0.06966917	          0.05000046	          0.05000004	          0.05000003	          0.05291005	          0.07226638	          0.21508874	          0.05000005	          0.05000007	          0.05000019	          0.05000014	          0.59022812	          0.05000057	          0.05000008	          0.05000035	          0.05000018	          0.05000011	          0.23907745	          0.53144654	          0.05000001	          0.05000009	          0.05000002	          0.09051143	          0.06966913	          0.06966913	          0.06966910	          0.26508980	          0.30952678	          0.25694859	          0.25047292	          0.25626574	          0.30362850	          0.05000000	          0.05902011	          0.12678300	          0.05000001	          0.05000000	          0.05831928	          0.07677053	          0.05000000	          0.05000001	
          1.66704560	         -2.92965068	          2.87284443	         -7.36413427	          2.23053503	          0.90723061	          0.00809122	         20.51989222	          4.12887351	         -2.79344406	        -16.51652144	         -0.72836050	          9.76062532	          2.17393435	        -15.69140211	         -3.93513161	          2.79571789	         -3.94519030	          2.48963330	          3.22633467	         -5.33876534	         -7.87891015	         27.15170973	         -0.75354724	         -2.55886252	          5.07818204	        -10.77164495	        -13.54713046	          2.92802145	         -0.15843592	        -13.74611680	         18.73882472	         23.74251750	         43.51559542	         86.51662706	         86.51662706	          0.29810606	          0.32577611	          0.34067170	          0.10562355	          0.08224142	          0.08993574	          0.20863327	          0.12575144	          0.09113825	          0.05902072	          0.05000009	          0.10460427	          0.22481469	          0.21372861	          0.16780875	          0.16368122	          0.05000003	          0.05182003	          0.14290010	          0.22752912	          0.16561310	          0.14469233	          0.05000001	          0.05000001	          0.31591088	          0.05000027	          0.05000075	          0.05000001	          0.07205671	          0.07487169	          0.05699579	          0.05000000	          0.05000001	          0.05000000	          0.05000002	          0.05000003	          0.05000004	          0.42367635	          0.18360451	          0.14527593	          0.38276275	          0.80688048	          0.65806089	          0.05185117	          0.06284977	          0.05000001	          0.24101423	          0.05000004	          0.05000001	          0.32972998	          0.13619701	          0.05902087	          0.05000106	          0.05000007	          0.05000006	          0.05000002	          0.06122116	          0.29564701	          0.06023718	          0.05000018	          0.05000047	          0.05000046	          0.57771661	          0.14165660	          0.05000018	          0.05000027	          0.05000015	          0.05000013	          0.20253658	          0.45021964	          0.05000002	          0.05000011	          0.05000003	          0.07667756	          0.05902083	          0.05902083	          0.05902080	          0.22457317	          0.26221834	          0.21767627	          0.21219035	          0.21709780	          0.25722159	          0.09549426	          0.05000000	          0.10740534	          0.05000002	          0.05000000	          0.05000001	          0.09356704	          0.05000000	          0.05000000	
          1.67787057	         -2.92793003	          3.18076985	         -7.51549748	          2.24806191	          0.90797536	          0.00773656	         19.60304630	          4.60990665	         -2.56081034	        -15.58335260	         -1.25801520	          9.10905338	          2.24094641	        -18.62986725	         -5.96736982	          0.85645025	         -3.89601835	          3.65458487	          3.54129753	         -6.84079916	         -8.07249647	         31.00781814	         -0.43885898	         -2.94866531	          5.18256455	        -11.31290522	        -13.60324069	          3.77975298	         -0.73679488	        -13.66201363	         18.59836985	         22.75552361	         44.78142951	         86.51662706	         86.51662706	          0.38926269	          0.39078782	          0.41422077	          0.08947994	          0.06967158	          0.07618994	          0.17725146	          0.13239036	          0.09216858	          0.05000004	          0.05000004	          0.08861644	          0.19045469	          0.25766382	          0.28967165	          0.18074155	          0.05000003	          0.05000036	          0.16059168	          0.29009603	          0.21315820	          0.19235728	          0.05000000	          0.05000000	          0.26762730	          0.05901042	          0.06899136	          0.05000001	          0.13738603	          0.14322270	          0.10858196	          0.05000000	          0.05000001	          0.05000000	          0.05000002	          0.05000008	          0.05000009	          0.52097099	          0.20382879	          0.13719301	          0.41446308	          0.88782977	          0.79658800	          0.06826939	          0.05773385	          0.05000001	          0.20417734	          0.05000002	          0.05000000	          0.27933369	          0.11538052	          0.05000009	          0.05002503	          0.05002375	          0.05000863	          0.05000002	          0.05186412	          0.34729040	          0.45368200	          0.21916723	          0.05709759	          0.06966881	          0.56431923	          0.19233917	          0.05000015	          0.05000031	          0.05000018	          0.05000013	          0.17158066	          0.38140755	          0.05000001	          0.05000010	          0.05000003	          0.06495807	          0.05000004	          0.05000004	          0.05000002	          0.19024914	          0.22214059	          0.18440637	          0.17975893	          0.18391633	          0.21790756	          0.26589441	          0.05902081	          0.09098939	          0.05000010	          0.05000030	          0.05000009	          0.08293147	          0.05000000	          0.05000000	
          1.68869554	         -2.92567446	          3.46173467	         -7.62764463	          2.26503091	          0.90904981	          0.00729023	         18.72016239	          5.07566057	         -2.36426876	        -14.24106830	         -1.74935529	          8.53923367	          2.19686222	        -22.09669433	         -7.40616298	         -1.52727700	         -3.87830090	          5.11243062	          3.76381781	         -8.08960852	         -8.30289022	         34.01343308	         -0.19176921	         -3.30479172	          5.25651139	        -11.67038865	        -13.65475132	          4.90296618	         -1.21655220	        -13.59023601	         18.51652438	         21.62008094	         45.92394486	         86.51662706	         86.51662706	          0.45841537	          0.44338662	          0.45465148	          0.07580379	          0.05902300	          0.06454525	          0.15016023	          0.13232180	          0.09110823	          0.05000007	          0.05000004	          0.07507221	          0.16134546	          0.21828244	          0.25021531	          0.18423183	          0.05000003	          0.05000070	          0.13878830	          0.29673839	          0.21851030	          0.19239878	          0.05000000	          0.05000000	          0.22672286	          0.05000012	          0.10149242	          0.05000001	          0.11639360	          0.12133815	          0.09199181	          0.05000000	          0.05000001	          0.05000000	          0.05000003	          0.05000008	          0.05000010	          0.56912569	          0.18346100	          0.13349949	          0.51416004	          0.93484781	          0.88185154	          0.06605407	          0.05000001	          0.05000002	          0.17297064	          0.05000003	          0.05000003	          0.23664003	          0.09774566	          0.05000009	          0.07289960	          0.05902115	          0.06119795	          0.05000005	          0.05000017	          0.32388578	          0.62889388	          0.18566955	          0.05913601	          0.05902069	          0.55976230	          0.30418559	          0.12295136	          0.05000053	          0.05000037	          0.05000076	          0.14535607	          0.32311277	          0.06495829	          0.05000116	          0.05000015	          0.05502981	          0.05000000	          0.05000000	          0.05000000	          0.16117124	          0.18818836	          0.15622149	          0.15228437	          0.15580635	          0.18460235	          0.22525483	          0.05000004	          0.07708252	          0.08224691	          0.19512005	          0.44820854	          0.09382215	          0.05000000	          0.05000000	
          1.69952051	         -2.92414630	          3.71457307	         -7.70527555	          2.28133592	          0.91033737	          0.00678637	         17.88351973	          5.51808459	         -2.18843996	        -12.56021515	         -2.18877506	          8.10285351	          2.06463357	        -25.94301498	         -8.42459943	         -4.33172193	         -3.87420818	          6.76800274	          3.94330543	         -8.80494170	         -8.58155932	         35.57330087	         -0.02084851	         -3.62961549	          5.29984394	        -11.85042777	        -13.70442890	          6.25205430	         -1.58208835	        -13.53277840	         18.49383073	         20.39286516	         46.95394113	         86.51662706	         86.51662706	          0.52558533	          0.48918344	          0.50283394	          0.06421790	          0.05000198	          0.14621294	          0.12720961	          0.11650261	          0.08251071	          0.05000005	          0.05000006	          0.06359810	          0.13668525	          0.18492001	          0.21197233	          0.17118021	          0.05000005	          0.05000032	          0.11757586	          0.31053606	          0.22316878	          0.17881789	          0.05000000	          0.05000000	          0.19207033	          0.05902260	          0.14383747	          0.05000002	          0.09882011	          0.10284555	          0.07825418	          0.05000000	          0.05000001	          0.05000000	          0.05000002	          0.05000006	          0.05000007	          0.61791649	          0.20669153	          0.13854740	          0.53950333	          0.96215745	          0.93137544	          0.06293158	          0.05000001	          0.05000000	          0.14653361	          0.05000012	          0.05000008	          0.20047177	          0.08280801	          0.05000479	          0.06175786	          0.05000031	          0.05184440	          0.05000001	          0.10454544	          0.27438278	          0.53277304	          0.15729162	          0.05009767	          0.05000005	          0.55676577	          0.26664504	          0.10415940	          0.05000042	          0.05000017	          0.05000005	          0.12313969	          0.27372784	          0.19073126	          0.05000389	          0.06966867	          0.09555151	          0.05000001	          0.05000001	          0.05000000	          0.13653764	          0.15942544	          0.13234441	          0.12900908	          0.13199273	          0.15639801	          0.19082662	          0.06966971	          0.09853540	          0.06967620	          0.17181840	          0.67950122	          0.12312374	          0.05000000	          0.05000000	
          1.71034548	         -2.92283021	          3.93953797	         -7.74980022	          2.29705499	          0.91176888	          0.00624170	         17.08371921	          5.93544816	         -2.02035737	        -10.69606916	         -2.56525644	          7.74062892	          1.86807541	        -29.91023862	         -9.11465149	         -7.09154900	         -3.88330064	          8.24105551	          4.08343776	         -8.81044986	         -8.91663457	         35.15500072	          0.08762225	         -3.92058633	          5.31581790	        -11.88136108	        -13.74899766	          7.77161899	         -1.84942959	        -13.49039117	         18.51883569	         19.12099419	         47.87674170	         86.51662706	         86.51662706	          0.59758136	          0.52474804	          0.51834286	          0.05440420	          0.07097227	          0.20417566	          0.10895140	          0.11272404	          0.08128216	          0.05000015	          0.05000008	          0.05387772	          0.11579415	          0.15665673	          0.17957450	          0.16803237	          0.05000006	          0.05000044	          0.09960565	          0.29613468	          0.21231863	          0.16297604	          0.05000001	          0.05000001	          0.16271410	          0.05000180	          0.14859280	          0.05000001	          0.08371666	          0.08712683	          0.06629404	          0.05000000	          0.05000001	          0.05000000	          0.05000002	          0.05000006	          0.05000006	          0.65309928	          0.20730838	          0.13862490	          0.53384224	          0.97801979	          0.96014054	          0.06180362	          0.05000000	          0.05000001	          0.12413725	          0.05000008	          0.05000041	          0.16983152	          0.07015194	          0.05001107	          0.07166104	          0.05000072	          0.05000054	          0.05000005	          0.13160128	          0.23244618	          0.45573952	          0.13325102	          0.05000025	          0.05000004	          0.54287312	          0.32254828	          0.13565614	          0.05000041	          0.05000016	          0.05000005	          0.10431889	          0.23189096	          0.16158867	          0.08074032	          0.05902083	          0.16598352	          0.05000000	          0.05000000	          0.05000000	          0.11566907	          0.13505867	          0.11211674	          0.12604922	          0.11183532	          0.16916300	          0.18610313	          0.05902131	          0.08347513	          0.05902682	          0.29744169	          0.67929982	          0.13217272	          0.05000399	          0.05000000	
          1.72117046	         -2.92124024	          4.13247431	         -7.76978325	          2.31230379	          0.91331466	          0.00567544	         16.30734737	          6.32188349	         -1.82707384	         -8.78225999	         -2.88122919	          7.39560785	          1.62255225	        -33.78036207	         -9.51732038	         -8.56127833	         -3.89516541	          9.29240806	          4.19019410	         -8.53317443	         -9.27502153	         34.30739199	          0.14955512	         -4.17062667	          5.31368474	        -11.79822929	        -13.78104330	          9.38634102	         -2.03765251	        -13.46386895	         18.58263091	         17.85059875	         48.68989003	         86.51662706	         86.51662706	          0.64943786	          0.54448934	          0.52962722	          0.05000159	          0.06012687	          0.22708409	          0.09250119	          0.10353442	          0.07627869	          0.05000012	          0.05000008	          0.05000006	          0.09809608	          0.13271331	          0.15212899	          0.16403773	          0.05000007	          0.05000038	          0.08438218	          0.28834867	          0.20897788	          0.16146011	          0.05000001	          0.05000001	          0.13784471	          0.05837945	          0.13432190	          0.05000002	          0.07092421	          0.07381296	          0.05616443	          0.05000000	          0.05000001	          0.05000000	          0.05000001	          0.05000007	          0.05000007	          0.68584034	          0.22485385	          0.14017811	          0.50189142	          0.98723316	          0.96706599	          0.06719994	          0.05000000	          0.05000001	          0.10516397	          0.05000004	          0.05000003	          0.19516890	          0.05943432	          0.05000030	          0.06945459	          0.05000005	          0.05000007	          0.05000003	          0.14311158	          0.21233710	          0.41726646	          0.11288480	          0.05000019	          0.05000002	          0.53488606	          0.36160067	          0.11492741	          0.05000024	          0.05000008	          0.05000002	          0.09937881	          0.19644848	          0.13689129	          0.06840010	          0.05000025	          0.23626483	          0.05000000	          0.05000000	          0.05000000	          0.09799008	          0.11456072	          0.09498068	          0.10678373	          0.09474233	          0.14330797	          0.23766804	          0.05000043	          0.07071670	          0.05000509	          0.34842612	          0.64754443	          0.12584734	          0.05500869	          0.05000000	
          1.73199543	         -2.91921767	          4.27968227	         -7.77037690	          2.32718886	          0.91499706	          0.00509808	         15.54028730	          6.66315423	         -1.58914004	         -6.89388271	         -3.14576831	          7.03548801	          1.34051224	        -37.35086979	         -9.65509993	         -8.65053827	         -3.90072134	          9.95520964	          4.25394263	         -8.26534993	         -9.60117756	         33.51214675	          0.17587337	         -4.36449346	          5.29556792	        -11.63244242	        -13.79032688	         11.01424712	         -2.15932108	        -13.45257320	         18.67959633	         16.61779242	         49.37855985	         86.51662706	         86.51662706	          0.69076301	          0.54776359	          0.51948658	          0.05000037	          0.05093817	          0.23125536	          0.08429511	          0.10332415	          0.07686386	          0.05000012	          0.05000009	          0.05000009	          0.08310303	          0.11242965	          0.13392586	          0.17087202	          0.05000006	          0.05000042	          0.07148899	          0.27441636	          0.20507855	          0.17063221	          0.05000001	          0.05000001	          0.11677638	          0.05000198	          0.11379207	          0.05000001	          0.07055452	          0.07282853	          0.05622211	          0.05000000	          0.05000002	          0.05000000	          0.05000001	          0.05000006	          0.05000006	          0.68807561	          0.20304935	          0.13968305	          0.42518188	          0.99258458	          0.89391652	          0.07480387	          0.05000000	          0.05000001	          0.08909059	          0.05000003	          0.05000003	          0.19892670	          0.05035149	          0.05000024	          0.05884118	          0.07300455	          0.05000158	          0.05527813	          0.16608483	          0.20310740	          0.40396894	          0.09563139	          0.05000018	          0.05000002	          0.51601528	          0.37929660	          0.16865204	          0.05000020	          0.05000007	          0.05000001	          0.10286803	          0.16642306	          0.11596869	          0.05794613	          0.05000018	          0.29236178	          0.05000000	          0.05000000	          0.05000000	          0.08301317	          0.09705115	          0.08046373	          0.09046279	          0.08026186	          0.12140463	          0.26039923	          0.05000004	          0.05990828	          0.05000005	          0.39935224	          0.79409310	          0.10738906	          0.05000011	          0.05000000	
          1.74282040	         -2.91709248	          4.37572770	         -7.75313778	          2.34178312	          0.91683132	          0.00453082	         14.77134313	          6.95224518	         -1.29712213	         -5.05162370	         -3.36742799	          6.64757395	          1.03552830	        -40.46462473	         -9.54539261	         -8.32144629	         -3.89547344	         10.31568226	          4.28225438	         -8.07394227	         -9.84792155	         32.77991450	          0.17373119	         -4.50166684	          5.25945405	        -11.41016957	        -13.77623839	         12.58274731	         -2.22261375	        -13.44973553	         18.80119125	         15.45719021	         49.92879518	         86.51662706	         86.51662706	          0.70520256	          0.53584393	          0.50299761	          0.05364780	          0.09579905	          0.26311670	          0.07690164	          0.10169781	          0.07555533	          0.05000011	          0.05000008	          0.05000010	          0.07040159	          0.09524651	          0.14278099	          0.17366795	          0.05000007	          0.05000045	          0.06288537	          0.25758730	          0.19896302	          0.17592698	          0.05000001	          0.05000001	          0.09892815	          0.05000058	          0.09640002	          0.05000001	          0.07111976	          0.07361124	          0.05662032	          0.05000000	          0.05000002	          0.05000000	          0.05012715	          0.05000008	          0.05000009	          0.66245775	          0.17201508	          0.11833378	          0.36019661	          0.99569259	          0.78888766	          0.07899768	          0.05000000	          0.05000002	          0.07547389	          0.05000003	          0.05000003	          0.18995238	          0.05000209	          0.05000024	          0.05259249	          0.09237904	          0.06007766	          0.07615236	          0.17556096	          0.19601463	          0.37756765	          0.08101501	          0.05000016	          0.05000002	          0.50121299	          0.37157515	          0.19364902	          0.05000020	          0.05000006	          0.05000001	          0.10395418	          0.14098678	          0.09824391	          0.05000223	          0.05000015	          0.33161448	          0.05000000	          0.05000000	          0.05000000	          0.07032535	          0.08221779	          0.06816556	          0.07663640	          0.06799477	          0.10284904	          0.24220374	          0.05000016	          0.05075184	          0.14077241	          0.38536314	          0.74231995	          0.09592083	          0.05552711	          0.05000000	
          1.75364537	         -2.91493242	          4.41976868	         -7.72002509	          2.35612581	          0.91878969	          0.00399249	         13.99184638	          7.18625317	         -0.95082158	         -3.24976631	         -3.54538979	          6.22757577	          0.72128762	        -43.12896598	         -9.19777945	         -7.70408755	         -3.88861300	         10.43986984	          4.29839644	         -7.93500821	         -9.97550073	         32.14589200	          0.14609819	         -4.58522140	          5.20287747	        -11.15236781	        -13.74389934	         14.03511688	         -2.23380306	        -13.45043848	         18.93644011	         14.40239020	         50.34190740	         86.51662706	         86.51662706	          0.69971302	          0.51253476	          0.47851289	          0.13726508	          0.17966350	          0.29899505	          0.07259527	          0.10022405	          0.07442566	          0.05000010	          0.05000008	          0.05000008	          0.05964144	          0.08068970	          0.12682971	          0.17634436	          0.05000008	          0.05000038	          0.05327926	          0.24678474	          0.19355807	          0.17763193	          0.05000001	          0.05000001	          0.08380787	          0.05000041	          0.08166618	          0.05000001	          0.07858973	          0.08136856	          0.06244201	          0.05000001	          0.05000003	          0.05000000	          0.06269282	          0.05000010	          0.05000011	          0.62215867	          0.14572411	          0.10024752	          0.30514378	          0.95190983	          0.66831318	          0.08022674	          0.05000000	          0.05000002	          0.06393839	          0.05000003	          0.05000002	          0.24417864	          0.05000469	          0.05000019	          0.05003801	          0.10055468	          0.05089609	          0.08706362	          0.17948272	          0.18994867	          0.34624953	          0.06863263	          0.05000014	          0.05000002	          0.48161254	          0.36218916	          0.20684397	          0.05000017	          0.05000005	          0.05000001	          0.10401257	          0.11943823	          0.08322821	          0.05000090	          0.05000011	          0.34920209	          0.05000000	          0.05000000	          0.05000000	          0.06406851	          0.06968110	          0.05774706	          0.06515483	          0.08222708	          0.08712951	          0.22929869	          0.05000008	          0.05000002	          0.11925678	          0.37185736	          0.72476043	          0.08885446	          0.06146247	          0.05000001	
          1.76447034	         -2.91267204	          4.41059722	         -7.67215974	          2.37024819	          0.92084062	          0.00349102	         13.18748218	          7.36202740	         -0.55363791	         -1.48137147	         -3.67875673	          5.76954689	          0.42633771	        -45.36639083	         -8.64566407	         -6.88384636	         -3.87354870	         10.35452355	          4.26902572	         -7.81622032	         -9.95468756	         31.56991807	          0.09484724	         -4.61525512	          5.12415025	        -10.87265154	        -13.69806550	         15.33178943	         -2.19933866	        -13.45190807	         19.07347218	         13.47438114	         50.62240652	         86.51662706	         86.51662706	          0.67312141	          0.47919410	          0.44806322	          0.26235799	          0.26971833	          0.33876830	          0.07084493	          0.10002789	          0.07395949	          0.05000009	          0.05000008	          0.05000007	          0.05052592	          0.06835784	          0.10751809	          0.17772063	          0.05000009	          0.05000034	          0.05000242	          0.23613475	          0.18655109	          0.17686561	          0.05000001	          0.05000001	          0.07099859	          0.05000028	          0.06918428	          0.05000002	          0.09022641	          0.09364506	          0.07150997	          0.05000012	          0.05000006	          0.05000002	          0.06984940	          0.05209502	          0.05000488	          0.57091293	          0.12345149	          0.08492558	          0.25850543	          0.89910334	          0.56616744	          0.07901032	          0.05000000	          0.05000002	          0.05416600	          0.05000003	          0.05000002	          0.23925783	          0.05000551	          0.05000017	          0.05001734	          0.10307036	          0.05000056	          0.10661082	          0.18313090	          0.18255963	          0.31570767	          0.05814282	          0.05000014	          0.05000002	          0.46100210	          0.34889944	          0.22318546	          0.05000016	          0.05000004	          0.05000001	          0.10221593	          0.10627988	          0.07050753	          0.05000063	          0.05000009	          0.34712451	          0.05000000	          0.05000000	          0.05000000	          0.05902081	          0.05903105	          0.05000000	          0.06085112	          0.06966468	          0.07381258	          0.21598312	          0.05000009	          0.05000003	          0.10102990	          0.35112497	          0.70082639	          0.08270673	          0.05969978	          0.05000001	
          1.77529531	         -2.90996415	          4.34659329	         -7.60779140	          2.38417486	          0.92294053	          0.00303204	         12.34433617	          7.47593130	         -0.11494517	          0.26181913	         -3.76367284	          5.26961638	          0.18378840	        -47.20856465	         -7.96149161	         -5.97824246	         -3.83472696	         10.09842610	          4.18651577	         -7.69022045	         -9.80115418	         31.01741890	          0.02075426	         -4.59195362	          5.02220620	        -10.57783889	        -13.64488942	         16.44919509	         -2.12697698	        -13.45225326	         19.19969990	         12.68397206	         50.77854322	         86.51662706	         86.51662706	          0.63086475	          0.43806348	          0.40808278	          0.37189580	          0.35014380	          0.37211952	          0.07157071	          0.10182500	          0.07447122	          0.05000010	          0.05000008	          0.05000006	          0.05000021	          0.05791102	          0.09109004	          0.17802908	          0.05000010	          0.05000029	          0.05000077	          0.22401178	          0.17708076	          0.17306831	          0.05000001	          0.05000001	          0.06014709	          0.05000020	          0.05861016	          0.05000001	          0.08488459	          0.08787449	          0.06765672	          0.06500480	          0.05000005	          0.05000002	          0.07902907	          0.05861279	          0.05000096	          0.51291056	          0.10458303	          0.07194547	          0.22890922	          0.84805131	          0.47963378	          0.07466038	          0.05000001	          0.05000002	          0.05000010	          0.05000003	          0.05000002	          0.20268979	          0.05000480	          0.05000016	          0.05001336	          0.09878358	          0.05000041	          0.13054450	          0.18401491	          0.17268846	          0.29058468	          0.05000024	          0.05000013	          0.05000002	          0.44033598	          0.33112306	          0.23892999	          0.05000014	          0.05000003	          0.05000001	          0.09900961	          0.10011732	          0.05973109	          0.05000051	          0.05000008	          0.32811153	          0.05000000	          0.05000000	          0.05000000	          0.05000006	          0.05000871	          0.05000000	          0.05343416	          0.05901743	          0.06253103	          0.21212781	          0.05000006	          0.05000002	          0.08561468	          0.33440587	          0.70643466	          0.07801952	          0.05325302	          0.05000001	
          1.78612028	         -2.90606854	          4.22753009	         -7.52312212	          2.39792310	          0.92502331	          0.00261704	         11.45956793	          7.52577772	          0.34971599	          1.98803907	         -3.79566015	          4.72618162	          0.01171504	        -48.69880938	         -7.24725037	         -5.07554480	         -3.76624475	          9.70638452	          4.08815716	         -7.55075474	         -9.57948166	         30.45766380	         -0.07661127	         -4.51709478	          4.89675127	        -10.26996547	        -13.59144509	         17.37669320	         -2.02601482	        -13.45124794	         19.30139272	         12.03556080	         50.82561511	         86.51662706	         86.51662706	          0.58154459	          0.39773398	          0.36178386	          0.45069295	          0.41446939	          0.40183187	          0.07225288	          0.10271161	          0.07437412	          0.05000010	          0.05000008	          0.05000004	          0.05000015	          0.05000164	          0.07717009	          0.17622630	          0.05000012	          0.05000024	          0.05000045	          0.21332509	          0.16695382	          0.16621831	          0.05000001	          0.05000001	          0.05095416	          0.05000016	          0.05000021	          0.05000001	          0.08408624	          0.08716356	          0.06714042	          0.07953915	          0.05000004	          0.05000001	          0.08847772	          0.05000033	          0.05000034	          0.45888698	          0.08859846	          0.06094925	          0.21802086	          0.79754421	          0.40632612	          0.06927918	          0.05000000	          0.05000002	          0.05000013	          0.05000003	          0.05000002	          0.17171054	          0.05000194	          0.05000014	          0.05000680	          0.08368549	          0.05000022	          0.15775426	          0.18505691	          0.16350712	          0.26711047	          0.05000040	          0.05000014	          0.05000002	          0.42041118	          0.31635862	          0.25296420	          0.05000013	          0.05000003	          0.05000001	          0.09582952	          0.09646182	          0.05060175	          0.05000048	          0.05000008	          0.29762638	          0.05000000	          0.05000000	          0.05000000	          0.05000002	          0.05000005	          0.05000000	          0.05000362	          0.05000039	          0.05297380	          0.21115503	          0.05000005	          0.05000002	          0.10270997	          0.32008643	          0.71653897	          0.07572985	          0.05000161	          0.05000001	
          1.79694526	         -2.90002289	          4.05647421	         -7.41496931	          2.41150472	          0.92701105	          0.00224171	         10.53897430	          7.51331211	          0.82656459	          3.70486156	         -3.77342100	          4.14284098	         -0.09331281	        -49.88999699	         -6.55407029	         -4.19359877	         -3.67453534	          9.21316863	          3.99879285	         -7.40272665	         -9.32150997	         29.87908120	         -0.19796861	         -4.39463453	          4.74832693	         -9.94849333	        -13.54351908	         18.11152070	         -1.90480895	        -13.45004047	         19.36647799	         11.52788340	         50.78116806	         86.51662706	         86.51662706	          0.53221426	          0.36339437	          0.31268105	          0.51275191	          0.46240827	          0.42442807	          0.07106488	          0.10050768	          0.07219806	          0.05000009	          0.05000008	          0.05000004	          0.05000011	          0.05000129	          0.06537719	          0.17090445	          0.05000029	          0.05000021	          0.05000031	          0.20184339	          0.15648713	          0.15535483	          0.05000001	          0.05000001	          0.05000004	          0.05000014	          0.05000025	          0.05000002	          0.09685182	          0.10058371	          0.07679947	          0.09683236	          0.05000003	          0.05000001	          0.09756904	          0.05000042	          0.05000028	          0.41166198	          0.07505699	          0.05163373	          0.22635624	          0.75132610	          0.37056657	          0.06340168	          0.05000001	          0.05000002	          0.05000013	          0.05000003	          0.05000001	          0.14546615	          0.05000131	          0.05000013	          0.05000296	          0.07089493	          0.05000012	          0.18827334	          0.18777071	          0.15726875	          0.24859551	          0.05000033	          0.05000013	          0.05000002	          0.40268637	          0.30927504	          0.26489380	          0.05000011	          0.05000002	          0.05000000	          0.09548956	          0.09572246	          0.05000007	          0.05000043	          0.05000007	          0.25566302	          0.05000000	          0.05000000	          0.05000000	          0.05000002	          0.05000005	          0.05000000	          0.05000006	          0.05000012	          0.05000014	          0.20692392	          0.05000006	          0.05000003	          0.15742742	          0.31001129	          0.72830831	          0.07567665	          0.05000009	          0.05000001	
          1.80777023	         -2.89101260	          3.84049263	         -7.28095582	          2.42492558	          0.92883488	          0.00189800	          9.59179143	          7.44494059	          1.30580834	          5.42086180	         -3.69964551	          3.52754083	         -0.14498926	        -50.83923224	         -5.89203913	         -3.32420377	         -3.56669617	          8.64885285	          3.92290578	         -7.24999813	         -9.03020159	         29.28289991	         -0.34363355	         -4.23167252	          4.57763161	         -9.61013669	        -13.50476625	         18.65820460	         -1.76845495	        -13.44970710	         19.38771624	         11.15249333	         50.65806206	         86.51662706	         86.51662706	          0.48749771	          0.33972019	          0.27431102	          0.54864909	          0.49737675	          0.44605166	          0.06959191	          0.09686719	          0.06955898	          0.05000009	          0.05000009	          0.05000003	          0.05000008	          0.05000075	          0.05538665	          0.16249250	          0.08753962	          0.05000019	          0.05000022	          0.19657052	          0.14996221	          0.13630958	          0.05000001	          0.05000001	          0.05000005	          0.05000013	          0.05000029	          0.05000002	          0.09974872	          0.10360137	          0.07894330	          0.11501328	          0.05000003	          0.05000001	          0.10869501	          0.05000287	          0.05000046	          0.37274739	          0.06358522	          0.05000004	          0.22663884	          0.70944198	          0.33988002	          0.05857032	          0.05000000	          0.05000002	          0.05000007	          0.05000002	          0.05000001	          0.12323297	          0.05000048	          0.05000012	          0.05000151	          0.06005929	          0.05000008	          0.21867151	          0.18949303	          0.15070511	          0.23515629	          0.05000041	          0.05000013	          0.05000001	          0.38586020	          0.30129225	          0.27455408	          0.05000009	          0.05000002	          0.05000000	          0.09365879	          0.09443531	          0.05000012	          0.05000055	          0.05000008	          0.21658719	          0.05000001	          0.05000001	          0.05000000	          0.05000002	          0.05000004	          0.05000000	          0.05000003	          0.05000008	          0.05000011	          0.20224708	          0.05000032	          0.05000247	          0.22142437	          0.30264807	          0.73505478	          0.07689098	          0.05000011	          0.05000001	
          1.81859520	         -2.87855680	          3.59008782	         -7.11955094	          2.43818893	          0.93044659	          0.00157782	          8.62974198	          7.33116864	          1.78394283	          7.14317615	         -3.58148042	          2.89088640	         -0.16217258	        -51.59544542	         -5.25620184	         -2.47017524	         -3.45202990	          8.03675606	          3.86267290	         -7.09708736	         -8.71314746	         28.68386957	         -0.51269482	         -4.03876362	          4.38598861	         -9.24893387	        -13.47689392	         19.02983548	         -1.61903863	        -13.45030683	         19.36333197	         10.89318842	         50.46152581	         86.51662706	         86.51662706	          0.45069233	          0.32417755	          0.24916987	          0.57767371	          0.52570099	          0.46337942	          0.06724120	          0.09138310	          0.06587179	          0.05000008	          0.05000009	          0.05000002	          0.05000006	          0.05000054	          0.05000198	          0.15017835	          0.12988722	          0.05000016	          0.05000017	          0.18938306	          0.14192470	          0.11547606	          0.05000001	          0.05000001	          0.05000004	          0.05000012	          0.05000033	          0.05000002	          0.09655085	          0.10023900	          0.07643600	          0.13433912	          0.05000005	          0.05000001	          0.11896154	          0.05000093	          0.05000039	          0.33807400	          0.05386682	          0.05000005	          0.21161013	          0.67147269	          0.31599457	          0.05397051	          0.05000000	          0.05000002	          0.05000004	          0.05000002	          0.05000002	          0.10439792	          0.05000027	          0.05000011	          0.05000100	          0.05087979	          0.05000006	          0.24872893	          0.19081016	          0.14433303	          0.22316525	          0.05000063	          0.05000014	          0.05000001	          0.37072827	          0.29258693	          0.28185447	          0.05000008	          0.05000002	          0.05000001	          0.09101094	          0.09283363	          0.05000019	          0.05000092	          0.05000009	          0.18348375	          0.05000001	          0.05000001	          0.05000000	          0.05000001	          0.05000003	          0.05000000	          0.05000002	          0.05000007	          0.05000010	          0.20301534	          0.05189077	          0.05594345	          0.25826069	          0.29722705	          0.73786087	          0.07945667	          0.05000041	          0.05000001	
          1.82942017	         -2.86245479	          3.31696830	         -6.93022608	          2.45129959	          0.93182141	          0.00127321	          7.66322655	          7.18427668	          2.26403196	          8.87596872	         -3.42950022	          2.24277626	         -0.16185901	        -52.19546200	         -4.63617896	         -1.64360514	         -3.33517527	          7.38939397	          3.82564366	         -6.94813720	         -8.38460180	         28.09778689	         -0.70300654	         -3.82737013	          4.17578943	         -8.85698974	        -13.45962895	         19.25056608	         -1.45719048	        -13.45150301	         19.29571068	         10.72749524	         50.19095158	         86.51662706	         86.51662706	          0.42139247	          0.31537881	          0.23809602	          0.59900048	          0.54832310	          0.47918022	          0.06409893	          0.08442574	          0.06138146	          0.05000011	          0.05000011	          0.05000002	          0.05000005	          0.05000044	          0.05000114	          0.13275058	          0.16710146	          0.05000016	          0.05000016	          0.17915541	          0.13177128	          0.09782663	          0.05000001	          0.05000001	          0.05000004	          0.05000012	          0.05000038	          0.05000002	          0.08682472	          0.09009132	          0.06844734	          0.15384003	          0.06803758	          0.05000000	          0.12882412	          0.05000111	          0.05000040	          0.30822131	          0.05000009	          0.05000005	          0.19450421	          0.63601352	          0.30412940	          0.05105683	          0.05000000	          0.05000002	          0.05000003	          0.05000002	          0.05000002	          0.08844164	          0.05000021	          0.05000011	          0.05000072	          0.05000005	          0.05000004	          0.27866454	          0.19401407	          0.13963310	          0.20884373	          0.05000047	          0.05000012	          0.05000001	          0.35731538	          0.28632753	          0.28614837	          0.05000007	          0.05000002	          0.05000000	          0.08952017	          0.09235265	          0.05000031	          0.05000276	          0.05000012	          0.15543988	          0.05000001	          0.05000001	          0.05000000	          0.05000001	          0.05000003	          0.05000000	          0.05000002	          0.05000007	          0.05000010	          0.20579276	          0.06178411	          0.06045885	          0.27575899	          0.29359252	          0.74062501	          0.08321458	          0.05268386	          0.05000001	
          1.84024514	         -2.84267642	          3.03248340	         -6.71323361	          2.46426500	          0.93295494	          0.00097655	          6.69978453	          7.01638022	          2.74878672	         10.62146654	         -3.25541212	          1.59269594	         -0.15637775	        -52.66977726	         -4.02168355	         -0.84853669	         -3.22111848	          6.71332878	          3.81313766	         -6.80299476	         -8.04919091	         27.52764313	         -0.91156846	         -3.60803583	          3.94935770	         -8.42620433	        -13.45140872	         19.35606848	         -1.28240310	        -13.45299856	         19.19099868	         10.63037936	         49.84204794	         86.51662706	         86.51662706	          0.39927785	          0.31253977	          0.23785271	          0.61644780	          0.56859979	          0.49350341	          0.06021542	          0.07628092	          0.05631017	          0.05000011	          0.05000013	          0.05000002	          0.05000004	          0.05000037	          0.05000078	          0.11246146	          0.20072708	          0.05000014	          0.05000014	          0.17131908	          0.12248691	          0.08287474	          0.05000001	          0.05000001	          0.05000003	          0.05000012	          0.05000047	          0.05000003	          0.07456798	          0.07706121	          0.06031900	          0.17422339	          0.09534384	          0.05000000	          0.13816740	          0.05000180	          0.05000043	          0.28247612	          0.05000011	          0.05000004	          0.18639494	          0.60217956	          0.29291635	          0.05000058	          0.05000000	          0.05000001	          0.05000002	          0.05000002	          0.05000002	          0.07492414	          0.05000016	          0.05000010	          0.05000057	          0.05000005	          0.05000003	          0.30683665	          0.19991282	          0.13691513	          0.19352547	          0.05000037	          0.05000010	          0.05000001	          0.34480004	          0.28157284	          0.28674894	          0.05000006	          0.05000001	          0.05000000	          0.08949860	          0.09307357	          0.05000123	          0.05062044	          0.05000013	          0.13168227	          0.05000001	          0.05000001	          0.05000001	          0.05000001	          0.05000003	          0.05000000	          0.05000002	          0.05000007	          0.05000009	          0.20975010	          0.07414556	          0.06593654	          0.28701937	          0.29179199	          0.74130511	          0.08776378	          0.05878633	          0.05000001	
          1.85107011	         -2.81941885	          2.74503096	         -6.46939857	          2.47709784	          0.93386048	          0.00068163	          5.74289318	          6.83632568	          3.24067452	         12.37884735	         -3.06858415	          0.95006282	         -0.15355250	        -53.04014487	         -3.39284616	         -0.08600452	         -3.11129801	          6.01554388	          3.81697701	         -6.65971743	         -7.71506859	         26.96725682	         -1.13466774	         -3.38761325	          3.70843022	         -7.95033708	        -13.44970710	         19.38712636	         -1.09360464	        -13.45460206	         19.05784031	         10.57868833	         49.40751974	         86.51662706	         86.51662706	          0.38225404	          0.31282369	          0.24342815	          0.62979262	          0.58544813	          0.50594592	          0.05622577	          0.06783002	          0.05168405	          0.05000014	          0.05000016	          0.05000002	          0.05000004	          0.05000031	          0.05000061	          0.09527286	          0.23063550	          0.05000014	          0.05000013	          0.16315360	          0.11401600	          0.07020811	          0.05000001	          0.05000001	          0.05000003	          0.05000013	          0.05000068	          0.05000003	          0.06318297	          0.06529500	          0.05115558	          0.19532960	          0.12448375	          0.05000000	          0.14737418	          0.05000114	          0.05000038	          0.25962397	          0.05000011	          0.05000004	          0.19559890	          0.56912623	          0.28247746	          0.05000005	          0.05000000	          0.05000001	          0.05000002	          0.05000002	          0.05000002	          0.06347267	          0.05000014	          0.05000009	          0.05000049	          0.05000004	          0.05000002	          0.32710313	          0.20682267	          0.13799589	          0.18503927	          0.05000033	          0.05000009	          0.05000001	          0.33280534	          0.28148419	          0.27120550	          0.05000005	          0.05000001	          0.05000000	          0.09081764	          0.09506133	          0.05397038	          0.08808531	          0.05000013	          0.11155580	          0.05000001	          0.05000001	          0.05000001	          0.05000001	          0.05000003	          0.05000000	          0.05000002	          0.05000006	          0.05000009	          0.21467399	          0.08628482	          0.07128028	          0.29723088	          0.29172938	          0.73964467	          0.09214742	          0.06305895	          0.05000002	
          1.86189508	         -2.79302152	          2.46006280	         -6.19933132	          2.48982012	          0.93456398	          0.00038533	          4.79125334	          6.64930029	          3.74111383	         14.14130526	         -2.87585180	          0.32134869	         -0.15329417	        -53.31374519	         -2.73793660	          0.64233280	         -3.00231619	          5.30352641	          3.82970744	         -6.51421154	         -7.39839834	         26.40266033	         -1.36762407	         -3.17007986	          3.45440807	         -7.42722047	        -13.45227258	         19.37802481	         -0.89141792	        -13.45566940	         18.90417725	         10.55707946	         48.87964468	         86.51662706	         86.51662706	          0.36841017	          0.31249245	          0.24918464	          0.63409130	          0.59629608	          0.51402574	          0.05258873	          0.05919747	          0.05000047	          0.05000017	          0.05000020	          0.05000002	          0.05000004	          0.05000028	          0.05000054	          0.08071133	          0.25733798	          0.05000014	          0.05000012	          0.15226331	          0.10053005	          0.05947746	          0.05000002	          0.05000002	          0.05000003	          0.05000013	          0.05000113	          0.05000003	          0.05353238	          0.05532159	          0.05000718	          0.21728576	          0.15414813	          0.05000000	          0.15701649	          0.05000059	          0.05000031	          0.23916678	          0.05000011	          0.05000004	          0.21765690	          0.53674160	          0.27409122	          0.05000005	          0.05000000	          0.05000001	          0.05000002	          0.05000002	          0.05000002	          0.05377148	          0.05000013	          0.05000009	          0.05000041	          0.05000003	          0.05000002	          0.32672828	          0.21614335	          0.14135977	          0.18240393	          0.05000023	          0.05000008	          0.05000001	          0.32079687	          0.28553835	          0.23553869	          0.05000004	          0.05000001	          0.05000000	          0.09367259	          0.09800038	          0.06599833	          0.10808836	          0.05000013	          0.09450549	          0.05000001	          0.05000001	          0.05000001	          0.05000001	          0.05000002	          0.05000000	          0.05000002	          0.05000006	          0.05000008	          0.22021249	          0.09824313	          0.07637674	          0.31028226	          0.29275008	          0.73381629	          0.09640280	          0.06475736	          0.05000002	
          1.87272006	         -2.76387919	          2.17959876	         -5.90295954	          2.50246463	          0.93509658	          0.00008672	          3.84036965	          6.45628329	          4.25008595	         15.89324014	         -2.68046927	         -0.28912564	         -0.14979948	        -53.47767304	         -2.05831443	          1.33259252	         -2.88816119	          4.58603238	          3.84706682	         -6.36189195	         -7.11659553	         25.81426285	         -1.60489865	         -2.95608993	          3.18853246	         -6.85988134	        -13.45701665	         19.34546815	         -0.67936913	        -13.45562092	         18.73591496	         10.56082919	         48.25278566	         86.51662706	         86.51662706	          0.35649153	          0.30982825	          0.25126420	          0.63604479	          0.60292170	          0.51770327	          0.05000216	          0.05175301	          0.05000016	          0.05000037	          0.05000028	          0.05000002	          0.05000003	          0.05000025	          0.05000047	          0.06837540	          0.28166456	          0.05000013	          0.05000012	          0.13954822	          0.08517005	          0.05038692	          0.05000002	          0.05000002	          0.05000003	          0.05000014	          0.05000197	          0.05000004	          0.05000308	          0.05000335	          0.05000120	          0.24009904	          0.18426893	          0.05000000	          0.16703522	          0.05000033	          0.05000023	          0.22019698	          0.05000012	          0.05000005	          0.24509727	          0.50548271	          0.26742350	          0.05000002	          0.05000000	          0.05000001	          0.05000001	          0.05000002	          0.05000001	          0.05000012	          0.05000011	          0.05000008	          0.05000033	          0.05000003	          0.05000001	          0.31401838	          0.22311144	          0.14573532	          0.17999271	          0.05000022	          0.05000007	          0.05000001	          0.30868009	          0.28693549	          0.19953879	          0.05000004	          0.05000001	          0.05000000	          0.09660296	          0.10130309	          0.07962219	          0.12690810	          0.05000012	          0.08006116	          0.05000001	          0.05000001	          0.05000001	          0.05000001	          0.05000002	          0.05000000	          0.05000002	          0.05000005	          0.05000008	          0.22549251	          0.10991425	          0.08073408	          0.32396343	          0.29408308	          0.72174712	          0.10073990	          0.06478765	          0.05000002	
          1.88354503	         -2.73236446	          1.90249508	         -5.57965094	          2.51507161	          0.93548635	         -0.00021430	          2.88545023	          6.25452908	          4.76641721	         17.61209908	         -2.48200166	         -0.87744111	         -0.13757931	        -53.50407069	         -1.36016657	          1.97839307	         -2.76157954	          3.87212144	          3.86543437	         -6.19591570	         -6.87743761	         25.17811471	         -1.84049724	         -2.74311379	          2.91205633	         -6.25556016	        -13.46165232	         19.28841539	         -0.46351693	        -13.45451937	         18.55700897	         10.59386452	         47.52469818	         86.51662706	         86.51662706	          0.34458562	          0.30301548	          0.24623809	          0.63824770	          0.60187451	          0.51445796	          0.05000028	          0.05000068	          0.05000012	          0.06226715	          0.05000037	          0.05000002	          0.05000003	          0.05000023	          0.05000045	          0.05792496	          0.30435697	          0.05000014	          0.05000012	          0.12091184	          0.07215357	          0.05000014	          0.05000003	          0.05000003	          0.05000003	          0.05000014	          0.05000098	          0.05000005	          0.05000205	          0.05000217	          0.05000104	          0.26391636	          0.21518175	          0.05000000	          0.17755267	          0.05000020	          0.05000018	          0.20102197	          0.05000030	          0.05000013	          0.27022263	          0.47574018	          0.26055050	          0.05000003	          0.05000000	          0.05000001	          0.05000001	          0.05000002	          0.05000002	          0.05000014	          0.05000011	          0.05000008	          0.05000026	          0.05000002	          0.05000001	          0.26730553	          0.22924621	          0.15025203	          0.17836827	          0.05000019	          0.05000007	          0.05000001	          0.29602528	          0.28556690	          0.16904108	          0.05000003	          0.05000001	          0.05000000	          0.09999007	          0.10473522	          0.08764546	          0.13856793	          0.05000012	          0.06782453	          0.05000002	          0.05000002	          0.05000001	          0.05000000	          0.05000002	          0.05000000	          0.05000001	          0.05000005	          0.05000007	          0.23043405	          0.12066939	          0.08421954	          0.34104303	          0.29418156	          0.70289020	          0.10535654	          0.06122466	          0.05000002	
          1.89437000	         -2.69878421	          1.62631639	         -5.22781602	          2.52768476	          0.93575450	         -0.00051792	          1.92557851	          6.04003799	          5.28777063	         19.26827555	         -2.27768597	         -1.43794617	         -0.11751252	        -53.34752885	         -0.66170253	          2.56666961	         -2.61440927	          3.17066287	          3.89267874	         -6.01174810	         -6.67176466	         24.47056055	         -2.06819065	         -2.52777913	          2.62608634	         -5.62385651	        -13.46450139	         19.19861066	         -0.25195597	        -13.45274054	         18.36936117	         10.66578586	         46.69659822	         86.51662706	         86.51662706	          0.33052244	          0.29337678	          0.24012897	          0.62841964	          0.59160851	          0.50632997	          0.05000021	          0.05000031	          0.05000009	          0.09615886	          0.05000052	          0.05000002	          0.05000003	          0.05000022	          0.05000042	          0.05000031	          0.32627365	          0.05000013	          0.05000011	          0.10823099	          0.06112644	          0.05000015	          0.05000003	          0.05000003	          0.05000003	          0.05000014	          0.05000088	          0.05000006	          0.05000163	          0.05000170	          0.05000091	          0.28782444	          0.24476884	          0.05673006	          0.18904366	          0.05000017	          0.05000015	          0.18594925	          0.05000469	          0.05813829	          0.28027760	          0.44846750	          0.26310728	          0.05000001	          0.05000000	          0.05000001	          0.05000001	          0.05000002	          0.05000001	          0.05000012	          0.05000010	          0.05000007	          0.05000020	          0.05000002	          0.05000001	          0.22645025	          0.23486475	          0.15446018	          0.17907134	          0.05000020	          0.05000006	          0.05000001	          0.28341938	          0.28037133	          0.14320467	          0.05000003	          0.05000001	          0.05000000	          0.10367400	          0.10847417	          0.10140594	          0.14734034	          0.05000012	          0.05745822	          0.05000003	          0.05000003	          0.05000002	          0.05000001	          0.05000002	          0.05000000	          0.05000001	          0.05000007	          0.05000008	          0.23380494	          0.13049345	          0.08613300	          0.35419854	          0.29159495	          0.67989507	          0.10773233	          0.05758777	          0.05000003	
          1.90519497	         -2.66357646	          1.34959838	         -4.84633035	          2.54033814	          0.93590845	         -0.00082408	          0.96366146	          5.81029994	          5.81086767	         20.83571662	         -2.06580442	         -1.96597079	         -0.09163292	        -52.96861650	         -0.00570842	          3.08767619	         -2.44461930	          2.49181126	          3.95412733	         -5.80281456	         -6.48091323	         23.66589214	         -2.28296838	         -2.30834476	          2.33183681	         -4.97460332	        -13.46506300	         19.06803779	         -0.05199563	        -13.45091790	         18.17420310	         10.78975502	         45.77315419	         86.51662706	         86.51662706	          0.31406409	          0.28123789	          0.23492472	          0.60514608	          0.57551307	          0.49565312	          0.05000021	          0.05000034	          0.05000009	          0.13816180	          0.05000086	          0.05000002	          0.05000003	          0.05000021	          0.05000041	          0.05000024	          0.34732853	          0.05000014	          0.05000012	          0.09171746	          0.05178507	          0.05000013	          0.05000005	          0.05000005	          0.05000003	          0.05000016	          0.05000367	          0.05000005	          0.05000060	          0.05000060	          0.05000048	          0.31043982	          0.27155877	          0.07854333	          0.20074598	          0.05000020	          0.05000016	          0.17612679	          0.05000036	          0.06788882	          0.27141150	          0.42552014	          0.27947137	          0.05000002	          0.05000000	          0.05000001	          0.05000001	          0.05000002	          0.05000002	          0.05000012	          0.05000009	          0.05000007	          0.05000015	          0.05000001	          0.05000000	          0.19183934	          0.24114742	          0.15906666	          0.17867527	          0.05000020	          0.05000007	          0.05000001	          0.27108031	          0.27176377	          0.12131712	          0.05000003	          0.05000001	          0.05000000	          0.10857410	          0.11321294	          0.12422011	          0.16028932	          0.05000012	          0.05263841	          0.05000004	          0.05000004	          0.05000002	          0.05000001	          0.05000002	          0.05000000	          0.05000001	          0.05000008	          0.05000008	          0.23533942	          0.13643478	          0.08785507	          0.35980228	          0.28987598	          0.64373930	          0.10829851	          0.05682638	          0.05000003	
          1.91601994	         -2.62732566	          1.07313965	         -4.43588409	          2.55305540	          0.93594516	         -0.00113321	         -0.00127310	          5.56517237	          6.33359068	         22.29588488	         -1.84875053	         -2.46102806	         -0.05666483	        -52.34047022	          0.60175151	          3.52181549	         -2.25887219	          1.84702203	          4.03787610	         -5.56089463	         -6.29114100	         22.72969926	         -2.48113222	         -2.08551644	          2.03103825	         -4.31698453	        -13.46338833	         18.89384459	          0.13103199	        -13.44984143	         17.97338388	         10.97899803	         44.76067008	         86.51662706	         86.51662706	          0.29750330	          0.26744801	          0.22751324	          0.58399408	          0.55590140	          0.47994677	          0.05000020	          0.05000025	          0.05000008	          0.17543978	          0.05003007	          0.05000002	          0.05000003	          0.05000019	          0.05000039	          0.05000018	          0.36680429	          0.05000015	          0.05000013	          0.07770622	          0.05000082	          0.05000011	          0.05000007	          0.05000007	          0.05000003	          0.05000017	          0.05000405	          0.05000005	          0.05000046	          0.05000046	          0.05000038	          0.33313780	          0.30057743	          0.09796586	          0.21176620	          0.05000025	          0.05000019	          0.16889339	          0.05000023	          0.07949719	          0.25196806	          0.40472192	          0.28273305	          0.05000004	          0.05000000	          0.05000001	          0.05000001	          0.05000002	          0.05000002	          0.05000011	          0.05000009	          0.05000007	          0.05000010	          0.05000001	          0.05000000	          0.16251839	          0.24809694	          0.16320543	          0.17868143	          0.05000021	          0.05000007	          0.05000001	          0.25848318	          0.26194223	          0.10277488	          0.05000003	          0.05000001	          0.05000000	          0.11353814	          0.11758730	          0.15160894	          0.16569680	          0.05000012	          0.05066302	          0.05000005	          0.05000005	          0.05000003	          0.05000001	          0.05000002	          0.05000000	          0.05000001	          0.05000009	          0.05000009	          0.23505878	          0.13909048	          0.08948837	          0.35706856	          0.28947856	          0.59849423	          0.10793668	          0.05786266	          0.05000002	
          1.92684491	         -2.59072714	          0.79991856	         -3.99872793	          2.56585337	          0.93585656	         -0.00144568	         -0.97367290	          5.30660977	          6.85676967	         23.63574171	         -1.63191958	         -2.92472253	         -0.00788460	        -51.44592357	          1.19150463	          3.84693865	         -2.06419068	          1.24780660	          4.11499305	         -5.27818063	         -6.09726390	         21.63155497	         -2.65987525	         -1.86235172	          1.72581158	         -3.65922333	        -13.45985609	         18.67990530	          0.29361997	        -13.44977527	         17.76905288	         11.24472517	         43.66488851	         86.51662706	         86.51662706	          0.27977294	          0.25251172	          0.21956212	          0.55812823	          0.53193439	          0.46213192	          0.05000019	          0.05000025	          0.05000007	          0.20912770	          0.07555045	          0.05000002	          0.05000004	          0.05000018	          0.05000039	          0.05000016	          0.38502461	          0.05000015	          0.05000014	          0.06583487	          0.05000067	          0.05000011	          0.05000010	          0.05000011	          0.05000003	          0.05000019	          0.05076295	          0.05000005	          0.05000036	          0.05000036	          0.05000031	          0.35552534	          0.32793417	          0.11809422	          0.22244548	          0.05000031	          0.05000023	          0.16122575	          0.05000019	          0.09395209	          0.22532308	          0.38643948	          0.29204694	          0.05000003	          0.05000000	          0.05000001	          0.05000001	          0.05000002	          0.05000002	          0.05000011	          0.05000009	          0.05000007	          0.05000007	          0.05000001	          0.05000000	          0.13767889	          0.25030780	          0.16626500	          0.17744339	          0.05000026	          0.05000008	          0.05000001	          0.24638813	          0.24353762	          0.08706666	          0.05000003	          0.05000001	          0.05000001	          0.11824557	          0.12191263	          0.17797797	          0.16939088	          0.05000013	          0.05000075	          0.05000007	          0.05000008	          0.05000004	          0.05000001	          0.05000002	          0.05000000	          0.05000002	          0.05000010	          0.05000010	          0.23333011	          0.13901255	          0.09053875	          0.34778929	          0.28974495	          0.54911013	          0.10528620	          0.05953508	          0.05000002	
          1.93766988	         -2.55463931	          0.53586084	         -3.53786523	          2.57874109	          0.93562812	         -0.00176187	         -1.95790601	          5.03983627	          7.38097489	         24.84711396	         -1.42371766	         -3.35849151	          0.06509248	        -50.27791004	          1.75865074	          4.05197156	         -1.86813803	          0.70603535	          4.18727640	         -4.95133643	         -5.89668442	         20.36056765	         -2.81744783	         -1.64544741	          1.41799713	         -3.00824358	        -13.45570182	         18.43592551	          0.43373133	        -13.45021253	         17.56297088	         11.59596674	         42.49211377	         86.51662706	         86.51662706	          0.26322373	          0.23709340	          0.21076530	          0.53052939	          0.50739521	          0.44289659	          0.05000025	          0.05000027	          0.05000008	          0.24021346	          0.11164755	          0.05000002	          0.05000004	          0.05000018	          0.05000039	          0.05000015	          0.40157433	          0.05000017	          0.05000015	          0.05577766	          0.05000044	          0.05000011	          0.05000015	          0.05000014	          0.05000004	          0.05000020	          0.06038969	          0.05000004	          0.05000031	          0.05000030	          0.05000027	          0.37812634	          0.35517626	          0.13831064	          0.23245086	          0.05000038	          0.05000029	          0.15378351	          0.05000015	          0.11021545	          0.19612714	          0.37000241	          0.29881976	          0.05000009	          0.05000000	          0.05000001	          0.05000001	          0.05000002	          0.05000002	          0.05000011	          0.05000010	          0.05000008	          0.05000004	          0.05000001	          0.05000000	          0.11663589	          0.25098515	          0.16771921	          0.16974437	          0.05000027	          0.05000008	          0.05000001	          0.23429670	          0.22313902	          0.07375930	          0.05000003	          0.05000001	          0.05000001	          0.12341914	          0.12624117	          0.20172709	          0.17047305	          0.05000016	          0.05000020	          0.05000011	          0.05000011	          0.05000004	          0.05000001	          0.05000002	          0.05000000	          0.05000002	          0.05000012	          0.05000012	          0.23058496	          0.13636806	          0.09147348	          0.33034788	          0.29120521	          0.49754468	          0.10215509	          0.06227171	          0.05000002	
          1.94849486	         -2.51999488	          0.28816862	         -3.05721961	          2.59172279	          0.93524046	         -0.00208342	         -2.95872039	          4.77189369	          7.90681778	         25.92598304	         -1.23421370	         -3.76419757	          0.17421447	        -48.83875695	          2.29502146	          4.13347041	         -1.68317220	          0.23330752	          4.25497994	         -4.58173485	         -5.68759439	         18.92410075	         -2.95293897	         -1.44256768	          1.10968904	         -2.36968621	        -13.45221404	         18.17600010	          0.54986281	        -13.45079769	         17.35612925	         12.03898123	         41.25042071	         86.51662706	         86.51662706	          0.24920897	          0.22408959	          0.20496172	          0.51350093	          0.48793933	          0.42579629	          0.05000023	          0.05000025	          0.05000007	          0.27000287	          0.15331355	          0.05000003	          0.05000004	          0.05000018	          0.05000039	          0.05000013	          0.41772369	          0.05000019	          0.05000018	          0.05000697	          0.05000036	          0.05000011	          0.05003240	          0.05001922	          0.05000004	          0.05000023	          0.07300332	          0.05000004	          0.05000025	          0.05000025	          0.05000022	          0.40069399	          0.38166646	          0.15818438	          0.24192542	          0.05000037	          0.05000032	          0.14649131	          0.05000014	          0.12770592	          0.17106224	          0.35596270	          0.30692491	          0.05004702	          0.05000000	          0.05000001	          0.05000002	          0.05000003	          0.05000003	          0.05000012	          0.05000011	          0.05000009	          0.05000002	          0.05000001	          0.05000000	          0.09880913	          0.24961254	          0.16825647	          0.14401655	          0.05000027	          0.05000009	          0.05000002	          0.22233452	          0.19978345	          0.06248586	          0.05000004	          0.05000001	          0.05000001	          0.13000524	          0.13105582	          0.21226586	          0.16977823	          0.05000018	          0.05000018	          0.05000012	          0.05000011	          0.05000003	          0.05000001	          0.05000003	          0.05000000	          0.05000003	          0.05000015	          0.05000014	          0.22878886	          0.13481634	          0.09301624	          0.31107842	          0.29458128	          0.44710571	          0.09977394	          0.06671674	          0.05000001	
          1.95931983	         -2.48779623	          0.06394513	         -2.56121467	          2.60480056	          0.93467234	         -0.00241392	         -3.98152297	          4.51002449	          8.43421466	         26.87191207	         -1.07304671	         -4.14242397	          0.33216103	        -47.14018741	          2.79234444	          4.10139264	         -1.52190083	         -0.16838540	          4.31864738	         -4.17248886	         -5.46805530	         17.33992194	         -3.06599727	         -1.26078080	          0.80297838	         -1.74804643	        -13.45014053	         17.91585730	          0.64025402	        -13.45157445	         17.14762845	         12.57670385	         39.95039870	         86.51662706	         86.51662706	          0.23920313	          0.21722546	          0.20762823	          0.49363108	          0.47025010	          0.41191290	          0.05000052	          0.05000027	          0.05000008	          0.29995946	          0.14517100	          0.05000003	          0.05000004	          0.05000017	          0.05000040	          0.05000014	          0.41744099	          0.05000019	          0.05000019	          0.05000945	          0.05000042	          0.05000012	          0.06309883	          0.05709364	          0.05000004	          0.05000025	          0.08771134	          0.05000004	          0.05000025	          0.05000024	          0.05000022	          0.42331372	          0.40758739	          0.17737632	          0.25109091	          0.05000027	          0.05000028	          0.13930673	          0.05000023	          0.14563940	          0.16135725	          0.34454646	          0.31655632	          0.05000147	          0.05000000	          0.05000001	          0.05000002	          0.05000003	          0.05000004	          0.05000013	          0.05000012	          0.05000011	          0.05000001	          0.05000001	          0.05000000	          0.08370703	          0.24121921	          0.16558042	          0.12200780	          0.05000032	          0.05000011	          0.05000002	          0.20940868	          0.16938268	          0.05293547	          0.05000005	          0.05000002	          0.05000002	          0.13588035	          0.13531065	          0.21731122	          0.16510595	          0.05000024	          0.05000009	          0.05000012	          0.05000011	          0.05000003	          0.05000001	          0.05000003	          0.05000001	          0.05000003	          0.05000018	          0.05000016	          0.22862383	          0.13288030	          0.09468403	          0.28919424	          0.29995565	          0.39990858	          0.09619063	          0.07266401	          0.05000001	
          1.97014480	         -2.45922916	         -0.13158166	         -2.05392508	          2.61797217	          0.93390503	         -0.00275689	         -5.02758086	          4.26053001	          8.96056044	         27.68674786	         -0.94544157	         -4.49015325	          0.54306369	        -45.19945563	          3.24616864	          3.97803181	         -1.39574271	         -0.50899288	          4.37975695	         -3.72811003	         -5.23533575	         15.63100884	         -3.15728084	         -1.10493213	          0.49901968	         -1.14661445	        -13.44971082	         17.66845578	          0.70328942	        -13.45236115	         16.93338223	         13.20926814	         38.60458194	         86.51662706	         86.51662706	          0.23357458	          0.21510868	          0.21670781	          0.47727707	          0.45766872	          0.40375215	          0.05372822	          0.05000881	          0.05000011	          0.33138542	          0.14128236	          0.05000003	          0.05000005	          0.05000018	          0.05000042	          0.05000015	          0.39416319	          0.05000022	          0.05000022	          0.05000577	          0.05000042	          0.05000014	          0.07212904	          0.08055113	          0.05000005	          0.05000029	          0.10472554	          0.05000003	          0.05000022	          0.05000022	          0.05000020	          0.44583748	          0.43301714	          0.19556747	          0.26083540	          0.05000022	          0.05000024	          0.13623900	          0.06078459	          0.16099082	          0.16715999	          0.33569214	          0.33138910	          0.05000693	          0.05000000	          0.05000001	          0.05000003	          0.05000004	          0.05000005	          0.05000015	          0.05000015	          0.05000013	          0.05000001	          0.05000001	          0.05000000	          0.07091315	          0.22842844	          0.16207947	          0.10336051	          0.05000028	          0.05000011	          0.05000002	          0.19536681	          0.14354782	          0.05000006	          0.05000006	          0.05000002	          0.05000002	          0.14273477	          0.13962992	          0.22490755	          0.16347010	          0.05000032	          0.05000006	          0.05000008	          0.05000007	          0.05000002	          0.05000001	          0.05000003	          0.05000001	          0.05000004	          0.05000021	          0.05000020	          0.22958256	          0.13054441	          0.09647312	          0.26453113	          0.30805674	          0.35526933	          0.09168838	          0.07888293	          0.05000001	
          1.98096977	         -2.43552969	         -0.29718096	         -1.53915239	          2.63123212	          0.93292660	         -0.00311443	         -6.09195907	          4.02710269	          9.48087010	         28.37368741	         -0.85083221	         -4.80427863	          0.79786112	        -43.03571923	          3.65868757	          3.78424159	         -1.31536352	         -0.80021895	          4.44013105	         -3.25506721	         -4.98664119	         13.82494321	         -3.22844406	         -0.97549489	          0.19854700	         -0.56775291	        -13.45032512	         17.44129139	          0.73692545	        -13.45289476	         16.70458643	         13.93496508	         37.22801809	         86.51662706	         86.51662706	          0.23252479	          0.21843843	          0.23111411	          0.46636148	          0.45273963	          0.39987876	          0.06283555	          0.05889972	          0.05000015	          0.36427352	          0.14350994	          0.05000003	          0.05000005	          0.05000017	          0.05000043	          0.05000016	          0.38161646	          0.05000022	          0.05000025	          0.05000692	          0.05000050	          0.05000016	          0.08921919	          0.10780256	          0.05000005	          0.05000034	          0.12072473	          0.05000003	          0.05000022	          0.05000021	          0.05000019	          0.46828120	          0.45832673	          0.21291433	          0.27115010	          0.05000019	          0.05000021	          0.13815933	          0.08560690	          0.17465495	          0.18563990	          0.32888706	          0.35046306	          0.05000081	          0.05000000	          0.05000001	          0.05000003	          0.05000005	          0.05000006	          0.05000016	          0.05000016	          0.05000016	          0.05000000	          0.05000001	          0.05000000	          0.06007471	          0.21002020	          0.16144793	          0.08756335	          0.05000028	          0.05000012	          0.05000003	          0.18069586	          0.12171677	          0.05000008	          0.05000007	          0.05000003	          0.05000003	          0.15102394	          0.14415125	          0.23392254	          0.16228317	          0.05000046	          0.05000004	          0.05000006	          0.05000005	          0.05000001	          0.05000001	          0.05000004	          0.05000001	          0.05000005	          0.05000024	          0.05000023	          0.23152266	          0.12805078	          0.09807565	          0.24160210	          0.31900433	          0.31363075	          0.08651935	          0.08568399	          0.05000001	
          1.99179474	         -2.41790741	         -0.43524032	         -1.02036364	          2.64457343	          0.93173400	         -0.00348693	         -7.16317889	          3.81114141	          9.98852699	         28.93719997	         -0.78382788	         -5.08211339	          1.07407811	        -40.66927355	          4.03811507	          3.53833776	         -1.28829670	         -1.05346430	          4.50070605	         -2.76058780	         -4.71775484	         11.95069817	         -3.28173726	         -0.86900629	         -0.09808870	         -0.01374260	        -13.45125122	         17.23907401	          0.73841173	        -13.45287944	         16.44777642	         14.75242145	         35.83831889	         86.51662706	         86.51662706	          0.23632294	          0.22487955	          0.24449197	          0.46616879	          0.45350646	          0.39752029	          0.07420751	          0.07157992	          0.05000017	          0.39706069	          0.14274118	          0.05000004	          0.05000005	          0.05000017	          0.05000044	          0.05000017	          0.36629393	          0.05000022	          0.05000028	          0.05000756	          0.05000060	          0.05000019	          0.10673493	          0.13796667	          0.05000006	          0.05000039	          0.13376992	          0.05000002	          0.05000020	          0.05000020	          0.05000018	          0.49049971	          0.48360937	          0.22977735	          0.28231697	          0.05000015	          0.05000017	          0.14202084	          0.11309979	          0.18722328	          0.21498032	          0.32315183	          0.37180182	          0.05000008	          0.05000000	          0.05000001	          0.05000003	          0.05000006	          0.05000008	          0.05000017	          0.05000018	          0.05000018	          0.05000000	          0.05000001	          0.05000000	          0.05089282	          0.20386142	          0.16617875	          0.07418171	          0.05000033	          0.05000014	          0.05000004	          0.16465108	          0.10403314	          0.05000009	          0.05000008	          0.05000004	          0.05000003	          0.15869779	          0.14768919	          0.24362091	          0.15485691	          0.05000053	          0.05000003	          0.05000004	          0.05000003	          0.05000001	          0.05000002	          0.05000004	          0.05000001	          0.05000006	          0.05000027	          0.05000027	          0.23420286	          0.12546975	          0.09973144	          0.22030427	          0.33225743	          0.27473903	          0.08140082	          0.09372168	          0.05000002	
          2.00261971	         -2.40741644	         -0.55084750	         -0.50058919	          2.65799144	          0.93033281	         -0.00387331	         -8.22749545	          3.61157782	         10.47542252	         29.38326069	         -0.73578276	         -5.32119964	          1.34440920	        -38.12327267	          4.39665326	          3.25767323	         -1.31561202	         -1.27986466	          4.55876126	         -2.25159194	         -4.42216078	         10.03517885	         -3.31938238	         -0.77899663	         -0.39104969	          0.51264745	        -13.45180266	         17.06478453	          0.70385273	        -13.45224240	         16.14589677	         15.66053859	         34.45597007	         86.51662706	         86.51662706	          0.24334758	          0.23150145	          0.25347383	          0.46538671	          0.45332789	          0.39418901	          0.08713641	          0.08514171	          0.05000856	          0.42737795	          0.14338506	          0.05000004	          0.05000006	          0.05000017	          0.05000045	          0.05000018	          0.35171686	          0.05000024	          0.05000035	          0.05000716	          0.05000062	          0.05000021	          0.13291250	          0.16674491	          0.05000006	          0.05000045	          0.14284075	          0.05000002	          0.05000019	          0.05000018	          0.05000017	          0.51232458	          0.50887204	          0.24667950	          0.29475470	          0.05000012	          0.05000014	          0.14528939	          0.13854386	          0.19834657	          0.24464137	          0.31712860	          0.39327981	          0.05000004	          0.05000000	          0.05000001	          0.05000004	          0.05000007	          0.05000008	          0.05000019	          0.05000019	          0.05000019	          0.05000000	          0.05000001	          0.05000000	          0.05000001	          0.17270391	          0.17427418	          0.06734031	          0.05000040	          0.05000016	          0.05000004	          0.14747061	          0.09784677	          0.05000009	          0.05000009	          0.05000004	          0.05000004	          0.16291143	          0.14859693	          0.25579284	          0.14919133	          0.05000065	          0.05000002	          0.05000003	          0.05000003	          0.05000001	          0.05000002	          0.05000004	          0.05000001	          0.05000007	          0.05000032	          0.05000032	          0.23735731	          0.12255237	          0.10098044	          0.19936115	          0.34720138	          0.23881836	          0.07684390	          0.10131971	          0.05000003	
          2.01344468	         -2.40489249	         -0.65044690	          0.01788096	          2.67148549	          0.92873620	         -0.00427107	         -9.26967865	          3.42613935	         10.93335342	         29.71788491	         -0.69613893	         -5.51882578	          1.57839065	        -35.42258512	          4.74777608	          2.95802020	         -1.39350922	         -1.48899792	          4.61049013	         -1.73402812	         -4.09064511	          8.10240377	         -3.34314416	         -0.69770442	         -0.68100273	          1.00823032	        -13.45155118	         16.91979088	          0.62776063	        -13.45105296	         15.77862781	         16.65793015	         33.10457698	         86.51662706	         86.51662706	          0.25315594	          0.23667326	          0.25650073	          0.46337017	          0.45048534	          0.38953623	          0.10011193	          0.09788563	          0.05556870	          0.45225518	          0.13995598	          0.05000004	          0.05000006	          0.05000017	          0.05000047	          0.05000019	          0.34453782	          0.05000025	          0.05000047	          0.05000628	          0.05000068	          0.05000024	          0.16489976	          0.20006365	          0.05000007	          0.05000051	          0.14624572	          0.05000001	          0.05000017	          0.05000017	          0.05000016	          0.53349356	          0.53392571	          0.26416340	          0.30864870	          0.05000010	          0.05000012	          0.14572955	          0.15879452	          0.20792542	          0.26326990	          0.30952229	          0.41326148	          0.05000002	          0.05000000	          0.05000001	          0.05000004	          0.05000008	          0.05000010	          0.05000020	          0.05000021	          0.05000021	          0.05000000	          0.05000001	          0.05000000	          0.05000002	          0.14630777	          0.18121809	          0.08663763	          0.05000043	          0.05000019	          0.05000005	          0.12768760	          0.08714573	          0.05000011	          0.05000010	          0.05000005	          0.05000005	          0.16088292	          0.14576993	          0.26925180	          0.13992501	          0.05000080	          0.05000002	          0.05000002	          0.05000002	          0.05000000	          0.05000002	          0.05000005	          0.05000001	          0.05000009	          0.05000034	          0.05000035	          0.24091561	          0.11829993	          0.10224823	          0.17967175	          0.36347168	          0.20608496	          0.07198287	          0.10808690	          0.05000003	
          2.02426966	         -2.41085711	         -0.74086567	          0.53340276	          2.68505887	          0.92696447	         -0.00467544	        -10.27403866	          3.25225957	         11.35438601	         29.94511338	         -0.65344317	         -5.67335275	          1.74463404	        -32.58896468	          5.10266522	          2.65095252	         -1.51543126	         -1.68851086	          4.65325065	         -1.21377886	         -3.71249022	          6.17444897	         -3.35442986	         -0.61750850	         -0.96905144	          1.46932330	        -13.45067446	         16.80375534	          0.50330978	        -13.44983181	         15.32548823	         17.74321841	         31.81107121	         86.51662706	         86.51662706	          0.26452128	          0.24105494	          0.25464146	          0.46291175	          0.44679037	          0.38381435	          0.11223827	          0.10870786	          0.06195694	          0.46825623	          0.13082683	          0.05000004	          0.05000006	          0.05000017	          0.05000048	          0.05000021	          0.34539604	          0.05000024	          0.05000054	          0.05000621	          0.05000077	          0.05000028	          0.19917417	          0.23920347	          0.05000007	          0.05000052	          0.14307689	          0.05000001	          0.05000016	          0.05000016	          0.05000015	          0.55359246	          0.55839879	          0.28269220	          0.32408717	          0.05000009	          0.05000011	          0.14136069	          0.17287303	          0.21597564	          0.26260725	          0.29920431	          0.42943282	          0.05000001	          0.05000001	          0.05000002	          0.05000005	          0.05000009	          0.05000012	          0.05000020	          0.05000021	          0.05000022	          0.05000000	          0.05000002	          0.05000000	          0.05000003	          0.12394599	          0.18738112	          0.12814270	          0.05000393	          0.05000034	          0.05000008	          0.10817278	          0.07726561	          0.05000013	          0.05000013	          0.05000007	          0.05000008	          0.15331656	          0.14038417	          0.28363381	          0.11869963	          0.05000056	          0.05000001	          0.05000002	          0.05000002	          0.05000000	          0.05000002	          0.05000005	          0.05000001	          0.05000010	          0.05000044	          0.05000042	          0.24474035	          0.11459365	          0.10300458	          0.16186090	          0.38026021	          0.17596262	          0.06654931	          0.11449060	          0.05000439	
          2.03509463	         -2.42555141	         -0.82817994	          1.04484628	          2.69871848	          0.92504560	         -0.00508069	        -11.22652591	          3.08769186	         11.73079928	         30.06674210	         -0.59710742	         -5.78446073	          1.81542117	        -29.63994905	          5.46729538	          2.34447745	         -1.67311252	         -1.88385919	          4.68372990	         -0.69755987	         -3.27426647	          4.27524062	         -3.35448904	         -0.53196796	         -1.25654207	          1.89178593	        -13.44997032	         16.71549919	          0.32279853	        -13.45038379	         14.77116180	         18.91529982	         30.60554592	         86.51662706	         86.51662706	          0.27911309	          0.24339411	          0.24810446	          0.46020828	          0.44188785	          0.37727657	          0.12266589	          0.11650940	          0.06771406	          0.47234382	          0.13219753	          0.05000005	          0.05000006	          0.05000017	          0.05000049	          0.05000022	          0.37668004	          0.05000027	          0.05000106	          0.05000398	          0.05000070	          0.05000030	          0.24583094	          0.27857181	          0.05000008	          0.05000055	          0.13147308	          0.05000001	          0.05000014	          0.05000014	          0.05000013	          0.57206672	          0.58172666	          0.30251005	          0.34094741	          0.05000008	          0.05000011	          0.13187851	          0.18098565	          0.22269374	          0.22247677	          0.28563428	          0.43968201	          0.05000001	          0.05000001	          0.05000002	          0.05000005	          0.05000010	          0.05000015	          0.05000022	          0.05000023	          0.05000025	          0.05000000	          0.05000002	          0.05000001	          0.05000003	          0.10500199	          0.19060021	          0.15567847	          0.07085121	          0.05000049	          0.05000013	          0.09163976	          0.07101656	          0.05000015	          0.05000016	          0.05000010	          0.05000014	          0.14315006	          0.13526351	          0.28560558	          0.10056569	          0.05000088	          0.05000001	          0.05000002	          0.05000002	          0.05000000	          0.05000002	          0.05000005	          0.05000001	          0.05000012	          0.05000040	          0.05000042	          0.24811302	          0.11202822	          0.10451757	          0.14662384	          0.39767942	          0.15255405	          0.06167555	          0.12099073	          0.06186075	
          2.04591960	         -2.44899157	         -0.91792808	          1.55152110	          2.71247143	          0.92301705	         -0.00548557	        -12.11400032	          2.92982464	         12.05681940	         30.08313980	         -0.51870493	         -5.85295025	          1.76564349	        -26.59038358	          5.84489558	          2.04386710	         -1.85528886	         -2.07783626	          4.69610345	         -0.19209477	         -2.76138851	          2.43516079	         -3.34533525	         -0.43429904	         -1.54316735	          2.27278834	        -13.44972211	         16.65641779	          0.07702030	        -13.45750300	         14.10831772	         20.17294290	         29.52238711	         86.51662706	         86.51662706	          0.29536201	          0.24736128	          0.24169755	          0.45975517	          0.44010286	          0.37267968	          0.12903857	          0.11987801	          0.07120180	          0.46155869	          0.13730481	          0.05000005	          0.05000007	          0.05000018	          0.05000050	          0.05000024	          0.40034352	          0.05000030	          0.05000290	          0.05000334	          0.05000067	          0.05000031	          0.29479964	          0.34147351	          0.05000008	          0.05000058	          0.13403938	          0.05000001	          0.05000013	          0.05000013	          0.05000013	          0.58829849	          0.60326452	          0.32376654	          0.35878456	          0.05000009	          0.05000030	          0.11459000	          0.18551633	          0.22864451	          0.18847326	          0.26881703	          0.44097447	          0.05000001	          0.05000001	          0.05000002	          0.05000007	          0.05000012	          0.05000016	          0.05000026	          0.05000026	          0.05000027	          0.05000001	          0.05000003	          0.05000001	          0.05000003	          0.08895341	          0.19564530	          0.17882687	          0.11947689	          0.05000770	          0.05000037	          0.07763357	          0.06647977	          0.05000018	          0.05000020	          0.05000013	          0.05000020	          0.12127090	          0.11458979	          0.27209584	          0.08519710	          0.05000055	          0.05000001	          0.05000002	          0.05000002	          0.05000000	          0.05000002	          0.05000006	          0.05000001	          0.05000012	          0.05000050	          0.05000050	          0.25197561	          0.11081950	          0.10535059	          0.13287527	          0.41492182	          0.13465769	          0.05713333	          0.12448940	          0.07487910	
          2.05674457	         -2.48085374	         -1.01399812	          2.05326993	          2.72633283	          0.92092839	         -0.00588922	        -12.92568596	          2.77660807	         12.32768054	         29.98796441	         -0.41180592	         -5.87962917	          1.57449076	        -23.44497832	          6.23352259	          1.75533947	         -2.05022012	         -2.27257954	          4.68378028	          0.29453396	         -2.16447259	          0.68514557	         -3.32831402	         -0.31971056	         -1.82799827	          2.60894482	        -13.45134421	         16.63354368	         -0.24361459	        -13.47667797	         13.34212915	         21.51551836	         28.59346514	         86.51662706	         86.51662706	          0.31336686	          0.25033069	          0.23187324	          0.46206887	          0.43997473	          0.36591836	          0.13121108	          0.11868114	          0.07243425	          0.43393239	          0.13620042	          0.05000005	          0.05000007	          0.05000016	          0.05000048	          0.05000024	          0.42036238	          0.05000028	          0.05000615	          0.05000359	          0.05000077	          0.05000034	          0.34195134	          0.39853195	          0.05000008	          0.05000063	          0.12709875	          0.05000001	          0.05000012	          0.05000012	          0.05000011	          0.60159397	          0.62228113	          0.34637706	          0.37690111	          0.05000008	          0.09011732	          0.09707595	          0.19097550	          0.23469962	          0.15966683	          0.24899622	          0.43152714	          0.05000000	          0.05000001	          0.05000002	          0.05000007	          0.05000013	          0.05000018	          0.05000025	          0.05000026	          0.05000027	          0.05000001	          0.05000004	          0.05000001	          0.05000004	          0.07535771	          0.19817312	          0.19513018	          0.15141996	          0.08794614	          0.05790981	          0.06576810	          0.06118444	          0.05000026	          0.05000026	          0.05000020	          0.05000232	          0.10273574	          0.09707578	          0.25855131	          0.07217683	          0.05000051	          0.05000001	          0.05000002	          0.05000002	          0.05000001	          0.05000003	          0.05000006	          0.05000001	          0.05000014	          0.05000040	          0.05000045	          0.25582951	          0.10999675	          0.10688709	          0.12457251	          0.43236769	          0.12835494	          0.05337475	          0.12872083	          0.08518679	
          2.06756954	         -2.52037878	         -1.11767200	          2.54949396	          2.74033105	          0.91883672	         -0.00628802	        -13.65826534	          2.62590120	         12.54064034	         29.77122640	         -0.27235410	         -5.86538289	          1.23482268	        -20.20819113	          6.61956033	          1.49092042	         -2.24234127	         -2.46865957	          4.64204524	          0.75659330	         -1.48089692	         -0.94490109	         -3.30313929	         -0.18680196	         -2.11032667	          2.89448811	        -13.45830209	         16.65843501	         -0.64773212	        -13.51163080	         12.48831966	         22.94318203	         27.84284055	         86.51662706	         86.51662706	          0.33340174	          0.25074355	          0.21747420	          0.46687538	          0.44123886	          0.35862872	          0.12899931	          0.11229508	          0.07096543	          0.38722184	          0.14489617	          0.05000006	          0.05000008	          0.05000018	          0.05000051	          0.05000025	          0.44127340	          0.05000036	          0.05002759	          0.05000245	          0.05000064	          0.05000034	          0.38156060	          0.45258509	          0.05000009	          0.05000062	          0.12402794	          0.05000001	          0.05000012	          0.05000011	          0.05000011	          0.61099220	          0.63767039	          0.36960180	          0.39480017	          0.05000009	          0.14660555	          0.08223876	          0.19716576	          0.24041612	          0.13526319	          0.21093939	          0.41001015	          0.05000000	          0.05000001	          0.05000002	          0.05000010	          0.05000017	          0.05000021	          0.05000033	          0.05000032	          0.05000031	          0.05000001	          0.05000005	          0.05000002	          0.05000004	          0.06383999	          0.19949011	          0.20340444	          0.17340664	          0.12189302	          0.07537663	          0.05571618	          0.05778611	          0.05000030	          0.05000032	          0.05000021	          0.06697615	          0.08703350	          0.08223862	          0.23570454	          0.06114618	          0.05000047	          0.05000001	          0.05000003	          0.05000002	          0.05000001	          0.05000002	          0.05000004	          0.05000001	          0.05000010	          0.05000041	          0.05000039	          0.26075597	          0.10763608	          0.10713696	          0.13442588	          0.44876528	          0.13404742	          0.05239463	          0.13295143	          0.09153232	
          2.07839451	         -2.56631015	         -1.22815981	          3.03887543	          2.75450919	          0.91680120	         -0.00667649	        -14.31964472	          2.47357169	         12.69384168	         29.42427806	         -0.09872638	         -5.81133349	          0.76018650	        -16.89796303	          6.97869933	          1.27556994	         -2.41357570	         -2.66603431	          4.55730335	          1.18476537	         -0.69529219	         -2.43111550	         -3.26747028	         -0.03661950	         -2.38983044	          3.12130523	        -13.47497991	         16.74265591	         -1.14203026	        -13.56348428	         11.56985517	         24.45445107	         27.28307627	         86.51662706	         86.51662706	          0.35390299	          0.25049431	          0.20056420	          0.48488210	          0.44861218	          0.34819207	          0.11043830	          0.09708855	          0.06624009	          0.32803843	          0.14787917	          0.05000005	          0.05000007	          0.05000015	          0.05000045	          0.05000023	          0.46188561	          0.05000031	          0.05001383	          0.05000272	          0.05000070	          0.05000034	          0.40501459	          0.50345106	          0.05000008	          0.05000062	          0.12116328	          0.05000001	          0.05000010	          0.05000010	          0.05000010	          0.61583380	          0.64873671	          0.39218185	          0.41149146	          0.05000015	          0.19735803	          0.06966930	          0.20195245	          0.24524490	          0.11458943	          0.17869917	          0.36157463	          0.05000000	          0.05000000	          0.05000001	          0.05000014	          0.05000023	          0.05000031	          0.05000034	          0.05000034	          0.05000037	          0.05737856	          0.05000008	          0.05000003	          0.05000004	          0.05408268	          0.19887380	          0.20596997	          0.18609071	          0.14655460	          0.09005112	          0.05000036	          0.05012002	          0.05000047	          0.05000065	          0.05000133	          0.08563368	          0.07373121	          0.06966919	          0.21294124	          0.05180179	          0.05000046	          0.05000001	          0.05000004	          0.05000003	          0.05000002	          0.05000001	          0.05000003	          0.05000000	          0.05000009	          0.05000038	          0.05000035	          0.26417739	          0.10564837	          0.10814631	          0.15726696	          0.46279046	          0.14867933	          0.05295813	          0.13733791	          0.09327510	
          2.08921948	         -2.61694786	         -1.34283409	          3.51909344	          2.76891784	          0.91487712	         -0.00704815	        -14.92520929	          2.31494751	         12.78611767	         28.94984954	          0.10751722	         -5.72036483	          0.17717072	        -13.56816371	          7.28395911	          1.13747913	         -2.54822351	         -2.86514870	          4.40587625	          1.56434485	          0.22397977	         -3.75006267	         -3.21754126	          0.12766161	         -2.66628061	          3.28053383	        -13.50561819	         16.89440562	         -1.72939058	        -13.63005396	         10.61138058	         26.04409690	         26.91240191	         86.51662706	         86.51662706	          0.37129079	          0.24735012	          0.18320975	          0.49038964	          0.45199609	          0.33633357	          0.09355893	          0.08224948	          0.05810659	          0.27790066	          0.16039560	          0.05000006	          0.05000008	          0.05000016	          0.05000047	          0.05000024	          0.48220999	          0.05000038	          0.05000426	          0.05000181	          0.05000058	          0.05000033	          0.47062402	          0.54776490	          0.05000008	          0.05000059	          0.12869947	          0.05000001	          0.05000011	          0.05000011	          0.05000011	          0.61569164	          0.65481019	          0.41249477	          0.42576713	          0.07070213	          0.24585540	          0.05902097	          0.20679273	          0.24935676	          0.09707546	          0.15138659	          0.30631120	          0.05000000	          0.05000000	          0.05000001	          0.05000025	          0.05000039	          0.05000046	          0.05000051	          0.05000046	          0.05000045	          0.14139608	          0.05000007	          0.05000004	          0.05000003	          0.05000014	          0.20126393	          0.21036339	          0.19970844	          0.16488447	          0.09963717	          0.05000025	          0.05001666	          0.05000034	          0.05001050	          0.05833647	          0.09579992	          0.06246206	          0.05902088	          0.19504745	          0.05000148	          0.05000045	          0.05000002	          0.05000008	          0.05000007	          0.05000004	          0.05000001	          0.05000003	          0.05000001	          0.05000009	          0.05000035	          0.05000035	          0.26322598	          0.10954516	          0.10978633	          0.15539164	          0.47249775	          0.15356219	          0.06065238	          0.13565116	          0.08550119	
          2.10004446	         -2.66974834	         -1.45887662	          3.98754060	          2.78360233	          0.91311413	         -0.00739647	        -15.47626403	          2.14819303	         12.81906718	         28.37096123	          0.34378035	         -5.59441849	         -0.51735813	        -10.33388740	          7.52156325	          1.09771625	         -2.62716232	         -3.06454702	          4.16912404	          1.88830507	          1.31168475	         -4.87767526	         -3.14900592	          0.30248563	         -2.93895884	          3.36660355	        -13.55293805	         17.12025512	         -2.40611855	        -13.70515454	          9.63272002	         27.69856317	         26.71004666	         86.51662706	         86.51662706	          0.38832897	          0.24059535	          0.15966701	          0.49941122	          0.45951820	          0.30999510	          0.07925935	          0.06967841	          0.05000035	          0.23542600	          0.17028139	          0.05000006	          0.05000007	          0.05000014	          0.05000043	          0.05000022	          0.50189283	          0.05000034	          0.05000087	          0.05000295	          0.05000072	          0.05000035	          0.49105024	          0.59400173	          0.05000009	          0.05000076	          0.12681224	          0.05000001	          0.05000012	          0.05000012	          0.05000012	          0.61004288	          0.65536286	          0.42938936	          0.43635340	          0.13704479	          0.28933068	          0.05000014	          0.21054990	          0.25253341	          0.08223835	          0.12824849	          0.25949426	          0.05000000	          0.05000000	          0.05000001	          0.05000038	          0.05000046	          0.05000044	          0.05000055	          0.05000047	          0.05000045	          0.21261372	          0.05000007	          0.05000002	          0.05000002	          0.05000014	          0.20609844	          0.21970813	          0.20310794	          0.17025226	          0.10196597	          0.05000025	          0.05001804	          0.05000035	          0.06001428	          0.06532317	          0.09615083	          0.05291530	          0.05000011	          0.17904174	          0.05000116	          0.05000036	          0.05000003	          0.05000023	          0.05000020	          0.05000012	          0.05000001	          0.05000002	          0.05000001	          0.05000008	          0.05000043	          0.05000040	          0.25973494	          0.10800041	          0.11105818	          0.16251156	          0.47744674	          0.16337687	          0.07157386	          0.13287354	          0.07243312	
          2.11086943	         -2.72195653	         -1.57240130	          4.44105453	          2.79860392	          0.91155445	         -0.00771435	        -15.96678146	          1.97457572	         12.79589044	         27.71623584	          0.60691169	         -5.43574519	         -1.34026776	         -7.31715999	          7.68009742	          1.15087553	         -2.63387736	         -3.26434237	          3.83252589	          2.15203218	          2.60144222	         -5.79265113	         -3.05687720	          0.48283276	         -3.20684844	          3.37633652	        -13.61841838	         17.42552723	         -3.16168734	        -13.77733233	          8.63988153	         29.39723652	         26.63546526	         86.51662706	         86.51662706	          0.40399910	          0.22247741	          0.13526350	          0.51194245	          0.46867450	          0.26261611	          0.06714532	          0.05902870	          0.05000009	          0.19944322	          0.17598612	          0.05000005	          0.05000006	          0.05000013	          0.05000040	          0.05000023	          0.52062865	          0.05000032	          0.05000038	          0.05000220	          0.05000063	          0.05000034	          0.49268097	          0.63344180	          0.05000008	          0.05000053	          0.11458960	          0.05000050	          0.05000015	          0.05000015	          0.05000014	          0.59786573	          0.64895069	          0.44170686	          0.44314183	          0.17945997	          0.33008620	          0.05000001	          0.20794951	          0.25425472	          0.06966896	          0.10864684	          0.21983286	          0.05000001	          0.05000000	          0.05000000	          0.05000074	          0.05000067	          0.05000044	          0.05000069	          0.05000052	          0.05000044	          0.28089374	          0.05000008	          0.05000061	          0.05000002	          0.05000012	          0.21158643	          0.22588198	          0.20523336	          0.17125218	          0.10065845	          0.05000026	          0.05001406	          0.05000038	          0.06849798	          0.06883737	          0.09356983	          0.05000004	          0.05000005	          0.16624125	          0.05000074	          0.05000031	          0.05000006	          0.05710315	          0.05670921	          0.05030348	          0.05000000	          0.05000001	          0.05000001	          0.05000007	          0.05000046	          0.05000035	          0.25355358	          0.10574869	          0.11164353	          0.17509191	          0.47759777	          0.18081220	          0.08065164	          0.13029903	          0.06136238	
          2.12169440	         -2.77114114	         -1.67953787	          4.87579791	          2.81395620	          0.91022695	         -0.00799346	        -16.38798653	          1.79581376	         12.71929241	         27.01070580	          0.89508681	         -5.24645176	         -2.31084580	         -4.61557404	          7.74633169	          1.27141258	         -2.55043635	         -3.45839125	          3.38596327	          2.35340817	          4.12502474	         -6.48688338	         -2.93686649	          0.66364570	         -3.46833783	          3.30837998	        -13.70283793	         17.81550512	         -3.97986323	        -13.82908266	          7.61120050	         31.11675234	         26.63314044	         86.51662706	         86.51662706	          0.41911670	          0.18847384	          0.11458971	          0.50638092	          0.46791622	          0.22247763	          0.05688285	          0.05000672	          0.05000006	          0.16896009	          0.17804978	          0.05000005	          0.05000005	          0.05000011	          0.05000036	          0.05000021	          0.53814835	          0.05000026	          0.05000034	          0.05001269	          0.05000156	          0.05000042	          0.48945881	          0.66692468	          0.05000015	          0.05000313	          0.09707569	          0.08741678	          0.05000017	          0.05000017	          0.05000017	          0.57878760	          0.63528523	          0.44853358	          0.44385756	          0.20930675	          0.36089432	          0.05000001	          0.18847141	          0.25691761	          0.05902070	          0.09204113	          0.18623336	          0.05000001	          0.05000000	          0.05000000	          0.05000121	          0.05000068	          0.05000039	          0.05000078	          0.05000056	          0.05000044	          0.33693871	          0.05000009	          0.08343709	          0.05000002	          0.05000012	          0.21479982	          0.21809463	          0.19945191	          0.16683034	          0.09769715	          0.05000025	          0.05001412	          0.05000047	          0.06748085	          0.06726534	          0.08847349	          0.05000005	          0.05000005	          0.14892422	          0.05000065	          0.05000027	          0.05000020	          0.07321130	          0.07423575	          0.06541539	          0.05000000	          0.05000002	          0.05000002	          0.05000009	          0.05000017	          0.05000020	          0.24495077	          0.10355361	          0.11516018	          0.18014344	          0.47490714	          0.20137491	          0.08819659	          0.12652488	          0.05198370	
          2.13251937	         -2.81535424	         -1.77767781	          5.28843660	          2.82969246	          0.90914721	         -0.00822603	        -16.73880950	          1.61110289	         12.59135182	         26.27121792	          1.20828028	         -5.02756949	         -3.42877858	         -2.30175662	          7.69748219	          1.41929606	         -2.37115419	         -3.63972048	          2.81128706	          2.49251548	          5.92117725	         -6.95854031	         -2.78454267	          0.84129220	         -3.72138731	          3.16236466	        -13.80644133	         18.29969487	         -4.84197813	        -13.83495789	          6.48018084	         32.83223808	         26.63679650	         86.51662706	         86.51662706	          0.43939978	          0.15966730	          0.09707570	          0.51285441	          0.41190913	          0.18847392	          0.05000018	          0.05000005	          0.05000004	          0.14313603	          0.17057844	          0.05000007	          0.05000007	          0.05000013	          0.05000039	          0.05000022	          0.55439729	          0.05000042	          0.05000020	          0.05000098	          0.05000045	          0.05000030	          0.46812433	          0.68932618	          0.05000006	          0.05000037	          0.08223858	          0.12597425	          0.05000044	          0.05000043	          0.05000038	          0.55091742	          0.60965610	          0.44700986	          0.43818800	          0.22874691	          0.38456002	          0.05000000	          0.15966533	          0.26123617	          0.05000006	          0.07797346	          0.15776925	          0.05000003	          0.05000000	          0.05000000	          0.05000084	          0.05000047	          0.05000031	          0.05000077	          0.05000051	          0.05000041	          0.37658137	          0.05000010	          0.10342843	          0.05000003	          0.05000013	          0.21417521	          0.19881043	          0.18386633	          0.15848655	          0.09613962	          0.05000018	          0.05001964	          0.05000053	          0.06276063	          0.06389441	          0.08359835	          0.05000005	          0.05000005	          0.13412933	          0.05000066	          0.05000028	          0.05134641	          0.08102237	          0.08262056	          0.06931046	          0.05000000	          0.05000001	          0.05000001	          0.05000007	          0.05000127	          0.05000031	          0.23927849	          0.09846415	          0.11612563	          0.19598523	          0.46916064	          0.19610735	          0.09277107	          0.12409257	          0.05000003	
          2.14334434	         -2.85320248	         -1.86637752	          5.67688400	          2.84583974	          0.90831371	         -0.00840607	        -17.02199141	          1.41592164	         12.40461713	         25.50837046	          1.54782658	         -4.77859496	         -4.68417607	         -0.42529364	          7.51369895	          1.55317919	         -2.07429977	         -3.80314768	          2.10134949	          2.57486913	          8.00494773	         -7.25151159	         -2.59641829	          1.01484870	         -3.96347205	          2.94002559	        -13.92944305	         18.89586847	         -5.72801431	        -13.75902395	          5.11399450	         34.51934290	         26.57476274	         86.51662706	         86.51662706	          0.45348354	          0.13526359	          0.08223855	          0.52959937	          0.36844943	          0.15966737	          0.05000037	          0.05000008	          0.05000005	          0.12125896	          0.15973142	          0.05000008	          0.05000009	          0.05000016	          0.05000049	          0.05000030	          0.56981962	          0.05000047	          0.05000024	          0.05000200	          0.05000069	          0.05000042	          0.50824325	          0.62522759	          0.05000009	          0.05000060	          0.06966920	          0.17000761	          0.05000150	          0.05000152	          0.05000103	          0.51642481	          0.57691688	          0.43755282	          0.42786503	          0.27795985	          0.41292192	          0.05000000	          0.13526191	          0.25880910	          0.05000005	          0.06605591	          0.13365563	          0.05000003	          0.05000000	          0.05000000	          0.05025944	          0.05000090	          0.05000047	          0.05000083	          0.05000071	          0.05000060	          0.39614337	          0.06397266	          0.11203497	          0.05000005	          0.05000017	          0.21301980	          0.19503907	          0.18029445	          0.15568338	          0.09461790	          0.05000025	          0.05001695	          0.06948598	          0.06656710	          0.06543031	          0.08078084	          0.05000006	          0.05000007	          0.12114986	          0.05000071	          0.05000027	          0.05016207	          0.07903751	          0.08098361	          0.06650910	          0.05000000	          0.05000002	          0.05000001	          0.05000008	          0.05999890	          0.05000063	          0.23626228	          0.09592783	          0.11836520	          0.21467662	          0.46462472	          0.19960677	          0.09046180	          0.11740496	          0.05000008	
          2.15416931	         -2.88382103	         -1.95306774	          6.03804525	          2.86242067	          0.90770580	         -0.00852139	        -17.24143231	          1.19727970	         12.15286366	         24.72684055	          1.92398573	         -4.50005611	         -6.06107761	          0.98735920	          7.18556709	          1.62711236	         -1.65533203	         -3.94040604	          1.22386686	          2.62829494	         10.42692953	         -7.43445768	         -2.36933229	          1.18884469	         -4.19444414	          2.62827377	        -14.00680297	         19.31113594	         -6.61573031	        -13.63487310	          3.77349792	         36.12987538	         26.38821404	         86.51662706	         86.51662706	          0.47470555	          0.11458975	          0.06966913	          0.58735777	          0.31213546	          0.13526364	          0.05000031	          0.05000005	          0.05000004	          0.10272560	          0.14030581	          0.05000003	          0.05000004	          0.05000008	          0.05000027	          0.05000016	          0.58326896	          0.05000021	          0.05000018	          0.05002765	          0.05000241	          0.05000039	          0.45572278	          0.65858778	          0.05000013	          0.05000270	          0.05902092	          0.17572921	          0.05000028	          0.05000026	          0.05000026	          0.47620122	          0.53926645	          0.42086396	          0.40815067	          0.29506640	          0.42127143	          0.05000000	          0.11458833	          0.24615098	          0.05000002	          0.05595985	          0.11322756	          0.05000001	          0.05000000	          0.05000000	          0.05000030	          0.05000077	          0.05000020	          0.05000669	          0.05000095	          0.05000039	          0.39503711	          0.07515372	          0.10996455	          0.05000006	          0.05000012	          0.20661335	          0.18794466	          0.18042992	          0.16025630	          0.09884720	          0.05000010	          0.05001801	          0.11171814	          0.06698621	          0.06896903	          0.08725259	          0.05000004	          0.05000004	          0.10476839	          0.05000082	          0.05000042	          0.05000025	          0.06964879	          0.07053689	          0.05663227	          0.05000001	          0.05000003	          0.05038285	          0.05000022	          0.07472244	          0.05003534	          0.23257512	          0.09623307	          0.12087324	          0.20034711	          0.46210852	          0.20203145	          0.08740802	          0.10821531	          0.05000005	
