name C:\Users\u0150099\Documents\master_thesis\3dpredictsim\Results\debug\Fal_s1_mtjc5_sc_cspx10_oy2_MTc2_MTPm_k1_d01_MTJm_nl_MG_exp5_table_d01_PF_Natali2010_ls146_ig21.mot
datacolumns 128
datarows 200
range 0.000000 2.167849
endheader
time	pelvis_tilt	pelvis_list	pelvis_rotation	pelvis_tx	pelvis_ty	pelvis_tz	hip_flexion_l	hip_adduction_l	hip_rotation_l	hip_flexion_r	hip_adduction_r	hip_rotation_r	knee_angle_l	knee_angle_r	ankle_angle_l	ankle_angle_r	subtalar_angle_l	subtalar_angle_r	mtj_angle_l	mtj_angle_r	mtp_angle_l	mtp_angle_r	lumbar_extension	lumbar_bending	lumbar_rotation	arm_flex_l	arm_add_l	arm_rot_l	arm_flex_r	arm_add_r	arm_rot_r	elbow_flex_l	elbow_flex_r	pro_sup_l	pro_sup_r	glut_med1_l/activation	glut_med2_l/activation	glut_med3_l/activation	glut_min1_l/activation	glut_min2_l/activation	glut_min3_l/activation	semimem_l/activation	semiten_l/activation	bifemlh_l/activation	bifemsh_l/activation	sar_l/activation	add_long_l/activation	add_brev_l/activation	add_mag1_l/activation	add_mag2_l/activation	add_mag3_l/activation	tfl_l/activation	pect_l/activation	grac_l/activation	glut_max1_l/activation	glut_max2_l/activation	glut_max3_l/activation	iliacus_l/activation	psoas_l/activation	quad_fem_l/activation	gem_l/activation	peri_l/activation	rect_fem_l/activation	vas_med_l/activation	vas_int_l/activation	vas_lat_l/activation	med_gas_l/activation	lat_gas_l/activation	soleus_l/activation	tib_post_l/activation	flex_dig_l/activation	flex_hal_l/activation	tib_ant_l/activation	per_brev_l/activation	per_long_l/activation	per_tert_l/activation	ext_dig_l/activation	ext_hal_l/activation	ercspn_l/activation	intobl_l/activation	extobl_l/activation	glut_med1_r/activation	glut_med2_r/activation	glut_med3_r/activation	glut_min1_r/activation	glut_min2_r/activation	glut_min3_r/activation	semimem_r/activation	semiten_r/activation	bifemlh_r/activation	bifemsh_r/activation	sar_r/activation	add_long_r/activation	add_brev_r/activation	add_mag1_r/activation	add_mag2_r/activation	add_mag3_r/activation	tfl_r/activation	pect_r/activation	grac_r/activation	glut_max1_r/activation	glut_max2_r/activation	glut_max3_r/activation	iliacus_r/activation	psoas_r/activation	quad_fem_r/activation	gem_r/activation	peri_r/activation	rect_fem_r/activation	vas_med_r/activation	vas_int_r/activation	vas_lat_r/activation	med_gas_r/activation	lat_gas_r/activation	soleus_r/activation	tib_post_r/activation	flex_dig_r/activation	flex_hal_r/activation	tib_ant_r/activation	per_brev_r/activation	per_long_r/activation	per_tert_r/activation	ext_dig_r/activation	ext_hal_r/activation	ercspn_r/activation	intobl_r/activation	extobl_r/activation	
          0.00000000	         -2.91756285	         -1.66347393	          4.91835775	          0.00000000	          0.90609772	         -0.00657687	        -12.36382416	          1.74781784	          3.33781815	         32.11736190	          1.77412098	         -6.51421937	        -18.68687967	        -18.26796590	          5.48190617	         10.85020196	         -0.96539029	         -0.52355855	          0.10814668	          4.10386718	         23.69048701	         -4.94467137	         -4.47499593	          0.34039274	         -0.86944856	          5.12513907	        -13.67629833	         19.10849589	         -2.69137632	        -13.46514923	         10.95799724	         36.92093579	         20.15445720	         86.51662706	         86.51662706	          0.26747188	          0.05000092	          0.05000029	          0.57939568	          0.17719464	          0.05907478	          0.05000757	          0.05000094	          0.05000078	          0.05000082	          0.05000749	          0.05037604	          0.05000478	          0.05000392	          0.05001343	          0.05005754	          0.42544229	          0.05002699	          0.05000159	          0.05000676	          0.05000427	          0.05000373	          0.24396856	          0.51160764	          0.05000032	          0.05000106	          0.05000068	          0.59754701	          0.19835034	          0.19722608	          0.16290267	          0.47539593	          0.66014749	          0.18732159	          0.42754848	          0.56916478	          0.49437567	          0.05000004	          0.06980460	          0.24674605	          0.05000400	          0.05000058	          0.06980528	          0.05000029	          0.05000063	          0.05000042	          0.05000405	          0.05001815	          0.05000399	          0.05906513	          0.05010379	          0.05001635	          0.30965417	          0.08247570	          0.15853919	          0.05823893	          0.07667960	          0.08980241	          0.11152601	          0.13129796	          0.05995727	          0.17413717	          0.05000339	          0.05005756	          0.10308563	          0.05001673	          0.05000802	          0.19084583	          0.09092875	          0.09576148	          0.22695249	          0.05900142	          0.05542665	          0.05000087	          0.05000487	          0.05000411	          0.05000255	          0.09893332	          0.05001481	          0.05305251	          0.05000031	          0.05000196	          0.05000165	          0.52156440	          0.15832432	          0.14664176	          0.06318295	          0.61637117	          0.39471947	          0.06494796	          0.08213875	          0.08563076	
          0.01089372	         -2.92607981	         -1.74404416	          5.32015244	          0.01713858	          0.90460283	         -0.00627715	        -13.54983165	          1.20575194	          2.89370482	         32.05498178	          2.01605069	         -6.46055858	        -18.18459966	        -18.09231827	          4.50513176	         10.65433640	          0.36327592	         -0.79300712	         -0.91193653	          4.25115102	         25.78120115	         -4.58153983	         -4.32268945	          0.45877631	         -1.00628973	          4.95816358	        -13.63993457	         19.26194265	         -3.69382958	        -13.45264615	         10.23746160	         38.31962651	         19.81257088	         86.51662706	         86.51662706	          0.22637228	          0.05000077	          0.05000035	          0.49036503	          0.14996678	          0.05000169	          0.05000591	          0.05000081	          0.05000073	          0.05000077	          0.05002030	          0.09669448	          0.05003484	          0.05000358	          0.05001057	          0.05000501	          0.36007251	          0.06979219	          0.05000169	          0.05000816	          0.05000502	          0.05000406	          0.20648063	          0.60963290	          0.05000037	          0.05000107	          0.05000060	          0.50999753	          0.19126311	          0.19008164	          0.15853084	          0.45721704	          0.63761127	          0.18320966	          0.37633743	          0.62658868	          0.41848707	          0.05000013	          0.05907837	          0.20883047	          0.05000037	          0.05000019	          0.05907894	          0.05000371	          0.05000038	          0.05000037	          0.05000348	          0.05000125	          0.05905736	          0.05000110	          0.05000147	          0.05000604	          0.31414261	          0.06980552	          0.15853003	          0.06980458	          0.06491613	          0.08488913	          0.09441333	          0.13078787	          0.16032675	          0.21556132	          0.05000886	          0.05903600	          0.11720528	          0.05001186	          0.06048339	          0.23384195	          0.07695966	          0.08104738	          0.20849390	          0.05000708	          0.05000293	          0.05000055	          0.05000079	          0.05000075	          0.05000063	          0.09745301	          0.07891569	          0.05000014	          0.05698115	          0.05002800	          0.05000321	          0.52111797	          0.17758932	          0.15138465	          0.05907951	          0.61534696	          0.44162561	          0.06651888	          0.09042724	          0.07247275	
          0.02178743	         -2.92990139	         -1.82220286	          5.70914600	          0.03462403	          0.90305637	         -0.00592519	        -14.62031284	          0.65280888	          2.43240579	         31.99039380	          2.26265131	         -6.37619618	        -17.88901167	        -18.65420872	          3.36884919	         10.18710196	          1.71456689	         -1.06891419	         -2.00267229	          4.31610301	         28.01864629	         -4.14720938	         -4.14956937	          0.57259003	         -1.14221135	          4.70641216	        -13.60680964	         19.34714337	         -4.75526269	        -13.44972470	          9.73806018	         39.73015852	         19.55262397	         86.51662706	         86.51662706	          0.19158755	          0.05000036	          0.05000016	          0.41501464	          0.12692280	          0.05000108	          0.05001458	          0.05000096	          0.05000073	          0.05000176	          0.05000543	          0.11310749	          0.24777010	          0.05000313	          0.05001267	          0.07539474	          0.30474492	          0.05908156	          0.05000118	          0.05000390	          0.05000258	          0.05000245	          0.17475243	          0.56189773	          0.05000016	          0.05000076	          0.05000091	          0.43618961	          0.18432535	          0.18488198	          0.15548794	          0.41798410	          0.57150990	          0.15676251	          0.31850869	          0.54956647	          0.35418261	          0.11133070	          0.05000062	          0.17674112	          0.05000043	          0.05000012	          0.05000094	          0.05000009	          0.05000012	          0.05000047	          0.05907654	          0.05907773	          0.05000085	          0.05907849	          0.05907826	          0.05011658	          0.26736834	          0.05907928	          0.13417008	          0.05907844	          0.05494212	          0.12994323	          0.17083344	          0.14873841	          0.16679354	          0.22135743	          0.05000137	          0.05002730	          0.09919648	          0.05000398	          0.05665998	          0.26504715	          0.08247790	          0.08247827	          0.44460332	          0.18997716	          0.10802806	          0.05000023	          0.05000077	          0.05000079	          0.05000052	          0.08247818	          0.06678950	          0.05387502	          0.05907823	          0.05907801	          0.05907808	          0.53237363	          0.22020532	          0.18410566	          0.05000127	          0.71791154	          0.46795801	          0.05629762	          0.08438694	          0.06177279	
          0.03268115	         -2.92981178	         -1.89514390	          6.07230082	          0.05238108	          0.90142406	         -0.00552463	        -15.53857450	          0.10043474	          1.98191749	         31.89674714	          2.48320314	         -6.29415914	        -17.87918165	        -19.94245553	          2.12844966	          9.40614097	          3.07974892	         -1.39052220	         -3.00705245	          4.39725678	         30.03258502	         -3.62417227	         -3.96343799	          0.67844085	         -1.27111744	          4.36668190	        -13.59207424	         19.38566212	         -5.84505496	        -13.45661002	          9.45632768	         41.19438651	         19.33755472	         86.51662706	         86.51662706	          0.16214788	          0.05907823	          0.05907821	          0.35124262	          0.10741983	          0.05907825	          0.05001111	          0.05006192	          0.05907964	          0.05000043	          0.05000302	          0.29312795	          0.45213943	          0.35004716	          0.13770156	          0.17207783	          0.25791836	          0.05000636	          0.05907917	          0.05908234	          0.05908158	          0.05908680	          0.14789961	          0.53672278	          0.05907874	          0.05907852	          0.05907766	          0.36916373	          0.17534635	          0.17670990	          0.14981990	          0.35375579	          0.48369065	          0.13267400	          0.26956590	          0.46512067	          0.29975845	          0.26975113	          0.05063037	          0.17092805	          0.05000058	          0.05000031	          0.05000042	          0.06973180	          0.05907810	          0.05158427	          0.05000014	          0.05000038	          0.06783973	          0.05000059	          0.05000056	          0.05000058	          0.22628390	          0.05000111	          0.11355321	          0.05000039	          0.06979001	          0.10997756	          0.34800088	          0.30851376	          0.25742929	          0.27891886	          0.05907764	          0.06983288	          0.08395415	          0.05000452	          0.14900722	          0.33115857	          0.06980473	          0.06980485	          0.66791603	          0.16078552	          0.09143074	          0.06980501	          0.21439966	          0.20628259	          0.18229617	          0.06980463	          0.06980338	          0.06654506	          0.05000022	          0.05000013	          0.05000019	          0.66642162	          0.18636816	          0.15581562	          0.39233274	          0.71379698	          0.69179234	          0.05000011	          0.07141988	          0.05228077	
          0.04357486	         -2.92764153	         -1.97268935	          6.40399663	          0.07029555	          0.89976965	         -0.00510399	        -16.24934829	         -0.44784110	          1.60537872	         31.59312208	          2.66515910	         -6.14122695	        -18.25332870	        -21.29142676	          0.86372378	          8.64758188	          4.43573141	         -1.72191588	         -3.86165897	          4.57513872	         31.47652850	         -3.14521026	         -3.77063253	          0.78819189	         -1.39258846	          3.94915147	        -13.59004354	         19.37837056	         -6.91795369	        -13.47495315	          9.40555459	         42.70971380	         19.10455635	         86.51662706	         86.51662706	          0.16284158	          0.05000032	          0.05000018	          0.29727167	          0.09091380	          0.05000075	          0.05009665	          0.05000474	          0.05000190	          0.05907843	          0.05002568	          0.30280665	          0.53395204	          0.29625852	          0.11654397	          0.14563736	          0.30188679	          0.05908764	          0.05000301	          0.05000582	          0.05000417	          0.05000817	          0.12517384	          0.67564463	          0.05000061	          0.05000064	          0.05000024	          0.31243735	          0.14840245	          0.14955646	          0.12679841	          0.29939689	          0.40936607	          0.11648816	          0.22814382	          0.39364963	          0.25369721	          0.41266919	          0.17613623	          0.15002018	          0.06680194	          0.05000055	          0.05000021	          0.09662107	          0.05000004	          0.05000243	          0.33808195	          0.38951954	          0.44158955	          0.39888457	          0.36620715	          0.39691229	          0.19151292	          0.16599262	          0.13578703	          0.09773598	          0.05907914	          0.09307833	          0.29452640	          0.26110718	          0.21787315	          0.29848202	          0.05000166	          0.05910421	          0.21328378	          0.27195089	          0.26009194	          0.35502342	          0.05907854	          0.05907862	          0.56528263	          0.13607956	          0.18987916	          0.05907861	          0.18145449	          0.17458470	          0.15428410	          0.05907827	          0.05907724	          0.05631958	          0.16426208	          0.06455226	          0.06869431	          0.72257162	          0.15773117	          0.19263855	          0.64798358	          0.83420484	          0.70110237	          0.08951613	          0.13605888	          0.05000010	
          0.05446858	         -2.92773581	         -2.04076199	          6.67539186	          0.08789450	          0.89832846	         -0.00463924	        -16.62831732	         -0.97272001	          1.30994798	         31.31209812	          2.82363066	         -6.04578100	        -19.17669731	        -22.61808436	         -0.33947761	          7.51137987	          5.86897028	         -2.09900480	         -4.52993758	          4.98873433	         32.00567854	         -2.58650323	         -3.61808629	          0.89942596	         -1.49638199	          3.53140770	        -13.58205038	         19.32504580	         -7.84558878	        -13.49982767	          9.62668172	         44.19851001	         18.74065596	         86.51662706	         86.51662706	          0.13781908	          0.05001027	          0.05001128	          0.25159241	          0.07694423	          0.05001096	          0.05004194	          0.05000624	          0.05612493	          0.05000072	          0.05000145	          0.47578735	          0.45192374	          0.35138760	          0.13607256	          0.13604839	          0.29005785	          0.05000972	          0.05000217	          0.05018613	          0.06987214	          0.11513020	          0.10593940	          0.71497926	          0.05000118	          0.06598807	          0.05907470	          0.32843845	          0.15046951	          0.14994112	          0.13605508	          0.25339081	          0.34646198	          0.09858851	          0.19837054	          0.33316074	          0.21471477	          0.43562282	          0.14907091	          0.12696779	          0.08236965	          0.05000038	          0.05000024	          0.13386915	          0.05000009	          0.05000019	          0.43981277	          0.51399275	          0.48276378	          0.38506678	          0.39236425	          0.33592715	          0.16208461	          0.14048702	          0.11492183	          0.08271772	          0.05000141	          0.07877597	          0.24927252	          0.44115661	          0.41964706	          0.35228935	          0.05000125	          0.05002488	          0.20375669	          0.38407464	          0.34371456	          0.43363972	          0.05000050	          0.05000057	          0.47842027	          0.11516969	          0.16070291	          0.05000050	          0.30186970	          0.30725089	          0.27282919	          0.05000020	          0.05000021	          0.05000002	          0.15311191	          0.05463304	          0.05813863	          0.75566512	          0.20271926	          0.16304332	          0.79607937	          0.90395627	          0.82685119	          0.12929306	          0.11515174	          0.05000018	
          0.06536230	         -2.92919361	         -2.08839289	          6.89127193	          0.10504477	          0.89726440	         -0.00414684	        -16.66674405	         -1.45870042	          1.12854623	         31.10472609	          2.97622202	         -5.96600819	        -20.61750810	        -23.99564954	         -1.47453101	          6.26529518	          7.33102339	         -2.54898731	         -5.02479380	          5.15361733	         31.44957938	         -2.35982926	         -3.51107555	          1.00520998	         -1.58909973	          3.14805212	        -13.55957196	         19.25003724	         -8.59272202	        -13.52157744	         10.08307864	         45.59442562	         18.21434137	         86.51662706	         86.51662706	          0.11664173	          0.05000221	          0.05000176	          0.21293249	          0.06512149	          0.05000404	          0.05004665	          0.05001964	          0.05394422	          0.05000130	          0.05000508	          0.49472689	          0.41294180	          0.29739352	          0.11516566	          0.11514359	          0.32005575	          0.12673257	          0.05903854	          0.05003596	          0.05914414	          0.09744130	          0.08966087	          0.72881548	          0.17871427	          0.05585122	          0.05000330	          0.27797032	          0.12734813	          0.12690092	          0.11514863	          0.21445414	          0.29322385	          0.08583800	          0.20287866	          0.28196657	          0.18172325	          0.38843230	          0.12616436	          0.10745763	          0.06971315	          0.07089033	          0.05000153	          0.15135134	          0.05000013	          0.05000021	          0.48503578	          0.55849464	          0.54485292	          0.32589728	          0.33207359	          0.28431440	          0.13717836	          0.12117843	          0.09935688	          0.07000720	          0.05000134	          0.06667176	          0.31718608	          0.48001762	          0.45844571	          0.36958675	          0.05000128	          0.05001582	          0.17244887	          0.43578615	          0.38807741	          0.46949392	          0.05000039	          0.05000042	          0.40490676	          0.09747335	          0.13603164	          0.05000034	          0.32686120	          0.35136071	          0.30178773	          0.05000014	          0.05000043	          0.05000006	          0.16223013	          0.06737663	          0.06289845	          0.73929715	          0.18542025	          0.18932455	          0.88187020	          0.94436263	          0.80555634	          0.14321279	          0.09745723	          0.05000021	
          0.07625601	         -2.93016904	         -2.11341894	          7.06220094	          0.12185632	          0.89658362	         -0.00364358	        -16.39740323	         -1.89916160	          1.02712894	         30.84722011	          3.14088751	         -5.85146825	        -22.51640623	        -25.30306690	         -2.56636350	          5.29532423	          8.73371754	         -3.05949181	         -5.38554480	          5.37154694	         29.91599633	         -2.15902215	         -3.42883386	          1.09968194	         -1.67286521	          2.79086655	        -13.52847469	         19.17984369	         -9.19771011	        -13.53404983	         10.68897962	         46.88539528	         17.57298480	         86.51662706	         86.51662706	          0.09871867	          0.05000322	          0.05000244	          0.18021343	          0.05511618	          0.05000618	          0.05002510	          0.05000289	          0.05000661	          0.05000081	          0.05000508	          0.51174062	          0.34948915	          0.25169578	          0.09747022	          0.09745074	          0.35345520	          0.14546161	          0.05005529	          0.05003809	          0.05007875	          0.08246981	          0.07588506	          0.69899693	          0.26368136	          0.05003414	          0.05002034	          0.26210093	          0.10777959	          0.10740109	          0.09745467	          0.18150057	          0.24816639	          0.07264799	          0.19524514	          0.23863898	          0.15379990	          0.32874483	          0.10677767	          0.09094547	          0.05900125	          0.16697405	          0.44967418	          0.16137826	          0.05000026	          0.05000019	          0.55520991	          0.59411174	          0.56816960	          0.27582146	          0.28104856	          0.24064846	          0.11609933	          0.10977908	          0.09012773	          0.05924990	          0.05000187	          0.05642905	          0.32474055	          0.46531059	          0.47615656	          0.38445452	          0.05000135	          0.05002511	          0.14595942	          0.45660578	          0.40635452	          0.48129839	          0.05000050	          0.05000051	          0.34268826	          0.08249621	          0.11513208	          0.05000035	          0.34907194	          0.39430571	          0.33662567	          0.05000016	          0.05000041	          0.05000006	          0.17829958	          0.05702374	          0.05323386	          0.79596379	          0.23762954	          0.20278916	          0.93156814	          0.96776972	          0.88736028	          0.14264177	          0.08248171	          0.05000025	
          0.08714973	         -2.92961874	         -2.12098050	          7.19716969	          0.13838027	          0.89624688	         -0.00313414	        -15.84837317	         -2.29458006	          0.97081857	         30.49593728	          3.32850769	         -5.68066115	        -24.80796433	        -26.48030262	         -3.68144579	          4.64413565	         10.00373907	         -3.61872768	         -5.58162910	          5.52928973	         27.59526300	         -2.09804261	         -3.36116750	          1.18418682	         -1.74963728	          2.45763711	        -13.49641881	         19.13341419	         -9.69344173	        -13.53540761	         11.36065152	         48.07330542	         16.87656008	         86.51662706	         86.51662706	          0.08354991	          0.05002089	          0.07543056	          0.15252342	          0.05000667	          0.05200352	          0.05001378	          0.05000171	          0.05000360	          0.05000067	          0.05001046	          0.51596897	          0.29578622	          0.21301990	          0.08249349	          0.08247651	          0.38906191	          0.12443820	          0.05000699	          0.05003653	          0.05002649	          0.06979847	          0.08313909	          0.64001692	          0.25835212	          0.05047052	          0.12599892	          0.22905168	          0.09121798	          0.09089763	          0.08247959	          0.15361074	          0.21003259	          0.06148480	          0.17128357	          0.20196919	          0.13016696	          0.27822906	          0.09037004	          0.09933107	          0.05000046	          0.27237240	          0.68120103	          0.16550662	          0.05000444	          0.05000019	          0.60295416	          0.60886800	          0.56600513	          0.26094482	          0.23787377	          0.24153769	          0.09825959	          0.10245651	          0.08556208	          0.05014580	          0.05000205	          0.05002547	          0.30103843	          0.42869490	          0.46875908	          0.38465057	          0.05000135	          0.05002960	          0.12354906	          0.45594728	          0.40301370	          0.46690124	          0.05000061	          0.05000058	          0.29003023	          0.06982051	          0.09744217	          0.05000038	          0.35818766	          0.41326909	          0.35293477	          0.05000016	          0.05000036	          0.05000006	          0.18869085	          0.05000434	          0.05000210	          0.83214744	          0.29437417	          0.21686148	          0.96035779	          0.98132923	          0.93474858	          0.13848526	          0.06980737	          0.05000031	
          0.09804344	         -2.92661042	         -2.12001761	          7.30468404	          0.15463606	          0.89617726	         -0.00261848	        -15.06061809	         -2.64910595	          0.92599218	         30.05848962	          3.55035352	         -5.43866231	        -27.38738360	        -27.53517788	         -4.82823822	          4.27691635	         11.06583961	         -4.22619629	         -5.59124393	          5.62195112	         24.67218461	         -2.16586664	         -3.30363324	          1.26425288	         -1.82126763	          2.14866959	        -13.47062154	         19.12054611	        -10.10654953	        -13.52828266	         12.03317344	         49.16910930	         16.18170796	         86.51662706	         86.51662706	          0.07071194	          0.05000882	          0.06384152	          0.12913642	          0.11518145	          0.08247281	          0.05297270	          0.05000274	          0.05000639	          0.05000185	          0.12697860	          0.48670513	          0.25033541	          0.18028707	          0.06981808	          0.06980323	          0.41216497	          0.12089724	          0.05840693	          0.05001987	          0.05000982	          0.05907426	          0.11709681	          0.56040674	          0.26311793	          0.14064026	          0.11274793	          0.20350396	          0.07720124	          0.07693012	          0.06980560	          0.13000653	          0.17775853	          0.05203708	          0.14496417	          0.17093425	          0.11016550	          0.23547570	          0.07648377	          0.09102855	          0.05000093	          0.35851956	          0.74811693	          0.16765280	          0.06225820	          0.05000021	          0.64066386	          0.61278442	          0.55291952	          0.22747656	          0.21294601	          0.24592864	          0.08316201	          0.10392471	          0.08357374	          0.05000137	          0.05000181	          0.05002095	          0.29437932	          0.41357644	          0.45365134	          0.37455775	          0.05000129	          0.05002560	          0.12717380	          0.44705136	          0.38955379	          0.43705564	          0.05000058	          0.05000056	          0.24546374	          0.05909295	          0.08247033	          0.05000035	          0.36582595	          0.43277997	          0.37039882	          0.05000012	          0.05000023	          0.05000004	          0.22386688	          0.05000040	          0.05000048	          0.79173836	          0.24914169	          0.20914542	          0.97703527	          0.98918414	          0.96220032	          0.13098204	          0.05908061	          0.05000026	
          0.10893716	         -2.92058636	         -2.11897225	          7.39129575	          0.17061703	          0.89628677	         -0.00209276	        -14.07129066	         -2.96198565	          0.87894197	         29.56212737	          3.81255205	         -5.12498468	        -30.15749507	        -28.51244215	         -5.86646509	          4.20779453	         11.88835437	         -4.87021052	         -5.15383595	          5.67046205	         21.58317138	         -2.33548376	         -3.25665661	          1.34410719	         -1.88699983	          1.86616412	        -13.45596702	         19.13949380	        -10.45487544	        -13.51771529	         12.66982856	         50.18929059	         15.53215994	         86.51662706	         86.51662706	          0.05984671	          0.05004026	          0.05908098	          0.10929707	          0.09748781	          0.06980597	          0.06020467	          0.05000235	          0.05000570	          0.05000120	          0.13111765	          0.42401875	          0.21186918	          0.15258412	          0.05909076	          0.05907747	          0.44175175	          0.24256863	          0.08839686	          0.05002968	          0.05001432	          0.05000500	          0.14871061	          0.47429345	          0.29950687	          0.11904651	          0.09542500	          0.18607292	          0.06533838	          0.06510891	          0.05907915	          0.11002942	          0.15044379	          0.05000005	          0.12268889	          0.45094181	          0.26813126	          0.24350102	          0.07559795	          0.07704131	          0.07571999	          0.30342859	          0.63315934	          0.16254804	          0.05457358	          0.05000024	          0.65853136	          0.61629754	          0.55279622	          0.20858091	          0.23048110	          0.26478707	          0.07038465	          0.10152486	          0.07671484	          0.05000117	          0.05000107	          0.05000480	          0.29850951	          0.40162926	          0.42076063	          0.35078828	          0.05000121	          0.05001541	          0.11373192	          0.43935335	          0.37516904	          0.39742396	          0.05000034	          0.05000037	          0.20774544	          0.05001678	          0.06980011	          0.05000028	          0.36859045	          0.45058141	          0.38831588	          0.05000009	          0.05000024	          0.05000003	          0.30115312	          0.05000027	          0.05000042	          0.67007787	          0.21085851	          0.20365863	          0.82690517	          0.99373437	          0.97810284	          0.12187495	          0.05000217	          0.05000028	
          0.11983088	         -2.91170855	         -2.11448093	          7.45796910	          0.18631648	          0.89654646	         -0.00156910	        -12.92034998	         -3.21580144	          0.82213841	         29.02399362	          4.10637237	         -4.74615225	        -32.97558699	        -29.44557502	         -6.35315623	          4.48256163	         12.51279776	         -5.56359107	         -4.23478265	          5.74913689	         18.91721015	         -2.51313186	         -3.22193172	          1.41947094	         -1.94508160	          1.61073261	        -13.45033093	         19.17803290	        -10.74436057	        -13.50836683	         13.25649106	         51.13711529	         14.94803586	         86.51662706	         86.51662706	          0.05065265	          0.05000193	          0.05000322	          0.16423297	          0.08251156	          0.05908150	          0.05890577	          0.05000110	          0.05000392	          0.05000139	          0.16433440	          0.35886348	          0.17931460	          0.12913817	          0.05001289	          0.05000151	          0.45500711	          0.28435289	          0.07552219	          0.05001174	          0.05000556	          0.05000222	          0.15323895	          0.40141235	          0.25348468	          0.10075691	          0.08076300	          0.15748232	          0.05529844	          0.05510423	          0.05000102	          0.09312207	          0.12732643	          0.05193498	          0.13667372	          0.38164947	          0.22693022	          0.25984595	          0.06398143	          0.06520297	          0.06408497	          0.40479469	          0.59233841	          0.16114496	          0.07765705	          0.05000019	          0.67534219	          0.61245583	          0.52829034	          0.31207927	          0.28666140	          0.26911432	          0.05957029	          0.08593102	          0.06493050	          0.05000108	          0.05000136	          0.05000578	          0.25265327	          0.34079768	          0.37420515	          0.32464603	          0.05000168	          0.05001776	          0.09626006	          0.41659680	          0.34681675	          0.34707066	          0.05000043	          0.05000046	          0.17582295	          0.05000597	          0.05907633	          0.05000042	          0.47099611	          0.48508251	          0.42680413	          0.05000015	          0.05000039	          0.05000007	          0.31425134	          0.05293908	          0.05949650	          0.56711201	          0.17845873	          0.21298928	          0.69984132	          0.95282710	          0.94295157	          0.13259115	          0.05000012	          0.05000033	
          0.13072459	         -2.90076753	         -2.10368150	          7.51146215	          0.20175369	          0.89700269	         -0.00105094	        -11.62790176	         -3.41774485	          0.74019132	         28.41711433	          4.42978706	         -4.29338083	        -35.74662436	        -30.27480721	         -6.32535539	          5.03278743	         12.90521837	         -6.27351239	         -3.40278829	          5.83396322	         16.35554993	         -2.57394678	         -3.19671086	          1.48480495	         -1.99516470	          1.38574294	        -13.44992310	         19.23110595	        -10.98098870	        -13.49667261	         13.77923328	         51.99554430	         14.43574283	         86.51662706	         86.51662706	          0.05000168	          0.05000176	          0.05000176	          0.13899996	          0.06983499	          0.05001347	          0.05422528	          0.05241329	          0.05001278	          0.05302306	          0.18694475	          0.30372009	          0.16370189	          0.10929522	          0.05000571	          0.05000128	          0.46309651	          0.33695402	          0.15471496	          0.05001097	          0.05000520	          0.05000196	          0.14432122	          0.33973033	          0.21453496	          0.09744115	          0.06937149	          0.13328339	          0.05000024	          0.05000022	          0.05000017	          0.07881276	          0.10776135	          0.05000008	          0.11567237	          0.32300550	          0.19206034	          0.26114367	          0.05415019	          0.05518391	          0.07792903	          0.42788368	          0.56726496	          0.16000066	          0.08048541	          0.05000022	          0.68061142	          0.60414245	          0.50758539	          0.37251258	          0.32392532	          0.28682916	          0.05263094	          0.07766219	          0.06084662	          0.05000122	          0.05000161	          0.05001542	          0.23329047	          0.30275186	          0.34110167	          0.29935417	          0.05000163	          0.05002485	          0.08147261	          0.39171014	          0.31661400	          0.29649493	          0.05000051	          0.05000050	          0.14880574	          0.05000514	          0.05000697	          0.05000043	          0.52864672	          0.57607127	          0.43039471	          0.05000021	          0.05000049	          0.05000007	          0.33899570	          0.05907692	          0.05039015	          0.47996829	          0.15103738	          0.21610388	          0.59230225	          0.87922559	          0.79805767	          0.13005278	          0.05000017	          0.05000032	
          0.14161831	         -2.88889503	         -2.08570227	          7.55235992	          0.21694875	          0.89769659	         -0.00053813	        -10.21012974	         -3.57516922	          0.63833790	         27.70705113	          4.77649497	         -3.77591629	        -38.43183296	        -30.92107258	         -6.02841845	          5.72965743	         13.09619009	         -6.95336732	         -2.64498484	          5.86363217	         13.90057002	         -2.56450315	         -3.17836082	          1.53776318	         -2.03608730	          1.18868150	        -13.45109077	         19.28825034	        -11.16777683	        -13.48215030	         14.23354183	         52.75576580	         14.00217587	         86.51662706	         86.51662706	          0.05000146	          0.05000163	          0.05000248	          0.11764490	          0.05910697	          0.05001360	          0.05006805	          0.08717631	          0.05004769	          0.07223640	          0.20421558	          0.25705027	          0.17605975	          0.09250154	          0.05000588	          0.05000106	          0.47448482	          0.33676058	          0.18596353	          0.05001063	          0.05000484	          0.05000155	          0.13607147	          0.28752654	          0.18156962	          0.08247602	          0.05895697	          0.11280312	          0.05000026	          0.05000024	          0.05000016	          0.06670232	          0.09120284	          0.05000031	          0.10726406	          0.27337570	          0.16254975	          0.26236129	          0.05000114	          0.05000037	          0.07666003	          0.43769550	          0.50445929	          0.15761234	          0.07409991	          0.05000027	          0.67781263	          0.58549797	          0.47701451	          0.43793351	          0.36900725	          0.30418992	          0.05000708	          0.06878178	          0.05665852	          0.05000075	          0.05000132	          0.05000730	          0.22437207	          0.27716872	          0.31723809	          0.26943241	          0.05000170	          0.05001905	          0.06895707	          0.35879252	          0.27796137	          0.25093579	          0.05000043	          0.05000044	          0.12594004	          0.05000436	          0.05000413	          0.05000058	          0.52105570	          0.63776963	          0.49523231	          0.05000156	          0.05000251	          0.05061603	          0.36985035	          0.05000408	          0.05000366	          0.40621525	          0.12783359	          0.23064146	          0.50128792	          0.80588849	          0.71257147	          0.11944232	          0.05000018	          0.05000031	
          0.15251202	         -2.87704735	         -2.05809109	          7.57537858	          0.23191694	          0.89864780	         -0.00003363	         -8.68560808	         -3.68636185	          0.52040947	         26.87793976	          5.13098494	         -3.21641387	        -41.00820978	        -31.34242667	         -5.53151231	          6.46219041	         13.11864183	         -7.58413243	         -1.93773880	          5.87343411	         11.56754821	         -2.49889022	         -3.16617448	          1.57638543	         -2.06711517	          1.01264466	        -13.45152686	         19.33706373	        -11.30390187	        -13.46783325	         14.61967264	         53.41785960	         13.65390963	         86.51662706	         86.51662706	          0.05000196	          0.05000115	          0.05000097	          0.12428393	          0.05003358	          0.05000533	          0.05012381	          0.12094493	          0.05996345	          0.09020996	          0.21573024	          0.21755266	          0.16856381	          0.07828860	          0.05000479	          0.05000090	          0.47958527	          0.34197378	          0.20726502	          0.05000818	          0.05000359	          0.05000102	          0.13269384	          0.24334454	          0.15366950	          0.06980529	          0.05000348	          0.10640265	          0.05000021	          0.05000020	          0.05000014	          0.05645291	          0.07718905	          0.05000012	          0.10263578	          0.26034654	          0.13757963	          0.27166422	          0.05000066	          0.05000035	          0.06905473	          0.43782995	          0.46849184	          0.15297516	          0.06646563	          0.05000032	          0.66661835	          0.55478260	          0.44452619	          0.53139461	          0.41906811	          0.33252769	          0.06306298	          0.08353927	          0.06454220	          0.05000106	          0.05000143	          0.05003078	          0.18992780	          0.23459482	          0.27000336	          0.23457959	          0.05000185	          0.05002512	          0.06176803	          0.31378376	          0.23525157	          0.21237682	          0.05000050	          0.05000050	          0.10658795	          0.05000340	          0.05000340	          0.05000047	          0.55572519	          0.66349485	          0.51551159	          0.05000094	          0.05000170	          0.06301114	          0.40301843	          0.05000345	          0.05000382	          0.34379525	          0.12437424	          0.24725218	          0.42425932	          0.74180006	          0.69594921	          0.10843133	          0.05000020	          0.05000031	
          0.16340574	         -2.86597456	         -2.01849637	          7.57510932	          0.24667012	          0.89985780	          0.00045946	         -7.07264181	         -3.75141314	          0.38249424	         25.92994279	          5.47572359	         -2.63838874	        -43.45138614	        -31.52508587	         -4.89154902	          7.12623311	         12.98724304	         -8.15911091	         -1.26749122	          5.88350291	          9.36580494	         -2.37406229	         -3.16049076	          1.59952572	         -2.08819774	          0.85183659	        -13.45089950	         19.37067232	        -11.38813624	        -13.45676750	         14.93285561	         53.98362297	         13.39658339	         86.51662706	         86.51662706	          0.05000168	          0.05000093	          0.05000075	          0.16784004	          0.05001126	          0.05000376	          0.05441355	          0.14946983	          0.09146181	          0.10991060	          0.22633657	          0.18639494	          0.19288931	          0.06626029	          0.05000468	          0.05000081	          0.48028478	          0.35417401	          0.23486402	          0.05000688	          0.05000288	          0.05000078	          0.12755046	          0.20595169	          0.13005654	          0.05908242	          0.05000284	          0.13074792	          0.05000020	          0.05000019	          0.05000013	          0.05069326	          0.06750592	          0.05000024	          0.09977012	          0.25795689	          0.11646253	          0.27978216	          0.05000082	          0.05000035	          0.08888974	          0.42942638	          0.44187387	          0.14686517	          0.06032705	          0.05000038	          0.65426899	          0.52107037	          0.42047952	          0.57862945	          0.47412020	          0.37604345	          0.08302992	          0.10399144	          0.07663869	          0.05000226	          0.05000172	          0.05000701	          0.16074508	          0.19855279	          0.22852893	          0.20233307	          0.05000206	          0.05001958	          0.08652281	          0.27513464	          0.19910431	          0.17974295	          0.05000053	          0.05000054	          0.09020958	          0.05000368	          0.05000420	          0.05000036	          0.56199166	          0.66952674	          0.52140217	          0.05000030	          0.05000068	          0.08894790	          0.43587724	          0.05000361	          0.05000403	          0.29096683	          0.16114768	          0.26752853	          0.35906769	          0.68783201	          0.65661602	          0.09830760	          0.05000022	          0.05000032	
          0.17429946	         -2.85620617	         -1.96492156	          7.54762596	          0.26121546	          0.90131088	          0.00093957	         -5.38685723	         -3.77089319	          0.22446784	         24.87510697	          5.79717801	         -2.05621405	        -45.73924061	        -31.48477772	         -4.14412624	          7.68868246	         12.72566553	         -8.67386449	         -0.61490880	          5.88486883	          7.30844813	         -2.19111453	         -3.16254615	          1.60632868	         -2.09936350	          0.70349184	        -13.45003347	         19.38679655	        -11.41966409	        -13.45076610	         15.16279678	         54.45373149	         13.23409202	         86.51662706	         86.51662706	          0.05000174	          0.05000082	          0.05000062	          0.19642514	          0.05001000	          0.05000313	          0.06199960	          0.16851213	          0.09743211	          0.12911992	          0.23065429	          0.16877403	          0.20238791	          0.05608193	          0.05000458	          0.05000075	          0.48039405	          0.34860007	          0.25698151	          0.05000601	          0.05000236	          0.05000063	          0.12171017	          0.17430481	          0.11007199	          0.05001570	          0.05000223	          0.14114432	          0.05000019	          0.05000018	          0.05000012	          0.05023260	          0.05907387	          0.05000016	          0.09030520	          0.26187106	          0.11331392	          0.28896723	          0.05000099	          0.05000037	          0.12976387	          0.41631818	          0.45905478	          0.14007432	          0.05717980	          0.05000043	          0.63659305	          0.48771331	          0.39463077	          0.60935054	          0.50848188	          0.41080817	          0.09187135	          0.11522508	          0.08304264	          0.05001354	          0.05000185	          0.05000432	          0.13604627	          0.16805338	          0.19704565	          0.18317935	          0.05000190	          0.05001583	          0.07323988	          0.25554287	          0.16861695	          0.15212439	          0.05000049	          0.05000049	          0.07634800	          0.05000384	          0.05000553	          0.05000031	          0.54862359	          0.65354356	          0.50942698	          0.05000021	          0.05000049	          0.12066224	          0.46538464	          0.05000488	          0.05000542	          0.24625615	          0.21532793	          0.28831179	          0.30389386	          0.63951012	          0.61534984	          0.09056428	          0.05000024	          0.05000034	
          0.18519317	         -2.84802383	         -1.89600256	          7.49126805	          0.27555962	          0.90297935	          0.00140577	         -3.64020310	         -3.74674884	          0.04650943	         23.72634108	          6.08659310	         -1.47480971	        -47.85622591	        -31.24518500	         -3.32421029	          8.16290739	         12.35398357	         -9.11749774	          0.02627978	          5.86542097	          5.40921262	         -1.95009607	         -3.17352768	          1.59619742	         -2.10104428	          0.56715636	        -13.44970892	         19.38488647	        -11.39831606	        -13.44998886	         15.29718074	         54.82623033	         13.16688402	         86.51662706	         86.51662706	          0.05000159	          0.05000076	          0.05000057	          0.19381003	          0.05000835	          0.05000284	          0.05901363	          0.17443941	          0.08247380	          0.14607408	          0.23436496	          0.15789662	          0.20606225	          0.05001099	          0.05000430	          0.05000068	          0.47690699	          0.34519883	          0.27287282	          0.05000530	          0.05000192	          0.05000052	          0.11651049	          0.14752118	          0.09315832	          0.05001176	          0.05000199	          0.14451769	          0.05000019	          0.05000019	          0.05000013	          0.05000118	          0.05000245	          0.05000015	          0.08098396	          0.22451069	          0.09743276	          0.29336002	          0.05000089	          0.05000035	          0.13756790	          0.40684855	          0.47224661	          0.13678218	          0.05548104	          0.05000048	          0.61668470	          0.45817478	          0.36664504	          0.61268713	          0.52395530	          0.43810992	          0.08955740	          0.11156850	          0.08214789	          0.05000139	          0.05000149	          0.05000335	          0.11514313	          0.15374051	          0.21637418	          0.17740864	          0.05000178	          0.05001320	          0.06198801	          0.24942621	          0.15812659	          0.13670103	          0.05000040	          0.05000040	          0.06461655	          0.05000376	          0.05000585	          0.05000039	          0.51636217	          0.61706184	          0.48089008	          0.05000050	          0.05000080	          0.15252085	          0.49338236	          0.05000455	          0.05002569	          0.20841582	          0.26184901	          0.30855340	          0.25719765	          0.59596411	          0.57486378	          0.08515127	          0.05000025	          0.05000034	
          0.19608689	         -2.84134079	         -1.81132396	          7.40499958	          0.28971491	          0.90482745	          0.00185697	         -1.84333035	         -3.68096040	         -0.15014934	         22.49363375	          6.33695165	         -0.89983842	        -49.79255087	        -30.82640640	         -2.46284424	          8.56187157	         11.89331453	         -9.47734079	          0.65394228	          5.83099507	          3.67711795	         -1.65637939	         -3.19328745	          1.56916790	         -2.09356065	          0.44244235	        -13.44977881	         19.36338856	        -11.32381291	        -13.45370948	         15.32988020	         55.09700296	         13.18952093	         86.51662706	         86.51662706	          0.05000184	          0.05000070	          0.05000049	          0.16559236	          0.05000925	          0.05000252	          0.05514835	          0.16444921	          0.06980662	          0.16357384	          0.23699734	          0.15181039	          0.19711225	          0.05001072	          0.05000387	          0.05000062	          0.47144063	          0.34184017	          0.28400364	          0.05000452	          0.05000149	          0.05000043	          0.11398407	          0.12486689	          0.07884368	          0.05000870	          0.05000164	          0.14072068	          0.05000020	          0.05000019	          0.05000014	          0.05000051	          0.05000120	          0.05000009	          0.07343841	          0.19001454	          0.08247610	          0.30289481	          0.05000068	          0.05000032	          0.14542746	          0.39646125	          0.49228415	          0.13503470	          0.05295304	          0.05000049	          0.59254939	          0.43395889	          0.34428214	          0.61304843	          0.53511769	          0.46023225	          0.08356695	          0.10326367	          0.07926960	          0.05000085	          0.05000129	          0.05000251	          0.09745186	          0.15976369	          0.22471709	          0.17637979	          0.05000175	          0.05001084	          0.05246512	          0.25094968	          0.15734509	          0.14192993	          0.05000034	          0.05000034	          0.05468812	          0.05000387	          0.05000789	          0.05000049	          0.46807133	          0.56239363	          0.43806605	          0.07128651	          0.05000379	          0.17926121	          0.51922010	          0.05000372	          0.08693809	          0.17639013	          0.32676708	          0.33295440	          0.21767681	          0.56270141	          0.54907199	          0.08182253	          0.05000025	          0.05000033	
          0.20698061	         -2.83580028	         -1.71105009	          7.28807986	          0.30369416	          0.90681186	          0.00229122	         -0.00604383	         -3.57608090	         -0.36635740	         21.19062912	          6.54265943	         -0.33765121	        -51.54323805	        -30.25287317	         -1.57214399	          8.88095467	         11.36100718	         -9.75163898	          1.24436846	          5.79351396	          2.11924654	         -1.31528164	         -3.22094231	          1.52607432	         -2.07736208	          0.32946492	        -13.44976086	         19.32114252	        -11.19455954	        -13.46093350	         15.26402799	         55.26076852	         13.29058029	         86.51662706	         86.51662706	          0.05000187	          0.05000068	          0.05000047	          0.14015169	          0.05000945	          0.05000242	          0.05049678	          0.13918260	          0.05908477	          0.17890077	          0.23617998	          0.14503178	          0.18697168	          0.05000895	          0.05000360	          0.05000058	          0.46196140	          0.33300228	          0.28949630	          0.05000392	          0.05000120	          0.05000038	          0.10951031	          0.11357165	          0.06672875	          0.05000842	          0.05000157	          0.13209480	          0.05000022	          0.05000021	          0.05000015	          0.05000065	          0.05000145	          0.05000011	          0.06386711	          0.16081727	          0.06980621	          0.31218606	          0.05000079	          0.05000033	          0.14983832	          0.38506354	          0.51479651	          0.13306191	          0.05137334	          0.05000049	          0.56608276	          0.41494851	          0.32852193	          0.61857322	          0.54402442	          0.47453163	          0.07595350	          0.09384115	          0.07620142	          0.05000057	          0.05000110	          0.05000178	          0.08247882	          0.13525973	          0.23706148	          0.18018244	          0.05000165	          0.05000834	          0.05000384	          0.25874566	          0.16426714	          0.15453059	          0.05000028	          0.05000028	          0.05000232	          0.05000379	          0.05000832	          0.05000060	          0.40867584	          0.49655945	          0.38544660	          0.09853574	          0.09720507	          0.20235221	          0.54076573	          0.05000428	          0.12588617	          0.14928558	          0.39909592	          0.35879490	          0.18422881	          0.53471764	          0.52158207	          0.08117481	          0.05000024	          0.05000033	
          0.21787432	         -2.83091377	         -1.59545678	          7.14073596	          0.31750637	          0.90888094	          0.00270622	          1.86178306	         -3.43566964	         -0.60282808	         19.83768809	          6.70104645	          0.20950480	        -53.10416429	        -29.56169243	         -0.64981539	          9.12523635	         10.77741287	         -9.94181193	          1.77813185	          5.74867934	          0.74892684	         -0.92960741	         -3.25569191	          1.46806916	         -2.05304735	          0.23023931	        -13.44973586	         19.25994011	        -11.00774348	        -13.47023964	         15.11033696	         55.31133162	         13.45398709	         86.51662706	         86.51662706	          0.05000211	          0.05000069	          0.05000046	          0.11861737	          0.05000982	          0.05000239	          0.05007895	          0.11779582	          0.05001538	          0.18959621	          0.22734773	          0.13812082	          0.17756456	          0.05000832	          0.05000347	          0.05000057	          0.44974939	          0.31806026	          0.28699927	          0.05000344	          0.05000101	          0.05000035	          0.10380401	          0.10539496	          0.05647574	          0.05000753	          0.05000144	          0.12000482	          0.05000025	          0.05000024	          0.05000017	          0.05000028	          0.05000072	          0.05000009	          0.05405486	          0.13610609	          0.05908155	          0.32167609	          0.05000071	          0.05000034	          0.14114280	          0.37936883	          0.53813699	          0.13018524	          0.05068117	          0.05000049	          0.52992603	          0.39343387	          0.31716254	          0.61204293	          0.53610720	          0.47954441	          0.06686390	          0.08356686	          0.07267324	          0.05000042	          0.05000096	          0.05000145	          0.06980669	          0.11448435	          0.20065270	          0.17968615	          0.05000162	          0.05000692	          0.05000310	          0.26386809	          0.17041551	          0.16628996	          0.05000024	          0.05000024	          0.05000280	          0.05000372	          0.05006098	          0.05000093	          0.34587823	          0.42026032	          0.32621838	          0.13538569	          0.15518742	          0.22288841	          0.55867776	          0.05000421	          0.15919703	          0.12634598	          0.46518405	          0.38237057	          0.15592034	          0.50890921	          0.49086816	          0.08092020	          0.05000024	          0.05000033	
          0.22876804	         -2.82617583	         -1.46614838	          6.96403343	          0.33115426	          0.91097387	          0.00310071	          3.75026058	         -3.26512786	         -0.85901090	         18.46095384	          6.81321521	          0.74079876	        -54.47155014	        -28.80043100	          0.30966554	          9.30880187	         10.16088101	        -10.05110306	          2.24283948	          5.68714368	         -0.41363886	         -0.50614164	         -3.29739486	          1.39772105	         -2.02123675	          0.14878865	        -13.45021001	         19.18395146	        -10.75926130	        -13.48031356	         14.88683911	         55.24226974	         13.66062207	         86.51662706	         86.51662706	          0.05000184	          0.05000070	          0.05000047	          0.10039126	          0.05000857	          0.05000238	          0.05006189	          0.09969522	          0.05000731	          0.19731163	          0.21661617	          0.13032081	          0.17508122	          0.05000953	          0.05000361	          0.05000059	          0.43317971	          0.30090855	          0.28222727	          0.05000305	          0.05000088	          0.05000035	          0.09419161	          0.09570214	          0.05000215	          0.05000834	          0.05000157	          0.10580755	          0.05000029	          0.05000029	          0.05000021	          0.05139183	          0.05000792	          0.05000028	          0.05000160	          0.11519195	          0.05000441	          0.33071862	          0.05000058	          0.05000036	          0.16514383	          0.37059737	          0.57425114	          0.12541815	          0.05043093	          0.05000052	          0.48805302	          0.36406680	          0.30146700	          0.57254643	          0.51159117	          0.47616123	          0.06999030	          0.08155411	          0.07274636	          0.05000041	          0.05000098	          0.05000131	          0.05908198	          0.09689578	          0.16982267	          0.15870729	          0.05000173	          0.05000631	          0.05000273	          0.25398055	          0.16299895	          0.14524372	          0.05000024	          0.05000024	          0.05000265	          0.05000380	          0.11266564	          0.05000103	          0.29272984	          0.35568215	          0.27609089	          0.17156649	          0.21044478	          0.23990614	          0.57334030	          0.05000390	          0.18905563	          0.10693134	          0.52517269	          0.40412825	          0.13196168	          0.48411486	          0.46187627	          0.07954793	          0.05000026	          0.05000035	
          0.23966175	         -2.82118032	         -1.32719565	          6.75938361	          0.34463361	          0.91302354	          0.00347517	          5.65009710	         -3.07219230	         -1.13278749	         17.08879155	          6.88454546	          1.25417094	        -55.64316397	        -28.01873076	          1.31175401	          9.44183485	          9.52989378	        -10.08991466	          2.61627901	          5.60805019	         -1.34479730	         -0.04902991	         -3.34682260	          1.32014601	         -1.98222177	          0.09089180	        -13.45156740	         19.09869724	        -10.44389227	        -13.49062047	         14.61829013	         55.04703806	         13.89027387	         86.51662706	         86.51662706	          0.05000105	          0.05000070	          0.05000054	          0.08496554	          0.05000512	          0.05000243	          0.05003877	          0.08437595	          0.05000472	          0.20042954	          0.20665406	          0.12450298	          0.17971548	          0.05001444	          0.05000374	          0.05000059	          0.41728664	          0.28907106	          0.27079814	          0.05000277	          0.05000081	          0.05000037	          0.08656973	          0.08865784	          0.05000679	          0.05002541	          0.05000226	          0.09252465	          0.05000036	          0.05000036	          0.05000027	          0.05176172	          0.05000408	          0.05000015	          0.05000160	          0.09749155	          0.05000104	          0.32868224	          0.05002013	          0.05000059	          0.22986015	          0.36498648	          0.60165260	          0.12010373	          0.05334819	          0.05000054	          0.44057788	          0.33021738	          0.29485459	          0.50115249	          0.48145329	          0.47698679	          0.08094245	          0.08512562	          0.07272316	          0.05000058	          0.05000132	          0.05000132	          0.05000686	          0.08200857	          0.14372856	          0.13432102	          0.05000257	          0.05000658	          0.05000335	          0.22355688	          0.13795930	          0.12292606	          0.05000031	          0.05000032	          0.05000301	          0.05000525	          0.17453719	          0.05000093	          0.24774832	          0.30102718	          0.23366610	          0.20270394	          0.25596121	          0.25264911	          0.58524433	          0.05000472	          0.21680646	          0.09050001	          0.57099551	          0.42059879	          0.11168450	          0.46261252	          0.44465891	          0.07754217	          0.05000027	          0.05000039	
          0.25055547	         -2.81567907	         -1.18467955	          6.52889947	          0.35793784	          0.91496725	          0.00383282	          7.55238860	         -2.86592536	         -1.41857203	         15.74760861	          6.92435368	          1.74661758	        -56.61263090	        -27.26240422	          2.33349575	          9.53096666	          8.89916577	        -10.07545468	          2.87164001	          5.51625908	         -2.02467239	          0.44680099	         -3.40506627	          1.24186045	         -1.93601183	          0.06346259	        -13.45381269	         19.01030760	        -10.05664679	        -13.50065855	         14.33155890	         54.71786207	         14.12393275	         86.51662706	         86.51662706	          0.05000088	          0.05000071	          0.05000061	          0.07191015	          0.05000395	          0.05000248	          0.05001978	          0.07141066	          0.05000232	          0.19578985	          0.18780792	          0.12034248	          0.18970875	          0.05002271	          0.05000383	          0.05000057	          0.40330152	          0.27888132	          0.22923044	          0.05000248	          0.05000076	          0.05000038	          0.08300332	          0.08577420	          0.05002594	          0.05004699	          0.05000265	          0.08111728	          0.05000053	          0.05000053	          0.05000038	          0.05000018	          0.05000044	          0.05000012	          0.05000118	          0.08251147	          0.05001003	          0.31967122	          0.05000036	          0.05000051	          0.28665827	          0.37709968	          0.58745842	          0.11660098	          0.05760491	          0.05000051	          0.39887305	          0.30501809	          0.29880654	          0.44202719	          0.46200588	          0.47451185	          0.08895293	          0.08697073	          0.07076723	          0.05000148	          0.05000263	          0.05000125	          0.05000209	          0.06940882	          0.12164387	          0.11368162	          0.05000519	          0.05000670	          0.05000483	          0.19044634	          0.11676367	          0.10403751	          0.05000050	          0.05000053	          0.05000375	          0.05001098	          0.20435775	          0.05000088	          0.20967879	          0.25477065	          0.19776042	          0.22705479	          0.28918084	          0.26140573	          0.59292422	          0.05000648	          0.23457192	          0.07659356	          0.60524630	          0.43270673	          0.09452314	          0.44581996	          0.43004584	          0.07667767	          0.05000026	          0.05000040	
          0.26144919	         -2.80952736	         -1.04423123	          6.27478150	          0.37106487	          0.91675878	          0.00417755	          9.44544153	         -2.65393694	         -1.70873790	         14.46180422	          6.94279919	          2.21383742	        -57.36551885	        -26.57496092	          3.34308219	          9.57813358	          8.27584238	        -10.02832964	          3.01057303	          5.41570787	         -2.46893635	          0.99408673	         -3.47254565	          1.16842030	         -1.88255349	          0.07316288	        -13.45645118	         18.92529780	         -9.59395799	        -13.50941681	         14.05002287	         54.24457690	         14.34570997	         86.51662706	         86.51662706	          0.05000079	          0.05000072	          0.05000063	          0.06086110	          0.05000382	          0.05000234	          0.05001944	          0.06043768	          0.05000183	          0.20780089	          0.18916739	          0.12455785	          0.18754026	          0.05002289	          0.05000381	          0.05000059	          0.38574464	          0.27939969	          0.19401288	          0.05000215	          0.05000069	          0.05000039	          0.08032109	          0.08378591	          0.06998039	          0.06675508	          0.05000263	          0.07175173	          0.05000064	          0.05000065	          0.05000048	          0.05000053	          0.05000100	          0.05000012	          0.05000078	          0.06983304	          0.05000169	          0.32477197	          0.05000665	          0.05000121	          0.37228429	          0.35976252	          0.58875679	          0.11239609	          0.05454356	          0.05000053	          0.37867835	          0.29870049	          0.30462195	          0.41596071	          0.46469672	          0.47344435	          0.09097016	          0.08575534	          0.06750737	          0.05000393	          0.05000386	          0.05000124	          0.05000208	          0.05874656	          0.10295288	          0.09621421	          0.05000856	          0.05000681	          0.05000658	          0.18122463	          0.10291332	          0.08805187	          0.05000061	          0.05000064	          0.05000460	          0.05001606	          0.20808213	          0.05000084	          0.17745921	          0.21562207	          0.16737216	          0.24541484	          0.31232006	          0.26630549	          0.59663274	          0.05000874	          0.24227373	          0.06482402	          0.63090449	          0.44129171	          0.07999897	          0.43295819	          0.41226717	          0.07550411	          0.05000028	          0.05000043	
          0.27234290	         -2.80266199	         -0.90885294	          5.99796655	          0.38401345	          0.91837123	          0.00451000	         11.31909256	         -2.44244670	         -2.00342246	         13.25754706	          6.94750566	          2.65093273	        -57.89758921	        -26.00463114	          4.35084142	          9.58629353	          7.66567322	         -9.96225912	          3.05942811	          5.30327067	         -2.74960156	          1.60588122	         -3.54960966	          1.10353161	         -1.82223273	          0.12556004	        -13.45855583	         18.85025219	         -9.05315067	        -13.51622651	         13.79010928	         53.61614020	         14.54537620	         86.51662706	         86.51662706	          0.05000083	          0.05000076	          0.05000066	          0.05151057	          0.05000394	          0.05000255	          0.05001495	          0.05115095	          0.05000132	          0.21804759	          0.18733283	          0.12052395	          0.17469406	          0.05001223	          0.05000332	          0.05000057	          0.37142029	          0.26385036	          0.16420204	          0.05000193	          0.05000064	          0.05000039	          0.07938149	          0.08379026	          0.05927734	          0.07259099	          0.05000288	          0.06441013	          0.05000080	          0.05000082	          0.05000059	          0.05000015	          0.05000035	          0.05000005	          0.05000076	          0.05910381	          0.05000503	          0.32704909	          0.05000281	          0.05000121	          0.45240243	          0.36444580	          0.57021713	          0.11105301	          0.05389379	          0.05000052	          0.36885036	          0.30041954	          0.30514042	          0.43731990	          0.46706318	          0.45990104	          0.08246567	          0.07656434	          0.06198230	          0.05000364	          0.05000441	          0.05000118	          0.05000187	          0.05000969	          0.08713426	          0.08143483	          0.05001086	          0.05000642	          0.05000558	          0.18239516	          0.10622657	          0.07452560	          0.05000065	          0.05000068	          0.05000372	          0.05001444	          0.20408249	          0.05000100	          0.15019101	          0.18248945	          0.14165367	          0.26095712	          0.33013157	          0.26836753	          0.59806664	          0.05001132	          0.24385271	          0.05486304	          0.64480918	          0.44590647	          0.06770684	          0.41750596	          0.38479804	          0.07619686	          0.05000029	          0.05000044	
          0.28323662	         -2.79497667	         -0.77953549	          5.69921091	          0.39679261	          0.91979452	          0.00483064	         13.16150091	         -2.23622899	         -2.30018388	         12.15592783	          6.94414637	          3.05533263	        -58.20247677	        -25.59183251	          5.34244701	          9.56264577	          7.07026703	         -9.88420970	          3.08222209	          5.16841295	         -2.90790446	          2.28679963	         -3.63530557	          1.04845647	         -1.75569022	          0.22394826	        -13.45975179	         18.79261927	         -8.43545672	        -13.51984002	         13.55966041	         52.82262262	         14.72060534	         86.51662706	         86.51662706	          0.05000079	          0.05000076	          0.05000068	          0.05000459	          0.05000391	          0.05000260	          0.05001123	          0.05000065	          0.05000091	          0.21512253	          0.19496828	          0.12247424	          0.16381732	          0.05000796	          0.05000279	          0.05000053	          0.35600996	          0.26375691	          0.13897127	          0.05000166	          0.05000058	          0.05000037	          0.08179074	          0.08642513	          0.06231095	          0.10419141	          0.05000328	          0.06053580	          0.05000115	          0.05000118	          0.05000087	          0.05000021	          0.05000045	          0.05000007	          0.05000048	          0.05002307	          0.05000262	          0.33194283	          0.05001450	          0.05000405	          0.50192087	          0.36309967	          0.56500208	          0.10944693	          0.05004697	          0.05000055	          0.36778531	          0.30237524	          0.29754609	          0.45201516	          0.46147485	          0.44245391	          0.06980329	          0.06480764	          0.05542440	          0.05000255	          0.05000461	          0.05000130	          0.05000213	          0.05001375	          0.07374687	          0.07709522	          0.05001155	          0.05000690	          0.05000512	          0.17793654	          0.10735340	          0.06779260	          0.05000073	          0.05000074	          0.05000317	          0.05001113	          0.19734418	          0.05000135	          0.13533131	          0.16030229	          0.12621649	          0.27304132	          0.34365201	          0.26826669	          0.59859708	          0.05000855	          0.24307190	          0.05000016	          0.64972802	          0.44741596	          0.05730394	          0.40295663	          0.35804601	          0.07570250	          0.05000031	          0.05000047	
          0.29413033	         -2.78638850	         -0.65597236	          5.37856442	          0.40942518	          0.92102649	          0.00513833	         14.95895213	         -2.03836088	         -2.59785480	         11.16199531	          6.93567268	          3.42553492	        -58.27159991	        -25.34953755	          6.30798645	          9.51522111	          6.49524072	         -9.79789927	          3.08222796	          5.01055137	         -2.99139560	          3.03428740	         -3.72730959	          1.00310764	         -1.68361069	          0.36721434	        -13.45983889	         18.75797530	         -7.74685737	        -13.51957914	         13.36098990	         51.85920375	         14.87796533	         86.51662706	         86.51662706	          0.05000075	          0.05000075	          0.05000068	          0.05000545	          0.05000374	          0.05000254	          0.05000905	          0.05000069	          0.05000066	          0.21608485	          0.20939803	          0.12891178	          0.15157062	          0.05000640	          0.05000248	          0.05000051	          0.34238399	          0.26779301	          0.11761730	          0.05000145	          0.05000053	          0.05000036	          0.08754090	          0.09260437	          0.06764221	          0.13407515	          0.05000339	          0.05983591	          0.05000188	          0.05000200	          0.05000178	          0.05000021	          0.05000043	          0.05000007	          0.05000047	          0.05000202	          0.05000194	          0.34168516	          0.06514094	          0.05000395	          0.52365602	          0.36312553	          0.57153053	          0.10754381	          0.05000241	          0.05000056	          0.37089471	          0.30242985	          0.28473763	          0.45664522	          0.45458533	          0.42330925	          0.05908197	          0.05485564	          0.05001023	          0.05000282	          0.05000507	          0.05000137	          0.05000222	          0.05001379	          0.06241752	          0.07117829	          0.05007163	          0.05000712	          0.05000533	          0.16770102	          0.10352480	          0.06040724	          0.05000083	          0.05000085	          0.05000302	          0.05001005	          0.18046863	          0.05000166	          0.13602634	          0.15466075	          0.12514283	          0.28095689	          0.35182706	          0.26578184	          0.59838048	          0.05001161	          0.24359667	          0.05000019	          0.64755566	          0.44656844	          0.05002381	          0.39384081	          0.33363049	          0.07418204	          0.05000036	          0.05000046	
          0.30502405	         -2.77690998	         -0.53729047	          5.03627095	          0.42194303	          0.92206810	          0.00543219	         16.69972809	         -1.85062640	         -2.89472191	         10.26420374	          6.92311379	          3.76140737	        -58.10279206	        -25.26202307	          7.23215762	          9.45537830	          5.94497305	         -9.70499738	          3.06331679	          4.82460113	         -3.03636124	          3.85016736	         -3.82274320	          0.96619098	         -1.60647638	          0.55103298	        -13.45916079	         18.75044061	         -6.99775973	        -13.51516016	         13.19366722	         50.72731555	         15.03221023	         86.51662706	         86.51662706	          0.05000072	          0.05000076	          0.05000070	          0.05000484	          0.05000365	          0.05000255	          0.05000655	          0.05000051	          0.05000046	          0.22635347	          0.21698520	          0.13726066	          0.14066808	          0.05000521	          0.05000220	          0.05000048	          0.32896757	          0.26566066	          0.09954451	          0.05000131	          0.05000050	          0.05000035	          0.09490385	          0.10172408	          0.07926587	          0.16076903	          0.05000347	          0.06125670	          0.05000440	          0.05000493	          0.05000458	          0.05000024	          0.05000049	          0.05000009	          0.05000048	          0.05000206	          0.05000175	          0.34874489	          0.07959863	          0.05000499	          0.53555249	          0.36329479	          0.56322464	          0.10568282	          0.05000154	          0.05000057	          0.37320077	          0.30020170	          0.27189999	          0.45904867	          0.44379558	          0.40335497	          0.05001080	          0.05000429	          0.05000246	          0.05000217	          0.05000543	          0.05000143	          0.05000224	          0.05001359	          0.05283163	          0.06125867	          0.07626110	          0.05000725	          0.05000455	          0.15889754	          0.09995513	          0.05332785	          0.05000100	          0.05000105	          0.05000288	          0.05001026	          0.15598235	          0.05000723	          0.14225575	          0.15744813	          0.13015424	          0.28653364	          0.35760783	          0.26270987	          0.59791076	          0.05001769	          0.24272181	          0.05000027	          0.63729762	          0.44402648	          0.05000259	          0.38236410	          0.31523997	          0.07195445	          0.05000039	          0.05000044	
          0.31591777	         -2.76663985	         -0.42260347	          4.67259784	          0.43438097	          0.92292154	          0.00571162	         18.37421903	         -1.67395780	         -3.18824127	          9.44497473	          6.90588255	          4.06328562	        -57.69976666	        -25.30300725	          8.09537778	          9.39033222	          5.42175842	         -9.60496598	          3.04342785	          4.61076984	         -3.06713608	          4.73663803	         -3.91874262	          0.93608486	         -1.52471922	          0.76875408	        -13.45825307	         18.77223248	         -6.20074213	        -13.50687081	         13.05779524	         49.43398001	         15.20274002	         86.51662706	         86.51662706	          0.05000067	          0.05000074	          0.05000069	          0.05000438	          0.05000343	          0.05000245	          0.05000554	          0.05000047	          0.05000037	          0.19188114	          0.24429409	          0.15080387	          0.13195949	          0.05000431	          0.05000194	          0.05000044	          0.31319499	          0.27690133	          0.08424884	          0.05000116	          0.05000046	          0.05000033	          0.10596369	          0.11250168	          0.09155510	          0.18148893	          0.05000333	          0.06061974	          0.05000269	          0.05000283	          0.05000198	          0.05000021	          0.05000042	          0.05000007	          0.05000046	          0.05000193	          0.05000171	          0.35769531	          0.09338551	          0.05000513	          0.54550586	          0.36235652	          0.55247664	          0.10276028	          0.05000082	          0.05000068	          0.37582173	          0.29303393	          0.25580870	          0.43808700	          0.41976792	          0.38096222	          0.05000769	          0.05000433	          0.05000226	          0.05000257	          0.05000660	          0.05000158	          0.05000247	          0.05001434	          0.05001691	          0.05543955	          0.09548632	          0.05000793	          0.05000504	          0.14564603	          0.09301491	          0.05005281	          0.05000118	          0.05000124	          0.05000304	          0.05001075	          0.13204695	          0.06045034	          0.14978353	          0.16414851	          0.13773392	          0.29019430	          0.36155462	          0.25900679	          0.59686519	          0.05002174	          0.23928789	          0.05000027	          0.62361385	          0.44026318	          0.05183939	          0.37624528	          0.30208246	          0.06724043	          0.05000056	          0.05000042	
          0.32681148	         -2.75585828	         -0.31175227	          4.28746522	          0.44677650	          0.92359274	          0.00597699	         19.96728294	         -1.50807480	         -3.47376076	          8.68469545	          6.88325460	          4.33143906	        -57.04997090	        -25.44127443	          8.87917336	          9.32861449	          4.92793616	         -9.49473761	          3.02671804	          4.36011017	         -3.10522177	          5.69323491	         -4.01259438	          0.91181412	         -1.43878533	          1.01130687	        -13.45722626	         18.82231654	         -5.36908868	        -13.49545926	         12.95606613	         47.99058266	         15.41040408	         86.51662706	         86.51662706	          0.05000064	          0.05000072	          0.05000068	          0.05000397	          0.05000320	          0.05000237	          0.05000448	          0.05000043	          0.05000031	          0.16240185	          0.26999565	          0.16289744	          0.13281945	          0.05000393	          0.05000179	          0.05000043	          0.29531666	          0.28258293	          0.07130363	          0.05000106	          0.05000044	          0.05000033	          0.11527042	          0.12174749	          0.11359365	          0.20478316	          0.05000353	          0.05829010	          0.05000246	          0.05000254	          0.05000157	          0.05000023	          0.05000047	          0.05000008	          0.05000050	          0.05000185	          0.05000170	          0.36237054	          0.10345214	          0.05000679	          0.53678722	          0.36159651	          0.53126780	          0.09741627	          0.05000078	          0.05000082	          0.37878082	          0.28297460	          0.23833196	          0.41001848	          0.39185729	          0.35979373	          0.05000775	          0.05000381	          0.05000241	          0.05000245	          0.05000813	          0.05000180	          0.05000275	          0.05001509	          0.05002225	          0.05049436	          0.10291723	          0.05000894	          0.05000509	          0.12706054	          0.08070703	          0.05001545	          0.05000150	          0.05000151	          0.05000312	          0.05001127	          0.11177201	          0.08356545	          0.15798742	          0.17285602	          0.14717631	          0.29030640	          0.35971363	          0.25371071	          0.59601193	          0.05001448	          0.23288769	          0.05000043	          0.61140182	          0.43732121	          0.05000366	          0.37390354	          0.29739282	          0.06073661	          0.05000073	          0.05000045	
          0.33770520	         -2.74506169	         -0.20490267	          3.88082834	          0.45916411	          0.92408640	          0.00622794	         21.46330965	         -1.35210371	         -3.74797347	          7.96204410	          6.85372581	          4.56570977	        -56.13910881	        -25.64128611	          9.56402189	          9.27649675	          4.46594334	         -9.37253411	          3.02009619	          4.07043171	         -3.16670204	          6.71425762	         -4.10251605	          0.89298857	         -1.34917845	          1.26841280	        -13.45604125	         18.89724807	         -4.51576193	        -13.48240519	         12.89414072	         46.41324463	         15.67622300	         86.51662706	         86.51662706	          0.05000061	          0.05000071	          0.05000068	          0.05000372	          0.05000306	          0.05000231	          0.05000372	          0.05000041	          0.05000028	          0.13745521	          0.29669106	          0.17559033	          0.14098438	          0.05000375	          0.05000172	          0.05000043	          0.27739281	          0.28594354	          0.06034785	          0.05000099	          0.05000043	          0.05000033	          0.12551241	          0.13156817	          0.14416263	          0.22782942	          0.05000378	          0.05546404	          0.05000184	          0.05000187	          0.05000109	          0.05000028	          0.05000056	          0.05000010	          0.05000055	          0.05000170	          0.05000164	          0.36553785	          0.11214638	          0.05000871	          0.51408499	          0.36044447	          0.50173669	          0.09051535	          0.05000083	          0.05000085	          0.38305710	          0.27013468	          0.21816843	          0.37649817	          0.36418070	          0.33878540	          0.05000915	          0.05000414	          0.05000264	          0.05000356	          0.05001203	          0.05000206	          0.05000302	          0.05001584	          0.05002142	          0.05002746	          0.10339039	          0.05001011	          0.05000632	          0.10856742	          0.06843072	          0.05000891	          0.05000198	          0.05000196	          0.05000366	          0.05001289	          0.09460566	          0.10895847	          0.16252915	          0.18180267	          0.15714486	          0.29103605	          0.35915601	          0.24904563	          0.59528501	          0.05001063	          0.21184404	          0.05000068	          0.59646218	          0.43229022	          0.05000188	          0.37090900	          0.29674904	          0.05339932	          0.05000081	          0.05000049	
          0.34859891	         -2.73484860	         -0.10176954	          3.45295696	          0.47157296	          0.92440298	          0.00646247	         22.84992690	         -1.20458921	         -4.01084400	          7.25776349	          6.81476136	          4.76764144	        -54.95972040	        -25.87134527	         10.12996016	          9.23531692	          4.03965114	         -9.23969601	          3.02507966	          3.75200123	         -3.26454770	          7.78846857	         -4.18763395	          0.87912285	         -1.25657570	          1.52927321	        -13.45480708	         18.99162465	         -3.65231245	        -13.46966361	         12.88068016	         44.72248622	         16.01867855	         86.51662706	         86.51662706	          0.05000062	          0.05000075	          0.05000074	          0.05000340	          0.05000296	          0.05000235	          0.05000325	          0.05000044	          0.05000027	          0.11760767	          0.31795326	          0.18659993	          0.15422912	          0.05000417	          0.05000182	          0.05000046	          0.25950287	          0.27230768	          0.05107643	          0.05000101	          0.05000046	          0.05000037	          0.13447856	          0.14065726	          0.18173150	          0.22237594	          0.05000376	          0.05050442	          0.05000132	          0.05000131	          0.05000075	          0.05000033	          0.05000066	          0.05000012	          0.05000066	          0.05000233	          0.05000212	          0.36628303	          0.11894477	          0.05038927	          0.48272268	          0.35771653	          0.46662407	          0.08453893	          0.05000151	          0.05000299	          0.38645909	          0.25693307	          0.19595894	          0.36146809	          0.33890692	          0.31644836	          0.05005720	          0.05001071	          0.05000477	          0.05000803	          0.05000976	          0.05000200	          0.05000323	          0.05001718	          0.05002543	          0.06286382	          0.10354060	          0.05000953	          0.05000864	          0.11041735	          0.07555572	          0.05003196	          0.05000151	          0.05000148	          0.05000336	          0.05001176	          0.08007524	          0.13781736	          0.14049948	          0.19259347	          0.16865851	          0.29310899	          0.36128023	          0.24587021	          0.59454716	          0.05000389	          0.18379273	          0.05000089	          0.58539985	          0.42717220	          0.06163783	          0.36813921	          0.30202866	          0.05000073	          0.05000083	          0.05000051	
          0.35949263	         -2.72569995	         -0.00193871	          3.00454861	          0.48403065	          0.92453917	          0.00667596	         24.11742749	         -1.06339206	         -4.26370502	          6.55713319	          6.76371699	          4.93893554	        -53.51101601	        -26.10803260	         10.56472534	          9.20649641	          3.65142938	         -9.09880242	          3.04133492	          3.41248311	         -3.40542734	          8.90199029	         -4.26688968	          0.87015164	         -1.16123847	          1.78285158	        -13.45308571	         19.09809371	         -2.78898562	        -13.45954681	         12.92637653	         42.94096900	         16.45109665	         86.51662706	         86.51662706	          0.05000062	          0.05000078	          0.05000078	          0.05000331	          0.05000292	          0.05000234	          0.05000253	          0.05000046	          0.05000027	          0.10739898	          0.34215408	          0.19945654	          0.16282123	          0.05000458	          0.05000193	          0.05000050	          0.24039524	          0.26455487	          0.05000551	          0.05000103	          0.05000048	          0.05000040	          0.14467747	          0.15015836	          0.21785874	          0.22187778	          0.05000365	          0.05000287	          0.05000106	          0.05000104	          0.05000058	          0.05000040	          0.05000080	          0.05000016	          0.05000078	          0.05000409	          0.05000323	          0.36759194	          0.12183824	          0.05335547	          0.45098378	          0.35856707	          0.42548516	          0.07771991	          0.05848991	          0.05610836	          0.39142155	          0.24253441	          0.17308741	          0.32913706	          0.31800632	          0.29888705	          0.05914897	          0.05339021	          0.05001391	          0.05001944	          0.05001059	          0.05000198	          0.05000319	          0.05001764	          0.05002603	          0.07057762	          0.12856647	          0.05000934	          0.05001041	          0.10882234	          0.07745368	          0.05012525	          0.05000158	          0.05000155	          0.05000419	          0.05001317	          0.06777886	          0.16947125	          0.14517063	          0.20524851	          0.18076750	          0.29072824	          0.35520298	          0.23864700	          0.59268114	          0.05000210	          0.18634803	          0.05000046	          0.59200126	          0.42738476	          0.05907829	          0.37056231	          0.31554871	          0.05000054	          0.05000072	          0.05000057	
          0.37038635	         -2.71814824	          0.09535556	          2.53831724	          0.49656171	          0.92448876	          0.00686690	         25.26266568	         -0.92653346	         -4.50773830	          5.84066002	          6.69880909	          5.08203388	        -51.80562417	        -26.31832480	         10.87263773	          9.21115189	          3.29924861	         -8.95094632	          3.06592690	          3.02566080	         -3.59045489	         10.03878552	         -4.34005171	          0.86429371	         -1.06345004	          2.01877440	        -13.45118670	         19.20672137	         -1.93576134	        -13.45302528	         13.03780571	         41.09412723	         16.98354319	         86.51662706	         86.51662706	          0.05000065	          0.05000082	          0.05000082	          0.05000335	          0.05000295	          0.05000237	          0.05000173	          0.05000049	          0.05000028	          0.10724448	          0.36581500	          0.20754856	          0.14150638	          0.05000552	          0.05000215	          0.05000055	          0.22510634	          0.24959655	          0.05000811	          0.05000107	          0.05000052	          0.05000045	          0.15644716	          0.16053830	          0.22516851	          0.22127845	          0.05000359	          0.05000174	          0.05000088	          0.05000085	          0.05000047	          0.05000051	          0.05000096	          0.05000019	          0.05000075	          0.05000332	          0.05000291	          0.37116874	          0.12723448	          0.05805833	          0.41644325	          0.36560752	          0.37816519	          0.06982072	          0.07162755	          0.06626448	          0.39847493	          0.23258700	          0.15234818	          0.32896373	          0.31809358	          0.29975866	          0.05007036	          0.05489427	          0.05005430	          0.05000248	          0.05000613	          0.05000227	          0.05000506	          0.05002513	          0.05004191	          0.07214173	          0.15284348	          0.05001040	          0.05000822	          0.09237652	          0.07367702	          0.05752978	          0.05000137	          0.05000139	          0.05000370	          0.05001130	          0.06135676	          0.20353376	          0.15785776	          0.21930538	          0.19361681	          0.28732209	          0.34691654	          0.22597435	          0.59536956	          0.05000473	          0.21422140	          0.05000021	          0.59275317	          0.42403338	          0.05000073	          0.37330521	          0.30926177	          0.05000048	          0.05000077	          0.05000060	
          0.38128006	         -2.71283211	          0.19165980	          2.05769043	          0.50918627	          0.92424019	          0.00703588	         26.29126346	         -0.79335224	         -4.74222734	          5.08302889	          6.61423904	          5.19823743	        -49.87417758	        -26.46036922	         11.07058198	          9.25480571	          2.97930244	         -8.79614662	          3.10137822	          2.63703718	         -3.81309120	         11.13795386	         -4.40808581	          0.85796890	         -0.96329361	          2.22662175	        -13.45005861	         19.30298381	         -1.10175740	        -13.44986567	         13.21253085	         39.21119546	         17.62311734	         86.51662706	         86.51662706	          0.05000074	          0.05000096	          0.05000100	          0.05000379	          0.05000349	          0.05000303	          0.05000107	          0.05000049	          0.05000028	          0.11874616	          0.39474427	          0.19633249	          0.11976830	          0.05000355	          0.05000183	          0.05000054	          0.20964004	          0.21131984	          0.05000579	          0.05000116	          0.05000057	          0.05000046	          0.16626898	          0.16912315	          0.21718933	          0.24344716	          0.05000685	          0.05000133	          0.05000077	          0.05000074	          0.05000041	          0.05000141	          0.05000186	          0.05000045	          0.05000079	          0.05000329	          0.05000281	          0.37266760	          0.12661185	          0.06197156	          0.38146587	          0.37387295	          0.33849463	          0.06070465	          0.07549745	          0.07260080	          0.40208888	          0.23109068	          0.14502016	          0.39925557	          0.35702824	          0.30806633	          0.07875091	          0.06543740	          0.05463861	          0.05098542	          0.05001202	          0.05000156	          0.05000248	          0.05001369	          0.05002119	          0.06833098	          0.17942745	          0.05000775	          0.05000802	          0.10444648	          0.06823112	          0.05001198	          0.05000152	          0.05000150	          0.05000310	          0.05001273	          0.06296014	          0.23931291	          0.16929877	          0.23148275	          0.20412501	          0.30346041	          0.37180072	          0.23733280	          0.60189271	          0.05008160	          0.22270860	          0.05881002	          0.50167407	          0.40059554	          0.34706889	          0.35846817	          0.30157746	          0.05000048	          0.05000104	          0.05000075	
          0.39217378	         -2.71021876	          0.29072543	          1.56461744	          0.52192093	          0.92378036	          0.00717740	         27.21455146	         -0.66180802	         -4.96816137	          4.26648937	          6.49754292	          5.28853344	        -47.76100474	        -26.50397635	         11.17838550	          9.26481899	          2.69130360	         -8.65231040	          3.15654650	          2.43281327	         -4.05781409	         12.09135513	         -4.47208694	          0.84670631	         -0.86038269	          2.39582770	        -13.44971999	         19.36878738	         -0.29369304	        -13.45000213	         13.44031449	         37.32149010	         18.37188359	         86.51662706	         86.51662706	          0.05000072	          0.05000099	          0.05000103	          0.05000351	          0.05000326	          0.05000272	          0.05000079	          0.05000057	          0.05000031	          0.11945512	          0.40138186	          0.21388373	          0.14345636	          0.05000607	          0.05000243	          0.05000065	          0.19209672	          0.20515817	          0.05000804	          0.05000124	          0.05000063	          0.05000056	          0.17786830	          0.17855806	          0.25950301	          0.21625747	          0.05000420	          0.05000096	          0.05000071	          0.05000067	          0.05000037	          0.05000070	          0.05000139	          0.05000032	          0.05000146	          0.05000628	          0.05000533	          0.37329107	          0.11935244	          0.06583791	          0.35242533	          0.38738022	          0.30690084	          0.05882984	          0.09320121	          0.08042716	          0.39722231	          0.20000267	          0.12273978	          0.36261856	          0.31993797	          0.27910885	          0.09138620	          0.07259389	          0.05666016	          0.06037379	          0.05000767	          0.05000183	          0.05000361	          0.05001974	          0.05003530	          0.08356541	          0.20686264	          0.05000821	          0.05001839	          0.08847274	          0.06983216	          0.06449206	          0.05000114	          0.05000113	          0.05000310	          0.05000982	          0.05329480	          0.27597477	          0.17945974	          0.24033849	          0.21113984	          0.31847772	          0.39365626	          0.24120487	          0.59997661	          0.05000409	          0.22124671	          0.05000044	          0.42494752	          0.39847376	          0.29373874	          0.34553327	          0.25525926	          0.05000039	          0.05000087	          0.05000067	
          0.40306749	         -2.71063899	          0.39178918	          1.06367880	          0.53477897	          0.92311332	          0.00729417	         28.04300998	         -0.53008582	         -5.18409746	          3.38765846	          6.34880509	          5.35867483	        -45.50624020	        -26.44356681	         11.22335676	          9.25628309	          2.42747829	         -8.49802179	          3.22115909	          2.36379414	         -4.31038669	         12.88576342	         -4.53304960	          0.82847078	         -0.75507402	          2.51952077	        -13.45030989	         19.38764435	          0.48248638	        -13.45140035	         13.70808997	         35.44779013	         19.22774090	         86.51662706	         86.51662706	          0.05000075	          0.05000104	          0.05000113	          0.05000334	          0.05000321	          0.05000290	          0.05000062	          0.05000062	          0.05000034	          0.12176724	          0.39353851	          0.21575484	          0.15714348	          0.05000686	          0.05000261	          0.05000071	          0.17682756	          0.19228924	          0.05000848	          0.05000132	          0.05000069	          0.05000062	          0.18610006	          0.18467361	          0.28563087	          0.20391796	          0.05000483	          0.05000079	          0.05000067	          0.05000062	          0.05000034	          0.05000095	          0.05000179	          0.05000043	          0.05000165	          0.05000666	          0.05000579	          0.37730137	          0.11695144	          0.07226285	          0.31999826	          0.40109693	          0.27673062	          0.05543185	          0.10474556	          0.08485704	          0.39353745	          0.19159778	          0.11048400	          0.37636196	          0.33021012	          0.27650856	          0.07736920	          0.07064308	          0.05710328	          0.05110143	          0.05000776	          0.05000144	          0.05000270	          0.05001524	          0.05002691	          0.08853153	          0.23614973	          0.05000688	          0.05000771	          0.10247123	          0.07551916	          0.05587636	          0.05000109	          0.05000106	          0.05000306	          0.05001114	          0.05004468	          0.31239264	          0.18524461	          0.24304493	          0.21228052	          0.32995498	          0.41082633	          0.24380896	          0.60177817	          0.05001463	          0.24089434	          0.05003563	          0.43300865	          0.39830857	          0.24860677	          0.31001790	          0.24591530	          0.05000044	          0.05000083	          0.05000081	
          0.41396121	         -2.71434761	          0.49428996	          0.55926539	          0.54777870	          0.92225748	          0.00738754	         28.78485340	         -0.39603475	         -5.38919668	          2.44429137	          6.16912828	          5.40806213	        -43.14719184	        -26.27628426	         11.22722758	          9.24401266	          2.18331321	         -8.32876259	          3.28435677	          2.38977692	         -4.55946373	         13.53748157	         -4.59117143	          0.80143904	         -0.64723025	          2.59163083	        -13.45115886	         19.34344530	          1.22064585	        -13.45261222	         14.00599163	         33.60877628	         20.18626003	         86.51662706	         86.51662706	          0.05000082	          0.05000114	          0.05000121	          0.05000388	          0.05000360	          0.05000315	          0.05000052	          0.05000068	          0.05000037	          0.12818316	          0.37512410	          0.21351847	          0.15390947	          0.05000731	          0.05000283	          0.05000078	          0.16025687	          0.17509027	          0.05000920	          0.05000141	          0.05000075	          0.05000069	          0.19247355	          0.18904826	          0.29014331	          0.20703595	          0.05000601	          0.05000071	          0.05000065	          0.05000060	          0.05000032	          0.05000133	          0.05000233	          0.05000059	          0.05000190	          0.05000722	          0.05000629	          0.38250767	          0.11621469	          0.07769557	          0.28891125	          0.41523096	          0.24888811	          0.05195733	          0.11382291	          0.08887364	          0.39236623	          0.18940594	          0.10559808	          0.41822787	          0.36027196	          0.28408352	          0.06550087	          0.06174304	          0.05275775	          0.05000288	          0.05000586	          0.05000126	          0.05000260	          0.05001441	          0.05002845	          0.09534084	          0.26757124	          0.05000608	          0.05000533	          0.09740615	          0.07512524	          0.06416855	          0.05000093	          0.05000090	          0.05000251	          0.05000938	          0.05013327	          0.34855476	          0.18928304	          0.24129065	          0.20891766	          0.34376778	          0.43110579	          0.24683507	          0.60172674	          0.06925653	          0.25978961	          0.05988004	          0.42479145	          0.40348823	          0.21040696	          0.26238243	          0.23867108	          0.05000042	          0.05000093	          0.05000085	
          0.42485493	         -2.72143042	          0.59856745	          0.05459216	          0.56094161	          0.92123552	          0.00745700	         29.44887591	         -0.25829874	         -5.58279503	          1.43596048	          5.95818592	          5.43330670	        -40.72421354	        -26.00149562	         11.20288070	          9.22389879	          1.95507198	         -8.14134092	          3.34908025	          2.48888134	         -4.79542878	         14.06457501	         -4.64605662	          0.76378339	         -0.53649952	          2.60534899	        -13.45155010	         19.21883201	          1.91499945	        -13.45320849	         14.32701374	         31.82334669	         21.24188029	         86.51662706	         86.51662706	          0.05000087	          0.05000124	          0.05000136	          0.05000377	          0.05000364	          0.05000331	          0.05000048	          0.05000078	          0.05000041	          0.13001358	          0.36215886	          0.21300963	          0.16073012	          0.05000962	          0.05000329	          0.05000089	          0.14450396	          0.15805497	          0.05001065	          0.05000156	          0.05000085	          0.05000080	          0.19726215	          0.19169873	          0.29975438	          0.18752363	          0.05000593	          0.05000065	          0.05000064	          0.05000059	          0.05000032	          0.05000114	          0.05000230	          0.05000054	          0.05000297	          0.05001002	          0.05000922	          0.38840828	          0.11442637	          0.08355716	          0.25808062	          0.43060941	          0.22438329	          0.05148790	          0.12325361	          0.09309345	          0.38745566	          0.18232108	          0.09393573	          0.46362980	          0.37810963	          0.27148071	          0.05624113	          0.05640730	          0.05053433	          0.05000298	          0.05000536	          0.05000103	          0.05000205	          0.05001167	          0.05002481	          0.10749024	          0.29797738	          0.05000491	          0.05000452	          0.10893120	          0.08496549	          0.07272528	          0.05000077	          0.05000074	          0.05000218	          0.05000800	          0.05001986	          0.38361868	          0.19213232	          0.23575851	          0.20166709	          0.36331226	          0.46174456	          0.25170689	          0.60084652	          0.14229988	          0.28448637	          0.05068200	          0.35953703	          0.40476662	          0.17807731	          0.22206466	          0.20201097	          0.05000040	          0.05000081	          0.05000085	
          0.43574864	         -2.73182224	          0.70460407	         -0.44720359	          0.57429142	          0.92007759	          0.00750269	         30.04211834	         -0.11540370	         -5.76351498	          0.36682944	          5.71602597	          5.43372741	        -38.27234091	        -25.62597583	         11.16051392	          9.18135406	          1.73776786	         -7.92632383	          3.41706808	          2.64209023	         -5.01020749	         14.50001200	         -4.69677581	          0.71390570	         -0.42293062	          2.55408485	        -13.45097822	         18.99670683	          2.55985596	        -13.45273724	         14.66483361	         30.10935380	         22.38783573	         86.51662706	         86.51662706	          0.05000094	          0.05000134	          0.05000148	          0.05000399	          0.05000384	          0.05000349	          0.05000050	          0.05000090	          0.05000048	          0.12499418	          0.35288969	          0.21160506	          0.16489318	          0.05001368	          0.05000401	          0.05000108	          0.12775630	          0.14037355	          0.05001242	          0.05000170	          0.05000095	          0.05000095	          0.19980663	          0.19198389	          0.30432349	          0.16895339	          0.05000580	          0.05000059	          0.05000064	          0.05000059	          0.05000032	          0.05000086	          0.05000185	          0.05000044	          0.05000279	          0.05001032	          0.05000959	          0.39634480	          0.11565640	          0.09033294	          0.22236796	          0.44648717	          0.20275673	          0.05080284	          0.13211297	          0.09681662	          0.38161237	          0.17669011	          0.08806277	          0.50367912	          0.39578969	          0.25890366	          0.05005336	          0.05004226	          0.05002260	          0.05000176	          0.05000454	          0.05000087	          0.05000181	          0.05000989	          0.05002306	          0.11384113	          0.32922087	          0.05000423	          0.05000339	          0.11447560	          0.09214808	          0.07722598	          0.05000070	          0.05000067	          0.05000186	          0.05000702	          0.05001189	          0.41702297	          0.19421942	          0.22783010	          0.19169810	          0.38196256	          0.49080994	          0.25516800	          0.59888851	          0.16946696	          0.30957933	          0.05207198	          0.34482943	          0.41518196	          0.15071429	          0.18794201	          0.19540053	          0.05000040	          0.05000077	          0.05000086	
          0.44664236	         -2.74536856	          0.81167397	         -0.94303874	          0.58785334	          0.91881462	          0.00752513	         30.56827292	          0.03370283	         -5.92974121	         -0.75751035	          5.44344875	          5.40577560	        -35.81619220	        -25.15986008	         11.10595921	          9.10789427	          1.52742382	         -7.67321915	          3.48478654	          2.82701448	         -5.19713005	         14.88256021	         -4.74217930	          0.65106237	         -0.30634247	          2.43168113	        -13.44981814	         18.66355650	          3.14896409	        -13.45130073	         15.01379843	         28.48557019	         23.61760424	         86.51662706	         86.51662706	          0.05000105	          0.05000158	          0.05000176	          0.05000451	          0.05000432	          0.05000388	          0.05000053	          0.05000112	          0.05000056	          0.11179311	          0.34410132	          0.20819732	          0.17385485	          0.05002767	          0.05000532	          0.05000128	          0.11489301	          0.12162722	          0.05001727	          0.05000203	          0.05000116	          0.05000120	          0.20176510	          0.19135330	          0.30655684	          0.15872929	          0.05000607	          0.05000058	          0.05000065	          0.05000060	          0.05000032	          0.05000533	          0.05000730	          0.05000155	          0.05000265	          0.05000645	          0.05000684	          0.40550666	          0.11827659	          0.09602880	          0.18821160	          0.46127867	          0.18756542	          0.05000171	          0.14159932	          0.09976317	          0.37203965	          0.16717446	          0.07454838	          0.52152923	          0.40251994	          0.25904334	          0.05001498	          0.05000280	          0.05000296	          0.05000089	          0.05000338	          0.05000083	          0.05000192	          0.05000979	          0.05002702	          0.11300654	          0.36114027	          0.05000396	          0.05000243	          0.09871578	          0.08835013	          0.08853982	          0.05000062	          0.05000061	          0.05000161	          0.05000649	          0.05001841	          0.44872365	          0.19988515	          0.22317566	          0.18457418	          0.39867557	          0.51668674	          0.25686321	          0.59573731	          0.20706971	          0.34171510	          0.06196885	          0.30555293	          0.43279710	          0.12755547	          0.15906261	          0.20465534	          0.05000037	          0.05000072	          0.05000102	
          0.45753607	         -2.76183264	          0.91825342	         -1.42946893	          0.60165704	          0.91747353	          0.00752560	         31.02666416	          0.18969607	         -6.08021356	         -1.93612409	          5.14295153	          5.34569160	        -33.36970319	        -24.60407038	         11.04476068	          9.00909655	          1.32090811	         -7.36202350	          3.55449811	          2.96731585	         -5.34946728	         15.28437528	         -4.78056183	          0.57541191	         -0.18657760	          2.23181135	        -13.45058246	         18.21494761	          3.67454394	        -13.44983843	         15.36957550	         26.97358101	         24.92640626	         86.51662706	         86.51662706	          0.05000105	          0.05000156	          0.05000174	          0.05000442	          0.05000426	          0.05000386	          0.05000064	          0.05000138	          0.05000067	          0.10209638	          0.29126094	          0.20666490	          0.17501009	          0.05002856	          0.05000537	          0.05000132	          0.09956368	          0.12042164	          0.05002964	          0.05000200	          0.05000115	          0.05000122	          0.20154610	          0.18795105	          0.30530033	          0.15589525	          0.05000616	          0.05000056	          0.05000062	          0.05000056	          0.05000031	          0.05068916	          0.05001596	          0.05000158	          0.05000261	          0.05000795	          0.05000755	          0.41604580	          0.12077399	          0.10146179	          0.15932875	          0.47777307	          0.17866347	          0.05033855	          0.14607984	          0.10394772	          0.36531662	          0.15636772	          0.06310381	          0.54573204	          0.41140494	          0.22439548	          0.05001582	          0.05000263	          0.05000260	          0.05000089	          0.05000358	          0.05000078	          0.05000176	          0.05000835	          0.05002343	          0.10381873	          0.39026114	          0.05000373	          0.05000234	          0.08974182	          0.08121105	          0.07496542	          0.05000061	          0.05000058	          0.05000144	          0.05000588	          0.05002002	          0.47757508	          0.19857508	          0.21466251	          0.17512839	          0.41903027	          0.55032471	          0.25807908	          0.59355556	          0.28500226	          0.38462282	          0.05589903	          0.25860149	          0.42875067	          0.10795543	          0.13462083	          0.17322265	          0.05000035	          0.05000065	          0.05000083	
          0.46842979	         -2.78087766	          1.02358688	         -1.90428885	          0.61573519	          0.91608237	          0.00750427	         31.41251282	          0.35464562	         -6.21267672	         -3.16597779	          4.81487994	          5.25080809	        -30.94193262	        -23.96304627	         10.98105817	          8.86931423	          1.11467327	         -6.97558368	          3.62940661	          3.02347422	         -5.46069704	         15.76627949	         -4.80958733	          0.48690039	         -0.06355063	          1.94750744	        -13.45742063	         17.65841941	          4.12941488	        -13.45035671	         15.73379174	         25.59656281	         26.30873598	         86.51662706	         86.51662706	          0.05000115	          0.05000168	          0.05000190	          0.05000452	          0.05000441	          0.05000420	          0.05000079	          0.05000180	          0.05000086	          0.08640938	          0.24650854	          0.19862086	          0.18180654	          0.05003823	          0.05000641	          0.05000153	          0.08520090	          0.10583717	          0.05173874	          0.05000219	          0.05000128	          0.05000141	          0.19543266	          0.17992940	          0.30292302	          0.13985935	          0.05000779	          0.05000055	          0.05000062	          0.05000057	          0.05000032	          0.05046004	          0.05001743	          0.05000155	          0.05000284	          0.05001583	          0.05001024	          0.42731187	          0.12118302	          0.10692758	          0.14003266	          0.49469089	          0.17778276	          0.05178481	          0.14738512	          0.10625446	          0.35438216	          0.13236924	          0.06130890	          0.58793258	          0.42024819	          0.18991926	          0.05001466	          0.05000229	          0.05000231	          0.05000086	          0.05000387	          0.05000066	          0.05000137	          0.05000615	          0.05001724	          0.08787245	          0.41695203	          0.05000319	          0.05000206	          0.08247071	          0.07533534	          0.06345886	          0.05000060	          0.05000057	          0.05000128	          0.05000554	          0.05001259	          0.50307734	          0.19009859	          0.20144110	          0.16248892	          0.43771132	          0.58114599	          0.25663558	          0.58853711	          0.33111314	          0.42240818	          0.05000128	          0.21886456	          0.43247689	          0.09136725	          0.11393484	          0.16391876	          0.05000032	          0.05000064	          0.05000081	
          0.47932351	         -2.80198188	          1.12685478	         -2.36640388	          0.63012123	          0.91466685	          0.00746017	         31.71954744	          0.53014834	         -6.32530003	         -4.43941317	          4.45884515	          5.11662529	        -28.54879978	        -23.25172381	         10.92069146	          8.66515048	          0.90658158	         -6.49956860	          3.70722044	          3.00085844	         -5.52933642	         16.35195425	         -4.82637896	          0.38633250	          0.06274255	          1.57193584	        -13.47413401	         17.00919611	          4.50770534	        -13.45655534	         16.11667563	         24.37569503	         27.75808037	         86.51662706	         86.51662706	          0.05000132	          0.05000205	          0.05000248	          0.05000483	          0.05000487	          0.05000476	          0.05000076	          0.05000190	          0.05000086	          0.07313205	          0.20863094	          0.18801811	          0.18147922	          0.07737550	          0.05001232	          0.05000204	          0.07213029	          0.08963084	          0.05003659	          0.05000289	          0.05000176	          0.05000222	          0.18352289	          0.16928923	          0.29800502	          0.11842314	          0.05000700	          0.05000062	          0.05000074	          0.05000067	          0.05000037	          0.05000099	          0.05000229	          0.05000050	          0.05000403	          0.05713960	          0.05002868	          0.43879536	          0.12140438	          0.11192847	          0.13802312	          0.51241750	          0.18784762	          0.05392970	          0.14530594	          0.10613274	          0.34524916	          0.11203141	          0.05219154	          0.61971203	          0.41161510	          0.16073778	          0.05001352	          0.05000211	          0.05000193	          0.05000086	          0.05000426	          0.05000063	          0.05000125	          0.05000508	          0.05001483	          0.07437208	          0.44193006	          0.05000301	          0.05000196	          0.06981783	          0.06377340	          0.05372111	          0.05000065	          0.05000067	          0.05000122	          0.05000480	          0.05000495	          0.52511719	          0.17454769	          0.18310880	          0.14609354	          0.45584553	          0.61213006	          0.25257457	          0.58067257	          0.37575421	          0.45813136	          0.05000027	          0.18523356	          0.43121582	          0.07732793	          0.09642749	          0.15989706	          0.05000029	          0.05000055	          0.05000071	
          0.49021722	         -2.82436919	          1.22667327	         -2.81535235	          0.64484726	          0.91324397	          0.00739193	         31.94492047	          0.71628480	         -6.41668044	         -5.74717413	          4.07562759	          4.94027894	        -26.22743548	        -22.48856453	         10.87535440	          8.38815375	          0.69300726	         -5.91296936	          3.78082771	          2.87249377	         -5.55982967	         17.07284180	         -4.82771914	          0.27579916	          0.19214195	          1.09949813	        -13.50134187	         16.27750704	          4.80514974	        -13.47356167	         16.53507908	         23.32519412	         29.26658231	         86.51662706	         86.51662706	          0.05000167	          0.05000241	          0.05000265	          0.05000662	          0.05000618	          0.05000568	          0.05000058	          0.05000222	          0.05000120	          0.06189486	          0.17657332	          0.17286150	          0.15501076	          0.10823975	          0.05001611	          0.05000624	          0.06105380	          0.07590362	          0.05002935	          0.05000320	          0.05000198	          0.05000241	          0.16807180	          0.15663607	          0.28194816	          0.10068017	          0.05001095	          0.05000062	          0.05000082	          0.05000074	          0.05000042	          0.05000022	          0.05000050	          0.05000012	          0.05000303	          0.05674379	          0.05006069	          0.45169792	          0.12444919	          0.11740563	          0.14549937	          0.52922832	          0.19514393	          0.05757020	          0.13857884	          0.10400188	          0.34267387	          0.09481739	          0.05000881	          0.68294386	          0.40805351	          0.13603975	          0.05000876	          0.05000140	          0.05000147	          0.05000079	          0.05000641	          0.05000067	          0.05000129	          0.05000408	          0.05001178	          0.06294549	          0.46345447	          0.05000347	          0.05000180	          0.05909799	          0.05397962	          0.05000762	          0.05000101	          0.05000067	          0.05000106	          0.05000492	          0.05000828	          0.54377453	          0.15992148	          0.16612600	          0.13155629	          0.46861765	          0.63439912	          0.24485968	          0.57054555	          0.42222199	          0.49575415	          0.05000267	          0.15677026	          0.43334863	          0.06544572	          0.08161032	          0.16074889	          0.05000037	          0.05000063	          0.05000069	
          0.50111094	         -2.84703375	          1.32179531	         -3.25203811	          0.65994700	          0.91182309	          0.00729858	         32.09022544	          0.91126018	         -6.48511701	         -7.08434599	          3.66534122	          4.71539748	        -24.03285178	        -21.68311054	         10.86138467	          8.02452871	          0.46976450	         -5.20130233	          3.83744540	          2.61771588	         -5.55584423	         17.96370689	         -4.80946195	          0.15790808	          0.32449141	          0.52593836	        -13.53324749	         15.45083174	          5.01979867	        -13.50677462	         17.01111716	         22.44705831	         30.82171329	         86.51662706	         86.51662706	          0.05000198	          0.05000333	          0.05000420	          0.05000699	          0.05000706	          0.05000693	          0.09090312	          0.05000140	          0.05000064	          0.05238439	          0.14944149	          0.15040021	          0.15092737	          0.11893786	          0.05007225	          0.06552231	          0.05660753	          0.06427712	          0.05000784	          0.05000511	          0.05000345	          0.05003655	          0.15687743	          0.14822471	          0.27994147	          0.09587601	          0.05001148	          0.05000112	          0.05000156	          0.05000137	          0.05000070	          0.05000073	          0.05000172	          0.05000123	          0.05000229	          0.05000910	          0.05000752	          0.46172067	          0.13439954	          0.12245110	          0.12314289	          0.53685565	          0.20143076	          0.06164685	          0.12765438	          0.09825655	          0.33630340	          0.08024803	          0.05000148	          0.76087206	          0.34535673	          0.11513627	          0.05000966	          0.05000130	          0.05000110	          0.05000103	          0.05001022	          0.05000085	          0.05000138	          0.05000379	          0.05001098	          0.05327557	          0.48126539	          0.05000416	          0.05000197	          0.05003531	          0.05001011	          0.05000624	          0.05000179	          0.09563344	          0.05000080	          0.05000295	          0.05000224	          0.55928210	          0.14660381	          0.15219595	          0.11951761	          0.48194586	          0.65880636	          0.23633220	          0.55358015	          0.45544085	          0.51775767	          0.05000051	          0.13268073	          0.39574897	          0.05538956	          0.06907003	          0.13605124	          0.05000036	          0.05000049	          0.05000055	
          0.51200466	         -2.86877408	          1.41229413	         -3.67840513	          0.67544613	          0.91040467	          0.00717609	         32.16590943	          1.11417673	         -6.52960799	         -8.43781651	          3.22730835	          4.43990700	        -22.04564789	        -20.86031975	         10.88564171	          7.56447166	          0.23590893	         -4.34978815	          3.88752480	          2.22245926	         -5.50727514	         19.04261901	         -4.76755445	          0.03476993	          0.45929409	         -0.14883784	        -13.55430543	         14.47376789	          5.15406087	        -13.56147739	         17.57201447	         21.72610144	         32.40444762	         86.51662706	         86.51662706	          0.05000209	          0.05000341	          0.05000453	          0.05000686	          0.05000702	          0.05000774	          0.16781463	          0.05000119	          0.05000114	          0.05000100	          0.12647882	          0.12871114	          0.13779077	          0.10866970	          0.05011168	          0.08905362	          0.05442074	          0.05448838	          0.05000595	          0.05000535	          0.05000375	          0.07768444	          0.14742394	          0.13990926	          0.26991501	          0.08910473	          0.05003184	          0.05000182	          0.05000309	          0.05000260	          0.05000115	          0.05082637	          0.05000517	          0.05362228	          0.05000181	          0.05000675	          0.05000684	          0.47239196	          0.13885792	          0.13008658	          0.10422126	          0.55121062	          0.21416810	          0.06786919	          0.11550318	          0.09258073	          0.32673759	          0.06791751	          0.05000065	          0.78930643	          0.29229068	          0.09744481	          0.05000894	          0.05000119	          0.05000095	          0.05000119	          0.05001581	          0.05000150	          0.05000191	          0.05000391	          0.05001112	          0.05000662	          0.49354506	          0.05000718	          0.05000201	          0.05001095	          0.05000626	          0.05000411	          0.06067983	          0.18371098	          0.05000055	          0.05000191	          0.05000144	          0.57145593	          0.14328852	          0.14839230	          0.11637218	          0.48871623	          0.67245055	          0.22419399	          0.53270192	          0.49511240	          0.53651278	          0.05000017	          0.11229289	          0.36504529	          0.05000503	          0.05845690	          0.11514685	          0.05000048	          0.05000039	          0.05000049	
          0.52289837	         -2.88836860	          1.49814614	         -4.09738282	          0.69136003	          0.90898407	          0.00702033	         32.18538465	          1.32379018	         -6.54920637	         -9.78627339	          2.76137693	          4.11361157	        -20.35426406	        -20.05812579	         10.91646070	          6.99827430	         -0.00687932	         -3.34895618	          3.94423669	          1.67443829	         -5.39665283	         20.33595382	         -4.69856045	         -0.09117892	          0.59538970	         -0.91954634	        -13.53561313	         13.22022532	          5.21617487	        -13.64245989	         18.25454997	         21.12661543	         33.98678420	         86.51662706	         86.51662706	          0.05000308	          0.05000667	          0.05001040	          0.05001062	          0.05001137	          0.05001163	          0.22853530	          0.05000223	          0.09672430	          0.05000189	          0.10704469	          0.11380863	          0.12755348	          0.11855480	          0.06190936	          0.11030313	          0.06143799	          0.05009409	          0.05001012	          0.05001276	          0.05001020	          0.10658562	          0.12694182	          0.13368952	          0.25435720	          0.07544102	          0.05001948	          0.05000982	          0.05001094	          0.05000819	          0.05000289	          0.07073778	          0.05000303	          0.05149998	          0.05000364	          0.05004009	          0.05002106	          0.48072257	          0.14307005	          0.13190101	          0.08820737	          0.56535400	          0.24971865	          0.06867165	          0.09893194	          0.09255305	          0.31068340	          0.06222294	          0.05000220	          0.78607856	          0.24737810	          0.08247213	          0.05000981	          0.05000119	          0.05000110	          0.05000118	          0.05005331	          0.05000096	          0.05000140	          0.05000312	          0.05000967	          0.05000634	          0.50199422	          0.05000491	          0.05000212	          0.05003193	          0.05001538	          0.05000754	          0.13395636	          0.28227098	          0.05000092	          0.05000400	          0.05000454	          0.58178600	          0.15895782	          0.16179061	          0.12905953	          0.48808687	          0.67444718	          0.20921940	          0.50709271	          0.53216731	          0.54754649	          0.05000022	          0.09503785	          0.32939696	          0.05000157	          0.05000102	          0.09745381	          0.05000049	          0.05000054	          0.05000051	
          0.53379209	         -2.90479496	          1.58132583	         -4.51053422	          0.70769144	          0.90755311	          0.00682290	         32.16494938	          1.54279121	         -6.54403178	        -11.10307347	          2.26759120	          3.74437089	        -19.06152245	        -19.32109179	         10.91811997	          6.30912945	         -0.25900947	         -2.21170656	          4.00999292	          0.97183139	         -5.21255421	         21.87459891	         -4.60070524	         -0.21709644	          0.73222499	         -1.76767100	        -13.49148901	         11.93439370	          5.20959082	        -13.69043686	         18.81674439	         20.59799353	         35.49425291	         86.51662706	         86.51662706	          0.05000341	          0.05000624	          0.05002094	          0.05000476	          0.05000623	          0.05001006	          0.27961299	          0.05000448	          0.13347785	          0.05000181	          0.09059719	          0.09637126	          0.13176620	          0.13015780	          0.07083676	          0.13801123	          0.05907852	          0.05007053	          0.05002665	          0.05003842	          0.05265194	          0.13805035	          0.10743688	          0.11314750	          0.23354264	          0.06386593	          0.05000546	          0.05000423	          0.05000554	          0.05000444	          0.05000222	          0.08797812	          0.05000439	          0.05092807	          0.05000126	          0.05001266	          0.05000656	          0.49556362	          0.14938652	          0.14141153	          0.07465378	          0.58332760	          0.29841819	          0.06520577	          0.08911920	          0.09589949	          0.30147596	          0.05907813	          0.05000361	          0.68458863	          0.20936601	          0.06979995	          0.05000645	          0.05000072	          0.05000072	          0.05000065	          0.05002609	          0.05000031	          0.05000060	          0.05000146	          0.05000499	          0.05000358	          0.50267827	          0.05000183	          0.05000123	          0.05005408	          0.05002223	          0.05000725	          0.21691155	          0.39450723	          0.05000071	          0.05000310	          0.05000227	          0.59018434	          0.18292373	          0.18288700	          0.14899845	          0.48454360	          0.67224065	          0.19796148	          0.46810895	          0.54434428	          0.52348117	          0.05000015	          0.08043440	          0.29154551	          0.05000045	          0.05000042	          0.08247908	          0.05000026	          0.05000049	          0.05000035	
          0.54468580	         -2.91756285	          1.66347393	         -4.91835775	          0.72443212	          0.90609772	          0.00657687	         32.11736190	          1.77412098	         -6.51421937	        -12.36382416	          1.74781784	          3.33781815	        -18.26796590	        -18.68687967	         10.85020196	          5.48190617	         -0.52355855	         -0.96539029	          4.10386718	          0.10814668	         -4.94467137	         23.69048701	         -4.47499593	         -0.34039274	          0.86944856	         -2.69137632	        -13.46514923	         10.95799724	          5.12513907	        -13.67629833	         19.10849589	         20.15445720	         36.92093579	         86.51662706	         86.51662706	          0.05000405	          0.05001815	          0.05000399	          0.05906513	          0.05010379	          0.05001635	          0.30965417	          0.08247570	          0.15853919	          0.05823893	          0.07667960	          0.08980241	          0.11152601	          0.13129796	          0.05995727	          0.17413717	          0.05000339	          0.05005756	          0.10308563	          0.05001673	          0.05000802	          0.19084583	          0.09092875	          0.09576148	          0.22695249	          0.05900142	          0.05542665	          0.05000087	          0.05000487	          0.05000411	          0.05000255	          0.09893332	          0.05001481	          0.05305251	          0.05000031	          0.05000196	          0.05000165	          0.52156440	          0.15832432	          0.14664176	          0.06318295	          0.61637117	          0.39471947	          0.06494796	          0.08213875	          0.08563076	          0.26747188	          0.05000092	          0.05000029	          0.57939568	          0.17719464	          0.05907478	          0.05000757	          0.05000094	          0.05000078	          0.05000082	          0.05000749	          0.05037604	          0.05000478	          0.05000392	          0.05001343	          0.05005754	          0.42544229	          0.05002699	          0.05000159	          0.05000676	          0.05000427	          0.05000373	          0.24396856	          0.51160764	          0.05000032	          0.05000106	          0.05000068	          0.59754701	          0.19835034	          0.19722608	          0.16290267	          0.47539593	          0.66014749	          0.18732159	          0.42754848	          0.56916478	          0.49437567	          0.05000004	          0.06980460	          0.24674605	          0.05000400	          0.05000058	          0.06980528	          0.05000029	          0.05000063	          0.05000042	
          0.55557952	         -2.92607981	          1.74404416	         -5.32015244	          0.74157070	          0.90460283	          0.00627715	         32.05498178	          2.01605069	         -6.46055858	        -13.54983165	          1.20575194	          2.89370482	        -18.09231827	        -18.18459966	         10.65433640	          4.50513176	         -0.79300712	          0.36327592	          4.25115102	         -0.91193653	         -4.58153983	         25.78120115	         -4.32268945	         -0.45877631	          1.00628973	         -3.69382958	        -13.45264615	         10.23746160	          4.95816358	        -13.63993457	         19.26194265	         19.81257088	         38.31962651	         86.51662706	         86.51662706	          0.05000348	          0.05000125	          0.05905736	          0.05000110	          0.05000147	          0.05000604	          0.31414261	          0.06980552	          0.15853003	          0.06980458	          0.06491613	          0.08488913	          0.09441333	          0.13078787	          0.16032675	          0.21556132	          0.05000886	          0.05903600	          0.11720528	          0.05001186	          0.06048339	          0.23384195	          0.07695966	          0.08104738	          0.20849390	          0.05000708	          0.05000293	          0.05000055	          0.05000079	          0.05000075	          0.05000063	          0.09745301	          0.07891569	          0.05000014	          0.05698115	          0.05002800	          0.05000321	          0.52111797	          0.17758932	          0.15138465	          0.05907951	          0.61534696	          0.44162561	          0.06651888	          0.09042724	          0.07247275	          0.22637228	          0.05000077	          0.05000035	          0.49036503	          0.14996678	          0.05000169	          0.05000591	          0.05000081	          0.05000073	          0.05000077	          0.05002030	          0.09669448	          0.05003484	          0.05000358	          0.05001057	          0.05000501	          0.36007251	          0.06979219	          0.05000169	          0.05000816	          0.05000502	          0.05000406	          0.20648063	          0.60963290	          0.05000037	          0.05000107	          0.05000060	          0.50999753	          0.19126311	          0.19008164	          0.15853084	          0.45721704	          0.63761127	          0.18320966	          0.37633743	          0.62658868	          0.41848707	          0.05000013	          0.05907837	          0.20883047	          0.05000037	          0.05000019	          0.05907894	          0.05000371	          0.05000038	          0.05000037	
          0.56647324	         -2.92990139	          1.82220286	         -5.70914600	          0.75905615	          0.90305637	          0.00592519	         31.99039380	          2.26265131	         -6.37619618	        -14.62031284	          0.65280888	          2.43240579	        -18.65420872	        -17.88901167	         10.18710196	          3.36884919	         -1.06891419	          1.71456689	          4.31610301	         -2.00267229	         -4.14720938	         28.01864629	         -4.14956937	         -0.57259003	          1.14221135	         -4.75526269	        -13.44972470	          9.73806018	          4.70641216	        -13.60680964	         19.34714337	         19.55262397	         39.73015852	         86.51662706	         86.51662706	          0.05907654	          0.05907773	          0.05000085	          0.05907849	          0.05907826	          0.05011658	          0.26736834	          0.05907928	          0.13417008	          0.05907844	          0.05494212	          0.12994323	          0.17083344	          0.14873841	          0.16679354	          0.22135743	          0.05000137	          0.05002730	          0.09919648	          0.05000398	          0.05665998	          0.26504715	          0.08247790	          0.08247827	          0.44460332	          0.18997716	          0.10802806	          0.05000023	          0.05000077	          0.05000079	          0.05000052	          0.08247818	          0.06678950	          0.05387502	          0.05907823	          0.05907801	          0.05907808	          0.53237363	          0.22020532	          0.18410566	          0.05000127	          0.71791154	          0.46795801	          0.05629762	          0.08438694	          0.06177279	          0.19158755	          0.05000036	          0.05000016	          0.41501464	          0.12692280	          0.05000108	          0.05001458	          0.05000096	          0.05000073	          0.05000176	          0.05000543	          0.11310749	          0.24777010	          0.05000313	          0.05001267	          0.07539474	          0.30474492	          0.05908156	          0.05000118	          0.05000390	          0.05000258	          0.05000245	          0.17475243	          0.56189773	          0.05000016	          0.05000076	          0.05000091	          0.43618961	          0.18432535	          0.18488198	          0.15548794	          0.41798410	          0.57150990	          0.15676251	          0.31850869	          0.54956647	          0.35418261	          0.11133070	          0.05000062	          0.17674112	          0.05000043	          0.05000012	          0.05000094	          0.05000009	          0.05000012	          0.05000047	
          0.57736695	         -2.92981178	          1.89514390	         -6.07230082	          0.77681320	          0.90142406	          0.00552463	         31.89674714	          2.48320314	         -6.29415914	        -15.53857450	          0.10043474	          1.98191749	        -19.94245553	        -17.87918165	          9.40614097	          2.12844966	         -1.39052220	          3.07974892	          4.39725678	         -3.00705245	         -3.62417227	         30.03258502	         -3.96343799	         -0.67844085	          1.27111744	         -5.84505496	        -13.45661002	          9.45632768	          4.36668190	        -13.59207424	         19.38566212	         19.33755472	         41.19438651	         86.51662706	         86.51662706	          0.05000014	          0.05000038	          0.06783973	          0.05000059	          0.05000056	          0.05000058	          0.22628390	          0.05000111	          0.11355321	          0.05000039	          0.06979001	          0.10997756	          0.34800088	          0.30851376	          0.25742929	          0.27891886	          0.05907764	          0.06983288	          0.08395415	          0.05000452	          0.14900722	          0.33115857	          0.06980473	          0.06980485	          0.66791603	          0.16078552	          0.09143074	          0.06980501	          0.21439966	          0.20628259	          0.18229617	          0.06980463	          0.06980338	          0.06654506	          0.05000022	          0.05000013	          0.05000019	          0.66642162	          0.18636816	          0.15581562	          0.39233274	          0.71379698	          0.69179234	          0.05000011	          0.07141988	          0.05228077	          0.16214788	          0.05907823	          0.05907821	          0.35124262	          0.10741983	          0.05907825	          0.05001111	          0.05006192	          0.05907964	          0.05000043	          0.05000302	          0.29312795	          0.45213943	          0.35004716	          0.13770156	          0.17207783	          0.25791836	          0.05000636	          0.05907917	          0.05908234	          0.05908158	          0.05908680	          0.14789961	          0.53672278	          0.05907874	          0.05907852	          0.05907766	          0.36916373	          0.17534635	          0.17670990	          0.14981990	          0.35375579	          0.48369065	          0.13267400	          0.26956590	          0.46512067	          0.29975845	          0.26975113	          0.05063037	          0.17092805	          0.05000058	          0.05000031	          0.05000042	          0.06973180	          0.05907810	          0.05158427	
          0.58826067	         -2.92764153	          1.97268935	         -6.40399663	          0.79472767	          0.89976965	          0.00510399	         31.59312208	          2.66515910	         -6.14122695	        -16.24934829	         -0.44784110	          1.60537872	        -21.29142676	        -18.25332870	          8.64758188	          0.86372378	         -1.72191588	          4.43573141	          4.57513872	         -3.86165897	         -3.14521026	         31.47652850	         -3.77063253	         -0.78819189	          1.39258846	         -6.91795369	        -13.47495315	          9.40555459	          3.94915147	        -13.59004354	         19.37837056	         19.10455635	         42.70971380	         86.51662706	         86.51662706	          0.33808195	          0.38951954	          0.44158955	          0.39888457	          0.36620715	          0.39691229	          0.19151292	          0.16599262	          0.13578703	          0.09773598	          0.05907914	          0.09307833	          0.29452640	          0.26110718	          0.21787315	          0.29848202	          0.05000166	          0.05910421	          0.21328378	          0.27195089	          0.26009194	          0.35502342	          0.05907854	          0.05907862	          0.56528263	          0.13607956	          0.18987916	          0.05907861	          0.18145449	          0.17458470	          0.15428410	          0.05907827	          0.05907724	          0.05631958	          0.16426208	          0.06455226	          0.06869431	          0.72257162	          0.15773117	          0.19263855	          0.64798358	          0.83420484	          0.70110237	          0.08951613	          0.13605888	          0.05000010	          0.16284158	          0.05000032	          0.05000018	          0.29727167	          0.09091380	          0.05000075	          0.05009665	          0.05000474	          0.05000190	          0.05907843	          0.05002568	          0.30280665	          0.53395204	          0.29625852	          0.11654397	          0.14563736	          0.30188679	          0.05908764	          0.05000301	          0.05000582	          0.05000417	          0.05000817	          0.12517384	          0.67564463	          0.05000061	          0.05000064	          0.05000024	          0.31243735	          0.14840245	          0.14955646	          0.12679841	          0.29939689	          0.40936607	          0.11648816	          0.22814382	          0.39364963	          0.25369721	          0.41266919	          0.17613623	          0.15002018	          0.06680194	          0.05000055	          0.05000021	          0.09662107	          0.05000004	          0.05000243	
          0.59915438	         -2.92773581	          2.04076199	         -6.67539186	          0.81232662	          0.89832846	          0.00463924	         31.31209812	          2.82363066	         -6.04578100	        -16.62831732	         -0.97272001	          1.30994798	        -22.61808436	        -19.17669731	          7.51137987	         -0.33947761	         -2.09900480	          5.86897028	          4.98873433	         -4.52993758	         -2.58650323	         32.00567854	         -3.61808629	         -0.89942596	          1.49638199	         -7.84558878	        -13.49982767	          9.62668172	          3.53140770	        -13.58205038	         19.32504580	         18.74065596	         44.19851001	         86.51662706	         86.51662706	          0.43981277	          0.51399275	          0.48276378	          0.38506678	          0.39236425	          0.33592715	          0.16208461	          0.14048702	          0.11492183	          0.08271772	          0.05000141	          0.07877597	          0.24927252	          0.44115661	          0.41964706	          0.35228935	          0.05000125	          0.05002488	          0.20375669	          0.38407464	          0.34371456	          0.43363972	          0.05000050	          0.05000057	          0.47842027	          0.11516969	          0.16070291	          0.05000050	          0.30186970	          0.30725089	          0.27282919	          0.05000020	          0.05000021	          0.05000002	          0.15311191	          0.05463304	          0.05813863	          0.75566512	          0.20271926	          0.16304332	          0.79607937	          0.90395627	          0.82685119	          0.12929306	          0.11515174	          0.05000018	          0.13781908	          0.05001027	          0.05001128	          0.25159241	          0.07694423	          0.05001096	          0.05004194	          0.05000624	          0.05612493	          0.05000072	          0.05000145	          0.47578735	          0.45192374	          0.35138760	          0.13607256	          0.13604839	          0.29005785	          0.05000972	          0.05000217	          0.05018613	          0.06987214	          0.11513020	          0.10593940	          0.71497926	          0.05000118	          0.06598807	          0.05907470	          0.32843845	          0.15046951	          0.14994112	          0.13605508	          0.25339081	          0.34646198	          0.09858851	          0.19837054	          0.33316074	          0.21471477	          0.43562282	          0.14907091	          0.12696779	          0.08236965	          0.05000038	          0.05000024	          0.13386915	          0.05000009	          0.05000019	
          0.61004810	         -2.92919361	          2.08839289	         -6.89127193	          0.82947689	          0.89726440	          0.00414684	         31.10472609	          2.97622202	         -5.96600819	        -16.66674405	         -1.45870042	          1.12854623	        -23.99564954	        -20.61750810	          6.26529518	         -1.47453101	         -2.54898731	          7.33102339	          5.15361733	         -5.02479380	         -2.35982926	         31.44957938	         -3.51107555	         -1.00520998	          1.58909973	         -8.59272202	        -13.52157744	         10.08307864	          3.14805212	        -13.55957196	         19.25003724	         18.21434137	         45.59442562	         86.51662706	         86.51662706	          0.48503578	          0.55849464	          0.54485292	          0.32589728	          0.33207359	          0.28431440	          0.13717836	          0.12117843	          0.09935688	          0.07000720	          0.05000134	          0.06667176	          0.31718608	          0.48001762	          0.45844571	          0.36958675	          0.05000128	          0.05001582	          0.17244887	          0.43578615	          0.38807741	          0.46949392	          0.05000039	          0.05000042	          0.40490676	          0.09747335	          0.13603164	          0.05000034	          0.32686120	          0.35136071	          0.30178773	          0.05000014	          0.05000043	          0.05000006	          0.16223013	          0.06737663	          0.06289845	          0.73929715	          0.18542025	          0.18932455	          0.88187020	          0.94436263	          0.80555634	          0.14321279	          0.09745723	          0.05000021	          0.11664173	          0.05000221	          0.05000176	          0.21293249	          0.06512149	          0.05000404	          0.05004665	          0.05001964	          0.05394422	          0.05000130	          0.05000508	          0.49472689	          0.41294180	          0.29739352	          0.11516566	          0.11514359	          0.32005575	          0.12673257	          0.05903854	          0.05003596	          0.05914414	          0.09744130	          0.08966087	          0.72881548	          0.17871427	          0.05585122	          0.05000330	          0.27797032	          0.12734813	          0.12690092	          0.11514863	          0.21445414	          0.29322385	          0.08583800	          0.20287866	          0.28196657	          0.18172325	          0.38843230	          0.12616436	          0.10745763	          0.06971315	          0.07089033	          0.05000153	          0.15135134	          0.05000013	          0.05000021	
          0.62094182	         -2.93016904	          2.11341894	         -7.06220094	          0.84628844	          0.89658362	          0.00364358	         30.84722011	          3.14088751	         -5.85146825	        -16.39740323	         -1.89916160	          1.02712894	        -25.30306690	        -22.51640623	          5.29532423	         -2.56636350	         -3.05949181	          8.73371754	          5.37154694	         -5.38554480	         -2.15902215	         29.91599633	         -3.42883386	         -1.09968194	          1.67286521	         -9.19771011	        -13.53404983	         10.68897962	          2.79086655	        -13.52847469	         19.17984369	         17.57298480	         46.88539528	         86.51662706	         86.51662706	          0.55520991	          0.59411174	          0.56816960	          0.27582146	          0.28104856	          0.24064846	          0.11609933	          0.10977908	          0.09012773	          0.05924990	          0.05000187	          0.05642905	          0.32474055	          0.46531059	          0.47615656	          0.38445452	          0.05000135	          0.05002511	          0.14595942	          0.45660578	          0.40635452	          0.48129839	          0.05000050	          0.05000051	          0.34268826	          0.08249621	          0.11513208	          0.05000035	          0.34907194	          0.39430571	          0.33662567	          0.05000016	          0.05000041	          0.05000006	          0.17829958	          0.05702374	          0.05323386	          0.79596379	          0.23762954	          0.20278916	          0.93156814	          0.96776972	          0.88736028	          0.14264177	          0.08248171	          0.05000025	          0.09871867	          0.05000322	          0.05000244	          0.18021343	          0.05511618	          0.05000618	          0.05002510	          0.05000289	          0.05000661	          0.05000081	          0.05000508	          0.51174062	          0.34948915	          0.25169578	          0.09747022	          0.09745074	          0.35345520	          0.14546161	          0.05005529	          0.05003809	          0.05007875	          0.08246981	          0.07588506	          0.69899693	          0.26368136	          0.05003414	          0.05002034	          0.26210093	          0.10777959	          0.10740109	          0.09745467	          0.18150057	          0.24816639	          0.07264799	          0.19524514	          0.23863898	          0.15379990	          0.32874483	          0.10677767	          0.09094547	          0.05900125	          0.16697405	          0.44967418	          0.16137826	          0.05000026	          0.05000019	
          0.63183553	         -2.92961874	          2.12098050	         -7.19716969	          0.86281239	          0.89624688	          0.00313414	         30.49593728	          3.32850769	         -5.68066115	        -15.84837317	         -2.29458006	          0.97081857	        -26.48030262	        -24.80796433	          4.64413565	         -3.68144579	         -3.61872768	         10.00373907	          5.52928973	         -5.58162910	         -2.09804261	         27.59526300	         -3.36116750	         -1.18418682	          1.74963728	         -9.69344173	        -13.53540761	         11.36065152	          2.45763711	        -13.49641881	         19.13341419	         16.87656008	         48.07330542	         86.51662706	         86.51662706	          0.60295416	          0.60886800	          0.56600513	          0.26094482	          0.23787377	          0.24153769	          0.09825959	          0.10245651	          0.08556208	          0.05014580	          0.05000205	          0.05002547	          0.30103843	          0.42869490	          0.46875908	          0.38465057	          0.05000135	          0.05002960	          0.12354906	          0.45594728	          0.40301370	          0.46690124	          0.05000061	          0.05000058	          0.29003023	          0.06982051	          0.09744217	          0.05000038	          0.35818766	          0.41326909	          0.35293477	          0.05000016	          0.05000036	          0.05000006	          0.18869085	          0.05000434	          0.05000210	          0.83214744	          0.29437417	          0.21686148	          0.96035779	          0.98132923	          0.93474858	          0.13848526	          0.06980737	          0.05000031	          0.08354991	          0.05002089	          0.07543056	          0.15252342	          0.05000667	          0.05200352	          0.05001378	          0.05000171	          0.05000360	          0.05000067	          0.05001046	          0.51596897	          0.29578622	          0.21301990	          0.08249349	          0.08247651	          0.38906191	          0.12443820	          0.05000699	          0.05003653	          0.05002649	          0.06979847	          0.08313909	          0.64001692	          0.25835212	          0.05047052	          0.12599892	          0.22905168	          0.09121798	          0.09089763	          0.08247959	          0.15361074	          0.21003259	          0.06148480	          0.17128357	          0.20196919	          0.13016696	          0.27822906	          0.09037004	          0.09933107	          0.05000046	          0.27237240	          0.68120103	          0.16550662	          0.05000444	          0.05000019	
          0.64272925	         -2.92661042	          2.12001761	         -7.30468404	          0.87906818	          0.89617726	          0.00261848	         30.05848962	          3.55035352	         -5.43866231	        -15.06061809	         -2.64910595	          0.92599218	        -27.53517788	        -27.38738360	          4.27691635	         -4.82823822	         -4.22619629	         11.06583961	          5.62195112	         -5.59124393	         -2.16586664	         24.67218461	         -3.30363324	         -1.26425288	          1.82126763	        -10.10654953	        -13.52828266	         12.03317344	          2.14866959	        -13.47062154	         19.12054611	         16.18170796	         49.16910930	         86.51662706	         86.51662706	          0.64066386	          0.61278442	          0.55291952	          0.22747656	          0.21294601	          0.24592864	          0.08316201	          0.10392471	          0.08357374	          0.05000137	          0.05000181	          0.05002095	          0.29437932	          0.41357644	          0.45365134	          0.37455775	          0.05000129	          0.05002560	          0.12717380	          0.44705136	          0.38955379	          0.43705564	          0.05000058	          0.05000056	          0.24546374	          0.05909295	          0.08247033	          0.05000035	          0.36582595	          0.43277997	          0.37039882	          0.05000012	          0.05000023	          0.05000004	          0.22386688	          0.05000040	          0.05000048	          0.79173836	          0.24914169	          0.20914542	          0.97703527	          0.98918414	          0.96220032	          0.13098204	          0.05908061	          0.05000026	          0.07071194	          0.05000882	          0.06384152	          0.12913642	          0.11518145	          0.08247281	          0.05297270	          0.05000274	          0.05000639	          0.05000185	          0.12697860	          0.48670513	          0.25033541	          0.18028707	          0.06981808	          0.06980323	          0.41216497	          0.12089724	          0.05840693	          0.05001987	          0.05000982	          0.05907426	          0.11709681	          0.56040674	          0.26311793	          0.14064026	          0.11274793	          0.20350396	          0.07720124	          0.07693012	          0.06980560	          0.13000653	          0.17775853	          0.05203708	          0.14496417	          0.17093425	          0.11016550	          0.23547570	          0.07648377	          0.09102855	          0.05000093	          0.35851956	          0.74811693	          0.16765280	          0.06225820	          0.05000021	
          0.65362296	         -2.92058636	          2.11897225	         -7.39129575	          0.89504915	          0.89628677	          0.00209276	         29.56212737	          3.81255205	         -5.12498468	        -14.07129066	         -2.96198565	          0.87894197	        -28.51244215	        -30.15749507	          4.20779453	         -5.86646509	         -4.87021052	         11.88835437	          5.67046205	         -5.15383595	         -2.33548376	         21.58317138	         -3.25665661	         -1.34410719	          1.88699983	        -10.45487544	        -13.51771529	         12.66982856	          1.86616412	        -13.45596702	         19.13949380	         15.53215994	         50.18929059	         86.51662706	         86.51662706	          0.65853136	          0.61629754	          0.55279622	          0.20858091	          0.23048110	          0.26478707	          0.07038465	          0.10152486	          0.07671484	          0.05000117	          0.05000107	          0.05000480	          0.29850951	          0.40162926	          0.42076063	          0.35078828	          0.05000121	          0.05001541	          0.11373192	          0.43935335	          0.37516904	          0.39742396	          0.05000034	          0.05000037	          0.20774544	          0.05001678	          0.06980011	          0.05000028	          0.36859045	          0.45058141	          0.38831588	          0.05000009	          0.05000024	          0.05000003	          0.30115312	          0.05000027	          0.05000042	          0.67007787	          0.21085851	          0.20365863	          0.82690517	          0.99373437	          0.97810284	          0.12187495	          0.05000217	          0.05000028	          0.05984671	          0.05004026	          0.05908098	          0.10929707	          0.09748781	          0.06980597	          0.06020467	          0.05000235	          0.05000570	          0.05000120	          0.13111765	          0.42401875	          0.21186918	          0.15258412	          0.05909076	          0.05907747	          0.44175175	          0.24256863	          0.08839686	          0.05002968	          0.05001432	          0.05000500	          0.14871061	          0.47429345	          0.29950687	          0.11904651	          0.09542500	          0.18607292	          0.06533838	          0.06510891	          0.05907915	          0.11002942	          0.15044379	          0.05000005	          0.12268889	          0.45094181	          0.26813126	          0.24350102	          0.07559795	          0.07704131	          0.07571999	          0.30342859	          0.63315934	          0.16254804	          0.05457358	          0.05000024	
          0.66451668	         -2.91170855	          2.11448093	         -7.45796910	          0.91074860	          0.89654646	          0.00156910	         29.02399362	          4.10637237	         -4.74615225	        -12.92034998	         -3.21580144	          0.82213841	        -29.44557502	        -32.97558699	          4.48256163	         -6.35315623	         -5.56359107	         12.51279776	          5.74913689	         -4.23478265	         -2.51313186	         18.91721015	         -3.22193172	         -1.41947094	          1.94508160	        -10.74436057	        -13.50836683	         13.25649106	          1.61073261	        -13.45033093	         19.17803290	         14.94803586	         51.13711529	         86.51662706	         86.51662706	          0.67534219	          0.61245583	          0.52829034	          0.31207927	          0.28666140	          0.26911432	          0.05957029	          0.08593102	          0.06493050	          0.05000108	          0.05000136	          0.05000578	          0.25265327	          0.34079768	          0.37420515	          0.32464603	          0.05000168	          0.05001776	          0.09626006	          0.41659680	          0.34681675	          0.34707066	          0.05000043	          0.05000046	          0.17582295	          0.05000597	          0.05907633	          0.05000042	          0.47099611	          0.48508251	          0.42680413	          0.05000015	          0.05000039	          0.05000007	          0.31425134	          0.05293908	          0.05949650	          0.56711201	          0.17845873	          0.21298928	          0.69984132	          0.95282710	          0.94295157	          0.13259115	          0.05000012	          0.05000033	          0.05065265	          0.05000193	          0.05000322	          0.16423297	          0.08251156	          0.05908150	          0.05890577	          0.05000110	          0.05000392	          0.05000139	          0.16433440	          0.35886348	          0.17931460	          0.12913817	          0.05001289	          0.05000151	          0.45500711	          0.28435289	          0.07552219	          0.05001174	          0.05000556	          0.05000222	          0.15323895	          0.40141235	          0.25348468	          0.10075691	          0.08076300	          0.15748232	          0.05529844	          0.05510423	          0.05000102	          0.09312207	          0.12732643	          0.05193498	          0.13667372	          0.38164947	          0.22693022	          0.25984595	          0.06398143	          0.06520297	          0.06408497	          0.40479469	          0.59233841	          0.16114496	          0.07765705	          0.05000019	
          0.67541040	         -2.90076753	          2.10368150	         -7.51146215	          0.92618581	          0.89700269	          0.00105094	         28.41711433	          4.42978706	         -4.29338083	        -11.62790176	         -3.41774485	          0.74019132	        -30.27480721	        -35.74662436	          5.03278743	         -6.32535539	         -6.27351239	         12.90521837	          5.83396322	         -3.40278829	         -2.57394678	         16.35554993	         -3.19671086	         -1.48480495	          1.99516470	        -10.98098870	        -13.49667261	         13.77923328	          1.38574294	        -13.44992310	         19.23110595	         14.43574283	         51.99554430	         86.51662706	         86.51662706	          0.68061142	          0.60414245	          0.50758539	          0.37251258	          0.32392532	          0.28682916	          0.05263094	          0.07766219	          0.06084662	          0.05000122	          0.05000161	          0.05001542	          0.23329047	          0.30275186	          0.34110167	          0.29935417	          0.05000163	          0.05002485	          0.08147261	          0.39171014	          0.31661400	          0.29649493	          0.05000051	          0.05000050	          0.14880574	          0.05000514	          0.05000697	          0.05000043	          0.52864672	          0.57607127	          0.43039471	          0.05000021	          0.05000049	          0.05000007	          0.33899570	          0.05907692	          0.05039015	          0.47996829	          0.15103738	          0.21610388	          0.59230225	          0.87922559	          0.79805767	          0.13005278	          0.05000017	          0.05000032	          0.05000168	          0.05000176	          0.05000176	          0.13899996	          0.06983499	          0.05001347	          0.05422528	          0.05241329	          0.05001278	          0.05302306	          0.18694475	          0.30372009	          0.16370189	          0.10929522	          0.05000571	          0.05000128	          0.46309651	          0.33695402	          0.15471496	          0.05001097	          0.05000520	          0.05000196	          0.14432122	          0.33973033	          0.21453496	          0.09744115	          0.06937149	          0.13328339	          0.05000024	          0.05000022	          0.05000017	          0.07881276	          0.10776135	          0.05000008	          0.11567237	          0.32300550	          0.19206034	          0.26114367	          0.05415019	          0.05518391	          0.07792903	          0.42788368	          0.56726496	          0.16000066	          0.08048541	          0.05000022	
          0.68630411	         -2.88889503	          2.08570227	         -7.55235992	          0.94138087	          0.89769659	          0.00053813	         27.70705113	          4.77649497	         -3.77591629	        -10.21012974	         -3.57516922	          0.63833790	        -30.92107258	        -38.43183296	          5.72965743	         -6.02841845	         -6.95336732	         13.09619009	          5.86363217	         -2.64498484	         -2.56450315	         13.90057002	         -3.17836082	         -1.53776318	          2.03608730	        -11.16777683	        -13.48215030	         14.23354183	          1.18868150	        -13.45109077	         19.28825034	         14.00217587	         52.75576580	         86.51662706	         86.51662706	          0.67781263	          0.58549797	          0.47701451	          0.43793351	          0.36900725	          0.30418992	          0.05000708	          0.06878178	          0.05665852	          0.05000075	          0.05000132	          0.05000730	          0.22437207	          0.27716872	          0.31723809	          0.26943241	          0.05000170	          0.05001905	          0.06895707	          0.35879252	          0.27796137	          0.25093579	          0.05000043	          0.05000044	          0.12594004	          0.05000436	          0.05000413	          0.05000058	          0.52105570	          0.63776963	          0.49523231	          0.05000156	          0.05000251	          0.05061603	          0.36985035	          0.05000408	          0.05000366	          0.40621525	          0.12783359	          0.23064146	          0.50128792	          0.80588849	          0.71257147	          0.11944232	          0.05000018	          0.05000031	          0.05000146	          0.05000163	          0.05000248	          0.11764490	          0.05910697	          0.05001360	          0.05006805	          0.08717631	          0.05004769	          0.07223640	          0.20421558	          0.25705027	          0.17605975	          0.09250154	          0.05000588	          0.05000106	          0.47448482	          0.33676058	          0.18596353	          0.05001063	          0.05000484	          0.05000155	          0.13607147	          0.28752654	          0.18156962	          0.08247602	          0.05895697	          0.11280312	          0.05000026	          0.05000024	          0.05000016	          0.06670232	          0.09120284	          0.05000031	          0.10726406	          0.27337570	          0.16254975	          0.26236129	          0.05000114	          0.05000037	          0.07666003	          0.43769550	          0.50445929	          0.15761234	          0.07409991	          0.05000027	
          0.69719783	         -2.87704735	          2.05809109	         -7.57537858	          0.95634906	          0.89864780	          0.00003363	         26.87793976	          5.13098494	         -3.21641387	         -8.68560808	         -3.68636185	          0.52040947	        -31.34242667	        -41.00820978	          6.46219041	         -5.53151231	         -7.58413243	         13.11864183	          5.87343411	         -1.93773880	         -2.49889022	         11.56754821	         -3.16617448	         -1.57638543	          2.06711517	        -11.30390187	        -13.46783325	         14.61967264	          1.01264466	        -13.45152686	         19.33706373	         13.65390963	         53.41785960	         86.51662706	         86.51662706	          0.66661835	          0.55478260	          0.44452619	          0.53139461	          0.41906811	          0.33252769	          0.06306298	          0.08353927	          0.06454220	          0.05000106	          0.05000143	          0.05003078	          0.18992780	          0.23459482	          0.27000336	          0.23457959	          0.05000185	          0.05002512	          0.06176803	          0.31378376	          0.23525157	          0.21237682	          0.05000050	          0.05000050	          0.10658795	          0.05000340	          0.05000340	          0.05000047	          0.55572519	          0.66349485	          0.51551159	          0.05000094	          0.05000170	          0.06301114	          0.40301843	          0.05000345	          0.05000382	          0.34379525	          0.12437424	          0.24725218	          0.42425932	          0.74180006	          0.69594921	          0.10843133	          0.05000020	          0.05000031	          0.05000196	          0.05000115	          0.05000097	          0.12428393	          0.05003358	          0.05000533	          0.05012381	          0.12094493	          0.05996345	          0.09020996	          0.21573024	          0.21755266	          0.16856381	          0.07828860	          0.05000479	          0.05000090	          0.47958527	          0.34197378	          0.20726502	          0.05000818	          0.05000359	          0.05000102	          0.13269384	          0.24334454	          0.15366950	          0.06980529	          0.05000348	          0.10640265	          0.05000021	          0.05000020	          0.05000014	          0.05645291	          0.07718905	          0.05000012	          0.10263578	          0.26034654	          0.13757963	          0.27166422	          0.05000066	          0.05000035	          0.06905473	          0.43782995	          0.46849184	          0.15297516	          0.06646563	          0.05000032	
          0.70809154	         -2.86597456	          2.01849637	         -7.57510932	          0.97110224	          0.89985780	         -0.00045946	         25.92994279	          5.47572359	         -2.63838874	         -7.07264181	         -3.75141314	          0.38249424	        -31.52508587	        -43.45138614	          7.12623311	         -4.89154902	         -8.15911091	         12.98724304	          5.88350291	         -1.26749122	         -2.37406229	          9.36580494	         -3.16049076	         -1.59952572	          2.08819774	        -11.38813624	        -13.45676750	         14.93285561	          0.85183659	        -13.45089950	         19.37067232	         13.39658339	         53.98362297	         86.51662706	         86.51662706	          0.65426899	          0.52107037	          0.42047952	          0.57862945	          0.47412020	          0.37604345	          0.08302992	          0.10399144	          0.07663869	          0.05000226	          0.05000172	          0.05000701	          0.16074508	          0.19855279	          0.22852893	          0.20233307	          0.05000206	          0.05001958	          0.08652281	          0.27513464	          0.19910431	          0.17974295	          0.05000053	          0.05000054	          0.09020958	          0.05000368	          0.05000420	          0.05000036	          0.56199166	          0.66952674	          0.52140217	          0.05000030	          0.05000068	          0.08894790	          0.43587724	          0.05000361	          0.05000403	          0.29096683	          0.16114768	          0.26752853	          0.35906769	          0.68783201	          0.65661602	          0.09830760	          0.05000022	          0.05000032	          0.05000168	          0.05000093	          0.05000075	          0.16784004	          0.05001126	          0.05000376	          0.05441355	          0.14946983	          0.09146181	          0.10991060	          0.22633657	          0.18639494	          0.19288931	          0.06626029	          0.05000468	          0.05000081	          0.48028478	          0.35417401	          0.23486402	          0.05000688	          0.05000288	          0.05000078	          0.12755046	          0.20595169	          0.13005654	          0.05908242	          0.05000284	          0.13074792	          0.05000020	          0.05000019	          0.05000013	          0.05069326	          0.06750592	          0.05000024	          0.09977012	          0.25795689	          0.11646253	          0.27978216	          0.05000082	          0.05000035	          0.08888974	          0.42942638	          0.44187387	          0.14686517	          0.06032705	          0.05000038	
          0.71898526	         -2.85620617	          1.96492156	         -7.54762596	          0.98564757	          0.90131088	         -0.00093957	         24.87510697	          5.79717801	         -2.05621405	         -5.38685723	         -3.77089319	          0.22446784	        -31.48477772	        -45.73924061	          7.68868246	         -4.14412624	         -8.67386449	         12.72566553	          5.88486883	         -0.61490880	         -2.19111453	          7.30844813	         -3.16254615	         -1.60632868	          2.09936350	        -11.41966409	        -13.45076610	         15.16279678	          0.70349184	        -13.45003347	         19.38679655	         13.23409202	         54.45373149	         86.51662706	         86.51662706	          0.63659305	          0.48771331	          0.39463077	          0.60935054	          0.50848188	          0.41080817	          0.09187135	          0.11522508	          0.08304264	          0.05001354	          0.05000185	          0.05000432	          0.13604627	          0.16805338	          0.19704565	          0.18317935	          0.05000190	          0.05001583	          0.07323988	          0.25554287	          0.16861695	          0.15212439	          0.05000049	          0.05000049	          0.07634800	          0.05000384	          0.05000553	          0.05000031	          0.54862359	          0.65354356	          0.50942698	          0.05000021	          0.05000049	          0.12066224	          0.46538464	          0.05000488	          0.05000542	          0.24625615	          0.21532793	          0.28831179	          0.30389386	          0.63951012	          0.61534984	          0.09056428	          0.05000024	          0.05000034	          0.05000174	          0.05000082	          0.05000062	          0.19642514	          0.05001000	          0.05000313	          0.06199960	          0.16851213	          0.09743211	          0.12911992	          0.23065429	          0.16877403	          0.20238791	          0.05608193	          0.05000458	          0.05000075	          0.48039405	          0.34860007	          0.25698151	          0.05000601	          0.05000236	          0.05000063	          0.12171017	          0.17430481	          0.11007199	          0.05001570	          0.05000223	          0.14114432	          0.05000019	          0.05000018	          0.05000012	          0.05023260	          0.05907387	          0.05000016	          0.09030520	          0.26187106	          0.11331392	          0.28896723	          0.05000099	          0.05000037	          0.12976387	          0.41631818	          0.45905478	          0.14007432	          0.05717980	          0.05000043	
          0.72987898	         -2.84802383	          1.89600256	         -7.49126805	          0.99999174	          0.90297935	         -0.00140577	         23.72634108	          6.08659310	         -1.47480971	         -3.64020310	         -3.74674884	          0.04650943	        -31.24518500	        -47.85622591	          8.16290739	         -3.32421029	         -9.11749774	         12.35398357	          5.86542097	          0.02627978	         -1.95009607	          5.40921262	         -3.17352768	         -1.59619742	          2.10104428	        -11.39831606	        -13.44998886	         15.29718074	          0.56715636	        -13.44970892	         19.38488647	         13.16688402	         54.82623033	         86.51662706	         86.51662706	          0.61668470	          0.45817478	          0.36664504	          0.61268713	          0.52395530	          0.43810992	          0.08955740	          0.11156850	          0.08214789	          0.05000139	          0.05000149	          0.05000335	          0.11514313	          0.15374051	          0.21637418	          0.17740864	          0.05000178	          0.05001320	          0.06198801	          0.24942621	          0.15812659	          0.13670103	          0.05000040	          0.05000040	          0.06461655	          0.05000376	          0.05000585	          0.05000039	          0.51636217	          0.61706184	          0.48089008	          0.05000050	          0.05000080	          0.15252085	          0.49338236	          0.05000455	          0.05002569	          0.20841582	          0.26184901	          0.30855340	          0.25719765	          0.59596411	          0.57486378	          0.08515127	          0.05000025	          0.05000034	          0.05000159	          0.05000076	          0.05000057	          0.19381003	          0.05000835	          0.05000284	          0.05901363	          0.17443941	          0.08247380	          0.14607408	          0.23436496	          0.15789662	          0.20606225	          0.05001099	          0.05000430	          0.05000068	          0.47690699	          0.34519883	          0.27287282	          0.05000530	          0.05000192	          0.05000052	          0.11651049	          0.14752118	          0.09315832	          0.05001176	          0.05000199	          0.14451769	          0.05000019	          0.05000019	          0.05000013	          0.05000118	          0.05000245	          0.05000015	          0.08098396	          0.22451069	          0.09743276	          0.29336002	          0.05000089	          0.05000035	          0.13756790	          0.40684855	          0.47224661	          0.13678218	          0.05548104	          0.05000048	
          0.74077269	         -2.84134079	          1.81132396	         -7.40499958	          1.01414703	          0.90482745	         -0.00185697	         22.49363375	          6.33695165	         -0.89983842	         -1.84333035	         -3.68096040	         -0.15014934	        -30.82640640	        -49.79255087	          8.56187157	         -2.46284424	         -9.47734079	         11.89331453	          5.83099507	          0.65394228	         -1.65637939	          3.67711795	         -3.19328745	         -1.56916790	          2.09356065	        -11.32381291	        -13.45370948	         15.32988020	          0.44244235	        -13.44977881	         19.36338856	         13.18952093	         55.09700296	         86.51662706	         86.51662706	          0.59254939	          0.43395889	          0.34428214	          0.61304843	          0.53511769	          0.46023225	          0.08356695	          0.10326367	          0.07926960	          0.05000085	          0.05000129	          0.05000251	          0.09745186	          0.15976369	          0.22471709	          0.17637979	          0.05000175	          0.05001084	          0.05246512	          0.25094968	          0.15734509	          0.14192993	          0.05000034	          0.05000034	          0.05468812	          0.05000387	          0.05000789	          0.05000049	          0.46807133	          0.56239363	          0.43806605	          0.07128651	          0.05000379	          0.17926121	          0.51922010	          0.05000372	          0.08693809	          0.17639013	          0.32676708	          0.33295440	          0.21767681	          0.56270141	          0.54907199	          0.08182253	          0.05000025	          0.05000033	          0.05000184	          0.05000070	          0.05000049	          0.16559236	          0.05000925	          0.05000252	          0.05514835	          0.16444921	          0.06980662	          0.16357384	          0.23699734	          0.15181039	          0.19711225	          0.05001072	          0.05000387	          0.05000062	          0.47144063	          0.34184017	          0.28400364	          0.05000452	          0.05000149	          0.05000043	          0.11398407	          0.12486689	          0.07884368	          0.05000870	          0.05000164	          0.14072068	          0.05000020	          0.05000019	          0.05000014	          0.05000051	          0.05000120	          0.05000009	          0.07343841	          0.19001454	          0.08247610	          0.30289481	          0.05000068	          0.05000032	          0.14542746	          0.39646125	          0.49228415	          0.13503470	          0.05295304	          0.05000049	
          0.75166641	         -2.83580028	          1.71105009	         -7.28807986	          1.02812628	          0.90681186	         -0.00229122	         21.19062912	          6.54265943	         -0.33765121	         -0.00604383	         -3.57608090	         -0.36635740	        -30.25287317	        -51.54323805	          8.88095467	         -1.57214399	         -9.75163898	         11.36100718	          5.79351396	          1.24436846	         -1.31528164	          2.11924654	         -3.22094231	         -1.52607432	          2.07736208	        -11.19455954	        -13.46093350	         15.26402799	          0.32946492	        -13.44976086	         19.32114252	         13.29058029	         55.26076852	         86.51662706	         86.51662706	          0.56608276	          0.41494851	          0.32852193	          0.61857322	          0.54402442	          0.47453163	          0.07595350	          0.09384115	          0.07620142	          0.05000057	          0.05000110	          0.05000178	          0.08247882	          0.13525973	          0.23706148	          0.18018244	          0.05000165	          0.05000834	          0.05000384	          0.25874566	          0.16426714	          0.15453059	          0.05000028	          0.05000028	          0.05000232	          0.05000379	          0.05000832	          0.05000060	          0.40867584	          0.49655945	          0.38544660	          0.09853574	          0.09720507	          0.20235221	          0.54076573	          0.05000428	          0.12588617	          0.14928558	          0.39909592	          0.35879490	          0.18422881	          0.53471764	          0.52158207	          0.08117481	          0.05000024	          0.05000033	          0.05000187	          0.05000068	          0.05000047	          0.14015169	          0.05000945	          0.05000242	          0.05049678	          0.13918260	          0.05908477	          0.17890077	          0.23617998	          0.14503178	          0.18697168	          0.05000895	          0.05000360	          0.05000058	          0.46196140	          0.33300228	          0.28949630	          0.05000392	          0.05000120	          0.05000038	          0.10951031	          0.11357165	          0.06672875	          0.05000842	          0.05000157	          0.13209480	          0.05000022	          0.05000021	          0.05000015	          0.05000065	          0.05000145	          0.05000011	          0.06386711	          0.16081727	          0.06980621	          0.31218606	          0.05000079	          0.05000033	          0.14983832	          0.38506354	          0.51479651	          0.13306191	          0.05137334	          0.05000049	
          0.76256012	         -2.83091377	          1.59545678	         -7.14073596	          1.04193849	          0.90888094	         -0.00270622	         19.83768809	          6.70104645	          0.20950480	          1.86178306	         -3.43566964	         -0.60282808	        -29.56169243	        -53.10416429	          9.12523635	         -0.64981539	         -9.94181193	         10.77741287	          5.74867934	          1.77813185	         -0.92960741	          0.74892684	         -3.25569191	         -1.46806916	          2.05304735	        -11.00774348	        -13.47023964	         15.11033696	          0.23023931	        -13.44973586	         19.25994011	         13.45398709	         55.31133162	         86.51662706	         86.51662706	          0.52992603	          0.39343387	          0.31716254	          0.61204293	          0.53610720	          0.47954441	          0.06686390	          0.08356686	          0.07267324	          0.05000042	          0.05000096	          0.05000145	          0.06980669	          0.11448435	          0.20065270	          0.17968615	          0.05000162	          0.05000692	          0.05000310	          0.26386809	          0.17041551	          0.16628996	          0.05000024	          0.05000024	          0.05000280	          0.05000372	          0.05006098	          0.05000093	          0.34587823	          0.42026032	          0.32621838	          0.13538569	          0.15518742	          0.22288841	          0.55867776	          0.05000421	          0.15919703	          0.12634598	          0.46518405	          0.38237057	          0.15592034	          0.50890921	          0.49086816	          0.08092020	          0.05000024	          0.05000033	          0.05000211	          0.05000069	          0.05000046	          0.11861737	          0.05000982	          0.05000239	          0.05007895	          0.11779582	          0.05001538	          0.18959621	          0.22734773	          0.13812082	          0.17756456	          0.05000832	          0.05000347	          0.05000057	          0.44974939	          0.31806026	          0.28699927	          0.05000344	          0.05000101	          0.05000035	          0.10380401	          0.10539496	          0.05647574	          0.05000753	          0.05000144	          0.12000482	          0.05000025	          0.05000024	          0.05000017	          0.05000028	          0.05000072	          0.05000009	          0.05405486	          0.13610609	          0.05908155	          0.32167609	          0.05000071	          0.05000034	          0.14114280	          0.37936883	          0.53813699	          0.13018524	          0.05068117	          0.05000049	
          0.77345384	         -2.82617583	          1.46614838	         -6.96403343	          1.05558638	          0.91097387	         -0.00310071	         18.46095384	          6.81321521	          0.74079876	          3.75026058	         -3.26512786	         -0.85901090	        -28.80043100	        -54.47155014	          9.30880187	          0.30966554	        -10.05110306	         10.16088101	          5.68714368	          2.24283948	         -0.50614164	         -0.41363886	         -3.29739486	         -1.39772105	          2.02123675	        -10.75926130	        -13.48031356	         14.88683911	          0.14878865	        -13.45021001	         19.18395146	         13.66062207	         55.24226974	         86.51662706	         86.51662706	          0.48805302	          0.36406680	          0.30146700	          0.57254643	          0.51159117	          0.47616123	          0.06999030	          0.08155411	          0.07274636	          0.05000041	          0.05000098	          0.05000131	          0.05908198	          0.09689578	          0.16982267	          0.15870729	          0.05000173	          0.05000631	          0.05000273	          0.25398055	          0.16299895	          0.14524372	          0.05000024	          0.05000024	          0.05000265	          0.05000380	          0.11266564	          0.05000103	          0.29272984	          0.35568215	          0.27609089	          0.17156649	          0.21044478	          0.23990614	          0.57334030	          0.05000390	          0.18905563	          0.10693134	          0.52517269	          0.40412825	          0.13196168	          0.48411486	          0.46187627	          0.07954793	          0.05000026	          0.05000035	          0.05000184	          0.05000070	          0.05000047	          0.10039126	          0.05000857	          0.05000238	          0.05006189	          0.09969522	          0.05000731	          0.19731163	          0.21661617	          0.13032081	          0.17508122	          0.05000953	          0.05000361	          0.05000059	          0.43317971	          0.30090855	          0.28222727	          0.05000305	          0.05000088	          0.05000035	          0.09419161	          0.09570214	          0.05000215	          0.05000834	          0.05000157	          0.10580755	          0.05000029	          0.05000029	          0.05000021	          0.05139183	          0.05000792	          0.05000028	          0.05000160	          0.11519195	          0.05000441	          0.33071862	          0.05000058	          0.05000036	          0.16514383	          0.37059737	          0.57425114	          0.12541815	          0.05043093	          0.05000052	
          0.78434756	         -2.82118032	          1.32719565	         -6.75938361	          1.06906573	          0.91302354	         -0.00347517	         17.08879155	          6.88454546	          1.25417094	          5.65009710	         -3.07219230	         -1.13278749	        -28.01873076	        -55.64316397	          9.44183485	          1.31175401	        -10.08991466	          9.52989378	          5.60805019	          2.61627901	         -0.04902991	         -1.34479730	         -3.34682260	         -1.32014601	          1.98222177	        -10.44389227	        -13.49062047	         14.61829013	          0.09089180	        -13.45156740	         19.09869724	         13.89027387	         55.04703806	         86.51662706	         86.51662706	          0.44057788	          0.33021738	          0.29485459	          0.50115249	          0.48145329	          0.47698679	          0.08094245	          0.08512562	          0.07272316	          0.05000058	          0.05000132	          0.05000132	          0.05000686	          0.08200857	          0.14372856	          0.13432102	          0.05000257	          0.05000658	          0.05000335	          0.22355688	          0.13795930	          0.12292606	          0.05000031	          0.05000032	          0.05000301	          0.05000525	          0.17453719	          0.05000093	          0.24774832	          0.30102718	          0.23366610	          0.20270394	          0.25596121	          0.25264911	          0.58524433	          0.05000472	          0.21680646	          0.09050001	          0.57099551	          0.42059879	          0.11168450	          0.46261252	          0.44465891	          0.07754217	          0.05000027	          0.05000039	          0.05000105	          0.05000070	          0.05000054	          0.08496554	          0.05000512	          0.05000243	          0.05003877	          0.08437595	          0.05000472	          0.20042954	          0.20665406	          0.12450298	          0.17971548	          0.05001444	          0.05000374	          0.05000059	          0.41728664	          0.28907106	          0.27079814	          0.05000277	          0.05000081	          0.05000037	          0.08656973	          0.08865784	          0.05000679	          0.05002541	          0.05000226	          0.09252465	          0.05000036	          0.05000036	          0.05000027	          0.05176172	          0.05000408	          0.05000015	          0.05000160	          0.09749155	          0.05000104	          0.32868224	          0.05002013	          0.05000059	          0.22986015	          0.36498648	          0.60165260	          0.12010373	          0.05334819	          0.05000054	
          0.79524127	         -2.81567907	          1.18467955	         -6.52889947	          1.08236996	          0.91496725	         -0.00383282	         15.74760861	          6.92435368	          1.74661758	          7.55238860	         -2.86592536	         -1.41857203	        -27.26240422	        -56.61263090	          9.53096666	          2.33349575	        -10.07545468	          8.89916577	          5.51625908	          2.87164001	          0.44680099	         -2.02467239	         -3.40506627	         -1.24186045	          1.93601183	        -10.05664679	        -13.50065855	         14.33155890	          0.06346259	        -13.45381269	         19.01030760	         14.12393275	         54.71786207	         86.51662706	         86.51662706	          0.39887305	          0.30501809	          0.29880654	          0.44202719	          0.46200588	          0.47451185	          0.08895293	          0.08697073	          0.07076723	          0.05000148	          0.05000263	          0.05000125	          0.05000209	          0.06940882	          0.12164387	          0.11368162	          0.05000519	          0.05000670	          0.05000483	          0.19044634	          0.11676367	          0.10403751	          0.05000050	          0.05000053	          0.05000375	          0.05001098	          0.20435775	          0.05000088	          0.20967879	          0.25477065	          0.19776042	          0.22705479	          0.28918084	          0.26140573	          0.59292422	          0.05000648	          0.23457192	          0.07659356	          0.60524630	          0.43270673	          0.09452314	          0.44581996	          0.43004584	          0.07667767	          0.05000026	          0.05000040	          0.05000088	          0.05000071	          0.05000061	          0.07191015	          0.05000395	          0.05000248	          0.05001978	          0.07141066	          0.05000232	          0.19578985	          0.18780792	          0.12034248	          0.18970875	          0.05002271	          0.05000383	          0.05000057	          0.40330152	          0.27888132	          0.22923044	          0.05000248	          0.05000076	          0.05000038	          0.08300332	          0.08577420	          0.05002594	          0.05004699	          0.05000265	          0.08111728	          0.05000053	          0.05000053	          0.05000038	          0.05000018	          0.05000044	          0.05000012	          0.05000118	          0.08251147	          0.05001003	          0.31967122	          0.05000036	          0.05000051	          0.28665827	          0.37709968	          0.58745842	          0.11660098	          0.05760491	          0.05000051	
          0.80613499	         -2.80952736	          1.04423123	         -6.27478150	          1.09549699	          0.91675878	         -0.00417755	         14.46180422	          6.94279919	          2.21383742	          9.44544153	         -2.65393694	         -1.70873790	        -26.57496092	        -57.36551885	          9.57813358	          3.34308219	        -10.02832964	          8.27584238	          5.41570787	          3.01057303	          0.99408673	         -2.46893635	         -3.47254565	         -1.16842030	          1.88255349	         -9.59395799	        -13.50941681	         14.05002287	          0.07316288	        -13.45645118	         18.92529780	         14.34570997	         54.24457690	         86.51662706	         86.51662706	          0.37867835	          0.29870049	          0.30462195	          0.41596071	          0.46469672	          0.47344435	          0.09097016	          0.08575534	          0.06750737	          0.05000393	          0.05000386	          0.05000124	          0.05000208	          0.05874656	          0.10295288	          0.09621421	          0.05000856	          0.05000681	          0.05000658	          0.18122463	          0.10291332	          0.08805187	          0.05000061	          0.05000064	          0.05000460	          0.05001606	          0.20808213	          0.05000084	          0.17745921	          0.21562207	          0.16737216	          0.24541484	          0.31232006	          0.26630549	          0.59663274	          0.05000874	          0.24227373	          0.06482402	          0.63090449	          0.44129171	          0.07999897	          0.43295819	          0.41226717	          0.07550411	          0.05000028	          0.05000043	          0.05000079	          0.05000072	          0.05000063	          0.06086110	          0.05000382	          0.05000234	          0.05001944	          0.06043768	          0.05000183	          0.20780089	          0.18916739	          0.12455785	          0.18754026	          0.05002289	          0.05000381	          0.05000059	          0.38574464	          0.27939969	          0.19401288	          0.05000215	          0.05000069	          0.05000039	          0.08032109	          0.08378591	          0.06998039	          0.06675508	          0.05000263	          0.07175173	          0.05000064	          0.05000065	          0.05000048	          0.05000053	          0.05000100	          0.05000012	          0.05000078	          0.06983304	          0.05000169	          0.32477197	          0.05000665	          0.05000121	          0.37228429	          0.35976252	          0.58875679	          0.11239609	          0.05454356	          0.05000053	
          0.81702870	         -2.80266199	          0.90885294	         -5.99796655	          1.10844557	          0.91837123	         -0.00451000	         13.25754706	          6.94750566	          2.65093273	         11.31909256	         -2.44244670	         -2.00342246	        -26.00463114	        -57.89758921	          9.58629353	          4.35084142	         -9.96225912	          7.66567322	          5.30327067	          3.05942811	          1.60588122	         -2.74960156	         -3.54960966	         -1.10353161	          1.82223273	         -9.05315067	        -13.51622651	         13.79010928	          0.12556004	        -13.45855583	         18.85025219	         14.54537620	         53.61614020	         86.51662706	         86.51662706	          0.36885036	          0.30041954	          0.30514042	          0.43731990	          0.46706318	          0.45990104	          0.08246567	          0.07656434	          0.06198230	          0.05000364	          0.05000441	          0.05000118	          0.05000187	          0.05000969	          0.08713426	          0.08143483	          0.05001086	          0.05000642	          0.05000558	          0.18239516	          0.10622657	          0.07452560	          0.05000065	          0.05000068	          0.05000372	          0.05001444	          0.20408249	          0.05000100	          0.15019101	          0.18248945	          0.14165367	          0.26095712	          0.33013157	          0.26836753	          0.59806664	          0.05001132	          0.24385271	          0.05486304	          0.64480918	          0.44590647	          0.06770684	          0.41750596	          0.38479804	          0.07619686	          0.05000029	          0.05000044	          0.05000083	          0.05000076	          0.05000066	          0.05151057	          0.05000394	          0.05000255	          0.05001495	          0.05115095	          0.05000132	          0.21804759	          0.18733283	          0.12052395	          0.17469406	          0.05001223	          0.05000332	          0.05000057	          0.37142029	          0.26385036	          0.16420204	          0.05000193	          0.05000064	          0.05000039	          0.07938149	          0.08379026	          0.05927734	          0.07259099	          0.05000288	          0.06441013	          0.05000080	          0.05000082	          0.05000059	          0.05000015	          0.05000035	          0.05000005	          0.05000076	          0.05910381	          0.05000503	          0.32704909	          0.05000281	          0.05000121	          0.45240243	          0.36444580	          0.57021713	          0.11105301	          0.05389379	          0.05000052	
          0.82792242	         -2.79497667	          0.77953549	         -5.69921091	          1.12122473	          0.91979452	         -0.00483064	         12.15592783	          6.94414637	          3.05533263	         13.16150091	         -2.23622899	         -2.30018388	        -25.59183251	        -58.20247677	          9.56264577	          5.34244701	         -9.88420970	          7.07026703	          5.16841295	          3.08222209	          2.28679963	         -2.90790446	         -3.63530557	         -1.04845647	          1.75569022	         -8.43545672	        -13.51984002	         13.55966041	          0.22394826	        -13.45975179	         18.79261927	         14.72060534	         52.82262262	         86.51662706	         86.51662706	          0.36778531	          0.30237524	          0.29754609	          0.45201516	          0.46147485	          0.44245391	          0.06980329	          0.06480764	          0.05542440	          0.05000255	          0.05000461	          0.05000130	          0.05000213	          0.05001375	          0.07374687	          0.07709522	          0.05001155	          0.05000690	          0.05000512	          0.17793654	          0.10735340	          0.06779260	          0.05000073	          0.05000074	          0.05000317	          0.05001113	          0.19734418	          0.05000135	          0.13533131	          0.16030229	          0.12621649	          0.27304132	          0.34365201	          0.26826669	          0.59859708	          0.05000855	          0.24307190	          0.05000016	          0.64972802	          0.44741596	          0.05730394	          0.40295663	          0.35804601	          0.07570250	          0.05000031	          0.05000047	          0.05000079	          0.05000076	          0.05000068	          0.05000459	          0.05000391	          0.05000260	          0.05001123	          0.05000065	          0.05000091	          0.21512253	          0.19496828	          0.12247424	          0.16381732	          0.05000796	          0.05000279	          0.05000053	          0.35600996	          0.26375691	          0.13897127	          0.05000166	          0.05000058	          0.05000037	          0.08179074	          0.08642513	          0.06231095	          0.10419141	          0.05000328	          0.06053580	          0.05000115	          0.05000118	          0.05000087	          0.05000021	          0.05000045	          0.05000007	          0.05000048	          0.05002307	          0.05000262	          0.33194283	          0.05001450	          0.05000405	          0.50192087	          0.36309967	          0.56500208	          0.10944693	          0.05004697	          0.05000055	
          0.83881614	         -2.78638850	          0.65597236	         -5.37856442	          1.13385730	          0.92102649	         -0.00513833	         11.16199531	          6.93567268	          3.42553492	         14.95895213	         -2.03836088	         -2.59785480	        -25.34953755	        -58.27159991	          9.51522111	          6.30798645	         -9.79789927	          6.49524072	          5.01055137	          3.08222796	          3.03428740	         -2.99139560	         -3.72730959	         -1.00310764	          1.68361069	         -7.74685737	        -13.51957914	         13.36098990	          0.36721434	        -13.45983889	         18.75797530	         14.87796533	         51.85920375	         86.51662706	         86.51662706	          0.37089471	          0.30242985	          0.28473763	          0.45664522	          0.45458533	          0.42330925	          0.05908197	          0.05485564	          0.05001023	          0.05000282	          0.05000507	          0.05000137	          0.05000222	          0.05001379	          0.06241752	          0.07117829	          0.05007163	          0.05000712	          0.05000533	          0.16770102	          0.10352480	          0.06040724	          0.05000083	          0.05000085	          0.05000302	          0.05001005	          0.18046863	          0.05000166	          0.13602634	          0.15466075	          0.12514283	          0.28095689	          0.35182706	          0.26578184	          0.59838048	          0.05001161	          0.24359667	          0.05000019	          0.64755566	          0.44656844	          0.05002381	          0.39384081	          0.33363049	          0.07418204	          0.05000036	          0.05000046	          0.05000075	          0.05000075	          0.05000068	          0.05000545	          0.05000374	          0.05000254	          0.05000905	          0.05000069	          0.05000066	          0.21608485	          0.20939803	          0.12891178	          0.15157062	          0.05000640	          0.05000248	          0.05000051	          0.34238399	          0.26779301	          0.11761730	          0.05000145	          0.05000053	          0.05000036	          0.08754090	          0.09260437	          0.06764221	          0.13407515	          0.05000339	          0.05983591	          0.05000188	          0.05000200	          0.05000178	          0.05000021	          0.05000043	          0.05000007	          0.05000047	          0.05000202	          0.05000194	          0.34168516	          0.06514094	          0.05000395	          0.52365602	          0.36312553	          0.57153053	          0.10754381	          0.05000241	          0.05000056	
          0.84970985	         -2.77690998	          0.53729047	         -5.03627095	          1.14637515	          0.92206810	         -0.00543219	         10.26420374	          6.92311379	          3.76140737	         16.69972809	         -1.85062640	         -2.89472191	        -25.26202307	        -58.10279206	          9.45537830	          7.23215762	         -9.70499738	          5.94497305	          4.82460113	          3.06331679	          3.85016736	         -3.03636124	         -3.82274320	         -0.96619098	          1.60647638	         -6.99775973	        -13.51516016	         13.19366722	          0.55103298	        -13.45916079	         18.75044061	         15.03221023	         50.72731555	         86.51662706	         86.51662706	          0.37320077	          0.30020170	          0.27189999	          0.45904867	          0.44379558	          0.40335497	          0.05001080	          0.05000429	          0.05000246	          0.05000217	          0.05000543	          0.05000143	          0.05000224	          0.05001359	          0.05283163	          0.06125867	          0.07626110	          0.05000725	          0.05000455	          0.15889754	          0.09995513	          0.05332785	          0.05000100	          0.05000105	          0.05000288	          0.05001026	          0.15598235	          0.05000723	          0.14225575	          0.15744813	          0.13015424	          0.28653364	          0.35760783	          0.26270987	          0.59791076	          0.05001769	          0.24272181	          0.05000027	          0.63729762	          0.44402648	          0.05000259	          0.38236410	          0.31523997	          0.07195445	          0.05000039	          0.05000044	          0.05000072	          0.05000076	          0.05000070	          0.05000484	          0.05000365	          0.05000255	          0.05000655	          0.05000051	          0.05000046	          0.22635347	          0.21698520	          0.13726066	          0.14066808	          0.05000521	          0.05000220	          0.05000048	          0.32896757	          0.26566066	          0.09954451	          0.05000131	          0.05000050	          0.05000035	          0.09490385	          0.10172408	          0.07926587	          0.16076903	          0.05000347	          0.06125670	          0.05000440	          0.05000493	          0.05000458	          0.05000024	          0.05000049	          0.05000009	          0.05000048	          0.05000206	          0.05000175	          0.34874489	          0.07959863	          0.05000499	          0.53555249	          0.36329479	          0.56322464	          0.10568282	          0.05000154	          0.05000057	
          0.86060357	         -2.76663985	          0.42260347	         -4.67259784	          1.15881309	          0.92292154	         -0.00571162	          9.44497473	          6.90588255	          4.06328562	         18.37421903	         -1.67395780	         -3.18824127	        -25.30300725	        -57.69976666	          9.39033222	          8.09537778	         -9.60496598	          5.42175842	          4.61076984	          3.04342785	          4.73663803	         -3.06713608	         -3.91874262	         -0.93608486	          1.52471922	         -6.20074213	        -13.50687081	         13.05779524	          0.76875408	        -13.45825307	         18.77223248	         15.20274002	         49.43398001	         86.51662706	         86.51662706	          0.37582173	          0.29303393	          0.25580870	          0.43808700	          0.41976792	          0.38096222	          0.05000769	          0.05000433	          0.05000226	          0.05000257	          0.05000660	          0.05000158	          0.05000247	          0.05001434	          0.05001691	          0.05543955	          0.09548632	          0.05000793	          0.05000504	          0.14564603	          0.09301491	          0.05005281	          0.05000118	          0.05000124	          0.05000304	          0.05001075	          0.13204695	          0.06045034	          0.14978353	          0.16414851	          0.13773392	          0.29019430	          0.36155462	          0.25900679	          0.59686519	          0.05002174	          0.23928789	          0.05000027	          0.62361385	          0.44026318	          0.05183939	          0.37624528	          0.30208246	          0.06724043	          0.05000056	          0.05000042	          0.05000067	          0.05000074	          0.05000069	          0.05000438	          0.05000343	          0.05000245	          0.05000554	          0.05000047	          0.05000037	          0.19188114	          0.24429409	          0.15080387	          0.13195949	          0.05000431	          0.05000194	          0.05000044	          0.31319499	          0.27690133	          0.08424884	          0.05000116	          0.05000046	          0.05000033	          0.10596369	          0.11250168	          0.09155510	          0.18148893	          0.05000333	          0.06061974	          0.05000269	          0.05000283	          0.05000198	          0.05000021	          0.05000042	          0.05000007	          0.05000046	          0.05000193	          0.05000171	          0.35769531	          0.09338551	          0.05000513	          0.54550586	          0.36235652	          0.55247664	          0.10276028	          0.05000082	          0.05000068	
          0.87149729	         -2.75585828	          0.31175227	         -4.28746522	          1.17120862	          0.92359274	         -0.00597699	          8.68469545	          6.88325460	          4.33143906	         19.96728294	         -1.50807480	         -3.47376076	        -25.44127443	        -57.04997090	          9.32861449	          8.87917336	         -9.49473761	          4.92793616	          4.36011017	          3.02671804	          5.69323491	         -3.10522177	         -4.01259438	         -0.91181412	          1.43878533	         -5.36908868	        -13.49545926	         12.95606613	          1.01130687	        -13.45722626	         18.82231654	         15.41040408	         47.99058266	         86.51662706	         86.51662706	          0.37878082	          0.28297460	          0.23833196	          0.41001848	          0.39185729	          0.35979373	          0.05000775	          0.05000381	          0.05000241	          0.05000245	          0.05000813	          0.05000180	          0.05000275	          0.05001509	          0.05002225	          0.05049436	          0.10291723	          0.05000894	          0.05000509	          0.12706054	          0.08070703	          0.05001545	          0.05000150	          0.05000151	          0.05000312	          0.05001127	          0.11177201	          0.08356545	          0.15798742	          0.17285602	          0.14717631	          0.29030640	          0.35971363	          0.25371071	          0.59601193	          0.05001448	          0.23288769	          0.05000043	          0.61140182	          0.43732121	          0.05000366	          0.37390354	          0.29739282	          0.06073661	          0.05000073	          0.05000045	          0.05000064	          0.05000072	          0.05000068	          0.05000397	          0.05000320	          0.05000237	          0.05000448	          0.05000043	          0.05000031	          0.16240185	          0.26999565	          0.16289744	          0.13281945	          0.05000393	          0.05000179	          0.05000043	          0.29531666	          0.28258293	          0.07130363	          0.05000106	          0.05000044	          0.05000033	          0.11527042	          0.12174749	          0.11359365	          0.20478316	          0.05000353	          0.05829010	          0.05000246	          0.05000254	          0.05000157	          0.05000023	          0.05000047	          0.05000008	          0.05000050	          0.05000185	          0.05000170	          0.36237054	          0.10345214	          0.05000679	          0.53678722	          0.36159651	          0.53126780	          0.09741627	          0.05000078	          0.05000082	
          0.88239100	         -2.74506169	          0.20490267	         -3.88082834	          1.18359623	          0.92408640	         -0.00622794	          7.96204410	          6.85372581	          4.56570977	         21.46330965	         -1.35210371	         -3.74797347	        -25.64128611	        -56.13910881	          9.27649675	          9.56402189	         -9.37253411	          4.46594334	          4.07043171	          3.02009619	          6.71425762	         -3.16670204	         -4.10251605	         -0.89298857	          1.34917845	         -4.51576193	        -13.48240519	         12.89414072	          1.26841280	        -13.45604125	         18.89724807	         15.67622300	         46.41324463	         86.51662706	         86.51662706	          0.38305710	          0.27013468	          0.21816843	          0.37649817	          0.36418070	          0.33878540	          0.05000915	          0.05000414	          0.05000264	          0.05000356	          0.05001203	          0.05000206	          0.05000302	          0.05001584	          0.05002142	          0.05002746	          0.10339039	          0.05001011	          0.05000632	          0.10856742	          0.06843072	          0.05000891	          0.05000198	          0.05000196	          0.05000366	          0.05001289	          0.09460566	          0.10895847	          0.16252915	          0.18180267	          0.15714486	          0.29103605	          0.35915601	          0.24904563	          0.59528501	          0.05001063	          0.21184404	          0.05000068	          0.59646218	          0.43229022	          0.05000188	          0.37090900	          0.29674904	          0.05339932	          0.05000081	          0.05000049	          0.05000061	          0.05000071	          0.05000068	          0.05000372	          0.05000306	          0.05000231	          0.05000372	          0.05000041	          0.05000028	          0.13745521	          0.29669106	          0.17559033	          0.14098438	          0.05000375	          0.05000172	          0.05000043	          0.27739281	          0.28594354	          0.06034785	          0.05000099	          0.05000043	          0.05000033	          0.12551241	          0.13156817	          0.14416263	          0.22782942	          0.05000378	          0.05546404	          0.05000184	          0.05000187	          0.05000109	          0.05000028	          0.05000056	          0.05000010	          0.05000055	          0.05000170	          0.05000164	          0.36553785	          0.11214638	          0.05000871	          0.51408499	          0.36044447	          0.50173669	          0.09051535	          0.05000083	          0.05000085	
          0.89328472	         -2.73484860	          0.10176954	         -3.45295696	          1.19600508	          0.92440298	         -0.00646247	          7.25776349	          6.81476136	          4.76764144	         22.84992690	         -1.20458921	         -4.01084400	        -25.87134527	        -54.95972040	          9.23531692	         10.12996016	         -9.23969601	          4.03965114	          3.75200123	          3.02507966	          7.78846857	         -3.26454770	         -4.18763395	         -0.87912285	          1.25657570	         -3.65231245	        -13.46966361	         12.88068016	          1.52927321	        -13.45480708	         18.99162465	         16.01867855	         44.72248622	         86.51662706	         86.51662706	          0.38645909	          0.25693307	          0.19595894	          0.36146809	          0.33890692	          0.31644836	          0.05005720	          0.05001071	          0.05000477	          0.05000803	          0.05000976	          0.05000200	          0.05000323	          0.05001718	          0.05002543	          0.06286382	          0.10354060	          0.05000953	          0.05000864	          0.11041735	          0.07555572	          0.05003196	          0.05000151	          0.05000148	          0.05000336	          0.05001176	          0.08007524	          0.13781736	          0.14049948	          0.19259347	          0.16865851	          0.29310899	          0.36128023	          0.24587021	          0.59454716	          0.05000389	          0.18379273	          0.05000089	          0.58539985	          0.42717220	          0.06163783	          0.36813921	          0.30202866	          0.05000073	          0.05000083	          0.05000051	          0.05000062	          0.05000075	          0.05000074	          0.05000340	          0.05000296	          0.05000235	          0.05000325	          0.05000044	          0.05000027	          0.11760767	          0.31795326	          0.18659993	          0.15422912	          0.05000417	          0.05000182	          0.05000046	          0.25950287	          0.27230768	          0.05107643	          0.05000101	          0.05000046	          0.05000037	          0.13447856	          0.14065726	          0.18173150	          0.22237594	          0.05000376	          0.05050442	          0.05000132	          0.05000131	          0.05000075	          0.05000033	          0.05000066	          0.05000012	          0.05000066	          0.05000233	          0.05000212	          0.36628303	          0.11894477	          0.05038927	          0.48272268	          0.35771653	          0.46662407	          0.08453893	          0.05000151	          0.05000299	
          0.90417843	         -2.72569995	          0.00193871	         -3.00454861	          1.20846277	          0.92453917	         -0.00667596	          6.55713319	          6.76371699	          4.93893554	         24.11742749	         -1.06339206	         -4.26370502	        -26.10803260	        -53.51101601	          9.20649641	         10.56472534	         -9.09880242	          3.65142938	          3.41248311	          3.04133492	          8.90199029	         -3.40542734	         -4.26688968	         -0.87015164	          1.16123847	         -2.78898562	        -13.45954681	         12.92637653	          1.78285158	        -13.45308571	         19.09809371	         16.45109665	         42.94096900	         86.51662706	         86.51662706	          0.39142155	          0.24253441	          0.17308741	          0.32913706	          0.31800632	          0.29888705	          0.05914897	          0.05339021	          0.05001391	          0.05001944	          0.05001059	          0.05000198	          0.05000319	          0.05001764	          0.05002603	          0.07057762	          0.12856647	          0.05000934	          0.05001041	          0.10882234	          0.07745368	          0.05012525	          0.05000158	          0.05000155	          0.05000419	          0.05001317	          0.06777886	          0.16947125	          0.14517063	          0.20524851	          0.18076750	          0.29072824	          0.35520298	          0.23864700	          0.59268114	          0.05000210	          0.18634803	          0.05000046	          0.59200126	          0.42738476	          0.05907829	          0.37056231	          0.31554871	          0.05000054	          0.05000072	          0.05000057	          0.05000062	          0.05000078	          0.05000078	          0.05000331	          0.05000292	          0.05000234	          0.05000253	          0.05000046	          0.05000027	          0.10739898	          0.34215408	          0.19945654	          0.16282123	          0.05000458	          0.05000193	          0.05000050	          0.24039524	          0.26455487	          0.05000551	          0.05000103	          0.05000048	          0.05000040	          0.14467747	          0.15015836	          0.21785874	          0.22187778	          0.05000365	          0.05000287	          0.05000106	          0.05000104	          0.05000058	          0.05000040	          0.05000080	          0.05000016	          0.05000078	          0.05000409	          0.05000323	          0.36759194	          0.12183824	          0.05335547	          0.45098378	          0.35856707	          0.42548516	          0.07771991	          0.05848991	          0.05610836	
          0.91507215	         -2.71814824	         -0.09535556	         -2.53831724	          1.22099383	          0.92448876	         -0.00686690	          5.84066002	          6.69880909	          5.08203388	         25.26266568	         -0.92653346	         -4.50773830	        -26.31832480	        -51.80562417	          9.21115189	         10.87263773	         -8.95094632	          3.29924861	          3.02566080	          3.06592690	         10.03878552	         -3.59045489	         -4.34005171	         -0.86429371	          1.06345004	         -1.93576134	        -13.45302528	         13.03780571	          2.01877440	        -13.45118670	         19.20672137	         16.98354319	         41.09412723	         86.51662706	         86.51662706	          0.39847493	          0.23258700	          0.15234818	          0.32896373	          0.31809358	          0.29975866	          0.05007036	          0.05489427	          0.05005430	          0.05000248	          0.05000613	          0.05000227	          0.05000506	          0.05002513	          0.05004191	          0.07214173	          0.15284348	          0.05001040	          0.05000822	          0.09237652	          0.07367702	          0.05752978	          0.05000137	          0.05000139	          0.05000370	          0.05001130	          0.06135676	          0.20353376	          0.15785776	          0.21930538	          0.19361681	          0.28732209	          0.34691654	          0.22597435	          0.59536956	          0.05000473	          0.21422140	          0.05000021	          0.59275317	          0.42403338	          0.05000073	          0.37330521	          0.30926177	          0.05000048	          0.05000077	          0.05000060	          0.05000065	          0.05000082	          0.05000082	          0.05000335	          0.05000295	          0.05000237	          0.05000173	          0.05000049	          0.05000028	          0.10724448	          0.36581500	          0.20754856	          0.14150638	          0.05000552	          0.05000215	          0.05000055	          0.22510634	          0.24959655	          0.05000811	          0.05000107	          0.05000052	          0.05000045	          0.15644716	          0.16053830	          0.22516851	          0.22127845	          0.05000359	          0.05000174	          0.05000088	          0.05000085	          0.05000047	          0.05000051	          0.05000096	          0.05000019	          0.05000075	          0.05000332	          0.05000291	          0.37116874	          0.12723448	          0.05805833	          0.41644325	          0.36560752	          0.37816519	          0.06982072	          0.07162755	          0.06626448	
          0.92596587	         -2.71283211	         -0.19165980	         -2.05769043	          1.23361839	          0.92424019	         -0.00703588	          5.08302889	          6.61423904	          5.19823743	         26.29126346	         -0.79335224	         -4.74222734	        -26.46036922	        -49.87417758	          9.25480571	         11.07058198	         -8.79614662	          2.97930244	          2.63703718	          3.10137822	         11.13795386	         -3.81309120	         -4.40808581	         -0.85796890	          0.96329361	         -1.10175740	        -13.44986567	         13.21253085	          2.22662175	        -13.45005861	         19.30298381	         17.62311734	         39.21119546	         86.51662706	         86.51662706	          0.40208888	          0.23109068	          0.14502016	          0.39925557	          0.35702824	          0.30806633	          0.07875091	          0.06543740	          0.05463861	          0.05098542	          0.05001202	          0.05000156	          0.05000248	          0.05001369	          0.05002119	          0.06833098	          0.17942745	          0.05000775	          0.05000802	          0.10444648	          0.06823112	          0.05001198	          0.05000152	          0.05000150	          0.05000310	          0.05001273	          0.06296014	          0.23931291	          0.16929877	          0.23148275	          0.20412501	          0.30346041	          0.37180072	          0.23733280	          0.60189271	          0.05008160	          0.22270860	          0.05881002	          0.50167407	          0.40059554	          0.34706889	          0.35846817	          0.30157746	          0.05000048	          0.05000104	          0.05000075	          0.05000074	          0.05000096	          0.05000100	          0.05000379	          0.05000349	          0.05000303	          0.05000107	          0.05000049	          0.05000028	          0.11874616	          0.39474427	          0.19633249	          0.11976830	          0.05000355	          0.05000183	          0.05000054	          0.20964004	          0.21131984	          0.05000579	          0.05000116	          0.05000057	          0.05000046	          0.16626898	          0.16912315	          0.21718933	          0.24344716	          0.05000685	          0.05000133	          0.05000077	          0.05000074	          0.05000041	          0.05000141	          0.05000186	          0.05000045	          0.05000079	          0.05000329	          0.05000281	          0.37266760	          0.12661185	          0.06197156	          0.38146587	          0.37387295	          0.33849463	          0.06070465	          0.07549745	          0.07260080	
          0.93685958	         -2.71021876	         -0.29072543	         -1.56461744	          1.24635305	          0.92378036	         -0.00717740	          4.26648937	          6.49754292	          5.28853344	         27.21455146	         -0.66180802	         -4.96816137	        -26.50397635	        -47.76100474	          9.26481899	         11.17838550	         -8.65231040	          2.69130360	          2.43281327	          3.15654650	         12.09135513	         -4.05781409	         -4.47208694	         -0.84670631	          0.86038269	         -0.29369304	        -13.45000213	         13.44031449	          2.39582770	        -13.44971999	         19.36878738	         18.37188359	         37.32149010	         86.51662706	         86.51662706	          0.39722231	          0.20000267	          0.12273978	          0.36261856	          0.31993797	          0.27910885	          0.09138620	          0.07259389	          0.05666016	          0.06037379	          0.05000767	          0.05000183	          0.05000361	          0.05001974	          0.05003530	          0.08356541	          0.20686264	          0.05000821	          0.05001839	          0.08847274	          0.06983216	          0.06449206	          0.05000114	          0.05000113	          0.05000310	          0.05000982	          0.05329480	          0.27597477	          0.17945974	          0.24033849	          0.21113984	          0.31847772	          0.39365626	          0.24120487	          0.59997661	          0.05000409	          0.22124671	          0.05000044	          0.42494752	          0.39847376	          0.29373874	          0.34553327	          0.25525926	          0.05000039	          0.05000087	          0.05000067	          0.05000072	          0.05000099	          0.05000103	          0.05000351	          0.05000326	          0.05000272	          0.05000079	          0.05000057	          0.05000031	          0.11945512	          0.40138186	          0.21388373	          0.14345636	          0.05000607	          0.05000243	          0.05000065	          0.19209672	          0.20515817	          0.05000804	          0.05000124	          0.05000063	          0.05000056	          0.17786830	          0.17855806	          0.25950301	          0.21625747	          0.05000420	          0.05000096	          0.05000071	          0.05000067	          0.05000037	          0.05000070	          0.05000139	          0.05000032	          0.05000146	          0.05000628	          0.05000533	          0.37329107	          0.11935244	          0.06583791	          0.35242533	          0.38738022	          0.30690084	          0.05882984	          0.09320121	          0.08042716	
          0.94775330	         -2.71063899	         -0.39178918	         -1.06367880	          1.25921109	          0.92311332	         -0.00729417	          3.38765846	          6.34880509	          5.35867483	         28.04300998	         -0.53008582	         -5.18409746	        -26.44356681	        -45.50624020	          9.25628309	         11.22335676	         -8.49802179	          2.42747829	          2.36379414	          3.22115909	         12.88576342	         -4.31038669	         -4.53304960	         -0.82847078	          0.75507402	          0.48248638	        -13.45140035	         13.70808997	          2.51952077	        -13.45030989	         19.38764435	         19.22774090	         35.44779013	         86.51662706	         86.51662706	          0.39353745	          0.19159778	          0.11048400	          0.37636196	          0.33021012	          0.27650856	          0.07736920	          0.07064308	          0.05710328	          0.05110143	          0.05000776	          0.05000144	          0.05000270	          0.05001524	          0.05002691	          0.08853153	          0.23614973	          0.05000688	          0.05000771	          0.10247123	          0.07551916	          0.05587636	          0.05000109	          0.05000106	          0.05000306	          0.05001114	          0.05004468	          0.31239264	          0.18524461	          0.24304493	          0.21228052	          0.32995498	          0.41082633	          0.24380896	          0.60177817	          0.05001463	          0.24089434	          0.05003563	          0.43300865	          0.39830857	          0.24860677	          0.31001790	          0.24591530	          0.05000044	          0.05000083	          0.05000081	          0.05000075	          0.05000104	          0.05000113	          0.05000334	          0.05000321	          0.05000290	          0.05000062	          0.05000062	          0.05000034	          0.12176724	          0.39353851	          0.21575484	          0.15714348	          0.05000686	          0.05000261	          0.05000071	          0.17682756	          0.19228924	          0.05000848	          0.05000132	          0.05000069	          0.05000062	          0.18610006	          0.18467361	          0.28563087	          0.20391796	          0.05000483	          0.05000079	          0.05000067	          0.05000062	          0.05000034	          0.05000095	          0.05000179	          0.05000043	          0.05000165	          0.05000666	          0.05000579	          0.37730137	          0.11695144	          0.07226285	          0.31999826	          0.40109693	          0.27673062	          0.05543185	          0.10474556	          0.08485704	
          0.95864701	         -2.71434761	         -0.49428996	         -0.55926539	          1.27221082	          0.92225748	         -0.00738754	          2.44429137	          6.16912828	          5.40806213	         28.78485340	         -0.39603475	         -5.38919668	        -26.27628426	        -43.14719184	          9.24401266	         11.22722758	         -8.32876259	          2.18331321	          2.38977692	          3.28435677	         13.53748157	         -4.55946373	         -4.59117143	         -0.80143904	          0.64723025	          1.22064585	        -13.45261222	         14.00599163	          2.59163083	        -13.45115886	         19.34344530	         20.18626003	         33.60877628	         86.51662706	         86.51662706	          0.39236623	          0.18940594	          0.10559808	          0.41822787	          0.36027196	          0.28408352	          0.06550087	          0.06174304	          0.05275775	          0.05000288	          0.05000586	          0.05000126	          0.05000260	          0.05001441	          0.05002845	          0.09534084	          0.26757124	          0.05000608	          0.05000533	          0.09740615	          0.07512524	          0.06416855	          0.05000093	          0.05000090	          0.05000251	          0.05000938	          0.05013327	          0.34855476	          0.18928304	          0.24129065	          0.20891766	          0.34376778	          0.43110579	          0.24683507	          0.60172674	          0.06925653	          0.25978961	          0.05988004	          0.42479145	          0.40348823	          0.21040696	          0.26238243	          0.23867108	          0.05000042	          0.05000093	          0.05000085	          0.05000082	          0.05000114	          0.05000121	          0.05000388	          0.05000360	          0.05000315	          0.05000052	          0.05000068	          0.05000037	          0.12818316	          0.37512410	          0.21351847	          0.15390947	          0.05000731	          0.05000283	          0.05000078	          0.16025687	          0.17509027	          0.05000920	          0.05000141	          0.05000075	          0.05000069	          0.19247355	          0.18904826	          0.29014331	          0.20703595	          0.05000601	          0.05000071	          0.05000065	          0.05000060	          0.05000032	          0.05000133	          0.05000233	          0.05000059	          0.05000190	          0.05000722	          0.05000629	          0.38250767	          0.11621469	          0.07769557	          0.28891125	          0.41523096	          0.24888811	          0.05195733	          0.11382291	          0.08887364	
          0.96954073	         -2.72143042	         -0.59856745	         -0.05459216	          1.28537373	          0.92123552	         -0.00745700	          1.43596048	          5.95818592	          5.43330670	         29.44887591	         -0.25829874	         -5.58279503	        -26.00149562	        -40.72421354	          9.22389879	         11.20288070	         -8.14134092	          1.95507198	          2.48888134	          3.34908025	         14.06457501	         -4.79542878	         -4.64605662	         -0.76378339	          0.53649952	          1.91499945	        -13.45320849	         14.32701374	          2.60534899	        -13.45155010	         19.21883201	         21.24188029	         31.82334669	         86.51662706	         86.51662706	          0.38745566	          0.18232108	          0.09393573	          0.46362980	          0.37810963	          0.27148071	          0.05624113	          0.05640730	          0.05053433	          0.05000298	          0.05000536	          0.05000103	          0.05000205	          0.05001167	          0.05002481	          0.10749024	          0.29797738	          0.05000491	          0.05000452	          0.10893120	          0.08496549	          0.07272528	          0.05000077	          0.05000074	          0.05000218	          0.05000800	          0.05001986	          0.38361868	          0.19213232	          0.23575851	          0.20166709	          0.36331226	          0.46174456	          0.25170689	          0.60084652	          0.14229988	          0.28448637	          0.05068200	          0.35953703	          0.40476662	          0.17807731	          0.22206466	          0.20201097	          0.05000040	          0.05000081	          0.05000085	          0.05000087	          0.05000124	          0.05000136	          0.05000377	          0.05000364	          0.05000331	          0.05000048	          0.05000078	          0.05000041	          0.13001358	          0.36215886	          0.21300963	          0.16073012	          0.05000962	          0.05000329	          0.05000089	          0.14450396	          0.15805497	          0.05001065	          0.05000156	          0.05000085	          0.05000080	          0.19726215	          0.19169873	          0.29975438	          0.18752363	          0.05000593	          0.05000065	          0.05000064	          0.05000059	          0.05000032	          0.05000114	          0.05000230	          0.05000054	          0.05000297	          0.05001002	          0.05000922	          0.38840828	          0.11442637	          0.08355716	          0.25808062	          0.43060941	          0.22438329	          0.05148790	          0.12325361	          0.09309345	
          0.98043445	         -2.73182224	         -0.70460407	          0.44720359	          1.29872354	          0.92007759	         -0.00750269	          0.36682944	          5.71602597	          5.43372741	         30.04211834	         -0.11540370	         -5.76351498	        -25.62597583	        -38.27234091	          9.18135406	         11.16051392	         -7.92632383	          1.73776786	          2.64209023	          3.41706808	         14.50001200	         -5.01020749	         -4.69677581	         -0.71390570	          0.42293062	          2.55985596	        -13.45273724	         14.66483361	          2.55408485	        -13.45097822	         18.99670683	         22.38783573	         30.10935380	         86.51662706	         86.51662706	          0.38161237	          0.17669011	          0.08806277	          0.50367912	          0.39578969	          0.25890366	          0.05005336	          0.05004226	          0.05002260	          0.05000176	          0.05000454	          0.05000087	          0.05000181	          0.05000989	          0.05002306	          0.11384113	          0.32922087	          0.05000423	          0.05000339	          0.11447560	          0.09214808	          0.07722598	          0.05000070	          0.05000067	          0.05000186	          0.05000702	          0.05001189	          0.41702297	          0.19421942	          0.22783010	          0.19169810	          0.38196256	          0.49080994	          0.25516800	          0.59888851	          0.16946696	          0.30957933	          0.05207198	          0.34482943	          0.41518196	          0.15071429	          0.18794201	          0.19540053	          0.05000040	          0.05000077	          0.05000086	          0.05000094	          0.05000134	          0.05000148	          0.05000399	          0.05000384	          0.05000349	          0.05000050	          0.05000090	          0.05000048	          0.12499418	          0.35288969	          0.21160506	          0.16489318	          0.05001368	          0.05000401	          0.05000108	          0.12775630	          0.14037355	          0.05001242	          0.05000170	          0.05000095	          0.05000095	          0.19980663	          0.19198389	          0.30432349	          0.16895339	          0.05000580	          0.05000059	          0.05000064	          0.05000059	          0.05000032	          0.05000086	          0.05000185	          0.05000044	          0.05000279	          0.05001032	          0.05000959	          0.39634480	          0.11565640	          0.09033294	          0.22236796	          0.44648717	          0.20275673	          0.05080284	          0.13211297	          0.09681662	
          0.99132816	         -2.74536856	         -0.81167397	          0.94303874	          1.31228545	          0.91881462	         -0.00752513	         -0.75751035	          5.44344875	          5.40577560	         30.56827292	          0.03370283	         -5.92974121	        -25.15986008	        -35.81619220	          9.10789427	         11.10595921	         -7.67321915	          1.52742382	          2.82701448	          3.48478654	         14.88256021	         -5.19713005	         -4.74217930	         -0.65106237	          0.30634247	          3.14896409	        -13.45130073	         15.01379843	          2.43168113	        -13.44981814	         18.66355650	         23.61760424	         28.48557019	         86.51662706	         86.51662706	          0.37203965	          0.16717446	          0.07454838	          0.52152923	          0.40251994	          0.25904334	          0.05001498	          0.05000280	          0.05000296	          0.05000089	          0.05000338	          0.05000083	          0.05000192	          0.05000979	          0.05002702	          0.11300654	          0.36114027	          0.05000396	          0.05000243	          0.09871578	          0.08835013	          0.08853982	          0.05000062	          0.05000061	          0.05000161	          0.05000649	          0.05001841	          0.44872365	          0.19988515	          0.22317566	          0.18457418	          0.39867557	          0.51668674	          0.25686321	          0.59573731	          0.20706971	          0.34171510	          0.06196885	          0.30555293	          0.43279710	          0.12755547	          0.15906261	          0.20465534	          0.05000037	          0.05000072	          0.05000102	          0.05000105	          0.05000158	          0.05000176	          0.05000451	          0.05000432	          0.05000388	          0.05000053	          0.05000112	          0.05000056	          0.11179311	          0.34410132	          0.20819732	          0.17385485	          0.05002767	          0.05000532	          0.05000128	          0.11489301	          0.12162722	          0.05001727	          0.05000203	          0.05000116	          0.05000120	          0.20176510	          0.19135330	          0.30655684	          0.15872929	          0.05000607	          0.05000058	          0.05000065	          0.05000060	          0.05000032	          0.05000533	          0.05000730	          0.05000155	          0.05000265	          0.05000645	          0.05000684	          0.40550666	          0.11827659	          0.09602880	          0.18821160	          0.46127867	          0.18756542	          0.05000171	          0.14159932	          0.09976317	
          1.00222188	         -2.76183264	         -0.91825342	          1.42946893	          1.32608916	          0.91747353	         -0.00752560	         -1.93612409	          5.14295153	          5.34569160	         31.02666416	          0.18969607	         -6.08021356	        -24.60407038	        -33.36970319	          9.00909655	         11.04476068	         -7.36202350	          1.32090811	          2.96731585	          3.55449811	         15.28437528	         -5.34946728	         -4.78056183	         -0.57541191	          0.18657760	          3.67454394	        -13.44983843	         15.36957550	          2.23181135	        -13.45058246	         18.21494761	         24.92640626	         26.97358101	         86.51662706	         86.51662706	          0.36531662	          0.15636772	          0.06310381	          0.54573204	          0.41140494	          0.22439548	          0.05001582	          0.05000263	          0.05000260	          0.05000089	          0.05000358	          0.05000078	          0.05000176	          0.05000835	          0.05002343	          0.10381873	          0.39026114	          0.05000373	          0.05000234	          0.08974182	          0.08121105	          0.07496542	          0.05000061	          0.05000058	          0.05000144	          0.05000588	          0.05002002	          0.47757508	          0.19857508	          0.21466251	          0.17512839	          0.41903027	          0.55032471	          0.25807908	          0.59355556	          0.28500226	          0.38462282	          0.05589903	          0.25860149	          0.42875067	          0.10795543	          0.13462083	          0.17322265	          0.05000035	          0.05000065	          0.05000083	          0.05000105	          0.05000156	          0.05000174	          0.05000442	          0.05000426	          0.05000386	          0.05000064	          0.05000138	          0.05000067	          0.10209638	          0.29126094	          0.20666490	          0.17501009	          0.05002856	          0.05000537	          0.05000132	          0.09956368	          0.12042164	          0.05002964	          0.05000200	          0.05000115	          0.05000122	          0.20154610	          0.18795105	          0.30530033	          0.15589525	          0.05000616	          0.05000056	          0.05000062	          0.05000056	          0.05000031	          0.05068916	          0.05001596	          0.05000158	          0.05000261	          0.05000795	          0.05000755	          0.41604580	          0.12077399	          0.10146179	          0.15932875	          0.47777307	          0.17866347	          0.05033855	          0.14607984	          0.10394772	
          1.01311559	         -2.78087766	         -1.02358688	          1.90428885	          1.34016731	          0.91608237	         -0.00750427	         -3.16597779	          4.81487994	          5.25080809	         31.41251282	          0.35464562	         -6.21267672	        -23.96304627	        -30.94193262	          8.86931423	         10.98105817	         -6.97558368	          1.11467327	          3.02347422	          3.62940661	         15.76627949	         -5.46069704	         -4.80958733	         -0.48690039	          0.06355063	          4.12941488	        -13.45035671	         15.73379174	          1.94750744	        -13.45742063	         17.65841941	         26.30873598	         25.59656281	         86.51662706	         86.51662706	          0.35438216	          0.13236924	          0.06130890	          0.58793258	          0.42024819	          0.18991926	          0.05001466	          0.05000229	          0.05000231	          0.05000086	          0.05000387	          0.05000066	          0.05000137	          0.05000615	          0.05001724	          0.08787245	          0.41695203	          0.05000319	          0.05000206	          0.08247071	          0.07533534	          0.06345886	          0.05000060	          0.05000057	          0.05000128	          0.05000554	          0.05001259	          0.50307734	          0.19009859	          0.20144110	          0.16248892	          0.43771132	          0.58114599	          0.25663558	          0.58853711	          0.33111314	          0.42240818	          0.05000128	          0.21886456	          0.43247689	          0.09136725	          0.11393484	          0.16391876	          0.05000032	          0.05000064	          0.05000081	          0.05000115	          0.05000168	          0.05000190	          0.05000452	          0.05000441	          0.05000420	          0.05000079	          0.05000180	          0.05000086	          0.08640938	          0.24650854	          0.19862086	          0.18180654	          0.05003823	          0.05000641	          0.05000153	          0.08520090	          0.10583717	          0.05173874	          0.05000219	          0.05000128	          0.05000141	          0.19543266	          0.17992940	          0.30292302	          0.13985935	          0.05000779	          0.05000055	          0.05000062	          0.05000057	          0.05000032	          0.05046004	          0.05001743	          0.05000155	          0.05000284	          0.05001583	          0.05001024	          0.42731187	          0.12118302	          0.10692758	          0.14003266	          0.49469089	          0.17778276	          0.05178481	          0.14738512	          0.10625446	
          1.02400931	         -2.80198188	         -1.12685478	          2.36640388	          1.35455335	          0.91466685	         -0.00746017	         -4.43941317	          4.45884515	          5.11662529	         31.71954744	          0.53014834	         -6.32530003	        -23.25172381	        -28.54879978	          8.66515048	         10.92069146	         -6.49956860	          0.90658158	          3.00085844	          3.70722044	         16.35195425	         -5.52933642	         -4.82637896	         -0.38633250	         -0.06274255	          4.50770534	        -13.45655534	         16.11667563	          1.57193584	        -13.47413401	         17.00919611	         27.75808037	         24.37569503	         86.51662706	         86.51662706	          0.34524916	          0.11203141	          0.05219154	          0.61971203	          0.41161510	          0.16073778	          0.05001352	          0.05000211	          0.05000193	          0.05000086	          0.05000426	          0.05000063	          0.05000125	          0.05000508	          0.05001483	          0.07437208	          0.44193006	          0.05000301	          0.05000196	          0.06981783	          0.06377340	          0.05372111	          0.05000065	          0.05000067	          0.05000122	          0.05000480	          0.05000495	          0.52511719	          0.17454769	          0.18310880	          0.14609354	          0.45584553	          0.61213006	          0.25257457	          0.58067257	          0.37575421	          0.45813136	          0.05000027	          0.18523356	          0.43121582	          0.07732793	          0.09642749	          0.15989706	          0.05000029	          0.05000055	          0.05000071	          0.05000132	          0.05000205	          0.05000248	          0.05000483	          0.05000487	          0.05000476	          0.05000076	          0.05000190	          0.05000086	          0.07313205	          0.20863094	          0.18801811	          0.18147922	          0.07737550	          0.05001232	          0.05000204	          0.07213029	          0.08963084	          0.05003659	          0.05000289	          0.05000176	          0.05000222	          0.18352289	          0.16928923	          0.29800502	          0.11842314	          0.05000700	          0.05000062	          0.05000074	          0.05000067	          0.05000037	          0.05000099	          0.05000229	          0.05000050	          0.05000403	          0.05713960	          0.05002868	          0.43879536	          0.12140438	          0.11192847	          0.13802312	          0.51241750	          0.18784762	          0.05392970	          0.14530594	          0.10613274	
          1.03490303	         -2.82436919	         -1.22667327	          2.81535235	          1.36927938	          0.91324397	         -0.00739193	         -5.74717413	          4.07562759	          4.94027894	         31.94492047	          0.71628480	         -6.41668044	        -22.48856453	        -26.22743548	          8.38815375	         10.87535440	         -5.91296936	          0.69300726	          2.87249377	          3.78082771	         17.07284180	         -5.55982967	         -4.82771914	         -0.27579916	         -0.19214195	          4.80514974	        -13.47356167	         16.53507908	          1.09949813	        -13.50134187	         16.27750704	         29.26658231	         23.32519412	         86.51662706	         86.51662706	          0.34267387	          0.09481739	          0.05000881	          0.68294386	          0.40805351	          0.13603975	          0.05000876	          0.05000140	          0.05000147	          0.05000079	          0.05000641	          0.05000067	          0.05000129	          0.05000408	          0.05001178	          0.06294549	          0.46345447	          0.05000347	          0.05000180	          0.05909799	          0.05397962	          0.05000762	          0.05000101	          0.05000067	          0.05000106	          0.05000492	          0.05000828	          0.54377453	          0.15992148	          0.16612600	          0.13155629	          0.46861765	          0.63439912	          0.24485968	          0.57054555	          0.42222199	          0.49575415	          0.05000267	          0.15677026	          0.43334863	          0.06544572	          0.08161032	          0.16074889	          0.05000037	          0.05000063	          0.05000069	          0.05000167	          0.05000241	          0.05000265	          0.05000662	          0.05000618	          0.05000568	          0.05000058	          0.05000222	          0.05000120	          0.06189486	          0.17657332	          0.17286150	          0.15501076	          0.10823975	          0.05001611	          0.05000624	          0.06105380	          0.07590362	          0.05002935	          0.05000320	          0.05000198	          0.05000241	          0.16807180	          0.15663607	          0.28194816	          0.10068017	          0.05001095	          0.05000062	          0.05000082	          0.05000074	          0.05000042	          0.05000022	          0.05000050	          0.05000012	          0.05000303	          0.05674379	          0.05006069	          0.45169792	          0.12444919	          0.11740563	          0.14549937	          0.52922832	          0.19514393	          0.05757020	          0.13857884	          0.10400188	
          1.04579674	         -2.84703375	         -1.32179531	          3.25203811	          1.38437912	          0.91182309	         -0.00729858	         -7.08434599	          3.66534122	          4.71539748	         32.09022544	          0.91126018	         -6.48511701	        -21.68311054	        -24.03285178	          8.02452871	         10.86138467	         -5.20130233	          0.46976450	          2.61771588	          3.83744540	         17.96370689	         -5.55584423	         -4.80946195	         -0.15790808	         -0.32449141	          5.01979867	        -13.50677462	         17.01111716	          0.52593836	        -13.53324749	         15.45083174	         30.82171329	         22.44705831	         86.51662706	         86.51662706	          0.33630340	          0.08024803	          0.05000148	          0.76087206	          0.34535673	          0.11513627	          0.05000966	          0.05000130	          0.05000110	          0.05000103	          0.05001022	          0.05000085	          0.05000138	          0.05000379	          0.05001098	          0.05327557	          0.48126539	          0.05000416	          0.05000197	          0.05003531	          0.05001011	          0.05000624	          0.05000179	          0.09563344	          0.05000080	          0.05000295	          0.05000224	          0.55928210	          0.14660381	          0.15219595	          0.11951761	          0.48194586	          0.65880636	          0.23633220	          0.55358015	          0.45544085	          0.51775767	          0.05000051	          0.13268073	          0.39574897	          0.05538956	          0.06907003	          0.13605124	          0.05000036	          0.05000049	          0.05000055	          0.05000198	          0.05000333	          0.05000420	          0.05000699	          0.05000706	          0.05000693	          0.09090312	          0.05000140	          0.05000064	          0.05238439	          0.14944149	          0.15040021	          0.15092737	          0.11893786	          0.05007225	          0.06552231	          0.05660753	          0.06427712	          0.05000784	          0.05000511	          0.05000345	          0.05003655	          0.15687743	          0.14822471	          0.27994147	          0.09587601	          0.05001148	          0.05000112	          0.05000156	          0.05000137	          0.05000070	          0.05000073	          0.05000172	          0.05000123	          0.05000229	          0.05000910	          0.05000752	          0.46172067	          0.13439954	          0.12245110	          0.12314289	          0.53685565	          0.20143076	          0.06164685	          0.12765438	          0.09825655	
          1.05669046	         -2.86877408	         -1.41229413	          3.67840513	          1.39987825	          0.91040467	         -0.00717609	         -8.43781651	          3.22730835	          4.43990700	         32.16590943	          1.11417673	         -6.52960799	        -20.86031975	        -22.04564789	          7.56447166	         10.88564171	         -4.34978815	          0.23590893	          2.22245926	          3.88752480	         19.04261901	         -5.50727514	         -4.76755445	         -0.03476993	         -0.45929409	          5.15406087	        -13.56147739	         17.57201447	         -0.14883784	        -13.55430543	         14.47376789	         32.40444762	         21.72610144	         86.51662706	         86.51662706	          0.32673759	          0.06791751	          0.05000065	          0.78930643	          0.29229068	          0.09744481	          0.05000894	          0.05000119	          0.05000095	          0.05000119	          0.05001581	          0.05000150	          0.05000191	          0.05000391	          0.05001112	          0.05000662	          0.49354506	          0.05000718	          0.05000201	          0.05001095	          0.05000626	          0.05000411	          0.06067983	          0.18371098	          0.05000055	          0.05000191	          0.05000144	          0.57145593	          0.14328852	          0.14839230	          0.11637218	          0.48871623	          0.67245055	          0.22419399	          0.53270192	          0.49511240	          0.53651278	          0.05000017	          0.11229289	          0.36504529	          0.05000503	          0.05845690	          0.11514685	          0.05000048	          0.05000039	          0.05000049	          0.05000209	          0.05000341	          0.05000453	          0.05000686	          0.05000702	          0.05000774	          0.16781463	          0.05000119	          0.05000114	          0.05000100	          0.12647882	          0.12871114	          0.13779077	          0.10866970	          0.05011168	          0.08905362	          0.05442074	          0.05448838	          0.05000595	          0.05000535	          0.05000375	          0.07768444	          0.14742394	          0.13990926	          0.26991501	          0.08910473	          0.05003184	          0.05000182	          0.05000309	          0.05000260	          0.05000115	          0.05082637	          0.05000517	          0.05362228	          0.05000181	          0.05000675	          0.05000684	          0.47239196	          0.13885792	          0.13008658	          0.10422126	          0.55121062	          0.21416810	          0.06786919	          0.11550318	          0.09258073	
          1.06758417	         -2.88836860	         -1.49814614	          4.09738282	          1.41579215	          0.90898407	         -0.00702033	         -9.78627339	          2.76137693	          4.11361157	         32.18538465	          1.32379018	         -6.54920637	        -20.05812579	        -20.35426406	          6.99827430	         10.91646070	         -3.34895618	         -0.00687932	          1.67443829	          3.94423669	         20.33595382	         -5.39665283	         -4.69856045	          0.09117892	         -0.59538970	          5.21617487	        -13.64245989	         18.25454997	         -0.91954634	        -13.53561313	         13.22022532	         33.98678420	         21.12661543	         86.51662706	         86.51662706	          0.31068340	          0.06222294	          0.05000220	          0.78607856	          0.24737810	          0.08247213	          0.05000981	          0.05000119	          0.05000110	          0.05000118	          0.05005331	          0.05000096	          0.05000140	          0.05000312	          0.05000967	          0.05000634	          0.50199422	          0.05000491	          0.05000212	          0.05003193	          0.05001538	          0.05000754	          0.13395636	          0.28227098	          0.05000092	          0.05000400	          0.05000454	          0.58178600	          0.15895782	          0.16179061	          0.12905953	          0.48808687	          0.67444718	          0.20921940	          0.50709271	          0.53216731	          0.54754649	          0.05000022	          0.09503785	          0.32939696	          0.05000157	          0.05000102	          0.09745381	          0.05000049	          0.05000054	          0.05000051	          0.05000308	          0.05000667	          0.05001040	          0.05001062	          0.05001137	          0.05001163	          0.22853530	          0.05000223	          0.09672430	          0.05000189	          0.10704469	          0.11380863	          0.12755348	          0.11855480	          0.06190936	          0.11030313	          0.06143799	          0.05009409	          0.05001012	          0.05001276	          0.05001020	          0.10658562	          0.12694182	          0.13368952	          0.25435720	          0.07544102	          0.05001948	          0.05000982	          0.05001094	          0.05000819	          0.05000289	          0.07073778	          0.05000303	          0.05149998	          0.05000364	          0.05004009	          0.05002106	          0.48072257	          0.14307005	          0.13190101	          0.08820737	          0.56535400	          0.24971865	          0.06867165	          0.09893194	          0.09255305	
          1.07847789	         -2.90479496	         -1.58132583	          4.51053422	          1.43212356	          0.90755311	         -0.00682290	        -11.10307347	          2.26759120	          3.74437089	         32.16494938	          1.54279121	         -6.54403178	        -19.32109179	        -19.06152245	          6.30912945	         10.91811997	         -2.21170656	         -0.25900947	          0.97183139	          4.00999292	         21.87459891	         -5.21255421	         -4.60070524	          0.21709644	         -0.73222499	          5.20959082	        -13.69043686	         18.81674439	         -1.76767100	        -13.49148901	         11.93439370	         35.49425291	         20.59799353	         86.51662706	         86.51662706	          0.30147596	          0.05907813	          0.05000361	          0.68458863	          0.20936601	          0.06979995	          0.05000645	          0.05000072	          0.05000072	          0.05000065	          0.05002609	          0.05000031	          0.05000060	          0.05000146	          0.05000499	          0.05000358	          0.50267827	          0.05000183	          0.05000123	          0.05005408	          0.05002223	          0.05000725	          0.21691155	          0.39450723	          0.05000071	          0.05000310	          0.05000227	          0.59018434	          0.18292373	          0.18288700	          0.14899845	          0.48454360	          0.67224065	          0.19796148	          0.46810895	          0.54434428	          0.52348117	          0.05000015	          0.08043440	          0.29154551	          0.05000045	          0.05000042	          0.08247908	          0.05000026	          0.05000049	          0.05000035	          0.05000341	          0.05000624	          0.05002094	          0.05000476	          0.05000623	          0.05001006	          0.27961299	          0.05000448	          0.13347785	          0.05000181	          0.09059719	          0.09637126	          0.13176620	          0.13015780	          0.07083676	          0.13801123	          0.05907852	          0.05007053	          0.05002665	          0.05003842	          0.05265194	          0.13805035	          0.10743688	          0.11314750	          0.23354264	          0.06386593	          0.05000546	          0.05000423	          0.05000554	          0.05000444	          0.05000222	          0.08797812	          0.05000439	          0.05092807	          0.05000126	          0.05001266	          0.05000656	          0.49556362	          0.14938652	          0.14141153	          0.07465378	          0.58332760	          0.29841819	          0.06520577	          0.08911920	          0.09589949	
          1.08937161	         -2.91756285	         -1.66347393	          4.91835775	          1.44886424	          0.90609772	         -0.00657687	        -12.36382416	          1.74781784	          3.33781815	         32.11736190	          1.77412098	         -6.51421937	        -18.68687967	        -18.26796590	          5.48190617	         10.85020196	         -0.96539029	         -0.52355855	          0.10814668	          4.10386718	         23.69048701	         -4.94467137	         -4.47499593	          0.34039274	         -0.86944856	          5.12513907	        -13.67629833	         19.10849589	         -2.69137632	        -13.46514923	         10.95799724	         36.92093579	         20.15445720	         86.51662706	         86.51662706	          0.26747188	          0.05000092	          0.05000029	          0.57939568	          0.17719464	          0.05907478	          0.05000757	          0.05000094	          0.05000078	          0.05000082	          0.05000749	          0.05037604	          0.05000478	          0.05000392	          0.05001343	          0.05005754	          0.42544229	          0.05002699	          0.05000159	          0.05000676	          0.05000427	          0.05000373	          0.24396856	          0.51160764	          0.05000032	          0.05000106	          0.05000068	          0.59754701	          0.19835034	          0.19722608	          0.16290267	          0.47539593	          0.66014749	          0.18732159	          0.42754848	          0.56916478	          0.49437567	          0.05000004	          0.06980460	          0.24674605	          0.05000400	          0.05000058	          0.06980528	          0.05000029	          0.05000063	          0.05000042	          0.05000405	          0.05001815	          0.05000399	          0.05906513	          0.05010379	          0.05001635	          0.30965417	          0.08247570	          0.15853919	          0.05823893	          0.07667960	          0.08980241	          0.11152601	          0.13129796	          0.05995727	          0.17413717	          0.05000339	          0.05005756	          0.10308563	          0.05001673	          0.05000802	          0.19084583	          0.09092875	          0.09576148	          0.22695249	          0.05900142	          0.05542665	          0.05000087	          0.05000487	          0.05000411	          0.05000255	          0.09893332	          0.05001481	          0.05305251	          0.05000031	          0.05000196	          0.05000165	          0.52156440	          0.15832432	          0.14664176	          0.06318295	          0.61637117	          0.39471947	          0.06494796	          0.08213875	          0.08563076	
          1.10026532	         -2.92607981	         -1.74404416	          5.32015244	          1.46600281	          0.90460283	         -0.00627715	        -13.54983165	          1.20575194	          2.89370482	         32.05498178	          2.01605069	         -6.46055858	        -18.18459966	        -18.09231827	          4.50513176	         10.65433640	          0.36327592	         -0.79300712	         -0.91193653	          4.25115102	         25.78120115	         -4.58153983	         -4.32268945	          0.45877631	         -1.00628973	          4.95816358	        -13.63993457	         19.26194265	         -3.69382958	        -13.45264615	         10.23746160	         38.31962651	         19.81257088	         86.51662706	         86.51662706	          0.22637228	          0.05000077	          0.05000035	          0.49036503	          0.14996678	          0.05000169	          0.05000591	          0.05000081	          0.05000073	          0.05000077	          0.05002030	          0.09669448	          0.05003484	          0.05000358	          0.05001057	          0.05000501	          0.36007251	          0.06979219	          0.05000169	          0.05000816	          0.05000502	          0.05000406	          0.20648063	          0.60963290	          0.05000037	          0.05000107	          0.05000060	          0.50999753	          0.19126311	          0.19008164	          0.15853084	          0.45721704	          0.63761127	          0.18320966	          0.37633743	          0.62658868	          0.41848707	          0.05000013	          0.05907837	          0.20883047	          0.05000037	          0.05000019	          0.05907894	          0.05000371	          0.05000038	          0.05000037	          0.05000348	          0.05000125	          0.05905736	          0.05000110	          0.05000147	          0.05000604	          0.31414261	          0.06980552	          0.15853003	          0.06980458	          0.06491613	          0.08488913	          0.09441333	          0.13078787	          0.16032675	          0.21556132	          0.05000886	          0.05903600	          0.11720528	          0.05001186	          0.06048339	          0.23384195	          0.07695966	          0.08104738	          0.20849390	          0.05000708	          0.05000293	          0.05000055	          0.05000079	          0.05000075	          0.05000063	          0.09745301	          0.07891569	          0.05000014	          0.05698115	          0.05002800	          0.05000321	          0.52111797	          0.17758932	          0.15138465	          0.05907951	          0.61534696	          0.44162561	          0.06651888	          0.09042724	          0.07247275	
          1.11115904	         -2.92990139	         -1.82220286	          5.70914600	          1.48348827	          0.90305637	         -0.00592519	        -14.62031284	          0.65280888	          2.43240579	         31.99039380	          2.26265131	         -6.37619618	        -17.88901167	        -18.65420872	          3.36884919	         10.18710196	          1.71456689	         -1.06891419	         -2.00267229	          4.31610301	         28.01864629	         -4.14720938	         -4.14956937	          0.57259003	         -1.14221135	          4.70641216	        -13.60680964	         19.34714337	         -4.75526269	        -13.44972470	          9.73806018	         39.73015852	         19.55262397	         86.51662706	         86.51662706	          0.19158755	          0.05000036	          0.05000016	          0.41501464	          0.12692280	          0.05000108	          0.05001458	          0.05000096	          0.05000073	          0.05000176	          0.05000543	          0.11310749	          0.24777010	          0.05000313	          0.05001267	          0.07539474	          0.30474492	          0.05908156	          0.05000118	          0.05000390	          0.05000258	          0.05000245	          0.17475243	          0.56189773	          0.05000016	          0.05000076	          0.05000091	          0.43618961	          0.18432535	          0.18488198	          0.15548794	          0.41798410	          0.57150990	          0.15676251	          0.31850869	          0.54956647	          0.35418261	          0.11133070	          0.05000062	          0.17674112	          0.05000043	          0.05000012	          0.05000094	          0.05000009	          0.05000012	          0.05000047	          0.05907654	          0.05907773	          0.05000085	          0.05907849	          0.05907826	          0.05011658	          0.26736834	          0.05907928	          0.13417008	          0.05907844	          0.05494212	          0.12994323	          0.17083344	          0.14873841	          0.16679354	          0.22135743	          0.05000137	          0.05002730	          0.09919648	          0.05000398	          0.05665998	          0.26504715	          0.08247790	          0.08247827	          0.44460332	          0.18997716	          0.10802806	          0.05000023	          0.05000077	          0.05000079	          0.05000052	          0.08247818	          0.06678950	          0.05387502	          0.05907823	          0.05907801	          0.05907808	          0.53237363	          0.22020532	          0.18410566	          0.05000127	          0.71791154	          0.46795801	          0.05629762	          0.08438694	          0.06177279	
          1.12205275	         -2.92981178	         -1.89514390	          6.07230082	          1.50124532	          0.90142406	         -0.00552463	        -15.53857450	          0.10043474	          1.98191749	         31.89674714	          2.48320314	         -6.29415914	        -17.87918165	        -19.94245553	          2.12844966	          9.40614097	          3.07974892	         -1.39052220	         -3.00705245	          4.39725678	         30.03258502	         -3.62417227	         -3.96343799	          0.67844085	         -1.27111744	          4.36668190	        -13.59207424	         19.38566212	         -5.84505496	        -13.45661002	          9.45632768	         41.19438651	         19.33755472	         86.51662706	         86.51662706	          0.16214788	          0.05907823	          0.05907821	          0.35124262	          0.10741983	          0.05907825	          0.05001111	          0.05006192	          0.05907964	          0.05000043	          0.05000302	          0.29312795	          0.45213943	          0.35004716	          0.13770156	          0.17207783	          0.25791836	          0.05000636	          0.05907917	          0.05908234	          0.05908158	          0.05908680	          0.14789961	          0.53672278	          0.05907874	          0.05907852	          0.05907766	          0.36916373	          0.17534635	          0.17670990	          0.14981990	          0.35375579	          0.48369065	          0.13267400	          0.26956590	          0.46512067	          0.29975845	          0.26975113	          0.05063037	          0.17092805	          0.05000058	          0.05000031	          0.05000042	          0.06973180	          0.05907810	          0.05158427	          0.05000014	          0.05000038	          0.06783973	          0.05000059	          0.05000056	          0.05000058	          0.22628390	          0.05000111	          0.11355321	          0.05000039	          0.06979001	          0.10997756	          0.34800088	          0.30851376	          0.25742929	          0.27891886	          0.05907764	          0.06983288	          0.08395415	          0.05000452	          0.14900722	          0.33115857	          0.06980473	          0.06980485	          0.66791603	          0.16078552	          0.09143074	          0.06980501	          0.21439966	          0.20628259	          0.18229617	          0.06980463	          0.06980338	          0.06654506	          0.05000022	          0.05000013	          0.05000019	          0.66642162	          0.18636816	          0.15581562	          0.39233274	          0.71379698	          0.69179234	          0.05000011	          0.07141988	          0.05228077	
          1.13294647	         -2.92764153	         -1.97268935	          6.40399663	          1.51915978	          0.89976965	         -0.00510399	        -16.24934829	         -0.44784110	          1.60537872	         31.59312208	          2.66515910	         -6.14122695	        -18.25332870	        -21.29142676	          0.86372378	          8.64758188	          4.43573141	         -1.72191588	         -3.86165897	          4.57513872	         31.47652850	         -3.14521026	         -3.77063253	          0.78819189	         -1.39258846	          3.94915147	        -13.59004354	         19.37837056	         -6.91795369	        -13.47495315	          9.40555459	         42.70971380	         19.10455635	         86.51662706	         86.51662706	          0.16284158	          0.05000032	          0.05000018	          0.29727167	          0.09091380	          0.05000075	          0.05009665	          0.05000474	          0.05000190	          0.05907843	          0.05002568	          0.30280665	          0.53395204	          0.29625852	          0.11654397	          0.14563736	          0.30188679	          0.05908764	          0.05000301	          0.05000582	          0.05000417	          0.05000817	          0.12517384	          0.67564463	          0.05000061	          0.05000064	          0.05000024	          0.31243735	          0.14840245	          0.14955646	          0.12679841	          0.29939689	          0.40936607	          0.11648816	          0.22814382	          0.39364963	          0.25369721	          0.41266919	          0.17613623	          0.15002018	          0.06680194	          0.05000055	          0.05000021	          0.09662107	          0.05000004	          0.05000243	          0.33808195	          0.38951954	          0.44158955	          0.39888457	          0.36620715	          0.39691229	          0.19151292	          0.16599262	          0.13578703	          0.09773598	          0.05907914	          0.09307833	          0.29452640	          0.26110718	          0.21787315	          0.29848202	          0.05000166	          0.05910421	          0.21328378	          0.27195089	          0.26009194	          0.35502342	          0.05907854	          0.05907862	          0.56528263	          0.13607956	          0.18987916	          0.05907861	          0.18145449	          0.17458470	          0.15428410	          0.05907827	          0.05907724	          0.05631958	          0.16426208	          0.06455226	          0.06869431	          0.72257162	          0.15773117	          0.19263855	          0.64798358	          0.83420484	          0.70110237	          0.08951613	          0.13605888	          0.05000010	
          1.14384019	         -2.92773581	         -2.04076199	          6.67539186	          1.53675874	          0.89832846	         -0.00463924	        -16.62831732	         -0.97272001	          1.30994798	         31.31209812	          2.82363066	         -6.04578100	        -19.17669731	        -22.61808436	         -0.33947761	          7.51137987	          5.86897028	         -2.09900480	         -4.52993758	          4.98873433	         32.00567854	         -2.58650323	         -3.61808629	          0.89942596	         -1.49638199	          3.53140770	        -13.58205038	         19.32504580	         -7.84558878	        -13.49982767	          9.62668172	         44.19851001	         18.74065596	         86.51662706	         86.51662706	          0.13781908	          0.05001027	          0.05001128	          0.25159241	          0.07694423	          0.05001096	          0.05004194	          0.05000624	          0.05612493	          0.05000072	          0.05000145	          0.47578735	          0.45192374	          0.35138760	          0.13607256	          0.13604839	          0.29005785	          0.05000972	          0.05000217	          0.05018613	          0.06987214	          0.11513020	          0.10593940	          0.71497926	          0.05000118	          0.06598807	          0.05907470	          0.32843845	          0.15046951	          0.14994112	          0.13605508	          0.25339081	          0.34646198	          0.09858851	          0.19837054	          0.33316074	          0.21471477	          0.43562282	          0.14907091	          0.12696779	          0.08236965	          0.05000038	          0.05000024	          0.13386915	          0.05000009	          0.05000019	          0.43981277	          0.51399275	          0.48276378	          0.38506678	          0.39236425	          0.33592715	          0.16208461	          0.14048702	          0.11492183	          0.08271772	          0.05000141	          0.07877597	          0.24927252	          0.44115661	          0.41964706	          0.35228935	          0.05000125	          0.05002488	          0.20375669	          0.38407464	          0.34371456	          0.43363972	          0.05000050	          0.05000057	          0.47842027	          0.11516969	          0.16070291	          0.05000050	          0.30186970	          0.30725089	          0.27282919	          0.05000020	          0.05000021	          0.05000002	          0.15311191	          0.05463304	          0.05813863	          0.75566512	          0.20271926	          0.16304332	          0.79607937	          0.90395627	          0.82685119	          0.12929306	          0.11515174	          0.05000018	
          1.15473390	         -2.92919361	         -2.08839289	          6.89127193	          1.55390901	          0.89726440	         -0.00414684	        -16.66674405	         -1.45870042	          1.12854623	         31.10472609	          2.97622202	         -5.96600819	        -20.61750810	        -23.99564954	         -1.47453101	          6.26529518	          7.33102339	         -2.54898731	         -5.02479380	          5.15361733	         31.44957938	         -2.35982926	         -3.51107555	          1.00520998	         -1.58909973	          3.14805212	        -13.55957196	         19.25003724	         -8.59272202	        -13.52157744	         10.08307864	         45.59442562	         18.21434137	         86.51662706	         86.51662706	          0.11664173	          0.05000221	          0.05000176	          0.21293249	          0.06512149	          0.05000404	          0.05004665	          0.05001964	          0.05394422	          0.05000130	          0.05000508	          0.49472689	          0.41294180	          0.29739352	          0.11516566	          0.11514359	          0.32005575	          0.12673257	          0.05903854	          0.05003596	          0.05914414	          0.09744130	          0.08966087	          0.72881548	          0.17871427	          0.05585122	          0.05000330	          0.27797032	          0.12734813	          0.12690092	          0.11514863	          0.21445414	          0.29322385	          0.08583800	          0.20287866	          0.28196657	          0.18172325	          0.38843230	          0.12616436	          0.10745763	          0.06971315	          0.07089033	          0.05000153	          0.15135134	          0.05000013	          0.05000021	          0.48503578	          0.55849464	          0.54485292	          0.32589728	          0.33207359	          0.28431440	          0.13717836	          0.12117843	          0.09935688	          0.07000720	          0.05000134	          0.06667176	          0.31718608	          0.48001762	          0.45844571	          0.36958675	          0.05000128	          0.05001582	          0.17244887	          0.43578615	          0.38807741	          0.46949392	          0.05000039	          0.05000042	          0.40490676	          0.09747335	          0.13603164	          0.05000034	          0.32686120	          0.35136071	          0.30178773	          0.05000014	          0.05000043	          0.05000006	          0.16223013	          0.06737663	          0.06289845	          0.73929715	          0.18542025	          0.18932455	          0.88187020	          0.94436263	          0.80555634	          0.14321279	          0.09745723	          0.05000021	
          1.16562762	         -2.93016904	         -2.11341894	          7.06220094	          1.57072056	          0.89658362	         -0.00364358	        -16.39740323	         -1.89916160	          1.02712894	         30.84722011	          3.14088751	         -5.85146825	        -22.51640623	        -25.30306690	         -2.56636350	          5.29532423	          8.73371754	         -3.05949181	         -5.38554480	          5.37154694	         29.91599633	         -2.15902215	         -3.42883386	          1.09968194	         -1.67286521	          2.79086655	        -13.52847469	         19.17984369	         -9.19771011	        -13.53404983	         10.68897962	         46.88539528	         17.57298480	         86.51662706	         86.51662706	          0.09871867	          0.05000322	          0.05000244	          0.18021343	          0.05511618	          0.05000618	          0.05002510	          0.05000289	          0.05000661	          0.05000081	          0.05000508	          0.51174062	          0.34948915	          0.25169578	          0.09747022	          0.09745074	          0.35345520	          0.14546161	          0.05005529	          0.05003809	          0.05007875	          0.08246981	          0.07588506	          0.69899693	          0.26368136	          0.05003414	          0.05002034	          0.26210093	          0.10777959	          0.10740109	          0.09745467	          0.18150057	          0.24816639	          0.07264799	          0.19524514	          0.23863898	          0.15379990	          0.32874483	          0.10677767	          0.09094547	          0.05900125	          0.16697405	          0.44967418	          0.16137826	          0.05000026	          0.05000019	          0.55520991	          0.59411174	          0.56816960	          0.27582146	          0.28104856	          0.24064846	          0.11609933	          0.10977908	          0.09012773	          0.05924990	          0.05000187	          0.05642905	          0.32474055	          0.46531059	          0.47615656	          0.38445452	          0.05000135	          0.05002511	          0.14595942	          0.45660578	          0.40635452	          0.48129839	          0.05000050	          0.05000051	          0.34268826	          0.08249621	          0.11513208	          0.05000035	          0.34907194	          0.39430571	          0.33662567	          0.05000016	          0.05000041	          0.05000006	          0.17829958	          0.05702374	          0.05323386	          0.79596379	          0.23762954	          0.20278916	          0.93156814	          0.96776972	          0.88736028	          0.14264177	          0.08248171	          0.05000025	
          1.17652134	         -2.92961874	         -2.12098050	          7.19716969	          1.58724451	          0.89624688	         -0.00313414	        -15.84837317	         -2.29458006	          0.97081857	         30.49593728	          3.32850769	         -5.68066115	        -24.80796433	        -26.48030262	         -3.68144579	          4.64413565	         10.00373907	         -3.61872768	         -5.58162910	          5.52928973	         27.59526300	         -2.09804261	         -3.36116750	          1.18418682	         -1.74963728	          2.45763711	        -13.49641881	         19.13341419	         -9.69344173	        -13.53540761	         11.36065152	         48.07330542	         16.87656008	         86.51662706	         86.51662706	          0.08354991	          0.05002089	          0.07543056	          0.15252342	          0.05000667	          0.05200352	          0.05001378	          0.05000171	          0.05000360	          0.05000067	          0.05001046	          0.51596897	          0.29578622	          0.21301990	          0.08249349	          0.08247651	          0.38906191	          0.12443820	          0.05000699	          0.05003653	          0.05002649	          0.06979847	          0.08313909	          0.64001692	          0.25835212	          0.05047052	          0.12599892	          0.22905168	          0.09121798	          0.09089763	          0.08247959	          0.15361074	          0.21003259	          0.06148480	          0.17128357	          0.20196919	          0.13016696	          0.27822906	          0.09037004	          0.09933107	          0.05000046	          0.27237240	          0.68120103	          0.16550662	          0.05000444	          0.05000019	          0.60295416	          0.60886800	          0.56600513	          0.26094482	          0.23787377	          0.24153769	          0.09825959	          0.10245651	          0.08556208	          0.05014580	          0.05000205	          0.05002547	          0.30103843	          0.42869490	          0.46875908	          0.38465057	          0.05000135	          0.05002960	          0.12354906	          0.45594728	          0.40301370	          0.46690124	          0.05000061	          0.05000058	          0.29003023	          0.06982051	          0.09744217	          0.05000038	          0.35818766	          0.41326909	          0.35293477	          0.05000016	          0.05000036	          0.05000006	          0.18869085	          0.05000434	          0.05000210	          0.83214744	          0.29437417	          0.21686148	          0.96035779	          0.98132923	          0.93474858	          0.13848526	          0.06980737	          0.05000031	
          1.18741505	         -2.92661042	         -2.12001761	          7.30468404	          1.60350029	          0.89617726	         -0.00261848	        -15.06061809	         -2.64910595	          0.92599218	         30.05848962	          3.55035352	         -5.43866231	        -27.38738360	        -27.53517788	         -4.82823822	          4.27691635	         11.06583961	         -4.22619629	         -5.59124393	          5.62195112	         24.67218461	         -2.16586664	         -3.30363324	          1.26425288	         -1.82126763	          2.14866959	        -13.47062154	         19.12054611	        -10.10654953	        -13.52828266	         12.03317344	         49.16910930	         16.18170796	         86.51662706	         86.51662706	          0.07071194	          0.05000882	          0.06384152	          0.12913642	          0.11518145	          0.08247281	          0.05297270	          0.05000274	          0.05000639	          0.05000185	          0.12697860	          0.48670513	          0.25033541	          0.18028707	          0.06981808	          0.06980323	          0.41216497	          0.12089724	          0.05840693	          0.05001987	          0.05000982	          0.05907426	          0.11709681	          0.56040674	          0.26311793	          0.14064026	          0.11274793	          0.20350396	          0.07720124	          0.07693012	          0.06980560	          0.13000653	          0.17775853	          0.05203708	          0.14496417	          0.17093425	          0.11016550	          0.23547570	          0.07648377	          0.09102855	          0.05000093	          0.35851956	          0.74811693	          0.16765280	          0.06225820	          0.05000021	          0.64066386	          0.61278442	          0.55291952	          0.22747656	          0.21294601	          0.24592864	          0.08316201	          0.10392471	          0.08357374	          0.05000137	          0.05000181	          0.05002095	          0.29437932	          0.41357644	          0.45365134	          0.37455775	          0.05000129	          0.05002560	          0.12717380	          0.44705136	          0.38955379	          0.43705564	          0.05000058	          0.05000056	          0.24546374	          0.05909295	          0.08247033	          0.05000035	          0.36582595	          0.43277997	          0.37039882	          0.05000012	          0.05000023	          0.05000004	          0.22386688	          0.05000040	          0.05000048	          0.79173836	          0.24914169	          0.20914542	          0.97703527	          0.98918414	          0.96220032	          0.13098204	          0.05908061	          0.05000026	
          1.19830877	         -2.92058636	         -2.11897225	          7.39129575	          1.61948126	          0.89628677	         -0.00209276	        -14.07129066	         -2.96198565	          0.87894197	         29.56212737	          3.81255205	         -5.12498468	        -30.15749507	        -28.51244215	         -5.86646509	          4.20779453	         11.88835437	         -4.87021052	         -5.15383595	          5.67046205	         21.58317138	         -2.33548376	         -3.25665661	          1.34410719	         -1.88699983	          1.86616412	        -13.45596702	         19.13949380	        -10.45487544	        -13.51771529	         12.66982856	         50.18929059	         15.53215994	         86.51662706	         86.51662706	          0.05984671	          0.05004026	          0.05908098	          0.10929707	          0.09748781	          0.06980597	          0.06020467	          0.05000235	          0.05000570	          0.05000120	          0.13111765	          0.42401875	          0.21186918	          0.15258412	          0.05909076	          0.05907747	          0.44175175	          0.24256863	          0.08839686	          0.05002968	          0.05001432	          0.05000500	          0.14871061	          0.47429345	          0.29950687	          0.11904651	          0.09542500	          0.18607292	          0.06533838	          0.06510891	          0.05907915	          0.11002942	          0.15044379	          0.05000005	          0.12268889	          0.45094181	          0.26813126	          0.24350102	          0.07559795	          0.07704131	          0.07571999	          0.30342859	          0.63315934	          0.16254804	          0.05457358	          0.05000024	          0.65853136	          0.61629754	          0.55279622	          0.20858091	          0.23048110	          0.26478707	          0.07038465	          0.10152486	          0.07671484	          0.05000117	          0.05000107	          0.05000480	          0.29850951	          0.40162926	          0.42076063	          0.35078828	          0.05000121	          0.05001541	          0.11373192	          0.43935335	          0.37516904	          0.39742396	          0.05000034	          0.05000037	          0.20774544	          0.05001678	          0.06980011	          0.05000028	          0.36859045	          0.45058141	          0.38831588	          0.05000009	          0.05000024	          0.05000003	          0.30115312	          0.05000027	          0.05000042	          0.67007787	          0.21085851	          0.20365863	          0.82690517	          0.99373437	          0.97810284	          0.12187495	          0.05000217	          0.05000028	
          1.20920248	         -2.91170855	         -2.11448093	          7.45796910	          1.63518072	          0.89654646	         -0.00156910	        -12.92034998	         -3.21580144	          0.82213841	         29.02399362	          4.10637237	         -4.74615225	        -32.97558699	        -29.44557502	         -6.35315623	          4.48256163	         12.51279776	         -5.56359107	         -4.23478265	          5.74913689	         18.91721015	         -2.51313186	         -3.22193172	          1.41947094	         -1.94508160	          1.61073261	        -13.45033093	         19.17803290	        -10.74436057	        -13.50836683	         13.25649106	         51.13711529	         14.94803586	         86.51662706	         86.51662706	          0.05065265	          0.05000193	          0.05000322	          0.16423297	          0.08251156	          0.05908150	          0.05890577	          0.05000110	          0.05000392	          0.05000139	          0.16433440	          0.35886348	          0.17931460	          0.12913817	          0.05001289	          0.05000151	          0.45500711	          0.28435289	          0.07552219	          0.05001174	          0.05000556	          0.05000222	          0.15323895	          0.40141235	          0.25348468	          0.10075691	          0.08076300	          0.15748232	          0.05529844	          0.05510423	          0.05000102	          0.09312207	          0.12732643	          0.05193498	          0.13667372	          0.38164947	          0.22693022	          0.25984595	          0.06398143	          0.06520297	          0.06408497	          0.40479469	          0.59233841	          0.16114496	          0.07765705	          0.05000019	          0.67534219	          0.61245583	          0.52829034	          0.31207927	          0.28666140	          0.26911432	          0.05957029	          0.08593102	          0.06493050	          0.05000108	          0.05000136	          0.05000578	          0.25265327	          0.34079768	          0.37420515	          0.32464603	          0.05000168	          0.05001776	          0.09626006	          0.41659680	          0.34681675	          0.34707066	          0.05000043	          0.05000046	          0.17582295	          0.05000597	          0.05907633	          0.05000042	          0.47099611	          0.48508251	          0.42680413	          0.05000015	          0.05000039	          0.05000007	          0.31425134	          0.05293908	          0.05949650	          0.56711201	          0.17845873	          0.21298928	          0.69984132	          0.95282710	          0.94295157	          0.13259115	          0.05000012	          0.05000033	
          1.22009620	         -2.90076753	         -2.10368150	          7.51146215	          1.65061793	          0.89700269	         -0.00105094	        -11.62790176	         -3.41774485	          0.74019132	         28.41711433	          4.42978706	         -4.29338083	        -35.74662436	        -30.27480721	         -6.32535539	          5.03278743	         12.90521837	         -6.27351239	         -3.40278829	          5.83396322	         16.35554993	         -2.57394678	         -3.19671086	          1.48480495	         -1.99516470	          1.38574294	        -13.44992310	         19.23110595	        -10.98098870	        -13.49667261	         13.77923328	         51.99554430	         14.43574283	         86.51662706	         86.51662706	          0.05000168	          0.05000176	          0.05000176	          0.13899996	          0.06983499	          0.05001347	          0.05422528	          0.05241329	          0.05001278	          0.05302306	          0.18694475	          0.30372009	          0.16370189	          0.10929522	          0.05000571	          0.05000128	          0.46309651	          0.33695402	          0.15471496	          0.05001097	          0.05000520	          0.05000196	          0.14432122	          0.33973033	          0.21453496	          0.09744115	          0.06937149	          0.13328339	          0.05000024	          0.05000022	          0.05000017	          0.07881276	          0.10776135	          0.05000008	          0.11567237	          0.32300550	          0.19206034	          0.26114367	          0.05415019	          0.05518391	          0.07792903	          0.42788368	          0.56726496	          0.16000066	          0.08048541	          0.05000022	          0.68061142	          0.60414245	          0.50758539	          0.37251258	          0.32392532	          0.28682916	          0.05263094	          0.07766219	          0.06084662	          0.05000122	          0.05000161	          0.05001542	          0.23329047	          0.30275186	          0.34110167	          0.29935417	          0.05000163	          0.05002485	          0.08147261	          0.39171014	          0.31661400	          0.29649493	          0.05000051	          0.05000050	          0.14880574	          0.05000514	          0.05000697	          0.05000043	          0.52864672	          0.57607127	          0.43039471	          0.05000021	          0.05000049	          0.05000007	          0.33899570	          0.05907692	          0.05039015	          0.47996829	          0.15103738	          0.21610388	          0.59230225	          0.87922559	          0.79805767	          0.13005278	          0.05000017	          0.05000032	
          1.23098992	         -2.88889503	         -2.08570227	          7.55235992	          1.66581299	          0.89769659	         -0.00053813	        -10.21012974	         -3.57516922	          0.63833790	         27.70705113	          4.77649497	         -3.77591629	        -38.43183296	        -30.92107258	         -6.02841845	          5.72965743	         13.09619009	         -6.95336732	         -2.64498484	          5.86363217	         13.90057002	         -2.56450315	         -3.17836082	          1.53776318	         -2.03608730	          1.18868150	        -13.45109077	         19.28825034	        -11.16777683	        -13.48215030	         14.23354183	         52.75576580	         14.00217587	         86.51662706	         86.51662706	          0.05000146	          0.05000163	          0.05000248	          0.11764490	          0.05910697	          0.05001360	          0.05006805	          0.08717631	          0.05004769	          0.07223640	          0.20421558	          0.25705027	          0.17605975	          0.09250154	          0.05000588	          0.05000106	          0.47448482	          0.33676058	          0.18596353	          0.05001063	          0.05000484	          0.05000155	          0.13607147	          0.28752654	          0.18156962	          0.08247602	          0.05895697	          0.11280312	          0.05000026	          0.05000024	          0.05000016	          0.06670232	          0.09120284	          0.05000031	          0.10726406	          0.27337570	          0.16254975	          0.26236129	          0.05000114	          0.05000037	          0.07666003	          0.43769550	          0.50445929	          0.15761234	          0.07409991	          0.05000027	          0.67781263	          0.58549797	          0.47701451	          0.43793351	          0.36900725	          0.30418992	          0.05000708	          0.06878178	          0.05665852	          0.05000075	          0.05000132	          0.05000730	          0.22437207	          0.27716872	          0.31723809	          0.26943241	          0.05000170	          0.05001905	          0.06895707	          0.35879252	          0.27796137	          0.25093579	          0.05000043	          0.05000044	          0.12594004	          0.05000436	          0.05000413	          0.05000058	          0.52105570	          0.63776963	          0.49523231	          0.05000156	          0.05000251	          0.05061603	          0.36985035	          0.05000408	          0.05000366	          0.40621525	          0.12783359	          0.23064146	          0.50128792	          0.80588849	          0.71257147	          0.11944232	          0.05000018	          0.05000031	
          1.24188363	         -2.87704735	         -2.05809109	          7.57537858	          1.68078118	          0.89864780	         -0.00003363	         -8.68560808	         -3.68636185	          0.52040947	         26.87793976	          5.13098494	         -3.21641387	        -41.00820978	        -31.34242667	         -5.53151231	          6.46219041	         13.11864183	         -7.58413243	         -1.93773880	          5.87343411	         11.56754821	         -2.49889022	         -3.16617448	          1.57638543	         -2.06711517	          1.01264466	        -13.45152686	         19.33706373	        -11.30390187	        -13.46783325	         14.61967264	         53.41785960	         13.65390963	         86.51662706	         86.51662706	          0.05000196	          0.05000115	          0.05000097	          0.12428393	          0.05003358	          0.05000533	          0.05012381	          0.12094493	          0.05996345	          0.09020996	          0.21573024	          0.21755266	          0.16856381	          0.07828860	          0.05000479	          0.05000090	          0.47958527	          0.34197378	          0.20726502	          0.05000818	          0.05000359	          0.05000102	          0.13269384	          0.24334454	          0.15366950	          0.06980529	          0.05000348	          0.10640265	          0.05000021	          0.05000020	          0.05000014	          0.05645291	          0.07718905	          0.05000012	          0.10263578	          0.26034654	          0.13757963	          0.27166422	          0.05000066	          0.05000035	          0.06905473	          0.43782995	          0.46849184	          0.15297516	          0.06646563	          0.05000032	          0.66661835	          0.55478260	          0.44452619	          0.53139461	          0.41906811	          0.33252769	          0.06306298	          0.08353927	          0.06454220	          0.05000106	          0.05000143	          0.05003078	          0.18992780	          0.23459482	          0.27000336	          0.23457959	          0.05000185	          0.05002512	          0.06176803	          0.31378376	          0.23525157	          0.21237682	          0.05000050	          0.05000050	          0.10658795	          0.05000340	          0.05000340	          0.05000047	          0.55572519	          0.66349485	          0.51551159	          0.05000094	          0.05000170	          0.06301114	          0.40301843	          0.05000345	          0.05000382	          0.34379525	          0.12437424	          0.24725218	          0.42425932	          0.74180006	          0.69594921	          0.10843133	          0.05000020	          0.05000031	
          1.25277735	         -2.86597456	         -2.01849637	          7.57510932	          1.69553436	          0.89985780	          0.00045946	         -7.07264181	         -3.75141314	          0.38249424	         25.92994279	          5.47572359	         -2.63838874	        -43.45138614	        -31.52508587	         -4.89154902	          7.12623311	         12.98724304	         -8.15911091	         -1.26749122	          5.88350291	          9.36580494	         -2.37406229	         -3.16049076	          1.59952572	         -2.08819774	          0.85183659	        -13.45089950	         19.37067232	        -11.38813624	        -13.45676750	         14.93285561	         53.98362297	         13.39658339	         86.51662706	         86.51662706	          0.05000168	          0.05000093	          0.05000075	          0.16784004	          0.05001126	          0.05000376	          0.05441355	          0.14946983	          0.09146181	          0.10991060	          0.22633657	          0.18639494	          0.19288931	          0.06626029	          0.05000468	          0.05000081	          0.48028478	          0.35417401	          0.23486402	          0.05000688	          0.05000288	          0.05000078	          0.12755046	          0.20595169	          0.13005654	          0.05908242	          0.05000284	          0.13074792	          0.05000020	          0.05000019	          0.05000013	          0.05069326	          0.06750592	          0.05000024	          0.09977012	          0.25795689	          0.11646253	          0.27978216	          0.05000082	          0.05000035	          0.08888974	          0.42942638	          0.44187387	          0.14686517	          0.06032705	          0.05000038	          0.65426899	          0.52107037	          0.42047952	          0.57862945	          0.47412020	          0.37604345	          0.08302992	          0.10399144	          0.07663869	          0.05000226	          0.05000172	          0.05000701	          0.16074508	          0.19855279	          0.22852893	          0.20233307	          0.05000206	          0.05001958	          0.08652281	          0.27513464	          0.19910431	          0.17974295	          0.05000053	          0.05000054	          0.09020958	          0.05000368	          0.05000420	          0.05000036	          0.56199166	          0.66952674	          0.52140217	          0.05000030	          0.05000068	          0.08894790	          0.43587724	          0.05000361	          0.05000403	          0.29096683	          0.16114768	          0.26752853	          0.35906769	          0.68783201	          0.65661602	          0.09830760	          0.05000022	          0.05000032	
          1.26367106	         -2.85620617	         -1.96492156	          7.54762596	          1.71007969	          0.90131088	          0.00093957	         -5.38685723	         -3.77089319	          0.22446784	         24.87510697	          5.79717801	         -2.05621405	        -45.73924061	        -31.48477772	         -4.14412624	          7.68868246	         12.72566553	         -8.67386449	         -0.61490880	          5.88486883	          7.30844813	         -2.19111453	         -3.16254615	          1.60632868	         -2.09936350	          0.70349184	        -13.45003347	         19.38679655	        -11.41966409	        -13.45076610	         15.16279678	         54.45373149	         13.23409202	         86.51662706	         86.51662706	          0.05000174	          0.05000082	          0.05000062	          0.19642514	          0.05001000	          0.05000313	          0.06199960	          0.16851213	          0.09743211	          0.12911992	          0.23065429	          0.16877403	          0.20238791	          0.05608193	          0.05000458	          0.05000075	          0.48039405	          0.34860007	          0.25698151	          0.05000601	          0.05000236	          0.05000063	          0.12171017	          0.17430481	          0.11007199	          0.05001570	          0.05000223	          0.14114432	          0.05000019	          0.05000018	          0.05000012	          0.05023260	          0.05907387	          0.05000016	          0.09030520	          0.26187106	          0.11331392	          0.28896723	          0.05000099	          0.05000037	          0.12976387	          0.41631818	          0.45905478	          0.14007432	          0.05717980	          0.05000043	          0.63659305	          0.48771331	          0.39463077	          0.60935054	          0.50848188	          0.41080817	          0.09187135	          0.11522508	          0.08304264	          0.05001354	          0.05000185	          0.05000432	          0.13604627	          0.16805338	          0.19704565	          0.18317935	          0.05000190	          0.05001583	          0.07323988	          0.25554287	          0.16861695	          0.15212439	          0.05000049	          0.05000049	          0.07634800	          0.05000384	          0.05000553	          0.05000031	          0.54862359	          0.65354356	          0.50942698	          0.05000021	          0.05000049	          0.12066224	          0.46538464	          0.05000488	          0.05000542	          0.24625615	          0.21532793	          0.28831179	          0.30389386	          0.63951012	          0.61534984	          0.09056428	          0.05000024	          0.05000034	
          1.27456478	         -2.84802383	         -1.89600256	          7.49126805	          1.72442386	          0.90297935	          0.00140577	         -3.64020310	         -3.74674884	          0.04650943	         23.72634108	          6.08659310	         -1.47480971	        -47.85622591	        -31.24518500	         -3.32421029	          8.16290739	         12.35398357	         -9.11749774	          0.02627978	          5.86542097	          5.40921262	         -1.95009607	         -3.17352768	          1.59619742	         -2.10104428	          0.56715636	        -13.44970892	         19.38488647	        -11.39831606	        -13.44998886	         15.29718074	         54.82623033	         13.16688402	         86.51662706	         86.51662706	          0.05000159	          0.05000076	          0.05000057	          0.19381003	          0.05000835	          0.05000284	          0.05901363	          0.17443941	          0.08247380	          0.14607408	          0.23436496	          0.15789662	          0.20606225	          0.05001099	          0.05000430	          0.05000068	          0.47690699	          0.34519883	          0.27287282	          0.05000530	          0.05000192	          0.05000052	          0.11651049	          0.14752118	          0.09315832	          0.05001176	          0.05000199	          0.14451769	          0.05000019	          0.05000019	          0.05000013	          0.05000118	          0.05000245	          0.05000015	          0.08098396	          0.22451069	          0.09743276	          0.29336002	          0.05000089	          0.05000035	          0.13756790	          0.40684855	          0.47224661	          0.13678218	          0.05548104	          0.05000048	          0.61668470	          0.45817478	          0.36664504	          0.61268713	          0.52395530	          0.43810992	          0.08955740	          0.11156850	          0.08214789	          0.05000139	          0.05000149	          0.05000335	          0.11514313	          0.15374051	          0.21637418	          0.17740864	          0.05000178	          0.05001320	          0.06198801	          0.24942621	          0.15812659	          0.13670103	          0.05000040	          0.05000040	          0.06461655	          0.05000376	          0.05000585	          0.05000039	          0.51636217	          0.61706184	          0.48089008	          0.05000050	          0.05000080	          0.15252085	          0.49338236	          0.05000455	          0.05002569	          0.20841582	          0.26184901	          0.30855340	          0.25719765	          0.59596411	          0.57486378	          0.08515127	          0.05000025	          0.05000034	
          1.28545850	         -2.84134079	         -1.81132396	          7.40499958	          1.73857915	          0.90482745	          0.00185697	         -1.84333035	         -3.68096040	         -0.15014934	         22.49363375	          6.33695165	         -0.89983842	        -49.79255087	        -30.82640640	         -2.46284424	          8.56187157	         11.89331453	         -9.47734079	          0.65394228	          5.83099507	          3.67711795	         -1.65637939	         -3.19328745	          1.56916790	         -2.09356065	          0.44244235	        -13.44977881	         19.36338856	        -11.32381291	        -13.45370948	         15.32988020	         55.09700296	         13.18952093	         86.51662706	         86.51662706	          0.05000184	          0.05000070	          0.05000049	          0.16559236	          0.05000925	          0.05000252	          0.05514835	          0.16444921	          0.06980662	          0.16357384	          0.23699734	          0.15181039	          0.19711225	          0.05001072	          0.05000387	          0.05000062	          0.47144063	          0.34184017	          0.28400364	          0.05000452	          0.05000149	          0.05000043	          0.11398407	          0.12486689	          0.07884368	          0.05000870	          0.05000164	          0.14072068	          0.05000020	          0.05000019	          0.05000014	          0.05000051	          0.05000120	          0.05000009	          0.07343841	          0.19001454	          0.08247610	          0.30289481	          0.05000068	          0.05000032	          0.14542746	          0.39646125	          0.49228415	          0.13503470	          0.05295304	          0.05000049	          0.59254939	          0.43395889	          0.34428214	          0.61304843	          0.53511769	          0.46023225	          0.08356695	          0.10326367	          0.07926960	          0.05000085	          0.05000129	          0.05000251	          0.09745186	          0.15976369	          0.22471709	          0.17637979	          0.05000175	          0.05001084	          0.05246512	          0.25094968	          0.15734509	          0.14192993	          0.05000034	          0.05000034	          0.05468812	          0.05000387	          0.05000789	          0.05000049	          0.46807133	          0.56239363	          0.43806605	          0.07128651	          0.05000379	          0.17926121	          0.51922010	          0.05000372	          0.08693809	          0.17639013	          0.32676708	          0.33295440	          0.21767681	          0.56270141	          0.54907199	          0.08182253	          0.05000025	          0.05000033	
          1.29635221	         -2.83580028	         -1.71105009	          7.28807986	          1.75255840	          0.90681186	          0.00229122	         -0.00604383	         -3.57608090	         -0.36635740	         21.19062912	          6.54265943	         -0.33765121	        -51.54323805	        -30.25287317	         -1.57214399	          8.88095467	         11.36100718	         -9.75163898	          1.24436846	          5.79351396	          2.11924654	         -1.31528164	         -3.22094231	          1.52607432	         -2.07736208	          0.32946492	        -13.44976086	         19.32114252	        -11.19455954	        -13.46093350	         15.26402799	         55.26076852	         13.29058029	         86.51662706	         86.51662706	          0.05000187	          0.05000068	          0.05000047	          0.14015169	          0.05000945	          0.05000242	          0.05049678	          0.13918260	          0.05908477	          0.17890077	          0.23617998	          0.14503178	          0.18697168	          0.05000895	          0.05000360	          0.05000058	          0.46196140	          0.33300228	          0.28949630	          0.05000392	          0.05000120	          0.05000038	          0.10951031	          0.11357165	          0.06672875	          0.05000842	          0.05000157	          0.13209480	          0.05000022	          0.05000021	          0.05000015	          0.05000065	          0.05000145	          0.05000011	          0.06386711	          0.16081727	          0.06980621	          0.31218606	          0.05000079	          0.05000033	          0.14983832	          0.38506354	          0.51479651	          0.13306191	          0.05137334	          0.05000049	          0.56608276	          0.41494851	          0.32852193	          0.61857322	          0.54402442	          0.47453163	          0.07595350	          0.09384115	          0.07620142	          0.05000057	          0.05000110	          0.05000178	          0.08247882	          0.13525973	          0.23706148	          0.18018244	          0.05000165	          0.05000834	          0.05000384	          0.25874566	          0.16426714	          0.15453059	          0.05000028	          0.05000028	          0.05000232	          0.05000379	          0.05000832	          0.05000060	          0.40867584	          0.49655945	          0.38544660	          0.09853574	          0.09720507	          0.20235221	          0.54076573	          0.05000428	          0.12588617	          0.14928558	          0.39909592	          0.35879490	          0.18422881	          0.53471764	          0.52158207	          0.08117481	          0.05000024	          0.05000033	
          1.30724593	         -2.83091377	         -1.59545678	          7.14073596	          1.76637061	          0.90888094	          0.00270622	          1.86178306	         -3.43566964	         -0.60282808	         19.83768809	          6.70104645	          0.20950480	        -53.10416429	        -29.56169243	         -0.64981539	          9.12523635	         10.77741287	         -9.94181193	          1.77813185	          5.74867934	          0.74892684	         -0.92960741	         -3.25569191	          1.46806916	         -2.05304735	          0.23023931	        -13.44973586	         19.25994011	        -11.00774348	        -13.47023964	         15.11033696	         55.31133162	         13.45398709	         86.51662706	         86.51662706	          0.05000211	          0.05000069	          0.05000046	          0.11861737	          0.05000982	          0.05000239	          0.05007895	          0.11779582	          0.05001538	          0.18959621	          0.22734773	          0.13812082	          0.17756456	          0.05000832	          0.05000347	          0.05000057	          0.44974939	          0.31806026	          0.28699927	          0.05000344	          0.05000101	          0.05000035	          0.10380401	          0.10539496	          0.05647574	          0.05000753	          0.05000144	          0.12000482	          0.05000025	          0.05000024	          0.05000017	          0.05000028	          0.05000072	          0.05000009	          0.05405486	          0.13610609	          0.05908155	          0.32167609	          0.05000071	          0.05000034	          0.14114280	          0.37936883	          0.53813699	          0.13018524	          0.05068117	          0.05000049	          0.52992603	          0.39343387	          0.31716254	          0.61204293	          0.53610720	          0.47954441	          0.06686390	          0.08356686	          0.07267324	          0.05000042	          0.05000096	          0.05000145	          0.06980669	          0.11448435	          0.20065270	          0.17968615	          0.05000162	          0.05000692	          0.05000310	          0.26386809	          0.17041551	          0.16628996	          0.05000024	          0.05000024	          0.05000280	          0.05000372	          0.05006098	          0.05000093	          0.34587823	          0.42026032	          0.32621838	          0.13538569	          0.15518742	          0.22288841	          0.55867776	          0.05000421	          0.15919703	          0.12634598	          0.46518405	          0.38237057	          0.15592034	          0.50890921	          0.49086816	          0.08092020	          0.05000024	          0.05000033	
          1.31813964	         -2.82617583	         -1.46614838	          6.96403343	          1.78001850	          0.91097387	          0.00310071	          3.75026058	         -3.26512786	         -0.85901090	         18.46095384	          6.81321521	          0.74079876	        -54.47155014	        -28.80043100	          0.30966554	          9.30880187	         10.16088101	        -10.05110306	          2.24283948	          5.68714368	         -0.41363886	         -0.50614164	         -3.29739486	          1.39772105	         -2.02123675	          0.14878865	        -13.45021001	         19.18395146	        -10.75926130	        -13.48031356	         14.88683911	         55.24226974	         13.66062207	         86.51662706	         86.51662706	          0.05000184	          0.05000070	          0.05000047	          0.10039126	          0.05000857	          0.05000238	          0.05006189	          0.09969522	          0.05000731	          0.19731163	          0.21661617	          0.13032081	          0.17508122	          0.05000953	          0.05000361	          0.05000059	          0.43317971	          0.30090855	          0.28222727	          0.05000305	          0.05000088	          0.05000035	          0.09419161	          0.09570214	          0.05000215	          0.05000834	          0.05000157	          0.10580755	          0.05000029	          0.05000029	          0.05000021	          0.05139183	          0.05000792	          0.05000028	          0.05000160	          0.11519195	          0.05000441	          0.33071862	          0.05000058	          0.05000036	          0.16514383	          0.37059737	          0.57425114	          0.12541815	          0.05043093	          0.05000052	          0.48805302	          0.36406680	          0.30146700	          0.57254643	          0.51159117	          0.47616123	          0.06999030	          0.08155411	          0.07274636	          0.05000041	          0.05000098	          0.05000131	          0.05908198	          0.09689578	          0.16982267	          0.15870729	          0.05000173	          0.05000631	          0.05000273	          0.25398055	          0.16299895	          0.14524372	          0.05000024	          0.05000024	          0.05000265	          0.05000380	          0.11266564	          0.05000103	          0.29272984	          0.35568215	          0.27609089	          0.17156649	          0.21044478	          0.23990614	          0.57334030	          0.05000390	          0.18905563	          0.10693134	          0.52517269	          0.40412825	          0.13196168	          0.48411486	          0.46187627	          0.07954793	          0.05000026	          0.05000035	
          1.32903336	         -2.82118032	         -1.32719565	          6.75938361	          1.79349785	          0.91302354	          0.00347517	          5.65009710	         -3.07219230	         -1.13278749	         17.08879155	          6.88454546	          1.25417094	        -55.64316397	        -28.01873076	          1.31175401	          9.44183485	          9.52989378	        -10.08991466	          2.61627901	          5.60805019	         -1.34479730	         -0.04902991	         -3.34682260	          1.32014601	         -1.98222177	          0.09089180	        -13.45156740	         19.09869724	        -10.44389227	        -13.49062047	         14.61829013	         55.04703806	         13.89027387	         86.51662706	         86.51662706	          0.05000105	          0.05000070	          0.05000054	          0.08496554	          0.05000512	          0.05000243	          0.05003877	          0.08437595	          0.05000472	          0.20042954	          0.20665406	          0.12450298	          0.17971548	          0.05001444	          0.05000374	          0.05000059	          0.41728664	          0.28907106	          0.27079814	          0.05000277	          0.05000081	          0.05000037	          0.08656973	          0.08865784	          0.05000679	          0.05002541	          0.05000226	          0.09252465	          0.05000036	          0.05000036	          0.05000027	          0.05176172	          0.05000408	          0.05000015	          0.05000160	          0.09749155	          0.05000104	          0.32868224	          0.05002013	          0.05000059	          0.22986015	          0.36498648	          0.60165260	          0.12010373	          0.05334819	          0.05000054	          0.44057788	          0.33021738	          0.29485459	          0.50115249	          0.48145329	          0.47698679	          0.08094245	          0.08512562	          0.07272316	          0.05000058	          0.05000132	          0.05000132	          0.05000686	          0.08200857	          0.14372856	          0.13432102	          0.05000257	          0.05000658	          0.05000335	          0.22355688	          0.13795930	          0.12292606	          0.05000031	          0.05000032	          0.05000301	          0.05000525	          0.17453719	          0.05000093	          0.24774832	          0.30102718	          0.23366610	          0.20270394	          0.25596121	          0.25264911	          0.58524433	          0.05000472	          0.21680646	          0.09050001	          0.57099551	          0.42059879	          0.11168450	          0.46261252	          0.44465891	          0.07754217	          0.05000027	          0.05000039	
          1.33992708	         -2.81567907	         -1.18467955	          6.52889947	          1.80680207	          0.91496725	          0.00383282	          7.55238860	         -2.86592536	         -1.41857203	         15.74760861	          6.92435368	          1.74661758	        -56.61263090	        -27.26240422	          2.33349575	          9.53096666	          8.89916577	        -10.07545468	          2.87164001	          5.51625908	         -2.02467239	          0.44680099	         -3.40506627	          1.24186045	         -1.93601183	          0.06346259	        -13.45381269	         19.01030760	        -10.05664679	        -13.50065855	         14.33155890	         54.71786207	         14.12393275	         86.51662706	         86.51662706	          0.05000088	          0.05000071	          0.05000061	          0.07191015	          0.05000395	          0.05000248	          0.05001978	          0.07141066	          0.05000232	          0.19578985	          0.18780792	          0.12034248	          0.18970875	          0.05002271	          0.05000383	          0.05000057	          0.40330152	          0.27888132	          0.22923044	          0.05000248	          0.05000076	          0.05000038	          0.08300332	          0.08577420	          0.05002594	          0.05004699	          0.05000265	          0.08111728	          0.05000053	          0.05000053	          0.05000038	          0.05000018	          0.05000044	          0.05000012	          0.05000118	          0.08251147	          0.05001003	          0.31967122	          0.05000036	          0.05000051	          0.28665827	          0.37709968	          0.58745842	          0.11660098	          0.05760491	          0.05000051	          0.39887305	          0.30501809	          0.29880654	          0.44202719	          0.46200588	          0.47451185	          0.08895293	          0.08697073	          0.07076723	          0.05000148	          0.05000263	          0.05000125	          0.05000209	          0.06940882	          0.12164387	          0.11368162	          0.05000519	          0.05000670	          0.05000483	          0.19044634	          0.11676367	          0.10403751	          0.05000050	          0.05000053	          0.05000375	          0.05001098	          0.20435775	          0.05000088	          0.20967879	          0.25477065	          0.19776042	          0.22705479	          0.28918084	          0.26140573	          0.59292422	          0.05000648	          0.23457192	          0.07659356	          0.60524630	          0.43270673	          0.09452314	          0.44581996	          0.43004584	          0.07667767	          0.05000026	          0.05000040	
          1.35082079	         -2.80952736	         -1.04423123	          6.27478150	          1.81992911	          0.91675878	          0.00417755	          9.44544153	         -2.65393694	         -1.70873790	         14.46180422	          6.94279919	          2.21383742	        -57.36551885	        -26.57496092	          3.34308219	          9.57813358	          8.27584238	        -10.02832964	          3.01057303	          5.41570787	         -2.46893635	          0.99408673	         -3.47254565	          1.16842030	         -1.88255349	          0.07316288	        -13.45645118	         18.92529780	         -9.59395799	        -13.50941681	         14.05002287	         54.24457690	         14.34570997	         86.51662706	         86.51662706	          0.05000079	          0.05000072	          0.05000063	          0.06086110	          0.05000382	          0.05000234	          0.05001944	          0.06043768	          0.05000183	          0.20780089	          0.18916739	          0.12455785	          0.18754026	          0.05002289	          0.05000381	          0.05000059	          0.38574464	          0.27939969	          0.19401288	          0.05000215	          0.05000069	          0.05000039	          0.08032109	          0.08378591	          0.06998039	          0.06675508	          0.05000263	          0.07175173	          0.05000064	          0.05000065	          0.05000048	          0.05000053	          0.05000100	          0.05000012	          0.05000078	          0.06983304	          0.05000169	          0.32477197	          0.05000665	          0.05000121	          0.37228429	          0.35976252	          0.58875679	          0.11239609	          0.05454356	          0.05000053	          0.37867835	          0.29870049	          0.30462195	          0.41596071	          0.46469672	          0.47344435	          0.09097016	          0.08575534	          0.06750737	          0.05000393	          0.05000386	          0.05000124	          0.05000208	          0.05874656	          0.10295288	          0.09621421	          0.05000856	          0.05000681	          0.05000658	          0.18122463	          0.10291332	          0.08805187	          0.05000061	          0.05000064	          0.05000460	          0.05001606	          0.20808213	          0.05000084	          0.17745921	          0.21562207	          0.16737216	          0.24541484	          0.31232006	          0.26630549	          0.59663274	          0.05000874	          0.24227373	          0.06482402	          0.63090449	          0.44129171	          0.07999897	          0.43295819	          0.41226717	          0.07550411	          0.05000028	          0.05000043	
          1.36171451	         -2.80266199	         -0.90885294	          5.99796655	          1.83287769	          0.91837123	          0.00451000	         11.31909256	         -2.44244670	         -2.00342246	         13.25754706	          6.94750566	          2.65093273	        -57.89758921	        -26.00463114	          4.35084142	          9.58629353	          7.66567322	         -9.96225912	          3.05942811	          5.30327067	         -2.74960156	          1.60588122	         -3.54960966	          1.10353161	         -1.82223273	          0.12556004	        -13.45855583	         18.85025219	         -9.05315067	        -13.51622651	         13.79010928	         53.61614020	         14.54537620	         86.51662706	         86.51662706	          0.05000083	          0.05000076	          0.05000066	          0.05151057	          0.05000394	          0.05000255	          0.05001495	          0.05115095	          0.05000132	          0.21804759	          0.18733283	          0.12052395	          0.17469406	          0.05001223	          0.05000332	          0.05000057	          0.37142029	          0.26385036	          0.16420204	          0.05000193	          0.05000064	          0.05000039	          0.07938149	          0.08379026	          0.05927734	          0.07259099	          0.05000288	          0.06441013	          0.05000080	          0.05000082	          0.05000059	          0.05000015	          0.05000035	          0.05000005	          0.05000076	          0.05910381	          0.05000503	          0.32704909	          0.05000281	          0.05000121	          0.45240243	          0.36444580	          0.57021713	          0.11105301	          0.05389379	          0.05000052	          0.36885036	          0.30041954	          0.30514042	          0.43731990	          0.46706318	          0.45990104	          0.08246567	          0.07656434	          0.06198230	          0.05000364	          0.05000441	          0.05000118	          0.05000187	          0.05000969	          0.08713426	          0.08143483	          0.05001086	          0.05000642	          0.05000558	          0.18239516	          0.10622657	          0.07452560	          0.05000065	          0.05000068	          0.05000372	          0.05001444	          0.20408249	          0.05000100	          0.15019101	          0.18248945	          0.14165367	          0.26095712	          0.33013157	          0.26836753	          0.59806664	          0.05001132	          0.24385271	          0.05486304	          0.64480918	          0.44590647	          0.06770684	          0.41750596	          0.38479804	          0.07619686	          0.05000029	          0.05000044	
          1.37260822	         -2.79497667	         -0.77953549	          5.69921091	          1.84565685	          0.91979452	          0.00483064	         13.16150091	         -2.23622899	         -2.30018388	         12.15592783	          6.94414637	          3.05533263	        -58.20247677	        -25.59183251	          5.34244701	          9.56264577	          7.07026703	         -9.88420970	          3.08222209	          5.16841295	         -2.90790446	          2.28679963	         -3.63530557	          1.04845647	         -1.75569022	          0.22394826	        -13.45975179	         18.79261927	         -8.43545672	        -13.51984002	         13.55966041	         52.82262262	         14.72060534	         86.51662706	         86.51662706	          0.05000079	          0.05000076	          0.05000068	          0.05000459	          0.05000391	          0.05000260	          0.05001123	          0.05000065	          0.05000091	          0.21512253	          0.19496828	          0.12247424	          0.16381732	          0.05000796	          0.05000279	          0.05000053	          0.35600996	          0.26375691	          0.13897127	          0.05000166	          0.05000058	          0.05000037	          0.08179074	          0.08642513	          0.06231095	          0.10419141	          0.05000328	          0.06053580	          0.05000115	          0.05000118	          0.05000087	          0.05000021	          0.05000045	          0.05000007	          0.05000048	          0.05002307	          0.05000262	          0.33194283	          0.05001450	          0.05000405	          0.50192087	          0.36309967	          0.56500208	          0.10944693	          0.05004697	          0.05000055	          0.36778531	          0.30237524	          0.29754609	          0.45201516	          0.46147485	          0.44245391	          0.06980329	          0.06480764	          0.05542440	          0.05000255	          0.05000461	          0.05000130	          0.05000213	          0.05001375	          0.07374687	          0.07709522	          0.05001155	          0.05000690	          0.05000512	          0.17793654	          0.10735340	          0.06779260	          0.05000073	          0.05000074	          0.05000317	          0.05001113	          0.19734418	          0.05000135	          0.13533131	          0.16030229	          0.12621649	          0.27304132	          0.34365201	          0.26826669	          0.59859708	          0.05000855	          0.24307190	          0.05000016	          0.64972802	          0.44741596	          0.05730394	          0.40295663	          0.35804601	          0.07570250	          0.05000031	          0.05000047	
          1.38350194	         -2.78638850	         -0.65597236	          5.37856442	          1.85828942	          0.92102649	          0.00513833	         14.95895213	         -2.03836088	         -2.59785480	         11.16199531	          6.93567268	          3.42553492	        -58.27159991	        -25.34953755	          6.30798645	          9.51522111	          6.49524072	         -9.79789927	          3.08222796	          5.01055137	         -2.99139560	          3.03428740	         -3.72730959	          1.00310764	         -1.68361069	          0.36721434	        -13.45983889	         18.75797530	         -7.74685737	        -13.51957914	         13.36098990	         51.85920375	         14.87796533	         86.51662706	         86.51662706	          0.05000075	          0.05000075	          0.05000068	          0.05000545	          0.05000374	          0.05000254	          0.05000905	          0.05000069	          0.05000066	          0.21608485	          0.20939803	          0.12891178	          0.15157062	          0.05000640	          0.05000248	          0.05000051	          0.34238399	          0.26779301	          0.11761730	          0.05000145	          0.05000053	          0.05000036	          0.08754090	          0.09260437	          0.06764221	          0.13407515	          0.05000339	          0.05983591	          0.05000188	          0.05000200	          0.05000178	          0.05000021	          0.05000043	          0.05000007	          0.05000047	          0.05000202	          0.05000194	          0.34168516	          0.06514094	          0.05000395	          0.52365602	          0.36312553	          0.57153053	          0.10754381	          0.05000241	          0.05000056	          0.37089471	          0.30242985	          0.28473763	          0.45664522	          0.45458533	          0.42330925	          0.05908197	          0.05485564	          0.05001023	          0.05000282	          0.05000507	          0.05000137	          0.05000222	          0.05001379	          0.06241752	          0.07117829	          0.05007163	          0.05000712	          0.05000533	          0.16770102	          0.10352480	          0.06040724	          0.05000083	          0.05000085	          0.05000302	          0.05001005	          0.18046863	          0.05000166	          0.13602634	          0.15466075	          0.12514283	          0.28095689	          0.35182706	          0.26578184	          0.59838048	          0.05001161	          0.24359667	          0.05000019	          0.64755566	          0.44656844	          0.05002381	          0.39384081	          0.33363049	          0.07418204	          0.05000036	          0.05000046	
          1.39439566	         -2.77690998	         -0.53729047	          5.03627095	          1.87080727	          0.92206810	          0.00543219	         16.69972809	         -1.85062640	         -2.89472191	         10.26420374	          6.92311379	          3.76140737	        -58.10279206	        -25.26202307	          7.23215762	          9.45537830	          5.94497305	         -9.70499738	          3.06331679	          4.82460113	         -3.03636124	          3.85016736	         -3.82274320	          0.96619098	         -1.60647638	          0.55103298	        -13.45916079	         18.75044061	         -6.99775973	        -13.51516016	         13.19366722	         50.72731555	         15.03221023	         86.51662706	         86.51662706	          0.05000072	          0.05000076	          0.05000070	          0.05000484	          0.05000365	          0.05000255	          0.05000655	          0.05000051	          0.05000046	          0.22635347	          0.21698520	          0.13726066	          0.14066808	          0.05000521	          0.05000220	          0.05000048	          0.32896757	          0.26566066	          0.09954451	          0.05000131	          0.05000050	          0.05000035	          0.09490385	          0.10172408	          0.07926587	          0.16076903	          0.05000347	          0.06125670	          0.05000440	          0.05000493	          0.05000458	          0.05000024	          0.05000049	          0.05000009	          0.05000048	          0.05000206	          0.05000175	          0.34874489	          0.07959863	          0.05000499	          0.53555249	          0.36329479	          0.56322464	          0.10568282	          0.05000154	          0.05000057	          0.37320077	          0.30020170	          0.27189999	          0.45904867	          0.44379558	          0.40335497	          0.05001080	          0.05000429	          0.05000246	          0.05000217	          0.05000543	          0.05000143	          0.05000224	          0.05001359	          0.05283163	          0.06125867	          0.07626110	          0.05000725	          0.05000455	          0.15889754	          0.09995513	          0.05332785	          0.05000100	          0.05000105	          0.05000288	          0.05001026	          0.15598235	          0.05000723	          0.14225575	          0.15744813	          0.13015424	          0.28653364	          0.35760783	          0.26270987	          0.59791076	          0.05001769	          0.24272181	          0.05000027	          0.63729762	          0.44402648	          0.05000259	          0.38236410	          0.31523997	          0.07195445	          0.05000039	          0.05000044	
          1.40528937	         -2.76663985	         -0.42260347	          4.67259784	          1.88324521	          0.92292154	          0.00571162	         18.37421903	         -1.67395780	         -3.18824127	          9.44497473	          6.90588255	          4.06328562	        -57.69976666	        -25.30300725	          8.09537778	          9.39033222	          5.42175842	         -9.60496598	          3.04342785	          4.61076984	         -3.06713608	          4.73663803	         -3.91874262	          0.93608486	         -1.52471922	          0.76875408	        -13.45825307	         18.77223248	         -6.20074213	        -13.50687081	         13.05779524	         49.43398001	         15.20274002	         86.51662706	         86.51662706	          0.05000067	          0.05000074	          0.05000069	          0.05000438	          0.05000343	          0.05000245	          0.05000554	          0.05000047	          0.05000037	          0.19188114	          0.24429409	          0.15080387	          0.13195949	          0.05000431	          0.05000194	          0.05000044	          0.31319499	          0.27690133	          0.08424884	          0.05000116	          0.05000046	          0.05000033	          0.10596369	          0.11250168	          0.09155510	          0.18148893	          0.05000333	          0.06061974	          0.05000269	          0.05000283	          0.05000198	          0.05000021	          0.05000042	          0.05000007	          0.05000046	          0.05000193	          0.05000171	          0.35769531	          0.09338551	          0.05000513	          0.54550586	          0.36235652	          0.55247664	          0.10276028	          0.05000082	          0.05000068	          0.37582173	          0.29303393	          0.25580870	          0.43808700	          0.41976792	          0.38096222	          0.05000769	          0.05000433	          0.05000226	          0.05000257	          0.05000660	          0.05000158	          0.05000247	          0.05001434	          0.05001691	          0.05543955	          0.09548632	          0.05000793	          0.05000504	          0.14564603	          0.09301491	          0.05005281	          0.05000118	          0.05000124	          0.05000304	          0.05001075	          0.13204695	          0.06045034	          0.14978353	          0.16414851	          0.13773392	          0.29019430	          0.36155462	          0.25900679	          0.59686519	          0.05002174	          0.23928789	          0.05000027	          0.62361385	          0.44026318	          0.05183939	          0.37624528	          0.30208246	          0.06724043	          0.05000056	          0.05000042	
          1.41618309	         -2.75585828	         -0.31175227	          4.28746522	          1.89564074	          0.92359274	          0.00597699	         19.96728294	         -1.50807480	         -3.47376076	          8.68469545	          6.88325460	          4.33143906	        -57.04997090	        -25.44127443	          8.87917336	          9.32861449	          4.92793616	         -9.49473761	          3.02671804	          4.36011017	         -3.10522177	          5.69323491	         -4.01259438	          0.91181412	         -1.43878533	          1.01130687	        -13.45722626	         18.82231654	         -5.36908868	        -13.49545926	         12.95606613	         47.99058266	         15.41040408	         86.51662706	         86.51662706	          0.05000064	          0.05000072	          0.05000068	          0.05000397	          0.05000320	          0.05000237	          0.05000448	          0.05000043	          0.05000031	          0.16240185	          0.26999565	          0.16289744	          0.13281945	          0.05000393	          0.05000179	          0.05000043	          0.29531666	          0.28258293	          0.07130363	          0.05000106	          0.05000044	          0.05000033	          0.11527042	          0.12174749	          0.11359365	          0.20478316	          0.05000353	          0.05829010	          0.05000246	          0.05000254	          0.05000157	          0.05000023	          0.05000047	          0.05000008	          0.05000050	          0.05000185	          0.05000170	          0.36237054	          0.10345214	          0.05000679	          0.53678722	          0.36159651	          0.53126780	          0.09741627	          0.05000078	          0.05000082	          0.37878082	          0.28297460	          0.23833196	          0.41001848	          0.39185729	          0.35979373	          0.05000775	          0.05000381	          0.05000241	          0.05000245	          0.05000813	          0.05000180	          0.05000275	          0.05001509	          0.05002225	          0.05049436	          0.10291723	          0.05000894	          0.05000509	          0.12706054	          0.08070703	          0.05001545	          0.05000150	          0.05000151	          0.05000312	          0.05001127	          0.11177201	          0.08356545	          0.15798742	          0.17285602	          0.14717631	          0.29030640	          0.35971363	          0.25371071	          0.59601193	          0.05001448	          0.23288769	          0.05000043	          0.61140182	          0.43732121	          0.05000366	          0.37390354	          0.29739282	          0.06073661	          0.05000073	          0.05000045	
          1.42707680	         -2.74506169	         -0.20490267	          3.88082834	          1.90802835	          0.92408640	          0.00622794	         21.46330965	         -1.35210371	         -3.74797347	          7.96204410	          6.85372581	          4.56570977	        -56.13910881	        -25.64128611	          9.56402189	          9.27649675	          4.46594334	         -9.37253411	          3.02009619	          4.07043171	         -3.16670204	          6.71425762	         -4.10251605	          0.89298857	         -1.34917845	          1.26841280	        -13.45604125	         18.89724807	         -4.51576193	        -13.48240519	         12.89414072	         46.41324463	         15.67622300	         86.51662706	         86.51662706	          0.05000061	          0.05000071	          0.05000068	          0.05000372	          0.05000306	          0.05000231	          0.05000372	          0.05000041	          0.05000028	          0.13745521	          0.29669106	          0.17559033	          0.14098438	          0.05000375	          0.05000172	          0.05000043	          0.27739281	          0.28594354	          0.06034785	          0.05000099	          0.05000043	          0.05000033	          0.12551241	          0.13156817	          0.14416263	          0.22782942	          0.05000378	          0.05546404	          0.05000184	          0.05000187	          0.05000109	          0.05000028	          0.05000056	          0.05000010	          0.05000055	          0.05000170	          0.05000164	          0.36553785	          0.11214638	          0.05000871	          0.51408499	          0.36044447	          0.50173669	          0.09051535	          0.05000083	          0.05000085	          0.38305710	          0.27013468	          0.21816843	          0.37649817	          0.36418070	          0.33878540	          0.05000915	          0.05000414	          0.05000264	          0.05000356	          0.05001203	          0.05000206	          0.05000302	          0.05001584	          0.05002142	          0.05002746	          0.10339039	          0.05001011	          0.05000632	          0.10856742	          0.06843072	          0.05000891	          0.05000198	          0.05000196	          0.05000366	          0.05001289	          0.09460566	          0.10895847	          0.16252915	          0.18180267	          0.15714486	          0.29103605	          0.35915601	          0.24904563	          0.59528501	          0.05001063	          0.21184404	          0.05000068	          0.59646218	          0.43229022	          0.05000188	          0.37090900	          0.29674904	          0.05339932	          0.05000081	          0.05000049	
          1.43797052	         -2.73484860	         -0.10176954	          3.45295696	          1.92043720	          0.92440298	          0.00646247	         22.84992690	         -1.20458921	         -4.01084400	          7.25776349	          6.81476136	          4.76764144	        -54.95972040	        -25.87134527	         10.12996016	          9.23531692	          4.03965114	         -9.23969601	          3.02507966	          3.75200123	         -3.26454770	          7.78846857	         -4.18763395	          0.87912285	         -1.25657570	          1.52927321	        -13.45480708	         18.99162465	         -3.65231245	        -13.46966361	         12.88068016	         44.72248622	         16.01867855	         86.51662706	         86.51662706	          0.05000062	          0.05000075	          0.05000074	          0.05000340	          0.05000296	          0.05000235	          0.05000325	          0.05000044	          0.05000027	          0.11760767	          0.31795326	          0.18659993	          0.15422912	          0.05000417	          0.05000182	          0.05000046	          0.25950287	          0.27230768	          0.05107643	          0.05000101	          0.05000046	          0.05000037	          0.13447856	          0.14065726	          0.18173150	          0.22237594	          0.05000376	          0.05050442	          0.05000132	          0.05000131	          0.05000075	          0.05000033	          0.05000066	          0.05000012	          0.05000066	          0.05000233	          0.05000212	          0.36628303	          0.11894477	          0.05038927	          0.48272268	          0.35771653	          0.46662407	          0.08453893	          0.05000151	          0.05000299	          0.38645909	          0.25693307	          0.19595894	          0.36146809	          0.33890692	          0.31644836	          0.05005720	          0.05001071	          0.05000477	          0.05000803	          0.05000976	          0.05000200	          0.05000323	          0.05001718	          0.05002543	          0.06286382	          0.10354060	          0.05000953	          0.05000864	          0.11041735	          0.07555572	          0.05003196	          0.05000151	          0.05000148	          0.05000336	          0.05001176	          0.08007524	          0.13781736	          0.14049948	          0.19259347	          0.16865851	          0.29310899	          0.36128023	          0.24587021	          0.59454716	          0.05000389	          0.18379273	          0.05000089	          0.58539985	          0.42717220	          0.06163783	          0.36813921	          0.30202866	          0.05000073	          0.05000083	          0.05000051	
          1.44886424	         -2.72569995	         -0.00193871	          3.00454861	          1.93289489	          0.92453917	          0.00667596	         24.11742749	         -1.06339206	         -4.26370502	          6.55713319	          6.76371699	          4.93893554	        -53.51101601	        -26.10803260	         10.56472534	          9.20649641	          3.65142938	         -9.09880242	          3.04133492	          3.41248311	         -3.40542734	          8.90199029	         -4.26688968	          0.87015164	         -1.16123847	          1.78285158	        -13.45308571	         19.09809371	         -2.78898562	        -13.45954681	         12.92637653	         42.94096900	         16.45109665	         86.51662706	         86.51662706	          0.05000062	          0.05000078	          0.05000078	          0.05000331	          0.05000292	          0.05000234	          0.05000253	          0.05000046	          0.05000027	          0.10739898	          0.34215408	          0.19945654	          0.16282123	          0.05000458	          0.05000193	          0.05000050	          0.24039524	          0.26455487	          0.05000551	          0.05000103	          0.05000048	          0.05000040	          0.14467747	          0.15015836	          0.21785874	          0.22187778	          0.05000365	          0.05000287	          0.05000106	          0.05000104	          0.05000058	          0.05000040	          0.05000080	          0.05000016	          0.05000078	          0.05000409	          0.05000323	          0.36759194	          0.12183824	          0.05335547	          0.45098378	          0.35856707	          0.42548516	          0.07771991	          0.05848991	          0.05610836	          0.39142155	          0.24253441	          0.17308741	          0.32913706	          0.31800632	          0.29888705	          0.05914897	          0.05339021	          0.05001391	          0.05001944	          0.05001059	          0.05000198	          0.05000319	          0.05001764	          0.05002603	          0.07057762	          0.12856647	          0.05000934	          0.05001041	          0.10882234	          0.07745368	          0.05012525	          0.05000158	          0.05000155	          0.05000419	          0.05001317	          0.06777886	          0.16947125	          0.14517063	          0.20524851	          0.18076750	          0.29072824	          0.35520298	          0.23864700	          0.59268114	          0.05000210	          0.18634803	          0.05000046	          0.59200126	          0.42738476	          0.05907829	          0.37056231	          0.31554871	          0.05000054	          0.05000072	          0.05000057	
          1.45975795	         -2.71814824	          0.09535556	          2.53831724	          1.94542595	          0.92448876	          0.00686690	         25.26266568	         -0.92653346	         -4.50773830	          5.84066002	          6.69880909	          5.08203388	        -51.80562417	        -26.31832480	         10.87263773	          9.21115189	          3.29924861	         -8.95094632	          3.06592690	          3.02566080	         -3.59045489	         10.03878552	         -4.34005171	          0.86429371	         -1.06345004	          2.01877440	        -13.45118670	         19.20672137	         -1.93576134	        -13.45302528	         13.03780571	         41.09412723	         16.98354319	         86.51662706	         86.51662706	          0.05000065	          0.05000082	          0.05000082	          0.05000335	          0.05000295	          0.05000237	          0.05000173	          0.05000049	          0.05000028	          0.10724448	          0.36581500	          0.20754856	          0.14150638	          0.05000552	          0.05000215	          0.05000055	          0.22510634	          0.24959655	          0.05000811	          0.05000107	          0.05000052	          0.05000045	          0.15644716	          0.16053830	          0.22516851	          0.22127845	          0.05000359	          0.05000174	          0.05000088	          0.05000085	          0.05000047	          0.05000051	          0.05000096	          0.05000019	          0.05000075	          0.05000332	          0.05000291	          0.37116874	          0.12723448	          0.05805833	          0.41644325	          0.36560752	          0.37816519	          0.06982072	          0.07162755	          0.06626448	          0.39847493	          0.23258700	          0.15234818	          0.32896373	          0.31809358	          0.29975866	          0.05007036	          0.05489427	          0.05005430	          0.05000248	          0.05000613	          0.05000227	          0.05000506	          0.05002513	          0.05004191	          0.07214173	          0.15284348	          0.05001040	          0.05000822	          0.09237652	          0.07367702	          0.05752978	          0.05000137	          0.05000139	          0.05000370	          0.05001130	          0.06135676	          0.20353376	          0.15785776	          0.21930538	          0.19361681	          0.28732209	          0.34691654	          0.22597435	          0.59536956	          0.05000473	          0.21422140	          0.05000021	          0.59275317	          0.42403338	          0.05000073	          0.37330521	          0.30926177	          0.05000048	          0.05000077	          0.05000060	
          1.47065167	         -2.71283211	          0.19165980	          2.05769043	          1.95805051	          0.92424019	          0.00703588	         26.29126346	         -0.79335224	         -4.74222734	          5.08302889	          6.61423904	          5.19823743	        -49.87417758	        -26.46036922	         11.07058198	          9.25480571	          2.97930244	         -8.79614662	          3.10137822	          2.63703718	         -3.81309120	         11.13795386	         -4.40808581	          0.85796890	         -0.96329361	          2.22662175	        -13.45005861	         19.30298381	         -1.10175740	        -13.44986567	         13.21253085	         39.21119546	         17.62311734	         86.51662706	         86.51662706	          0.05000074	          0.05000096	          0.05000100	          0.05000379	          0.05000349	          0.05000303	          0.05000107	          0.05000049	          0.05000028	          0.11874616	          0.39474427	          0.19633249	          0.11976830	          0.05000355	          0.05000183	          0.05000054	          0.20964004	          0.21131984	          0.05000579	          0.05000116	          0.05000057	          0.05000046	          0.16626898	          0.16912315	          0.21718933	          0.24344716	          0.05000685	          0.05000133	          0.05000077	          0.05000074	          0.05000041	          0.05000141	          0.05000186	          0.05000045	          0.05000079	          0.05000329	          0.05000281	          0.37266760	          0.12661185	          0.06197156	          0.38146587	          0.37387295	          0.33849463	          0.06070465	          0.07549745	          0.07260080	          0.40208888	          0.23109068	          0.14502016	          0.39925557	          0.35702824	          0.30806633	          0.07875091	          0.06543740	          0.05463861	          0.05098542	          0.05001202	          0.05000156	          0.05000248	          0.05001369	          0.05002119	          0.06833098	          0.17942745	          0.05000775	          0.05000802	          0.10444648	          0.06823112	          0.05001198	          0.05000152	          0.05000150	          0.05000310	          0.05001273	          0.06296014	          0.23931291	          0.16929877	          0.23148275	          0.20412501	          0.30346041	          0.37180072	          0.23733280	          0.60189271	          0.05008160	          0.22270860	          0.05881002	          0.50167407	          0.40059554	          0.34706889	          0.35846817	          0.30157746	          0.05000048	          0.05000104	          0.05000075	
          1.48154538	         -2.71021876	          0.29072543	          1.56461744	          1.97078516	          0.92378036	          0.00717740	         27.21455146	         -0.66180802	         -4.96816137	          4.26648937	          6.49754292	          5.28853344	        -47.76100474	        -26.50397635	         11.17838550	          9.26481899	          2.69130360	         -8.65231040	          3.15654650	          2.43281327	         -4.05781409	         12.09135513	         -4.47208694	          0.84670631	         -0.86038269	          2.39582770	        -13.44971999	         19.36878738	         -0.29369304	        -13.45000213	         13.44031449	         37.32149010	         18.37188359	         86.51662706	         86.51662706	          0.05000072	          0.05000099	          0.05000103	          0.05000351	          0.05000326	          0.05000272	          0.05000079	          0.05000057	          0.05000031	          0.11945512	          0.40138186	          0.21388373	          0.14345636	          0.05000607	          0.05000243	          0.05000065	          0.19209672	          0.20515817	          0.05000804	          0.05000124	          0.05000063	          0.05000056	          0.17786830	          0.17855806	          0.25950301	          0.21625747	          0.05000420	          0.05000096	          0.05000071	          0.05000067	          0.05000037	          0.05000070	          0.05000139	          0.05000032	          0.05000146	          0.05000628	          0.05000533	          0.37329107	          0.11935244	          0.06583791	          0.35242533	          0.38738022	          0.30690084	          0.05882984	          0.09320121	          0.08042716	          0.39722231	          0.20000267	          0.12273978	          0.36261856	          0.31993797	          0.27910885	          0.09138620	          0.07259389	          0.05666016	          0.06037379	          0.05000767	          0.05000183	          0.05000361	          0.05001974	          0.05003530	          0.08356541	          0.20686264	          0.05000821	          0.05001839	          0.08847274	          0.06983216	          0.06449206	          0.05000114	          0.05000113	          0.05000310	          0.05000982	          0.05329480	          0.27597477	          0.17945974	          0.24033849	          0.21113984	          0.31847772	          0.39365626	          0.24120487	          0.59997661	          0.05000409	          0.22124671	          0.05000044	          0.42494752	          0.39847376	          0.29373874	          0.34553327	          0.25525926	          0.05000039	          0.05000087	          0.05000067	
          1.49243910	         -2.71063899	          0.39178918	          1.06367880	          1.98364320	          0.92311332	          0.00729417	         28.04300998	         -0.53008582	         -5.18409746	          3.38765846	          6.34880509	          5.35867483	        -45.50624020	        -26.44356681	         11.22335676	          9.25628309	          2.42747829	         -8.49802179	          3.22115909	          2.36379414	         -4.31038669	         12.88576342	         -4.53304960	          0.82847078	         -0.75507402	          2.51952077	        -13.45030989	         19.38764435	          0.48248638	        -13.45140035	         13.70808997	         35.44779013	         19.22774090	         86.51662706	         86.51662706	          0.05000075	          0.05000104	          0.05000113	          0.05000334	          0.05000321	          0.05000290	          0.05000062	          0.05000062	          0.05000034	          0.12176724	          0.39353851	          0.21575484	          0.15714348	          0.05000686	          0.05000261	          0.05000071	          0.17682756	          0.19228924	          0.05000848	          0.05000132	          0.05000069	          0.05000062	          0.18610006	          0.18467361	          0.28563087	          0.20391796	          0.05000483	          0.05000079	          0.05000067	          0.05000062	          0.05000034	          0.05000095	          0.05000179	          0.05000043	          0.05000165	          0.05000666	          0.05000579	          0.37730137	          0.11695144	          0.07226285	          0.31999826	          0.40109693	          0.27673062	          0.05543185	          0.10474556	          0.08485704	          0.39353745	          0.19159778	          0.11048400	          0.37636196	          0.33021012	          0.27650856	          0.07736920	          0.07064308	          0.05710328	          0.05110143	          0.05000776	          0.05000144	          0.05000270	          0.05001524	          0.05002691	          0.08853153	          0.23614973	          0.05000688	          0.05000771	          0.10247123	          0.07551916	          0.05587636	          0.05000109	          0.05000106	          0.05000306	          0.05001114	          0.05004468	          0.31239264	          0.18524461	          0.24304493	          0.21228052	          0.32995498	          0.41082633	          0.24380896	          0.60177817	          0.05001463	          0.24089434	          0.05003563	          0.43300865	          0.39830857	          0.24860677	          0.31001790	          0.24591530	          0.05000044	          0.05000083	          0.05000081	
          1.50333282	         -2.71434761	          0.49428996	          0.55926539	          1.99664294	          0.92225748	          0.00738754	         28.78485340	         -0.39603475	         -5.38919668	          2.44429137	          6.16912828	          5.40806213	        -43.14719184	        -26.27628426	         11.22722758	          9.24401266	          2.18331321	         -8.32876259	          3.28435677	          2.38977692	         -4.55946373	         13.53748157	         -4.59117143	          0.80143904	         -0.64723025	          2.59163083	        -13.45115886	         19.34344530	          1.22064585	        -13.45261222	         14.00599163	         33.60877628	         20.18626003	         86.51662706	         86.51662706	          0.05000082	          0.05000114	          0.05000121	          0.05000388	          0.05000360	          0.05000315	          0.05000052	          0.05000068	          0.05000037	          0.12818316	          0.37512410	          0.21351847	          0.15390947	          0.05000731	          0.05000283	          0.05000078	          0.16025687	          0.17509027	          0.05000920	          0.05000141	          0.05000075	          0.05000069	          0.19247355	          0.18904826	          0.29014331	          0.20703595	          0.05000601	          0.05000071	          0.05000065	          0.05000060	          0.05000032	          0.05000133	          0.05000233	          0.05000059	          0.05000190	          0.05000722	          0.05000629	          0.38250767	          0.11621469	          0.07769557	          0.28891125	          0.41523096	          0.24888811	          0.05195733	          0.11382291	          0.08887364	          0.39236623	          0.18940594	          0.10559808	          0.41822787	          0.36027196	          0.28408352	          0.06550087	          0.06174304	          0.05275775	          0.05000288	          0.05000586	          0.05000126	          0.05000260	          0.05001441	          0.05002845	          0.09534084	          0.26757124	          0.05000608	          0.05000533	          0.09740615	          0.07512524	          0.06416855	          0.05000093	          0.05000090	          0.05000251	          0.05000938	          0.05013327	          0.34855476	          0.18928304	          0.24129065	          0.20891766	          0.34376778	          0.43110579	          0.24683507	          0.60172674	          0.06925653	          0.25978961	          0.05988004	          0.42479145	          0.40348823	          0.21040696	          0.26238243	          0.23867108	          0.05000042	          0.05000093	          0.05000085	
          1.51422653	         -2.72143042	          0.59856745	          0.05459216	          2.00980585	          0.92123552	          0.00745700	         29.44887591	         -0.25829874	         -5.58279503	          1.43596048	          5.95818592	          5.43330670	        -40.72421354	        -26.00149562	         11.20288070	          9.22389879	          1.95507198	         -8.14134092	          3.34908025	          2.48888134	         -4.79542878	         14.06457501	         -4.64605662	          0.76378339	         -0.53649952	          2.60534899	        -13.45155010	         19.21883201	          1.91499945	        -13.45320849	         14.32701374	         31.82334669	         21.24188029	         86.51662706	         86.51662706	          0.05000087	          0.05000124	          0.05000136	          0.05000377	          0.05000364	          0.05000331	          0.05000048	          0.05000078	          0.05000041	          0.13001358	          0.36215886	          0.21300963	          0.16073012	          0.05000962	          0.05000329	          0.05000089	          0.14450396	          0.15805497	          0.05001065	          0.05000156	          0.05000085	          0.05000080	          0.19726215	          0.19169873	          0.29975438	          0.18752363	          0.05000593	          0.05000065	          0.05000064	          0.05000059	          0.05000032	          0.05000114	          0.05000230	          0.05000054	          0.05000297	          0.05001002	          0.05000922	          0.38840828	          0.11442637	          0.08355716	          0.25808062	          0.43060941	          0.22438329	          0.05148790	          0.12325361	          0.09309345	          0.38745566	          0.18232108	          0.09393573	          0.46362980	          0.37810963	          0.27148071	          0.05624113	          0.05640730	          0.05053433	          0.05000298	          0.05000536	          0.05000103	          0.05000205	          0.05001167	          0.05002481	          0.10749024	          0.29797738	          0.05000491	          0.05000452	          0.10893120	          0.08496549	          0.07272528	          0.05000077	          0.05000074	          0.05000218	          0.05000800	          0.05001986	          0.38361868	          0.19213232	          0.23575851	          0.20166709	          0.36331226	          0.46174456	          0.25170689	          0.60084652	          0.14229988	          0.28448637	          0.05068200	          0.35953703	          0.40476662	          0.17807731	          0.22206466	          0.20201097	          0.05000040	          0.05000081	          0.05000085	
          1.52512025	         -2.73182224	          0.70460407	         -0.44720359	          2.02315566	          0.92007759	          0.00750269	         30.04211834	         -0.11540370	         -5.76351498	          0.36682944	          5.71602597	          5.43372741	        -38.27234091	        -25.62597583	         11.16051392	          9.18135406	          1.73776786	         -7.92632383	          3.41706808	          2.64209023	         -5.01020749	         14.50001200	         -4.69677581	          0.71390570	         -0.42293062	          2.55408485	        -13.45097822	         18.99670683	          2.55985596	        -13.45273724	         14.66483361	         30.10935380	         22.38783573	         86.51662706	         86.51662706	          0.05000094	          0.05000134	          0.05000148	          0.05000399	          0.05000384	          0.05000349	          0.05000050	          0.05000090	          0.05000048	          0.12499418	          0.35288969	          0.21160506	          0.16489318	          0.05001368	          0.05000401	          0.05000108	          0.12775630	          0.14037355	          0.05001242	          0.05000170	          0.05000095	          0.05000095	          0.19980663	          0.19198389	          0.30432349	          0.16895339	          0.05000580	          0.05000059	          0.05000064	          0.05000059	          0.05000032	          0.05000086	          0.05000185	          0.05000044	          0.05000279	          0.05001032	          0.05000959	          0.39634480	          0.11565640	          0.09033294	          0.22236796	          0.44648717	          0.20275673	          0.05080284	          0.13211297	          0.09681662	          0.38161237	          0.17669011	          0.08806277	          0.50367912	          0.39578969	          0.25890366	          0.05005336	          0.05004226	          0.05002260	          0.05000176	          0.05000454	          0.05000087	          0.05000181	          0.05000989	          0.05002306	          0.11384113	          0.32922087	          0.05000423	          0.05000339	          0.11447560	          0.09214808	          0.07722598	          0.05000070	          0.05000067	          0.05000186	          0.05000702	          0.05001189	          0.41702297	          0.19421942	          0.22783010	          0.19169810	          0.38196256	          0.49080994	          0.25516800	          0.59888851	          0.16946696	          0.30957933	          0.05207198	          0.34482943	          0.41518196	          0.15071429	          0.18794201	          0.19540053	          0.05000040	          0.05000077	          0.05000086	
          1.53601397	         -2.74536856	          0.81167397	         -0.94303874	          2.03671757	          0.91881462	          0.00752513	         30.56827292	          0.03370283	         -5.92974121	         -0.75751035	          5.44344875	          5.40577560	        -35.81619220	        -25.15986008	         11.10595921	          9.10789427	          1.52742382	         -7.67321915	          3.48478654	          2.82701448	         -5.19713005	         14.88256021	         -4.74217930	          0.65106237	         -0.30634247	          2.43168113	        -13.44981814	         18.66355650	          3.14896409	        -13.45130073	         15.01379843	         28.48557019	         23.61760424	         86.51662706	         86.51662706	          0.05000105	          0.05000158	          0.05000176	          0.05000451	          0.05000432	          0.05000388	          0.05000053	          0.05000112	          0.05000056	          0.11179311	          0.34410132	          0.20819732	          0.17385485	          0.05002767	          0.05000532	          0.05000128	          0.11489301	          0.12162722	          0.05001727	          0.05000203	          0.05000116	          0.05000120	          0.20176510	          0.19135330	          0.30655684	          0.15872929	          0.05000607	          0.05000058	          0.05000065	          0.05000060	          0.05000032	          0.05000533	          0.05000730	          0.05000155	          0.05000265	          0.05000645	          0.05000684	          0.40550666	          0.11827659	          0.09602880	          0.18821160	          0.46127867	          0.18756542	          0.05000171	          0.14159932	          0.09976317	          0.37203965	          0.16717446	          0.07454838	          0.52152923	          0.40251994	          0.25904334	          0.05001498	          0.05000280	          0.05000296	          0.05000089	          0.05000338	          0.05000083	          0.05000192	          0.05000979	          0.05002702	          0.11300654	          0.36114027	          0.05000396	          0.05000243	          0.09871578	          0.08835013	          0.08853982	          0.05000062	          0.05000061	          0.05000161	          0.05000649	          0.05001841	          0.44872365	          0.19988515	          0.22317566	          0.18457418	          0.39867557	          0.51668674	          0.25686321	          0.59573731	          0.20706971	          0.34171510	          0.06196885	          0.30555293	          0.43279710	          0.12755547	          0.15906261	          0.20465534	          0.05000037	          0.05000072	          0.05000102	
          1.54690768	         -2.76183264	          0.91825342	         -1.42946893	          2.05052128	          0.91747353	          0.00752560	         31.02666416	          0.18969607	         -6.08021356	         -1.93612409	          5.14295153	          5.34569160	        -33.36970319	        -24.60407038	         11.04476068	          9.00909655	          1.32090811	         -7.36202350	          3.55449811	          2.96731585	         -5.34946728	         15.28437528	         -4.78056183	          0.57541191	         -0.18657760	          2.23181135	        -13.45058246	         18.21494761	          3.67454394	        -13.44983843	         15.36957550	         26.97358101	         24.92640626	         86.51662706	         86.51662706	          0.05000105	          0.05000156	          0.05000174	          0.05000442	          0.05000426	          0.05000386	          0.05000064	          0.05000138	          0.05000067	          0.10209638	          0.29126094	          0.20666490	          0.17501009	          0.05002856	          0.05000537	          0.05000132	          0.09956368	          0.12042164	          0.05002964	          0.05000200	          0.05000115	          0.05000122	          0.20154610	          0.18795105	          0.30530033	          0.15589525	          0.05000616	          0.05000056	          0.05000062	          0.05000056	          0.05000031	          0.05068916	          0.05001596	          0.05000158	          0.05000261	          0.05000795	          0.05000755	          0.41604580	          0.12077399	          0.10146179	          0.15932875	          0.47777307	          0.17866347	          0.05033855	          0.14607984	          0.10394772	          0.36531662	          0.15636772	          0.06310381	          0.54573204	          0.41140494	          0.22439548	          0.05001582	          0.05000263	          0.05000260	          0.05000089	          0.05000358	          0.05000078	          0.05000176	          0.05000835	          0.05002343	          0.10381873	          0.39026114	          0.05000373	          0.05000234	          0.08974182	          0.08121105	          0.07496542	          0.05000061	          0.05000058	          0.05000144	          0.05000588	          0.05002002	          0.47757508	          0.19857508	          0.21466251	          0.17512839	          0.41903027	          0.55032471	          0.25807908	          0.59355556	          0.28500226	          0.38462282	          0.05589903	          0.25860149	          0.42875067	          0.10795543	          0.13462083	          0.17322265	          0.05000035	          0.05000065	          0.05000083	
          1.55780140	         -2.78087766	          1.02358688	         -1.90428885	          2.06459943	          0.91608237	          0.00750427	         31.41251282	          0.35464562	         -6.21267672	         -3.16597779	          4.81487994	          5.25080809	        -30.94193262	        -23.96304627	         10.98105817	          8.86931423	          1.11467327	         -6.97558368	          3.62940661	          3.02347422	         -5.46069704	         15.76627949	         -4.80958733	          0.48690039	         -0.06355063	          1.94750744	        -13.45742063	         17.65841941	          4.12941488	        -13.45035671	         15.73379174	         25.59656281	         26.30873598	         86.51662706	         86.51662706	          0.05000115	          0.05000168	          0.05000190	          0.05000452	          0.05000441	          0.05000420	          0.05000079	          0.05000180	          0.05000086	          0.08640938	          0.24650854	          0.19862086	          0.18180654	          0.05003823	          0.05000641	          0.05000153	          0.08520090	          0.10583717	          0.05173874	          0.05000219	          0.05000128	          0.05000141	          0.19543266	          0.17992940	          0.30292302	          0.13985935	          0.05000779	          0.05000055	          0.05000062	          0.05000057	          0.05000032	          0.05046004	          0.05001743	          0.05000155	          0.05000284	          0.05001583	          0.05001024	          0.42731187	          0.12118302	          0.10692758	          0.14003266	          0.49469089	          0.17778276	          0.05178481	          0.14738512	          0.10625446	          0.35438216	          0.13236924	          0.06130890	          0.58793258	          0.42024819	          0.18991926	          0.05001466	          0.05000229	          0.05000231	          0.05000086	          0.05000387	          0.05000066	          0.05000137	          0.05000615	          0.05001724	          0.08787245	          0.41695203	          0.05000319	          0.05000206	          0.08247071	          0.07533534	          0.06345886	          0.05000060	          0.05000057	          0.05000128	          0.05000554	          0.05001259	          0.50307734	          0.19009859	          0.20144110	          0.16248892	          0.43771132	          0.58114599	          0.25663558	          0.58853711	          0.33111314	          0.42240818	          0.05000128	          0.21886456	          0.43247689	          0.09136725	          0.11393484	          0.16391876	          0.05000032	          0.05000064	          0.05000081	
          1.56869511	         -2.80198188	          1.12685478	         -2.36640388	          2.07898547	          0.91466685	          0.00746017	         31.71954744	          0.53014834	         -6.32530003	         -4.43941317	          4.45884515	          5.11662529	        -28.54879978	        -23.25172381	         10.92069146	          8.66515048	          0.90658158	         -6.49956860	          3.70722044	          3.00085844	         -5.52933642	         16.35195425	         -4.82637896	          0.38633250	          0.06274255	          1.57193584	        -13.47413401	         17.00919611	          4.50770534	        -13.45655534	         16.11667563	         24.37569503	         27.75808037	         86.51662706	         86.51662706	          0.05000132	          0.05000205	          0.05000248	          0.05000483	          0.05000487	          0.05000476	          0.05000076	          0.05000190	          0.05000086	          0.07313205	          0.20863094	          0.18801811	          0.18147922	          0.07737550	          0.05001232	          0.05000204	          0.07213029	          0.08963084	          0.05003659	          0.05000289	          0.05000176	          0.05000222	          0.18352289	          0.16928923	          0.29800502	          0.11842314	          0.05000700	          0.05000062	          0.05000074	          0.05000067	          0.05000037	          0.05000099	          0.05000229	          0.05000050	          0.05000403	          0.05713960	          0.05002868	          0.43879536	          0.12140438	          0.11192847	          0.13802312	          0.51241750	          0.18784762	          0.05392970	          0.14530594	          0.10613274	          0.34524916	          0.11203141	          0.05219154	          0.61971203	          0.41161510	          0.16073778	          0.05001352	          0.05000211	          0.05000193	          0.05000086	          0.05000426	          0.05000063	          0.05000125	          0.05000508	          0.05001483	          0.07437208	          0.44193006	          0.05000301	          0.05000196	          0.06981783	          0.06377340	          0.05372111	          0.05000065	          0.05000067	          0.05000122	          0.05000480	          0.05000495	          0.52511719	          0.17454769	          0.18310880	          0.14609354	          0.45584553	          0.61213006	          0.25257457	          0.58067257	          0.37575421	          0.45813136	          0.05000027	          0.18523356	          0.43121582	          0.07732793	          0.09642749	          0.15989706	          0.05000029	          0.05000055	          0.05000071	
          1.57958883	         -2.82436919	          1.22667327	         -2.81535235	          2.09371150	          0.91324397	          0.00739193	         31.94492047	          0.71628480	         -6.41668044	         -5.74717413	          4.07562759	          4.94027894	        -26.22743548	        -22.48856453	         10.87535440	          8.38815375	          0.69300726	         -5.91296936	          3.78082771	          2.87249377	         -5.55982967	         17.07284180	         -4.82771914	          0.27579916	          0.19214195	          1.09949813	        -13.50134187	         16.27750704	          4.80514974	        -13.47356167	         16.53507908	         23.32519412	         29.26658231	         86.51662706	         86.51662706	          0.05000167	          0.05000241	          0.05000265	          0.05000662	          0.05000618	          0.05000568	          0.05000058	          0.05000222	          0.05000120	          0.06189486	          0.17657332	          0.17286150	          0.15501076	          0.10823975	          0.05001611	          0.05000624	          0.06105380	          0.07590362	          0.05002935	          0.05000320	          0.05000198	          0.05000241	          0.16807180	          0.15663607	          0.28194816	          0.10068017	          0.05001095	          0.05000062	          0.05000082	          0.05000074	          0.05000042	          0.05000022	          0.05000050	          0.05000012	          0.05000303	          0.05674379	          0.05006069	          0.45169792	          0.12444919	          0.11740563	          0.14549937	          0.52922832	          0.19514393	          0.05757020	          0.13857884	          0.10400188	          0.34267387	          0.09481739	          0.05000881	          0.68294386	          0.40805351	          0.13603975	          0.05000876	          0.05000140	          0.05000147	          0.05000079	          0.05000641	          0.05000067	          0.05000129	          0.05000408	          0.05001178	          0.06294549	          0.46345447	          0.05000347	          0.05000180	          0.05909799	          0.05397962	          0.05000762	          0.05000101	          0.05000067	          0.05000106	          0.05000492	          0.05000828	          0.54377453	          0.15992148	          0.16612600	          0.13155629	          0.46861765	          0.63439912	          0.24485968	          0.57054555	          0.42222199	          0.49575415	          0.05000267	          0.15677026	          0.43334863	          0.06544572	          0.08161032	          0.16074889	          0.05000037	          0.05000063	          0.05000069	
          1.59048255	         -2.84703375	          1.32179531	         -3.25203811	          2.10881124	          0.91182309	          0.00729858	         32.09022544	          0.91126018	         -6.48511701	         -7.08434599	          3.66534122	          4.71539748	        -24.03285178	        -21.68311054	         10.86138467	          8.02452871	          0.46976450	         -5.20130233	          3.83744540	          2.61771588	         -5.55584423	         17.96370689	         -4.80946195	          0.15790808	          0.32449141	          0.52593836	        -13.53324749	         15.45083174	          5.01979867	        -13.50677462	         17.01111716	         22.44705831	         30.82171329	         86.51662706	         86.51662706	          0.05000198	          0.05000333	          0.05000420	          0.05000699	          0.05000706	          0.05000693	          0.09090312	          0.05000140	          0.05000064	          0.05238439	          0.14944149	          0.15040021	          0.15092737	          0.11893786	          0.05007225	          0.06552231	          0.05660753	          0.06427712	          0.05000784	          0.05000511	          0.05000345	          0.05003655	          0.15687743	          0.14822471	          0.27994147	          0.09587601	          0.05001148	          0.05000112	          0.05000156	          0.05000137	          0.05000070	          0.05000073	          0.05000172	          0.05000123	          0.05000229	          0.05000910	          0.05000752	          0.46172067	          0.13439954	          0.12245110	          0.12314289	          0.53685565	          0.20143076	          0.06164685	          0.12765438	          0.09825655	          0.33630340	          0.08024803	          0.05000148	          0.76087206	          0.34535673	          0.11513627	          0.05000966	          0.05000130	          0.05000110	          0.05000103	          0.05001022	          0.05000085	          0.05000138	          0.05000379	          0.05001098	          0.05327557	          0.48126539	          0.05000416	          0.05000197	          0.05003531	          0.05001011	          0.05000624	          0.05000179	          0.09563344	          0.05000080	          0.05000295	          0.05000224	          0.55928210	          0.14660381	          0.15219595	          0.11951761	          0.48194586	          0.65880636	          0.23633220	          0.55358015	          0.45544085	          0.51775767	          0.05000051	          0.13268073	          0.39574897	          0.05538956	          0.06907003	          0.13605124	          0.05000036	          0.05000049	          0.05000055	
          1.60137626	         -2.86877408	          1.41229413	         -3.67840513	          2.12431037	          0.91040467	          0.00717609	         32.16590943	          1.11417673	         -6.52960799	         -8.43781651	          3.22730835	          4.43990700	        -22.04564789	        -20.86031975	         10.88564171	          7.56447166	          0.23590893	         -4.34978815	          3.88752480	          2.22245926	         -5.50727514	         19.04261901	         -4.76755445	          0.03476993	          0.45929409	         -0.14883784	        -13.55430543	         14.47376789	          5.15406087	        -13.56147739	         17.57201447	         21.72610144	         32.40444762	         86.51662706	         86.51662706	          0.05000209	          0.05000341	          0.05000453	          0.05000686	          0.05000702	          0.05000774	          0.16781463	          0.05000119	          0.05000114	          0.05000100	          0.12647882	          0.12871114	          0.13779077	          0.10866970	          0.05011168	          0.08905362	          0.05442074	          0.05448838	          0.05000595	          0.05000535	          0.05000375	          0.07768444	          0.14742394	          0.13990926	          0.26991501	          0.08910473	          0.05003184	          0.05000182	          0.05000309	          0.05000260	          0.05000115	          0.05082637	          0.05000517	          0.05362228	          0.05000181	          0.05000675	          0.05000684	          0.47239196	          0.13885792	          0.13008658	          0.10422126	          0.55121062	          0.21416810	          0.06786919	          0.11550318	          0.09258073	          0.32673759	          0.06791751	          0.05000065	          0.78930643	          0.29229068	          0.09744481	          0.05000894	          0.05000119	          0.05000095	          0.05000119	          0.05001581	          0.05000150	          0.05000191	          0.05000391	          0.05001112	          0.05000662	          0.49354506	          0.05000718	          0.05000201	          0.05001095	          0.05000626	          0.05000411	          0.06067983	          0.18371098	          0.05000055	          0.05000191	          0.05000144	          0.57145593	          0.14328852	          0.14839230	          0.11637218	          0.48871623	          0.67245055	          0.22419399	          0.53270192	          0.49511240	          0.53651278	          0.05000017	          0.11229289	          0.36504529	          0.05000503	          0.05845690	          0.11514685	          0.05000048	          0.05000039	          0.05000049	
          1.61226998	         -2.88836860	          1.49814614	         -4.09738282	          2.14022427	          0.90898407	          0.00702033	         32.18538465	          1.32379018	         -6.54920637	         -9.78627339	          2.76137693	          4.11361157	        -20.35426406	        -20.05812579	         10.91646070	          6.99827430	         -0.00687932	         -3.34895618	          3.94423669	          1.67443829	         -5.39665283	         20.33595382	         -4.69856045	         -0.09117892	          0.59538970	         -0.91954634	        -13.53561313	         13.22022532	          5.21617487	        -13.64245989	         18.25454997	         21.12661543	         33.98678420	         86.51662706	         86.51662706	          0.05000308	          0.05000667	          0.05001040	          0.05001062	          0.05001137	          0.05001163	          0.22853530	          0.05000223	          0.09672430	          0.05000189	          0.10704469	          0.11380863	          0.12755348	          0.11855480	          0.06190936	          0.11030313	          0.06143799	          0.05009409	          0.05001012	          0.05001276	          0.05001020	          0.10658562	          0.12694182	          0.13368952	          0.25435720	          0.07544102	          0.05001948	          0.05000982	          0.05001094	          0.05000819	          0.05000289	          0.07073778	          0.05000303	          0.05149998	          0.05000364	          0.05004009	          0.05002106	          0.48072257	          0.14307005	          0.13190101	          0.08820737	          0.56535400	          0.24971865	          0.06867165	          0.09893194	          0.09255305	          0.31068340	          0.06222294	          0.05000220	          0.78607856	          0.24737810	          0.08247213	          0.05000981	          0.05000119	          0.05000110	          0.05000118	          0.05005331	          0.05000096	          0.05000140	          0.05000312	          0.05000967	          0.05000634	          0.50199422	          0.05000491	          0.05000212	          0.05003193	          0.05001538	          0.05000754	          0.13395636	          0.28227098	          0.05000092	          0.05000400	          0.05000454	          0.58178600	          0.15895782	          0.16179061	          0.12905953	          0.48808687	          0.67444718	          0.20921940	          0.50709271	          0.53216731	          0.54754649	          0.05000022	          0.09503785	          0.32939696	          0.05000157	          0.05000102	          0.09745381	          0.05000049	          0.05000054	          0.05000051	
          1.62316369	         -2.90479496	          1.58132583	         -4.51053422	          2.15655568	          0.90755311	          0.00682290	         32.16494938	          1.54279121	         -6.54403178	        -11.10307347	          2.26759120	          3.74437089	        -19.06152245	        -19.32109179	         10.91811997	          6.30912945	         -0.25900947	         -2.21170656	          4.00999292	          0.97183139	         -5.21255421	         21.87459891	         -4.60070524	         -0.21709644	          0.73222499	         -1.76767100	        -13.49148901	         11.93439370	          5.20959082	        -13.69043686	         18.81674439	         20.59799353	         35.49425291	         86.51662706	         86.51662706	          0.05000341	          0.05000624	          0.05002094	          0.05000476	          0.05000623	          0.05001006	          0.27961299	          0.05000448	          0.13347785	          0.05000181	          0.09059719	          0.09637126	          0.13176620	          0.13015780	          0.07083676	          0.13801123	          0.05907852	          0.05007053	          0.05002665	          0.05003842	          0.05265194	          0.13805035	          0.10743688	          0.11314750	          0.23354264	          0.06386593	          0.05000546	          0.05000423	          0.05000554	          0.05000444	          0.05000222	          0.08797812	          0.05000439	          0.05092807	          0.05000126	          0.05001266	          0.05000656	          0.49556362	          0.14938652	          0.14141153	          0.07465378	          0.58332760	          0.29841819	          0.06520577	          0.08911920	          0.09589949	          0.30147596	          0.05907813	          0.05000361	          0.68458863	          0.20936601	          0.06979995	          0.05000645	          0.05000072	          0.05000072	          0.05000065	          0.05002609	          0.05000031	          0.05000060	          0.05000146	          0.05000499	          0.05000358	          0.50267827	          0.05000183	          0.05000123	          0.05005408	          0.05002223	          0.05000725	          0.21691155	          0.39450723	          0.05000071	          0.05000310	          0.05000227	          0.59018434	          0.18292373	          0.18288700	          0.14899845	          0.48454360	          0.67224065	          0.19796148	          0.46810895	          0.54434428	          0.52348117	          0.05000015	          0.08043440	          0.29154551	          0.05000045	          0.05000042	          0.08247908	          0.05000026	          0.05000049	          0.05000035	
          1.63405741	         -2.91756285	          1.66347393	         -4.91835775	          2.17329636	          0.90609772	          0.00657687	         32.11736190	          1.77412098	         -6.51421937	        -12.36382416	          1.74781784	          3.33781815	        -18.26796590	        -18.68687967	         10.85020196	          5.48190617	         -0.52355855	         -0.96539029	          4.10386718	          0.10814668	         -4.94467137	         23.69048701	         -4.47499593	         -0.34039274	          0.86944856	         -2.69137632	        -13.46514923	         10.95799724	          5.12513907	        -13.67629833	         19.10849589	         20.15445720	         36.92093579	         86.51662706	         86.51662706	          0.05000405	          0.05001815	          0.05000399	          0.05906513	          0.05010379	          0.05001635	          0.30965417	          0.08247570	          0.15853919	          0.05823893	          0.07667960	          0.08980241	          0.11152601	          0.13129796	          0.05995727	          0.17413717	          0.05000339	          0.05005756	          0.10308563	          0.05001673	          0.05000802	          0.19084583	          0.09092875	          0.09576148	          0.22695249	          0.05900142	          0.05542665	          0.05000087	          0.05000487	          0.05000411	          0.05000255	          0.09893332	          0.05001481	          0.05305251	          0.05000031	          0.05000196	          0.05000165	          0.52156440	          0.15832432	          0.14664176	          0.06318295	          0.61637117	          0.39471947	          0.06494796	          0.08213875	          0.08563076	          0.26747188	          0.05000092	          0.05000029	          0.57939568	          0.17719464	          0.05907478	          0.05000757	          0.05000094	          0.05000078	          0.05000082	          0.05000749	          0.05037604	          0.05000478	          0.05000392	          0.05001343	          0.05005754	          0.42544229	          0.05002699	          0.05000159	          0.05000676	          0.05000427	          0.05000373	          0.24396856	          0.51160764	          0.05000032	          0.05000106	          0.05000068	          0.59754701	          0.19835034	          0.19722608	          0.16290267	          0.47539593	          0.66014749	          0.18732159	          0.42754848	          0.56916478	          0.49437567	          0.05000004	          0.06980460	          0.24674605	          0.05000400	          0.05000058	          0.06980528	          0.05000029	          0.05000063	          0.05000042	
          1.64495113	         -2.92607981	          1.74404416	         -5.32015244	          2.19043493	          0.90460283	          0.00627715	         32.05498178	          2.01605069	         -6.46055858	        -13.54983165	          1.20575194	          2.89370482	        -18.09231827	        -18.18459966	         10.65433640	          4.50513176	         -0.79300712	          0.36327592	          4.25115102	         -0.91193653	         -4.58153983	         25.78120115	         -4.32268945	         -0.45877631	          1.00628973	         -3.69382958	        -13.45264615	         10.23746160	          4.95816358	        -13.63993457	         19.26194265	         19.81257088	         38.31962651	         86.51662706	         86.51662706	          0.05000348	          0.05000125	          0.05905736	          0.05000110	          0.05000147	          0.05000604	          0.31414261	          0.06980552	          0.15853003	          0.06980458	          0.06491613	          0.08488913	          0.09441333	          0.13078787	          0.16032675	          0.21556132	          0.05000886	          0.05903600	          0.11720528	          0.05001186	          0.06048339	          0.23384195	          0.07695966	          0.08104738	          0.20849390	          0.05000708	          0.05000293	          0.05000055	          0.05000079	          0.05000075	          0.05000063	          0.09745301	          0.07891569	          0.05000014	          0.05698115	          0.05002800	          0.05000321	          0.52111797	          0.17758932	          0.15138465	          0.05907951	          0.61534696	          0.44162561	          0.06651888	          0.09042724	          0.07247275	          0.22637228	          0.05000077	          0.05000035	          0.49036503	          0.14996678	          0.05000169	          0.05000591	          0.05000081	          0.05000073	          0.05000077	          0.05002030	          0.09669448	          0.05003484	          0.05000358	          0.05001057	          0.05000501	          0.36007251	          0.06979219	          0.05000169	          0.05000816	          0.05000502	          0.05000406	          0.20648063	          0.60963290	          0.05000037	          0.05000107	          0.05000060	          0.50999753	          0.19126311	          0.19008164	          0.15853084	          0.45721704	          0.63761127	          0.18320966	          0.37633743	          0.62658868	          0.41848707	          0.05000013	          0.05907837	          0.20883047	          0.05000037	          0.05000019	          0.05907894	          0.05000371	          0.05000038	          0.05000037	
          1.65584484	         -2.92990139	          1.82220286	         -5.70914600	          2.20792039	          0.90305637	          0.00592519	         31.99039380	          2.26265131	         -6.37619618	        -14.62031284	          0.65280888	          2.43240579	        -18.65420872	        -17.88901167	         10.18710196	          3.36884919	         -1.06891419	          1.71456689	          4.31610301	         -2.00267229	         -4.14720938	         28.01864629	         -4.14956937	         -0.57259003	          1.14221135	         -4.75526269	        -13.44972470	          9.73806018	          4.70641216	        -13.60680964	         19.34714337	         19.55262397	         39.73015852	         86.51662706	         86.51662706	          0.05907654	          0.05907773	          0.05000085	          0.05907849	          0.05907826	          0.05011658	          0.26736834	          0.05907928	          0.13417008	          0.05907844	          0.05494212	          0.12994323	          0.17083344	          0.14873841	          0.16679354	          0.22135743	          0.05000137	          0.05002730	          0.09919648	          0.05000398	          0.05665998	          0.26504715	          0.08247790	          0.08247827	          0.44460332	          0.18997716	          0.10802806	          0.05000023	          0.05000077	          0.05000079	          0.05000052	          0.08247818	          0.06678950	          0.05387502	          0.05907823	          0.05907801	          0.05907808	          0.53237363	          0.22020532	          0.18410566	          0.05000127	          0.71791154	          0.46795801	          0.05629762	          0.08438694	          0.06177279	          0.19158755	          0.05000036	          0.05000016	          0.41501464	          0.12692280	          0.05000108	          0.05001458	          0.05000096	          0.05000073	          0.05000176	          0.05000543	          0.11310749	          0.24777010	          0.05000313	          0.05001267	          0.07539474	          0.30474492	          0.05908156	          0.05000118	          0.05000390	          0.05000258	          0.05000245	          0.17475243	          0.56189773	          0.05000016	          0.05000076	          0.05000091	          0.43618961	          0.18432535	          0.18488198	          0.15548794	          0.41798410	          0.57150990	          0.15676251	          0.31850869	          0.54956647	          0.35418261	          0.11133070	          0.05000062	          0.17674112	          0.05000043	          0.05000012	          0.05000094	          0.05000009	          0.05000012	          0.05000047	
          1.66673856	         -2.92981178	          1.89514390	         -6.07230082	          2.22567744	          0.90142406	          0.00552463	         31.89674714	          2.48320314	         -6.29415914	        -15.53857450	          0.10043474	          1.98191749	        -19.94245553	        -17.87918165	          9.40614097	          2.12844966	         -1.39052220	          3.07974892	          4.39725678	         -3.00705245	         -3.62417227	         30.03258502	         -3.96343799	         -0.67844085	          1.27111744	         -5.84505496	        -13.45661002	          9.45632768	          4.36668190	        -13.59207424	         19.38566212	         19.33755472	         41.19438651	         86.51662706	         86.51662706	          0.05000014	          0.05000038	          0.06783973	          0.05000059	          0.05000056	          0.05000058	          0.22628390	          0.05000111	          0.11355321	          0.05000039	          0.06979001	          0.10997756	          0.34800088	          0.30851376	          0.25742929	          0.27891886	          0.05907764	          0.06983288	          0.08395415	          0.05000452	          0.14900722	          0.33115857	          0.06980473	          0.06980485	          0.66791603	          0.16078552	          0.09143074	          0.06980501	          0.21439966	          0.20628259	          0.18229617	          0.06980463	          0.06980338	          0.06654506	          0.05000022	          0.05000013	          0.05000019	          0.66642162	          0.18636816	          0.15581562	          0.39233274	          0.71379698	          0.69179234	          0.05000011	          0.07141988	          0.05228077	          0.16214788	          0.05907823	          0.05907821	          0.35124262	          0.10741983	          0.05907825	          0.05001111	          0.05006192	          0.05907964	          0.05000043	          0.05000302	          0.29312795	          0.45213943	          0.35004716	          0.13770156	          0.17207783	          0.25791836	          0.05000636	          0.05907917	          0.05908234	          0.05908158	          0.05908680	          0.14789961	          0.53672278	          0.05907874	          0.05907852	          0.05907766	          0.36916373	          0.17534635	          0.17670990	          0.14981990	          0.35375579	          0.48369065	          0.13267400	          0.26956590	          0.46512067	          0.29975845	          0.26975113	          0.05063037	          0.17092805	          0.05000058	          0.05000031	          0.05000042	          0.06973180	          0.05907810	          0.05158427	
          1.67763227	         -2.92764153	          1.97268935	         -6.40399663	          2.24359190	          0.89976965	          0.00510399	         31.59312208	          2.66515910	         -6.14122695	        -16.24934829	         -0.44784110	          1.60537872	        -21.29142676	        -18.25332870	          8.64758188	          0.86372378	         -1.72191588	          4.43573141	          4.57513872	         -3.86165897	         -3.14521026	         31.47652850	         -3.77063253	         -0.78819189	          1.39258846	         -6.91795369	        -13.47495315	          9.40555459	          3.94915147	        -13.59004354	         19.37837056	         19.10455635	         42.70971380	         86.51662706	         86.51662706	          0.33808195	          0.38951954	          0.44158955	          0.39888457	          0.36620715	          0.39691229	          0.19151292	          0.16599262	          0.13578703	          0.09773598	          0.05907914	          0.09307833	          0.29452640	          0.26110718	          0.21787315	          0.29848202	          0.05000166	          0.05910421	          0.21328378	          0.27195089	          0.26009194	          0.35502342	          0.05907854	          0.05907862	          0.56528263	          0.13607956	          0.18987916	          0.05907861	          0.18145449	          0.17458470	          0.15428410	          0.05907827	          0.05907724	          0.05631958	          0.16426208	          0.06455226	          0.06869431	          0.72257162	          0.15773117	          0.19263855	          0.64798358	          0.83420484	          0.70110237	          0.08951613	          0.13605888	          0.05000010	          0.16284158	          0.05000032	          0.05000018	          0.29727167	          0.09091380	          0.05000075	          0.05009665	          0.05000474	          0.05000190	          0.05907843	          0.05002568	          0.30280665	          0.53395204	          0.29625852	          0.11654397	          0.14563736	          0.30188679	          0.05908764	          0.05000301	          0.05000582	          0.05000417	          0.05000817	          0.12517384	          0.67564463	          0.05000061	          0.05000064	          0.05000024	          0.31243735	          0.14840245	          0.14955646	          0.12679841	          0.29939689	          0.40936607	          0.11648816	          0.22814382	          0.39364963	          0.25369721	          0.41266919	          0.17613623	          0.15002018	          0.06680194	          0.05000055	          0.05000021	          0.09662107	          0.05000004	          0.05000243	
          1.68852599	         -2.92773581	          2.04076199	         -6.67539186	          2.26119086	          0.89832846	          0.00463924	         31.31209812	          2.82363066	         -6.04578100	        -16.62831732	         -0.97272001	          1.30994798	        -22.61808436	        -19.17669731	          7.51137987	         -0.33947761	         -2.09900480	          5.86897028	          4.98873433	         -4.52993758	         -2.58650323	         32.00567854	         -3.61808629	         -0.89942596	          1.49638199	         -7.84558878	        -13.49982767	          9.62668172	          3.53140770	        -13.58205038	         19.32504580	         18.74065596	         44.19851001	         86.51662706	         86.51662706	          0.43981277	          0.51399275	          0.48276378	          0.38506678	          0.39236425	          0.33592715	          0.16208461	          0.14048702	          0.11492183	          0.08271772	          0.05000141	          0.07877597	          0.24927252	          0.44115661	          0.41964706	          0.35228935	          0.05000125	          0.05002488	          0.20375669	          0.38407464	          0.34371456	          0.43363972	          0.05000050	          0.05000057	          0.47842027	          0.11516969	          0.16070291	          0.05000050	          0.30186970	          0.30725089	          0.27282919	          0.05000020	          0.05000021	          0.05000002	          0.15311191	          0.05463304	          0.05813863	          0.75566512	          0.20271926	          0.16304332	          0.79607937	          0.90395627	          0.82685119	          0.12929306	          0.11515174	          0.05000018	          0.13781908	          0.05001027	          0.05001128	          0.25159241	          0.07694423	          0.05001096	          0.05004194	          0.05000624	          0.05612493	          0.05000072	          0.05000145	          0.47578735	          0.45192374	          0.35138760	          0.13607256	          0.13604839	          0.29005785	          0.05000972	          0.05000217	          0.05018613	          0.06987214	          0.11513020	          0.10593940	          0.71497926	          0.05000118	          0.06598807	          0.05907470	          0.32843845	          0.15046951	          0.14994112	          0.13605508	          0.25339081	          0.34646198	          0.09858851	          0.19837054	          0.33316074	          0.21471477	          0.43562282	          0.14907091	          0.12696779	          0.08236965	          0.05000038	          0.05000024	          0.13386915	          0.05000009	          0.05000019	
          1.69941971	         -2.92919361	          2.08839289	         -6.89127193	          2.27834112	          0.89726440	          0.00414684	         31.10472609	          2.97622202	         -5.96600819	        -16.66674405	         -1.45870042	          1.12854623	        -23.99564954	        -20.61750810	          6.26529518	         -1.47453101	         -2.54898731	          7.33102339	          5.15361733	         -5.02479380	         -2.35982926	         31.44957938	         -3.51107555	         -1.00520998	          1.58909973	         -8.59272202	        -13.52157744	         10.08307864	          3.14805212	        -13.55957196	         19.25003724	         18.21434137	         45.59442562	         86.51662706	         86.51662706	          0.48503578	          0.55849464	          0.54485292	          0.32589728	          0.33207359	          0.28431440	          0.13717836	          0.12117843	          0.09935688	          0.07000720	          0.05000134	          0.06667176	          0.31718608	          0.48001762	          0.45844571	          0.36958675	          0.05000128	          0.05001582	          0.17244887	          0.43578615	          0.38807741	          0.46949392	          0.05000039	          0.05000042	          0.40490676	          0.09747335	          0.13603164	          0.05000034	          0.32686120	          0.35136071	          0.30178773	          0.05000014	          0.05000043	          0.05000006	          0.16223013	          0.06737663	          0.06289845	          0.73929715	          0.18542025	          0.18932455	          0.88187020	          0.94436263	          0.80555634	          0.14321279	          0.09745723	          0.05000021	          0.11664173	          0.05000221	          0.05000176	          0.21293249	          0.06512149	          0.05000404	          0.05004665	          0.05001964	          0.05394422	          0.05000130	          0.05000508	          0.49472689	          0.41294180	          0.29739352	          0.11516566	          0.11514359	          0.32005575	          0.12673257	          0.05903854	          0.05003596	          0.05914414	          0.09744130	          0.08966087	          0.72881548	          0.17871427	          0.05585122	          0.05000330	          0.27797032	          0.12734813	          0.12690092	          0.11514863	          0.21445414	          0.29322385	          0.08583800	          0.20287866	          0.28196657	          0.18172325	          0.38843230	          0.12616436	          0.10745763	          0.06971315	          0.07089033	          0.05000153	          0.15135134	          0.05000013	          0.05000021	
          1.71031342	         -2.93016904	          2.11341894	         -7.06220094	          2.29515268	          0.89658362	          0.00364358	         30.84722011	          3.14088751	         -5.85146825	        -16.39740323	         -1.89916160	          1.02712894	        -25.30306690	        -22.51640623	          5.29532423	         -2.56636350	         -3.05949181	          8.73371754	          5.37154694	         -5.38554480	         -2.15902215	         29.91599633	         -3.42883386	         -1.09968194	          1.67286521	         -9.19771011	        -13.53404983	         10.68897962	          2.79086655	        -13.52847469	         19.17984369	         17.57298480	         46.88539528	         86.51662706	         86.51662706	          0.55520991	          0.59411174	          0.56816960	          0.27582146	          0.28104856	          0.24064846	          0.11609933	          0.10977908	          0.09012773	          0.05924990	          0.05000187	          0.05642905	          0.32474055	          0.46531059	          0.47615656	          0.38445452	          0.05000135	          0.05002511	          0.14595942	          0.45660578	          0.40635452	          0.48129839	          0.05000050	          0.05000051	          0.34268826	          0.08249621	          0.11513208	          0.05000035	          0.34907194	          0.39430571	          0.33662567	          0.05000016	          0.05000041	          0.05000006	          0.17829958	          0.05702374	          0.05323386	          0.79596379	          0.23762954	          0.20278916	          0.93156814	          0.96776972	          0.88736028	          0.14264177	          0.08248171	          0.05000025	          0.09871867	          0.05000322	          0.05000244	          0.18021343	          0.05511618	          0.05000618	          0.05002510	          0.05000289	          0.05000661	          0.05000081	          0.05000508	          0.51174062	          0.34948915	          0.25169578	          0.09747022	          0.09745074	          0.35345520	          0.14546161	          0.05005529	          0.05003809	          0.05007875	          0.08246981	          0.07588506	          0.69899693	          0.26368136	          0.05003414	          0.05002034	          0.26210093	          0.10777959	          0.10740109	          0.09745467	          0.18150057	          0.24816639	          0.07264799	          0.19524514	          0.23863898	          0.15379990	          0.32874483	          0.10677767	          0.09094547	          0.05900125	          0.16697405	          0.44967418	          0.16137826	          0.05000026	          0.05000019	
          1.72120714	         -2.92961874	          2.12098050	         -7.19716969	          2.31167662	          0.89624688	          0.00313414	         30.49593728	          3.32850769	         -5.68066115	        -15.84837317	         -2.29458006	          0.97081857	        -26.48030262	        -24.80796433	          4.64413565	         -3.68144579	         -3.61872768	         10.00373907	          5.52928973	         -5.58162910	         -2.09804261	         27.59526300	         -3.36116750	         -1.18418682	          1.74963728	         -9.69344173	        -13.53540761	         11.36065152	          2.45763711	        -13.49641881	         19.13341419	         16.87656008	         48.07330542	         86.51662706	         86.51662706	          0.60295416	          0.60886800	          0.56600513	          0.26094482	          0.23787377	          0.24153769	          0.09825959	          0.10245651	          0.08556208	          0.05014580	          0.05000205	          0.05002547	          0.30103843	          0.42869490	          0.46875908	          0.38465057	          0.05000135	          0.05002960	          0.12354906	          0.45594728	          0.40301370	          0.46690124	          0.05000061	          0.05000058	          0.29003023	          0.06982051	          0.09744217	          0.05000038	          0.35818766	          0.41326909	          0.35293477	          0.05000016	          0.05000036	          0.05000006	          0.18869085	          0.05000434	          0.05000210	          0.83214744	          0.29437417	          0.21686148	          0.96035779	          0.98132923	          0.93474858	          0.13848526	          0.06980737	          0.05000031	          0.08354991	          0.05002089	          0.07543056	          0.15252342	          0.05000667	          0.05200352	          0.05001378	          0.05000171	          0.05000360	          0.05000067	          0.05001046	          0.51596897	          0.29578622	          0.21301990	          0.08249349	          0.08247651	          0.38906191	          0.12443820	          0.05000699	          0.05003653	          0.05002649	          0.06979847	          0.08313909	          0.64001692	          0.25835212	          0.05047052	          0.12599892	          0.22905168	          0.09121798	          0.09089763	          0.08247959	          0.15361074	          0.21003259	          0.06148480	          0.17128357	          0.20196919	          0.13016696	          0.27822906	          0.09037004	          0.09933107	          0.05000046	          0.27237240	          0.68120103	          0.16550662	          0.05000444	          0.05000019	
          1.73210085	         -2.92661042	          2.12001761	         -7.30468404	          2.32793241	          0.89617726	          0.00261848	         30.05848962	          3.55035352	         -5.43866231	        -15.06061809	         -2.64910595	          0.92599218	        -27.53517788	        -27.38738360	          4.27691635	         -4.82823822	         -4.22619629	         11.06583961	          5.62195112	         -5.59124393	         -2.16586664	         24.67218461	         -3.30363324	         -1.26425288	          1.82126763	        -10.10654953	        -13.52828266	         12.03317344	          2.14866959	        -13.47062154	         19.12054611	         16.18170796	         49.16910930	         86.51662706	         86.51662706	          0.64066386	          0.61278442	          0.55291952	          0.22747656	          0.21294601	          0.24592864	          0.08316201	          0.10392471	          0.08357374	          0.05000137	          0.05000181	          0.05002095	          0.29437932	          0.41357644	          0.45365134	          0.37455775	          0.05000129	          0.05002560	          0.12717380	          0.44705136	          0.38955379	          0.43705564	          0.05000058	          0.05000056	          0.24546374	          0.05909295	          0.08247033	          0.05000035	          0.36582595	          0.43277997	          0.37039882	          0.05000012	          0.05000023	          0.05000004	          0.22386688	          0.05000040	          0.05000048	          0.79173836	          0.24914169	          0.20914542	          0.97703527	          0.98918414	          0.96220032	          0.13098204	          0.05908061	          0.05000026	          0.07071194	          0.05000882	          0.06384152	          0.12913642	          0.11518145	          0.08247281	          0.05297270	          0.05000274	          0.05000639	          0.05000185	          0.12697860	          0.48670513	          0.25033541	          0.18028707	          0.06981808	          0.06980323	          0.41216497	          0.12089724	          0.05840693	          0.05001987	          0.05000982	          0.05907426	          0.11709681	          0.56040674	          0.26311793	          0.14064026	          0.11274793	          0.20350396	          0.07720124	          0.07693012	          0.06980560	          0.13000653	          0.17775853	          0.05203708	          0.14496417	          0.17093425	          0.11016550	          0.23547570	          0.07648377	          0.09102855	          0.05000093	          0.35851956	          0.74811693	          0.16765280	          0.06225820	          0.05000021	
          1.74299457	         -2.92058636	          2.11897225	         -7.39129575	          2.34391338	          0.89628677	          0.00209276	         29.56212737	          3.81255205	         -5.12498468	        -14.07129066	         -2.96198565	          0.87894197	        -28.51244215	        -30.15749507	          4.20779453	         -5.86646509	         -4.87021052	         11.88835437	          5.67046205	         -5.15383595	         -2.33548376	         21.58317138	         -3.25665661	         -1.34410719	          1.88699983	        -10.45487544	        -13.51771529	         12.66982856	          1.86616412	        -13.45596702	         19.13949380	         15.53215994	         50.18929059	         86.51662706	         86.51662706	          0.65853136	          0.61629754	          0.55279622	          0.20858091	          0.23048110	          0.26478707	          0.07038465	          0.10152486	          0.07671484	          0.05000117	          0.05000107	          0.05000480	          0.29850951	          0.40162926	          0.42076063	          0.35078828	          0.05000121	          0.05001541	          0.11373192	          0.43935335	          0.37516904	          0.39742396	          0.05000034	          0.05000037	          0.20774544	          0.05001678	          0.06980011	          0.05000028	          0.36859045	          0.45058141	          0.38831588	          0.05000009	          0.05000024	          0.05000003	          0.30115312	          0.05000027	          0.05000042	          0.67007787	          0.21085851	          0.20365863	          0.82690517	          0.99373437	          0.97810284	          0.12187495	          0.05000217	          0.05000028	          0.05984671	          0.05004026	          0.05908098	          0.10929707	          0.09748781	          0.06980597	          0.06020467	          0.05000235	          0.05000570	          0.05000120	          0.13111765	          0.42401875	          0.21186918	          0.15258412	          0.05909076	          0.05907747	          0.44175175	          0.24256863	          0.08839686	          0.05002968	          0.05001432	          0.05000500	          0.14871061	          0.47429345	          0.29950687	          0.11904651	          0.09542500	          0.18607292	          0.06533838	          0.06510891	          0.05907915	          0.11002942	          0.15044379	          0.05000005	          0.12268889	          0.45094181	          0.26813126	          0.24350102	          0.07559795	          0.07704131	          0.07571999	          0.30342859	          0.63315934	          0.16254804	          0.05457358	          0.05000024	
          1.75388829	         -2.91170855	          2.11448093	         -7.45796910	          2.35961284	          0.89654646	          0.00156910	         29.02399362	          4.10637237	         -4.74615225	        -12.92034998	         -3.21580144	          0.82213841	        -29.44557502	        -32.97558699	          4.48256163	         -6.35315623	         -5.56359107	         12.51279776	          5.74913689	         -4.23478265	         -2.51313186	         18.91721015	         -3.22193172	         -1.41947094	          1.94508160	        -10.74436057	        -13.50836683	         13.25649106	          1.61073261	        -13.45033093	         19.17803290	         14.94803586	         51.13711529	         86.51662706	         86.51662706	          0.67534219	          0.61245583	          0.52829034	          0.31207927	          0.28666140	          0.26911432	          0.05957029	          0.08593102	          0.06493050	          0.05000108	          0.05000136	          0.05000578	          0.25265327	          0.34079768	          0.37420515	          0.32464603	          0.05000168	          0.05001776	          0.09626006	          0.41659680	          0.34681675	          0.34707066	          0.05000043	          0.05000046	          0.17582295	          0.05000597	          0.05907633	          0.05000042	          0.47099611	          0.48508251	          0.42680413	          0.05000015	          0.05000039	          0.05000007	          0.31425134	          0.05293908	          0.05949650	          0.56711201	          0.17845873	          0.21298928	          0.69984132	          0.95282710	          0.94295157	          0.13259115	          0.05000012	          0.05000033	          0.05065265	          0.05000193	          0.05000322	          0.16423297	          0.08251156	          0.05908150	          0.05890577	          0.05000110	          0.05000392	          0.05000139	          0.16433440	          0.35886348	          0.17931460	          0.12913817	          0.05001289	          0.05000151	          0.45500711	          0.28435289	          0.07552219	          0.05001174	          0.05000556	          0.05000222	          0.15323895	          0.40141235	          0.25348468	          0.10075691	          0.08076300	          0.15748232	          0.05529844	          0.05510423	          0.05000102	          0.09312207	          0.12732643	          0.05193498	          0.13667372	          0.38164947	          0.22693022	          0.25984595	          0.06398143	          0.06520297	          0.06408497	          0.40479469	          0.59233841	          0.16114496	          0.07765705	          0.05000019	
          1.76478200	         -2.90076753	          2.10368150	         -7.51146215	          2.37505005	          0.89700269	          0.00105094	         28.41711433	          4.42978706	         -4.29338083	        -11.62790176	         -3.41774485	          0.74019132	        -30.27480721	        -35.74662436	          5.03278743	         -6.32535539	         -6.27351239	         12.90521837	          5.83396322	         -3.40278829	         -2.57394678	         16.35554993	         -3.19671086	         -1.48480495	          1.99516470	        -10.98098870	        -13.49667261	         13.77923328	          1.38574294	        -13.44992310	         19.23110595	         14.43574283	         51.99554430	         86.51662706	         86.51662706	          0.68061142	          0.60414245	          0.50758539	          0.37251258	          0.32392532	          0.28682916	          0.05263094	          0.07766219	          0.06084662	          0.05000122	          0.05000161	          0.05001542	          0.23329047	          0.30275186	          0.34110167	          0.29935417	          0.05000163	          0.05002485	          0.08147261	          0.39171014	          0.31661400	          0.29649493	          0.05000051	          0.05000050	          0.14880574	          0.05000514	          0.05000697	          0.05000043	          0.52864672	          0.57607127	          0.43039471	          0.05000021	          0.05000049	          0.05000007	          0.33899570	          0.05907692	          0.05039015	          0.47996829	          0.15103738	          0.21610388	          0.59230225	          0.87922559	          0.79805767	          0.13005278	          0.05000017	          0.05000032	          0.05000168	          0.05000176	          0.05000176	          0.13899996	          0.06983499	          0.05001347	          0.05422528	          0.05241329	          0.05001278	          0.05302306	          0.18694475	          0.30372009	          0.16370189	          0.10929522	          0.05000571	          0.05000128	          0.46309651	          0.33695402	          0.15471496	          0.05001097	          0.05000520	          0.05000196	          0.14432122	          0.33973033	          0.21453496	          0.09744115	          0.06937149	          0.13328339	          0.05000024	          0.05000022	          0.05000017	          0.07881276	          0.10776135	          0.05000008	          0.11567237	          0.32300550	          0.19206034	          0.26114367	          0.05415019	          0.05518391	          0.07792903	          0.42788368	          0.56726496	          0.16000066	          0.08048541	          0.05000022	
          1.77567572	         -2.88889503	          2.08570227	         -7.55235992	          2.39024511	          0.89769659	          0.00053813	         27.70705113	          4.77649497	         -3.77591629	        -10.21012974	         -3.57516922	          0.63833790	        -30.92107258	        -38.43183296	          5.72965743	         -6.02841845	         -6.95336732	         13.09619009	          5.86363217	         -2.64498484	         -2.56450315	         13.90057002	         -3.17836082	         -1.53776318	          2.03608730	        -11.16777683	        -13.48215030	         14.23354183	          1.18868150	        -13.45109077	         19.28825034	         14.00217587	         52.75576580	         86.51662706	         86.51662706	          0.67781263	          0.58549797	          0.47701451	          0.43793351	          0.36900725	          0.30418992	          0.05000708	          0.06878178	          0.05665852	          0.05000075	          0.05000132	          0.05000730	          0.22437207	          0.27716872	          0.31723809	          0.26943241	          0.05000170	          0.05001905	          0.06895707	          0.35879252	          0.27796137	          0.25093579	          0.05000043	          0.05000044	          0.12594004	          0.05000436	          0.05000413	          0.05000058	          0.52105570	          0.63776963	          0.49523231	          0.05000156	          0.05000251	          0.05061603	          0.36985035	          0.05000408	          0.05000366	          0.40621525	          0.12783359	          0.23064146	          0.50128792	          0.80588849	          0.71257147	          0.11944232	          0.05000018	          0.05000031	          0.05000146	          0.05000163	          0.05000248	          0.11764490	          0.05910697	          0.05001360	          0.05006805	          0.08717631	          0.05004769	          0.07223640	          0.20421558	          0.25705027	          0.17605975	          0.09250154	          0.05000588	          0.05000106	          0.47448482	          0.33676058	          0.18596353	          0.05001063	          0.05000484	          0.05000155	          0.13607147	          0.28752654	          0.18156962	          0.08247602	          0.05895697	          0.11280312	          0.05000026	          0.05000024	          0.05000016	          0.06670232	          0.09120284	          0.05000031	          0.10726406	          0.27337570	          0.16254975	          0.26236129	          0.05000114	          0.05000037	          0.07666003	          0.43769550	          0.50445929	          0.15761234	          0.07409991	          0.05000027	
          1.78656943	         -2.87704735	          2.05809109	         -7.57537858	          2.40521330	          0.89864780	          0.00003363	         26.87793976	          5.13098494	         -3.21641387	         -8.68560808	         -3.68636185	          0.52040947	        -31.34242667	        -41.00820978	          6.46219041	         -5.53151231	         -7.58413243	         13.11864183	          5.87343411	         -1.93773880	         -2.49889022	         11.56754821	         -3.16617448	         -1.57638543	          2.06711517	        -11.30390187	        -13.46783325	         14.61967264	          1.01264466	        -13.45152686	         19.33706373	         13.65390963	         53.41785960	         86.51662706	         86.51662706	          0.66661835	          0.55478260	          0.44452619	          0.53139461	          0.41906811	          0.33252769	          0.06306298	          0.08353927	          0.06454220	          0.05000106	          0.05000143	          0.05003078	          0.18992780	          0.23459482	          0.27000336	          0.23457959	          0.05000185	          0.05002512	          0.06176803	          0.31378376	          0.23525157	          0.21237682	          0.05000050	          0.05000050	          0.10658795	          0.05000340	          0.05000340	          0.05000047	          0.55572519	          0.66349485	          0.51551159	          0.05000094	          0.05000170	          0.06301114	          0.40301843	          0.05000345	          0.05000382	          0.34379525	          0.12437424	          0.24725218	          0.42425932	          0.74180006	          0.69594921	          0.10843133	          0.05000020	          0.05000031	          0.05000196	          0.05000115	          0.05000097	          0.12428393	          0.05003358	          0.05000533	          0.05012381	          0.12094493	          0.05996345	          0.09020996	          0.21573024	          0.21755266	          0.16856381	          0.07828860	          0.05000479	          0.05000090	          0.47958527	          0.34197378	          0.20726502	          0.05000818	          0.05000359	          0.05000102	          0.13269384	          0.24334454	          0.15366950	          0.06980529	          0.05000348	          0.10640265	          0.05000021	          0.05000020	          0.05000014	          0.05645291	          0.07718905	          0.05000012	          0.10263578	          0.26034654	          0.13757963	          0.27166422	          0.05000066	          0.05000035	          0.06905473	          0.43782995	          0.46849184	          0.15297516	          0.06646563	          0.05000032	
          1.79746315	         -2.86597456	          2.01849637	         -7.57510932	          2.41996648	          0.89985780	         -0.00045946	         25.92994279	          5.47572359	         -2.63838874	         -7.07264181	         -3.75141314	          0.38249424	        -31.52508587	        -43.45138614	          7.12623311	         -4.89154902	         -8.15911091	         12.98724304	          5.88350291	         -1.26749122	         -2.37406229	          9.36580494	         -3.16049076	         -1.59952572	          2.08819774	        -11.38813624	        -13.45676750	         14.93285561	          0.85183659	        -13.45089950	         19.37067232	         13.39658339	         53.98362297	         86.51662706	         86.51662706	          0.65426899	          0.52107037	          0.42047952	          0.57862945	          0.47412020	          0.37604345	          0.08302992	          0.10399144	          0.07663869	          0.05000226	          0.05000172	          0.05000701	          0.16074508	          0.19855279	          0.22852893	          0.20233307	          0.05000206	          0.05001958	          0.08652281	          0.27513464	          0.19910431	          0.17974295	          0.05000053	          0.05000054	          0.09020958	          0.05000368	          0.05000420	          0.05000036	          0.56199166	          0.66952674	          0.52140217	          0.05000030	          0.05000068	          0.08894790	          0.43587724	          0.05000361	          0.05000403	          0.29096683	          0.16114768	          0.26752853	          0.35906769	          0.68783201	          0.65661602	          0.09830760	          0.05000022	          0.05000032	          0.05000168	          0.05000093	          0.05000075	          0.16784004	          0.05001126	          0.05000376	          0.05441355	          0.14946983	          0.09146181	          0.10991060	          0.22633657	          0.18639494	          0.19288931	          0.06626029	          0.05000468	          0.05000081	          0.48028478	          0.35417401	          0.23486402	          0.05000688	          0.05000288	          0.05000078	          0.12755046	          0.20595169	          0.13005654	          0.05908242	          0.05000284	          0.13074792	          0.05000020	          0.05000019	          0.05000013	          0.05069326	          0.06750592	          0.05000024	          0.09977012	          0.25795689	          0.11646253	          0.27978216	          0.05000082	          0.05000035	          0.08888974	          0.42942638	          0.44187387	          0.14686517	          0.06032705	          0.05000038	
          1.80835687	         -2.85620617	          1.96492156	         -7.54762596	          2.43451181	          0.90131088	         -0.00093957	         24.87510697	          5.79717801	         -2.05621405	         -5.38685723	         -3.77089319	          0.22446784	        -31.48477772	        -45.73924061	          7.68868246	         -4.14412624	         -8.67386449	         12.72566553	          5.88486883	         -0.61490880	         -2.19111453	          7.30844813	         -3.16254615	         -1.60632868	          2.09936350	        -11.41966409	        -13.45076610	         15.16279678	          0.70349184	        -13.45003347	         19.38679655	         13.23409202	         54.45373149	         86.51662706	         86.51662706	          0.63659305	          0.48771331	          0.39463077	          0.60935054	          0.50848188	          0.41080817	          0.09187135	          0.11522508	          0.08304264	          0.05001354	          0.05000185	          0.05000432	          0.13604627	          0.16805338	          0.19704565	          0.18317935	          0.05000190	          0.05001583	          0.07323988	          0.25554287	          0.16861695	          0.15212439	          0.05000049	          0.05000049	          0.07634800	          0.05000384	          0.05000553	          0.05000031	          0.54862359	          0.65354356	          0.50942698	          0.05000021	          0.05000049	          0.12066224	          0.46538464	          0.05000488	          0.05000542	          0.24625615	          0.21532793	          0.28831179	          0.30389386	          0.63951012	          0.61534984	          0.09056428	          0.05000024	          0.05000034	          0.05000174	          0.05000082	          0.05000062	          0.19642514	          0.05001000	          0.05000313	          0.06199960	          0.16851213	          0.09743211	          0.12911992	          0.23065429	          0.16877403	          0.20238791	          0.05608193	          0.05000458	          0.05000075	          0.48039405	          0.34860007	          0.25698151	          0.05000601	          0.05000236	          0.05000063	          0.12171017	          0.17430481	          0.11007199	          0.05001570	          0.05000223	          0.14114432	          0.05000019	          0.05000018	          0.05000012	          0.05023260	          0.05907387	          0.05000016	          0.09030520	          0.26187106	          0.11331392	          0.28896723	          0.05000099	          0.05000037	          0.12976387	          0.41631818	          0.45905478	          0.14007432	          0.05717980	          0.05000043	
          1.81925058	         -2.84802383	          1.89600256	         -7.49126805	          2.44885597	          0.90297935	         -0.00140577	         23.72634108	          6.08659310	         -1.47480971	         -3.64020310	         -3.74674884	          0.04650943	        -31.24518500	        -47.85622591	          8.16290739	         -3.32421029	         -9.11749774	         12.35398357	          5.86542097	          0.02627978	         -1.95009607	          5.40921262	         -3.17352768	         -1.59619742	          2.10104428	        -11.39831606	        -13.44998886	         15.29718074	          0.56715636	        -13.44970892	         19.38488647	         13.16688402	         54.82623033	         86.51662706	         86.51662706	          0.61668470	          0.45817478	          0.36664504	          0.61268713	          0.52395530	          0.43810992	          0.08955740	          0.11156850	          0.08214789	          0.05000139	          0.05000149	          0.05000335	          0.11514313	          0.15374051	          0.21637418	          0.17740864	          0.05000178	          0.05001320	          0.06198801	          0.24942621	          0.15812659	          0.13670103	          0.05000040	          0.05000040	          0.06461655	          0.05000376	          0.05000585	          0.05000039	          0.51636217	          0.61706184	          0.48089008	          0.05000050	          0.05000080	          0.15252085	          0.49338236	          0.05000455	          0.05002569	          0.20841582	          0.26184901	          0.30855340	          0.25719765	          0.59596411	          0.57486378	          0.08515127	          0.05000025	          0.05000034	          0.05000159	          0.05000076	          0.05000057	          0.19381003	          0.05000835	          0.05000284	          0.05901363	          0.17443941	          0.08247380	          0.14607408	          0.23436496	          0.15789662	          0.20606225	          0.05001099	          0.05000430	          0.05000068	          0.47690699	          0.34519883	          0.27287282	          0.05000530	          0.05000192	          0.05000052	          0.11651049	          0.14752118	          0.09315832	          0.05001176	          0.05000199	          0.14451769	          0.05000019	          0.05000019	          0.05000013	          0.05000118	          0.05000245	          0.05000015	          0.08098396	          0.22451069	          0.09743276	          0.29336002	          0.05000089	          0.05000035	          0.13756790	          0.40684855	          0.47224661	          0.13678218	          0.05548104	          0.05000048	
          1.83014430	         -2.84134079	          1.81132396	         -7.40499958	          2.46301127	          0.90482745	         -0.00185697	         22.49363375	          6.33695165	         -0.89983842	         -1.84333035	         -3.68096040	         -0.15014934	        -30.82640640	        -49.79255087	          8.56187157	         -2.46284424	         -9.47734079	         11.89331453	          5.83099507	          0.65394228	         -1.65637939	          3.67711795	         -3.19328745	         -1.56916790	          2.09356065	        -11.32381291	        -13.45370948	         15.32988020	          0.44244235	        -13.44977881	         19.36338856	         13.18952093	         55.09700296	         86.51662706	         86.51662706	          0.59254939	          0.43395889	          0.34428214	          0.61304843	          0.53511769	          0.46023225	          0.08356695	          0.10326367	          0.07926960	          0.05000085	          0.05000129	          0.05000251	          0.09745186	          0.15976369	          0.22471709	          0.17637979	          0.05000175	          0.05001084	          0.05246512	          0.25094968	          0.15734509	          0.14192993	          0.05000034	          0.05000034	          0.05468812	          0.05000387	          0.05000789	          0.05000049	          0.46807133	          0.56239363	          0.43806605	          0.07128651	          0.05000379	          0.17926121	          0.51922010	          0.05000372	          0.08693809	          0.17639013	          0.32676708	          0.33295440	          0.21767681	          0.56270141	          0.54907199	          0.08182253	          0.05000025	          0.05000033	          0.05000184	          0.05000070	          0.05000049	          0.16559236	          0.05000925	          0.05000252	          0.05514835	          0.16444921	          0.06980662	          0.16357384	          0.23699734	          0.15181039	          0.19711225	          0.05001072	          0.05000387	          0.05000062	          0.47144063	          0.34184017	          0.28400364	          0.05000452	          0.05000149	          0.05000043	          0.11398407	          0.12486689	          0.07884368	          0.05000870	          0.05000164	          0.14072068	          0.05000020	          0.05000019	          0.05000014	          0.05000051	          0.05000120	          0.05000009	          0.07343841	          0.19001454	          0.08247610	          0.30289481	          0.05000068	          0.05000032	          0.14542746	          0.39646125	          0.49228415	          0.13503470	          0.05295304	          0.05000049	
          1.84103802	         -2.83580028	          1.71105009	         -7.28807986	          2.47699052	          0.90681186	         -0.00229122	         21.19062912	          6.54265943	         -0.33765121	         -0.00604383	         -3.57608090	         -0.36635740	        -30.25287317	        -51.54323805	          8.88095467	         -1.57214399	         -9.75163898	         11.36100718	          5.79351396	          1.24436846	         -1.31528164	          2.11924654	         -3.22094231	         -1.52607432	          2.07736208	        -11.19455954	        -13.46093350	         15.26402799	          0.32946492	        -13.44976086	         19.32114252	         13.29058029	         55.26076852	         86.51662706	         86.51662706	          0.56608276	          0.41494851	          0.32852193	          0.61857322	          0.54402442	          0.47453163	          0.07595350	          0.09384115	          0.07620142	          0.05000057	          0.05000110	          0.05000178	          0.08247882	          0.13525973	          0.23706148	          0.18018244	          0.05000165	          0.05000834	          0.05000384	          0.25874566	          0.16426714	          0.15453059	          0.05000028	          0.05000028	          0.05000232	          0.05000379	          0.05000832	          0.05000060	          0.40867584	          0.49655945	          0.38544660	          0.09853574	          0.09720507	          0.20235221	          0.54076573	          0.05000428	          0.12588617	          0.14928558	          0.39909592	          0.35879490	          0.18422881	          0.53471764	          0.52158207	          0.08117481	          0.05000024	          0.05000033	          0.05000187	          0.05000068	          0.05000047	          0.14015169	          0.05000945	          0.05000242	          0.05049678	          0.13918260	          0.05908477	          0.17890077	          0.23617998	          0.14503178	          0.18697168	          0.05000895	          0.05000360	          0.05000058	          0.46196140	          0.33300228	          0.28949630	          0.05000392	          0.05000120	          0.05000038	          0.10951031	          0.11357165	          0.06672875	          0.05000842	          0.05000157	          0.13209480	          0.05000022	          0.05000021	          0.05000015	          0.05000065	          0.05000145	          0.05000011	          0.06386711	          0.16081727	          0.06980621	          0.31218606	          0.05000079	          0.05000033	          0.14983832	          0.38506354	          0.51479651	          0.13306191	          0.05137334	          0.05000049	
          1.85193173	         -2.83091377	          1.59545678	         -7.14073596	          2.49080273	          0.90888094	         -0.00270622	         19.83768809	          6.70104645	          0.20950480	          1.86178306	         -3.43566964	         -0.60282808	        -29.56169243	        -53.10416429	          9.12523635	         -0.64981539	         -9.94181193	         10.77741287	          5.74867934	          1.77813185	         -0.92960741	          0.74892684	         -3.25569191	         -1.46806916	          2.05304735	        -11.00774348	        -13.47023964	         15.11033696	          0.23023931	        -13.44973586	         19.25994011	         13.45398709	         55.31133162	         86.51662706	         86.51662706	          0.52992603	          0.39343387	          0.31716254	          0.61204293	          0.53610720	          0.47954441	          0.06686390	          0.08356686	          0.07267324	          0.05000042	          0.05000096	          0.05000145	          0.06980669	          0.11448435	          0.20065270	          0.17968615	          0.05000162	          0.05000692	          0.05000310	          0.26386809	          0.17041551	          0.16628996	          0.05000024	          0.05000024	          0.05000280	          0.05000372	          0.05006098	          0.05000093	          0.34587823	          0.42026032	          0.32621838	          0.13538569	          0.15518742	          0.22288841	          0.55867776	          0.05000421	          0.15919703	          0.12634598	          0.46518405	          0.38237057	          0.15592034	          0.50890921	          0.49086816	          0.08092020	          0.05000024	          0.05000033	          0.05000211	          0.05000069	          0.05000046	          0.11861737	          0.05000982	          0.05000239	          0.05007895	          0.11779582	          0.05001538	          0.18959621	          0.22734773	          0.13812082	          0.17756456	          0.05000832	          0.05000347	          0.05000057	          0.44974939	          0.31806026	          0.28699927	          0.05000344	          0.05000101	          0.05000035	          0.10380401	          0.10539496	          0.05647574	          0.05000753	          0.05000144	          0.12000482	          0.05000025	          0.05000024	          0.05000017	          0.05000028	          0.05000072	          0.05000009	          0.05405486	          0.13610609	          0.05908155	          0.32167609	          0.05000071	          0.05000034	          0.14114280	          0.37936883	          0.53813699	          0.13018524	          0.05068117	          0.05000049	
          1.86282545	         -2.82617583	          1.46614838	         -6.96403343	          2.50445062	          0.91097387	         -0.00310071	         18.46095384	          6.81321521	          0.74079876	          3.75026058	         -3.26512786	         -0.85901090	        -28.80043100	        -54.47155014	          9.30880187	          0.30966554	        -10.05110306	         10.16088101	          5.68714368	          2.24283948	         -0.50614164	         -0.41363886	         -3.29739486	         -1.39772105	          2.02123675	        -10.75926130	        -13.48031356	         14.88683911	          0.14878865	        -13.45021001	         19.18395146	         13.66062207	         55.24226974	         86.51662706	         86.51662706	          0.48805302	          0.36406680	          0.30146700	          0.57254643	          0.51159117	          0.47616123	          0.06999030	          0.08155411	          0.07274636	          0.05000041	          0.05000098	          0.05000131	          0.05908198	          0.09689578	          0.16982267	          0.15870729	          0.05000173	          0.05000631	          0.05000273	          0.25398055	          0.16299895	          0.14524372	          0.05000024	          0.05000024	          0.05000265	          0.05000380	          0.11266564	          0.05000103	          0.29272984	          0.35568215	          0.27609089	          0.17156649	          0.21044478	          0.23990614	          0.57334030	          0.05000390	          0.18905563	          0.10693134	          0.52517269	          0.40412825	          0.13196168	          0.48411486	          0.46187627	          0.07954793	          0.05000026	          0.05000035	          0.05000184	          0.05000070	          0.05000047	          0.10039126	          0.05000857	          0.05000238	          0.05006189	          0.09969522	          0.05000731	          0.19731163	          0.21661617	          0.13032081	          0.17508122	          0.05000953	          0.05000361	          0.05000059	          0.43317971	          0.30090855	          0.28222727	          0.05000305	          0.05000088	          0.05000035	          0.09419161	          0.09570214	          0.05000215	          0.05000834	          0.05000157	          0.10580755	          0.05000029	          0.05000029	          0.05000021	          0.05139183	          0.05000792	          0.05000028	          0.05000160	          0.11519195	          0.05000441	          0.33071862	          0.05000058	          0.05000036	          0.16514383	          0.37059737	          0.57425114	          0.12541815	          0.05043093	          0.05000052	
          1.87371916	         -2.82118032	          1.32719565	         -6.75938361	          2.51792997	          0.91302354	         -0.00347517	         17.08879155	          6.88454546	          1.25417094	          5.65009710	         -3.07219230	         -1.13278749	        -28.01873076	        -55.64316397	          9.44183485	          1.31175401	        -10.08991466	          9.52989378	          5.60805019	          2.61627901	         -0.04902991	         -1.34479730	         -3.34682260	         -1.32014601	          1.98222177	        -10.44389227	        -13.49062047	         14.61829013	          0.09089180	        -13.45156740	         19.09869724	         13.89027387	         55.04703806	         86.51662706	         86.51662706	          0.44057788	          0.33021738	          0.29485459	          0.50115249	          0.48145329	          0.47698679	          0.08094245	          0.08512562	          0.07272316	          0.05000058	          0.05000132	          0.05000132	          0.05000686	          0.08200857	          0.14372856	          0.13432102	          0.05000257	          0.05000658	          0.05000335	          0.22355688	          0.13795930	          0.12292606	          0.05000031	          0.05000032	          0.05000301	          0.05000525	          0.17453719	          0.05000093	          0.24774832	          0.30102718	          0.23366610	          0.20270394	          0.25596121	          0.25264911	          0.58524433	          0.05000472	          0.21680646	          0.09050001	          0.57099551	          0.42059879	          0.11168450	          0.46261252	          0.44465891	          0.07754217	          0.05000027	          0.05000039	          0.05000105	          0.05000070	          0.05000054	          0.08496554	          0.05000512	          0.05000243	          0.05003877	          0.08437595	          0.05000472	          0.20042954	          0.20665406	          0.12450298	          0.17971548	          0.05001444	          0.05000374	          0.05000059	          0.41728664	          0.28907106	          0.27079814	          0.05000277	          0.05000081	          0.05000037	          0.08656973	          0.08865784	          0.05000679	          0.05002541	          0.05000226	          0.09252465	          0.05000036	          0.05000036	          0.05000027	          0.05176172	          0.05000408	          0.05000015	          0.05000160	          0.09749155	          0.05000104	          0.32868224	          0.05002013	          0.05000059	          0.22986015	          0.36498648	          0.60165260	          0.12010373	          0.05334819	          0.05000054	
          1.88461288	         -2.81567907	          1.18467955	         -6.52889947	          2.53123419	          0.91496725	         -0.00383282	         15.74760861	          6.92435368	          1.74661758	          7.55238860	         -2.86592536	         -1.41857203	        -27.26240422	        -56.61263090	          9.53096666	          2.33349575	        -10.07545468	          8.89916577	          5.51625908	          2.87164001	          0.44680099	         -2.02467239	         -3.40506627	         -1.24186045	          1.93601183	        -10.05664679	        -13.50065855	         14.33155890	          0.06346259	        -13.45381269	         19.01030760	         14.12393275	         54.71786207	         86.51662706	         86.51662706	          0.39887305	          0.30501809	          0.29880654	          0.44202719	          0.46200588	          0.47451185	          0.08895293	          0.08697073	          0.07076723	          0.05000148	          0.05000263	          0.05000125	          0.05000209	          0.06940882	          0.12164387	          0.11368162	          0.05000519	          0.05000670	          0.05000483	          0.19044634	          0.11676367	          0.10403751	          0.05000050	          0.05000053	          0.05000375	          0.05001098	          0.20435775	          0.05000088	          0.20967879	          0.25477065	          0.19776042	          0.22705479	          0.28918084	          0.26140573	          0.59292422	          0.05000648	          0.23457192	          0.07659356	          0.60524630	          0.43270673	          0.09452314	          0.44581996	          0.43004584	          0.07667767	          0.05000026	          0.05000040	          0.05000088	          0.05000071	          0.05000061	          0.07191015	          0.05000395	          0.05000248	          0.05001978	          0.07141066	          0.05000232	          0.19578985	          0.18780792	          0.12034248	          0.18970875	          0.05002271	          0.05000383	          0.05000057	          0.40330152	          0.27888132	          0.22923044	          0.05000248	          0.05000076	          0.05000038	          0.08300332	          0.08577420	          0.05002594	          0.05004699	          0.05000265	          0.08111728	          0.05000053	          0.05000053	          0.05000038	          0.05000018	          0.05000044	          0.05000012	          0.05000118	          0.08251147	          0.05001003	          0.31967122	          0.05000036	          0.05000051	          0.28665827	          0.37709968	          0.58745842	          0.11660098	          0.05760491	          0.05000051	
          1.89550660	         -2.80952736	          1.04423123	         -6.27478150	          2.54436122	          0.91675878	         -0.00417755	         14.46180422	          6.94279919	          2.21383742	          9.44544153	         -2.65393694	         -1.70873790	        -26.57496092	        -57.36551885	          9.57813358	          3.34308219	        -10.02832964	          8.27584238	          5.41570787	          3.01057303	          0.99408673	         -2.46893635	         -3.47254565	         -1.16842030	          1.88255349	         -9.59395799	        -13.50941681	         14.05002287	          0.07316288	        -13.45645118	         18.92529780	         14.34570997	         54.24457690	         86.51662706	         86.51662706	          0.37867835	          0.29870049	          0.30462195	          0.41596071	          0.46469672	          0.47344435	          0.09097016	          0.08575534	          0.06750737	          0.05000393	          0.05000386	          0.05000124	          0.05000208	          0.05874656	          0.10295288	          0.09621421	          0.05000856	          0.05000681	          0.05000658	          0.18122463	          0.10291332	          0.08805187	          0.05000061	          0.05000064	          0.05000460	          0.05001606	          0.20808213	          0.05000084	          0.17745921	          0.21562207	          0.16737216	          0.24541484	          0.31232006	          0.26630549	          0.59663274	          0.05000874	          0.24227373	          0.06482402	          0.63090449	          0.44129171	          0.07999897	          0.43295819	          0.41226717	          0.07550411	          0.05000028	          0.05000043	          0.05000079	          0.05000072	          0.05000063	          0.06086110	          0.05000382	          0.05000234	          0.05001944	          0.06043768	          0.05000183	          0.20780089	          0.18916739	          0.12455785	          0.18754026	          0.05002289	          0.05000381	          0.05000059	          0.38574464	          0.27939969	          0.19401288	          0.05000215	          0.05000069	          0.05000039	          0.08032109	          0.08378591	          0.06998039	          0.06675508	          0.05000263	          0.07175173	          0.05000064	          0.05000065	          0.05000048	          0.05000053	          0.05000100	          0.05000012	          0.05000078	          0.06983304	          0.05000169	          0.32477197	          0.05000665	          0.05000121	          0.37228429	          0.35976252	          0.58875679	          0.11239609	          0.05454356	          0.05000053	
          1.90640031	         -2.80266199	          0.90885294	         -5.99796655	          2.55730980	          0.91837123	         -0.00451000	         13.25754706	          6.94750566	          2.65093273	         11.31909256	         -2.44244670	         -2.00342246	        -26.00463114	        -57.89758921	          9.58629353	          4.35084142	         -9.96225912	          7.66567322	          5.30327067	          3.05942811	          1.60588122	         -2.74960156	         -3.54960966	         -1.10353161	          1.82223273	         -9.05315067	        -13.51622651	         13.79010928	          0.12556004	        -13.45855583	         18.85025219	         14.54537620	         53.61614020	         86.51662706	         86.51662706	          0.36885036	          0.30041954	          0.30514042	          0.43731990	          0.46706318	          0.45990104	          0.08246567	          0.07656434	          0.06198230	          0.05000364	          0.05000441	          0.05000118	          0.05000187	          0.05000969	          0.08713426	          0.08143483	          0.05001086	          0.05000642	          0.05000558	          0.18239516	          0.10622657	          0.07452560	          0.05000065	          0.05000068	          0.05000372	          0.05001444	          0.20408249	          0.05000100	          0.15019101	          0.18248945	          0.14165367	          0.26095712	          0.33013157	          0.26836753	          0.59806664	          0.05001132	          0.24385271	          0.05486304	          0.64480918	          0.44590647	          0.06770684	          0.41750596	          0.38479804	          0.07619686	          0.05000029	          0.05000044	          0.05000083	          0.05000076	          0.05000066	          0.05151057	          0.05000394	          0.05000255	          0.05001495	          0.05115095	          0.05000132	          0.21804759	          0.18733283	          0.12052395	          0.17469406	          0.05001223	          0.05000332	          0.05000057	          0.37142029	          0.26385036	          0.16420204	          0.05000193	          0.05000064	          0.05000039	          0.07938149	          0.08379026	          0.05927734	          0.07259099	          0.05000288	          0.06441013	          0.05000080	          0.05000082	          0.05000059	          0.05000015	          0.05000035	          0.05000005	          0.05000076	          0.05910381	          0.05000503	          0.32704909	          0.05000281	          0.05000121	          0.45240243	          0.36444580	          0.57021713	          0.11105301	          0.05389379	          0.05000052	
          1.91729403	         -2.79497667	          0.77953549	         -5.69921091	          2.57008897	          0.91979452	         -0.00483064	         12.15592783	          6.94414637	          3.05533263	         13.16150091	         -2.23622899	         -2.30018388	        -25.59183251	        -58.20247677	          9.56264577	          5.34244701	         -9.88420970	          7.07026703	          5.16841295	          3.08222209	          2.28679963	         -2.90790446	         -3.63530557	         -1.04845647	          1.75569022	         -8.43545672	        -13.51984002	         13.55966041	          0.22394826	        -13.45975179	         18.79261927	         14.72060534	         52.82262262	         86.51662706	         86.51662706	          0.36778531	          0.30237524	          0.29754609	          0.45201516	          0.46147485	          0.44245391	          0.06980329	          0.06480764	          0.05542440	          0.05000255	          0.05000461	          0.05000130	          0.05000213	          0.05001375	          0.07374687	          0.07709522	          0.05001155	          0.05000690	          0.05000512	          0.17793654	          0.10735340	          0.06779260	          0.05000073	          0.05000074	          0.05000317	          0.05001113	          0.19734418	          0.05000135	          0.13533131	          0.16030229	          0.12621649	          0.27304132	          0.34365201	          0.26826669	          0.59859708	          0.05000855	          0.24307190	          0.05000016	          0.64972802	          0.44741596	          0.05730394	          0.40295663	          0.35804601	          0.07570250	          0.05000031	          0.05000047	          0.05000079	          0.05000076	          0.05000068	          0.05000459	          0.05000391	          0.05000260	          0.05001123	          0.05000065	          0.05000091	          0.21512253	          0.19496828	          0.12247424	          0.16381732	          0.05000796	          0.05000279	          0.05000053	          0.35600996	          0.26375691	          0.13897127	          0.05000166	          0.05000058	          0.05000037	          0.08179074	          0.08642513	          0.06231095	          0.10419141	          0.05000328	          0.06053580	          0.05000115	          0.05000118	          0.05000087	          0.05000021	          0.05000045	          0.05000007	          0.05000048	          0.05002307	          0.05000262	          0.33194283	          0.05001450	          0.05000405	          0.50192087	          0.36309967	          0.56500208	          0.10944693	          0.05004697	          0.05000055	
          1.92818774	         -2.78638850	          0.65597236	         -5.37856442	          2.58272154	          0.92102649	         -0.00513833	         11.16199531	          6.93567268	          3.42553492	         14.95895213	         -2.03836088	         -2.59785480	        -25.34953755	        -58.27159991	          9.51522111	          6.30798645	         -9.79789927	          6.49524072	          5.01055137	          3.08222796	          3.03428740	         -2.99139560	         -3.72730959	         -1.00310764	          1.68361069	         -7.74685737	        -13.51957914	         13.36098990	          0.36721434	        -13.45983889	         18.75797530	         14.87796533	         51.85920375	         86.51662706	         86.51662706	          0.37089471	          0.30242985	          0.28473763	          0.45664522	          0.45458533	          0.42330925	          0.05908197	          0.05485564	          0.05001023	          0.05000282	          0.05000507	          0.05000137	          0.05000222	          0.05001379	          0.06241752	          0.07117829	          0.05007163	          0.05000712	          0.05000533	          0.16770102	          0.10352480	          0.06040724	          0.05000083	          0.05000085	          0.05000302	          0.05001005	          0.18046863	          0.05000166	          0.13602634	          0.15466075	          0.12514283	          0.28095689	          0.35182706	          0.26578184	          0.59838048	          0.05001161	          0.24359667	          0.05000019	          0.64755566	          0.44656844	          0.05002381	          0.39384081	          0.33363049	          0.07418204	          0.05000036	          0.05000046	          0.05000075	          0.05000075	          0.05000068	          0.05000545	          0.05000374	          0.05000254	          0.05000905	          0.05000069	          0.05000066	          0.21608485	          0.20939803	          0.12891178	          0.15157062	          0.05000640	          0.05000248	          0.05000051	          0.34238399	          0.26779301	          0.11761730	          0.05000145	          0.05000053	          0.05000036	          0.08754090	          0.09260437	          0.06764221	          0.13407515	          0.05000339	          0.05983591	          0.05000188	          0.05000200	          0.05000178	          0.05000021	          0.05000043	          0.05000007	          0.05000047	          0.05000202	          0.05000194	          0.34168516	          0.06514094	          0.05000395	          0.52365602	          0.36312553	          0.57153053	          0.10754381	          0.05000241	          0.05000056	
          1.93908146	         -2.77690998	          0.53729047	         -5.03627095	          2.59523939	          0.92206810	         -0.00543219	         10.26420374	          6.92311379	          3.76140737	         16.69972809	         -1.85062640	         -2.89472191	        -25.26202307	        -58.10279206	          9.45537830	          7.23215762	         -9.70499738	          5.94497305	          4.82460113	          3.06331679	          3.85016736	         -3.03636124	         -3.82274320	         -0.96619098	          1.60647638	         -6.99775973	        -13.51516016	         13.19366722	          0.55103298	        -13.45916079	         18.75044061	         15.03221023	         50.72731555	         86.51662706	         86.51662706	          0.37320077	          0.30020170	          0.27189999	          0.45904867	          0.44379558	          0.40335497	          0.05001080	          0.05000429	          0.05000246	          0.05000217	          0.05000543	          0.05000143	          0.05000224	          0.05001359	          0.05283163	          0.06125867	          0.07626110	          0.05000725	          0.05000455	          0.15889754	          0.09995513	          0.05332785	          0.05000100	          0.05000105	          0.05000288	          0.05001026	          0.15598235	          0.05000723	          0.14225575	          0.15744813	          0.13015424	          0.28653364	          0.35760783	          0.26270987	          0.59791076	          0.05001769	          0.24272181	          0.05000027	          0.63729762	          0.44402648	          0.05000259	          0.38236410	          0.31523997	          0.07195445	          0.05000039	          0.05000044	          0.05000072	          0.05000076	          0.05000070	          0.05000484	          0.05000365	          0.05000255	          0.05000655	          0.05000051	          0.05000046	          0.22635347	          0.21698520	          0.13726066	          0.14066808	          0.05000521	          0.05000220	          0.05000048	          0.32896757	          0.26566066	          0.09954451	          0.05000131	          0.05000050	          0.05000035	          0.09490385	          0.10172408	          0.07926587	          0.16076903	          0.05000347	          0.06125670	          0.05000440	          0.05000493	          0.05000458	          0.05000024	          0.05000049	          0.05000009	          0.05000048	          0.05000206	          0.05000175	          0.34874489	          0.07959863	          0.05000499	          0.53555249	          0.36329479	          0.56322464	          0.10568282	          0.05000154	          0.05000057	
          1.94997518	         -2.76663985	          0.42260347	         -4.67259784	          2.60767733	          0.92292154	         -0.00571162	          9.44497473	          6.90588255	          4.06328562	         18.37421903	         -1.67395780	         -3.18824127	        -25.30300725	        -57.69976666	          9.39033222	          8.09537778	         -9.60496598	          5.42175842	          4.61076984	          3.04342785	          4.73663803	         -3.06713608	         -3.91874262	         -0.93608486	          1.52471922	         -6.20074213	        -13.50687081	         13.05779524	          0.76875408	        -13.45825307	         18.77223248	         15.20274002	         49.43398001	         86.51662706	         86.51662706	          0.37582173	          0.29303393	          0.25580870	          0.43808700	          0.41976792	          0.38096222	          0.05000769	          0.05000433	          0.05000226	          0.05000257	          0.05000660	          0.05000158	          0.05000247	          0.05001434	          0.05001691	          0.05543955	          0.09548632	          0.05000793	          0.05000504	          0.14564603	          0.09301491	          0.05005281	          0.05000118	          0.05000124	          0.05000304	          0.05001075	          0.13204695	          0.06045034	          0.14978353	          0.16414851	          0.13773392	          0.29019430	          0.36155462	          0.25900679	          0.59686519	          0.05002174	          0.23928789	          0.05000027	          0.62361385	          0.44026318	          0.05183939	          0.37624528	          0.30208246	          0.06724043	          0.05000056	          0.05000042	          0.05000067	          0.05000074	          0.05000069	          0.05000438	          0.05000343	          0.05000245	          0.05000554	          0.05000047	          0.05000037	          0.19188114	          0.24429409	          0.15080387	          0.13195949	          0.05000431	          0.05000194	          0.05000044	          0.31319499	          0.27690133	          0.08424884	          0.05000116	          0.05000046	          0.05000033	          0.10596369	          0.11250168	          0.09155510	          0.18148893	          0.05000333	          0.06061974	          0.05000269	          0.05000283	          0.05000198	          0.05000021	          0.05000042	          0.05000007	          0.05000046	          0.05000193	          0.05000171	          0.35769531	          0.09338551	          0.05000513	          0.54550586	          0.36235652	          0.55247664	          0.10276028	          0.05000082	          0.05000068	
          1.96086889	         -2.75585828	          0.31175227	         -4.28746522	          2.62007286	          0.92359274	         -0.00597699	          8.68469545	          6.88325460	          4.33143906	         19.96728294	         -1.50807480	         -3.47376076	        -25.44127443	        -57.04997090	          9.32861449	          8.87917336	         -9.49473761	          4.92793616	          4.36011017	          3.02671804	          5.69323491	         -3.10522177	         -4.01259438	         -0.91181412	          1.43878533	         -5.36908868	        -13.49545926	         12.95606613	          1.01130687	        -13.45722626	         18.82231654	         15.41040408	         47.99058266	         86.51662706	         86.51662706	          0.37878082	          0.28297460	          0.23833196	          0.41001848	          0.39185729	          0.35979373	          0.05000775	          0.05000381	          0.05000241	          0.05000245	          0.05000813	          0.05000180	          0.05000275	          0.05001509	          0.05002225	          0.05049436	          0.10291723	          0.05000894	          0.05000509	          0.12706054	          0.08070703	          0.05001545	          0.05000150	          0.05000151	          0.05000312	          0.05001127	          0.11177201	          0.08356545	          0.15798742	          0.17285602	          0.14717631	          0.29030640	          0.35971363	          0.25371071	          0.59601193	          0.05001448	          0.23288769	          0.05000043	          0.61140182	          0.43732121	          0.05000366	          0.37390354	          0.29739282	          0.06073661	          0.05000073	          0.05000045	          0.05000064	          0.05000072	          0.05000068	          0.05000397	          0.05000320	          0.05000237	          0.05000448	          0.05000043	          0.05000031	          0.16240185	          0.26999565	          0.16289744	          0.13281945	          0.05000393	          0.05000179	          0.05000043	          0.29531666	          0.28258293	          0.07130363	          0.05000106	          0.05000044	          0.05000033	          0.11527042	          0.12174749	          0.11359365	          0.20478316	          0.05000353	          0.05829010	          0.05000246	          0.05000254	          0.05000157	          0.05000023	          0.05000047	          0.05000008	          0.05000050	          0.05000185	          0.05000170	          0.36237054	          0.10345214	          0.05000679	          0.53678722	          0.36159651	          0.53126780	          0.09741627	          0.05000078	          0.05000082	
          1.97176261	         -2.74506169	          0.20490267	         -3.88082834	          2.63246047	          0.92408640	         -0.00622794	          7.96204410	          6.85372581	          4.56570977	         21.46330965	         -1.35210371	         -3.74797347	        -25.64128611	        -56.13910881	          9.27649675	          9.56402189	         -9.37253411	          4.46594334	          4.07043171	          3.02009619	          6.71425762	         -3.16670204	         -4.10251605	         -0.89298857	          1.34917845	         -4.51576193	        -13.48240519	         12.89414072	          1.26841280	        -13.45604125	         18.89724807	         15.67622300	         46.41324463	         86.51662706	         86.51662706	          0.38305710	          0.27013468	          0.21816843	          0.37649817	          0.36418070	          0.33878540	          0.05000915	          0.05000414	          0.05000264	          0.05000356	          0.05001203	          0.05000206	          0.05000302	          0.05001584	          0.05002142	          0.05002746	          0.10339039	          0.05001011	          0.05000632	          0.10856742	          0.06843072	          0.05000891	          0.05000198	          0.05000196	          0.05000366	          0.05001289	          0.09460566	          0.10895847	          0.16252915	          0.18180267	          0.15714486	          0.29103605	          0.35915601	          0.24904563	          0.59528501	          0.05001063	          0.21184404	          0.05000068	          0.59646218	          0.43229022	          0.05000188	          0.37090900	          0.29674904	          0.05339932	          0.05000081	          0.05000049	          0.05000061	          0.05000071	          0.05000068	          0.05000372	          0.05000306	          0.05000231	          0.05000372	          0.05000041	          0.05000028	          0.13745521	          0.29669106	          0.17559033	          0.14098438	          0.05000375	          0.05000172	          0.05000043	          0.27739281	          0.28594354	          0.06034785	          0.05000099	          0.05000043	          0.05000033	          0.12551241	          0.13156817	          0.14416263	          0.22782942	          0.05000378	          0.05546404	          0.05000184	          0.05000187	          0.05000109	          0.05000028	          0.05000056	          0.05000010	          0.05000055	          0.05000170	          0.05000164	          0.36553785	          0.11214638	          0.05000871	          0.51408499	          0.36044447	          0.50173669	          0.09051535	          0.05000083	          0.05000085	
          1.98265632	         -2.73484860	          0.10176954	         -3.45295696	          2.64486932	          0.92440298	         -0.00646247	          7.25776349	          6.81476136	          4.76764144	         22.84992690	         -1.20458921	         -4.01084400	        -25.87134527	        -54.95972040	          9.23531692	         10.12996016	         -9.23969601	          4.03965114	          3.75200123	          3.02507966	          7.78846857	         -3.26454770	         -4.18763395	         -0.87912285	          1.25657570	         -3.65231245	        -13.46966361	         12.88068016	          1.52927321	        -13.45480708	         18.99162465	         16.01867855	         44.72248622	         86.51662706	         86.51662706	          0.38645909	          0.25693307	          0.19595894	          0.36146809	          0.33890692	          0.31644836	          0.05005720	          0.05001071	          0.05000477	          0.05000803	          0.05000976	          0.05000200	          0.05000323	          0.05001718	          0.05002543	          0.06286382	          0.10354060	          0.05000953	          0.05000864	          0.11041735	          0.07555572	          0.05003196	          0.05000151	          0.05000148	          0.05000336	          0.05001176	          0.08007524	          0.13781736	          0.14049948	          0.19259347	          0.16865851	          0.29310899	          0.36128023	          0.24587021	          0.59454716	          0.05000389	          0.18379273	          0.05000089	          0.58539985	          0.42717220	          0.06163783	          0.36813921	          0.30202866	          0.05000073	          0.05000083	          0.05000051	          0.05000062	          0.05000075	          0.05000074	          0.05000340	          0.05000296	          0.05000235	          0.05000325	          0.05000044	          0.05000027	          0.11760767	          0.31795326	          0.18659993	          0.15422912	          0.05000417	          0.05000182	          0.05000046	          0.25950287	          0.27230768	          0.05107643	          0.05000101	          0.05000046	          0.05000037	          0.13447856	          0.14065726	          0.18173150	          0.22237594	          0.05000376	          0.05050442	          0.05000132	          0.05000131	          0.05000075	          0.05000033	          0.05000066	          0.05000012	          0.05000066	          0.05000233	          0.05000212	          0.36628303	          0.11894477	          0.05038927	          0.48272268	          0.35771653	          0.46662407	          0.08453893	          0.05000151	          0.05000299	
          1.99355004	         -2.72569995	          0.00193871	         -3.00454861	          2.65732701	          0.92453917	         -0.00667596	          6.55713319	          6.76371699	          4.93893554	         24.11742749	         -1.06339206	         -4.26370502	        -26.10803260	        -53.51101601	          9.20649641	         10.56472534	         -9.09880242	          3.65142938	          3.41248311	          3.04133492	          8.90199029	         -3.40542734	         -4.26688968	         -0.87015164	          1.16123847	         -2.78898562	        -13.45954681	         12.92637653	          1.78285158	        -13.45308571	         19.09809371	         16.45109665	         42.94096900	         86.51662706	         86.51662706	          0.39142155	          0.24253441	          0.17308741	          0.32913706	          0.31800632	          0.29888705	          0.05914897	          0.05339021	          0.05001391	          0.05001944	          0.05001059	          0.05000198	          0.05000319	          0.05001764	          0.05002603	          0.07057762	          0.12856647	          0.05000934	          0.05001041	          0.10882234	          0.07745368	          0.05012525	          0.05000158	          0.05000155	          0.05000419	          0.05001317	          0.06777886	          0.16947125	          0.14517063	          0.20524851	          0.18076750	          0.29072824	          0.35520298	          0.23864700	          0.59268114	          0.05000210	          0.18634803	          0.05000046	          0.59200126	          0.42738476	          0.05907829	          0.37056231	          0.31554871	          0.05000054	          0.05000072	          0.05000057	          0.05000062	          0.05000078	          0.05000078	          0.05000331	          0.05000292	          0.05000234	          0.05000253	          0.05000046	          0.05000027	          0.10739898	          0.34215408	          0.19945654	          0.16282123	          0.05000458	          0.05000193	          0.05000050	          0.24039524	          0.26455487	          0.05000551	          0.05000103	          0.05000048	          0.05000040	          0.14467747	          0.15015836	          0.21785874	          0.22187778	          0.05000365	          0.05000287	          0.05000106	          0.05000104	          0.05000058	          0.05000040	          0.05000080	          0.05000016	          0.05000078	          0.05000409	          0.05000323	          0.36759194	          0.12183824	          0.05335547	          0.45098378	          0.35856707	          0.42548516	          0.07771991	          0.05848991	          0.05610836	
          2.00444376	         -2.71814824	         -0.09535556	         -2.53831724	          2.66985807	          0.92448876	         -0.00686690	          5.84066002	          6.69880909	          5.08203388	         25.26266568	         -0.92653346	         -4.50773830	        -26.31832480	        -51.80562417	          9.21115189	         10.87263773	         -8.95094632	          3.29924861	          3.02566080	          3.06592690	         10.03878552	         -3.59045489	         -4.34005171	         -0.86429371	          1.06345004	         -1.93576134	        -13.45302528	         13.03780571	          2.01877440	        -13.45118670	         19.20672137	         16.98354319	         41.09412723	         86.51662706	         86.51662706	          0.39847493	          0.23258700	          0.15234818	          0.32896373	          0.31809358	          0.29975866	          0.05007036	          0.05489427	          0.05005430	          0.05000248	          0.05000613	          0.05000227	          0.05000506	          0.05002513	          0.05004191	          0.07214173	          0.15284348	          0.05001040	          0.05000822	          0.09237652	          0.07367702	          0.05752978	          0.05000137	          0.05000139	          0.05000370	          0.05001130	          0.06135676	          0.20353376	          0.15785776	          0.21930538	          0.19361681	          0.28732209	          0.34691654	          0.22597435	          0.59536956	          0.05000473	          0.21422140	          0.05000021	          0.59275317	          0.42403338	          0.05000073	          0.37330521	          0.30926177	          0.05000048	          0.05000077	          0.05000060	          0.05000065	          0.05000082	          0.05000082	          0.05000335	          0.05000295	          0.05000237	          0.05000173	          0.05000049	          0.05000028	          0.10724448	          0.36581500	          0.20754856	          0.14150638	          0.05000552	          0.05000215	          0.05000055	          0.22510634	          0.24959655	          0.05000811	          0.05000107	          0.05000052	          0.05000045	          0.15644716	          0.16053830	          0.22516851	          0.22127845	          0.05000359	          0.05000174	          0.05000088	          0.05000085	          0.05000047	          0.05000051	          0.05000096	          0.05000019	          0.05000075	          0.05000332	          0.05000291	          0.37116874	          0.12723448	          0.05805833	          0.41644325	          0.36560752	          0.37816519	          0.06982072	          0.07162755	          0.06626448	
          2.01533747	         -2.71283211	         -0.19165980	         -2.05769043	          2.68248263	          0.92424019	         -0.00703588	          5.08302889	          6.61423904	          5.19823743	         26.29126346	         -0.79335224	         -4.74222734	        -26.46036922	        -49.87417758	          9.25480571	         11.07058198	         -8.79614662	          2.97930244	          2.63703718	          3.10137822	         11.13795386	         -3.81309120	         -4.40808581	         -0.85796890	          0.96329361	         -1.10175740	        -13.44986567	         13.21253085	          2.22662175	        -13.45005861	         19.30298381	         17.62311734	         39.21119546	         86.51662706	         86.51662706	          0.40208888	          0.23109068	          0.14502016	          0.39925557	          0.35702824	          0.30806633	          0.07875091	          0.06543740	          0.05463861	          0.05098542	          0.05001202	          0.05000156	          0.05000248	          0.05001369	          0.05002119	          0.06833098	          0.17942745	          0.05000775	          0.05000802	          0.10444648	          0.06823112	          0.05001198	          0.05000152	          0.05000150	          0.05000310	          0.05001273	          0.06296014	          0.23931291	          0.16929877	          0.23148275	          0.20412501	          0.30346041	          0.37180072	          0.23733280	          0.60189271	          0.05008160	          0.22270860	          0.05881002	          0.50167407	          0.40059554	          0.34706889	          0.35846817	          0.30157746	          0.05000048	          0.05000104	          0.05000075	          0.05000074	          0.05000096	          0.05000100	          0.05000379	          0.05000349	          0.05000303	          0.05000107	          0.05000049	          0.05000028	          0.11874616	          0.39474427	          0.19633249	          0.11976830	          0.05000355	          0.05000183	          0.05000054	          0.20964004	          0.21131984	          0.05000579	          0.05000116	          0.05000057	          0.05000046	          0.16626898	          0.16912315	          0.21718933	          0.24344716	          0.05000685	          0.05000133	          0.05000077	          0.05000074	          0.05000041	          0.05000141	          0.05000186	          0.05000045	          0.05000079	          0.05000329	          0.05000281	          0.37266760	          0.12661185	          0.06197156	          0.38146587	          0.37387295	          0.33849463	          0.06070465	          0.07549745	          0.07260080	
          2.02623119	         -2.71021876	         -0.29072543	         -1.56461744	          2.69521728	          0.92378036	         -0.00717740	          4.26648937	          6.49754292	          5.28853344	         27.21455146	         -0.66180802	         -4.96816137	        -26.50397635	        -47.76100474	          9.26481899	         11.17838550	         -8.65231040	          2.69130360	          2.43281327	          3.15654650	         12.09135513	         -4.05781409	         -4.47208694	         -0.84670631	          0.86038269	         -0.29369304	        -13.45000213	         13.44031449	          2.39582770	        -13.44971999	         19.36878738	         18.37188359	         37.32149010	         86.51662706	         86.51662706	          0.39722231	          0.20000267	          0.12273978	          0.36261856	          0.31993797	          0.27910885	          0.09138620	          0.07259389	          0.05666016	          0.06037379	          0.05000767	          0.05000183	          0.05000361	          0.05001974	          0.05003530	          0.08356541	          0.20686264	          0.05000821	          0.05001839	          0.08847274	          0.06983216	          0.06449206	          0.05000114	          0.05000113	          0.05000310	          0.05000982	          0.05329480	          0.27597477	          0.17945974	          0.24033849	          0.21113984	          0.31847772	          0.39365626	          0.24120487	          0.59997661	          0.05000409	          0.22124671	          0.05000044	          0.42494752	          0.39847376	          0.29373874	          0.34553327	          0.25525926	          0.05000039	          0.05000087	          0.05000067	          0.05000072	          0.05000099	          0.05000103	          0.05000351	          0.05000326	          0.05000272	          0.05000079	          0.05000057	          0.05000031	          0.11945512	          0.40138186	          0.21388373	          0.14345636	          0.05000607	          0.05000243	          0.05000065	          0.19209672	          0.20515817	          0.05000804	          0.05000124	          0.05000063	          0.05000056	          0.17786830	          0.17855806	          0.25950301	          0.21625747	          0.05000420	          0.05000096	          0.05000071	          0.05000067	          0.05000037	          0.05000070	          0.05000139	          0.05000032	          0.05000146	          0.05000628	          0.05000533	          0.37329107	          0.11935244	          0.06583791	          0.35242533	          0.38738022	          0.30690084	          0.05882984	          0.09320121	          0.08042716	
          2.03712490	         -2.71063899	         -0.39178918	         -1.06367880	          2.70807532	          0.92311332	         -0.00729417	          3.38765846	          6.34880509	          5.35867483	         28.04300998	         -0.53008582	         -5.18409746	        -26.44356681	        -45.50624020	          9.25628309	         11.22335676	         -8.49802179	          2.42747829	          2.36379414	          3.22115909	         12.88576342	         -4.31038669	         -4.53304960	         -0.82847078	          0.75507402	          0.48248638	        -13.45140035	         13.70808997	          2.51952077	        -13.45030989	         19.38764435	         19.22774090	         35.44779013	         86.51662706	         86.51662706	          0.39353745	          0.19159778	          0.11048400	          0.37636196	          0.33021012	          0.27650856	          0.07736920	          0.07064308	          0.05710328	          0.05110143	          0.05000776	          0.05000144	          0.05000270	          0.05001524	          0.05002691	          0.08853153	          0.23614973	          0.05000688	          0.05000771	          0.10247123	          0.07551916	          0.05587636	          0.05000109	          0.05000106	          0.05000306	          0.05001114	          0.05004468	          0.31239264	          0.18524461	          0.24304493	          0.21228052	          0.32995498	          0.41082633	          0.24380896	          0.60177817	          0.05001463	          0.24089434	          0.05003563	          0.43300865	          0.39830857	          0.24860677	          0.31001790	          0.24591530	          0.05000044	          0.05000083	          0.05000081	          0.05000075	          0.05000104	          0.05000113	          0.05000334	          0.05000321	          0.05000290	          0.05000062	          0.05000062	          0.05000034	          0.12176724	          0.39353851	          0.21575484	          0.15714348	          0.05000686	          0.05000261	          0.05000071	          0.17682756	          0.19228924	          0.05000848	          0.05000132	          0.05000069	          0.05000062	          0.18610006	          0.18467361	          0.28563087	          0.20391796	          0.05000483	          0.05000079	          0.05000067	          0.05000062	          0.05000034	          0.05000095	          0.05000179	          0.05000043	          0.05000165	          0.05000666	          0.05000579	          0.37730137	          0.11695144	          0.07226285	          0.31999826	          0.40109693	          0.27673062	          0.05543185	          0.10474556	          0.08485704	
          2.04801862	         -2.71434761	         -0.49428996	         -0.55926539	          2.72107505	          0.92225748	         -0.00738754	          2.44429137	          6.16912828	          5.40806213	         28.78485340	         -0.39603475	         -5.38919668	        -26.27628426	        -43.14719184	          9.24401266	         11.22722758	         -8.32876259	          2.18331321	          2.38977692	          3.28435677	         13.53748157	         -4.55946373	         -4.59117143	         -0.80143904	          0.64723025	          1.22064585	        -13.45261222	         14.00599163	          2.59163083	        -13.45115886	         19.34344530	         20.18626003	         33.60877628	         86.51662706	         86.51662706	          0.39236623	          0.18940594	          0.10559808	          0.41822787	          0.36027196	          0.28408352	          0.06550087	          0.06174304	          0.05275775	          0.05000288	          0.05000586	          0.05000126	          0.05000260	          0.05001441	          0.05002845	          0.09534084	          0.26757124	          0.05000608	          0.05000533	          0.09740615	          0.07512524	          0.06416855	          0.05000093	          0.05000090	          0.05000251	          0.05000938	          0.05013327	          0.34855476	          0.18928304	          0.24129065	          0.20891766	          0.34376778	          0.43110579	          0.24683507	          0.60172674	          0.06925653	          0.25978961	          0.05988004	          0.42479145	          0.40348823	          0.21040696	          0.26238243	          0.23867108	          0.05000042	          0.05000093	          0.05000085	          0.05000082	          0.05000114	          0.05000121	          0.05000388	          0.05000360	          0.05000315	          0.05000052	          0.05000068	          0.05000037	          0.12818316	          0.37512410	          0.21351847	          0.15390947	          0.05000731	          0.05000283	          0.05000078	          0.16025687	          0.17509027	          0.05000920	          0.05000141	          0.05000075	          0.05000069	          0.19247355	          0.18904826	          0.29014331	          0.20703595	          0.05000601	          0.05000071	          0.05000065	          0.05000060	          0.05000032	          0.05000133	          0.05000233	          0.05000059	          0.05000190	          0.05000722	          0.05000629	          0.38250767	          0.11621469	          0.07769557	          0.28891125	          0.41523096	          0.24888811	          0.05195733	          0.11382291	          0.08887364	
          2.05891234	         -2.72143042	         -0.59856745	         -0.05459216	          2.73423796	          0.92123552	         -0.00745700	          1.43596048	          5.95818592	          5.43330670	         29.44887591	         -0.25829874	         -5.58279503	        -26.00149562	        -40.72421354	          9.22389879	         11.20288070	         -8.14134092	          1.95507198	          2.48888134	          3.34908025	         14.06457501	         -4.79542878	         -4.64605662	         -0.76378339	          0.53649952	          1.91499945	        -13.45320849	         14.32701374	          2.60534899	        -13.45155010	         19.21883201	         21.24188029	         31.82334669	         86.51662706	         86.51662706	          0.38745566	          0.18232108	          0.09393573	          0.46362980	          0.37810963	          0.27148071	          0.05624113	          0.05640730	          0.05053433	          0.05000298	          0.05000536	          0.05000103	          0.05000205	          0.05001167	          0.05002481	          0.10749024	          0.29797738	          0.05000491	          0.05000452	          0.10893120	          0.08496549	          0.07272528	          0.05000077	          0.05000074	          0.05000218	          0.05000800	          0.05001986	          0.38361868	          0.19213232	          0.23575851	          0.20166709	          0.36331226	          0.46174456	          0.25170689	          0.60084652	          0.14229988	          0.28448637	          0.05068200	          0.35953703	          0.40476662	          0.17807731	          0.22206466	          0.20201097	          0.05000040	          0.05000081	          0.05000085	          0.05000087	          0.05000124	          0.05000136	          0.05000377	          0.05000364	          0.05000331	          0.05000048	          0.05000078	          0.05000041	          0.13001358	          0.36215886	          0.21300963	          0.16073012	          0.05000962	          0.05000329	          0.05000089	          0.14450396	          0.15805497	          0.05001065	          0.05000156	          0.05000085	          0.05000080	          0.19726215	          0.19169873	          0.29975438	          0.18752363	          0.05000593	          0.05000065	          0.05000064	          0.05000059	          0.05000032	          0.05000114	          0.05000230	          0.05000054	          0.05000297	          0.05001002	          0.05000922	          0.38840828	          0.11442637	          0.08355716	          0.25808062	          0.43060941	          0.22438329	          0.05148790	          0.12325361	          0.09309345	
          2.06980605	         -2.73182224	         -0.70460407	          0.44720359	          2.74758777	          0.92007759	         -0.00750269	          0.36682944	          5.71602597	          5.43372741	         30.04211834	         -0.11540370	         -5.76351498	        -25.62597583	        -38.27234091	          9.18135406	         11.16051392	         -7.92632383	          1.73776786	          2.64209023	          3.41706808	         14.50001200	         -5.01020749	         -4.69677581	         -0.71390570	          0.42293062	          2.55985596	        -13.45273724	         14.66483361	          2.55408485	        -13.45097822	         18.99670683	         22.38783573	         30.10935380	         86.51662706	         86.51662706	          0.38161237	          0.17669011	          0.08806277	          0.50367912	          0.39578969	          0.25890366	          0.05005336	          0.05004226	          0.05002260	          0.05000176	          0.05000454	          0.05000087	          0.05000181	          0.05000989	          0.05002306	          0.11384113	          0.32922087	          0.05000423	          0.05000339	          0.11447560	          0.09214808	          0.07722598	          0.05000070	          0.05000067	          0.05000186	          0.05000702	          0.05001189	          0.41702297	          0.19421942	          0.22783010	          0.19169810	          0.38196256	          0.49080994	          0.25516800	          0.59888851	          0.16946696	          0.30957933	          0.05207198	          0.34482943	          0.41518196	          0.15071429	          0.18794201	          0.19540053	          0.05000040	          0.05000077	          0.05000086	          0.05000094	          0.05000134	          0.05000148	          0.05000399	          0.05000384	          0.05000349	          0.05000050	          0.05000090	          0.05000048	          0.12499418	          0.35288969	          0.21160506	          0.16489318	          0.05001368	          0.05000401	          0.05000108	          0.12775630	          0.14037355	          0.05001242	          0.05000170	          0.05000095	          0.05000095	          0.19980663	          0.19198389	          0.30432349	          0.16895339	          0.05000580	          0.05000059	          0.05000064	          0.05000059	          0.05000032	          0.05000086	          0.05000185	          0.05000044	          0.05000279	          0.05001032	          0.05000959	          0.39634480	          0.11565640	          0.09033294	          0.22236796	          0.44648717	          0.20275673	          0.05080284	          0.13211297	          0.09681662	
          2.08069977	         -2.74536856	         -0.81167397	          0.94303874	          2.76114969	          0.91881462	         -0.00752513	         -0.75751035	          5.44344875	          5.40577560	         30.56827292	          0.03370283	         -5.92974121	        -25.15986008	        -35.81619220	          9.10789427	         11.10595921	         -7.67321915	          1.52742382	          2.82701448	          3.48478654	         14.88256021	         -5.19713005	         -4.74217930	         -0.65106237	          0.30634247	          3.14896409	        -13.45130073	         15.01379843	          2.43168113	        -13.44981814	         18.66355650	         23.61760424	         28.48557019	         86.51662706	         86.51662706	          0.37203965	          0.16717446	          0.07454838	          0.52152923	          0.40251994	          0.25904334	          0.05001498	          0.05000280	          0.05000296	          0.05000089	          0.05000338	          0.05000083	          0.05000192	          0.05000979	          0.05002702	          0.11300654	          0.36114027	          0.05000396	          0.05000243	          0.09871578	          0.08835013	          0.08853982	          0.05000062	          0.05000061	          0.05000161	          0.05000649	          0.05001841	          0.44872365	          0.19988515	          0.22317566	          0.18457418	          0.39867557	          0.51668674	          0.25686321	          0.59573731	          0.20706971	          0.34171510	          0.06196885	          0.30555293	          0.43279710	          0.12755547	          0.15906261	          0.20465534	          0.05000037	          0.05000072	          0.05000102	          0.05000105	          0.05000158	          0.05000176	          0.05000451	          0.05000432	          0.05000388	          0.05000053	          0.05000112	          0.05000056	          0.11179311	          0.34410132	          0.20819732	          0.17385485	          0.05002767	          0.05000532	          0.05000128	          0.11489301	          0.12162722	          0.05001727	          0.05000203	          0.05000116	          0.05000120	          0.20176510	          0.19135330	          0.30655684	          0.15872929	          0.05000607	          0.05000058	          0.05000065	          0.05000060	          0.05000032	          0.05000533	          0.05000730	          0.05000155	          0.05000265	          0.05000645	          0.05000684	          0.40550666	          0.11827659	          0.09602880	          0.18821160	          0.46127867	          0.18756542	          0.05000171	          0.14159932	          0.09976317	
          2.09159348	         -2.76183264	         -0.91825342	          1.42946893	          2.77495340	          0.91747353	         -0.00752560	         -1.93612409	          5.14295153	          5.34569160	         31.02666416	          0.18969607	         -6.08021356	        -24.60407038	        -33.36970319	          9.00909655	         11.04476068	         -7.36202350	          1.32090811	          2.96731585	          3.55449811	         15.28437528	         -5.34946728	         -4.78056183	         -0.57541191	          0.18657760	          3.67454394	        -13.44983843	         15.36957550	          2.23181135	        -13.45058246	         18.21494761	         24.92640626	         26.97358101	         86.51662706	         86.51662706	          0.36531662	          0.15636772	          0.06310381	          0.54573204	          0.41140494	          0.22439548	          0.05001582	          0.05000263	          0.05000260	          0.05000089	          0.05000358	          0.05000078	          0.05000176	          0.05000835	          0.05002343	          0.10381873	          0.39026114	          0.05000373	          0.05000234	          0.08974182	          0.08121105	          0.07496542	          0.05000061	          0.05000058	          0.05000144	          0.05000588	          0.05002002	          0.47757508	          0.19857508	          0.21466251	          0.17512839	          0.41903027	          0.55032471	          0.25807908	          0.59355556	          0.28500226	          0.38462282	          0.05589903	          0.25860149	          0.42875067	          0.10795543	          0.13462083	          0.17322265	          0.05000035	          0.05000065	          0.05000083	          0.05000105	          0.05000156	          0.05000174	          0.05000442	          0.05000426	          0.05000386	          0.05000064	          0.05000138	          0.05000067	          0.10209638	          0.29126094	          0.20666490	          0.17501009	          0.05002856	          0.05000537	          0.05000132	          0.09956368	          0.12042164	          0.05002964	          0.05000200	          0.05000115	          0.05000122	          0.20154610	          0.18795105	          0.30530033	          0.15589525	          0.05000616	          0.05000056	          0.05000062	          0.05000056	          0.05000031	          0.05068916	          0.05001596	          0.05000158	          0.05000261	          0.05000795	          0.05000755	          0.41604580	          0.12077399	          0.10146179	          0.15932875	          0.47777307	          0.17866347	          0.05033855	          0.14607984	          0.10394772	
          2.10248720	         -2.78087766	         -1.02358688	          1.90428885	          2.78903155	          0.91608237	         -0.00750427	         -3.16597779	          4.81487994	          5.25080809	         31.41251282	          0.35464562	         -6.21267672	        -23.96304627	        -30.94193262	          8.86931423	         10.98105817	         -6.97558368	          1.11467327	          3.02347422	          3.62940661	         15.76627949	         -5.46069704	         -4.80958733	         -0.48690039	          0.06355063	          4.12941488	        -13.45035671	         15.73379174	          1.94750744	        -13.45742063	         17.65841941	         26.30873598	         25.59656281	         86.51662706	         86.51662706	          0.35438216	          0.13236924	          0.06130890	          0.58793258	          0.42024819	          0.18991926	          0.05001466	          0.05000229	          0.05000231	          0.05000086	          0.05000387	          0.05000066	          0.05000137	          0.05000615	          0.05001724	          0.08787245	          0.41695203	          0.05000319	          0.05000206	          0.08247071	          0.07533534	          0.06345886	          0.05000060	          0.05000057	          0.05000128	          0.05000554	          0.05001259	          0.50307734	          0.19009859	          0.20144110	          0.16248892	          0.43771132	          0.58114599	          0.25663558	          0.58853711	          0.33111314	          0.42240818	          0.05000128	          0.21886456	          0.43247689	          0.09136725	          0.11393484	          0.16391876	          0.05000032	          0.05000064	          0.05000081	          0.05000115	          0.05000168	          0.05000190	          0.05000452	          0.05000441	          0.05000420	          0.05000079	          0.05000180	          0.05000086	          0.08640938	          0.24650854	          0.19862086	          0.18180654	          0.05003823	          0.05000641	          0.05000153	          0.08520090	          0.10583717	          0.05173874	          0.05000219	          0.05000128	          0.05000141	          0.19543266	          0.17992940	          0.30292302	          0.13985935	          0.05000779	          0.05000055	          0.05000062	          0.05000057	          0.05000032	          0.05046004	          0.05001743	          0.05000155	          0.05000284	          0.05001583	          0.05001024	          0.42731187	          0.12118302	          0.10692758	          0.14003266	          0.49469089	          0.17778276	          0.05178481	          0.14738512	          0.10625446	
          2.11338092	         -2.80198188	         -1.12685478	          2.36640388	          2.80341758	          0.91466685	         -0.00746017	         -4.43941317	          4.45884515	          5.11662529	         31.71954744	          0.53014834	         -6.32530003	        -23.25172381	        -28.54879978	          8.66515048	         10.92069146	         -6.49956860	          0.90658158	          3.00085844	          3.70722044	         16.35195425	         -5.52933642	         -4.82637896	         -0.38633250	         -0.06274255	          4.50770534	        -13.45655534	         16.11667563	          1.57193584	        -13.47413401	         17.00919611	         27.75808037	         24.37569503	         86.51662706	         86.51662706	          0.34524916	          0.11203141	          0.05219154	          0.61971203	          0.41161510	          0.16073778	          0.05001352	          0.05000211	          0.05000193	          0.05000086	          0.05000426	          0.05000063	          0.05000125	          0.05000508	          0.05001483	          0.07437208	          0.44193006	          0.05000301	          0.05000196	          0.06981783	          0.06377340	          0.05372111	          0.05000065	          0.05000067	          0.05000122	          0.05000480	          0.05000495	          0.52511719	          0.17454769	          0.18310880	          0.14609354	          0.45584553	          0.61213006	          0.25257457	          0.58067257	          0.37575421	          0.45813136	          0.05000027	          0.18523356	          0.43121582	          0.07732793	          0.09642749	          0.15989706	          0.05000029	          0.05000055	          0.05000071	          0.05000132	          0.05000205	          0.05000248	          0.05000483	          0.05000487	          0.05000476	          0.05000076	          0.05000190	          0.05000086	          0.07313205	          0.20863094	          0.18801811	          0.18147922	          0.07737550	          0.05001232	          0.05000204	          0.07213029	          0.08963084	          0.05003659	          0.05000289	          0.05000176	          0.05000222	          0.18352289	          0.16928923	          0.29800502	          0.11842314	          0.05000700	          0.05000062	          0.05000074	          0.05000067	          0.05000037	          0.05000099	          0.05000229	          0.05000050	          0.05000403	          0.05713960	          0.05002868	          0.43879536	          0.12140438	          0.11192847	          0.13802312	          0.51241750	          0.18784762	          0.05392970	          0.14530594	          0.10613274	
          2.12427463	         -2.82436919	         -1.22667327	          2.81535235	          2.81814361	          0.91324397	         -0.00739193	         -5.74717413	          4.07562759	          4.94027894	         31.94492047	          0.71628480	         -6.41668044	        -22.48856453	        -26.22743548	          8.38815375	         10.87535440	         -5.91296936	          0.69300726	          2.87249377	          3.78082771	         17.07284180	         -5.55982967	         -4.82771914	         -0.27579916	         -0.19214195	          4.80514974	        -13.47356167	         16.53507908	          1.09949813	        -13.50134187	         16.27750704	         29.26658231	         23.32519412	         86.51662706	         86.51662706	          0.34267387	          0.09481739	          0.05000881	          0.68294386	          0.40805351	          0.13603975	          0.05000876	          0.05000140	          0.05000147	          0.05000079	          0.05000641	          0.05000067	          0.05000129	          0.05000408	          0.05001178	          0.06294549	          0.46345447	          0.05000347	          0.05000180	          0.05909799	          0.05397962	          0.05000762	          0.05000101	          0.05000067	          0.05000106	          0.05000492	          0.05000828	          0.54377453	          0.15992148	          0.16612600	          0.13155629	          0.46861765	          0.63439912	          0.24485968	          0.57054555	          0.42222199	          0.49575415	          0.05000267	          0.15677026	          0.43334863	          0.06544572	          0.08161032	          0.16074889	          0.05000037	          0.05000063	          0.05000069	          0.05000167	          0.05000241	          0.05000265	          0.05000662	          0.05000618	          0.05000568	          0.05000058	          0.05000222	          0.05000120	          0.06189486	          0.17657332	          0.17286150	          0.15501076	          0.10823975	          0.05001611	          0.05000624	          0.06105380	          0.07590362	          0.05002935	          0.05000320	          0.05000198	          0.05000241	          0.16807180	          0.15663607	          0.28194816	          0.10068017	          0.05001095	          0.05000062	          0.05000082	          0.05000074	          0.05000042	          0.05000022	          0.05000050	          0.05000012	          0.05000303	          0.05674379	          0.05006069	          0.45169792	          0.12444919	          0.11740563	          0.14549937	          0.52922832	          0.19514393	          0.05757020	          0.13857884	          0.10400188	
          2.13516835	         -2.84703375	         -1.32179531	          3.25203811	          2.83324336	          0.91182309	         -0.00729858	         -7.08434599	          3.66534122	          4.71539748	         32.09022544	          0.91126018	         -6.48511701	        -21.68311054	        -24.03285178	          8.02452871	         10.86138467	         -5.20130233	          0.46976450	          2.61771588	          3.83744540	         17.96370689	         -5.55584423	         -4.80946195	         -0.15790808	         -0.32449141	          5.01979867	        -13.50677462	         17.01111716	          0.52593836	        -13.53324749	         15.45083174	         30.82171329	         22.44705831	         86.51662706	         86.51662706	          0.33630340	          0.08024803	          0.05000148	          0.76087206	          0.34535673	          0.11513627	          0.05000966	          0.05000130	          0.05000110	          0.05000103	          0.05001022	          0.05000085	          0.05000138	          0.05000379	          0.05001098	          0.05327557	          0.48126539	          0.05000416	          0.05000197	          0.05003531	          0.05001011	          0.05000624	          0.05000179	          0.09563344	          0.05000080	          0.05000295	          0.05000224	          0.55928210	          0.14660381	          0.15219595	          0.11951761	          0.48194586	          0.65880636	          0.23633220	          0.55358015	          0.45544085	          0.51775767	          0.05000051	          0.13268073	          0.39574897	          0.05538956	          0.06907003	          0.13605124	          0.05000036	          0.05000049	          0.05000055	          0.05000198	          0.05000333	          0.05000420	          0.05000699	          0.05000706	          0.05000693	          0.09090312	          0.05000140	          0.05000064	          0.05238439	          0.14944149	          0.15040021	          0.15092737	          0.11893786	          0.05007225	          0.06552231	          0.05660753	          0.06427712	          0.05000784	          0.05000511	          0.05000345	          0.05003655	          0.15687743	          0.14822471	          0.27994147	          0.09587601	          0.05001148	          0.05000112	          0.05000156	          0.05000137	          0.05000070	          0.05000073	          0.05000172	          0.05000123	          0.05000229	          0.05000910	          0.05000752	          0.46172067	          0.13439954	          0.12245110	          0.12314289	          0.53685565	          0.20143076	          0.06164685	          0.12765438	          0.09825655	
          2.14606206	         -2.86877408	         -1.41229413	          3.67840513	          2.84874248	          0.91040467	         -0.00717609	         -8.43781651	          3.22730835	          4.43990700	         32.16590943	          1.11417673	         -6.52960799	        -20.86031975	        -22.04564789	          7.56447166	         10.88564171	         -4.34978815	          0.23590893	          2.22245926	          3.88752480	         19.04261901	         -5.50727514	         -4.76755445	         -0.03476993	         -0.45929409	          5.15406087	        -13.56147739	         17.57201447	         -0.14883784	        -13.55430543	         14.47376789	         32.40444762	         21.72610144	         86.51662706	         86.51662706	          0.32673759	          0.06791751	          0.05000065	          0.78930643	          0.29229068	          0.09744481	          0.05000894	          0.05000119	          0.05000095	          0.05000119	          0.05001581	          0.05000150	          0.05000191	          0.05000391	          0.05001112	          0.05000662	          0.49354506	          0.05000718	          0.05000201	          0.05001095	          0.05000626	          0.05000411	          0.06067983	          0.18371098	          0.05000055	          0.05000191	          0.05000144	          0.57145593	          0.14328852	          0.14839230	          0.11637218	          0.48871623	          0.67245055	          0.22419399	          0.53270192	          0.49511240	          0.53651278	          0.05000017	          0.11229289	          0.36504529	          0.05000503	          0.05845690	          0.11514685	          0.05000048	          0.05000039	          0.05000049	          0.05000209	          0.05000341	          0.05000453	          0.05000686	          0.05000702	          0.05000774	          0.16781463	          0.05000119	          0.05000114	          0.05000100	          0.12647882	          0.12871114	          0.13779077	          0.10866970	          0.05011168	          0.08905362	          0.05442074	          0.05448838	          0.05000595	          0.05000535	          0.05000375	          0.07768444	          0.14742394	          0.13990926	          0.26991501	          0.08910473	          0.05003184	          0.05000182	          0.05000309	          0.05000260	          0.05000115	          0.05082637	          0.05000517	          0.05362228	          0.05000181	          0.05000675	          0.05000684	          0.47239196	          0.13885792	          0.13008658	          0.10422126	          0.55121062	          0.21416810	          0.06786919	          0.11550318	          0.09258073	
          2.15695578	         -2.88836860	         -1.49814614	          4.09738282	          2.86465639	          0.90898407	         -0.00702033	         -9.78627339	          2.76137693	          4.11361157	         32.18538465	          1.32379018	         -6.54920637	        -20.05812579	        -20.35426406	          6.99827430	         10.91646070	         -3.34895618	         -0.00687932	          1.67443829	          3.94423669	         20.33595382	         -5.39665283	         -4.69856045	          0.09117892	         -0.59538970	          5.21617487	        -13.64245989	         18.25454997	         -0.91954634	        -13.53561313	         13.22022532	         33.98678420	         21.12661543	         86.51662706	         86.51662706	          0.31068340	          0.06222294	          0.05000220	          0.78607856	          0.24737810	          0.08247213	          0.05000981	          0.05000119	          0.05000110	          0.05000118	          0.05005331	          0.05000096	          0.05000140	          0.05000312	          0.05000967	          0.05000634	          0.50199422	          0.05000491	          0.05000212	          0.05003193	          0.05001538	          0.05000754	          0.13395636	          0.28227098	          0.05000092	          0.05000400	          0.05000454	          0.58178600	          0.15895782	          0.16179061	          0.12905953	          0.48808687	          0.67444718	          0.20921940	          0.50709271	          0.53216731	          0.54754649	          0.05000022	          0.09503785	          0.32939696	          0.05000157	          0.05000102	          0.09745381	          0.05000049	          0.05000054	          0.05000051	          0.05000308	          0.05000667	          0.05001040	          0.05001062	          0.05001137	          0.05001163	          0.22853530	          0.05000223	          0.09672430	          0.05000189	          0.10704469	          0.11380863	          0.12755348	          0.11855480	          0.06190936	          0.11030313	          0.06143799	          0.05009409	          0.05001012	          0.05001276	          0.05001020	          0.10658562	          0.12694182	          0.13368952	          0.25435720	          0.07544102	          0.05001948	          0.05000982	          0.05001094	          0.05000819	          0.05000289	          0.07073778	          0.05000303	          0.05149998	          0.05000364	          0.05004009	          0.05002106	          0.48072257	          0.14307005	          0.13190101	          0.08820737	          0.56535400	          0.24971865	          0.06867165	          0.09893194	          0.09255305	
          2.16784950	         -2.90479496	         -1.58132583	          4.51053422	          2.88098779	          0.90755311	         -0.00682290	        -11.10307347	          2.26759120	          3.74437089	         32.16494938	          1.54279121	         -6.54403178	        -19.32109179	        -19.06152245	          6.30912945	         10.91811997	         -2.21170656	         -0.25900947	          0.97183139	          4.00999292	         21.87459891	         -5.21255421	         -4.60070524	          0.21709644	         -0.73222499	          5.20959082	        -13.69043686	         18.81674439	         -1.76767100	        -13.49148901	         11.93439370	         35.49425291	         20.59799353	         86.51662706	         86.51662706	          0.30147596	          0.05907813	          0.05000361	          0.68458863	          0.20936601	          0.06979995	          0.05000645	          0.05000072	          0.05000072	          0.05000065	          0.05002609	          0.05000031	          0.05000060	          0.05000146	          0.05000499	          0.05000358	          0.50267827	          0.05000183	          0.05000123	          0.05005408	          0.05002223	          0.05000725	          0.21691155	          0.39450723	          0.05000071	          0.05000310	          0.05000227	          0.59018434	          0.18292373	          0.18288700	          0.14899845	          0.48454360	          0.67224065	          0.19796148	          0.46810895	          0.54434428	          0.52348117	          0.05000015	          0.08043440	          0.29154551	          0.05000045	          0.05000042	          0.08247908	          0.05000026	          0.05000049	          0.05000035	          0.05000341	          0.05000624	          0.05002094	          0.05000476	          0.05000623	          0.05001006	          0.27961299	          0.05000448	          0.13347785	          0.05000181	          0.09059719	          0.09637126	          0.13176620	          0.13015780	          0.07083676	          0.13801123	          0.05907852	          0.05007053	          0.05002665	          0.05003842	          0.05265194	          0.13805035	          0.10743688	          0.11314750	          0.23354264	          0.06386593	          0.05000546	          0.05000423	          0.05000554	          0.05000444	          0.05000222	          0.08797812	          0.05000439	          0.05092807	          0.05000126	          0.05001266	          0.05000656	          0.49556362	          0.14938652	          0.14141153	          0.07465378	          0.58332760	          0.29841819	          0.06520577	          0.08911920	          0.09589949	
