This is Ipopt version 3.12.3, running with linear solver mumps.
NOTE: Other linear solvers might be more efficient (see Ipopt documentation).

Number of nonzeros in equality constraint Jacobian...:   711662
Number of nonzeros in inequality constraint Jacobian.:    65550
Number of nonzeros in Lagrangian Hessian.............:        0

Total number of variables............................:    75608
                     variables with only lower bounds:        0
                variables with lower and upper bounds:    75608
                     variables with only upper bounds:        0
Total number of equality constraints.................:    70608
Total number of inequality constraints...............:    28350
        inequality constraints with only lower bounds:    13800
   inequality constraints with lower and upper bounds:      750
        inequality constraints with only upper bounds:    13800

iter    objective    inf_pr   inf_du lg(mu)  ||d||  lg(rg) alpha_du alpha_pr  ls
   0 8.8727570e+003 5.15e+003 1.00e+002   0.0 0.00e+000    -  0.00e+000 0.00e+000   0
   1 9.3244051e+003 5.11e+003 1.34e+004   2.0 1.73e+003    -  9.23e-004 4.45e-003f  1
   2 9.2021391e+003 5.04e+003 1.28e+004   0.6 1.01e+002    -  3.13e-002 1.30e-002f  1
   3 8.8562534e+003 4.80e+003 1.11e+004   0.6 1.23e+002    -  2.49e-002 4.92e-002f  1
   4 8.9014270e+003 4.71e+003 1.07e+004   1.0 1.72e+002    -  1.11e-001 1.83e-002f  1
   5 9.0756317e+003 4.59e+003 1.31e+004   1.3 2.41e+002    -  4.16e-001 2.40e-002f  1
   6 1.0890666e+004 4.31e+003 7.26e+004   2.0 4.21e+002    -  4.27e-001 5.16e-002f  1
   7 1.1210853e+004 4.04e+003 4.59e+005   2.2 1.21e+002    -  2.13e-001 6.32e-002f  1
   8 1.1695712e+004 3.89e+003 7.16e+005   2.6 1.67e+002    -  6.91e-001 3.59e-002f  1
   9 1.2477666e+004 3.71e+003 3.06e+006   3.3 2.08e+002    -  6.50e-001 4.40e-002f  1
iter    objective    inf_pr   inf_du lg(mu)  ||d||  lg(rg) alpha_du alpha_pr  ls
  10 1.2780851e+004 3.56e+003 2.03e+007   3.7 9.69e+001    -  1.05e-001 4.11e-002f  1
  11 1.3135340e+004 3.36e+003 8.58e+007   3.7 8.64e+001    -  2.22e-001 5.47e-002f  1
  12 1.3663430e+004 3.07e+003 3.16e+008   3.7 9.35e+001    -  1.39e-001 8.58e-002h  1
  13 1.3845375e+004 2.85e+003 4.41e+008   3.5 8.06e+001    -  1.42e-001 7.07e-002h  1
  14 1.4437183e+004 2.49e+003 6.36e+008   3.7 6.55e+001    -  1.00e-001 1.23e-001h  1
  15 1.4639832e+004 2.24e+003 7.04e+008   3.1 4.96e+001    -  1.59e-001 9.83e-002h  1
  16 1.4752389e+004 2.08e+003 7.49e+008   3.6 1.09e+002    -  1.18e-001 7.15e-002h  1
  17 1.4895735e+004 1.92e+003 7.43e+008   1.4 7.18e+001    -  1.15e-001 7.34e-002h  1
  18 1.4955440e+004 1.78e+003 7.40e+008   3.7 8.68e+001    -  6.95e-002 7.16e-002h  1
  19 1.4968006e+004 1.74e+003 7.38e+008   3.7 6.60e+001    -  8.25e-002 2.52e-002h  1
iter    objective    inf_pr   inf_du lg(mu)  ||d||  lg(rg) alpha_du alpha_pr  ls
  20 1.5243726e+004 1.59e+003 8.45e+008  -2.5 6.86e+001    -  2.86e-002 8.29e-002h  1
  21 1.5307580e+004 1.50e+003 9.16e+008   3.6 9.66e+001    -  1.42e-001 5.51e-002h  1
  22 1.5461226e+004 1.43e+003 9.81e+008  -2.5 1.03e+002    -  4.51e-002 4.41e-002h  1
  23 1.5584987e+004 1.25e+003 1.19e+009   3.3 8.18e+001    -  7.43e-002 1.30e-001h  1
  24 1.5629285e+004 1.17e+003 1.28e+009   3.1 8.71e+001    -  4.28e-002 6.00e-002h  1
  25 1.5638705e+004 1.16e+003 1.30e+009   2.3 8.92e+001    -  9.54e-002 1.11e-002h  1
  26 1.5434244e+004 1.12e+003 1.34e+009   3.7 1.25e+002    -  7.20e-002 2.96e-002f  1
  27 1.5540173e+004 9.87e+002 1.63e+009   2.0 1.06e+002    -  4.89e-002 1.17e-001h  1
  28 1.5612613e+004 9.16e+002 1.74e+009  -2.6 1.56e+002    -  9.54e-002 6.88e-002h  1
  29 1.5160279e+004 8.67e+002 1.80e+009   3.7 1.67e+002    -  1.00e-001 5.01e-002f  1
iter    objective    inf_pr   inf_du lg(mu)  ||d||  lg(rg) alpha_du alpha_pr  ls
  30 1.5194597e+004 8.02e+002 1.88e+009   2.8 9.14e+001    -  5.13e-002 7.01e-002h  1
  31 1.4883642e+004 7.26e+002 1.96e+009   3.6 1.02e+002    -  4.22e-002 8.38e-002f  1
  32 1.4579153e+004 6.53e+002 2.09e+009   3.7 9.78e+001    -  3.74e-002 8.47e-002f  1
  33 1.4709994e+004 6.20e+002 2.06e+009  -2.6 9.53e+001    -  8.79e-002 4.76e-002h  1
  34 1.4820149e+004 5.83e+002 2.00e+009   2.6 1.03e+002    -  1.58e-001 5.51e-002h  1
  35 1.4903895e+004 5.60e+002 1.96e+009   1.9 1.67e+002    -  4.53e-002 3.76e-002h  1
  36 1.4837752e+004 5.39e+002 1.95e+009   3.7 1.89e+002    -  7.60e-002 3.39e-002f  1
  37 1.4807229e+004 4.84e+002 1.88e+009   3.7 2.10e+002    -  8.03e-002 8.51e-002f  1
  38 1.4866068e+004 4.76e+002 1.86e+009  -2.6 1.04e+002    -  7.03e-002 1.47e-002h  1
  39 1.5153747e+004 3.28e+002 2.12e+009   3.6 1.60e+002    -  3.53e-002 1.94e-001h  1
iter    objective    inf_pr   inf_du lg(mu)  ||d||  lg(rg) alpha_du alpha_pr  ls
  40 1.4883647e+004 3.13e+002 2.16e+009   3.7 1.05e+002    -  5.37e-002 3.87e-002f  1
  41 1.4689163e+004 2.80e+002 2.38e+009   3.6 9.90e+001    -  8.34e-002 9.64e-002f  1
  42 1.4574940e+004 2.27e+002 2.80e+009   3.2 7.34e+001    -  9.91e-002 1.82e-001h  1
  43 1.4119000e+004 2.04e+002 3.01e+009   3.7 9.76e+001    -  5.55e-002 8.07e-002f  1
  44 1.4034352e+004 1.89e+002 3.13e+009   2.5 6.38e+001    -  7.42e-002 7.49e-002h  1
  45 1.3515366e+004 1.56e+002 3.26e+009   3.1 6.23e+001    -  9.87e-002 1.65e-001f  1
  46 1.3318568e+004 1.37e+002 3.37e+009   1.5 1.20e+002    -  3.93e-002 1.17e-001f  1
  47 1.3180583e+004 1.34e+002 3.41e+009   3.3 8.38e+001    -  9.29e-002 2.13e-002f  1
  48 1.2272061e+004 1.97e+002 3.00e+009   3.2 1.10e+002    -  6.87e-002 2.42e-001f  1
  49 1.1384637e+004 2.88e+002 2.67e+009   3.5 7.41e+001    -  7.59e-002 1.67e-001f  1
iter    objective    inf_pr   inf_du lg(mu)  ||d||  lg(rg) alpha_du alpha_pr  ls
  50 1.1380691e+004 2.86e+002 2.66e+009   2.4 8.07e+001    -  3.61e-002 6.32e-003h  1
  51 1.0841866e+004 3.19e+002 2.29e+009   3.6 1.11e+002    -  8.73e-002 1.29e-001f  1
  52 1.0864721e+004 2.90e+002 2.14e+009  -2.6 3.75e+001    -  6.81e-002 8.80e-002h  1
  53 1.0863157e+004 2.05e+002 1.14e+009   3.2 2.94e+001    -  1.78e-001 4.47e-001f  1
  54 1.0868870e+004 1.95e+002 1.09e+009  -2.7 1.04e+001    -  1.84e-001 4.46e-002h  1
  55 1.1028821e+004 5.29e+001 1.58e+008   1.6 9.48e+000    -  3.10e-001 8.48e-001h  1
  56 1.0883459e+004 9.25e+000 1.68e+006   2.0 3.53e+000    -  6.82e-001 1.00e+000f  1
  57 1.0913693e+004 3.62e-001 4.92e+005  -3.3 1.87e+000    -  6.36e-001 1.00e+000h  1
  58 1.0908229e+004 9.17e-003 1.12e+004  -3.8 2.47e-001    -  9.31e-001 1.00e+000h  1
  59 1.0894507e+004 1.65e-004 4.48e+002  -4.9 1.63e-001    -  9.72e-001 1.00e+000h  1
iter    objective    inf_pr   inf_du lg(mu)  ||d||  lg(rg) alpha_du alpha_pr  ls
  60 1.0174622e+004 1.53e+000 1.22e+002  -1.8 3.35e+000    -  7.58e-001 1.00e+000f  1
  61 9.4878119e+003 1.93e+000 8.43e+001  -2.2 4.44e+000    -  8.13e-001 1.00e+000f  1
  62 8.5408747e+003 7.91e+001 1.93e+002  -2.1 2.72e+001    -  4.99e-001 9.78e-001f  1
  63 8.2314820e+003 7.88e+001 1.78e+002  -1.8 1.89e+001    -  6.91e-001 6.60e-001f  1
  64 7.9860955e+003 9.53e+000 1.25e+002  -2.2 8.62e+000    -  6.90e-001 1.00e+000f  1
  65 6.9173202e+003 4.86e-001 5.03e+001  -2.2 4.96e+000    -  1.00e+000 1.00e+000f  1
  66 6.6431645e+003 1.26e+000 1.14e+001  -2.4 1.99e+000    -  1.00e+000 1.00e+000f  1
  67 6.0726148e+003 5.62e+001 9.38e+001  -2.1 8.65e+000    -  1.00e+000 1.00e+000f  1
  68 6.0021966e+003 2.99e+001 3.90e+001  -2.2 1.26e+001    -  1.00e+000 1.00e+000h  1
  69 5.5247250e+003 1.79e+001 3.93e+001  -2.6 4.66e+000    -  1.00e+000 1.00e+000h  1
iter    objective    inf_pr   inf_du lg(mu)  ||d||  lg(rg) alpha_du alpha_pr  ls
  70 4.8004649e+003 1.50e+001 3.56e+001  -3.0 6.85e+000    -  1.00e+000 1.00e+000h  1
  71 4.4045360e+003 4.54e+001 5.16e+001  -2.6 1.48e+001    -  8.31e-001 8.08e-001h  1
  72 4.0260820e+003 1.89e+001 2.21e+001  -2.8 6.23e+000    -  1.00e+000 1.00e+000h  1
  73 3.5948339e+003 9.46e+000 5.37e+001  -3.1 6.37e+000    -  6.93e-001 1.00e+000h  1
  74 3.3855251e+003 2.28e+000 1.32e+001  -3.2 2.69e+000    -  1.00e+000 1.00e+000h  1
  75 3.0981242e+003 4.35e+000 9.93e+000  -3.5 8.38e+000    -  9.99e-001 6.79e-001f  1
  76 3.1648479e+003 7.88e+000 1.50e+001  -3.2 1.67e+001    -  6.51e-001 7.98e-001H  1
  77 3.8012403e+003 8.44e+001 4.36e+001  -2.9 1.37e+001    -  6.50e-001 7.36e-001f  1
  78 3.2026736e+003 2.97e+001 2.88e+001  -3.1 1.01e+001    -  9.00e-001 1.00e+000f  1
  79 2.9554640e+003 7.62e+000 1.55e+001  -3.1 4.98e+000    -  8.47e-001 1.00e+000h  1
iter    objective    inf_pr   inf_du lg(mu)  ||d||  lg(rg) alpha_du alpha_pr  ls
  80 2.5793310e+003 3.94e+000 1.80e+001  -3.6 4.38e+000    -  1.00e+000 1.00e+000h  1
  81 2.4799455e+003 2.00e+000 9.73e+000  -3.6 7.21e+000    -  1.00e+000 7.22e-001H  1
  82 2.3822733e+003 7.61e+000 1.25e+001  -3.6 4.69e+000    -  9.41e-001 1.00e+000f  1
  83 2.2736907e+003 6.16e-001 6.39e+000  -3.6 2.60e+000    -  6.06e-001 1.00e+000h  1
  84 2.1111385e+003 1.01e+000 4.47e+000  -3.8 2.36e+000    -  1.00e+000 9.68e-001h  1
  85 2.1220652e+003 1.05e+001 5.10e+000  -3.5 2.43e+000    -  1.00e+000 1.00e+000h  1
  86 2.0490412e+003 3.19e+000 4.85e+000  -3.6 1.78e+000    -  1.00e+000 1.00e+000h  1
  87 1.9313177e+003 4.86e+000 9.59e+000  -3.7 5.17e+000    -  1.00e+000 9.77e-001h  1
  88 1.8951193e+003 9.50e+000 1.62e+001  -3.4 1.78e+001    -  5.96e-001 3.07e-001h  2
  89 1.7671476e+003 1.15e+001 1.71e+001  -4.4 2.34e+001    -  3.17e-001 2.66e-001h  1
iter    objective    inf_pr   inf_du lg(mu)  ||d||  lg(rg) alpha_du alpha_pr  ls
  90 1.6777222e+003 9.58e+000 1.65e+001  -3.8 1.97e+001    -  6.54e-001 2.00e-001h  2
  91 1.6413952e+003 8.51e+000 1.42e+001  -3.7 1.45e+001    -  6.55e-001 2.33e-001h  2
  92 1.5317106e+003 2.36e+000 3.81e+000  -3.8 3.37e+000    -  1.00e+000 1.00e+000h  1
  93 1.5661025e+003 2.57e+000 5.39e+000  -3.8 7.12e+000    -  5.22e-001 4.97e-001h  1
  94 1.4475565e+003 1.76e+000 2.97e+000  -4.0 2.98e+000    -  4.48e-001 5.65e-001h  1
  95 1.4148957e+003 1.45e+000 2.17e+000  -3.9 4.77e+000    -  1.00e+000 3.45e-001h  1
  96 1.3554936e+003 1.69e+000 1.97e+000  -4.0 3.89e+000    -  1.00e+000 9.95e-001h  1
  97 1.5343547e+003 2.35e+000 4.10e+000  -4.0 1.08e+001    -  5.26e-001 6.22e-001H  1
  98 1.3110895e+003 1.68e+000 3.43e+000  -4.1 2.65e+000    -  9.61e-001 1.00e+000f  1
  99 1.2477874e+003 9.90e-002 1.38e+000  -4.1 9.54e-001    -  1.00e+000 1.00e+000h  1
iter    objective    inf_pr   inf_du lg(mu)  ||d||  lg(rg) alpha_du alpha_pr  ls
 100 1.2087534e+003 6.16e-001 1.26e+000  -4.5 2.41e+000    -  1.00e+000 9.92e-001h  1
 101 1.1620966e+003 3.48e+000 4.57e+000  -4.2 2.70e+001    -  5.92e-001 1.42e-001h  1
 102 1.1351384e+003 1.47e+001 1.03e+001  -4.5 3.28e+001    -  1.64e-001 2.11e-001h  1
 103 1.0974884e+003 1.52e+001 1.19e+001  -5.4 3.97e+001    -  1.72e-001 6.21e-002h  1
 104 1.0448453e+003 1.97e+001 1.45e+001  -5.6 4.96e+001    -  1.30e-001 9.78e-002h  1
 105 1.0196712e+003 1.94e+001 1.48e+001  -4.9 4.03e+001    -  1.20e-001 3.15e-002h  1
 106 1.0167005e+003 1.92e+001 1.45e+001 -10.5 1.10e+001    -  4.97e-002 1.37e-002h  1
 107 9.8586919e+002 1.75e+001 1.34e+001  -5.0 2.40e+001    -  7.17e-002 1.22e-001h  1
 108 9.6302847e+002 1.63e+001 1.28e+001  -5.0 2.20e+001    -  6.23e-002 7.88e-002h  1
 109 9.3949974e+002 1.54e+001 1.18e+001  -4.6 3.36e+001    -  5.32e-002 1.57e-001h  1
iter    objective    inf_pr   inf_du lg(mu)  ||d||  lg(rg) alpha_du alpha_pr  ls
 110 9.3207906e+002 1.52e+001 1.17e+001  -5.6 3.76e+001    -  8.05e-002 1.68e-002h  1
 111 9.1819551e+002 1.47e+001 1.10e+001  -5.0 4.08e+001    -  1.05e-001 1.04e-001h  1
 112 9.0563673e+002 1.43e+001 1.08e+001  -6.7 3.18e+001    -  1.05e-001 2.71e-002h  1
 113 8.9098548e+002 1.40e+001 1.06e+001  -6.6 3.41e+001    -  8.35e-002 3.08e-002h  1
 114 8.6417470e+002 1.41e+001 1.03e+001  -4.7 6.68e+001    -  9.46e-002 5.38e-002h  2
 115 8.8016320e+002 1.28e+001 8.80e+000  -4.7 1.80e+001    -  3.84e-001 2.68e-001h  1
 116 8.5739107e+002 1.20e+001 9.60e+000  -4.7 1.61e+001    -  2.58e-001 7.51e-002h  1
 117 9.0635033e+002 8.08e+000 1.12e+001  -4.3 1.95e+001    -  3.77e-001 4.13e-001h  1
 118 8.6775765e+002 6.90e+000 1.03e+001  -4.5 3.57e+000    -  9.53e-001 1.48e-001h  1
 119 8.0076904e+002 3.05e+000 5.04e+000  -4.5 4.12e+000    -  5.57e-001 5.77e-001h  1
iter    objective    inf_pr   inf_du lg(mu)  ||d||  lg(rg) alpha_du alpha_pr  ls
 120 7.9598771e+002 3.41e-001 5.91e-001  -4.6 1.68e+000    -  1.00e+000 9.69e-001h  1
 121 7.7421486e+002 1.53e-001 7.60e-001  -4.8 1.39e+000    -  1.00e+000 6.91e-001h  1
 122 7.6988302e+002 1.56e-001 1.53e+000  -4.8 1.94e+000    -  7.87e-001 8.32e-001h  1
 123 7.6027606e+002 2.17e-001 2.04e+000  -5.2 1.94e+000    -  1.00e+000 7.68e-001h  1
 124 7.4967961e+002 2.38e-001 2.43e+000  -4.8 2.79e+000    -  6.90e-001 4.35e-001h  1
 125 7.5673092e+002 5.06e-002 1.90e+000  -5.0 2.29e+000    -  5.70e-001 9.19e-001H  1
 126 7.3494817e+002 6.94e-002 1.87e+000  -5.3 1.33e+000    -  9.93e-001 5.64e-001h  1
 127 7.2262711e+002 1.52e-001 1.87e+000  -5.3 3.27e+000    -  9.51e-001 4.05e-001h  1
 128 7.1662089e+002 2.02e-001 2.15e+000  -5.3 5.05e+000    -  7.66e-001 2.36e-001h  1
 129 7.0899262e+002 4.60e-001 3.31e+000  -5.1 1.39e+001    -  2.59e-001 1.55e-001h  1
iter    objective    inf_pr   inf_du lg(mu)  ||d||  lg(rg) alpha_du alpha_pr  ls
 130 7.0388492e+002 8.61e-001 4.99e+000  -4.6 2.13e+001    -  1.81e-001 1.23e-001h  1
 131 7.0093873e+002 1.04e+000 6.00e+000  -4.8 1.99e+001    -  2.60e-001 1.21e-001h  2
 132 6.9860903e+002 1.05e+000 6.49e+000  -4.7 1.14e+001    -  4.81e-001 1.80e-001h  2
 133 6.9124065e+002 1.16e+000 7.43e+000  -4.8 3.00e+001    -  2.15e-001 5.36e-002h  1
 134 6.9225674e+002 2.68e+000 1.04e+001  -4.6 4.10e+001    -  2.03e-001 1.29e-001h  1
 135 9.7921767e+002 2.14e-001 4.84e+000  -4.8 8.23e-001  -4.0 1.00e+000 1.00e+000h  1
 136 7.8469529e+002 1.75e-001 3.07e+000  -4.8 9.52e-001    -  1.00e+000 3.99e-001f  1
 137 7.0491036e+002 1.18e-001 1.78e+000  -4.8 1.25e+000    -  1.00e+000 4.65e-001f  1
 138 6.7263074e+002 7.40e-002 7.85e-001  -4.8 1.48e+000    -  1.00e+000 7.54e-001h  1
 139 6.6942050e+002 7.44e-002 8.07e-001  -5.1 2.34e+000    -  1.00e+000 3.00e-001h  1
iter    objective    inf_pr   inf_du lg(mu)  ||d||  lg(rg) alpha_du alpha_pr  ls
 140 6.7078494e+002 1.83e-001 1.66e+000  -4.5 2.24e+001    -  7.36e-001 1.90e-001h  2
 141 6.8950188e+002 1.80e-003 7.50e-001  -4.7 7.04e+000    -  6.99e-001 1.00e+000H  1
 142 6.6570034e+002 2.85e-002 3.57e-001  -5.0 2.78e+000    -  1.00e+000 1.00e+000f  1
 143 6.5570832e+002 8.88e-002 6.01e-001  -5.4 1.59e+000    -  1.00e+000 9.80e-001h  1
 144 6.5094210e+002 1.32e-001 9.65e-001  -5.5 3.60e+000    -  1.00e+000 3.06e-001h  1
 145 6.4795217e+002 1.82e-001 1.49e+000  -5.0 1.65e+001    -  1.00e+000 8.23e-002h  1
 146 6.4750409e+002 1.80e-001 1.48e+000  -4.5 3.90e+001    -  1.70e-001 1.19e-002h  5
 147 6.4498660e+002 1.92e-001 1.54e+000  -5.1 6.96e+000    -  1.00e+000 1.44e-001h  1
 148 6.4537658e+002 1.90e-001 1.49e+000  -4.8 4.13e+000  -4.5 4.38e-001 1.38e-002h  6
 149 6.4234484e+002 2.19e-001 1.58e+000  -5.2 9.52e+000    -  7.30e-001 1.05e-001h  1
iter    objective    inf_pr   inf_du lg(mu)  ||d||  lg(rg) alpha_du alpha_pr  ls
 150 6.4156304e+002 2.18e-001 1.60e+000  -4.6 1.40e+002    -  1.38e-001 4.56e-003h  6
 151 6.3557199e+002 3.64e-001 1.82e+000  -5.2 1.31e+001    -  1.00e+000 1.96e-001h  1
 152 6.4865785e+002 6.86e-001 1.59e+000  -4.2 1.28e+002    -  9.69e-002 1.62e-002f  3
 153 6.3821176e+002 6.73e-001 1.97e+000  -5.0 1.16e+001    -  3.31e-001 2.25e-001h  1
 154 6.3667690e+002 6.66e-001 2.04e+000  -5.0 2.93e+001    -  1.27e-001 1.59e-002h  4
 155 6.3090421e+002 5.52e-001 1.78e+000  -5.0 5.13e+000    -  5.48e-001 2.18e-001h  1
 156 6.3009293e+002 5.73e-001 1.89e+000  -5.0 1.77e+001    -  1.55e-001 3.71e-002h  4
 157 6.2264145e+002 5.66e-001 1.89e+000  -5.0 5.26e+000    -  1.00e+000 3.65e-001h  1
 158 6.3211078e+002 1.78e+000 1.75e+000  -4.4 3.28e+001    -  2.51e-001 1.05e-001h  3
 159 6.4898626e+002 4.24e-001 1.12e+000  -4.9 3.27e+000    -  9.54e-001 8.88e-001h  1
iter    objective    inf_pr   inf_du lg(mu)  ||d||  lg(rg) alpha_du alpha_pr  ls
 160 6.2584402e+002 3.67e-001 1.34e+000  -4.9 4.79e+000    -  4.05e-001 7.86e-001h  1
 161 6.1424857e+002 2.25e-001 4.63e+000  -5.2 1.53e+000    -  1.00e+000 4.10e-001h  1
 162 6.1099603e+002 1.86e-001 5.01e+000  -5.6 1.97e+000    -  1.00e+000 2.85e-001h  1
 163 6.1144267e+002 3.84e-001 1.05e+000  -4.8 1.66e+001    -  6.09e-001 1.17e-001h  3
 164 6.0999929e+002 3.66e-001 9.81e-001  -5.1 5.36e+000    -  1.97e-001 1.93e-001h  3
 165 6.1423889e+002 5.55e-001 1.24e+000  -4.8 3.78e+000    -  6.90e-001 1.00e+000h  1
 166 6.6222186e+002 3.06e-001 1.36e+000  -4.9 5.78e+000    -  3.83e-001 5.89e-001H  1
 167 6.0667420e+002 4.23e-001 3.34e-001  -4.9 3.35e+000    -  2.27e-001 1.00e+000f  1
 168 6.2231924e+002 2.72e-001 6.73e-001  -5.1 2.24e+000    -  1.00e+000 9.84e-001h  1
 169 5.9988226e+002 2.60e-002 4.74e-001  -5.2 1.30e+000    -  9.99e-001 1.00e+000h  1
iter    objective    inf_pr   inf_du lg(mu)  ||d||  lg(rg) alpha_du alpha_pr  ls
 170 5.9605052e+002 2.08e-002 2.89e-001  -5.6 8.78e-001    -  1.00e+000 8.32e-001h  1
 171 5.9528322e+002 1.92e-002 8.33e-001  -5.8 8.25e-001    -  1.00e+000 8.54e-002h  1
 172 5.8944345e+002 5.76e-002 5.93e-001  -5.4 3.69e+000    -  4.34e-001 2.63e-001h  1
 173 5.8792223e+002 1.31e-001 8.02e-001  -5.1 5.81e+000    -  4.23e-001 2.88e-001h  1
 174 5.8586266e+002 1.52e-001 9.98e-001  -5.3 5.86e+000    -  4.71e-001 2.03e-001h  1
 175 5.8168573e+002 1.43e-001 1.09e+000  -5.3 4.96e+000    -  6.27e-001 2.95e-001h  2
 176 5.7879570e+002 1.44e-001 1.27e+000  -5.3 1.03e+001    -  3.53e-001 1.03e-001h  1
 177 6.1961492e+002 8.67e-002 1.24e+000  -4.8 3.38e+000    -  2.07e-001 7.92e-001H  1
 178 5.8908423e+002 2.05e-001 1.20e+000  -5.3 3.62e+000    -  2.20e-001 4.36e-001h  1
 179 5.8313504e+002 1.94e-001 6.98e-001  -5.3 1.08e+001    -  2.08e-001 1.03e-001h  1
iter    objective    inf_pr   inf_du lg(mu)  ||d||  lg(rg) alpha_du alpha_pr  ls
 180 5.8203932e+002 1.88e-001 6.90e-001  -5.6 3.44e+000    -  5.98e-001 3.24e-002h  1
 181 5.7886181e+002 1.75e-001 8.84e-001  -5.1 9.43e+000    -  6.26e-001 1.42e-001h  1
 182 5.7716924e+002 1.61e-001 9.07e-001  -5.2 5.79e+000    -  8.81e-001 2.92e-001h  1
 183 5.7145373e+002 9.61e-002 5.54e-001  -5.5 2.18e+000    -  8.27e-001 6.65e-001h  1
 184 5.6722930e+002 7.98e-002 5.39e-001  -5.4 1.83e+000    -  4.90e-001 1.77e-001h  1
 185 5.6614034e+002 7.05e-002 5.88e-001  -6.6 1.48e+000    -  8.24e-001 1.29e-001h  1
 186 5.6488117e+002 7.09e-002 5.68e-001  -5.5 1.26e+001    -  7.93e-001 4.62e-002h  3
 187 5.6295569e+002 7.38e-002 5.97e-001  -5.3 4.61e+000    -  7.94e-001 3.80e-001h  1
 188 5.6199311e+002 5.98e-002 4.87e-001  -5.3 2.83e+000    -  9.99e-001 3.82e-001h  1
 189 5.5965642e+002 8.18e-002 6.69e-001  -5.3 3.30e+000    -  1.00e+000 3.91e-001h  1
iter    objective    inf_pr   inf_du lg(mu)  ||d||  lg(rg) alpha_du alpha_pr  ls
 190 5.5856065e+002 7.09e-002 7.60e-001  -5.3 3.41e+000    -  7.24e-001 2.45e-001h  2
 191 5.5614789e+002 5.52e-002 6.93e-001  -5.8 2.12e+000    -  9.26e-001 3.20e-001h  1
 192 5.5294732e+002 5.00e-002 7.12e-001  -5.4 2.54e+000    -  6.23e-001 4.02e-001h  1
 193 5.5290882e+002 4.06e-002 6.54e-001  -5.8 2.53e+000    -  6.68e-001 4.27e-001H  1
 194 5.5363977e+002 4.28e-002 7.31e-001  -5.3 2.37e+000    -  5.79e-001 4.07e-001h  1
 195 5.4883285e+002 2.91e-002 5.96e-001  -6.1 1.32e+000    -  7.58e-001 4.08e-001h  1
 196 5.4686154e+002 2.67e-002 5.85e-001  -5.5 2.29e+000    -  7.88e-001 1.18e-001h  1
 197 5.4514229e+002 2.01e-002 4.57e-001  -5.9 1.47e+000    -  8.72e-001 3.24e-001h  1
 198 5.4468955e+002 1.94e-002 4.68e-001  -5.6 2.74e+000    -  3.84e-001 1.40e-001h  3
 199 5.4443122e+002 3.01e-002 5.37e-001  -5.4 2.84e+000    -  7.13e-001 3.71e-001h  2
iter    objective    inf_pr   inf_du lg(mu)  ||d||  lg(rg) alpha_du alpha_pr  ls
 200 5.4503803e+002 5.43e-002 8.46e-001  -5.1 5.83e+000    -  2.40e-001 2.45e-001h  2
 201 5.4356913e+002 7.44e-002 1.17e+000  -5.5 1.02e+001    -  2.64e-001 1.34e-001h  2
 202 5.4381494e+002 8.76e-002 1.37e+000  -5.2 1.28e+001    -  3.73e-001 7.61e-002h  3
 203 5.4239465e+002 1.01e-001 1.53e+000  -5.4 6.62e+000    -  5.01e-001 1.56e-001h  2
 204 5.8208298e+002 8.19e-002 1.41e+000  -5.4 8.27e+000    -  1.00e+000 7.94e-001H  1
 205 5.5129236e+002 2.77e-002 1.24e+000  -5.5 1.11e+000    -  4.21e-001 6.85e-001h  1
 206 5.4186253e+002 1.96e-002 7.16e-001  -5.5 3.15e+000    -  4.55e-001 4.00e-001f  1
 207 5.3783166e+002 2.27e-002 1.55e-001  -5.7 2.26e+000    -  1.00e+000 9.22e-001f  1
 208 5.3714489e+002 1.75e-003 1.46e-001  -5.8 5.45e-001    -  1.00e+000 9.94e-001h  1
 209 5.3590991e+002 3.89e-003 1.39e-001  -6.4 4.29e-001    -  1.00e+000 5.63e-001h  1
iter    objective    inf_pr   inf_du lg(mu)  ||d||  lg(rg) alpha_du alpha_pr  ls
 210 5.3478580e+002 1.39e-002 1.45e-001  -6.1 3.35e+000    -  5.58e-001 1.48e-001h  1
 211 5.3443769e+002 2.19e-002 1.76e-001  -6.2 1.63e+000    -  5.89e-001 3.45e-001h  1
 212 5.3304444e+002 2.15e-002 2.00e-001  -6.4 1.46e+000    -  8.56e-001 2.44e-001h  1
 213 5.3191881e+002 2.49e-002 2.61e-001  -5.9 6.20e+000    -  2.69e-001 6.32e-002h  1
 214 5.3155814e+002 2.37e-002 4.59e-001  -7.0 1.67e+000    -  3.89e-001 6.71e-002h  1
 215 5.3043059e+002 4.89e-002 6.67e-001  -6.1 2.97e+000    -  5.67e-001 4.24e-001h  1
 216 5.3339658e+002 7.46e-002 5.35e-001  -5.7 4.08e+000    -  2.83e-001 2.06e-001H  1
 217 5.3009249e+002 3.05e-002 3.35e-001  -6.1 3.07e-001    -  9.06e-001 6.08e-001h  1
 218 5.2919409e+002 8.69e-003 1.63e-001  -6.1 2.26e-001    -  8.50e-001 7.60e-001f  1
 219 5.2870789e+002 1.31e-003 3.85e-002  -6.2 1.76e-001    -  1.00e+000 1.00e+000h  1
iter    objective    inf_pr   inf_du lg(mu)  ||d||  lg(rg) alpha_du alpha_pr  ls
 220 5.2823729e+002 3.88e-003 7.08e-002  -6.6 5.11e-001    -  1.00e+000 4.72e-001h  1
 221 5.2802905e+002 1.18e-002 1.62e-001  -6.1 2.72e+000    -  3.18e-001 1.31e-001h  1
 222 5.2784396e+002 3.71e-002 3.98e-001  -6.0 3.83e+000    -  4.26e-001 2.08e-001h  1
 223 5.2757677e+002 3.87e-002 4.25e-001  -5.9 6.03e+000    -  1.70e-001 5.28e-002h  1
 224 5.2734855e+002 5.25e-002 5.92e-001  -5.8 7.55e+000    -  2.03e-001 1.08e-001h  1
 225 5.2705592e+002 5.49e-002 6.98e-001  -6.1 6.47e+000    -  3.80e-001 7.49e-002h  1
 226 5.2633687e+002 7.92e-002 9.53e-001  -6.1 8.56e+000    -  1.35e-001 1.17e-001h  1
 227 5.2614679e+002 7.68e-002 1.03e+000  -6.1 1.61e+001    -  3.04e-001 6.25e-002h  2
 228 5.3776966e+002 1.24e-002 8.67e-001  -5.6 6.07e+000    -  2.84e-001 1.00e+000H  1
 229 5.2893586e+002 6.69e-003 6.95e-001  -5.9 1.62e+000    -  9.47e-001 8.04e-001h  1
iter    objective    inf_pr   inf_du lg(mu)  ||d||  lg(rg) alpha_du alpha_pr  ls
 230 5.2637609e+002 1.46e-002 2.44e-001  -5.9 3.45e+000    -  1.58e-001 5.38e-001f  1
 231 5.2594677e+002 1.29e-002 1.70e-001 -11.0 4.46e+000    -  6.18e-001 1.25e-001h  1
 232 5.2574987e+002 1.09e-002 1.60e+000  -6.3 1.69e+000    -  1.00e+000 1.54e-001h  1
 233 5.2590395e+002 1.34e-002 1.33e-001  -6.0 3.53e+000    -  1.00e+000 1.00e+000h  1
 234 5.2577021e+002 4.12e-003 1.49e-001  -6.0 4.81e-001    -  7.39e-001 1.00e+000h  1
 235 5.2515546e+002 2.17e-003 6.88e-002  -6.1 1.82e+000    -  1.00e+000 1.00e+000h  1
 236 5.2447504e+002 1.95e-003 3.38e-002  -6.3 9.90e-001    -  1.00e+000 9.24e-001h  1
 237 5.2411061e+002 2.77e-003 1.91e-001  -6.6 2.50e+000    -  1.00e+000 3.52e-001h  1
 238 5.2379303e+002 3.64e-003 1.69e-001  -6.9 7.72e-001    -  9.66e-001 2.97e-001h  1
 239 5.2348417e+002 6.17e-003 1.73e-001  -7.3 4.34e+000    -  5.66e-001 2.48e-001h  1
iter    objective    inf_pr   inf_du lg(mu)  ||d||  lg(rg) alpha_du alpha_pr  ls
 240 5.2330066e+002 1.12e-002 3.30e-001  -6.5 4.40e+000    -  5.19e-001 3.56e-001h  1
 241 5.2362327e+002 1.27e-002 4.24e-001  -6.1 1.14e+000    -  3.44e-001 3.64e-001h  1
 242 5.2330764e+002 1.06e-002 4.28e-001  -6.5 2.21e+000    -  4.22e-001 1.95e-001h  1
 243 5.2301147e+002 7.38e-003 3.95e-001  -6.4 3.75e+000    -  5.36e-001 2.99e-001f  1
 244 5.2280324e+002 1.60e-003 6.90e-002  -6.5 1.31e+000    -  1.00e+000 9.81e-001h  1
 245 5.2293846e+002 8.38e-004 1.76e-001  -6.3 8.44e-001    -  7.48e-001 1.00e+000h  1
 246 5.2271727e+002 1.12e-003 2.17e-001  -6.5 7.86e-001    -  1.00e+000 6.23e-001h  1
 247 5.2252957e+002 1.85e-003 2.27e-001  -6.7 7.84e-001    -  9.85e-001 3.60e-001h  1
 248 5.2248758e+002 5.15e-003 2.79e-001  -6.4 1.40e+000    -  6.11e-001 3.20e-001h  1
 249 5.2227566e+002 1.36e-002 4.53e-001  -6.5 3.82e+000    -  3.55e-001 1.66e-001h  1
iter    objective    inf_pr   inf_du lg(mu)  ||d||  lg(rg) alpha_du alpha_pr  ls
 250 5.2226726e+002 2.12e-002 5.92e-001  -6.1 5.03e+000    -  2.18e-001 9.25e-002h  2
 251 5.2266347e+002 2.50e-002 5.59e-001  -6.6 3.18e+000    -  5.35e-001 4.84e-001H  1
 252 5.2239471e+002 2.31e-002 5.85e-001  -6.6 3.65e+000    -  6.07e-001 1.03e-001h  1
 253 5.2205182e+002 1.97e-002 6.16e-001  -6.6 4.07e+000    -  2.69e-001 2.02e-001h  1
 254 5.2173675e+002 1.03e-002 4.48e-001  -6.7 7.35e-001    -  7.42e-001 4.60e-001h  1
 255 5.2154477e+002 8.29e-003 3.74e-001  -7.0 1.18e+000    -  9.77e-001 1.97e-001h  1
 256 5.2136493e+002 3.96e-003 1.81e-001  -6.6 1.18e+000    -  6.49e-001 5.24e-001h  1
 257 5.2120327e+002 2.12e-003 1.15e-001  -7.0 5.06e-001    -  1.00e+000 5.21e-001h  1
 258 5.2119559e+002 2.27e-003 2.30e-001  -6.4 1.58e+000    -  5.40e-001 2.23e-001h  1
 259 5.2123482e+002 3.27e-003 2.14e-001  -6.3 3.89e+000    -  6.30e-001 1.72e-001h  2
iter    objective    inf_pr   inf_du lg(mu)  ||d||  lg(rg) alpha_du alpha_pr  ls
 260 5.2113594e+002 5.23e-003 2.95e-001  -6.5 1.73e+000    -  4.48e-001 2.92e-001h  1
 261 5.2119867e+002 6.10e-003 3.61e-001  -6.1 2.75e+000    -  3.58e-001 1.08e-001f  2
 262 5.2180513e+002 2.79e-003 1.96e-001  -6.4 2.19e+000    -  5.69e-001 1.00e+000h  1
 263 5.2150020e+002 2.04e-003 1.97e-001  -6.4 1.02e+000    -  1.00e+000 2.43e-001h  1
 264 5.2131075e+002 1.67e-003 1.50e-001  -6.4 1.53e+000    -  5.92e-001 1.86e-001f  1
 265 5.2115992e+002 7.01e-004 3.02e-002  -6.4 1.22e+000    -  9.81e-001 1.00e+000f  1
 266 5.2092034e+002 5.28e-004 1.71e-001  -6.8 2.26e-001    -  1.00e+000 6.27e-001h  1
 267 5.2075398e+002 3.69e-004 2.93e-001  -7.3 3.03e-001    -  1.00e+000 5.67e-001h  1
 268 5.2062698e+002 4.80e-004 1.99e-001  -7.3 5.26e-001    -  1.00e+000 3.30e-001h  1
 269 5.2051080e+002 6.51e-004 2.90e-001  -7.6 5.02e-001    -  1.00e+000 2.42e-001h  1
iter    objective    inf_pr   inf_du lg(mu)  ||d||  lg(rg) alpha_du alpha_pr  ls
 270 5.2044388e+002 1.64e-003 1.54e-001  -6.8 7.78e-001    -  4.57e-001 2.88e-001h  1
 271 5.2040242e+002 2.30e-003 1.43e-001  -7.1 8.96e-001    -  7.26e-001 2.38e-001h  1
 272 5.2028456e+002 3.19e-003 1.82e-001  -7.7 8.29e-001    -  8.11e-001 3.24e-001h  1
 273 5.2016252e+002 7.08e-003 3.01e-001  -7.6 4.75e+000    -  2.76e-001 8.94e-002h  1
 274 5.2040793e+002 9.21e-003 3.70e-001  -6.5 2.96e+000    -  1.19e-001 1.63e-001h  1
 275 5.2022099e+002 6.65e-003 2.97e-001  -7.3 6.10e-001    -  2.28e-001 3.18e-001h  1
 276 5.2019750e+002 7.08e-003 3.25e-001  -6.5 2.23e+000    -  1.80e-001 1.83e-001f  1
 277 5.2009447e+002 6.74e-003 3.19e-001  -7.0 1.34e+000    -  1.93e-001 1.85e-001h  1
 278 5.2005301e+002 8.37e-003 3.84e-001  -6.4 4.25e+000    -  2.78e-001 9.47e-002h  1
 279 5.2011661e+002 1.18e-002 4.68e-001  -6.4 3.05e+000    -  2.91e-001 2.27e-001h  1
iter    objective    inf_pr   inf_du lg(mu)  ||d||  lg(rg) alpha_du alpha_pr  ls
 280 5.2007083e+002 1.16e-002 5.21e-001  -6.7 3.79e+000    -  2.93e-001 9.77e-002h  2
 281 5.1997820e+002 1.16e-002 5.94e-001  -6.7 3.28e+000    -  5.59e-001 1.73e-001h  1
 282 5.1994325e+002 1.30e-002 7.06e-001  -6.1 9.74e+000    -  2.71e-001 5.58e-002f  1
 283 5.1997076e+002 2.93e-002 1.03e+000  -5.9 1.44e+001    -  1.79e-001 1.10e-001h  1
 284 5.1991614e+002 3.42e-002 1.26e+000  -6.4 2.53e+001    -  8.63e-002 4.27e-002h  2
 285 5.2053631e+002 4.33e-002 1.41e+000  -5.8 9.39e+000    -  2.07e-001 1.38e-001h  2
 286 5.2039729e+002 5.35e-002 1.63e+000  -6.2 8.38e+000    -  3.92e-001 1.93e-001h  1
 287 5.2009438e+002 6.49e-002 1.88e+000  -6.2 2.50e+001    -  1.96e-001 3.93e-002h  1
 288 5.2004208e+002 8.24e-002 2.11e+000  -6.2 9.80e+000    -  1.39e-001 7.40e-002h  2
 289 5.1992129e+002 7.75e-002 2.04e+000  -6.2 2.33e+000    -  1.36e-001 8.84e-002h  2
iter    objective    inf_pr   inf_du lg(mu)  ||d||  lg(rg) alpha_du alpha_pr  ls
 290 5.2009449e+002 5.43e-002 1.45e+000  -6.2 1.12e+000    -  7.48e-001 4.51e-001h  2
 291 5.2058998e+002 3.44e-002 9.81e-001  -6.2 8.84e-001    -  9.97e-001 5.67e-001h  1
 292 5.1993417e+002 2.55e-002 8.81e-001  -6.2 7.19e-001    -  2.98e-001 3.09e-001f  1
 293 5.1946221e+002 1.59e-002 5.22e-001  -7.1 4.75e-001    -  4.95e-001 3.97e-001h  1
 294 5.1926990e+002 1.30e-002 4.19e-001  -7.2 2.32e-001    -  8.23e-001 1.94e-001h  1
 295 5.1901628e+002 1.13e-002 3.28e-001  -6.7 5.76e-001    -  9.38e-001 3.72e-001h  1
 296 5.1883697e+002 1.14e-002 3.39e-001  -6.7 9.46e-001    -  1.00e+000 2.27e-001h  1
 297 5.1994596e+002 9.34e-003 3.97e-001  -6.4 1.04e+000    -  8.88e-001 6.32e-001H  1
 298 5.2015931e+002 4.67e-003 2.02e-001  -6.2 2.41e-001    -  6.76e-001 1.00e+000h  1
 299 5.1976814e+002 4.00e-003 3.40e-001  -6.8 2.59e-001    -  7.89e-001 1.46e-001h  1
iter    objective    inf_pr   inf_du lg(mu)  ||d||  lg(rg) alpha_du alpha_pr  ls
 300 5.1869073e+002 2.28e-003 7.60e-002  -6.6 1.40e-001    -  1.00e+000 8.02e-001h  1
 301 5.1844570e+002 2.67e-003 1.01e-001  -6.7 2.27e-001    -  1.00e+000 9.84e-001h  1
 302 5.1844123e+002 3.77e-003 1.89e-001  -6.5 1.54e+000    -  4.53e-001 1.70e-001h  3
 303 5.1841571e+002 3.75e-003 2.33e-001  -6.6 1.19e+000    -  9.20e-001 1.39e-001h  3
 304 5.1833151e+002 5.76e-003 3.66e-001  -6.6 1.26e+000    -  6.82e-001 3.61e-001h  2
 305 5.1833495e+002 7.40e-003 4.77e-001  -6.3 3.46e+000    -  2.96e-001 8.71e-002h  3
 306 5.1824628e+002 8.14e-003 4.97e-001  -6.6 1.57e+000    -  7.31e-001 2.01e-001h  3
 307 5.1819352e+002 8.04e-003 5.32e-001  -6.6 1.56e+000    -  9.99e-001 1.12e-001h  3
 308 5.1813738e+002 1.03e-002 6.33e-001  -6.6 2.17e+000    -  8.21e-001 1.66e-001h  2
 309 5.1811644e+002 1.42e-002 8.03e-001  -6.2 4.13e+000    -  4.00e-001 9.75e-002h  2
iter    objective    inf_pr   inf_du lg(mu)  ||d||  lg(rg) alpha_du alpha_pr  ls
 310 5.1830455e+002 1.59e-002 9.26e-001  -6.1 3.08e+000    -  4.79e-001 1.29e-001h  3
 311 5.2007100e+002 4.99e-004 7.52e-001  -6.3 1.05e+000    -  3.93e-001 1.00e+000H  1
 312 5.1958316e+002 6.29e-003 1.06e+000  -6.3 1.13e+000    -  5.60e-001 6.67e-001H  1
 313 5.1875642e+002 5.71e-003 8.27e-001  -6.3 1.74e+000    -  1.00e-001 2.05e-001f  1
 314 5.1837301e+002 5.02e-003 3.55e-001  -6.3 6.51e-001    -  6.98e-001 4.34e-001f  2
 315 5.2116283e+002 7.45e-005 1.95e-001  -6.0 5.56e-001    -  7.57e-001 1.00e+000H  1
 316 5.1852974e+002 1.68e-003 7.10e-002  -6.2 2.99e-001    -  3.10e-001 8.93e-001h  1
 317 5.1849337e+002 1.23e-003 5.24e-002  -6.2 2.01e-001    -  5.58e-001 1.00e+000f  1
 318 5.1812988e+002 6.10e-004 1.13e-001  -6.7 1.03e-001    -  1.00e+000 5.77e-001h  1
 319 5.1792494e+002 5.19e-004 4.03e-001  -7.1 1.13e-001    -  1.00e+000 3.35e-001h  1
iter    objective    inf_pr   inf_du lg(mu)  ||d||  lg(rg) alpha_du alpha_pr  ls
 320 5.1769487e+002 7.17e-004 5.17e-002  -6.8 1.09e-001    -  1.00e+000 6.23e-001h  1
 321 5.1755054e+002 8.00e-004 1.13e-001  -7.2 1.76e-001    -  1.00e+000 3.37e-001h  1
 322 5.1745380e+002 9.44e-004 1.85e-001  -7.8 3.56e-001    -  1.00e+000 1.99e-001h  1
 323 5.1739574e+002 1.00e-003 1.63e-001 -11.0 4.82e-001    -  2.67e-001 1.09e-001h  1
 324 5.1729823e+002 1.47e-003 9.97e-002  -7.8 6.13e-001    -  4.38e-001 1.94e-001h  1
 325 5.1724219e+002 1.61e-003 1.22e-001  -7.2 9.92e-001    -  3.66e-001 1.08e-001h  1
 326 5.1724711e+002 1.69e-003 1.85e-001  -6.9 8.84e-001    -  4.36e-001 1.94e-001h  1
 327 5.1718623e+002 1.54e-003 2.11e-001  -7.2 6.02e-001    -  6.09e-001 2.10e-001h  1
 328 5.1717968e+002 1.57e-003 2.53e-001  -6.8 1.53e+000    -  3.15e-001 1.14e-001f  2
 329 5.1717708e+002 1.17e-003 2.06e-001  -7.1 5.30e-001    -  1.00e+000 5.06e-001H  1
iter    objective    inf_pr   inf_du lg(mu)  ||d||  lg(rg) alpha_du alpha_pr  ls
 330 5.1708739e+002 8.49e-004 1.65e-001  -8.1 3.40e-001    -  7.47e-001 3.14e-001h  1
 331 5.1700474e+002 6.56e-004 1.52e-001 -11.0 3.06e-001    -  2.59e-001 2.58e-001h  1
 332 5.1700255e+002 3.32e-004 7.52e-002  -7.2 2.05e-001    -  6.80e-001 5.54e-001h  1
 333 5.1697190e+002 1.46e-004 5.29e-002  -7.3 8.89e-002    -  1.00e+000 6.23e-001h  1
 334 5.1699928e+002 1.96e-004 5.97e-002  -6.9 2.89e-001    -  8.46e-001 2.91e-001h  2
 335 5.1699309e+002 3.47e-004 6.59e-002  -7.1 2.64e-001    -  1.00e+000 7.07e-001h  1
 336 5.1696908e+002 4.48e-004 9.80e-002  -7.1 2.75e+000    -  1.96e-001 4.21e-002f  1
 337 5.1695272e+002 9.85e-004 1.49e-001  -7.6 2.23e+000    -  2.40e-001 1.03e-001h  2
 338 5.1699025e+002 1.46e-003 1.67e-001  -6.8 9.13e-001    -  5.05e-001 1.91e-001h  2
 339 5.1698198e+002 1.55e-003 1.81e-001  -7.0 5.71e-001    -  9.48e-001 3.21e-001h  1
iter    objective    inf_pr   inf_du lg(mu)  ||d||  lg(rg) alpha_du alpha_pr  ls
 340 5.1692831e+002 2.17e-003 2.34e-001  -7.0 2.13e+000    -  2.82e-001 1.16e-001h  1
 341 5.1710272e+002 8.98e-003 3.84e-001  -6.4 4.29e+000    -  2.93e-001 1.65e-001f  1
 342 5.1716980e+002 7.93e-003 4.03e-001  -6.8 1.31e+000    -  4.05e-001 2.07e-001h  1
 343 5.1708605e+002 4.15e-003 2.75e-001  -6.8 1.66e-001    -  9.69e-001 5.00e-001f  2
 344 5.1690297e+002 1.48e-003 8.48e-002  -6.8 2.51e-001    -  3.01e-001 7.41e-001h  1
 345 5.1689131e+002 1.14e-003 8.37e-002  -6.8 3.41e-001    -  1.00e+000 3.21e-001f  2
 346 5.1686021e+002 1.98e-003 1.33e-001  -6.9 9.52e-001    -  1.00e+000 3.10e-001h  1
 347 5.1681425e+002 5.91e-003 2.47e-001  -6.6 6.69e+000    -  3.32e-001 5.71e-002h  1
 348 5.1759075e+002 6.01e-002 6.54e-001  -5.9 1.58e+001    -  9.00e-002 9.22e-002h  1
 349 5.1788237e+002 6.14e-002 8.19e-001  -6.6 4.05e+000    -  3.51e-001 1.74e-001h  1
iter    objective    inf_pr   inf_du lg(mu)  ||d||  lg(rg) alpha_du alpha_pr  ls
 350 5.1767294e+002 3.64e-002 7.10e-001  -6.6 5.07e-001    -  1.77e-001 4.14e-001f  2
 351 5.1737192e+002 3.10e-002 6.41e-001  -6.6 3.66e-001    -  2.14e-001 1.51e-001h  1
 352 5.1682822e+002 6.77e-003 5.67e-002  -6.6 3.36e-001    -  1.00e+000 8.64e-001f  1
 353 5.1672760e+002 5.14e-003 5.49e-002  -6.6 1.88e-001    -  4.26e-001 2.43e-001f  2
 354 5.1663627e+002 2.16e-004 2.05e-002  -6.8 8.84e-002    -  1.00e+000 1.00e+000h  1
 355 5.1655534e+002 6.55e-004 5.70e-002  -7.1 3.14e-001    -  9.47e-001 3.65e-001h  2
 356 5.1658083e+002 1.41e-003 1.60e-001  -6.7 3.11e-001    -  9.17e-001 1.00e+000h  1
 357 5.1651764e+002 1.50e-003 2.07e-001  -6.9 7.78e-001    -  5.73e-001 2.39e-001h  1
 358 5.1645050e+002 1.22e-003 1.89e-001  -7.2 2.96e-001    -  1.00e+000 3.10e-001h  1
 359 5.1648797e+002 3.97e-005 5.77e-002  -6.8 3.78e-002    -  1.00e+000 1.00e+000h  1
iter    objective    inf_pr   inf_du lg(mu)  ||d||  lg(rg) alpha_du alpha_pr  ls
 360 5.1638452e+002 9.71e-005 8.97e-002  -7.2 8.44e-002    -  1.00e+000 4.87e-001h  1
 361 5.1671390e+002 1.97e-003 1.20e-001  -6.6 1.93e-001    -  5.24e-001 1.00e+000h  1
 362 5.1650407e+002 7.18e-004 1.07e-001  -6.9 1.11e-001    -  1.00e+000 1.00e+000h  1
 363 5.1641012e+002 4.83e-004 3.67e-002  -6.9 1.55e-001    -  1.00e+000 5.58e-001h  1
 364 5.1639579e+002 2.83e-004 2.19e-002  -6.9 1.26e-001    -  1.00e+000 5.00e-001f  2
 365 5.1639283e+002 2.37e-005 2.17e-002  -6.9 3.51e-002    -  1.00e+000 1.00e+000h  1
 366 5.1628408e+002 2.58e-004 7.45e-002  -7.6 1.06e-001    -  1.00e+000 4.94e-001h  1
 367 5.1625909e+002 4.56e-004 7.84e-002  -7.3 4.92e-001    -  1.00e+000 1.68e-001h  1
 368 5.1619871e+002 1.42e-003 1.38e-001  -7.8 2.73e-001    -  1.00e+000 6.63e-001h  1
 369 5.1620264e+002 1.60e-003 1.77e-001  -7.3 4.35e-001    -  5.85e-001 4.22e-001h  1
iter    objective    inf_pr   inf_du lg(mu)  ||d||  lg(rg) alpha_du alpha_pr  ls
 370 5.1614685e+002 1.61e-003 2.22e-001  -7.5 3.69e-001    -  2.55e-002 3.88e-001h  1
 371 5.1621179e+002 9.17e-004 1.82e-001  -7.1 1.54e-001    -  3.67e-001 4.66e-001f  1
 372 5.1612362e+002 6.98e-004 1.59e-001  -8.1 1.18e-001    -  9.53e-001 2.94e-001h  1
 373 5.1607671e+002 5.34e-004 1.16e-001  -7.7 8.74e-002    -  8.50e-001 2.74e-001h  1
 374 5.1605597e+002 4.81e-004 1.08e-001  -8.4 1.47e-001    -  5.92e-001 1.41e-001h  1
 375 5.1605263e+002 1.12e-003 1.74e-001  -7.5 8.10e-001    -  2.85e-001 1.89e-001h  1
 376 5.1602723e+002 1.42e-003 2.20e-001  -7.7 5.16e-001    -  7.94e-001 2.78e-001h  1
 377 5.1599181e+002 2.49e-003 3.36e-001  -7.5 2.07e+000    -  2.13e-001 9.80e-002h  1
 378 5.1598904e+002 4.43e-003 4.90e-001  -7.0 3.75e+000    -  3.44e-001 7.20e-002h  1
 379 5.1598721e+002 4.40e-003 4.90e-001  -7.5 6.08e-001    -  7.10e-001 6.35e-003h  1
iter    objective    inf_pr   inf_du lg(mu)  ||d||  lg(rg) alpha_du alpha_pr  ls
 380 5.1604762e+002 1.13e-004 2.08e-001  -7.5 6.90e-002    -  1.00e+000 1.00e+000h  1
 381 5.1597329e+002 2.50e-005 1.11e-001  -7.3 5.23e-002    -  9.65e-001 1.00e+000h  1
 382 5.1596652e+002 2.21e-005 1.49e-001  -7.6 1.21e-002    -  1.00e+000 1.17e-001h  1
 383 5.1591770e+002 1.87e-005 4.99e-002  -7.9 1.31e-002    -  1.00e+000 6.75e-001h  1
 384 5.1589436e+002 1.73e-005 2.30e-002  -8.5 1.46e-002    -  1.00e+000 5.11e-001h  1
 385 5.1590620e+002 9.94e-005 3.40e-002  -7.6 5.87e-002    -  9.71e-001 1.00e+000h  1
 386 5.1589694e+002 2.26e-004 7.21e-002  -7.7 3.10e+000    -  1.32e-001 2.17e-002h  1
 387 5.1588395e+002 1.50e-003 1.91e-001  -7.7 9.32e+000    -  2.83e-002 2.28e-002f  2
 388 5.1590630e+002 5.58e-003 4.04e-001  -6.9 8.42e+000    -  1.58e-001 4.50e-002h  1
 389 5.1589745e+002 5.95e-003 4.77e-001  -7.5 2.65e+000    -  1.82e-001 5.73e-002h  2
iter    objective    inf_pr   inf_du lg(mu)  ||d||  lg(rg) alpha_du alpha_pr  ls
 390 5.1587996e+002 6.37e-003 5.55e-001  -7.5 2.27e+000    -  3.47e-001 7.27e-002h  1
 391 5.1678751e+002 3.65e-002 7.89e-001  -5.8 2.96e+000    -  1.99e-002 2.62e-001f  1
 392 5.1672121e+002 3.81e-002 9.81e-001  -7.2 7.21e+000    -  1.33e-001 4.28e-002h  1
 393 5.1668458e+002 3.90e-002 1.16e+000  -7.2 3.55e+000    -  6.97e-002 8.41e-002h  1
 394 5.1650267e+002 3.55e-002 1.22e+000  -7.2 1.38e+000    -  2.06e-001 1.90e-001f  1
 395 5.1641903e+002 3.51e-002 1.33e+000  -7.2 2.48e+000    -  7.35e-002 8.68e-002f  1
 396 5.1629690e+002 3.14e-002 1.34e+000  -7.2 1.23e+000    -  1.29e-002 1.73e-001f  1
 397 5.1619818e+002 2.27e-002 1.03e+000  -7.2 6.28e-001    -  1.45e-001 3.32e-001h  1
 398 5.1596957e+002 8.56e-003 4.74e-001  -7.2 1.22e-001    -  9.74e-001 6.35e-001f  1
 399 5.1588745e+002 4.99e-003 2.73e-001  -7.2 1.83e-001    -  6.41e-001 4.26e-001f  1
iter    objective    inf_pr   inf_du lg(mu)  ||d||  lg(rg) alpha_du alpha_pr  ls
 400 5.1583771e+002 3.50e-003 2.42e-001  -7.2 2.14e-001    -  1.00e+000 3.67e-001f  2
 401 5.1607470e+002 9.85e-005 4.89e-002  -6.8 3.88e-001    -  5.52e-001 1.00e+000H  1
 402 5.1583264e+002 9.50e-004 6.89e-002  -7.0 1.66e-001    -  1.00e+000 1.00e+000h  1
 403 5.1582680e+002 1.18e-003 6.68e-002  -7.1 2.26e-001    -  1.00e+000 8.57e-001h  1
 404 5.1573322e+002 4.62e-004 6.24e-002  -7.3 1.03e-001    -  1.00e+000 7.75e-001h  1
 405 5.1567879e+002 2.87e-004 5.60e-002 -11.0 6.05e-002    -  7.57e-001 4.13e-001h  1
 406 5.1564360e+002 2.41e-004 8.42e-002  -8.0 1.05e-001    -  9.87e-001 3.97e-001h  1
 407 5.1562131e+002 3.07e-004 1.22e-001  -8.7 1.88e-001    -  5.95e-001 2.05e-001h  1
 408 5.1560545e+002 3.22e-004 1.45e-001 -11.0 2.26e-001    -  2.98e-001 1.57e-001h  1
 409 5.1560176e+002 3.20e-004 1.53e-001  -8.0 6.32e-001    -  9.19e-002 2.07e-002h  1
iter    objective    inf_pr   inf_du lg(mu)  ||d||  lg(rg) alpha_du alpha_pr  ls
 410 5.1558459e+002 5.53e-004 2.11e-001  -8.3 1.36e+000    -  1.31e-001 6.81e-002h  1
 411 5.1557791e+002 9.78e-004 2.89e-001  -8.3 2.26e+000    -  2.24e-001 5.87e-002h  1
 412 5.1556651e+002 1.22e-003 3.49e-001  -7.4 1.28e+000    -  3.33e-002 9.27e-002h  1
 413 5.1555720e+002 1.27e-003 3.81e-001  -8.8 1.84e+000    -  2.48e-001 3.25e-002h  1
 414 5.1554240e+002 1.84e-003 5.45e-001  -7.3 6.61e+000    -  7.61e-002 2.39e-002h  1
 415 5.1553549e+002 2.94e-003 6.08e-001  -7.2 7.37e+000    -  2.30e-002 2.98e-002h  2
 416 5.1552997e+002 3.73e-003 6.94e-001  -7.7 3.04e+000    -  2.05e-001 5.86e-002h  2
 417 5.1551957e+002 4.91e-003 8.15e-001  -7.4 3.82e+000    -  1.37e-001 5.42e-002h  2
 418 5.1551733e+002 1.42e-002 1.20e+000  -7.3 7.86e+000    -  9.32e-002 6.85e-002h  1
 419 5.1550109e+002 1.61e-002 1.38e+000  -7.8 1.44e+001    -  1.02e-002 1.56e-002h  1
iter    objective    inf_pr   inf_du lg(mu)  ||d||  lg(rg) alpha_du alpha_pr  ls
 420 5.1549284e+002 1.67e-002 1.49e+000  -7.7 1.08e+001    -  1.21e-001 1.17e-002f  3
 421 5.1548880e+002 1.86e-002 1.59e+000  -8.4 1.88e+000    -  1.76e-001 1.48e-001h  1
 422 5.1548081e+002 1.84e-002 1.65e+000  -7.4 1.65e+000    -  8.68e-002 3.53e-002h  1
 423 5.1547274e+002 1.96e-002 1.71e+000  -7.7 1.45e+000    -  5.13e-002 1.00e-001h  2
 424 5.1544527e+002 1.98e-002 1.72e+000  -7.8 2.10e+000    -  7.12e-002 7.55e-002h  1
 425 5.1543545e+002 1.96e-002 1.72e+000 -11.0 1.50e+000    -  6.77e-002 1.65e-002h  1
 426 5.1541229e+002 2.05e-002 1.72e+000  -8.2 1.12e+000    -  1.80e-001 1.10e-001h  1
 427 5.1539645e+002 2.09e-002 1.78e+000  -7.2 2.47e+000    -  6.20e-002 2.95e-002h  1
 428 5.1540036e+002 2.53e-002 1.96e+000  -6.5 3.97e+000    -  2.97e-002 4.67e-002h  1
 429 5.1539357e+002 2.53e-002 1.99e+000  -7.6 6.06e+000    -  1.17e-002 4.04e-003h  1
iter    objective    inf_pr   inf_du lg(mu)  ||d||  lg(rg) alpha_du alpha_pr  ls
 430 5.1541619e+002 4.07e-002 2.34e+000  -7.0 6.26e+000    -  7.87e-002 5.86e-002f  1
 431 5.1540494e+002 4.08e-002 2.41e+000  -7.6 6.10e+000    -  2.22e-002 1.14e-002h  1
 432 5.1538192e+002 4.97e-002 2.73e+000  -7.6 1.03e+001    -  6.33e-002 3.13e-002f  2
 433 5.1537624e+002 6.20e-002 3.10e+000  -7.0 9.22e+000    -  1.91e-001 4.00e-002h  1
 434 5.1536530e+002 6.18e-002 3.15e+000 -11.0 6.33e+000    -  2.57e-002 6.82e-003h  1
 435 5.1548875e+002 1.22e-001 3.97e+000  -6.2 9.11e+000    -  1.45e-002 7.51e-002h  1
 436 5.1546537e+002 1.22e-001 4.13e+000  -7.3 1.12e+001    -  7.78e-002 9.67e-003h  1
 437 5.1544201e+002 1.18e-001 3.99e+000  -7.3 1.50e+000    -  3.84e-002 3.23e-002h  1
 438 5.1536548e+002 7.82e-002 2.94e+000  -7.3 3.46e-001    -  6.30e-002 3.39e-001f  1
 439 5.1527147e+002 1.59e-002 7.57e-001  -7.3 2.74e-001    -  5.93e-001 8.22e-001f  1
iter    objective    inf_pr   inf_du lg(mu)  ||d||  lg(rg) alpha_du alpha_pr  ls
 440 5.1525306e+002 1.32e-002 5.95e-001  -7.5 3.72e-001    -  5.86e-001 1.77e-001h  2
 441 5.1522931e+002 2.59e-003 2.76e-001  -7.6 2.02e-001    -  1.00e+000 1.00e+000h  1
 442 5.1562135e+002 1.02e-003 5.58e-002  -7.1 4.50e-001    -  5.17e-001 6.87e-001H  1
 443 5.1522654e+002 1.98e-003 7.88e-002  -7.3 3.13e-001    -  1.89e-001 1.00e+000h  1
 444 5.1532190e+002 3.34e-005 3.86e-002  -7.5 9.52e-002    -  1.00e+000 9.91e-001h  1
 445 5.1523677e+002 5.55e-005 2.32e-002  -7.2 7.79e-002    -  1.00e+000 1.00e+000h  1
 446 5.1520086e+002 3.84e-005 8.17e-002  -7.9 4.26e-002    -  1.00e+000 5.57e-001h  1
 447 5.1520265e+002 2.47e-004 1.08e-001  -7.3 5.00e-001    -  9.05e-001 2.25e-001h  2
 448 5.1519240e+002 5.02e-004 2.20e-001  -7.4 1.11e+000    -  3.73e-001 1.12e-001h  1
 449 5.1518492e+002 8.29e-004 4.18e-001  -7.5 7.75e-001    -  1.89e-001 1.06e-001f  2
iter    objective    inf_pr   inf_du lg(mu)  ||d||  lg(rg) alpha_du alpha_pr  ls
 450 5.1517356e+002 8.64e-004 3.78e-001  -9.4 5.60e-001    -  1.93e-001 7.03e-002h  1
 451 5.1516113e+002 2.04e-003 5.12e-001  -8.2 6.69e-001    -  2.30e-001 1.82e-001h  2
 452 5.1514555e+002 3.56e-003 6.75e-001  -8.0 7.12e-001    -  7.32e-001 1.87e-001h  1
 453 5.1519499e+002 9.91e-003 1.03e+000  -6.9 1.29e+000    -  1.74e-001 1.90e-001h  2
 454 5.1518279e+002 1.03e-002 1.17e+000  -7.5 1.42e+000    -  2.14e-001 8.27e-002h  2
 455 5.1517917e+002 1.41e-002 1.45e+000  -7.5 1.74e+000    -  1.72e-001 1.38e-001h  1
 456 5.1515458e+002 1.57e-002 1.65e+000  -7.5 1.84e+000    -  3.15e-001 9.74e-002h  1
 457 5.1514986e+002 1.47e-002 1.62e+000  -7.5 1.89e+000    -  1.25e-001 8.93e-002h  2
 458 5.1514935e+002 4.74e-003 6.77e-001  -7.5 2.04e-001    -  1.00e+000 1.00e+000h  1
 459 5.1570610e+002 1.04e-004 1.94e-001  -7.2 2.79e-001    -  5.63e-001 1.00e+000H  1
iter    objective    inf_pr   inf_du lg(mu)  ||d||  lg(rg) alpha_du alpha_pr  ls
 460 5.1524170e+002 5.58e-004 1.16e-001  -7.4 1.93e-001    -  1.00e+000 5.30e-001h  1
 461 5.1511758e+002 1.32e-003 3.60e-002  -7.4 1.38e-001    -  1.00e+000 1.00e+000f  1
 462 5.1514092e+002 6.13e-004 1.20e-001  -7.4 7.55e-002    -  9.89e-001 8.49e-001h  1
 463 5.1505799e+002 7.59e-005 2.24e-002  -7.7 4.50e-002    -  1.00e+000 9.78e-001h  1
 464 5.1503657e+002 2.81e-005 1.19e-002  -8.0 1.09e-002    -  1.00e+000 8.10e-001h  1
 465 5.1503770e+002 3.31e-005 1.69e-002  -7.7 2.24e-002    -  1.00e+000 1.00e+000h  1
 466 5.1501710e+002 1.18e-003 1.20e-001  -7.8 5.22e-001    -  5.49e-001 2.85e-001h  1
 467 5.1501209e+002 1.64e-003 1.84e-001  -7.5 1.63e+000    -  2.04e-001 5.78e-002f  3
 468 5.1500855e+002 2.29e-003 2.54e-001  -7.9 7.60e-001    -  7.56e-001 1.43e-001h  3
 469 5.1499400e+002 2.90e-003 3.20e-001 -11.0 4.69e-001    -  3.37e-001 2.26e-001h  2
iter    objective    inf_pr   inf_du lg(mu)  ||d||  lg(rg) alpha_du alpha_pr  ls
 470 5.1501476e+002 7.05e-003 5.18e-001  -7.2 1.89e+000    -  1.12e-001 1.22e-001h  1
 471 5.1500747e+002 6.67e-003 5.31e-001  -7.9 5.58e-001    -  5.26e-001 6.54e-002h  1
 472 5.1498601e+002 3.39e-003 3.29e-001  -7.9 4.61e-001    -  1.18e-001 5.00e-001f  2
 473 5.1502381e+002 2.02e-003 4.96e-002  -7.6 3.28e-001    -  1.00e+000 8.30e-001h  1
 474 5.1511579e+002 1.32e-003 1.47e-001  -7.7 1.71e-001    -  7.14e-001 1.00e+000h  1
 475 5.1498498e+002 6.22e-003 9.61e-002  -7.7 3.63e-001    -  5.06e-001 8.17e-001h  1
 476 5.1499166e+002 5.77e-003 1.35e-001  -8.1 5.63e-001    -  7.24e-001 1.18e-001h  3
 477 5.1496440e+002 2.24e-003 6.69e-002  -8.0 1.81e-001    -  6.96e-001 6.19e-001h  1
 478 5.1496785e+002 1.14e-003 4.71e-002  -7.8 8.66e-002    -  1.00e+000 5.00e-001f  2
 479 5.1495190e+002 7.35e-006 1.82e-002  -8.1 1.62e-002    -  1.00e+000 1.00e+000h  1
iter    objective    inf_pr   inf_du lg(mu)  ||d||  lg(rg) alpha_du alpha_pr  ls
 480 5.1494214e+002 4.73e-006 1.40e-002  -8.9 6.86e-003    -  1.00e+000 6.06e-001h  1
 481 5.1493773e+002 6.69e-006 1.50e-001  -9.9 1.72e-002    -  1.00e+000 3.58e-001h  1
 482 5.1493490e+002 1.66e-005 3.46e-001  -9.3 7.95e-002    -  7.73e-001 1.86e-001h  1
 483 5.1493438e+002 2.05e-005 2.39e-001  -8.2 9.41e-002    -  3.69e-001 1.80e-001h  1
 484 5.1493165e+002 8.28e-005 2.26e-001  -8.7 5.03e-001    -  1.78e-001 1.04e-001h  1
 485 5.1493065e+002 8.39e-005 2.51e-001  -8.6 3.23e-001    -  4.86e-001 3.87e-002f  1
 486 5.1492839e+002 1.55e-004 2.38e-001  -8.6 2.94e-001    -  5.03e-001 1.39e-001h  2
 487 5.1492469e+002 4.07e-004 2.39e-001  -8.9 3.44e-001    -  2.69e-001 1.77e-001h  1
 488 5.1492146e+002 4.75e-004 2.98e-001  -8.7 9.51e-001    -  2.01e-001 4.04e-002h  1
 489 5.1492125e+002 6.44e-004 3.71e-001  -8.3 7.65e-001    -  3.31e-001 7.23e-002h  2
iter    objective    inf_pr   inf_du lg(mu)  ||d||  lg(rg) alpha_du alpha_pr  ls
 490 5.1491858e+002 8.54e-004 3.99e-001  -8.6 3.23e-001    -  6.35e-001 2.25e-001h  1
 491 5.1491438e+002 1.82e-003 5.63e-001  -8.3 1.32e+000    -  3.16e-001 9.46e-002f  1
 492 5.1490863e+002 5.69e-003 8.95e-001  -8.5 2.83e+000    -  1.46e-001 8.64e-002h  1
 493 5.1490487e+002 6.27e-003 1.03e+000 -11.0 4.98e+000    -  1.13e-001 2.08e-002h  1
 494 5.1490292e+002 6.22e-003 1.07e+000  -7.8 1.66e+000    -  1.47e-001 2.83e-002h  1
 495 5.1490342e+002 1.08e-002 1.36e+000  -7.5 3.38e+000    -  1.16e-001 9.01e-002h  1
 496 5.1488896e+002 1.65e-002 1.77e+000  -8.2 1.79e+001    -  5.66e-002 1.83e-002h  1
 497 5.1488486e+002 5.41e-002 2.81e+000  -6.9 4.13e+001    -  4.09e-002 2.03e-002f  1
 498 5.1486947e+002 6.42e-002 3.36e+000  -6.7 5.40e+001    -  4.18e-002 8.31e-003h  1
 499 5.1485263e+002 8.29e-002 4.11e+000  -8.1 6.76e+001    -  3.53e-002 9.05e-003h  1
iter    objective    inf_pr   inf_du lg(mu)  ||d||  lg(rg) alpha_du alpha_pr  ls
 500 5.1493399e+002 1.30e-001 5.22e+000  -6.3 3.03e+001    -  1.38e-002 3.36e-002h  1
 501 5.1491820e+002 1.36e-001 5.68e+000  -7.7 2.13e+001    -  1.51e-002 2.02e-002h  1
 502 5.1490165e+002 1.40e-001 6.03e+000  -7.7 3.07e+001    -  4.14e-002 1.09e-002h  1
 503 5.1488534e+002 1.41e-001 6.32e+000  -7.7 1.25e+001    -  2.55e-001 2.70e-002h  3
 504 5.1486118e+002 1.46e-001 6.70e+000  -7.7 1.28e+001    -  5.92e-002 4.15e-002h  2
 505 5.1484638e+002 1.45e-001 6.83e+000  -7.7 1.08e+001    -  1.72e-001 1.76e-002h  1
 506 5.1486915e+002 1.76e-001 7.83e+000  -5.9 4.78e+001    -  1.87e-002 1.88e-002f  1
 507 5.1525972e+002 1.70e-001 7.45e+000  -7.4 1.71e+001    -  2.71e-002 3.87e-002h  3
 508 5.1479091e+002 8.76e-003 1.64e-001  -7.4 3.96e-001    -  5.94e-001 1.00e+000h  1
 509 5.1481910e+002 2.38e-002 9.16e-001  -7.0 2.05e+000    -  5.24e-001 3.25e-001h  2
iter    objective    inf_pr   inf_du lg(mu)  ||d||  lg(rg) alpha_du alpha_pr  ls
 510 5.1479723e+002 3.46e-002 1.65e+000  -7.3 9.76e+000    -  7.73e-002 6.07e-002h  2
 511 5.1475749e+002 7.95e-002 3.11e+000  -7.3 4.86e+001    -  4.59e-002 2.36e-002h  1
 512 5.1475151e+002 1.64e-001 5.18e+000  -6.9 1.29e+002    -  1.70e-002 1.04e-002F  1
 513 5.1485999e+002 3.19e-001 7.96e+000  -5.8 9.16e+001    -  2.36e-002 2.36e-002h  1
 514 5.1483541e+002 3.24e-001 8.58e+000  -7.1 6.11e+001    -  5.42e-002 7.99e-003h  1
 515 5.1482457e+002 3.32e-001 9.73e+000  -7.1 1.66e+001  -6.4 7.90e-002 3.95e-002f  2
 516 5.1479213e+002 3.42e-001 1.06e+001  -7.1 1.68e+001    -  7.97e-002 5.28e-002h  1
 517 5.1473750e+002 3.61e-001 1.17e+001  -7.1 1.97e+001    -  1.03e-001 5.46e-002h  1
 518 5.1472365e+002 4.71e-001 1.41e+001  -6.4 5.26e+001    -  5.73e-002 3.78e-002f  2
 519 5.1475563e+002 5.20e-001 1.57e+001  -6.1 6.80e+001    -  5.30e-002 2.06e-002h  2
iter    objective    inf_pr   inf_du lg(mu)  ||d||  lg(rg) alpha_du alpha_pr  ls
 520 5.1494590e+002 5.14e-001 1.60e+001  -6.9 1.54e+001    -  1.30e-001 5.92e-002h  2
 521 5.1462918e+002 2.02e-001 8.78e+000  -6.9 8.73e-001    -  4.10e-001 6.27e-001h  1
 522 5.1541557e+002 1.61e-001 6.40e+000  -6.2 2.68e+000    -  2.03e-001 5.19e-001f  1
 523 5.1509928e+002 1.25e-001 4.18e+000  -6.7 2.52e+000    -  4.82e-001 2.86e-001h  1
 524 5.1481141e+002 9.93e-002 3.28e+000  -6.7 1.86e+000    -  4.86e-001 2.09e-001h  1
 525 5.1454566e+002 3.23e-002 1.36e+000  -6.7 6.06e-001    -  9.81e-002 7.37e-001f  1
 526 5.1452216e+002 3.00e-002 1.49e+000  -6.8 1.89e+000    -  7.96e-001 1.52e-001f  3
 527 5.1456908e+002 1.34e-003 1.53e+000  -6.9 1.16e+000    -  1.00e+000 1.00e+000H  1
 528 5.1470077e+002 3.22e-001 5.46e+000  -6.6 5.81e+000    -  4.36e-001 5.23e-001h  1
 529 5.1458549e+002 3.40e-001 6.49e+000  -6.8 7.88e+001    -  6.65e-002 9.76e-003h  1
iter    objective    inf_pr   inf_du lg(mu)  ||d||  lg(rg) alpha_du alpha_pr  ls
 530 5.1457866e+002 3.62e-001 7.67e+000  -6.8 2.99e+001    -  4.12e-002 3.23e-002h  3
 531 5.1511585e+002 3.15e-001 8.22e+000  -6.8 5.39e+000    -  4.88e-001 4.31e-001H  1
 532 5.1493490e+002 3.20e-001 8.99e+000  -6.8 1.73e+001    -  1.07e-001 4.11e-002h  3
 533 5.1477803e+002 3.27e-001 9.68e+000  -6.8 3.21e+001    -  6.42e-002 1.85e-002h  3
 534 5.1444104e+002 4.65e-001 1.22e+001  -6.8 7.20e+001    -  2.50e-002 2.84e-002h  1
 535 5.1421314e+002 5.76e-001 1.45e+001  -6.5 1.65e+002    -  2.65e-002 1.13e-002h  2
 536 5.1394601e+002 8.06e-001 1.75e+001  -6.2 1.08e+002    -  3.43e-002 2.47e-002h  1
 537 5.1374328e+002 9.96e-001 2.03e+001  -7.3 2.02e+002    -  3.03e-002 1.27e-002h  1
 538 5.1365188e+002 1.02e+000 2.13e+001  -6.3 7.49e+001    -  5.18e-002 1.54e-002h  1
 539 5.1635308e+002 7.24e-001 1.54e+001  -6.4 6.44e-001  -4.7 1.62e-001 2.95e-001h  1
iter    objective    inf_pr   inf_du lg(mu)  ||d||  lg(rg) alpha_du alpha_pr  ls
 540 5.1616457e+002 7.01e-001 1.50e+001  -6.7 3.94e+000    -  3.06e-001 3.18e-002h  1
 541 5.1582074e+002 6.92e-001 1.51e+001  -6.7 1.97e+001    -  5.79e-002 4.45e-002h  1
 542 5.1533976e+002 6.99e-001 1.57e+001  -6.7 3.23e+001    -  6.45e-002 3.14e-002f  1
 543 5.1446492e+002 7.04e-001 1.63e+001  -6.7 4.37e+001    -  4.37e-002 2.14e-002h  2
 544 5.1425457e+002 6.56e-001 1.51e+001  -6.7 1.03e+000    -  2.97e-001 6.73e-002h  1
 545 5.1338899e+002 3.76e-001 7.79e+000  -6.7 9.57e-001    -  5.29e-001 4.34e-001h  1
 546 5.1325592e+002 2.97e-001 6.24e+000  -6.4 1.03e+000    -  6.62e-001 2.11e-001f  1
 547 5.1313987e+002 2.66e-001 5.69e+000  -7.6 1.47e+000    -  6.47e-001 1.06e-001h  1
 548 5.1297983e+002 1.59e-001 3.54e+000  -6.8 2.37e+000    -  1.00e+000 5.50e-001h  1
 549 5.1290992e+002 1.64e-001 4.12e+000  -6.5 6.18e+000    -  4.73e-001 2.19e-001h  2
iter    objective    inf_pr   inf_du lg(mu)  ||d||  lg(rg) alpha_du alpha_pr  ls
 550 5.1429051e+002 1.19e-001 4.43e+000  -6.4 4.09e+000    -  4.32e-001 5.75e-001H  1
 551 5.1410281e+002 3.72e-002 1.43e+000  -6.1 1.24e+000    -  4.00e-001 1.00e+000h  1
 552 5.1344572e+002 2.95e-002 9.06e-001 -11.0 1.14e+000    -  4.93e-001 2.63e-001h  1
 553 5.1311777e+002 1.28e-002 6.53e-001  -6.3 6.07e-001    -  1.00e+000 7.05e-001h  1
 554 5.1311232e+002 5.08e-003 1.90e+000  -6.3 2.26e+000    -  7.41e-001 9.57e-001H  1
 555 5.1302231e+002 6.90e-003 2.16e+000  -6.6 2.04e+000  -5.2 9.39e-001 1.30e-001h  1
 556 5.1267512e+002 2.46e-003 1.36e+000  -6.9 8.59e-002    -  1.00e+000 6.68e-001h  1
 557 5.1251372e+002 2.20e-003 1.07e+000  -7.1 4.60e-001    -  8.84e-001 3.59e-001h  1
 558 5.1323403e+002 3.12e-002 1.79e+000  -6.0 2.13e+000    -  9.32e-002 5.34e-001h  1
 559 5.1312394e+002 6.39e-002 2.81e+000  -6.8 3.13e+001    -  1.14e-001 3.96e-002h  1
iter    objective    inf_pr   inf_du lg(mu)  ||d||  lg(rg) alpha_du alpha_pr  ls
 560 5.1292489e+002 2.07e-001 4.88e+000  -6.8 5.16e+001    -  5.38e-002 5.01e-002h  1
 561 5.1272226e+002 3.71e-001 7.17e+000  -6.8 3.14e+002    -  1.48e-002 8.63e-003h  1
 562 5.1276198e+002 3.67e-001 7.39e+000  -6.8 4.38e+000  -5.6 3.30e-001 1.82e-002h  4
 563 5.1261133e+002 3.23e-001 6.84e+000  -6.8 3.67e-001    -  8.80e-002 1.20e-001h  1
 564 5.1255005e+002 3.13e-001 6.59e+000  -6.8 1.25e+000    -  8.66e-002 3.49e-002h  1
 565 5.1226807e+002 3.33e-001 6.82e+000  -6.8 4.05e+000    -  1.16e-001 1.65e-001f  1
 566 5.1211657e+002 3.65e-001 7.68e+000  -6.3 9.40e+000    -  1.49e-001 5.46e-002f  1
 567 5.1209783e+002 3.64e-001 7.81e+000  -6.1 1.18e+001    -  2.55e-001 5.90e-003h  1
 568 5.1196440e+002 3.55e-001 7.88e+000 -11.0 4.69e+000    -  1.22e-001 6.55e-002h  1
 569 5.1182191e+002 4.63e-001 7.91e+000  -6.7 5.09e+000    -  2.47e-001 2.21e-001h  1
iter    objective    inf_pr   inf_du lg(mu)  ||d||  lg(rg) alpha_du alpha_pr  ls
 570 5.1167579e+002 5.60e-001 9.07e+000  -6.2 2.00e+001    -  7.71e-002 4.29e-002h  1
 571 5.1186626e+002 1.32e+000 1.23e+001  -5.3 8.17e+001    -  4.94e-002 2.61e-002h  1
 572 5.1181247e+002 1.33e+000 1.28e+001  -6.4 3.96e+001    -  3.22e-002 8.85e-003h  1
 573 5.1177475e+002 1.43e+000 1.38e+001  -6.4 4.13e+001    -  6.50e-002 1.85e-002f  3
 574 5.1168931e+002 1.46e+000 1.41e+001  -6.4 1.09e+001    -  1.03e-001 6.73e-002h  3
 575 5.1159310e+002 1.45e+000 1.42e+001  -6.4 9.37e+000    -  9.34e-002 5.16e-002h  3
 576 5.1676189e+002 9.55e-001 8.23e+000  -5.7 4.46e+000    -  3.06e-001 4.83e-001h  1
 577 5.1407209e+002 6.14e-001 6.06e+000  -6.1 1.54e+000    -  9.93e-001 5.52e-001h  1
 578 5.1198185e+002 4.71e-001 4.74e+000  -6.1 1.58e+000    -  2.17e-001 2.54e-001h  1
 579 5.1177927e+002 4.77e-003 4.34e-001  -6.1 1.38e-001    -  9.29e-001 1.00e+000f  1
iter    objective    inf_pr   inf_du lg(mu)  ||d||  lg(rg) alpha_du alpha_pr  ls
 580 5.1141221e+002 3.27e-003 3.76e-001  -6.8 1.85e-001    -  1.00e+000 4.84e-001h  1
 581 5.1109462e+002 1.13e-002 1.37e-001  -6.5 3.54e-001    -  1.00e+000 5.98e-001h  1
 582 5.1093510e+002 9.86e-003 1.90e-001  -7.0 3.42e-001    -  1.00e+000 2.24e-001h  1
 583 5.1067621e+002 1.02e-002 2.53e-001  -7.2 6.14e-001    -  8.22e-001 3.44e-001h  1
 584 5.1052363e+002 1.25e-002 5.03e-001  -6.8 1.63e+000    -  6.76e-001 2.27e-001h  1
 585 5.1042009e+002 1.28e-002 3.75e-001  -6.9 1.85e+000    -  6.23e-001 1.89e-001h  1
 586 5.1037518e+002 1.27e-002 4.14e-001  -6.6 1.99e+000    -  3.94e-001 1.34e-001h  1
 587 5.1112786e+002 6.98e-002 7.87e-001  -6.2 3.15e+000    -  3.00e-001 5.58e-001h  1
 588 5.1085475e+002 7.00e-002 9.52e-001  -6.6 4.41e+000    -  2.65e-001 1.47e-001h  1
 589 5.1065037e+002 6.91e-002 1.01e+000  -6.6 4.48e+000    -  2.40e-001 8.00e-002f  2
iter    objective    inf_pr   inf_du lg(mu)  ||d||  lg(rg) alpha_du alpha_pr  ls
 590 5.1035191e+002 3.64e-002 5.38e-001  -6.6 4.88e-001    -  1.00e+000 5.09e-001h  1
 591 5.1021868e+002 2.26e-002 3.32e-001  -6.6 1.25e-001    -  6.90e-001 3.83e-001f  1
 592 5.1004715e+002 4.79e-004 1.38e-002  -6.7 7.89e-002    -  1.00e+000 9.90e-001h  1
 593 5.0991590e+002 6.38e-004 1.12e-001  -7.2 2.02e-001    -  1.00e+000 5.32e-001h  1
 594 5.0985141e+002 8.53e-003 2.26e-001  -6.8 6.65e-001    -  1.00e+000 5.91e-001h  1
 595 5.0983463e+002 4.56e-002 5.87e-001  -6.4 2.70e+000    -  4.04e-001 3.05e-001h  1
 596 5.0983613e+002 7.66e-002 9.14e-001  -6.4 1.04e+001    -  2.43e-001 7.73e-002h  2
 597 5.0979784e+002 8.10e-002 1.06e+000  -6.6 6.37e+000    -  2.66e-001 6.72e-002h  2
 598 5.0976668e+002 7.88e-002 1.12e+000  -6.7 2.79e+000    -  4.96e-001 1.82e-001h  1
 599 5.0982655e+002 8.29e-002 1.27e+000  -6.0 4.98e+000    -  4.67e-002 1.00e-001h  1
iter    objective    inf_pr   inf_du lg(mu)  ||d||  lg(rg) alpha_du alpha_pr  ls
 600 5.0979580e+002 8.20e-002 1.30e+000  -6.6 5.49e+000    -  1.49e-001 1.99e-002h  1
 601 5.0974146e+002 1.19e-001 1.57e+000  -6.6 5.81e+000    -  2.94e-001 1.56e-001f  2
 602 5.0980023e+002 1.61e-001 1.86e+000  -6.2 7.43e+000    -  4.79e-001 1.33e-001h  2
 603 5.0972212e+002 2.06e-001 2.25e+000  -6.5 1.32e+001    -  1.55e-001 7.38e-002h  2
 604 5.1067754e+002 1.05e+000 3.99e+000  -5.8 2.82e+001    -  1.92e-001 1.37e-001h  1
 605 5.1053970e+002 1.08e+000 4.52e+000  -6.3 2.27e+001    -  1.78e-001 5.08e-002h  1
 606 5.1047684e+002 1.17e+000 5.25e+000  -6.3 1.51e+001    -  2.04e-001 1.29e-001h  1
 607 5.1030817e+002 1.18e+000 5.71e+000  -6.3 1.39e+001    -  2.54e-001 1.11e-001h  1
 608 5.1004481e+002 1.14e+000 5.94e+000  -6.3 9.37e+000    -  3.42e-001 1.76e-001h  1
 609 5.0978379e+002 1.00e+000 5.62e+000  -6.3 4.09e+000    -  2.99e-001 1.34e-001h  1
iter    objective    inf_pr   inf_du lg(mu)  ||d||  lg(rg) alpha_du alpha_pr  ls
 610 5.0948493e+002 5.86e-001 3.26e+000  -6.3 1.26e+000    -  4.93e-001 4.32e-001f  1
 611 5.0922257e+002 4.76e-001 2.83e+000  -6.6 1.06e+000    -  5.15e-001 1.93e-001h  1
 612 5.0895451e+002 2.66e-001 1.66e+000  -6.7 6.70e-001    -  9.91e-001 4.55e-001h  1
 613 5.0914709e+002 1.42e-001 1.00e+000  -6.2 1.12e+000    -  6.81e-001 6.39e-001h  1
 614 5.0930146e+002 1.65e-001 1.33e+000  -5.9 4.71e+000    -  4.00e-001 1.57e-001h  1
 615 5.0927284e+002 1.81e-001 1.66e+000  -6.2 4.72e+000    -  5.36e-001 1.65e-001h  2
 616 5.0924098e+002 1.86e-001 1.93e+000  -6.2 4.84e+000    -  3.04e-001 1.55e-001h  2
 617 5.0922217e+002 2.02e-001 2.22e+000  -6.2 4.78e+000    -  4.26e-001 1.96e-001h  1
 618 5.0912974e+002 2.03e-001 2.41e+000  -6.2 5.99e+000    -  3.09e-001 1.07e-001h  2
 619 5.0987331e+002 1.44e-001 2.25e+000  -6.2 2.70e+000    -  9.80e-001 5.87e-001H  1
iter    objective    inf_pr   inf_du lg(mu)  ||d||  lg(rg) alpha_du alpha_pr  ls
 620 5.0939822e+002 8.26e-002 1.92e+000  -6.3 8.97e-001    -  4.47e-001 5.30e-001h  1
 621 5.0903511e+002 5.11e-002 1.17e+000  -6.0 5.36e-001    -  3.44e-001 4.03e-001f  1
 622 5.0887870e+002 6.28e-003 6.09e-002  -6.2 2.26e-001    -  1.00e+000 9.38e-001h  1
 623 5.0840446e+002 2.76e-003 2.75e-001  -6.8 1.44e-001    -  1.00e+000 6.07e-001h  1
 624 5.0815572e+002 2.69e-003 4.16e-001  -7.0 3.16e-001    -  1.00e+000 4.32e-001h  1
 625 5.0802467e+002 4.16e-003 5.08e-001  -7.1 9.69e-001    -  1.00e+000 1.62e-001h  1
 626 5.0783848e+002 1.84e-002 2.97e-001  -6.7 1.19e+000    -  9.66e-001 2.49e-001h  1
 627 5.0768891e+002 9.48e-002 7.18e-001  -6.9 2.88e+000  -6.6 4.07e-001 2.29e-001h  1
 628 5.0759934e+002 9.52e-002 8.41e-001  -7.0 2.07e+000    -  4.82e-001 1.32e-001h  2
 629 5.0763324e+002 2.17e-002 3.96e-001  -6.9 3.75e-001    -  1.00e+000 9.84e-001h  1
iter    objective    inf_pr   inf_du lg(mu)  ||d||  lg(rg) alpha_du alpha_pr  ls
 630 5.0751444e+002 1.89e-002 3.85e-001 -11.0 2.18e-001    -  5.77e-001 1.33e-001h  1
 631 5.0736583e+002 1.56e-002 3.22e-001  -8.7 2.91e-001    -  1.63e-001 2.00e-001h  1
 632 5.0724670e+002 7.85e-003 1.69e-001  -7.0 3.10e-001    -  4.43e-001 5.92e-001h  1
 633 5.0714790e+002 6.34e-003 1.46e-001  -7.5 2.57e-001    -  8.51e-001 3.21e-001h  1
 634 5.0707953e+002 6.15e-003 1.67e-001  -7.4 3.47e-001    -  8.93e-001 3.34e-001h  1
 635 5.0705018e+002 9.18e-003 2.33e-001  -7.0 3.61e-001    -  6.60e-001 5.74e-001h  1
 636 5.0705315e+002 1.30e-002 3.65e-001  -6.8 8.20e-001    -  4.46e-001 2.47e-001h  1
 637 5.0703046e+002 1.25e-002 4.07e-001  -7.0 6.25e-001    -  6.29e-001 1.66e-001h  1
 638 5.0699856e+002 2.40e-002 4.39e-001  -7.1 4.61e-001    -  1.00e+000 8.25e-001f  1
 639 5.0694800e+002 3.37e-002 6.49e-001  -6.8 1.58e+000    -  6.29e-001 1.85e-001h  1
iter    objective    inf_pr   inf_du lg(mu)  ||d||  lg(rg) alpha_du alpha_pr  ls
 640 5.0692112e+002 3.43e-002 7.21e-001  -6.9 1.63e+000    -  6.35e-001 8.72e-002h  1
 641 5.0699262e+002 3.93e-002 3.17e-001  -7.2 4.50e-001    -  1.00e+000 9.93e-001h  1
 642 5.0691397e+002 3.88e-002 5.19e-001  -6.9 6.69e-001    -  9.29e-001 4.52e-001h  1
 643 5.0679999e+002 3.71e-002 5.57e-001 -11.0 7.83e-001    -  2.17e-001 3.04e-001h  1
 644 5.0665720e+002 1.70e-002 2.40e-001  -8.1 7.46e-002    -  1.91e-001 5.41e-001h  1
 645 5.0660465e+002 1.19e-002 1.94e-001  -7.6 2.57e-001    -  1.00e+000 4.78e-001h  1
 646 5.0659185e+002 2.14e-002 2.99e-001  -7.0 1.23e+000    -  2.61e-001 1.89e-001h  1
 647 5.0656465e+002 3.21e-002 4.44e-001  -7.0 4.84e+000    -  2.15e-001 4.89e-002h  1
 648 5.0654611e+002 3.63e-002 5.39e-001  -6.9 5.83e+000    -  2.31e-001 2.82e-002h  1
 649 5.0650213e+002 7.62e-002 8.21e-001  -6.7 8.82e+000    -  1.68e-001 6.28e-002h  1
iter    objective    inf_pr   inf_du lg(mu)  ||d||  lg(rg) alpha_du alpha_pr  ls
 650 5.0648796e+002 7.68e-002 8.74e-001  -7.0 8.24e+000    -  1.59e-001 1.17e-002h  1
 651 5.0651842e+002 1.08e-001 1.05e+000  -6.7 4.31e+000    -  2.41e-001 1.21e-001h  1
 652 5.0650650e+002 2.31e-001 1.47e+000  -7.0 6.31e+000    -  6.77e-003 1.51e-001h  1
 653 5.0646455e+002 2.39e-001 1.62e+000  -7.0 5.96e+000    -  3.22e-001 6.40e-002h  1
 654 5.0643370e+002 2.41e-001 1.72e+000  -6.4 1.41e+001    -  1.67e-001 1.42e-002f  1
 655 5.0660680e+002 2.79e-001 1.98e+000  -5.8 8.66e+000    -  7.62e-002 7.55e-002h  1
 656 5.0658195e+002 2.75e-001 2.01e+000  -6.7 5.89e+000    -  1.60e-001 2.41e-002h  1
 657 5.0657216e+002 3.04e-001 2.10e+000  -6.7 4.85e+000    -  5.76e-001 1.57e-001h  2
 658 5.0651726e+002 3.51e-001 2.25e+000  -6.7 6.59e+000    -  2.10e-001 1.25e-001h  1
 659 5.0649801e+002 4.09e-001 2.51e+000  -6.7 1.12e+001    -  2.86e-001 7.13e-002h  2
iter    objective    inf_pr   inf_du lg(mu)  ||d||  lg(rg) alpha_du alpha_pr  ls
 660 5.0649875e+002 4.41e-001 2.66e+000  -6.7 6.44e+000    -  3.00e-001 1.21e-001h  2
 661 5.0645241e+002 4.32e-001 2.71e+000  -6.7 4.67e+000    -  3.02e-001 1.15e-001h  3
 662 5.0637812e+002 4.76e-001 2.91e+000  -6.7 6.69e+000    -  2.73e-001 1.25e-001h  2
 663 5.0648047e+002 5.52e-001 3.25e+000  -5.9 1.32e+001    -  2.13e-001 6.45e-002h  1
 664 5.0643454e+002 5.21e-001 3.22e+000  -6.5 3.50e+000    -  1.06e-001 7.08e-002h  1
 665 5.0639832e+002 4.76e-001 3.07e+000  -6.5 3.11e+000    -  2.33e-001 1.47e-001f  2
 666 5.0706719e+002 4.44e-001 2.40e+000  -6.2 2.62e+000    -  5.85e-001 4.41e-001h  1
 667 5.0697545e+002 4.13e-001 2.35e+000  -6.3 1.78e+000    -  6.60e-001 7.45e-002h  1
 668 5.0673703e+002 3.14e-001 1.91e+000  -6.3 1.30e+000    -  6.52e-001 2.75e-001f  2
 669 5.0656964e+002 5.43e-002 3.06e-001  -6.3 3.15e-001    -  1.00e+000 8.56e-001h  1
iter    objective    inf_pr   inf_du lg(mu)  ||d||  lg(rg) alpha_du alpha_pr  ls
 670 5.0658047e+002 4.85e-003 1.03e-001  -6.3 2.26e-001    -  3.82e-001 1.00e+000f  1
 671 5.0633836e+002 4.45e-003 1.29e-001  -6.7 1.74e-001    -  1.00e+000 6.67e-001h  1
 672 5.0612563e+002 6.20e-003 1.30e-001  -7.0 2.93e-001    -  1.00e+000 5.67e-001h  1
 673 5.0596209e+002 4.00e-003 2.00e-001  -7.4 4.47e-001    -  1.00e+000 3.76e-001h  1
 674 5.0588510e+002 1.24e-002 9.23e-002  -6.8 9.41e-001    -  8.61e-001 4.76e-001h  1
 675 5.0583995e+002 1.72e-002 1.96e-001  -7.0 1.66e+000    -  6.57e-001 2.19e-001h  1
 676 5.0579448e+002 2.66e-002 3.15e-001  -7.0 1.88e+000    -  1.00e+000 2.84e-001h  2
 677 5.0573532e+002 3.78e-002 4.55e-001  -7.1 3.05e+000    -  7.21e-001 1.86e-001h  1
 678 5.0571523e+002 3.70e-002 4.82e-001  -7.1 3.29e+000    -  2.54e-001 3.99e-002h  1
 679 5.0561439e+002 5.77e-002 6.38e-001  -9.1 4.49e+000    -  1.71e-001 1.85e-001h  1
iter    objective    inf_pr   inf_du lg(mu)  ||d||  lg(rg) alpha_du alpha_pr  ls
 680 5.0568431e+002 5.56e-002 6.51e-001  -6.6 3.22e+000    -  3.94e-001 1.69e-001h  1
 681 5.0562611e+002 5.01e-002 6.65e-001  -6.9 1.99e+000    -  4.98e-001 2.42e-001h  1
 682 5.0570232e+002 7.24e-002 7.75e-001  -6.5 6.02e+000    -  3.38e-001 1.68e-001h  2
 683 5.0564815e+002 9.91e-002 9.23e-001  -6.8 5.83e+000    -  5.58e-001 1.93e-001h  1
 684 5.0562668e+002 1.24e-001 1.09e+000  -6.8 7.85e+000    -  3.49e-001 1.45e-001f  1
 685 5.0561021e+002 1.24e-001 1.15e+000  -6.8 5.50e+000    -  3.01e-001 1.53e-001f  1
 686 5.0554064e+002 9.17e-002 9.82e-001  -6.8 1.79e+000    -  8.65e-001 3.16e-001f  2
 687 5.0596479e+002 4.32e-002 8.99e-001  -6.6 2.57e+000    -  7.34e-001 7.93e-001H  1
 688 5.0577380e+002 3.98e-002 8.92e-001  -6.7 2.02e+000    -  5.99e-001 3.48e-001h  1
 689 5.0558474e+002 2.90e-002 6.43e-001  -6.7 1.26e+000    -  8.37e-001 5.98e-001f  1
iter    objective    inf_pr   inf_du lg(mu)  ||d||  lg(rg) alpha_du alpha_pr  ls
 690 5.0569259e+002 3.44e-003 7.54e-002  -6.5 2.82e-001    -  7.41e-001 1.00e+000h  1
 691 5.0551252e+002 1.93e-003 3.53e-001  -7.1 2.22e-001    -  1.00e+000 4.57e-001h  1
 692 5.0540232e+002 1.43e-003 3.05e-001  -7.8 3.71e-001    -  1.00e+000 2.99e-001h  1
 693 5.0524477e+002 3.41e-003 1.97e-001  -8.2 1.05e+000    -  1.00e+000 4.04e-001h  1
 694 5.0519163e+002 8.38e-003 2.08e-001  -7.4 3.25e+000    -  8.54e-001 1.68e-001h  1
 695 5.0522741e+002 2.29e-002 3.82e-001  -6.9 2.87e+000    -  2.73e-001 3.67e-001h  1
 696 5.0517709e+002 3.20e-002 5.44e-001  -7.3 6.34e+000    -  2.49e-001 1.41e-001h  1
 697 5.0513773e+002 3.70e-002 6.58e-001 -11.0 6.69e+000    -  1.94e-001 1.23e-001h  1
 698 5.0513251e+002 5.22e-002 7.97e-001  -7.1 4.32e+000    -  5.22e-001 3.56e-001h  1
 699 5.0512284e+002 8.33e-002 1.08e+000  -6.6 1.03e+001    -  2.63e-001 1.65e-001h  1
iter    objective    inf_pr   inf_du lg(mu)  ||d||  lg(rg) alpha_du alpha_pr  ls
 700 5.0510595e+002 1.18e-001 1.40e+000  -6.6 2.23e+001    -  2.46e-001 7.85e-002h  1
 701 5.0509317e+002 1.13e-001 1.44e+000  -6.9 7.30e+000    -  5.66e-001 1.16e-001h  3
 702 5.0523721e+002 2.60e-001 1.92e+000  -6.5 1.23e+001    -  5.02e-001 3.03e-001h  1
 703 5.0519741e+002 3.06e-001 2.36e+000  -6.7 3.76e+001    -  1.36e-001 6.06e-002h  1
 704 5.0517199e+002 4.10e-001 2.98e+000  -6.7 4.00e+001    -  7.66e-002 8.58e-002h  2
 705 5.0515467e+002 6.06e-001 3.85e+000  -6.7 5.06e+001    -  1.68e-001 9.34e-002h  1
 706 5.0508868e+002 6.19e-001 4.17e+000  -6.7 7.34e+001    -  1.23e-001 2.31e-002h  1
 707 5.0500682e+002 6.54e-001 4.63e+000  -7.3 6.01e+001    -  1.04e-001 4.49e-002h  2
 708 5.0553457e+002 7.48e-001 5.14e+000  -6.1 3.54e+001    -  1.53e-001 1.42e-001h  1
 709 5.0575374e+002 5.59e-001 4.41e+000  -6.6 1.14e+001    -  3.77e-001 5.33e-001h  1
iter    objective    inf_pr   inf_du lg(mu)  ||d||  lg(rg) alpha_du alpha_pr  ls
 710 5.0556606e+002 5.33e-001 4.29e+000  -6.6 4.26e+000    -  2.80e-001 4.55e-002h  1
 711 5.0522581e+002 4.43e-001 3.49e+000  -6.6 3.83e+000    -  2.58e-002 1.78e-001f  1
 712 5.0503117e+002 3.82e-001 2.89e+000  -6.6 4.69e+000    -  1.86e-001 1.47e-001f  2
 713 5.0527071e+002 4.85e-002 3.24e-001  -6.3 2.16e+000    -  7.09e-001 9.93e-001h  1
 714 5.0535285e+002 2.44e-002 2.71e-001  -6.5 7.70e-001    -  2.45e-001 5.02e-001h  1
 715 5.0475174e+002 1.62e-002 4.06e-002  -6.5 1.26e+000    -  1.00e+000 1.00e+000f  1
 716 5.0472822e+002 2.70e-003 7.38e-002  -6.6 4.97e-001    -  1.00e+000 8.70e-001h  1
 717 5.0451838e+002 1.07e-003 1.38e-001  -7.3 4.88e-002    -  1.00e+000 6.10e-001h  1
 718 5.0446439e+002 9.01e-004 3.96e-001  -7.9 1.97e-001    -  1.00e+000 1.68e-001h  1
 719 5.0433928e+002 1.29e-003 1.51e-001  -7.5 6.49e-001    -  1.00e+000 3.49e-001h  1
iter    objective    inf_pr   inf_du lg(mu)  ||d||  lg(rg) alpha_du alpha_pr  ls
 720 5.0428847e+002 2.91e-003 3.54e-001  -7.0 1.65e+000    -  5.05e-001 2.09e-001h  1
 721 5.0422658e+002 5.25e-003 1.32e-001  -7.3 1.33e+000    -  9.79e-001 3.97e-001h  1
 722 5.0414309e+002 1.36e-002 2.41e-001 -11.0 4.57e+000    -  2.91e-001 2.01e-001h  1
 723 5.0409898e+002 2.80e-002 4.18e-001  -7.4 1.39e+001    -  2.08e-001 9.76e-002h  1
 724 5.0410829e+002 2.61e-002 4.52e-001  -6.8 4.92e+000    -  2.38e-001 1.01e-001h  1
 725 5.0410503e+002 2.50e-002 4.41e-001  -7.2 1.53e-001    -  1.00e+000 4.18e-002h  1
 726 5.0407518e+002 1.59e-002 3.04e-001  -7.2 1.94e-001    -  1.00e+000 3.74e-001h  1
 727 5.0404604e+002 3.00e-003 1.16e-002  -7.3 1.91e-001    -  8.60e-001 9.04e-001h  1
 728 5.0400233e+002 6.55e-004 1.98e-002  -7.6 1.11e-001    -  1.00e+000 8.63e-001h  1
 729 5.0396121e+002 2.05e-004 1.57e-002  -7.9 4.50e-002    -  1.00e+000 8.07e-001h  1
iter    objective    inf_pr   inf_du lg(mu)  ||d||  lg(rg) alpha_du alpha_pr  ls
 730 5.0396282e+002 7.87e-005 1.39e-002  -7.6 5.31e-002    -  1.00e+000 1.00e+000h  1
 731 5.0394579e+002 2.28e-004 3.19e-002  -7.9 1.49e-001    -  1.00e+000 4.49e-001h  1
 732 5.0393553e+002 2.76e-003 8.79e-002  -7.5 1.34e+000    -  5.11e-001 1.57e-001h  1
 733 5.0393452e+002 9.28e-003 1.97e-001  -7.3 1.96e+000    -  2.80e-001 1.70e-001h  1
 734 5.0393215e+002 1.18e-002 2.79e-001  -7.3 2.05e+000    -  5.06e-001 1.00e-001h  1
 735 5.0417908e+002 7.82e-003 4.05e-001  -7.0 7.13e-001    -  4.00e-001 7.41e-001H  1
 736 5.0407205e+002 6.00e-003 3.67e-001  -7.3 3.44e-001    -  8.10e-001 2.97e-001h  1
 737 5.0395264e+002 3.52e-003 9.72e-002  -7.3 2.06e-001    -  6.25e-001 6.95e-001f  1
 738 5.0394640e+002 1.70e-003 7.39e-002  -7.3 1.44e-001    -  9.80e-001 6.10e-001f  1
 739 5.0393288e+002 4.29e-004 2.26e-002  -7.3 8.18e-002    -  1.48e-001 1.00e+000f  1
iter    objective    inf_pr   inf_du lg(mu)  ||d||  lg(rg) alpha_du alpha_pr  ls
 740 5.0389655e+002 6.21e-004 7.26e-002  -8.2 1.46e-001    -  1.00e+000 4.66e-001h  1
 741 5.0386786e+002 7.22e-003 2.01e-001  -7.6 5.02e-001    -  1.00e+000 5.07e-001h  1
 742 5.0386210e+002 2.15e-002 3.59e-001  -7.0 5.51e+000    -  1.80e-001 6.17e-002h  1
 743 5.0385952e+002 2.60e-002 4.73e-001  -6.9 5.74e+000    -  1.29e-001 3.65e-002h  1
 744 5.0410386e+002 1.01e-001 8.77e-001  -6.7 2.92e+000    -  2.08e-001 3.19e-001h  1
 745 5.0404250e+002 1.17e-001 1.18e+000  -7.2 2.25e+000    -  4.19e-001 3.38e-001h  1
 746 5.0400710e+002 1.32e-001 1.43e+000  -7.2 6.88e+000    -  1.70e-001 7.48e-002h  1
 747 5.0392848e+002 1.09e-001 1.31e+000  -7.2 7.57e-001    -  2.10e-001 1.85e-001f  1
 748 5.0385936e+002 7.78e-002 6.57e-001  -7.2 8.87e-001    -  2.06e-001 4.06e-001f  1
 749 5.0385217e+002 7.06e-002 5.60e-001  -7.2 8.99e-001    -  6.08e-002 9.98e-002f  3
iter    objective    inf_pr   inf_du lg(mu)  ||d||  lg(rg) alpha_du alpha_pr  ls
 750 5.0392587e+002 1.35e-003 6.77e-002  -6.9 1.22e-001    -  9.88e-001 1.00e+000h  1
 751 5.0391282e+002 5.87e-003 1.87e-001  -7.0 6.58e-001    -  9.05e-001 3.77e-001h  2
 752 5.0390754e+002 1.40e-002 3.40e-001  -7.0 2.30e+000    -  7.96e-001 1.40e-001h  2
 753 5.0389737e+002 1.77e-002 4.45e-001  -7.0 6.03e+000    -  4.17e-001 3.74e-002h  3
 754 5.0389212e+002 3.00e-002 6.06e-001  -7.0 4.09e+000    -  4.84e-001 9.79e-002h  2
 755 5.0388666e+002 6.54e-002 8.59e-001  -7.0 4.78e+000    -  3.77e-001 1.36e-001h  1
 756 5.0387095e+002 6.92e-002 9.49e-001  -7.0 8.24e+000    -  1.07e-001 2.96e-002h  3
 757 5.0385817e+002 9.12e-002 1.14e+000  -7.0 6.96e+000    -  2.05e-001 7.68e-002h  2
 758 5.0384621e+002 1.15e-001 1.33e+000  -7.0 8.56e+000    -  2.94e-001 6.30e-002h  2
 759 5.0382696e+002 1.26e-001 1.48e+000  -7.0 7.12e+000    -  2.81e-001 5.51e-002h  2
iter    objective    inf_pr   inf_du lg(mu)  ||d||  lg(rg) alpha_du alpha_pr  ls
 760 5.0492861e+002 4.06e-001 1.98e+000  -6.2 6.10e+000    -  1.70e-001 2.62e-001h  1
 761 5.0450194e+002 3.62e-001 2.04e+000  -6.8 2.39e+000    -  4.73e-001 3.08e-001h  1
 762 5.0418853e+002 3.45e-001 2.07e+000  -6.8 3.54e+000    -  5.76e-002 1.03e-001h  1
 763 5.0399726e+002 2.81e-001 1.71e+000  -6.8 1.51e+000    -  6.42e-002 1.88e-001f  1
 764 5.0388538e+002 1.92e-001 1.15e+000  -6.8 9.18e-001    -  6.59e-001 3.22e-001f  1
 765 5.0382989e+002 1.17e-001 6.85e-001  -6.8 8.37e-001    -  5.75e-001 4.02e-001f  1
 766 5.0406812e+002 3.18e-002 2.61e-001  -6.4 3.22e-001    -  6.42e-001 8.13e-001f  1
 767 5.0403175e+002 3.49e-002 3.80e-001  -6.6 1.18e+000    -  6.57e-001 2.02e-001h  2
 768 5.0401028e+002 3.47e-002 4.35e-001  -6.6 1.52e+000    -  8.81e-001 7.73e-002h  3
 769 5.0450701e+002 2.06e-002 7.18e-001  -6.6 1.07e+000    -  7.40e-001 8.82e-001H  1
iter    objective    inf_pr   inf_du lg(mu)  ||d||  lg(rg) alpha_du alpha_pr  ls
 770 5.0429926e+002 1.90e-002 7.75e-001  -6.6 6.68e-001    -  1.84e-001 2.48e-001f  1
 771 5.0385851e+002 2.18e-002 3.19e-001  -6.6 4.91e-001    -  3.85e-002 5.82e-001f  1
 772 5.0390144e+002 2.04e-002 3.28e-001  -6.4 6.50e-001    -  1.00e+000 1.86e-001f  1
 773 5.0394060e+002 3.55e-002 4.91e-001  -6.5 2.43e+000    -  2.76e-001 1.33e-001h  3
 774 5.0393844e+002 4.64e-002 6.26e-001  -6.5 2.22e+000    -  6.80e-001 1.41e-001h  3
 775 5.0392151e+002 6.05e-002 7.94e-001  -6.5 5.70e+000    -  4.66e-001 5.81e-002h  3
 776 5.0389294e+002 1.13e-001 1.10e+000  -6.5 7.10e+000    -  2.53e-001 8.93e-002h  3
 777 5.0384171e+002 1.70e-001 1.45e+000  -6.5 1.62e+001    -  2.27e-001 4.15e-002h  3
 778 5.0382085e+002 1.86e-001 1.63e+000  -6.5 1.35e+001    -  3.76e-001 2.92e-002h  3
 779 5.0382165e+002 1.82e-001 1.67e+000  -6.5 3.52e+000    -  8.76e-001 8.37e-002h  3
iter    objective    inf_pr   inf_du lg(mu)  ||d||  lg(rg) alpha_du alpha_pr  ls
 780 5.0382299e+002 2.28e-001 1.88e+000  -6.5 4.36e+000    -  8.50e-001 1.66e-001h  2
 781 5.0381146e+002 2.29e-001 1.95e+000  -6.6 1.62e+001    -  2.51e-001 9.88e-003h  6
 782 5.0381174e+002 1.53e-001 1.35e+000  -7.2 9.36e-001    -  6.01e-001 5.61e-001h  1
 783 5.0386522e+002 1.78e-002 3.11e-001  -6.8 5.53e-001    -  6.56e-001 9.98e-001h  1
 784 5.0383116e+002 9.13e-002 3.96e-001  -6.9 1.08e+000    -  1.99e-001 7.15e-001h  1
 785 5.0368018e+002 1.92e-001 1.81e-001  -6.9 2.34e+000    -  6.67e-001 4.49e-001f  1
 786 5.0358264e+002 2.67e-001 6.19e-001  -6.6 1.06e+001    -  5.07e-001 7.56e-002h  2
 787 5.0392215e+002 4.39e-001 1.25e+000  -5.9 1.50e+001    -  8.90e-002 7.83e-002h  1
 788 5.0383735e+002 4.34e-001 1.47e+000  -6.6 4.99e+000    -  2.62e-001 9.00e-002h  3
 789 5.0393223e+002 4.57e-001 1.75e+000  -6.6 3.70e+000    -  2.91e-001 1.87e-001h  1
iter    objective    inf_pr   inf_du lg(mu)  ||d||  lg(rg) alpha_du alpha_pr  ls
 790 5.0389237e+002 4.39e-001 1.97e+000  -6.6 2.37e+000    -  6.05e-001 3.01e-001f  2
 791 5.0387511e+002 4.35e-001 2.11e+000  -6.6 2.47e+000    -  4.42e-001 2.84e-001h  1
 792 5.0364349e+002 2.96e-001 1.62e+000  -6.6 9.25e-001    -  2.33e-001 3.21e-001h  2
 793 5.0385575e+002 1.49e-002 2.57e-001  -6.3 4.65e-001    -  4.39e-001 1.00e+000h  1
 794 5.0357691e+002 1.89e-002 2.24e-001  -7.2 5.14e-001    -  7.75e-001 4.82e-001h  1
 795 5.0334930e+002 1.40e-002 2.08e-001  -6.8 2.37e-001    -  1.00e+000 5.39e-001h  1
 796 5.0322174e+002 1.91e-002 2.53e-001  -7.3 3.46e-001    -  7.86e-001 5.82e-001h  1
 797 5.0315232e+002 1.05e-002 2.39e-001  -7.1 1.43e-001    -  8.31e-001 5.15e-001h  1
 798 5.0306105e+002 2.82e-003 9.70e-002  -7.1 9.94e-002    -  1.00e+000 7.63e-001h  1
 799 5.0302345e+002 3.84e-004 2.71e-002  -7.1 7.09e-002    -  9.80e-001 9.99e-001h  1
iter    objective    inf_pr   inf_du lg(mu)  ||d||  lg(rg) alpha_du alpha_pr  ls
 800 5.0296099e+002 1.96e-003 7.04e-002  -7.6 1.71e-001    -  1.00e+000 4.20e-001h  1
 801 5.0292299e+002 1.47e-002 2.49e-001  -7.6 1.41e+000    -  6.91e-001 1.79e-001h  1
 802 5.0290983e+002 2.66e-002 5.50e-001  -7.1 1.14e+000    -  4.98e-001 2.42e-001h  1
 803 5.0291709e+002 4.68e-002 5.32e-001  -7.0 1.83e+000    -  3.89e-001 1.97e-001h  1
 804 5.0294312e+002 4.58e-002 6.02e-001  -7.3 1.06e+000    -  5.47e-001 2.45e-001H  1
 805 5.0288540e+002 4.04e-002 6.10e-001  -7.3 5.66e-001    -  1.74e-001 1.66e-001f  1
 806 5.0278145e+002 3.74e-002 6.10e-001 -11.0 6.34e-001    -  2.42e-001 2.67e-001h  1
 807 5.0319915e+002 2.93e-002 5.09e-001  -7.0 5.68e-001    -  3.52e-001 5.35e-001H  1
 808 5.0294244e+002 2.05e-002 4.25e-001  -7.3 2.08e-001    -  8.74e-001 3.29e-001h  1
 809 5.0277946e+002 1.30e-002 2.47e-001  -7.3 1.96e-001    -  5.84e-001 4.00e-001f  1
iter    objective    inf_pr   inf_du lg(mu)  ||d||  lg(rg) alpha_du alpha_pr  ls
 810 5.0272589e+002 9.64e-003 1.79e-001  -7.3 2.15e-001    -  1.00e+000 4.54e-001f  1
 811 5.0271265e+002 1.11e-002 2.11e-001  -7.3 4.88e-001    -  8.94e-001 2.43e-001h  2
 812 5.0268881e+002 1.31e-002 2.51e-001  -7.7 4.91e-001    -  9.76e-001 2.74e-001h  1
 813 5.0266626e+002 1.31e-002 2.84e-001  -7.7 5.71e-001    -  1.00e+000 1.38e-001h  1
 814 5.0266158e+002 1.92e-002 3.63e-001  -7.3 9.43e-001    -  5.45e-001 1.89e-001h  2
 815 5.0265716e+002 1.93e-002 4.02e-001  -7.2 8.37e-001    -  5.75e-001 2.86e-001h  1
 816 5.0288176e+002 3.47e-002 4.85e-001  -6.7 1.07e+000    -  1.92e-001 4.72e-001h  1
 817 5.0284649e+002 3.46e-002 5.28e-001  -7.2 1.56e+000    -  3.85e-001 4.76e-002h  1
 818 5.0280027e+002 8.15e-002 7.96e-001  -7.2 3.81e+000    -  3.41e-001 1.12e-001f  1
 819 5.0275020e+002 1.01e-001 2.26e+000  -7.2 2.94e+000    -  4.38e-001 1.06e-001h  1
iter    objective    inf_pr   inf_du lg(mu)  ||d||  lg(rg) alpha_du alpha_pr  ls
 820 5.0270487e+002 9.06e-002 1.78e+000  -7.2 9.17e-001    -  1.31e-001 3.14e-001h  1
 821 5.0255852e+002 6.73e-002 1.37e+000  -7.2 5.92e-001    -  5.46e-001 4.90e-001f  1
 822 5.0271341e+002 4.01e-002 1.29e+000  -6.6 4.48e-001    -  3.79e-001 4.72e-001f  2
 823 5.0251493e+002 2.93e-002 1.24e+000  -6.9 3.37e-001    -  3.35e-001 3.85e-001h  1
 824 5.0248422e+002 2.85e-002 1.21e+000  -6.4 9.80e-001    -  2.97e-001 4.61e-002f  1
 825 5.0246204e+002 2.78e-002 1.17e+000  -6.4 1.00e+000    -  6.10e-001 7.09e-002h  1
 826 5.0237152e+002 5.47e-002 9.66e-001  -6.5 2.63e+000    -  2.39e-001 1.76e-001h  1
 827 5.0265945e+002 2.70e-001 1.31e+000  -6.0 6.07e+000    -  1.83e-001 1.75e-001h  1
 828 5.0265627e+002 2.55e-001 1.40e+000  -6.4 3.77e+000    -  2.70e-001 1.12e-001h  1
 829 5.0252653e+002 1.68e-001 1.38e+000  -6.4 1.09e+000    -  7.20e-001 3.69e-001f  1
iter    objective    inf_pr   inf_du lg(mu)  ||d||  lg(rg) alpha_du alpha_pr  ls
 830 5.0226446e+002 1.05e-001 1.05e+000  -6.4 7.99e-001    -  6.00e-001 3.99e-001f  1
 831 5.0202920e+002 5.57e-002 6.69e-001  -6.8 4.42e-001    -  8.36e-001 5.01e-001h  1
 832 5.0201061e+002 3.91e-002 5.14e-001  -6.4 5.82e-001    -  6.61e-001 4.75e-001h  1
 833 5.0202576e+002 1.47e-001 8.46e-001  -6.1 3.85e+000    -  2.47e-001 2.45e-001h  1
 834 5.0196876e+002 1.48e-001 9.19e-001  -6.4 1.75e+001    -  1.30e-001 1.04e-002h  1
 835 5.0184976e+002 1.87e-001 1.22e+000  -5.9 2.88e+001    -  1.24e-001 2.79e-002f  1
 836 5.0196987e+002 2.11e-001 1.41e+000  -6.0 1.37e+001    -  1.75e-001 5.89e-002h  2
 837 5.0182156e+002 2.14e-001 2.05e+000  -6.3 5.12e+000    -  3.87e-001 1.42e-001h  1
 838 5.0158679e+002 2.61e-001 1.88e+000 -11.0 2.35e+001    -  7.54e-002 4.24e-002h  1
 839 5.0154525e+002 2.57e-001 1.81e+000  -6.4 8.09e+000    -  2.00e-001 1.46e-002h  1
iter    objective    inf_pr   inf_du lg(mu)  ||d||  lg(rg) alpha_du alpha_pr  ls
 840 5.0118870e+002 2.48e-001 1.50e+000  -7.9 5.73e+000    -  7.73e-002 3.94e-001h  1
 841 5.0099724e+002 2.25e-001 1.43e+000 -11.0 7.01e+000    -  1.74e-001 1.54e-001h  1
 842 5.0087768e+002 2.10e-001 1.35e+000  -8.5 3.47e+000    -  1.75e-001 6.58e-002h  1
 843 5.0083685e+002 2.06e-001 1.36e+000  -7.1 6.78e+000    -  1.63e-001 1.99e-002h  1
 844 5.0063009e+002 2.13e-001 1.49e+000  -7.0 2.04e+001    -  2.38e-002 6.18e-002h  1
 845 5.0062213e+002 2.12e-001 1.49e+000  -6.8 3.96e+000    -  4.19e-001 4.64e-003h  1
 846 5.0044032e+002 1.27e-001 9.62e-001  -6.6 2.34e+000    -  1.82e-001 4.25e-001h  1
 847 5.0049876e+002 6.44e-002 4.78e-001  -6.4 1.86e+000    -  4.04e-001 5.89e-001h  1
 848 5.0067121e+002 4.05e-002 3.98e-001  -6.3 1.66e+000    -  9.56e-001 5.85e-001h  1
 849 5.0065450e+002 8.47e-003 3.41e-001  -6.5 6.39e-001    -  1.00e+000 9.89e-001h  1
iter    objective    inf_pr   inf_du lg(mu)  ||d||  lg(rg) alpha_du alpha_pr  ls
 850 5.0055788e+002 6.45e-003 2.98e-001  -6.2 4.55e-001    -  8.99e-001 2.54e-001h  1
 851 5.0043104e+002 3.11e-003 1.41e-001  -6.3 4.80e-001    -  1.00e+000 5.79e-001h  1
 852 5.0025655e+002 4.93e-003 9.31e-002  -6.6 9.19e-001    -  8.23e-001 7.07e-001h  1
 853 5.0031299e+002 2.38e-002 4.23e-001  -6.3 4.52e+000    -  8.77e-001 3.04e-001h  1
 854 5.0030728e+002 7.40e-002 4.90e-001  -6.4 1.49e+001    -  3.19e-001 1.55e-001h  1
 855 5.0028919e+002 1.62e-001 8.40e-001  -6.4 2.77e+001    -  2.81e-001 1.16e-001h  1
 856 5.0027150e+002 2.08e-001 1.10e+000  -6.4 3.09e+001    -  1.68e-001 8.78e-002h  1
 857 5.0017388e+002 1.98e-001 1.12e+000  -6.4 9.38e+000    -  2.52e-001 5.45e-002h  1
 858 5.0002012e+002 1.97e-001 1.18e+000  -6.4 3.03e+001    -  1.97e-001 3.44e-002h  1
 859 5.0001080e+002 1.79e-001 1.10e+000  -6.0 6.58e+000    -  4.98e-001 1.02e-001h  1
iter    objective    inf_pr   inf_du lg(mu)  ||d||  lg(rg) alpha_du alpha_pr  ls
 860 5.0025175e+002 1.62e-001 1.00e+000  -5.8 1.29e+001    -  2.28e-001 1.98e-001h  1
 861 5.0021612e+002 1.60e-001 9.94e-001  -8.1 9.66e+000    -  2.81e-001 1.64e-002h  1
 862 5.0010955e+002 1.46e-001 2.73e+000  -6.2 1.20e+001    -  8.34e-001 1.70e-001h  1
 863 5.0002412e+002 1.45e-001 2.68e+000  -5.9 3.36e+001    -  1.55e-001 3.71e-002h  1
 864 5.0000296e+002 1.48e-001 2.77e+000  -6.3 1.85e+001    -  5.20e-001 1.55e-001h  2
 865 5.0004044e+002 1.39e-001 3.00e+000  -5.9 1.31e+001    -  1.00e+000 1.88e-001h  1
 866 4.9990491e+002 1.35e-001 3.02e+000  -6.1 1.90e+001    -  1.82e-001 8.35e-002h  1
 867 5.0116447e+002 3.85e-001 2.93e+000  -5.7 4.02e+001    -  3.68e-001 2.47e-001f  1
 868 5.0109522e+002 3.86e-001 2.86e+000  -6.0 3.50e+001    -  1.54e-001 1.18e-001h  2
 869 5.0084401e+002 3.10e-001 2.30e+000  -6.0 4.38e+000    -  2.23e-001 1.99e-001h  1
iter    objective    inf_pr   inf_du lg(mu)  ||d||  lg(rg) alpha_du alpha_pr  ls
 870 4.9960198e+002 3.05e-002 5.97e-001  -6.0 3.04e+000    -  2.46e-001 1.00e+000f  1
 871 5.0073438e+002 1.68e-002 1.67e-001  -6.0 2.04e+000    -  4.36e-001 7.35e-001h  1
 872 4.9919046e+002 4.55e-004 1.16e-001  -6.0 2.20e-001    -  5.44e-001 1.00e+000h  1
 873 4.9887937e+002 4.88e-004 1.36e-001  -6.5 3.76e-001    -  1.00e+000 5.85e-001h  1
 874 4.9916032e+002 1.36e-001 4.44e-001  -5.8 1.41e+001    -  2.35e-001 4.38e-001h  1
 875 4.9905410e+002 1.37e-001 5.09e-001  -6.3 6.53e+001    -  7.08e-002 1.23e-002h  1
 876 4.9882212e+002 1.36e-001 5.82e-001  -6.3 1.68e+001    -  4.18e-001 8.84e-002h  1
 877 4.9915200e+002 3.72e-001 9.06e-001  -5.8 3.62e+001    -  3.07e-001 2.83e-001f  1
 878 4.9898165e+002 3.73e-001 1.02e+000  -6.1 8.12e+001    -  1.97e-001 2.77e-002h  1
 879 4.9878629e+002 3.56e-001 1.05e+000  -6.1 2.41e+001    -  5.52e-001 5.23e-002f  1
iter    objective    inf_pr   inf_du lg(mu)  ||d||  lg(rg) alpha_du alpha_pr  ls
 880 4.9950683e+002 2.10e-001 8.73e-001  -5.7 3.80e+000    -  6.11e-001 5.33e-001h  1
 881 4.9862952e+002 8.44e-002 5.07e-001  -5.9 8.36e-001    -  9.81e-001 6.10e-001h  1
 882 4.9789509e+002 3.08e-002 9.72e-002  -6.3 2.20e-001    -  5.39e-001 6.43e-001h  1
 883 4.9732361e+002 3.32e-003 6.24e-002  -6.3 1.77e-001    -  1.00e+000 9.37e-001h  1
 884 4.9720728e+002 3.20e-003 1.10e-001  -6.6 8.94e-001    -  1.00e+000 1.28e-001h  1
 885 4.9683374e+002 1.39e-002 1.75e-001  -6.8 2.81e+000    -  1.00e+000 2.54e-001h  1
 886 4.9685426e+002 2.16e-002 1.75e-001  -6.1 3.06e+000    -  4.74e-001 2.62e-001h  2
 887 4.9658596e+002 3.20e-002 1.71e-001  -6.4 1.59e+000    -  1.00e+000 7.72e-001h  1
 888 4.9665008e+002 2.24e-002 3.97e-001  -6.2 1.02e+000    -  9.59e-001 3.59e-001f  2
 889 4.9643481e+002 9.43e-003 1.38e-001  -6.4 1.65e-001    -  1.00e+000 5.84e-001h  1
iter    objective    inf_pr   inf_du lg(mu)  ||d||  lg(rg) alpha_du alpha_pr  ls
 890 4.9623110e+002 8.71e-003 1.30e-001  -6.7 9.93e-001    -  1.00e+000 4.20e-001h  1
 891 4.9616214e+002 1.08e-002 5.96e-001  -6.9 3.52e+000    -  7.40e-001 1.32e-001h  2
 892 4.9579340e+002 1.23e-002 9.95e-002  -7.0 1.13e+000    -  1.00e+000 7.91e-001h  1
 893 4.9572381e+002 1.08e-002 2.04e-001  -6.7 3.82e+000    -  3.15e-001 1.38e-001h  1
 894 4.9568259e+002 8.49e-003 2.38e-001  -6.9 1.43e+000    -  8.34e-001 2.27e-001h  1
 895 4.9560783e+002 3.92e-003 1.57e-001  -6.9 4.54e-001    -  1.00e+000 7.42e-001h  1
 896 4.9547448e+002 4.18e-003 1.56e-001 -11.0 1.20e+000    -  3.64e-001 2.48e-001h  1
 897 4.9546251e+002 4.20e-003 1.24e-001  -6.8 7.26e-001    -  4.47e-001 2.37e-001h  1
 898 4.9542623e+002 3.34e-003 8.05e-002  -7.0 3.92e-001    -  1.00e+000 4.89e-001h  1
 899 4.9536576e+002 4.10e-003 7.67e-002  -7.2 5.70e-001    -  1.00e+000 4.58e-001h  1
iter    objective    inf_pr   inf_du lg(mu)  ||d||  lg(rg) alpha_du alpha_pr  ls
 900 4.9540971e+002 4.51e-003 1.03e-001  -6.9 3.67e-001    -  1.00e+000 6.43e-001h  1
 901 4.9532759e+002 1.02e-003 7.38e-002  -7.0 1.10e-001    -  1.00e+000 8.56e-001h  1
 902 4.9525724e+002 9.04e-004 7.11e-002  -7.7 2.78e-001    -  1.00e+000 3.37e-001h  1
 903 4.9520270e+002 1.10e-003 5.57e-002  -7.7 3.17e-001    -  1.00e+000 3.21e-001h  1
 904 4.9517336e+002 2.82e-003 1.66e-001  -7.4 8.00e-001    -  7.05e-001 2.09e-001h  1
 905 4.9515503e+002 3.97e-003 1.27e-001  -7.2 8.60e-001    -  3.96e-001 1.69e-001h  1
 906 4.9513893e+002 4.22e-003 1.53e-001  -7.4 1.38e+000    -  6.58e-001 5.89e-002h  1
 907 4.9513192e+002 1.08e-002 2.26e-001  -7.6 1.81e+000    -  6.03e-001 1.94e-001h  1
 908 4.9509743e+002 1.49e-002 2.52e-001  -7.6 1.70e+000    -  2.74e-001 1.92e-001h  1
 909 4.9506793e+002 1.55e-002 2.81e-001  -7.2 3.51e+000    -  2.35e-001 4.40e-002h  1
iter    objective    inf_pr   inf_du lg(mu)  ||d||  lg(rg) alpha_du alpha_pr  ls
 910 4.9505931e+002 1.79e-002 3.06e-001  -7.2 3.20e+000    -  3.43e-001 8.82e-002h  2
 911 4.9504230e+002 1.96e-002 2.99e-001  -7.1 1.38e+000    -  6.41e-001 2.74e-001h  1
 912 4.9501856e+002 1.84e-002 2.65e-001  -7.8 1.32e+000    -  4.59e-001 2.27e-001h  1
 913 4.9498431e+002 1.52e-002 2.15e-001  -8.3 2.45e-001    -  7.04e-001 1.73e-001h  1
 914 4.9496295e+002 7.53e-003 1.32e-001  -7.3 1.11e-001    -  1.00e+000 5.13e-001h  1
 915 4.9497852e+002 2.09e-003 4.42e-002  -7.4 1.60e-001    -  1.00e+000 9.71e-001h  1
 916 4.9493605e+002 1.88e-003 5.14e-002  -7.7 2.54e-001    -  1.00e+000 3.47e-001h  1
 917 4.9492655e+002 2.54e-003 6.84e-002  -7.2 4.84e-001    -  7.88e-001 2.63e-001h  1
 918 4.9491550e+002 2.55e-003 5.64e-002  -7.4 2.61e-001    -  1.00e+000 5.32e-001h  1
 919 4.9489557e+002 3.45e-003 8.00e-002  -7.4 4.58e-001    -  4.05e-001 3.43e-001h  1
iter    objective    inf_pr   inf_du lg(mu)  ||d||  lg(rg) alpha_du alpha_pr  ls
 920 4.9491474e+002 6.91e-003 1.28e-001  -7.1 1.19e+000    -  5.18e-001 2.01e-001h  1
 921 4.9496962e+002 3.17e-003 1.41e-001  -7.3 4.00e-001    -  8.36e-001 7.62e-001H  1
 922 4.9488969e+002 8.41e-004 9.80e-002  -7.3 7.51e-002    -  7.38e-001 7.68e-001f  1
 923 4.9489237e+002 7.96e-004 7.86e-002  -7.0 1.62e-001    -  8.81e-001 3.41e-001f  1
 924 4.9488371e+002 3.84e-003 1.02e-001  -7.1 7.56e-001    -  7.22e-001 2.93e-001h  2
 925 4.9495610e+002 1.42e-002 1.89e-001  -6.6 1.73e+000    -  4.61e-001 2.42e-001h  1
 926 4.9494550e+002 2.06e-002 2.84e-001  -6.9 2.71e+000    -  2.39e-001 1.43e-001h  1
 927 4.9493044e+002 2.15e-002 3.32e-001  -6.9 4.57e+000    -  1.95e-001 4.21e-002f  1
 928 4.9492391e+002 2.20e-002 3.71e-001  -6.9 4.05e+000    -  4.76e-001 4.48e-002h  4
 929 4.9509437e+002 3.50e-005 2.64e-001  -6.9 7.99e-001    -  5.46e-001 1.00e+000H  1
iter    objective    inf_pr   inf_du lg(mu)  ||d||  lg(rg) alpha_du alpha_pr  ls
 930 4.9503195e+002 5.50e-003 3.67e-001  -7.0 3.39e+000    -  5.12e-001 1.04e-001h  1
 931 4.9499003e+002 5.88e-003 3.92e-001  -7.1 5.19e+000    -  1.97e-001 2.32e-002h  1
 932 4.9489864e+002 1.03e-002 4.15e-001  -7.1 2.00e+000    -  6.83e-001 1.88e-001f  1
 933 4.9488296e+002 1.09e-002 4.18e-001  -7.1 2.54e+000    -  8.30e-002 8.51e-002h  4
 934 4.9483772e+002 7.98e-003 4.62e-002  -7.1 4.93e-001    -  9.51e-001 9.62e-001h  1
 935 4.9482199e+002 1.08e-002 8.45e-002  -7.2 1.06e+000    -  1.00e+000 4.06e-001f  1
 936 4.9481682e+002 8.62e-003 2.14e-001  -7.3 8.53e-001    -  1.00e+000 5.00e-001H  1
 937 4.9475441e+002 6.34e-003 2.01e-001  -7.4 1.64e-001    -  5.00e-001 2.70e-001h  1
 938 4.9466915e+002 3.09e-003 1.14e-001 -11.0 1.17e-001    -  2.70e-001 5.21e-001h  1
 939 4.9465465e+002 2.51e-003 9.47e-002  -7.8 2.40e-001    -  9.95e-001 2.09e-001h  1
iter    objective    inf_pr   inf_du lg(mu)  ||d||  lg(rg) alpha_du alpha_pr  ls
 940 4.9463206e+002 6.75e-003 1.39e-001  -8.1 1.32e+000    -  4.24e-001 3.24e-001h  1
 941 4.9463405e+002 1.04e-002 2.05e-001  -7.3 2.07e+000    -  4.06e-001 2.06e-001h  1
 942 4.9463299e+002 1.04e-002 2.06e-001  -7.7 1.75e+000    -  4.44e-001 3.98e-003h  1
 943 4.9460480e+002 1.43e-002 2.72e-001  -7.7 2.51e+000    -  1.68e-001 1.29e-001f  2
 944 4.9460241e+002 1.45e-002 2.95e-001  -7.2 2.14e+000    -  3.65e-001 8.54e-002h  2
 945 4.9459170e+002 1.12e-002 2.39e-001  -7.6 5.56e-001    -  1.00e+000 4.89e-001h  1
 946 4.9457526e+002 1.16e-002 2.68e-001  -7.3 1.98e+000    -  5.17e-001 7.76e-002h  1
 947 4.9458127e+002 1.63e-002 3.43e-001  -6.9 2.91e+000    -  2.68e-001 1.18e-001h  1
 948 4.9457280e+002 2.22e-002 4.21e-001  -7.3 3.18e+000    -  2.82e-001 1.22e-001h  2
 949 4.9460579e+002 3.35e-002 5.36e-001  -6.8 5.35e+000    -  2.03e-001 9.32e-002h  1
iter    objective    inf_pr   inf_du lg(mu)  ||d||  lg(rg) alpha_du alpha_pr  ls
 950 4.9459964e+002 3.32e-002 5.67e-001  -7.2 2.62e+000    -  2.26e-001 7.41e-002h  2
 951 4.9459206e+002 3.38e-002 6.94e-001  -7.2 2.67e+000    -  4.84e-001 9.65e-002h  2
 952 4.9458194e+002 4.46e-002 6.79e-001  -7.2 2.78e+000    -  3.25e-001 1.95e-001h  1
 953 4.9457983e+002 4.30e-002 6.82e-001  -7.2 2.64e+000    -  7.89e-002 6.03e-002h  3
 954 4.9457454e+002 2.78e-002 5.04e-001  -7.2 3.56e-001    -  9.15e-001 3.75e-001h  1
 955 4.9456242e+002 1.62e-002 2.56e-001  -7.2 3.77e-001    -  5.02e-001 4.64e-001f  2
 956 4.9452674e+002 8.85e-003 1.64e-001  -7.8 2.75e-001    -  8.57e-001 4.64e-001h  1
 957 4.9448034e+002 7.11e-004 1.72e-002  -7.6 4.82e-002    -  1.00e+000 9.22e-001h  1
 958 4.9444976e+002 4.63e-004 2.58e-002  -8.1 9.90e-002    -  1.00e+000 8.35e-001h  1
 959 4.9452492e+002 3.95e-003 1.68e-001  -7.4 3.95e-001    -  3.69e-001 7.42e-001h  1
iter    objective    inf_pr   inf_du lg(mu)  ||d||  lg(rg) alpha_du alpha_pr  ls
 960 4.9448935e+002 5.40e-003 1.22e-001  -7.8 7.86e-001    -  8.40e-001 6.00e-001h  1
 961 4.9446000e+002 5.30e-003 1.35e-001  -7.8 2.15e+000    -  1.72e-001 1.44e-001f  1
 962 4.9444457e+002 3.97e-003 9.77e-002  -7.8 1.74e-001    -  4.41e-001 2.65e-001f  2
 963 4.9441269e+002 1.71e-003 4.23e-002 -11.0 2.14e-001    -  5.64e-001 5.93e-001h  1
 964 4.9440600e+002 1.41e-003 6.51e-002  -9.1 3.56e-001    -  7.70e-001 1.88e-001h  1
 965 4.9439902e+002 8.90e-004 2.13e-001  -8.6 2.43e-001    -  1.00e+000 4.15e-001h  1
 966 4.9439737e+002 7.79e-004 2.41e-001  -8.2 2.12e-001    -  2.91e-001 1.29e-001h  1
 967 4.9439781e+002 5.99e-004 2.27e-002  -7.9 4.47e-001    -  5.93e-001 3.03e-001h  1
 968 4.9439377e+002 4.65e-004 1.75e-001 -11.0 2.98e-001    -  4.93e-001 2.38e-001h  1
 969 4.9439618e+002 3.52e-004 8.92e-002  -7.9 1.16e-001    -  4.22e-001 5.18e-001h  1
iter    objective    inf_pr   inf_du lg(mu)  ||d||  lg(rg) alpha_du alpha_pr  ls
 970 4.9441176e+002 1.62e-004 4.35e-002  -7.8 1.49e-001    -  6.56e-001 1.00e+000h  1
 971 4.9439780e+002 4.72e-005 1.91e-002  -8.2 2.92e-002    -  1.00e+000 7.15e-001h  1
 972 4.9438484e+002 3.55e-005 9.96e-003  -8.3 9.55e-002    -  1.00e+000 7.69e-001h  1
 973 4.9438155e+002 2.13e-005 4.11e-002  -8.6 4.21e-002    -  1.00e+000 4.67e-001h  1
 974 4.9437599e+002 1.51e-005 3.49e-002  -9.3 3.69e-002    -  1.00e+000 4.95e-001h  1
 975 4.9437366e+002 3.53e-005 1.73e-002  -9.0 2.51e-001    -  4.86e-001 2.19e-001h  1
 976 4.9437100e+002 7.04e-005 1.87e-002  -9.4 2.62e-001    -  8.06e-001 2.47e-001h  1
 977 4.9436923e+002 1.06e-004 1.50e-002  -8.6 7.93e-001    -  5.01e-001 5.03e-002h  1
 978 4.9436736e+002 2.48e-004 2.56e-002  -8.2 1.83e+000    -  1.01e-001 4.00e-002h  1
 979 4.9436736e+002 3.99e-004 6.29e-002  -8.4 8.57e-001    -  3.06e-001 9.74e-002h  1
iter    objective    inf_pr   inf_du lg(mu)  ||d||  lg(rg) alpha_du alpha_pr  ls
 980 4.9436567e+002 4.04e-004 1.04e-001  -8.7 5.14e-001    -  4.66e-001 7.65e-002h  1
 981 4.9436411e+002 4.31e-004 1.15e-001  -8.9 4.58e+000    -  4.64e-002 7.66e-003h  1
 982 4.9436917e+002 2.01e-003 1.03e-001  -7.1 1.07e+001    -  3.16e-002 2.58e-002h  1
 983 4.9436715e+002 2.05e-003 1.81e-001  -8.4 2.35e+000    -  1.23e-001 3.80e-002h  1
 984 4.9436311e+002 2.12e-003 1.43e-001  -8.4 2.59e+000    -  2.02e-002 6.53e-002f  1
 985 4.9435940e+002 2.10e-003 1.27e-001 -10.0 3.58e+000    -  1.41e-001 1.81e-002h  1
 986 4.9435140e+002 2.66e-003 1.53e-001  -9.0 8.29e+000    -  9.84e-002 3.31e-002h  1
 987 4.9434812e+002 2.76e-003 2.52e-001  -8.4 7.02e+000    -  2.02e-001 1.82e-002h  2
 988 4.9434530e+002 2.89e-003 2.04e-001  -8.4 1.89e+000    -  7.98e-002 1.03e-001h  2
 989 4.9435131e+002 4.73e-003 2.18e-001  -7.4 4.70e+000    -  6.87e-002 9.29e-002h  1
iter    objective    inf_pr   inf_du lg(mu)  ||d||  lg(rg) alpha_du alpha_pr  ls
 990 4.9434762e+002 5.04e-003 2.60e-001  -8.3 9.21e+000    -  6.49e-002 2.05e-002h  1
 991 4.9434522e+002 5.78e-003 2.46e-001  -8.3 5.27e+000    -  8.05e-002 5.37e-002f  1
 992 4.9434307e+002 5.87e-003 2.37e-001  -8.3 4.02e+000    -  8.15e-002 3.58e-002h  1
 993 4.9435042e+002 5.75e-003 2.06e-001  -7.3 1.67e+000    -  1.62e-001 1.17e-001f  1
 994 4.9434806e+002 6.29e-003 1.93e-001  -8.0 3.48e+000    -  5.62e-002 6.45e-002h  1
 995 4.9434380e+002 6.25e-003 1.86e-001  -8.0 2.66e+000    -  2.01e-001 4.21e-002f  1
 996 4.9434133e+002 5.91e-003 1.72e-001  -8.0 1.03e+000    -  1.31e-001 7.00e-002f  3
 997 4.9433242e+002 4.49e-003 1.33e-001  -9.7 1.46e-001    -  5.67e-001 2.45e-001h  1
 998 4.9433519e+002 3.71e-003 1.24e-001  -7.6 1.16e-001    -  5.86e-001 1.75e-001h  1
 999 4.9433129e+002 2.43e-003 9.32e-002  -8.0 1.42e-001    -  7.53e-001 3.54e-001h  1
iter    objective    inf_pr   inf_du lg(mu)  ||d||  lg(rg) alpha_du alpha_pr  ls
1000 4.9433724e+002 2.11e-003 1.34e-001  -7.7 5.58e-001    -  5.72e-001 3.03e-001h  1
1001 4.9435324e+002 4.20e-003 4.40e-001  -7.4 1.68e+000    -  3.87e-001 2.43e-001h  1
1002 4.9435160e+002 4.43e-003 3.80e-001  -7.7 3.59e+000    -  1.14e-001 4.41e-002h  2
1003 4.9434782e+002 4.80e-003 2.58e-001  -7.7 2.60e+000    -  3.50e-001 8.04e-002h  1
1004 4.9434548e+002 6.12e-003 2.21e-001  -7.7 5.23e+000    -  1.49e-001 5.85e-002h  1
1005 4.9434130e+002 6.21e-003 1.80e-001  -7.7 3.42e+000    -  2.28e-001 4.17e-002h  3
1006 4.9458141e+002 3.45e-003 2.52e-001  -7.7 7.19e-001    -  3.93e-001 6.99e-001H  1
1007 4.9437646e+002 2.07e-005 5.12e-002  -7.7 7.54e-001    -  8.56e-001 1.00e+000F  1
1008 4.9433968e+002 4.32e-004 3.46e-002  -7.7 1.41e+000    -  1.12e-001 9.88e-002h  1
1009 4.9435150e+002 8.05e-004 1.57e-001  -7.4 4.61e-001    -  1.00e+000 3.89e-001f  1
iter    objective    inf_pr   inf_du lg(mu)  ||d||  lg(rg) alpha_du alpha_pr  ls
1010 4.9440311e+002 4.91e-004 6.75e-002  -7.5 5.86e-001    -  6.28e-001 9.14e-001H  1
1011 4.9438516e+002 8.74e-004 1.02e-001  -7.5 8.50e-001    -  6.45e-001 1.83e-001h  3
1012 4.9436207e+002 7.39e-004 8.90e-002  -7.5 2.54e-001    -  1.86e-001 1.73e-001h  1
1013 4.9445338e+002 5.37e-004 3.26e-001  -7.0 2.06e-001    -  3.74e-001 1.00e+000f  1
1014 4.9448481e+002 4.64e-004 1.17e-001  -7.4 1.89e-001    -  1.00e+000 7.12e-001h  1
1015 4.9437550e+002 7.36e-005 2.70e-002  -7.4 4.72e-002    -  3.78e-001 1.00e+000f  1
1016 4.9437425e+002 1.09e-006 1.61e-003  -7.4 6.63e-003    -  1.00e+000 1.00e+000h  1
1017 4.9435824e+002 2.44e-005 5.83e-003  -7.4 3.42e-002    -  1.00e+000 1.00e+000h  1
1018 4.9439479e+002 1.32e-003 9.54e-002  -7.2 6.45e-001    -  9.89e-001 4.78e-001h  2
1019 4.9446134e+002 1.02e-003 1.16e-001  -7.3 4.51e-001    -  1.00e+000 7.78e-001H  1
iter    objective    inf_pr   inf_du lg(mu)  ||d||  lg(rg) alpha_du alpha_pr  ls
1020 4.9442169e+002 7.68e-004 1.25e-001  -7.3 2.07e-001    -  1.00e+000 4.92e-001f  2
1021 4.9438408e+002 1.10e-003 4.10e-002  -7.3 3.34e-001    -  2.85e-001 5.43e-001h  1
1022 4.9438019e+002 1.02e-003 5.34e-002  -7.3 3.88e-001    -  4.84e-001 1.19e-001f  4
1023 4.9438183e+002 4.98e-005 6.38e-003  -7.3 5.08e-002    -  1.00e+000 1.00e+000h  1
1024 4.9437968e+002 1.11e-005 5.40e-003  -7.3 1.41e-002    -  1.00e+000 1.00e+000h  1
1025 4.9437799e+002 1.55e-005 1.76e-003  -7.3 2.58e-002    -  1.00e+000 1.00e+000h  1
1026 4.9437814e+002 7.59e-006 3.99e-003  -7.3 1.08e-002    -  1.00e+000 1.00e+000h  1
1027 4.9437759e+002 1.10e-005 6.68e-003  -7.3 1.48e-002    -  1.00e+000 1.00e+000h  1
1028 4.9438732e+002 7.55e-008 1.33e-003  -7.3 1.13e-001    -  1.00e+000 1.00e+000H  1
1029 4.9434326e+002 2.20e-005 4.74e-002  -8.2 4.87e-002    -  1.00e+000 4.54e-001h  1
iter    objective    inf_pr   inf_du lg(mu)  ||d||  lg(rg) alpha_du alpha_pr  ls
1030 4.9431055e+002 1.85e-005 5.53e-002  -7.9 3.30e-002    -  1.00e+000 7.58e-001h  1
1031 4.9428879e+002 7.42e-005 2.52e-002  -8.2 4.29e-002    -  1.00e+000 8.88e-001h  1
1032 4.9428288e+002 7.91e-005 2.48e-002  -8.5 5.07e-002    -  9.17e-001 6.69e-001h  1
1033 4.9427754e+002 6.26e-005 3.59e-002  -9.0 4.39e-002    -  1.00e+000 5.20e-001h  1
1034 4.9428147e+002 1.44e-004 2.43e-002  -8.0 1.19e-001    -  3.79e-001 3.93e-001h  1
1035 4.9427944e+002 1.36e-004 3.16e-002  -8.4 1.04e-001    -  8.65e-001 2.50e-001h  1
1036 4.9427720e+002 1.09e-004 5.11e-002  -8.4 6.62e-002    -  1.00e+000 3.89e-001f  1
1037 4.9427407e+002 1.17e-004 4.80e-002  -9.2 1.19e-001    -  1.00e+000 2.55e-001h  1
1038 4.9427706e+002 1.85e-004 2.15e-002  -8.0 1.49e-001    -  5.69e-001 3.34e-001h  1
1039 4.9427614e+002 2.37e-004 6.68e-002  -8.3 3.05e-001    -  6.55e-001 1.44e-001h  2
iter    objective    inf_pr   inf_du lg(mu)  ||d||  lg(rg) alpha_du alpha_pr  ls
1040 4.9427513e+002 2.37e-004 1.01e-001  -8.3 1.85e-001    -  9.91e-001 1.83e-001h  2
1041 4.9427326e+002 5.76e-004 7.27e-002  -8.3 3.37e-001    -  8.75e-001 2.97e-001h  1
1042 4.9427539e+002 1.26e-003 1.44e-001  -7.9 9.13e-001    -  5.85e-001 1.49e-001f  1
1043 4.9427470e+002 1.43e-003 2.08e-001  -8.2 5.72e-001    -  5.48e-001 1.67e-001h  2
1044 4.9427374e+002 1.40e-003 3.04e-001  -8.2 5.70e-001    -  3.21e-001 8.01e-002h  3
1045 4.9427455e+002 1.48e-003 9.23e-002  -8.2 3.89e-001    -  1.00e+000 3.99e-001H  1
1046 4.9427353e+002 2.03e-003 1.05e-001  -8.2 7.76e-001    -  9.23e-002 1.81e-001f  2
1047 4.9427230e+002 1.90e-003 1.02e-001  -8.2 2.70e-001    -  1.23e-001 7.37e-002h  1
1048 4.9426774e+002 4.05e-004 3.76e-002  -8.4 8.28e-002    -  1.00e+000 9.20e-001f  1
1049 4.9430635e+002 7.38e-004 1.11e-001  -7.7 1.22e-001    -  5.89e-001 1.00e+000h  1
iter    objective    inf_pr   inf_du lg(mu)  ||d||  lg(rg) alpha_du alpha_pr  ls
1050 4.9427973e+002 4.79e-005 1.18e-002  -8.0 2.87e-002    -  1.00e+000 1.00e+000h  1
1051 4.9427458e+002 7.64e-005 1.31e-002  -8.0 4.11e-002    -  6.60e-001 1.00e+000h  1
1052 4.9427322e+002 7.22e-005 2.13e-002  -8.0 5.56e-002    -  1.00e+000 5.09e-001h  1
1053 4.9426356e+002 6.06e-005 4.23e-002  -9.0 5.17e-002    -  1.00e+000 5.48e-001h  1
1054 4.9425851e+002 9.26e-005 7.47e-002  -9.2 8.92e-002    -  1.00e+000 4.49e-001h  1
1055 4.9425709e+002 1.10e-004 6.06e-002 -11.0 1.92e-001    -  3.29e-001 1.54e-001h  1
1056 4.9425535e+002 1.15e-004 2.41e-002  -8.9 7.62e-002    -  6.47e-001 5.65e-001h  1
1057 4.9425470e+002 2.64e-004 2.20e-002  -9.2 1.56e-001    -  1.00e+000 4.76e-001h  1
1058 4.9425577e+002 7.20e-004 4.00e-002  -8.6 3.25e-001    -  2.42e-001 3.71e-001h  1
1059 4.9425475e+002 7.04e-004 6.50e-002  -9.1 3.79e-001    -  3.20e-001 1.04e-001h  2
iter    objective    inf_pr   inf_du lg(mu)  ||d||  lg(rg) alpha_du alpha_pr  ls
1060 4.9425323e+002 6.98e-004 5.13e-002  -9.1 3.98e-001    -  2.41e-001 1.10e-001h  1
1061 4.9425292e+002 7.08e-004 8.33e-002  -8.7 4.28e-001    -  4.87e-001 1.19e-001f  1
1062 4.9425184e+002 6.02e-004 3.19e-001  -9.2 1.65e-001    -  7.09e-001 2.07e-001h  1
1063 4.9425279e+002 5.79e-004 6.91e-002  -8.7 1.75e-001    -  1.00e+000 5.18e-001h  1
1064 4.9426027e+002 1.83e-003 2.16e-001  -8.2 4.38e-001    -  2.79e-001 4.76e-001h  1
1065 4.9425955e+002 1.82e-003 2.05e-001  -8.6 1.29e+000    -  8.50e-002 2.46e-002h  1
1066 4.9425889e+002 2.19e-003 1.98e-001  -8.6 2.36e+000    -  5.68e-002 4.98e-002f  1
1067 4.9425780e+002 2.45e-003 1.39e-001  -8.6 1.23e+000    -  2.68e-001 9.51e-002f  1
1068 4.9425685e+002 2.44e-003 1.36e-001  -8.6 1.69e+000    -  8.76e-002 1.88e-002f  1
1069 4.9425582e+002 2.41e-003 1.49e-001  -8.6 1.24e+000    -  2.53e-001 2.81e-002f  4
iter    objective    inf_pr   inf_du lg(mu)  ||d||  lg(rg) alpha_du alpha_pr  ls
1070 4.9425340e+002 2.30e-003 1.12e-001  -8.6 5.34e-001    -  3.43e-001 1.93e-001h  1
1071 4.9425295e+002 4.31e-003 1.23e-001  -8.6 3.53e+000    -  1.29e-001 7.27e-002f  1
1072 4.9425225e+002 4.46e-003 1.33e-001  -8.6 3.77e+000    -  2.02e-001 2.28e-002f  3
1073 4.9425158e+002 4.53e-003 2.42e-001  -8.6 1.36e+000    -  4.81e-001 8.82e-002h  2
1074 4.9425085e+002 4.45e-003 3.50e-001  -8.6 1.37e+000    -  1.33e-001 4.16e-002h  3
1075 4.9425404e+002 6.83e-003 2.78e-001  -8.1 1.40e+000    -  4.83e-001 2.31e-001h  1
1076 4.9425369e+002 7.26e-003 2.68e-001  -8.3 5.58e+000    -  1.49e-001 2.61e-002h  2
1077 4.9425302e+002 6.97e-003 2.29e-001  -8.3 6.64e-001    -  2.43e-001 4.44e-002h  3
1078 4.9425039e+002 4.15e-003 1.21e-001  -8.3 2.88e-001    -  3.30e-001 5.03e-001h  1
1079 4.9424918e+002 4.13e-003 1.03e-001  -8.9 1.74e+000    -  1.04e-001 3.22e-002h  3
iter    objective    inf_pr   inf_du lg(mu)  ||d||  lg(rg) alpha_du alpha_pr  ls
1080 4.9424786e+002 2.88e-003 6.20e-002 -11.0 2.71e-001    -  4.16e-001 4.05e-001h  1
1081 4.9424596e+002 2.47e-003 1.00e-001  -9.9 1.97e-001    -  3.65e-001 1.52e-001h  1
1082 4.9426430e+002 1.57e-004 8.35e-002  -8.4 9.02e-002    -  5.58e-001 1.00e+000h  1
1083 4.9424537e+002 3.54e-004 3.35e-002  -8.6 1.19e-001    -  1.00e+000 7.89e-001h  1
1084 4.9424598e+002 2.89e-004 2.49e-001  -8.2 7.85e-002    -  7.95e-001 2.14e-001f  3
1085 4.9424217e+002 3.44e-006 1.84e-003  -8.8 7.81e-003    -  1.00e+000 9.98e-001h  1
1086 4.9424055e+002 2.05e-006 6.78e-002  -9.8 5.99e-003    -  1.00e+000 4.74e-001h  1
1087 4.9423930e+002 1.42e-006 2.55e-002 -10.0 1.32e-002    -  1.00e+000 5.36e-001h  1
1088 4.9423912e+002 1.57e-006 1.69e-001  -9.3 3.55e-002    -  1.00e+000 3.16e-001h  1
1089 4.9423890e+002 2.11e-006 1.63e-002  -9.4 4.77e-002    -  1.00e+000 2.87e-001h  1
iter    objective    inf_pr   inf_du lg(mu)  ||d||  lg(rg) alpha_du alpha_pr  ls
1090 4.9423858e+002 1.21e-005 7.83e-002  -9.5 1.43e-001    -  9.78e-001 2.87e-001f  1
1091 4.9423828e+002 3.75e-005 1.27e-001  -9.6 3.99e-001    -  6.26e-001 1.75e-001h  1
1092 4.9423807e+002 4.06e-005 1.53e-001  -9.6 5.96e-001    -  2.39e-001 5.30e-002h  3
1093 4.9423803e+002 4.09e-005 1.98e-001  -9.1 3.03e-001    -  4.80e-001 9.97e-002h  3
1094 4.9423776e+002 4.23e-005 1.33e-001  -9.4 2.70e-001    -  8.10e-001 1.49e-001h  2
1095 4.9423774e+002 4.33e-005 3.05e-002  -9.4 2.83e-001    -  8.06e-001 1.48e-001h  2
1096 4.9423760e+002 3.17e-005 2.42e-002  -9.5 8.16e-002    -  6.55e-001 4.39e-001h  1
1097 4.9423735e+002 2.87e-005 6.23e-002  -9.2 9.12e-002    -  4.45e-001 1.31e-001h  1
1098 4.9423688e+002 3.64e-005 2.25e-002 -10.8 1.40e-001    -  3.43e-001 4.33e-001h  1
1099 4.9423675e+002 2.59e-005 1.97e-002  -9.6 7.59e-002    -  1.00e+000 4.58e-001h  1
iter    objective    inf_pr   inf_du lg(mu)  ||d||  lg(rg) alpha_du alpha_pr  ls
1100 4.9423663e+002 2.48e-005 2.77e-002 -11.0 7.62e-002    -  2.59e-001 4.23e-002h  1
1101 4.9423625e+002 2.22e-005 1.68e-001  -9.8 1.30e-001    -  4.98e-001 1.43e-001h  1
1102 4.9423594e+002 2.14e-005 2.14e-001 -11.0 2.23e-001    -  3.19e-001 1.05e-001h  1
1103 4.9423575e+002 2.57e-005 5.00e-002 -10.0 3.39e-001    -  7.07e-001 1.61e-001h  2
1104 4.9423585e+002 2.91e-005 4.00e-002  -9.3 3.41e-001    -  1.73e-001 1.82e-001h  2
1105 4.9423553e+002 3.46e-005 4.10e-002  -9.8 4.57e-001    -  3.51e-001 1.41e-001h  1
1106 4.9423561e+002 3.75e-005 3.95e-002  -8.5 9.80e-001    -  1.09e-001 4.87e-002f  1
1107 4.9423514e+002 5.74e-005 5.25e-002  -9.4 1.93e+000    -  1.39e-001 5.27e-002h  1
1108 4.9423508e+002 5.74e-005 3.80e-002  -9.1 2.82e+000    -  1.27e-001 3.18e-003f  1
1109 4.9423499e+002 5.71e-005 3.87e-002  -9.4 7.26e-001    -  1.42e-001 5.41e-002h  3
iter    objective    inf_pr   inf_du lg(mu)  ||d||  lg(rg) alpha_du alpha_pr  ls
1110 4.9423466e+002 6.35e-005 4.17e-002  -9.4 3.27e-001    -  5.23e-001 3.68e-001h  1
1111 4.9423432e+002 6.76e-005 4.19e-002  -9.9 3.02e+000    -  1.14e-001 1.76e-002h  1
1112 4.9423423e+002 7.24e-005 3.82e-002  -8.9 2.82e+000    -  9.12e-002 2.31e-002h  4
1113 4.9423405e+002 7.32e-005 4.04e-002  -9.4 1.03e+000    -  1.14e-001 6.45e-002h  2
1114 4.9423390e+002 8.58e-005 4.66e-002  -8.8 3.10e+000    -  1.73e-001 3.73e-002h  1
1115 4.9423513e+002 1.93e-004 6.35e-002  -8.6 5.76e+000    -  5.81e-002 5.63e-002h  1
1116 4.9423494e+002 1.95e-004 6.66e-002  -9.2 3.49e+000    -  1.49e-001 2.25e-002h  2
1117 4.9423471e+002 1.93e-004 6.47e-002  -9.2 1.01e+000    -  1.45e-001 3.34e-002h  3
1118 4.9423671e+002 1.16e-004 3.85e-002  -9.2 6.35e-002    -  8.07e-002 6.36e-001h  1
1119 4.9423398e+002 6.01e-005 2.89e-002  -9.2 1.61e-001    -  8.79e-001 5.49e-001f  1
iter    objective    inf_pr   inf_du lg(mu)  ||d||  lg(rg) alpha_du alpha_pr  ls
1120 4.9423404e+002 6.21e-005 4.72e-002  -8.7 7.61e-001    -  3.96e-001 1.22e-001f  4
1121 4.9426364e+002 2.61e-006 4.52e-002  -9.1 1.58e-001    -  9.02e-001 1.00e+000H  1
1122 4.9423322e+002 6.81e-005 2.87e-002  -9.1 1.96e-001    -  7.03e-001 1.00e+000h  1
1123 4.9424562e+002 1.98e-005 1.07e-002  -9.1 1.14e-001    -  8.27e-001 1.00e+000h  1
1124 4.9423333e+002 1.30e-005 1.07e-003  -9.2 9.45e-002    -  1.00e+000 1.00e+000h  1
1125 4.9423330e+002 6.61e-006 2.78e-002  -9.2 4.51e-003    -  1.00e+000 4.93e-001h  1
1126 4.9423265e+002 2.91e-008 1.64e-005  -9.4 3.10e-003    -  1.00e+000 9.97e-001h  1

Number of Iterations....: 1126

                                   (scaled)                 (unscaled)
Objective...............:  1.9620398137560968e+000   4.9423264988779954e+002
Dual infeasibility......:  1.6409376111743866e-005   4.1334785267109243e-003
Constraint violation....:  5.8842772734494535e-009   2.9131285828043474e-008
Complementarity.........:  4.3104235644142760e-010   1.0857843176489731e-007
Overall NLP error.......:  1.6409376111743866e-005   4.1334785267109243e-003


Number of objective function evaluations             = 1831
Number of objective gradient evaluations             = 1127
Number of equality constraint evaluations            = 1831
Number of inequality constraint evaluations          = 1831
Number of equality constraint Jacobian evaluations   = 1127
Number of inequality constraint Jacobian evaluations = 1127
Number of Lagrangian Hessian evaluations             = 0
Total CPU secs in IPOPT (w/o function evaluations)   =   3096.999
Total CPU secs in NLP function evaluations           =    882.363

EXIT: Optimal Solution Found.
      solver  :   t_proc      (avg)   t_wall      (avg)    n_eval
       nlp_f  |  35.82 s ( 19.56ms)  35.80 s ( 19.55ms)      1831
       nlp_g  |  42.10 s ( 22.99ms)  42.09 s ( 22.99ms)      1831
  nlp_grad_f  |  55.17 s ( 48.91ms)  55.16 s ( 48.91ms)      1128
   nlp_jac_g  | 747.59 s (662.76ms) 747.60 s (662.77ms)      1128
       total  |   3.98ks (  3.98ks)   3.98ks (  3.98ks)         1
