name C:\Users\u0150099\Documents\master_thesis\3dpredictsim\Results\debug\Fal_s1_mtjc1_sc_cspx10_oy_MTc2_MTPm_k1_d01_MTJm_nl_MG_exp5_table_d01_PF_Natali2010_ls146_ig21.mot
datacolumns 128
datarows 200
range 0.000000 2.122714
endheader
time	pelvis_tilt	pelvis_list	pelvis_rotation	pelvis_tx	pelvis_ty	pelvis_tz	hip_flexion_l	hip_adduction_l	hip_rotation_l	hip_flexion_r	hip_adduction_r	hip_rotation_r	knee_angle_l	knee_angle_r	ankle_angle_l	ankle_angle_r	subtalar_angle_l	subtalar_angle_r	mtj_angle_l	mtj_angle_r	mtp_angle_l	mtp_angle_r	lumbar_extension	lumbar_bending	lumbar_rotation	arm_flex_l	arm_add_l	arm_rot_l	arm_flex_r	arm_add_r	arm_rot_r	elbow_flex_l	elbow_flex_r	pro_sup_l	pro_sup_r	glut_med1_l/activation	glut_med2_l/activation	glut_med3_l/activation	glut_min1_l/activation	glut_min2_l/activation	glut_min3_l/activation	semimem_l/activation	semiten_l/activation	bifemlh_l/activation	bifemsh_l/activation	sar_l/activation	add_long_l/activation	add_brev_l/activation	add_mag1_l/activation	add_mag2_l/activation	add_mag3_l/activation	tfl_l/activation	pect_l/activation	grac_l/activation	glut_max1_l/activation	glut_max2_l/activation	glut_max3_l/activation	iliacus_l/activation	psoas_l/activation	quad_fem_l/activation	gem_l/activation	peri_l/activation	rect_fem_l/activation	vas_med_l/activation	vas_int_l/activation	vas_lat_l/activation	med_gas_l/activation	lat_gas_l/activation	soleus_l/activation	tib_post_l/activation	flex_dig_l/activation	flex_hal_l/activation	tib_ant_l/activation	per_brev_l/activation	per_long_l/activation	per_tert_l/activation	ext_dig_l/activation	ext_hal_l/activation	ercspn_l/activation	intobl_l/activation	extobl_l/activation	glut_med1_r/activation	glut_med2_r/activation	glut_med3_r/activation	glut_min1_r/activation	glut_min2_r/activation	glut_min3_r/activation	semimem_r/activation	semiten_r/activation	bifemlh_r/activation	bifemsh_r/activation	sar_r/activation	add_long_r/activation	add_brev_r/activation	add_mag1_r/activation	add_mag2_r/activation	add_mag3_r/activation	tfl_r/activation	pect_r/activation	grac_r/activation	glut_max1_r/activation	glut_max2_r/activation	glut_max3_r/activation	iliacus_r/activation	psoas_r/activation	quad_fem_r/activation	gem_r/activation	peri_r/activation	rect_fem_r/activation	vas_med_r/activation	vas_int_r/activation	vas_lat_r/activation	med_gas_r/activation	lat_gas_r/activation	soleus_r/activation	tib_post_r/activation	flex_dig_r/activation	flex_hal_r/activation	tib_ant_r/activation	per_brev_r/activation	per_long_r/activation	per_tert_r/activation	ext_dig_r/activation	ext_hal_r/activation	ercspn_r/activation	intobl_r/activation	extobl_r/activation	
          0.00000000	         -2.92734696	         -0.42525985	          1.92227488	          0.00000000	          0.91069595	         -0.00187324	        -21.47363336	          2.05145098	         12.78181131	         29.02331961	          2.78816186	         -1.12243669	         -1.34292175	        -11.71149080	         -3.91973813	          8.54996921	          0.65069230	         -2.07310088	          4.00318461	          2.89834423	         19.24613340	         -1.91370068	         -3.85614291	         -0.01806552	         -1.92402726	          4.27079482	        -13.83836512	         19.37750930	         -2.80375148	        -13.47635038	          8.44753514	         29.37131594	         25.74045255	         86.51662706	         86.51662706	          0.49996587	          0.08168921	          0.05000031	          0.68453457	          0.24130022	          0.08169097	          0.05888842	          0.05000588	          0.05000116	          0.06161071	          0.15717670	          0.05000027	          0.05000052	          0.05000091	          0.05000358	          0.05000604	          0.63892221	          0.05000141	          0.05000106	          0.05000988	          0.05000713	          0.05000505	          0.60558854	          0.92771086	          0.05000025	          0.05000150	          0.05000093	          0.24369215	          0.05000155	          0.05000150	          0.05000135	          0.48604036	          0.58281095	          0.35843860	          0.35782555	          0.46150680	          0.36427002	          0.12487838	          0.05000013	          0.07863275	          0.05000031	          0.05000239	          0.23130104	          0.05000002	          0.05000009	          0.05000011	          0.06260804	          0.05000087	          0.05888897	          0.05000039	          0.05000058	          0.05000265	          0.30598778	          0.06935902	          0.31085217	          0.06935873	          0.05000210	          0.09373442	          0.17015502	          0.15651180	          0.12516320	          0.17407617	          0.05889585	          0.05001738	          0.08570417	          0.05888970	          0.05888944	          0.14803749	          0.05002549	          0.09621252	          0.13643876	          0.05000146	          0.05000055	          0.05000008	          0.05000020	          0.05000018	          0.05000016	          0.05888901	          0.05888854	          0.05043995	          0.05578803	          0.06823836	          0.06534414	          0.27352882	          0.08683336	          0.18463730	          0.20491528	          0.49747999	          0.33225547	          0.05851669	          0.08432585	          0.11330498	
          0.01066691	         -2.92980404	         -0.62656458	          2.25258966	          0.01618841	          0.90924845	         -0.00171439	        -21.45082669	          1.66248674	         12.90091200	         29.00499476	          3.20966484	         -0.95618808	         -3.15144545	        -12.64119255	         -3.85570484	          7.85349923	          1.93724045	         -2.17747875	          3.29430903	          2.75705563	         20.61711306	         -1.56557490	         -3.74799698	          0.29385906	         -2.02352957	          4.03648713	        -13.79622108	         19.36098862	         -3.20007417	        -13.45368979	          8.05733642	         30.65218925	         24.53455267	         86.51662706	         86.51662706	          0.42455042	          0.06935863	          0.05000189	          0.58121084	          0.20487700	          0.06936015	          0.05000158	          0.05000031	          0.05000034	          0.05231097	          0.13345250	          0.05000018	          0.05000018	          0.05000030	          0.05000102	          0.05000074	          0.54247986	          0.05000104	          0.05000048	          0.05000827	          0.05000263	          0.05000121	          0.51417778	          0.81047162	          0.05000018	          0.05000156	          0.05000209	          0.32525689	          0.10610378	          0.10666288	          0.08640032	          0.42448978	          0.49483818	          0.32271964	          0.30381316	          0.39184452	          0.30928498	          0.13917550	          0.05000010	          0.06676345	          0.05000027	          0.05000011	          0.19638703	          0.05000020	          0.06332294	          0.05000248	          0.05888920	          0.05888870	          0.05000027	          0.06216778	          0.05889032	          0.05002126	          0.25980012	          0.05888960	          0.26393029	          0.05888935	          0.05001159	          0.13865998	          0.15643172	          0.13288936	          0.10627585	          0.20158461	          0.05000623	          0.08169360	          0.07276767	          0.05000104	          0.05000049	          0.21164791	          0.07138105	          0.08169079	          0.40163076	          0.13347141	          0.08168923	          0.08169295	          0.05000137	          0.05000154	          0.05000171	          0.05000004	          0.05000007	          0.05000000	          0.05000021	          0.05793906	          0.05548340	          0.31881720	          0.21174364	          0.15676739	          0.17398540	          0.54736123	          0.32831873	          0.05000011	          0.07159720	          0.09620205	
          0.02133381	         -2.93017639	         -0.83980535	          2.57716154	          0.03277400	          0.90799673	         -0.00154838	        -21.36867231	          1.25198097	         12.94011194	         28.93830024	          3.58705247	         -0.73003038	         -5.02604410	        -14.11125052	         -3.90756300	          6.99318306	          3.19069366	         -2.25430540	          2.16619152	          2.56453514	         22.22508851	         -1.15849425	         -3.61042275	          0.61801981	         -2.11261803	          3.70187801	        -13.73350162	         19.21193193	         -3.65755121	        -13.45077889	          7.84580099	         31.98084838	         23.37175954	         86.51662706	         86.51662706	          0.36046654	          0.05888926	          0.05000020	          0.49347948	          0.17395166	          0.05889057	          0.05000392	          0.05000103	          0.05000082	          0.05000031	          0.11330862	          0.06936087	          0.05888990	          0.05888963	          0.05888887	          0.05888738	          0.46059503	          0.15941579	          0.05878342	          0.05000699	          0.05000565	          0.05001411	          0.43656480	          0.74212714	          0.05000680	          0.05000460	          0.05000014	          0.27760012	          0.16589475	          0.16792409	          0.13919518	          0.36041476	          0.42014485	          0.32830470	          0.25795371	          0.33269720	          0.26259963	          0.21317620	          0.05000020	          0.06565359	          0.05000034	          0.05000005	          0.16674316	          0.05398865	          0.05888914	          0.05888905	          0.05000026	          0.05000026	          0.05006854	          0.05278389	          0.05000123	          0.05000059	          0.22058429	          0.05000049	          0.22409104	          0.05000028	          0.06936454	          0.11773040	          0.13281995	          0.11283186	          0.09023470	          0.22677739	          0.05108517	          0.06936989	          0.06178384	          0.05000184	          0.17780222	          0.22674455	          0.06936022	          0.06936114	          0.35545004	          0.11332477	          0.06935893	          0.06936182	          0.06671488	          0.06258088	          0.05889032	          0.06936041	          0.08168901	          0.07158358	          0.07250975	          0.05000010	          0.05000021	          0.34018799	          0.21588126	          0.16198546	          0.32727983	          0.58165047	          0.28148248	          0.05000005	          0.06078990	          0.08168074	
          0.03200072	         -2.92893965	         -1.05763545	          2.89422745	          0.04971981	          0.90696121	         -0.00137344	        -21.25065410	          0.82433874	         12.88858427	         28.75849721	          3.90404065	         -0.48280356	         -6.90980094	        -15.59438212	         -4.11473771	          6.02249989	          4.38193675	         -2.35980047	          0.65135302	          2.80704384	         24.00222693	         -0.64639565	         -3.44401793	          0.94262806	         -2.19438986	          3.27625773	        -13.66680008	         19.00768630	         -4.17122463	        -13.45847466	          7.77545675	         33.35074940	         22.26185210	         86.51662706	         86.51662706	          0.35321120	          0.05000029	          0.05000005	          0.47344173	          0.14769441	          0.05000144	          0.05000193	          0.05000017	          0.05000013	          0.05000092	          0.09620545	          0.05889119	          0.05000083	          0.05000071	          0.05000124	          0.05000067	          0.47145963	          0.13535304	          0.05000033	          0.05000120	          0.05000067	          0.05000055	          0.37066712	          0.70286301	          0.05000006	          0.05000038	          0.05000013	          0.26286784	          0.14085434	          0.14257736	          0.11818503	          0.30601152	          0.35672609	          0.30937068	          0.21901657	          0.28247788	          0.22296125	          0.37552470	          0.11731632	          0.05574360	          0.44481052	          0.24407053	          0.14157392	          0.09287428	          0.05000006	          0.05000017	          0.31695280	          0.25580280	          0.18359373	          0.25451388	          0.15775571	          0.09342802	          0.18728794	          0.12225887	          0.19026538	          0.08918007	          0.05889475	          0.09995982	          0.11277275	          0.09580190	          0.07664950	          0.26709117	          0.05000086	          0.05890181	          0.19397397	          0.23407072	          0.25910747	          0.28958215	          0.05889076	          0.05889151	          0.30179644	          0.09621917	          0.05889294	          0.05889193	          0.05664455	          0.05313456	          0.05000108	          0.05889072	          0.06935837	          0.06077831	          0.06156508	          0.07716330	          0.05888711	          0.42821388	          0.18329503	          0.19218718	          0.27787824	          0.69342803	          0.58009094	          0.06914301	          0.08536392	          0.06935135	
          0.04266762	         -2.92600136	         -1.26633720	          3.18787200	          0.06678131	          0.90620102	         -0.00114770	        -21.00728763	          0.41652686	         12.76733320	         28.56210444	          4.20696094	         -0.29096440	         -8.95742597	        -17.02112384	         -4.42847645	          4.88925487	          5.52867911	         -2.48096218	         -1.12395539	          3.20513401	         25.70559885	         -0.17637177	         -3.26990922	          1.25067196	         -2.26639317	          2.80313080	        -13.60697885	         18.79564429	         -4.68652631	        -13.46433409	          7.83838176	         34.72502076	         21.18106675	         86.51662706	         86.51662706	          0.29989538	          0.05000019	          0.05000009	          0.40197760	          0.12540057	          0.05000035	          0.05677294	          0.05000127	          0.05000112	          0.05000047	          0.08168376	          0.05000238	          0.42981959	          0.05000182	          0.05000792	          0.13343862	          0.40029578	          0.11492263	          0.05000092	          0.05000266	          0.05000205	          0.05000284	          0.31471634	          0.59676877	          0.05000017	          0.05000092	          0.05000018	          0.22318896	          0.11959323	          0.12105613	          0.10034574	          0.25982024	          0.30287981	          0.28370859	          0.18595685	          0.23983895	          0.18930612	          0.54413841	          0.10883261	          0.05000011	          0.67554162	          0.33477611	          0.12020388	          0.12045959	          0.05000006	          0.05000007	          0.38362715	          0.32824584	          0.23692049	          0.21609736	          0.13394520	          0.07932826	          0.15901755	          0.10380467	          0.16154557	          0.07571873	          0.05000505	          0.08487158	          0.10674356	          0.24150591	          0.27069833	          0.29165085	          0.05000170	          0.05001370	          0.16469499	          0.31182947	          0.31791517	          0.33266824	          0.05000152	          0.05000218	          0.25624188	          0.08169560	          0.05000423	          0.05000250	          0.18568289	          0.17989069	          0.16656635	          0.05000142	          0.05888903	          0.05160406	          0.06531222	          0.06551634	          0.05000091	          0.52389227	          0.24018032	          0.18891419	          0.40374644	          0.71884460	          0.67605801	          0.09287147	          0.07247857	          0.05888306	
          0.05333453	         -2.92075156	         -1.46748291	          3.45924939	          0.08376440	          0.90570570	         -0.00088647	        -20.52848688	          0.05848228	         12.61486691	         28.33986686	          4.52262747	         -0.12008341	        -11.36589988	        -18.39783212	         -4.85600483	          3.83853089	          6.69524534	         -2.63519962	         -2.88517937	          3.42111695	         27.00988938	          0.10795284	         -3.10108287	          1.54505011	         -2.33158242	          2.32186987	        -13.55557786	         18.61247191	         -5.17386408	        -13.46989945	          8.01756794	         36.07280026	         20.13483100	         86.51662706	         86.51662706	          0.25462738	          0.05000019	          0.05000008	          0.34130072	          0.10647194	          0.05000042	          0.06023345	          0.06527599	          0.06935024	          0.05000051	          0.06935410	          0.05000076	          0.66677904	          0.41023587	          0.15386999	          0.11331196	          0.45986392	          0.09757629	          0.05000117	          0.05000226	          0.05000167	          0.05000337	          0.26721112	          0.55511544	          0.05000016	          0.05000086	          0.05000029	          0.18949946	          0.10154124	          0.10278330	          0.08519906	          0.22060136	          0.25716153	          0.24473958	          0.15788739	          0.20363618	          0.16073113	          0.56284554	          0.11746995	          0.05000008	          0.81038321	          0.41700495	          0.10205965	          0.15229224	          0.05000005	          0.05000009	          0.48679034	          0.39588539	          0.31171317	          0.18347868	          0.11372719	          0.06735510	          0.13501448	          0.10608356	          0.13716094	          0.06428937	          0.05000078	          0.07206143	          0.29061362	          0.39246183	          0.37137748	          0.32585915	          0.05000056	          0.05002314	          0.14928358	          0.38945161	          0.37532608	          0.38611121	          0.05000020	          0.05000020	          0.32186735	          0.06936459	          0.05000577	          0.05000012	          0.24711734	          0.29936710	          0.23995300	          0.05000006	          0.05000018	          0.05000001	          0.08166678	          0.05574356	          0.05000150	          0.62160419	          0.22415983	          0.16291569	          0.37674916	          0.78189673	          0.57401197	          0.10011455	          0.06153822	          0.05000010	
          0.06400144	         -2.91272083	         -1.66714852	          3.70551267	          0.10053493	          0.90541337	         -0.00060431	        -19.74875886	         -0.22254422	         12.47648169	         28.04430947	          4.85943132	          0.05560246	        -14.26251153	        -19.67320054	         -5.40864971	          3.06786148	          7.91882008	         -2.82435872	         -4.18370432	          3.54092046	         27.31786324	          0.16583800	         -2.94474327	          1.83103496	         -2.38640482	          1.85776072	        -13.51320961	         18.47442940	         -5.61818083	        -13.48161033	          8.29867309	         37.38253129	         19.13900692	         86.51662706	         86.51662706	          0.21619242	          0.05000111	          0.05000095	          0.28978284	          0.09040061	          0.05000182	          0.05115107	          0.05542592	          0.05888921	          0.05000031	          0.05888572	          0.12713753	          0.63687909	          0.42279131	          0.13064829	          0.09620849	          0.47725911	          0.08284847	          0.05000496	          0.05004068	          0.05890791	          0.06936245	          0.22687664	          0.47238390	          0.05000597	          0.05002363	          0.05000281	          0.16089556	          0.08621418	          0.08726872	          0.07233877	          0.18730243	          0.21834457	          0.22678418	          0.13405586	          0.17289809	          0.13646949	          0.47788612	          0.09973836	          0.05000008	          0.68805899	          0.44626952	          0.47523454	          0.16741945	          0.05000017	          0.05000007	          0.56804589	          0.46064519	          0.34748614	          0.17776847	          0.09656639	          0.05888972	          0.11463459	          0.09969898	          0.11645712	          0.05458528	          0.05000073	          0.06118549	          0.25975247	          0.36636435	          0.38441243	          0.33129024	          0.05000071	          0.05001122	          0.12675260	          0.42063036	          0.39423742	          0.38788595	          0.05000023	          0.05000025	          0.27328323	          0.05889489	          0.05000199	          0.05000018	          0.32104444	          0.35260184	          0.29280609	          0.05000010	          0.05000023	          0.05000003	          0.13789691	          0.05889027	          0.05001380	          0.69013331	          0.23661523	          0.16306536	          0.38957366	          0.81292982	          0.55460747	          0.10015029	          0.05224929	          0.05000016	
          0.07466834	         -2.90236132	         -1.86925420	          3.93040007	          0.11700002	          0.90530309	         -0.00030598	        -18.68737806	         -0.43050381	         12.35300797	         27.67751014	          5.22004289	          0.25395226	        -17.57082763	        -20.83791173	         -6.12175307	          2.55201881	          9.12111565	         -3.05280575	         -4.90544792	          3.62276032	         26.45825082	         -0.02283394	         -2.80630569	          2.11033244	         -2.43315374	          1.43205970	        -13.48171864	         18.39621453	         -6.01015245	        -13.49847284	          8.65021249	         38.63651704	         18.20639873	         86.51662706	         86.51662706	          0.18355913	          0.05000138	          0.05000135	          0.24604172	          0.07675543	          0.05000271	          0.05204748	          0.05000026	          0.05000063	          0.05000012	          0.05000177	          0.16308368	          0.54074991	          0.39893218	          0.11092890	          0.08168643	          0.50345709	          0.20273339	          0.05000091	          0.05001306	          0.05002100	          0.05889341	          0.19263053	          0.40107936	          0.06936591	          0.05004178	          0.05000169	          0.18589084	          0.07320064	          0.07409599	          0.06141970	          0.15902985	          0.18538653	          0.19255197	          0.25486559	          0.14679979	          0.11587013	          0.40575100	          0.08468325	          0.05655386	          0.58419906	          0.47365149	          0.69332173	          0.17784847	          0.05123552	          0.05000008	          0.64452824	          0.51771065	          0.40666991	          0.15093703	          0.08199197	          0.05000288	          0.09733100	          0.09377271	          0.09887854	          0.05000065	          0.05000092	          0.05889425	          0.24144213	          0.32657015	          0.36792555	          0.33172811	          0.05000064	          0.05003496	          0.10762267	          0.44316943	          0.40293425	          0.37957381	          0.05000026	          0.05000025	          0.23203305	          0.05000709	          0.05000766	          0.05000018	          0.37010368	          0.38845811	          0.34071064	          0.05000010	          0.05000018	          0.05000002	          0.15629010	          0.05000263	          0.05000119	          0.73142318	          0.20090000	          0.13845138	          0.40670293	          0.84133194	          0.47787735	          0.09848259	          0.05000005	          0.05000016	
          0.08533525	         -2.89019872	         -2.07280469	          4.13795655	          0.13314499	          0.90538659	          0.00001303	        -17.42277994	         -0.58644327	         12.20980568	         27.24905179	          5.60202339	          0.47500598	        -21.10358628	        -21.90887656	         -6.93565192	          2.31899159	         10.17630355	         -3.32587485	         -5.22053951	          3.63049041	         24.59544212	         -0.44358040	         -2.68464512	          2.37868148	         -2.47405548	          1.05425886	        -13.46297175	         18.38583584	         -6.35105715	        -13.51482024	          9.03402835	         39.81505869	         17.34619049	         86.51662706	         86.51662706	          0.15585179	          0.05000099	          0.05000069	          0.20892539	          0.06517046	          0.05000373	          0.06985983	          0.05000193	          0.05000279	          0.05000160	          0.12272927	          0.19483202	          0.45912716	          0.34089890	          0.09418571	          0.06935637	          0.52548668	          0.33898221	          0.09221182	          0.05000486	          0.05000226	          0.05000451	          0.16355391	          0.34053796	          0.05889596	          0.05001174	          0.05000132	          0.18002802	          0.06215132	          0.06291151	          0.05214866	          0.13502492	          0.15740327	          0.16348698	          0.21639469	          0.12464096	          0.09838013	          0.34450441	          0.07190065	          0.06586438	          0.49601641	          0.49900789	          0.82077402	          0.17615246	          0.07306784	          0.05000008	          0.71756976	          0.56894744	          0.44624017	          0.12815992	          0.08806284	          0.09131949	          0.08263935	          0.07962274	          0.08395348	          0.05000063	          0.05000104	          0.05000750	          0.20499838	          0.27728227	          0.32921576	          0.32336379	          0.05000074	          0.05001235	          0.09137864	          0.45031161	          0.39363417	          0.35311696	          0.05000030	          0.05000029	          0.19700940	          0.05000463	          0.05000423	          0.05000025	          0.43674726	          0.52874791	          0.39057788	          0.05000030	          0.05000116	          0.05000034	          0.22373743	          0.05000287	          0.05000380	          0.79306496	          0.17057500	          0.11755270	          0.48418379	          0.76199758	          0.45785192	          0.10401423	          0.05000008	          0.05000017	
          0.09600216	         -2.87771178	         -2.27321198	          4.33422009	          0.14894489	          0.90570657	          0.00034498	        -16.01271096	         -0.70393915	         12.03106729	         26.75758857	          5.99731670	          0.71974480	        -24.70831575	        -22.87492832	         -7.71059178	          2.35629857	         11.03092077	         -3.65108458	         -5.08750579	          3.63659800	         22.47237024	         -0.99198297	         -2.58168563	          2.62937062	         -2.50752924	          0.73836212	        -13.45377992	         18.44517338	         -6.64081403	        -13.52538442	          9.41951926	         40.89441524	         16.56114832	         86.51662706	         86.51662706	          0.13232698	          0.05000041	          0.05000022	          0.17784011	          0.05533416	          0.05000103	          0.07425512	          0.05000041	          0.05000065	          0.05000022	          0.10420589	          0.21610655	          0.46526629	          0.30244378	          0.07997042	          0.05888761	          0.54922730	          0.40975568	          0.07829353	          0.05000348	          0.05000190	          0.05000120	          0.14749750	          0.28913507	          0.05000628	          0.05000326	          0.05000039	          0.17225109	          0.05277009	          0.05341550	          0.05000055	          0.11464344	          0.13364397	          0.13880924	          0.18373078	          0.37793364	          0.25682533	          0.36914225	          0.06104757	          0.05592243	          0.42114462	          0.42368453	          0.69688126	          0.16713929	          0.07335469	          0.05000008	          0.78065139	          0.60997123	          0.47802687	          0.12077112	          0.08120169	          0.07761134	          0.07016540	          0.07281842	          0.07128144	          0.05000045	          0.05000063	          0.05000182	          0.17405712	          0.24853376	          0.30811764	          0.30478039	          0.05000085	          0.05000792	          0.07758740	          0.44864494	          0.37641716	          0.32056611	          0.05000020	          0.05000021	          0.16727274	          0.05000342	          0.05000549	          0.05000026	          0.49155653	          0.55239576	          0.42968083	          0.05000028	          0.05000122	          0.06030825	          0.23381290	          0.05000203	          0.05000282	          0.78950380	          0.14482751	          0.09980863	          0.49219590	          0.77931156	          0.40486943	          0.10217284	          0.05000007	          0.05000017	
          0.10666906	         -2.86615892	         -2.45797308	          4.52159577	          0.16438509	          0.90630822	          0.00068009	        -14.49720398	         -0.79323856	         11.79419530	         26.19492444	          6.39050103	          0.99805574	        -28.24312646	        -23.70639355	         -7.85029402	          2.58049235	         11.67027483	         -3.97580517	         -4.64528804	          3.70972701	         20.87857631	         -1.54701912	         -2.50036584	          2.84985738	         -2.53299969	          0.49005919	        -13.45070370	         18.56238585	         -6.87554975	        -13.52577362	          9.79096541	         41.86034618	         15.84803624	         86.51662706	         86.51662706	          0.11235319	          0.05000031	          0.05000017	          0.42891822	          0.05000251	          0.05000091	          0.07456410	          0.05000050	          0.05000097	          0.05000037	          0.13723983	          0.22442835	          0.48429968	          0.25681304	          0.06790104	          0.05000102	          0.55553748	          0.45975628	          0.08010517	          0.05000226	          0.05000114	          0.05000075	          0.14344861	          0.24549126	          0.05000065	          0.05000253	          0.05000048	          0.14625052	          0.05000020	          0.05000018	          0.05000014	          0.09733856	          0.11434718	          0.11785652	          0.15599737	          0.32088611	          0.21805865	          0.36986882	          0.06107123	          0.05000055	          0.35757478	          0.54484731	          0.60573284	          0.15633775	          0.07899643	          0.05000009	          0.82809604	          0.61873185	          0.46833881	          0.10254230	          0.06894621	          0.06589821	          0.05957478	          0.07393008	          0.06439818	          0.05000053	          0.05000080	          0.05000412	          0.18061926	          0.26168345	          0.30620786	          0.28852937	          0.05000071	          0.05001201	          0.06588409	          0.43360933	          0.35011570	          0.29389288	          0.05000023	          0.05000023	          0.15009609	          0.05000462	          0.05000575	          0.05000027	          0.48924258	          0.54868680	          0.43227760	          0.05000064	          0.05000296	          0.07634896	          0.25364547	          0.05000091	          0.05000121	          0.74908738	          0.12404169	          0.09070105	          0.47915147	          0.75670458	          0.38956034	          0.10772706	          0.05000008	          0.05000021	
          0.11733597	         -2.85605142	         -2.62273471	          4.70137084	          0.17950553	          0.90721026	          0.00101225	        -12.89690616	         -0.87262848	         11.49891394	         25.54280479	          6.77367313	          1.31804252	        -31.59052413	        -24.36322525	         -7.57630600	          2.90873049	         12.10353078	         -4.25080114	         -4.36093445	          3.85049196	         19.44394108	         -2.02412311	         -2.43699467	          3.03770107	         -2.54968852	          0.30129997	        -13.45016899	         18.71872559	         -7.06126125	        -13.51521361	         10.13880144	         42.71218496	         15.20906545	         86.51662706	         86.51662706	          0.09539469	          0.05000040	          0.05000023	          0.43207931	          0.05000970	          0.05000131	          0.06553257	          0.05041094	          0.05000658	          0.05794207	          0.18244934	          0.21909173	          0.44416288	          0.21804967	          0.05765412	          0.05000078	          0.56085871	          0.45461789	          0.15158641	          0.05000245	          0.05000112	          0.05000059	          0.13862449	          0.20843535	          0.05000142	          0.05000377	          0.05000059	          0.12417462	          0.05000010	          0.05000009	          0.05000006	          0.08264574	          0.09708721	          0.10006652	          0.13245026	          0.27244982	          0.18514370	          0.36461924	          0.05185483	          0.06552189	          0.31542053	          0.53046887	          0.58047881	          0.14908775	          0.06887384	          0.05000011	          0.86898136	          0.61842192	          0.45775341	          0.08706473	          0.05854035	          0.05595335	          0.05756816	          0.07917622	          0.06673946	          0.05000051	          0.05000081	          0.05000481	          0.22773101	          0.27287957	          0.30282331	          0.26983370	          0.05000068	          0.05001296	          0.05741876	          0.40715865	          0.31587390	          0.26458669	          0.05000022	          0.05000023	          0.15054988	          0.05000819	          0.05000420	          0.05000027	          0.48206480	          0.50692740	          0.42491941	          0.05000083	          0.05000209	          0.09124605	          0.27950916	          0.05000110	          0.05000138	          0.69712508	          0.11295842	          0.09936100	          0.41029600	          0.65215855	          0.39982052	          0.10379218	          0.05000009	          0.05000021	
          0.12800287	         -2.84729796	         -2.76705696	          4.86948697	          0.19434959	          0.90837130	          0.00133055	        -11.22125544	         -0.94126527	         11.15595346	         24.79016379	          7.14083525	          1.67757385	        -34.73784424	        -24.82189180	         -7.08561538	          3.27886918	         12.35386210	         -4.45973418	         -4.14718574	          4.05293820	         18.12861839	         -2.37257648	         -2.38791768	          3.19652037	         -2.55633573	          0.15487611	        -13.44976025	         18.88766735	         -7.20437680	        -13.49981711	         10.46374161	         43.47039009	         14.65241715	         86.51662706	         86.51662706	          0.08099899	          0.05000040	          0.05000022	          0.55470856	          0.05001655	          0.05000140	          0.05701808	          0.05409929	          0.05000346	          0.05741284	          0.18511345	          0.21230702	          0.41145194	          0.18513683	          0.05000589	          0.05000065	          0.56152424	          0.44677115	          0.15248097	          0.05000228	          0.05000097	          0.05000046	          0.13770300	          0.17697298	          0.05000113	          0.05000353	          0.05000056	          0.10543118	          0.05000012	          0.05000011	          0.05000007	          0.07017090	          0.08243325	          0.08496187	          0.11245774	          0.23132493	          0.15719720	          0.33070903	          0.05000198	          0.05563179	          0.26780959	          0.52017067	          0.51531794	          0.14201359	          0.06527499	          0.05000012	          0.89408465	          0.60880629	          0.44035849	          0.07392493	          0.05000668	          0.05000759	          0.06433052	          0.08884386	          0.07131301	          0.05000047	          0.05000072	          0.05000505	          0.22642430	          0.25940818	          0.29252700	          0.24634844	          0.05000069	          0.05001271	          0.06810828	          0.36884648	          0.27315336	          0.22792041	          0.05000020	          0.05000021	          0.12782574	          0.05000563	          0.05000309	          0.05000029	          0.43824085	          0.54874370	          0.40720738	          0.05000145	          0.05000118	          0.10620836	          0.30334213	          0.05000162	          0.05000200	          0.63342116	          0.09590898	          0.10049201	          0.34836491	          0.56509127	          0.38458253	          0.09851363	          0.05000010	          0.05000021	
          0.13866978	         -2.83984737	         -2.89004592	          5.02230460	          0.20895520	          0.90973608	          0.00163040	         -9.48524831	         -0.99947349	         10.77114898	         23.93036959	          7.48341555	          2.06651430	        -37.67797931	        -25.06762762	         -6.38903102	          3.64679046	         12.43734387	         -4.59828310	         -3.92464141	          4.30367863	         16.93725366	         -2.57857355	         -2.35080811	          3.32783667	         -2.55264573	          0.03454656	        -13.44984043	         19.04708284	         -7.30987709	        -13.48416961	         10.76501379	         44.15779987	         14.18418057	         86.51662706	         86.51662706	          0.08816117	          0.05000038	          0.05000020	          0.62515592	          0.05119131	          0.05000124	          0.05003064	          0.08755888	          0.05000498	          0.07479407	          0.19455316	          0.20800909	          0.40766683	          0.15719193	          0.05000533	          0.05000056	          0.54902699	          0.44710130	          0.17569528	          0.05000192	          0.05000076	          0.05000034	          0.13003975	          0.15025999	          0.05000083	          0.05000303	          0.05000052	          0.14691618	          0.05000010	          0.05000009	          0.05000006	          0.06491768	          0.08138285	          0.07213720	          0.09548279	          0.19640792	          0.13346910	          0.31562007	          0.05000268	          0.05000064	          0.23975683	          0.49996524	          0.49608559	          0.13147647	          0.06188860	          0.05000016	          0.91160592	          0.59135920	          0.42598894	          0.07728353	          0.05001197	          0.05000651	          0.08539247	          0.11262366	          0.08528776	          0.05000088	          0.05000085	          0.05001987	          0.19224896	          0.22026882	          0.26377950	          0.22318538	          0.05000072	          0.05001754	          0.11542691	          0.32276979	          0.23192359	          0.19351856	          0.05000024	          0.05000024	          0.10853136	          0.05000327	          0.05000264	          0.05000019	          0.45089436	          0.55694408	          0.42475036	          0.05915027	          0.05000076	          0.12009443	          0.32597428	          0.05000735	          0.05000469	          0.58346171	          0.08143243	          0.10055857	          0.29578288	          0.50149679	          0.36819143	          0.09097362	          0.05000012	          0.05000022	
          0.14933669	         -2.83408367	         -2.99127438	          5.15676525	          0.22334772	          0.91126718	          0.00190996	         -7.70228999	         -1.04988107	         10.35050457	         22.95759601	          7.79297419	          2.47306575	        -40.38570911	        -25.08784380	         -5.55333690	          3.98912671	         12.36750673	         -4.66690105	         -3.70482511	          4.57052474	         15.85038727	         -2.65808023	         -2.32530480	          3.43311577	         -2.53801298	         -0.06974250	        -13.45008662	         19.18248055	         -7.37913078	        -13.47062805	         11.03992541	         44.78663823	         13.80410853	         86.51662706	         86.51662706	          0.13313549	          0.05000038	          0.05000021	          0.63017046	          0.05003485	          0.05000134	          0.05608016	          0.11559705	          0.05116487	          0.09571754	          0.19974264	          0.20074291	          0.40925174	          0.13346505	          0.05000513	          0.05000051	          0.53792253	          0.43379682	          0.20538952	          0.05000182	          0.05000068	          0.05000029	          0.12244757	          0.12794313	          0.05000091	          0.05000332	          0.05000057	          0.17363595	          0.05000009	          0.05000009	          0.05000006	          0.06178595	          0.07961138	          0.06124838	          0.08107024	          0.16676172	          0.11332268	          0.30339631	          0.05000129	          0.05000047	          0.20736860	          0.47089473	          0.46761209	          0.12094312	          0.05730319	          0.05000018	          0.91314214	          0.56149301	          0.41060025	          0.12465363	          0.06722376	          0.10326186	          0.09865260	          0.12951935	          0.09448129	          0.05000217	          0.05000091	          0.05000327	          0.16323027	          0.18702742	          0.22795316	          0.20165175	          0.05000073	          0.05001095	          0.11176956	          0.28495901	          0.19691827	          0.16431089	          0.05000022	          0.05000023	          0.09214946	          0.05000409	          0.05000356	          0.05000017	          0.44141787	          0.54679766	          0.41641172	          0.07762279	          0.05000074	          0.13691789	          0.34676098	          0.05002568	          0.05000998	          0.53317117	          0.06914110	          0.10522549	          0.25113863	          0.46958627	          0.35483478	          0.08228790	          0.05000013	          0.05000024	
          0.16000359	         -2.83040231	         -3.07060842	          5.27039593	          0.23753453	          0.91293353	          0.00216919	         -5.88079937	         -1.09392395	          9.90225904	         21.88272577	          8.06418421	          2.89158413	        -42.84690367	        -24.89896771	         -4.61457000	          4.28826936	         12.16151130	         -4.66758872	         -3.49031304	          4.82786830	         14.85810509	         -2.64130622	         -2.31327553	          3.51402851	         -2.51239691	         -0.16221034	        -13.45011950	         19.28572023	         -7.40913968	        -13.46022387	         11.28537064	         45.36136118	         13.50685169	         86.51662706	         86.51662706	          0.16029573	          0.05000039	          0.05000021	          0.64801045	          0.06416397	          0.05000138	          0.05007161	          0.12728620	          0.05001676	          0.10173964	          0.19383316	          0.19291780	          0.40055050	          0.11331955	          0.05000459	          0.05000047	          0.52100596	          0.41596609	          0.21481902	          0.05000168	          0.05000058	          0.05000025	          0.11428049	          0.11509993	          0.05000085	          0.05000329	          0.05000060	          0.18816512	          0.05000010	          0.05000010	          0.05000007	          0.06206454	          0.07195241	          0.05241628	          0.06883348	          0.14159069	          0.09621733	          0.29448885	          0.05000097	          0.05000031	          0.19156513	          0.43917952	          0.45348780	          0.11322265	          0.05340951	          0.05000022	          0.90292489	          0.52405446	          0.39195908	          0.16619837	          0.14386749	          0.19083873	          0.10742783	          0.13963742	          0.10108684	          0.05000208	          0.05000088	          0.05000231	          0.13859164	          0.15880401	          0.21053185	          0.18795724	          0.05000072	          0.05000900	          0.09490090	          0.26441691	          0.17117818	          0.14724027	          0.05000020	          0.05000021	          0.07824042	          0.05000431	          0.05000622	          0.05000017	          0.41299195	          0.51535809	          0.39186166	          0.10093381	          0.05000083	          0.15289427	          0.36541324	          0.05000289	          0.05000393	          0.47555862	          0.05870595	          0.11577164	          0.21323234	          0.41829398	          0.35899347	          0.07768230	          0.05000015	          0.05000025	
          0.17067050	         -2.82883282	         -3.12797608	          5.36151004	          0.25152049	          0.91469789	          0.00240839	         -4.02899093	         -1.13302173	          9.43401526	         20.72812722	          8.29337153	          3.31576039	        -45.05186157	        -24.53704862	         -3.61496788	          4.52365925	         11.83572931	         -4.60490114	         -3.25584705	          5.06674385	         13.95230014	         -2.55397867	         -2.31622295	          3.57219604	         -2.47578334	         -0.24432423	        -13.44990918	         19.35358172	         -7.39667879	        -13.45336460	         11.49783423	         45.88228952	         13.28466087	         86.51662706	         86.51662706	          0.16937723	          0.05000042	          0.05000022	          0.65534808	          0.10080635	          0.05000151	          0.05203527	          0.12919271	          0.05003115	          0.12045266	          0.19424888	          0.18556561	          0.38074750	          0.09621484	          0.05000382	          0.05000043	          0.50224848	          0.39666347	          0.23403979	          0.05000156	          0.05000051	          0.05000022	          0.10734700	          0.10686747	          0.05000086	          0.05000348	          0.05000064	          0.19035909	          0.05000011	          0.05000010	          0.05000007	          0.05432852	          0.06109249	          0.05000008	          0.05844387	          0.12021851	          0.08169394	          0.29052549	          0.05000064	          0.05000031	          0.18516111	          0.41568617	          0.44764827	          0.10781777	          0.05079404	          0.05000024	          0.88347580	          0.48688640	          0.37311422	          0.22877196	          0.22014755	          0.26902106	          0.11060859	          0.14270949	          0.10333839	          0.05000150	          0.05000086	          0.05000155	          0.11767204	          0.13484091	          0.19577797	          0.18070678	          0.05000076	          0.05000700	          0.08057704	          0.25514059	          0.15988454	          0.14160840	          0.05000019	          0.05000019	          0.06643105	          0.05000455	          0.05001391	          0.05000017	          0.37206054	          0.46941128	          0.35544468	          0.12299181	          0.05000066	          0.16606781	          0.38225805	          0.05000338	          0.05002630	          0.40377551	          0.05000136	          0.12309907	          0.18104866	          0.35515524	          0.35468960	          0.07683231	          0.05000016	          0.05000026	
          0.18133740	         -2.82908539	         -3.16316201	          5.42942198	          0.26531143	          0.91651602	          0.00262719	         -2.15128392	         -1.16797637	          8.95145165	         19.51596619	          8.47858969	          3.74075742	        -47.00483255	        -24.04022440	         -2.58662224	          4.68750979	         11.40577384	         -4.48807161	         -2.99974479	          5.29125330	         13.10581249	         -2.39926827	         -2.33468329	          3.60889548	         -2.42807462	         -0.31606600	        -13.44972927	         19.38588896	         -7.33962249	        -13.45009384	         11.67377733	         46.34787126	         13.12906781	         86.51662706	         86.51662706	          0.15756044	          0.05000045	          0.05000024	          0.65896417	          0.14228181	          0.05000174	          0.05005557	          0.11838721	          0.05000671	          0.13431898	          0.19520050	          0.17824732	          0.35344161	          0.08169200	          0.05000315	          0.05000039	          0.48123797	          0.37953568	          0.24608925	          0.05000144	          0.05000045	          0.05000020	          0.10305289	          0.10217046	          0.05000089	          0.05000377	          0.05000072	          0.18123856	          0.05000012	          0.05000012	          0.05000008	          0.05000041	          0.05187117	          0.05000009	          0.05000163	          0.10207233	          0.06936285	          0.28981995	          0.05000079	          0.05000034	          0.20101134	          0.39375766	          0.45232081	          0.10610828	          0.05000160	          0.05000025	          0.85518924	          0.45620228	          0.35694789	          0.28647393	          0.28955701	          0.32916852	          0.10771707	          0.13796771	          0.10177140	          0.05000070	          0.05000076	          0.05000112	          0.09991014	          0.11449572	          0.19006928	          0.18277589	          0.05000077	          0.05000549	          0.06841501	          0.25518329	          0.15956766	          0.14832111	          0.05000016	          0.05000016	          0.05640466	          0.05000414	          0.05001800	          0.05000020	          0.32810418	          0.41778340	          0.31452167	          0.14729996	          0.05000059	          0.17694157	          0.39531946	          0.05000394	          0.07233775	          0.34282727	          0.05000164	          0.14131917	          0.15372643	          0.30154623	          0.34149100	          0.07902110	          0.05000018	          0.05000025	
          0.19200431	         -2.83062077	         -3.17576259	          5.47406089	          0.27892032	          0.91834359	          0.00282508	         -0.25271900	         -1.19842756	          8.45951261	         18.26173960	          8.61930887	          4.16389753	        -48.71333906	        -23.44014150	         -1.55926180	          4.79627815	         10.89067141	         -4.32332837	         -2.71363930	          5.51038694	         12.29965901	         -2.17122559	         -2.36754718	          3.62467597	         -2.36915309	         -0.37810761	        -13.44971856	         19.38206147	         -7.23769670	        -13.45002126	         11.81107817	         46.75627296	         13.03163967	         86.51662706	         86.51662706	          0.13379088	          0.05000048	          0.05000026	          0.65355917	          0.17382330	          0.05000201	          0.05004237	          0.10051819	          0.05000384	          0.15276982	          0.19647153	          0.17131040	          0.31949083	          0.06936135	          0.05000255	          0.05000035	          0.45740950	          0.36149588	          0.25917721	          0.05000131	          0.05000039	          0.05000018	          0.09895822	          0.09867887	          0.05000094	          0.05000419	          0.05000082	          0.16303722	          0.05000013	          0.05000013	          0.05000009	          0.05000020	          0.05000037	          0.05000004	          0.05000052	          0.08666513	          0.05889313	          0.29086524	          0.05000084	          0.05000048	          0.26523581	          0.37902765	          0.46114770	          0.10645700	          0.05000179	          0.05000025	          0.82022004	          0.43407762	          0.34246159	          0.34842775	          0.34391981	          0.37900228	          0.09996080	          0.12661748	          0.09738912	          0.05000044	          0.05000070	          0.05000093	          0.08482933	          0.09722326	          0.19254924	          0.18931426	          0.05000079	          0.05000465	          0.05808897	          0.25857947	          0.16370261	          0.15835218	          0.05000015	          0.05000015	          0.05000276	          0.05000383	          0.05149160	          0.05000028	          0.29426907	          0.36803349	          0.27624677	          0.17243970	          0.05000056	          0.18549807	          0.40704637	          0.05001139	          0.10359208	          0.29107886	          0.05000299	          0.16086368	          0.13052804	          0.25602914	          0.32186699	          0.08192487	          0.05000017	          0.05000025	
          0.20267122	         -2.83284020	         -3.16574965	          5.49557710	          0.29236379	          0.92014326	          0.00300120	          1.66223193	         -1.22325027	          7.96157801	         16.97331678	          8.71572189	          4.58261488	        -50.18990727	        -22.75514196	         -0.55125981	          4.86594812	         10.30563477	         -4.11684943	         -2.41236120	          5.72602740	         11.50607875	         -1.87338416	         -2.41278883	          3.62009680	         -2.29911894	         -0.43239545	        -13.44974346	         19.33990429	         -7.09160655	        -13.45266428	         11.91021550	         47.10711054	         12.98482099	         86.51662706	         86.51662706	          0.11360347	          0.05000052	          0.05000029	          0.58760616	          0.19513049	          0.05000234	          0.05003075	          0.08534565	          0.05000232	          0.17525664	          0.19966564	          0.16577789	          0.28078253	          0.05889209	          0.05000209	          0.05000031	          0.43319599	          0.34764573	          0.27077862	          0.05000120	          0.05000035	          0.05000017	          0.09758257	          0.09764340	          0.05000097	          0.05000460	          0.05000086	          0.13842828	          0.05000015	          0.05000014	          0.05000010	          0.05000020	          0.05000043	          0.05000004	          0.05000031	          0.07358355	          0.05000398	          0.29077901	          0.05000173	          0.05000096	          0.33317397	          0.36721021	          0.46232346	          0.10774005	          0.05000090	          0.05000025	          0.78086492	          0.41666330	          0.32575004	          0.40830334	          0.40089740	          0.42042927	          0.08777749	          0.10982299	          0.09035671	          0.05000030	          0.05000062	          0.05000075	          0.07202491	          0.08255743	          0.18847643	          0.19516646	          0.05000086	          0.05000382	          0.05000172	          0.26047037	          0.16679955	          0.16521443	          0.05000013	          0.05000013	          0.05000254	          0.05000339	          0.06896459	          0.05000032	          0.27758124	          0.33021843	          0.24960014	          0.19907785	          0.05000086	          0.19269791	          0.41834113	          0.05717543	          0.13129849	          0.24714165	          0.05000456	          0.17915952	          0.11082767	          0.21738264	          0.30962087	          0.08340537	          0.05000018	          0.05000023	
          0.21333812	         -2.83528777	         -3.13264215	          5.49366907	          0.30565890	          0.92189141	          0.00315408	          3.58960126	         -1.23910977	          7.45853236	         15.65073424	          8.76717477	          4.99206081	        -51.45217932	        -21.98651638	          0.43362442	          4.89666594	          9.66659821	         -3.87889057	         -2.10863846	          5.94162112	         10.70321092	         -1.52478547	         -2.46831989	          3.59496332	         -2.21814617	         -0.48150192	        -13.44997489	         19.25821763	         -6.90193394	        -13.45738359	         11.97474042	         47.40112919	         12.98167430	         86.51662706	         86.51662706	          0.09645827	          0.05000054	          0.05000028	          0.49891263	          0.16568907	          0.05000256	          0.05002118	          0.07246327	          0.05000152	          0.19984825	          0.20281483	          0.16050318	          0.23958173	          0.05000400	          0.05000173	          0.05000028	          0.40671918	          0.33504378	          0.27651657	          0.05000103	          0.05000030	          0.05000015	          0.09664997	          0.09644537	          0.05000080	          0.05000411	          0.05000088	          0.11753319	          0.05000016	          0.05000016	          0.05000011	          0.05000020	          0.05000039	          0.05000004	          0.05000025	          0.06247661	          0.05000098	          0.29373524	          0.05619671	          0.05000260	          0.38243390	          0.35863656	          0.46381185	          0.10880288	          0.05000071	          0.05000027	          0.73819253	          0.40192676	          0.31082696	          0.46176079	          0.44924859	          0.45546370	          0.07594607	          0.09325781	          0.08451533	          0.05000025	          0.05000059	          0.05000062	          0.06115333	          0.07010424	          0.16583120	          0.20133618	          0.05000091	          0.05000321	          0.05000153	          0.26287372	          0.17007724	          0.17284046	          0.05000012	          0.05000012	          0.05000191	          0.05000313	          0.09954341	          0.05942234	          0.26695943	          0.30326158	          0.23112471	          0.22550768	          0.06770175	          0.19738554	          0.42840961	          0.06916328	          0.15496376	          0.20983658	          0.05000280	          0.19810277	          0.09409965	          0.18456967	          0.31032042	          0.08262816	          0.05000019	          0.05000023	
          0.22400503	         -2.83773047	         -3.07623770	          5.46782177	          0.31882222	          0.92358091	          0.00328177	          5.52402178	         -1.24188133	          6.94903828	         14.28988489	          8.77313175	          5.38761944	        -52.51484933	        -21.12677277	          1.39004821	          4.88253366	          8.98686275	         -3.61936408	         -1.79921260	          6.16168471	          9.88057143	         -1.14919415	         -2.53227900	          3.54921492	         -2.12663039	         -0.52750561	        -13.45042887	         19.13795408	         -6.66900393	        -13.46323437	         12.00915810	         47.63730252	         13.01599633	         86.51662706	         86.51662706	          0.08189890	          0.05000057	          0.05000031	          0.42360440	          0.14068072	          0.05000286	          0.05001614	          0.06152544	          0.05000117	          0.22347169	          0.20085566	          0.15331319	          0.20963012	          0.05000214	          0.05000157	          0.05000028	          0.37840461	          0.31545868	          0.27816489	          0.05000096	          0.05000028	          0.05000015	          0.09144354	          0.09243689	          0.05000088	          0.05000478	          0.05000100	          0.09979210	          0.05000018	          0.05000018	          0.05000013	          0.05000019	          0.05000039	          0.05000005	          0.05000024	          0.05304644	          0.05000124	          0.30064887	          0.07372383	          0.05000200	          0.40724540	          0.35220657	          0.46031168	          0.10855760	          0.05000166	          0.05000028	          0.69386145	          0.38930025	          0.29927208	          0.52641161	          0.49845894	          0.48917779	          0.06690009	          0.07918559	          0.08052978	          0.05000022	          0.05000057	          0.05000053	          0.05192296	          0.05953019	          0.14081065	          0.20421548	          0.05000095	          0.05000276	          0.05000123	          0.26318313	          0.17067752	          0.17670628	          0.05000011	          0.05000012	          0.05000144	          0.05000281	          0.14157257	          0.08348610	          0.25518515	          0.27892413	          0.21448476	          0.25330824	          0.10866020	          0.19992091	          0.43741301	          0.07765843	          0.17610216	          0.17816256	          0.05000166	          0.21912154	          0.07989625	          0.15670969	          0.33541334	          0.08018817	          0.05000016	          0.05000024	
          0.23467194	         -2.84009368	         -2.99737617	          5.41810177	          0.33186958	          0.92521456	          0.00338244	          7.45728468	         -1.22907979	          6.43205287	         12.88735106	          8.73426555	          5.76761200	        -53.38538421	        -20.17021991	          2.31422251	          4.82349947	          8.27809845	         -3.34729751	         -1.48266125	          6.38029864	          9.02889599	         -0.76624398	         -2.60314044	          3.48373677	         -2.02540565	         -0.57119005	        -13.45078313	         18.98220540	         -6.39364746	        -13.46904086	         12.01703003	         47.81157548	         13.08331813	         86.51662706	         86.51662706	          0.06953695	          0.05000058	          0.05000032	          0.35966329	          0.11944635	          0.05000302	          0.05001429	          0.05223877	          0.05000091	          0.24636376	          0.20066581	          0.14828187	          0.18946164	          0.05000210	          0.05000144	          0.05000027	          0.35257970	          0.30127843	          0.26611692	          0.05000087	          0.05000027	          0.05000015	          0.08857635	          0.08982742	          0.05000093	          0.05000532	          0.05000113	          0.08472896	          0.05000020	          0.05000020	          0.05000014	          0.05000022	          0.05000045	          0.05000005	          0.05000022	          0.05000080	          0.05000092	          0.30674213	          0.09640466	          0.05000416	          0.43208158	          0.34937834	          0.46046195	          0.10682920	          0.05320396	          0.05000028	          0.64615852	          0.37550935	          0.29069086	          0.57763694	          0.54208282	          0.51579963	          0.05683359	          0.06723483	          0.07525673	          0.05000020	          0.05000058	          0.05000043	          0.05000107	          0.05055431	          0.11955990	          0.20122031	          0.05000108	          0.05000231	          0.05000104	          0.26134296	          0.16924949	          0.17502231	          0.05000011	          0.05000011	          0.05000126	          0.05000285	          0.18184195	          0.10380195	          0.24052807	          0.25505603	          0.19827145	          0.28329623	          0.15486727	          0.20114722	          0.44512967	          0.07722802	          0.19292574	          0.15126961	          0.05000141	          0.24211618	          0.06783673	          0.13305506	          0.36959323	          0.07656506	          0.05000015	          0.05000024	
          0.24533884	         -2.84239445	         -2.89801293	          5.34543621	          0.34481370	          0.92679424	          0.00345654	          9.38048933	         -1.20019079	          5.90805506	         11.44297774	          8.65282890	          6.13036435	        -54.06842196	        -19.11625626	          3.20533010	          4.71836486	          7.55042497	         -3.07326794	         -1.15605790	          6.58813129	          8.13528802	         -0.38791067	         -2.68014435	          3.40000311	         -1.91514783	         -0.61124207	        -13.45096192	         18.79647258	         -6.07764178	        -13.47347633	         12.00162157	         47.91780573	         13.18151647	         86.51662706	         86.51662706	          0.05904094	          0.05000057	          0.05000037	          0.30537371	          0.10141692	          0.05000290	          0.05001107	          0.05000085	          0.05000073	          0.25936495	          0.19880054	          0.14580836	          0.17955825	          0.05000222	          0.05000140	          0.05000026	          0.32793623	          0.29010664	          0.22595210	          0.05000084	          0.05000027	          0.05000016	          0.08632193	          0.08850634	          0.05000134	          0.05000863	          0.05000138	          0.07193960	          0.05000023	          0.05000023	          0.05000016	          0.05000010	          0.05000020	          0.05000002	          0.05000022	          0.05000279	          0.05000136	          0.31568088	          0.12742324	          0.05000420	          0.43642785	          0.34847728	          0.45426349	          0.10422788	          0.05650380	          0.05000029	          0.59549578	          0.35803547	          0.28315010	          0.60979733	          0.57262005	          0.53257508	          0.05001981	          0.05708872	          0.07023060	          0.05000020	          0.05000060	          0.05000036	          0.05000097	          0.05001662	          0.10151528	          0.19150148	          0.05000131	          0.05000197	          0.05000094	          0.25550349	          0.16435597	          0.16671244	          0.05000011	          0.05000011	          0.05000109	          0.05000296	          0.21655149	          0.12158196	          0.22055117	          0.22865445	          0.17951383	          0.31387563	          0.20014799	          0.20037634	          0.45096204	          0.06561194	          0.20657183	          0.12843604	          0.05000129	          0.26585996	          0.05759769	          0.11297100	          0.40780747	          0.07244504	          0.05000015	          0.05000024	
          0.25600575	         -2.84463607	         -2.78124493	          5.25112603	          0.35766693	          0.92831474	          0.00350645	         11.28233998	         -1.15630777	          5.38009047	          9.96071487	          8.53313239	          6.47493528	        -54.56158630	        -17.97128339	          4.05624679	          4.56253611	          6.81529970	         -2.80946113	         -0.81455788	          6.77677357	          7.19057516	         -0.01284322	         -2.76277683	          3.30045777	         -1.79651643	         -0.64544787	        -13.45100456	         18.58704000	         -5.72377716	        -13.47554620	         11.96666045	         47.94888854	         13.31043927	         86.51662706	         86.51662706	          0.05012955	          0.05000059	          0.05000035	          0.25927888	          0.08610887	          0.05000284	          0.05000721	          0.05000059	          0.05000046	          0.24425679	          0.19307790	          0.14635093	          0.17088130	          0.05000192	          0.05000127	          0.05000026	          0.30437442	          0.28249680	          0.19184628	          0.05000074	          0.05000024	          0.05000015	          0.08573634	          0.08795425	          0.05000101	          0.05000538	          0.05000150	          0.06108100	          0.05000031	          0.05000031	          0.05000022	          0.05000025	          0.05000056	          0.05000011	          0.05000021	          0.05000174	          0.05000104	          0.32228192	          0.12270018	          0.06440959	          0.47124510	          0.34842243	          0.44520224	          0.10109465	          0.05618534	          0.05000031	          0.54365701	          0.33607717	          0.27258182	          0.61748372	          0.58519107	          0.53973136	          0.05000490	          0.05000657	          0.06552562	          0.05000022	          0.05000068	          0.05000034	          0.05000084	          0.05001383	          0.08619392	          0.17628567	          0.05000167	          0.05000185	          0.05000093	          0.24319007	          0.15534160	          0.15411815	          0.05000012	          0.05000012	          0.05000106	          0.05000325	          0.24466693	          0.13585724	          0.19515455	          0.19764959	          0.15837865	          0.34398835	          0.24263228	          0.19727403	          0.45566774	          0.05571280	          0.21674557	          0.10904912	          0.05000231	          0.28951170	          0.05000140	          0.09591857	          0.45144621	          0.06739306	          0.05000016	          0.05000025	
          0.26667265	         -2.84675652	         -2.65151641	          5.13600327	          0.37044415	          0.92976156	          0.00353609	         13.14598131	         -1.10022031	          4.85264180	          8.44892330	          8.38195386	          6.80105424	        -54.84942592	        -16.75050072	          4.86109830	          4.35305422	          6.08064707	         -2.56866556	         -0.44438387	          6.93723242	          6.18121108	          0.36680517	         -2.85023059	          3.18922889	         -1.67039154	         -0.67229239	        -13.45076819	         18.35914074	         -5.33554293	        -13.47503902	         11.91693047	         47.89790698	         13.47137919	         86.51662706	         86.51662706	          0.05000059	          0.05000054	          0.05000047	          0.22014186	          0.07311143	          0.05000256	          0.05000717	          0.05000060	          0.05000041	          0.20937854	          0.20291544	          0.14597874	          0.16891667	          0.05000234	          0.05000128	          0.05000026	          0.28418375	          0.27427224	          0.16288832	          0.05000077	          0.05000027	          0.05000017	          0.08544813	          0.08830510	          0.05000308	          0.05059514	          0.05000248	          0.05186523	          0.05000035	          0.05000036	          0.05000026	          0.05000011	          0.05000022	          0.05000002	          0.05000019	          0.05000127	          0.05000099	          0.32953339	          0.16695235	          0.05468805	          0.48929175	          0.35033828	          0.43798219	          0.09750525	          0.05623161	          0.05000031	          0.49196659	          0.31217347	          0.26065213	          0.60919150	          0.58436061	          0.53429978	          0.05000287	          0.05000326	          0.06113869	          0.05000024	          0.05000079	          0.05000031	          0.05000068	          0.05000928	          0.07318513	          0.15524165	          0.05000314	          0.05000167	          0.05000091	          0.22806504	          0.14426359	          0.13562783	          0.05000013	          0.05000013	          0.05000105	          0.05000394	          0.26083056	          0.14665427	          0.16570099	          0.16781683	          0.13447763	          0.37236643	          0.28102328	          0.19120425	          0.45951505	          0.05000602	          0.22809300	          0.09258858	          0.05534599	          0.30930094	          0.05000129	          0.08144016	          0.49966733	          0.06218099	          0.05000015	          0.05000025	
          0.27733956	         -2.84868316	         -2.51382425	          5.00089607	          0.38316110	          0.93111148	          0.00355093	         14.95093100	         -1.03554201	          4.33320549	          6.91813649	          8.20752693	          7.10879597	        -54.90771798	        -15.47358365	          5.62293890	          4.08898602	          5.35495208	         -2.36541186	         -0.04459534	          7.06151873	          5.09429583	          0.76153987	         -2.94164557	          3.07102612	         -1.53775678	         -0.69065784	        -13.45040161	         18.11735009	         -4.91717346	        -13.47216369	         11.85778700	         47.75922791	         13.66714069	         86.51662706	         86.51662706	          0.05000053	          0.05000053	          0.05000052	          0.18691241	          0.06207597	          0.05000234	          0.05000500	          0.05000044	          0.05000032	          0.17777385	          0.19817137	          0.14571987	          0.17532307	          0.05000246	          0.05000125	          0.05000026	          0.26440068	          0.26381467	          0.13830122	          0.05000075	          0.05000028	          0.05000019	          0.08364014	          0.08698428	          0.05266242	          0.10103680	          0.05000357	          0.05000289	          0.05000057	          0.05000059	          0.05000049	          0.05000009	          0.05000017	          0.05000002	          0.05000018	          0.05000197	          0.05000112	          0.33491140	          0.16468397	          0.06552032	          0.50658759	          0.35157318	          0.43211439	          0.09243049	          0.05375094	          0.05000035	          0.44495324	          0.28952581	          0.24957863	          0.58670754	          0.56933554	          0.52232921	          0.05011160	          0.05000621	          0.06132613	          0.05000031	          0.05000103	          0.05000032	          0.05000066	          0.05000786	          0.06214031	          0.13476688	          0.08799390	          0.05000170	          0.05000104	          0.21089026	          0.13233974	          0.11790738	          0.05000016	          0.05000016	          0.05000112	          0.05000486	          0.27110747	          0.15280036	          0.14069029	          0.14248634	          0.11418001	          0.39925321	          0.31709498	          0.18247037	          0.46279268	          0.05003869	          0.23965708	          0.07861269	          0.07262285	          0.32365262	          0.05000089	          0.06914727	          0.54498693	          0.05783058	          0.05000017	          0.05000028	
          0.28800647	         -2.85039094	         -2.37226220	          4.84638121	          0.39583382	          0.93233718	          0.00355471	         16.67677967	         -0.96563012	          3.82641804	          5.37610572	          8.01712269	          7.39846801	        -54.71098174	        -14.15606856	          6.32968850	          3.77237390	          4.64900298	         -2.21407576	          0.38255125	          7.14382648	          3.94926978	          1.18079110	         -3.03613686	          2.95017943	         -1.39951819	         -0.69993740	        -13.45001108	         17.86565115	         -4.47309122	        -13.46763807	         11.79577314	         47.52848746	         13.90078802	         86.51662706	         86.51662706	          0.05000052	          0.05000055	          0.05000054	          0.15869882	          0.05270660	          0.05000216	          0.05000352	          0.05000033	          0.05000024	          0.15093963	          0.18786262	          0.14810181	          0.17701435	          0.05000297	          0.05000140	          0.05000029	          0.24759116	          0.24908128	          0.11742537	          0.05000075	          0.05000030	          0.05000021	          0.08328396	          0.08725461	          0.05754121	          0.12703119	          0.05000379	          0.05000209	          0.05000143	          0.05000152	          0.05000129	          0.05000011	          0.05000023	          0.05000004	          0.05000018	          0.05000169	          0.05000104	          0.33475646	          0.17860293	          0.06545235	          0.52094322	          0.35254401	          0.42890674	          0.08755931	          0.05135309	          0.05000036	          0.40490227	          0.26941758	          0.23761240	          0.56140102	          0.55061465	          0.50578832	          0.05634919	          0.05001171	          0.06103263	          0.05000039	          0.05000126	          0.05000031	          0.05000063	          0.05000693	          0.05276423	          0.11564731	          0.13496691	          0.05000166	          0.05000112	          0.19379217	          0.12041300	          0.10027839	          0.05000018	          0.05000018	          0.05000109	          0.05000570	          0.27150912	          0.15573575	          0.11945521	          0.12097966	          0.09694684	          0.42506818	          0.35080426	          0.17195473	          0.46481115	          0.05532954	          0.24833016	          0.06674642	          0.08959321	          0.33582078	          0.05000077	          0.05871013	          0.58127537	          0.05418598	          0.05000018	          0.05000030	
          0.29867337	         -2.85188774	         -2.23011846	          4.67306925	          0.40847729	          0.93341140	          0.00355007	         18.30599102	         -0.89339098	          3.33510255	          3.82853184	          7.81677625	          7.67246500	        -54.23993058	        -12.81122137	          6.96616010	          3.40812317	          3.97231341	         -2.12250603	          0.82388783	          7.18472611	          2.76840653	          1.62798277	         -3.13285360	          2.83035900	         -1.25667157	         -0.70006863	        -13.44974766	         17.60698792	         -4.00731267	        -13.46240929	         11.73986705	         47.20324099	         14.17477866	         86.51662706	         86.51662706	          0.05000054	          0.05000058	          0.05000057	          0.13474399	          0.05000242	          0.05000224	          0.05000280	          0.05000029	          0.05000019	          0.12815592	          0.18875919	          0.15412585	          0.17911227	          0.05000259	          0.05000130	          0.05000030	          0.23522132	          0.23751844	          0.09970064	          0.05000074	          0.05000030	          0.05000022	          0.08648320	          0.09095560	          0.07432796	          0.12383132	          0.05000378	          0.05000204	          0.05000221	          0.05000244	          0.05000170	          0.05000015	          0.05000030	          0.05000005	          0.05000020	          0.05000106	          0.05000092	          0.33267104	          0.18745717	          0.06495212	          0.53460364	          0.35275321	          0.42294742	          0.08387443	          0.05000142	          0.05000041	          0.37350710	          0.25194867	          0.22295532	          0.54032189	          0.53186568	          0.48665025	          0.05972780	          0.05001967	          0.05909457	          0.05000049	          0.05000155	          0.05000033	          0.05000067	          0.05000676	          0.05001098	          0.10103284	          0.17772050	          0.05000173	          0.05000128	          0.17984388	          0.11429171	          0.09239500	          0.05000021	          0.05000021	          0.05000122	          0.05000640	          0.26444183	          0.14900934	          0.10142723	          0.10272052	          0.08231783	          0.45047060	          0.38432599	          0.16057786	          0.46680416	          0.06549328	          0.25719770	          0.05667134	          0.09988216	          0.34297096	          0.05000066	          0.05000280	          0.60037739	          0.05147269	          0.05000022	          0.05000030	
          0.30934028	         -2.85319998	         -2.08959899	          4.48148955	          0.42110512	          0.93431102	          0.00353899	         19.82503531	         -0.82003973	          2.86182098	          2.28064731	          7.61072843	          7.93293688	        -53.48455111	        -11.45217272	          7.52445834	          3.00134545	          3.33269339	         -2.09229116	          1.25924749	          7.18887233	          1.57534246	          2.10580073	         -3.23096949	          2.71392565	         -1.10998928	         -0.69157878	        -13.44974757	         17.34282655	         -3.52303563	        -13.45734800	         11.70238659	         46.78315207	         14.48972645	         86.51662706	         86.51662706	          0.05000051	          0.05000057	          0.05000058	          0.11440505	          0.05000281	          0.05000207	          0.05000210	          0.05000025	          0.05000016	          0.10881132	          0.19398583	          0.16311396	          0.18350260	          0.05000307	          0.05000141	          0.05000032	          0.22333466	          0.23407931	          0.08465138	          0.05000074	          0.05000032	          0.05000025	          0.09283556	          0.09709003	          0.09471262	          0.13794015	          0.05000357	          0.05000154	          0.05000583	          0.05000657	          0.05000226	          0.05000012	          0.05000028	          0.05000003	          0.05000021	          0.05000116	          0.05000100	          0.32912593	          0.19077515	          0.06659996	          0.53515468	          0.35463143	          0.41076928	          0.08111110	          0.05000064	          0.05000042	          0.34882711	          0.23795554	          0.21134255	          0.52511390	          0.51397759	          0.46883445	          0.06004393	          0.05001572	          0.05627011	          0.05000053	          0.05000173	          0.05000032	          0.05000066	          0.05000642	          0.05001391	          0.09115662	          0.21689672	          0.05000169	          0.05000129	          0.16654209	          0.10833026	          0.08737006	          0.05000022	          0.05000022	          0.05000110	          0.05000632	          0.25643536	          0.13536110	          0.08980600	          0.08912989	          0.07590535	          0.47546578	          0.41900853	          0.14984799	          0.46837569	          0.07340213	          0.26472360	          0.05000012	          0.10866791	          0.34764799	          0.05000066	          0.05000181	          0.61038624	          0.05000713	          0.05000029	          0.05000029	
          0.32000719	         -2.85435732	         -1.95182862	          4.27217403	          0.43373173	          0.93501996	          0.00352214	         21.22348192	         -0.74507189	          2.40886412	          0.73684310	          7.40148854	          8.18183730	        -52.44046001	        -10.09077268	          7.98869367	          2.55442782	          2.73984086	         -2.12190215	          1.68436223	          7.16500409	          0.40918042	          2.61912970	         -3.32936862	          2.60200625	         -0.95999288	         -0.67573207	        -13.44997624	         17.07356091	         -3.02278257	        -13.45315393	         11.69814238	         46.26952729	         14.84367849	         86.51662706	         86.51662706	          0.05000055	          0.05000062	          0.05000063	          0.09713622	          0.05000275	          0.05000215	          0.05000155	          0.05000022	          0.05000014	          0.09238672	          0.19903638	          0.17125680	          0.18573760	          0.05000327	          0.05000147	          0.05000034	          0.21450568	          0.21540067	          0.07187378	          0.05000077	          0.05000034	          0.05000027	          0.10000881	          0.10486879	          0.11430314	          0.12968673	          0.05000351	          0.05000162	          0.05001271	          0.05001447	          0.05000179	          0.05000077	          0.05000045	          0.05058115	          0.05000024	          0.05000076	          0.05000090	          0.32157658	          0.19243990	          0.06445862	          0.54092472	          0.35770948	          0.40511129	          0.07971650	          0.05000079	          0.05000075	          0.32947640	          0.22694779	          0.19960899	          0.52388770	          0.50242915	          0.45094017	          0.05826099	          0.05000981	          0.05270135	          0.05000060	          0.05000195	          0.05000032	          0.05000065	          0.05000593	          0.05001223	          0.08101747	          0.25464218	          0.05000165	          0.05000134	          0.15782955	          0.10571105	          0.08096152	          0.05000024	          0.05000025	          0.05000108	          0.05000626	          0.24416416	          0.11494040	          0.08632812	          0.08608952	          0.07353938	          0.49912002	          0.45117051	          0.13917417	          0.46999916	          0.07555105	          0.26979187	          0.05000015	          0.12274055	          0.35001043	          0.05000066	          0.05000173	          0.62484986	          0.05000013	          0.05000034	          0.05000027	
          0.33067409	         -2.85536341	         -1.81792482	          4.04568842	          0.44637408	          0.93552736	          0.00349851	         22.49314839	         -0.66808773	          1.97784672	         -0.79924296	          7.19060825	          8.42179522	        -51.10766541	         -8.73767467	          8.35056037	          2.06925848	          2.20167068	         -2.20629624	          2.08815309	          7.12030960	         -0.68038362	          3.17182010	         -3.42630950	          2.49590548	         -0.80712373	         -0.65473459	        -13.45017195	         16.79925495	         -2.50867520	        -13.45051926	         11.74157166	         45.66513452	         15.23216355	         86.51662706	         86.51662706	          0.05000050	          0.05000058	          0.05000066	          0.08247408	          0.05000218	          0.05000207	          0.05000131	          0.05000026	          0.05000015	          0.07844135	          0.22679961	          0.18021439	          0.20008445	          0.05000360	          0.05000147	          0.05000036	          0.20560547	          0.22328125	          0.06102499	          0.05000076	          0.05000035	          0.05000029	          0.10926904	          0.11301042	          0.15437333	          0.11553432	          0.05000315	          0.05000082	          0.05000104	          0.05000108	          0.05000055	          0.05000025	          0.05888980	          0.05000003	          0.05000031	          0.05000045	          0.05000062	          0.31714546	          0.19270254	          0.06279479	          0.54961253	          0.36062625	          0.40287165	          0.07777130	          0.05000059	          0.05000066	          0.31626981	          0.21712216	          0.18864107	          0.50789714	          0.48726091	          0.43604759	          0.05988878	          0.05001036	          0.05200935	          0.05000066	          0.05000234	          0.05000035	          0.05000072	          0.05000604	          0.05001259	          0.07673089	          0.28913415	          0.05000178	          0.05000145	          0.14258824	          0.09883551	          0.07684272	          0.05000028	          0.05000027	          0.05000113	          0.05000648	          0.22930186	          0.09759159	          0.08362571	          0.08380486	          0.07181678	          0.52123303	          0.48080952	          0.12894494	          0.47134145	          0.07998234	          0.27446886	          0.05000015	          0.13762339	          0.34999147	          0.05000065	          0.05000115	          0.63376502	          0.05000066	          0.05000042	          0.05000028	
          0.34134100	         -2.85624700	         -1.68830437	          3.80273254	          0.45904738	          0.93582404	          0.00346592	         23.62975284	         -0.58832129	          1.56654572	         -2.32304353	          6.97866849	          8.65480517	        -49.49340837	         -7.40462133	          8.61919316	          1.54701644	          1.72118352	         -2.34062631	          2.44963138	          7.06116300	         -1.64191394	          3.76908669	         -3.52028195	          2.39631169	         -0.65189928	         -0.63102970	        -13.45022780	         16.51984557	         -1.98229798	        -13.44970832	         11.84126371	         44.97452548	         15.64944829	         86.51662706	         86.51662706	          0.05000054	          0.05000067	          0.05000069	          0.07002522	          0.05000281	          0.05000211	          0.05000074	          0.05000021	          0.05000013	          0.06660100	          0.22047283	          0.18710200	          0.18333080	          0.05000379	          0.05000164	          0.05000040	          0.19494406	          0.19663717	          0.05181390	          0.05000081	          0.05000039	          0.05000033	          0.11961392	          0.12292390	          0.15191416	          0.14364118	          0.05000440	          0.05000072	          0.05000160	          0.05000143	          0.05000051	          0.05000050	          0.05000101	          0.05271799	          0.05000027	          0.05000108	          0.05000106	          0.30781559	          0.18334524	          0.07160791	          0.50887273	          0.37114151	          0.39803165	          0.07688308	          0.05000140	          0.05000716	          0.30761190	          0.21489045	          0.18480377	          0.53502638	          0.49622454	          0.43095197	          0.06035998	          0.05001522	          0.05065901	          0.05000080	          0.05000264	          0.05000034	          0.05000069	          0.05000539	          0.05001152	          0.06544832	          0.32337693	          0.05000172	          0.05000148	          0.12797584	          0.09446969	          0.06560032	          0.05000030	          0.05000029	          0.05000097	          0.05000576	          0.21880447	          0.08286110	          0.07569013	          0.07623460	          0.06493239	          0.54140275	          0.50803154	          0.11903003	          0.47240932	          0.07937405	          0.27625878	          0.05000015	          0.16414057	          0.34861842	          0.05000070	          0.05000115	          0.63550893	          0.05000026	          0.05000038	          0.05000028	
          0.35200790	         -2.85705830	         -1.56362204	          3.54413666	          0.47176662	          0.93590321	          0.00342351	         24.63124984	         -0.50646929	          1.17768897	         -3.83055619	          6.76543557	          8.88443869	        -47.60403034	         -6.10238751	          8.77209251	          0.99531276	          1.29976955	         -2.51509712	          2.74239756	          6.98931708	         -2.40215517	          4.40857814	         -3.60979707	          2.30388797	         -0.49496459	         -0.60721116	        -13.45003097	         16.23467610	         -1.44524113	        -13.45009915	         11.99734933	         44.20263520	         16.08931805	         86.51662706	         86.51662706	          0.05000059	          0.05000076	          0.05000083	          0.05945556	          0.05000277	          0.05000236	          0.05000046	          0.05000023	          0.05000013	          0.05654797	          0.23793614	          0.19132891	          0.16365757	          0.05000405	          0.05000176	          0.05000044	          0.18868197	          0.17185283	          0.05000137	          0.05000092	          0.05000045	          0.05000038	          0.13321416	          0.13470271	          0.15338460	          0.14420553	          0.05000420	          0.05000060	          0.05000090	          0.05000083	          0.05000035	          0.05000094	          0.05000227	          0.05439909	          0.05000041	          0.05000092	          0.05000108	          0.30649904	          0.17802035	          0.07655826	          0.48508692	          0.37831136	          0.39265602	          0.07542952	          0.05241125	          0.05430793	          0.29995144	          0.21089932	          0.17877097	          0.55962686	          0.50881870	          0.42307758	          0.05662092	          0.05000950	          0.05000520	          0.05000096	          0.05000312	          0.05000033	          0.05000065	          0.05000473	          0.05001047	          0.05558883	          0.35641692	          0.05000164	          0.05000148	          0.10867928	          0.08024536	          0.05794507	          0.05000033	          0.05000033	          0.05000093	          0.05000561	          0.19861016	          0.07035398	          0.06443339	          0.06492665	          0.05888481	          0.55955741	          0.53328510	          0.10998075	          0.47424820	          0.08043671	          0.27915647	          0.05000015	          0.18042345	          0.34420736	          0.05000077	          0.05000117	          0.62661424	          0.05000021	          0.05000032	          0.05000027	
          0.36267481	         -2.85789515	         -1.44460947	          3.27109702	          0.48454432	          0.93575668	          0.00337247	         25.50136738	         -0.42368434	          0.81359766	         -5.31967205	          6.55067940	          9.11392504	        -45.46202688	         -4.83798860	          8.84028659	          0.42407189	          0.92796749	         -2.71912650	          2.91073841	          6.90638442	         -2.96662610	          5.08302435	         -3.69410526	          2.21867124	         -0.33709921	         -0.58584123	        -13.44981365	         15.94195265	         -0.89970715	        -13.45094448	         12.20605919	         43.35605924	         16.54803982	         86.51662706	         86.51662706	          0.05000060	          0.05000075	          0.05000085	          0.05048166	          0.05000257	          0.05000240	          0.05000033	          0.05000025	          0.05000014	          0.05000053	          0.26064044	          0.19821938	          0.16175843	          0.05000450	          0.05000185	          0.05000048	          0.18162815	          0.17359122	          0.05000217	          0.05000093	          0.05000047	          0.05000041	          0.14841336	          0.14607623	          0.17768457	          0.13626235	          0.05000479	          0.05000048	          0.05000061	          0.05000057	          0.05000026	          0.05000090	          0.05000217	          0.05226371	          0.05000060	          0.05000073	          0.05000101	          0.30510980	          0.17700662	          0.08594002	          0.42050591	          0.38523968	          0.36144314	          0.07436987	          0.05788849	          0.05644877	          0.29122334	          0.19868975	          0.16378560	          0.56621296	          0.50980677	          0.41215962	          0.05458231	          0.05000766	          0.05000365	          0.05000104	          0.05000402	          0.05000038	          0.05000071	          0.05000458	          0.05000998	          0.05000892	          0.38699391	          0.05000190	          0.05000169	          0.09227928	          0.06813603	          0.05001216	          0.05000044	          0.05000043	          0.05000097	          0.05000585	          0.18507586	          0.05973465	          0.05471495	          0.05513365	          0.05002135	          0.57541027	          0.55497889	          0.10276451	          0.47639920	          0.08454160	          0.28257523	          0.05000014	          0.18756947	          0.33758752	          0.05000083	          0.05000092	          0.61725610	          0.05000026	          0.05000036	          0.05000030	
          0.37334172	         -2.85883913	         -1.33125985	          2.98546111	          0.49739486	          0.93537596	          0.00331308	         26.24903634	         -0.33865038	          0.47358877	         -6.79153338	          6.33331527	          9.34488375	        -43.10424864	         -3.61249290	          8.85498310	         -0.16009467	          0.60021658	         -2.94364314	          2.98052788	          6.81613266	         -3.34468443	          5.78794607	         -3.77233988	          2.13938035	         -0.17873033	         -0.56941797	        -13.44972026	         15.63932346	         -0.34967781	        -13.45186031	         12.46262522	         42.44203923	         17.02429429	         86.51662706	         86.51662706	          0.05000058	          0.05000077	          0.05000088	          0.05000222	          0.05000268	          0.05000234	          0.05000020	          0.05000020	          0.05000012	          0.05000041	          0.25039820	          0.20728369	          0.14219355	          0.05000394	          0.05000178	          0.05000048	          0.17153356	          0.16410732	          0.05000135	          0.05000094	          0.05000047	          0.05000041	          0.16430987	          0.15687995	          0.18972108	          0.14988992	          0.05000480	          0.05000054	          0.05000069	          0.05000062	          0.05000026	          0.05000056	          0.05000108	          0.05016970	          0.05000109	          0.05000780	          0.05000458	          0.30450351	          0.16763861	          0.10083020	          0.35703650	          0.39703671	          0.33484212	          0.07646848	          0.06450462	          0.05735403	          0.28189384	          0.18696177	          0.15279550	          0.60021056	          0.51819609	          0.40669857	          0.05288182	          0.05000815	          0.05000210	          0.05913989	          0.06145906	          0.05000046	          0.05000071	          0.05000398	          0.05000838	          0.05000328	          0.41566260	          0.05000236	          0.05000230	          0.07835356	          0.05785400	          0.05000441	          0.05000135	          0.05000129	          0.05000094	          0.05000595	          0.15720405	          0.05071840	          0.05000319	          0.05000315	          0.05000290	          0.58967358	          0.57536544	          0.09694496	          0.47816538	          0.08855227	          0.28516032	          0.05000018	          0.19590946	          0.33053757	          0.05000080	          0.05000132	          0.60333497	          0.05000023	          0.05000031	          0.05000029	
          0.38400862	         -2.85986822	         -1.22351366	          2.68929496	          0.51033709	          0.93475552	          0.00324666	         26.88642766	         -0.24972435	          0.15917637	         -8.24869130	          6.11175737	          9.57824288	        -40.57474161	         -2.42531907	          8.81696939	         -0.74952823	          0.31186243	         -3.17903786	          3.00940778	          6.71772048	         -3.55117940	          6.52199479	         -3.84284441	          2.06412962	         -0.02021558	         -0.56105098	        -13.44985167	         15.32353114	          0.19956027	        -13.45244496	         12.76197692	         41.46789947	         17.51777827	         86.51662706	         86.51662706	          0.05000064	          0.05000087	          0.05000102	          0.05000286	          0.05000271	          0.05000258	          0.05000017	          0.05000024	          0.05000013	          0.05000049	          0.24649319	          0.20996545	          0.14752356	          0.05000492	          0.05000207	          0.05000059	          0.16054994	          0.14945342	          0.05000165	          0.05000107	          0.05000056	          0.05000050	          0.17520208	          0.16354471	          0.20921642	          0.14268905	          0.05000559	          0.05000042	          0.05000057	          0.05000051	          0.05000023	          0.05000018	          0.05000037	          0.05000010	          0.05000077	          0.05000929	          0.05000427	          0.31321942	          0.17020365	          0.10844863	          0.30584760	          0.40945547	          0.31895922	          0.07737414	          0.06828163	          0.06013512	          0.27788314	          0.17859205	          0.13849563	          0.61050076	          0.51998498	          0.39570449	          0.05001604	          0.05000455	          0.05000180	          0.12608060	          0.08335753	          0.05000049	          0.05000076	          0.05000385	          0.05000851	          0.05000367	          0.44296625	          0.05000249	          0.05000224	          0.06653160	          0.05001163	          0.05000556	          0.05000124	          0.05000120	          0.05000093	          0.05000551	          0.13347757	          0.05000152	          0.05000557	          0.05000555	          0.05000449	          0.60156977	          0.59106195	          0.09370839	          0.47988045	          0.09645443	          0.28829399	          0.05000016	          0.20716795	          0.32300514	          0.05000096	          0.05000109	          0.60396413	          0.05000026	          0.05000032	          0.05000028	
          0.39467553	         -2.86093262	         -1.12108469	          2.38408760	          0.52338574	          0.93389385	          0.00317423	         27.42739641	         -0.15481376	         -0.12847325	         -9.68435094	          5.88545507	          9.81483038	        -37.92221187	         -1.29347113	          8.74817839	         -1.33340781	          0.05457165	         -3.41321816	          3.01797614	          6.61348849	         -3.64261655	          7.29015498	         -3.90457747	          1.99118140	          0.13810372	         -0.56369524	        -13.45008249	         14.99040011	          0.74321874	        -13.45266841	         13.09814020	         40.44146710	         18.02940976	         86.51662706	         86.51662706	          0.05000058	          0.05000084	          0.05000104	          0.05000244	          0.05000244	          0.05000242	          0.05000014	          0.05000025	          0.05000013	          0.05000046	          0.23258522	          0.21242624	          0.15751829	          0.05000751	          0.05000239	          0.05000058	          0.14961529	          0.14025686	          0.05000172	          0.05000111	          0.05000059	          0.05000055	          0.18423582	          0.16871172	          0.22782610	          0.14050785	          0.05000543	          0.05000045	          0.05000053	          0.05000047	          0.05000021	          0.05000011	          0.05000023	          0.05000006	          0.05000068	          0.05110696	          0.05000701	          0.31950073	          0.17015859	          0.11460182	          0.26812613	          0.42081453	          0.31039809	          0.07811231	          0.07255874	          0.06136807	          0.27397261	          0.16996390	          0.12256840	          0.62245480	          0.52005617	          0.38082297	          0.05000699	          0.05000337	          0.05000109	          0.19423967	          0.15559590	          0.05000054	          0.05000073	          0.05000345	          0.05000795	          0.05000283	          0.46877284	          0.05000273	          0.05000263	          0.05649831	          0.05001107	          0.05000518	          0.05038713	          0.05023878	          0.05000098	          0.05000579	          0.11333093	          0.05000271	          0.05000399	          0.05000397	          0.05000341	          0.61218850	          0.60658625	          0.09241555	          0.48152472	          0.10882107	          0.29238679	          0.05000019	          0.21331691	          0.31455557	          0.05000099	          0.05000120	          0.61275292	          0.05000019	          0.05000028	          0.05000027	
          0.40534243	         -2.86200215	         -1.02302360	          2.07139000	          0.53655667	          0.93279542	          0.00309567	         27.88455190	         -0.05140116	         -0.38956944	        -11.09023034	          5.65352874	         10.05491876	        -35.19167415	         -0.23596936	          8.66993024	         -1.89843565	         -0.17565814	         -3.63593135	          3.02143491	          6.50127135	         -3.65728031	          8.09210156	         -3.95650021	          1.91835367	          0.29581238	         -0.58042106	        -13.45008961	         14.63533550	          1.27546763	        -13.45252209	         13.46237834	         39.37041984	         18.56204932	         86.51662706	         86.51662706	          0.05000069	          0.05000099	          0.05000118	          0.05000297	          0.05000285	          0.05000268	          0.05000014	          0.05000026	          0.05000015	          0.05000043	          0.19747939	          0.21176460	          0.16712722	          0.05000801	          0.05000297	          0.05000081	          0.12989294	          0.12601378	          0.05000163	          0.05000127	          0.05000069	          0.05000069	          0.18531036	          0.16784990	          0.23674151	          0.12951555	          0.05000548	          0.05000037	          0.05000054	          0.05000048	          0.05000021	          0.05000017	          0.05000033	          0.05000011	          0.05000099	          0.05000638	          0.05000509	          0.32358593	          0.16668020	          0.11782498	          0.24676206	          0.43017959	          0.30696448	          0.07721922	          0.07607570	          0.06944351	          0.27760963	          0.17003536	          0.11078881	          0.63130097	          0.51972519	          0.37446428	          0.05000586	          0.05000277	          0.05000136	          0.25161813	          0.14713256	          0.05000055	          0.05000078	          0.05000325	          0.05000790	          0.05000330	          0.49233107	          0.05000295	          0.05000237	          0.05002245	          0.05000846	          0.05000513	          0.05250297	          0.09092798	          0.05000080	          0.05000459	          0.09622503	          0.05000242	          0.05000542	          0.05000543	          0.05000448	          0.62035402	          0.61792526	          0.09338539	          0.48307167	          0.12637668	          0.29717960	          0.05000015	          0.21906463	          0.30621062	          0.05000119	          0.05000103	          0.62523597	          0.05000029	          0.05000029	          0.05000028	
          0.41600934	         -2.86325434	         -0.92847361	          1.75235583	          0.54986207	          0.93147218	          0.00301242	         28.26727490	          0.06247850	         -0.62274511	        -12.45504000	          5.41570647	         10.29826067	        -32.41829285	          0.72422481	          8.59672851	         -2.43247937	         -0.38507960	         -3.83396450	          3.01949073	          6.38331995	         -3.61830378	          8.92311783	         -3.99864339	          1.84348550	          0.45226625	         -0.61436114	        -13.44975981	         14.25264265	          1.79060803	        -13.45181832	         13.84428372	         38.26366559	         19.12062352	         86.51662706	         86.51662706	          0.05000074	          0.05000111	          0.05000137	          0.05000293	          0.05000287	          0.05000284	          0.05000014	          0.05000032	          0.05000017	          0.05000047	          0.16767173	          0.20504656	          0.18474458	          0.05370298	          0.05000508	          0.05000099	          0.11029689	          0.11073836	          0.05000202	          0.05000155	          0.05000089	          0.05000097	          0.18109934	          0.16354099	          0.24145930	          0.11249648	          0.05000562	          0.05000035	          0.05000052	          0.05000045	          0.05000021	          0.05000052	          0.05000105	          0.05000072	          0.05000162	          0.05000373	          0.05000464	          0.32731104	          0.16404239	          0.12166678	          0.23541074	          0.43912817	          0.30887342	          0.07171092	          0.08178182	          0.08177853	          0.28206417	          0.17480187	          0.10008750	          0.63521533	          0.52041056	          0.35577579	          0.05004661	          0.05000671	          0.05000155	          0.25020469	          0.14559251	          0.05000051	          0.05000072	          0.05000287	          0.05000758	          0.05000346	          0.51493371	          0.05000261	          0.05000267	          0.05003786	          0.05001211	          0.05000637	          0.07075711	          0.15042626	          0.05000088	          0.05000511	          0.08170098	          0.05000113	          0.05000422	          0.05000421	          0.05000359	          0.62727549	          0.62973161	          0.09589724	          0.48452288	          0.14909055	          0.30380965	          0.05000023	          0.21484587	          0.29715850	          0.05000114	          0.05000172	          0.63234048	          0.05000018	          0.05000033	          0.05000030	
          0.42667625	         -2.86510540	         -0.83622430	          1.42816824	          0.56331216	          0.92994256	          0.00292572	         28.58194034	          0.18889161	         -0.82669012	        -13.77009821	          5.17104494	         10.54373196	        -29.62896549	          1.57014891	          8.53438537	         -2.92274431	         -0.57881996	         -3.99453575	          3.01632371	          6.25706438	         -3.53675887	          9.77518301	         -4.03209160	          1.76406962	          0.60692216	         -0.66838712	        -13.45025897	         13.84068603	          2.28189647	        -13.45067168	         14.23241348	         37.13229397	         19.71352032	         86.51662706	         86.51662706	          0.05000080	          0.05000115	          0.05000137	          0.05000313	          0.05000299	          0.05000288	          0.05000017	          0.05000039	          0.05000021	          0.05000063	          0.14236321	          0.20266311	          0.18972615	          0.07855071	          0.05000564	          0.05000117	          0.09364990	          0.10097825	          0.05000267	          0.05000158	          0.05000093	          0.05000112	          0.17239462	          0.15612842	          0.23848621	          0.09557456	          0.05000563	          0.05000031	          0.05000046	          0.05000041	          0.05000020	          0.05000087	          0.05000169	          0.05062713	          0.05000153	          0.05000224	          0.05000301	          0.33269031	          0.16202796	          0.12581515	          0.22976874	          0.44936122	          0.31715505	          0.06942047	          0.08510377	          0.09195067	          0.29026596	          0.17309187	          0.08498220	          0.64176796	          0.51927435	          0.34716104	          0.05001006	          0.05000372	          0.05000149	          0.28802003	          0.14208435	          0.05000055	          0.05000078	          0.05000272	          0.05000755	          0.05000376	          0.53574721	          0.05000290	          0.05000239	          0.05002236	          0.05000889	          0.05000602	          0.06996937	          0.21917731	          0.05000073	          0.05000402	          0.06936928	          0.05000127	          0.05000562	          0.05000562	          0.05000463	          0.63085742	          0.63593587	          0.10208998	          0.48599828	          0.17694887	          0.31235112	          0.05000018	          0.20803660	          0.28825354	          0.05000161	          0.05000138	          0.64323665	          0.05000025	          0.05000031	          0.05000030	
          0.43734315	         -2.86784422	         -0.74483544	          1.09998293	          0.57691940	          0.92822947	          0.00283716	         28.83244160	          0.32980956	         -1.00053412	        -15.02473388	          4.91862397	         10.79088402	        -26.84685388	          2.27995471	          8.48297215	         -3.35831230	         -0.75987993	         -4.09897665	          3.01729602	          6.12752400	         -3.41878925	         10.64368144	         -4.05760540	          1.67730378	          0.75898030	         -0.74553206	        -13.45495036	         13.40640311	          2.74173268	        -13.44972754	         14.61915800	         35.98903034	         20.35094575	         86.51662706	         86.51662706	          0.05000093	          0.05000136	          0.05000168	          0.05000326	          0.05000321	          0.05000314	          0.05000023	          0.05000058	          0.05000029	          0.05000083	          0.12087467	          0.19277367	          0.19612468	          0.12529027	          0.05002985	          0.05000405	          0.07951493	          0.08577430	          0.05000405	          0.05000204	          0.05000125	          0.05000149	          0.15933112	          0.14656001	          0.22886531	          0.08116318	          0.05000447	          0.05000028	          0.05000044	          0.05000039	          0.05000020	          0.05000146	          0.05000353	          0.05124882	          0.05000174	          0.05000254	          0.05000298	          0.33805690	          0.15818158	          0.13037691	          0.22852340	          0.45965897	          0.32941569	          0.06343105	          0.09037997	          0.10671635	          0.29800944	          0.17744517	          0.07215681	          0.65191479	          0.51911162	          0.32114163	          0.05216090	          0.05000628	          0.05000178	          0.26867204	          0.14316872	          0.05000050	          0.05000071	          0.05000235	          0.05000700	          0.05000388	          0.55494084	          0.05000260	          0.05000245	          0.05002664	          0.05001057	          0.05000649	          0.08855863	          0.30220017	          0.05000072	          0.05000408	          0.05889907	          0.05000190	          0.05000467	          0.05000466	          0.05000397	          0.63293740	          0.64190057	          0.11053786	          0.48679155	          0.20810422	          0.32400931	          0.05000023	          0.18613655	          0.27957128	          0.05000147	          0.05000196	          0.64660445	          0.05000019	          0.05000032	          0.05000031	
          0.44801006	         -2.87189241	         -0.65233320	          0.76885737	          0.59069514	          0.92636105	          0.00274712	         29.02132597	          0.48768976	         -1.14375302	        -16.20979937	          4.65621474	         11.03790500	        -24.09786800	          2.83731051	          8.43806641	         -3.72867451	         -0.93030853	         -4.12864772	          3.02041539	          5.98892397	         -3.27113358	         11.52430128	         -4.07657750	          1.57999635	          0.90789185	         -0.84867489	        -13.46810339	         12.96243574	          3.16199629	        -13.45118582	         15.00473675	         34.84810965	         21.04570628	         86.51662706	         86.51662706	          0.05000121	          0.05000185	          0.05000220	          0.05000432	          0.05000402	          0.05000374	          0.05000030	          0.05000070	          0.05000043	          0.05000070	          0.10262967	          0.17549363	          0.19459740	          0.16108880	          0.08793064	          0.07011825	          0.06751333	          0.07287088	          0.05000501	          0.05000311	          0.05000220	          0.05003124	          0.14302533	          0.13555293	          0.21910149	          0.06893066	          0.05000481	          0.05000026	          0.05000048	          0.05000042	          0.05000023	          0.05040876	          0.05157951	          0.05000167	          0.05000135	          0.05001139	          0.05000557	          0.34378376	          0.15299187	          0.13585883	          0.23388209	          0.47024969	          0.34546914	          0.05639796	          0.09559743	          0.12215790	          0.30841259	          0.17826342	          0.06126636	          0.65184065	          0.51437988	          0.30188642	          0.07259729	          0.05193443	          0.05000234	          0.22811934	          0.13037232	          0.05000047	          0.05000070	          0.05000211	          0.05000674	          0.05000428	          0.57305507	          0.05000249	          0.05000242	          0.05002426	          0.05001056	          0.05000676	          0.12864625	          0.39105457	          0.05000066	          0.05000371	          0.05000970	          0.06214658	          0.05000433	          0.05000430	          0.05000372	          0.63201267	          0.64362345	          0.12196941	          0.48660807	          0.24249304	          0.33816918	          0.05000027	          0.15804111	          0.27166050	          0.05000138	          0.05000437	          0.64601080	          0.05000016	          0.05000040	          0.05000033	
          0.45867697	         -2.87766749	         -0.55654411	          0.43560563	          0.60465287	          0.92437221	          0.00265545	         29.14781679	          0.66547786	         -1.25564868	        -17.31742697	          4.38135667	         11.28174761	        -21.41595043	          3.22879866	          8.40675606	         -4.02999629	         -1.09257608	         -4.06265703	          3.02644506	          5.84051242	         -3.11205368	         12.41501265	         -4.09040046	          1.46884434	          1.05337335	         -0.98093426	        -13.49301713	         12.52143634	          3.53400493	        -13.45904785	         15.39964830	         33.72270322	         21.81249056	         86.51662706	         86.51662706	          0.05000130	          0.05000177	          0.05000209	          0.05000420	          0.05000393	          0.05000392	          0.05000533	          0.05002298	          0.05000408	          0.05889955	          0.08713875	          0.16438572	          0.18407560	          0.17477745	          0.12273012	          0.09885630	          0.05732345	          0.07393832	          0.06937261	          0.05000288	          0.05000210	          0.08642590	          0.12486039	          0.11976145	          0.19224249	          0.05969620	          0.05000690	          0.05000021	          0.05000037	          0.05000033	          0.05000021	          0.05000007	          0.05000014	          0.05000003	          0.05000055	          0.06104008	          0.05000522	          0.35159455	          0.15061357	          0.14145965	          0.24536992	          0.48107615	          0.37046400	          0.05210713	          0.09924800	          0.13052488	          0.32002393	          0.17229136	          0.05201960	          0.64051079	          0.50048191	          0.25680721	          0.06934081	          0.05758439	          0.05000558	          0.19368611	          0.15686012	          0.05000054	          0.05000078	          0.05000203	          0.05000656	          0.05000412	          0.58900710	          0.05000306	          0.05000276	          0.05001568	          0.05000772	          0.05000587	          0.16894728	          0.47937913	          0.05000061	          0.05000329	          0.05000339	          0.08099546	          0.05000374	          0.05000371	          0.05000330	          0.62793896	          0.64166598	          0.13726745	          0.48440529	          0.27842647	          0.35386146	          0.05000031	          0.13418644	          0.24720344	          0.05000126	          0.05000511	          0.63567963	          0.05000015	          0.05000069	          0.05000040	
          0.46934387	         -2.88522026	         -0.45517870	          0.10081814	          0.61881618	          0.92230393	          0.00256125	         29.20783285	          0.86663750	         -1.33539568	        -18.33937803	          4.09205526	         11.51848842	        -18.84788398	          3.43920805	          8.42075530	         -4.26232632	         -1.24916260	         -3.88081465	          3.02554334	          5.68178482	         -2.97281809	         13.31458016	         -4.09829233	          1.34064696	          1.19525165	         -1.14582118	        -13.53002546	         12.09092320	          3.84811246	        -13.47828810	         15.82195258	         32.61989037	         22.66463090	         86.51662706	         86.51662706	          0.05000125	          0.05000176	          0.05000198	          0.05000464	          0.05000406	          0.05000380	          0.09665160	          0.05000186	          0.11774966	          0.05000982	          0.07398600	          0.15867166	          0.18215959	          0.17519249	          0.13961102	          0.11634434	          0.05000421	          0.06284036	          0.05890394	          0.05000278	          0.05000195	          0.10904323	          0.11109376	          0.11039276	          0.16322935	          0.05498978	          0.05000795	          0.05000028	          0.05000055	          0.05000049	          0.05000031	          0.05000009	          0.05000017	          0.05000005	          0.05000065	          0.05543399	          0.05000500	          0.34821193	          0.14682790	          0.14246624	          0.24145003	          0.48323435	          0.36888319	          0.05836602	          0.09654703	          0.12818951	          0.32805138	          0.16056057	          0.05000398	          0.62248350	          0.48175282	          0.21804679	          0.05887694	          0.05000452	          0.05000145	          0.16445013	          0.17123524	          0.05000061	          0.05000080	          0.05000197	          0.05000639	          0.05000386	          0.60456407	          0.05000344	          0.05000287	          0.05001680	          0.05000807	          0.05000592	          0.26606181	          0.58092005	          0.05000069	          0.05000368	          0.05000277	          0.10709770	          0.05000405	          0.05000401	          0.05000353	          0.62074337	          0.63647027	          0.15673079	          0.47847100	          0.30852113	          0.36685247	          0.05000036	          0.12091154	          0.20989004	          0.05000132	          0.05000419	          0.61513676	          0.05000018	          0.05000037	          0.05000030	
          0.48001078	         -2.89380011	         -0.34533790	         -0.23539080	          0.63321336	          0.92020082	          0.00246339	         29.21010279	          1.09582582	         -1.38239516	        -19.25523166	          3.78740322	         11.74941426	        -16.49281630	          3.42709976	          8.50477656	         -4.41168992	         -1.40103734	         -3.55962329	          3.01420123	          5.51152373	         -2.86071007	         14.21467147	         -4.09692365	          1.19168157	          1.33265264	         -1.34577027	        -13.57484833	         11.66646942	          4.09676603	        -13.51344693	         16.29638584	         31.53585564	         23.60837134	         86.51662706	         86.51662706	          0.05000212	          0.05000284	          0.05000318	          0.05000475	          0.05000474	          0.05000463	          0.17237573	          0.05000109	          0.18114403	          0.05000059	          0.06281858	          0.14913650	          0.18189842	          0.18262037	          0.15305793	          0.12710481	          0.05002586	          0.05337699	          0.05001557	          0.05000716	          0.05001101	          0.11847979	          0.09432682	          0.10504997	          0.13859269	          0.05001589	          0.05000361	          0.05000054	          0.05000143	          0.05000127	          0.05000074	          0.05000016	          0.05000033	          0.05000011	          0.05000120	          0.05000241	          0.05000342	          0.33894864	          0.13699737	          0.14332009	          0.23692246	          0.48169177	          0.36253455	          0.06815001	          0.09650748	          0.12381535	          0.33860227	          0.14369917	          0.05000205	          0.61295984	          0.45301578	          0.18513491	          0.05000320	          0.05000129	          0.05000075	          0.13962714	          0.14541988	          0.05000052	          0.05000072	          0.05000171	          0.05000592	          0.05000454	          0.61804765	          0.05000270	          0.05000179	          0.05001668	          0.05000856	          0.05000613	          0.37749960	          0.67962363	          0.05000055	          0.05000303	          0.05000168	          0.13372758	          0.05000869	          0.05000884	          0.05000834	          0.60951863	          0.62652710	          0.17708203	          0.47118435	          0.34129869	          0.38149289	          0.05000014	          0.10383072	          0.17820804	          0.05000109	          0.05000780	          0.52420510	          0.05000018	          0.05000021	          0.05000022	
          0.49067768	         -2.90240695	         -0.22449437	         -0.57253988	          0.64786655	          0.91810880	          0.00236120	         29.17582996	          1.35749459	         -1.39732806	        -20.03575029	          3.46859481	         11.97794809	        -14.47697494	          3.13460676	          8.65136488	         -4.45676309	         -1.55067509	         -3.07518082	          2.99278610	          5.32437647	         -2.75795388	         15.10295964	         -4.08268213	          1.01833811	          1.46436144	         -1.58000474	        -13.61643180	         11.21930931	          4.27606858	        -13.56894742	         16.85625346	         30.45520772	         24.64232409	         86.51662706	         86.51662706	          0.05000567	          0.05000403	          0.05000269	          0.05001369	          0.05000839	          0.05000531	          0.23861809	          0.05000115	          0.24383580	          0.05000063	          0.05333716	          0.14678839	          0.17997073	          0.17785665	          0.15362697	          0.13398847	          0.05003738	          0.05003822	          0.05000462	          0.05000758	          0.05001114	          0.11974325	          0.08009046	          0.10402106	          0.11767422	          0.05001042	          0.05000294	          0.05000107	          0.05001141	          0.05000696	          0.05000242	          0.05000035	          0.05000093	          0.05066605	          0.05000217	          0.05000188	          0.05000272	          0.32466372	          0.12520708	          0.14635595	          0.23480211	          0.47941673	          0.36005231	          0.07374209	          0.09748975	          0.12235198	          0.35653661	          0.13470446	          0.05000107	          0.60065151	          0.42861651	          0.15719062	          0.05000280	          0.05000097	          0.05000064	          0.11855107	          0.16578289	          0.05000050	          0.05000073	          0.05000157	          0.05000558	          0.05000488	          0.62928774	          0.05000269	          0.05000151	          0.05001328	          0.05000739	          0.05000571	          0.48626811	          0.76955512	          0.05000048	          0.05000261	          0.05000173	          0.16133293	          0.05417963	          0.05623218	          0.05004218	          0.59365602	          0.61281029	          0.19966788	          0.46311313	          0.40089752	          0.40867507	          0.05000012	          0.08815807	          0.15130824	          0.05000066	          0.05442061	          0.44507855	          0.05000018	          0.05000018	          0.05000019	
          0.50134459	         -2.91036551	         -0.08962768	         -0.91047882	          0.66279135	          0.91607384	          0.00225314	         29.12493599	          1.65598486	         -1.38035963	        -20.65465267	          3.13632483	         12.20217024	        -12.90661872	          2.51382408	          8.80663216	         -4.38506771	         -1.69678121	         -2.41402599	          2.96875091	          5.09121031	         -2.63256371	         16.00802725	         -4.05299263	          0.81664848	          1.58958431	         -1.84524215	        -13.63378314	         10.67653247	          4.38714983	        -13.64993096	         17.54919498	         29.35179146	         25.75542684	         86.51662706	         86.51662706	          0.05000574	          0.05000261	          0.05000170	          0.05001478	          0.05000708	          0.05000436	          0.29335536	          0.05000118	          0.29400106	          0.05000060	          0.05000260	          0.15273629	          0.16963136	          0.16549401	          0.14566902	          0.14066474	          0.05001215	          0.06159449	          0.05001507	          0.05000378	          0.05000332	          0.11997951	          0.07513672	          0.10436600	          0.09991433	          0.05000869	          0.05000291	          0.05000163	          0.05381016	          0.05217987	          0.05001157	          0.05000237	          0.05000477	          0.05271486	          0.05000212	          0.05000233	          0.05000291	          0.31120167	          0.11343896	          0.14943005	          0.24229251	          0.47901384	          0.36939320	          0.07262629	          0.10175034	          0.12463333	          0.38389775	          0.13346079	          0.05000316	          0.59796477	          0.39422852	          0.13346415	          0.05000227	          0.05000077	          0.05000056	          0.10065635	          0.18423042	          0.05000047	          0.05000068	          0.05000137	          0.05000497	          0.05000430	          0.63900375	          0.05000254	          0.05000143	          0.05001865	          0.05000926	          0.05000596	          0.58406127	          0.84453276	          0.05000056	          0.05000322	          0.05000107	          0.19454874	          0.06935548	          0.06935604	          0.06934758	          0.57310299	          0.59623458	          0.22113078	          0.45196199	          0.46472009	          0.43126737	          0.05000010	          0.07485103	          0.12846884	          0.05000043	          0.05599939	          0.37789568	          0.05000016	          0.05000017	          0.05000018	
          0.51201150	         -2.91735342	          0.06233081	         -1.24984220	          0.67800106	          0.91413800	          0.00213677	         29.07301858	          1.99436116	         -1.32940650	        -21.09748253	          2.78979504	         12.41687621	        -11.86637035	          1.54517392	          8.89819207	         -4.21995629	         -1.83418044	         -1.56963004	          2.94863135	          4.79158509	         -2.45716099	         16.97242775	         -4.00626057	          0.58290849	          1.70777641	         -2.13721145	        -13.59287596	          9.89612747	          4.43696467	        -13.76296982	         18.44227601	         28.18984962	         26.92602775	         86.51662706	         86.51662706	          0.05000407	          0.05000315	          0.05000306	          0.05000659	          0.05000700	          0.05000617	          0.32770468	          0.07768243	          0.32545699	          0.05589608	          0.05002597	          0.12979103	          0.14403002	          0.14053256	          0.12594223	          0.14934400	          0.05000699	          0.05414360	          0.10849257	          0.05000515	          0.05000399	          0.12413437	          0.06939114	          0.10413523	          0.09149739	          0.05001301	          0.05000389	          0.05000102	          0.05000269	          0.05000252	          0.05000206	          0.06611157	          0.05000529	          0.05003547	          0.05000472	          0.05000159	          0.05000226	          0.30304641	          0.10663233	          0.15931444	          0.23770552	          0.47896530	          0.37339445	          0.07257936	          0.09972561	          0.13201958	          0.41664690	          0.11331637	          0.05731947	          0.65964187	          0.33472349	          0.11331873	          0.05000222	          0.05000074	          0.05000065	          0.08546282	          0.19467919	          0.05000063	          0.05000082	          0.05000152	          0.05000546	          0.05000412	          0.64523233	          0.05000360	          0.05000154	          0.05002090	          0.05000944	          0.05000598	          0.65493818	          0.89777655	          0.05000073	          0.05000449	          0.05888755	          0.23261177	          0.05889016	          0.05889032	          0.05888909	          0.54654641	          0.56982948	          0.25158149	          0.43245433	          0.52661069	          0.45597823	          0.05000008	          0.06355262	          0.10907696	          0.05000041	          0.05000117	          0.32085378	          0.05000021	          0.05000024	          0.05000021	
          0.52267840	         -2.92309404	          0.23383698	         -1.58828905	          0.69351164	          0.91233558	          0.00201146	         29.03839255	          2.37338669	         -1.24452709	        -21.36399234	          2.42865468	         12.61326059	        -11.44858033	          0.24205929	          8.84332547	         -4.03789552	         -1.96481500	         -0.54016732	          2.93456091	          4.43798211	         -2.22224610	         18.04169284	         -3.94130104	          0.31587537	          1.81908987	         -2.45308376	        -13.52065244	          9.05166700	          4.40620627	        -13.83995070	         19.13993064	         26.96739731	         28.13068488	         86.51662706	         86.51662706	          0.05000056	          0.05000245	          0.05000086	          0.05869589	          0.05001302	          0.05000342	          0.34110166	          0.08168931	          0.33513804	          0.08168786	          0.05001127	          0.11039627	          0.13507800	          0.14845971	          0.12746054	          0.16288439	          0.05000075	          0.05766478	          0.10093558	          0.05000149	          0.05000109	          0.14399186	          0.05891858	          0.09977904	          0.09259125	          0.05175723	          0.05000648	          0.05000045	          0.05000283	          0.05000245	          0.05000204	          0.06738343	          0.05961341	          0.05000051	          0.05000293	          0.05000194	          0.05000160	          0.29529002	          0.10227049	          0.15366625	          0.24134120	          0.48943852	          0.39132312	          0.06844640	          0.09931728	          0.13158291	          0.44664279	          0.09621192	          0.05816037	          0.69079934	          0.28419873	          0.09621394	          0.05000924	          0.05000118	          0.05000067	          0.07256372	          0.18511860	          0.05000109	          0.05000075	          0.05000122	          0.05000378	          0.05000175	          0.65070068	          0.05000948	          0.05001105	          0.05001154	          0.05000454	          0.05000309	          0.68691421	          0.91591552	          0.05000086	          0.05000441	          0.05000104	          0.28701580	          0.05000193	          0.05000201	          0.05000159	          0.52631405	          0.59885082	          0.29759067	          0.41250638	          0.54271713	          0.42902922	          0.06342849	          0.05395966	          0.09261221	          0.05000030	          0.05000055	          0.27242212	          0.05000013	          0.05000013	          0.05000015	
          0.53334531	         -2.92734696	          0.42525985	         -1.92227488	          0.70934926	          0.91069595	          0.00187324	         29.02331961	          2.78816186	         -1.12243669	        -21.47363336	          2.05145098	         12.78181131	        -11.71149080	         -1.34292175	          8.54996921	         -3.91973813	         -2.07310088	          0.65069230	          2.89834423	          4.00318461	         -1.91370068	         19.24613340	         -3.85614291	          0.01806552	          1.92402726	         -2.80375148	        -13.47635038	          8.44753514	          4.27079482	        -13.83836512	         19.37750930	         25.74045255	         29.37131594	         86.51662706	         86.51662706	          0.06260804	          0.05000087	          0.05888897	          0.05000039	          0.05000058	          0.05000265	          0.30598778	          0.06935902	          0.31085217	          0.06935873	          0.05000210	          0.09373442	          0.17015502	          0.15651180	          0.12516320	          0.17407617	          0.05889585	          0.05001738	          0.08570417	          0.05888970	          0.05888944	          0.14803749	          0.05002549	          0.09621252	          0.13643876	          0.05000146	          0.05000055	          0.05000008	          0.05000020	          0.05000018	          0.05000016	          0.05888901	          0.05888854	          0.05043995	          0.05578803	          0.06823836	          0.06534414	          0.27352882	          0.08683336	          0.18463730	          0.20491528	          0.49747999	          0.33225547	          0.05851669	          0.08432585	          0.11330498	          0.49996587	          0.08168921	          0.05000031	          0.68453457	          0.24130022	          0.08169097	          0.05888842	          0.05000588	          0.05000116	          0.06161071	          0.15717670	          0.05000027	          0.05000052	          0.05000091	          0.05000358	          0.05000604	          0.63892221	          0.05000141	          0.05000106	          0.05000988	          0.05000713	          0.05000505	          0.60558854	          0.92771086	          0.05000025	          0.05000150	          0.05000093	          0.24369215	          0.05000155	          0.05000150	          0.05000135	          0.48604036	          0.58281095	          0.35843860	          0.35782555	          0.46150680	          0.36427002	          0.12487838	          0.05000013	          0.07863275	          0.05000031	          0.05000239	          0.23130104	          0.05000002	          0.05000009	          0.05000011	
          0.54401221	         -2.92980404	          0.62656458	         -2.25258966	          0.72553767	          0.90924845	          0.00171439	         29.00499476	          3.20966484	         -0.95618808	        -21.45082669	          1.66248674	         12.90091200	        -12.64119255	         -3.15144545	          7.85349923	         -3.85570484	         -2.17747875	          1.93724045	          2.75705563	          3.29430903	         -1.56557490	         20.61711306	         -3.74799698	         -0.29385906	          2.02352957	         -3.20007417	        -13.45368979	          8.05733642	          4.03648713	        -13.79622108	         19.36098862	         24.53455267	         30.65218925	         86.51662706	         86.51662706	          0.05888920	          0.05888870	          0.05000027	          0.06216778	          0.05889032	          0.05002126	          0.25980012	          0.05888960	          0.26393029	          0.05888935	          0.05001159	          0.13865998	          0.15643172	          0.13288936	          0.10627585	          0.20158461	          0.05000623	          0.08169360	          0.07276767	          0.05000104	          0.05000049	          0.21164791	          0.07138105	          0.08169079	          0.40163076	          0.13347141	          0.08168923	          0.08169295	          0.05000137	          0.05000154	          0.05000171	          0.05000004	          0.05000007	          0.05000000	          0.05000021	          0.05793906	          0.05548340	          0.31881720	          0.21174364	          0.15676739	          0.17398540	          0.54736123	          0.32831873	          0.05000011	          0.07159720	          0.09620205	          0.42455042	          0.06935863	          0.05000189	          0.58121084	          0.20487700	          0.06936015	          0.05000158	          0.05000031	          0.05000034	          0.05231097	          0.13345250	          0.05000018	          0.05000018	          0.05000030	          0.05000102	          0.05000074	          0.54247986	          0.05000104	          0.05000048	          0.05000827	          0.05000263	          0.05000121	          0.51417778	          0.81047162	          0.05000018	          0.05000156	          0.05000209	          0.32525689	          0.10610378	          0.10666288	          0.08640032	          0.42448978	          0.49483818	          0.32271964	          0.30381316	          0.39184452	          0.30928498	          0.13917550	          0.05000010	          0.06676345	          0.05000027	          0.05000011	          0.19638703	          0.05000020	          0.06332294	          0.05000248	
          0.55467912	         -2.93017639	          0.83980535	         -2.57716154	          0.74212326	          0.90799673	          0.00154838	         28.93830024	          3.58705247	         -0.73003038	        -21.36867231	          1.25198097	         12.94011194	        -14.11125052	         -5.02604410	          6.99318306	         -3.90756300	         -2.25430540	          3.19069366	          2.56453514	          2.16619152	         -1.15849425	         22.22508851	         -3.61042275	         -0.61801981	          2.11261803	         -3.65755121	        -13.45077889	          7.84580099	          3.70187801	        -13.73350162	         19.21193193	         23.37175954	         31.98084838	         86.51662706	         86.51662706	          0.05000026	          0.05000026	          0.05006854	          0.05278389	          0.05000123	          0.05000059	          0.22058429	          0.05000049	          0.22409104	          0.05000028	          0.06936454	          0.11773040	          0.13281995	          0.11283186	          0.09023470	          0.22677739	          0.05108517	          0.06936989	          0.06178384	          0.05000184	          0.17780222	          0.22674455	          0.06936022	          0.06936114	          0.35545004	          0.11332477	          0.06935893	          0.06936182	          0.06671488	          0.06258088	          0.05889032	          0.06936041	          0.08168901	          0.07158358	          0.07250975	          0.05000010	          0.05000021	          0.34018799	          0.21588126	          0.16198546	          0.32727983	          0.58165047	          0.28148248	          0.05000005	          0.06078990	          0.08168074	          0.36046654	          0.05888926	          0.05000020	          0.49347948	          0.17395166	          0.05889057	          0.05000392	          0.05000103	          0.05000082	          0.05000031	          0.11330862	          0.06936087	          0.05888990	          0.05888963	          0.05888887	          0.05888738	          0.46059503	          0.15941579	          0.05878342	          0.05000699	          0.05000565	          0.05001411	          0.43656480	          0.74212714	          0.05000680	          0.05000460	          0.05000014	          0.27760012	          0.16589475	          0.16792409	          0.13919518	          0.36041476	          0.42014485	          0.32830470	          0.25795371	          0.33269720	          0.26259963	          0.21317620	          0.05000020	          0.06565359	          0.05000034	          0.05000005	          0.16674316	          0.05398865	          0.05888914	          0.05888905	
          0.56534603	         -2.92893965	          1.05763545	         -2.89422745	          0.75906907	          0.90696121	          0.00137344	         28.75849721	          3.90404065	         -0.48280356	        -21.25065410	          0.82433874	         12.88858427	        -15.59438212	         -6.90980094	          6.02249989	         -4.11473771	         -2.35980047	          4.38193675	          2.80704384	          0.65135302	         -0.64639565	         24.00222693	         -3.44401793	         -0.94262806	          2.19438986	         -4.17122463	        -13.45847466	          7.77545675	          3.27625773	        -13.66680008	         19.00768630	         22.26185210	         33.35074940	         86.51662706	         86.51662706	          0.31695280	          0.25580280	          0.18359373	          0.25451388	          0.15775571	          0.09342802	          0.18728794	          0.12225887	          0.19026538	          0.08918007	          0.05889475	          0.09995982	          0.11277275	          0.09580190	          0.07664950	          0.26709117	          0.05000086	          0.05890181	          0.19397397	          0.23407072	          0.25910747	          0.28958215	          0.05889076	          0.05889151	          0.30179644	          0.09621917	          0.05889294	          0.05889193	          0.05664455	          0.05313456	          0.05000108	          0.05889072	          0.06935837	          0.06077831	          0.06156508	          0.07716330	          0.05888711	          0.42821388	          0.18329503	          0.19218718	          0.27787824	          0.69342803	          0.58009094	          0.06914301	          0.08536392	          0.06935135	          0.35321120	          0.05000029	          0.05000005	          0.47344173	          0.14769441	          0.05000144	          0.05000193	          0.05000017	          0.05000013	          0.05000092	          0.09620545	          0.05889119	          0.05000083	          0.05000071	          0.05000124	          0.05000067	          0.47145963	          0.13535304	          0.05000033	          0.05000120	          0.05000067	          0.05000055	          0.37066712	          0.70286301	          0.05000006	          0.05000038	          0.05000013	          0.26286784	          0.14085434	          0.14257736	          0.11818503	          0.30601152	          0.35672609	          0.30937068	          0.21901657	          0.28247788	          0.22296125	          0.37552470	          0.11731632	          0.05574360	          0.44481052	          0.24407053	          0.14157392	          0.09287428	          0.05000006	          0.05000017	
          0.57601293	         -2.92600136	          1.26633720	         -3.18787200	          0.77613057	          0.90620102	          0.00114770	         28.56210444	          4.20696094	         -0.29096440	        -21.00728763	          0.41652686	         12.76733320	        -17.02112384	         -8.95742597	          4.88925487	         -4.42847645	         -2.48096218	          5.52867911	          3.20513401	         -1.12395539	         -0.17637177	         25.70559885	         -3.26990922	         -1.25067196	          2.26639317	         -4.68652631	        -13.46433409	          7.83838176	          2.80313080	        -13.60697885	         18.79564429	         21.18106675	         34.72502076	         86.51662706	         86.51662706	          0.38362715	          0.32824584	          0.23692049	          0.21609736	          0.13394520	          0.07932826	          0.15901755	          0.10380467	          0.16154557	          0.07571873	          0.05000505	          0.08487158	          0.10674356	          0.24150591	          0.27069833	          0.29165085	          0.05000170	          0.05001370	          0.16469499	          0.31182947	          0.31791517	          0.33266824	          0.05000152	          0.05000218	          0.25624188	          0.08169560	          0.05000423	          0.05000250	          0.18568289	          0.17989069	          0.16656635	          0.05000142	          0.05888903	          0.05160406	          0.06531222	          0.06551634	          0.05000091	          0.52389227	          0.24018032	          0.18891419	          0.40374644	          0.71884460	          0.67605801	          0.09287147	          0.07247857	          0.05888306	          0.29989538	          0.05000019	          0.05000009	          0.40197760	          0.12540057	          0.05000035	          0.05677294	          0.05000127	          0.05000112	          0.05000047	          0.08168376	          0.05000238	          0.42981959	          0.05000182	          0.05000792	          0.13343862	          0.40029578	          0.11492263	          0.05000092	          0.05000266	          0.05000205	          0.05000284	          0.31471634	          0.59676877	          0.05000017	          0.05000092	          0.05000018	          0.22318896	          0.11959323	          0.12105613	          0.10034574	          0.25982024	          0.30287981	          0.28370859	          0.18595685	          0.23983895	          0.18930612	          0.54413841	          0.10883261	          0.05000011	          0.67554162	          0.33477611	          0.12020388	          0.12045959	          0.05000006	          0.05000007	
          0.58667984	         -2.92075156	          1.46748291	         -3.45924939	          0.79311366	          0.90570570	          0.00088647	         28.33986686	          4.52262747	         -0.12008341	        -20.52848688	          0.05848228	         12.61486691	        -18.39783212	        -11.36589988	          3.83853089	         -4.85600483	         -2.63519962	          6.69524534	          3.42111695	         -2.88517937	          0.10795284	         27.00988938	         -3.10108287	         -1.54505011	          2.33158242	         -5.17386408	        -13.46989945	          8.01756794	          2.32186987	        -13.55557786	         18.61247191	         20.13483100	         36.07280026	         86.51662706	         86.51662706	          0.48679034	          0.39588539	          0.31171317	          0.18347868	          0.11372719	          0.06735510	          0.13501448	          0.10608356	          0.13716094	          0.06428937	          0.05000078	          0.07206143	          0.29061362	          0.39246183	          0.37137748	          0.32585915	          0.05000056	          0.05002314	          0.14928358	          0.38945161	          0.37532608	          0.38611121	          0.05000020	          0.05000020	          0.32186735	          0.06936459	          0.05000577	          0.05000012	          0.24711734	          0.29936710	          0.23995300	          0.05000006	          0.05000018	          0.05000001	          0.08166678	          0.05574356	          0.05000150	          0.62160419	          0.22415983	          0.16291569	          0.37674916	          0.78189673	          0.57401197	          0.10011455	          0.06153822	          0.05000010	          0.25462738	          0.05000019	          0.05000008	          0.34130072	          0.10647194	          0.05000042	          0.06023345	          0.06527599	          0.06935024	          0.05000051	          0.06935410	          0.05000076	          0.66677904	          0.41023587	          0.15386999	          0.11331196	          0.45986392	          0.09757629	          0.05000117	          0.05000226	          0.05000167	          0.05000337	          0.26721112	          0.55511544	          0.05000016	          0.05000086	          0.05000029	          0.18949946	          0.10154124	          0.10278330	          0.08519906	          0.22060136	          0.25716153	          0.24473958	          0.15788739	          0.20363618	          0.16073113	          0.56284554	          0.11746995	          0.05000008	          0.81038321	          0.41700495	          0.10205965	          0.15229224	          0.05000005	          0.05000009	
          0.59734675	         -2.91272083	          1.66714852	         -3.70551267	          0.80988419	          0.90541337	          0.00060431	         28.04430947	          4.85943132	          0.05560246	        -19.74875886	         -0.22254422	         12.47648169	        -19.67320054	        -14.26251153	          3.06786148	         -5.40864971	         -2.82435872	          7.91882008	          3.54092046	         -4.18370432	          0.16583800	         27.31786324	         -2.94474327	         -1.83103496	          2.38640482	         -5.61818083	        -13.48161033	          8.29867309	          1.85776072	        -13.51320961	         18.47442940	         19.13900692	         37.38253129	         86.51662706	         86.51662706	          0.56804589	          0.46064519	          0.34748614	          0.17776847	          0.09656639	          0.05888972	          0.11463459	          0.09969898	          0.11645712	          0.05458528	          0.05000073	          0.06118549	          0.25975247	          0.36636435	          0.38441243	          0.33129024	          0.05000071	          0.05001122	          0.12675260	          0.42063036	          0.39423742	          0.38788595	          0.05000023	          0.05000025	          0.27328323	          0.05889489	          0.05000199	          0.05000018	          0.32104444	          0.35260184	          0.29280609	          0.05000010	          0.05000023	          0.05000003	          0.13789691	          0.05889027	          0.05001380	          0.69013331	          0.23661523	          0.16306536	          0.38957366	          0.81292982	          0.55460747	          0.10015029	          0.05224929	          0.05000016	          0.21619242	          0.05000111	          0.05000095	          0.28978284	          0.09040061	          0.05000182	          0.05115107	          0.05542592	          0.05888921	          0.05000031	          0.05888572	          0.12713753	          0.63687909	          0.42279131	          0.13064829	          0.09620849	          0.47725911	          0.08284847	          0.05000496	          0.05004068	          0.05890791	          0.06936245	          0.22687664	          0.47238390	          0.05000597	          0.05002363	          0.05000281	          0.16089556	          0.08621418	          0.08726872	          0.07233877	          0.18730243	          0.21834457	          0.22678418	          0.13405586	          0.17289809	          0.13646949	          0.47788612	          0.09973836	          0.05000008	          0.68805899	          0.44626952	          0.47523454	          0.16741945	          0.05000017	          0.05000007	
          0.60801365	         -2.90236132	          1.86925420	         -3.93040007	          0.82634928	          0.90530309	          0.00030598	         27.67751014	          5.22004289	          0.25395226	        -18.68737806	         -0.43050381	         12.35300797	        -20.83791173	        -17.57082763	          2.55201881	         -6.12175307	         -3.05280575	          9.12111565	          3.62276032	         -4.90544792	         -0.02283394	         26.45825082	         -2.80630569	         -2.11033244	          2.43315374	         -6.01015245	        -13.49847284	          8.65021249	          1.43205970	        -13.48171864	         18.39621453	         18.20639873	         38.63651704	         86.51662706	         86.51662706	          0.64452824	          0.51771065	          0.40666991	          0.15093703	          0.08199197	          0.05000288	          0.09733100	          0.09377271	          0.09887854	          0.05000065	          0.05000092	          0.05889425	          0.24144213	          0.32657015	          0.36792555	          0.33172811	          0.05000064	          0.05003496	          0.10762267	          0.44316943	          0.40293425	          0.37957381	          0.05000026	          0.05000025	          0.23203305	          0.05000709	          0.05000766	          0.05000018	          0.37010368	          0.38845811	          0.34071064	          0.05000010	          0.05000018	          0.05000002	          0.15629010	          0.05000263	          0.05000119	          0.73142318	          0.20090000	          0.13845138	          0.40670293	          0.84133194	          0.47787735	          0.09848259	          0.05000005	          0.05000016	          0.18355913	          0.05000138	          0.05000135	          0.24604172	          0.07675543	          0.05000271	          0.05204748	          0.05000026	          0.05000063	          0.05000012	          0.05000177	          0.16308368	          0.54074991	          0.39893218	          0.11092890	          0.08168643	          0.50345709	          0.20273339	          0.05000091	          0.05001306	          0.05002100	          0.05889341	          0.19263053	          0.40107936	          0.06936591	          0.05004178	          0.05000169	          0.18589084	          0.07320064	          0.07409599	          0.06141970	          0.15902985	          0.18538653	          0.19255197	          0.25486559	          0.14679979	          0.11587013	          0.40575100	          0.08468325	          0.05655386	          0.58419906	          0.47365149	          0.69332173	          0.17784847	          0.05123552	          0.05000008	
          0.61868056	         -2.89019872	          2.07280469	         -4.13795655	          0.84249425	          0.90538659	         -0.00001303	         27.24905179	          5.60202339	          0.47500598	        -17.42277994	         -0.58644327	         12.20980568	        -21.90887656	        -21.10358628	          2.31899159	         -6.93565192	         -3.32587485	         10.17630355	          3.63049041	         -5.22053951	         -0.44358040	         24.59544212	         -2.68464512	         -2.37868148	          2.47405548	         -6.35105715	        -13.51482024	          9.03402835	          1.05425886	        -13.46297175	         18.38583584	         17.34619049	         39.81505869	         86.51662706	         86.51662706	          0.71756976	          0.56894744	          0.44624017	          0.12815992	          0.08806284	          0.09131949	          0.08263935	          0.07962274	          0.08395348	          0.05000063	          0.05000104	          0.05000750	          0.20499838	          0.27728227	          0.32921576	          0.32336379	          0.05000074	          0.05001235	          0.09137864	          0.45031161	          0.39363417	          0.35311696	          0.05000030	          0.05000029	          0.19700940	          0.05000463	          0.05000423	          0.05000025	          0.43674726	          0.52874791	          0.39057788	          0.05000030	          0.05000116	          0.05000034	          0.22373743	          0.05000287	          0.05000380	          0.79306496	          0.17057500	          0.11755270	          0.48418379	          0.76199758	          0.45785192	          0.10401423	          0.05000008	          0.05000017	          0.15585179	          0.05000099	          0.05000069	          0.20892539	          0.06517046	          0.05000373	          0.06985983	          0.05000193	          0.05000279	          0.05000160	          0.12272927	          0.19483202	          0.45912716	          0.34089890	          0.09418571	          0.06935637	          0.52548668	          0.33898221	          0.09221182	          0.05000486	          0.05000226	          0.05000451	          0.16355391	          0.34053796	          0.05889596	          0.05001174	          0.05000132	          0.18002802	          0.06215132	          0.06291151	          0.05214866	          0.13502492	          0.15740327	          0.16348698	          0.21639469	          0.12464096	          0.09838013	          0.34450441	          0.07190065	          0.06586438	          0.49601641	          0.49900789	          0.82077402	          0.17615246	          0.07306784	          0.05000008	
          0.62934746	         -2.87771178	          2.27321198	         -4.33422009	          0.85829415	          0.90570657	         -0.00034498	         26.75758857	          5.99731670	          0.71974480	        -16.01271096	         -0.70393915	         12.03106729	        -22.87492832	        -24.70831575	          2.35629857	         -7.71059178	         -3.65108458	         11.03092077	          3.63659800	         -5.08750579	         -0.99198297	         22.47237024	         -2.58168563	         -2.62937062	          2.50752924	         -6.64081403	        -13.52538442	          9.41951926	          0.73836212	        -13.45377992	         18.44517338	         16.56114832	         40.89441524	         86.51662706	         86.51662706	          0.78065139	          0.60997123	          0.47802687	          0.12077112	          0.08120169	          0.07761134	          0.07016540	          0.07281842	          0.07128144	          0.05000045	          0.05000063	          0.05000182	          0.17405712	          0.24853376	          0.30811764	          0.30478039	          0.05000085	          0.05000792	          0.07758740	          0.44864494	          0.37641716	          0.32056611	          0.05000020	          0.05000021	          0.16727274	          0.05000342	          0.05000549	          0.05000026	          0.49155653	          0.55239576	          0.42968083	          0.05000028	          0.05000122	          0.06030825	          0.23381290	          0.05000203	          0.05000282	          0.78950380	          0.14482751	          0.09980863	          0.49219590	          0.77931156	          0.40486943	          0.10217284	          0.05000007	          0.05000017	          0.13232698	          0.05000041	          0.05000022	          0.17784011	          0.05533416	          0.05000103	          0.07425512	          0.05000041	          0.05000065	          0.05000022	          0.10420589	          0.21610655	          0.46526629	          0.30244378	          0.07997042	          0.05888761	          0.54922730	          0.40975568	          0.07829353	          0.05000348	          0.05000190	          0.05000120	          0.14749750	          0.28913507	          0.05000628	          0.05000326	          0.05000039	          0.17225109	          0.05277009	          0.05341550	          0.05000055	          0.11464344	          0.13364397	          0.13880924	          0.18373078	          0.37793364	          0.25682533	          0.36914225	          0.06104757	          0.05592243	          0.42114462	          0.42368453	          0.69688126	          0.16713929	          0.07335469	          0.05000008	
          0.64001437	         -2.86615892	          2.45797308	         -4.52159577	          0.87373435	          0.90630822	         -0.00068009	         26.19492444	          6.39050103	          0.99805574	        -14.49720398	         -0.79323856	         11.79419530	        -23.70639355	        -28.24312646	          2.58049235	         -7.85029402	         -3.97580517	         11.67027483	          3.70972701	         -4.64528804	         -1.54701912	         20.87857631	         -2.50036584	         -2.84985738	          2.53299969	         -6.87554975	        -13.52577362	          9.79096541	          0.49005919	        -13.45070370	         18.56238585	         15.84803624	         41.86034618	         86.51662706	         86.51662706	          0.82809604	          0.61873185	          0.46833881	          0.10254230	          0.06894621	          0.06589821	          0.05957478	          0.07393008	          0.06439818	          0.05000053	          0.05000080	          0.05000412	          0.18061926	          0.26168345	          0.30620786	          0.28852937	          0.05000071	          0.05001201	          0.06588409	          0.43360933	          0.35011570	          0.29389288	          0.05000023	          0.05000023	          0.15009609	          0.05000462	          0.05000575	          0.05000027	          0.48924258	          0.54868680	          0.43227760	          0.05000064	          0.05000296	          0.07634896	          0.25364547	          0.05000091	          0.05000121	          0.74908738	          0.12404169	          0.09070105	          0.47915147	          0.75670458	          0.38956034	          0.10772706	          0.05000008	          0.05000021	          0.11235319	          0.05000031	          0.05000017	          0.42891822	          0.05000251	          0.05000091	          0.07456410	          0.05000050	          0.05000097	          0.05000037	          0.13723983	          0.22442835	          0.48429968	          0.25681304	          0.06790104	          0.05000102	          0.55553748	          0.45975628	          0.08010517	          0.05000226	          0.05000114	          0.05000075	          0.14344861	          0.24549126	          0.05000065	          0.05000253	          0.05000048	          0.14625052	          0.05000020	          0.05000018	          0.05000014	          0.09733856	          0.11434718	          0.11785652	          0.15599737	          0.32088611	          0.21805865	          0.36986882	          0.06107123	          0.05000055	          0.35757478	          0.54484731	          0.60573284	          0.15633775	          0.07899643	          0.05000009	
          0.65068128	         -2.85605142	          2.62273471	         -4.70137084	          0.88885479	          0.90721026	         -0.00101225	         25.54280479	          6.77367313	          1.31804252	        -12.89690616	         -0.87262848	         11.49891394	        -24.36322525	        -31.59052413	          2.90873049	         -7.57630600	         -4.25080114	         12.10353078	          3.85049196	         -4.36093445	         -2.02412311	         19.44394108	         -2.43699467	         -3.03770107	          2.54968852	         -7.06126125	        -13.51521361	         10.13880144	          0.30129997	        -13.45016899	         18.71872559	         15.20906545	         42.71218496	         86.51662706	         86.51662706	          0.86898136	          0.61842192	          0.45775341	          0.08706473	          0.05854035	          0.05595335	          0.05756816	          0.07917622	          0.06673946	          0.05000051	          0.05000081	          0.05000481	          0.22773101	          0.27287957	          0.30282331	          0.26983370	          0.05000068	          0.05001296	          0.05741876	          0.40715865	          0.31587390	          0.26458669	          0.05000022	          0.05000023	          0.15054988	          0.05000819	          0.05000420	          0.05000027	          0.48206480	          0.50692740	          0.42491941	          0.05000083	          0.05000209	          0.09124605	          0.27950916	          0.05000110	          0.05000138	          0.69712508	          0.11295842	          0.09936100	          0.41029600	          0.65215855	          0.39982052	          0.10379218	          0.05000009	          0.05000021	          0.09539469	          0.05000040	          0.05000023	          0.43207931	          0.05000970	          0.05000131	          0.06553257	          0.05041094	          0.05000658	          0.05794207	          0.18244934	          0.21909173	          0.44416288	          0.21804967	          0.05765412	          0.05000078	          0.56085871	          0.45461789	          0.15158641	          0.05000245	          0.05000112	          0.05000059	          0.13862449	          0.20843535	          0.05000142	          0.05000377	          0.05000059	          0.12417462	          0.05000010	          0.05000009	          0.05000006	          0.08264574	          0.09708721	          0.10006652	          0.13245026	          0.27244982	          0.18514370	          0.36461924	          0.05185483	          0.06552189	          0.31542053	          0.53046887	          0.58047881	          0.14908775	          0.06887384	          0.05000011	
          0.66134818	         -2.84729796	          2.76705696	         -4.86948697	          0.90369885	          0.90837130	         -0.00133055	         24.79016379	          7.14083525	          1.67757385	        -11.22125544	         -0.94126527	         11.15595346	        -24.82189180	        -34.73784424	          3.27886918	         -7.08561538	         -4.45973418	         12.35386210	          4.05293820	         -4.14718574	         -2.37257648	         18.12861839	         -2.38791768	         -3.19652037	          2.55633573	         -7.20437680	        -13.49981711	         10.46374161	          0.15487611	        -13.44976025	         18.88766735	         14.65241715	         43.47039009	         86.51662706	         86.51662706	          0.89408465	          0.60880629	          0.44035849	          0.07392493	          0.05000668	          0.05000759	          0.06433052	          0.08884386	          0.07131301	          0.05000047	          0.05000072	          0.05000505	          0.22642430	          0.25940818	          0.29252700	          0.24634844	          0.05000069	          0.05001271	          0.06810828	          0.36884648	          0.27315336	          0.22792041	          0.05000020	          0.05000021	          0.12782574	          0.05000563	          0.05000309	          0.05000029	          0.43824085	          0.54874370	          0.40720738	          0.05000145	          0.05000118	          0.10620836	          0.30334213	          0.05000162	          0.05000200	          0.63342116	          0.09590898	          0.10049201	          0.34836491	          0.56509127	          0.38458253	          0.09851363	          0.05000010	          0.05000021	          0.08099899	          0.05000040	          0.05000022	          0.55470856	          0.05001655	          0.05000140	          0.05701808	          0.05409929	          0.05000346	          0.05741284	          0.18511345	          0.21230702	          0.41145194	          0.18513683	          0.05000589	          0.05000065	          0.56152424	          0.44677115	          0.15248097	          0.05000228	          0.05000097	          0.05000046	          0.13770300	          0.17697298	          0.05000113	          0.05000353	          0.05000056	          0.10543118	          0.05000012	          0.05000011	          0.05000007	          0.07017090	          0.08243325	          0.08496187	          0.11245774	          0.23132493	          0.15719720	          0.33070903	          0.05000198	          0.05563179	          0.26780959	          0.52017067	          0.51531794	          0.14201359	          0.06527499	          0.05000012	
          0.67201509	         -2.83984737	          2.89004592	         -5.02230460	          0.91830446	          0.90973608	         -0.00163040	         23.93036959	          7.48341555	          2.06651430	         -9.48524831	         -0.99947349	         10.77114898	        -25.06762762	        -37.67797931	          3.64679046	         -6.38903102	         -4.59828310	         12.43734387	          4.30367863	         -3.92464141	         -2.57857355	         16.93725366	         -2.35080811	         -3.32783667	          2.55264573	         -7.30987709	        -13.48416961	         10.76501379	          0.03454656	        -13.44984043	         19.04708284	         14.18418057	         44.15779987	         86.51662706	         86.51662706	          0.91160592	          0.59135920	          0.42598894	          0.07728353	          0.05001197	          0.05000651	          0.08539247	          0.11262366	          0.08528776	          0.05000088	          0.05000085	          0.05001987	          0.19224896	          0.22026882	          0.26377950	          0.22318538	          0.05000072	          0.05001754	          0.11542691	          0.32276979	          0.23192359	          0.19351856	          0.05000024	          0.05000024	          0.10853136	          0.05000327	          0.05000264	          0.05000019	          0.45089436	          0.55694408	          0.42475036	          0.05915027	          0.05000076	          0.12009443	          0.32597428	          0.05000735	          0.05000469	          0.58346171	          0.08143243	          0.10055857	          0.29578288	          0.50149679	          0.36819143	          0.09097362	          0.05000012	          0.05000022	          0.08816117	          0.05000038	          0.05000020	          0.62515592	          0.05119131	          0.05000124	          0.05003064	          0.08755888	          0.05000498	          0.07479407	          0.19455316	          0.20800909	          0.40766683	          0.15719193	          0.05000533	          0.05000056	          0.54902699	          0.44710130	          0.17569528	          0.05000192	          0.05000076	          0.05000034	          0.13003975	          0.15025999	          0.05000083	          0.05000303	          0.05000052	          0.14691618	          0.05000010	          0.05000009	          0.05000006	          0.06491768	          0.08138285	          0.07213720	          0.09548279	          0.19640792	          0.13346910	          0.31562007	          0.05000268	          0.05000064	          0.23975683	          0.49996524	          0.49608559	          0.13147647	          0.06188860	          0.05000016	
          0.68268199	         -2.83408367	          2.99127438	         -5.15676525	          0.93269698	          0.91126718	         -0.00190996	         22.95759601	          7.79297419	          2.47306575	         -7.70228999	         -1.04988107	         10.35050457	        -25.08784380	        -40.38570911	          3.98912671	         -5.55333690	         -4.66690105	         12.36750673	          4.57052474	         -3.70482511	         -2.65808023	         15.85038727	         -2.32530480	         -3.43311577	          2.53801298	         -7.37913078	        -13.47062805	         11.03992541	         -0.06974250	        -13.45008662	         19.18248055	         13.80410853	         44.78663823	         86.51662706	         86.51662706	          0.91314214	          0.56149301	          0.41060025	          0.12465363	          0.06722376	          0.10326186	          0.09865260	          0.12951935	          0.09448129	          0.05000217	          0.05000091	          0.05000327	          0.16323027	          0.18702742	          0.22795316	          0.20165175	          0.05000073	          0.05001095	          0.11176956	          0.28495901	          0.19691827	          0.16431089	          0.05000022	          0.05000023	          0.09214946	          0.05000409	          0.05000356	          0.05000017	          0.44141787	          0.54679766	          0.41641172	          0.07762279	          0.05000074	          0.13691789	          0.34676098	          0.05002568	          0.05000998	          0.53317117	          0.06914110	          0.10522549	          0.25113863	          0.46958627	          0.35483478	          0.08228790	          0.05000013	          0.05000024	          0.13313549	          0.05000038	          0.05000021	          0.63017046	          0.05003485	          0.05000134	          0.05608016	          0.11559705	          0.05116487	          0.09571754	          0.19974264	          0.20074291	          0.40925174	          0.13346505	          0.05000513	          0.05000051	          0.53792253	          0.43379682	          0.20538952	          0.05000182	          0.05000068	          0.05000029	          0.12244757	          0.12794313	          0.05000091	          0.05000332	          0.05000057	          0.17363595	          0.05000009	          0.05000009	          0.05000006	          0.06178595	          0.07961138	          0.06124838	          0.08107024	          0.16676172	          0.11332268	          0.30339631	          0.05000129	          0.05000047	          0.20736860	          0.47089473	          0.46761209	          0.12094312	          0.05730319	          0.05000018	
          0.69334890	         -2.83040231	          3.07060842	         -5.27039593	          0.94688379	          0.91293353	         -0.00216919	         21.88272577	          8.06418421	          2.89158413	         -5.88079937	         -1.09392395	          9.90225904	        -24.89896771	        -42.84690367	          4.28826936	         -4.61457000	         -4.66758872	         12.16151130	          4.82786830	         -3.49031304	         -2.64130622	         14.85810509	         -2.31327553	         -3.51402851	          2.51239691	         -7.40913968	        -13.46022387	         11.28537064	         -0.16221034	        -13.45011950	         19.28572023	         13.50685169	         45.36136118	         86.51662706	         86.51662706	          0.90292489	          0.52405446	          0.39195908	          0.16619837	          0.14386749	          0.19083873	          0.10742783	          0.13963742	          0.10108684	          0.05000208	          0.05000088	          0.05000231	          0.13859164	          0.15880401	          0.21053185	          0.18795724	          0.05000072	          0.05000900	          0.09490090	          0.26441691	          0.17117818	          0.14724027	          0.05000020	          0.05000021	          0.07824042	          0.05000431	          0.05000622	          0.05000017	          0.41299195	          0.51535809	          0.39186166	          0.10093381	          0.05000083	          0.15289427	          0.36541324	          0.05000289	          0.05000393	          0.47555862	          0.05870595	          0.11577164	          0.21323234	          0.41829398	          0.35899347	          0.07768230	          0.05000015	          0.05000025	          0.16029573	          0.05000039	          0.05000021	          0.64801045	          0.06416397	          0.05000138	          0.05007161	          0.12728620	          0.05001676	          0.10173964	          0.19383316	          0.19291780	          0.40055050	          0.11331955	          0.05000459	          0.05000047	          0.52100596	          0.41596609	          0.21481902	          0.05000168	          0.05000058	          0.05000025	          0.11428049	          0.11509993	          0.05000085	          0.05000329	          0.05000060	          0.18816512	          0.05000010	          0.05000010	          0.05000007	          0.06206454	          0.07195241	          0.05241628	          0.06883348	          0.14159069	          0.09621733	          0.29448885	          0.05000097	          0.05000031	          0.19156513	          0.43917952	          0.45348780	          0.11322265	          0.05340951	          0.05000022	
          0.70401581	         -2.82883282	          3.12797608	         -5.36151004	          0.96086975	          0.91469789	         -0.00240839	         20.72812722	          8.29337153	          3.31576039	         -4.02899093	         -1.13302173	          9.43401526	        -24.53704862	        -45.05186157	          4.52365925	         -3.61496788	         -4.60490114	         11.83572931	          5.06674385	         -3.25584705	         -2.55397867	         13.95230014	         -2.31622295	         -3.57219604	          2.47578334	         -7.39667879	        -13.45336460	         11.49783423	         -0.24432423	        -13.44990918	         19.35358172	         13.28466087	         45.88228952	         86.51662706	         86.51662706	          0.88347580	          0.48688640	          0.37311422	          0.22877196	          0.22014755	          0.26902106	          0.11060859	          0.14270949	          0.10333839	          0.05000150	          0.05000086	          0.05000155	          0.11767204	          0.13484091	          0.19577797	          0.18070678	          0.05000076	          0.05000700	          0.08057704	          0.25514059	          0.15988454	          0.14160840	          0.05000019	          0.05000019	          0.06643105	          0.05000455	          0.05001391	          0.05000017	          0.37206054	          0.46941128	          0.35544468	          0.12299181	          0.05000066	          0.16606781	          0.38225805	          0.05000338	          0.05002630	          0.40377551	          0.05000136	          0.12309907	          0.18104866	          0.35515524	          0.35468960	          0.07683231	          0.05000016	          0.05000026	          0.16937723	          0.05000042	          0.05000022	          0.65534808	          0.10080635	          0.05000151	          0.05203527	          0.12919271	          0.05003115	          0.12045266	          0.19424888	          0.18556561	          0.38074750	          0.09621484	          0.05000382	          0.05000043	          0.50224848	          0.39666347	          0.23403979	          0.05000156	          0.05000051	          0.05000022	          0.10734700	          0.10686747	          0.05000086	          0.05000348	          0.05000064	          0.19035909	          0.05000011	          0.05000010	          0.05000007	          0.05432852	          0.06109249	          0.05000008	          0.05844387	          0.12021851	          0.08169394	          0.29052549	          0.05000064	          0.05000031	          0.18516111	          0.41568617	          0.44764827	          0.10781777	          0.05079404	          0.05000024	
          0.71468271	         -2.82908539	          3.16316201	         -5.42942198	          0.97466069	          0.91651602	         -0.00262719	         19.51596619	          8.47858969	          3.74075742	         -2.15128392	         -1.16797637	          8.95145165	        -24.04022440	        -47.00483255	          4.68750979	         -2.58662224	         -4.48807161	         11.40577384	          5.29125330	         -2.99974479	         -2.39926827	         13.10581249	         -2.33468329	         -3.60889548	          2.42807462	         -7.33962249	        -13.45009384	         11.67377733	         -0.31606600	        -13.44972927	         19.38588896	         13.12906781	         46.34787126	         86.51662706	         86.51662706	          0.85518924	          0.45620228	          0.35694789	          0.28647393	          0.28955701	          0.32916852	          0.10771707	          0.13796771	          0.10177140	          0.05000070	          0.05000076	          0.05000112	          0.09991014	          0.11449572	          0.19006928	          0.18277589	          0.05000077	          0.05000549	          0.06841501	          0.25518329	          0.15956766	          0.14832111	          0.05000016	          0.05000016	          0.05640466	          0.05000414	          0.05001800	          0.05000020	          0.32810418	          0.41778340	          0.31452167	          0.14729996	          0.05000059	          0.17694157	          0.39531946	          0.05000394	          0.07233775	          0.34282727	          0.05000164	          0.14131917	          0.15372643	          0.30154623	          0.34149100	          0.07902110	          0.05000018	          0.05000025	          0.15756044	          0.05000045	          0.05000024	          0.65896417	          0.14228181	          0.05000174	          0.05005557	          0.11838721	          0.05000671	          0.13431898	          0.19520050	          0.17824732	          0.35344161	          0.08169200	          0.05000315	          0.05000039	          0.48123797	          0.37953568	          0.24608925	          0.05000144	          0.05000045	          0.05000020	          0.10305289	          0.10217046	          0.05000089	          0.05000377	          0.05000072	          0.18123856	          0.05000012	          0.05000012	          0.05000008	          0.05000041	          0.05187117	          0.05000009	          0.05000163	          0.10207233	          0.06936285	          0.28981995	          0.05000079	          0.05000034	          0.20101134	          0.39375766	          0.45232081	          0.10610828	          0.05000160	          0.05000025	
          0.72534962	         -2.83062077	          3.17576259	         -5.47406089	          0.98826958	          0.91834359	         -0.00282508	         18.26173960	          8.61930887	          4.16389753	         -0.25271900	         -1.19842756	          8.45951261	        -23.44014150	        -48.71333906	          4.79627815	         -1.55926180	         -4.32332837	         10.89067141	          5.51038694	         -2.71363930	         -2.17122559	         12.29965901	         -2.36754718	         -3.62467597	          2.36915309	         -7.23769670	        -13.45002126	         11.81107817	         -0.37810761	        -13.44971856	         19.38206147	         13.03163967	         46.75627296	         86.51662706	         86.51662706	          0.82022004	          0.43407762	          0.34246159	          0.34842775	          0.34391981	          0.37900228	          0.09996080	          0.12661748	          0.09738912	          0.05000044	          0.05000070	          0.05000093	          0.08482933	          0.09722326	          0.19254924	          0.18931426	          0.05000079	          0.05000465	          0.05808897	          0.25857947	          0.16370261	          0.15835218	          0.05000015	          0.05000015	          0.05000276	          0.05000383	          0.05149160	          0.05000028	          0.29426907	          0.36803349	          0.27624677	          0.17243970	          0.05000056	          0.18549807	          0.40704637	          0.05001139	          0.10359208	          0.29107886	          0.05000299	          0.16086368	          0.13052804	          0.25602914	          0.32186699	          0.08192487	          0.05000017	          0.05000025	          0.13379088	          0.05000048	          0.05000026	          0.65355917	          0.17382330	          0.05000201	          0.05004237	          0.10051819	          0.05000384	          0.15276982	          0.19647153	          0.17131040	          0.31949083	          0.06936135	          0.05000255	          0.05000035	          0.45740950	          0.36149588	          0.25917721	          0.05000131	          0.05000039	          0.05000018	          0.09895822	          0.09867887	          0.05000094	          0.05000419	          0.05000082	          0.16303722	          0.05000013	          0.05000013	          0.05000009	          0.05000020	          0.05000037	          0.05000004	          0.05000052	          0.08666513	          0.05889313	          0.29086524	          0.05000084	          0.05000048	          0.26523581	          0.37902765	          0.46114770	          0.10645700	          0.05000179	          0.05000025	
          0.73601653	         -2.83284020	          3.16574965	         -5.49557710	          1.00171305	          0.92014326	         -0.00300120	         16.97331678	          8.71572189	          4.58261488	          1.66223193	         -1.22325027	          7.96157801	        -22.75514196	        -50.18990727	          4.86594812	         -0.55125981	         -4.11684943	         10.30563477	          5.72602740	         -2.41236120	         -1.87338416	         11.50607875	         -2.41278883	         -3.62009680	          2.29911894	         -7.09160655	        -13.45266428	         11.91021550	         -0.43239545	        -13.44974346	         19.33990429	         12.98482099	         47.10711054	         86.51662706	         86.51662706	          0.78086492	          0.41666330	          0.32575004	          0.40830334	          0.40089740	          0.42042927	          0.08777749	          0.10982299	          0.09035671	          0.05000030	          0.05000062	          0.05000075	          0.07202491	          0.08255743	          0.18847643	          0.19516646	          0.05000086	          0.05000382	          0.05000172	          0.26047037	          0.16679955	          0.16521443	          0.05000013	          0.05000013	          0.05000254	          0.05000339	          0.06896459	          0.05000032	          0.27758124	          0.33021843	          0.24960014	          0.19907785	          0.05000086	          0.19269791	          0.41834113	          0.05717543	          0.13129849	          0.24714165	          0.05000456	          0.17915952	          0.11082767	          0.21738264	          0.30962087	          0.08340537	          0.05000018	          0.05000023	          0.11360347	          0.05000052	          0.05000029	          0.58760616	          0.19513049	          0.05000234	          0.05003075	          0.08534565	          0.05000232	          0.17525664	          0.19966564	          0.16577789	          0.28078253	          0.05889209	          0.05000209	          0.05000031	          0.43319599	          0.34764573	          0.27077862	          0.05000120	          0.05000035	          0.05000017	          0.09758257	          0.09764340	          0.05000097	          0.05000460	          0.05000086	          0.13842828	          0.05000015	          0.05000014	          0.05000010	          0.05000020	          0.05000043	          0.05000004	          0.05000031	          0.07358355	          0.05000398	          0.29077901	          0.05000173	          0.05000096	          0.33317397	          0.36721021	          0.46232346	          0.10774005	          0.05000090	          0.05000025	
          0.74668343	         -2.83528777	          3.13264215	         -5.49366907	          1.01500816	          0.92189141	         -0.00315408	         15.65073424	          8.76717477	          4.99206081	          3.58960126	         -1.23910977	          7.45853236	        -21.98651638	        -51.45217932	          4.89666594	          0.43362442	         -3.87889057	          9.66659821	          5.94162112	         -2.10863846	         -1.52478547	         10.70321092	         -2.46831989	         -3.59496332	          2.21814617	         -6.90193394	        -13.45738359	         11.97474042	         -0.48150192	        -13.44997489	         19.25821763	         12.98167430	         47.40112919	         86.51662706	         86.51662706	          0.73819253	          0.40192676	          0.31082696	          0.46176079	          0.44924859	          0.45546370	          0.07594607	          0.09325781	          0.08451533	          0.05000025	          0.05000059	          0.05000062	          0.06115333	          0.07010424	          0.16583120	          0.20133618	          0.05000091	          0.05000321	          0.05000153	          0.26287372	          0.17007724	          0.17284046	          0.05000012	          0.05000012	          0.05000191	          0.05000313	          0.09954341	          0.05942234	          0.26695943	          0.30326158	          0.23112471	          0.22550768	          0.06770175	          0.19738554	          0.42840961	          0.06916328	          0.15496376	          0.20983658	          0.05000280	          0.19810277	          0.09409965	          0.18456967	          0.31032042	          0.08262816	          0.05000019	          0.05000023	          0.09645827	          0.05000054	          0.05000028	          0.49891263	          0.16568907	          0.05000256	          0.05002118	          0.07246327	          0.05000152	          0.19984825	          0.20281483	          0.16050318	          0.23958173	          0.05000400	          0.05000173	          0.05000028	          0.40671918	          0.33504378	          0.27651657	          0.05000103	          0.05000030	          0.05000015	          0.09664997	          0.09644537	          0.05000080	          0.05000411	          0.05000088	          0.11753319	          0.05000016	          0.05000016	          0.05000011	          0.05000020	          0.05000039	          0.05000004	          0.05000025	          0.06247661	          0.05000098	          0.29373524	          0.05619671	          0.05000260	          0.38243390	          0.35863656	          0.46381185	          0.10880288	          0.05000071	          0.05000027	
          0.75735034	         -2.83773047	          3.07623770	         -5.46782177	          1.02817148	          0.92358091	         -0.00328177	         14.28988489	          8.77313175	          5.38761944	          5.52402178	         -1.24188133	          6.94903828	        -21.12677277	        -52.51484933	          4.88253366	          1.39004821	         -3.61936408	          8.98686275	          6.16168471	         -1.79921260	         -1.14919415	          9.88057143	         -2.53227900	         -3.54921492	          2.12663039	         -6.66900393	        -13.46323437	         12.00915810	         -0.52750561	        -13.45042887	         19.13795408	         13.01599633	         47.63730252	         86.51662706	         86.51662706	          0.69386145	          0.38930025	          0.29927208	          0.52641161	          0.49845894	          0.48917779	          0.06690009	          0.07918559	          0.08052978	          0.05000022	          0.05000057	          0.05000053	          0.05192296	          0.05953019	          0.14081065	          0.20421548	          0.05000095	          0.05000276	          0.05000123	          0.26318313	          0.17067752	          0.17670628	          0.05000011	          0.05000012	          0.05000144	          0.05000281	          0.14157257	          0.08348610	          0.25518515	          0.27892413	          0.21448476	          0.25330824	          0.10866020	          0.19992091	          0.43741301	          0.07765843	          0.17610216	          0.17816256	          0.05000166	          0.21912154	          0.07989625	          0.15670969	          0.33541334	          0.08018817	          0.05000016	          0.05000024	          0.08189890	          0.05000057	          0.05000031	          0.42360440	          0.14068072	          0.05000286	          0.05001614	          0.06152544	          0.05000117	          0.22347169	          0.20085566	          0.15331319	          0.20963012	          0.05000214	          0.05000157	          0.05000028	          0.37840461	          0.31545868	          0.27816489	          0.05000096	          0.05000028	          0.05000015	          0.09144354	          0.09243689	          0.05000088	          0.05000478	          0.05000100	          0.09979210	          0.05000018	          0.05000018	          0.05000013	          0.05000019	          0.05000039	          0.05000005	          0.05000024	          0.05304644	          0.05000124	          0.30064887	          0.07372383	          0.05000200	          0.40724540	          0.35220657	          0.46031168	          0.10855760	          0.05000166	          0.05000028	
          0.76801724	         -2.84009368	          2.99737617	         -5.41810177	          1.04121884	          0.92521456	         -0.00338244	         12.88735106	          8.73426555	          5.76761200	          7.45728468	         -1.22907979	          6.43205287	        -20.17021991	        -53.38538421	          4.82349947	          2.31422251	         -3.34729751	          8.27809845	          6.38029864	         -1.48266125	         -0.76624398	          9.02889599	         -2.60314044	         -3.48373677	          2.02540565	         -6.39364746	        -13.46904086	         12.01703003	         -0.57119005	        -13.45078313	         18.98220540	         13.08331813	         47.81157548	         86.51662706	         86.51662706	          0.64615852	          0.37550935	          0.29069086	          0.57763694	          0.54208282	          0.51579963	          0.05683359	          0.06723483	          0.07525673	          0.05000020	          0.05000058	          0.05000043	          0.05000107	          0.05055431	          0.11955990	          0.20122031	          0.05000108	          0.05000231	          0.05000104	          0.26134296	          0.16924949	          0.17502231	          0.05000011	          0.05000011	          0.05000126	          0.05000285	          0.18184195	          0.10380195	          0.24052807	          0.25505603	          0.19827145	          0.28329623	          0.15486727	          0.20114722	          0.44512967	          0.07722802	          0.19292574	          0.15126961	          0.05000141	          0.24211618	          0.06783673	          0.13305506	          0.36959323	          0.07656506	          0.05000015	          0.05000024	          0.06953695	          0.05000058	          0.05000032	          0.35966329	          0.11944635	          0.05000302	          0.05001429	          0.05223877	          0.05000091	          0.24636376	          0.20066581	          0.14828187	          0.18946164	          0.05000210	          0.05000144	          0.05000027	          0.35257970	          0.30127843	          0.26611692	          0.05000087	          0.05000027	          0.05000015	          0.08857635	          0.08982742	          0.05000093	          0.05000532	          0.05000113	          0.08472896	          0.05000020	          0.05000020	          0.05000014	          0.05000022	          0.05000045	          0.05000005	          0.05000022	          0.05000080	          0.05000092	          0.30674213	          0.09640466	          0.05000416	          0.43208158	          0.34937834	          0.46046195	          0.10682920	          0.05320396	          0.05000028	
          0.77868415	         -2.84239445	          2.89801293	         -5.34543621	          1.05416296	          0.92679424	         -0.00345654	         11.44297774	          8.65282890	          6.13036435	          9.38048933	         -1.20019079	          5.90805506	        -19.11625626	        -54.06842196	          4.71836486	          3.20533010	         -3.07326794	          7.55042497	          6.58813129	         -1.15605790	         -0.38791067	          8.13528802	         -2.68014435	         -3.40000311	          1.91514783	         -6.07764178	        -13.47347633	         12.00162157	         -0.61124207	        -13.45096192	         18.79647258	         13.18151647	         47.91780573	         86.51662706	         86.51662706	          0.59549578	          0.35803547	          0.28315010	          0.60979733	          0.57262005	          0.53257508	          0.05001981	          0.05708872	          0.07023060	          0.05000020	          0.05000060	          0.05000036	          0.05000097	          0.05001662	          0.10151528	          0.19150148	          0.05000131	          0.05000197	          0.05000094	          0.25550349	          0.16435597	          0.16671244	          0.05000011	          0.05000011	          0.05000109	          0.05000296	          0.21655149	          0.12158196	          0.22055117	          0.22865445	          0.17951383	          0.31387563	          0.20014799	          0.20037634	          0.45096204	          0.06561194	          0.20657183	          0.12843604	          0.05000129	          0.26585996	          0.05759769	          0.11297100	          0.40780747	          0.07244504	          0.05000015	          0.05000024	          0.05904094	          0.05000057	          0.05000037	          0.30537371	          0.10141692	          0.05000290	          0.05001107	          0.05000085	          0.05000073	          0.25936495	          0.19880054	          0.14580836	          0.17955825	          0.05000222	          0.05000140	          0.05000026	          0.32793623	          0.29010664	          0.22595210	          0.05000084	          0.05000027	          0.05000016	          0.08632193	          0.08850634	          0.05000134	          0.05000863	          0.05000138	          0.07193960	          0.05000023	          0.05000023	          0.05000016	          0.05000010	          0.05000020	          0.05000002	          0.05000022	          0.05000279	          0.05000136	          0.31568088	          0.12742324	          0.05000420	          0.43642785	          0.34847728	          0.45426349	          0.10422788	          0.05650380	          0.05000029	
          0.78935106	         -2.84463607	          2.78124493	         -5.25112603	          1.06701619	          0.92831474	         -0.00350645	          9.96071487	          8.53313239	          6.47493528	         11.28233998	         -1.15630777	          5.38009047	        -17.97128339	        -54.56158630	          4.56253611	          4.05624679	         -2.80946113	          6.81529970	          6.77677357	         -0.81455788	         -0.01284322	          7.19057516	         -2.76277683	         -3.30045777	          1.79651643	         -5.72377716	        -13.47554620	         11.96666045	         -0.64544787	        -13.45100456	         18.58704000	         13.31043927	         47.94888854	         86.51662706	         86.51662706	          0.54365701	          0.33607717	          0.27258182	          0.61748372	          0.58519107	          0.53973136	          0.05000490	          0.05000657	          0.06552562	          0.05000022	          0.05000068	          0.05000034	          0.05000084	          0.05001383	          0.08619392	          0.17628567	          0.05000167	          0.05000185	          0.05000093	          0.24319007	          0.15534160	          0.15411815	          0.05000012	          0.05000012	          0.05000106	          0.05000325	          0.24466693	          0.13585724	          0.19515455	          0.19764959	          0.15837865	          0.34398835	          0.24263228	          0.19727403	          0.45566774	          0.05571280	          0.21674557	          0.10904912	          0.05000231	          0.28951170	          0.05000140	          0.09591857	          0.45144621	          0.06739306	          0.05000016	          0.05000025	          0.05012955	          0.05000059	          0.05000035	          0.25927888	          0.08610887	          0.05000284	          0.05000721	          0.05000059	          0.05000046	          0.24425679	          0.19307790	          0.14635093	          0.17088130	          0.05000192	          0.05000127	          0.05000026	          0.30437442	          0.28249680	          0.19184628	          0.05000074	          0.05000024	          0.05000015	          0.08573634	          0.08795425	          0.05000101	          0.05000538	          0.05000150	          0.06108100	          0.05000031	          0.05000031	          0.05000022	          0.05000025	          0.05000056	          0.05000011	          0.05000021	          0.05000174	          0.05000104	          0.32228192	          0.12270018	          0.06440959	          0.47124510	          0.34842243	          0.44520224	          0.10109465	          0.05618534	          0.05000031	
          0.80001796	         -2.84675652	          2.65151641	         -5.13600327	          1.07979341	          0.92976156	         -0.00353609	          8.44892330	          8.38195386	          6.80105424	         13.14598131	         -1.10022031	          4.85264180	        -16.75050072	        -54.84942592	          4.35305422	          4.86109830	         -2.56866556	          6.08064707	          6.93723242	         -0.44438387	          0.36680517	          6.18121108	         -2.85023059	         -3.18922889	          1.67039154	         -5.33554293	        -13.47503902	         11.91693047	         -0.67229239	        -13.45076819	         18.35914074	         13.47137919	         47.89790698	         86.51662706	         86.51662706	          0.49196659	          0.31217347	          0.26065213	          0.60919150	          0.58436061	          0.53429978	          0.05000287	          0.05000326	          0.06113869	          0.05000024	          0.05000079	          0.05000031	          0.05000068	          0.05000928	          0.07318513	          0.15524165	          0.05000314	          0.05000167	          0.05000091	          0.22806504	          0.14426359	          0.13562783	          0.05000013	          0.05000013	          0.05000105	          0.05000394	          0.26083056	          0.14665427	          0.16570099	          0.16781683	          0.13447763	          0.37236643	          0.28102328	          0.19120425	          0.45951505	          0.05000602	          0.22809300	          0.09258858	          0.05534599	          0.30930094	          0.05000129	          0.08144016	          0.49966733	          0.06218099	          0.05000015	          0.05000025	          0.05000059	          0.05000054	          0.05000047	          0.22014186	          0.07311143	          0.05000256	          0.05000717	          0.05000060	          0.05000041	          0.20937854	          0.20291544	          0.14597874	          0.16891667	          0.05000234	          0.05000128	          0.05000026	          0.28418375	          0.27427224	          0.16288832	          0.05000077	          0.05000027	          0.05000017	          0.08544813	          0.08830510	          0.05000308	          0.05059514	          0.05000248	          0.05186523	          0.05000035	          0.05000036	          0.05000026	          0.05000011	          0.05000022	          0.05000002	          0.05000019	          0.05000127	          0.05000099	          0.32953339	          0.16695235	          0.05468805	          0.48929175	          0.35033828	          0.43798219	          0.09750525	          0.05623161	          0.05000031	
          0.81068487	         -2.84868316	          2.51382425	         -5.00089607	          1.09251036	          0.93111148	         -0.00355093	          6.91813649	          8.20752693	          7.10879597	         14.95093100	         -1.03554201	          4.33320549	        -15.47358365	        -54.90771798	          4.08898602	          5.62293890	         -2.36541186	          5.35495208	          7.06151873	         -0.04459534	          0.76153987	          5.09429583	         -2.94164557	         -3.07102612	          1.53775678	         -4.91717346	        -13.47216369	         11.85778700	         -0.69065784	        -13.45040161	         18.11735009	         13.66714069	         47.75922791	         86.51662706	         86.51662706	          0.44495324	          0.28952581	          0.24957863	          0.58670754	          0.56933554	          0.52232921	          0.05011160	          0.05000621	          0.06132613	          0.05000031	          0.05000103	          0.05000032	          0.05000066	          0.05000786	          0.06214031	          0.13476688	          0.08799390	          0.05000170	          0.05000104	          0.21089026	          0.13233974	          0.11790738	          0.05000016	          0.05000016	          0.05000112	          0.05000486	          0.27110747	          0.15280036	          0.14069029	          0.14248634	          0.11418001	          0.39925321	          0.31709498	          0.18247037	          0.46279268	          0.05003869	          0.23965708	          0.07861269	          0.07262285	          0.32365262	          0.05000089	          0.06914727	          0.54498693	          0.05783058	          0.05000017	          0.05000028	          0.05000053	          0.05000053	          0.05000052	          0.18691241	          0.06207597	          0.05000234	          0.05000500	          0.05000044	          0.05000032	          0.17777385	          0.19817137	          0.14571987	          0.17532307	          0.05000246	          0.05000125	          0.05000026	          0.26440068	          0.26381467	          0.13830122	          0.05000075	          0.05000028	          0.05000019	          0.08364014	          0.08698428	          0.05266242	          0.10103680	          0.05000357	          0.05000289	          0.05000057	          0.05000059	          0.05000049	          0.05000009	          0.05000017	          0.05000002	          0.05000018	          0.05000197	          0.05000112	          0.33491140	          0.16468397	          0.06552032	          0.50658759	          0.35157318	          0.43211439	          0.09243049	          0.05375094	          0.05000035	
          0.82135177	         -2.85039094	          2.37226220	         -4.84638121	          1.10518308	          0.93233718	         -0.00355471	          5.37610572	          8.01712269	          7.39846801	         16.67677967	         -0.96563012	          3.82641804	        -14.15606856	        -54.71098174	          3.77237390	          6.32968850	         -2.21407576	          4.64900298	          7.14382648	          0.38255125	          1.18079110	          3.94926978	         -3.03613686	         -2.95017943	          1.39951819	         -4.47309122	        -13.46763807	         11.79577314	         -0.69993740	        -13.45001108	         17.86565115	         13.90078802	         47.52848746	         86.51662706	         86.51662706	          0.40490227	          0.26941758	          0.23761240	          0.56140102	          0.55061465	          0.50578832	          0.05634919	          0.05001171	          0.06103263	          0.05000039	          0.05000126	          0.05000031	          0.05000063	          0.05000693	          0.05276423	          0.11564731	          0.13496691	          0.05000166	          0.05000112	          0.19379217	          0.12041300	          0.10027839	          0.05000018	          0.05000018	          0.05000109	          0.05000570	          0.27150912	          0.15573575	          0.11945521	          0.12097966	          0.09694684	          0.42506818	          0.35080426	          0.17195473	          0.46481115	          0.05532954	          0.24833016	          0.06674642	          0.08959321	          0.33582078	          0.05000077	          0.05871013	          0.58127537	          0.05418598	          0.05000018	          0.05000030	          0.05000052	          0.05000055	          0.05000054	          0.15869882	          0.05270660	          0.05000216	          0.05000352	          0.05000033	          0.05000024	          0.15093963	          0.18786262	          0.14810181	          0.17701435	          0.05000297	          0.05000140	          0.05000029	          0.24759116	          0.24908128	          0.11742537	          0.05000075	          0.05000030	          0.05000021	          0.08328396	          0.08725461	          0.05754121	          0.12703119	          0.05000379	          0.05000209	          0.05000143	          0.05000152	          0.05000129	          0.05000011	          0.05000023	          0.05000004	          0.05000018	          0.05000169	          0.05000104	          0.33475646	          0.17860293	          0.06545235	          0.52094322	          0.35254401	          0.42890674	          0.08755931	          0.05135309	          0.05000036	
          0.83201868	         -2.85188774	          2.23011846	         -4.67306925	          1.11782655	          0.93341140	         -0.00355007	          3.82853184	          7.81677625	          7.67246500	         18.30599102	         -0.89339098	          3.33510255	        -12.81122137	        -54.23993058	          3.40812317	          6.96616010	         -2.12250603	          3.97231341	          7.18472611	          0.82388783	          1.62798277	          2.76840653	         -3.13285360	         -2.83035900	          1.25667157	         -4.00731267	        -13.46240929	         11.73986705	         -0.70006863	        -13.44974766	         17.60698792	         14.17477866	         47.20324099	         86.51662706	         86.51662706	          0.37350710	          0.25194867	          0.22295532	          0.54032189	          0.53186568	          0.48665025	          0.05972780	          0.05001967	          0.05909457	          0.05000049	          0.05000155	          0.05000033	          0.05000067	          0.05000676	          0.05001098	          0.10103284	          0.17772050	          0.05000173	          0.05000128	          0.17984388	          0.11429171	          0.09239500	          0.05000021	          0.05000021	          0.05000122	          0.05000640	          0.26444183	          0.14900934	          0.10142723	          0.10272052	          0.08231783	          0.45047060	          0.38432599	          0.16057786	          0.46680416	          0.06549328	          0.25719770	          0.05667134	          0.09988216	          0.34297096	          0.05000066	          0.05000280	          0.60037739	          0.05147269	          0.05000022	          0.05000030	          0.05000054	          0.05000058	          0.05000057	          0.13474399	          0.05000242	          0.05000224	          0.05000280	          0.05000029	          0.05000019	          0.12815592	          0.18875919	          0.15412585	          0.17911227	          0.05000259	          0.05000130	          0.05000030	          0.23522132	          0.23751844	          0.09970064	          0.05000074	          0.05000030	          0.05000022	          0.08648320	          0.09095560	          0.07432796	          0.12383132	          0.05000378	          0.05000204	          0.05000221	          0.05000244	          0.05000170	          0.05000015	          0.05000030	          0.05000005	          0.05000020	          0.05000106	          0.05000092	          0.33267104	          0.18745717	          0.06495212	          0.53460364	          0.35275321	          0.42294742	          0.08387443	          0.05000142	          0.05000041	
          0.84268559	         -2.85319998	          2.08959899	         -4.48148955	          1.13045438	          0.93431102	         -0.00353899	          2.28064731	          7.61072843	          7.93293688	         19.82503531	         -0.82003973	          2.86182098	        -11.45217272	        -53.48455111	          3.00134545	          7.52445834	         -2.09229116	          3.33269339	          7.18887233	          1.25924749	          2.10580073	          1.57534246	         -3.23096949	         -2.71392565	          1.10998928	         -3.52303563	        -13.45734800	         11.70238659	         -0.69157878	        -13.44974757	         17.34282655	         14.48972645	         46.78315207	         86.51662706	         86.51662706	          0.34882711	          0.23795554	          0.21134255	          0.52511390	          0.51397759	          0.46883445	          0.06004393	          0.05001572	          0.05627011	          0.05000053	          0.05000173	          0.05000032	          0.05000066	          0.05000642	          0.05001391	          0.09115662	          0.21689672	          0.05000169	          0.05000129	          0.16654209	          0.10833026	          0.08737006	          0.05000022	          0.05000022	          0.05000110	          0.05000632	          0.25643536	          0.13536110	          0.08980600	          0.08912989	          0.07590535	          0.47546578	          0.41900853	          0.14984799	          0.46837569	          0.07340213	          0.26472360	          0.05000012	          0.10866791	          0.34764799	          0.05000066	          0.05000181	          0.61038624	          0.05000713	          0.05000029	          0.05000029	          0.05000051	          0.05000057	          0.05000058	          0.11440505	          0.05000281	          0.05000207	          0.05000210	          0.05000025	          0.05000016	          0.10881132	          0.19398583	          0.16311396	          0.18350260	          0.05000307	          0.05000141	          0.05000032	          0.22333466	          0.23407931	          0.08465138	          0.05000074	          0.05000032	          0.05000025	          0.09283556	          0.09709003	          0.09471262	          0.13794015	          0.05000357	          0.05000154	          0.05000583	          0.05000657	          0.05000226	          0.05000012	          0.05000028	          0.05000003	          0.05000021	          0.05000116	          0.05000100	          0.32912593	          0.19077515	          0.06659996	          0.53515468	          0.35463143	          0.41076928	          0.08111110	          0.05000064	          0.05000042	
          0.85335249	         -2.85435732	          1.95182862	         -4.27217403	          1.14308099	          0.93501996	         -0.00352214	          0.73684310	          7.40148854	          8.18183730	         21.22348192	         -0.74507189	          2.40886412	        -10.09077268	        -52.44046001	          2.55442782	          7.98869367	         -2.12190215	          2.73984086	          7.16500409	          1.68436223	          2.61912970	          0.40918042	         -3.32936862	         -2.60200625	          0.95999288	         -3.02278257	        -13.45315393	         11.69814238	         -0.67573207	        -13.44997624	         17.07356091	         14.84367849	         46.26952729	         86.51662706	         86.51662706	          0.32947640	          0.22694779	          0.19960899	          0.52388770	          0.50242915	          0.45094017	          0.05826099	          0.05000981	          0.05270135	          0.05000060	          0.05000195	          0.05000032	          0.05000065	          0.05000593	          0.05001223	          0.08101747	          0.25464218	          0.05000165	          0.05000134	          0.15782955	          0.10571105	          0.08096152	          0.05000024	          0.05000025	          0.05000108	          0.05000626	          0.24416416	          0.11494040	          0.08632812	          0.08608952	          0.07353938	          0.49912002	          0.45117051	          0.13917417	          0.46999916	          0.07555105	          0.26979187	          0.05000015	          0.12274055	          0.35001043	          0.05000066	          0.05000173	          0.62484986	          0.05000013	          0.05000034	          0.05000027	          0.05000055	          0.05000062	          0.05000063	          0.09713622	          0.05000275	          0.05000215	          0.05000155	          0.05000022	          0.05000014	          0.09238672	          0.19903638	          0.17125680	          0.18573760	          0.05000327	          0.05000147	          0.05000034	          0.21450568	          0.21540067	          0.07187378	          0.05000077	          0.05000034	          0.05000027	          0.10000881	          0.10486879	          0.11430314	          0.12968673	          0.05000351	          0.05000162	          0.05001271	          0.05001447	          0.05000179	          0.05000077	          0.05000045	          0.05058115	          0.05000024	          0.05000076	          0.05000090	          0.32157658	          0.19243990	          0.06445862	          0.54092472	          0.35770948	          0.40511129	          0.07971650	          0.05000079	          0.05000075	
          0.86401940	         -2.85536341	          1.81792482	         -4.04568842	          1.15572334	          0.93552736	         -0.00349851	         -0.79924296	          7.19060825	          8.42179522	         22.49314839	         -0.66808773	          1.97784672	         -8.73767467	        -51.10766541	          2.06925848	          8.35056037	         -2.20629624	          2.20167068	          7.12030960	          2.08815309	          3.17182010	         -0.68038362	         -3.42630950	         -2.49590548	          0.80712373	         -2.50867520	        -13.45051926	         11.74157166	         -0.65473459	        -13.45017195	         16.79925495	         15.23216355	         45.66513452	         86.51662706	         86.51662706	          0.31626981	          0.21712216	          0.18864107	          0.50789714	          0.48726091	          0.43604759	          0.05988878	          0.05001036	          0.05200935	          0.05000066	          0.05000234	          0.05000035	          0.05000072	          0.05000604	          0.05001259	          0.07673089	          0.28913415	          0.05000178	          0.05000145	          0.14258824	          0.09883551	          0.07684272	          0.05000028	          0.05000027	          0.05000113	          0.05000648	          0.22930186	          0.09759159	          0.08362571	          0.08380486	          0.07181678	          0.52123303	          0.48080952	          0.12894494	          0.47134145	          0.07998234	          0.27446886	          0.05000015	          0.13762339	          0.34999147	          0.05000065	          0.05000115	          0.63376502	          0.05000066	          0.05000042	          0.05000028	          0.05000050	          0.05000058	          0.05000066	          0.08247408	          0.05000218	          0.05000207	          0.05000131	          0.05000026	          0.05000015	          0.07844135	          0.22679961	          0.18021439	          0.20008445	          0.05000360	          0.05000147	          0.05000036	          0.20560547	          0.22328125	          0.06102499	          0.05000076	          0.05000035	          0.05000029	          0.10926904	          0.11301042	          0.15437333	          0.11553432	          0.05000315	          0.05000082	          0.05000104	          0.05000108	          0.05000055	          0.05000025	          0.05888980	          0.05000003	          0.05000031	          0.05000045	          0.05000062	          0.31714546	          0.19270254	          0.06279479	          0.54961253	          0.36062625	          0.40287165	          0.07777130	          0.05000059	          0.05000066	
          0.87468631	         -2.85624700	          1.68830437	         -3.80273254	          1.16839664	          0.93582404	         -0.00346592	         -2.32304353	          6.97866849	          8.65480517	         23.62975284	         -0.58832129	          1.56654572	         -7.40462133	        -49.49340837	          1.54701644	          8.61919316	         -2.34062631	          1.72118352	          7.06116300	          2.44963138	          3.76908669	         -1.64191394	         -3.52028195	         -2.39631169	          0.65189928	         -1.98229798	        -13.44970832	         11.84126371	         -0.63102970	        -13.45022780	         16.51984557	         15.64944829	         44.97452548	         86.51662706	         86.51662706	          0.30761190	          0.21489045	          0.18480377	          0.53502638	          0.49622454	          0.43095197	          0.06035998	          0.05001522	          0.05065901	          0.05000080	          0.05000264	          0.05000034	          0.05000069	          0.05000539	          0.05001152	          0.06544832	          0.32337693	          0.05000172	          0.05000148	          0.12797584	          0.09446969	          0.06560032	          0.05000030	          0.05000029	          0.05000097	          0.05000576	          0.21880447	          0.08286110	          0.07569013	          0.07623460	          0.06493239	          0.54140275	          0.50803154	          0.11903003	          0.47240932	          0.07937405	          0.27625878	          0.05000015	          0.16414057	          0.34861842	          0.05000070	          0.05000115	          0.63550893	          0.05000026	          0.05000038	          0.05000028	          0.05000054	          0.05000067	          0.05000069	          0.07002522	          0.05000281	          0.05000211	          0.05000074	          0.05000021	          0.05000013	          0.06660100	          0.22047283	          0.18710200	          0.18333080	          0.05000379	          0.05000164	          0.05000040	          0.19494406	          0.19663717	          0.05181390	          0.05000081	          0.05000039	          0.05000033	          0.11961392	          0.12292390	          0.15191416	          0.14364118	          0.05000440	          0.05000072	          0.05000160	          0.05000143	          0.05000051	          0.05000050	          0.05000101	          0.05271799	          0.05000027	          0.05000108	          0.05000106	          0.30781559	          0.18334524	          0.07160791	          0.50887273	          0.37114151	          0.39803165	          0.07688308	          0.05000140	          0.05000716	
          0.88535321	         -2.85705830	          1.56362204	         -3.54413666	          1.18111588	          0.93590321	         -0.00342351	         -3.83055619	          6.76543557	          8.88443869	         24.63124984	         -0.50646929	          1.17768897	         -6.10238751	        -47.60403034	          0.99531276	          8.77209251	         -2.51509712	          1.29976955	          6.98931708	          2.74239756	          4.40857814	         -2.40215517	         -3.60979707	         -2.30388797	          0.49496459	         -1.44524113	        -13.45009915	         11.99734933	         -0.60721116	        -13.45003097	         16.23467610	         16.08931805	         44.20263520	         86.51662706	         86.51662706	          0.29995144	          0.21089932	          0.17877097	          0.55962686	          0.50881870	          0.42307758	          0.05662092	          0.05000950	          0.05000520	          0.05000096	          0.05000312	          0.05000033	          0.05000065	          0.05000473	          0.05001047	          0.05558883	          0.35641692	          0.05000164	          0.05000148	          0.10867928	          0.08024536	          0.05794507	          0.05000033	          0.05000033	          0.05000093	          0.05000561	          0.19861016	          0.07035398	          0.06443339	          0.06492665	          0.05888481	          0.55955741	          0.53328510	          0.10998075	          0.47424820	          0.08043671	          0.27915647	          0.05000015	          0.18042345	          0.34420736	          0.05000077	          0.05000117	          0.62661424	          0.05000021	          0.05000032	          0.05000027	          0.05000059	          0.05000076	          0.05000083	          0.05945556	          0.05000277	          0.05000236	          0.05000046	          0.05000023	          0.05000013	          0.05654797	          0.23793614	          0.19132891	          0.16365757	          0.05000405	          0.05000176	          0.05000044	          0.18868197	          0.17185283	          0.05000137	          0.05000092	          0.05000045	          0.05000038	          0.13321416	          0.13470271	          0.15338460	          0.14420553	          0.05000420	          0.05000060	          0.05000090	          0.05000083	          0.05000035	          0.05000094	          0.05000227	          0.05439909	          0.05000041	          0.05000092	          0.05000108	          0.30649904	          0.17802035	          0.07655826	          0.48508692	          0.37831136	          0.39265602	          0.07542952	          0.05241125	          0.05430793	
          0.89602012	         -2.85789515	          1.44460947	         -3.27109702	          1.19389358	          0.93575668	         -0.00337247	         -5.31967205	          6.55067940	          9.11392504	         25.50136738	         -0.42368434	          0.81359766	         -4.83798860	        -45.46202688	          0.42407189	          8.84028659	         -2.71912650	          0.92796749	          6.90638442	          2.91073841	          5.08302435	         -2.96662610	         -3.69410526	         -2.21867124	          0.33709921	         -0.89970715	        -13.45094448	         12.20605919	         -0.58584123	        -13.44981365	         15.94195265	         16.54803982	         43.35605924	         86.51662706	         86.51662706	          0.29122334	          0.19868975	          0.16378560	          0.56621296	          0.50980677	          0.41215962	          0.05458231	          0.05000766	          0.05000365	          0.05000104	          0.05000402	          0.05000038	          0.05000071	          0.05000458	          0.05000998	          0.05000892	          0.38699391	          0.05000190	          0.05000169	          0.09227928	          0.06813603	          0.05001216	          0.05000044	          0.05000043	          0.05000097	          0.05000585	          0.18507586	          0.05973465	          0.05471495	          0.05513365	          0.05002135	          0.57541027	          0.55497889	          0.10276451	          0.47639920	          0.08454160	          0.28257523	          0.05000014	          0.18756947	          0.33758752	          0.05000083	          0.05000092	          0.61725610	          0.05000026	          0.05000036	          0.05000030	          0.05000060	          0.05000075	          0.05000085	          0.05048166	          0.05000257	          0.05000240	          0.05000033	          0.05000025	          0.05000014	          0.05000053	          0.26064044	          0.19821938	          0.16175843	          0.05000450	          0.05000185	          0.05000048	          0.18162815	          0.17359122	          0.05000217	          0.05000093	          0.05000047	          0.05000041	          0.14841336	          0.14607623	          0.17768457	          0.13626235	          0.05000479	          0.05000048	          0.05000061	          0.05000057	          0.05000026	          0.05000090	          0.05000217	          0.05226371	          0.05000060	          0.05000073	          0.05000101	          0.30510980	          0.17700662	          0.08594002	          0.42050591	          0.38523968	          0.36144314	          0.07436987	          0.05788849	          0.05644877	
          0.90668702	         -2.85883913	          1.33125985	         -2.98546111	          1.20674412	          0.93537596	         -0.00331308	         -6.79153338	          6.33331527	          9.34488375	         26.24903634	         -0.33865038	          0.47358877	         -3.61249290	        -43.10424864	         -0.16009467	          8.85498310	         -2.94364314	          0.60021658	          6.81613266	          2.98052788	          5.78794607	         -3.34468443	         -3.77233988	         -2.13938035	          0.17873033	         -0.34967781	        -13.45186031	         12.46262522	         -0.56941797	        -13.44972026	         15.63932346	         17.02429429	         42.44203923	         86.51662706	         86.51662706	          0.28189384	          0.18696177	          0.15279550	          0.60021056	          0.51819609	          0.40669857	          0.05288182	          0.05000815	          0.05000210	          0.05913989	          0.06145906	          0.05000046	          0.05000071	          0.05000398	          0.05000838	          0.05000328	          0.41566260	          0.05000236	          0.05000230	          0.07835356	          0.05785400	          0.05000441	          0.05000135	          0.05000129	          0.05000094	          0.05000595	          0.15720405	          0.05071840	          0.05000319	          0.05000315	          0.05000290	          0.58967358	          0.57536544	          0.09694496	          0.47816538	          0.08855227	          0.28516032	          0.05000018	          0.19590946	          0.33053757	          0.05000080	          0.05000132	          0.60333497	          0.05000023	          0.05000031	          0.05000029	          0.05000058	          0.05000077	          0.05000088	          0.05000222	          0.05000268	          0.05000234	          0.05000020	          0.05000020	          0.05000012	          0.05000041	          0.25039820	          0.20728369	          0.14219355	          0.05000394	          0.05000178	          0.05000048	          0.17153356	          0.16410732	          0.05000135	          0.05000094	          0.05000047	          0.05000041	          0.16430987	          0.15687995	          0.18972108	          0.14988992	          0.05000480	          0.05000054	          0.05000069	          0.05000062	          0.05000026	          0.05000056	          0.05000108	          0.05016970	          0.05000109	          0.05000780	          0.05000458	          0.30450351	          0.16763861	          0.10083020	          0.35703650	          0.39703671	          0.33484212	          0.07646848	          0.06450462	          0.05735403	
          0.91735393	         -2.85986822	          1.22351366	         -2.68929496	          1.21968635	          0.93475552	         -0.00324666	         -8.24869130	          6.11175737	          9.57824288	         26.88642766	         -0.24972435	          0.15917637	         -2.42531907	        -40.57474161	         -0.74952823	          8.81696939	         -3.17903786	          0.31186243	          6.71772048	          3.00940778	          6.52199479	         -3.55117940	         -3.84284441	         -2.06412962	          0.02021558	          0.19956027	        -13.45244496	         12.76197692	         -0.56105098	        -13.44985167	         15.32353114	         17.51777827	         41.46789947	         86.51662706	         86.51662706	          0.27788314	          0.17859205	          0.13849563	          0.61050076	          0.51998498	          0.39570449	          0.05001604	          0.05000455	          0.05000180	          0.12608060	          0.08335753	          0.05000049	          0.05000076	          0.05000385	          0.05000851	          0.05000367	          0.44296625	          0.05000249	          0.05000224	          0.06653160	          0.05001163	          0.05000556	          0.05000124	          0.05000120	          0.05000093	          0.05000551	          0.13347757	          0.05000152	          0.05000557	          0.05000555	          0.05000449	          0.60156977	          0.59106195	          0.09370839	          0.47988045	          0.09645443	          0.28829399	          0.05000016	          0.20716795	          0.32300514	          0.05000096	          0.05000109	          0.60396413	          0.05000026	          0.05000032	          0.05000028	          0.05000064	          0.05000087	          0.05000102	          0.05000286	          0.05000271	          0.05000258	          0.05000017	          0.05000024	          0.05000013	          0.05000049	          0.24649319	          0.20996545	          0.14752356	          0.05000492	          0.05000207	          0.05000059	          0.16054994	          0.14945342	          0.05000165	          0.05000107	          0.05000056	          0.05000050	          0.17520208	          0.16354471	          0.20921642	          0.14268905	          0.05000559	          0.05000042	          0.05000057	          0.05000051	          0.05000023	          0.05000018	          0.05000037	          0.05000010	          0.05000077	          0.05000929	          0.05000427	          0.31321942	          0.17020365	          0.10844863	          0.30584760	          0.40945547	          0.31895922	          0.07737414	          0.06828163	          0.06013512	
          0.92802084	         -2.86093262	          1.12108469	         -2.38408760	          1.23273500	          0.93389385	         -0.00317423	         -9.68435094	          5.88545507	          9.81483038	         27.42739641	         -0.15481376	         -0.12847325	         -1.29347113	        -37.92221187	         -1.33340781	          8.74817839	         -3.41321816	          0.05457165	          6.61348849	          3.01797614	          7.29015498	         -3.64261655	         -3.90457747	         -1.99118140	         -0.13810372	          0.74321874	        -13.45266841	         13.09814020	         -0.56369524	        -13.45008249	         14.99040011	         18.02940976	         40.44146710	         86.51662706	         86.51662706	          0.27397261	          0.16996390	          0.12256840	          0.62245480	          0.52005617	          0.38082297	          0.05000699	          0.05000337	          0.05000109	          0.19423967	          0.15559590	          0.05000054	          0.05000073	          0.05000345	          0.05000795	          0.05000283	          0.46877284	          0.05000273	          0.05000263	          0.05649831	          0.05001107	          0.05000518	          0.05038713	          0.05023878	          0.05000098	          0.05000579	          0.11333093	          0.05000271	          0.05000399	          0.05000397	          0.05000341	          0.61218850	          0.60658625	          0.09241555	          0.48152472	          0.10882107	          0.29238679	          0.05000019	          0.21331691	          0.31455557	          0.05000099	          0.05000120	          0.61275292	          0.05000019	          0.05000028	          0.05000027	          0.05000058	          0.05000084	          0.05000104	          0.05000244	          0.05000244	          0.05000242	          0.05000014	          0.05000025	          0.05000013	          0.05000046	          0.23258522	          0.21242624	          0.15751829	          0.05000751	          0.05000239	          0.05000058	          0.14961529	          0.14025686	          0.05000172	          0.05000111	          0.05000059	          0.05000055	          0.18423582	          0.16871172	          0.22782610	          0.14050785	          0.05000543	          0.05000045	          0.05000053	          0.05000047	          0.05000021	          0.05000011	          0.05000023	          0.05000006	          0.05000068	          0.05110696	          0.05000701	          0.31950073	          0.17015859	          0.11460182	          0.26812613	          0.42081453	          0.31039809	          0.07811231	          0.07255874	          0.06136807	
          0.93868774	         -2.86200215	          1.02302360	         -2.07139000	          1.24590593	          0.93279542	         -0.00309567	        -11.09023034	          5.65352874	         10.05491876	         27.88455190	         -0.05140116	         -0.38956944	         -0.23596936	        -35.19167415	         -1.89843565	          8.66993024	         -3.63593135	         -0.17565814	          6.50127135	          3.02143491	          8.09210156	         -3.65728031	         -3.95650021	         -1.91835367	         -0.29581238	          1.27546763	        -13.45252209	         13.46237834	         -0.58042106	        -13.45008961	         14.63533550	         18.56204932	         39.37041984	         86.51662706	         86.51662706	          0.27760963	          0.17003536	          0.11078881	          0.63130097	          0.51972519	          0.37446428	          0.05000586	          0.05000277	          0.05000136	          0.25161813	          0.14713256	          0.05000055	          0.05000078	          0.05000325	          0.05000790	          0.05000330	          0.49233107	          0.05000295	          0.05000237	          0.05002245	          0.05000846	          0.05000513	          0.05250297	          0.09092798	          0.05000080	          0.05000459	          0.09622503	          0.05000242	          0.05000542	          0.05000543	          0.05000448	          0.62035402	          0.61792526	          0.09338539	          0.48307167	          0.12637668	          0.29717960	          0.05000015	          0.21906463	          0.30621062	          0.05000119	          0.05000103	          0.62523597	          0.05000029	          0.05000029	          0.05000028	          0.05000069	          0.05000099	          0.05000118	          0.05000297	          0.05000285	          0.05000268	          0.05000014	          0.05000026	          0.05000015	          0.05000043	          0.19747939	          0.21176460	          0.16712722	          0.05000801	          0.05000297	          0.05000081	          0.12989294	          0.12601378	          0.05000163	          0.05000127	          0.05000069	          0.05000069	          0.18531036	          0.16784990	          0.23674151	          0.12951555	          0.05000548	          0.05000037	          0.05000054	          0.05000048	          0.05000021	          0.05000017	          0.05000033	          0.05000011	          0.05000099	          0.05000638	          0.05000509	          0.32358593	          0.16668020	          0.11782498	          0.24676206	          0.43017959	          0.30696448	          0.07721922	          0.07607570	          0.06944351	
          0.94935465	         -2.86325434	          0.92847361	         -1.75235583	          1.25921133	          0.93147218	         -0.00301242	        -12.45504000	          5.41570647	         10.29826067	         28.26727490	          0.06247850	         -0.62274511	          0.72422481	        -32.41829285	         -2.43247937	          8.59672851	         -3.83396450	         -0.38507960	          6.38331995	          3.01949073	          8.92311783	         -3.61830378	         -3.99864339	         -1.84348550	         -0.45226625	          1.79060803	        -13.45181832	         13.84428372	         -0.61436114	        -13.44975981	         14.25264265	         19.12062352	         38.26366559	         86.51662706	         86.51662706	          0.28206417	          0.17480187	          0.10008750	          0.63521533	          0.52041056	          0.35577579	          0.05004661	          0.05000671	          0.05000155	          0.25020469	          0.14559251	          0.05000051	          0.05000072	          0.05000287	          0.05000758	          0.05000346	          0.51493371	          0.05000261	          0.05000267	          0.05003786	          0.05001211	          0.05000637	          0.07075711	          0.15042626	          0.05000088	          0.05000511	          0.08170098	          0.05000113	          0.05000422	          0.05000421	          0.05000359	          0.62727549	          0.62973161	          0.09589724	          0.48452288	          0.14909055	          0.30380965	          0.05000023	          0.21484587	          0.29715850	          0.05000114	          0.05000172	          0.63234048	          0.05000018	          0.05000033	          0.05000030	          0.05000074	          0.05000111	          0.05000137	          0.05000293	          0.05000287	          0.05000284	          0.05000014	          0.05000032	          0.05000017	          0.05000047	          0.16767173	          0.20504656	          0.18474458	          0.05370298	          0.05000508	          0.05000099	          0.11029689	          0.11073836	          0.05000202	          0.05000155	          0.05000089	          0.05000097	          0.18109934	          0.16354099	          0.24145930	          0.11249648	          0.05000562	          0.05000035	          0.05000052	          0.05000045	          0.05000021	          0.05000052	          0.05000105	          0.05000072	          0.05000162	          0.05000373	          0.05000464	          0.32731104	          0.16404239	          0.12166678	          0.23541074	          0.43912817	          0.30887342	          0.07171092	          0.08178182	          0.08177853	
          0.96002156	         -2.86510540	          0.83622430	         -1.42816824	          1.27266142	          0.92994256	         -0.00292572	        -13.77009821	          5.17104494	         10.54373196	         28.58194034	          0.18889161	         -0.82669012	          1.57014891	        -29.62896549	         -2.92274431	          8.53438537	         -3.99453575	         -0.57881996	          6.25706438	          3.01632371	          9.77518301	         -3.53675887	         -4.03209160	         -1.76406962	         -0.60692216	          2.28189647	        -13.45067168	         14.23241348	         -0.66838712	        -13.45025897	         13.84068603	         19.71352032	         37.13229397	         86.51662706	         86.51662706	          0.29026596	          0.17309187	          0.08498220	          0.64176796	          0.51927435	          0.34716104	          0.05001006	          0.05000372	          0.05000149	          0.28802003	          0.14208435	          0.05000055	          0.05000078	          0.05000272	          0.05000755	          0.05000376	          0.53574721	          0.05000290	          0.05000239	          0.05002236	          0.05000889	          0.05000602	          0.06996937	          0.21917731	          0.05000073	          0.05000402	          0.06936928	          0.05000127	          0.05000562	          0.05000562	          0.05000463	          0.63085742	          0.63593587	          0.10208998	          0.48599828	          0.17694887	          0.31235112	          0.05000018	          0.20803660	          0.28825354	          0.05000161	          0.05000138	          0.64323665	          0.05000025	          0.05000031	          0.05000030	          0.05000080	          0.05000115	          0.05000137	          0.05000313	          0.05000299	          0.05000288	          0.05000017	          0.05000039	          0.05000021	          0.05000063	          0.14236321	          0.20266311	          0.18972615	          0.07855071	          0.05000564	          0.05000117	          0.09364990	          0.10097825	          0.05000267	          0.05000158	          0.05000093	          0.05000112	          0.17239462	          0.15612842	          0.23848621	          0.09557456	          0.05000563	          0.05000031	          0.05000046	          0.05000041	          0.05000020	          0.05000087	          0.05000169	          0.05062713	          0.05000153	          0.05000224	          0.05000301	          0.33269031	          0.16202796	          0.12581515	          0.22976874	          0.44936122	          0.31715505	          0.06942047	          0.08510377	          0.09195067	
          0.97068846	         -2.86784422	          0.74483544	         -1.09998293	          1.28626866	          0.92822947	         -0.00283716	        -15.02473388	          4.91862397	         10.79088402	         28.83244160	          0.32980956	         -1.00053412	          2.27995471	        -26.84685388	         -3.35831230	          8.48297215	         -4.09897665	         -0.75987993	          6.12752400	          3.01729602	         10.64368144	         -3.41878925	         -4.05760540	         -1.67730378	         -0.75898030	          2.74173268	        -13.44972754	         14.61915800	         -0.74553206	        -13.45495036	         13.40640311	         20.35094575	         35.98903034	         86.51662706	         86.51662706	          0.29800944	          0.17744517	          0.07215681	          0.65191479	          0.51911162	          0.32114163	          0.05216090	          0.05000628	          0.05000178	          0.26867204	          0.14316872	          0.05000050	          0.05000071	          0.05000235	          0.05000700	          0.05000388	          0.55494084	          0.05000260	          0.05000245	          0.05002664	          0.05001057	          0.05000649	          0.08855863	          0.30220017	          0.05000072	          0.05000408	          0.05889907	          0.05000190	          0.05000467	          0.05000466	          0.05000397	          0.63293740	          0.64190057	          0.11053786	          0.48679155	          0.20810422	          0.32400931	          0.05000023	          0.18613655	          0.27957128	          0.05000147	          0.05000196	          0.64660445	          0.05000019	          0.05000032	          0.05000031	          0.05000093	          0.05000136	          0.05000168	          0.05000326	          0.05000321	          0.05000314	          0.05000023	          0.05000058	          0.05000029	          0.05000083	          0.12087467	          0.19277367	          0.19612468	          0.12529027	          0.05002985	          0.05000405	          0.07951493	          0.08577430	          0.05000405	          0.05000204	          0.05000125	          0.05000149	          0.15933112	          0.14656001	          0.22886531	          0.08116318	          0.05000447	          0.05000028	          0.05000044	          0.05000039	          0.05000020	          0.05000146	          0.05000353	          0.05124882	          0.05000174	          0.05000254	          0.05000298	          0.33805690	          0.15818158	          0.13037691	          0.22852340	          0.45965897	          0.32941569	          0.06343105	          0.09037997	          0.10671635	
          0.98135537	         -2.87189241	          0.65233320	         -0.76885737	          1.30004440	          0.92636105	         -0.00274712	        -16.20979937	          4.65621474	         11.03790500	         29.02132597	          0.48768976	         -1.14375302	          2.83731051	        -24.09786800	         -3.72867451	          8.43806641	         -4.12864772	         -0.93030853	          5.98892397	          3.02041539	         11.52430128	         -3.27113358	         -4.07657750	         -1.57999635	         -0.90789185	          3.16199629	        -13.45118582	         15.00473675	         -0.84867489	        -13.46810339	         12.96243574	         21.04570628	         34.84810965	         86.51662706	         86.51662706	          0.30841259	          0.17826342	          0.06126636	          0.65184065	          0.51437988	          0.30188642	          0.07259729	          0.05193443	          0.05000234	          0.22811934	          0.13037232	          0.05000047	          0.05000070	          0.05000211	          0.05000674	          0.05000428	          0.57305507	          0.05000249	          0.05000242	          0.05002426	          0.05001056	          0.05000676	          0.12864625	          0.39105457	          0.05000066	          0.05000371	          0.05000970	          0.06214658	          0.05000433	          0.05000430	          0.05000372	          0.63201267	          0.64362345	          0.12196941	          0.48660807	          0.24249304	          0.33816918	          0.05000027	          0.15804111	          0.27166050	          0.05000138	          0.05000437	          0.64601080	          0.05000016	          0.05000040	          0.05000033	          0.05000121	          0.05000185	          0.05000220	          0.05000432	          0.05000402	          0.05000374	          0.05000030	          0.05000070	          0.05000043	          0.05000070	          0.10262967	          0.17549363	          0.19459740	          0.16108880	          0.08793064	          0.07011825	          0.06751333	          0.07287088	          0.05000501	          0.05000311	          0.05000220	          0.05003124	          0.14302533	          0.13555293	          0.21910149	          0.06893066	          0.05000481	          0.05000026	          0.05000048	          0.05000042	          0.05000023	          0.05040876	          0.05157951	          0.05000167	          0.05000135	          0.05001139	          0.05000557	          0.34378376	          0.15299187	          0.13585883	          0.23388209	          0.47024969	          0.34546914	          0.05639796	          0.09559743	          0.12215790	
          0.99202227	         -2.87766749	          0.55654411	         -0.43560563	          1.31400213	          0.92437221	         -0.00265545	        -17.31742697	          4.38135667	         11.28174761	         29.14781679	          0.66547786	         -1.25564868	          3.22879866	        -21.41595043	         -4.02999629	          8.40675606	         -4.06265703	         -1.09257608	          5.84051242	          3.02644506	         12.41501265	         -3.11205368	         -4.09040046	         -1.46884434	         -1.05337335	          3.53400493	        -13.45904785	         15.39964830	         -0.98093426	        -13.49301713	         12.52143634	         21.81249056	         33.72270322	         86.51662706	         86.51662706	          0.32002393	          0.17229136	          0.05201960	          0.64051079	          0.50048191	          0.25680721	          0.06934081	          0.05758439	          0.05000558	          0.19368611	          0.15686012	          0.05000054	          0.05000078	          0.05000203	          0.05000656	          0.05000412	          0.58900710	          0.05000306	          0.05000276	          0.05001568	          0.05000772	          0.05000587	          0.16894728	          0.47937913	          0.05000061	          0.05000329	          0.05000339	          0.08099546	          0.05000374	          0.05000371	          0.05000330	          0.62793896	          0.64166598	          0.13726745	          0.48440529	          0.27842647	          0.35386146	          0.05000031	          0.13418644	          0.24720344	          0.05000126	          0.05000511	          0.63567963	          0.05000015	          0.05000069	          0.05000040	          0.05000130	          0.05000177	          0.05000209	          0.05000420	          0.05000393	          0.05000392	          0.05000533	          0.05002298	          0.05000408	          0.05889955	          0.08713875	          0.16438572	          0.18407560	          0.17477745	          0.12273012	          0.09885630	          0.05732345	          0.07393832	          0.06937261	          0.05000288	          0.05000210	          0.08642590	          0.12486039	          0.11976145	          0.19224249	          0.05969620	          0.05000690	          0.05000021	          0.05000037	          0.05000033	          0.05000021	          0.05000007	          0.05000014	          0.05000003	          0.05000055	          0.06104008	          0.05000522	          0.35159455	          0.15061357	          0.14145965	          0.24536992	          0.48107615	          0.37046400	          0.05210713	          0.09924800	          0.13052488	
          1.00268918	         -2.88522026	          0.45517870	         -0.10081814	          1.32816544	          0.92230393	         -0.00256125	        -18.33937803	          4.09205526	         11.51848842	         29.20783285	          0.86663750	         -1.33539568	          3.43920805	        -18.84788398	         -4.26232632	          8.42075530	         -3.88081465	         -1.24916260	          5.68178482	          3.02554334	         13.31458016	         -2.97281809	         -4.09829233	         -1.34064696	         -1.19525165	          3.84811246	        -13.47828810	         15.82195258	         -1.14582118	        -13.53002546	         12.09092320	         22.66463090	         32.61989037	         86.51662706	         86.51662706	          0.32805138	          0.16056057	          0.05000398	          0.62248350	          0.48175282	          0.21804679	          0.05887694	          0.05000452	          0.05000145	          0.16445013	          0.17123524	          0.05000061	          0.05000080	          0.05000197	          0.05000639	          0.05000386	          0.60456407	          0.05000344	          0.05000287	          0.05001680	          0.05000807	          0.05000592	          0.26606181	          0.58092005	          0.05000069	          0.05000368	          0.05000277	          0.10709770	          0.05000405	          0.05000401	          0.05000353	          0.62074337	          0.63647027	          0.15673079	          0.47847100	          0.30852113	          0.36685247	          0.05000036	          0.12091154	          0.20989004	          0.05000132	          0.05000419	          0.61513676	          0.05000018	          0.05000037	          0.05000030	          0.05000125	          0.05000176	          0.05000198	          0.05000464	          0.05000406	          0.05000380	          0.09665160	          0.05000186	          0.11774966	          0.05000982	          0.07398600	          0.15867166	          0.18215959	          0.17519249	          0.13961102	          0.11634434	          0.05000421	          0.06284036	          0.05890394	          0.05000278	          0.05000195	          0.10904323	          0.11109376	          0.11039276	          0.16322935	          0.05498978	          0.05000795	          0.05000028	          0.05000055	          0.05000049	          0.05000031	          0.05000009	          0.05000017	          0.05000005	          0.05000065	          0.05543399	          0.05000500	          0.34821193	          0.14682790	          0.14246624	          0.24145003	          0.48323435	          0.36888319	          0.05836602	          0.09654703	          0.12818951	
          1.01335609	         -2.89380011	          0.34533790	          0.23539080	          1.34256263	          0.92020082	         -0.00246339	        -19.25523166	          3.78740322	         11.74941426	         29.21010279	          1.09582582	         -1.38239516	          3.42709976	        -16.49281630	         -4.41168992	          8.50477656	         -3.55962329	         -1.40103734	          5.51152373	          3.01420123	         14.21467147	         -2.86071007	         -4.09692365	         -1.19168157	         -1.33265264	          4.09676603	        -13.51344693	         16.29638584	         -1.34577027	        -13.57484833	         11.66646942	         23.60837134	         31.53585564	         86.51662706	         86.51662706	          0.33860227	          0.14369917	          0.05000205	          0.61295984	          0.45301578	          0.18513491	          0.05000320	          0.05000129	          0.05000075	          0.13962714	          0.14541988	          0.05000052	          0.05000072	          0.05000171	          0.05000592	          0.05000454	          0.61804765	          0.05000270	          0.05000179	          0.05001668	          0.05000856	          0.05000613	          0.37749960	          0.67962363	          0.05000055	          0.05000303	          0.05000168	          0.13372758	          0.05000869	          0.05000884	          0.05000834	          0.60951863	          0.62652710	          0.17708203	          0.47118435	          0.34129869	          0.38149289	          0.05000014	          0.10383072	          0.17820804	          0.05000109	          0.05000780	          0.52420510	          0.05000018	          0.05000021	          0.05000022	          0.05000212	          0.05000284	          0.05000318	          0.05000475	          0.05000474	          0.05000463	          0.17237573	          0.05000109	          0.18114403	          0.05000059	          0.06281858	          0.14913650	          0.18189842	          0.18262037	          0.15305793	          0.12710481	          0.05002586	          0.05337699	          0.05001557	          0.05000716	          0.05001101	          0.11847979	          0.09432682	          0.10504997	          0.13859269	          0.05001589	          0.05000361	          0.05000054	          0.05000143	          0.05000127	          0.05000074	          0.05000016	          0.05000033	          0.05000011	          0.05000120	          0.05000241	          0.05000342	          0.33894864	          0.13699737	          0.14332009	          0.23692246	          0.48169177	          0.36253455	          0.06815001	          0.09650748	          0.12381535	
          1.02402299	         -2.90240695	          0.22449437	          0.57253988	          1.35721581	          0.91810880	         -0.00236120	        -20.03575029	          3.46859481	         11.97794809	         29.17582996	          1.35749459	         -1.39732806	          3.13460676	        -14.47697494	         -4.45676309	          8.65136488	         -3.07518082	         -1.55067509	          5.32437647	          2.99278610	         15.10295964	         -2.75795388	         -4.08268213	         -1.01833811	         -1.46436144	          4.27606858	        -13.56894742	         16.85625346	         -1.58000474	        -13.61643180	         11.21930931	         24.64232409	         30.45520772	         86.51662706	         86.51662706	          0.35653661	          0.13470446	          0.05000107	          0.60065151	          0.42861651	          0.15719062	          0.05000280	          0.05000097	          0.05000064	          0.11855107	          0.16578289	          0.05000050	          0.05000073	          0.05000157	          0.05000558	          0.05000488	          0.62928774	          0.05000269	          0.05000151	          0.05001328	          0.05000739	          0.05000571	          0.48626811	          0.76955512	          0.05000048	          0.05000261	          0.05000173	          0.16133293	          0.05417963	          0.05623218	          0.05004218	          0.59365602	          0.61281029	          0.19966788	          0.46311313	          0.40089752	          0.40867507	          0.05000012	          0.08815807	          0.15130824	          0.05000066	          0.05442061	          0.44507855	          0.05000018	          0.05000018	          0.05000019	          0.05000567	          0.05000403	          0.05000269	          0.05001369	          0.05000839	          0.05000531	          0.23861809	          0.05000115	          0.24383580	          0.05000063	          0.05333716	          0.14678839	          0.17997073	          0.17785665	          0.15362697	          0.13398847	          0.05003738	          0.05003822	          0.05000462	          0.05000758	          0.05001114	          0.11974325	          0.08009046	          0.10402106	          0.11767422	          0.05001042	          0.05000294	          0.05000107	          0.05001141	          0.05000696	          0.05000242	          0.05000035	          0.05000093	          0.05066605	          0.05000217	          0.05000188	          0.05000272	          0.32466372	          0.12520708	          0.14635595	          0.23480211	          0.47941673	          0.36005231	          0.07374209	          0.09748975	          0.12235198	
          1.03468990	         -2.91036551	          0.08962768	          0.91047882	          1.37214061	          0.91607384	         -0.00225314	        -20.65465267	          3.13632483	         12.20217024	         29.12493599	          1.65598486	         -1.38035963	          2.51382408	        -12.90661872	         -4.38506771	          8.80663216	         -2.41402599	         -1.69678121	          5.09121031	          2.96875091	         16.00802725	         -2.63256371	         -4.05299263	         -0.81664848	         -1.58958431	          4.38714983	        -13.64993096	         17.54919498	         -1.84524215	        -13.63378314	         10.67653247	         25.75542684	         29.35179146	         86.51662706	         86.51662706	          0.38389775	          0.13346079	          0.05000316	          0.59796477	          0.39422852	          0.13346415	          0.05000227	          0.05000077	          0.05000056	          0.10065635	          0.18423042	          0.05000047	          0.05000068	          0.05000137	          0.05000497	          0.05000430	          0.63900375	          0.05000254	          0.05000143	          0.05001865	          0.05000926	          0.05000596	          0.58406127	          0.84453276	          0.05000056	          0.05000322	          0.05000107	          0.19454874	          0.06935548	          0.06935604	          0.06934758	          0.57310299	          0.59623458	          0.22113078	          0.45196199	          0.46472009	          0.43126737	          0.05000010	          0.07485103	          0.12846884	          0.05000043	          0.05599939	          0.37789568	          0.05000016	          0.05000017	          0.05000018	          0.05000574	          0.05000261	          0.05000170	          0.05001478	          0.05000708	          0.05000436	          0.29335536	          0.05000118	          0.29400106	          0.05000060	          0.05000260	          0.15273629	          0.16963136	          0.16549401	          0.14566902	          0.14066474	          0.05001215	          0.06159449	          0.05001507	          0.05000378	          0.05000332	          0.11997951	          0.07513672	          0.10436600	          0.09991433	          0.05000869	          0.05000291	          0.05000163	          0.05381016	          0.05217987	          0.05001157	          0.05000237	          0.05000477	          0.05271486	          0.05000212	          0.05000233	          0.05000291	          0.31120167	          0.11343896	          0.14943005	          0.24229251	          0.47901384	          0.36939320	          0.07262629	          0.10175034	          0.12463333	
          1.04535680	         -2.91735342	         -0.06233081	          1.24984220	          1.38735032	          0.91413800	         -0.00213677	        -21.09748253	          2.78979504	         12.41687621	         29.07301858	          1.99436116	         -1.32940650	          1.54517392	        -11.86637035	         -4.21995629	          8.89819207	         -1.56963004	         -1.83418044	          4.79158509	          2.94863135	         16.97242775	         -2.45716099	         -4.00626057	         -0.58290849	         -1.70777641	          4.43696467	        -13.76296982	         18.44227601	         -2.13721145	        -13.59287596	          9.89612747	         26.92602775	         28.18984962	         86.51662706	         86.51662706	          0.41664690	          0.11331637	          0.05731947	          0.65964187	          0.33472349	          0.11331873	          0.05000222	          0.05000074	          0.05000065	          0.08546282	          0.19467919	          0.05000063	          0.05000082	          0.05000152	          0.05000546	          0.05000412	          0.64523233	          0.05000360	          0.05000154	          0.05002090	          0.05000944	          0.05000598	          0.65493818	          0.89777655	          0.05000073	          0.05000449	          0.05888755	          0.23261177	          0.05889016	          0.05889032	          0.05888909	          0.54654641	          0.56982948	          0.25158149	          0.43245433	          0.52661069	          0.45597823	          0.05000008	          0.06355262	          0.10907696	          0.05000041	          0.05000117	          0.32085378	          0.05000021	          0.05000024	          0.05000021	          0.05000407	          0.05000315	          0.05000306	          0.05000659	          0.05000700	          0.05000617	          0.32770468	          0.07768243	          0.32545699	          0.05589608	          0.05002597	          0.12979103	          0.14403002	          0.14053256	          0.12594223	          0.14934400	          0.05000699	          0.05414360	          0.10849257	          0.05000515	          0.05000399	          0.12413437	          0.06939114	          0.10413523	          0.09149739	          0.05001301	          0.05000389	          0.05000102	          0.05000269	          0.05000252	          0.05000206	          0.06611157	          0.05000529	          0.05003547	          0.05000472	          0.05000159	          0.05000226	          0.30304641	          0.10663233	          0.15931444	          0.23770552	          0.47896530	          0.37339445	          0.07257936	          0.09972561	          0.13201958	
          1.05602371	         -2.92309404	         -0.23383698	          1.58828905	          1.40286090	          0.91233558	         -0.00201146	        -21.36399234	          2.42865468	         12.61326059	         29.03839255	          2.37338669	         -1.24452709	          0.24205929	        -11.44858033	         -4.03789552	          8.84332547	         -0.54016732	         -1.96481500	          4.43798211	          2.93456091	         18.04169284	         -2.22224610	         -3.94130104	         -0.31587537	         -1.81908987	          4.40620627	        -13.83995070	         19.13993064	         -2.45308376	        -13.52065244	          9.05166700	         28.13068488	         26.96739731	         86.51662706	         86.51662706	          0.44664279	          0.09621192	          0.05816037	          0.69079934	          0.28419873	          0.09621394	          0.05000924	          0.05000118	          0.05000067	          0.07256372	          0.18511860	          0.05000109	          0.05000075	          0.05000122	          0.05000378	          0.05000175	          0.65070068	          0.05000948	          0.05001105	          0.05001154	          0.05000454	          0.05000309	          0.68691421	          0.91591552	          0.05000086	          0.05000441	          0.05000104	          0.28701580	          0.05000193	          0.05000201	          0.05000159	          0.52631405	          0.59885082	          0.29759067	          0.41250638	          0.54271713	          0.42902922	          0.06342849	          0.05395966	          0.09261221	          0.05000030	          0.05000055	          0.27242212	          0.05000013	          0.05000013	          0.05000015	          0.05000056	          0.05000245	          0.05000086	          0.05869589	          0.05001302	          0.05000342	          0.34110166	          0.08168931	          0.33513804	          0.08168786	          0.05001127	          0.11039627	          0.13507800	          0.14845971	          0.12746054	          0.16288439	          0.05000075	          0.05766478	          0.10093558	          0.05000149	          0.05000109	          0.14399186	          0.05891858	          0.09977904	          0.09259125	          0.05175723	          0.05000648	          0.05000045	          0.05000283	          0.05000245	          0.05000204	          0.06738343	          0.05961341	          0.05000051	          0.05000293	          0.05000194	          0.05000160	          0.29529002	          0.10227049	          0.15366625	          0.24134120	          0.48943852	          0.39132312	          0.06844640	          0.09931728	          0.13158291	
          1.06669062	         -2.92734696	         -0.42525985	          1.92227488	          1.41869852	          0.91069595	         -0.00187324	        -21.47363336	          2.05145098	         12.78181131	         29.02331961	          2.78816186	         -1.12243669	         -1.34292175	        -11.71149080	         -3.91973813	          8.54996921	          0.65069230	         -2.07310088	          4.00318461	          2.89834423	         19.24613340	         -1.91370068	         -3.85614291	         -0.01806552	         -1.92402726	          4.27079482	        -13.83836512	         19.37750930	         -2.80375148	        -13.47635038	          8.44753514	         29.37131594	         25.74045255	         86.51662706	         86.51662706	          0.49996587	          0.08168921	          0.05000031	          0.68453457	          0.24130022	          0.08169097	          0.05888842	          0.05000588	          0.05000116	          0.06161071	          0.15717670	          0.05000027	          0.05000052	          0.05000091	          0.05000358	          0.05000604	          0.63892221	          0.05000141	          0.05000106	          0.05000988	          0.05000713	          0.05000505	          0.60558854	          0.92771086	          0.05000025	          0.05000150	          0.05000093	          0.24369215	          0.05000155	          0.05000150	          0.05000135	          0.48604036	          0.58281095	          0.35843860	          0.35782555	          0.46150680	          0.36427002	          0.12487838	          0.05000013	          0.07863275	          0.05000031	          0.05000239	          0.23130104	          0.05000002	          0.05000009	          0.05000011	          0.06260804	          0.05000087	          0.05888897	          0.05000039	          0.05000058	          0.05000265	          0.30598778	          0.06935902	          0.31085217	          0.06935873	          0.05000210	          0.09373442	          0.17015502	          0.15651180	          0.12516320	          0.17407617	          0.05889585	          0.05001738	          0.08570417	          0.05888970	          0.05888944	          0.14803749	          0.05002549	          0.09621252	          0.13643876	          0.05000146	          0.05000055	          0.05000008	          0.05000020	          0.05000018	          0.05000016	          0.05888901	          0.05888854	          0.05043995	          0.05578803	          0.06823836	          0.06534414	          0.27352882	          0.08683336	          0.18463730	          0.20491528	          0.49747999	          0.33225547	          0.05851669	          0.08432585	          0.11330498	
          1.07735752	         -2.92980404	         -0.62656458	          2.25258966	          1.43488693	          0.90924845	         -0.00171439	        -21.45082669	          1.66248674	         12.90091200	         29.00499476	          3.20966484	         -0.95618808	         -3.15144545	        -12.64119255	         -3.85570484	          7.85349923	          1.93724045	         -2.17747875	          3.29430903	          2.75705563	         20.61711306	         -1.56557490	         -3.74799698	          0.29385906	         -2.02352957	          4.03648713	        -13.79622108	         19.36098862	         -3.20007417	        -13.45368979	          8.05733642	         30.65218925	         24.53455267	         86.51662706	         86.51662706	          0.42455042	          0.06935863	          0.05000189	          0.58121084	          0.20487700	          0.06936015	          0.05000158	          0.05000031	          0.05000034	          0.05231097	          0.13345250	          0.05000018	          0.05000018	          0.05000030	          0.05000102	          0.05000074	          0.54247986	          0.05000104	          0.05000048	          0.05000827	          0.05000263	          0.05000121	          0.51417778	          0.81047162	          0.05000018	          0.05000156	          0.05000209	          0.32525689	          0.10610378	          0.10666288	          0.08640032	          0.42448978	          0.49483818	          0.32271964	          0.30381316	          0.39184452	          0.30928498	          0.13917550	          0.05000010	          0.06676345	          0.05000027	          0.05000011	          0.19638703	          0.05000020	          0.06332294	          0.05000248	          0.05888920	          0.05888870	          0.05000027	          0.06216778	          0.05889032	          0.05002126	          0.25980012	          0.05888960	          0.26393029	          0.05888935	          0.05001159	          0.13865998	          0.15643172	          0.13288936	          0.10627585	          0.20158461	          0.05000623	          0.08169360	          0.07276767	          0.05000104	          0.05000049	          0.21164791	          0.07138105	          0.08169079	          0.40163076	          0.13347141	          0.08168923	          0.08169295	          0.05000137	          0.05000154	          0.05000171	          0.05000004	          0.05000007	          0.05000000	          0.05000021	          0.05793906	          0.05548340	          0.31881720	          0.21174364	          0.15676739	          0.17398540	          0.54736123	          0.32831873	          0.05000011	          0.07159720	          0.09620205	
          1.08802443	         -2.93017639	         -0.83980535	          2.57716154	          1.45147252	          0.90799673	         -0.00154838	        -21.36867231	          1.25198097	         12.94011194	         28.93830024	          3.58705247	         -0.73003038	         -5.02604410	        -14.11125052	         -3.90756300	          6.99318306	          3.19069366	         -2.25430540	          2.16619152	          2.56453514	         22.22508851	         -1.15849425	         -3.61042275	          0.61801981	         -2.11261803	          3.70187801	        -13.73350162	         19.21193193	         -3.65755121	        -13.45077889	          7.84580099	         31.98084838	         23.37175954	         86.51662706	         86.51662706	          0.36046654	          0.05888926	          0.05000020	          0.49347948	          0.17395166	          0.05889057	          0.05000392	          0.05000103	          0.05000082	          0.05000031	          0.11330862	          0.06936087	          0.05888990	          0.05888963	          0.05888887	          0.05888738	          0.46059503	          0.15941579	          0.05878342	          0.05000699	          0.05000565	          0.05001411	          0.43656480	          0.74212714	          0.05000680	          0.05000460	          0.05000014	          0.27760012	          0.16589475	          0.16792409	          0.13919518	          0.36041476	          0.42014485	          0.32830470	          0.25795371	          0.33269720	          0.26259963	          0.21317620	          0.05000020	          0.06565359	          0.05000034	          0.05000005	          0.16674316	          0.05398865	          0.05888914	          0.05888905	          0.05000026	          0.05000026	          0.05006854	          0.05278389	          0.05000123	          0.05000059	          0.22058429	          0.05000049	          0.22409104	          0.05000028	          0.06936454	          0.11773040	          0.13281995	          0.11283186	          0.09023470	          0.22677739	          0.05108517	          0.06936989	          0.06178384	          0.05000184	          0.17780222	          0.22674455	          0.06936022	          0.06936114	          0.35545004	          0.11332477	          0.06935893	          0.06936182	          0.06671488	          0.06258088	          0.05889032	          0.06936041	          0.08168901	          0.07158358	          0.07250975	          0.05000010	          0.05000021	          0.34018799	          0.21588126	          0.16198546	          0.32727983	          0.58165047	          0.28148248	          0.05000005	          0.06078990	          0.08168074	
          1.09869134	         -2.92893965	         -1.05763545	          2.89422745	          1.46841833	          0.90696121	         -0.00137344	        -21.25065410	          0.82433874	         12.88858427	         28.75849721	          3.90404065	         -0.48280356	         -6.90980094	        -15.59438212	         -4.11473771	          6.02249989	          4.38193675	         -2.35980047	          0.65135302	          2.80704384	         24.00222693	         -0.64639565	         -3.44401793	          0.94262806	         -2.19438986	          3.27625773	        -13.66680008	         19.00768630	         -4.17122463	        -13.45847466	          7.77545675	         33.35074940	         22.26185210	         86.51662706	         86.51662706	          0.35321120	          0.05000029	          0.05000005	          0.47344173	          0.14769441	          0.05000144	          0.05000193	          0.05000017	          0.05000013	          0.05000092	          0.09620545	          0.05889119	          0.05000083	          0.05000071	          0.05000124	          0.05000067	          0.47145963	          0.13535304	          0.05000033	          0.05000120	          0.05000067	          0.05000055	          0.37066712	          0.70286301	          0.05000006	          0.05000038	          0.05000013	          0.26286784	          0.14085434	          0.14257736	          0.11818503	          0.30601152	          0.35672609	          0.30937068	          0.21901657	          0.28247788	          0.22296125	          0.37552470	          0.11731632	          0.05574360	          0.44481052	          0.24407053	          0.14157392	          0.09287428	          0.05000006	          0.05000017	          0.31695280	          0.25580280	          0.18359373	          0.25451388	          0.15775571	          0.09342802	          0.18728794	          0.12225887	          0.19026538	          0.08918007	          0.05889475	          0.09995982	          0.11277275	          0.09580190	          0.07664950	          0.26709117	          0.05000086	          0.05890181	          0.19397397	          0.23407072	          0.25910747	          0.28958215	          0.05889076	          0.05889151	          0.30179644	          0.09621917	          0.05889294	          0.05889193	          0.05664455	          0.05313456	          0.05000108	          0.05889072	          0.06935837	          0.06077831	          0.06156508	          0.07716330	          0.05888711	          0.42821388	          0.18329503	          0.19218718	          0.27787824	          0.69342803	          0.58009094	          0.06914301	          0.08536392	          0.06935135	
          1.10935824	         -2.92600136	         -1.26633720	          3.18787200	          1.48547983	          0.90620102	         -0.00114770	        -21.00728763	          0.41652686	         12.76733320	         28.56210444	          4.20696094	         -0.29096440	         -8.95742597	        -17.02112384	         -4.42847645	          4.88925487	          5.52867911	         -2.48096218	         -1.12395539	          3.20513401	         25.70559885	         -0.17637177	         -3.26990922	          1.25067196	         -2.26639317	          2.80313080	        -13.60697885	         18.79564429	         -4.68652631	        -13.46433409	          7.83838176	         34.72502076	         21.18106675	         86.51662706	         86.51662706	          0.29989538	          0.05000019	          0.05000009	          0.40197760	          0.12540057	          0.05000035	          0.05677294	          0.05000127	          0.05000112	          0.05000047	          0.08168376	          0.05000238	          0.42981959	          0.05000182	          0.05000792	          0.13343862	          0.40029578	          0.11492263	          0.05000092	          0.05000266	          0.05000205	          0.05000284	          0.31471634	          0.59676877	          0.05000017	          0.05000092	          0.05000018	          0.22318896	          0.11959323	          0.12105613	          0.10034574	          0.25982024	          0.30287981	          0.28370859	          0.18595685	          0.23983895	          0.18930612	          0.54413841	          0.10883261	          0.05000011	          0.67554162	          0.33477611	          0.12020388	          0.12045959	          0.05000006	          0.05000007	          0.38362715	          0.32824584	          0.23692049	          0.21609736	          0.13394520	          0.07932826	          0.15901755	          0.10380467	          0.16154557	          0.07571873	          0.05000505	          0.08487158	          0.10674356	          0.24150591	          0.27069833	          0.29165085	          0.05000170	          0.05001370	          0.16469499	          0.31182947	          0.31791517	          0.33266824	          0.05000152	          0.05000218	          0.25624188	          0.08169560	          0.05000423	          0.05000250	          0.18568289	          0.17989069	          0.16656635	          0.05000142	          0.05888903	          0.05160406	          0.06531222	          0.06551634	          0.05000091	          0.52389227	          0.24018032	          0.18891419	          0.40374644	          0.71884460	          0.67605801	          0.09287147	          0.07247857	          0.05888306	
          1.12002515	         -2.92075156	         -1.46748291	          3.45924939	          1.50246292	          0.90570570	         -0.00088647	        -20.52848688	          0.05848228	         12.61486691	         28.33986686	          4.52262747	         -0.12008341	        -11.36589988	        -18.39783212	         -4.85600483	          3.83853089	          6.69524534	         -2.63519962	         -2.88517937	          3.42111695	         27.00988938	          0.10795284	         -3.10108287	          1.54505011	         -2.33158242	          2.32186987	        -13.55557786	         18.61247191	         -5.17386408	        -13.46989945	          8.01756794	         36.07280026	         20.13483100	         86.51662706	         86.51662706	          0.25462738	          0.05000019	          0.05000008	          0.34130072	          0.10647194	          0.05000042	          0.06023345	          0.06527599	          0.06935024	          0.05000051	          0.06935410	          0.05000076	          0.66677904	          0.41023587	          0.15386999	          0.11331196	          0.45986392	          0.09757629	          0.05000117	          0.05000226	          0.05000167	          0.05000337	          0.26721112	          0.55511544	          0.05000016	          0.05000086	          0.05000029	          0.18949946	          0.10154124	          0.10278330	          0.08519906	          0.22060136	          0.25716153	          0.24473958	          0.15788739	          0.20363618	          0.16073113	          0.56284554	          0.11746995	          0.05000008	          0.81038321	          0.41700495	          0.10205965	          0.15229224	          0.05000005	          0.05000009	          0.48679034	          0.39588539	          0.31171317	          0.18347868	          0.11372719	          0.06735510	          0.13501448	          0.10608356	          0.13716094	          0.06428937	          0.05000078	          0.07206143	          0.29061362	          0.39246183	          0.37137748	          0.32585915	          0.05000056	          0.05002314	          0.14928358	          0.38945161	          0.37532608	          0.38611121	          0.05000020	          0.05000020	          0.32186735	          0.06936459	          0.05000577	          0.05000012	          0.24711734	          0.29936710	          0.23995300	          0.05000006	          0.05000018	          0.05000001	          0.08166678	          0.05574356	          0.05000150	          0.62160419	          0.22415983	          0.16291569	          0.37674916	          0.78189673	          0.57401197	          0.10011455	          0.06153822	          0.05000010	
          1.13069205	         -2.91272083	         -1.66714852	          3.70551267	          1.51923345	          0.90541337	         -0.00060431	        -19.74875886	         -0.22254422	         12.47648169	         28.04430947	          4.85943132	          0.05560246	        -14.26251153	        -19.67320054	         -5.40864971	          3.06786148	          7.91882008	         -2.82435872	         -4.18370432	          3.54092046	         27.31786324	          0.16583800	         -2.94474327	          1.83103496	         -2.38640482	          1.85776072	        -13.51320961	         18.47442940	         -5.61818083	        -13.48161033	          8.29867309	         37.38253129	         19.13900692	         86.51662706	         86.51662706	          0.21619242	          0.05000111	          0.05000095	          0.28978284	          0.09040061	          0.05000182	          0.05115107	          0.05542592	          0.05888921	          0.05000031	          0.05888572	          0.12713753	          0.63687909	          0.42279131	          0.13064829	          0.09620849	          0.47725911	          0.08284847	          0.05000496	          0.05004068	          0.05890791	          0.06936245	          0.22687664	          0.47238390	          0.05000597	          0.05002363	          0.05000281	          0.16089556	          0.08621418	          0.08726872	          0.07233877	          0.18730243	          0.21834457	          0.22678418	          0.13405586	          0.17289809	          0.13646949	          0.47788612	          0.09973836	          0.05000008	          0.68805899	          0.44626952	          0.47523454	          0.16741945	          0.05000017	          0.05000007	          0.56804589	          0.46064519	          0.34748614	          0.17776847	          0.09656639	          0.05888972	          0.11463459	          0.09969898	          0.11645712	          0.05458528	          0.05000073	          0.06118549	          0.25975247	          0.36636435	          0.38441243	          0.33129024	          0.05000071	          0.05001122	          0.12675260	          0.42063036	          0.39423742	          0.38788595	          0.05000023	          0.05000025	          0.27328323	          0.05889489	          0.05000199	          0.05000018	          0.32104444	          0.35260184	          0.29280609	          0.05000010	          0.05000023	          0.05000003	          0.13789691	          0.05889027	          0.05001380	          0.69013331	          0.23661523	          0.16306536	          0.38957366	          0.81292982	          0.55460747	          0.10015029	          0.05224929	          0.05000016	
          1.14135896	         -2.90236132	         -1.86925420	          3.93040007	          1.53569854	          0.90530309	         -0.00030598	        -18.68737806	         -0.43050381	         12.35300797	         27.67751014	          5.22004289	          0.25395226	        -17.57082763	        -20.83791173	         -6.12175307	          2.55201881	          9.12111565	         -3.05280575	         -4.90544792	          3.62276032	         26.45825082	         -0.02283394	         -2.80630569	          2.11033244	         -2.43315374	          1.43205970	        -13.48171864	         18.39621453	         -6.01015245	        -13.49847284	          8.65021249	         38.63651704	         18.20639873	         86.51662706	         86.51662706	          0.18355913	          0.05000138	          0.05000135	          0.24604172	          0.07675543	          0.05000271	          0.05204748	          0.05000026	          0.05000063	          0.05000012	          0.05000177	          0.16308368	          0.54074991	          0.39893218	          0.11092890	          0.08168643	          0.50345709	          0.20273339	          0.05000091	          0.05001306	          0.05002100	          0.05889341	          0.19263053	          0.40107936	          0.06936591	          0.05004178	          0.05000169	          0.18589084	          0.07320064	          0.07409599	          0.06141970	          0.15902985	          0.18538653	          0.19255197	          0.25486559	          0.14679979	          0.11587013	          0.40575100	          0.08468325	          0.05655386	          0.58419906	          0.47365149	          0.69332173	          0.17784847	          0.05123552	          0.05000008	          0.64452824	          0.51771065	          0.40666991	          0.15093703	          0.08199197	          0.05000288	          0.09733100	          0.09377271	          0.09887854	          0.05000065	          0.05000092	          0.05889425	          0.24144213	          0.32657015	          0.36792555	          0.33172811	          0.05000064	          0.05003496	          0.10762267	          0.44316943	          0.40293425	          0.37957381	          0.05000026	          0.05000025	          0.23203305	          0.05000709	          0.05000766	          0.05000018	          0.37010368	          0.38845811	          0.34071064	          0.05000010	          0.05000018	          0.05000002	          0.15629010	          0.05000263	          0.05000119	          0.73142318	          0.20090000	          0.13845138	          0.40670293	          0.84133194	          0.47787735	          0.09848259	          0.05000005	          0.05000016	
          1.15202587	         -2.89019872	         -2.07280469	          4.13795655	          1.55184351	          0.90538659	          0.00001303	        -17.42277994	         -0.58644327	         12.20980568	         27.24905179	          5.60202339	          0.47500598	        -21.10358628	        -21.90887656	         -6.93565192	          2.31899159	         10.17630355	         -3.32587485	         -5.22053951	          3.63049041	         24.59544212	         -0.44358040	         -2.68464512	          2.37868148	         -2.47405548	          1.05425886	        -13.46297175	         18.38583584	         -6.35105715	        -13.51482024	          9.03402835	         39.81505869	         17.34619049	         86.51662706	         86.51662706	          0.15585179	          0.05000099	          0.05000069	          0.20892539	          0.06517046	          0.05000373	          0.06985983	          0.05000193	          0.05000279	          0.05000160	          0.12272927	          0.19483202	          0.45912716	          0.34089890	          0.09418571	          0.06935637	          0.52548668	          0.33898221	          0.09221182	          0.05000486	          0.05000226	          0.05000451	          0.16355391	          0.34053796	          0.05889596	          0.05001174	          0.05000132	          0.18002802	          0.06215132	          0.06291151	          0.05214866	          0.13502492	          0.15740327	          0.16348698	          0.21639469	          0.12464096	          0.09838013	          0.34450441	          0.07190065	          0.06586438	          0.49601641	          0.49900789	          0.82077402	          0.17615246	          0.07306784	          0.05000008	          0.71756976	          0.56894744	          0.44624017	          0.12815992	          0.08806284	          0.09131949	          0.08263935	          0.07962274	          0.08395348	          0.05000063	          0.05000104	          0.05000750	          0.20499838	          0.27728227	          0.32921576	          0.32336379	          0.05000074	          0.05001235	          0.09137864	          0.45031161	          0.39363417	          0.35311696	          0.05000030	          0.05000029	          0.19700940	          0.05000463	          0.05000423	          0.05000025	          0.43674726	          0.52874791	          0.39057788	          0.05000030	          0.05000116	          0.05000034	          0.22373743	          0.05000287	          0.05000380	          0.79306496	          0.17057500	          0.11755270	          0.48418379	          0.76199758	          0.45785192	          0.10401423	          0.05000008	          0.05000017	
          1.16269277	         -2.87771178	         -2.27321198	          4.33422009	          1.56764341	          0.90570657	          0.00034498	        -16.01271096	         -0.70393915	         12.03106729	         26.75758857	          5.99731670	          0.71974480	        -24.70831575	        -22.87492832	         -7.71059178	          2.35629857	         11.03092077	         -3.65108458	         -5.08750579	          3.63659800	         22.47237024	         -0.99198297	         -2.58168563	          2.62937062	         -2.50752924	          0.73836212	        -13.45377992	         18.44517338	         -6.64081403	        -13.52538442	          9.41951926	         40.89441524	         16.56114832	         86.51662706	         86.51662706	          0.13232698	          0.05000041	          0.05000022	          0.17784011	          0.05533416	          0.05000103	          0.07425512	          0.05000041	          0.05000065	          0.05000022	          0.10420589	          0.21610655	          0.46526629	          0.30244378	          0.07997042	          0.05888761	          0.54922730	          0.40975568	          0.07829353	          0.05000348	          0.05000190	          0.05000120	          0.14749750	          0.28913507	          0.05000628	          0.05000326	          0.05000039	          0.17225109	          0.05277009	          0.05341550	          0.05000055	          0.11464344	          0.13364397	          0.13880924	          0.18373078	          0.37793364	          0.25682533	          0.36914225	          0.06104757	          0.05592243	          0.42114462	          0.42368453	          0.69688126	          0.16713929	          0.07335469	          0.05000008	          0.78065139	          0.60997123	          0.47802687	          0.12077112	          0.08120169	          0.07761134	          0.07016540	          0.07281842	          0.07128144	          0.05000045	          0.05000063	          0.05000182	          0.17405712	          0.24853376	          0.30811764	          0.30478039	          0.05000085	          0.05000792	          0.07758740	          0.44864494	          0.37641716	          0.32056611	          0.05000020	          0.05000021	          0.16727274	          0.05000342	          0.05000549	          0.05000026	          0.49155653	          0.55239576	          0.42968083	          0.05000028	          0.05000122	          0.06030825	          0.23381290	          0.05000203	          0.05000282	          0.78950380	          0.14482751	          0.09980863	          0.49219590	          0.77931156	          0.40486943	          0.10217284	          0.05000007	          0.05000017	
          1.17335968	         -2.86615892	         -2.45797308	          4.52159577	          1.58308361	          0.90630822	          0.00068009	        -14.49720398	         -0.79323856	         11.79419530	         26.19492444	          6.39050103	          0.99805574	        -28.24312646	        -23.70639355	         -7.85029402	          2.58049235	         11.67027483	         -3.97580517	         -4.64528804	          3.70972701	         20.87857631	         -1.54701912	         -2.50036584	          2.84985738	         -2.53299969	          0.49005919	        -13.45070370	         18.56238585	         -6.87554975	        -13.52577362	          9.79096541	         41.86034618	         15.84803624	         86.51662706	         86.51662706	          0.11235319	          0.05000031	          0.05000017	          0.42891822	          0.05000251	          0.05000091	          0.07456410	          0.05000050	          0.05000097	          0.05000037	          0.13723983	          0.22442835	          0.48429968	          0.25681304	          0.06790104	          0.05000102	          0.55553748	          0.45975628	          0.08010517	          0.05000226	          0.05000114	          0.05000075	          0.14344861	          0.24549126	          0.05000065	          0.05000253	          0.05000048	          0.14625052	          0.05000020	          0.05000018	          0.05000014	          0.09733856	          0.11434718	          0.11785652	          0.15599737	          0.32088611	          0.21805865	          0.36986882	          0.06107123	          0.05000055	          0.35757478	          0.54484731	          0.60573284	          0.15633775	          0.07899643	          0.05000009	          0.82809604	          0.61873185	          0.46833881	          0.10254230	          0.06894621	          0.06589821	          0.05957478	          0.07393008	          0.06439818	          0.05000053	          0.05000080	          0.05000412	          0.18061926	          0.26168345	          0.30620786	          0.28852937	          0.05000071	          0.05001201	          0.06588409	          0.43360933	          0.35011570	          0.29389288	          0.05000023	          0.05000023	          0.15009609	          0.05000462	          0.05000575	          0.05000027	          0.48924258	          0.54868680	          0.43227760	          0.05000064	          0.05000296	          0.07634896	          0.25364547	          0.05000091	          0.05000121	          0.74908738	          0.12404169	          0.09070105	          0.47915147	          0.75670458	          0.38956034	          0.10772706	          0.05000008	          0.05000021	
          1.18402658	         -2.85605142	         -2.62273471	          4.70137084	          1.59820405	          0.90721026	          0.00101225	        -12.89690616	         -0.87262848	         11.49891394	         25.54280479	          6.77367313	          1.31804252	        -31.59052413	        -24.36322525	         -7.57630600	          2.90873049	         12.10353078	         -4.25080114	         -4.36093445	          3.85049196	         19.44394108	         -2.02412311	         -2.43699467	          3.03770107	         -2.54968852	          0.30129997	        -13.45016899	         18.71872559	         -7.06126125	        -13.51521361	         10.13880144	         42.71218496	         15.20906545	         86.51662706	         86.51662706	          0.09539469	          0.05000040	          0.05000023	          0.43207931	          0.05000970	          0.05000131	          0.06553257	          0.05041094	          0.05000658	          0.05794207	          0.18244934	          0.21909173	          0.44416288	          0.21804967	          0.05765412	          0.05000078	          0.56085871	          0.45461789	          0.15158641	          0.05000245	          0.05000112	          0.05000059	          0.13862449	          0.20843535	          0.05000142	          0.05000377	          0.05000059	          0.12417462	          0.05000010	          0.05000009	          0.05000006	          0.08264574	          0.09708721	          0.10006652	          0.13245026	          0.27244982	          0.18514370	          0.36461924	          0.05185483	          0.06552189	          0.31542053	          0.53046887	          0.58047881	          0.14908775	          0.06887384	          0.05000011	          0.86898136	          0.61842192	          0.45775341	          0.08706473	          0.05854035	          0.05595335	          0.05756816	          0.07917622	          0.06673946	          0.05000051	          0.05000081	          0.05000481	          0.22773101	          0.27287957	          0.30282331	          0.26983370	          0.05000068	          0.05001296	          0.05741876	          0.40715865	          0.31587390	          0.26458669	          0.05000022	          0.05000023	          0.15054988	          0.05000819	          0.05000420	          0.05000027	          0.48206480	          0.50692740	          0.42491941	          0.05000083	          0.05000209	          0.09124605	          0.27950916	          0.05000110	          0.05000138	          0.69712508	          0.11295842	          0.09936100	          0.41029600	          0.65215855	          0.39982052	          0.10379218	          0.05000009	          0.05000021	
          1.19469349	         -2.84729796	         -2.76705696	          4.86948697	          1.61304811	          0.90837130	          0.00133055	        -11.22125544	         -0.94126527	         11.15595346	         24.79016379	          7.14083525	          1.67757385	        -34.73784424	        -24.82189180	         -7.08561538	          3.27886918	         12.35386210	         -4.45973418	         -4.14718574	          4.05293820	         18.12861839	         -2.37257648	         -2.38791768	          3.19652037	         -2.55633573	          0.15487611	        -13.44976025	         18.88766735	         -7.20437680	        -13.49981711	         10.46374161	         43.47039009	         14.65241715	         86.51662706	         86.51662706	          0.08099899	          0.05000040	          0.05000022	          0.55470856	          0.05001655	          0.05000140	          0.05701808	          0.05409929	          0.05000346	          0.05741284	          0.18511345	          0.21230702	          0.41145194	          0.18513683	          0.05000589	          0.05000065	          0.56152424	          0.44677115	          0.15248097	          0.05000228	          0.05000097	          0.05000046	          0.13770300	          0.17697298	          0.05000113	          0.05000353	          0.05000056	          0.10543118	          0.05000012	          0.05000011	          0.05000007	          0.07017090	          0.08243325	          0.08496187	          0.11245774	          0.23132493	          0.15719720	          0.33070903	          0.05000198	          0.05563179	          0.26780959	          0.52017067	          0.51531794	          0.14201359	          0.06527499	          0.05000012	          0.89408465	          0.60880629	          0.44035849	          0.07392493	          0.05000668	          0.05000759	          0.06433052	          0.08884386	          0.07131301	          0.05000047	          0.05000072	          0.05000505	          0.22642430	          0.25940818	          0.29252700	          0.24634844	          0.05000069	          0.05001271	          0.06810828	          0.36884648	          0.27315336	          0.22792041	          0.05000020	          0.05000021	          0.12782574	          0.05000563	          0.05000309	          0.05000029	          0.43824085	          0.54874370	          0.40720738	          0.05000145	          0.05000118	          0.10620836	          0.30334213	          0.05000162	          0.05000200	          0.63342116	          0.09590898	          0.10049201	          0.34836491	          0.56509127	          0.38458253	          0.09851363	          0.05000010	          0.05000021	
          1.20536040	         -2.83984737	         -2.89004592	          5.02230460	          1.62765372	          0.90973608	          0.00163040	         -9.48524831	         -0.99947349	         10.77114898	         23.93036959	          7.48341555	          2.06651430	        -37.67797931	        -25.06762762	         -6.38903102	          3.64679046	         12.43734387	         -4.59828310	         -3.92464141	          4.30367863	         16.93725366	         -2.57857355	         -2.35080811	          3.32783667	         -2.55264573	          0.03454656	        -13.44984043	         19.04708284	         -7.30987709	        -13.48416961	         10.76501379	         44.15779987	         14.18418057	         86.51662706	         86.51662706	          0.08816117	          0.05000038	          0.05000020	          0.62515592	          0.05119131	          0.05000124	          0.05003064	          0.08755888	          0.05000498	          0.07479407	          0.19455316	          0.20800909	          0.40766683	          0.15719193	          0.05000533	          0.05000056	          0.54902699	          0.44710130	          0.17569528	          0.05000192	          0.05000076	          0.05000034	          0.13003975	          0.15025999	          0.05000083	          0.05000303	          0.05000052	          0.14691618	          0.05000010	          0.05000009	          0.05000006	          0.06491768	          0.08138285	          0.07213720	          0.09548279	          0.19640792	          0.13346910	          0.31562007	          0.05000268	          0.05000064	          0.23975683	          0.49996524	          0.49608559	          0.13147647	          0.06188860	          0.05000016	          0.91160592	          0.59135920	          0.42598894	          0.07728353	          0.05001197	          0.05000651	          0.08539247	          0.11262366	          0.08528776	          0.05000088	          0.05000085	          0.05001987	          0.19224896	          0.22026882	          0.26377950	          0.22318538	          0.05000072	          0.05001754	          0.11542691	          0.32276979	          0.23192359	          0.19351856	          0.05000024	          0.05000024	          0.10853136	          0.05000327	          0.05000264	          0.05000019	          0.45089436	          0.55694408	          0.42475036	          0.05915027	          0.05000076	          0.12009443	          0.32597428	          0.05000735	          0.05000469	          0.58346171	          0.08143243	          0.10055857	          0.29578288	          0.50149679	          0.36819143	          0.09097362	          0.05000012	          0.05000022	
          1.21602730	         -2.83408367	         -2.99127438	          5.15676525	          1.64204624	          0.91126718	          0.00190996	         -7.70228999	         -1.04988107	         10.35050457	         22.95759601	          7.79297419	          2.47306575	        -40.38570911	        -25.08784380	         -5.55333690	          3.98912671	         12.36750673	         -4.66690105	         -3.70482511	          4.57052474	         15.85038727	         -2.65808023	         -2.32530480	          3.43311577	         -2.53801298	         -0.06974250	        -13.45008662	         19.18248055	         -7.37913078	        -13.47062805	         11.03992541	         44.78663823	         13.80410853	         86.51662706	         86.51662706	          0.13313549	          0.05000038	          0.05000021	          0.63017046	          0.05003485	          0.05000134	          0.05608016	          0.11559705	          0.05116487	          0.09571754	          0.19974264	          0.20074291	          0.40925174	          0.13346505	          0.05000513	          0.05000051	          0.53792253	          0.43379682	          0.20538952	          0.05000182	          0.05000068	          0.05000029	          0.12244757	          0.12794313	          0.05000091	          0.05000332	          0.05000057	          0.17363595	          0.05000009	          0.05000009	          0.05000006	          0.06178595	          0.07961138	          0.06124838	          0.08107024	          0.16676172	          0.11332268	          0.30339631	          0.05000129	          0.05000047	          0.20736860	          0.47089473	          0.46761209	          0.12094312	          0.05730319	          0.05000018	          0.91314214	          0.56149301	          0.41060025	          0.12465363	          0.06722376	          0.10326186	          0.09865260	          0.12951935	          0.09448129	          0.05000217	          0.05000091	          0.05000327	          0.16323027	          0.18702742	          0.22795316	          0.20165175	          0.05000073	          0.05001095	          0.11176956	          0.28495901	          0.19691827	          0.16431089	          0.05000022	          0.05000023	          0.09214946	          0.05000409	          0.05000356	          0.05000017	          0.44141787	          0.54679766	          0.41641172	          0.07762279	          0.05000074	          0.13691789	          0.34676098	          0.05002568	          0.05000998	          0.53317117	          0.06914110	          0.10522549	          0.25113863	          0.46958627	          0.35483478	          0.08228790	          0.05000013	          0.05000024	
          1.22669421	         -2.83040231	         -3.07060842	          5.27039593	          1.65623305	          0.91293353	          0.00216919	         -5.88079937	         -1.09392395	          9.90225904	         21.88272577	          8.06418421	          2.89158413	        -42.84690367	        -24.89896771	         -4.61457000	          4.28826936	         12.16151130	         -4.66758872	         -3.49031304	          4.82786830	         14.85810509	         -2.64130622	         -2.31327553	          3.51402851	         -2.51239691	         -0.16221034	        -13.45011950	         19.28572023	         -7.40913968	        -13.46022387	         11.28537064	         45.36136118	         13.50685169	         86.51662706	         86.51662706	          0.16029573	          0.05000039	          0.05000021	          0.64801045	          0.06416397	          0.05000138	          0.05007161	          0.12728620	          0.05001676	          0.10173964	          0.19383316	          0.19291780	          0.40055050	          0.11331955	          0.05000459	          0.05000047	          0.52100596	          0.41596609	          0.21481902	          0.05000168	          0.05000058	          0.05000025	          0.11428049	          0.11509993	          0.05000085	          0.05000329	          0.05000060	          0.18816512	          0.05000010	          0.05000010	          0.05000007	          0.06206454	          0.07195241	          0.05241628	          0.06883348	          0.14159069	          0.09621733	          0.29448885	          0.05000097	          0.05000031	          0.19156513	          0.43917952	          0.45348780	          0.11322265	          0.05340951	          0.05000022	          0.90292489	          0.52405446	          0.39195908	          0.16619837	          0.14386749	          0.19083873	          0.10742783	          0.13963742	          0.10108684	          0.05000208	          0.05000088	          0.05000231	          0.13859164	          0.15880401	          0.21053185	          0.18795724	          0.05000072	          0.05000900	          0.09490090	          0.26441691	          0.17117818	          0.14724027	          0.05000020	          0.05000021	          0.07824042	          0.05000431	          0.05000622	          0.05000017	          0.41299195	          0.51535809	          0.39186166	          0.10093381	          0.05000083	          0.15289427	          0.36541324	          0.05000289	          0.05000393	          0.47555862	          0.05870595	          0.11577164	          0.21323234	          0.41829398	          0.35899347	          0.07768230	          0.05000015	          0.05000025	
          1.23736112	         -2.82883282	         -3.12797608	          5.36151004	          1.67021901	          0.91469789	          0.00240839	         -4.02899093	         -1.13302173	          9.43401526	         20.72812722	          8.29337153	          3.31576039	        -45.05186157	        -24.53704862	         -3.61496788	          4.52365925	         11.83572931	         -4.60490114	         -3.25584705	          5.06674385	         13.95230014	         -2.55397867	         -2.31622295	          3.57219604	         -2.47578334	         -0.24432423	        -13.44990918	         19.35358172	         -7.39667879	        -13.45336460	         11.49783423	         45.88228952	         13.28466087	         86.51662706	         86.51662706	          0.16937723	          0.05000042	          0.05000022	          0.65534808	          0.10080635	          0.05000151	          0.05203527	          0.12919271	          0.05003115	          0.12045266	          0.19424888	          0.18556561	          0.38074750	          0.09621484	          0.05000382	          0.05000043	          0.50224848	          0.39666347	          0.23403979	          0.05000156	          0.05000051	          0.05000022	          0.10734700	          0.10686747	          0.05000086	          0.05000348	          0.05000064	          0.19035909	          0.05000011	          0.05000010	          0.05000007	          0.05432852	          0.06109249	          0.05000008	          0.05844387	          0.12021851	          0.08169394	          0.29052549	          0.05000064	          0.05000031	          0.18516111	          0.41568617	          0.44764827	          0.10781777	          0.05079404	          0.05000024	          0.88347580	          0.48688640	          0.37311422	          0.22877196	          0.22014755	          0.26902106	          0.11060859	          0.14270949	          0.10333839	          0.05000150	          0.05000086	          0.05000155	          0.11767204	          0.13484091	          0.19577797	          0.18070678	          0.05000076	          0.05000700	          0.08057704	          0.25514059	          0.15988454	          0.14160840	          0.05000019	          0.05000019	          0.06643105	          0.05000455	          0.05001391	          0.05000017	          0.37206054	          0.46941128	          0.35544468	          0.12299181	          0.05000066	          0.16606781	          0.38225805	          0.05000338	          0.05002630	          0.40377551	          0.05000136	          0.12309907	          0.18104866	          0.35515524	          0.35468960	          0.07683231	          0.05000016	          0.05000026	
          1.24802802	         -2.82908539	         -3.16316201	          5.42942198	          1.68400995	          0.91651602	          0.00262719	         -2.15128392	         -1.16797637	          8.95145165	         19.51596619	          8.47858969	          3.74075742	        -47.00483255	        -24.04022440	         -2.58662224	          4.68750979	         11.40577384	         -4.48807161	         -2.99974479	          5.29125330	         13.10581249	         -2.39926827	         -2.33468329	          3.60889548	         -2.42807462	         -0.31606600	        -13.44972927	         19.38588896	         -7.33962249	        -13.45009384	         11.67377733	         46.34787126	         13.12906781	         86.51662706	         86.51662706	          0.15756044	          0.05000045	          0.05000024	          0.65896417	          0.14228181	          0.05000174	          0.05005557	          0.11838721	          0.05000671	          0.13431898	          0.19520050	          0.17824732	          0.35344161	          0.08169200	          0.05000315	          0.05000039	          0.48123797	          0.37953568	          0.24608925	          0.05000144	          0.05000045	          0.05000020	          0.10305289	          0.10217046	          0.05000089	          0.05000377	          0.05000072	          0.18123856	          0.05000012	          0.05000012	          0.05000008	          0.05000041	          0.05187117	          0.05000009	          0.05000163	          0.10207233	          0.06936285	          0.28981995	          0.05000079	          0.05000034	          0.20101134	          0.39375766	          0.45232081	          0.10610828	          0.05000160	          0.05000025	          0.85518924	          0.45620228	          0.35694789	          0.28647393	          0.28955701	          0.32916852	          0.10771707	          0.13796771	          0.10177140	          0.05000070	          0.05000076	          0.05000112	          0.09991014	          0.11449572	          0.19006928	          0.18277589	          0.05000077	          0.05000549	          0.06841501	          0.25518329	          0.15956766	          0.14832111	          0.05000016	          0.05000016	          0.05640466	          0.05000414	          0.05001800	          0.05000020	          0.32810418	          0.41778340	          0.31452167	          0.14729996	          0.05000059	          0.17694157	          0.39531946	          0.05000394	          0.07233775	          0.34282727	          0.05000164	          0.14131917	          0.15372643	          0.30154623	          0.34149100	          0.07902110	          0.05000018	          0.05000025	
          1.25869493	         -2.83062077	         -3.17576259	          5.47406089	          1.69761884	          0.91834359	          0.00282508	         -0.25271900	         -1.19842756	          8.45951261	         18.26173960	          8.61930887	          4.16389753	        -48.71333906	        -23.44014150	         -1.55926180	          4.79627815	         10.89067141	         -4.32332837	         -2.71363930	          5.51038694	         12.29965901	         -2.17122559	         -2.36754718	          3.62467597	         -2.36915309	         -0.37810761	        -13.44971856	         19.38206147	         -7.23769670	        -13.45002126	         11.81107817	         46.75627296	         13.03163967	         86.51662706	         86.51662706	          0.13379088	          0.05000048	          0.05000026	          0.65355917	          0.17382330	          0.05000201	          0.05004237	          0.10051819	          0.05000384	          0.15276982	          0.19647153	          0.17131040	          0.31949083	          0.06936135	          0.05000255	          0.05000035	          0.45740950	          0.36149588	          0.25917721	          0.05000131	          0.05000039	          0.05000018	          0.09895822	          0.09867887	          0.05000094	          0.05000419	          0.05000082	          0.16303722	          0.05000013	          0.05000013	          0.05000009	          0.05000020	          0.05000037	          0.05000004	          0.05000052	          0.08666513	          0.05889313	          0.29086524	          0.05000084	          0.05000048	          0.26523581	          0.37902765	          0.46114770	          0.10645700	          0.05000179	          0.05000025	          0.82022004	          0.43407762	          0.34246159	          0.34842775	          0.34391981	          0.37900228	          0.09996080	          0.12661748	          0.09738912	          0.05000044	          0.05000070	          0.05000093	          0.08482933	          0.09722326	          0.19254924	          0.18931426	          0.05000079	          0.05000465	          0.05808897	          0.25857947	          0.16370261	          0.15835218	          0.05000015	          0.05000015	          0.05000276	          0.05000383	          0.05149160	          0.05000028	          0.29426907	          0.36803349	          0.27624677	          0.17243970	          0.05000056	          0.18549807	          0.40704637	          0.05001139	          0.10359208	          0.29107886	          0.05000299	          0.16086368	          0.13052804	          0.25602914	          0.32186699	          0.08192487	          0.05000017	          0.05000025	
          1.26936183	         -2.83284020	         -3.16574965	          5.49557710	          1.71106231	          0.92014326	          0.00300120	          1.66223193	         -1.22325027	          7.96157801	         16.97331678	          8.71572189	          4.58261488	        -50.18990727	        -22.75514196	         -0.55125981	          4.86594812	         10.30563477	         -4.11684943	         -2.41236120	          5.72602740	         11.50607875	         -1.87338416	         -2.41278883	          3.62009680	         -2.29911894	         -0.43239545	        -13.44974346	         19.33990429	         -7.09160655	        -13.45266428	         11.91021550	         47.10711054	         12.98482099	         86.51662706	         86.51662706	          0.11360347	          0.05000052	          0.05000029	          0.58760616	          0.19513049	          0.05000234	          0.05003075	          0.08534565	          0.05000232	          0.17525664	          0.19966564	          0.16577789	          0.28078253	          0.05889209	          0.05000209	          0.05000031	          0.43319599	          0.34764573	          0.27077862	          0.05000120	          0.05000035	          0.05000017	          0.09758257	          0.09764340	          0.05000097	          0.05000460	          0.05000086	          0.13842828	          0.05000015	          0.05000014	          0.05000010	          0.05000020	          0.05000043	          0.05000004	          0.05000031	          0.07358355	          0.05000398	          0.29077901	          0.05000173	          0.05000096	          0.33317397	          0.36721021	          0.46232346	          0.10774005	          0.05000090	          0.05000025	          0.78086492	          0.41666330	          0.32575004	          0.40830334	          0.40089740	          0.42042927	          0.08777749	          0.10982299	          0.09035671	          0.05000030	          0.05000062	          0.05000075	          0.07202491	          0.08255743	          0.18847643	          0.19516646	          0.05000086	          0.05000382	          0.05000172	          0.26047037	          0.16679955	          0.16521443	          0.05000013	          0.05000013	          0.05000254	          0.05000339	          0.06896459	          0.05000032	          0.27758124	          0.33021843	          0.24960014	          0.19907785	          0.05000086	          0.19269791	          0.41834113	          0.05717543	          0.13129849	          0.24714165	          0.05000456	          0.17915952	          0.11082767	          0.21738264	          0.30962087	          0.08340537	          0.05000018	          0.05000023	
          1.28002874	         -2.83528777	         -3.13264215	          5.49366907	          1.72435742	          0.92189141	          0.00315408	          3.58960126	         -1.23910977	          7.45853236	         15.65073424	          8.76717477	          4.99206081	        -51.45217932	        -21.98651638	          0.43362442	          4.89666594	          9.66659821	         -3.87889057	         -2.10863846	          5.94162112	         10.70321092	         -1.52478547	         -2.46831989	          3.59496332	         -2.21814617	         -0.48150192	        -13.44997489	         19.25821763	         -6.90193394	        -13.45738359	         11.97474042	         47.40112919	         12.98167430	         86.51662706	         86.51662706	          0.09645827	          0.05000054	          0.05000028	          0.49891263	          0.16568907	          0.05000256	          0.05002118	          0.07246327	          0.05000152	          0.19984825	          0.20281483	          0.16050318	          0.23958173	          0.05000400	          0.05000173	          0.05000028	          0.40671918	          0.33504378	          0.27651657	          0.05000103	          0.05000030	          0.05000015	          0.09664997	          0.09644537	          0.05000080	          0.05000411	          0.05000088	          0.11753319	          0.05000016	          0.05000016	          0.05000011	          0.05000020	          0.05000039	          0.05000004	          0.05000025	          0.06247661	          0.05000098	          0.29373524	          0.05619671	          0.05000260	          0.38243390	          0.35863656	          0.46381185	          0.10880288	          0.05000071	          0.05000027	          0.73819253	          0.40192676	          0.31082696	          0.46176079	          0.44924859	          0.45546370	          0.07594607	          0.09325781	          0.08451533	          0.05000025	          0.05000059	          0.05000062	          0.06115333	          0.07010424	          0.16583120	          0.20133618	          0.05000091	          0.05000321	          0.05000153	          0.26287372	          0.17007724	          0.17284046	          0.05000012	          0.05000012	          0.05000191	          0.05000313	          0.09954341	          0.05942234	          0.26695943	          0.30326158	          0.23112471	          0.22550768	          0.06770175	          0.19738554	          0.42840961	          0.06916328	          0.15496376	          0.20983658	          0.05000280	          0.19810277	          0.09409965	          0.18456967	          0.31032042	          0.08262816	          0.05000019	          0.05000023	
          1.29069565	         -2.83773047	         -3.07623770	          5.46782177	          1.73752074	          0.92358091	          0.00328177	          5.52402178	         -1.24188133	          6.94903828	         14.28988489	          8.77313175	          5.38761944	        -52.51484933	        -21.12677277	          1.39004821	          4.88253366	          8.98686275	         -3.61936408	         -1.79921260	          6.16168471	          9.88057143	         -1.14919415	         -2.53227900	          3.54921492	         -2.12663039	         -0.52750561	        -13.45042887	         19.13795408	         -6.66900393	        -13.46323437	         12.00915810	         47.63730252	         13.01599633	         86.51662706	         86.51662706	          0.08189890	          0.05000057	          0.05000031	          0.42360440	          0.14068072	          0.05000286	          0.05001614	          0.06152544	          0.05000117	          0.22347169	          0.20085566	          0.15331319	          0.20963012	          0.05000214	          0.05000157	          0.05000028	          0.37840461	          0.31545868	          0.27816489	          0.05000096	          0.05000028	          0.05000015	          0.09144354	          0.09243689	          0.05000088	          0.05000478	          0.05000100	          0.09979210	          0.05000018	          0.05000018	          0.05000013	          0.05000019	          0.05000039	          0.05000005	          0.05000024	          0.05304644	          0.05000124	          0.30064887	          0.07372383	          0.05000200	          0.40724540	          0.35220657	          0.46031168	          0.10855760	          0.05000166	          0.05000028	          0.69386145	          0.38930025	          0.29927208	          0.52641161	          0.49845894	          0.48917779	          0.06690009	          0.07918559	          0.08052978	          0.05000022	          0.05000057	          0.05000053	          0.05192296	          0.05953019	          0.14081065	          0.20421548	          0.05000095	          0.05000276	          0.05000123	          0.26318313	          0.17067752	          0.17670628	          0.05000011	          0.05000012	          0.05000144	          0.05000281	          0.14157257	          0.08348610	          0.25518515	          0.27892413	          0.21448476	          0.25330824	          0.10866020	          0.19992091	          0.43741301	          0.07765843	          0.17610216	          0.17816256	          0.05000166	          0.21912154	          0.07989625	          0.15670969	          0.33541334	          0.08018817	          0.05000016	          0.05000024	
          1.30136255	         -2.84009368	         -2.99737617	          5.41810177	          1.75056810	          0.92521456	          0.00338244	          7.45728468	         -1.22907979	          6.43205287	         12.88735106	          8.73426555	          5.76761200	        -53.38538421	        -20.17021991	          2.31422251	          4.82349947	          8.27809845	         -3.34729751	         -1.48266125	          6.38029864	          9.02889599	         -0.76624398	         -2.60314044	          3.48373677	         -2.02540565	         -0.57119005	        -13.45078313	         18.98220540	         -6.39364746	        -13.46904086	         12.01703003	         47.81157548	         13.08331813	         86.51662706	         86.51662706	          0.06953695	          0.05000058	          0.05000032	          0.35966329	          0.11944635	          0.05000302	          0.05001429	          0.05223877	          0.05000091	          0.24636376	          0.20066581	          0.14828187	          0.18946164	          0.05000210	          0.05000144	          0.05000027	          0.35257970	          0.30127843	          0.26611692	          0.05000087	          0.05000027	          0.05000015	          0.08857635	          0.08982742	          0.05000093	          0.05000532	          0.05000113	          0.08472896	          0.05000020	          0.05000020	          0.05000014	          0.05000022	          0.05000045	          0.05000005	          0.05000022	          0.05000080	          0.05000092	          0.30674213	          0.09640466	          0.05000416	          0.43208158	          0.34937834	          0.46046195	          0.10682920	          0.05320396	          0.05000028	          0.64615852	          0.37550935	          0.29069086	          0.57763694	          0.54208282	          0.51579963	          0.05683359	          0.06723483	          0.07525673	          0.05000020	          0.05000058	          0.05000043	          0.05000107	          0.05055431	          0.11955990	          0.20122031	          0.05000108	          0.05000231	          0.05000104	          0.26134296	          0.16924949	          0.17502231	          0.05000011	          0.05000011	          0.05000126	          0.05000285	          0.18184195	          0.10380195	          0.24052807	          0.25505603	          0.19827145	          0.28329623	          0.15486727	          0.20114722	          0.44512967	          0.07722802	          0.19292574	          0.15126961	          0.05000141	          0.24211618	          0.06783673	          0.13305506	          0.36959323	          0.07656506	          0.05000015	          0.05000024	
          1.31202946	         -2.84239445	         -2.89801293	          5.34543621	          1.76351222	          0.92679424	          0.00345654	          9.38048933	         -1.20019079	          5.90805506	         11.44297774	          8.65282890	          6.13036435	        -54.06842196	        -19.11625626	          3.20533010	          4.71836486	          7.55042497	         -3.07326794	         -1.15605790	          6.58813129	          8.13528802	         -0.38791067	         -2.68014435	          3.40000311	         -1.91514783	         -0.61124207	        -13.45096192	         18.79647258	         -6.07764178	        -13.47347633	         12.00162157	         47.91780573	         13.18151647	         86.51662706	         86.51662706	          0.05904094	          0.05000057	          0.05000037	          0.30537371	          0.10141692	          0.05000290	          0.05001107	          0.05000085	          0.05000073	          0.25936495	          0.19880054	          0.14580836	          0.17955825	          0.05000222	          0.05000140	          0.05000026	          0.32793623	          0.29010664	          0.22595210	          0.05000084	          0.05000027	          0.05000016	          0.08632193	          0.08850634	          0.05000134	          0.05000863	          0.05000138	          0.07193960	          0.05000023	          0.05000023	          0.05000016	          0.05000010	          0.05000020	          0.05000002	          0.05000022	          0.05000279	          0.05000136	          0.31568088	          0.12742324	          0.05000420	          0.43642785	          0.34847728	          0.45426349	          0.10422788	          0.05650380	          0.05000029	          0.59549578	          0.35803547	          0.28315010	          0.60979733	          0.57262005	          0.53257508	          0.05001981	          0.05708872	          0.07023060	          0.05000020	          0.05000060	          0.05000036	          0.05000097	          0.05001662	          0.10151528	          0.19150148	          0.05000131	          0.05000197	          0.05000094	          0.25550349	          0.16435597	          0.16671244	          0.05000011	          0.05000011	          0.05000109	          0.05000296	          0.21655149	          0.12158196	          0.22055117	          0.22865445	          0.17951383	          0.31387563	          0.20014799	          0.20037634	          0.45096204	          0.06561194	          0.20657183	          0.12843604	          0.05000129	          0.26585996	          0.05759769	          0.11297100	          0.40780747	          0.07244504	          0.05000015	          0.05000024	
          1.32269636	         -2.84463607	         -2.78124493	          5.25112603	          1.77636545	          0.92831474	          0.00350645	         11.28233998	         -1.15630777	          5.38009047	          9.96071487	          8.53313239	          6.47493528	        -54.56158630	        -17.97128339	          4.05624679	          4.56253611	          6.81529970	         -2.80946113	         -0.81455788	          6.77677357	          7.19057516	         -0.01284322	         -2.76277683	          3.30045777	         -1.79651643	         -0.64544787	        -13.45100456	         18.58704000	         -5.72377716	        -13.47554620	         11.96666045	         47.94888854	         13.31043927	         86.51662706	         86.51662706	          0.05012955	          0.05000059	          0.05000035	          0.25927888	          0.08610887	          0.05000284	          0.05000721	          0.05000059	          0.05000046	          0.24425679	          0.19307790	          0.14635093	          0.17088130	          0.05000192	          0.05000127	          0.05000026	          0.30437442	          0.28249680	          0.19184628	          0.05000074	          0.05000024	          0.05000015	          0.08573634	          0.08795425	          0.05000101	          0.05000538	          0.05000150	          0.06108100	          0.05000031	          0.05000031	          0.05000022	          0.05000025	          0.05000056	          0.05000011	          0.05000021	          0.05000174	          0.05000104	          0.32228192	          0.12270018	          0.06440959	          0.47124510	          0.34842243	          0.44520224	          0.10109465	          0.05618534	          0.05000031	          0.54365701	          0.33607717	          0.27258182	          0.61748372	          0.58519107	          0.53973136	          0.05000490	          0.05000657	          0.06552562	          0.05000022	          0.05000068	          0.05000034	          0.05000084	          0.05001383	          0.08619392	          0.17628567	          0.05000167	          0.05000185	          0.05000093	          0.24319007	          0.15534160	          0.15411815	          0.05000012	          0.05000012	          0.05000106	          0.05000325	          0.24466693	          0.13585724	          0.19515455	          0.19764959	          0.15837865	          0.34398835	          0.24263228	          0.19727403	          0.45566774	          0.05571280	          0.21674557	          0.10904912	          0.05000231	          0.28951170	          0.05000140	          0.09591857	          0.45144621	          0.06739306	          0.05000016	          0.05000025	
          1.33336327	         -2.84675652	         -2.65151641	          5.13600327	          1.78914267	          0.92976156	          0.00353609	         13.14598131	         -1.10022031	          4.85264180	          8.44892330	          8.38195386	          6.80105424	        -54.84942592	        -16.75050072	          4.86109830	          4.35305422	          6.08064707	         -2.56866556	         -0.44438387	          6.93723242	          6.18121108	          0.36680517	         -2.85023059	          3.18922889	         -1.67039154	         -0.67229239	        -13.45076819	         18.35914074	         -5.33554293	        -13.47503902	         11.91693047	         47.89790698	         13.47137919	         86.51662706	         86.51662706	          0.05000059	          0.05000054	          0.05000047	          0.22014186	          0.07311143	          0.05000256	          0.05000717	          0.05000060	          0.05000041	          0.20937854	          0.20291544	          0.14597874	          0.16891667	          0.05000234	          0.05000128	          0.05000026	          0.28418375	          0.27427224	          0.16288832	          0.05000077	          0.05000027	          0.05000017	          0.08544813	          0.08830510	          0.05000308	          0.05059514	          0.05000248	          0.05186523	          0.05000035	          0.05000036	          0.05000026	          0.05000011	          0.05000022	          0.05000002	          0.05000019	          0.05000127	          0.05000099	          0.32953339	          0.16695235	          0.05468805	          0.48929175	          0.35033828	          0.43798219	          0.09750525	          0.05623161	          0.05000031	          0.49196659	          0.31217347	          0.26065213	          0.60919150	          0.58436061	          0.53429978	          0.05000287	          0.05000326	          0.06113869	          0.05000024	          0.05000079	          0.05000031	          0.05000068	          0.05000928	          0.07318513	          0.15524165	          0.05000314	          0.05000167	          0.05000091	          0.22806504	          0.14426359	          0.13562783	          0.05000013	          0.05000013	          0.05000105	          0.05000394	          0.26083056	          0.14665427	          0.16570099	          0.16781683	          0.13447763	          0.37236643	          0.28102328	          0.19120425	          0.45951505	          0.05000602	          0.22809300	          0.09258858	          0.05534599	          0.30930094	          0.05000129	          0.08144016	          0.49966733	          0.06218099	          0.05000015	          0.05000025	
          1.34403018	         -2.84868316	         -2.51382425	          5.00089607	          1.80185962	          0.93111148	          0.00355093	         14.95093100	         -1.03554201	          4.33320549	          6.91813649	          8.20752693	          7.10879597	        -54.90771798	        -15.47358365	          5.62293890	          4.08898602	          5.35495208	         -2.36541186	         -0.04459534	          7.06151873	          5.09429583	          0.76153987	         -2.94164557	          3.07102612	         -1.53775678	         -0.69065784	        -13.45040161	         18.11735009	         -4.91717346	        -13.47216369	         11.85778700	         47.75922791	         13.66714069	         86.51662706	         86.51662706	          0.05000053	          0.05000053	          0.05000052	          0.18691241	          0.06207597	          0.05000234	          0.05000500	          0.05000044	          0.05000032	          0.17777385	          0.19817137	          0.14571987	          0.17532307	          0.05000246	          0.05000125	          0.05000026	          0.26440068	          0.26381467	          0.13830122	          0.05000075	          0.05000028	          0.05000019	          0.08364014	          0.08698428	          0.05266242	          0.10103680	          0.05000357	          0.05000289	          0.05000057	          0.05000059	          0.05000049	          0.05000009	          0.05000017	          0.05000002	          0.05000018	          0.05000197	          0.05000112	          0.33491140	          0.16468397	          0.06552032	          0.50658759	          0.35157318	          0.43211439	          0.09243049	          0.05375094	          0.05000035	          0.44495324	          0.28952581	          0.24957863	          0.58670754	          0.56933554	          0.52232921	          0.05011160	          0.05000621	          0.06132613	          0.05000031	          0.05000103	          0.05000032	          0.05000066	          0.05000786	          0.06214031	          0.13476688	          0.08799390	          0.05000170	          0.05000104	          0.21089026	          0.13233974	          0.11790738	          0.05000016	          0.05000016	          0.05000112	          0.05000486	          0.27110747	          0.15280036	          0.14069029	          0.14248634	          0.11418001	          0.39925321	          0.31709498	          0.18247037	          0.46279268	          0.05003869	          0.23965708	          0.07861269	          0.07262285	          0.32365262	          0.05000089	          0.06914727	          0.54498693	          0.05783058	          0.05000017	          0.05000028	
          1.35469708	         -2.85039094	         -2.37226220	          4.84638121	          1.81453234	          0.93233718	          0.00355471	         16.67677967	         -0.96563012	          3.82641804	          5.37610572	          8.01712269	          7.39846801	        -54.71098174	        -14.15606856	          6.32968850	          3.77237390	          4.64900298	         -2.21407576	          0.38255125	          7.14382648	          3.94926978	          1.18079110	         -3.03613686	          2.95017943	         -1.39951819	         -0.69993740	        -13.45001108	         17.86565115	         -4.47309122	        -13.46763807	         11.79577314	         47.52848746	         13.90078802	         86.51662706	         86.51662706	          0.05000052	          0.05000055	          0.05000054	          0.15869882	          0.05270660	          0.05000216	          0.05000352	          0.05000033	          0.05000024	          0.15093963	          0.18786262	          0.14810181	          0.17701435	          0.05000297	          0.05000140	          0.05000029	          0.24759116	          0.24908128	          0.11742537	          0.05000075	          0.05000030	          0.05000021	          0.08328396	          0.08725461	          0.05754121	          0.12703119	          0.05000379	          0.05000209	          0.05000143	          0.05000152	          0.05000129	          0.05000011	          0.05000023	          0.05000004	          0.05000018	          0.05000169	          0.05000104	          0.33475646	          0.17860293	          0.06545235	          0.52094322	          0.35254401	          0.42890674	          0.08755931	          0.05135309	          0.05000036	          0.40490227	          0.26941758	          0.23761240	          0.56140102	          0.55061465	          0.50578832	          0.05634919	          0.05001171	          0.06103263	          0.05000039	          0.05000126	          0.05000031	          0.05000063	          0.05000693	          0.05276423	          0.11564731	          0.13496691	          0.05000166	          0.05000112	          0.19379217	          0.12041300	          0.10027839	          0.05000018	          0.05000018	          0.05000109	          0.05000570	          0.27150912	          0.15573575	          0.11945521	          0.12097966	          0.09694684	          0.42506818	          0.35080426	          0.17195473	          0.46481115	          0.05532954	          0.24833016	          0.06674642	          0.08959321	          0.33582078	          0.05000077	          0.05871013	          0.58127537	          0.05418598	          0.05000018	          0.05000030	
          1.36536399	         -2.85188774	         -2.23011846	          4.67306925	          1.82717581	          0.93341140	          0.00355007	         18.30599102	         -0.89339098	          3.33510255	          3.82853184	          7.81677625	          7.67246500	        -54.23993058	        -12.81122137	          6.96616010	          3.40812317	          3.97231341	         -2.12250603	          0.82388783	          7.18472611	          2.76840653	          1.62798277	         -3.13285360	          2.83035900	         -1.25667157	         -0.70006863	        -13.44974766	         17.60698792	         -4.00731267	        -13.46240929	         11.73986705	         47.20324099	         14.17477866	         86.51662706	         86.51662706	          0.05000054	          0.05000058	          0.05000057	          0.13474399	          0.05000242	          0.05000224	          0.05000280	          0.05000029	          0.05000019	          0.12815592	          0.18875919	          0.15412585	          0.17911227	          0.05000259	          0.05000130	          0.05000030	          0.23522132	          0.23751844	          0.09970064	          0.05000074	          0.05000030	          0.05000022	          0.08648320	          0.09095560	          0.07432796	          0.12383132	          0.05000378	          0.05000204	          0.05000221	          0.05000244	          0.05000170	          0.05000015	          0.05000030	          0.05000005	          0.05000020	          0.05000106	          0.05000092	          0.33267104	          0.18745717	          0.06495212	          0.53460364	          0.35275321	          0.42294742	          0.08387443	          0.05000142	          0.05000041	          0.37350710	          0.25194867	          0.22295532	          0.54032189	          0.53186568	          0.48665025	          0.05972780	          0.05001967	          0.05909457	          0.05000049	          0.05000155	          0.05000033	          0.05000067	          0.05000676	          0.05001098	          0.10103284	          0.17772050	          0.05000173	          0.05000128	          0.17984388	          0.11429171	          0.09239500	          0.05000021	          0.05000021	          0.05000122	          0.05000640	          0.26444183	          0.14900934	          0.10142723	          0.10272052	          0.08231783	          0.45047060	          0.38432599	          0.16057786	          0.46680416	          0.06549328	          0.25719770	          0.05667134	          0.09988216	          0.34297096	          0.05000066	          0.05000280	          0.60037739	          0.05147269	          0.05000022	          0.05000030	
          1.37603090	         -2.85319998	         -2.08959899	          4.48148955	          1.83980364	          0.93431102	          0.00353899	         19.82503531	         -0.82003973	          2.86182098	          2.28064731	          7.61072843	          7.93293688	        -53.48455111	        -11.45217272	          7.52445834	          3.00134545	          3.33269339	         -2.09229116	          1.25924749	          7.18887233	          1.57534246	          2.10580073	         -3.23096949	          2.71392565	         -1.10998928	         -0.69157878	        -13.44974757	         17.34282655	         -3.52303563	        -13.45734800	         11.70238659	         46.78315207	         14.48972645	         86.51662706	         86.51662706	          0.05000051	          0.05000057	          0.05000058	          0.11440505	          0.05000281	          0.05000207	          0.05000210	          0.05000025	          0.05000016	          0.10881132	          0.19398583	          0.16311396	          0.18350260	          0.05000307	          0.05000141	          0.05000032	          0.22333466	          0.23407931	          0.08465138	          0.05000074	          0.05000032	          0.05000025	          0.09283556	          0.09709003	          0.09471262	          0.13794015	          0.05000357	          0.05000154	          0.05000583	          0.05000657	          0.05000226	          0.05000012	          0.05000028	          0.05000003	          0.05000021	          0.05000116	          0.05000100	          0.32912593	          0.19077515	          0.06659996	          0.53515468	          0.35463143	          0.41076928	          0.08111110	          0.05000064	          0.05000042	          0.34882711	          0.23795554	          0.21134255	          0.52511390	          0.51397759	          0.46883445	          0.06004393	          0.05001572	          0.05627011	          0.05000053	          0.05000173	          0.05000032	          0.05000066	          0.05000642	          0.05001391	          0.09115662	          0.21689672	          0.05000169	          0.05000129	          0.16654209	          0.10833026	          0.08737006	          0.05000022	          0.05000022	          0.05000110	          0.05000632	          0.25643536	          0.13536110	          0.08980600	          0.08912989	          0.07590535	          0.47546578	          0.41900853	          0.14984799	          0.46837569	          0.07340213	          0.26472360	          0.05000012	          0.10866791	          0.34764799	          0.05000066	          0.05000181	          0.61038624	          0.05000713	          0.05000029	          0.05000029	
          1.38669780	         -2.85435732	         -1.95182862	          4.27217403	          1.85243025	          0.93501996	          0.00352214	         21.22348192	         -0.74507189	          2.40886412	          0.73684310	          7.40148854	          8.18183730	        -52.44046001	        -10.09077268	          7.98869367	          2.55442782	          2.73984086	         -2.12190215	          1.68436223	          7.16500409	          0.40918042	          2.61912970	         -3.32936862	          2.60200625	         -0.95999288	         -0.67573207	        -13.44997624	         17.07356091	         -3.02278257	        -13.45315393	         11.69814238	         46.26952729	         14.84367849	         86.51662706	         86.51662706	          0.05000055	          0.05000062	          0.05000063	          0.09713622	          0.05000275	          0.05000215	          0.05000155	          0.05000022	          0.05000014	          0.09238672	          0.19903638	          0.17125680	          0.18573760	          0.05000327	          0.05000147	          0.05000034	          0.21450568	          0.21540067	          0.07187378	          0.05000077	          0.05000034	          0.05000027	          0.10000881	          0.10486879	          0.11430314	          0.12968673	          0.05000351	          0.05000162	          0.05001271	          0.05001447	          0.05000179	          0.05000077	          0.05000045	          0.05058115	          0.05000024	          0.05000076	          0.05000090	          0.32157658	          0.19243990	          0.06445862	          0.54092472	          0.35770948	          0.40511129	          0.07971650	          0.05000079	          0.05000075	          0.32947640	          0.22694779	          0.19960899	          0.52388770	          0.50242915	          0.45094017	          0.05826099	          0.05000981	          0.05270135	          0.05000060	          0.05000195	          0.05000032	          0.05000065	          0.05000593	          0.05001223	          0.08101747	          0.25464218	          0.05000165	          0.05000134	          0.15782955	          0.10571105	          0.08096152	          0.05000024	          0.05000025	          0.05000108	          0.05000626	          0.24416416	          0.11494040	          0.08632812	          0.08608952	          0.07353938	          0.49912002	          0.45117051	          0.13917417	          0.46999916	          0.07555105	          0.26979187	          0.05000015	          0.12274055	          0.35001043	          0.05000066	          0.05000173	          0.62484986	          0.05000013	          0.05000034	          0.05000027	
          1.39736471	         -2.85536341	         -1.81792482	          4.04568842	          1.86507260	          0.93552736	          0.00349851	         22.49314839	         -0.66808773	          1.97784672	         -0.79924296	          7.19060825	          8.42179522	        -51.10766541	         -8.73767467	          8.35056037	          2.06925848	          2.20167068	         -2.20629624	          2.08815309	          7.12030960	         -0.68038362	          3.17182010	         -3.42630950	          2.49590548	         -0.80712373	         -0.65473459	        -13.45017195	         16.79925495	         -2.50867520	        -13.45051926	         11.74157166	         45.66513452	         15.23216355	         86.51662706	         86.51662706	          0.05000050	          0.05000058	          0.05000066	          0.08247408	          0.05000218	          0.05000207	          0.05000131	          0.05000026	          0.05000015	          0.07844135	          0.22679961	          0.18021439	          0.20008445	          0.05000360	          0.05000147	          0.05000036	          0.20560547	          0.22328125	          0.06102499	          0.05000076	          0.05000035	          0.05000029	          0.10926904	          0.11301042	          0.15437333	          0.11553432	          0.05000315	          0.05000082	          0.05000104	          0.05000108	          0.05000055	          0.05000025	          0.05888980	          0.05000003	          0.05000031	          0.05000045	          0.05000062	          0.31714546	          0.19270254	          0.06279479	          0.54961253	          0.36062625	          0.40287165	          0.07777130	          0.05000059	          0.05000066	          0.31626981	          0.21712216	          0.18864107	          0.50789714	          0.48726091	          0.43604759	          0.05988878	          0.05001036	          0.05200935	          0.05000066	          0.05000234	          0.05000035	          0.05000072	          0.05000604	          0.05001259	          0.07673089	          0.28913415	          0.05000178	          0.05000145	          0.14258824	          0.09883551	          0.07684272	          0.05000028	          0.05000027	          0.05000113	          0.05000648	          0.22930186	          0.09759159	          0.08362571	          0.08380486	          0.07181678	          0.52123303	          0.48080952	          0.12894494	          0.47134145	          0.07998234	          0.27446886	          0.05000015	          0.13762339	          0.34999147	          0.05000065	          0.05000115	          0.63376502	          0.05000066	          0.05000042	          0.05000028	
          1.40803161	         -2.85624700	         -1.68830437	          3.80273254	          1.87774590	          0.93582404	          0.00346592	         23.62975284	         -0.58832129	          1.56654572	         -2.32304353	          6.97866849	          8.65480517	        -49.49340837	         -7.40462133	          8.61919316	          1.54701644	          1.72118352	         -2.34062631	          2.44963138	          7.06116300	         -1.64191394	          3.76908669	         -3.52028195	          2.39631169	         -0.65189928	         -0.63102970	        -13.45022780	         16.51984557	         -1.98229798	        -13.44970832	         11.84126371	         44.97452548	         15.64944829	         86.51662706	         86.51662706	          0.05000054	          0.05000067	          0.05000069	          0.07002522	          0.05000281	          0.05000211	          0.05000074	          0.05000021	          0.05000013	          0.06660100	          0.22047283	          0.18710200	          0.18333080	          0.05000379	          0.05000164	          0.05000040	          0.19494406	          0.19663717	          0.05181390	          0.05000081	          0.05000039	          0.05000033	          0.11961392	          0.12292390	          0.15191416	          0.14364118	          0.05000440	          0.05000072	          0.05000160	          0.05000143	          0.05000051	          0.05000050	          0.05000101	          0.05271799	          0.05000027	          0.05000108	          0.05000106	          0.30781559	          0.18334524	          0.07160791	          0.50887273	          0.37114151	          0.39803165	          0.07688308	          0.05000140	          0.05000716	          0.30761190	          0.21489045	          0.18480377	          0.53502638	          0.49622454	          0.43095197	          0.06035998	          0.05001522	          0.05065901	          0.05000080	          0.05000264	          0.05000034	          0.05000069	          0.05000539	          0.05001152	          0.06544832	          0.32337693	          0.05000172	          0.05000148	          0.12797584	          0.09446969	          0.06560032	          0.05000030	          0.05000029	          0.05000097	          0.05000576	          0.21880447	          0.08286110	          0.07569013	          0.07623460	          0.06493239	          0.54140275	          0.50803154	          0.11903003	          0.47240932	          0.07937405	          0.27625878	          0.05000015	          0.16414057	          0.34861842	          0.05000070	          0.05000115	          0.63550893	          0.05000026	          0.05000038	          0.05000028	
          1.41869852	         -2.85705830	         -1.56362204	          3.54413666	          1.89046514	          0.93590321	          0.00342351	         24.63124984	         -0.50646929	          1.17768897	         -3.83055619	          6.76543557	          8.88443869	        -47.60403034	         -6.10238751	          8.77209251	          0.99531276	          1.29976955	         -2.51509712	          2.74239756	          6.98931708	         -2.40215517	          4.40857814	         -3.60979707	          2.30388797	         -0.49496459	         -0.60721116	        -13.45003097	         16.23467610	         -1.44524113	        -13.45009915	         11.99734933	         44.20263520	         16.08931805	         86.51662706	         86.51662706	          0.05000059	          0.05000076	          0.05000083	          0.05945556	          0.05000277	          0.05000236	          0.05000046	          0.05000023	          0.05000013	          0.05654797	          0.23793614	          0.19132891	          0.16365757	          0.05000405	          0.05000176	          0.05000044	          0.18868197	          0.17185283	          0.05000137	          0.05000092	          0.05000045	          0.05000038	          0.13321416	          0.13470271	          0.15338460	          0.14420553	          0.05000420	          0.05000060	          0.05000090	          0.05000083	          0.05000035	          0.05000094	          0.05000227	          0.05439909	          0.05000041	          0.05000092	          0.05000108	          0.30649904	          0.17802035	          0.07655826	          0.48508692	          0.37831136	          0.39265602	          0.07542952	          0.05241125	          0.05430793	          0.29995144	          0.21089932	          0.17877097	          0.55962686	          0.50881870	          0.42307758	          0.05662092	          0.05000950	          0.05000520	          0.05000096	          0.05000312	          0.05000033	          0.05000065	          0.05000473	          0.05001047	          0.05558883	          0.35641692	          0.05000164	          0.05000148	          0.10867928	          0.08024536	          0.05794507	          0.05000033	          0.05000033	          0.05000093	          0.05000561	          0.19861016	          0.07035398	          0.06443339	          0.06492665	          0.05888481	          0.55955741	          0.53328510	          0.10998075	          0.47424820	          0.08043671	          0.27915647	          0.05000015	          0.18042345	          0.34420736	          0.05000077	          0.05000117	          0.62661424	          0.05000021	          0.05000032	          0.05000027	
          1.42936543	         -2.85789515	         -1.44460947	          3.27109702	          1.90324284	          0.93575668	          0.00337247	         25.50136738	         -0.42368434	          0.81359766	         -5.31967205	          6.55067940	          9.11392504	        -45.46202688	         -4.83798860	          8.84028659	          0.42407189	          0.92796749	         -2.71912650	          2.91073841	          6.90638442	         -2.96662610	          5.08302435	         -3.69410526	          2.21867124	         -0.33709921	         -0.58584123	        -13.44981365	         15.94195265	         -0.89970715	        -13.45094448	         12.20605919	         43.35605924	         16.54803982	         86.51662706	         86.51662706	          0.05000060	          0.05000075	          0.05000085	          0.05048166	          0.05000257	          0.05000240	          0.05000033	          0.05000025	          0.05000014	          0.05000053	          0.26064044	          0.19821938	          0.16175843	          0.05000450	          0.05000185	          0.05000048	          0.18162815	          0.17359122	          0.05000217	          0.05000093	          0.05000047	          0.05000041	          0.14841336	          0.14607623	          0.17768457	          0.13626235	          0.05000479	          0.05000048	          0.05000061	          0.05000057	          0.05000026	          0.05000090	          0.05000217	          0.05226371	          0.05000060	          0.05000073	          0.05000101	          0.30510980	          0.17700662	          0.08594002	          0.42050591	          0.38523968	          0.36144314	          0.07436987	          0.05788849	          0.05644877	          0.29122334	          0.19868975	          0.16378560	          0.56621296	          0.50980677	          0.41215962	          0.05458231	          0.05000766	          0.05000365	          0.05000104	          0.05000402	          0.05000038	          0.05000071	          0.05000458	          0.05000998	          0.05000892	          0.38699391	          0.05000190	          0.05000169	          0.09227928	          0.06813603	          0.05001216	          0.05000044	          0.05000043	          0.05000097	          0.05000585	          0.18507586	          0.05973465	          0.05471495	          0.05513365	          0.05002135	          0.57541027	          0.55497889	          0.10276451	          0.47639920	          0.08454160	          0.28257523	          0.05000014	          0.18756947	          0.33758752	          0.05000083	          0.05000092	          0.61725610	          0.05000026	          0.05000036	          0.05000030	
          1.44003233	         -2.85883913	         -1.33125985	          2.98546111	          1.91609338	          0.93537596	          0.00331308	         26.24903634	         -0.33865038	          0.47358877	         -6.79153338	          6.33331527	          9.34488375	        -43.10424864	         -3.61249290	          8.85498310	         -0.16009467	          0.60021658	         -2.94364314	          2.98052788	          6.81613266	         -3.34468443	          5.78794607	         -3.77233988	          2.13938035	         -0.17873033	         -0.56941797	        -13.44972026	         15.63932346	         -0.34967781	        -13.45186031	         12.46262522	         42.44203923	         17.02429429	         86.51662706	         86.51662706	          0.05000058	          0.05000077	          0.05000088	          0.05000222	          0.05000268	          0.05000234	          0.05000020	          0.05000020	          0.05000012	          0.05000041	          0.25039820	          0.20728369	          0.14219355	          0.05000394	          0.05000178	          0.05000048	          0.17153356	          0.16410732	          0.05000135	          0.05000094	          0.05000047	          0.05000041	          0.16430987	          0.15687995	          0.18972108	          0.14988992	          0.05000480	          0.05000054	          0.05000069	          0.05000062	          0.05000026	          0.05000056	          0.05000108	          0.05016970	          0.05000109	          0.05000780	          0.05000458	          0.30450351	          0.16763861	          0.10083020	          0.35703650	          0.39703671	          0.33484212	          0.07646848	          0.06450462	          0.05735403	          0.28189384	          0.18696177	          0.15279550	          0.60021056	          0.51819609	          0.40669857	          0.05288182	          0.05000815	          0.05000210	          0.05913989	          0.06145906	          0.05000046	          0.05000071	          0.05000398	          0.05000838	          0.05000328	          0.41566260	          0.05000236	          0.05000230	          0.07835356	          0.05785400	          0.05000441	          0.05000135	          0.05000129	          0.05000094	          0.05000595	          0.15720405	          0.05071840	          0.05000319	          0.05000315	          0.05000290	          0.58967358	          0.57536544	          0.09694496	          0.47816538	          0.08855227	          0.28516032	          0.05000018	          0.19590946	          0.33053757	          0.05000080	          0.05000132	          0.60333497	          0.05000023	          0.05000031	          0.05000029	
          1.45069924	         -2.85986822	         -1.22351366	          2.68929496	          1.92903561	          0.93475552	          0.00324666	         26.88642766	         -0.24972435	          0.15917637	         -8.24869130	          6.11175737	          9.57824288	        -40.57474161	         -2.42531907	          8.81696939	         -0.74952823	          0.31186243	         -3.17903786	          3.00940778	          6.71772048	         -3.55117940	          6.52199479	         -3.84284441	          2.06412962	         -0.02021558	         -0.56105098	        -13.44985167	         15.32353114	          0.19956027	        -13.45244496	         12.76197692	         41.46789947	         17.51777827	         86.51662706	         86.51662706	          0.05000064	          0.05000087	          0.05000102	          0.05000286	          0.05000271	          0.05000258	          0.05000017	          0.05000024	          0.05000013	          0.05000049	          0.24649319	          0.20996545	          0.14752356	          0.05000492	          0.05000207	          0.05000059	          0.16054994	          0.14945342	          0.05000165	          0.05000107	          0.05000056	          0.05000050	          0.17520208	          0.16354471	          0.20921642	          0.14268905	          0.05000559	          0.05000042	          0.05000057	          0.05000051	          0.05000023	          0.05000018	          0.05000037	          0.05000010	          0.05000077	          0.05000929	          0.05000427	          0.31321942	          0.17020365	          0.10844863	          0.30584760	          0.40945547	          0.31895922	          0.07737414	          0.06828163	          0.06013512	          0.27788314	          0.17859205	          0.13849563	          0.61050076	          0.51998498	          0.39570449	          0.05001604	          0.05000455	          0.05000180	          0.12608060	          0.08335753	          0.05000049	          0.05000076	          0.05000385	          0.05000851	          0.05000367	          0.44296625	          0.05000249	          0.05000224	          0.06653160	          0.05001163	          0.05000556	          0.05000124	          0.05000120	          0.05000093	          0.05000551	          0.13347757	          0.05000152	          0.05000557	          0.05000555	          0.05000449	          0.60156977	          0.59106195	          0.09370839	          0.47988045	          0.09645443	          0.28829399	          0.05000016	          0.20716795	          0.32300514	          0.05000096	          0.05000109	          0.60396413	          0.05000026	          0.05000032	          0.05000028	
          1.46136614	         -2.86093262	         -1.12108469	          2.38408760	          1.94208426	          0.93389385	          0.00317423	         27.42739641	         -0.15481376	         -0.12847325	         -9.68435094	          5.88545507	          9.81483038	        -37.92221187	         -1.29347113	          8.74817839	         -1.33340781	          0.05457165	         -3.41321816	          3.01797614	          6.61348849	         -3.64261655	          7.29015498	         -3.90457747	          1.99118140	          0.13810372	         -0.56369524	        -13.45008249	         14.99040011	          0.74321874	        -13.45266841	         13.09814020	         40.44146710	         18.02940976	         86.51662706	         86.51662706	          0.05000058	          0.05000084	          0.05000104	          0.05000244	          0.05000244	          0.05000242	          0.05000014	          0.05000025	          0.05000013	          0.05000046	          0.23258522	          0.21242624	          0.15751829	          0.05000751	          0.05000239	          0.05000058	          0.14961529	          0.14025686	          0.05000172	          0.05000111	          0.05000059	          0.05000055	          0.18423582	          0.16871172	          0.22782610	          0.14050785	          0.05000543	          0.05000045	          0.05000053	          0.05000047	          0.05000021	          0.05000011	          0.05000023	          0.05000006	          0.05000068	          0.05110696	          0.05000701	          0.31950073	          0.17015859	          0.11460182	          0.26812613	          0.42081453	          0.31039809	          0.07811231	          0.07255874	          0.06136807	          0.27397261	          0.16996390	          0.12256840	          0.62245480	          0.52005617	          0.38082297	          0.05000699	          0.05000337	          0.05000109	          0.19423967	          0.15559590	          0.05000054	          0.05000073	          0.05000345	          0.05000795	          0.05000283	          0.46877284	          0.05000273	          0.05000263	          0.05649831	          0.05001107	          0.05000518	          0.05038713	          0.05023878	          0.05000098	          0.05000579	          0.11333093	          0.05000271	          0.05000399	          0.05000397	          0.05000341	          0.61218850	          0.60658625	          0.09241555	          0.48152472	          0.10882107	          0.29238679	          0.05000019	          0.21331691	          0.31455557	          0.05000099	          0.05000120	          0.61275292	          0.05000019	          0.05000028	          0.05000027	
          1.47203305	         -2.86200215	         -1.02302360	          2.07139000	          1.95525519	          0.93279542	          0.00309567	         27.88455190	         -0.05140116	         -0.38956944	        -11.09023034	          5.65352874	         10.05491876	        -35.19167415	         -0.23596936	          8.66993024	         -1.89843565	         -0.17565814	         -3.63593135	          3.02143491	          6.50127135	         -3.65728031	          8.09210156	         -3.95650021	          1.91835367	          0.29581238	         -0.58042106	        -13.45008961	         14.63533550	          1.27546763	        -13.45252209	         13.46237834	         39.37041984	         18.56204932	         86.51662706	         86.51662706	          0.05000069	          0.05000099	          0.05000118	          0.05000297	          0.05000285	          0.05000268	          0.05000014	          0.05000026	          0.05000015	          0.05000043	          0.19747939	          0.21176460	          0.16712722	          0.05000801	          0.05000297	          0.05000081	          0.12989294	          0.12601378	          0.05000163	          0.05000127	          0.05000069	          0.05000069	          0.18531036	          0.16784990	          0.23674151	          0.12951555	          0.05000548	          0.05000037	          0.05000054	          0.05000048	          0.05000021	          0.05000017	          0.05000033	          0.05000011	          0.05000099	          0.05000638	          0.05000509	          0.32358593	          0.16668020	          0.11782498	          0.24676206	          0.43017959	          0.30696448	          0.07721922	          0.07607570	          0.06944351	          0.27760963	          0.17003536	          0.11078881	          0.63130097	          0.51972519	          0.37446428	          0.05000586	          0.05000277	          0.05000136	          0.25161813	          0.14713256	          0.05000055	          0.05000078	          0.05000325	          0.05000790	          0.05000330	          0.49233107	          0.05000295	          0.05000237	          0.05002245	          0.05000846	          0.05000513	          0.05250297	          0.09092798	          0.05000080	          0.05000459	          0.09622503	          0.05000242	          0.05000542	          0.05000543	          0.05000448	          0.62035402	          0.61792526	          0.09338539	          0.48307167	          0.12637668	          0.29717960	          0.05000015	          0.21906463	          0.30621062	          0.05000119	          0.05000103	          0.62523597	          0.05000029	          0.05000029	          0.05000028	
          1.48269996	         -2.86325434	         -0.92847361	          1.75235583	          1.96856059	          0.93147218	          0.00301242	         28.26727490	          0.06247850	         -0.62274511	        -12.45504000	          5.41570647	         10.29826067	        -32.41829285	          0.72422481	          8.59672851	         -2.43247937	         -0.38507960	         -3.83396450	          3.01949073	          6.38331995	         -3.61830378	          8.92311783	         -3.99864339	          1.84348550	          0.45226625	         -0.61436114	        -13.44975981	         14.25264265	          1.79060803	        -13.45181832	         13.84428372	         38.26366559	         19.12062352	         86.51662706	         86.51662706	          0.05000074	          0.05000111	          0.05000137	          0.05000293	          0.05000287	          0.05000284	          0.05000014	          0.05000032	          0.05000017	          0.05000047	          0.16767173	          0.20504656	          0.18474458	          0.05370298	          0.05000508	          0.05000099	          0.11029689	          0.11073836	          0.05000202	          0.05000155	          0.05000089	          0.05000097	          0.18109934	          0.16354099	          0.24145930	          0.11249648	          0.05000562	          0.05000035	          0.05000052	          0.05000045	          0.05000021	          0.05000052	          0.05000105	          0.05000072	          0.05000162	          0.05000373	          0.05000464	          0.32731104	          0.16404239	          0.12166678	          0.23541074	          0.43912817	          0.30887342	          0.07171092	          0.08178182	          0.08177853	          0.28206417	          0.17480187	          0.10008750	          0.63521533	          0.52041056	          0.35577579	          0.05004661	          0.05000671	          0.05000155	          0.25020469	          0.14559251	          0.05000051	          0.05000072	          0.05000287	          0.05000758	          0.05000346	          0.51493371	          0.05000261	          0.05000267	          0.05003786	          0.05001211	          0.05000637	          0.07075711	          0.15042626	          0.05000088	          0.05000511	          0.08170098	          0.05000113	          0.05000422	          0.05000421	          0.05000359	          0.62727549	          0.62973161	          0.09589724	          0.48452288	          0.14909055	          0.30380965	          0.05000023	          0.21484587	          0.29715850	          0.05000114	          0.05000172	          0.63234048	          0.05000018	          0.05000033	          0.05000030	
          1.49336686	         -2.86510540	         -0.83622430	          1.42816824	          1.98201068	          0.92994256	          0.00292572	         28.58194034	          0.18889161	         -0.82669012	        -13.77009821	          5.17104494	         10.54373196	        -29.62896549	          1.57014891	          8.53438537	         -2.92274431	         -0.57881996	         -3.99453575	          3.01632371	          6.25706438	         -3.53675887	          9.77518301	         -4.03209160	          1.76406962	          0.60692216	         -0.66838712	        -13.45025897	         13.84068603	          2.28189647	        -13.45067168	         14.23241348	         37.13229397	         19.71352032	         86.51662706	         86.51662706	          0.05000080	          0.05000115	          0.05000137	          0.05000313	          0.05000299	          0.05000288	          0.05000017	          0.05000039	          0.05000021	          0.05000063	          0.14236321	          0.20266311	          0.18972615	          0.07855071	          0.05000564	          0.05000117	          0.09364990	          0.10097825	          0.05000267	          0.05000158	          0.05000093	          0.05000112	          0.17239462	          0.15612842	          0.23848621	          0.09557456	          0.05000563	          0.05000031	          0.05000046	          0.05000041	          0.05000020	          0.05000087	          0.05000169	          0.05062713	          0.05000153	          0.05000224	          0.05000301	          0.33269031	          0.16202796	          0.12581515	          0.22976874	          0.44936122	          0.31715505	          0.06942047	          0.08510377	          0.09195067	          0.29026596	          0.17309187	          0.08498220	          0.64176796	          0.51927435	          0.34716104	          0.05001006	          0.05000372	          0.05000149	          0.28802003	          0.14208435	          0.05000055	          0.05000078	          0.05000272	          0.05000755	          0.05000376	          0.53574721	          0.05000290	          0.05000239	          0.05002236	          0.05000889	          0.05000602	          0.06996937	          0.21917731	          0.05000073	          0.05000402	          0.06936928	          0.05000127	          0.05000562	          0.05000562	          0.05000463	          0.63085742	          0.63593587	          0.10208998	          0.48599828	          0.17694887	          0.31235112	          0.05000018	          0.20803660	          0.28825354	          0.05000161	          0.05000138	          0.64323665	          0.05000025	          0.05000031	          0.05000030	
          1.50403377	         -2.86784422	         -0.74483544	          1.09998293	          1.99561792	          0.92822947	          0.00283716	         28.83244160	          0.32980956	         -1.00053412	        -15.02473388	          4.91862397	         10.79088402	        -26.84685388	          2.27995471	          8.48297215	         -3.35831230	         -0.75987993	         -4.09897665	          3.01729602	          6.12752400	         -3.41878925	         10.64368144	         -4.05760540	          1.67730378	          0.75898030	         -0.74553206	        -13.45495036	         13.40640311	          2.74173268	        -13.44972754	         14.61915800	         35.98903034	         20.35094575	         86.51662706	         86.51662706	          0.05000093	          0.05000136	          0.05000168	          0.05000326	          0.05000321	          0.05000314	          0.05000023	          0.05000058	          0.05000029	          0.05000083	          0.12087467	          0.19277367	          0.19612468	          0.12529027	          0.05002985	          0.05000405	          0.07951493	          0.08577430	          0.05000405	          0.05000204	          0.05000125	          0.05000149	          0.15933112	          0.14656001	          0.22886531	          0.08116318	          0.05000447	          0.05000028	          0.05000044	          0.05000039	          0.05000020	          0.05000146	          0.05000353	          0.05124882	          0.05000174	          0.05000254	          0.05000298	          0.33805690	          0.15818158	          0.13037691	          0.22852340	          0.45965897	          0.32941569	          0.06343105	          0.09037997	          0.10671635	          0.29800944	          0.17744517	          0.07215681	          0.65191479	          0.51911162	          0.32114163	          0.05216090	          0.05000628	          0.05000178	          0.26867204	          0.14316872	          0.05000050	          0.05000071	          0.05000235	          0.05000700	          0.05000388	          0.55494084	          0.05000260	          0.05000245	          0.05002664	          0.05001057	          0.05000649	          0.08855863	          0.30220017	          0.05000072	          0.05000408	          0.05889907	          0.05000190	          0.05000467	          0.05000466	          0.05000397	          0.63293740	          0.64190057	          0.11053786	          0.48679155	          0.20810422	          0.32400931	          0.05000023	          0.18613655	          0.27957128	          0.05000147	          0.05000196	          0.64660445	          0.05000019	          0.05000032	          0.05000031	
          1.51470068	         -2.87189241	         -0.65233320	          0.76885737	          2.00939366	          0.92636105	          0.00274712	         29.02132597	          0.48768976	         -1.14375302	        -16.20979937	          4.65621474	         11.03790500	        -24.09786800	          2.83731051	          8.43806641	         -3.72867451	         -0.93030853	         -4.12864772	          3.02041539	          5.98892397	         -3.27113358	         11.52430128	         -4.07657750	          1.57999635	          0.90789185	         -0.84867489	        -13.46810339	         12.96243574	          3.16199629	        -13.45118582	         15.00473675	         34.84810965	         21.04570628	         86.51662706	         86.51662706	          0.05000121	          0.05000185	          0.05000220	          0.05000432	          0.05000402	          0.05000374	          0.05000030	          0.05000070	          0.05000043	          0.05000070	          0.10262967	          0.17549363	          0.19459740	          0.16108880	          0.08793064	          0.07011825	          0.06751333	          0.07287088	          0.05000501	          0.05000311	          0.05000220	          0.05003124	          0.14302533	          0.13555293	          0.21910149	          0.06893066	          0.05000481	          0.05000026	          0.05000048	          0.05000042	          0.05000023	          0.05040876	          0.05157951	          0.05000167	          0.05000135	          0.05001139	          0.05000557	          0.34378376	          0.15299187	          0.13585883	          0.23388209	          0.47024969	          0.34546914	          0.05639796	          0.09559743	          0.12215790	          0.30841259	          0.17826342	          0.06126636	          0.65184065	          0.51437988	          0.30188642	          0.07259729	          0.05193443	          0.05000234	          0.22811934	          0.13037232	          0.05000047	          0.05000070	          0.05000211	          0.05000674	          0.05000428	          0.57305507	          0.05000249	          0.05000242	          0.05002426	          0.05001056	          0.05000676	          0.12864625	          0.39105457	          0.05000066	          0.05000371	          0.05000970	          0.06214658	          0.05000433	          0.05000430	          0.05000372	          0.63201267	          0.64362345	          0.12196941	          0.48660807	          0.24249304	          0.33816918	          0.05000027	          0.15804111	          0.27166050	          0.05000138	          0.05000437	          0.64601080	          0.05000016	          0.05000040	          0.05000033	
          1.52536758	         -2.87766749	         -0.55654411	          0.43560563	          2.02335139	          0.92437221	          0.00265545	         29.14781679	          0.66547786	         -1.25564868	        -17.31742697	          4.38135667	         11.28174761	        -21.41595043	          3.22879866	          8.40675606	         -4.02999629	         -1.09257608	         -4.06265703	          3.02644506	          5.84051242	         -3.11205368	         12.41501265	         -4.09040046	          1.46884434	          1.05337335	         -0.98093426	        -13.49301713	         12.52143634	          3.53400493	        -13.45904785	         15.39964830	         33.72270322	         21.81249056	         86.51662706	         86.51662706	          0.05000130	          0.05000177	          0.05000209	          0.05000420	          0.05000393	          0.05000392	          0.05000533	          0.05002298	          0.05000408	          0.05889955	          0.08713875	          0.16438572	          0.18407560	          0.17477745	          0.12273012	          0.09885630	          0.05732345	          0.07393832	          0.06937261	          0.05000288	          0.05000210	          0.08642590	          0.12486039	          0.11976145	          0.19224249	          0.05969620	          0.05000690	          0.05000021	          0.05000037	          0.05000033	          0.05000021	          0.05000007	          0.05000014	          0.05000003	          0.05000055	          0.06104008	          0.05000522	          0.35159455	          0.15061357	          0.14145965	          0.24536992	          0.48107615	          0.37046400	          0.05210713	          0.09924800	          0.13052488	          0.32002393	          0.17229136	          0.05201960	          0.64051079	          0.50048191	          0.25680721	          0.06934081	          0.05758439	          0.05000558	          0.19368611	          0.15686012	          0.05000054	          0.05000078	          0.05000203	          0.05000656	          0.05000412	          0.58900710	          0.05000306	          0.05000276	          0.05001568	          0.05000772	          0.05000587	          0.16894728	          0.47937913	          0.05000061	          0.05000329	          0.05000339	          0.08099546	          0.05000374	          0.05000371	          0.05000330	          0.62793896	          0.64166598	          0.13726745	          0.48440529	          0.27842647	          0.35386146	          0.05000031	          0.13418644	          0.24720344	          0.05000126	          0.05000511	          0.63567963	          0.05000015	          0.05000069	          0.05000040	
          1.53603449	         -2.88522026	         -0.45517870	          0.10081814	          2.03751470	          0.92230393	          0.00256125	         29.20783285	          0.86663750	         -1.33539568	        -18.33937803	          4.09205526	         11.51848842	        -18.84788398	          3.43920805	          8.42075530	         -4.26232632	         -1.24916260	         -3.88081465	          3.02554334	          5.68178482	         -2.97281809	         13.31458016	         -4.09829233	          1.34064696	          1.19525165	         -1.14582118	        -13.53002546	         12.09092320	          3.84811246	        -13.47828810	         15.82195258	         32.61989037	         22.66463090	         86.51662706	         86.51662706	          0.05000125	          0.05000176	          0.05000198	          0.05000464	          0.05000406	          0.05000380	          0.09665160	          0.05000186	          0.11774966	          0.05000982	          0.07398600	          0.15867166	          0.18215959	          0.17519249	          0.13961102	          0.11634434	          0.05000421	          0.06284036	          0.05890394	          0.05000278	          0.05000195	          0.10904323	          0.11109376	          0.11039276	          0.16322935	          0.05498978	          0.05000795	          0.05000028	          0.05000055	          0.05000049	          0.05000031	          0.05000009	          0.05000017	          0.05000005	          0.05000065	          0.05543399	          0.05000500	          0.34821193	          0.14682790	          0.14246624	          0.24145003	          0.48323435	          0.36888319	          0.05836602	          0.09654703	          0.12818951	          0.32805138	          0.16056057	          0.05000398	          0.62248350	          0.48175282	          0.21804679	          0.05887694	          0.05000452	          0.05000145	          0.16445013	          0.17123524	          0.05000061	          0.05000080	          0.05000197	          0.05000639	          0.05000386	          0.60456407	          0.05000344	          0.05000287	          0.05001680	          0.05000807	          0.05000592	          0.26606181	          0.58092005	          0.05000069	          0.05000368	          0.05000277	          0.10709770	          0.05000405	          0.05000401	          0.05000353	          0.62074337	          0.63647027	          0.15673079	          0.47847100	          0.30852113	          0.36685247	          0.05000036	          0.12091154	          0.20989004	          0.05000132	          0.05000419	          0.61513676	          0.05000018	          0.05000037	          0.05000030	
          1.54670139	         -2.89380011	         -0.34533790	         -0.23539080	          2.05191189	          0.92020082	          0.00246339	         29.21010279	          1.09582582	         -1.38239516	        -19.25523166	          3.78740322	         11.74941426	        -16.49281630	          3.42709976	          8.50477656	         -4.41168992	         -1.40103734	         -3.55962329	          3.01420123	          5.51152373	         -2.86071007	         14.21467147	         -4.09692365	          1.19168157	          1.33265264	         -1.34577027	        -13.57484833	         11.66646942	          4.09676603	        -13.51344693	         16.29638584	         31.53585564	         23.60837134	         86.51662706	         86.51662706	          0.05000212	          0.05000284	          0.05000318	          0.05000475	          0.05000474	          0.05000463	          0.17237573	          0.05000109	          0.18114403	          0.05000059	          0.06281858	          0.14913650	          0.18189842	          0.18262037	          0.15305793	          0.12710481	          0.05002586	          0.05337699	          0.05001557	          0.05000716	          0.05001101	          0.11847979	          0.09432682	          0.10504997	          0.13859269	          0.05001589	          0.05000361	          0.05000054	          0.05000143	          0.05000127	          0.05000074	          0.05000016	          0.05000033	          0.05000011	          0.05000120	          0.05000241	          0.05000342	          0.33894864	          0.13699737	          0.14332009	          0.23692246	          0.48169177	          0.36253455	          0.06815001	          0.09650748	          0.12381535	          0.33860227	          0.14369917	          0.05000205	          0.61295984	          0.45301578	          0.18513491	          0.05000320	          0.05000129	          0.05000075	          0.13962714	          0.14541988	          0.05000052	          0.05000072	          0.05000171	          0.05000592	          0.05000454	          0.61804765	          0.05000270	          0.05000179	          0.05001668	          0.05000856	          0.05000613	          0.37749960	          0.67962363	          0.05000055	          0.05000303	          0.05000168	          0.13372758	          0.05000869	          0.05000884	          0.05000834	          0.60951863	          0.62652710	          0.17708203	          0.47118435	          0.34129869	          0.38149289	          0.05000014	          0.10383072	          0.17820804	          0.05000109	          0.05000780	          0.52420510	          0.05000018	          0.05000021	          0.05000022	
          1.55736830	         -2.90240695	         -0.22449437	         -0.57253988	          2.06656507	          0.91810880	          0.00236120	         29.17582996	          1.35749459	         -1.39732806	        -20.03575029	          3.46859481	         11.97794809	        -14.47697494	          3.13460676	          8.65136488	         -4.45676309	         -1.55067509	         -3.07518082	          2.99278610	          5.32437647	         -2.75795388	         15.10295964	         -4.08268213	          1.01833811	          1.46436144	         -1.58000474	        -13.61643180	         11.21930931	          4.27606858	        -13.56894742	         16.85625346	         30.45520772	         24.64232409	         86.51662706	         86.51662706	          0.05000567	          0.05000403	          0.05000269	          0.05001369	          0.05000839	          0.05000531	          0.23861809	          0.05000115	          0.24383580	          0.05000063	          0.05333716	          0.14678839	          0.17997073	          0.17785665	          0.15362697	          0.13398847	          0.05003738	          0.05003822	          0.05000462	          0.05000758	          0.05001114	          0.11974325	          0.08009046	          0.10402106	          0.11767422	          0.05001042	          0.05000294	          0.05000107	          0.05001141	          0.05000696	          0.05000242	          0.05000035	          0.05000093	          0.05066605	          0.05000217	          0.05000188	          0.05000272	          0.32466372	          0.12520708	          0.14635595	          0.23480211	          0.47941673	          0.36005231	          0.07374209	          0.09748975	          0.12235198	          0.35653661	          0.13470446	          0.05000107	          0.60065151	          0.42861651	          0.15719062	          0.05000280	          0.05000097	          0.05000064	          0.11855107	          0.16578289	          0.05000050	          0.05000073	          0.05000157	          0.05000558	          0.05000488	          0.62928774	          0.05000269	          0.05000151	          0.05001328	          0.05000739	          0.05000571	          0.48626811	          0.76955512	          0.05000048	          0.05000261	          0.05000173	          0.16133293	          0.05417963	          0.05623218	          0.05004218	          0.59365602	          0.61281029	          0.19966788	          0.46311313	          0.40089752	          0.40867507	          0.05000012	          0.08815807	          0.15130824	          0.05000066	          0.05442061	          0.44507855	          0.05000018	          0.05000018	          0.05000019	
          1.56803521	         -2.91036551	         -0.08962768	         -0.91047882	          2.08148987	          0.91607384	          0.00225314	         29.12493599	          1.65598486	         -1.38035963	        -20.65465267	          3.13632483	         12.20217024	        -12.90661872	          2.51382408	          8.80663216	         -4.38506771	         -1.69678121	         -2.41402599	          2.96875091	          5.09121031	         -2.63256371	         16.00802725	         -4.05299263	          0.81664848	          1.58958431	         -1.84524215	        -13.63378314	         10.67653247	          4.38714983	        -13.64993096	         17.54919498	         29.35179146	         25.75542684	         86.51662706	         86.51662706	          0.05000574	          0.05000261	          0.05000170	          0.05001478	          0.05000708	          0.05000436	          0.29335536	          0.05000118	          0.29400106	          0.05000060	          0.05000260	          0.15273629	          0.16963136	          0.16549401	          0.14566902	          0.14066474	          0.05001215	          0.06159449	          0.05001507	          0.05000378	          0.05000332	          0.11997951	          0.07513672	          0.10436600	          0.09991433	          0.05000869	          0.05000291	          0.05000163	          0.05381016	          0.05217987	          0.05001157	          0.05000237	          0.05000477	          0.05271486	          0.05000212	          0.05000233	          0.05000291	          0.31120167	          0.11343896	          0.14943005	          0.24229251	          0.47901384	          0.36939320	          0.07262629	          0.10175034	          0.12463333	          0.38389775	          0.13346079	          0.05000316	          0.59796477	          0.39422852	          0.13346415	          0.05000227	          0.05000077	          0.05000056	          0.10065635	          0.18423042	          0.05000047	          0.05000068	          0.05000137	          0.05000497	          0.05000430	          0.63900375	          0.05000254	          0.05000143	          0.05001865	          0.05000926	          0.05000596	          0.58406127	          0.84453276	          0.05000056	          0.05000322	          0.05000107	          0.19454874	          0.06935548	          0.06935604	          0.06934758	          0.57310299	          0.59623458	          0.22113078	          0.45196199	          0.46472009	          0.43126737	          0.05000010	          0.07485103	          0.12846884	          0.05000043	          0.05599939	          0.37789568	          0.05000016	          0.05000017	          0.05000018	
          1.57870211	         -2.91735342	          0.06233081	         -1.24984220	          2.09669958	          0.91413800	          0.00213677	         29.07301858	          1.99436116	         -1.32940650	        -21.09748253	          2.78979504	         12.41687621	        -11.86637035	          1.54517392	          8.89819207	         -4.21995629	         -1.83418044	         -1.56963004	          2.94863135	          4.79158509	         -2.45716099	         16.97242775	         -4.00626057	          0.58290849	          1.70777641	         -2.13721145	        -13.59287596	          9.89612747	          4.43696467	        -13.76296982	         18.44227601	         28.18984962	         26.92602775	         86.51662706	         86.51662706	          0.05000407	          0.05000315	          0.05000306	          0.05000659	          0.05000700	          0.05000617	          0.32770468	          0.07768243	          0.32545699	          0.05589608	          0.05002597	          0.12979103	          0.14403002	          0.14053256	          0.12594223	          0.14934400	          0.05000699	          0.05414360	          0.10849257	          0.05000515	          0.05000399	          0.12413437	          0.06939114	          0.10413523	          0.09149739	          0.05001301	          0.05000389	          0.05000102	          0.05000269	          0.05000252	          0.05000206	          0.06611157	          0.05000529	          0.05003547	          0.05000472	          0.05000159	          0.05000226	          0.30304641	          0.10663233	          0.15931444	          0.23770552	          0.47896530	          0.37339445	          0.07257936	          0.09972561	          0.13201958	          0.41664690	          0.11331637	          0.05731947	          0.65964187	          0.33472349	          0.11331873	          0.05000222	          0.05000074	          0.05000065	          0.08546282	          0.19467919	          0.05000063	          0.05000082	          0.05000152	          0.05000546	          0.05000412	          0.64523233	          0.05000360	          0.05000154	          0.05002090	          0.05000944	          0.05000598	          0.65493818	          0.89777655	          0.05000073	          0.05000449	          0.05888755	          0.23261177	          0.05889016	          0.05889032	          0.05888909	          0.54654641	          0.56982948	          0.25158149	          0.43245433	          0.52661069	          0.45597823	          0.05000008	          0.06355262	          0.10907696	          0.05000041	          0.05000117	          0.32085378	          0.05000021	          0.05000024	          0.05000021	
          1.58936902	         -2.92309404	          0.23383698	         -1.58828905	          2.11221016	          0.91233558	          0.00201146	         29.03839255	          2.37338669	         -1.24452709	        -21.36399234	          2.42865468	         12.61326059	        -11.44858033	          0.24205929	          8.84332547	         -4.03789552	         -1.96481500	         -0.54016732	          2.93456091	          4.43798211	         -2.22224610	         18.04169284	         -3.94130104	          0.31587537	          1.81908987	         -2.45308376	        -13.52065244	          9.05166700	          4.40620627	        -13.83995070	         19.13993064	         26.96739731	         28.13068488	         86.51662706	         86.51662706	          0.05000056	          0.05000245	          0.05000086	          0.05869589	          0.05001302	          0.05000342	          0.34110166	          0.08168931	          0.33513804	          0.08168786	          0.05001127	          0.11039627	          0.13507800	          0.14845971	          0.12746054	          0.16288439	          0.05000075	          0.05766478	          0.10093558	          0.05000149	          0.05000109	          0.14399186	          0.05891858	          0.09977904	          0.09259125	          0.05175723	          0.05000648	          0.05000045	          0.05000283	          0.05000245	          0.05000204	          0.06738343	          0.05961341	          0.05000051	          0.05000293	          0.05000194	          0.05000160	          0.29529002	          0.10227049	          0.15366625	          0.24134120	          0.48943852	          0.39132312	          0.06844640	          0.09931728	          0.13158291	          0.44664279	          0.09621192	          0.05816037	          0.69079934	          0.28419873	          0.09621394	          0.05000924	          0.05000118	          0.05000067	          0.07256372	          0.18511860	          0.05000109	          0.05000075	          0.05000122	          0.05000378	          0.05000175	          0.65070068	          0.05000948	          0.05001105	          0.05001154	          0.05000454	          0.05000309	          0.68691421	          0.91591552	          0.05000086	          0.05000441	          0.05000104	          0.28701580	          0.05000193	          0.05000201	          0.05000159	          0.52631405	          0.59885082	          0.29759067	          0.41250638	          0.54271713	          0.42902922	          0.06342849	          0.05395966	          0.09261221	          0.05000030	          0.05000055	          0.27242212	          0.05000013	          0.05000013	          0.05000015	
          1.60003593	         -2.92734696	          0.42525985	         -1.92227488	          2.12804778	          0.91069595	          0.00187324	         29.02331961	          2.78816186	         -1.12243669	        -21.47363336	          2.05145098	         12.78181131	        -11.71149080	         -1.34292175	          8.54996921	         -3.91973813	         -2.07310088	          0.65069230	          2.89834423	          4.00318461	         -1.91370068	         19.24613340	         -3.85614291	          0.01806552	          1.92402726	         -2.80375148	        -13.47635038	          8.44753514	          4.27079482	        -13.83836512	         19.37750930	         25.74045255	         29.37131594	         86.51662706	         86.51662706	          0.06260804	          0.05000087	          0.05888897	          0.05000039	          0.05000058	          0.05000265	          0.30598778	          0.06935902	          0.31085217	          0.06935873	          0.05000210	          0.09373442	          0.17015502	          0.15651180	          0.12516320	          0.17407617	          0.05889585	          0.05001738	          0.08570417	          0.05888970	          0.05888944	          0.14803749	          0.05002549	          0.09621252	          0.13643876	          0.05000146	          0.05000055	          0.05000008	          0.05000020	          0.05000018	          0.05000016	          0.05888901	          0.05888854	          0.05043995	          0.05578803	          0.06823836	          0.06534414	          0.27352882	          0.08683336	          0.18463730	          0.20491528	          0.49747999	          0.33225547	          0.05851669	          0.08432585	          0.11330498	          0.49996587	          0.08168921	          0.05000031	          0.68453457	          0.24130022	          0.08169097	          0.05888842	          0.05000588	          0.05000116	          0.06161071	          0.15717670	          0.05000027	          0.05000052	          0.05000091	          0.05000358	          0.05000604	          0.63892221	          0.05000141	          0.05000106	          0.05000988	          0.05000713	          0.05000505	          0.60558854	          0.92771086	          0.05000025	          0.05000150	          0.05000093	          0.24369215	          0.05000155	          0.05000150	          0.05000135	          0.48604036	          0.58281095	          0.35843860	          0.35782555	          0.46150680	          0.36427002	          0.12487838	          0.05000013	          0.07863275	          0.05000031	          0.05000239	          0.23130104	          0.05000002	          0.05000009	          0.05000011	
          1.61070283	         -2.92980404	          0.62656458	         -2.25258966	          2.14423619	          0.90924845	          0.00171439	         29.00499476	          3.20966484	         -0.95618808	        -21.45082669	          1.66248674	         12.90091200	        -12.64119255	         -3.15144545	          7.85349923	         -3.85570484	         -2.17747875	          1.93724045	          2.75705563	          3.29430903	         -1.56557490	         20.61711306	         -3.74799698	         -0.29385906	          2.02352957	         -3.20007417	        -13.45368979	          8.05733642	          4.03648713	        -13.79622108	         19.36098862	         24.53455267	         30.65218925	         86.51662706	         86.51662706	          0.05888920	          0.05888870	          0.05000027	          0.06216778	          0.05889032	          0.05002126	          0.25980012	          0.05888960	          0.26393029	          0.05888935	          0.05001159	          0.13865998	          0.15643172	          0.13288936	          0.10627585	          0.20158461	          0.05000623	          0.08169360	          0.07276767	          0.05000104	          0.05000049	          0.21164791	          0.07138105	          0.08169079	          0.40163076	          0.13347141	          0.08168923	          0.08169295	          0.05000137	          0.05000154	          0.05000171	          0.05000004	          0.05000007	          0.05000000	          0.05000021	          0.05793906	          0.05548340	          0.31881720	          0.21174364	          0.15676739	          0.17398540	          0.54736123	          0.32831873	          0.05000011	          0.07159720	          0.09620205	          0.42455042	          0.06935863	          0.05000189	          0.58121084	          0.20487700	          0.06936015	          0.05000158	          0.05000031	          0.05000034	          0.05231097	          0.13345250	          0.05000018	          0.05000018	          0.05000030	          0.05000102	          0.05000074	          0.54247986	          0.05000104	          0.05000048	          0.05000827	          0.05000263	          0.05000121	          0.51417778	          0.81047162	          0.05000018	          0.05000156	          0.05000209	          0.32525689	          0.10610378	          0.10666288	          0.08640032	          0.42448978	          0.49483818	          0.32271964	          0.30381316	          0.39184452	          0.30928498	          0.13917550	          0.05000010	          0.06676345	          0.05000027	          0.05000011	          0.19638703	          0.05000020	          0.06332294	          0.05000248	
          1.62136974	         -2.93017639	          0.83980535	         -2.57716154	          2.16082178	          0.90799673	          0.00154838	         28.93830024	          3.58705247	         -0.73003038	        -21.36867231	          1.25198097	         12.94011194	        -14.11125052	         -5.02604410	          6.99318306	         -3.90756300	         -2.25430540	          3.19069366	          2.56453514	          2.16619152	         -1.15849425	         22.22508851	         -3.61042275	         -0.61801981	          2.11261803	         -3.65755121	        -13.45077889	          7.84580099	          3.70187801	        -13.73350162	         19.21193193	         23.37175954	         31.98084838	         86.51662706	         86.51662706	          0.05000026	          0.05000026	          0.05006854	          0.05278389	          0.05000123	          0.05000059	          0.22058429	          0.05000049	          0.22409104	          0.05000028	          0.06936454	          0.11773040	          0.13281995	          0.11283186	          0.09023470	          0.22677739	          0.05108517	          0.06936989	          0.06178384	          0.05000184	          0.17780222	          0.22674455	          0.06936022	          0.06936114	          0.35545004	          0.11332477	          0.06935893	          0.06936182	          0.06671488	          0.06258088	          0.05889032	          0.06936041	          0.08168901	          0.07158358	          0.07250975	          0.05000010	          0.05000021	          0.34018799	          0.21588126	          0.16198546	          0.32727983	          0.58165047	          0.28148248	          0.05000005	          0.06078990	          0.08168074	          0.36046654	          0.05888926	          0.05000020	          0.49347948	          0.17395166	          0.05889057	          0.05000392	          0.05000103	          0.05000082	          0.05000031	          0.11330862	          0.06936087	          0.05888990	          0.05888963	          0.05888887	          0.05888738	          0.46059503	          0.15941579	          0.05878342	          0.05000699	          0.05000565	          0.05001411	          0.43656480	          0.74212714	          0.05000680	          0.05000460	          0.05000014	          0.27760012	          0.16589475	          0.16792409	          0.13919518	          0.36041476	          0.42014485	          0.32830470	          0.25795371	          0.33269720	          0.26259963	          0.21317620	          0.05000020	          0.06565359	          0.05000034	          0.05000005	          0.16674316	          0.05398865	          0.05888914	          0.05888905	
          1.63203664	         -2.92893965	          1.05763545	         -2.89422745	          2.17776759	          0.90696121	          0.00137344	         28.75849721	          3.90404065	         -0.48280356	        -21.25065410	          0.82433874	         12.88858427	        -15.59438212	         -6.90980094	          6.02249989	         -4.11473771	         -2.35980047	          4.38193675	          2.80704384	          0.65135302	         -0.64639565	         24.00222693	         -3.44401793	         -0.94262806	          2.19438986	         -4.17122463	        -13.45847466	          7.77545675	          3.27625773	        -13.66680008	         19.00768630	         22.26185210	         33.35074940	         86.51662706	         86.51662706	          0.31695280	          0.25580280	          0.18359373	          0.25451388	          0.15775571	          0.09342802	          0.18728794	          0.12225887	          0.19026538	          0.08918007	          0.05889475	          0.09995982	          0.11277275	          0.09580190	          0.07664950	          0.26709117	          0.05000086	          0.05890181	          0.19397397	          0.23407072	          0.25910747	          0.28958215	          0.05889076	          0.05889151	          0.30179644	          0.09621917	          0.05889294	          0.05889193	          0.05664455	          0.05313456	          0.05000108	          0.05889072	          0.06935837	          0.06077831	          0.06156508	          0.07716330	          0.05888711	          0.42821388	          0.18329503	          0.19218718	          0.27787824	          0.69342803	          0.58009094	          0.06914301	          0.08536392	          0.06935135	          0.35321120	          0.05000029	          0.05000005	          0.47344173	          0.14769441	          0.05000144	          0.05000193	          0.05000017	          0.05000013	          0.05000092	          0.09620545	          0.05889119	          0.05000083	          0.05000071	          0.05000124	          0.05000067	          0.47145963	          0.13535304	          0.05000033	          0.05000120	          0.05000067	          0.05000055	          0.37066712	          0.70286301	          0.05000006	          0.05000038	          0.05000013	          0.26286784	          0.14085434	          0.14257736	          0.11818503	          0.30601152	          0.35672609	          0.30937068	          0.21901657	          0.28247788	          0.22296125	          0.37552470	          0.11731632	          0.05574360	          0.44481052	          0.24407053	          0.14157392	          0.09287428	          0.05000006	          0.05000017	
          1.64270355	         -2.92600136	          1.26633720	         -3.18787200	          2.19482909	          0.90620102	          0.00114770	         28.56210444	          4.20696094	         -0.29096440	        -21.00728763	          0.41652686	         12.76733320	        -17.02112384	         -8.95742597	          4.88925487	         -4.42847645	         -2.48096218	          5.52867911	          3.20513401	         -1.12395539	         -0.17637177	         25.70559885	         -3.26990922	         -1.25067196	          2.26639317	         -4.68652631	        -13.46433409	          7.83838176	          2.80313080	        -13.60697885	         18.79564429	         21.18106675	         34.72502076	         86.51662706	         86.51662706	          0.38362715	          0.32824584	          0.23692049	          0.21609736	          0.13394520	          0.07932826	          0.15901755	          0.10380467	          0.16154557	          0.07571873	          0.05000505	          0.08487158	          0.10674356	          0.24150591	          0.27069833	          0.29165085	          0.05000170	          0.05001370	          0.16469499	          0.31182947	          0.31791517	          0.33266824	          0.05000152	          0.05000218	          0.25624188	          0.08169560	          0.05000423	          0.05000250	          0.18568289	          0.17989069	          0.16656635	          0.05000142	          0.05888903	          0.05160406	          0.06531222	          0.06551634	          0.05000091	          0.52389227	          0.24018032	          0.18891419	          0.40374644	          0.71884460	          0.67605801	          0.09287147	          0.07247857	          0.05888306	          0.29989538	          0.05000019	          0.05000009	          0.40197760	          0.12540057	          0.05000035	          0.05677294	          0.05000127	          0.05000112	          0.05000047	          0.08168376	          0.05000238	          0.42981959	          0.05000182	          0.05000792	          0.13343862	          0.40029578	          0.11492263	          0.05000092	          0.05000266	          0.05000205	          0.05000284	          0.31471634	          0.59676877	          0.05000017	          0.05000092	          0.05000018	          0.22318896	          0.11959323	          0.12105613	          0.10034574	          0.25982024	          0.30287981	          0.28370859	          0.18595685	          0.23983895	          0.18930612	          0.54413841	          0.10883261	          0.05000011	          0.67554162	          0.33477611	          0.12020388	          0.12045959	          0.05000006	          0.05000007	
          1.65337046	         -2.92075156	          1.46748291	         -3.45924939	          2.21181218	          0.90570570	          0.00088647	         28.33986686	          4.52262747	         -0.12008341	        -20.52848688	          0.05848228	         12.61486691	        -18.39783212	        -11.36589988	          3.83853089	         -4.85600483	         -2.63519962	          6.69524534	          3.42111695	         -2.88517937	          0.10795284	         27.00988938	         -3.10108287	         -1.54505011	          2.33158242	         -5.17386408	        -13.46989945	          8.01756794	          2.32186987	        -13.55557786	         18.61247191	         20.13483100	         36.07280026	         86.51662706	         86.51662706	          0.48679034	          0.39588539	          0.31171317	          0.18347868	          0.11372719	          0.06735510	          0.13501448	          0.10608356	          0.13716094	          0.06428937	          0.05000078	          0.07206143	          0.29061362	          0.39246183	          0.37137748	          0.32585915	          0.05000056	          0.05002314	          0.14928358	          0.38945161	          0.37532608	          0.38611121	          0.05000020	          0.05000020	          0.32186735	          0.06936459	          0.05000577	          0.05000012	          0.24711734	          0.29936710	          0.23995300	          0.05000006	          0.05000018	          0.05000001	          0.08166678	          0.05574356	          0.05000150	          0.62160419	          0.22415983	          0.16291569	          0.37674916	          0.78189673	          0.57401197	          0.10011455	          0.06153822	          0.05000010	          0.25462738	          0.05000019	          0.05000008	          0.34130072	          0.10647194	          0.05000042	          0.06023345	          0.06527599	          0.06935024	          0.05000051	          0.06935410	          0.05000076	          0.66677904	          0.41023587	          0.15386999	          0.11331196	          0.45986392	          0.09757629	          0.05000117	          0.05000226	          0.05000167	          0.05000337	          0.26721112	          0.55511544	          0.05000016	          0.05000086	          0.05000029	          0.18949946	          0.10154124	          0.10278330	          0.08519906	          0.22060136	          0.25716153	          0.24473958	          0.15788739	          0.20363618	          0.16073113	          0.56284554	          0.11746995	          0.05000008	          0.81038321	          0.41700495	          0.10205965	          0.15229224	          0.05000005	          0.05000009	
          1.66403736	         -2.91272083	          1.66714852	         -3.70551267	          2.22858271	          0.90541337	          0.00060431	         28.04430947	          4.85943132	          0.05560246	        -19.74875886	         -0.22254422	         12.47648169	        -19.67320054	        -14.26251153	          3.06786148	         -5.40864971	         -2.82435872	          7.91882008	          3.54092046	         -4.18370432	          0.16583800	         27.31786324	         -2.94474327	         -1.83103496	          2.38640482	         -5.61818083	        -13.48161033	          8.29867309	          1.85776072	        -13.51320961	         18.47442940	         19.13900692	         37.38253129	         86.51662706	         86.51662706	          0.56804589	          0.46064519	          0.34748614	          0.17776847	          0.09656639	          0.05888972	          0.11463459	          0.09969898	          0.11645712	          0.05458528	          0.05000073	          0.06118549	          0.25975247	          0.36636435	          0.38441243	          0.33129024	          0.05000071	          0.05001122	          0.12675260	          0.42063036	          0.39423742	          0.38788595	          0.05000023	          0.05000025	          0.27328323	          0.05889489	          0.05000199	          0.05000018	          0.32104444	          0.35260184	          0.29280609	          0.05000010	          0.05000023	          0.05000003	          0.13789691	          0.05889027	          0.05001380	          0.69013331	          0.23661523	          0.16306536	          0.38957366	          0.81292982	          0.55460747	          0.10015029	          0.05224929	          0.05000016	          0.21619242	          0.05000111	          0.05000095	          0.28978284	          0.09040061	          0.05000182	          0.05115107	          0.05542592	          0.05888921	          0.05000031	          0.05888572	          0.12713753	          0.63687909	          0.42279131	          0.13064829	          0.09620849	          0.47725911	          0.08284847	          0.05000496	          0.05004068	          0.05890791	          0.06936245	          0.22687664	          0.47238390	          0.05000597	          0.05002363	          0.05000281	          0.16089556	          0.08621418	          0.08726872	          0.07233877	          0.18730243	          0.21834457	          0.22678418	          0.13405586	          0.17289809	          0.13646949	          0.47788612	          0.09973836	          0.05000008	          0.68805899	          0.44626952	          0.47523454	          0.16741945	          0.05000017	          0.05000007	
          1.67470427	         -2.90236132	          1.86925420	         -3.93040007	          2.24504780	          0.90530309	          0.00030598	         27.67751014	          5.22004289	          0.25395226	        -18.68737806	         -0.43050381	         12.35300797	        -20.83791173	        -17.57082763	          2.55201881	         -6.12175307	         -3.05280575	          9.12111565	          3.62276032	         -4.90544792	         -0.02283394	         26.45825082	         -2.80630569	         -2.11033244	          2.43315374	         -6.01015245	        -13.49847284	          8.65021249	          1.43205970	        -13.48171864	         18.39621453	         18.20639873	         38.63651704	         86.51662706	         86.51662706	          0.64452824	          0.51771065	          0.40666991	          0.15093703	          0.08199197	          0.05000288	          0.09733100	          0.09377271	          0.09887854	          0.05000065	          0.05000092	          0.05889425	          0.24144213	          0.32657015	          0.36792555	          0.33172811	          0.05000064	          0.05003496	          0.10762267	          0.44316943	          0.40293425	          0.37957381	          0.05000026	          0.05000025	          0.23203305	          0.05000709	          0.05000766	          0.05000018	          0.37010368	          0.38845811	          0.34071064	          0.05000010	          0.05000018	          0.05000002	          0.15629010	          0.05000263	          0.05000119	          0.73142318	          0.20090000	          0.13845138	          0.40670293	          0.84133194	          0.47787735	          0.09848259	          0.05000005	          0.05000016	          0.18355913	          0.05000138	          0.05000135	          0.24604172	          0.07675543	          0.05000271	          0.05204748	          0.05000026	          0.05000063	          0.05000012	          0.05000177	          0.16308368	          0.54074991	          0.39893218	          0.11092890	          0.08168643	          0.50345709	          0.20273339	          0.05000091	          0.05001306	          0.05002100	          0.05889341	          0.19263053	          0.40107936	          0.06936591	          0.05004178	          0.05000169	          0.18589084	          0.07320064	          0.07409599	          0.06141970	          0.15902985	          0.18538653	          0.19255197	          0.25486559	          0.14679979	          0.11587013	          0.40575100	          0.08468325	          0.05655386	          0.58419906	          0.47365149	          0.69332173	          0.17784847	          0.05123552	          0.05000008	
          1.68537117	         -2.89019872	          2.07280469	         -4.13795655	          2.26119277	          0.90538659	         -0.00001303	         27.24905179	          5.60202339	          0.47500598	        -17.42277994	         -0.58644327	         12.20980568	        -21.90887656	        -21.10358628	          2.31899159	         -6.93565192	         -3.32587485	         10.17630355	          3.63049041	         -5.22053951	         -0.44358040	         24.59544212	         -2.68464512	         -2.37868148	          2.47405548	         -6.35105715	        -13.51482024	          9.03402835	          1.05425886	        -13.46297175	         18.38583584	         17.34619049	         39.81505869	         86.51662706	         86.51662706	          0.71756976	          0.56894744	          0.44624017	          0.12815992	          0.08806284	          0.09131949	          0.08263935	          0.07962274	          0.08395348	          0.05000063	          0.05000104	          0.05000750	          0.20499838	          0.27728227	          0.32921576	          0.32336379	          0.05000074	          0.05001235	          0.09137864	          0.45031161	          0.39363417	          0.35311696	          0.05000030	          0.05000029	          0.19700940	          0.05000463	          0.05000423	          0.05000025	          0.43674726	          0.52874791	          0.39057788	          0.05000030	          0.05000116	          0.05000034	          0.22373743	          0.05000287	          0.05000380	          0.79306496	          0.17057500	          0.11755270	          0.48418379	          0.76199758	          0.45785192	          0.10401423	          0.05000008	          0.05000017	          0.15585179	          0.05000099	          0.05000069	          0.20892539	          0.06517046	          0.05000373	          0.06985983	          0.05000193	          0.05000279	          0.05000160	          0.12272927	          0.19483202	          0.45912716	          0.34089890	          0.09418571	          0.06935637	          0.52548668	          0.33898221	          0.09221182	          0.05000486	          0.05000226	          0.05000451	          0.16355391	          0.34053796	          0.05889596	          0.05001174	          0.05000132	          0.18002802	          0.06215132	          0.06291151	          0.05214866	          0.13502492	          0.15740327	          0.16348698	          0.21639469	          0.12464096	          0.09838013	          0.34450441	          0.07190065	          0.06586438	          0.49601641	          0.49900789	          0.82077402	          0.17615246	          0.07306784	          0.05000008	
          1.69603808	         -2.87771178	          2.27321198	         -4.33422009	          2.27699267	          0.90570657	         -0.00034498	         26.75758857	          5.99731670	          0.71974480	        -16.01271096	         -0.70393915	         12.03106729	        -22.87492832	        -24.70831575	          2.35629857	         -7.71059178	         -3.65108458	         11.03092077	          3.63659800	         -5.08750579	         -0.99198297	         22.47237024	         -2.58168563	         -2.62937062	          2.50752924	         -6.64081403	        -13.52538442	          9.41951926	          0.73836212	        -13.45377992	         18.44517338	         16.56114832	         40.89441524	         86.51662706	         86.51662706	          0.78065139	          0.60997123	          0.47802687	          0.12077112	          0.08120169	          0.07761134	          0.07016540	          0.07281842	          0.07128144	          0.05000045	          0.05000063	          0.05000182	          0.17405712	          0.24853376	          0.30811764	          0.30478039	          0.05000085	          0.05000792	          0.07758740	          0.44864494	          0.37641716	          0.32056611	          0.05000020	          0.05000021	          0.16727274	          0.05000342	          0.05000549	          0.05000026	          0.49155653	          0.55239576	          0.42968083	          0.05000028	          0.05000122	          0.06030825	          0.23381290	          0.05000203	          0.05000282	          0.78950380	          0.14482751	          0.09980863	          0.49219590	          0.77931156	          0.40486943	          0.10217284	          0.05000007	          0.05000017	          0.13232698	          0.05000041	          0.05000022	          0.17784011	          0.05533416	          0.05000103	          0.07425512	          0.05000041	          0.05000065	          0.05000022	          0.10420589	          0.21610655	          0.46526629	          0.30244378	          0.07997042	          0.05888761	          0.54922730	          0.40975568	          0.07829353	          0.05000348	          0.05000190	          0.05000120	          0.14749750	          0.28913507	          0.05000628	          0.05000326	          0.05000039	          0.17225109	          0.05277009	          0.05341550	          0.05000055	          0.11464344	          0.13364397	          0.13880924	          0.18373078	          0.37793364	          0.25682533	          0.36914225	          0.06104757	          0.05592243	          0.42114462	          0.42368453	          0.69688126	          0.16713929	          0.07335469	          0.05000008	
          1.70670499	         -2.86615892	          2.45797308	         -4.52159577	          2.29243287	          0.90630822	         -0.00068009	         26.19492444	          6.39050103	          0.99805574	        -14.49720398	         -0.79323856	         11.79419530	        -23.70639355	        -28.24312646	          2.58049235	         -7.85029402	         -3.97580517	         11.67027483	          3.70972701	         -4.64528804	         -1.54701912	         20.87857631	         -2.50036584	         -2.84985738	          2.53299969	         -6.87554975	        -13.52577362	          9.79096541	          0.49005919	        -13.45070370	         18.56238585	         15.84803624	         41.86034618	         86.51662706	         86.51662706	          0.82809604	          0.61873185	          0.46833881	          0.10254230	          0.06894621	          0.06589821	          0.05957478	          0.07393008	          0.06439818	          0.05000053	          0.05000080	          0.05000412	          0.18061926	          0.26168345	          0.30620786	          0.28852937	          0.05000071	          0.05001201	          0.06588409	          0.43360933	          0.35011570	          0.29389288	          0.05000023	          0.05000023	          0.15009609	          0.05000462	          0.05000575	          0.05000027	          0.48924258	          0.54868680	          0.43227760	          0.05000064	          0.05000296	          0.07634896	          0.25364547	          0.05000091	          0.05000121	          0.74908738	          0.12404169	          0.09070105	          0.47915147	          0.75670458	          0.38956034	          0.10772706	          0.05000008	          0.05000021	          0.11235319	          0.05000031	          0.05000017	          0.42891822	          0.05000251	          0.05000091	          0.07456410	          0.05000050	          0.05000097	          0.05000037	          0.13723983	          0.22442835	          0.48429968	          0.25681304	          0.06790104	          0.05000102	          0.55553748	          0.45975628	          0.08010517	          0.05000226	          0.05000114	          0.05000075	          0.14344861	          0.24549126	          0.05000065	          0.05000253	          0.05000048	          0.14625052	          0.05000020	          0.05000018	          0.05000014	          0.09733856	          0.11434718	          0.11785652	          0.15599737	          0.32088611	          0.21805865	          0.36986882	          0.06107123	          0.05000055	          0.35757478	          0.54484731	          0.60573284	          0.15633775	          0.07899643	          0.05000009	
          1.71737189	         -2.85605142	          2.62273471	         -4.70137084	          2.30755331	          0.90721026	         -0.00101225	         25.54280479	          6.77367313	          1.31804252	        -12.89690616	         -0.87262848	         11.49891394	        -24.36322525	        -31.59052413	          2.90873049	         -7.57630600	         -4.25080114	         12.10353078	          3.85049196	         -4.36093445	         -2.02412311	         19.44394108	         -2.43699467	         -3.03770107	          2.54968852	         -7.06126125	        -13.51521361	         10.13880144	          0.30129997	        -13.45016899	         18.71872559	         15.20906545	         42.71218496	         86.51662706	         86.51662706	          0.86898136	          0.61842192	          0.45775341	          0.08706473	          0.05854035	          0.05595335	          0.05756816	          0.07917622	          0.06673946	          0.05000051	          0.05000081	          0.05000481	          0.22773101	          0.27287957	          0.30282331	          0.26983370	          0.05000068	          0.05001296	          0.05741876	          0.40715865	          0.31587390	          0.26458669	          0.05000022	          0.05000023	          0.15054988	          0.05000819	          0.05000420	          0.05000027	          0.48206480	          0.50692740	          0.42491941	          0.05000083	          0.05000209	          0.09124605	          0.27950916	          0.05000110	          0.05000138	          0.69712508	          0.11295842	          0.09936100	          0.41029600	          0.65215855	          0.39982052	          0.10379218	          0.05000009	          0.05000021	          0.09539469	          0.05000040	          0.05000023	          0.43207931	          0.05000970	          0.05000131	          0.06553257	          0.05041094	          0.05000658	          0.05794207	          0.18244934	          0.21909173	          0.44416288	          0.21804967	          0.05765412	          0.05000078	          0.56085871	          0.45461789	          0.15158641	          0.05000245	          0.05000112	          0.05000059	          0.13862449	          0.20843535	          0.05000142	          0.05000377	          0.05000059	          0.12417462	          0.05000010	          0.05000009	          0.05000006	          0.08264574	          0.09708721	          0.10006652	          0.13245026	          0.27244982	          0.18514370	          0.36461924	          0.05185483	          0.06552189	          0.31542053	          0.53046887	          0.58047881	          0.14908775	          0.06887384	          0.05000011	
          1.72803880	         -2.84729796	          2.76705696	         -4.86948697	          2.32239737	          0.90837130	         -0.00133055	         24.79016379	          7.14083525	          1.67757385	        -11.22125544	         -0.94126527	         11.15595346	        -24.82189180	        -34.73784424	          3.27886918	         -7.08561538	         -4.45973418	         12.35386210	          4.05293820	         -4.14718574	         -2.37257648	         18.12861839	         -2.38791768	         -3.19652037	          2.55633573	         -7.20437680	        -13.49981711	         10.46374161	          0.15487611	        -13.44976025	         18.88766735	         14.65241715	         43.47039009	         86.51662706	         86.51662706	          0.89408465	          0.60880629	          0.44035849	          0.07392493	          0.05000668	          0.05000759	          0.06433052	          0.08884386	          0.07131301	          0.05000047	          0.05000072	          0.05000505	          0.22642430	          0.25940818	          0.29252700	          0.24634844	          0.05000069	          0.05001271	          0.06810828	          0.36884648	          0.27315336	          0.22792041	          0.05000020	          0.05000021	          0.12782574	          0.05000563	          0.05000309	          0.05000029	          0.43824085	          0.54874370	          0.40720738	          0.05000145	          0.05000118	          0.10620836	          0.30334213	          0.05000162	          0.05000200	          0.63342116	          0.09590898	          0.10049201	          0.34836491	          0.56509127	          0.38458253	          0.09851363	          0.05000010	          0.05000021	          0.08099899	          0.05000040	          0.05000022	          0.55470856	          0.05001655	          0.05000140	          0.05701808	          0.05409929	          0.05000346	          0.05741284	          0.18511345	          0.21230702	          0.41145194	          0.18513683	          0.05000589	          0.05000065	          0.56152424	          0.44677115	          0.15248097	          0.05000228	          0.05000097	          0.05000046	          0.13770300	          0.17697298	          0.05000113	          0.05000353	          0.05000056	          0.10543118	          0.05000012	          0.05000011	          0.05000007	          0.07017090	          0.08243325	          0.08496187	          0.11245774	          0.23132493	          0.15719720	          0.33070903	          0.05000198	          0.05563179	          0.26780959	          0.52017067	          0.51531794	          0.14201359	          0.06527499	          0.05000012	
          1.73870571	         -2.83984737	          2.89004592	         -5.02230460	          2.33700298	          0.90973608	         -0.00163040	         23.93036959	          7.48341555	          2.06651430	         -9.48524831	         -0.99947349	         10.77114898	        -25.06762762	        -37.67797931	          3.64679046	         -6.38903102	         -4.59828310	         12.43734387	          4.30367863	         -3.92464141	         -2.57857355	         16.93725366	         -2.35080811	         -3.32783667	          2.55264573	         -7.30987709	        -13.48416961	         10.76501379	          0.03454656	        -13.44984043	         19.04708284	         14.18418057	         44.15779987	         86.51662706	         86.51662706	          0.91160592	          0.59135920	          0.42598894	          0.07728353	          0.05001197	          0.05000651	          0.08539247	          0.11262366	          0.08528776	          0.05000088	          0.05000085	          0.05001987	          0.19224896	          0.22026882	          0.26377950	          0.22318538	          0.05000072	          0.05001754	          0.11542691	          0.32276979	          0.23192359	          0.19351856	          0.05000024	          0.05000024	          0.10853136	          0.05000327	          0.05000264	          0.05000019	          0.45089436	          0.55694408	          0.42475036	          0.05915027	          0.05000076	          0.12009443	          0.32597428	          0.05000735	          0.05000469	          0.58346171	          0.08143243	          0.10055857	          0.29578288	          0.50149679	          0.36819143	          0.09097362	          0.05000012	          0.05000022	          0.08816117	          0.05000038	          0.05000020	          0.62515592	          0.05119131	          0.05000124	          0.05003064	          0.08755888	          0.05000498	          0.07479407	          0.19455316	          0.20800909	          0.40766683	          0.15719193	          0.05000533	          0.05000056	          0.54902699	          0.44710130	          0.17569528	          0.05000192	          0.05000076	          0.05000034	          0.13003975	          0.15025999	          0.05000083	          0.05000303	          0.05000052	          0.14691618	          0.05000010	          0.05000009	          0.05000006	          0.06491768	          0.08138285	          0.07213720	          0.09548279	          0.19640792	          0.13346910	          0.31562007	          0.05000268	          0.05000064	          0.23975683	          0.49996524	          0.49608559	          0.13147647	          0.06188860	          0.05000016	
          1.74937261	         -2.83408367	          2.99127438	         -5.15676525	          2.35139550	          0.91126718	         -0.00190996	         22.95759601	          7.79297419	          2.47306575	         -7.70228999	         -1.04988107	         10.35050457	        -25.08784380	        -40.38570911	          3.98912671	         -5.55333690	         -4.66690105	         12.36750673	          4.57052474	         -3.70482511	         -2.65808023	         15.85038727	         -2.32530480	         -3.43311577	          2.53801298	         -7.37913078	        -13.47062805	         11.03992541	         -0.06974250	        -13.45008662	         19.18248055	         13.80410853	         44.78663823	         86.51662706	         86.51662706	          0.91314214	          0.56149301	          0.41060025	          0.12465363	          0.06722376	          0.10326186	          0.09865260	          0.12951935	          0.09448129	          0.05000217	          0.05000091	          0.05000327	          0.16323027	          0.18702742	          0.22795316	          0.20165175	          0.05000073	          0.05001095	          0.11176956	          0.28495901	          0.19691827	          0.16431089	          0.05000022	          0.05000023	          0.09214946	          0.05000409	          0.05000356	          0.05000017	          0.44141787	          0.54679766	          0.41641172	          0.07762279	          0.05000074	          0.13691789	          0.34676098	          0.05002568	          0.05000998	          0.53317117	          0.06914110	          0.10522549	          0.25113863	          0.46958627	          0.35483478	          0.08228790	          0.05000013	          0.05000024	          0.13313549	          0.05000038	          0.05000021	          0.63017046	          0.05003485	          0.05000134	          0.05608016	          0.11559705	          0.05116487	          0.09571754	          0.19974264	          0.20074291	          0.40925174	          0.13346505	          0.05000513	          0.05000051	          0.53792253	          0.43379682	          0.20538952	          0.05000182	          0.05000068	          0.05000029	          0.12244757	          0.12794313	          0.05000091	          0.05000332	          0.05000057	          0.17363595	          0.05000009	          0.05000009	          0.05000006	          0.06178595	          0.07961138	          0.06124838	          0.08107024	          0.16676172	          0.11332268	          0.30339631	          0.05000129	          0.05000047	          0.20736860	          0.47089473	          0.46761209	          0.12094312	          0.05730319	          0.05000018	
          1.76003952	         -2.83040231	          3.07060842	         -5.27039593	          2.36558231	          0.91293353	         -0.00216919	         21.88272577	          8.06418421	          2.89158413	         -5.88079937	         -1.09392395	          9.90225904	        -24.89896771	        -42.84690367	          4.28826936	         -4.61457000	         -4.66758872	         12.16151130	          4.82786830	         -3.49031304	         -2.64130622	         14.85810509	         -2.31327553	         -3.51402851	          2.51239691	         -7.40913968	        -13.46022387	         11.28537064	         -0.16221034	        -13.45011950	         19.28572023	         13.50685169	         45.36136118	         86.51662706	         86.51662706	          0.90292489	          0.52405446	          0.39195908	          0.16619837	          0.14386749	          0.19083873	          0.10742783	          0.13963742	          0.10108684	          0.05000208	          0.05000088	          0.05000231	          0.13859164	          0.15880401	          0.21053185	          0.18795724	          0.05000072	          0.05000900	          0.09490090	          0.26441691	          0.17117818	          0.14724027	          0.05000020	          0.05000021	          0.07824042	          0.05000431	          0.05000622	          0.05000017	          0.41299195	          0.51535809	          0.39186166	          0.10093381	          0.05000083	          0.15289427	          0.36541324	          0.05000289	          0.05000393	          0.47555862	          0.05870595	          0.11577164	          0.21323234	          0.41829398	          0.35899347	          0.07768230	          0.05000015	          0.05000025	          0.16029573	          0.05000039	          0.05000021	          0.64801045	          0.06416397	          0.05000138	          0.05007161	          0.12728620	          0.05001676	          0.10173964	          0.19383316	          0.19291780	          0.40055050	          0.11331955	          0.05000459	          0.05000047	          0.52100596	          0.41596609	          0.21481902	          0.05000168	          0.05000058	          0.05000025	          0.11428049	          0.11509993	          0.05000085	          0.05000329	          0.05000060	          0.18816512	          0.05000010	          0.05000010	          0.05000007	          0.06206454	          0.07195241	          0.05241628	          0.06883348	          0.14159069	          0.09621733	          0.29448885	          0.05000097	          0.05000031	          0.19156513	          0.43917952	          0.45348780	          0.11322265	          0.05340951	          0.05000022	
          1.77070642	         -2.82883282	          3.12797608	         -5.36151004	          2.37956827	          0.91469789	         -0.00240839	         20.72812722	          8.29337153	          3.31576039	         -4.02899093	         -1.13302173	          9.43401526	        -24.53704862	        -45.05186157	          4.52365925	         -3.61496788	         -4.60490114	         11.83572931	          5.06674385	         -3.25584705	         -2.55397867	         13.95230014	         -2.31622295	         -3.57219604	          2.47578334	         -7.39667879	        -13.45336460	         11.49783423	         -0.24432423	        -13.44990918	         19.35358172	         13.28466087	         45.88228952	         86.51662706	         86.51662706	          0.88347580	          0.48688640	          0.37311422	          0.22877196	          0.22014755	          0.26902106	          0.11060859	          0.14270949	          0.10333839	          0.05000150	          0.05000086	          0.05000155	          0.11767204	          0.13484091	          0.19577797	          0.18070678	          0.05000076	          0.05000700	          0.08057704	          0.25514059	          0.15988454	          0.14160840	          0.05000019	          0.05000019	          0.06643105	          0.05000455	          0.05001391	          0.05000017	          0.37206054	          0.46941128	          0.35544468	          0.12299181	          0.05000066	          0.16606781	          0.38225805	          0.05000338	          0.05002630	          0.40377551	          0.05000136	          0.12309907	          0.18104866	          0.35515524	          0.35468960	          0.07683231	          0.05000016	          0.05000026	          0.16937723	          0.05000042	          0.05000022	          0.65534808	          0.10080635	          0.05000151	          0.05203527	          0.12919271	          0.05003115	          0.12045266	          0.19424888	          0.18556561	          0.38074750	          0.09621484	          0.05000382	          0.05000043	          0.50224848	          0.39666347	          0.23403979	          0.05000156	          0.05000051	          0.05000022	          0.10734700	          0.10686747	          0.05000086	          0.05000348	          0.05000064	          0.19035909	          0.05000011	          0.05000010	          0.05000007	          0.05432852	          0.06109249	          0.05000008	          0.05844387	          0.12021851	          0.08169394	          0.29052549	          0.05000064	          0.05000031	          0.18516111	          0.41568617	          0.44764827	          0.10781777	          0.05079404	          0.05000024	
          1.78137333	         -2.82908539	          3.16316201	         -5.42942198	          2.39335921	          0.91651602	         -0.00262719	         19.51596619	          8.47858969	          3.74075742	         -2.15128392	         -1.16797637	          8.95145165	        -24.04022440	        -47.00483255	          4.68750979	         -2.58662224	         -4.48807161	         11.40577384	          5.29125330	         -2.99974479	         -2.39926827	         13.10581249	         -2.33468329	         -3.60889548	          2.42807462	         -7.33962249	        -13.45009384	         11.67377733	         -0.31606600	        -13.44972927	         19.38588896	         13.12906781	         46.34787126	         86.51662706	         86.51662706	          0.85518924	          0.45620228	          0.35694789	          0.28647393	          0.28955701	          0.32916852	          0.10771707	          0.13796771	          0.10177140	          0.05000070	          0.05000076	          0.05000112	          0.09991014	          0.11449572	          0.19006928	          0.18277589	          0.05000077	          0.05000549	          0.06841501	          0.25518329	          0.15956766	          0.14832111	          0.05000016	          0.05000016	          0.05640466	          0.05000414	          0.05001800	          0.05000020	          0.32810418	          0.41778340	          0.31452167	          0.14729996	          0.05000059	          0.17694157	          0.39531946	          0.05000394	          0.07233775	          0.34282727	          0.05000164	          0.14131917	          0.15372643	          0.30154623	          0.34149100	          0.07902110	          0.05000018	          0.05000025	          0.15756044	          0.05000045	          0.05000024	          0.65896417	          0.14228181	          0.05000174	          0.05005557	          0.11838721	          0.05000671	          0.13431898	          0.19520050	          0.17824732	          0.35344161	          0.08169200	          0.05000315	          0.05000039	          0.48123797	          0.37953568	          0.24608925	          0.05000144	          0.05000045	          0.05000020	          0.10305289	          0.10217046	          0.05000089	          0.05000377	          0.05000072	          0.18123856	          0.05000012	          0.05000012	          0.05000008	          0.05000041	          0.05187117	          0.05000009	          0.05000163	          0.10207233	          0.06936285	          0.28981995	          0.05000079	          0.05000034	          0.20101134	          0.39375766	          0.45232081	          0.10610828	          0.05000160	          0.05000025	
          1.79204024	         -2.83062077	          3.17576259	         -5.47406089	          2.40696810	          0.91834359	         -0.00282508	         18.26173960	          8.61930887	          4.16389753	         -0.25271900	         -1.19842756	          8.45951261	        -23.44014150	        -48.71333906	          4.79627815	         -1.55926180	         -4.32332837	         10.89067141	          5.51038694	         -2.71363930	         -2.17122559	         12.29965901	         -2.36754718	         -3.62467597	          2.36915309	         -7.23769670	        -13.45002126	         11.81107817	         -0.37810761	        -13.44971856	         19.38206147	         13.03163967	         46.75627296	         86.51662706	         86.51662706	          0.82022004	          0.43407762	          0.34246159	          0.34842775	          0.34391981	          0.37900228	          0.09996080	          0.12661748	          0.09738912	          0.05000044	          0.05000070	          0.05000093	          0.08482933	          0.09722326	          0.19254924	          0.18931426	          0.05000079	          0.05000465	          0.05808897	          0.25857947	          0.16370261	          0.15835218	          0.05000015	          0.05000015	          0.05000276	          0.05000383	          0.05149160	          0.05000028	          0.29426907	          0.36803349	          0.27624677	          0.17243970	          0.05000056	          0.18549807	          0.40704637	          0.05001139	          0.10359208	          0.29107886	          0.05000299	          0.16086368	          0.13052804	          0.25602914	          0.32186699	          0.08192487	          0.05000017	          0.05000025	          0.13379088	          0.05000048	          0.05000026	          0.65355917	          0.17382330	          0.05000201	          0.05004237	          0.10051819	          0.05000384	          0.15276982	          0.19647153	          0.17131040	          0.31949083	          0.06936135	          0.05000255	          0.05000035	          0.45740950	          0.36149588	          0.25917721	          0.05000131	          0.05000039	          0.05000018	          0.09895822	          0.09867887	          0.05000094	          0.05000419	          0.05000082	          0.16303722	          0.05000013	          0.05000013	          0.05000009	          0.05000020	          0.05000037	          0.05000004	          0.05000052	          0.08666513	          0.05889313	          0.29086524	          0.05000084	          0.05000048	          0.26523581	          0.37902765	          0.46114770	          0.10645700	          0.05000179	          0.05000025	
          1.80270714	         -2.83284020	          3.16574965	         -5.49557710	          2.42041157	          0.92014326	         -0.00300120	         16.97331678	          8.71572189	          4.58261488	          1.66223193	         -1.22325027	          7.96157801	        -22.75514196	        -50.18990727	          4.86594812	         -0.55125981	         -4.11684943	         10.30563477	          5.72602740	         -2.41236120	         -1.87338416	         11.50607875	         -2.41278883	         -3.62009680	          2.29911894	         -7.09160655	        -13.45266428	         11.91021550	         -0.43239545	        -13.44974346	         19.33990429	         12.98482099	         47.10711054	         86.51662706	         86.51662706	          0.78086492	          0.41666330	          0.32575004	          0.40830334	          0.40089740	          0.42042927	          0.08777749	          0.10982299	          0.09035671	          0.05000030	          0.05000062	          0.05000075	          0.07202491	          0.08255743	          0.18847643	          0.19516646	          0.05000086	          0.05000382	          0.05000172	          0.26047037	          0.16679955	          0.16521443	          0.05000013	          0.05000013	          0.05000254	          0.05000339	          0.06896459	          0.05000032	          0.27758124	          0.33021843	          0.24960014	          0.19907785	          0.05000086	          0.19269791	          0.41834113	          0.05717543	          0.13129849	          0.24714165	          0.05000456	          0.17915952	          0.11082767	          0.21738264	          0.30962087	          0.08340537	          0.05000018	          0.05000023	          0.11360347	          0.05000052	          0.05000029	          0.58760616	          0.19513049	          0.05000234	          0.05003075	          0.08534565	          0.05000232	          0.17525664	          0.19966564	          0.16577789	          0.28078253	          0.05889209	          0.05000209	          0.05000031	          0.43319599	          0.34764573	          0.27077862	          0.05000120	          0.05000035	          0.05000017	          0.09758257	          0.09764340	          0.05000097	          0.05000460	          0.05000086	          0.13842828	          0.05000015	          0.05000014	          0.05000010	          0.05000020	          0.05000043	          0.05000004	          0.05000031	          0.07358355	          0.05000398	          0.29077901	          0.05000173	          0.05000096	          0.33317397	          0.36721021	          0.46232346	          0.10774005	          0.05000090	          0.05000025	
          1.81337405	         -2.83528777	          3.13264215	         -5.49366907	          2.43370668	          0.92189141	         -0.00315408	         15.65073424	          8.76717477	          4.99206081	          3.58960126	         -1.23910977	          7.45853236	        -21.98651638	        -51.45217932	          4.89666594	          0.43362442	         -3.87889057	          9.66659821	          5.94162112	         -2.10863846	         -1.52478547	         10.70321092	         -2.46831989	         -3.59496332	          2.21814617	         -6.90193394	        -13.45738359	         11.97474042	         -0.48150192	        -13.44997489	         19.25821763	         12.98167430	         47.40112919	         86.51662706	         86.51662706	          0.73819253	          0.40192676	          0.31082696	          0.46176079	          0.44924859	          0.45546370	          0.07594607	          0.09325781	          0.08451533	          0.05000025	          0.05000059	          0.05000062	          0.06115333	          0.07010424	          0.16583120	          0.20133618	          0.05000091	          0.05000321	          0.05000153	          0.26287372	          0.17007724	          0.17284046	          0.05000012	          0.05000012	          0.05000191	          0.05000313	          0.09954341	          0.05942234	          0.26695943	          0.30326158	          0.23112471	          0.22550768	          0.06770175	          0.19738554	          0.42840961	          0.06916328	          0.15496376	          0.20983658	          0.05000280	          0.19810277	          0.09409965	          0.18456967	          0.31032042	          0.08262816	          0.05000019	          0.05000023	          0.09645827	          0.05000054	          0.05000028	          0.49891263	          0.16568907	          0.05000256	          0.05002118	          0.07246327	          0.05000152	          0.19984825	          0.20281483	          0.16050318	          0.23958173	          0.05000400	          0.05000173	          0.05000028	          0.40671918	          0.33504378	          0.27651657	          0.05000103	          0.05000030	          0.05000015	          0.09664997	          0.09644537	          0.05000080	          0.05000411	          0.05000088	          0.11753319	          0.05000016	          0.05000016	          0.05000011	          0.05000020	          0.05000039	          0.05000004	          0.05000025	          0.06247661	          0.05000098	          0.29373524	          0.05619671	          0.05000260	          0.38243390	          0.35863656	          0.46381185	          0.10880288	          0.05000071	          0.05000027	
          1.82404095	         -2.83773047	          3.07623770	         -5.46782177	          2.44687000	          0.92358091	         -0.00328177	         14.28988489	          8.77313175	          5.38761944	          5.52402178	         -1.24188133	          6.94903828	        -21.12677277	        -52.51484933	          4.88253366	          1.39004821	         -3.61936408	          8.98686275	          6.16168471	         -1.79921260	         -1.14919415	          9.88057143	         -2.53227900	         -3.54921492	          2.12663039	         -6.66900393	        -13.46323437	         12.00915810	         -0.52750561	        -13.45042887	         19.13795408	         13.01599633	         47.63730252	         86.51662706	         86.51662706	          0.69386145	          0.38930025	          0.29927208	          0.52641161	          0.49845894	          0.48917779	          0.06690009	          0.07918559	          0.08052978	          0.05000022	          0.05000057	          0.05000053	          0.05192296	          0.05953019	          0.14081065	          0.20421548	          0.05000095	          0.05000276	          0.05000123	          0.26318313	          0.17067752	          0.17670628	          0.05000011	          0.05000012	          0.05000144	          0.05000281	          0.14157257	          0.08348610	          0.25518515	          0.27892413	          0.21448476	          0.25330824	          0.10866020	          0.19992091	          0.43741301	          0.07765843	          0.17610216	          0.17816256	          0.05000166	          0.21912154	          0.07989625	          0.15670969	          0.33541334	          0.08018817	          0.05000016	          0.05000024	          0.08189890	          0.05000057	          0.05000031	          0.42360440	          0.14068072	          0.05000286	          0.05001614	          0.06152544	          0.05000117	          0.22347169	          0.20085566	          0.15331319	          0.20963012	          0.05000214	          0.05000157	          0.05000028	          0.37840461	          0.31545868	          0.27816489	          0.05000096	          0.05000028	          0.05000015	          0.09144354	          0.09243689	          0.05000088	          0.05000478	          0.05000100	          0.09979210	          0.05000018	          0.05000018	          0.05000013	          0.05000019	          0.05000039	          0.05000005	          0.05000024	          0.05304644	          0.05000124	          0.30064887	          0.07372383	          0.05000200	          0.40724540	          0.35220657	          0.46031168	          0.10855760	          0.05000166	          0.05000028	
          1.83470786	         -2.84009368	          2.99737617	         -5.41810177	          2.45991736	          0.92521456	         -0.00338244	         12.88735106	          8.73426555	          5.76761200	          7.45728468	         -1.22907979	          6.43205287	        -20.17021991	        -53.38538421	          4.82349947	          2.31422251	         -3.34729751	          8.27809845	          6.38029864	         -1.48266125	         -0.76624398	          9.02889599	         -2.60314044	         -3.48373677	          2.02540565	         -6.39364746	        -13.46904086	         12.01703003	         -0.57119005	        -13.45078313	         18.98220540	         13.08331813	         47.81157548	         86.51662706	         86.51662706	          0.64615852	          0.37550935	          0.29069086	          0.57763694	          0.54208282	          0.51579963	          0.05683359	          0.06723483	          0.07525673	          0.05000020	          0.05000058	          0.05000043	          0.05000107	          0.05055431	          0.11955990	          0.20122031	          0.05000108	          0.05000231	          0.05000104	          0.26134296	          0.16924949	          0.17502231	          0.05000011	          0.05000011	          0.05000126	          0.05000285	          0.18184195	          0.10380195	          0.24052807	          0.25505603	          0.19827145	          0.28329623	          0.15486727	          0.20114722	          0.44512967	          0.07722802	          0.19292574	          0.15126961	          0.05000141	          0.24211618	          0.06783673	          0.13305506	          0.36959323	          0.07656506	          0.05000015	          0.05000024	          0.06953695	          0.05000058	          0.05000032	          0.35966329	          0.11944635	          0.05000302	          0.05001429	          0.05223877	          0.05000091	          0.24636376	          0.20066581	          0.14828187	          0.18946164	          0.05000210	          0.05000144	          0.05000027	          0.35257970	          0.30127843	          0.26611692	          0.05000087	          0.05000027	          0.05000015	          0.08857635	          0.08982742	          0.05000093	          0.05000532	          0.05000113	          0.08472896	          0.05000020	          0.05000020	          0.05000014	          0.05000022	          0.05000045	          0.05000005	          0.05000022	          0.05000080	          0.05000092	          0.30674213	          0.09640466	          0.05000416	          0.43208158	          0.34937834	          0.46046195	          0.10682920	          0.05320396	          0.05000028	
          1.84537477	         -2.84239445	          2.89801293	         -5.34543621	          2.47286148	          0.92679424	         -0.00345654	         11.44297774	          8.65282890	          6.13036435	          9.38048933	         -1.20019079	          5.90805506	        -19.11625626	        -54.06842196	          4.71836486	          3.20533010	         -3.07326794	          7.55042497	          6.58813129	         -1.15605790	         -0.38791067	          8.13528802	         -2.68014435	         -3.40000311	          1.91514783	         -6.07764178	        -13.47347633	         12.00162157	         -0.61124207	        -13.45096192	         18.79647258	         13.18151647	         47.91780573	         86.51662706	         86.51662706	          0.59549578	          0.35803547	          0.28315010	          0.60979733	          0.57262005	          0.53257508	          0.05001981	          0.05708872	          0.07023060	          0.05000020	          0.05000060	          0.05000036	          0.05000097	          0.05001662	          0.10151528	          0.19150148	          0.05000131	          0.05000197	          0.05000094	          0.25550349	          0.16435597	          0.16671244	          0.05000011	          0.05000011	          0.05000109	          0.05000296	          0.21655149	          0.12158196	          0.22055117	          0.22865445	          0.17951383	          0.31387563	          0.20014799	          0.20037634	          0.45096204	          0.06561194	          0.20657183	          0.12843604	          0.05000129	          0.26585996	          0.05759769	          0.11297100	          0.40780747	          0.07244504	          0.05000015	          0.05000024	          0.05904094	          0.05000057	          0.05000037	          0.30537371	          0.10141692	          0.05000290	          0.05001107	          0.05000085	          0.05000073	          0.25936495	          0.19880054	          0.14580836	          0.17955825	          0.05000222	          0.05000140	          0.05000026	          0.32793623	          0.29010664	          0.22595210	          0.05000084	          0.05000027	          0.05000016	          0.08632193	          0.08850634	          0.05000134	          0.05000863	          0.05000138	          0.07193960	          0.05000023	          0.05000023	          0.05000016	          0.05000010	          0.05000020	          0.05000002	          0.05000022	          0.05000279	          0.05000136	          0.31568088	          0.12742324	          0.05000420	          0.43642785	          0.34847728	          0.45426349	          0.10422788	          0.05650380	          0.05000029	
          1.85604167	         -2.84463607	          2.78124493	         -5.25112603	          2.48571471	          0.92831474	         -0.00350645	          9.96071487	          8.53313239	          6.47493528	         11.28233998	         -1.15630777	          5.38009047	        -17.97128339	        -54.56158630	          4.56253611	          4.05624679	         -2.80946113	          6.81529970	          6.77677357	         -0.81455788	         -0.01284322	          7.19057516	         -2.76277683	         -3.30045777	          1.79651643	         -5.72377716	        -13.47554620	         11.96666045	         -0.64544787	        -13.45100456	         18.58704000	         13.31043927	         47.94888854	         86.51662706	         86.51662706	          0.54365701	          0.33607717	          0.27258182	          0.61748372	          0.58519107	          0.53973136	          0.05000490	          0.05000657	          0.06552562	          0.05000022	          0.05000068	          0.05000034	          0.05000084	          0.05001383	          0.08619392	          0.17628567	          0.05000167	          0.05000185	          0.05000093	          0.24319007	          0.15534160	          0.15411815	          0.05000012	          0.05000012	          0.05000106	          0.05000325	          0.24466693	          0.13585724	          0.19515455	          0.19764959	          0.15837865	          0.34398835	          0.24263228	          0.19727403	          0.45566774	          0.05571280	          0.21674557	          0.10904912	          0.05000231	          0.28951170	          0.05000140	          0.09591857	          0.45144621	          0.06739306	          0.05000016	          0.05000025	          0.05012955	          0.05000059	          0.05000035	          0.25927888	          0.08610887	          0.05000284	          0.05000721	          0.05000059	          0.05000046	          0.24425679	          0.19307790	          0.14635093	          0.17088130	          0.05000192	          0.05000127	          0.05000026	          0.30437442	          0.28249680	          0.19184628	          0.05000074	          0.05000024	          0.05000015	          0.08573634	          0.08795425	          0.05000101	          0.05000538	          0.05000150	          0.06108100	          0.05000031	          0.05000031	          0.05000022	          0.05000025	          0.05000056	          0.05000011	          0.05000021	          0.05000174	          0.05000104	          0.32228192	          0.12270018	          0.06440959	          0.47124510	          0.34842243	          0.44520224	          0.10109465	          0.05618534	          0.05000031	
          1.86670858	         -2.84675652	          2.65151641	         -5.13600327	          2.49849193	          0.92976156	         -0.00353609	          8.44892330	          8.38195386	          6.80105424	         13.14598131	         -1.10022031	          4.85264180	        -16.75050072	        -54.84942592	          4.35305422	          4.86109830	         -2.56866556	          6.08064707	          6.93723242	         -0.44438387	          0.36680517	          6.18121108	         -2.85023059	         -3.18922889	          1.67039154	         -5.33554293	        -13.47503902	         11.91693047	         -0.67229239	        -13.45076819	         18.35914074	         13.47137919	         47.89790698	         86.51662706	         86.51662706	          0.49196659	          0.31217347	          0.26065213	          0.60919150	          0.58436061	          0.53429978	          0.05000287	          0.05000326	          0.06113869	          0.05000024	          0.05000079	          0.05000031	          0.05000068	          0.05000928	          0.07318513	          0.15524165	          0.05000314	          0.05000167	          0.05000091	          0.22806504	          0.14426359	          0.13562783	          0.05000013	          0.05000013	          0.05000105	          0.05000394	          0.26083056	          0.14665427	          0.16570099	          0.16781683	          0.13447763	          0.37236643	          0.28102328	          0.19120425	          0.45951505	          0.05000602	          0.22809300	          0.09258858	          0.05534599	          0.30930094	          0.05000129	          0.08144016	          0.49966733	          0.06218099	          0.05000015	          0.05000025	          0.05000059	          0.05000054	          0.05000047	          0.22014186	          0.07311143	          0.05000256	          0.05000717	          0.05000060	          0.05000041	          0.20937854	          0.20291544	          0.14597874	          0.16891667	          0.05000234	          0.05000128	          0.05000026	          0.28418375	          0.27427224	          0.16288832	          0.05000077	          0.05000027	          0.05000017	          0.08544813	          0.08830510	          0.05000308	          0.05059514	          0.05000248	          0.05186523	          0.05000035	          0.05000036	          0.05000026	          0.05000011	          0.05000022	          0.05000002	          0.05000019	          0.05000127	          0.05000099	          0.32953339	          0.16695235	          0.05468805	          0.48929175	          0.35033828	          0.43798219	          0.09750525	          0.05623161	          0.05000031	
          1.87737549	         -2.84868316	          2.51382425	         -5.00089607	          2.51120888	          0.93111148	         -0.00355093	          6.91813649	          8.20752693	          7.10879597	         14.95093100	         -1.03554201	          4.33320549	        -15.47358365	        -54.90771798	          4.08898602	          5.62293890	         -2.36541186	          5.35495208	          7.06151873	         -0.04459534	          0.76153987	          5.09429583	         -2.94164557	         -3.07102612	          1.53775678	         -4.91717346	        -13.47216369	         11.85778700	         -0.69065784	        -13.45040161	         18.11735009	         13.66714069	         47.75922791	         86.51662706	         86.51662706	          0.44495324	          0.28952581	          0.24957863	          0.58670754	          0.56933554	          0.52232921	          0.05011160	          0.05000621	          0.06132613	          0.05000031	          0.05000103	          0.05000032	          0.05000066	          0.05000786	          0.06214031	          0.13476688	          0.08799390	          0.05000170	          0.05000104	          0.21089026	          0.13233974	          0.11790738	          0.05000016	          0.05000016	          0.05000112	          0.05000486	          0.27110747	          0.15280036	          0.14069029	          0.14248634	          0.11418001	          0.39925321	          0.31709498	          0.18247037	          0.46279268	          0.05003869	          0.23965708	          0.07861269	          0.07262285	          0.32365262	          0.05000089	          0.06914727	          0.54498693	          0.05783058	          0.05000017	          0.05000028	          0.05000053	          0.05000053	          0.05000052	          0.18691241	          0.06207597	          0.05000234	          0.05000500	          0.05000044	          0.05000032	          0.17777385	          0.19817137	          0.14571987	          0.17532307	          0.05000246	          0.05000125	          0.05000026	          0.26440068	          0.26381467	          0.13830122	          0.05000075	          0.05000028	          0.05000019	          0.08364014	          0.08698428	          0.05266242	          0.10103680	          0.05000357	          0.05000289	          0.05000057	          0.05000059	          0.05000049	          0.05000009	          0.05000017	          0.05000002	          0.05000018	          0.05000197	          0.05000112	          0.33491140	          0.16468397	          0.06552032	          0.50658759	          0.35157318	          0.43211439	          0.09243049	          0.05375094	          0.05000035	
          1.88804239	         -2.85039094	          2.37226220	         -4.84638121	          2.52388160	          0.93233718	         -0.00355471	          5.37610572	          8.01712269	          7.39846801	         16.67677967	         -0.96563012	          3.82641804	        -14.15606856	        -54.71098174	          3.77237390	          6.32968850	         -2.21407576	          4.64900298	          7.14382648	          0.38255125	          1.18079110	          3.94926978	         -3.03613686	         -2.95017943	          1.39951819	         -4.47309122	        -13.46763807	         11.79577314	         -0.69993740	        -13.45001108	         17.86565115	         13.90078802	         47.52848746	         86.51662706	         86.51662706	          0.40490227	          0.26941758	          0.23761240	          0.56140102	          0.55061465	          0.50578832	          0.05634919	          0.05001171	          0.06103263	          0.05000039	          0.05000126	          0.05000031	          0.05000063	          0.05000693	          0.05276423	          0.11564731	          0.13496691	          0.05000166	          0.05000112	          0.19379217	          0.12041300	          0.10027839	          0.05000018	          0.05000018	          0.05000109	          0.05000570	          0.27150912	          0.15573575	          0.11945521	          0.12097966	          0.09694684	          0.42506818	          0.35080426	          0.17195473	          0.46481115	          0.05532954	          0.24833016	          0.06674642	          0.08959321	          0.33582078	          0.05000077	          0.05871013	          0.58127537	          0.05418598	          0.05000018	          0.05000030	          0.05000052	          0.05000055	          0.05000054	          0.15869882	          0.05270660	          0.05000216	          0.05000352	          0.05000033	          0.05000024	          0.15093963	          0.18786262	          0.14810181	          0.17701435	          0.05000297	          0.05000140	          0.05000029	          0.24759116	          0.24908128	          0.11742537	          0.05000075	          0.05000030	          0.05000021	          0.08328396	          0.08725461	          0.05754121	          0.12703119	          0.05000379	          0.05000209	          0.05000143	          0.05000152	          0.05000129	          0.05000011	          0.05000023	          0.05000004	          0.05000018	          0.05000169	          0.05000104	          0.33475646	          0.17860293	          0.06545235	          0.52094322	          0.35254401	          0.42890674	          0.08755931	          0.05135309	          0.05000036	
          1.89870930	         -2.85188774	          2.23011846	         -4.67306925	          2.53652507	          0.93341140	         -0.00355007	          3.82853184	          7.81677625	          7.67246500	         18.30599102	         -0.89339098	          3.33510255	        -12.81122137	        -54.23993058	          3.40812317	          6.96616010	         -2.12250603	          3.97231341	          7.18472611	          0.82388783	          1.62798277	          2.76840653	         -3.13285360	         -2.83035900	          1.25667157	         -4.00731267	        -13.46240929	         11.73986705	         -0.70006863	        -13.44974766	         17.60698792	         14.17477866	         47.20324099	         86.51662706	         86.51662706	          0.37350710	          0.25194867	          0.22295532	          0.54032189	          0.53186568	          0.48665025	          0.05972780	          0.05001967	          0.05909457	          0.05000049	          0.05000155	          0.05000033	          0.05000067	          0.05000676	          0.05001098	          0.10103284	          0.17772050	          0.05000173	          0.05000128	          0.17984388	          0.11429171	          0.09239500	          0.05000021	          0.05000021	          0.05000122	          0.05000640	          0.26444183	          0.14900934	          0.10142723	          0.10272052	          0.08231783	          0.45047060	          0.38432599	          0.16057786	          0.46680416	          0.06549328	          0.25719770	          0.05667134	          0.09988216	          0.34297096	          0.05000066	          0.05000280	          0.60037739	          0.05147269	          0.05000022	          0.05000030	          0.05000054	          0.05000058	          0.05000057	          0.13474399	          0.05000242	          0.05000224	          0.05000280	          0.05000029	          0.05000019	          0.12815592	          0.18875919	          0.15412585	          0.17911227	          0.05000259	          0.05000130	          0.05000030	          0.23522132	          0.23751844	          0.09970064	          0.05000074	          0.05000030	          0.05000022	          0.08648320	          0.09095560	          0.07432796	          0.12383132	          0.05000378	          0.05000204	          0.05000221	          0.05000244	          0.05000170	          0.05000015	          0.05000030	          0.05000005	          0.05000020	          0.05000106	          0.05000092	          0.33267104	          0.18745717	          0.06495212	          0.53460364	          0.35275321	          0.42294742	          0.08387443	          0.05000142	          0.05000041	
          1.90937620	         -2.85319998	          2.08959899	         -4.48148955	          2.54915290	          0.93431102	         -0.00353899	          2.28064731	          7.61072843	          7.93293688	         19.82503531	         -0.82003973	          2.86182098	        -11.45217272	        -53.48455111	          3.00134545	          7.52445834	         -2.09229116	          3.33269339	          7.18887233	          1.25924749	          2.10580073	          1.57534246	         -3.23096949	         -2.71392565	          1.10998928	         -3.52303563	        -13.45734800	         11.70238659	         -0.69157878	        -13.44974757	         17.34282655	         14.48972645	         46.78315207	         86.51662706	         86.51662706	          0.34882711	          0.23795554	          0.21134255	          0.52511390	          0.51397759	          0.46883445	          0.06004393	          0.05001572	          0.05627011	          0.05000053	          0.05000173	          0.05000032	          0.05000066	          0.05000642	          0.05001391	          0.09115662	          0.21689672	          0.05000169	          0.05000129	          0.16654209	          0.10833026	          0.08737006	          0.05000022	          0.05000022	          0.05000110	          0.05000632	          0.25643536	          0.13536110	          0.08980600	          0.08912989	          0.07590535	          0.47546578	          0.41900853	          0.14984799	          0.46837569	          0.07340213	          0.26472360	          0.05000012	          0.10866791	          0.34764799	          0.05000066	          0.05000181	          0.61038624	          0.05000713	          0.05000029	          0.05000029	          0.05000051	          0.05000057	          0.05000058	          0.11440505	          0.05000281	          0.05000207	          0.05000210	          0.05000025	          0.05000016	          0.10881132	          0.19398583	          0.16311396	          0.18350260	          0.05000307	          0.05000141	          0.05000032	          0.22333466	          0.23407931	          0.08465138	          0.05000074	          0.05000032	          0.05000025	          0.09283556	          0.09709003	          0.09471262	          0.13794015	          0.05000357	          0.05000154	          0.05000583	          0.05000657	          0.05000226	          0.05000012	          0.05000028	          0.05000003	          0.05000021	          0.05000116	          0.05000100	          0.32912593	          0.19077515	          0.06659996	          0.53515468	          0.35463143	          0.41076928	          0.08111110	          0.05000064	          0.05000042	
          1.92004311	         -2.85435732	          1.95182862	         -4.27217403	          2.56177951	          0.93501996	         -0.00352214	          0.73684310	          7.40148854	          8.18183730	         21.22348192	         -0.74507189	          2.40886412	        -10.09077268	        -52.44046001	          2.55442782	          7.98869367	         -2.12190215	          2.73984086	          7.16500409	          1.68436223	          2.61912970	          0.40918042	         -3.32936862	         -2.60200625	          0.95999288	         -3.02278257	        -13.45315393	         11.69814238	         -0.67573207	        -13.44997624	         17.07356091	         14.84367849	         46.26952729	         86.51662706	         86.51662706	          0.32947640	          0.22694779	          0.19960899	          0.52388770	          0.50242915	          0.45094017	          0.05826099	          0.05000981	          0.05270135	          0.05000060	          0.05000195	          0.05000032	          0.05000065	          0.05000593	          0.05001223	          0.08101747	          0.25464218	          0.05000165	          0.05000134	          0.15782955	          0.10571105	          0.08096152	          0.05000024	          0.05000025	          0.05000108	          0.05000626	          0.24416416	          0.11494040	          0.08632812	          0.08608952	          0.07353938	          0.49912002	          0.45117051	          0.13917417	          0.46999916	          0.07555105	          0.26979187	          0.05000015	          0.12274055	          0.35001043	          0.05000066	          0.05000173	          0.62484986	          0.05000013	          0.05000034	          0.05000027	          0.05000055	          0.05000062	          0.05000063	          0.09713622	          0.05000275	          0.05000215	          0.05000155	          0.05000022	          0.05000014	          0.09238672	          0.19903638	          0.17125680	          0.18573760	          0.05000327	          0.05000147	          0.05000034	          0.21450568	          0.21540067	          0.07187378	          0.05000077	          0.05000034	          0.05000027	          0.10000881	          0.10486879	          0.11430314	          0.12968673	          0.05000351	          0.05000162	          0.05001271	          0.05001447	          0.05000179	          0.05000077	          0.05000045	          0.05058115	          0.05000024	          0.05000076	          0.05000090	          0.32157658	          0.19243990	          0.06445862	          0.54092472	          0.35770948	          0.40511129	          0.07971650	          0.05000079	          0.05000075	
          1.93071002	         -2.85536341	          1.81792482	         -4.04568842	          2.57442186	          0.93552736	         -0.00349851	         -0.79924296	          7.19060825	          8.42179522	         22.49314839	         -0.66808773	          1.97784672	         -8.73767467	        -51.10766541	          2.06925848	          8.35056037	         -2.20629624	          2.20167068	          7.12030960	          2.08815309	          3.17182010	         -0.68038362	         -3.42630950	         -2.49590548	          0.80712373	         -2.50867520	        -13.45051926	         11.74157166	         -0.65473459	        -13.45017195	         16.79925495	         15.23216355	         45.66513452	         86.51662706	         86.51662706	          0.31626981	          0.21712216	          0.18864107	          0.50789714	          0.48726091	          0.43604759	          0.05988878	          0.05001036	          0.05200935	          0.05000066	          0.05000234	          0.05000035	          0.05000072	          0.05000604	          0.05001259	          0.07673089	          0.28913415	          0.05000178	          0.05000145	          0.14258824	          0.09883551	          0.07684272	          0.05000028	          0.05000027	          0.05000113	          0.05000648	          0.22930186	          0.09759159	          0.08362571	          0.08380486	          0.07181678	          0.52123303	          0.48080952	          0.12894494	          0.47134145	          0.07998234	          0.27446886	          0.05000015	          0.13762339	          0.34999147	          0.05000065	          0.05000115	          0.63376502	          0.05000066	          0.05000042	          0.05000028	          0.05000050	          0.05000058	          0.05000066	          0.08247408	          0.05000218	          0.05000207	          0.05000131	          0.05000026	          0.05000015	          0.07844135	          0.22679961	          0.18021439	          0.20008445	          0.05000360	          0.05000147	          0.05000036	          0.20560547	          0.22328125	          0.06102499	          0.05000076	          0.05000035	          0.05000029	          0.10926904	          0.11301042	          0.15437333	          0.11553432	          0.05000315	          0.05000082	          0.05000104	          0.05000108	          0.05000055	          0.05000025	          0.05888980	          0.05000003	          0.05000031	          0.05000045	          0.05000062	          0.31714546	          0.19270254	          0.06279479	          0.54961253	          0.36062625	          0.40287165	          0.07777130	          0.05000059	          0.05000066	
          1.94137692	         -2.85624700	          1.68830437	         -3.80273254	          2.58709516	          0.93582404	         -0.00346592	         -2.32304353	          6.97866849	          8.65480517	         23.62975284	         -0.58832129	          1.56654572	         -7.40462133	        -49.49340837	          1.54701644	          8.61919316	         -2.34062631	          1.72118352	          7.06116300	          2.44963138	          3.76908669	         -1.64191394	         -3.52028195	         -2.39631169	          0.65189928	         -1.98229798	        -13.44970832	         11.84126371	         -0.63102970	        -13.45022780	         16.51984557	         15.64944829	         44.97452548	         86.51662706	         86.51662706	          0.30761190	          0.21489045	          0.18480377	          0.53502638	          0.49622454	          0.43095197	          0.06035998	          0.05001522	          0.05065901	          0.05000080	          0.05000264	          0.05000034	          0.05000069	          0.05000539	          0.05001152	          0.06544832	          0.32337693	          0.05000172	          0.05000148	          0.12797584	          0.09446969	          0.06560032	          0.05000030	          0.05000029	          0.05000097	          0.05000576	          0.21880447	          0.08286110	          0.07569013	          0.07623460	          0.06493239	          0.54140275	          0.50803154	          0.11903003	          0.47240932	          0.07937405	          0.27625878	          0.05000015	          0.16414057	          0.34861842	          0.05000070	          0.05000115	          0.63550893	          0.05000026	          0.05000038	          0.05000028	          0.05000054	          0.05000067	          0.05000069	          0.07002522	          0.05000281	          0.05000211	          0.05000074	          0.05000021	          0.05000013	          0.06660100	          0.22047283	          0.18710200	          0.18333080	          0.05000379	          0.05000164	          0.05000040	          0.19494406	          0.19663717	          0.05181390	          0.05000081	          0.05000039	          0.05000033	          0.11961392	          0.12292390	          0.15191416	          0.14364118	          0.05000440	          0.05000072	          0.05000160	          0.05000143	          0.05000051	          0.05000050	          0.05000101	          0.05271799	          0.05000027	          0.05000108	          0.05000106	          0.30781559	          0.18334524	          0.07160791	          0.50887273	          0.37114151	          0.39803165	          0.07688308	          0.05000140	          0.05000716	
          1.95204383	         -2.85705830	          1.56362204	         -3.54413666	          2.59981440	          0.93590321	         -0.00342351	         -3.83055619	          6.76543557	          8.88443869	         24.63124984	         -0.50646929	          1.17768897	         -6.10238751	        -47.60403034	          0.99531276	          8.77209251	         -2.51509712	          1.29976955	          6.98931708	          2.74239756	          4.40857814	         -2.40215517	         -3.60979707	         -2.30388797	          0.49496459	         -1.44524113	        -13.45009915	         11.99734933	         -0.60721116	        -13.45003097	         16.23467610	         16.08931805	         44.20263520	         86.51662706	         86.51662706	          0.29995144	          0.21089932	          0.17877097	          0.55962686	          0.50881870	          0.42307758	          0.05662092	          0.05000950	          0.05000520	          0.05000096	          0.05000312	          0.05000033	          0.05000065	          0.05000473	          0.05001047	          0.05558883	          0.35641692	          0.05000164	          0.05000148	          0.10867928	          0.08024536	          0.05794507	          0.05000033	          0.05000033	          0.05000093	          0.05000561	          0.19861016	          0.07035398	          0.06443339	          0.06492665	          0.05888481	          0.55955741	          0.53328510	          0.10998075	          0.47424820	          0.08043671	          0.27915647	          0.05000015	          0.18042345	          0.34420736	          0.05000077	          0.05000117	          0.62661424	          0.05000021	          0.05000032	          0.05000027	          0.05000059	          0.05000076	          0.05000083	          0.05945556	          0.05000277	          0.05000236	          0.05000046	          0.05000023	          0.05000013	          0.05654797	          0.23793614	          0.19132891	          0.16365757	          0.05000405	          0.05000176	          0.05000044	          0.18868197	          0.17185283	          0.05000137	          0.05000092	          0.05000045	          0.05000038	          0.13321416	          0.13470271	          0.15338460	          0.14420553	          0.05000420	          0.05000060	          0.05000090	          0.05000083	          0.05000035	          0.05000094	          0.05000227	          0.05439909	          0.05000041	          0.05000092	          0.05000108	          0.30649904	          0.17802035	          0.07655826	          0.48508692	          0.37831136	          0.39265602	          0.07542952	          0.05241125	          0.05430793	
          1.96271073	         -2.85789515	          1.44460947	         -3.27109702	          2.61259210	          0.93575668	         -0.00337247	         -5.31967205	          6.55067940	          9.11392504	         25.50136738	         -0.42368434	          0.81359766	         -4.83798860	        -45.46202688	          0.42407189	          8.84028659	         -2.71912650	          0.92796749	          6.90638442	          2.91073841	          5.08302435	         -2.96662610	         -3.69410526	         -2.21867124	          0.33709921	         -0.89970715	        -13.45094448	         12.20605919	         -0.58584123	        -13.44981365	         15.94195265	         16.54803982	         43.35605924	         86.51662706	         86.51662706	          0.29122334	          0.19868975	          0.16378560	          0.56621296	          0.50980677	          0.41215962	          0.05458231	          0.05000766	          0.05000365	          0.05000104	          0.05000402	          0.05000038	          0.05000071	          0.05000458	          0.05000998	          0.05000892	          0.38699391	          0.05000190	          0.05000169	          0.09227928	          0.06813603	          0.05001216	          0.05000044	          0.05000043	          0.05000097	          0.05000585	          0.18507586	          0.05973465	          0.05471495	          0.05513365	          0.05002135	          0.57541027	          0.55497889	          0.10276451	          0.47639920	          0.08454160	          0.28257523	          0.05000014	          0.18756947	          0.33758752	          0.05000083	          0.05000092	          0.61725610	          0.05000026	          0.05000036	          0.05000030	          0.05000060	          0.05000075	          0.05000085	          0.05048166	          0.05000257	          0.05000240	          0.05000033	          0.05000025	          0.05000014	          0.05000053	          0.26064044	          0.19821938	          0.16175843	          0.05000450	          0.05000185	          0.05000048	          0.18162815	          0.17359122	          0.05000217	          0.05000093	          0.05000047	          0.05000041	          0.14841336	          0.14607623	          0.17768457	          0.13626235	          0.05000479	          0.05000048	          0.05000061	          0.05000057	          0.05000026	          0.05000090	          0.05000217	          0.05226371	          0.05000060	          0.05000073	          0.05000101	          0.30510980	          0.17700662	          0.08594002	          0.42050591	          0.38523968	          0.36144314	          0.07436987	          0.05788849	          0.05644877	
          1.97337764	         -2.85883913	          1.33125985	         -2.98546111	          2.62544264	          0.93537596	         -0.00331308	         -6.79153338	          6.33331527	          9.34488375	         26.24903634	         -0.33865038	          0.47358877	         -3.61249290	        -43.10424864	         -0.16009467	          8.85498310	         -2.94364314	          0.60021658	          6.81613266	          2.98052788	          5.78794607	         -3.34468443	         -3.77233988	         -2.13938035	          0.17873033	         -0.34967781	        -13.45186031	         12.46262522	         -0.56941797	        -13.44972026	         15.63932346	         17.02429429	         42.44203923	         86.51662706	         86.51662706	          0.28189384	          0.18696177	          0.15279550	          0.60021056	          0.51819609	          0.40669857	          0.05288182	          0.05000815	          0.05000210	          0.05913989	          0.06145906	          0.05000046	          0.05000071	          0.05000398	          0.05000838	          0.05000328	          0.41566260	          0.05000236	          0.05000230	          0.07835356	          0.05785400	          0.05000441	          0.05000135	          0.05000129	          0.05000094	          0.05000595	          0.15720405	          0.05071840	          0.05000319	          0.05000315	          0.05000290	          0.58967358	          0.57536544	          0.09694496	          0.47816538	          0.08855227	          0.28516032	          0.05000018	          0.19590946	          0.33053757	          0.05000080	          0.05000132	          0.60333497	          0.05000023	          0.05000031	          0.05000029	          0.05000058	          0.05000077	          0.05000088	          0.05000222	          0.05000268	          0.05000234	          0.05000020	          0.05000020	          0.05000012	          0.05000041	          0.25039820	          0.20728369	          0.14219355	          0.05000394	          0.05000178	          0.05000048	          0.17153356	          0.16410732	          0.05000135	          0.05000094	          0.05000047	          0.05000041	          0.16430987	          0.15687995	          0.18972108	          0.14988992	          0.05000480	          0.05000054	          0.05000069	          0.05000062	          0.05000026	          0.05000056	          0.05000108	          0.05016970	          0.05000109	          0.05000780	          0.05000458	          0.30450351	          0.16763861	          0.10083020	          0.35703650	          0.39703671	          0.33484212	          0.07646848	          0.06450462	          0.05735403	
          1.98404455	         -2.85986822	          1.22351366	         -2.68929496	          2.63838487	          0.93475552	         -0.00324666	         -8.24869130	          6.11175737	          9.57824288	         26.88642766	         -0.24972435	          0.15917637	         -2.42531907	        -40.57474161	         -0.74952823	          8.81696939	         -3.17903786	          0.31186243	          6.71772048	          3.00940778	          6.52199479	         -3.55117940	         -3.84284441	         -2.06412962	          0.02021558	          0.19956027	        -13.45244496	         12.76197692	         -0.56105098	        -13.44985167	         15.32353114	         17.51777827	         41.46789947	         86.51662706	         86.51662706	          0.27788314	          0.17859205	          0.13849563	          0.61050076	          0.51998498	          0.39570449	          0.05001604	          0.05000455	          0.05000180	          0.12608060	          0.08335753	          0.05000049	          0.05000076	          0.05000385	          0.05000851	          0.05000367	          0.44296625	          0.05000249	          0.05000224	          0.06653160	          0.05001163	          0.05000556	          0.05000124	          0.05000120	          0.05000093	          0.05000551	          0.13347757	          0.05000152	          0.05000557	          0.05000555	          0.05000449	          0.60156977	          0.59106195	          0.09370839	          0.47988045	          0.09645443	          0.28829399	          0.05000016	          0.20716795	          0.32300514	          0.05000096	          0.05000109	          0.60396413	          0.05000026	          0.05000032	          0.05000028	          0.05000064	          0.05000087	          0.05000102	          0.05000286	          0.05000271	          0.05000258	          0.05000017	          0.05000024	          0.05000013	          0.05000049	          0.24649319	          0.20996545	          0.14752356	          0.05000492	          0.05000207	          0.05000059	          0.16054994	          0.14945342	          0.05000165	          0.05000107	          0.05000056	          0.05000050	          0.17520208	          0.16354471	          0.20921642	          0.14268905	          0.05000559	          0.05000042	          0.05000057	          0.05000051	          0.05000023	          0.05000018	          0.05000037	          0.05000010	          0.05000077	          0.05000929	          0.05000427	          0.31321942	          0.17020365	          0.10844863	          0.30584760	          0.40945547	          0.31895922	          0.07737414	          0.06828163	          0.06013512	
          1.99471145	         -2.86093262	          1.12108469	         -2.38408760	          2.65143352	          0.93389385	         -0.00317423	         -9.68435094	          5.88545507	          9.81483038	         27.42739641	         -0.15481376	         -0.12847325	         -1.29347113	        -37.92221187	         -1.33340781	          8.74817839	         -3.41321816	          0.05457165	          6.61348849	          3.01797614	          7.29015498	         -3.64261655	         -3.90457747	         -1.99118140	         -0.13810372	          0.74321874	        -13.45266841	         13.09814020	         -0.56369524	        -13.45008249	         14.99040011	         18.02940976	         40.44146710	         86.51662706	         86.51662706	          0.27397261	          0.16996390	          0.12256840	          0.62245480	          0.52005617	          0.38082297	          0.05000699	          0.05000337	          0.05000109	          0.19423967	          0.15559590	          0.05000054	          0.05000073	          0.05000345	          0.05000795	          0.05000283	          0.46877284	          0.05000273	          0.05000263	          0.05649831	          0.05001107	          0.05000518	          0.05038713	          0.05023878	          0.05000098	          0.05000579	          0.11333093	          0.05000271	          0.05000399	          0.05000397	          0.05000341	          0.61218850	          0.60658625	          0.09241555	          0.48152472	          0.10882107	          0.29238679	          0.05000019	          0.21331691	          0.31455557	          0.05000099	          0.05000120	          0.61275292	          0.05000019	          0.05000028	          0.05000027	          0.05000058	          0.05000084	          0.05000104	          0.05000244	          0.05000244	          0.05000242	          0.05000014	          0.05000025	          0.05000013	          0.05000046	          0.23258522	          0.21242624	          0.15751829	          0.05000751	          0.05000239	          0.05000058	          0.14961529	          0.14025686	          0.05000172	          0.05000111	          0.05000059	          0.05000055	          0.18423582	          0.16871172	          0.22782610	          0.14050785	          0.05000543	          0.05000045	          0.05000053	          0.05000047	          0.05000021	          0.05000011	          0.05000023	          0.05000006	          0.05000068	          0.05110696	          0.05000701	          0.31950073	          0.17015859	          0.11460182	          0.26812613	          0.42081453	          0.31039809	          0.07811231	          0.07255874	          0.06136807	
          2.00537836	         -2.86200215	          1.02302360	         -2.07139000	          2.66460445	          0.93279542	         -0.00309567	        -11.09023034	          5.65352874	         10.05491876	         27.88455190	         -0.05140116	         -0.38956944	         -0.23596936	        -35.19167415	         -1.89843565	          8.66993024	         -3.63593135	         -0.17565814	          6.50127135	          3.02143491	          8.09210156	         -3.65728031	         -3.95650021	         -1.91835367	         -0.29581238	          1.27546763	        -13.45252209	         13.46237834	         -0.58042106	        -13.45008961	         14.63533550	         18.56204932	         39.37041984	         86.51662706	         86.51662706	          0.27760963	          0.17003536	          0.11078881	          0.63130097	          0.51972519	          0.37446428	          0.05000586	          0.05000277	          0.05000136	          0.25161813	          0.14713256	          0.05000055	          0.05000078	          0.05000325	          0.05000790	          0.05000330	          0.49233107	          0.05000295	          0.05000237	          0.05002245	          0.05000846	          0.05000513	          0.05250297	          0.09092798	          0.05000080	          0.05000459	          0.09622503	          0.05000242	          0.05000542	          0.05000543	          0.05000448	          0.62035402	          0.61792526	          0.09338539	          0.48307167	          0.12637668	          0.29717960	          0.05000015	          0.21906463	          0.30621062	          0.05000119	          0.05000103	          0.62523597	          0.05000029	          0.05000029	          0.05000028	          0.05000069	          0.05000099	          0.05000118	          0.05000297	          0.05000285	          0.05000268	          0.05000014	          0.05000026	          0.05000015	          0.05000043	          0.19747939	          0.21176460	          0.16712722	          0.05000801	          0.05000297	          0.05000081	          0.12989294	          0.12601378	          0.05000163	          0.05000127	          0.05000069	          0.05000069	          0.18531036	          0.16784990	          0.23674151	          0.12951555	          0.05000548	          0.05000037	          0.05000054	          0.05000048	          0.05000021	          0.05000017	          0.05000033	          0.05000011	          0.05000099	          0.05000638	          0.05000509	          0.32358593	          0.16668020	          0.11782498	          0.24676206	          0.43017959	          0.30696448	          0.07721922	          0.07607570	          0.06944351	
          2.01604527	         -2.86325434	          0.92847361	         -1.75235583	          2.67790985	          0.93147218	         -0.00301242	        -12.45504000	          5.41570647	         10.29826067	         28.26727490	          0.06247850	         -0.62274511	          0.72422481	        -32.41829285	         -2.43247937	          8.59672851	         -3.83396450	         -0.38507960	          6.38331995	          3.01949073	          8.92311783	         -3.61830378	         -3.99864339	         -1.84348550	         -0.45226625	          1.79060803	        -13.45181832	         13.84428372	         -0.61436114	        -13.44975981	         14.25264265	         19.12062352	         38.26366559	         86.51662706	         86.51662706	          0.28206417	          0.17480187	          0.10008750	          0.63521533	          0.52041056	          0.35577579	          0.05004661	          0.05000671	          0.05000155	          0.25020469	          0.14559251	          0.05000051	          0.05000072	          0.05000287	          0.05000758	          0.05000346	          0.51493371	          0.05000261	          0.05000267	          0.05003786	          0.05001211	          0.05000637	          0.07075711	          0.15042626	          0.05000088	          0.05000511	          0.08170098	          0.05000113	          0.05000422	          0.05000421	          0.05000359	          0.62727549	          0.62973161	          0.09589724	          0.48452288	          0.14909055	          0.30380965	          0.05000023	          0.21484587	          0.29715850	          0.05000114	          0.05000172	          0.63234048	          0.05000018	          0.05000033	          0.05000030	          0.05000074	          0.05000111	          0.05000137	          0.05000293	          0.05000287	          0.05000284	          0.05000014	          0.05000032	          0.05000017	          0.05000047	          0.16767173	          0.20504656	          0.18474458	          0.05370298	          0.05000508	          0.05000099	          0.11029689	          0.11073836	          0.05000202	          0.05000155	          0.05000089	          0.05000097	          0.18109934	          0.16354099	          0.24145930	          0.11249648	          0.05000562	          0.05000035	          0.05000052	          0.05000045	          0.05000021	          0.05000052	          0.05000105	          0.05000072	          0.05000162	          0.05000373	          0.05000464	          0.32731104	          0.16404239	          0.12166678	          0.23541074	          0.43912817	          0.30887342	          0.07171092	          0.08178182	          0.08177853	
          2.02671217	         -2.86510540	          0.83622430	         -1.42816824	          2.69135994	          0.92994256	         -0.00292572	        -13.77009821	          5.17104494	         10.54373196	         28.58194034	          0.18889161	         -0.82669012	          1.57014891	        -29.62896549	         -2.92274431	          8.53438537	         -3.99453575	         -0.57881996	          6.25706438	          3.01632371	          9.77518301	         -3.53675887	         -4.03209160	         -1.76406962	         -0.60692216	          2.28189647	        -13.45067168	         14.23241348	         -0.66838712	        -13.45025897	         13.84068603	         19.71352032	         37.13229397	         86.51662706	         86.51662706	          0.29026596	          0.17309187	          0.08498220	          0.64176796	          0.51927435	          0.34716104	          0.05001006	          0.05000372	          0.05000149	          0.28802003	          0.14208435	          0.05000055	          0.05000078	          0.05000272	          0.05000755	          0.05000376	          0.53574721	          0.05000290	          0.05000239	          0.05002236	          0.05000889	          0.05000602	          0.06996937	          0.21917731	          0.05000073	          0.05000402	          0.06936928	          0.05000127	          0.05000562	          0.05000562	          0.05000463	          0.63085742	          0.63593587	          0.10208998	          0.48599828	          0.17694887	          0.31235112	          0.05000018	          0.20803660	          0.28825354	          0.05000161	          0.05000138	          0.64323665	          0.05000025	          0.05000031	          0.05000030	          0.05000080	          0.05000115	          0.05000137	          0.05000313	          0.05000299	          0.05000288	          0.05000017	          0.05000039	          0.05000021	          0.05000063	          0.14236321	          0.20266311	          0.18972615	          0.07855071	          0.05000564	          0.05000117	          0.09364990	          0.10097825	          0.05000267	          0.05000158	          0.05000093	          0.05000112	          0.17239462	          0.15612842	          0.23848621	          0.09557456	          0.05000563	          0.05000031	          0.05000046	          0.05000041	          0.05000020	          0.05000087	          0.05000169	          0.05062713	          0.05000153	          0.05000224	          0.05000301	          0.33269031	          0.16202796	          0.12581515	          0.22976874	          0.44936122	          0.31715505	          0.06942047	          0.08510377	          0.09195067	
          2.03737908	         -2.86784422	          0.74483544	         -1.09998293	          2.70496718	          0.92822947	         -0.00283716	        -15.02473388	          4.91862397	         10.79088402	         28.83244160	          0.32980956	         -1.00053412	          2.27995471	        -26.84685388	         -3.35831230	          8.48297215	         -4.09897665	         -0.75987993	          6.12752400	          3.01729602	         10.64368144	         -3.41878925	         -4.05760540	         -1.67730378	         -0.75898030	          2.74173268	        -13.44972754	         14.61915800	         -0.74553206	        -13.45495036	         13.40640311	         20.35094575	         35.98903034	         86.51662706	         86.51662706	          0.29800944	          0.17744517	          0.07215681	          0.65191479	          0.51911162	          0.32114163	          0.05216090	          0.05000628	          0.05000178	          0.26867204	          0.14316872	          0.05000050	          0.05000071	          0.05000235	          0.05000700	          0.05000388	          0.55494084	          0.05000260	          0.05000245	          0.05002664	          0.05001057	          0.05000649	          0.08855863	          0.30220017	          0.05000072	          0.05000408	          0.05889907	          0.05000190	          0.05000467	          0.05000466	          0.05000397	          0.63293740	          0.64190057	          0.11053786	          0.48679155	          0.20810422	          0.32400931	          0.05000023	          0.18613655	          0.27957128	          0.05000147	          0.05000196	          0.64660445	          0.05000019	          0.05000032	          0.05000031	          0.05000093	          0.05000136	          0.05000168	          0.05000326	          0.05000321	          0.05000314	          0.05000023	          0.05000058	          0.05000029	          0.05000083	          0.12087467	          0.19277367	          0.19612468	          0.12529027	          0.05002985	          0.05000405	          0.07951493	          0.08577430	          0.05000405	          0.05000204	          0.05000125	          0.05000149	          0.15933112	          0.14656001	          0.22886531	          0.08116318	          0.05000447	          0.05000028	          0.05000044	          0.05000039	          0.05000020	          0.05000146	          0.05000353	          0.05124882	          0.05000174	          0.05000254	          0.05000298	          0.33805690	          0.15818158	          0.13037691	          0.22852340	          0.45965897	          0.32941569	          0.06343105	          0.09037997	          0.10671635	
          2.04804598	         -2.87189241	          0.65233320	         -0.76885737	          2.71874292	          0.92636105	         -0.00274712	        -16.20979937	          4.65621474	         11.03790500	         29.02132597	          0.48768976	         -1.14375302	          2.83731051	        -24.09786800	         -3.72867451	          8.43806641	         -4.12864772	         -0.93030853	          5.98892397	          3.02041539	         11.52430128	         -3.27113358	         -4.07657750	         -1.57999635	         -0.90789185	          3.16199629	        -13.45118582	         15.00473675	         -0.84867489	        -13.46810339	         12.96243574	         21.04570628	         34.84810965	         86.51662706	         86.51662706	          0.30841259	          0.17826342	          0.06126636	          0.65184065	          0.51437988	          0.30188642	          0.07259729	          0.05193443	          0.05000234	          0.22811934	          0.13037232	          0.05000047	          0.05000070	          0.05000211	          0.05000674	          0.05000428	          0.57305507	          0.05000249	          0.05000242	          0.05002426	          0.05001056	          0.05000676	          0.12864625	          0.39105457	          0.05000066	          0.05000371	          0.05000970	          0.06214658	          0.05000433	          0.05000430	          0.05000372	          0.63201267	          0.64362345	          0.12196941	          0.48660807	          0.24249304	          0.33816918	          0.05000027	          0.15804111	          0.27166050	          0.05000138	          0.05000437	          0.64601080	          0.05000016	          0.05000040	          0.05000033	          0.05000121	          0.05000185	          0.05000220	          0.05000432	          0.05000402	          0.05000374	          0.05000030	          0.05000070	          0.05000043	          0.05000070	          0.10262967	          0.17549363	          0.19459740	          0.16108880	          0.08793064	          0.07011825	          0.06751333	          0.07287088	          0.05000501	          0.05000311	          0.05000220	          0.05003124	          0.14302533	          0.13555293	          0.21910149	          0.06893066	          0.05000481	          0.05000026	          0.05000048	          0.05000042	          0.05000023	          0.05040876	          0.05157951	          0.05000167	          0.05000135	          0.05001139	          0.05000557	          0.34378376	          0.15299187	          0.13585883	          0.23388209	          0.47024969	          0.34546914	          0.05639796	          0.09559743	          0.12215790	
          2.05871289	         -2.87766749	          0.55654411	         -0.43560563	          2.73270065	          0.92437221	         -0.00265545	        -17.31742697	          4.38135667	         11.28174761	         29.14781679	          0.66547786	         -1.25564868	          3.22879866	        -21.41595043	         -4.02999629	          8.40675606	         -4.06265703	         -1.09257608	          5.84051242	          3.02644506	         12.41501265	         -3.11205368	         -4.09040046	         -1.46884434	         -1.05337335	          3.53400493	        -13.45904785	         15.39964830	         -0.98093426	        -13.49301713	         12.52143634	         21.81249056	         33.72270322	         86.51662706	         86.51662706	          0.32002393	          0.17229136	          0.05201960	          0.64051079	          0.50048191	          0.25680721	          0.06934081	          0.05758439	          0.05000558	          0.19368611	          0.15686012	          0.05000054	          0.05000078	          0.05000203	          0.05000656	          0.05000412	          0.58900710	          0.05000306	          0.05000276	          0.05001568	          0.05000772	          0.05000587	          0.16894728	          0.47937913	          0.05000061	          0.05000329	          0.05000339	          0.08099546	          0.05000374	          0.05000371	          0.05000330	          0.62793896	          0.64166598	          0.13726745	          0.48440529	          0.27842647	          0.35386146	          0.05000031	          0.13418644	          0.24720344	          0.05000126	          0.05000511	          0.63567963	          0.05000015	          0.05000069	          0.05000040	          0.05000130	          0.05000177	          0.05000209	          0.05000420	          0.05000393	          0.05000392	          0.05000533	          0.05002298	          0.05000408	          0.05889955	          0.08713875	          0.16438572	          0.18407560	          0.17477745	          0.12273012	          0.09885630	          0.05732345	          0.07393832	          0.06937261	          0.05000288	          0.05000210	          0.08642590	          0.12486039	          0.11976145	          0.19224249	          0.05969620	          0.05000690	          0.05000021	          0.05000037	          0.05000033	          0.05000021	          0.05000007	          0.05000014	          0.05000003	          0.05000055	          0.06104008	          0.05000522	          0.35159455	          0.15061357	          0.14145965	          0.24536992	          0.48107615	          0.37046400	          0.05210713	          0.09924800	          0.13052488	
          2.06937980	         -2.88522026	          0.45517870	         -0.10081814	          2.74686396	          0.92230393	         -0.00256125	        -18.33937803	          4.09205526	         11.51848842	         29.20783285	          0.86663750	         -1.33539568	          3.43920805	        -18.84788398	         -4.26232632	          8.42075530	         -3.88081465	         -1.24916260	          5.68178482	          3.02554334	         13.31458016	         -2.97281809	         -4.09829233	         -1.34064696	         -1.19525165	          3.84811246	        -13.47828810	         15.82195258	         -1.14582118	        -13.53002546	         12.09092320	         22.66463090	         32.61989037	         86.51662706	         86.51662706	          0.32805138	          0.16056057	          0.05000398	          0.62248350	          0.48175282	          0.21804679	          0.05887694	          0.05000452	          0.05000145	          0.16445013	          0.17123524	          0.05000061	          0.05000080	          0.05000197	          0.05000639	          0.05000386	          0.60456407	          0.05000344	          0.05000287	          0.05001680	          0.05000807	          0.05000592	          0.26606181	          0.58092005	          0.05000069	          0.05000368	          0.05000277	          0.10709770	          0.05000405	          0.05000401	          0.05000353	          0.62074337	          0.63647027	          0.15673079	          0.47847100	          0.30852113	          0.36685247	          0.05000036	          0.12091154	          0.20989004	          0.05000132	          0.05000419	          0.61513676	          0.05000018	          0.05000037	          0.05000030	          0.05000125	          0.05000176	          0.05000198	          0.05000464	          0.05000406	          0.05000380	          0.09665160	          0.05000186	          0.11774966	          0.05000982	          0.07398600	          0.15867166	          0.18215959	          0.17519249	          0.13961102	          0.11634434	          0.05000421	          0.06284036	          0.05890394	          0.05000278	          0.05000195	          0.10904323	          0.11109376	          0.11039276	          0.16322935	          0.05498978	          0.05000795	          0.05000028	          0.05000055	          0.05000049	          0.05000031	          0.05000009	          0.05000017	          0.05000005	          0.05000065	          0.05543399	          0.05000500	          0.34821193	          0.14682790	          0.14246624	          0.24145003	          0.48323435	          0.36888319	          0.05836602	          0.09654703	          0.12818951	
          2.08004670	         -2.89380011	          0.34533790	          0.23539080	          2.76126115	          0.92020082	         -0.00246339	        -19.25523166	          3.78740322	         11.74941426	         29.21010279	          1.09582582	         -1.38239516	          3.42709976	        -16.49281630	         -4.41168992	          8.50477656	         -3.55962329	         -1.40103734	          5.51152373	          3.01420123	         14.21467147	         -2.86071007	         -4.09692365	         -1.19168157	         -1.33265264	          4.09676603	        -13.51344693	         16.29638584	         -1.34577027	        -13.57484833	         11.66646942	         23.60837134	         31.53585564	         86.51662706	         86.51662706	          0.33860227	          0.14369917	          0.05000205	          0.61295984	          0.45301578	          0.18513491	          0.05000320	          0.05000129	          0.05000075	          0.13962714	          0.14541988	          0.05000052	          0.05000072	          0.05000171	          0.05000592	          0.05000454	          0.61804765	          0.05000270	          0.05000179	          0.05001668	          0.05000856	          0.05000613	          0.37749960	          0.67962363	          0.05000055	          0.05000303	          0.05000168	          0.13372758	          0.05000869	          0.05000884	          0.05000834	          0.60951863	          0.62652710	          0.17708203	          0.47118435	          0.34129869	          0.38149289	          0.05000014	          0.10383072	          0.17820804	          0.05000109	          0.05000780	          0.52420510	          0.05000018	          0.05000021	          0.05000022	          0.05000212	          0.05000284	          0.05000318	          0.05000475	          0.05000474	          0.05000463	          0.17237573	          0.05000109	          0.18114403	          0.05000059	          0.06281858	          0.14913650	          0.18189842	          0.18262037	          0.15305793	          0.12710481	          0.05002586	          0.05337699	          0.05001557	          0.05000716	          0.05001101	          0.11847979	          0.09432682	          0.10504997	          0.13859269	          0.05001589	          0.05000361	          0.05000054	          0.05000143	          0.05000127	          0.05000074	          0.05000016	          0.05000033	          0.05000011	          0.05000120	          0.05000241	          0.05000342	          0.33894864	          0.13699737	          0.14332009	          0.23692246	          0.48169177	          0.36253455	          0.06815001	          0.09650748	          0.12381535	
          2.09071361	         -2.90240695	          0.22449437	          0.57253988	          2.77591433	          0.91810880	         -0.00236120	        -20.03575029	          3.46859481	         11.97794809	         29.17582996	          1.35749459	         -1.39732806	          3.13460676	        -14.47697494	         -4.45676309	          8.65136488	         -3.07518082	         -1.55067509	          5.32437647	          2.99278610	         15.10295964	         -2.75795388	         -4.08268213	         -1.01833811	         -1.46436144	          4.27606858	        -13.56894742	         16.85625346	         -1.58000474	        -13.61643180	         11.21930931	         24.64232409	         30.45520772	         86.51662706	         86.51662706	          0.35653661	          0.13470446	          0.05000107	          0.60065151	          0.42861651	          0.15719062	          0.05000280	          0.05000097	          0.05000064	          0.11855107	          0.16578289	          0.05000050	          0.05000073	          0.05000157	          0.05000558	          0.05000488	          0.62928774	          0.05000269	          0.05000151	          0.05001328	          0.05000739	          0.05000571	          0.48626811	          0.76955512	          0.05000048	          0.05000261	          0.05000173	          0.16133293	          0.05417963	          0.05623218	          0.05004218	          0.59365602	          0.61281029	          0.19966788	          0.46311313	          0.40089752	          0.40867507	          0.05000012	          0.08815807	          0.15130824	          0.05000066	          0.05442061	          0.44507855	          0.05000018	          0.05000018	          0.05000019	          0.05000567	          0.05000403	          0.05000269	          0.05001369	          0.05000839	          0.05000531	          0.23861809	          0.05000115	          0.24383580	          0.05000063	          0.05333716	          0.14678839	          0.17997073	          0.17785665	          0.15362697	          0.13398847	          0.05003738	          0.05003822	          0.05000462	          0.05000758	          0.05001114	          0.11974325	          0.08009046	          0.10402106	          0.11767422	          0.05001042	          0.05000294	          0.05000107	          0.05001141	          0.05000696	          0.05000242	          0.05000035	          0.05000093	          0.05066605	          0.05000217	          0.05000188	          0.05000272	          0.32466372	          0.12520708	          0.14635595	          0.23480211	          0.47941673	          0.36005231	          0.07374209	          0.09748975	          0.12235198	
          2.10138051	         -2.91036551	          0.08962768	          0.91047882	          2.79083913	          0.91607384	         -0.00225314	        -20.65465267	          3.13632483	         12.20217024	         29.12493599	          1.65598486	         -1.38035963	          2.51382408	        -12.90661872	         -4.38506771	          8.80663216	         -2.41402599	         -1.69678121	          5.09121031	          2.96875091	         16.00802725	         -2.63256371	         -4.05299263	         -0.81664848	         -1.58958431	          4.38714983	        -13.64993096	         17.54919498	         -1.84524215	        -13.63378314	         10.67653247	         25.75542684	         29.35179146	         86.51662706	         86.51662706	          0.38389775	          0.13346079	          0.05000316	          0.59796477	          0.39422852	          0.13346415	          0.05000227	          0.05000077	          0.05000056	          0.10065635	          0.18423042	          0.05000047	          0.05000068	          0.05000137	          0.05000497	          0.05000430	          0.63900375	          0.05000254	          0.05000143	          0.05001865	          0.05000926	          0.05000596	          0.58406127	          0.84453276	          0.05000056	          0.05000322	          0.05000107	          0.19454874	          0.06935548	          0.06935604	          0.06934758	          0.57310299	          0.59623458	          0.22113078	          0.45196199	          0.46472009	          0.43126737	          0.05000010	          0.07485103	          0.12846884	          0.05000043	          0.05599939	          0.37789568	          0.05000016	          0.05000017	          0.05000018	          0.05000574	          0.05000261	          0.05000170	          0.05001478	          0.05000708	          0.05000436	          0.29335536	          0.05000118	          0.29400106	          0.05000060	          0.05000260	          0.15273629	          0.16963136	          0.16549401	          0.14566902	          0.14066474	          0.05001215	          0.06159449	          0.05001507	          0.05000378	          0.05000332	          0.11997951	          0.07513672	          0.10436600	          0.09991433	          0.05000869	          0.05000291	          0.05000163	          0.05381016	          0.05217987	          0.05001157	          0.05000237	          0.05000477	          0.05271486	          0.05000212	          0.05000233	          0.05000291	          0.31120167	          0.11343896	          0.14943005	          0.24229251	          0.47901384	          0.36939320	          0.07262629	          0.10175034	          0.12463333	
          2.11204742	         -2.91735342	         -0.06233081	          1.24984220	          2.80604884	          0.91413800	         -0.00213677	        -21.09748253	          2.78979504	         12.41687621	         29.07301858	          1.99436116	         -1.32940650	          1.54517392	        -11.86637035	         -4.21995629	          8.89819207	         -1.56963004	         -1.83418044	          4.79158509	          2.94863135	         16.97242775	         -2.45716099	         -4.00626057	         -0.58290849	         -1.70777641	          4.43696467	        -13.76296982	         18.44227601	         -2.13721145	        -13.59287596	          9.89612747	         26.92602775	         28.18984962	         86.51662706	         86.51662706	          0.41664690	          0.11331637	          0.05731947	          0.65964187	          0.33472349	          0.11331873	          0.05000222	          0.05000074	          0.05000065	          0.08546282	          0.19467919	          0.05000063	          0.05000082	          0.05000152	          0.05000546	          0.05000412	          0.64523233	          0.05000360	          0.05000154	          0.05002090	          0.05000944	          0.05000598	          0.65493818	          0.89777655	          0.05000073	          0.05000449	          0.05888755	          0.23261177	          0.05889016	          0.05889032	          0.05888909	          0.54654641	          0.56982948	          0.25158149	          0.43245433	          0.52661069	          0.45597823	          0.05000008	          0.06355262	          0.10907696	          0.05000041	          0.05000117	          0.32085378	          0.05000021	          0.05000024	          0.05000021	          0.05000407	          0.05000315	          0.05000306	          0.05000659	          0.05000700	          0.05000617	          0.32770468	          0.07768243	          0.32545699	          0.05589608	          0.05002597	          0.12979103	          0.14403002	          0.14053256	          0.12594223	          0.14934400	          0.05000699	          0.05414360	          0.10849257	          0.05000515	          0.05000399	          0.12413437	          0.06939114	          0.10413523	          0.09149739	          0.05001301	          0.05000389	          0.05000102	          0.05000269	          0.05000252	          0.05000206	          0.06611157	          0.05000529	          0.05003547	          0.05000472	          0.05000159	          0.05000226	          0.30304641	          0.10663233	          0.15931444	          0.23770552	          0.47896530	          0.37339445	          0.07257936	          0.09972561	          0.13201958	
          2.12271433	         -2.92309404	         -0.23383698	          1.58828905	          2.82155942	          0.91233558	         -0.00201146	        -21.36399234	          2.42865468	         12.61326059	         29.03839255	          2.37338669	         -1.24452709	          0.24205929	        -11.44858033	         -4.03789552	          8.84332547	         -0.54016732	         -1.96481500	          4.43798211	          2.93456091	         18.04169284	         -2.22224610	         -3.94130104	         -0.31587537	         -1.81908987	          4.40620627	        -13.83995070	         19.13993064	         -2.45308376	        -13.52065244	          9.05166700	         28.13068488	         26.96739731	         86.51662706	         86.51662706	          0.44664279	          0.09621192	          0.05816037	          0.69079934	          0.28419873	          0.09621394	          0.05000924	          0.05000118	          0.05000067	          0.07256372	          0.18511860	          0.05000109	          0.05000075	          0.05000122	          0.05000378	          0.05000175	          0.65070068	          0.05000948	          0.05001105	          0.05001154	          0.05000454	          0.05000309	          0.68691421	          0.91591552	          0.05000086	          0.05000441	          0.05000104	          0.28701580	          0.05000193	          0.05000201	          0.05000159	          0.52631405	          0.59885082	          0.29759067	          0.41250638	          0.54271713	          0.42902922	          0.06342849	          0.05395966	          0.09261221	          0.05000030	          0.05000055	          0.27242212	          0.05000013	          0.05000013	          0.05000015	          0.05000056	          0.05000245	          0.05000086	          0.05869589	          0.05001302	          0.05000342	          0.34110166	          0.08168931	          0.33513804	          0.08168786	          0.05001127	          0.11039627	          0.13507800	          0.14845971	          0.12746054	          0.16288439	          0.05000075	          0.05766478	          0.10093558	          0.05000149	          0.05000109	          0.14399186	          0.05891858	          0.09977904	          0.09259125	          0.05175723	          0.05000648	          0.05000045	          0.05000283	          0.05000245	          0.05000204	          0.06738343	          0.05961341	          0.05000051	          0.05000293	          0.05000194	          0.05000160	          0.29529002	          0.10227049	          0.15366625	          0.24134120	          0.48943852	          0.39132312	          0.06844640	          0.09931728	          0.13158291	
